point,type,granularity,"capacity (kW)","volume (kWh)","emission (kg CO2)","emissionfactor (kg CO2/kWh)","validfrom (UTC)","validto (UTC)","lastupdate (UTC)"
Nederland,Solar,Hour,0,0,0,0,"2024-12-28 23:00:00","2024-12-29 00:00:00","2026-04-20 12:52:37"
Nederland,Solar,Hour,0,0,0,0,"2024-12-29 00:00:00","2024-12-29 01:00:00","2026-04-20 12:52:37"
Nederland,Solar,Hour,0,0,0,0,"2024-12-29 01:00:00","2024-12-29 02:00:00","2026-04-20 12:52:37"
Nederland,Solar,Hour,0,0,0,0,"2024-12-29 02:00:00","2024-12-29 03:00:00","2026-04-20 12:52:37"
Nederland,Solar,Hour,0,0,0,0,"2024-12-29 03:00:00","2024-12-29 04:00:00","2026-04-20 12:52:37"
Nederland,Solar,Hour,0,0,0,0,"2024-12-29 04:00:00","2024-12-29 05:00:00","2026-04-20 12:52:37"
Nederland,Solar,Hour,0,0,0,0,"2024-12-29 05:00:00","2024-12-29 06:00:00","2026-04-20 12:52:37"
Nederland,Solar,Hour,0,0,0,0,"2024-12-29 06:00:00","2024-12-29 07:00:00","2026-04-20 12:52:37"
Nederland,Solar,Hour,0,0,0,0,"2024-12-29 07:00:00","2024-12-29 08:00:00","2026-04-20 12:52:37"
Nederland,Solar,Hour,33215,33219,0,0,"2024-12-29 08:00:00","2024-12-29 09:00:00","2026-04-20 12:52:37"
Nederland,Solar,Hour,359452,359452,0,0,"2024-12-29 09:00:00","2024-12-29 10:00:00","2026-04-20 12:52:37"
Nederland,Solar,Hour,707155,707155,0,0,"2024-12-29 10:00:00","2024-12-29 11:00:00","2026-04-20 12:52:37"
Nederland,Solar,Hour,820077,820079,0,0,"2024-12-29 11:00:00","2024-12-29 12:00:00","2026-04-20 12:52:37"
Nederland,Solar,Hour,776639,776641,0,0,"2024-12-29 12:00:00","2024-12-29 13:00:00","2026-04-20 12:52:37"
Nederland,Solar,Hour,597150,597151,0,0,"2024-12-29 13:00:00","2024-12-29 14:00:00","2026-04-20 12:52:37"
Nederland,Solar,Hour,300604,300605,0,0,"2024-12-29 14:00:00","2024-12-29 15:00:00","2026-04-20 12:52:37"
Nederland,Solar,Hour,21908,21909,0,0,"2024-12-29 15:00:00","2024-12-29 16:00:00","2026-04-20 12:52:37"
Nederland,Solar,Hour,0,0,0,0,"2024-12-29 16:00:00","2024-12-29 17:00:00","2026-04-20 12:52:37"
Nederland,Solar,Hour,0,0,0,0,"2024-12-29 17:00:00","2024-12-29 18:00:00","2026-04-20 12:52:37"
Nederland,Solar,Hour,0,0,0,0,"2024-12-29 18:00:00","2024-12-29 19:00:00","2026-04-20 12:52:37"
Nederland,Solar,Hour,0,0,0,0,"2024-12-29 19:00:00","2024-12-29 20:00:00","2026-04-20 12:52:37"
Nederland,Solar,Hour,0,0,0,0,"2024-12-29 20:00:00","2024-12-29 21:00:00","2026-04-20 12:52:37"
Nederland,Solar,Hour,0,0,0,0,"2024-12-29 21:00:00","2024-12-29 22:00:00","2026-04-20 12:52:37"
Nederland,Solar,Hour,0,0,0,0,"2024-12-29 22:00:00","2024-12-29 23:00:00","2026-04-20 12:52:37"
Nederland,Solar,Hour,0,0,0,0,"2024-12-29 23:00:00","2024-12-30 00:00:00","2026-04-20 12:52:37"
Nederland,Solar,Hour,0,0,0,0,"2024-12-30 00:00:00","2024-12-30 01:00:00","2026-04-20 12:52:37"
Nederland,Solar,Hour,0,0,0,0,"2024-12-30 01:00:00","2024-12-30 02:00:00","2026-04-20 12:52:37"
Nederland,Solar,Hour,0,0,0,0,"2024-12-30 02:00:00","2024-12-30 03:00:00","2026-04-20 12:52:37"
Nederland,Solar,Hour,0,0,0,0,"2024-12-30 03:00:00","2024-12-30 04:00:00","2026-04-20 12:52:37"
Nederland,Solar,Hour,0,0,0,0,"2024-12-30 04:00:00","2024-12-30 05:00:00","2026-04-20 12:52:37"
Nederland,Solar,Hour,0,0,0,0,"2024-12-30 05:00:00","2024-12-30 06:00:00","2026-04-20 12:52:37"
Nederland,Solar,Hour,0,0,0,0,"2024-12-30 06:00:00","2024-12-30 07:00:00","2026-04-20 12:52:37"
Nederland,Solar,Hour,0,0,0,0,"2024-12-30 07:00:00","2024-12-30 08:00:00","2026-04-20 12:52:37"
Nederland,Solar,Hour,55943,55945,0,0,"2024-12-30 08:00:00","2024-12-30 09:00:00","2026-04-20 12:52:37"
Nederland,Solar,Hour,442305,442308,0,0,"2024-12-30 09:00:00","2024-12-30 10:00:00","2026-04-20 12:52:37"
Nederland,Solar,Hour,829197,829199,0,0,"2024-12-30 10:00:00","2024-12-30 11:00:00","2026-04-20 12:52:37"
Nederland,Solar,Hour,893703,893703,0,0,"2024-12-30 11:00:00","2024-12-30 12:00:00","2026-04-20 12:52:37"
Nederland,Solar,Hour,895710,895709,0,0,"2024-12-30 12:00:00","2024-12-30 13:00:00","2026-04-20 12:52:37"
Nederland,Solar,Hour,877465,877462,0,0,"2024-12-30 13:00:00","2024-12-30 14:00:00","2026-04-20 12:52:37"
Nederland,Solar,Hour,622998,623001,0,0,"2024-12-30 14:00:00","2024-12-30 15:00:00","2026-04-20 12:52:37"
Nederland,Solar,Hour,89115,89112,0,0,"2024-12-30 15:00:00","2024-12-30 16:00:00","2026-04-20 12:52:37"
Nederland,Solar,Hour,0,0,0,0,"2024-12-30 16:00:00","2024-12-30 17:00:00","2026-04-20 12:52:37"
Nederland,Solar,Hour,0,0,0,0,"2024-12-30 17:00:00","2024-12-30 18:00:00","2026-04-20 12:52:37"
Nederland,Solar,Hour,0,0,0,0,"2024-12-30 18:00:00","2024-12-30 19:00:00","2026-04-20 12:52:37"
Nederland,Solar,Hour,0,0,0,0,"2024-12-30 19:00:00","2024-12-30 20:00:00","2026-04-20 12:52:37"
Nederland,Solar,Hour,0,0,0,0,"2024-12-30 20:00:00","2024-12-30 21:00:00","2026-04-20 12:52:37"
Nederland,Solar,Hour,0,0,0,0,"2024-12-30 21:00:00","2024-12-30 22:00:00","2026-04-20 12:52:37"
Nederland,Solar,Hour,0,0,0,0,"2024-12-30 22:00:00","2024-12-30 23:00:00","2026-04-20 12:52:37"
Nederland,Solar,Hour,0,0,0,0,"2024-12-30 23:00:00","2024-12-31 00:00:00","2026-04-20 12:52:37"
Nederland,Solar,Hour,0,0,0,0,"2024-12-31 00:00:00","2024-12-31 01:00:00","2026-09-03 21:11:07"
Nederland,Solar,Hour,0,0,0,0,"2024-12-31 01:00:00","2024-12-31 02:00:00","2026-09-03 21:11:07"
Nederland,Solar,Hour,0,0,0,0,"2024-12-31 02:00:00","2024-12-31 03:00:00","2026-09-03 21:11:07"
Nederland,Solar,Hour,0,0,0,0,"2024-12-31 03:00:00","2024-12-31 04:00:00","2026-09-03 21:11:07"
Nederland,Solar,Hour,0,0,0,0,"2024-12-31 04:00:00","2024-12-31 05:00:00","2026-09-03 21:11:07"
Nederland,Solar,Hour,0,0,0,0,"2024-12-31 05:00:00","2024-12-31 06:00:00","2026-09-03 21:11:07"
Nederland,Solar,Hour,0,0,0,0,"2024-12-31 06:00:00","2024-12-31 07:00:00","2026-09-03 21:11:07"
Nederland,Solar,Hour,0,0,0,0,"2024-12-31 07:00:00","2024-12-31 08:00:00","2026-09-03 21:11:07"
Nederland,Solar,Hour,30007,30004,0,0,"2024-12-31 08:00:00","2024-12-31 09:00:00","2026-09-03 21:11:07"
Nederland,Solar,Hour,388638,388635,0,0,"2024-12-31 09:00:00","2024-12-31 10:00:00","2026-09-03 21:11:07"
Nederland,Solar,Hour,873059,873058,0,0,"2024-12-31 10:00:00","2024-12-31 11:00:00","2026-09-03 21:11:07"
Nederland,Solar,Hour,1215121,1215118,0,0,"2024-12-31 11:00:00","2024-12-31 12:00:00","2026-09-03 21:11:07"
Nederland,Solar,Hour,1245592,1245590,0,0,"2024-12-31 12:00:00","2024-12-31 13:00:00","2026-09-03 21:11:07"
Nederland,Solar,Hour,857399,857397,0,0,"2024-12-31 13:00:00","2024-12-31 14:00:00","2026-09-03 21:11:07"
Nederland,Solar,Hour,526787,526784,0,0,"2024-12-31 14:00:00","2024-12-31 15:00:00","2026-09-03 21:11:07"
Nederland,Solar,Hour,93994,93993,0,0,"2024-12-31 15:00:00","2024-12-31 16:00:00","2026-09-03 21:11:07"
Nederland,Solar,Hour,0,0,0,0,"2024-12-31 16:00:00","2024-12-31 17:00:00","2026-09-03 21:11:07"
Nederland,Solar,Hour,0,0,0,0,"2024-12-31 17:00:00","2024-12-31 18:00:00","2026-09-03 21:11:07"
Nederland,Solar,Hour,0,0,0,0,"2024-12-31 18:00:00","2024-12-31 19:00:00","2026-09-03 21:11:07"
Nederland,Solar,Hour,0,0,0,0,"2024-12-31 19:00:00","2024-12-31 20:00:00","2026-09-03 21:11:07"
Nederland,Solar,Hour,0,0,0,0,"2024-12-31 20:00:00","2024-12-31 21:00:00","2026-09-03 21:11:07"
Nederland,Solar,Hour,0,0,0,0,"2024-12-31 21:00:00","2024-12-31 22:00:00","2026-09-03 21:11:07"
Nederland,Solar,Hour,0,0,0,0,"2024-12-31 22:00:00","2024-12-31 23:00:00","2026-09-03 21:11:07"
Nederland,Solar,Hour,0,0,0,0,"2024-12-31 23:00:00","2025-01-01 00:00:00","2026-09-03 21:11:07"
Nederland,Solar,Hour,0,0,0,0,"2025-01-01 00:00:00","2025-01-01 01:00:00","2026-09-03 21:11:07"
Nederland,Solar,Hour,0,0,0,0,"2025-01-01 01:00:00","2025-01-01 02:00:00","2026-09-03 21:11:07"
Nederland,Solar,Hour,0,0,0,0,"2025-01-01 02:00:00","2025-01-01 03:00:00","2026-09-03 21:11:07"
Nederland,Solar,Hour,0,0,0,0,"2025-01-01 03:00:00","2025-01-01 04:00:00","2026-09-03 21:11:07"
Nederland,Solar,Hour,0,0,0,0,"2025-01-01 04:00:00","2025-01-01 05:00:00","2026-09-03 21:11:07"
Nederland,Solar,Hour,0,0,0,0,"2025-01-01 05:00:00","2025-01-01 06:00:00","2026-09-03 21:11:07"
Nederland,Solar,Hour,0,0,0,0,"2025-01-01 06:00:00","2025-01-01 07:00:00","2026-09-03 21:11:07"
Nederland,Solar,Hour,0,0,0,0,"2025-01-01 07:00:00","2025-01-01 08:00:00","2026-09-03 21:11:07"
Nederland,Solar,Hour,18473,18473,0,0,"2025-01-01 08:00:00","2025-01-01 09:00:00","2026-09-03 21:11:07"
Nederland,Solar,Hour,201434,201433,0,0,"2025-01-01 09:00:00","2025-01-01 10:00:00","2026-09-03 21:11:07"
Nederland,Solar,Hour,323598,323595,0,0,"2025-01-01 10:00:00","2025-01-01 11:00:00","2026-09-03 21:11:07"
Nederland,Solar,Hour,372841,372840,0,0,"2025-01-01 11:00:00","2025-01-01 12:00:00","2026-09-03 21:11:07"
Nederland,Solar,Hour,378765,378764,0,0,"2025-01-01 12:00:00","2025-01-01 13:00:00","2026-09-03 21:11:07"
Nederland,Solar,Hour,244506,244504,0,0,"2025-01-01 13:00:00","2025-01-01 14:00:00","2026-09-03 21:11:07"
Nederland,Solar,Hour,55859,55856,0,0,"2025-01-01 14:00:00","2025-01-01 15:00:00","2026-09-03 21:11:07"
Nederland,Solar,Hour,841,840,0,0,"2025-01-01 15:00:00","2025-01-01 16:00:00","2026-09-03 21:11:07"
Nederland,Solar,Hour,0,0,0,0,"2025-01-01 16:00:00","2025-01-01 17:00:00","2026-09-03 21:11:07"
Nederland,Solar,Hour,0,0,0,0,"2025-01-01 17:00:00","2025-01-01 18:00:00","2026-09-03 21:11:07"
Nederland,Solar,Hour,0,0,0,0,"2025-01-01 18:00:00","2025-01-01 19:00:00","2026-09-03 21:11:07"
Nederland,Solar,Hour,0,0,0,0,"2025-01-01 19:00:00","2025-01-01 20:00:00","2026-09-03 21:11:07"
Nederland,Solar,Hour,0,0,0,0,"2025-01-01 20:00:00","2025-01-01 21:00:00","2026-09-03 21:11:07"
Nederland,Solar,Hour,0,0,0,0,"2025-01-01 21:00:00","2025-01-01 22:00:00","2026-09-03 21:11:07"
Nederland,Solar,Hour,0,0,0,0,"2025-01-01 22:00:00","2025-01-01 23:00:00","2026-09-03 21:11:07"
Nederland,Solar,Hour,0,0,0,0,"2025-01-01 23:00:00","2025-01-02 00:00:00","2026-09-03 21:11:07"
Nederland,Solar,Hour,0,0,0,0,"2025-01-02 00:00:00","2025-01-02 01:00:00","2026-09-03 21:11:07"
Nederland,Solar,Hour,0,0,0,0,"2025-01-02 01:00:00","2025-01-02 02:00:00","2026-09-03 21:11:07"
Nederland,Solar,Hour,0,0,0,0,"2025-01-02 02:00:00","2025-01-02 03:00:00","2026-09-03 21:11:07"
Nederland,Solar,Hour,0,0,0,0,"2025-01-02 03:00:00","2025-01-02 04:00:00","2026-09-03 21:11:07"
Nederland,Solar,Hour,0,0,0,0,"2025-01-02 04:00:00","2025-01-02 05:00:00","2026-09-03 21:11:07"
Nederland,Solar,Hour,0,0,0,0,"2025-01-02 05:00:00","2025-01-02 06:00:00","2026-09-03 21:11:07"
Nederland,Solar,Hour,0,0,0,0,"2025-01-02 06:00:00","2025-01-02 07:00:00","2026-09-03 21:11:07"
Nederland,Solar,Hour,0,0,0,0,"2025-01-02 07:00:00","2025-01-02 08:00:00","2026-09-03 21:11:07"
Nederland,Solar,Hour,288693,288692,0,0,"2025-01-02 08:00:00","2025-01-02 09:00:00","2026-09-03 21:11:07"
Nederland,Solar,Hour,2293072,2293070,0,0,"2025-01-02 09:00:00","2025-01-02 10:00:00","2026-09-03 21:11:07"
Nederland,Solar,Hour,4237468,4237466,0,0,"2025-01-02 10:00:00","2025-01-02 11:00:00","2026-09-03 21:11:07"
Nederland,Solar,Hour,5801199,5801196,0,0,"2025-01-02 11:00:00","2025-01-02 12:00:00","2026-09-03 21:11:07"
Nederland,Solar,Hour,4763302,4763300,0,0,"2025-01-02 12:00:00","2025-01-02 13:00:00","2026-09-03 21:11:07"
Nederland,Solar,Hour,2965633,2965630,0,0,"2025-01-02 13:00:00","2025-01-02 14:00:00","2026-09-03 21:11:07"
Nederland,Solar,Hour,1440129,1440126,0,0,"2025-01-02 14:00:00","2025-01-02 15:00:00","2026-09-03 21:11:07"
Nederland,Solar,Hour,191223,191221,0,0,"2025-01-02 15:00:00","2025-01-02 16:00:00","2026-09-03 21:11:07"
Nederland,Solar,Hour,0,0,0,0,"2025-01-02 16:00:00","2025-01-02 17:00:00","2026-09-03 21:11:07"
Nederland,Solar,Hour,0,0,0,0,"2025-01-02 17:00:00","2025-01-02 18:00:00","2026-09-03 21:11:07"
Nederland,Solar,Hour,0,0,0,0,"2025-01-02 18:00:00","2025-01-02 19:00:00","2026-09-03 21:11:07"
Nederland,Solar,Hour,0,0,0,0,"2025-01-02 19:00:00","2025-01-02 20:00:00","2026-09-03 21:11:07"
Nederland,Solar,Hour,0,0,0,0,"2025-01-02 20:00:00","2025-01-02 21:00:00","2026-09-03 21:11:07"
Nederland,Solar,Hour,0,0,0,0,"2025-01-02 21:00:00","2025-01-02 22:00:00","2026-09-03 21:11:07"
Nederland,Solar,Hour,0,0,0,0,"2025-01-02 22:00:00","2025-01-02 23:00:00","2026-09-03 21:11:07"
Nederland,Solar,Hour,0,0,0,0,"2025-01-02 23:00:00","2025-01-03 00:00:00","2026-09-03 21:11:07"
Nederland,Solar,Hour,0,0,0,0,"2025-01-03 00:00:00","2025-01-03 01:00:00","2026-09-03 21:11:07"
Nederland,Solar,Hour,0,0,0,0,"2025-01-03 01:00:00","2025-01-03 02:00:00","2026-09-03 21:11:07"
Nederland,Solar,Hour,0,0,0,0,"2025-01-03 02:00:00","2025-01-03 03:00:00","2026-09-03 21:11:07"
Nederland,Solar,Hour,0,0,0,0,"2025-01-03 03:00:00","2025-01-03 04:00:00","2026-09-03 21:11:07"
Nederland,Solar,Hour,0,0,0,0,"2025-01-03 04:00:00","2025-01-03 05:00:00","2026-09-03 21:11:07"
Nederland,Solar,Hour,0,0,0,0,"2025-01-03 05:00:00","2025-01-03 06:00:00","2026-09-03 21:11:07"
Nederland,Solar,Hour,0,0,0,0,"2025-01-03 06:00:00","2025-01-03 07:00:00","2026-09-03 21:11:07"
Nederland,Solar,Hour,0,0,0,0,"2025-01-03 07:00:00","2025-01-03 08:00:00","2026-09-03 21:11:07"
Nederland,Solar,Hour,303108,303107,0,0,"2025-01-03 08:00:00","2025-01-03 09:00:00","2026-09-03 21:11:07"
Nederland,Solar,Hour,2150293,2150290,0,0,"2025-01-03 09:00:00","2025-01-03 10:00:00","2026-09-03 21:11:07"
Nederland,Solar,Hour,3269882,3269879,0,0,"2025-01-03 10:00:00","2025-01-03 11:00:00","2026-09-03 21:11:07"
Nederland,Solar,Hour,2653599,2653597,0,0,"2025-01-03 11:00:00","2025-01-03 12:00:00","2026-09-03 21:11:07"
Nederland,Solar,Hour,1919241,1919237,0,0,"2025-01-03 12:00:00","2025-01-03 13:00:00","2026-09-03 21:11:07"
Nederland,Solar,Hour,1661319,1661315,0,0,"2025-01-03 13:00:00","2025-01-03 14:00:00","2026-09-03 21:11:07"
Nederland,Solar,Hour,1203165,1203162,0,0,"2025-01-03 14:00:00","2025-01-03 15:00:00","2026-09-03 21:11:07"
Nederland,Solar,Hour,233778,233775,0,0,"2025-01-03 15:00:00","2025-01-03 16:00:00","2026-09-03 21:11:07"
Nederland,Solar,Hour,0,0,0,0,"2025-01-03 16:00:00","2025-01-03 17:00:00","2026-09-03 21:11:07"
Nederland,Solar,Hour,0,0,0,0,"2025-01-03 17:00:00","2025-01-03 18:00:00","2026-09-03 21:11:07"
Nederland,Solar,Hour,0,0,0,0,"2025-01-03 18:00:00","2025-01-03 19:00:00","2026-09-03 21:11:07"
Nederland,Solar,Hour,0,0,0,0,"2025-01-03 19:00:00","2025-01-03 20:00:00","2026-09-03 21:11:07"
Nederland,Solar,Hour,0,0,0,0,"2025-01-03 20:00:00","2025-01-03 21:00:00","2026-09-03 21:11:07"
Nederland,Solar,Hour,0,0,0,0,"2025-01-03 21:00:00","2025-01-03 22:00:00","2026-09-03 21:11:07"
Nederland,Solar,Hour,0,0,0,0,"2025-01-03 22:00:00","2025-01-03 23:00:00","2026-09-03 21:11:07"
Nederland,Solar,Hour,0,0,0,0,"2025-01-03 23:00:00","2025-01-04 00:00:00","2026-09-03 21:11:07"
Nederland,Solar,Hour,0,0,0,0,"2025-01-04 00:00:00","2025-01-04 01:00:00","2026-09-03 21:11:07"
Nederland,Solar,Hour,0,0,0,0,"2025-01-04 01:00:00","2025-01-04 02:00:00","2026-09-03 21:11:07"
Nederland,Solar,Hour,0,0,0,0,"2025-01-04 02:00:00","2025-01-04 03:00:00","2026-09-03 21:11:07"
Nederland,Solar,Hour,0,0,0,0,"2025-01-04 03:00:00","2025-01-04 04:00:00","2026-09-03 21:11:07"
Nederland,Solar,Hour,0,0,0,0,"2025-01-04 04:00:00","2025-01-04 05:00:00","2026-09-03 21:11:07"
Nederland,Solar,Hour,0,0,0,0,"2025-01-04 05:00:00","2025-01-04 06:00:00","2026-09-03 21:11:07"
Nederland,Solar,Hour,0,0,0,0,"2025-01-04 06:00:00","2025-01-04 07:00:00","2026-09-03 21:11:07"
Nederland,Solar,Hour,0,0,0,0,"2025-01-04 07:00:00","2025-01-04 08:00:00","2026-09-03 21:11:07"
Nederland,Solar,Hour,104940,104939,0,0,"2025-01-04 08:00:00","2025-01-04 09:00:00","2026-09-03 21:11:07"
Nederland,Solar,Hour,740355,740351,0,0,"2025-01-04 09:00:00","2025-01-04 10:00:00","2026-09-03 21:11:07"
Nederland,Solar,Hour,1239454,1239453,0,0,"2025-01-04 10:00:00","2025-01-04 11:00:00","2026-09-03 21:11:07"
Nederland,Solar,Hour,1676657,1676656,0,0,"2025-01-04 11:00:00","2025-01-04 12:00:00","2026-09-03 21:11:07"
Nederland,Solar,Hour,1754151,1754149,0,0,"2025-01-04 12:00:00","2025-01-04 13:00:00","2026-09-03 21:11:07"
Nederland,Solar,Hour,1675570,1675567,0,0,"2025-01-04 13:00:00","2025-01-04 14:00:00","2026-09-03 21:11:07"
Nederland,Solar,Hour,1163651,1163649,0,0,"2025-01-04 14:00:00","2025-01-04 15:00:00","2026-09-03 21:11:07"
Nederland,Solar,Hour,160143,160142,0,0,"2025-01-04 15:00:00","2025-01-04 16:00:00","2026-09-03 21:11:07"
Nederland,Solar,Hour,0,0,0,0,"2025-01-04 16:00:00","2025-01-04 17:00:00","2026-09-03 21:11:07"
Nederland,Solar,Hour,0,0,0,0,"2025-01-04 17:00:00","2025-01-04 18:00:00","2026-09-03 21:11:07"
Nederland,Solar,Hour,0,0,0,0,"2025-01-04 18:00:00","2025-01-04 19:00:00","2026-09-03 21:11:07"
Nederland,Solar,Hour,0,0,0,0,"2025-01-04 19:00:00","2025-01-04 20:00:00","2026-09-03 21:11:07"
Nederland,Solar,Hour,0,0,0,0,"2025-01-04 20:00:00","2025-01-04 21:00:00","2026-09-03 21:11:07"
Nederland,Solar,Hour,0,0,0,0,"2025-01-04 21:00:00","2025-01-04 22:00:00","2026-09-03 21:11:07"
Nederland,Solar,Hour,0,0,0,0,"2025-01-04 22:00:00","2025-01-04 23:00:00","2026-09-03 21:11:07"
Nederland,Solar,Hour,0,0,0,0,"2025-01-04 23:00:00","2025-01-05 00:00:00","2026-09-03 21:11:07"
Nederland,Solar,Hour,0,0,0,0,"2025-01-05 00:00:00","2025-01-05 01:00:00","2026-09-03 21:09:36"
Nederland,Solar,Hour,0,0,0,0,"2025-01-05 01:00:00","2025-01-05 02:00:00","2026-09-03 21:09:36"
Nederland,Solar,Hour,0,0,0,0,"2025-01-05 02:00:00","2025-01-05 03:00:00","2026-09-03 21:09:36"
Nederland,Solar,Hour,0,0,0,0,"2025-01-05 03:00:00","2025-01-05 04:00:00","2026-09-03 21:09:36"
Nederland,Solar,Hour,0,0,0,0,"2025-01-05 04:00:00","2025-01-05 05:00:00","2026-09-03 21:09:36"
Nederland,Solar,Hour,0,0,0,0,"2025-01-05 05:00:00","2025-01-05 06:00:00","2026-09-03 21:09:36"
Nederland,Solar,Hour,0,0,0,0,"2025-01-05 06:00:00","2025-01-05 07:00:00","2026-09-03 21:09:36"
Nederland,Solar,Hour,0,0,0,0,"2025-01-05 07:00:00","2025-01-05 08:00:00","2026-09-03 21:09:36"
Nederland,Solar,Hour,28748,28747,0,0,"2025-01-05 08:00:00","2025-01-05 09:00:00","2026-09-03 21:09:36"
Nederland,Solar,Hour,299779,299777,0,0,"2025-01-05 09:00:00","2025-01-05 10:00:00","2026-09-03 21:09:36"
Nederland,Solar,Hour,426750,426748,0,0,"2025-01-05 10:00:00","2025-01-05 11:00:00","2026-09-03 21:09:36"
Nederland,Solar,Hour,414926,414924,0,0,"2025-01-05 11:00:00","2025-01-05 12:00:00","2026-09-03 21:09:36"
Nederland,Solar,Hour,364798,364796,0,0,"2025-01-05 12:00:00","2025-01-05 13:00:00","2026-09-03 21:09:36"
Nederland,Solar,Hour,286516,286514,0,0,"2025-01-05 13:00:00","2025-01-05 14:00:00","2026-09-03 21:09:36"
Nederland,Solar,Hour,140331,140329,0,0,"2025-01-05 14:00:00","2025-01-05 15:00:00","2026-09-03 21:09:36"
Nederland,Solar,Hour,8432,8431,0,0,"2025-01-05 15:00:00","2025-01-05 16:00:00","2026-09-03 21:09:36"
Nederland,Solar,Hour,0,0,0,0,"2025-01-05 16:00:00","2025-01-05 17:00:00","2026-09-03 21:09:36"
Nederland,Solar,Hour,0,0,0,0,"2025-01-05 17:00:00","2025-01-05 18:00:00","2026-09-03 21:09:36"
Nederland,Solar,Hour,0,0,0,0,"2025-01-05 18:00:00","2025-01-05 19:00:00","2026-09-03 21:09:36"
Nederland,Solar,Hour,0,0,0,0,"2025-01-05 19:00:00","2025-01-05 20:00:00","2026-09-03 21:09:36"
Nederland,Solar,Hour,0,0,0,0,"2025-01-05 20:00:00","2025-01-05 21:00:00","2026-09-03 21:09:36"
Nederland,Solar,Hour,0,0,0,0,"2025-01-05 21:00:00","2025-01-05 22:00:00","2026-09-03 21:09:36"
Nederland,Solar,Hour,0,0,0,0,"2025-01-05 22:00:00","2025-01-05 23:00:00","2026-09-03 21:09:36"
Nederland,Solar,Hour,0,0,0,0,"2025-01-05 23:00:00","2025-01-06 00:00:00","2026-09-03 21:09:36"
Nederland,Solar,Hour,0,0,0,0,"2025-01-06 00:00:00","2025-01-06 01:00:00","2026-09-03 21:09:36"
Nederland,Solar,Hour,0,0,0,0,"2025-01-06 01:00:00","2025-01-06 02:00:00","2026-09-03 21:09:36"
Nederland,Solar,Hour,0,0,0,0,"2025-01-06 02:00:00","2025-01-06 03:00:00","2026-09-03 21:09:36"
Nederland,Solar,Hour,0,0,0,0,"2025-01-06 03:00:00","2025-01-06 04:00:00","2026-09-03 21:09:36"
Nederland,Solar,Hour,0,0,0,0,"2025-01-06 04:00:00","2025-01-06 05:00:00","2026-09-03 21:09:36"
Nederland,Solar,Hour,0,0,0,0,"2025-01-06 05:00:00","2025-01-06 06:00:00","2026-09-03 21:09:36"
Nederland,Solar,Hour,0,0,0,0,"2025-01-06 06:00:00","2025-01-06 07:00:00","2026-09-03 21:09:36"
Nederland,Solar,Hour,0,0,0,0,"2025-01-06 07:00:00","2025-01-06 08:00:00","2026-09-03 21:09:36"
Nederland,Solar,Hour,73277,73276,0,0,"2025-01-06 08:00:00","2025-01-06 09:00:00","2026-09-03 21:09:36"
Nederland,Solar,Hour,471089,471086,0,0,"2025-01-06 09:00:00","2025-01-06 10:00:00","2026-09-03 21:09:36"
Nederland,Solar,Hour,948017,948015,0,0,"2025-01-06 10:00:00","2025-01-06 11:00:00","2026-09-03 21:09:36"
Nederland,Solar,Hour,1316632,1316630,0,0,"2025-01-06 11:00:00","2025-01-06 12:00:00","2026-09-03 21:09:36"
Nederland,Solar,Hour,818995,818993,0,0,"2025-01-06 12:00:00","2025-01-06 13:00:00","2026-09-03 21:09:36"
Nederland,Solar,Hour,576435,576433,0,0,"2025-01-06 13:00:00","2025-01-06 14:00:00","2026-09-03 21:09:36"
Nederland,Solar,Hour,464508,464507,0,0,"2025-01-06 14:00:00","2025-01-06 15:00:00","2026-09-03 21:09:36"
Nederland,Solar,Hour,76158,76156,0,0,"2025-01-06 15:00:00","2025-01-06 16:00:00","2026-09-03 21:09:36"
Nederland,Solar,Hour,0,0,0,0,"2025-01-06 16:00:00","2025-01-06 17:00:00","2026-09-03 21:09:36"
Nederland,Solar,Hour,0,0,0,0,"2025-01-06 17:00:00","2025-01-06 18:00:00","2026-09-03 21:09:36"
Nederland,Solar,Hour,0,0,0,0,"2025-01-06 18:00:00","2025-01-06 19:00:00","2026-09-03 21:09:36"
Nederland,Solar,Hour,0,0,0,0,"2025-01-06 19:00:00","2025-01-06 20:00:00","2026-09-03 21:09:36"
Nederland,Solar,Hour,0,0,0,0,"2025-01-06 20:00:00","2025-01-06 21:00:00","2026-09-03 21:09:36"
Nederland,Solar,Hour,0,0,0,0,"2025-01-06 21:00:00","2025-01-06 22:00:00","2026-09-03 21:09:36"
Nederland,Solar,Hour,0,0,0,0,"2025-01-06 22:00:00","2025-01-06 23:00:00","2026-09-03 21:09:36"
Nederland,Solar,Hour,0,0,0,0,"2025-01-06 23:00:00","2025-01-07 00:00:00","2026-09-03 21:09:36"
Nederland,Solar,Hour,0,0,0,0,"2025-01-07 00:00:00","2025-01-07 01:00:00","2026-09-03 21:09:36"
Nederland,Solar,Hour,0,0,0,0,"2025-01-07 01:00:00","2025-01-07 02:00:00","2026-09-03 21:09:36"
Nederland,Solar,Hour,0,0,0,0,"2025-01-07 02:00:00","2025-01-07 03:00:00","2026-09-03 21:09:36"
Nederland,Solar,Hour,0,0,0,0,"2025-01-07 03:00:00","2025-01-07 04:00:00","2026-09-03 21:09:36"
Nederland,Solar,Hour,0,0,0,0,"2025-01-07 04:00:00","2025-01-07 05:00:00","2026-09-03 21:09:36"
Nederland,Solar,Hour,0,0,0,0,"2025-01-07 05:00:00","2025-01-07 06:00:00","2026-09-03 21:09:36"
Nederland,Solar,Hour,0,0,0,0,"2025-01-07 06:00:00","2025-01-07 07:00:00","2026-09-03 21:09:36"
Nederland,Solar,Hour,0,0,0,0,"2025-01-07 07:00:00","2025-01-07 08:00:00","2026-09-03 21:09:36"
Nederland,Solar,Hour,147743,147741,0,0,"2025-01-07 08:00:00","2025-01-07 09:00:00","2026-09-03 21:09:36"
Nederland,Solar,Hour,767361,767360,0,0,"2025-01-07 09:00:00","2025-01-07 10:00:00","2026-09-03 21:09:36"
Nederland,Solar,Hour,2256643,2256640,0,0,"2025-01-07 10:00:00","2025-01-07 11:00:00","2026-09-03 21:09:36"
Nederland,Solar,Hour,3303019,3303018,0,0,"2025-01-07 11:00:00","2025-01-07 12:00:00","2026-09-03 21:09:36"
Nederland,Solar,Hour,3825534,3825531,0,0,"2025-01-07 12:00:00","2025-01-07 13:00:00","2026-09-03 21:09:36"
Nederland,Solar,Hour,2287645,2287643,0,0,"2025-01-07 13:00:00","2025-01-07 14:00:00","2026-09-03 21:09:36"
Nederland,Solar,Hour,1066536,1066533,0,0,"2025-01-07 14:00:00","2025-01-07 15:00:00","2026-09-03 21:09:36"
Nederland,Solar,Hour,184322,184320,0,0,"2025-01-07 15:00:00","2025-01-07 16:00:00","2026-09-03 21:09:36"
Nederland,Solar,Hour,0,0,0,0,"2025-01-07 16:00:00","2025-01-07 17:00:00","2026-09-03 21:09:36"
Nederland,Solar,Hour,0,0,0,0,"2025-01-07 17:00:00","2025-01-07 18:00:00","2026-09-03 21:09:36"
Nederland,Solar,Hour,0,0,0,0,"2025-01-07 18:00:00","2025-01-07 19:00:00","2026-09-03 21:09:36"
Nederland,Solar,Hour,0,0,0,0,"2025-01-07 19:00:00","2025-01-07 20:00:00","2026-09-03 21:09:36"
Nederland,Solar,Hour,0,0,0,0,"2025-01-07 20:00:00","2025-01-07 21:00:00","2026-09-03 21:09:36"
Nederland,Solar,Hour,0,0,0,0,"2025-01-07 21:00:00","2025-01-07 22:00:00","2026-09-03 21:09:36"
Nederland,Solar,Hour,0,0,0,0,"2025-01-07 22:00:00","2025-01-07 23:00:00","2026-09-03 21:09:36"
Nederland,Solar,Hour,0,0,0,0,"2025-01-07 23:00:00","2025-01-08 00:00:00","2026-09-03 21:09:36"
Nederland,Solar,Hour,0,0,0,0,"2025-01-08 00:00:00","2025-01-08 01:00:00","2026-09-03 21:09:36"
Nederland,Solar,Hour,0,0,0,0,"2025-01-08 01:00:00","2025-01-08 02:00:00","2026-09-03 21:09:36"
Nederland,Solar,Hour,0,0,0,0,"2025-01-08 02:00:00","2025-01-08 03:00:00","2026-09-03 21:09:36"
Nederland,Solar,Hour,0,0,0,0,"2025-01-08 03:00:00","2025-01-08 04:00:00","2026-09-03 21:09:36"
Nederland,Solar,Hour,0,0,0,0,"2025-01-08 04:00:00","2025-01-08 05:00:00","2026-09-03 21:09:36"
Nederland,Solar,Hour,0,0,0,0,"2025-01-08 05:00:00","2025-01-08 06:00:00","2026-09-03 21:09:36"
Nederland,Solar,Hour,0,0,0,0,"2025-01-08 06:00:00","2025-01-08 07:00:00","2026-09-03 21:09:36"
Nederland,Solar,Hour,0,0,0,0,"2025-01-08 07:00:00","2025-01-08 08:00:00","2026-09-03 21:09:36"
Nederland,Solar,Hour,385029,385028,0,0,"2025-01-08 08:00:00","2025-01-08 09:00:00","2026-09-03 21:09:36"
Nederland,Solar,Hour,2782977,2782976,0,0,"2025-01-08 09:00:00","2025-01-08 10:00:00","2026-09-03 21:09:36"
Nederland,Solar,Hour,4196430,4196428,0,0,"2025-01-08 10:00:00","2025-01-08 11:00:00","2026-09-03 21:09:36"
Nederland,Solar,Hour,4348820,4348818,0,0,"2025-01-08 11:00:00","2025-01-08 12:00:00","2026-09-03 21:09:36"
Nederland,Solar,Hour,3879971,3879968,0,0,"2025-01-08 12:00:00","2025-01-08 13:00:00","2026-09-03 21:09:36"
Nederland,Solar,Hour,2149717,2149716,0,0,"2025-01-08 13:00:00","2025-01-08 14:00:00","2026-09-03 21:09:36"
Nederland,Solar,Hour,878695,878694,0,0,"2025-01-08 14:00:00","2025-01-08 15:00:00","2026-09-03 21:09:36"
Nederland,Solar,Hour,190448,190447,0,0,"2025-01-08 15:00:00","2025-01-08 16:00:00","2026-09-03 21:09:36"
Nederland,Solar,Hour,0,0,0,0,"2025-01-08 16:00:00","2025-01-08 17:00:00","2026-09-03 21:09:36"
Nederland,Solar,Hour,0,0,0,0,"2025-01-08 17:00:00","2025-01-08 18:00:00","2026-09-03 21:09:36"
Nederland,Solar,Hour,0,0,0,0,"2025-01-08 18:00:00","2025-01-08 19:00:00","2026-09-03 21:09:36"
Nederland,Solar,Hour,0,0,0,0,"2025-01-08 19:00:00","2025-01-08 20:00:00","2026-09-03 21:09:36"
Nederland,Solar,Hour,0,0,0,0,"2025-01-08 20:00:00","2025-01-08 21:00:00","2026-09-03 21:09:36"
Nederland,Solar,Hour,0,0,0,0,"2025-01-08 21:00:00","2025-01-08 22:00:00","2026-09-03 21:09:36"
Nederland,Solar,Hour,0,0,0,0,"2025-01-08 22:00:00","2025-01-08 23:00:00","2026-09-03 21:09:36"
Nederland,Solar,Hour,0,0,0,0,"2025-01-08 23:00:00","2025-01-09 00:00:00","2026-09-03 21:09:36"
Nederland,Solar,Hour,0,0,0,0,"2025-01-09 00:00:00","2025-01-09 01:00:00","2026-09-03 21:09:36"
Nederland,Solar,Hour,0,0,0,0,"2025-01-09 01:00:00","2025-01-09 02:00:00","2026-09-03 21:09:36"
Nederland,Solar,Hour,0,0,0,0,"2025-01-09 02:00:00","2025-01-09 03:00:00","2026-09-03 21:09:36"
Nederland,Solar,Hour,0,0,0,0,"2025-01-09 03:00:00","2025-01-09 04:00:00","2026-09-03 21:09:36"
Nederland,Solar,Hour,0,0,0,0,"2025-01-09 04:00:00","2025-01-09 05:00:00","2026-09-03 21:09:36"
Nederland,Solar,Hour,0,0,0,0,"2025-01-09 05:00:00","2025-01-09 06:00:00","2026-09-03 21:09:36"
Nederland,Solar,Hour,0,0,0,0,"2025-01-09 06:00:00","2025-01-09 07:00:00","2026-09-03 21:09:36"
Nederland,Solar,Hour,0,0,0,0,"2025-01-09 07:00:00","2025-01-09 08:00:00","2026-09-03 21:09:36"
Nederland,Solar,Hour,15986,15986,0,0,"2025-01-09 08:00:00","2025-01-09 09:00:00","2026-09-03 21:09:36"
Nederland,Solar,Hour,375458,375456,0,0,"2025-01-09 09:00:00","2025-01-09 10:00:00","2026-09-03 21:09:36"
Nederland,Solar,Hour,1872162,1872160,0,0,"2025-01-09 10:00:00","2025-01-09 11:00:00","2026-09-03 21:09:36"
Nederland,Solar,Hour,3292410,3292407,0,0,"2025-01-09 11:00:00","2025-01-09 12:00:00","2026-09-03 21:09:36"
Nederland,Solar,Hour,4285558,4285556,0,0,"2025-01-09 12:00:00","2025-01-09 13:00:00","2026-09-03 21:09:36"
Nederland,Solar,Hour,3842040,3842038,0,0,"2025-01-09 13:00:00","2025-01-09 14:00:00","2026-09-03 21:09:36"
Nederland,Solar,Hour,2410703,2410700,0,0,"2025-01-09 14:00:00","2025-01-09 15:00:00","2026-09-03 21:09:36"
Nederland,Solar,Hour,556333,556330,0,0,"2025-01-09 15:00:00","2025-01-09 16:00:00","2026-09-03 21:09:36"
Nederland,Solar,Hour,0,0,0,0,"2025-01-09 16:00:00","2025-01-09 17:00:00","2026-09-03 21:09:36"
Nederland,Solar,Hour,0,0,0,0,"2025-01-09 17:00:00","2025-01-09 18:00:00","2026-09-03 21:09:36"
Nederland,Solar,Hour,0,0,0,0,"2025-01-09 18:00:00","2025-01-09 19:00:00","2026-09-03 21:09:36"
Nederland,Solar,Hour,0,0,0,0,"2025-01-09 19:00:00","2025-01-09 20:00:00","2026-09-03 21:09:36"
Nederland,Solar,Hour,0,0,0,0,"2025-01-09 20:00:00","2025-01-09 21:00:00","2026-09-03 21:09:36"
Nederland,Solar,Hour,0,0,0,0,"2025-01-09 21:00:00","2025-01-09 22:00:00","2026-09-03 21:09:36"
Nederland,Solar,Hour,0,0,0,0,"2025-01-09 22:00:00","2025-01-09 23:00:00","2026-09-03 21:09:36"
Nederland,Solar,Hour,0,0,0,0,"2025-01-09 23:00:00","2025-01-10 00:00:00","2026-09-03 21:09:36"
Nederland,Solar,Hour,0,0,0,0,"2025-01-10 00:00:00","2025-01-10 01:00:00","2026-09-03 21:07:55"
Nederland,Solar,Hour,0,0,0,0,"2025-01-10 01:00:00","2025-01-10 02:00:00","2026-09-03 21:07:55"
Nederland,Solar,Hour,0,0,0,0,"2025-01-10 02:00:00","2025-01-10 03:00:00","2026-09-03 21:07:55"
Nederland,Solar,Hour,0,0,0,0,"2025-01-10 03:00:00","2025-01-10 04:00:00","2026-09-03 21:07:55"
Nederland,Solar,Hour,0,0,0,0,"2025-01-10 04:00:00","2025-01-10 05:00:00","2026-09-03 21:07:55"
Nederland,Solar,Hour,0,0,0,0,"2025-01-10 05:00:00","2025-01-10 06:00:00","2026-09-03 21:07:55"
Nederland,Solar,Hour,0,0,0,0,"2025-01-10 06:00:00","2025-01-10 07:00:00","2026-09-03 21:07:55"
Nederland,Solar,Hour,0,0,0,0,"2025-01-10 07:00:00","2025-01-10 08:00:00","2026-09-03 21:07:55"
Nederland,Solar,Hour,516131,516130,0,0,"2025-01-10 08:00:00","2025-01-10 09:00:00","2026-09-03 21:07:55"
Nederland,Solar,Hour,3095073,3095070,0,0,"2025-01-10 09:00:00","2025-01-10 10:00:00","2026-09-03 21:07:55"
Nederland,Solar,Hour,4752603,4752601,0,0,"2025-01-10 10:00:00","2025-01-10 11:00:00","2026-09-03 21:07:55"
Nederland,Solar,Hour,5265889,5265887,0,0,"2025-01-10 11:00:00","2025-01-10 12:00:00","2026-09-03 21:07:55"
Nederland,Solar,Hour,5628976,5628974,0,0,"2025-01-10 12:00:00","2025-01-10 13:00:00","2026-09-03 21:07:55"
Nederland,Solar,Hour,4374364,4374361,0,0,"2025-01-10 13:00:00","2025-01-10 14:00:00","2026-09-03 21:07:55"
Nederland,Solar,Hour,2627395,2627394,0,0,"2025-01-10 14:00:00","2025-01-10 15:00:00","2026-09-03 21:07:55"
Nederland,Solar,Hour,535081,535079,0,0,"2025-01-10 15:00:00","2025-01-10 16:00:00","2026-09-03 21:07:55"
Nederland,Solar,Hour,0,0,0,0,"2025-01-10 16:00:00","2025-01-10 17:00:00","2026-09-03 21:07:55"
Nederland,Solar,Hour,0,0,0,0,"2025-01-10 17:00:00","2025-01-10 18:00:00","2026-09-03 21:07:55"
Nederland,Solar,Hour,0,0,0,0,"2025-01-10 18:00:00","2025-01-10 19:00:00","2026-09-03 21:07:55"
Nederland,Solar,Hour,0,0,0,0,"2025-01-10 19:00:00","2025-01-10 20:00:00","2026-09-03 21:07:55"
Nederland,Solar,Hour,0,0,0,0,"2025-01-10 20:00:00","2025-01-10 21:00:00","2026-09-03 21:07:55"
Nederland,Solar,Hour,0,0,0,0,"2025-01-10 21:00:00","2025-01-10 22:00:00","2026-09-03 21:07:55"
Nederland,Solar,Hour,0,0,0,0,"2025-01-10 22:00:00","2025-01-10 23:00:00","2026-09-03 21:07:55"
Nederland,Solar,Hour,0,0,0,0,"2025-01-10 23:00:00","2025-01-11 00:00:00","2026-09-03 21:07:55"
Nederland,Solar,Hour,0,0,0,0,"2025-01-11 00:00:00","2025-01-11 01:00:00","2026-09-03 21:07:55"
Nederland,Solar,Hour,0,0,0,0,"2025-01-11 01:00:00","2025-01-11 02:00:00","2026-09-03 21:07:55"
Nederland,Solar,Hour,0,0,0,0,"2025-01-11 02:00:00","2025-01-11 03:00:00","2026-09-03 21:07:55"
Nederland,Solar,Hour,0,0,0,0,"2025-01-11 03:00:00","2025-01-11 04:00:00","2026-09-03 21:07:55"
Nederland,Solar,Hour,0,0,0,0,"2025-01-11 04:00:00","2025-01-11 05:00:00","2026-09-03 21:07:55"
Nederland,Solar,Hour,0,0,0,0,"2025-01-11 05:00:00","2025-01-11 06:00:00","2026-09-03 21:07:55"
Nederland,Solar,Hour,0,0,0,0,"2025-01-11 06:00:00","2025-01-11 07:00:00","2026-09-03 21:07:55"
Nederland,Solar,Hour,0,0,0,0,"2025-01-11 07:00:00","2025-01-11 08:00:00","2026-09-03 21:07:55"
Nederland,Solar,Hour,928540,928538,0,0,"2025-01-11 08:00:00","2025-01-11 09:00:00","2026-09-03 21:07:55"
Nederland,Solar,Hour,4054538,4054536,0,0,"2025-01-11 09:00:00","2025-01-11 10:00:00","2026-09-03 21:07:55"
Nederland,Solar,Hour,5047793,5047791,0,0,"2025-01-11 10:00:00","2025-01-11 11:00:00","2026-09-03 21:07:55"
Nederland,Solar,Hour,4527121,4527119,0,0,"2025-01-11 11:00:00","2025-01-11 12:00:00","2026-09-03 21:07:55"
Nederland,Solar,Hour,4502579,4502577,0,0,"2025-01-11 12:00:00","2025-01-11 13:00:00","2026-09-03 21:07:55"
Nederland,Solar,Hour,3477876,3477874,0,0,"2025-01-11 13:00:00","2025-01-11 14:00:00","2026-09-03 21:07:55"
Nederland,Solar,Hour,2382531,2382530,0,0,"2025-01-11 14:00:00","2025-01-11 15:00:00","2026-09-03 21:07:55"
Nederland,Solar,Hour,752906,752904,0,0,"2025-01-11 15:00:00","2025-01-11 16:00:00","2026-09-03 21:07:55"
Nederland,Solar,Hour,0,0,0,0,"2025-01-11 16:00:00","2025-01-11 17:00:00","2026-09-03 21:07:55"
Nederland,Solar,Hour,0,0,0,0,"2025-01-11 17:00:00","2025-01-11 18:00:00","2026-09-03 21:07:55"
Nederland,Solar,Hour,0,0,0,0,"2025-01-11 18:00:00","2025-01-11 19:00:00","2026-09-03 21:07:55"
Nederland,Solar,Hour,0,0,0,0,"2025-01-11 19:00:00","2025-01-11 20:00:00","2026-09-03 21:07:55"
Nederland,Solar,Hour,0,0,0,0,"2025-01-11 20:00:00","2025-01-11 21:00:00","2026-09-03 21:07:55"
Nederland,Solar,Hour,0,0,0,0,"2025-01-11 21:00:00","2025-01-11 22:00:00","2026-09-03 21:07:55"
Nederland,Solar,Hour,0,0,0,0,"2025-01-11 22:00:00","2025-01-11 23:00:00","2026-09-03 21:07:55"
Nederland,Solar,Hour,0,0,0,0,"2025-01-11 23:00:00","2025-01-12 00:00:00","2026-09-03 21:07:55"
Nederland,Solar,Hour,0,0,0,0,"2025-01-12 00:00:00","2025-01-12 01:00:00","2026-09-03 21:07:55"
Nederland,Solar,Hour,0,0,0,0,"2025-01-12 01:00:00","2025-01-12 02:00:00","2026-09-03 21:07:55"
Nederland,Solar,Hour,0,0,0,0,"2025-01-12 02:00:00","2025-01-12 03:00:00","2026-09-03 21:07:55"
Nederland,Solar,Hour,0,0,0,0,"2025-01-12 03:00:00","2025-01-12 04:00:00","2026-09-03 21:07:55"
Nederland,Solar,Hour,0,0,0,0,"2025-01-12 04:00:00","2025-01-12 05:00:00","2026-09-03 21:07:55"
Nederland,Solar,Hour,0,0,0,0,"2025-01-12 05:00:00","2025-01-12 06:00:00","2026-09-03 21:07:55"
Nederland,Solar,Hour,0,0,0,0,"2025-01-12 06:00:00","2025-01-12 07:00:00","2026-09-03 21:07:55"
Nederland,Solar,Hour,0,0,0,0,"2025-01-12 07:00:00","2025-01-12 08:00:00","2026-09-03 21:07:55"
Nederland,Solar,Hour,187435,187433,0,0,"2025-01-12 08:00:00","2025-01-12 09:00:00","2026-09-03 21:07:55"
Nederland,Solar,Hour,1136270,1136268,0,0,"2025-01-12 09:00:00","2025-01-12 10:00:00","2026-09-03 21:07:55"
Nederland,Solar,Hour,2218532,2218529,0,0,"2025-01-12 10:00:00","2025-01-12 11:00:00","2026-09-03 21:07:55"
Nederland,Solar,Hour,3154100,3154098,0,0,"2025-01-12 11:00:00","2025-01-12 12:00:00","2026-09-03 21:07:55"
Nederland,Solar,Hour,3358643,3358640,0,0,"2025-01-12 12:00:00","2025-01-12 13:00:00","2026-09-03 21:07:55"
Nederland,Solar,Hour,3564517,3564515,0,0,"2025-01-12 13:00:00","2025-01-12 14:00:00","2026-09-03 21:07:55"
Nederland,Solar,Hour,2386469,2386466,0,0,"2025-01-12 14:00:00","2025-01-12 15:00:00","2026-09-03 21:07:55"
Nederland,Solar,Hour,491291,491289,0,0,"2025-01-12 15:00:00","2025-01-12 16:00:00","2026-09-03 21:07:55"
Nederland,Solar,Hour,0,0,0,0,"2025-01-12 16:00:00","2025-01-12 17:00:00","2026-09-03 21:07:55"
Nederland,Solar,Hour,0,0,0,0,"2025-01-12 17:00:00","2025-01-12 18:00:00","2026-09-03 21:07:55"
Nederland,Solar,Hour,0,0,0,0,"2025-01-12 18:00:00","2025-01-12 19:00:00","2026-09-03 21:07:55"
Nederland,Solar,Hour,0,0,0,0,"2025-01-12 19:00:00","2025-01-12 20:00:00","2026-09-03 21:07:55"
Nederland,Solar,Hour,0,0,0,0,"2025-01-12 20:00:00","2025-01-12 21:00:00","2026-09-03 21:07:55"
Nederland,Solar,Hour,0,0,0,0,"2025-01-12 21:00:00","2025-01-12 22:00:00","2026-09-03 21:07:55"
Nederland,Solar,Hour,0,0,0,0,"2025-01-12 22:00:00","2025-01-12 23:00:00","2026-09-03 21:07:55"
Nederland,Solar,Hour,0,0,0,0,"2025-01-12 23:00:00","2025-01-13 00:00:00","2026-09-03 21:07:55"
Nederland,Solar,Hour,0,0,0,0,"2025-01-13 00:00:00","2025-01-13 01:00:00","2026-09-03 21:07:55"
Nederland,Solar,Hour,0,0,0,0,"2025-01-13 01:00:00","2025-01-13 02:00:00","2026-09-03 21:07:55"
Nederland,Solar,Hour,0,0,0,0,"2025-01-13 02:00:00","2025-01-13 03:00:00","2026-09-03 21:07:55"
Nederland,Solar,Hour,0,0,0,0,"2025-01-13 03:00:00","2025-01-13 04:00:00","2026-09-03 21:07:55"
Nederland,Solar,Hour,0,0,0,0,"2025-01-13 04:00:00","2025-01-13 05:00:00","2026-09-03 21:07:55"
Nederland,Solar,Hour,0,0,0,0,"2025-01-13 05:00:00","2025-01-13 06:00:00","2026-09-03 21:07:55"
Nederland,Solar,Hour,0,0,0,0,"2025-01-13 06:00:00","2025-01-13 07:00:00","2026-09-03 21:07:55"
Nederland,Solar,Hour,0,0,0,0,"2025-01-13 07:00:00","2025-01-13 08:00:00","2026-09-03 21:07:55"
Nederland,Solar,Hour,1022970,1022969,0,0,"2025-01-13 08:00:00","2025-01-13 09:00:00","2026-09-03 21:07:55"
Nederland,Solar,Hour,5203821,5203818,0,0,"2025-01-13 09:00:00","2025-01-13 10:00:00","2026-09-03 21:07:55"
Nederland,Solar,Hour,6756228,6756227,0,0,"2025-01-13 10:00:00","2025-01-13 11:00:00","2026-09-03 21:07:55"
Nederland,Solar,Hour,7404556,7404554,0,0,"2025-01-13 11:00:00","2025-01-13 12:00:00","2026-09-03 21:07:55"
Nederland,Solar,Hour,7377165,7377164,0,0,"2025-01-13 12:00:00","2025-01-13 13:00:00","2026-09-03 21:07:55"
Nederland,Solar,Hour,6400108,6400106,0,0,"2025-01-13 13:00:00","2025-01-13 14:00:00","2026-09-03 21:07:55"
Nederland,Solar,Hour,4600614,4600613,0,0,"2025-01-13 14:00:00","2025-01-13 15:00:00","2026-09-03 21:07:55"
Nederland,Solar,Hour,1212585,1212583,0,0,"2025-01-13 15:00:00","2025-01-13 16:00:00","2026-09-03 21:07:55"
Nederland,Solar,Hour,0,0,0,0,"2025-01-13 16:00:00","2025-01-13 17:00:00","2026-09-03 21:07:55"
Nederland,Solar,Hour,0,0,0,0,"2025-01-13 17:00:00","2025-01-13 18:00:00","2026-09-03 21:07:55"
Nederland,Solar,Hour,0,0,0,0,"2025-01-13 18:00:00","2025-01-13 19:00:00","2026-09-03 21:07:55"
Nederland,Solar,Hour,0,0,0,0,"2025-01-13 19:00:00","2025-01-13 20:00:00","2026-09-03 21:07:55"
Nederland,Solar,Hour,0,0,0,0,"2025-01-13 20:00:00","2025-01-13 21:00:00","2026-09-03 21:07:55"
Nederland,Solar,Hour,0,0,0,0,"2025-01-13 21:00:00","2025-01-13 22:00:00","2026-09-03 21:07:55"
Nederland,Solar,Hour,0,0,0,0,"2025-01-13 22:00:00","2025-01-13 23:00:00","2026-09-03 21:07:55"
Nederland,Solar,Hour,0,0,0,0,"2025-01-13 23:00:00","2025-01-14 00:00:00","2026-09-03 21:07:55"
Nederland,Solar,Hour,0,0,0,0,"2025-01-14 00:00:00","2025-01-14 01:00:00","2026-09-03 21:07:55"
Nederland,Solar,Hour,0,0,0,0,"2025-01-14 01:00:00","2025-01-14 02:00:00","2026-09-03 21:07:55"
Nederland,Solar,Hour,0,0,0,0,"2025-01-14 02:00:00","2025-01-14 03:00:00","2026-09-03 21:07:55"
Nederland,Solar,Hour,0,0,0,0,"2025-01-14 03:00:00","2025-01-14 04:00:00","2026-09-03 21:07:55"
Nederland,Solar,Hour,0,0,0,0,"2025-01-14 04:00:00","2025-01-14 05:00:00","2026-09-03 21:07:55"
Nederland,Solar,Hour,0,0,0,0,"2025-01-14 05:00:00","2025-01-14 06:00:00","2026-09-03 21:07:55"
Nederland,Solar,Hour,0,0,0,0,"2025-01-14 06:00:00","2025-01-14 07:00:00","2026-09-03 21:07:55"
Nederland,Solar,Hour,535,535,0,0,"2025-01-14 07:00:00","2025-01-14 08:00:00","2026-09-03 21:07:55"
Nederland,Solar,Hour,340545,340543,0,0,"2025-01-14 08:00:00","2025-01-14 09:00:00","2026-09-03 21:07:55"
Nederland,Solar,Hour,1464975,1464974,0,0,"2025-01-14 09:00:00","2025-01-14 10:00:00","2026-09-03 21:07:55"
Nederland,Solar,Hour,1844436,1844434,0,0,"2025-01-14 10:00:00","2025-01-14 11:00:00","2026-09-03 21:07:55"
Nederland,Solar,Hour,2700280,2700279,0,0,"2025-01-14 11:00:00","2025-01-14 12:00:00","2026-09-03 21:07:55"
Nederland,Solar,Hour,3211406,3211404,0,0,"2025-01-14 12:00:00","2025-01-14 13:00:00","2026-09-03 21:07:55"
Nederland,Solar,Hour,2584552,2584550,0,0,"2025-01-14 13:00:00","2025-01-14 14:00:00","2026-09-03 21:07:55"
Nederland,Solar,Hour,1020692,1020691,0,0,"2025-01-14 14:00:00","2025-01-14 15:00:00","2026-09-03 21:07:55"
Nederland,Solar,Hour,180678,180675,0,0,"2025-01-14 15:00:00","2025-01-14 16:00:00","2026-09-03 21:07:55"
Nederland,Solar,Hour,0,0,0,0,"2025-01-14 16:00:00","2025-01-14 17:00:00","2026-09-03 21:07:55"
Nederland,Solar,Hour,0,0,0,0,"2025-01-14 17:00:00","2025-01-14 18:00:00","2026-09-03 21:07:55"
Nederland,Solar,Hour,0,0,0,0,"2025-01-14 18:00:00","2025-01-14 19:00:00","2026-09-03 21:07:55"
Nederland,Solar,Hour,0,0,0,0,"2025-01-14 19:00:00","2025-01-14 20:00:00","2026-09-03 21:07:55"
Nederland,Solar,Hour,0,0,0,0,"2025-01-14 20:00:00","2025-01-14 21:00:00","2026-09-03 21:07:55"
Nederland,Solar,Hour,0,0,0,0,"2025-01-14 21:00:00","2025-01-14 22:00:00","2026-09-03 21:07:55"
Nederland,Solar,Hour,0,0,0,0,"2025-01-14 22:00:00","2025-01-14 23:00:00","2026-09-03 21:07:55"
Nederland,Solar,Hour,0,0,0,0,"2025-01-14 23:00:00","2025-01-15 00:00:00","2026-09-03 21:07:55"
Nederland,Solar,Hour,0,0,0,0,"2025-01-15 00:00:00","2025-01-15 01:00:00","2026-09-03 21:06:20"
Nederland,Solar,Hour,0,0,0,0,"2025-01-15 01:00:00","2025-01-15 02:00:00","2026-09-03 21:06:20"
Nederland,Solar,Hour,0,0,0,0,"2025-01-15 02:00:00","2025-01-15 03:00:00","2026-09-03 21:06:20"
Nederland,Solar,Hour,0,0,0,0,"2025-01-15 03:00:00","2025-01-15 04:00:00","2026-09-03 21:06:20"
Nederland,Solar,Hour,0,0,0,0,"2025-01-15 04:00:00","2025-01-15 05:00:00","2026-09-03 21:06:20"
Nederland,Solar,Hour,0,0,0,0,"2025-01-15 05:00:00","2025-01-15 06:00:00","2026-09-03 21:06:20"
Nederland,Solar,Hour,0,0,0,0,"2025-01-15 06:00:00","2025-01-15 07:00:00","2026-09-03 21:06:20"
Nederland,Solar,Hour,0,0,0,0,"2025-01-15 07:00:00","2025-01-15 08:00:00","2026-09-03 21:06:20"
Nederland,Solar,Hour,190760,190758,0,0,"2025-01-15 08:00:00","2025-01-15 09:00:00","2026-09-03 21:06:20"
Nederland,Solar,Hour,886115,886114,0,0,"2025-01-15 09:00:00","2025-01-15 10:00:00","2026-09-03 21:06:20"
Nederland,Solar,Hour,1419917,1419916,0,0,"2025-01-15 10:00:00","2025-01-15 11:00:00","2026-09-03 21:06:20"
Nederland,Solar,Hour,1678740,1678738,0,0,"2025-01-15 11:00:00","2025-01-15 12:00:00","2026-09-03 21:06:20"
Nederland,Solar,Hour,1521751,1521751,0,0,"2025-01-15 12:00:00","2025-01-15 13:00:00","2026-09-03 21:06:20"
Nederland,Solar,Hour,1164649,1164647,0,0,"2025-01-15 13:00:00","2025-01-15 14:00:00","2026-09-03 21:06:20"
Nederland,Solar,Hour,601108,601106,0,0,"2025-01-15 14:00:00","2025-01-15 15:00:00","2026-09-03 21:06:20"
Nederland,Solar,Hour,131884,131882,0,0,"2025-01-15 15:00:00","2025-01-15 16:00:00","2026-09-03 21:06:20"
Nederland,Solar,Hour,0,0,0,0,"2025-01-15 16:00:00","2025-01-15 17:00:00","2026-09-03 21:06:20"
Nederland,Solar,Hour,0,0,0,0,"2025-01-15 17:00:00","2025-01-15 18:00:00","2026-09-03 21:06:20"
Nederland,Solar,Hour,0,0,0,0,"2025-01-15 18:00:00","2025-01-15 19:00:00","2026-09-03 21:06:20"
Nederland,Solar,Hour,0,0,0,0,"2025-01-15 19:00:00","2025-01-15 20:00:00","2026-09-03 21:06:20"
Nederland,Solar,Hour,0,0,0,0,"2025-01-15 20:00:00","2025-01-15 21:00:00","2026-09-03 21:06:20"
Nederland,Solar,Hour,0,0,0,0,"2025-01-15 21:00:00","2025-01-15 22:00:00","2026-09-03 21:06:20"
Nederland,Solar,Hour,0,0,0,0,"2025-01-15 22:00:00","2025-01-15 23:00:00","2026-09-03 21:06:20"
Nederland,Solar,Hour,0,0,0,0,"2025-01-15 23:00:00","2025-01-16 00:00:00","2026-09-03 21:06:20"
Nederland,Solar,Hour,0,0,0,0,"2025-01-16 00:00:00","2025-01-16 01:00:00","2026-09-03 21:06:20"
Nederland,Solar,Hour,0,0,0,0,"2025-01-16 01:00:00","2025-01-16 02:00:00","2026-09-03 21:06:20"
Nederland,Solar,Hour,0,0,0,0,"2025-01-16 02:00:00","2025-01-16 03:00:00","2026-09-03 21:06:20"
Nederland,Solar,Hour,0,0,0,0,"2025-01-16 03:00:00","2025-01-16 04:00:00","2026-09-03 21:06:20"
Nederland,Solar,Hour,0,0,0,0,"2025-01-16 04:00:00","2025-01-16 05:00:00","2026-09-03 21:06:20"
Nederland,Solar,Hour,0,0,0,0,"2025-01-16 05:00:00","2025-01-16 06:00:00","2026-09-03 21:06:20"
Nederland,Solar,Hour,0,0,0,0,"2025-01-16 06:00:00","2025-01-16 07:00:00","2026-09-03 21:06:20"
Nederland,Solar,Hour,0,0,0,0,"2025-01-16 07:00:00","2025-01-16 08:00:00","2026-09-03 21:06:20"
Nederland,Solar,Hour,91585,91583,0,0,"2025-01-16 08:00:00","2025-01-16 09:00:00","2026-09-03 21:06:20"
Nederland,Solar,Hour,496945,496944,0,0,"2025-01-16 09:00:00","2025-01-16 10:00:00","2026-09-03 21:06:20"
Nederland,Solar,Hour,854380,854378,0,0,"2025-01-16 10:00:00","2025-01-16 11:00:00","2026-09-03 21:06:20"
Nederland,Solar,Hour,1006206,1006205,0,0,"2025-01-16 11:00:00","2025-01-16 12:00:00","2026-09-03 21:06:20"
Nederland,Solar,Hour,998114,998113,0,0,"2025-01-16 12:00:00","2025-01-16 13:00:00","2026-09-03 21:06:20"
Nederland,Solar,Hour,760091,760089,0,0,"2025-01-16 13:00:00","2025-01-16 14:00:00","2026-09-03 21:06:20"
Nederland,Solar,Hour,437592,437589,0,0,"2025-01-16 14:00:00","2025-01-16 15:00:00","2026-09-03 21:06:20"
Nederland,Solar,Hour,86196,86194,0,0,"2025-01-16 15:00:00","2025-01-16 16:00:00","2026-09-03 21:06:20"
Nederland,Solar,Hour,0,0,0,0,"2025-01-16 16:00:00","2025-01-16 17:00:00","2026-09-03 21:06:20"
Nederland,Solar,Hour,0,0,0,0,"2025-01-16 17:00:00","2025-01-16 18:00:00","2026-09-03 21:06:20"
Nederland,Solar,Hour,0,0,0,0,"2025-01-16 18:00:00","2025-01-16 19:00:00","2026-09-03 21:06:20"
Nederland,Solar,Hour,0,0,0,0,"2025-01-16 19:00:00","2025-01-16 20:00:00","2026-09-03 21:06:20"
Nederland,Solar,Hour,0,0,0,0,"2025-01-16 20:00:00","2025-01-16 21:00:00","2026-09-03 21:06:20"
Nederland,Solar,Hour,0,0,0,0,"2025-01-16 21:00:00","2025-01-16 22:00:00","2026-09-03 21:06:20"
Nederland,Solar,Hour,0,0,0,0,"2025-01-16 22:00:00","2025-01-16 23:00:00","2026-09-03 21:06:20"
Nederland,Solar,Hour,0,0,0,0,"2025-01-16 23:00:00","2025-01-17 00:00:00","2026-09-03 21:06:20"
Nederland,Solar,Hour,0,0,0,0,"2025-01-17 00:00:00","2025-01-17 01:00:00","2026-09-03 21:06:20"
Nederland,Solar,Hour,0,0,0,0,"2025-01-17 01:00:00","2025-01-17 02:00:00","2026-09-03 21:06:20"
Nederland,Solar,Hour,0,0,0,0,"2025-01-17 02:00:00","2025-01-17 03:00:00","2026-09-03 21:06:20"
Nederland,Solar,Hour,0,0,0,0,"2025-01-17 03:00:00","2025-01-17 04:00:00","2026-09-03 21:06:20"
Nederland,Solar,Hour,0,0,0,0,"2025-01-17 04:00:00","2025-01-17 05:00:00","2026-09-03 21:06:20"
Nederland,Solar,Hour,0,0,0,0,"2025-01-17 05:00:00","2025-01-17 06:00:00","2026-09-03 21:06:20"
Nederland,Solar,Hour,0,0,0,0,"2025-01-17 06:00:00","2025-01-17 07:00:00","2026-09-03 21:06:20"
Nederland,Solar,Hour,0,0,0,0,"2025-01-17 07:00:00","2025-01-17 08:00:00","2026-09-03 21:06:20"
Nederland,Solar,Hour,86041,86040,0,0,"2025-01-17 08:00:00","2025-01-17 09:00:00","2026-09-03 21:06:20"
Nederland,Solar,Hour,492724,492721,0,0,"2025-01-17 09:00:00","2025-01-17 10:00:00","2026-09-03 21:06:20"
Nederland,Solar,Hour,901757,901756,0,0,"2025-01-17 10:00:00","2025-01-17 11:00:00","2026-09-03 21:06:20"
Nederland,Solar,Hour,1141966,1141964,0,0,"2025-01-17 11:00:00","2025-01-17 12:00:00","2026-09-03 21:06:20"
Nederland,Solar,Hour,1141367,1141367,0,0,"2025-01-17 12:00:00","2025-01-17 13:00:00","2026-09-03 21:06:20"
Nederland,Solar,Hour,969581,969579,0,0,"2025-01-17 13:00:00","2025-01-17 14:00:00","2026-09-03 21:06:20"
Nederland,Solar,Hour,531335,531334,0,0,"2025-01-17 14:00:00","2025-01-17 15:00:00","2026-09-03 21:06:20"
Nederland,Solar,Hour,117772,117771,0,0,"2025-01-17 15:00:00","2025-01-17 16:00:00","2026-09-03 21:06:20"
Nederland,Solar,Hour,0,0,0,0,"2025-01-17 16:00:00","2025-01-17 17:00:00","2026-09-03 21:06:20"
Nederland,Solar,Hour,0,0,0,0,"2025-01-17 17:00:00","2025-01-17 18:00:00","2026-09-03 21:06:20"
Nederland,Solar,Hour,0,0,0,0,"2025-01-17 18:00:00","2025-01-17 19:00:00","2026-09-03 21:06:20"
Nederland,Solar,Hour,0,0,0,0,"2025-01-17 19:00:00","2025-01-17 20:00:00","2026-09-03 21:06:20"
Nederland,Solar,Hour,0,0,0,0,"2025-01-17 20:00:00","2025-01-17 21:00:00","2026-09-03 21:06:20"
Nederland,Solar,Hour,0,0,0,0,"2025-01-17 21:00:00","2025-01-17 22:00:00","2026-09-03 21:06:20"
Nederland,Solar,Hour,0,0,0,0,"2025-01-17 22:00:00","2025-01-17 23:00:00","2026-09-03 21:06:20"
Nederland,Solar,Hour,0,0,0,0,"2025-01-17 23:00:00","2025-01-18 00:00:00","2026-09-03 21:06:20"
Nederland,Solar,Hour,0,0,0,0,"2025-01-18 00:00:00","2025-01-18 01:00:00","2026-09-03 21:06:20"
Nederland,Solar,Hour,0,0,0,0,"2025-01-18 01:00:00","2025-01-18 02:00:00","2026-09-03 21:06:20"
Nederland,Solar,Hour,0,0,0,0,"2025-01-18 02:00:00","2025-01-18 03:00:00","2026-09-03 21:06:20"
Nederland,Solar,Hour,0,0,0,0,"2025-01-18 03:00:00","2025-01-18 04:00:00","2026-09-03 21:06:20"
Nederland,Solar,Hour,0,0,0,0,"2025-01-18 04:00:00","2025-01-18 05:00:00","2026-09-03 21:06:20"
Nederland,Solar,Hour,0,0,0,0,"2025-01-18 05:00:00","2025-01-18 06:00:00","2026-09-03 21:06:20"
Nederland,Solar,Hour,0,0,0,0,"2025-01-18 06:00:00","2025-01-18 07:00:00","2026-09-03 21:06:20"
Nederland,Solar,Hour,0,0,0,0,"2025-01-18 07:00:00","2025-01-18 08:00:00","2026-09-03 21:06:20"
Nederland,Solar,Hour,127176,127174,0,0,"2025-01-18 08:00:00","2025-01-18 09:00:00","2026-09-03 21:06:20"
Nederland,Solar,Hour,711869,711868,0,0,"2025-01-18 09:00:00","2025-01-18 10:00:00","2026-09-03 21:06:20"
Nederland,Solar,Hour,1329805,1329803,0,0,"2025-01-18 10:00:00","2025-01-18 11:00:00","2026-09-03 21:06:20"
Nederland,Solar,Hour,1823167,1823166,0,0,"2025-01-18 11:00:00","2025-01-18 12:00:00","2026-09-03 21:06:20"
Nederland,Solar,Hour,1798407,1798404,0,0,"2025-01-18 12:00:00","2025-01-18 13:00:00","2026-09-03 21:06:20"
Nederland,Solar,Hour,1366368,1366365,0,0,"2025-01-18 13:00:00","2025-01-18 14:00:00","2026-09-03 21:06:20"
Nederland,Solar,Hour,771660,771659,0,0,"2025-01-18 14:00:00","2025-01-18 15:00:00","2026-09-03 21:06:20"
Nederland,Solar,Hour,190093,190090,0,0,"2025-01-18 15:00:00","2025-01-18 16:00:00","2026-09-03 21:06:20"
Nederland,Solar,Hour,0,0,0,0,"2025-01-18 16:00:00","2025-01-18 17:00:00","2026-09-03 21:06:20"
Nederland,Solar,Hour,0,0,0,0,"2025-01-18 17:00:00","2025-01-18 18:00:00","2026-09-03 21:06:20"
Nederland,Solar,Hour,0,0,0,0,"2025-01-18 18:00:00","2025-01-18 19:00:00","2026-09-03 21:06:20"
Nederland,Solar,Hour,0,0,0,0,"2025-01-18 19:00:00","2025-01-18 20:00:00","2026-09-03 21:06:20"
Nederland,Solar,Hour,0,0,0,0,"2025-01-18 20:00:00","2025-01-18 21:00:00","2026-09-03 21:06:20"
Nederland,Solar,Hour,0,0,0,0,"2025-01-18 21:00:00","2025-01-18 22:00:00","2026-09-03 21:06:20"
Nederland,Solar,Hour,0,0,0,0,"2025-01-18 22:00:00","2025-01-18 23:00:00","2026-09-03 21:06:20"
Nederland,Solar,Hour,0,0,0,0,"2025-01-18 23:00:00","2025-01-19 00:00:00","2026-09-03 21:06:20"
Nederland,Solar,Hour,0,0,0,0,"2025-01-19 00:00:00","2025-01-19 01:00:00","2026-09-03 21:06:20"
Nederland,Solar,Hour,0,0,0,0,"2025-01-19 01:00:00","2025-01-19 02:00:00","2026-09-03 21:06:20"
Nederland,Solar,Hour,0,0,0,0,"2025-01-19 02:00:00","2025-01-19 03:00:00","2026-09-03 21:06:20"
Nederland,Solar,Hour,0,0,0,0,"2025-01-19 03:00:00","2025-01-19 04:00:00","2026-09-03 21:06:20"
Nederland,Solar,Hour,0,0,0,0,"2025-01-19 04:00:00","2025-01-19 05:00:00","2026-09-03 21:06:20"
Nederland,Solar,Hour,0,0,0,0,"2025-01-19 05:00:00","2025-01-19 06:00:00","2026-09-03 21:06:20"
Nederland,Solar,Hour,0,0,0,0,"2025-01-19 06:00:00","2025-01-19 07:00:00","2026-09-03 21:06:20"
Nederland,Solar,Hour,0,0,0,0,"2025-01-19 07:00:00","2025-01-19 08:00:00","2026-09-03 21:06:20"
Nederland,Solar,Hour,85235,85233,0,0,"2025-01-19 08:00:00","2025-01-19 09:00:00","2026-09-03 21:06:20"
Nederland,Solar,Hour,475786,475783,0,0,"2025-01-19 09:00:00","2025-01-19 10:00:00","2026-09-03 21:06:20"
Nederland,Solar,Hour,886372,886370,0,0,"2025-01-19 10:00:00","2025-01-19 11:00:00","2026-09-03 21:06:20"
Nederland,Solar,Hour,1067509,1067506,0,0,"2025-01-19 11:00:00","2025-01-19 12:00:00","2026-09-03 21:06:20"
Nederland,Solar,Hour,1095848,1095847,0,0,"2025-01-19 12:00:00","2025-01-19 13:00:00","2026-09-03 21:06:20"
Nederland,Solar,Hour,856109,856108,0,0,"2025-01-19 13:00:00","2025-01-19 14:00:00","2026-09-03 21:06:20"
Nederland,Solar,Hour,466017,466016,0,0,"2025-01-19 14:00:00","2025-01-19 15:00:00","2026-09-03 21:06:20"
Nederland,Solar,Hour,102994,102992,0,0,"2025-01-19 15:00:00","2025-01-19 16:00:00","2026-09-03 21:06:20"
Nederland,Solar,Hour,0,0,0,0,"2025-01-19 16:00:00","2025-01-19 17:00:00","2026-09-03 21:06:20"
Nederland,Solar,Hour,0,0,0,0,"2025-01-19 17:00:00","2025-01-19 18:00:00","2026-09-03 21:06:20"
Nederland,Solar,Hour,0,0,0,0,"2025-01-19 18:00:00","2025-01-19 19:00:00","2026-09-03 21:06:20"
Nederland,Solar,Hour,0,0,0,0,"2025-01-19 19:00:00","2025-01-19 20:00:00","2026-09-03 21:06:20"
Nederland,Solar,Hour,0,0,0,0,"2025-01-19 20:00:00","2025-01-19 21:00:00","2026-09-03 21:06:20"
Nederland,Solar,Hour,0,0,0,0,"2025-01-19 21:00:00","2025-01-19 22:00:00","2026-09-03 21:06:20"
Nederland,Solar,Hour,0,0,0,0,"2025-01-19 22:00:00","2025-01-19 23:00:00","2026-09-03 21:06:20"
Nederland,Solar,Hour,0,0,0,0,"2025-01-19 23:00:00","2025-01-20 00:00:00","2026-09-03 21:06:20"
Nederland,Solar,Hour,0,0,0,0,"2025-01-20 00:00:00","2025-01-20 01:00:00","2026-09-03 21:04:45"
Nederland,Solar,Hour,0,0,0,0,"2025-01-20 01:00:00","2025-01-20 02:00:00","2026-09-03 21:04:45"
Nederland,Solar,Hour,0,0,0,0,"2025-01-20 02:00:00","2025-01-20 03:00:00","2026-09-03 21:04:45"
Nederland,Solar,Hour,0,0,0,0,"2025-01-20 03:00:00","2025-01-20 04:00:00","2026-09-03 21:04:45"
Nederland,Solar,Hour,0,0,0,0,"2025-01-20 04:00:00","2025-01-20 05:00:00","2026-09-03 21:04:45"
Nederland,Solar,Hour,0,0,0,0,"2025-01-20 05:00:00","2025-01-20 06:00:00","2026-09-03 21:04:45"
Nederland,Solar,Hour,0,0,0,0,"2025-01-20 06:00:00","2025-01-20 07:00:00","2026-09-03 21:04:45"
Nederland,Solar,Hour,0,0,0,0,"2025-01-20 07:00:00","2025-01-20 08:00:00","2026-09-03 21:04:45"
Nederland,Solar,Hour,69483,69482,0,0,"2025-01-20 08:00:00","2025-01-20 09:00:00","2026-09-03 21:04:45"
Nederland,Solar,Hour,434415,434414,0,0,"2025-01-20 09:00:00","2025-01-20 10:00:00","2026-09-03 21:04:45"
Nederland,Solar,Hour,649242,649240,0,0,"2025-01-20 10:00:00","2025-01-20 11:00:00","2026-09-03 21:04:45"
Nederland,Solar,Hour,720091,720088,0,0,"2025-01-20 11:00:00","2025-01-20 12:00:00","2026-09-03 21:04:45"
Nederland,Solar,Hour,749342,749340,0,0,"2025-01-20 12:00:00","2025-01-20 13:00:00","2026-09-03 21:04:45"
Nederland,Solar,Hour,647574,647572,0,0,"2025-01-20 13:00:00","2025-01-20 14:00:00","2026-09-03 21:04:45"
Nederland,Solar,Hour,400018,400016,0,0,"2025-01-20 14:00:00","2025-01-20 15:00:00","2026-09-03 21:04:45"
Nederland,Solar,Hour,111720,111718,0,0,"2025-01-20 15:00:00","2025-01-20 16:00:00","2026-09-03 21:04:45"
Nederland,Solar,Hour,80,80,0,0,"2025-01-20 16:00:00","2025-01-20 17:00:00","2026-09-03 21:04:45"
Nederland,Solar,Hour,0,0,0,0,"2025-01-20 17:00:00","2025-01-20 18:00:00","2026-09-03 21:04:45"
Nederland,Solar,Hour,0,0,0,0,"2025-01-20 18:00:00","2025-01-20 19:00:00","2026-09-03 21:04:45"
Nederland,Solar,Hour,0,0,0,0,"2025-01-20 19:00:00","2025-01-20 20:00:00","2026-09-03 21:04:45"
Nederland,Solar,Hour,0,0,0,0,"2025-01-20 20:00:00","2025-01-20 21:00:00","2026-09-03 21:04:45"
Nederland,Solar,Hour,0,0,0,0,"2025-01-20 21:00:00","2025-01-20 22:00:00","2026-09-03 21:04:45"
Nederland,Solar,Hour,0,0,0,0,"2025-01-20 22:00:00","2025-01-20 23:00:00","2026-09-03 21:04:45"
Nederland,Solar,Hour,0,0,0,0,"2025-01-20 23:00:00","2025-01-21 00:00:00","2026-09-03 21:04:45"
Nederland,Solar,Hour,0,0,0,0,"2025-01-21 00:00:00","2025-01-21 01:00:00","2026-09-03 21:04:45"
Nederland,Solar,Hour,0,0,0,0,"2025-01-21 01:00:00","2025-01-21 02:00:00","2026-09-03 21:04:45"
Nederland,Solar,Hour,0,0,0,0,"2025-01-21 02:00:00","2025-01-21 03:00:00","2026-09-03 21:04:45"
Nederland,Solar,Hour,0,0,0,0,"2025-01-21 03:00:00","2025-01-21 04:00:00","2026-09-03 21:04:45"
Nederland,Solar,Hour,0,0,0,0,"2025-01-21 04:00:00","2025-01-21 05:00:00","2026-09-03 21:04:45"
Nederland,Solar,Hour,0,0,0,0,"2025-01-21 05:00:00","2025-01-21 06:00:00","2026-09-03 21:04:45"
Nederland,Solar,Hour,0,0,0,0,"2025-01-21 06:00:00","2025-01-21 07:00:00","2026-09-03 21:04:45"
Nederland,Solar,Hour,0,0,0,0,"2025-01-21 07:00:00","2025-01-21 08:00:00","2026-09-03 21:04:45"
Nederland,Solar,Hour,142582,142579,0,0,"2025-01-21 08:00:00","2025-01-21 09:00:00","2026-09-03 21:04:45"
Nederland,Solar,Hour,704024,704021,0,0,"2025-01-21 09:00:00","2025-01-21 10:00:00","2026-09-03 21:04:45"
Nederland,Solar,Hour,1258593,1258591,0,0,"2025-01-21 10:00:00","2025-01-21 11:00:00","2026-09-03 21:04:45"
Nederland,Solar,Hour,1540399,1540398,0,0,"2025-01-21 11:00:00","2025-01-21 12:00:00","2026-09-03 21:04:45"
Nederland,Solar,Hour,1675203,1675201,0,0,"2025-01-21 12:00:00","2025-01-21 13:00:00","2026-09-03 21:04:45"
Nederland,Solar,Hour,1449228,1449226,0,0,"2025-01-21 13:00:00","2025-01-21 14:00:00","2026-09-03 21:04:45"
Nederland,Solar,Hour,956659,956657,0,0,"2025-01-21 14:00:00","2025-01-21 15:00:00","2026-09-03 21:04:45"
Nederland,Solar,Hour,330503,330502,0,0,"2025-01-21 15:00:00","2025-01-21 16:00:00","2026-09-03 21:04:45"
Nederland,Solar,Hour,3294,3293,0,0,"2025-01-21 16:00:00","2025-01-21 17:00:00","2026-09-03 21:04:45"
Nederland,Solar,Hour,0,0,0,0,"2025-01-21 17:00:00","2025-01-21 18:00:00","2026-09-03 21:04:45"
Nederland,Solar,Hour,0,0,0,0,"2025-01-21 18:00:00","2025-01-21 19:00:00","2026-09-03 21:04:45"
Nederland,Solar,Hour,0,0,0,0,"2025-01-21 19:00:00","2025-01-21 20:00:00","2026-09-03 21:04:45"
Nederland,Solar,Hour,0,0,0,0,"2025-01-21 20:00:00","2025-01-21 21:00:00","2026-09-03 21:04:45"
Nederland,Solar,Hour,0,0,0,0,"2025-01-21 21:00:00","2025-01-21 22:00:00","2026-09-03 21:04:45"
Nederland,Solar,Hour,0,0,0,0,"2025-01-21 22:00:00","2025-01-21 23:00:00","2026-09-03 21:04:45"
Nederland,Solar,Hour,0,0,0,0,"2025-01-21 23:00:00","2025-01-22 00:00:00","2026-09-03 21:04:45"
Nederland,Solar,Hour,0,0,0,0,"2025-01-22 00:00:00","2025-01-22 01:00:00","2026-09-03 21:04:45"
Nederland,Solar,Hour,0,0,0,0,"2025-01-22 01:00:00","2025-01-22 02:00:00","2026-09-03 21:04:45"
Nederland,Solar,Hour,0,0,0,0,"2025-01-22 02:00:00","2025-01-22 03:00:00","2026-09-03 21:04:45"
Nederland,Solar,Hour,0,0,0,0,"2025-01-22 03:00:00","2025-01-22 04:00:00","2026-09-03 21:04:45"
Nederland,Solar,Hour,0,0,0,0,"2025-01-22 04:00:00","2025-01-22 05:00:00","2026-09-03 21:04:45"
Nederland,Solar,Hour,0,0,0,0,"2025-01-22 05:00:00","2025-01-22 06:00:00","2026-09-03 21:04:45"
Nederland,Solar,Hour,0,0,0,0,"2025-01-22 06:00:00","2025-01-22 07:00:00","2026-09-03 21:04:45"
Nederland,Solar,Hour,0,0,0,0,"2025-01-22 07:00:00","2025-01-22 08:00:00","2026-09-03 21:04:45"
Nederland,Solar,Hour,303612,303610,0,0,"2025-01-22 08:00:00","2025-01-22 09:00:00","2026-09-03 21:04:45"
Nederland,Solar,Hour,1110521,1110519,0,0,"2025-01-22 09:00:00","2025-01-22 10:00:00","2026-09-03 21:04:45"
Nederland,Solar,Hour,1719797,1719795,0,0,"2025-01-22 10:00:00","2025-01-22 11:00:00","2026-09-03 21:04:45"
Nederland,Solar,Hour,1856618,1856617,0,0,"2025-01-22 11:00:00","2025-01-22 12:00:00","2026-09-03 21:04:45"
Nederland,Solar,Hour,1847627,1847626,0,0,"2025-01-22 12:00:00","2025-01-22 13:00:00","2026-09-03 21:04:45"
Nederland,Solar,Hour,1161427,1161424,0,0,"2025-01-22 13:00:00","2025-01-22 14:00:00","2026-09-03 21:04:45"
Nederland,Solar,Hour,542255,542253,0,0,"2025-01-22 14:00:00","2025-01-22 15:00:00","2026-09-03 21:04:45"
Nederland,Solar,Hour,134830,134828,0,0,"2025-01-22 15:00:00","2025-01-22 16:00:00","2026-09-03 21:04:45"
Nederland,Solar,Hour,0,0,0,0,"2025-01-22 16:00:00","2025-01-22 17:00:00","2026-09-03 21:04:45"
Nederland,Solar,Hour,0,0,0,0,"2025-01-22 17:00:00","2025-01-22 18:00:00","2026-09-03 21:04:45"
Nederland,Solar,Hour,0,0,0,0,"2025-01-22 18:00:00","2025-01-22 19:00:00","2026-09-03 21:04:45"
Nederland,Solar,Hour,0,0,0,0,"2025-01-22 19:00:00","2025-01-22 20:00:00","2026-09-03 21:04:45"
Nederland,Solar,Hour,0,0,0,0,"2025-01-22 20:00:00","2025-01-22 21:00:00","2026-09-03 21:04:45"
Nederland,Solar,Hour,0,0,0,0,"2025-01-22 21:00:00","2025-01-22 22:00:00","2026-09-03 21:04:45"
Nederland,Solar,Hour,0,0,0,0,"2025-01-22 22:00:00","2025-01-22 23:00:00","2026-09-03 21:04:45"
Nederland,Solar,Hour,0,0,0,0,"2025-01-22 23:00:00","2025-01-23 00:00:00","2026-09-03 21:04:45"
Nederland,Solar,Hour,0,0,0,0,"2025-01-23 00:00:00","2025-01-23 01:00:00","2026-09-03 21:04:45"
Nederland,Solar,Hour,0,0,0,0,"2025-01-23 01:00:00","2025-01-23 02:00:00","2026-09-03 21:04:45"
Nederland,Solar,Hour,0,0,0,0,"2025-01-23 02:00:00","2025-01-23 03:00:00","2026-09-03 21:04:45"
Nederland,Solar,Hour,0,0,0,0,"2025-01-23 03:00:00","2025-01-23 04:00:00","2026-09-03 21:04:45"
Nederland,Solar,Hour,0,0,0,0,"2025-01-23 04:00:00","2025-01-23 05:00:00","2026-09-03 21:04:45"
Nederland,Solar,Hour,0,0,0,0,"2025-01-23 05:00:00","2025-01-23 06:00:00","2026-09-03 21:04:45"
Nederland,Solar,Hour,0,0,0,0,"2025-01-23 06:00:00","2025-01-23 07:00:00","2026-09-03 21:04:45"
Nederland,Solar,Hour,0,0,0,0,"2025-01-23 07:00:00","2025-01-23 08:00:00","2026-09-03 21:04:45"
Nederland,Solar,Hour,399182,399180,0,0,"2025-01-23 08:00:00","2025-01-23 09:00:00","2026-09-03 21:04:45"
Nederland,Solar,Hour,1831477,1831474,0,0,"2025-01-23 09:00:00","2025-01-23 10:00:00","2026-09-03 21:04:45"
Nederland,Solar,Hour,2647774,2647771,0,0,"2025-01-23 10:00:00","2025-01-23 11:00:00","2026-09-03 21:04:45"
Nederland,Solar,Hour,2784798,2784796,0,0,"2025-01-23 11:00:00","2025-01-23 12:00:00","2026-09-03 21:04:45"
Nederland,Solar,Hour,2380347,2380346,0,0,"2025-01-23 12:00:00","2025-01-23 13:00:00","2026-09-03 21:04:45"
Nederland,Solar,Hour,1636285,1636282,0,0,"2025-01-23 13:00:00","2025-01-23 14:00:00","2026-09-03 21:04:45"
Nederland,Solar,Hour,1067652,1067648,0,0,"2025-01-23 14:00:00","2025-01-23 15:00:00","2026-09-03 21:04:45"
Nederland,Solar,Hour,466353,466352,0,0,"2025-01-23 15:00:00","2025-01-23 16:00:00","2026-09-03 21:04:45"
Nederland,Solar,Hour,9607,9607,0,0,"2025-01-23 16:00:00","2025-01-23 17:00:00","2026-09-03 21:04:45"
Nederland,Solar,Hour,0,0,0,0,"2025-01-23 17:00:00","2025-01-23 18:00:00","2026-09-03 21:04:45"
Nederland,Solar,Hour,0,0,0,0,"2025-01-23 18:00:00","2025-01-23 19:00:00","2026-09-03 21:04:45"
Nederland,Solar,Hour,0,0,0,0,"2025-01-23 19:00:00","2025-01-23 20:00:00","2026-09-03 21:04:45"
Nederland,Solar,Hour,0,0,0,0,"2025-01-23 20:00:00","2025-01-23 21:00:00","2026-09-03 21:04:45"
Nederland,Solar,Hour,0,0,0,0,"2025-01-23 21:00:00","2025-01-23 22:00:00","2026-09-03 21:04:45"
Nederland,Solar,Hour,0,0,0,0,"2025-01-23 22:00:00","2025-01-23 23:00:00","2026-09-03 21:04:45"
Nederland,Solar,Hour,0,0,0,0,"2025-01-23 23:00:00","2025-01-24 00:00:00","2026-09-03 21:04:45"
Nederland,Solar,Hour,0,0,0,0,"2025-01-24 00:00:00","2025-01-24 01:00:00","2026-09-03 21:04:45"
Nederland,Solar,Hour,0,0,0,0,"2025-01-24 01:00:00","2025-01-24 02:00:00","2026-09-03 21:04:45"
Nederland,Solar,Hour,0,0,0,0,"2025-01-24 02:00:00","2025-01-24 03:00:00","2026-09-03 21:04:45"
Nederland,Solar,Hour,0,0,0,0,"2025-01-24 03:00:00","2025-01-24 04:00:00","2026-09-03 21:04:45"
Nederland,Solar,Hour,0,0,0,0,"2025-01-24 04:00:00","2025-01-24 05:00:00","2026-09-03 21:04:45"
Nederland,Solar,Hour,0,0,0,0,"2025-01-24 05:00:00","2025-01-24 06:00:00","2026-09-03 21:04:45"
Nederland,Solar,Hour,0,0,0,0,"2025-01-24 06:00:00","2025-01-24 07:00:00","2026-09-03 21:04:45"
Nederland,Solar,Hour,0,0,0,0,"2025-01-24 07:00:00","2025-01-24 08:00:00","2026-09-03 21:04:45"
Nederland,Solar,Hour,133275,133273,0,0,"2025-01-24 08:00:00","2025-01-24 09:00:00","2026-09-03 21:04:45"
Nederland,Solar,Hour,469960,469957,0,0,"2025-01-24 09:00:00","2025-01-24 10:00:00","2026-09-03 21:04:45"
Nederland,Solar,Hour,664492,664490,0,0,"2025-01-24 10:00:00","2025-01-24 11:00:00","2026-09-03 21:04:45"
Nederland,Solar,Hour,564040,564038,0,0,"2025-01-24 11:00:00","2025-01-24 12:00:00","2026-09-03 21:04:45"
Nederland,Solar,Hour,538382,538379,0,0,"2025-01-24 12:00:00","2025-01-24 13:00:00","2026-09-03 21:04:45"
Nederland,Solar,Hour,519858,519856,0,0,"2025-01-24 13:00:00","2025-01-24 14:00:00","2026-09-03 21:04:45"
Nederland,Solar,Hour,561324,561322,0,0,"2025-01-24 14:00:00","2025-01-24 15:00:00","2026-09-03 21:04:45"
Nederland,Solar,Hour,338652,338651,0,0,"2025-01-24 15:00:00","2025-01-24 16:00:00","2026-09-03 21:04:45"
Nederland,Solar,Hour,6339,6339,0,0,"2025-01-24 16:00:00","2025-01-24 17:00:00","2026-09-03 21:04:45"
Nederland,Solar,Hour,0,0,0,0,"2025-01-24 17:00:00","2025-01-24 18:00:00","2026-09-03 21:04:45"
Nederland,Solar,Hour,0,0,0,0,"2025-01-24 18:00:00","2025-01-24 19:00:00","2026-09-03 21:04:45"
Nederland,Solar,Hour,0,0,0,0,"2025-01-24 19:00:00","2025-01-24 20:00:00","2026-09-03 21:04:45"
Nederland,Solar,Hour,0,0,0,0,"2025-01-24 20:00:00","2025-01-24 21:00:00","2026-09-03 21:04:45"
Nederland,Solar,Hour,0,0,0,0,"2025-01-24 21:00:00","2025-01-24 22:00:00","2026-09-03 21:04:45"
Nederland,Solar,Hour,0,0,0,0,"2025-01-24 22:00:00","2025-01-24 23:00:00","2026-09-03 21:04:45"
Nederland,Solar,Hour,0,0,0,0,"2025-01-24 23:00:00","2025-01-25 00:00:00","2026-09-03 21:04:45"
Nederland,Solar,Hour,0,0,0,0,"2025-01-25 00:00:00","2025-01-25 01:00:00","2026-09-03 21:03:10"
Nederland,Solar,Hour,0,0,0,0,"2025-01-25 01:00:00","2025-01-25 02:00:00","2026-09-03 21:03:10"
Nederland,Solar,Hour,0,0,0,0,"2025-01-25 02:00:00","2025-01-25 03:00:00","2026-09-03 21:03:10"
Nederland,Solar,Hour,0,0,0,0,"2025-01-25 03:00:00","2025-01-25 04:00:00","2026-09-03 21:03:10"
Nederland,Solar,Hour,0,0,0,0,"2025-01-25 04:00:00","2025-01-25 05:00:00","2026-09-03 21:03:10"
Nederland,Solar,Hour,0,0,0,0,"2025-01-25 05:00:00","2025-01-25 06:00:00","2026-09-03 21:03:10"
Nederland,Solar,Hour,0,0,0,0,"2025-01-25 06:00:00","2025-01-25 07:00:00","2026-09-03 21:03:10"
Nederland,Solar,Hour,0,0,0,0,"2025-01-25 07:00:00","2025-01-25 08:00:00","2026-09-03 21:03:10"
Nederland,Solar,Hour,138575,138572,0,0,"2025-01-25 08:00:00","2025-01-25 09:00:00","2026-09-03 21:03:10"
Nederland,Solar,Hour,842581,842578,0,0,"2025-01-25 09:00:00","2025-01-25 10:00:00","2026-09-03 21:03:10"
Nederland,Solar,Hour,1752798,1752796,0,0,"2025-01-25 10:00:00","2025-01-25 11:00:00","2026-09-03 21:03:10"
Nederland,Solar,Hour,2318871,2318869,0,0,"2025-01-25 11:00:00","2025-01-25 12:00:00","2026-09-03 21:03:10"
Nederland,Solar,Hour,2384462,2384461,0,0,"2025-01-25 12:00:00","2025-01-25 13:00:00","2026-09-03 21:03:10"
Nederland,Solar,Hour,2873896,2873895,0,0,"2025-01-25 13:00:00","2025-01-25 14:00:00","2026-09-03 21:03:10"
Nederland,Solar,Hour,2192284,2192282,0,0,"2025-01-25 14:00:00","2025-01-25 15:00:00","2026-09-03 21:03:10"
Nederland,Solar,Hour,699718,699715,0,0,"2025-01-25 15:00:00","2025-01-25 16:00:00","2026-09-03 21:03:10"
Nederland,Solar,Hour,3877,3877,0,0,"2025-01-25 16:00:00","2025-01-25 17:00:00","2026-09-03 21:03:10"
Nederland,Solar,Hour,0,0,0,0,"2025-01-25 17:00:00","2025-01-25 18:00:00","2026-09-03 21:03:10"
Nederland,Solar,Hour,0,0,0,0,"2025-01-25 18:00:00","2025-01-25 19:00:00","2026-09-03 21:03:10"
Nederland,Solar,Hour,0,0,0,0,"2025-01-25 19:00:00","2025-01-25 20:00:00","2026-09-03 21:03:10"
Nederland,Solar,Hour,0,0,0,0,"2025-01-25 20:00:00","2025-01-25 21:00:00","2026-09-03 21:03:10"
Nederland,Solar,Hour,0,0,0,0,"2025-01-25 21:00:00","2025-01-25 22:00:00","2026-09-03 21:03:10"
Nederland,Solar,Hour,0,0,0,0,"2025-01-25 22:00:00","2025-01-25 23:00:00","2026-09-03 21:03:10"
Nederland,Solar,Hour,0,0,0,0,"2025-01-25 23:00:00","2025-01-26 00:00:00","2026-09-03 21:03:10"
Nederland,Solar,Hour,0,0,0,0,"2025-01-26 00:00:00","2025-01-26 01:00:00","2026-09-03 21:03:10"
Nederland,Solar,Hour,0,0,0,0,"2025-01-26 01:00:00","2025-01-26 02:00:00","2026-09-03 21:03:10"
Nederland,Solar,Hour,0,0,0,0,"2025-01-26 02:00:00","2025-01-26 03:00:00","2026-09-03 21:03:10"
Nederland,Solar,Hour,0,0,0,0,"2025-01-26 03:00:00","2025-01-26 04:00:00","2026-09-03 21:03:10"
Nederland,Solar,Hour,0,0,0,0,"2025-01-26 04:00:00","2025-01-26 05:00:00","2026-09-03 21:03:10"
Nederland,Solar,Hour,0,0,0,0,"2025-01-26 05:00:00","2025-01-26 06:00:00","2026-09-03 21:03:10"
Nederland,Solar,Hour,0,0,0,0,"2025-01-26 06:00:00","2025-01-26 07:00:00","2026-09-03 21:03:10"
Nederland,Solar,Hour,0,0,0,0,"2025-01-26 07:00:00","2025-01-26 08:00:00","2026-09-03 21:03:10"
Nederland,Solar,Hour,420750,420748,0,0,"2025-01-26 08:00:00","2025-01-26 09:00:00","2026-09-03 21:03:10"
Nederland,Solar,Hour,2654072,2654069,0,0,"2025-01-26 09:00:00","2025-01-26 10:00:00","2026-09-03 21:03:10"
Nederland,Solar,Hour,4814349,4814348,0,0,"2025-01-26 10:00:00","2025-01-26 11:00:00","2026-09-03 21:03:10"
Nederland,Solar,Hour,6352540,6352538,0,0,"2025-01-26 11:00:00","2025-01-26 12:00:00","2026-09-03 21:03:10"
Nederland,Solar,Hour,6008277,6008275,0,0,"2025-01-26 12:00:00","2025-01-26 13:00:00","2026-09-03 21:03:10"
Nederland,Solar,Hour,3995264,3995261,0,0,"2025-01-26 13:00:00","2025-01-26 14:00:00","2026-09-03 21:03:10"
Nederland,Solar,Hour,1596568,1596565,0,0,"2025-01-26 14:00:00","2025-01-26 15:00:00","2026-09-03 21:03:10"
Nederland,Solar,Hour,563372,563371,0,0,"2025-01-26 15:00:00","2025-01-26 16:00:00","2026-09-03 21:03:10"
Nederland,Solar,Hour,24503,24502,0,0,"2025-01-26 16:00:00","2025-01-26 17:00:00","2026-09-03 21:03:10"
Nederland,Solar,Hour,0,0,0,0,"2025-01-26 17:00:00","2025-01-26 18:00:00","2026-09-03 21:03:10"
Nederland,Solar,Hour,0,0,0,0,"2025-01-26 18:00:00","2025-01-26 19:00:00","2026-09-03 21:03:10"
Nederland,Solar,Hour,0,0,0,0,"2025-01-26 19:00:00","2025-01-26 20:00:00","2026-09-03 21:03:10"
Nederland,Solar,Hour,0,0,0,0,"2025-01-26 20:00:00","2025-01-26 21:00:00","2026-09-03 21:03:10"
Nederland,Solar,Hour,0,0,0,0,"2025-01-26 21:00:00","2025-01-26 22:00:00","2026-09-03 21:03:10"
Nederland,Solar,Hour,0,0,0,0,"2025-01-26 22:00:00","2025-01-26 23:00:00","2026-09-03 21:03:10"
Nederland,Solar,Hour,0,0,0,0,"2025-01-26 23:00:00","2025-01-27 00:00:00","2026-09-03 21:03:10"
Nederland,Solar,Hour,0,0,0,0,"2025-01-27 00:00:00","2025-01-27 01:00:00","2026-09-03 21:03:10"
Nederland,Solar,Hour,0,0,0,0,"2025-01-27 01:00:00","2025-01-27 02:00:00","2026-09-03 21:03:10"
Nederland,Solar,Hour,0,0,0,0,"2025-01-27 02:00:00","2025-01-27 03:00:00","2026-09-03 21:03:10"
Nederland,Solar,Hour,0,0,0,0,"2025-01-27 03:00:00","2025-01-27 04:00:00","2026-09-03 21:03:10"
Nederland,Solar,Hour,0,0,0,0,"2025-01-27 04:00:00","2025-01-27 05:00:00","2026-09-03 21:03:10"
Nederland,Solar,Hour,0,0,0,0,"2025-01-27 05:00:00","2025-01-27 06:00:00","2026-09-03 21:03:10"
Nederland,Solar,Hour,0,0,0,0,"2025-01-27 06:00:00","2025-01-27 07:00:00","2026-09-03 21:03:10"
Nederland,Solar,Hour,80,80,0,0,"2025-01-27 07:00:00","2025-01-27 08:00:00","2026-09-03 21:03:10"
Nederland,Solar,Hour,701265,701263,0,0,"2025-01-27 08:00:00","2025-01-27 09:00:00","2026-09-03 21:03:10"
Nederland,Solar,Hour,3509819,3509817,0,0,"2025-01-27 09:00:00","2025-01-27 10:00:00","2026-09-03 21:03:10"
Nederland,Solar,Hour,5288412,5288411,0,0,"2025-01-27 10:00:00","2025-01-27 11:00:00","2026-09-03 21:03:10"
Nederland,Solar,Hour,5704262,5704260,0,0,"2025-01-27 11:00:00","2025-01-27 12:00:00","2026-09-03 21:03:10"
Nederland,Solar,Hour,5928179,5928177,0,0,"2025-01-27 12:00:00","2025-01-27 13:00:00","2026-09-03 21:03:10"
Nederland,Solar,Hour,4630242,4630240,0,0,"2025-01-27 13:00:00","2025-01-27 14:00:00","2026-09-03 21:03:10"
Nederland,Solar,Hour,4393636,4393634,0,0,"2025-01-27 14:00:00","2025-01-27 15:00:00","2026-09-03 21:03:10"
Nederland,Solar,Hour,2522472,2522470,0,0,"2025-01-27 15:00:00","2025-01-27 16:00:00","2026-09-03 21:03:10"
Nederland,Solar,Hour,77268,77268,0,0,"2025-01-27 16:00:00","2025-01-27 17:00:00","2026-09-03 21:03:10"
Nederland,Solar,Hour,0,0,0,0,"2025-01-27 17:00:00","2025-01-27 18:00:00","2026-09-03 21:03:10"
Nederland,Solar,Hour,0,0,0,0,"2025-01-27 18:00:00","2025-01-27 19:00:00","2026-09-03 21:03:10"
Nederland,Solar,Hour,0,0,0,0,"2025-01-27 19:00:00","2025-01-27 20:00:00","2026-09-03 21:03:10"
Nederland,Solar,Hour,0,0,0,0,"2025-01-27 20:00:00","2025-01-27 21:00:00","2026-09-03 21:03:10"
Nederland,Solar,Hour,0,0,0,0,"2025-01-27 21:00:00","2025-01-27 22:00:00","2026-09-03 21:03:10"
Nederland,Solar,Hour,0,0,0,0,"2025-01-27 22:00:00","2025-01-27 23:00:00","2026-09-03 21:03:10"
Nederland,Solar,Hour,0,0,0,0,"2025-01-27 23:00:00","2025-01-28 00:00:00","2026-09-03 21:03:10"
Nederland,Solar,Hour,0,0,0,0,"2025-01-28 00:00:00","2025-01-28 01:00:00","2026-09-03 21:03:10"
Nederland,Solar,Hour,0,0,0,0,"2025-01-28 01:00:00","2025-01-28 02:00:00","2026-09-03 21:03:10"
Nederland,Solar,Hour,0,0,0,0,"2025-01-28 02:00:00","2025-01-28 03:00:00","2026-09-03 21:03:10"
Nederland,Solar,Hour,0,0,0,0,"2025-01-28 03:00:00","2025-01-28 04:00:00","2026-09-03 21:03:10"
Nederland,Solar,Hour,0,0,0,0,"2025-01-28 04:00:00","2025-01-28 05:00:00","2026-09-03 21:03:10"
Nederland,Solar,Hour,0,0,0,0,"2025-01-28 05:00:00","2025-01-28 06:00:00","2026-09-03 21:03:10"
Nederland,Solar,Hour,0,0,0,0,"2025-01-28 06:00:00","2025-01-28 07:00:00","2026-09-03 21:03:10"
Nederland,Solar,Hour,1784,1784,0,0,"2025-01-28 07:00:00","2025-01-28 08:00:00","2026-09-03 21:03:10"
Nederland,Solar,Hour,530598,530597,0,0,"2025-01-28 08:00:00","2025-01-28 09:00:00","2026-09-03 21:03:10"
Nederland,Solar,Hour,2168612,2168609,0,0,"2025-01-28 09:00:00","2025-01-28 10:00:00","2026-09-03 21:03:10"
Nederland,Solar,Hour,3134978,3134975,0,0,"2025-01-28 10:00:00","2025-01-28 11:00:00","2026-09-03 21:03:10"
Nederland,Solar,Hour,2446751,2446749,0,0,"2025-01-28 11:00:00","2025-01-28 12:00:00","2026-09-03 21:03:10"
Nederland,Solar,Hour,1751910,1751907,0,0,"2025-01-28 12:00:00","2025-01-28 13:00:00","2026-09-03 21:03:10"
Nederland,Solar,Hour,1209594,1209593,0,0,"2025-01-28 13:00:00","2025-01-28 14:00:00","2026-09-03 21:03:10"
Nederland,Solar,Hour,866445,866443,0,0,"2025-01-28 14:00:00","2025-01-28 15:00:00","2026-09-03 21:03:10"
Nederland,Solar,Hour,313237,313235,0,0,"2025-01-28 15:00:00","2025-01-28 16:00:00","2026-09-03 21:03:10"
Nederland,Solar,Hour,7245,7244,0,0,"2025-01-28 16:00:00","2025-01-28 17:00:00","2026-09-03 21:03:10"
Nederland,Solar,Hour,0,0,0,0,"2025-01-28 17:00:00","2025-01-28 18:00:00","2026-09-03 21:03:10"
Nederland,Solar,Hour,0,0,0,0,"2025-01-28 18:00:00","2025-01-28 19:00:00","2026-09-03 21:03:10"
Nederland,Solar,Hour,0,0,0,0,"2025-01-28 19:00:00","2025-01-28 20:00:00","2026-09-03 21:03:10"
Nederland,Solar,Hour,0,0,0,0,"2025-01-28 20:00:00","2025-01-28 21:00:00","2026-09-03 21:03:10"
Nederland,Solar,Hour,0,0,0,0,"2025-01-28 21:00:00","2025-01-28 22:00:00","2026-09-03 21:03:10"
Nederland,Solar,Hour,0,0,0,0,"2025-01-28 22:00:00","2025-01-28 23:00:00","2026-09-03 21:03:10"
Nederland,Solar,Hour,0,0,0,0,"2025-01-28 23:00:00","2025-01-29 00:00:00","2026-09-03 21:03:10"
Nederland,Solar,Hour,0,0,0,0,"2025-01-29 00:00:00","2025-01-29 01:00:00","2026-09-03 21:03:10"
Nederland,Solar,Hour,0,0,0,0,"2025-01-29 01:00:00","2025-01-29 02:00:00","2026-09-03 21:03:10"
Nederland,Solar,Hour,0,0,0,0,"2025-01-29 02:00:00","2025-01-29 03:00:00","2026-09-03 21:03:10"
Nederland,Solar,Hour,0,0,0,0,"2025-01-29 03:00:00","2025-01-29 04:00:00","2026-09-03 21:03:10"
Nederland,Solar,Hour,0,0,0,0,"2025-01-29 04:00:00","2025-01-29 05:00:00","2026-09-03 21:03:10"
Nederland,Solar,Hour,0,0,0,0,"2025-01-29 05:00:00","2025-01-29 06:00:00","2026-09-03 21:03:10"
Nederland,Solar,Hour,0,0,0,0,"2025-01-29 06:00:00","2025-01-29 07:00:00","2026-09-03 21:03:10"
Nederland,Solar,Hour,1173,1173,0,0,"2025-01-29 07:00:00","2025-01-29 08:00:00","2026-09-03 21:03:10"
Nederland,Solar,Hour,398983,398981,0,0,"2025-01-29 08:00:00","2025-01-29 09:00:00","2026-09-03 21:03:10"
Nederland,Solar,Hour,1625560,1625558,0,0,"2025-01-29 09:00:00","2025-01-29 10:00:00","2026-09-03 21:03:10"
Nederland,Solar,Hour,2525425,2525424,0,0,"2025-01-29 10:00:00","2025-01-29 11:00:00","2026-09-03 21:03:10"
Nederland,Solar,Hour,2872076,2872074,0,0,"2025-01-29 11:00:00","2025-01-29 12:00:00","2026-09-03 21:03:10"
Nederland,Solar,Hour,2189697,2189695,0,0,"2025-01-29 12:00:00","2025-01-29 13:00:00","2026-09-03 21:03:10"
Nederland,Solar,Hour,2397335,2397334,0,0,"2025-01-29 13:00:00","2025-01-29 14:00:00","2026-09-03 21:03:10"
Nederland,Solar,Hour,1944830,1944826,0,0,"2025-01-29 14:00:00","2025-01-29 15:00:00","2026-09-03 21:03:10"
Nederland,Solar,Hour,1032765,1032763,0,0,"2025-01-29 15:00:00","2025-01-29 16:00:00","2026-09-03 21:03:10"
Nederland,Solar,Hour,32445,32444,0,0,"2025-01-29 16:00:00","2025-01-29 17:00:00","2026-09-03 21:03:10"
Nederland,Solar,Hour,0,0,0,0,"2025-01-29 17:00:00","2025-01-29 18:00:00","2026-09-03 21:03:10"
Nederland,Solar,Hour,0,0,0,0,"2025-01-29 18:00:00","2025-01-29 19:00:00","2026-09-03 21:03:10"
Nederland,Solar,Hour,0,0,0,0,"2025-01-29 19:00:00","2025-01-29 20:00:00","2026-09-03 21:03:10"
Nederland,Solar,Hour,0,0,0,0,"2025-01-29 20:00:00","2025-01-29 21:00:00","2026-09-03 21:03:10"
Nederland,Solar,Hour,0,0,0,0,"2025-01-29 21:00:00","2025-01-29 22:00:00","2026-09-03 21:03:10"
Nederland,Solar,Hour,0,0,0,0,"2025-01-29 22:00:00","2025-01-29 23:00:00","2026-09-03 21:03:10"
Nederland,Solar,Hour,0,0,0,0,"2025-01-29 23:00:00","2025-01-30 00:00:00","2026-09-03 21:03:10"
Nederland,Solar,Hour,0,0,0,0,"2025-01-30 00:00:00","2025-01-30 01:00:00","2026-09-03 21:01:35"
Nederland,Solar,Hour,0,0,0,0,"2025-01-30 01:00:00","2025-01-30 02:00:00","2026-09-03 21:01:35"
Nederland,Solar,Hour,0,0,0,0,"2025-01-30 02:00:00","2025-01-30 03:00:00","2026-09-03 21:01:35"
Nederland,Solar,Hour,0,0,0,0,"2025-01-30 03:00:00","2025-01-30 04:00:00","2026-09-03 21:01:35"
Nederland,Solar,Hour,0,0,0,0,"2025-01-30 04:00:00","2025-01-30 05:00:00","2026-09-03 21:01:35"
Nederland,Solar,Hour,0,0,0,0,"2025-01-30 05:00:00","2025-01-30 06:00:00","2026-09-03 21:01:35"
Nederland,Solar,Hour,0,0,0,0,"2025-01-30 06:00:00","2025-01-30 07:00:00","2026-09-03 21:01:35"
Nederland,Solar,Hour,404,404,0,0,"2025-01-30 07:00:00","2025-01-30 08:00:00","2026-09-03 21:01:35"
Nederland,Solar,Hour,318728,318725,0,0,"2025-01-30 08:00:00","2025-01-30 09:00:00","2026-09-03 21:01:35"
Nederland,Solar,Hour,921694,921693,0,0,"2025-01-30 09:00:00","2025-01-30 10:00:00","2026-09-03 21:01:35"
Nederland,Solar,Hour,1519985,1519983,0,0,"2025-01-30 10:00:00","2025-01-30 11:00:00","2026-09-03 21:01:35"
Nederland,Solar,Hour,1744064,1744062,0,0,"2025-01-30 11:00:00","2025-01-30 12:00:00","2026-09-03 21:01:35"
Nederland,Solar,Hour,1466122,1466121,0,0,"2025-01-30 12:00:00","2025-01-30 13:00:00","2026-09-03 21:01:35"
Nederland,Solar,Hour,1669740,1669738,0,0,"2025-01-30 13:00:00","2025-01-30 14:00:00","2026-09-03 21:01:35"
Nederland,Solar,Hour,2121615,2121613,0,0,"2025-01-30 14:00:00","2025-01-30 15:00:00","2026-09-03 21:01:35"
Nederland,Solar,Hour,1748514,1748512,0,0,"2025-01-30 15:00:00","2025-01-30 16:00:00","2026-09-03 21:01:35"
Nederland,Solar,Hour,173891,173889,0,0,"2025-01-30 16:00:00","2025-01-30 17:00:00","2026-09-03 21:01:35"
Nederland,Solar,Hour,0,0,0,0,"2025-01-30 17:00:00","2025-01-30 18:00:00","2026-09-03 21:01:35"
Nederland,Solar,Hour,0,0,0,0,"2025-01-30 18:00:00","2025-01-30 19:00:00","2026-09-03 21:01:35"
Nederland,Solar,Hour,0,0,0,0,"2025-01-30 19:00:00","2025-01-30 20:00:00","2026-09-03 21:01:35"
Nederland,Solar,Hour,0,0,0,0,"2025-01-30 20:00:00","2025-01-30 21:00:00","2026-09-03 21:01:35"
Nederland,Solar,Hour,0,0,0,0,"2025-01-30 21:00:00","2025-01-30 22:00:00","2026-09-03 21:01:35"
Nederland,Solar,Hour,0,0,0,0,"2025-01-30 22:00:00","2025-01-30 23:00:00","2026-09-03 21:01:35"
Nederland,Solar,Hour,0,0,0,0,"2025-01-30 23:00:00","2025-01-31 00:00:00","2026-09-03 21:01:35"
Nederland,Solar,Hour,0,0,0,0,"2025-01-31 00:00:00","2025-01-31 01:00:00","2026-09-03 21:01:35"
Nederland,Solar,Hour,0,0,0,0,"2025-01-31 01:00:00","2025-01-31 02:00:00","2026-09-03 21:01:35"
Nederland,Solar,Hour,0,0,0,0,"2025-01-31 02:00:00","2025-01-31 03:00:00","2026-09-03 21:01:35"
Nederland,Solar,Hour,0,0,0,0,"2025-01-31 03:00:00","2025-01-31 04:00:00","2026-09-03 21:01:35"
Nederland,Solar,Hour,0,0,0,0,"2025-01-31 04:00:00","2025-01-31 05:00:00","2026-09-03 21:01:35"
Nederland,Solar,Hour,0,0,0,0,"2025-01-31 05:00:00","2025-01-31 06:00:00","2026-09-03 21:01:35"
Nederland,Solar,Hour,0,0,0,0,"2025-01-31 06:00:00","2025-01-31 07:00:00","2026-09-03 21:01:35"
Nederland,Solar,Hour,18773,18772,0,0,"2025-01-31 07:00:00","2025-01-31 08:00:00","2026-09-03 21:01:35"
Nederland,Solar,Hour,1096991,1096989,0,0,"2025-01-31 08:00:00","2025-01-31 09:00:00","2026-09-03 21:01:35"
Nederland,Solar,Hour,3223608,3223607,0,0,"2025-01-31 09:00:00","2025-01-31 10:00:00","2026-09-03 21:01:35"
Nederland,Solar,Hour,5293898,5293896,0,0,"2025-01-31 10:00:00","2025-01-31 11:00:00","2026-09-03 21:01:35"
Nederland,Solar,Hour,5880054,5880052,0,0,"2025-01-31 11:00:00","2025-01-31 12:00:00","2026-09-03 21:01:35"
Nederland,Solar,Hour,6083422,6083421,0,0,"2025-01-31 12:00:00","2025-01-31 13:00:00","2026-09-03 21:01:35"
Nederland,Solar,Hour,5729026,5729024,0,0,"2025-01-31 13:00:00","2025-01-31 14:00:00","2026-09-03 21:01:35"
Nederland,Solar,Hour,4493386,4493383,0,0,"2025-01-31 14:00:00","2025-01-31 15:00:00","2026-09-03 21:01:35"
Nederland,Solar,Hour,1571736,1571733,0,0,"2025-01-31 15:00:00","2025-01-31 16:00:00","2026-09-03 21:01:35"
Nederland,Solar,Hour,74336,74335,0,0,"2025-01-31 16:00:00","2025-01-31 17:00:00","2026-09-03 21:01:35"
Nederland,Solar,Hour,0,0,0,0,"2025-01-31 17:00:00","2025-01-31 18:00:00","2026-09-03 21:01:35"
Nederland,Solar,Hour,0,0,0,0,"2025-01-31 18:00:00","2025-01-31 19:00:00","2026-09-03 21:01:35"
Nederland,Solar,Hour,0,0,0,0,"2025-01-31 19:00:00","2025-01-31 20:00:00","2026-09-03 21:01:35"
Nederland,Solar,Hour,0,0,0,0,"2025-01-31 20:00:00","2025-01-31 21:00:00","2026-09-03 21:01:35"
Nederland,Solar,Hour,0,0,0,0,"2025-01-31 21:00:00","2025-01-31 22:00:00","2026-09-03 21:01:35"
Nederland,Solar,Hour,0,0,0,0,"2025-01-31 22:00:00","2025-01-31 23:00:00","2026-09-03 21:01:35"
Nederland,Solar,Hour,0,0,0,0,"2025-01-31 23:00:00","2025-02-01 00:00:00","2026-09-03 21:01:35"
Nederland,Solar,Hour,0,0,0,0,"2025-02-01 00:00:00","2025-02-01 01:00:00","2026-09-03 21:01:35"
Nederland,Solar,Hour,0,0,0,0,"2025-02-01 01:00:00","2025-02-01 02:00:00","2026-09-03 21:01:35"
Nederland,Solar,Hour,0,0,0,0,"2025-02-01 02:00:00","2025-02-01 03:00:00","2026-09-03 21:01:35"
Nederland,Solar,Hour,0,0,0,0,"2025-02-01 03:00:00","2025-02-01 04:00:00","2026-09-03 21:01:35"
Nederland,Solar,Hour,0,0,0,0,"2025-02-01 04:00:00","2025-02-01 05:00:00","2026-09-03 21:01:35"
Nederland,Solar,Hour,0,0,0,0,"2025-02-01 05:00:00","2025-02-01 06:00:00","2026-09-03 21:01:35"
Nederland,Solar,Hour,0,0,0,0,"2025-02-01 06:00:00","2025-02-01 07:00:00","2026-09-03 21:01:35"
Nederland,Solar,Hour,44694,44694,0,0,"2025-02-01 07:00:00","2025-02-01 08:00:00","2026-09-03 21:01:35"
Nederland,Solar,Hour,2235688,2235687,0,0,"2025-02-01 08:00:00","2025-02-01 09:00:00","2026-09-03 21:01:35"
Nederland,Solar,Hour,6233017,6233015,0,0,"2025-02-01 09:00:00","2025-02-01 10:00:00","2026-09-03 21:01:35"
Nederland,Solar,Hour,7529857,7529855,0,0,"2025-02-01 10:00:00","2025-02-01 11:00:00","2026-09-03 21:01:35"
Nederland,Solar,Hour,8303985,8303983,0,0,"2025-02-01 11:00:00","2025-02-01 12:00:00","2026-09-03 21:01:35"
Nederland,Solar,Hour,8629798,8629796,0,0,"2025-02-01 12:00:00","2025-02-01 13:00:00","2026-09-03 21:01:35"
Nederland,Solar,Hour,7847336,7847334,0,0,"2025-02-01 13:00:00","2025-02-01 14:00:00","2026-09-03 21:01:35"
Nederland,Solar,Hour,5971290,5971289,0,0,"2025-02-01 14:00:00","2025-02-01 15:00:00","2026-09-03 21:01:35"
Nederland,Solar,Hour,3400503,3400499,0,0,"2025-02-01 15:00:00","2025-02-01 16:00:00","2026-09-03 21:01:35"
Nederland,Solar,Hour,169294,169293,0,0,"2025-02-01 16:00:00","2025-02-01 17:00:00","2026-09-03 21:01:35"
Nederland,Solar,Hour,0,0,0,0,"2025-02-01 17:00:00","2025-02-01 18:00:00","2026-09-03 21:01:35"
Nederland,Solar,Hour,0,0,0,0,"2025-02-01 18:00:00","2025-02-01 19:00:00","2026-09-03 21:01:35"
Nederland,Solar,Hour,0,0,0,0,"2025-02-01 19:00:00","2025-02-01 20:00:00","2026-09-03 21:01:35"
Nederland,Solar,Hour,0,0,0,0,"2025-02-01 20:00:00","2025-02-01 21:00:00","2026-09-03 21:01:35"
Nederland,Solar,Hour,0,0,0,0,"2025-02-01 21:00:00","2025-02-01 22:00:00","2026-09-03 21:01:35"
Nederland,Solar,Hour,0,0,0,0,"2025-02-01 22:00:00","2025-02-01 23:00:00","2026-09-03 21:01:35"
Nederland,Solar,Hour,0,0,0,0,"2025-02-01 23:00:00","2025-02-02 00:00:00","2026-09-03 21:01:35"
Nederland,Solar,Hour,0,0,0,0,"2025-02-02 00:00:00","2025-02-02 01:00:00","2026-09-03 21:01:35"
Nederland,Solar,Hour,0,0,0,0,"2025-02-02 01:00:00","2025-02-02 02:00:00","2026-09-03 21:01:35"
Nederland,Solar,Hour,0,0,0,0,"2025-02-02 02:00:00","2025-02-02 03:00:00","2026-09-03 21:01:35"
Nederland,Solar,Hour,0,0,0,0,"2025-02-02 03:00:00","2025-02-02 04:00:00","2026-09-03 21:01:35"
Nederland,Solar,Hour,0,0,0,0,"2025-02-02 04:00:00","2025-02-02 05:00:00","2026-09-03 21:01:35"
Nederland,Solar,Hour,0,0,0,0,"2025-02-02 05:00:00","2025-02-02 06:00:00","2026-09-03 21:01:35"
Nederland,Solar,Hour,0,0,0,0,"2025-02-02 06:00:00","2025-02-02 07:00:00","2026-09-03 21:01:35"
Nederland,Solar,Hour,119247,119246,0,0,"2025-02-02 07:00:00","2025-02-02 08:00:00","2026-09-03 21:01:35"
Nederland,Solar,Hour,4131412,4131410,0,0,"2025-02-02 08:00:00","2025-02-02 09:00:00","2026-09-03 21:01:35"
Nederland,Solar,Hour,7713420,7713418,0,0,"2025-02-02 09:00:00","2025-02-02 10:00:00","2026-09-03 21:01:35"
Nederland,Solar,Hour,10069875,10069873,0,0,"2025-02-02 10:00:00","2025-02-02 11:00:00","2026-09-03 21:01:35"
Nederland,Solar,Hour,9903948,9903947,0,0,"2025-02-02 11:00:00","2025-02-02 12:00:00","2026-09-03 21:01:35"
Nederland,Solar,Hour,9551919,9551917,0,0,"2025-02-02 12:00:00","2025-02-02 13:00:00","2026-09-03 21:01:35"
Nederland,Solar,Hour,8239418,8239416,0,0,"2025-02-02 13:00:00","2025-02-02 14:00:00","2026-09-03 21:01:35"
Nederland,Solar,Hour,6280326,6280324,0,0,"2025-02-02 14:00:00","2025-02-02 15:00:00","2026-09-03 21:01:35"
Nederland,Solar,Hour,3604266,3604264,0,0,"2025-02-02 15:00:00","2025-02-02 16:00:00","2026-09-03 21:01:35"
Nederland,Solar,Hour,296721,296719,0,0,"2025-02-02 16:00:00","2025-02-02 17:00:00","2026-09-03 21:01:35"
Nederland,Solar,Hour,0,0,0,0,"2025-02-02 17:00:00","2025-02-02 18:00:00","2026-09-03 21:01:35"
Nederland,Solar,Hour,0,0,0,0,"2025-02-02 18:00:00","2025-02-02 19:00:00","2026-09-03 21:01:35"
Nederland,Solar,Hour,0,0,0,0,"2025-02-02 19:00:00","2025-02-02 20:00:00","2026-09-03 21:01:35"
Nederland,Solar,Hour,0,0,0,0,"2025-02-02 20:00:00","2025-02-02 21:00:00","2026-09-03 21:01:35"
Nederland,Solar,Hour,0,0,0,0,"2025-02-02 21:00:00","2025-02-02 22:00:00","2026-09-03 21:01:35"
Nederland,Solar,Hour,0,0,0,0,"2025-02-02 22:00:00","2025-02-02 23:00:00","2026-09-03 21:01:35"
Nederland,Solar,Hour,0,0,0,0,"2025-02-02 23:00:00","2025-02-03 00:00:00","2026-09-03 21:01:35"
Nederland,Solar,Hour,0,0,0,0,"2025-02-03 00:00:00","2025-02-03 01:00:00","2026-09-03 21:01:35"
Nederland,Solar,Hour,0,0,0,0,"2025-02-03 01:00:00","2025-02-03 02:00:00","2026-09-03 21:01:35"
Nederland,Solar,Hour,0,0,0,0,"2025-02-03 02:00:00","2025-02-03 03:00:00","2026-09-03 21:01:35"
Nederland,Solar,Hour,0,0,0,0,"2025-02-03 03:00:00","2025-02-03 04:00:00","2026-09-03 21:01:35"
Nederland,Solar,Hour,0,0,0,0,"2025-02-03 04:00:00","2025-02-03 05:00:00","2026-09-03 21:01:35"
Nederland,Solar,Hour,0,0,0,0,"2025-02-03 05:00:00","2025-02-03 06:00:00","2026-09-03 21:01:35"
Nederland,Solar,Hour,0,0,0,0,"2025-02-03 06:00:00","2025-02-03 07:00:00","2026-09-03 21:01:35"
Nederland,Solar,Hour,101055,101054,0,0,"2025-02-03 07:00:00","2025-02-03 08:00:00","2026-09-03 21:01:35"
Nederland,Solar,Hour,3107903,3107900,0,0,"2025-02-03 08:00:00","2025-02-03 09:00:00","2026-09-03 21:01:35"
Nederland,Solar,Hour,6428025,6428022,0,0,"2025-02-03 09:00:00","2025-02-03 10:00:00","2026-09-03 21:01:35"
Nederland,Solar,Hour,8513315,8513313,0,0,"2025-02-03 10:00:00","2025-02-03 11:00:00","2026-09-03 21:01:35"
Nederland,Solar,Hour,8443662,8443660,0,0,"2025-02-03 11:00:00","2025-02-03 12:00:00","2026-09-03 21:01:35"
Nederland,Solar,Hour,8518983,8518980,0,0,"2025-02-03 12:00:00","2025-02-03 13:00:00","2026-09-03 21:01:35"
Nederland,Solar,Hour,7432477,7432474,0,0,"2025-02-03 13:00:00","2025-02-03 14:00:00","2026-09-03 21:01:35"
Nederland,Solar,Hour,5610989,5610986,0,0,"2025-02-03 14:00:00","2025-02-03 15:00:00","2026-09-03 21:01:35"
Nederland,Solar,Hour,3222764,3222762,0,0,"2025-02-03 15:00:00","2025-02-03 16:00:00","2026-09-03 21:01:35"
Nederland,Solar,Hour,248184,248183,0,0,"2025-02-03 16:00:00","2025-02-03 17:00:00","2026-09-03 21:01:35"
Nederland,Solar,Hour,0,0,0,0,"2025-02-03 17:00:00","2025-02-03 18:00:00","2026-09-03 21:01:35"
Nederland,Solar,Hour,0,0,0,0,"2025-02-03 18:00:00","2025-02-03 19:00:00","2026-09-03 21:01:35"
Nederland,Solar,Hour,0,0,0,0,"2025-02-03 19:00:00","2025-02-03 20:00:00","2026-09-03 21:01:35"
Nederland,Solar,Hour,0,0,0,0,"2025-02-03 20:00:00","2025-02-03 21:00:00","2026-09-03 21:01:35"
Nederland,Solar,Hour,0,0,0,0,"2025-02-03 21:00:00","2025-02-03 22:00:00","2026-09-03 21:01:35"
Nederland,Solar,Hour,0,0,0,0,"2025-02-03 22:00:00","2025-02-03 23:00:00","2026-09-03 21:01:35"
Nederland,Solar,Hour,0,0,0,0,"2025-02-03 23:00:00","2025-02-04 00:00:00","2026-09-03 21:01:35"
Nederland,Solar,Hour,0,0,0,0,"2025-02-04 00:00:00","2025-02-04 01:00:00","2026-09-03 20:59:59"
Nederland,Solar,Hour,0,0,0,0,"2025-02-04 01:00:00","2025-02-04 02:00:00","2026-09-03 20:59:59"
Nederland,Solar,Hour,0,0,0,0,"2025-02-04 02:00:00","2025-02-04 03:00:00","2026-09-03 20:59:59"
Nederland,Solar,Hour,0,0,0,0,"2025-02-04 03:00:00","2025-02-04 04:00:00","2026-09-03 20:59:59"
Nederland,Solar,Hour,0,0,0,0,"2025-02-04 04:00:00","2025-02-04 05:00:00","2026-09-03 20:59:59"
Nederland,Solar,Hour,0,0,0,0,"2025-02-04 05:00:00","2025-02-04 06:00:00","2026-09-03 20:59:59"
Nederland,Solar,Hour,0,0,0,0,"2025-02-04 06:00:00","2025-02-04 07:00:00","2026-09-03 20:59:59"
Nederland,Solar,Hour,8194,8194,0,0,"2025-02-04 07:00:00","2025-02-04 08:00:00","2026-09-03 20:59:59"
Nederland,Solar,Hour,340945,340941,0,0,"2025-02-04 08:00:00","2025-02-04 09:00:00","2026-09-03 20:59:59"
Nederland,Solar,Hour,898447,898444,0,0,"2025-02-04 09:00:00","2025-02-04 10:00:00","2026-09-03 20:59:59"
Nederland,Solar,Hour,1616708,1616705,0,0,"2025-02-04 10:00:00","2025-02-04 11:00:00","2026-09-03 20:59:59"
Nederland,Solar,Hour,2088452,2088449,0,0,"2025-02-04 11:00:00","2025-02-04 12:00:00","2026-09-03 20:59:59"
Nederland,Solar,Hour,2469733,2469730,0,0,"2025-02-04 12:00:00","2025-02-04 13:00:00","2026-09-03 20:59:59"
Nederland,Solar,Hour,2571666,2571664,0,0,"2025-02-04 13:00:00","2025-02-04 14:00:00","2026-09-03 20:59:59"
Nederland,Solar,Hour,1954694,1954692,0,0,"2025-02-04 14:00:00","2025-02-04 15:00:00","2026-09-03 20:59:59"
Nederland,Solar,Hour,1482118,1482116,0,0,"2025-02-04 15:00:00","2025-02-04 16:00:00","2026-09-03 20:59:59"
Nederland,Solar,Hour,225768,225766,0,0,"2025-02-04 16:00:00","2025-02-04 17:00:00","2026-09-03 20:59:59"
Nederland,Solar,Hour,0,0,0,0,"2025-02-04 17:00:00","2025-02-04 18:00:00","2026-09-03 20:59:59"
Nederland,Solar,Hour,0,0,0,0,"2025-02-04 18:00:00","2025-02-04 19:00:00","2026-09-03 20:59:59"
Nederland,Solar,Hour,0,0,0,0,"2025-02-04 19:00:00","2025-02-04 20:00:00","2026-09-03 20:59:59"
Nederland,Solar,Hour,0,0,0,0,"2025-02-04 20:00:00","2025-02-04 21:00:00","2026-09-03 20:59:59"
Nederland,Solar,Hour,0,0,0,0,"2025-02-04 21:00:00","2025-02-04 22:00:00","2026-09-03 20:59:59"
Nederland,Solar,Hour,0,0,0,0,"2025-02-04 22:00:00","2025-02-04 23:00:00","2026-09-03 20:59:59"
Nederland,Solar,Hour,0,0,0,0,"2025-02-04 23:00:00","2025-02-05 00:00:00","2026-09-03 20:59:59"
Nederland,Solar,Hour,0,0,0,0,"2025-02-05 00:00:00","2025-02-05 01:00:00","2026-09-03 20:59:59"
Nederland,Solar,Hour,0,0,0,0,"2025-02-05 01:00:00","2025-02-05 02:00:00","2026-09-03 20:59:59"
Nederland,Solar,Hour,0,0,0,0,"2025-02-05 02:00:00","2025-02-05 03:00:00","2026-09-03 20:59:59"
Nederland,Solar,Hour,0,0,0,0,"2025-02-05 03:00:00","2025-02-05 04:00:00","2026-09-03 20:59:59"
Nederland,Solar,Hour,0,0,0,0,"2025-02-05 04:00:00","2025-02-05 05:00:00","2026-09-03 20:59:59"
Nederland,Solar,Hour,0,0,0,0,"2025-02-05 05:00:00","2025-02-05 06:00:00","2026-09-03 20:59:59"
Nederland,Solar,Hour,0,0,0,0,"2025-02-05 06:00:00","2025-02-05 07:00:00","2026-09-03 20:59:59"
Nederland,Solar,Hour,15454,15454,0,0,"2025-02-05 07:00:00","2025-02-05 08:00:00","2026-09-03 20:59:59"
Nederland,Solar,Hour,713851,713850,0,0,"2025-02-05 08:00:00","2025-02-05 09:00:00","2026-09-03 20:59:59"
Nederland,Solar,Hour,2149573,2149571,0,0,"2025-02-05 09:00:00","2025-02-05 10:00:00","2026-09-03 20:59:59"
Nederland,Solar,Hour,3588191,3588189,0,0,"2025-02-05 10:00:00","2025-02-05 11:00:00","2026-09-03 20:59:59"
Nederland,Solar,Hour,4807114,4807113,0,0,"2025-02-05 11:00:00","2025-02-05 12:00:00","2026-09-03 20:59:59"
Nederland,Solar,Hour,5169077,5169074,0,0,"2025-02-05 12:00:00","2025-02-05 13:00:00","2026-09-03 20:59:59"
Nederland,Solar,Hour,4576698,4576695,0,0,"2025-02-05 13:00:00","2025-02-05 14:00:00","2026-09-03 20:59:59"
Nederland,Solar,Hour,3328259,3328256,0,0,"2025-02-05 14:00:00","2025-02-05 15:00:00","2026-09-03 20:59:59"
Nederland,Solar,Hour,1591369,1591367,0,0,"2025-02-05 15:00:00","2025-02-05 16:00:00","2026-09-03 20:59:59"
Nederland,Solar,Hour,284729,284728,0,0,"2025-02-05 16:00:00","2025-02-05 17:00:00","2026-09-03 20:59:59"
Nederland,Solar,Hour,0,0,0,0,"2025-02-05 17:00:00","2025-02-05 18:00:00","2026-09-03 20:59:59"
Nederland,Solar,Hour,0,0,0,0,"2025-02-05 18:00:00","2025-02-05 19:00:00","2026-09-03 20:59:59"
Nederland,Solar,Hour,0,0,0,0,"2025-02-05 19:00:00","2025-02-05 20:00:00","2026-09-03 20:59:59"
Nederland,Solar,Hour,0,0,0,0,"2025-02-05 20:00:00","2025-02-05 21:00:00","2026-09-03 20:59:59"
Nederland,Solar,Hour,0,0,0,0,"2025-02-05 21:00:00","2025-02-05 22:00:00","2026-09-03 20:59:59"
Nederland,Solar,Hour,0,0,0,0,"2025-02-05 22:00:00","2025-02-05 23:00:00","2026-09-03 20:59:59"
Nederland,Solar,Hour,0,0,0,0,"2025-02-05 23:00:00","2025-02-06 00:00:00","2026-09-03 20:59:59"
Nederland,Solar,Hour,0,0,0,0,"2025-02-06 00:00:00","2025-02-06 01:00:00","2026-09-03 20:59:59"
Nederland,Solar,Hour,0,0,0,0,"2025-02-06 01:00:00","2025-02-06 02:00:00","2026-09-03 20:59:59"
Nederland,Solar,Hour,0,0,0,0,"2025-02-06 02:00:00","2025-02-06 03:00:00","2026-09-03 20:59:59"
Nederland,Solar,Hour,0,0,0,0,"2025-02-06 03:00:00","2025-02-06 04:00:00","2026-09-03 20:59:59"
Nederland,Solar,Hour,0,0,0,0,"2025-02-06 04:00:00","2025-02-06 05:00:00","2026-09-03 20:59:59"
Nederland,Solar,Hour,0,0,0,0,"2025-02-06 05:00:00","2025-02-06 06:00:00","2026-09-03 20:59:59"
Nederland,Solar,Hour,0,0,0,0,"2025-02-06 06:00:00","2025-02-06 07:00:00","2026-09-03 20:59:59"
Nederland,Solar,Hour,17044,17044,0,0,"2025-02-06 07:00:00","2025-02-06 08:00:00","2026-09-03 20:59:59"
Nederland,Solar,Hour,672819,672817,0,0,"2025-02-06 08:00:00","2025-02-06 09:00:00","2026-09-03 20:59:59"
Nederland,Solar,Hour,1715131,1715130,0,0,"2025-02-06 09:00:00","2025-02-06 10:00:00","2026-09-03 20:59:59"
Nederland,Solar,Hour,2936298,2936297,0,0,"2025-02-06 10:00:00","2025-02-06 11:00:00","2026-09-03 20:59:59"
Nederland,Solar,Hour,4812950,4812947,0,0,"2025-02-06 11:00:00","2025-02-06 12:00:00","2026-09-03 20:59:59"
Nederland,Solar,Hour,5836851,5836849,0,0,"2025-02-06 12:00:00","2025-02-06 13:00:00","2026-09-03 20:59:59"
Nederland,Solar,Hour,4660793,4660792,0,0,"2025-02-06 13:00:00","2025-02-06 14:00:00","2026-09-03 20:59:59"
Nederland,Solar,Hour,4084551,4084549,0,0,"2025-02-06 14:00:00","2025-02-06 15:00:00","2026-09-03 20:59:59"
Nederland,Solar,Hour,2049114,2049112,0,0,"2025-02-06 15:00:00","2025-02-06 16:00:00","2026-09-03 20:59:59"
Nederland,Solar,Hour,207480,207479,0,0,"2025-02-06 16:00:00","2025-02-06 17:00:00","2026-09-03 20:59:59"
Nederland,Solar,Hour,0,0,0,0,"2025-02-06 17:00:00","2025-02-06 18:00:00","2026-09-03 20:59:59"
Nederland,Solar,Hour,0,0,0,0,"2025-02-06 18:00:00","2025-02-06 19:00:00","2026-09-03 20:59:59"
Nederland,Solar,Hour,0,0,0,0,"2025-02-06 19:00:00","2025-02-06 20:00:00","2026-09-03 20:59:59"
Nederland,Solar,Hour,0,0,0,0,"2025-02-06 20:00:00","2025-02-06 21:00:00","2026-09-03 20:59:59"
Nederland,Solar,Hour,0,0,0,0,"2025-02-06 21:00:00","2025-02-06 22:00:00","2026-09-03 20:59:59"
Nederland,Solar,Hour,0,0,0,0,"2025-02-06 22:00:00","2025-02-06 23:00:00","2026-09-03 20:59:59"
Nederland,Solar,Hour,0,0,0,0,"2025-02-06 23:00:00","2025-02-07 00:00:00","2026-09-03 20:59:59"
Nederland,Solar,Hour,0,0,0,0,"2025-02-07 00:00:00","2025-02-07 01:00:00","2026-09-03 20:59:59"
Nederland,Solar,Hour,0,0,0,0,"2025-02-07 01:00:00","2025-02-07 02:00:00","2026-09-03 20:59:59"
Nederland,Solar,Hour,0,0,0,0,"2025-02-07 02:00:00","2025-02-07 03:00:00","2026-09-03 20:59:59"
Nederland,Solar,Hour,0,0,0,0,"2025-02-07 03:00:00","2025-02-07 04:00:00","2026-09-03 20:59:59"
Nederland,Solar,Hour,0,0,0,0,"2025-02-07 04:00:00","2025-02-07 05:00:00","2026-09-03 20:59:59"
Nederland,Solar,Hour,0,0,0,0,"2025-02-07 05:00:00","2025-02-07 06:00:00","2026-09-03 20:59:59"
Nederland,Solar,Hour,0,0,0,0,"2025-02-07 06:00:00","2025-02-07 07:00:00","2026-09-03 20:59:59"
Nederland,Solar,Hour,23344,23343,0,0,"2025-02-07 07:00:00","2025-02-07 08:00:00","2026-09-03 20:59:59"
Nederland,Solar,Hour,522655,522652,0,0,"2025-02-07 08:00:00","2025-02-07 09:00:00","2026-09-03 20:59:59"
Nederland,Solar,Hour,1389987,1389985,0,0,"2025-02-07 09:00:00","2025-02-07 10:00:00","2026-09-03 20:59:59"
Nederland,Solar,Hour,2372736,2372734,0,0,"2025-02-07 10:00:00","2025-02-07 11:00:00","2026-09-03 20:59:59"
Nederland,Solar,Hour,3481022,3481019,0,0,"2025-02-07 11:00:00","2025-02-07 12:00:00","2026-09-03 20:59:59"
Nederland,Solar,Hour,3399713,3399710,0,0,"2025-02-07 12:00:00","2025-02-07 13:00:00","2026-09-03 20:59:59"
Nederland,Solar,Hour,2382035,2382032,0,0,"2025-02-07 13:00:00","2025-02-07 14:00:00","2026-09-03 20:59:59"
Nederland,Solar,Hour,1642902,1642899,0,0,"2025-02-07 14:00:00","2025-02-07 15:00:00","2026-09-03 20:59:59"
Nederland,Solar,Hour,726385,726383,0,0,"2025-02-07 15:00:00","2025-02-07 16:00:00","2026-09-03 20:59:59"
Nederland,Solar,Hour,77955,77954,0,0,"2025-02-07 16:00:00","2025-02-07 17:00:00","2026-09-03 20:59:59"
Nederland,Solar,Hour,0,0,0,0,"2025-02-07 17:00:00","2025-02-07 18:00:00","2026-09-03 20:59:59"
Nederland,Solar,Hour,0,0,0,0,"2025-02-07 18:00:00","2025-02-07 19:00:00","2026-09-03 20:59:59"
Nederland,Solar,Hour,0,0,0,0,"2025-02-07 19:00:00","2025-02-07 20:00:00","2026-09-03 20:59:59"
Nederland,Solar,Hour,0,0,0,0,"2025-02-07 20:00:00","2025-02-07 21:00:00","2026-09-03 20:59:59"
Nederland,Solar,Hour,0,0,0,0,"2025-02-07 21:00:00","2025-02-07 22:00:00","2026-09-03 20:59:59"
Nederland,Solar,Hour,0,0,0,0,"2025-02-07 22:00:00","2025-02-07 23:00:00","2026-09-03 20:59:59"
Nederland,Solar,Hour,0,0,0,0,"2025-02-07 23:00:00","2025-02-08 00:00:00","2026-09-03 20:59:59"
Nederland,Solar,Hour,0,0,0,0,"2025-02-08 00:00:00","2025-02-08 01:00:00","2026-09-03 20:59:59"
Nederland,Solar,Hour,0,0,0,0,"2025-02-08 01:00:00","2025-02-08 02:00:00","2026-09-03 20:59:59"
Nederland,Solar,Hour,0,0,0,0,"2025-02-08 02:00:00","2025-02-08 03:00:00","2026-09-03 20:59:59"
Nederland,Solar,Hour,0,0,0,0,"2025-02-08 03:00:00","2025-02-08 04:00:00","2026-09-03 20:59:59"
Nederland,Solar,Hour,0,0,0,0,"2025-02-08 04:00:00","2025-02-08 05:00:00","2026-09-03 20:59:59"
Nederland,Solar,Hour,0,0,0,0,"2025-02-08 05:00:00","2025-02-08 06:00:00","2026-09-03 20:59:59"
Nederland,Solar,Hour,0,0,0,0,"2025-02-08 06:00:00","2025-02-08 07:00:00","2026-09-03 20:59:59"
Nederland,Solar,Hour,18354,18354,0,0,"2025-02-08 07:00:00","2025-02-08 08:00:00","2026-09-03 20:59:59"
Nederland,Solar,Hour,396287,396285,0,0,"2025-02-08 08:00:00","2025-02-08 09:00:00","2026-09-03 20:59:59"
Nederland,Solar,Hour,1060406,1060404,0,0,"2025-02-08 09:00:00","2025-02-08 10:00:00","2026-09-03 20:59:59"
Nederland,Solar,Hour,1844490,1844488,0,0,"2025-02-08 10:00:00","2025-02-08 11:00:00","2026-09-03 20:59:59"
Nederland,Solar,Hour,2814872,2814870,0,0,"2025-02-08 11:00:00","2025-02-08 12:00:00","2026-09-03 20:59:59"
Nederland,Solar,Hour,3371815,3371813,0,0,"2025-02-08 12:00:00","2025-02-08 13:00:00","2026-09-03 20:59:59"
Nederland,Solar,Hour,3045741,3045740,0,0,"2025-02-08 13:00:00","2025-02-08 14:00:00","2026-09-03 20:59:59"
Nederland,Solar,Hour,2983491,2983488,0,0,"2025-02-08 14:00:00","2025-02-08 15:00:00","2026-09-03 20:59:59"
Nederland,Solar,Hour,1751484,1751482,0,0,"2025-02-08 15:00:00","2025-02-08 16:00:00","2026-09-03 20:59:59"
Nederland,Solar,Hour,374736,374735,0,0,"2025-02-08 16:00:00","2025-02-08 17:00:00","2026-09-03 20:59:59"
Nederland,Solar,Hour,0,0,0,0,"2025-02-08 17:00:00","2025-02-08 18:00:00","2026-09-03 20:59:59"
Nederland,Solar,Hour,0,0,0,0,"2025-02-08 18:00:00","2025-02-08 19:00:00","2026-09-03 20:59:59"
Nederland,Solar,Hour,0,0,0,0,"2025-02-08 19:00:00","2025-02-08 20:00:00","2026-09-03 20:59:59"
Nederland,Solar,Hour,8434,8434,0,0,"2025-02-08 20:00:00","2025-02-08 21:00:00","2026-09-03 20:59:59"
Nederland,Solar,Hour,0,0,0,0,"2025-02-08 21:00:00","2025-02-08 22:00:00","2026-09-03 20:59:59"
Nederland,Solar,Hour,5252,5252,0,0,"2025-02-08 22:00:00","2025-02-08 23:00:00","2026-09-03 20:59:59"
Nederland,Solar,Hour,0,0,0,0,"2025-02-08 23:00:00","2025-02-09 00:00:00","2026-09-03 20:59:59"
Nederland,Solar,Hour,0,0,0,0,"2025-02-09 00:00:00","2025-02-09 01:00:00","2026-09-03 20:58:24"
Nederland,Solar,Hour,1380,1380,0,0,"2025-02-09 01:00:00","2025-02-09 02:00:00","2026-09-03 20:58:24"
Nederland,Solar,Hour,0,0,0,0,"2025-02-09 02:00:00","2025-02-09 03:00:00","2026-09-03 20:58:24"
Nederland,Solar,Hour,0,0,0,0,"2025-02-09 03:00:00","2025-02-09 04:00:00","2026-09-03 20:58:24"
Nederland,Solar,Hour,0,0,0,0,"2025-02-09 04:00:00","2025-02-09 05:00:00","2026-09-03 20:58:24"
Nederland,Solar,Hour,0,0,0,0,"2025-02-09 05:00:00","2025-02-09 06:00:00","2026-09-03 20:58:24"
Nederland,Solar,Hour,0,0,0,0,"2025-02-09 06:00:00","2025-02-09 07:00:00","2026-09-03 20:58:24"
Nederland,Solar,Hour,90647,90645,0,0,"2025-02-09 07:00:00","2025-02-09 08:00:00","2026-09-03 20:58:24"
Nederland,Solar,Hour,1012254,1012252,0,0,"2025-02-09 08:00:00","2025-02-09 09:00:00","2026-09-03 20:58:24"
Nederland,Solar,Hour,2359047,2359044,0,0,"2025-02-09 09:00:00","2025-02-09 10:00:00","2026-09-03 20:58:24"
Nederland,Solar,Hour,3507530,3507528,0,0,"2025-02-09 10:00:00","2025-02-09 11:00:00","2026-09-03 20:58:24"
Nederland,Solar,Hour,3836868,3836866,0,0,"2025-02-09 11:00:00","2025-02-09 12:00:00","2026-09-03 20:58:24"
Nederland,Solar,Hour,4333738,4333736,0,0,"2025-02-09 12:00:00","2025-02-09 13:00:00","2026-09-03 20:58:24"
Nederland,Solar,Hour,3680670,3680667,0,0,"2025-02-09 13:00:00","2025-02-09 14:00:00","2026-09-03 20:58:24"
Nederland,Solar,Hour,2828131,2828129,0,0,"2025-02-09 14:00:00","2025-02-09 15:00:00","2026-09-03 20:58:24"
Nederland,Solar,Hour,1610343,1610341,0,0,"2025-02-09 15:00:00","2025-02-09 16:00:00","2026-09-03 20:58:24"
Nederland,Solar,Hour,257741,257738,0,0,"2025-02-09 16:00:00","2025-02-09 17:00:00","2026-09-03 20:58:24"
Nederland,Solar,Hour,0,0,0,0,"2025-02-09 17:00:00","2025-02-09 18:00:00","2026-09-03 20:58:24"
Nederland,Solar,Hour,0,0,0,0,"2025-02-09 18:00:00","2025-02-09 19:00:00","2026-09-03 20:58:24"
Nederland,Solar,Hour,0,0,0,0,"2025-02-09 19:00:00","2025-02-09 20:00:00","2026-09-03 20:58:24"
Nederland,Solar,Hour,0,0,0,0,"2025-02-09 20:00:00","2025-02-09 21:00:00","2026-09-03 20:58:24"
Nederland,Solar,Hour,0,0,0,0,"2025-02-09 21:00:00","2025-02-09 22:00:00","2026-09-03 20:58:24"
Nederland,Solar,Hour,0,0,0,0,"2025-02-09 22:00:00","2025-02-09 23:00:00","2026-09-03 20:58:24"
Nederland,Solar,Hour,0,0,0,0,"2025-02-09 23:00:00","2025-02-10 00:00:00","2026-09-03 20:58:24"
Nederland,Solar,Hour,0,0,0,0,"2025-02-10 00:00:00","2025-02-10 01:00:00","2026-09-03 20:58:24"
Nederland,Solar,Hour,0,0,0,0,"2025-02-10 01:00:00","2025-02-10 02:00:00","2026-09-03 20:58:24"
Nederland,Solar,Hour,0,0,0,0,"2025-02-10 02:00:00","2025-02-10 03:00:00","2026-09-03 20:58:24"
Nederland,Solar,Hour,0,0,0,0,"2025-02-10 03:00:00","2025-02-10 04:00:00","2026-09-03 20:58:24"
Nederland,Solar,Hour,0,0,0,0,"2025-02-10 04:00:00","2025-02-10 05:00:00","2026-09-03 20:58:24"
Nederland,Solar,Hour,0,0,0,0,"2025-02-10 05:00:00","2025-02-10 06:00:00","2026-09-03 20:58:24"
Nederland,Solar,Hour,0,0,0,0,"2025-02-10 06:00:00","2025-02-10 07:00:00","2026-09-03 20:58:24"
Nederland,Solar,Hour,44232,44231,0,0,"2025-02-10 07:00:00","2025-02-10 08:00:00","2026-09-03 20:58:24"
Nederland,Solar,Hour,724355,724352,0,0,"2025-02-10 08:00:00","2025-02-10 09:00:00","2026-09-03 20:58:24"
Nederland,Solar,Hour,1575651,1575649,0,0,"2025-02-10 09:00:00","2025-02-10 10:00:00","2026-09-03 20:58:24"
Nederland,Solar,Hour,2120328,2120326,0,0,"2025-02-10 10:00:00","2025-02-10 11:00:00","2026-09-03 20:58:24"
Nederland,Solar,Hour,2609176,2609173,0,0,"2025-02-10 11:00:00","2025-02-10 12:00:00","2026-09-03 20:58:24"
Nederland,Solar,Hour,2481907,2481905,0,0,"2025-02-10 12:00:00","2025-02-10 13:00:00","2026-09-03 20:58:24"
Nederland,Solar,Hour,1867771,1867769,0,0,"2025-02-10 13:00:00","2025-02-10 14:00:00","2026-09-03 20:58:24"
Nederland,Solar,Hour,1076139,1076137,0,0,"2025-02-10 14:00:00","2025-02-10 15:00:00","2026-09-03 20:58:24"
Nederland,Solar,Hour,548538,548536,0,0,"2025-02-10 15:00:00","2025-02-10 16:00:00","2026-09-03 20:58:24"
Nederland,Solar,Hour,65794,65793,0,0,"2025-02-10 16:00:00","2025-02-10 17:00:00","2026-09-03 20:58:24"
Nederland,Solar,Hour,0,0,0,0,"2025-02-10 17:00:00","2025-02-10 18:00:00","2026-09-03 20:58:24"
Nederland,Solar,Hour,0,0,0,0,"2025-02-10 18:00:00","2025-02-10 19:00:00","2026-09-03 20:58:24"
Nederland,Solar,Hour,0,0,0,0,"2025-02-10 19:00:00","2025-02-10 20:00:00","2026-09-03 20:58:24"
Nederland,Solar,Hour,0,0,0,0,"2025-02-10 20:00:00","2025-02-10 21:00:00","2026-09-03 20:58:24"
Nederland,Solar,Hour,0,0,0,0,"2025-02-10 21:00:00","2025-02-10 22:00:00","2026-09-03 20:58:24"
Nederland,Solar,Hour,0,0,0,0,"2025-02-10 22:00:00","2025-02-10 23:00:00","2026-09-03 20:58:24"
Nederland,Solar,Hour,0,0,0,0,"2025-02-10 23:00:00","2025-02-11 00:00:00","2026-09-03 20:58:24"
Nederland,Solar,Hour,0,0,0,0,"2025-02-11 00:00:00","2025-02-11 01:00:00","2026-09-03 20:58:24"
Nederland,Solar,Hour,0,0,0,0,"2025-02-11 01:00:00","2025-02-11 02:00:00","2026-09-03 20:58:24"
Nederland,Solar,Hour,0,0,0,0,"2025-02-11 02:00:00","2025-02-11 03:00:00","2026-09-03 20:58:24"
Nederland,Solar,Hour,0,0,0,0,"2025-02-11 03:00:00","2025-02-11 04:00:00","2026-09-03 20:58:24"
Nederland,Solar,Hour,0,0,0,0,"2025-02-11 04:00:00","2025-02-11 05:00:00","2026-09-03 20:58:24"
Nederland,Solar,Hour,0,0,0,0,"2025-02-11 05:00:00","2025-02-11 06:00:00","2026-09-03 20:58:24"
Nederland,Solar,Hour,0,0,0,0,"2025-02-11 06:00:00","2025-02-11 07:00:00","2026-09-03 20:58:24"
Nederland,Solar,Hour,14334,14334,0,0,"2025-02-11 07:00:00","2025-02-11 08:00:00","2026-09-03 20:58:24"
Nederland,Solar,Hour,268554,268552,0,0,"2025-02-11 08:00:00","2025-02-11 09:00:00","2026-09-03 20:58:24"
Nederland,Solar,Hour,614986,614984,0,0,"2025-02-11 09:00:00","2025-02-11 10:00:00","2026-09-03 20:58:24"
Nederland,Solar,Hour,891891,891889,0,0,"2025-02-11 10:00:00","2025-02-11 11:00:00","2026-09-03 20:58:24"
Nederland,Solar,Hour,1291485,1291483,0,0,"2025-02-11 11:00:00","2025-02-11 12:00:00","2026-09-03 20:58:24"
Nederland,Solar,Hour,1254017,1254014,0,0,"2025-02-11 12:00:00","2025-02-11 13:00:00","2026-09-03 20:58:24"
Nederland,Solar,Hour,908039,908038,0,0,"2025-02-11 13:00:00","2025-02-11 14:00:00","2026-09-03 20:58:24"
Nederland,Solar,Hour,612101,612100,0,0,"2025-02-11 14:00:00","2025-02-11 15:00:00","2026-09-03 20:58:24"
Nederland,Solar,Hour,249352,249350,0,0,"2025-02-11 15:00:00","2025-02-11 16:00:00","2026-09-03 20:58:24"
Nederland,Solar,Hour,22167,22166,0,0,"2025-02-11 16:00:00","2025-02-11 17:00:00","2026-09-03 20:58:24"
Nederland,Solar,Hour,0,0,0,0,"2025-02-11 17:00:00","2025-02-11 18:00:00","2026-09-03 20:58:24"
Nederland,Solar,Hour,0,0,0,0,"2025-02-11 18:00:00","2025-02-11 19:00:00","2026-09-03 20:58:24"
Nederland,Solar,Hour,0,0,0,0,"2025-02-11 19:00:00","2025-02-11 20:00:00","2026-09-03 20:58:24"
Nederland,Solar,Hour,0,0,0,0,"2025-02-11 20:00:00","2025-02-11 21:00:00","2026-09-03 20:58:24"
Nederland,Solar,Hour,0,0,0,0,"2025-02-11 21:00:00","2025-02-11 22:00:00","2026-09-03 20:58:24"
Nederland,Solar,Hour,0,0,0,0,"2025-02-11 22:00:00","2025-02-11 23:00:00","2026-09-03 20:58:24"
Nederland,Solar,Hour,0,0,0,0,"2025-02-11 23:00:00","2025-02-12 00:00:00","2026-09-03 20:58:24"
Nederland,Solar,Hour,0,0,0,0,"2025-02-12 00:00:00","2025-02-12 01:00:00","2026-09-03 20:58:24"
Nederland,Solar,Hour,0,0,0,0,"2025-02-12 01:00:00","2025-02-12 02:00:00","2026-09-03 20:58:24"
Nederland,Solar,Hour,0,0,0,0,"2025-02-12 02:00:00","2025-02-12 03:00:00","2026-09-03 20:58:24"
Nederland,Solar,Hour,0,0,0,0,"2025-02-12 03:00:00","2025-02-12 04:00:00","2026-09-03 20:58:24"
Nederland,Solar,Hour,0,0,0,0,"2025-02-12 04:00:00","2025-02-12 05:00:00","2026-09-03 20:58:24"
Nederland,Solar,Hour,0,0,0,0,"2025-02-12 05:00:00","2025-02-12 06:00:00","2026-09-03 20:58:24"
Nederland,Solar,Hour,0,0,0,0,"2025-02-12 06:00:00","2025-02-12 07:00:00","2026-09-03 20:58:24"
Nederland,Solar,Hour,37596,37594,0,0,"2025-02-12 07:00:00","2025-02-12 08:00:00","2026-09-03 20:58:24"
Nederland,Solar,Hour,469140,469138,0,0,"2025-02-12 08:00:00","2025-02-12 09:00:00","2026-09-03 20:58:24"
Nederland,Solar,Hour,1332666,1332664,0,0,"2025-02-12 09:00:00","2025-02-12 10:00:00","2026-09-03 20:58:24"
Nederland,Solar,Hour,1963622,1963619,0,0,"2025-02-12 10:00:00","2025-02-12 11:00:00","2026-09-03 20:58:24"
Nederland,Solar,Hour,2398335,2398333,0,0,"2025-02-12 11:00:00","2025-02-12 12:00:00","2026-09-03 20:58:24"
Nederland,Solar,Hour,2445028,2445026,0,0,"2025-02-12 12:00:00","2025-02-12 13:00:00","2026-09-03 20:58:24"
Nederland,Solar,Hour,1997231,1997229,0,0,"2025-02-12 13:00:00","2025-02-12 14:00:00","2026-09-03 20:58:24"
Nederland,Solar,Hour,1151631,1151629,0,0,"2025-02-12 14:00:00","2025-02-12 15:00:00","2026-09-03 20:58:24"
Nederland,Solar,Hour,617824,617822,0,0,"2025-02-12 15:00:00","2025-02-12 16:00:00","2026-09-03 20:58:24"
Nederland,Solar,Hour,126475,126472,0,0,"2025-02-12 16:00:00","2025-02-12 17:00:00","2026-09-03 20:58:24"
Nederland,Solar,Hour,0,0,0,0,"2025-02-12 17:00:00","2025-02-12 18:00:00","2026-09-03 20:58:24"
Nederland,Solar,Hour,0,0,0,0,"2025-02-12 18:00:00","2025-02-12 19:00:00","2026-09-03 20:58:24"
Nederland,Solar,Hour,0,0,0,0,"2025-02-12 19:00:00","2025-02-12 20:00:00","2026-09-03 20:58:24"
Nederland,Solar,Hour,0,0,0,0,"2025-02-12 20:00:00","2025-02-12 21:00:00","2026-09-03 20:58:24"
Nederland,Solar,Hour,0,0,0,0,"2025-02-12 21:00:00","2025-02-12 22:00:00","2026-09-03 20:58:24"
Nederland,Solar,Hour,0,0,0,0,"2025-02-12 22:00:00","2025-02-12 23:00:00","2026-09-03 20:58:24"
Nederland,Solar,Hour,0,0,0,0,"2025-02-12 23:00:00","2025-02-13 00:00:00","2026-09-03 20:58:24"
Nederland,Solar,Hour,0,0,0,0,"2025-02-13 00:00:00","2025-02-13 01:00:00","2026-09-03 20:58:24"
Nederland,Solar,Hour,0,0,0,0,"2025-02-13 01:00:00","2025-02-13 02:00:00","2026-09-03 20:58:24"
Nederland,Solar,Hour,0,0,0,0,"2025-02-13 02:00:00","2025-02-13 03:00:00","2026-09-03 20:58:24"
Nederland,Solar,Hour,0,0,0,0,"2025-02-13 03:00:00","2025-02-13 04:00:00","2026-09-03 20:58:24"
Nederland,Solar,Hour,0,0,0,0,"2025-02-13 04:00:00","2025-02-13 05:00:00","2026-09-03 20:58:24"
Nederland,Solar,Hour,0,0,0,0,"2025-02-13 05:00:00","2025-02-13 06:00:00","2026-09-03 20:58:24"
Nederland,Solar,Hour,0,0,0,0,"2025-02-13 06:00:00","2025-02-13 07:00:00","2026-09-03 20:58:24"
Nederland,Solar,Hour,12158,12158,0,0,"2025-02-13 07:00:00","2025-02-13 08:00:00","2026-09-03 20:58:24"
Nederland,Solar,Hour,360887,360885,0,0,"2025-02-13 08:00:00","2025-02-13 09:00:00","2026-09-03 20:58:24"
Nederland,Solar,Hour,1003825,1003822,0,0,"2025-02-13 09:00:00","2025-02-13 10:00:00","2026-09-03 20:58:24"
Nederland,Solar,Hour,2150484,2150482,0,0,"2025-02-13 10:00:00","2025-02-13 11:00:00","2026-09-03 20:58:24"
Nederland,Solar,Hour,2749407,2749405,0,0,"2025-02-13 11:00:00","2025-02-13 12:00:00","2026-09-03 20:58:24"
Nederland,Solar,Hour,2445840,2445838,0,0,"2025-02-13 12:00:00","2025-02-13 13:00:00","2026-09-03 20:58:24"
Nederland,Solar,Hour,2414013,2414010,0,0,"2025-02-13 13:00:00","2025-02-13 14:00:00","2026-09-03 20:58:24"
Nederland,Solar,Hour,2242657,2242655,0,0,"2025-02-13 14:00:00","2025-02-13 15:00:00","2026-09-03 20:58:24"
Nederland,Solar,Hour,1237179,1237177,0,0,"2025-02-13 15:00:00","2025-02-13 16:00:00","2026-09-03 20:58:24"
Nederland,Solar,Hour,333630,333628,0,0,"2025-02-13 16:00:00","2025-02-13 17:00:00","2026-09-03 20:58:24"
Nederland,Solar,Hour,0,0,0,0,"2025-02-13 17:00:00","2025-02-13 18:00:00","2026-09-03 20:58:24"
Nederland,Solar,Hour,0,0,0,0,"2025-02-13 18:00:00","2025-02-13 19:00:00","2026-09-03 20:58:24"
Nederland,Solar,Hour,0,0,0,0,"2025-02-13 19:00:00","2025-02-13 20:00:00","2026-09-03 20:58:24"
Nederland,Solar,Hour,0,0,0,0,"2025-02-13 20:00:00","2025-02-13 21:00:00","2026-09-03 20:58:24"
Nederland,Solar,Hour,0,0,0,0,"2025-02-13 21:00:00","2025-02-13 22:00:00","2026-09-03 20:58:24"
Nederland,Solar,Hour,0,0,0,0,"2025-02-13 22:00:00","2025-02-13 23:00:00","2026-09-03 20:58:24"
Nederland,Solar,Hour,0,0,0,0,"2025-02-13 23:00:00","2025-02-14 00:00:00","2026-09-03 20:58:24"
Nederland,Solar,Hour,0,0,0,0,"2025-02-14 00:00:00","2025-02-14 01:00:00","2026-09-03 20:56:48"
Nederland,Solar,Hour,0,0,0,0,"2025-02-14 01:00:00","2025-02-14 02:00:00","2026-09-03 20:56:48"
Nederland,Solar,Hour,0,0,0,0,"2025-02-14 02:00:00","2025-02-14 03:00:00","2026-09-03 20:56:48"
Nederland,Solar,Hour,0,0,0,0,"2025-02-14 03:00:00","2025-02-14 04:00:00","2026-09-03 20:56:48"
Nederland,Solar,Hour,0,0,0,0,"2025-02-14 04:00:00","2025-02-14 05:00:00","2026-09-03 20:56:48"
Nederland,Solar,Hour,0,0,0,0,"2025-02-14 05:00:00","2025-02-14 06:00:00","2026-09-03 20:56:48"
Nederland,Solar,Hour,0,0,0,0,"2025-02-14 06:00:00","2025-02-14 07:00:00","2026-09-03 20:56:48"
Nederland,Solar,Hour,94614,94613,0,0,"2025-02-14 07:00:00","2025-02-14 08:00:00","2026-09-03 20:56:48"
Nederland,Solar,Hour,1560485,1560484,0,0,"2025-02-14 08:00:00","2025-02-14 09:00:00","2026-09-03 20:56:48"
Nederland,Solar,Hour,3952485,3952482,0,0,"2025-02-14 09:00:00","2025-02-14 10:00:00","2026-09-03 20:56:48"
Nederland,Solar,Hour,4989945,4989943,0,0,"2025-02-14 10:00:00","2025-02-14 11:00:00","2026-09-03 20:56:48"
Nederland,Solar,Hour,5348887,5348885,0,0,"2025-02-14 11:00:00","2025-02-14 12:00:00","2026-09-03 20:56:48"
Nederland,Solar,Hour,4420297,4420295,0,0,"2025-02-14 12:00:00","2025-02-14 13:00:00","2026-09-03 20:56:48"
Nederland,Solar,Hour,3112952,3112950,0,0,"2025-02-14 13:00:00","2025-02-14 14:00:00","2026-09-03 20:56:48"
Nederland,Solar,Hour,2019068,2019065,0,0,"2025-02-14 14:00:00","2025-02-14 15:00:00","2026-09-03 20:56:48"
Nederland,Solar,Hour,1241293,1241290,0,0,"2025-02-14 15:00:00","2025-02-14 16:00:00","2026-09-03 20:56:48"
Nederland,Solar,Hour,194701,194700,0,0,"2025-02-14 16:00:00","2025-02-14 17:00:00","2026-09-03 20:56:48"
Nederland,Solar,Hour,0,0,0,0,"2025-02-14 17:00:00","2025-02-14 18:00:00","2026-09-03 20:56:48"
Nederland,Solar,Hour,0,0,0,0,"2025-02-14 18:00:00","2025-02-14 19:00:00","2026-09-03 20:56:48"
Nederland,Solar,Hour,0,0,0,0,"2025-02-14 19:00:00","2025-02-14 20:00:00","2026-09-03 20:56:48"
Nederland,Solar,Hour,0,0,0,0,"2025-02-14 20:00:00","2025-02-14 21:00:00","2026-09-03 20:56:48"
Nederland,Solar,Hour,0,0,0,0,"2025-02-14 21:00:00","2025-02-14 22:00:00","2026-09-03 20:56:48"
Nederland,Solar,Hour,0,0,0,0,"2025-02-14 22:00:00","2025-02-14 23:00:00","2026-09-03 20:56:48"
Nederland,Solar,Hour,0,0,0,0,"2025-02-14 23:00:00","2025-02-15 00:00:00","2026-09-03 20:56:48"
Nederland,Solar,Hour,0,0,0,0,"2025-02-15 00:00:00","2025-02-15 01:00:00","2026-09-03 20:56:48"
Nederland,Solar,Hour,0,0,0,0,"2025-02-15 01:00:00","2025-02-15 02:00:00","2026-09-03 20:56:48"
Nederland,Solar,Hour,0,0,0,0,"2025-02-15 02:00:00","2025-02-15 03:00:00","2026-09-03 20:56:48"
Nederland,Solar,Hour,0,0,0,0,"2025-02-15 03:00:00","2025-02-15 04:00:00","2026-09-03 20:56:48"
Nederland,Solar,Hour,0,0,0,0,"2025-02-15 04:00:00","2025-02-15 05:00:00","2026-09-03 20:56:48"
Nederland,Solar,Hour,0,0,0,0,"2025-02-15 05:00:00","2025-02-15 06:00:00","2026-09-03 20:56:48"
Nederland,Solar,Hour,0,0,0,0,"2025-02-15 06:00:00","2025-02-15 07:00:00","2026-09-03 20:56:48"
Nederland,Solar,Hour,81375,81373,0,0,"2025-02-15 07:00:00","2025-02-15 08:00:00","2026-09-03 20:56:48"
Nederland,Solar,Hour,922011,922009,0,0,"2025-02-15 08:00:00","2025-02-15 09:00:00","2026-09-03 20:56:48"
Nederland,Solar,Hour,2111490,2111489,0,0,"2025-02-15 09:00:00","2025-02-15 10:00:00","2026-09-03 20:56:48"
Nederland,Solar,Hour,3206888,3206886,0,0,"2025-02-15 10:00:00","2025-02-15 11:00:00","2026-09-03 20:56:48"
Nederland,Solar,Hour,3434164,3434161,0,0,"2025-02-15 11:00:00","2025-02-15 12:00:00","2026-09-03 20:56:48"
Nederland,Solar,Hour,3033814,3033812,0,0,"2025-02-15 12:00:00","2025-02-15 13:00:00","2026-09-03 20:56:48"
Nederland,Solar,Hour,2712680,2712678,0,0,"2025-02-15 13:00:00","2025-02-15 14:00:00","2026-09-03 20:56:48"
Nederland,Solar,Hour,1969908,1969907,0,0,"2025-02-15 14:00:00","2025-02-15 15:00:00","2026-09-03 20:56:48"
Nederland,Solar,Hour,911335,911333,0,0,"2025-02-15 15:00:00","2025-02-15 16:00:00","2026-09-03 20:56:48"
Nederland,Solar,Hour,130954,130952,0,0,"2025-02-15 16:00:00","2025-02-15 17:00:00","2026-09-03 20:56:48"
Nederland,Solar,Hour,0,0,0,0,"2025-02-15 17:00:00","2025-02-15 18:00:00","2026-09-03 20:56:48"
Nederland,Solar,Hour,0,0,0,0,"2025-02-15 18:00:00","2025-02-15 19:00:00","2026-09-03 20:56:48"
Nederland,Solar,Hour,0,0,0,0,"2025-02-15 19:00:00","2025-02-15 20:00:00","2026-09-03 20:56:48"
Nederland,Solar,Hour,0,0,0,0,"2025-02-15 20:00:00","2025-02-15 21:00:00","2026-09-03 20:56:48"
Nederland,Solar,Hour,0,0,0,0,"2025-02-15 21:00:00","2025-02-15 22:00:00","2026-09-03 20:56:48"
Nederland,Solar,Hour,0,0,0,0,"2025-02-15 22:00:00","2025-02-15 23:00:00","2026-09-03 20:56:48"
Nederland,Solar,Hour,0,0,0,0,"2025-02-15 23:00:00","2025-02-16 00:00:00","2026-09-03 20:56:48"
Nederland,Solar,Hour,0,0,0,0,"2025-02-16 00:00:00","2025-02-16 01:00:00","2026-09-03 20:56:48"
Nederland,Solar,Hour,0,0,0,0,"2025-02-16 01:00:00","2025-02-16 02:00:00","2026-09-03 20:56:48"
Nederland,Solar,Hour,0,0,0,0,"2025-02-16 02:00:00","2025-02-16 03:00:00","2026-09-03 20:56:48"
Nederland,Solar,Hour,0,0,0,0,"2025-02-16 03:00:00","2025-02-16 04:00:00","2026-09-03 20:56:48"
Nederland,Solar,Hour,0,0,0,0,"2025-02-16 04:00:00","2025-02-16 05:00:00","2026-09-03 20:56:48"
Nederland,Solar,Hour,0,0,0,0,"2025-02-16 05:00:00","2025-02-16 06:00:00","2026-09-03 20:56:48"
Nederland,Solar,Hour,0,0,0,0,"2025-02-16 06:00:00","2025-02-16 07:00:00","2026-09-03 20:56:48"
Nederland,Solar,Hour,318245,318243,0,0,"2025-02-16 07:00:00","2025-02-16 08:00:00","2026-09-03 20:56:48"
Nederland,Solar,Hour,2349988,2349986,0,0,"2025-02-16 08:00:00","2025-02-16 09:00:00","2026-09-03 20:56:48"
Nederland,Solar,Hour,4659267,4659265,0,0,"2025-02-16 09:00:00","2025-02-16 10:00:00","2026-09-03 20:56:48"
Nederland,Solar,Hour,7305281,7305280,0,0,"2025-02-16 10:00:00","2025-02-16 11:00:00","2026-09-03 20:56:48"
Nederland,Solar,Hour,9589608,9589605,0,0,"2025-02-16 11:00:00","2025-02-16 12:00:00","2026-09-03 20:56:48"
Nederland,Solar,Hour,10164998,10164996,0,0,"2025-02-16 12:00:00","2025-02-16 13:00:00","2026-09-03 20:56:48"
Nederland,Solar,Hour,9224086,9224084,0,0,"2025-02-16 13:00:00","2025-02-16 14:00:00","2026-09-03 20:56:48"
Nederland,Solar,Hour,7499619,7499618,0,0,"2025-02-16 14:00:00","2025-02-16 15:00:00","2026-09-03 20:56:48"
Nederland,Solar,Hour,4718395,4718393,0,0,"2025-02-16 15:00:00","2025-02-16 16:00:00","2026-09-03 20:56:48"
Nederland,Solar,Hour,1334683,1334682,0,0,"2025-02-16 16:00:00","2025-02-16 17:00:00","2026-09-03 20:56:48"
Nederland,Solar,Hour,0,0,0,0,"2025-02-16 17:00:00","2025-02-16 18:00:00","2026-09-03 20:56:48"
Nederland,Solar,Hour,0,0,0,0,"2025-02-16 18:00:00","2025-02-16 19:00:00","2026-09-03 20:56:48"
Nederland,Solar,Hour,0,0,0,0,"2025-02-16 19:00:00","2025-02-16 20:00:00","2026-09-03 20:56:48"
Nederland,Solar,Hour,0,0,0,0,"2025-02-16 20:00:00","2025-02-16 21:00:00","2026-09-03 20:56:48"
Nederland,Solar,Hour,0,0,0,0,"2025-02-16 21:00:00","2025-02-16 22:00:00","2026-09-03 20:56:48"
Nederland,Solar,Hour,0,0,0,0,"2025-02-16 22:00:00","2025-02-16 23:00:00","2026-09-03 20:56:48"
Nederland,Solar,Hour,0,0,0,0,"2025-02-16 23:00:00","2025-02-17 00:00:00","2026-09-03 20:56:48"
Nederland,Solar,Hour,0,0,0,0,"2025-02-17 00:00:00","2025-02-17 01:00:00","2026-09-03 20:56:48"
Nederland,Solar,Hour,0,0,0,0,"2025-02-17 01:00:00","2025-02-17 02:00:00","2026-09-03 20:56:48"
Nederland,Solar,Hour,0,0,0,0,"2025-02-17 02:00:00","2025-02-17 03:00:00","2026-09-03 20:56:48"
Nederland,Solar,Hour,0,0,0,0,"2025-02-17 03:00:00","2025-02-17 04:00:00","2026-09-03 20:56:48"
Nederland,Solar,Hour,0,0,0,0,"2025-02-17 04:00:00","2025-02-17 05:00:00","2026-09-03 20:56:48"
Nederland,Solar,Hour,0,0,0,0,"2025-02-17 05:00:00","2025-02-17 06:00:00","2026-09-03 20:56:48"
Nederland,Solar,Hour,0,0,0,0,"2025-02-17 06:00:00","2025-02-17 07:00:00","2026-09-03 20:56:48"
Nederland,Solar,Hour,947756,947755,0,0,"2025-02-17 07:00:00","2025-02-17 08:00:00","2026-09-03 20:56:48"
Nederland,Solar,Hour,5902998,5902996,0,0,"2025-02-17 08:00:00","2025-02-17 09:00:00","2026-09-03 20:56:48"
Nederland,Solar,Hour,9464277,9464276,0,0,"2025-02-17 09:00:00","2025-02-17 10:00:00","2026-09-03 20:56:48"
Nederland,Solar,Hour,11428062,11428060,0,0,"2025-02-17 10:00:00","2025-02-17 11:00:00","2026-09-03 20:56:48"
Nederland,Solar,Hour,12283500,12283498,0,0,"2025-02-17 11:00:00","2025-02-17 12:00:00","2026-09-03 20:56:48"
Nederland,Solar,Hour,11743653,11743651,0,0,"2025-02-17 12:00:00","2025-02-17 13:00:00","2026-09-03 20:56:48"
Nederland,Solar,Hour,10114020,10114018,0,0,"2025-02-17 13:00:00","2025-02-17 14:00:00","2026-09-03 20:56:48"
Nederland,Solar,Hour,7657158,7657156,0,0,"2025-02-17 14:00:00","2025-02-17 15:00:00","2026-09-03 20:56:48"
Nederland,Solar,Hour,4753399,4753397,0,0,"2025-02-17 15:00:00","2025-02-17 16:00:00","2026-09-03 20:56:48"
Nederland,Solar,Hour,1389097,1389094,0,0,"2025-02-17 16:00:00","2025-02-17 17:00:00","2026-09-03 20:56:48"
Nederland,Solar,Hour,0,0,0,0,"2025-02-17 17:00:00","2025-02-17 18:00:00","2026-09-03 20:56:48"
Nederland,Solar,Hour,0,0,0,0,"2025-02-17 18:00:00","2025-02-17 19:00:00","2026-09-03 20:56:48"
Nederland,Solar,Hour,0,0,0,0,"2025-02-17 19:00:00","2025-02-17 20:00:00","2026-09-03 20:56:48"
Nederland,Solar,Hour,0,0,0,0,"2025-02-17 20:00:00","2025-02-17 21:00:00","2026-09-03 20:56:48"
Nederland,Solar,Hour,0,0,0,0,"2025-02-17 21:00:00","2025-02-17 22:00:00","2026-09-03 20:56:48"
Nederland,Solar,Hour,0,0,0,0,"2025-02-17 22:00:00","2025-02-17 23:00:00","2026-09-03 20:56:48"
Nederland,Solar,Hour,0,0,0,0,"2025-02-17 23:00:00","2025-02-18 00:00:00","2026-09-03 20:56:48"
Nederland,Solar,Hour,0,0,0,0,"2025-02-18 00:00:00","2025-02-18 01:00:00","2026-09-03 20:56:48"
Nederland,Solar,Hour,0,0,0,0,"2025-02-18 01:00:00","2025-02-18 02:00:00","2026-09-03 20:56:48"
Nederland,Solar,Hour,0,0,0,0,"2025-02-18 02:00:00","2025-02-18 03:00:00","2026-09-03 20:56:48"
Nederland,Solar,Hour,0,0,0,0,"2025-02-18 03:00:00","2025-02-18 04:00:00","2026-09-03 20:56:48"
Nederland,Solar,Hour,0,0,0,0,"2025-02-18 04:00:00","2025-02-18 05:00:00","2026-09-03 20:56:48"
Nederland,Solar,Hour,0,0,0,0,"2025-02-18 05:00:00","2025-02-18 06:00:00","2026-09-03 20:56:48"
Nederland,Solar,Hour,0,0,0,0,"2025-02-18 06:00:00","2025-02-18 07:00:00","2026-09-03 20:56:48"
Nederland,Solar,Hour,753086,753083,0,0,"2025-02-18 07:00:00","2025-02-18 08:00:00","2026-09-03 20:56:48"
Nederland,Solar,Hour,4137628,4137627,0,0,"2025-02-18 08:00:00","2025-02-18 09:00:00","2026-09-03 20:56:48"
Nederland,Solar,Hour,7559740,7559738,0,0,"2025-02-18 09:00:00","2025-02-18 10:00:00","2026-09-03 20:56:48"
Nederland,Solar,Hour,9787190,9787188,0,0,"2025-02-18 10:00:00","2025-02-18 11:00:00","2026-09-03 20:56:48"
Nederland,Solar,Hour,11209606,11209604,0,0,"2025-02-18 11:00:00","2025-02-18 12:00:00","2026-09-03 20:56:48"
Nederland,Solar,Hour,11330391,11330389,0,0,"2025-02-18 12:00:00","2025-02-18 13:00:00","2026-09-03 20:56:48"
Nederland,Solar,Hour,9917127,9917126,0,0,"2025-02-18 13:00:00","2025-02-18 14:00:00","2026-09-03 20:56:48"
Nederland,Solar,Hour,7940545,7940544,0,0,"2025-02-18 14:00:00","2025-02-18 15:00:00","2026-09-03 20:56:48"
Nederland,Solar,Hour,4465311,4465307,0,0,"2025-02-18 15:00:00","2025-02-18 16:00:00","2026-09-03 20:56:48"
Nederland,Solar,Hour,1389346,1389344,0,0,"2025-02-18 16:00:00","2025-02-18 17:00:00","2026-09-03 20:56:48"
Nederland,Solar,Hour,1279,1279,0,0,"2025-02-18 17:00:00","2025-02-18 18:00:00","2026-09-03 20:56:48"
Nederland,Solar,Hour,0,0,0,0,"2025-02-18 18:00:00","2025-02-18 19:00:00","2026-09-03 20:56:48"
Nederland,Solar,Hour,0,0,0,0,"2025-02-18 19:00:00","2025-02-18 20:00:00","2026-09-03 20:56:48"
Nederland,Solar,Hour,0,0,0,0,"2025-02-18 20:00:00","2025-02-18 21:00:00","2026-09-03 20:56:48"
Nederland,Solar,Hour,0,0,0,0,"2025-02-18 21:00:00","2025-02-18 22:00:00","2026-09-03 20:56:48"
Nederland,Solar,Hour,0,0,0,0,"2025-02-18 22:00:00","2025-02-18 23:00:00","2026-09-03 20:56:48"
Nederland,Solar,Hour,0,0,0,0,"2025-02-18 23:00:00","2025-02-19 00:00:00","2026-09-03 20:56:48"
Nederland,Solar,Hour,0,0,0,0,"2025-02-19 00:00:00","2025-02-19 01:00:00","2026-09-03 20:55:13"
Nederland,Solar,Hour,0,0,0,0,"2025-02-19 01:00:00","2025-02-19 02:00:00","2026-09-03 20:55:13"
Nederland,Solar,Hour,0,0,0,0,"2025-02-19 02:00:00","2025-02-19 03:00:00","2026-09-03 20:55:13"
Nederland,Solar,Hour,0,0,0,0,"2025-02-19 03:00:00","2025-02-19 04:00:00","2026-09-03 20:55:13"
Nederland,Solar,Hour,0,0,0,0,"2025-02-19 04:00:00","2025-02-19 05:00:00","2026-09-03 20:55:13"
Nederland,Solar,Hour,0,0,0,0,"2025-02-19 05:00:00","2025-02-19 06:00:00","2026-09-03 20:55:13"
Nederland,Solar,Hour,0,0,0,0,"2025-02-19 06:00:00","2025-02-19 07:00:00","2026-09-03 20:55:13"
Nederland,Solar,Hour,668584,668582,0,0,"2025-02-19 07:00:00","2025-02-19 08:00:00","2026-09-03 20:55:13"
Nederland,Solar,Hour,3176891,3176890,0,0,"2025-02-19 08:00:00","2025-02-19 09:00:00","2026-09-03 20:55:13"
Nederland,Solar,Hour,5438111,5438107,0,0,"2025-02-19 09:00:00","2025-02-19 10:00:00","2026-09-03 20:55:13"
Nederland,Solar,Hour,7683885,7683883,0,0,"2025-02-19 10:00:00","2025-02-19 11:00:00","2026-09-03 20:55:13"
Nederland,Solar,Hour,8201226,8201224,0,0,"2025-02-19 11:00:00","2025-02-19 12:00:00","2026-09-03 20:55:13"
Nederland,Solar,Hour,8427350,8427348,0,0,"2025-02-19 12:00:00","2025-02-19 13:00:00","2026-09-03 20:55:13"
Nederland,Solar,Hour,8559740,8559737,0,0,"2025-02-19 13:00:00","2025-02-19 14:00:00","2026-09-03 20:55:13"
Nederland,Solar,Hour,6069334,6069332,0,0,"2025-02-19 14:00:00","2025-02-19 15:00:00","2026-09-03 20:55:13"
Nederland,Solar,Hour,3047279,3047278,0,0,"2025-02-19 15:00:00","2025-02-19 16:00:00","2026-09-03 20:55:13"
Nederland,Solar,Hour,583223,583220,0,0,"2025-02-19 16:00:00","2025-02-19 17:00:00","2026-09-03 20:55:13"
Nederland,Solar,Hour,319,319,0,0,"2025-02-19 17:00:00","2025-02-19 18:00:00","2026-09-03 20:55:13"
Nederland,Solar,Hour,0,0,0,0,"2025-02-19 18:00:00","2025-02-19 19:00:00","2026-09-03 20:55:13"
Nederland,Solar,Hour,0,0,0,0,"2025-02-19 19:00:00","2025-02-19 20:00:00","2026-09-03 20:55:13"
Nederland,Solar,Hour,0,0,0,0,"2025-02-19 20:00:00","2025-02-19 21:00:00","2026-09-03 20:55:13"
Nederland,Solar,Hour,0,0,0,0,"2025-02-19 21:00:00","2025-02-19 22:00:00","2026-09-03 20:55:13"
Nederland,Solar,Hour,0,0,0,0,"2025-02-19 22:00:00","2025-02-19 23:00:00","2026-09-03 20:55:13"
Nederland,Solar,Hour,0,0,0,0,"2025-02-19 23:00:00","2025-02-20 00:00:00","2026-09-03 20:55:13"
Nederland,Solar,Hour,0,0,0,0,"2025-02-20 00:00:00","2025-02-20 01:00:00","2026-09-03 20:55:13"
Nederland,Solar,Hour,0,0,0,0,"2025-02-20 01:00:00","2025-02-20 02:00:00","2026-09-03 20:55:13"
Nederland,Solar,Hour,0,0,0,0,"2025-02-20 02:00:00","2025-02-20 03:00:00","2026-09-03 20:55:13"
Nederland,Solar,Hour,0,0,0,0,"2025-02-20 03:00:00","2025-02-20 04:00:00","2026-09-03 20:55:13"
Nederland,Solar,Hour,0,0,0,0,"2025-02-20 04:00:00","2025-02-20 05:00:00","2026-09-03 20:55:13"
Nederland,Solar,Hour,0,0,0,0,"2025-02-20 05:00:00","2025-02-20 06:00:00","2026-09-03 20:55:13"
Nederland,Solar,Hour,0,0,0,0,"2025-02-20 06:00:00","2025-02-20 07:00:00","2026-09-03 20:55:13"
Nederland,Solar,Hour,235568,235566,0,0,"2025-02-20 07:00:00","2025-02-20 08:00:00","2026-09-03 20:55:13"
Nederland,Solar,Hour,1137001,1136998,0,0,"2025-02-20 08:00:00","2025-02-20 09:00:00","2026-09-03 20:55:13"
Nederland,Solar,Hour,2317558,2317557,0,0,"2025-02-20 09:00:00","2025-02-20 10:00:00","2026-09-03 20:55:13"
Nederland,Solar,Hour,3725154,3725152,0,0,"2025-02-20 10:00:00","2025-02-20 11:00:00","2026-09-03 20:55:13"
Nederland,Solar,Hour,4717589,4717587,0,0,"2025-02-20 11:00:00","2025-02-20 12:00:00","2026-09-03 20:55:13"
Nederland,Solar,Hour,3957802,3957800,0,0,"2025-02-20 12:00:00","2025-02-20 13:00:00","2026-09-03 20:55:13"
Nederland,Solar,Hour,2768735,2768734,0,0,"2025-02-20 13:00:00","2025-02-20 14:00:00","2026-09-03 20:55:13"
Nederland,Solar,Hour,1688054,1688053,0,0,"2025-02-20 14:00:00","2025-02-20 15:00:00","2026-09-03 20:55:13"
Nederland,Solar,Hour,790281,790279,0,0,"2025-02-20 15:00:00","2025-02-20 16:00:00","2026-09-03 20:55:13"
Nederland,Solar,Hour,226148,226147,0,0,"2025-02-20 16:00:00","2025-02-20 17:00:00","2026-09-03 20:55:13"
Nederland,Solar,Hour,880,880,0,0,"2025-02-20 17:00:00","2025-02-20 18:00:00","2026-09-03 20:55:13"
Nederland,Solar,Hour,0,0,0,0,"2025-02-20 18:00:00","2025-02-20 19:00:00","2026-09-03 20:55:13"
Nederland,Solar,Hour,0,0,0,0,"2025-02-20 19:00:00","2025-02-20 20:00:00","2026-09-03 20:55:13"
Nederland,Solar,Hour,0,0,0,0,"2025-02-20 20:00:00","2025-02-20 21:00:00","2026-09-03 20:55:13"
Nederland,Solar,Hour,0,0,0,0,"2025-02-20 21:00:00","2025-02-20 22:00:00","2026-09-03 20:55:13"
Nederland,Solar,Hour,0,0,0,0,"2025-02-20 22:00:00","2025-02-20 23:00:00","2026-09-03 20:55:13"
Nederland,Solar,Hour,0,0,0,0,"2025-02-20 23:00:00","2025-02-21 00:00:00","2026-09-03 20:55:13"
Nederland,Solar,Hour,0,0,0,0,"2025-02-21 00:00:00","2025-02-21 01:00:00","2026-09-03 20:55:13"
Nederland,Solar,Hour,0,0,0,0,"2025-02-21 01:00:00","2025-02-21 02:00:00","2026-09-03 20:55:13"
Nederland,Solar,Hour,0,0,0,0,"2025-02-21 02:00:00","2025-02-21 03:00:00","2026-09-03 20:55:13"
Nederland,Solar,Hour,0,0,0,0,"2025-02-21 03:00:00","2025-02-21 04:00:00","2026-09-03 20:55:13"
Nederland,Solar,Hour,0,0,0,0,"2025-02-21 04:00:00","2025-02-21 05:00:00","2026-09-03 20:55:13"
Nederland,Solar,Hour,0,0,0,0,"2025-02-21 05:00:00","2025-02-21 06:00:00","2026-09-03 20:55:13"
Nederland,Solar,Hour,0,0,0,0,"2025-02-21 06:00:00","2025-02-21 07:00:00","2026-09-03 20:55:13"
Nederland,Solar,Hour,338720,338718,0,0,"2025-02-21 07:00:00","2025-02-21 08:00:00","2026-09-03 20:55:13"
Nederland,Solar,Hour,2011100,2011098,0,0,"2025-02-21 08:00:00","2025-02-21 09:00:00","2026-09-03 20:55:13"
Nederland,Solar,Hour,4588420,4588418,0,0,"2025-02-21 09:00:00","2025-02-21 10:00:00","2026-09-03 20:55:13"
Nederland,Solar,Hour,6920890,6920888,0,0,"2025-02-21 10:00:00","2025-02-21 11:00:00","2026-09-03 20:55:13"
Nederland,Solar,Hour,8601530,8601528,0,0,"2025-02-21 11:00:00","2025-02-21 12:00:00","2026-09-03 20:55:13"
Nederland,Solar,Hour,8450105,8450103,0,0,"2025-02-21 12:00:00","2025-02-21 13:00:00","2026-09-03 20:55:13"
Nederland,Solar,Hour,6564382,6564380,0,0,"2025-02-21 13:00:00","2025-02-21 14:00:00","2026-09-03 20:55:13"
Nederland,Solar,Hour,4187303,4187302,0,0,"2025-02-21 14:00:00","2025-02-21 15:00:00","2026-09-03 20:55:13"
Nederland,Solar,Hour,1960295,1960293,0,0,"2025-02-21 15:00:00","2025-02-21 16:00:00","2026-09-03 20:55:13"
Nederland,Solar,Hour,506726,506724,0,0,"2025-02-21 16:00:00","2025-02-21 17:00:00","2026-09-03 20:55:13"
Nederland,Solar,Hour,137,137,0,0,"2025-02-21 17:00:00","2025-02-21 18:00:00","2026-09-03 20:55:13"
Nederland,Solar,Hour,0,0,0,0,"2025-02-21 18:00:00","2025-02-21 19:00:00","2026-09-03 20:55:13"
Nederland,Solar,Hour,0,0,0,0,"2025-02-21 19:00:00","2025-02-21 20:00:00","2026-09-03 20:55:13"
Nederland,Solar,Hour,0,0,0,0,"2025-02-21 20:00:00","2025-02-21 21:00:00","2026-09-03 20:55:13"
Nederland,Solar,Hour,0,0,0,0,"2025-02-21 21:00:00","2025-02-21 22:00:00","2026-09-03 20:55:13"
Nederland,Solar,Hour,0,0,0,0,"2025-02-21 22:00:00","2025-02-21 23:00:00","2026-09-03 20:55:13"
Nederland,Solar,Hour,0,0,0,0,"2025-02-21 23:00:00","2025-02-22 00:00:00","2026-09-03 20:55:13"
Nederland,Solar,Hour,0,0,0,0,"2025-02-22 00:00:00","2025-02-22 01:00:00","2026-09-03 20:55:13"
Nederland,Solar,Hour,0,0,0,0,"2025-02-22 01:00:00","2025-02-22 02:00:00","2026-09-03 20:55:13"
Nederland,Solar,Hour,0,0,0,0,"2025-02-22 02:00:00","2025-02-22 03:00:00","2026-09-03 20:55:13"
Nederland,Solar,Hour,0,0,0,0,"2025-02-22 03:00:00","2025-02-22 04:00:00","2026-09-03 20:55:13"
Nederland,Solar,Hour,0,0,0,0,"2025-02-22 04:00:00","2025-02-22 05:00:00","2026-09-03 20:55:13"
Nederland,Solar,Hour,0,0,0,0,"2025-02-22 05:00:00","2025-02-22 06:00:00","2026-09-03 20:55:13"
Nederland,Solar,Hour,0,0,0,0,"2025-02-22 06:00:00","2025-02-22 07:00:00","2026-09-03 20:55:13"
Nederland,Solar,Hour,42400,42399,0,0,"2025-02-22 07:00:00","2025-02-22 08:00:00","2026-09-03 20:55:13"
Nederland,Solar,Hour,416692,416689,0,0,"2025-02-22 08:00:00","2025-02-22 09:00:00","2026-09-03 20:55:13"
Nederland,Solar,Hour,921940,921939,0,0,"2025-02-22 09:00:00","2025-02-22 10:00:00","2026-09-03 20:55:13"
Nederland,Solar,Hour,1381608,1381607,0,0,"2025-02-22 10:00:00","2025-02-22 11:00:00","2026-09-03 20:55:13"
Nederland,Solar,Hour,2090980,2090978,0,0,"2025-02-22 11:00:00","2025-02-22 12:00:00","2026-09-03 20:55:13"
Nederland,Solar,Hour,2174859,2174857,0,0,"2025-02-22 12:00:00","2025-02-22 13:00:00","2026-09-03 20:55:13"
Nederland,Solar,Hour,1697146,1697144,0,0,"2025-02-22 13:00:00","2025-02-22 14:00:00","2026-09-03 20:55:13"
Nederland,Solar,Hour,1075955,1075954,0,0,"2025-02-22 14:00:00","2025-02-22 15:00:00","2026-09-03 20:55:13"
Nederland,Solar,Hour,689617,689615,0,0,"2025-02-22 15:00:00","2025-02-22 16:00:00","2026-09-03 20:55:13"
Nederland,Solar,Hour,255479,255477,0,0,"2025-02-22 16:00:00","2025-02-22 17:00:00","2026-09-03 20:55:13"
Nederland,Solar,Hour,5011,5010,0,0,"2025-02-22 17:00:00","2025-02-22 18:00:00","2026-09-03 20:55:13"
Nederland,Solar,Hour,0,0,0,0,"2025-02-22 18:00:00","2025-02-22 19:00:00","2026-09-03 20:55:13"
Nederland,Solar,Hour,0,0,0,0,"2025-02-22 19:00:00","2025-02-22 20:00:00","2026-09-03 20:55:13"
Nederland,Solar,Hour,0,0,0,0,"2025-02-22 20:00:00","2025-02-22 21:00:00","2026-09-03 20:55:13"
Nederland,Solar,Hour,0,0,0,0,"2025-02-22 21:00:00","2025-02-22 22:00:00","2026-09-03 20:55:13"
Nederland,Solar,Hour,0,0,0,0,"2025-02-22 22:00:00","2025-02-22 23:00:00","2026-09-03 20:55:13"
Nederland,Solar,Hour,0,0,0,0,"2025-02-22 23:00:00","2025-02-23 00:00:00","2026-09-03 20:55:13"
Nederland,Solar,Hour,0,0,0,0,"2025-02-23 00:00:00","2025-02-23 01:00:00","2026-09-03 20:55:13"
Nederland,Solar,Hour,0,0,0,0,"2025-02-23 01:00:00","2025-02-23 02:00:00","2026-09-03 20:55:13"
Nederland,Solar,Hour,0,0,0,0,"2025-02-23 02:00:00","2025-02-23 03:00:00","2026-09-03 20:55:13"
Nederland,Solar,Hour,0,0,0,0,"2025-02-23 03:00:00","2025-02-23 04:00:00","2026-09-03 20:55:13"
Nederland,Solar,Hour,0,0,0,0,"2025-02-23 04:00:00","2025-02-23 05:00:00","2026-09-03 20:55:13"
Nederland,Solar,Hour,0,0,0,0,"2025-02-23 05:00:00","2025-02-23 06:00:00","2026-09-03 20:55:13"
Nederland,Solar,Hour,0,0,0,0,"2025-02-23 06:00:00","2025-02-23 07:00:00","2026-09-03 20:55:13"
Nederland,Solar,Hour,176476,176474,0,0,"2025-02-23 07:00:00","2025-02-23 08:00:00","2026-09-03 20:55:13"
Nederland,Solar,Hour,1124802,1124800,0,0,"2025-02-23 08:00:00","2025-02-23 09:00:00","2026-09-03 20:55:13"
Nederland,Solar,Hour,2841419,2841416,0,0,"2025-02-23 09:00:00","2025-02-23 10:00:00","2026-09-03 20:55:13"
Nederland,Solar,Hour,5691269,5691266,0,0,"2025-02-23 10:00:00","2025-02-23 11:00:00","2026-09-03 20:55:13"
Nederland,Solar,Hour,9103155,9103152,0,0,"2025-02-23 11:00:00","2025-02-23 12:00:00","2026-09-03 20:55:13"
Nederland,Solar,Hour,10196624,10196621,0,0,"2025-02-23 12:00:00","2025-02-23 13:00:00","2026-09-03 20:55:13"
Nederland,Solar,Hour,9351007,9351006,0,0,"2025-02-23 13:00:00","2025-02-23 14:00:00","2026-09-03 20:55:13"
Nederland,Solar,Hour,6605799,6605796,0,0,"2025-02-23 14:00:00","2025-02-23 15:00:00","2026-09-03 20:55:13"
Nederland,Solar,Hour,3841863,3841861,0,0,"2025-02-23 15:00:00","2025-02-23 16:00:00","2026-09-03 20:55:13"
Nederland,Solar,Hour,1304515,1304512,0,0,"2025-02-23 16:00:00","2025-02-23 17:00:00","2026-09-03 20:55:13"
Nederland,Solar,Hour,1257,1257,0,0,"2025-02-23 17:00:00","2025-02-23 18:00:00","2026-09-03 20:55:13"
Nederland,Solar,Hour,0,0,0,0,"2025-02-23 18:00:00","2025-02-23 19:00:00","2026-09-03 20:55:13"
Nederland,Solar,Hour,0,0,0,0,"2025-02-23 19:00:00","2025-02-23 20:00:00","2026-09-03 20:55:13"
Nederland,Solar,Hour,0,0,0,0,"2025-02-23 20:00:00","2025-02-23 21:00:00","2026-09-03 20:55:13"
Nederland,Solar,Hour,0,0,0,0,"2025-02-23 21:00:00","2025-02-23 22:00:00","2026-09-03 20:55:13"
Nederland,Solar,Hour,0,0,0,0,"2025-02-23 22:00:00","2025-02-23 23:00:00","2026-09-03 20:55:13"
Nederland,Solar,Hour,0,0,0,0,"2025-02-23 23:00:00","2025-02-24 00:00:00","2026-09-03 20:55:13"
Nederland,Solar,Hour,0,0,0,0,"2025-02-24 00:00:00","2025-02-24 01:00:00","2026-09-03 20:53:39"
Nederland,Solar,Hour,0,0,0,0,"2025-02-24 01:00:00","2025-02-24 02:00:00","2026-09-03 20:53:39"
Nederland,Solar,Hour,0,0,0,0,"2025-02-24 02:00:00","2025-02-24 03:00:00","2026-09-03 20:53:39"
Nederland,Solar,Hour,0,0,0,0,"2025-02-24 03:00:00","2025-02-24 04:00:00","2026-09-03 20:53:39"
Nederland,Solar,Hour,0,0,0,0,"2025-02-24 04:00:00","2025-02-24 05:00:00","2026-09-03 20:53:39"
Nederland,Solar,Hour,0,0,0,0,"2025-02-24 05:00:00","2025-02-24 06:00:00","2026-09-03 20:53:39"
Nederland,Solar,Hour,0,0,0,0,"2025-02-24 06:00:00","2025-02-24 07:00:00","2026-09-03 20:53:39"
Nederland,Solar,Hour,75187,75185,0,0,"2025-02-24 07:00:00","2025-02-24 08:00:00","2026-09-03 20:53:39"
Nederland,Solar,Hour,538077,538074,0,0,"2025-02-24 08:00:00","2025-02-24 09:00:00","2026-09-03 20:53:39"
Nederland,Solar,Hour,1289948,1289946,0,0,"2025-02-24 09:00:00","2025-02-24 10:00:00","2026-09-03 20:53:39"
Nederland,Solar,Hour,1952958,1952957,0,0,"2025-02-24 10:00:00","2025-02-24 11:00:00","2026-09-03 20:53:39"
Nederland,Solar,Hour,1813125,1813123,0,0,"2025-02-24 11:00:00","2025-02-24 12:00:00","2026-09-03 20:53:39"
Nederland,Solar,Hour,1586199,1586197,0,0,"2025-02-24 12:00:00","2025-02-24 13:00:00","2026-09-03 20:53:39"
Nederland,Solar,Hour,1087758,1087755,0,0,"2025-02-24 13:00:00","2025-02-24 14:00:00","2026-09-03 20:53:39"
Nederland,Solar,Hour,1042489,1042486,0,0,"2025-02-24 14:00:00","2025-02-24 15:00:00","2026-09-03 20:53:39"
Nederland,Solar,Hour,852653,852651,0,0,"2025-02-24 15:00:00","2025-02-24 16:00:00","2026-09-03 20:53:39"
Nederland,Solar,Hour,517176,517174,0,0,"2025-02-24 16:00:00","2025-02-24 17:00:00","2026-09-03 20:53:39"
Nederland,Solar,Hour,22729,22728,0,0,"2025-02-24 17:00:00","2025-02-24 18:00:00","2026-09-03 20:53:39"
Nederland,Solar,Hour,0,0,0,0,"2025-02-24 18:00:00","2025-02-24 19:00:00","2026-09-03 20:53:39"
Nederland,Solar,Hour,0,0,0,0,"2025-02-24 19:00:00","2025-02-24 20:00:00","2026-09-03 20:53:39"
Nederland,Solar,Hour,0,0,0,0,"2025-02-24 20:00:00","2025-02-24 21:00:00","2026-09-03 20:53:39"
Nederland,Solar,Hour,0,0,0,0,"2025-02-24 21:00:00","2025-02-24 22:00:00","2026-09-03 20:53:39"
Nederland,Solar,Hour,0,0,0,0,"2025-02-24 22:00:00","2025-02-24 23:00:00","2026-09-03 20:53:39"
Nederland,Solar,Hour,0,0,0,0,"2025-02-24 23:00:00","2025-02-25 00:00:00","2026-09-03 20:53:39"
Nederland,Solar,Hour,0,0,0,0,"2025-02-25 00:00:00","2025-02-25 01:00:00","2026-09-03 20:53:39"
Nederland,Solar,Hour,0,0,0,0,"2025-02-25 01:00:00","2025-02-25 02:00:00","2026-09-03 20:53:39"
Nederland,Solar,Hour,0,0,0,0,"2025-02-25 02:00:00","2025-02-25 03:00:00","2026-09-03 20:53:39"
Nederland,Solar,Hour,0,0,0,0,"2025-02-25 03:00:00","2025-02-25 04:00:00","2026-09-03 20:53:39"
Nederland,Solar,Hour,0,0,0,0,"2025-02-25 04:00:00","2025-02-25 05:00:00","2026-09-03 20:53:39"
Nederland,Solar,Hour,0,0,0,0,"2025-02-25 05:00:00","2025-02-25 06:00:00","2026-09-03 20:53:39"
Nederland,Solar,Hour,50,50,0,0,"2025-02-25 06:00:00","2025-02-25 07:00:00","2026-09-03 20:53:39"
Nederland,Solar,Hour,526938,526936,0,0,"2025-02-25 07:00:00","2025-02-25 08:00:00","2026-09-03 20:53:39"
Nederland,Solar,Hour,1884429,1884427,0,0,"2025-02-25 08:00:00","2025-02-25 09:00:00","2026-09-03 20:53:39"
Nederland,Solar,Hour,3580598,3580596,0,0,"2025-02-25 09:00:00","2025-02-25 10:00:00","2026-09-03 20:53:39"
Nederland,Solar,Hour,4533397,4533395,0,0,"2025-02-25 10:00:00","2025-02-25 11:00:00","2026-09-03 20:53:39"
Nederland,Solar,Hour,4511625,4511624,0,0,"2025-02-25 11:00:00","2025-02-25 12:00:00","2026-09-03 20:53:39"
Nederland,Solar,Hour,4770094,4770093,0,0,"2025-02-25 12:00:00","2025-02-25 13:00:00","2026-09-03 20:53:39"
Nederland,Solar,Hour,4369283,4369280,0,0,"2025-02-25 13:00:00","2025-02-25 14:00:00","2026-09-03 20:53:39"
Nederland,Solar,Hour,3199981,3199979,0,0,"2025-02-25 14:00:00","2025-02-25 15:00:00","2026-09-03 20:53:39"
Nederland,Solar,Hour,1673855,1673853,0,0,"2025-02-25 15:00:00","2025-02-25 16:00:00","2026-09-03 20:53:39"
Nederland,Solar,Hour,499694,499690,0,0,"2025-02-25 16:00:00","2025-02-25 17:00:00","2026-09-03 20:53:39"
Nederland,Solar,Hour,3736,3736,0,0,"2025-02-25 17:00:00","2025-02-25 18:00:00","2026-09-03 20:53:39"
Nederland,Solar,Hour,0,0,0,0,"2025-02-25 18:00:00","2025-02-25 19:00:00","2026-09-03 20:53:39"
Nederland,Solar,Hour,0,0,0,0,"2025-02-25 19:00:00","2025-02-25 20:00:00","2026-09-03 20:53:39"
Nederland,Solar,Hour,0,0,0,0,"2025-02-25 20:00:00","2025-02-25 21:00:00","2026-09-03 20:53:39"
Nederland,Solar,Hour,0,0,0,0,"2025-02-25 21:00:00","2025-02-25 22:00:00","2026-09-03 20:53:39"
Nederland,Solar,Hour,0,0,0,0,"2025-02-25 22:00:00","2025-02-25 23:00:00","2026-09-03 20:53:39"
Nederland,Solar,Hour,0,0,0,0,"2025-02-25 23:00:00","2025-02-26 00:00:00","2026-09-03 20:53:39"
Nederland,Solar,Hour,0,0,0,0,"2025-02-26 00:00:00","2025-02-26 01:00:00","2026-09-03 20:53:39"
Nederland,Solar,Hour,0,0,0,0,"2025-02-26 01:00:00","2025-02-26 02:00:00","2026-09-03 20:53:39"
Nederland,Solar,Hour,0,0,0,0,"2025-02-26 02:00:00","2025-02-26 03:00:00","2026-09-03 20:53:39"
Nederland,Solar,Hour,0,0,0,0,"2025-02-26 03:00:00","2025-02-26 04:00:00","2026-09-03 20:53:39"
Nederland,Solar,Hour,0,0,0,0,"2025-02-26 04:00:00","2025-02-26 05:00:00","2026-09-03 20:53:39"
Nederland,Solar,Hour,0,0,0,0,"2025-02-26 05:00:00","2025-02-26 06:00:00","2026-09-03 20:53:39"
Nederland,Solar,Hour,0,0,0,0,"2025-02-26 06:00:00","2025-02-26 07:00:00","2026-09-03 20:53:39"
Nederland,Solar,Hour,590782,590781,0,0,"2025-02-26 07:00:00","2025-02-26 08:00:00","2026-09-03 20:53:39"
Nederland,Solar,Hour,3215243,3215241,0,0,"2025-02-26 08:00:00","2025-02-26 09:00:00","2026-09-03 20:53:39"
Nederland,Solar,Hour,6255346,6255343,0,0,"2025-02-26 09:00:00","2025-02-26 10:00:00","2026-09-03 20:53:39"
Nederland,Solar,Hour,9399926,9399925,0,0,"2025-02-26 10:00:00","2025-02-26 11:00:00","2026-09-03 20:53:39"
Nederland,Solar,Hour,10811840,10811838,0,0,"2025-02-26 11:00:00","2025-02-26 12:00:00","2026-09-03 20:53:39"
Nederland,Solar,Hour,9601140,9601137,0,0,"2025-02-26 12:00:00","2025-02-26 13:00:00","2026-09-03 20:53:39"
Nederland,Solar,Hour,7840279,7840276,0,0,"2025-02-26 13:00:00","2025-02-26 14:00:00","2026-09-03 20:53:39"
Nederland,Solar,Hour,6042421,6042419,0,0,"2025-02-26 14:00:00","2025-02-26 15:00:00","2026-09-03 20:53:39"
Nederland,Solar,Hour,2741488,2741486,0,0,"2025-02-26 15:00:00","2025-02-26 16:00:00","2026-09-03 20:53:39"
Nederland,Solar,Hour,565119,565116,0,0,"2025-02-26 16:00:00","2025-02-26 17:00:00","2026-09-03 20:53:39"
Nederland,Solar,Hour,44,44,0,0,"2025-02-26 17:00:00","2025-02-26 18:00:00","2026-09-03 20:53:39"
Nederland,Solar,Hour,0,0,0,0,"2025-02-26 18:00:00","2025-02-26 19:00:00","2026-09-03 20:53:39"
Nederland,Solar,Hour,0,0,0,0,"2025-02-26 19:00:00","2025-02-26 20:00:00","2026-09-03 20:53:39"
Nederland,Solar,Hour,0,0,0,0,"2025-02-26 20:00:00","2025-02-26 21:00:00","2026-09-03 20:53:39"
Nederland,Solar,Hour,0,0,0,0,"2025-02-26 21:00:00","2025-02-26 22:00:00","2026-09-03 20:53:39"
Nederland,Solar,Hour,0,0,0,0,"2025-02-26 22:00:00","2025-02-26 23:00:00","2026-09-03 20:53:39"
Nederland,Solar,Hour,0,0,0,0,"2025-02-26 23:00:00","2025-02-27 00:00:00","2026-09-03 20:53:39"
Nederland,Solar,Hour,0,0,0,0,"2025-02-27 00:00:00","2025-02-27 01:00:00","2026-09-03 20:53:39"
Nederland,Solar,Hour,0,0,0,0,"2025-02-27 01:00:00","2025-02-27 02:00:00","2026-09-03 20:53:39"
Nederland,Solar,Hour,0,0,0,0,"2025-02-27 02:00:00","2025-02-27 03:00:00","2026-09-03 20:53:39"
Nederland,Solar,Hour,0,0,0,0,"2025-02-27 03:00:00","2025-02-27 04:00:00","2026-09-03 20:53:39"
Nederland,Solar,Hour,0,0,0,0,"2025-02-27 04:00:00","2025-02-27 05:00:00","2026-09-03 20:53:39"
Nederland,Solar,Hour,0,0,0,0,"2025-02-27 05:00:00","2025-02-27 06:00:00","2026-09-03 20:53:39"
Nederland,Solar,Hour,468,468,0,0,"2025-02-27 06:00:00","2025-02-27 07:00:00","2026-09-03 20:53:39"
Nederland,Solar,Hour,493341,493338,0,0,"2025-02-27 07:00:00","2025-02-27 08:00:00","2026-09-03 20:53:39"
Nederland,Solar,Hour,1925288,1925286,0,0,"2025-02-27 08:00:00","2025-02-27 09:00:00","2026-09-03 20:53:39"
Nederland,Solar,Hour,3310411,3310409,0,0,"2025-02-27 09:00:00","2025-02-27 10:00:00","2026-09-03 20:53:39"
Nederland,Solar,Hour,4618192,4618190,0,0,"2025-02-27 10:00:00","2025-02-27 11:00:00","2026-09-03 20:53:39"
Nederland,Solar,Hour,5248876,5248875,0,0,"2025-02-27 11:00:00","2025-02-27 12:00:00","2026-09-03 20:53:39"
Nederland,Solar,Hour,4718630,4718629,0,0,"2025-02-27 12:00:00","2025-02-27 13:00:00","2026-09-03 20:53:39"
Nederland,Solar,Hour,5233089,5233088,0,0,"2025-02-27 13:00:00","2025-02-27 14:00:00","2026-09-03 20:53:39"
Nederland,Solar,Hour,3716305,3716302,0,0,"2025-02-27 14:00:00","2025-02-27 15:00:00","2026-09-03 20:53:39"
Nederland,Solar,Hour,1655133,1655131,0,0,"2025-02-27 15:00:00","2025-02-27 16:00:00","2026-09-03 20:53:39"
Nederland,Solar,Hour,509053,509050,0,0,"2025-02-27 16:00:00","2025-02-27 17:00:00","2026-09-03 20:53:39"
Nederland,Solar,Hour,27776,27775,0,0,"2025-02-27 17:00:00","2025-02-27 18:00:00","2026-09-03 20:53:39"
Nederland,Solar,Hour,0,0,0,0,"2025-02-27 18:00:00","2025-02-27 19:00:00","2026-09-03 20:53:39"
Nederland,Solar,Hour,0,0,0,0,"2025-02-27 19:00:00","2025-02-27 20:00:00","2026-09-03 20:53:39"
Nederland,Solar,Hour,0,0,0,0,"2025-02-27 20:00:00","2025-02-27 21:00:00","2026-09-03 20:53:39"
Nederland,Solar,Hour,0,0,0,0,"2025-02-27 21:00:00","2025-02-27 22:00:00","2026-09-03 20:53:39"
Nederland,Solar,Hour,0,0,0,0,"2025-02-27 22:00:00","2025-02-27 23:00:00","2026-09-03 20:53:39"
Nederland,Solar,Hour,0,0,0,0,"2025-02-27 23:00:00","2025-02-28 00:00:00","2026-09-03 20:53:39"
Nederland,Solar,Hour,0,0,0,0,"2025-02-28 00:00:00","2025-02-28 01:00:00","2026-09-03 20:53:39"
Nederland,Solar,Hour,0,0,0,0,"2025-02-28 01:00:00","2025-02-28 02:00:00","2026-09-03 20:53:39"
Nederland,Solar,Hour,0,0,0,0,"2025-02-28 02:00:00","2025-02-28 03:00:00","2026-09-03 20:53:39"
Nederland,Solar,Hour,0,0,0,0,"2025-02-28 03:00:00","2025-02-28 04:00:00","2026-09-03 20:53:39"
Nederland,Solar,Hour,0,0,0,0,"2025-02-28 04:00:00","2025-02-28 05:00:00","2026-09-03 20:53:39"
Nederland,Solar,Hour,0,0,0,0,"2025-02-28 05:00:00","2025-02-28 06:00:00","2026-09-03 20:53:39"
Nederland,Solar,Hour,275,275,0,0,"2025-02-28 06:00:00","2025-02-28 07:00:00","2026-09-03 20:53:39"
Nederland,Solar,Hour,511797,511794,0,0,"2025-02-28 07:00:00","2025-02-28 08:00:00","2026-09-03 20:53:39"
Nederland,Solar,Hour,2061122,2061120,0,0,"2025-02-28 08:00:00","2025-02-28 09:00:00","2026-09-03 20:53:39"
Nederland,Solar,Hour,3665420,3665418,0,0,"2025-02-28 09:00:00","2025-02-28 10:00:00","2026-09-03 20:53:39"
Nederland,Solar,Hour,4906286,4906284,0,0,"2025-02-28 10:00:00","2025-02-28 11:00:00","2026-09-03 20:53:39"
Nederland,Solar,Hour,6630346,6630343,0,0,"2025-02-28 11:00:00","2025-02-28 12:00:00","2026-09-03 20:53:39"
Nederland,Solar,Hour,7136542,7136540,0,0,"2025-02-28 12:00:00","2025-02-28 13:00:00","2026-09-03 20:53:39"
Nederland,Solar,Hour,6180286,6180283,0,0,"2025-02-28 13:00:00","2025-02-28 14:00:00","2026-09-03 20:53:39"
Nederland,Solar,Hour,5256821,5256819,0,0,"2025-02-28 14:00:00","2025-02-28 15:00:00","2026-09-03 20:53:39"
Nederland,Solar,Hour,3501532,3501530,0,0,"2025-02-28 15:00:00","2025-02-28 16:00:00","2026-09-03 20:53:39"
Nederland,Solar,Hour,1691061,1691060,0,0,"2025-02-28 16:00:00","2025-02-28 17:00:00","2026-09-03 20:53:39"
Nederland,Solar,Hour,66052,66051,0,0,"2025-02-28 17:00:00","2025-02-28 18:00:00","2026-09-03 20:53:39"
Nederland,Solar,Hour,0,0,0,0,"2025-02-28 18:00:00","2025-02-28 19:00:00","2026-09-03 20:53:39"
Nederland,Solar,Hour,0,0,0,0,"2025-02-28 19:00:00","2025-02-28 20:00:00","2026-09-03 20:53:39"
Nederland,Solar,Hour,0,0,0,0,"2025-02-28 20:00:00","2025-02-28 21:00:00","2026-09-03 20:53:39"
Nederland,Solar,Hour,0,0,0,0,"2025-02-28 21:00:00","2025-02-28 22:00:00","2026-09-03 20:53:39"
Nederland,Solar,Hour,0,0,0,0,"2025-02-28 22:00:00","2025-02-28 23:00:00","2026-09-03 20:53:39"
Nederland,Solar,Hour,0,0,0,0,"2025-02-28 23:00:00","2025-03-01 00:00:00","2026-09-03 20:53:39"
Nederland,Solar,Hour,0,0,0,0,"2025-03-01 00:00:00","2025-03-01 01:00:00","2026-09-03 20:52:01"
Nederland,Solar,Hour,0,0,0,0,"2025-03-01 01:00:00","2025-03-01 02:00:00","2026-09-03 20:52:01"
Nederland,Solar,Hour,0,0,0,0,"2025-03-01 02:00:00","2025-03-01 03:00:00","2026-09-03 20:52:01"
Nederland,Solar,Hour,0,0,0,0,"2025-03-01 03:00:00","2025-03-01 04:00:00","2026-09-03 20:52:01"
Nederland,Solar,Hour,0,0,0,0,"2025-03-01 04:00:00","2025-03-01 05:00:00","2026-09-03 20:52:01"
Nederland,Solar,Hour,0,0,0,0,"2025-03-01 05:00:00","2025-03-01 06:00:00","2026-09-03 20:52:01"
Nederland,Solar,Hour,3080,3080,0,0,"2025-03-01 06:00:00","2025-03-01 07:00:00","2026-09-03 20:52:01"
Nederland,Solar,Hour,657377,657375,0,0,"2025-03-01 07:00:00","2025-03-01 08:00:00","2026-09-03 20:52:01"
Nederland,Solar,Hour,1959268,1959266,0,0,"2025-03-01 08:00:00","2025-03-01 09:00:00","2026-09-03 20:52:01"
Nederland,Solar,Hour,3446228,3446226,0,0,"2025-03-01 09:00:00","2025-03-01 10:00:00","2026-09-03 20:52:01"
Nederland,Solar,Hour,4711969,4711968,0,0,"2025-03-01 10:00:00","2025-03-01 11:00:00","2026-09-03 20:52:01"
Nederland,Solar,Hour,6152399,6152396,0,0,"2025-03-01 11:00:00","2025-03-01 12:00:00","2026-09-03 20:52:01"
Nederland,Solar,Hour,6553512,6553511,0,0,"2025-03-01 12:00:00","2025-03-01 13:00:00","2026-09-03 20:52:01"
Nederland,Solar,Hour,6093789,6093787,0,0,"2025-03-01 13:00:00","2025-03-01 14:00:00","2026-09-03 20:52:01"
Nederland,Solar,Hour,4855599,4855598,0,0,"2025-03-01 14:00:00","2025-03-01 15:00:00","2026-09-03 20:52:01"
Nederland,Solar,Hour,4002309,4002307,0,0,"2025-03-01 15:00:00","2025-03-01 16:00:00","2026-09-03 20:52:01"
Nederland,Solar,Hour,2175488,2175486,0,0,"2025-03-01 16:00:00","2025-03-01 17:00:00","2026-09-03 20:52:01"
Nederland,Solar,Hour,80778,80777,0,0,"2025-03-01 17:00:00","2025-03-01 18:00:00","2026-09-03 20:52:01"
Nederland,Solar,Hour,0,0,0,0,"2025-03-01 18:00:00","2025-03-01 19:00:00","2026-09-03 20:52:01"
Nederland,Solar,Hour,0,0,0,0,"2025-03-01 19:00:00","2025-03-01 20:00:00","2026-09-03 20:52:01"
Nederland,Solar,Hour,0,0,0,0,"2025-03-01 20:00:00","2025-03-01 21:00:00","2026-09-03 20:52:01"
Nederland,Solar,Hour,0,0,0,0,"2025-03-01 21:00:00","2025-03-01 22:00:00","2026-09-03 20:52:01"
Nederland,Solar,Hour,0,0,0,0,"2025-03-01 22:00:00","2025-03-01 23:00:00","2026-09-03 20:52:01"
Nederland,Solar,Hour,0,0,0,0,"2025-03-01 23:00:00","2025-03-02 00:00:00","2026-09-03 20:52:01"
Nederland,Solar,Hour,0,0,0,0,"2025-03-02 00:00:00","2025-03-02 01:00:00","2026-09-03 20:52:01"
Nederland,Solar,Hour,0,0,0,0,"2025-03-02 01:00:00","2025-03-02 02:00:00","2026-09-03 20:52:01"
Nederland,Solar,Hour,0,0,0,0,"2025-03-02 02:00:00","2025-03-02 03:00:00","2026-09-03 20:52:01"
Nederland,Solar,Hour,0,0,0,0,"2025-03-02 03:00:00","2025-03-02 04:00:00","2026-09-03 20:52:01"
Nederland,Solar,Hour,0,0,0,0,"2025-03-02 04:00:00","2025-03-02 05:00:00","2026-09-03 20:52:01"
Nederland,Solar,Hour,0,0,0,0,"2025-03-02 05:00:00","2025-03-02 06:00:00","2026-09-03 20:52:01"
Nederland,Solar,Hour,15222,15222,0,0,"2025-03-02 06:00:00","2025-03-02 07:00:00","2026-09-03 20:52:01"
Nederland,Solar,Hour,1461161,1461158,0,0,"2025-03-02 07:00:00","2025-03-02 08:00:00","2026-09-03 20:52:01"
Nederland,Solar,Hour,4558376,4558375,0,0,"2025-03-02 08:00:00","2025-03-02 09:00:00","2026-09-03 20:52:01"
Nederland,Solar,Hour,7305802,7305800,0,0,"2025-03-02 09:00:00","2025-03-02 10:00:00","2026-09-03 20:52:01"
Nederland,Solar,Hour,10208593,10208591,0,0,"2025-03-02 10:00:00","2025-03-02 11:00:00","2026-09-03 20:52:01"
Nederland,Solar,Hour,12426440,12426437,0,0,"2025-03-02 11:00:00","2025-03-02 12:00:00","2026-09-03 20:52:01"
Nederland,Solar,Hour,12170087,12170084,0,0,"2025-03-02 12:00:00","2025-03-02 13:00:00","2026-09-03 20:52:01"
Nederland,Solar,Hour,10763449,10763448,0,0,"2025-03-02 13:00:00","2025-03-02 14:00:00","2026-09-03 20:52:01"
Nederland,Solar,Hour,9426235,9426233,0,0,"2025-03-02 14:00:00","2025-03-02 15:00:00","2026-09-03 20:52:01"
Nederland,Solar,Hour,6454957,6454954,0,0,"2025-03-02 15:00:00","2025-03-02 16:00:00","2026-09-03 20:52:01"
Nederland,Solar,Hour,3121165,3121163,0,0,"2025-03-02 16:00:00","2025-03-02 17:00:00","2026-09-03 20:52:01"
Nederland,Solar,Hour,109264,109263,0,0,"2025-03-02 17:00:00","2025-03-02 18:00:00","2026-09-03 20:52:01"
Nederland,Solar,Hour,0,0,0,0,"2025-03-02 18:00:00","2025-03-02 19:00:00","2026-09-03 20:52:01"
Nederland,Solar,Hour,0,0,0,0,"2025-03-02 19:00:00","2025-03-02 20:00:00","2026-09-03 20:52:01"
Nederland,Solar,Hour,0,0,0,0,"2025-03-02 20:00:00","2025-03-02 21:00:00","2026-09-03 20:52:01"
Nederland,Solar,Hour,0,0,0,0,"2025-03-02 21:00:00","2025-03-02 22:00:00","2026-09-03 20:52:01"
Nederland,Solar,Hour,0,0,0,0,"2025-03-02 22:00:00","2025-03-02 23:00:00","2026-09-03 20:52:01"
Nederland,Solar,Hour,0,0,0,0,"2025-03-02 23:00:00","2025-03-03 00:00:00","2026-09-03 20:52:01"
Nederland,Solar,Hour,0,0,0,0,"2025-03-03 00:00:00","2025-03-03 01:00:00","2026-09-03 20:52:01"
Nederland,Solar,Hour,0,0,0,0,"2025-03-03 01:00:00","2025-03-03 02:00:00","2026-09-03 20:52:01"
Nederland,Solar,Hour,0,0,0,0,"2025-03-03 02:00:00","2025-03-03 03:00:00","2026-09-03 20:52:01"
Nederland,Solar,Hour,0,0,0,0,"2025-03-03 03:00:00","2025-03-03 04:00:00","2026-09-03 20:52:01"
Nederland,Solar,Hour,0,0,0,0,"2025-03-03 04:00:00","2025-03-03 05:00:00","2026-09-03 20:52:01"
Nederland,Solar,Hour,0,0,0,0,"2025-03-03 05:00:00","2025-03-03 06:00:00","2026-09-03 20:52:01"
Nederland,Solar,Hour,85763,85763,0,0,"2025-03-03 06:00:00","2025-03-03 07:00:00","2026-09-03 20:52:01"
Nederland,Solar,Hour,3334116,3334113,0,0,"2025-03-03 07:00:00","2025-03-03 08:00:00","2026-09-03 20:52:01"
Nederland,Solar,Hour,7524138,7524136,0,0,"2025-03-03 08:00:00","2025-03-03 09:00:00","2026-09-03 20:52:01"
Nederland,Solar,Hour,9334059,9334057,0,0,"2025-03-03 09:00:00","2025-03-03 10:00:00","2026-09-03 20:52:01"
Nederland,Solar,Hour,11819194,11819192,0,0,"2025-03-03 10:00:00","2025-03-03 11:00:00","2026-09-03 20:52:01"
Nederland,Solar,Hour,13259392,13259390,0,0,"2025-03-03 11:00:00","2025-03-03 12:00:00","2026-09-03 20:52:01"
Nederland,Solar,Hour,11929060,11929057,0,0,"2025-03-03 12:00:00","2025-03-03 13:00:00","2026-09-03 20:52:01"
Nederland,Solar,Hour,12128656,12128654,0,0,"2025-03-03 13:00:00","2025-03-03 14:00:00","2026-09-03 20:52:01"
Nederland,Solar,Hour,9790434,9790432,0,0,"2025-03-03 14:00:00","2025-03-03 15:00:00","2026-09-03 20:52:01"
Nederland,Solar,Hour,6478948,6478945,0,0,"2025-03-03 15:00:00","2025-03-03 16:00:00","2026-09-03 20:52:01"
Nederland,Solar,Hour,2880135,2880133,0,0,"2025-03-03 16:00:00","2025-03-03 17:00:00","2026-09-03 20:52:01"
Nederland,Solar,Hour,143334,143333,0,0,"2025-03-03 17:00:00","2025-03-03 18:00:00","2026-09-03 20:52:01"
Nederland,Solar,Hour,0,0,0,0,"2025-03-03 18:00:00","2025-03-03 19:00:00","2026-09-03 20:52:01"
Nederland,Solar,Hour,0,0,0,0,"2025-03-03 19:00:00","2025-03-03 20:00:00","2026-09-03 20:52:01"
Nederland,Solar,Hour,0,0,0,0,"2025-03-03 20:00:00","2025-03-03 21:00:00","2026-09-03 20:52:01"
Nederland,Solar,Hour,0,0,0,0,"2025-03-03 21:00:00","2025-03-03 22:00:00","2026-09-03 20:52:01"
Nederland,Solar,Hour,0,0,0,0,"2025-03-03 22:00:00","2025-03-03 23:00:00","2026-09-03 20:52:01"
Nederland,Solar,Hour,0,0,0,0,"2025-03-03 23:00:00","2025-03-04 00:00:00","2026-09-03 20:52:01"
Nederland,Solar,Hour,0,0,0,0,"2025-03-04 00:00:00","2025-03-04 01:00:00","2026-09-03 20:52:01"
Nederland,Solar,Hour,0,0,0,0,"2025-03-04 01:00:00","2025-03-04 02:00:00","2026-09-03 20:52:01"
Nederland,Solar,Hour,0,0,0,0,"2025-03-04 02:00:00","2025-03-04 03:00:00","2026-09-03 20:52:01"
Nederland,Solar,Hour,0,0,0,0,"2025-03-04 03:00:00","2025-03-04 04:00:00","2026-09-03 20:52:01"
Nederland,Solar,Hour,0,0,0,0,"2025-03-04 04:00:00","2025-03-04 05:00:00","2026-09-03 20:52:01"
Nederland,Solar,Hour,0,0,0,0,"2025-03-04 05:00:00","2025-03-04 06:00:00","2026-09-03 20:52:01"
Nederland,Solar,Hour,23379,23378,0,0,"2025-03-04 06:00:00","2025-03-04 07:00:00","2026-09-03 20:52:01"
Nederland,Solar,Hour,1629160,1629158,0,0,"2025-03-04 07:00:00","2025-03-04 08:00:00","2026-09-03 20:52:01"
Nederland,Solar,Hour,5986839,5986837,0,0,"2025-03-04 08:00:00","2025-03-04 09:00:00","2026-09-03 20:52:01"
Nederland,Solar,Hour,8845601,8845599,0,0,"2025-03-04 09:00:00","2025-03-04 10:00:00","2026-09-03 20:52:01"
Nederland,Solar,Hour,11610376,11610375,0,0,"2025-03-04 10:00:00","2025-03-04 11:00:00","2026-09-03 20:52:01"
Nederland,Solar,Hour,11838357,11838354,0,0,"2025-03-04 11:00:00","2025-03-04 12:00:00","2026-09-03 20:52:01"
Nederland,Solar,Hour,13237198,13237197,0,0,"2025-03-04 12:00:00","2025-03-04 13:00:00","2026-09-03 20:52:01"
Nederland,Solar,Hour,12011017,12011015,0,0,"2025-03-04 13:00:00","2025-03-04 14:00:00","2026-09-03 20:52:01"
Nederland,Solar,Hour,9732307,9732306,0,0,"2025-03-04 14:00:00","2025-03-04 15:00:00","2026-09-03 20:52:01"
Nederland,Solar,Hour,6540220,6540218,0,0,"2025-03-04 15:00:00","2025-03-04 16:00:00","2026-09-03 20:52:01"
Nederland,Solar,Hour,3037207,3037204,0,0,"2025-03-04 16:00:00","2025-03-04 17:00:00","2026-09-03 20:52:01"
Nederland,Solar,Hour,141680,141679,0,0,"2025-03-04 17:00:00","2025-03-04 18:00:00","2026-09-03 20:52:01"
Nederland,Solar,Hour,0,0,0,0,"2025-03-04 18:00:00","2025-03-04 19:00:00","2026-09-03 20:52:01"
Nederland,Solar,Hour,0,0,0,0,"2025-03-04 19:00:00","2025-03-04 20:00:00","2026-09-03 20:52:01"
Nederland,Solar,Hour,0,0,0,0,"2025-03-04 20:00:00","2025-03-04 21:00:00","2026-09-03 20:52:01"
Nederland,Solar,Hour,0,0,0,0,"2025-03-04 21:00:00","2025-03-04 22:00:00","2026-09-03 20:52:01"
Nederland,Solar,Hour,0,0,0,0,"2025-03-04 22:00:00","2025-03-04 23:00:00","2026-09-03 20:52:01"
Nederland,Solar,Hour,0,0,0,0,"2025-03-04 23:00:00","2025-03-05 00:00:00","2026-09-03 20:52:01"
Nederland,Solar,Hour,0,0,0,0,"2025-03-05 00:00:00","2025-03-05 01:00:00","2026-09-03 20:52:01"
Nederland,Solar,Hour,0,0,0,0,"2025-03-05 01:00:00","2025-03-05 02:00:00","2026-09-03 20:52:01"
Nederland,Solar,Hour,0,0,0,0,"2025-03-05 02:00:00","2025-03-05 03:00:00","2026-09-03 20:52:01"
Nederland,Solar,Hour,0,0,0,0,"2025-03-05 03:00:00","2025-03-05 04:00:00","2026-09-03 20:52:01"
Nederland,Solar,Hour,0,0,0,0,"2025-03-05 04:00:00","2025-03-05 05:00:00","2026-09-03 20:52:01"
Nederland,Solar,Hour,0,0,0,0,"2025-03-05 05:00:00","2025-03-05 06:00:00","2026-09-03 20:52:01"
Nederland,Solar,Hour,122188,122188,0,0,"2025-03-05 06:00:00","2025-03-05 07:00:00","2026-09-03 20:52:01"
Nederland,Solar,Hour,2929825,2929823,0,0,"2025-03-05 07:00:00","2025-03-05 08:00:00","2026-09-03 20:52:01"
Nederland,Solar,Hour,6527903,6527900,0,0,"2025-03-05 08:00:00","2025-03-05 09:00:00","2026-09-03 20:52:01"
Nederland,Solar,Hour,7581492,7581491,0,0,"2025-03-05 09:00:00","2025-03-05 10:00:00","2026-09-03 20:52:01"
Nederland,Solar,Hour,6954700,6954698,0,0,"2025-03-05 10:00:00","2025-03-05 11:00:00","2026-09-03 20:52:01"
Nederland,Solar,Hour,6590220,6590218,0,0,"2025-03-05 11:00:00","2025-03-05 12:00:00","2026-09-03 20:52:01"
Nederland,Solar,Hour,6425580,6425578,0,0,"2025-03-05 12:00:00","2025-03-05 13:00:00","2026-09-03 20:52:01"
Nederland,Solar,Hour,6438626,6438624,0,0,"2025-03-05 13:00:00","2025-03-05 14:00:00","2026-09-03 20:52:01"
Nederland,Solar,Hour,7428167,7428164,0,0,"2025-03-05 14:00:00","2025-03-05 15:00:00","2026-09-03 20:52:01"
Nederland,Solar,Hour,7840615,7840612,0,0,"2025-03-05 15:00:00","2025-03-05 16:00:00","2026-09-03 20:52:01"
Nederland,Solar,Hour,9091245,9091243,0,0,"2025-03-05 16:00:00","2025-03-05 17:00:00","2026-09-03 20:52:01"
Nederland,Solar,Hour,6220707,6220705,0,0,"2025-03-05 17:00:00","2025-03-05 18:00:00","2026-09-03 20:52:01"
Nederland,Solar,Hour,4396784,4396781,0,0,"2025-03-05 18:00:00","2025-03-05 19:00:00","2026-09-03 20:52:01"
Nederland,Solar,Hour,2617930,2617929,0,0,"2025-03-05 19:00:00","2025-03-05 20:00:00","2026-09-03 20:52:01"
Nederland,Solar,Hour,1626867,1626867,0,0,"2025-03-05 20:00:00","2025-03-05 21:00:00","2026-09-03 20:52:01"
Nederland,Solar,Hour,200345,200344,0,0,"2025-03-05 21:00:00","2025-03-05 22:00:00","2026-09-03 20:52:01"
Nederland,Solar,Hour,18538,18537,0,0,"2025-03-05 22:00:00","2025-03-05 23:00:00","2026-09-03 20:52:01"
Nederland,Solar,Hour,184413,184412,0,0,"2025-03-05 23:00:00","2025-03-06 00:00:00","2026-09-03 20:52:01"
Nederland,Solar,Hour,0,0,0,0,"2025-03-06 00:00:00","2025-03-06 01:00:00","2026-09-03 20:50:32"
Nederland,Solar,Hour,0,0,0,0,"2025-03-06 01:00:00","2025-03-06 02:00:00","2026-09-03 20:50:32"
Nederland,Solar,Hour,0,0,0,0,"2025-03-06 02:00:00","2025-03-06 03:00:00","2026-09-03 20:50:32"
Nederland,Solar,Hour,0,0,0,0,"2025-03-06 03:00:00","2025-03-06 04:00:00","2026-09-03 20:50:32"
Nederland,Solar,Hour,0,0,0,0,"2025-03-06 04:00:00","2025-03-06 05:00:00","2026-09-03 20:50:32"
Nederland,Solar,Hour,0,0,0,0,"2025-03-06 05:00:00","2025-03-06 06:00:00","2026-09-03 20:50:32"
Nederland,Solar,Hour,91105,91105,0,0,"2025-03-06 06:00:00","2025-03-06 07:00:00","2026-09-03 20:50:32"
Nederland,Solar,Hour,2356667,2356665,0,0,"2025-03-06 07:00:00","2025-03-06 08:00:00","2026-09-03 20:50:32"
Nederland,Solar,Hour,6321461,6321458,0,0,"2025-03-06 08:00:00","2025-03-06 09:00:00","2026-09-03 20:50:32"
Nederland,Solar,Hour,9474876,9474873,0,0,"2025-03-06 09:00:00","2025-03-06 10:00:00","2026-09-03 20:50:32"
Nederland,Solar,Hour,11369758,11369756,0,0,"2025-03-06 10:00:00","2025-03-06 11:00:00","2026-09-03 20:50:32"
Nederland,Solar,Hour,10720224,10720223,0,0,"2025-03-06 11:00:00","2025-03-06 12:00:00","2026-09-03 20:50:32"
Nederland,Solar,Hour,10994101,10994099,0,0,"2025-03-06 12:00:00","2025-03-06 13:00:00","2026-09-03 20:50:32"
Nederland,Solar,Hour,11053999,11053996,0,0,"2025-03-06 13:00:00","2025-03-06 14:00:00","2026-09-03 20:50:32"
Nederland,Solar,Hour,9152295,9152292,0,0,"2025-03-06 14:00:00","2025-03-06 15:00:00","2026-09-03 20:50:32"
Nederland,Solar,Hour,6288789,6288786,0,0,"2025-03-06 15:00:00","2025-03-06 16:00:00","2026-09-03 20:50:32"
Nederland,Solar,Hour,3276697,3276695,0,0,"2025-03-06 16:00:00","2025-03-06 17:00:00","2026-09-03 20:50:32"
Nederland,Solar,Hour,236619,236618,0,0,"2025-03-06 17:00:00","2025-03-06 18:00:00","2026-09-03 20:50:32"
Nederland,Solar,Hour,0,0,0,0,"2025-03-06 18:00:00","2025-03-06 19:00:00","2026-09-03 20:50:32"
Nederland,Solar,Hour,0,0,0,0,"2025-03-06 19:00:00","2025-03-06 20:00:00","2026-09-03 20:50:32"
Nederland,Solar,Hour,0,0,0,0,"2025-03-06 20:00:00","2025-03-06 21:00:00","2026-09-03 20:50:32"
Nederland,Solar,Hour,0,0,0,0,"2025-03-06 21:00:00","2025-03-06 22:00:00","2026-09-03 20:50:32"
Nederland,Solar,Hour,0,0,0,0,"2025-03-06 22:00:00","2025-03-06 23:00:00","2026-09-03 20:50:32"
Nederland,Solar,Hour,0,0,0,0,"2025-03-06 23:00:00","2025-03-07 00:00:00","2026-09-03 20:50:32"
Nederland,Solar,Hour,0,0,0,0,"2025-03-07 00:00:00","2025-03-07 01:00:00","2026-09-03 20:50:32"
Nederland,Solar,Hour,0,0,0,0,"2025-03-07 01:00:00","2025-03-07 02:00:00","2026-09-03 20:50:32"
Nederland,Solar,Hour,0,0,0,0,"2025-03-07 02:00:00","2025-03-07 03:00:00","2026-09-03 20:50:32"
Nederland,Solar,Hour,0,0,0,0,"2025-03-07 03:00:00","2025-03-07 04:00:00","2026-09-03 20:50:32"
Nederland,Solar,Hour,0,0,0,0,"2025-03-07 04:00:00","2025-03-07 05:00:00","2026-09-03 20:50:32"
Nederland,Solar,Hour,0,0,0,0,"2025-03-07 05:00:00","2025-03-07 06:00:00","2026-09-03 20:50:32"
Nederland,Solar,Hour,101012,101010,0,0,"2025-03-07 06:00:00","2025-03-07 07:00:00","2026-09-03 20:50:32"
Nederland,Solar,Hour,2171789,2171787,0,0,"2025-03-07 07:00:00","2025-03-07 08:00:00","2026-09-03 20:50:32"
Nederland,Solar,Hour,6063265,6063263,0,0,"2025-03-07 08:00:00","2025-03-07 09:00:00","2026-09-03 20:50:32"
Nederland,Solar,Hour,9356341,9356339,0,0,"2025-03-07 09:00:00","2025-03-07 10:00:00","2026-09-03 20:50:32"
Nederland,Solar,Hour,11661038,11661036,0,0,"2025-03-07 10:00:00","2025-03-07 11:00:00","2026-09-03 20:50:32"
Nederland,Solar,Hour,12885621,12885619,0,0,"2025-03-07 11:00:00","2025-03-07 12:00:00","2026-09-03 20:50:32"
Nederland,Solar,Hour,12779965,12779962,0,0,"2025-03-07 12:00:00","2025-03-07 13:00:00","2026-09-03 20:50:32"
Nederland,Solar,Hour,11721056,11721054,0,0,"2025-03-07 13:00:00","2025-03-07 14:00:00","2026-09-03 20:50:32"
Nederland,Solar,Hour,9441144,9441141,0,0,"2025-03-07 14:00:00","2025-03-07 15:00:00","2026-09-03 20:50:32"
Nederland,Solar,Hour,6027096,6027093,0,0,"2025-03-07 15:00:00","2025-03-07 16:00:00","2026-09-03 20:50:32"
Nederland,Solar,Hour,2759351,2759349,0,0,"2025-03-07 16:00:00","2025-03-07 17:00:00","2026-09-03 20:50:32"
Nederland,Solar,Hour,231666,231666,0,0,"2025-03-07 17:00:00","2025-03-07 18:00:00","2026-09-03 20:50:32"
Nederland,Solar,Hour,0,0,0,0,"2025-03-07 18:00:00","2025-03-07 19:00:00","2026-09-03 20:50:32"
Nederland,Solar,Hour,0,0,0,0,"2025-03-07 19:00:00","2025-03-07 20:00:00","2026-09-03 20:50:32"
Nederland,Solar,Hour,0,0,0,0,"2025-03-07 20:00:00","2025-03-07 21:00:00","2026-09-03 20:50:32"
Nederland,Solar,Hour,0,0,0,0,"2025-03-07 21:00:00","2025-03-07 22:00:00","2026-09-03 20:50:32"
Nederland,Solar,Hour,0,0,0,0,"2025-03-07 22:00:00","2025-03-07 23:00:00","2026-09-03 20:50:32"
Nederland,Solar,Hour,0,0,0,0,"2025-03-07 23:00:00","2025-03-08 00:00:00","2026-09-03 20:50:32"
Nederland,Solar,Hour,0,0,0,0,"2025-03-08 00:00:00","2025-03-08 01:00:00","2026-09-03 20:50:32"
Nederland,Solar,Hour,0,0,0,0,"2025-03-08 01:00:00","2025-03-08 02:00:00","2026-09-03 20:50:32"
Nederland,Solar,Hour,0,0,0,0,"2025-03-08 02:00:00","2025-03-08 03:00:00","2026-09-03 20:50:32"
Nederland,Solar,Hour,0,0,0,0,"2025-03-08 03:00:00","2025-03-08 04:00:00","2026-09-03 20:50:32"
Nederland,Solar,Hour,0,0,0,0,"2025-03-08 04:00:00","2025-03-08 05:00:00","2026-09-03 20:50:32"
Nederland,Solar,Hour,0,0,0,0,"2025-03-08 05:00:00","2025-03-08 06:00:00","2026-09-03 20:50:32"
Nederland,Solar,Hour,138647,138646,0,0,"2025-03-08 06:00:00","2025-03-08 07:00:00","2026-09-03 20:50:32"
Nederland,Solar,Hour,2463510,2463508,0,0,"2025-03-08 07:00:00","2025-03-08 08:00:00","2026-09-03 20:50:32"
Nederland,Solar,Hour,6326357,6326354,0,0,"2025-03-08 08:00:00","2025-03-08 09:00:00","2026-09-03 20:50:32"
Nederland,Solar,Hour,9639508,9639507,0,0,"2025-03-08 09:00:00","2025-03-08 10:00:00","2026-09-03 20:50:32"
Nederland,Solar,Hour,11966743,11966742,0,0,"2025-03-08 10:00:00","2025-03-08 11:00:00","2026-09-03 20:50:32"
Nederland,Solar,Hour,11824651,11824649,0,0,"2025-03-08 11:00:00","2025-03-08 12:00:00","2026-09-03 20:50:32"
Nederland,Solar,Hour,11773491,11773490,0,0,"2025-03-08 12:00:00","2025-03-08 13:00:00","2026-09-03 20:50:32"
Nederland,Solar,Hour,12027683,12027681,0,0,"2025-03-08 13:00:00","2025-03-08 14:00:00","2026-09-03 20:50:32"
Nederland,Solar,Hour,9760047,9760044,0,0,"2025-03-08 14:00:00","2025-03-08 15:00:00","2026-09-03 20:50:32"
Nederland,Solar,Hour,6552296,6552294,0,0,"2025-03-08 15:00:00","2025-03-08 16:00:00","2026-09-03 20:50:32"
Nederland,Solar,Hour,3091130,3091128,0,0,"2025-03-08 16:00:00","2025-03-08 17:00:00","2026-09-03 20:50:32"
Nederland,Solar,Hour,253333,253332,0,0,"2025-03-08 17:00:00","2025-03-08 18:00:00","2026-09-03 20:50:32"
Nederland,Solar,Hour,0,0,0,0,"2025-03-08 18:00:00","2025-03-08 19:00:00","2026-09-03 20:50:32"
Nederland,Solar,Hour,0,0,0,0,"2025-03-08 19:00:00","2025-03-08 20:00:00","2026-09-03 20:50:32"
Nederland,Solar,Hour,0,0,0,0,"2025-03-08 20:00:00","2025-03-08 21:00:00","2026-09-03 20:50:32"
Nederland,Solar,Hour,0,0,0,0,"2025-03-08 21:00:00","2025-03-08 22:00:00","2026-09-03 20:50:32"
Nederland,Solar,Hour,0,0,0,0,"2025-03-08 22:00:00","2025-03-08 23:00:00","2026-09-03 20:50:32"
Nederland,Solar,Hour,0,0,0,0,"2025-03-08 23:00:00","2025-03-09 00:00:00","2026-09-03 20:50:32"
Nederland,Solar,Hour,0,0,0,0,"2025-03-09 00:00:00","2025-03-09 01:00:00","2026-09-03 20:50:32"
Nederland,Solar,Hour,0,0,0,0,"2025-03-09 01:00:00","2025-03-09 02:00:00","2026-09-03 20:50:32"
Nederland,Solar,Hour,0,0,0,0,"2025-03-09 02:00:00","2025-03-09 03:00:00","2026-09-03 20:50:32"
Nederland,Solar,Hour,0,0,0,0,"2025-03-09 03:00:00","2025-03-09 04:00:00","2026-09-03 20:50:32"
Nederland,Solar,Hour,0,0,0,0,"2025-03-09 04:00:00","2025-03-09 05:00:00","2026-09-03 20:50:32"
Nederland,Solar,Hour,0,0,0,0,"2025-03-09 05:00:00","2025-03-09 06:00:00","2026-09-03 20:50:32"
Nederland,Solar,Hour,143819,143818,0,0,"2025-03-09 06:00:00","2025-03-09 07:00:00","2026-09-03 20:50:32"
Nederland,Solar,Hour,2417885,2417883,0,0,"2025-03-09 07:00:00","2025-03-09 08:00:00","2026-09-03 20:50:32"
Nederland,Solar,Hour,6267955,6267953,0,0,"2025-03-09 08:00:00","2025-03-09 09:00:00","2026-09-03 20:50:32"
Nederland,Solar,Hour,9587483,9587481,0,0,"2025-03-09 09:00:00","2025-03-09 10:00:00","2026-09-03 20:50:32"
Nederland,Solar,Hour,10634021,10634019,0,0,"2025-03-09 10:00:00","2025-03-09 11:00:00","2026-09-03 20:50:32"
Nederland,Solar,Hour,11519823,11519821,0,0,"2025-03-09 11:00:00","2025-03-09 12:00:00","2026-09-03 20:50:32"
Nederland,Solar,Hour,11338533,11338531,0,0,"2025-03-09 12:00:00","2025-03-09 13:00:00","2026-09-03 20:50:32"
Nederland,Solar,Hour,10054415,10054414,0,0,"2025-03-09 13:00:00","2025-03-09 14:00:00","2026-09-03 20:50:32"
Nederland,Solar,Hour,8653451,8653449,0,0,"2025-03-09 14:00:00","2025-03-09 15:00:00","2026-09-03 20:50:32"
Nederland,Solar,Hour,5713441,5713440,0,0,"2025-03-09 15:00:00","2025-03-09 16:00:00","2026-09-03 20:50:32"
Nederland,Solar,Hour,2900087,2900085,0,0,"2025-03-09 16:00:00","2025-03-09 17:00:00","2026-09-03 20:50:32"
Nederland,Solar,Hour,396270,396269,0,0,"2025-03-09 17:00:00","2025-03-09 18:00:00","2026-09-03 20:50:32"
Nederland,Solar,Hour,0,0,0,0,"2025-03-09 18:00:00","2025-03-09 19:00:00","2026-09-03 20:50:32"
Nederland,Solar,Hour,0,0,0,0,"2025-03-09 19:00:00","2025-03-09 20:00:00","2026-09-03 20:50:32"
Nederland,Solar,Hour,0,0,0,0,"2025-03-09 20:00:00","2025-03-09 21:00:00","2026-09-03 20:50:32"
Nederland,Solar,Hour,0,0,0,0,"2025-03-09 21:00:00","2025-03-09 22:00:00","2026-09-03 20:50:32"
Nederland,Solar,Hour,0,0,0,0,"2025-03-09 22:00:00","2025-03-09 23:00:00","2026-09-03 20:50:32"
Nederland,Solar,Hour,0,0,0,0,"2025-03-09 23:00:00","2025-03-10 00:00:00","2026-09-03 20:50:32"
Nederland,Solar,Hour,0,0,0,0,"2025-03-10 00:00:00","2025-03-10 01:00:00","2026-09-03 20:50:32"
Nederland,Solar,Hour,0,0,0,0,"2025-03-10 01:00:00","2025-03-10 02:00:00","2026-09-03 20:50:32"
Nederland,Solar,Hour,0,0,0,0,"2025-03-10 02:00:00","2025-03-10 03:00:00","2026-09-03 20:50:32"
Nederland,Solar,Hour,0,0,0,0,"2025-03-10 03:00:00","2025-03-10 04:00:00","2026-09-03 20:50:32"
Nederland,Solar,Hour,0,0,0,0,"2025-03-10 04:00:00","2025-03-10 05:00:00","2026-09-03 20:50:32"
Nederland,Solar,Hour,0,0,0,0,"2025-03-10 05:00:00","2025-03-10 06:00:00","2026-09-03 20:50:32"
Nederland,Solar,Hour,191902,191901,0,0,"2025-03-10 06:00:00","2025-03-10 07:00:00","2026-09-03 20:50:32"
Nederland,Solar,Hour,2677202,2677201,0,0,"2025-03-10 07:00:00","2025-03-10 08:00:00","2026-09-03 20:50:32"
Nederland,Solar,Hour,6441918,6441916,0,0,"2025-03-10 08:00:00","2025-03-10 09:00:00","2026-09-03 20:50:32"
Nederland,Solar,Hour,9595025,9595024,0,0,"2025-03-10 09:00:00","2025-03-10 10:00:00","2026-09-03 20:50:32"
Nederland,Solar,Hour,11841304,11841302,0,0,"2025-03-10 10:00:00","2025-03-10 11:00:00","2026-09-03 20:50:32"
Nederland,Solar,Hour,13196724,13196721,0,0,"2025-03-10 11:00:00","2025-03-10 12:00:00","2026-09-03 20:50:32"
Nederland,Solar,Hour,13077868,13077865,0,0,"2025-03-10 12:00:00","2025-03-10 13:00:00","2026-09-03 20:50:32"
Nederland,Solar,Hour,11891350,11891348,0,0,"2025-03-10 13:00:00","2025-03-10 14:00:00","2026-09-03 20:50:32"
Nederland,Solar,Hour,9600766,9600765,0,0,"2025-03-10 14:00:00","2025-03-10 15:00:00","2026-09-03 20:50:32"
Nederland,Solar,Hour,6292589,6292587,0,0,"2025-03-10 15:00:00","2025-03-10 16:00:00","2026-09-03 20:50:32"
Nederland,Solar,Hour,2880013,2880010,0,0,"2025-03-10 16:00:00","2025-03-10 17:00:00","2026-09-03 20:50:32"
Nederland,Solar,Hour,272137,272136,0,0,"2025-03-10 17:00:00","2025-03-10 18:00:00","2026-09-03 20:50:32"
Nederland,Solar,Hour,0,0,0,0,"2025-03-10 18:00:00","2025-03-10 19:00:00","2026-09-03 20:50:32"
Nederland,Solar,Hour,0,0,0,0,"2025-03-10 19:00:00","2025-03-10 20:00:00","2026-09-03 20:50:32"
Nederland,Solar,Hour,0,0,0,0,"2025-03-10 20:00:00","2025-03-10 21:00:00","2026-09-03 20:50:32"
Nederland,Solar,Hour,0,0,0,0,"2025-03-10 21:00:00","2025-03-10 22:00:00","2026-09-03 20:50:32"
Nederland,Solar,Hour,0,0,0,0,"2025-03-10 22:00:00","2025-03-10 23:00:00","2026-09-03 20:50:32"
Nederland,Solar,Hour,0,0,0,0,"2025-03-10 23:00:00","2025-03-11 00:00:00","2026-09-03 20:50:32"
Nederland,Solar,Hour,0,0,0,0,"2025-03-11 00:00:00","2025-03-11 01:00:00","2026-09-03 20:48:53"
Nederland,Solar,Hour,0,0,0,0,"2025-03-11 01:00:00","2025-03-11 02:00:00","2026-09-03 20:48:53"
Nederland,Solar,Hour,0,0,0,0,"2025-03-11 02:00:00","2025-03-11 03:00:00","2026-09-03 20:48:53"
Nederland,Solar,Hour,0,0,0,0,"2025-03-11 03:00:00","2025-03-11 04:00:00","2026-09-03 20:48:53"
Nederland,Solar,Hour,0,0,0,0,"2025-03-11 04:00:00","2025-03-11 05:00:00","2026-09-03 20:48:53"
Nederland,Solar,Hour,0,0,0,0,"2025-03-11 05:00:00","2025-03-11 06:00:00","2026-09-03 20:48:53"
Nederland,Solar,Hour,24138,24138,0,0,"2025-03-11 06:00:00","2025-03-11 07:00:00","2026-09-03 20:48:53"
Nederland,Solar,Hour,546541,546539,0,0,"2025-03-11 07:00:00","2025-03-11 08:00:00","2026-09-03 20:48:53"
Nederland,Solar,Hour,1512412,1512410,0,0,"2025-03-11 08:00:00","2025-03-11 09:00:00","2026-09-03 20:48:53"
Nederland,Solar,Hour,2492777,2492776,0,0,"2025-03-11 09:00:00","2025-03-11 10:00:00","2026-09-03 20:48:53"
Nederland,Solar,Hour,3599239,3599237,0,0,"2025-03-11 10:00:00","2025-03-11 11:00:00","2026-09-03 20:48:53"
Nederland,Solar,Hour,4704614,4704612,0,0,"2025-03-11 11:00:00","2025-03-11 12:00:00","2026-09-03 20:48:53"
Nederland,Solar,Hour,6602676,6602673,0,0,"2025-03-11 12:00:00","2025-03-11 13:00:00","2026-09-03 20:48:53"
Nederland,Solar,Hour,5760717,5760715,0,0,"2025-03-11 13:00:00","2025-03-11 14:00:00","2026-09-03 20:48:53"
Nederland,Solar,Hour,5329746,5329745,0,0,"2025-03-11 14:00:00","2025-03-11 15:00:00","2026-09-03 20:48:53"
Nederland,Solar,Hour,4760091,4760089,0,0,"2025-03-11 15:00:00","2025-03-11 16:00:00","2026-09-03 20:48:53"
Nederland,Solar,Hour,2165153,2165151,0,0,"2025-03-11 16:00:00","2025-03-11 17:00:00","2026-09-03 20:48:53"
Nederland,Solar,Hour,264925,264923,0,0,"2025-03-11 17:00:00","2025-03-11 18:00:00","2026-09-03 20:48:53"
Nederland,Solar,Hour,0,0,0,0,"2025-03-11 18:00:00","2025-03-11 19:00:00","2026-09-03 20:48:53"
Nederland,Solar,Hour,0,0,0,0,"2025-03-11 19:00:00","2025-03-11 20:00:00","2026-09-03 20:48:53"
Nederland,Solar,Hour,0,0,0,0,"2025-03-11 20:00:00","2025-03-11 21:00:00","2026-09-03 20:48:53"
Nederland,Solar,Hour,0,0,0,0,"2025-03-11 21:00:00","2025-03-11 22:00:00","2026-09-03 20:48:53"
Nederland,Solar,Hour,0,0,0,0,"2025-03-11 22:00:00","2025-03-11 23:00:00","2026-09-03 20:48:53"
Nederland,Solar,Hour,0,0,0,0,"2025-03-11 23:00:00","2025-03-12 00:00:00","2026-09-03 20:48:53"
Nederland,Solar,Hour,0,0,0,0,"2025-03-12 00:00:00","2025-03-12 01:00:00","2026-09-03 20:48:53"
Nederland,Solar,Hour,0,0,0,0,"2025-03-12 01:00:00","2025-03-12 02:00:00","2026-09-03 20:48:53"
Nederland,Solar,Hour,0,0,0,0,"2025-03-12 02:00:00","2025-03-12 03:00:00","2026-09-03 20:48:53"
Nederland,Solar,Hour,0,0,0,0,"2025-03-12 03:00:00","2025-03-12 04:00:00","2026-09-03 20:48:53"
Nederland,Solar,Hour,0,0,0,0,"2025-03-12 04:00:00","2025-03-12 05:00:00","2026-09-03 20:48:53"
Nederland,Solar,Hour,0,0,0,0,"2025-03-12 05:00:00","2025-03-12 06:00:00","2026-09-03 20:48:53"
Nederland,Solar,Hour,164587,164586,0,0,"2025-03-12 06:00:00","2025-03-12 07:00:00","2026-09-03 20:48:53"
Nederland,Solar,Hour,1994051,1994049,0,0,"2025-03-12 07:00:00","2025-03-12 08:00:00","2026-09-03 20:48:53"
Nederland,Solar,Hour,4935195,4935192,0,0,"2025-03-12 08:00:00","2025-03-12 09:00:00","2026-09-03 20:48:53"
Nederland,Solar,Hour,7205489,7205488,0,0,"2025-03-12 09:00:00","2025-03-12 10:00:00","2026-09-03 20:48:53"
Nederland,Solar,Hour,8471455,8471452,0,0,"2025-03-12 10:00:00","2025-03-12 11:00:00","2026-09-03 20:48:53"
Nederland,Solar,Hour,9312331,9312329,0,0,"2025-03-12 11:00:00","2025-03-12 12:00:00","2026-09-03 20:48:53"
Nederland,Solar,Hour,8189998,8189996,0,0,"2025-03-12 12:00:00","2025-03-12 13:00:00","2026-09-03 20:48:53"
Nederland,Solar,Hour,7240866,7240865,0,0,"2025-03-12 13:00:00","2025-03-12 14:00:00","2026-09-03 20:48:53"
Nederland,Solar,Hour,6024382,6024380,0,0,"2025-03-12 14:00:00","2025-03-12 15:00:00","2026-09-03 20:48:53"
Nederland,Solar,Hour,4881664,4881662,0,0,"2025-03-12 15:00:00","2025-03-12 16:00:00","2026-09-03 20:48:53"
Nederland,Solar,Hour,2647407,2647405,0,0,"2025-03-12 16:00:00","2025-03-12 17:00:00","2026-09-03 20:48:53"
Nederland,Solar,Hour,503293,503291,0,0,"2025-03-12 17:00:00","2025-03-12 18:00:00","2026-09-03 20:48:53"
Nederland,Solar,Hour,0,0,0,0,"2025-03-12 18:00:00","2025-03-12 19:00:00","2026-09-03 20:48:53"
Nederland,Solar,Hour,0,0,0,0,"2025-03-12 19:00:00","2025-03-12 20:00:00","2026-09-03 20:48:53"
Nederland,Solar,Hour,0,0,0,0,"2025-03-12 20:00:00","2025-03-12 21:00:00","2026-09-03 20:48:53"
Nederland,Solar,Hour,0,0,0,0,"2025-03-12 21:00:00","2025-03-12 22:00:00","2026-09-03 20:48:53"
Nederland,Solar,Hour,0,0,0,0,"2025-03-12 22:00:00","2025-03-12 23:00:00","2026-09-03 20:48:53"
Nederland,Solar,Hour,0,0,0,0,"2025-03-12 23:00:00","2025-03-13 00:00:00","2026-09-03 20:48:53"
Nederland,Solar,Hour,0,0,0,0,"2025-03-13 00:00:00","2025-03-13 01:00:00","2026-09-03 20:48:53"
Nederland,Solar,Hour,0,0,0,0,"2025-03-13 01:00:00","2025-03-13 02:00:00","2026-09-03 20:48:53"
Nederland,Solar,Hour,0,0,0,0,"2025-03-13 02:00:00","2025-03-13 03:00:00","2026-09-03 20:48:53"
Nederland,Solar,Hour,0,0,0,0,"2025-03-13 03:00:00","2025-03-13 04:00:00","2026-09-03 20:48:53"
Nederland,Solar,Hour,0,0,0,0,"2025-03-13 04:00:00","2025-03-13 05:00:00","2026-09-03 20:48:53"
Nederland,Solar,Hour,0,0,0,0,"2025-03-13 05:00:00","2025-03-13 06:00:00","2026-09-03 20:48:53"
Nederland,Solar,Hour,274509,274508,0,0,"2025-03-13 06:00:00","2025-03-13 07:00:00","2026-09-03 20:48:53"
Nederland,Solar,Hour,2614960,2614957,0,0,"2025-03-13 07:00:00","2025-03-13 08:00:00","2026-09-03 20:48:53"
Nederland,Solar,Hour,5021826,5021824,0,0,"2025-03-13 08:00:00","2025-03-13 09:00:00","2026-09-03 20:48:53"
Nederland,Solar,Hour,7242134,7242131,0,0,"2025-03-13 09:00:00","2025-03-13 10:00:00","2026-09-03 20:48:53"
Nederland,Solar,Hour,7243132,7243131,0,0,"2025-03-13 10:00:00","2025-03-13 11:00:00","2026-09-03 20:48:53"
Nederland,Solar,Hour,6877331,6877329,0,0,"2025-03-13 11:00:00","2025-03-13 12:00:00","2026-09-03 20:48:53"
Nederland,Solar,Hour,6195853,6195851,0,0,"2025-03-13 12:00:00","2025-03-13 13:00:00","2026-09-03 20:48:53"
Nederland,Solar,Hour,6018555,6018553,0,0,"2025-03-13 13:00:00","2025-03-13 14:00:00","2026-09-03 20:48:53"
Nederland,Solar,Hour,4515851,4515849,0,0,"2025-03-13 14:00:00","2025-03-13 15:00:00","2026-09-03 20:48:53"
Nederland,Solar,Hour,3484866,3484863,0,0,"2025-03-13 15:00:00","2025-03-13 16:00:00","2026-09-03 20:48:53"
Nederland,Solar,Hour,1637080,1637076,0,0,"2025-03-13 16:00:00","2025-03-13 17:00:00","2026-09-03 20:48:53"
Nederland,Solar,Hour,319634,319632,0,0,"2025-03-13 17:00:00","2025-03-13 18:00:00","2026-09-03 20:48:53"
Nederland,Solar,Hour,0,0,0,0,"2025-03-13 18:00:00","2025-03-13 19:00:00","2026-09-03 20:48:53"
Nederland,Solar,Hour,0,0,0,0,"2025-03-13 19:00:00","2025-03-13 20:00:00","2026-09-03 20:48:53"
Nederland,Solar,Hour,0,0,0,0,"2025-03-13 20:00:00","2025-03-13 21:00:00","2026-09-03 20:48:53"
Nederland,Solar,Hour,0,0,0,0,"2025-03-13 21:00:00","2025-03-13 22:00:00","2026-09-03 20:48:53"
Nederland,Solar,Hour,0,0,0,0,"2025-03-13 22:00:00","2025-03-13 23:00:00","2026-09-03 20:48:53"
Nederland,Solar,Hour,0,0,0,0,"2025-03-13 23:00:00","2025-03-14 00:00:00","2026-09-03 20:48:53"
Nederland,Solar,Hour,0,0,0,0,"2025-03-14 00:00:00","2025-03-14 01:00:00","2026-09-03 20:48:53"
Nederland,Solar,Hour,0,0,0,0,"2025-03-14 01:00:00","2025-03-14 02:00:00","2026-09-03 20:48:53"
Nederland,Solar,Hour,0,0,0,0,"2025-03-14 02:00:00","2025-03-14 03:00:00","2026-09-03 20:48:53"
Nederland,Solar,Hour,0,0,0,0,"2025-03-14 03:00:00","2025-03-14 04:00:00","2026-09-03 20:48:53"
Nederland,Solar,Hour,0,0,0,0,"2025-03-14 04:00:00","2025-03-14 05:00:00","2026-09-03 20:48:53"
Nederland,Solar,Hour,0,0,0,0,"2025-03-14 05:00:00","2025-03-14 06:00:00","2026-09-03 20:48:53"
Nederland,Solar,Hour,420250,420249,0,0,"2025-03-14 06:00:00","2025-03-14 07:00:00","2026-09-03 20:48:53"
Nederland,Solar,Hour,3691276,3691272,0,0,"2025-03-14 07:00:00","2025-03-14 08:00:00","2026-09-03 20:48:53"
Nederland,Solar,Hour,6569917,6569916,0,0,"2025-03-14 08:00:00","2025-03-14 09:00:00","2026-09-03 20:48:53"
Nederland,Solar,Hour,7982475,7982474,0,0,"2025-03-14 09:00:00","2025-03-14 10:00:00","2026-09-03 20:48:53"
Nederland,Solar,Hour,9058655,9058653,0,0,"2025-03-14 10:00:00","2025-03-14 11:00:00","2026-09-03 20:48:53"
Nederland,Solar,Hour,8138380,8138378,0,0,"2025-03-14 11:00:00","2025-03-14 12:00:00","2026-09-03 20:48:53"
Nederland,Solar,Hour,7574654,7574651,0,0,"2025-03-14 12:00:00","2025-03-14 13:00:00","2026-09-03 20:48:53"
Nederland,Solar,Hour,6488148,6488146,0,0,"2025-03-14 13:00:00","2025-03-14 14:00:00","2026-09-03 20:48:53"
Nederland,Solar,Hour,5734321,5734319,0,0,"2025-03-14 14:00:00","2025-03-14 15:00:00","2026-09-03 20:48:53"
Nederland,Solar,Hour,4410263,4410261,0,0,"2025-03-14 15:00:00","2025-03-14 16:00:00","2026-09-03 20:48:53"
Nederland,Solar,Hour,2850276,2850274,0,0,"2025-03-14 16:00:00","2025-03-14 17:00:00","2026-09-03 20:48:53"
Nederland,Solar,Hour,573496,573495,0,0,"2025-03-14 17:00:00","2025-03-14 18:00:00","2026-09-03 20:48:53"
Nederland,Solar,Hour,0,0,0,0,"2025-03-14 18:00:00","2025-03-14 19:00:00","2026-09-03 20:48:53"
Nederland,Solar,Hour,0,0,0,0,"2025-03-14 19:00:00","2025-03-14 20:00:00","2026-09-03 20:48:53"
Nederland,Solar,Hour,0,0,0,0,"2025-03-14 20:00:00","2025-03-14 21:00:00","2026-09-03 20:48:53"
Nederland,Solar,Hour,0,0,0,0,"2025-03-14 21:00:00","2025-03-14 22:00:00","2026-09-03 20:48:53"
Nederland,Solar,Hour,0,0,0,0,"2025-03-14 22:00:00","2025-03-14 23:00:00","2026-09-03 20:48:53"
Nederland,Solar,Hour,0,0,0,0,"2025-03-14 23:00:00","2025-03-15 00:00:00","2026-09-03 20:48:53"
Nederland,Solar,Hour,0,0,0,0,"2025-03-15 00:00:00","2025-03-15 01:00:00","2026-09-03 20:48:53"
Nederland,Solar,Hour,0,0,0,0,"2025-03-15 01:00:00","2025-03-15 02:00:00","2026-09-03 20:48:53"
Nederland,Solar,Hour,0,0,0,0,"2025-03-15 02:00:00","2025-03-15 03:00:00","2026-09-03 20:48:53"
Nederland,Solar,Hour,0,0,0,0,"2025-03-15 03:00:00","2025-03-15 04:00:00","2026-09-03 20:48:53"
Nederland,Solar,Hour,0,0,0,0,"2025-03-15 04:00:00","2025-03-15 05:00:00","2026-09-03 20:48:53"
Nederland,Solar,Hour,0,0,0,0,"2025-03-15 05:00:00","2025-03-15 06:00:00","2026-09-03 20:48:53"
Nederland,Solar,Hour,326968,326965,0,0,"2025-03-15 06:00:00","2025-03-15 07:00:00","2026-09-03 20:48:53"
Nederland,Solar,Hour,2901614,2901612,0,0,"2025-03-15 07:00:00","2025-03-15 08:00:00","2026-09-03 20:48:53"
Nederland,Solar,Hour,6482895,6482894,0,0,"2025-03-15 08:00:00","2025-03-15 09:00:00","2026-09-03 20:48:53"
Nederland,Solar,Hour,9264312,9264309,0,0,"2025-03-15 09:00:00","2025-03-15 10:00:00","2026-09-03 20:48:53"
Nederland,Solar,Hour,11584634,11584633,0,0,"2025-03-15 10:00:00","2025-03-15 11:00:00","2026-09-03 20:48:53"
Nederland,Solar,Hour,11708028,11708026,0,0,"2025-03-15 11:00:00","2025-03-15 12:00:00","2026-09-03 20:48:53"
Nederland,Solar,Hour,11283428,11283425,0,0,"2025-03-15 12:00:00","2025-03-15 13:00:00","2026-09-03 20:48:53"
Nederland,Solar,Hour,9644421,9644419,0,0,"2025-03-15 13:00:00","2025-03-15 14:00:00","2026-09-03 20:48:53"
Nederland,Solar,Hour,8900758,8900756,0,0,"2025-03-15 14:00:00","2025-03-15 15:00:00","2026-09-03 20:48:53"
Nederland,Solar,Hour,6058444,6058442,0,0,"2025-03-15 15:00:00","2025-03-15 16:00:00","2026-09-03 20:48:53"
Nederland,Solar,Hour,2810617,2810615,0,0,"2025-03-15 16:00:00","2025-03-15 17:00:00","2026-09-03 20:48:53"
Nederland,Solar,Hour,716164,716161,0,0,"2025-03-15 17:00:00","2025-03-15 18:00:00","2026-09-03 20:48:53"
Nederland,Solar,Hour,0,0,0,0,"2025-03-15 18:00:00","2025-03-15 19:00:00","2026-09-03 20:48:53"
Nederland,Solar,Hour,0,0,0,0,"2025-03-15 19:00:00","2025-03-15 20:00:00","2026-09-03 20:48:53"
Nederland,Solar,Hour,0,0,0,0,"2025-03-15 20:00:00","2025-03-15 21:00:00","2026-09-03 20:48:53"
Nederland,Solar,Hour,0,0,0,0,"2025-03-15 21:00:00","2025-03-15 22:00:00","2026-09-03 20:48:53"
Nederland,Solar,Hour,0,0,0,0,"2025-03-15 22:00:00","2025-03-15 23:00:00","2026-09-03 20:48:53"
Nederland,Solar,Hour,4282,4282,0,0,"2025-03-15 23:00:00","2025-03-16 00:00:00","2026-09-03 20:48:53"
Nederland,Solar,Hour,0,0,0,0,"2025-03-16 00:00:00","2025-03-16 01:00:00","2026-09-03 20:47:21"
Nederland,Solar,Hour,0,0,0,0,"2025-03-16 01:00:00","2025-03-16 02:00:00","2026-09-03 20:47:21"
Nederland,Solar,Hour,0,0,0,0,"2025-03-16 02:00:00","2025-03-16 03:00:00","2026-09-03 20:47:21"
Nederland,Solar,Hour,0,0,0,0,"2025-03-16 03:00:00","2025-03-16 04:00:00","2026-09-03 20:47:21"
Nederland,Solar,Hour,0,0,0,0,"2025-03-16 04:00:00","2025-03-16 05:00:00","2026-09-03 20:47:21"
Nederland,Solar,Hour,0,0,0,0,"2025-03-16 05:00:00","2025-03-16 06:00:00","2026-09-03 20:47:21"
Nederland,Solar,Hour,800871,800870,0,0,"2025-03-16 06:00:00","2025-03-16 07:00:00","2026-09-03 20:47:21"
Nederland,Solar,Hour,4759956,4759955,0,0,"2025-03-16 07:00:00","2025-03-16 08:00:00","2026-09-03 20:47:21"
Nederland,Solar,Hour,7744029,7744028,0,0,"2025-03-16 08:00:00","2025-03-16 09:00:00","2026-09-03 20:47:21"
Nederland,Solar,Hour,10422244,10422242,0,0,"2025-03-16 09:00:00","2025-03-16 10:00:00","2026-09-03 20:47:21"
Nederland,Solar,Hour,11578073,11578071,0,0,"2025-03-16 10:00:00","2025-03-16 11:00:00","2026-09-03 20:47:21"
Nederland,Solar,Hour,11616244,11616242,0,0,"2025-03-16 11:00:00","2025-03-16 12:00:00","2026-09-03 20:47:21"
Nederland,Solar,Hour,11387995,11387992,0,0,"2025-03-16 12:00:00","2025-03-16 13:00:00","2026-09-03 20:47:21"
Nederland,Solar,Hour,11432880,11432876,0,0,"2025-03-16 13:00:00","2025-03-16 14:00:00","2026-09-03 20:47:21"
Nederland,Solar,Hour,9542097,9542094,0,0,"2025-03-16 14:00:00","2025-03-16 15:00:00","2026-09-03 20:47:21"
Nederland,Solar,Hour,6398798,6398796,0,0,"2025-03-16 15:00:00","2025-03-16 16:00:00","2026-09-03 20:47:21"
Nederland,Solar,Hour,3463938,3463936,0,0,"2025-03-16 16:00:00","2025-03-16 17:00:00","2026-09-03 20:47:21"
Nederland,Solar,Hour,608803,608803,0,0,"2025-03-16 17:00:00","2025-03-16 18:00:00","2026-09-03 20:47:21"
Nederland,Solar,Hour,0,0,0,0,"2025-03-16 18:00:00","2025-03-16 19:00:00","2026-09-03 20:47:21"
Nederland,Solar,Hour,0,0,0,0,"2025-03-16 19:00:00","2025-03-16 20:00:00","2026-09-03 20:47:21"
Nederland,Solar,Hour,0,0,0,0,"2025-03-16 20:00:00","2025-03-16 21:00:00","2026-09-03 20:47:21"
Nederland,Solar,Hour,0,0,0,0,"2025-03-16 21:00:00","2025-03-16 22:00:00","2026-09-03 20:47:21"
Nederland,Solar,Hour,0,0,0,0,"2025-03-16 22:00:00","2025-03-16 23:00:00","2026-09-03 20:47:21"
Nederland,Solar,Hour,0,0,0,0,"2025-03-16 23:00:00","2025-03-17 00:00:00","2026-09-03 20:47:21"
Nederland,Solar,Hour,0,0,0,0,"2025-03-17 00:00:00","2025-03-17 01:00:00","2026-09-03 20:47:21"
Nederland,Solar,Hour,0,0,0,0,"2025-03-17 01:00:00","2025-03-17 02:00:00","2026-09-03 20:47:21"
Nederland,Solar,Hour,0,0,0,0,"2025-03-17 02:00:00","2025-03-17 03:00:00","2026-09-03 20:47:21"
Nederland,Solar,Hour,0,0,0,0,"2025-03-17 03:00:00","2025-03-17 04:00:00","2026-09-03 20:47:21"
Nederland,Solar,Hour,0,0,0,0,"2025-03-17 04:00:00","2025-03-17 05:00:00","2026-09-03 20:47:21"
Nederland,Solar,Hour,0,0,0,0,"2025-03-17 05:00:00","2025-03-17 06:00:00","2026-09-03 20:47:21"
Nederland,Solar,Hour,519486,519484,0,0,"2025-03-17 06:00:00","2025-03-17 07:00:00","2026-09-03 20:47:21"
Nederland,Solar,Hour,2985506,2985503,0,0,"2025-03-17 07:00:00","2025-03-17 08:00:00","2026-09-03 20:47:21"
Nederland,Solar,Hour,6660131,6660129,0,0,"2025-03-17 08:00:00","2025-03-17 09:00:00","2026-09-03 20:47:21"
Nederland,Solar,Hour,10965919,10965917,0,0,"2025-03-17 09:00:00","2025-03-17 10:00:00","2026-09-03 20:47:21"
Nederland,Solar,Hour,13134672,13134670,0,0,"2025-03-17 10:00:00","2025-03-17 11:00:00","2026-09-03 20:47:21"
Nederland,Solar,Hour,11746010,11746008,0,0,"2025-03-17 11:00:00","2025-03-17 12:00:00","2026-09-03 20:47:21"
Nederland,Solar,Hour,11837972,11837970,0,0,"2025-03-17 12:00:00","2025-03-17 13:00:00","2026-09-03 20:47:21"
Nederland,Solar,Hour,13670882,13670880,0,0,"2025-03-17 13:00:00","2025-03-17 14:00:00","2026-09-03 20:47:21"
Nederland,Solar,Hour,11357581,11357578,0,0,"2025-03-17 14:00:00","2025-03-17 15:00:00","2026-09-03 20:47:21"
Nederland,Solar,Hour,8390533,8390531,0,0,"2025-03-17 15:00:00","2025-03-17 16:00:00","2026-09-03 20:47:21"
Nederland,Solar,Hour,4562338,4562336,0,0,"2025-03-17 16:00:00","2025-03-17 17:00:00","2026-09-03 20:47:21"
Nederland,Solar,Hour,974123,974120,0,0,"2025-03-17 17:00:00","2025-03-17 18:00:00","2026-09-03 20:47:21"
Nederland,Solar,Hour,0,0,0,0,"2025-03-17 18:00:00","2025-03-17 19:00:00","2026-09-03 20:47:21"
Nederland,Solar,Hour,0,0,0,0,"2025-03-17 19:00:00","2025-03-17 20:00:00","2026-09-03 20:47:21"
Nederland,Solar,Hour,0,0,0,0,"2025-03-17 20:00:00","2025-03-17 21:00:00","2026-09-03 20:47:21"
Nederland,Solar,Hour,0,0,0,0,"2025-03-17 21:00:00","2025-03-17 22:00:00","2026-09-03 20:47:21"
Nederland,Solar,Hour,0,0,0,0,"2025-03-17 22:00:00","2025-03-17 23:00:00","2026-09-03 20:47:21"
Nederland,Solar,Hour,0,0,0,0,"2025-03-17 23:00:00","2025-03-18 00:00:00","2026-09-03 20:47:21"
Nederland,Solar,Hour,0,0,0,0,"2025-03-18 00:00:00","2025-03-18 01:00:00","2026-09-03 20:47:21"
Nederland,Solar,Hour,0,0,0,0,"2025-03-18 01:00:00","2025-03-18 02:00:00","2026-09-03 20:47:21"
Nederland,Solar,Hour,0,0,0,0,"2025-03-18 02:00:00","2025-03-18 03:00:00","2026-09-03 20:47:21"
Nederland,Solar,Hour,0,0,0,0,"2025-03-18 03:00:00","2025-03-18 04:00:00","2026-09-03 20:47:21"
Nederland,Solar,Hour,0,0,0,0,"2025-03-18 04:00:00","2025-03-18 05:00:00","2026-09-03 20:47:21"
Nederland,Solar,Hour,0,0,0,0,"2025-03-18 05:00:00","2025-03-18 06:00:00","2026-09-03 20:47:21"
Nederland,Solar,Hour,780742,780740,0,0,"2025-03-18 06:00:00","2025-03-18 07:00:00","2026-09-03 20:47:21"
Nederland,Solar,Hour,4520642,4520640,0,0,"2025-03-18 07:00:00","2025-03-18 08:00:00","2026-09-03 20:47:21"
Nederland,Solar,Hour,8709451,8709449,0,0,"2025-03-18 08:00:00","2025-03-18 09:00:00","2026-09-03 20:47:21"
Nederland,Solar,Hour,12118152,12118150,0,0,"2025-03-18 09:00:00","2025-03-18 10:00:00","2026-09-03 20:47:21"
Nederland,Solar,Hour,13041135,13041133,0,0,"2025-03-18 10:00:00","2025-03-18 11:00:00","2026-09-03 20:47:21"
Nederland,Solar,Hour,14068685,14068682,0,0,"2025-03-18 11:00:00","2025-03-18 12:00:00","2026-09-03 20:47:21"
Nederland,Solar,Hour,13964204,13964203,0,0,"2025-03-18 12:00:00","2025-03-18 13:00:00","2026-09-03 20:47:21"
Nederland,Solar,Hour,14265374,14265371,0,0,"2025-03-18 13:00:00","2025-03-18 14:00:00","2026-09-03 20:47:21"
Nederland,Solar,Hour,11878760,11878758,0,0,"2025-03-18 14:00:00","2025-03-18 15:00:00","2026-09-03 20:47:21"
Nederland,Solar,Hour,8465749,8465748,0,0,"2025-03-18 15:00:00","2025-03-18 16:00:00","2026-09-03 20:47:21"
Nederland,Solar,Hour,4667291,4667289,0,0,"2025-03-18 16:00:00","2025-03-18 17:00:00","2026-09-03 20:47:21"
Nederland,Solar,Hour,1041707,1041706,0,0,"2025-03-18 17:00:00","2025-03-18 18:00:00","2026-09-03 20:47:21"
Nederland,Solar,Hour,0,0,0,0,"2025-03-18 18:00:00","2025-03-18 19:00:00","2026-09-03 20:47:21"
Nederland,Solar,Hour,0,0,0,0,"2025-03-18 19:00:00","2025-03-18 20:00:00","2026-09-03 20:47:21"
Nederland,Solar,Hour,0,0,0,0,"2025-03-18 20:00:00","2025-03-18 21:00:00","2026-09-03 20:47:21"
Nederland,Solar,Hour,0,0,0,0,"2025-03-18 21:00:00","2025-03-18 22:00:00","2026-09-03 20:47:21"
Nederland,Solar,Hour,0,0,0,0,"2025-03-18 22:00:00","2025-03-18 23:00:00","2026-09-03 20:47:21"
Nederland,Solar,Hour,0,0,0,0,"2025-03-18 23:00:00","2025-03-19 00:00:00","2026-09-03 20:47:21"
Nederland,Solar,Hour,0,0,0,0,"2025-03-19 00:00:00","2025-03-19 01:00:00","2026-09-03 20:47:21"
Nederland,Solar,Hour,0,0,0,0,"2025-03-19 01:00:00","2025-03-19 02:00:00","2026-09-03 20:47:21"
Nederland,Solar,Hour,0,0,0,0,"2025-03-19 02:00:00","2025-03-19 03:00:00","2026-09-03 20:47:21"
Nederland,Solar,Hour,0,0,0,0,"2025-03-19 03:00:00","2025-03-19 04:00:00","2026-09-03 20:47:21"
Nederland,Solar,Hour,0,0,0,0,"2025-03-19 04:00:00","2025-03-19 05:00:00","2026-09-03 20:47:21"
Nederland,Solar,Hour,0,0,0,0,"2025-03-19 05:00:00","2025-03-19 06:00:00","2026-09-03 20:47:21"
Nederland,Solar,Hour,846879,846878,0,0,"2025-03-19 06:00:00","2025-03-19 07:00:00","2026-09-03 20:47:21"
Nederland,Solar,Hour,4455725,4455724,0,0,"2025-03-19 07:00:00","2025-03-19 08:00:00","2026-09-03 20:47:21"
Nederland,Solar,Hour,8460785,8460782,0,0,"2025-03-19 08:00:00","2025-03-19 09:00:00","2026-09-03 20:47:21"
Nederland,Solar,Hour,11692432,11692430,0,0,"2025-03-19 09:00:00","2025-03-19 10:00:00","2026-09-03 20:47:21"
Nederland,Solar,Hour,13836218,13836215,0,0,"2025-03-19 10:00:00","2025-03-19 11:00:00","2026-09-03 20:47:21"
Nederland,Solar,Hour,13353972,13353970,0,0,"2025-03-19 11:00:00","2025-03-19 12:00:00","2026-09-03 20:47:21"
Nederland,Solar,Hour,13223107,13223105,0,0,"2025-03-19 12:00:00","2025-03-19 13:00:00","2026-09-03 20:47:21"
Nederland,Solar,Hour,13416148,13416146,0,0,"2025-03-19 13:00:00","2025-03-19 14:00:00","2026-09-03 20:47:21"
Nederland,Solar,Hour,11045289,11045286,0,0,"2025-03-19 14:00:00","2025-03-19 15:00:00","2026-09-03 20:47:21"
Nederland,Solar,Hour,7793269,7793267,0,0,"2025-03-19 15:00:00","2025-03-19 16:00:00","2026-09-03 20:47:21"
Nederland,Solar,Hour,4194936,4194933,0,0,"2025-03-19 16:00:00","2025-03-19 17:00:00","2026-09-03 20:47:21"
Nederland,Solar,Hour,862653,862650,0,0,"2025-03-19 17:00:00","2025-03-19 18:00:00","2026-09-03 20:47:21"
Nederland,Solar,Hour,0,0,0,0,"2025-03-19 18:00:00","2025-03-19 19:00:00","2026-09-03 20:47:21"
Nederland,Solar,Hour,0,0,0,0,"2025-03-19 19:00:00","2025-03-19 20:00:00","2026-09-03 20:47:21"
Nederland,Solar,Hour,0,0,0,0,"2025-03-19 20:00:00","2025-03-19 21:00:00","2026-09-03 20:47:21"
Nederland,Solar,Hour,0,0,0,0,"2025-03-19 21:00:00","2025-03-19 22:00:00","2026-09-03 20:47:21"
Nederland,Solar,Hour,0,0,0,0,"2025-03-19 22:00:00","2025-03-19 23:00:00","2026-09-03 20:47:21"
Nederland,Solar,Hour,0,0,0,0,"2025-03-19 23:00:00","2025-03-20 00:00:00","2026-09-03 20:47:21"
Nederland,Solar,Hour,0,0,0,0,"2025-03-20 00:00:00","2025-03-20 01:00:00","2026-09-03 20:47:21"
Nederland,Solar,Hour,0,0,0,0,"2025-03-20 01:00:00","2025-03-20 02:00:00","2026-09-03 20:47:21"
Nederland,Solar,Hour,0,0,0,0,"2025-03-20 02:00:00","2025-03-20 03:00:00","2026-09-03 20:47:21"
Nederland,Solar,Hour,0,0,0,0,"2025-03-20 03:00:00","2025-03-20 04:00:00","2026-09-03 20:47:21"
Nederland,Solar,Hour,0,0,0,0,"2025-03-20 04:00:00","2025-03-20 05:00:00","2026-09-03 20:47:21"
Nederland,Solar,Hour,0,0,0,0,"2025-03-20 05:00:00","2025-03-20 06:00:00","2026-09-03 20:47:21"
Nederland,Solar,Hour,800431,800428,0,0,"2025-03-20 06:00:00","2025-03-20 07:00:00","2026-09-03 20:47:21"
Nederland,Solar,Hour,3920851,3920850,0,0,"2025-03-20 07:00:00","2025-03-20 08:00:00","2026-09-03 20:47:21"
Nederland,Solar,Hour,7575115,7575113,0,0,"2025-03-20 08:00:00","2025-03-20 09:00:00","2026-09-03 20:47:21"
Nederland,Solar,Hour,10531660,10531658,0,0,"2025-03-20 09:00:00","2025-03-20 10:00:00","2026-09-03 20:47:21"
Nederland,Solar,Hour,12783452,12783449,0,0,"2025-03-20 10:00:00","2025-03-20 11:00:00","2026-09-03 20:47:21"
Nederland,Solar,Hour,13706880,13706878,0,0,"2025-03-20 11:00:00","2025-03-20 12:00:00","2026-09-03 20:47:21"
Nederland,Solar,Hour,13775173,13775170,0,0,"2025-03-20 12:00:00","2025-03-20 13:00:00","2026-09-03 20:47:21"
Nederland,Solar,Hour,12586084,12586082,0,0,"2025-03-20 13:00:00","2025-03-20 14:00:00","2026-09-03 20:47:21"
Nederland,Solar,Hour,10198454,10198452,0,0,"2025-03-20 14:00:00","2025-03-20 15:00:00","2026-09-03 20:47:21"
Nederland,Solar,Hour,7272778,7272774,0,0,"2025-03-20 15:00:00","2025-03-20 16:00:00","2026-09-03 20:47:21"
Nederland,Solar,Hour,3648404,3648402,0,0,"2025-03-20 16:00:00","2025-03-20 17:00:00","2026-09-03 20:47:21"
Nederland,Solar,Hour,805400,805398,0,0,"2025-03-20 17:00:00","2025-03-20 18:00:00","2026-09-03 20:47:21"
Nederland,Solar,Hour,0,0,0,0,"2025-03-20 18:00:00","2025-03-20 19:00:00","2026-09-03 20:47:21"
Nederland,Solar,Hour,0,0,0,0,"2025-03-20 19:00:00","2025-03-20 20:00:00","2026-09-03 20:47:21"
Nederland,Solar,Hour,0,0,0,0,"2025-03-20 20:00:00","2025-03-20 21:00:00","2026-09-03 20:47:21"
Nederland,Solar,Hour,0,0,0,0,"2025-03-20 21:00:00","2025-03-20 22:00:00","2026-09-03 20:47:21"
Nederland,Solar,Hour,0,0,0,0,"2025-03-20 22:00:00","2025-03-20 23:00:00","2026-09-03 20:47:21"
Nederland,Solar,Hour,0,0,0,0,"2025-03-20 23:00:00","2025-03-21 00:00:00","2026-09-03 20:47:21"
Nederland,Solar,Hour,0,0,0,0,"2025-03-21 00:00:00","2025-03-21 01:00:00","2026-09-03 20:46:03"
Nederland,Solar,Hour,0,0,0,0,"2025-03-21 01:00:00","2025-03-21 02:00:00","2026-09-03 20:46:03"
Nederland,Solar,Hour,0,0,0,0,"2025-03-21 02:00:00","2025-03-21 03:00:00","2026-09-03 20:46:03"
Nederland,Solar,Hour,0,0,0,0,"2025-03-21 03:00:00","2025-03-21 04:00:00","2026-09-03 20:46:03"
Nederland,Solar,Hour,0,0,0,0,"2025-03-21 04:00:00","2025-03-21 05:00:00","2026-09-03 20:46:03"
Nederland,Solar,Hour,0,0,0,0,"2025-03-21 05:00:00","2025-03-21 06:00:00","2026-09-03 20:46:03"
Nederland,Solar,Hour,869425,869423,0,0,"2025-03-21 06:00:00","2025-03-21 07:00:00","2026-09-03 20:46:03"
Nederland,Solar,Hour,4213932,4213929,0,0,"2025-03-21 07:00:00","2025-03-21 08:00:00","2026-09-03 20:46:03"
Nederland,Solar,Hour,7771133,7771132,0,0,"2025-03-21 08:00:00","2025-03-21 09:00:00","2026-09-03 20:46:03"
Nederland,Solar,Hour,10870008,10870007,0,0,"2025-03-21 09:00:00","2025-03-21 10:00:00","2026-09-03 20:46:03"
Nederland,Solar,Hour,13205769,13205767,0,0,"2025-03-21 10:00:00","2025-03-21 11:00:00","2026-09-03 20:46:03"
Nederland,Solar,Hour,12622016,12622015,0,0,"2025-03-21 11:00:00","2025-03-21 12:00:00","2026-09-03 20:46:03"
Nederland,Solar,Hour,12389998,12389998,0,0,"2025-03-21 12:00:00","2025-03-21 13:00:00","2026-09-03 20:46:03"
Nederland,Solar,Hour,11077352,11077350,0,0,"2025-03-21 13:00:00","2025-03-21 14:00:00","2026-09-03 20:46:03"
Nederland,Solar,Hour,8708864,8708862,0,0,"2025-03-21 14:00:00","2025-03-21 15:00:00","2026-09-03 20:46:03"
Nederland,Solar,Hour,5997164,5997162,0,0,"2025-03-21 15:00:00","2025-03-21 16:00:00","2026-09-03 20:46:03"
Nederland,Solar,Hour,2706567,2706565,0,0,"2025-03-21 16:00:00","2025-03-21 17:00:00","2026-09-03 20:46:03"
Nederland,Solar,Hour,423272,423270,0,0,"2025-03-21 17:00:00","2025-03-21 18:00:00","2026-09-03 20:46:03"
Nederland,Solar,Hour,0,0,0,0,"2025-03-21 18:00:00","2025-03-21 19:00:00","2026-09-03 20:46:03"
Nederland,Solar,Hour,0,0,0,0,"2025-03-21 19:00:00","2025-03-21 20:00:00","2026-09-03 20:46:03"
Nederland,Solar,Hour,0,0,0,0,"2025-03-21 20:00:00","2025-03-21 21:00:00","2026-09-03 20:46:03"
Nederland,Solar,Hour,0,0,0,0,"2025-03-21 21:00:00","2025-03-21 22:00:00","2026-09-03 20:46:03"
Nederland,Solar,Hour,0,0,0,0,"2025-03-21 22:00:00","2025-03-21 23:00:00","2026-09-03 20:46:03"
Nederland,Solar,Hour,0,0,0,0,"2025-03-21 23:00:00","2025-03-22 00:00:00","2026-09-03 20:46:03"
Nederland,Solar,Hour,0,0,0,0,"2025-03-22 00:00:00","2025-03-22 01:00:00","2026-09-03 20:46:03"
Nederland,Solar,Hour,0,0,0,0,"2025-03-22 01:00:00","2025-03-22 02:00:00","2026-09-03 20:46:03"
Nederland,Solar,Hour,0,0,0,0,"2025-03-22 02:00:00","2025-03-22 03:00:00","2026-09-03 20:46:03"
Nederland,Solar,Hour,0,0,0,0,"2025-03-22 03:00:00","2025-03-22 04:00:00","2026-09-03 20:46:03"
Nederland,Solar,Hour,0,0,0,0,"2025-03-22 04:00:00","2025-03-22 05:00:00","2026-09-03 20:46:03"
Nederland,Solar,Hour,1573,1573,0,0,"2025-03-22 05:00:00","2025-03-22 06:00:00","2026-09-03 20:46:03"
Nederland,Solar,Hour,884054,884051,0,0,"2025-03-22 06:00:00","2025-03-22 07:00:00","2026-09-03 20:46:03"
Nederland,Solar,Hour,3243129,3243126,0,0,"2025-03-22 07:00:00","2025-03-22 08:00:00","2026-09-03 20:46:03"
Nederland,Solar,Hour,5272241,5272239,0,0,"2025-03-22 08:00:00","2025-03-22 09:00:00","2026-09-03 20:46:03"
Nederland,Solar,Hour,7340232,7340231,0,0,"2025-03-22 09:00:00","2025-03-22 10:00:00","2026-09-03 20:46:03"
Nederland,Solar,Hour,9247764,9247762,0,0,"2025-03-22 10:00:00","2025-03-22 11:00:00","2026-09-03 20:46:03"
Nederland,Solar,Hour,11222696,11222695,0,0,"2025-03-22 11:00:00","2025-03-22 12:00:00","2026-09-03 20:46:03"
Nederland,Solar,Hour,10210183,10210181,0,0,"2025-03-22 12:00:00","2025-03-22 13:00:00","2026-09-03 20:46:03"
Nederland,Solar,Hour,7313154,7313151,0,0,"2025-03-22 13:00:00","2025-03-22 14:00:00","2026-09-03 20:46:03"
Nederland,Solar,Hour,5388668,5388666,0,0,"2025-03-22 14:00:00","2025-03-22 15:00:00","2026-09-03 20:46:03"
Nederland,Solar,Hour,3966384,3966382,0,0,"2025-03-22 15:00:00","2025-03-22 16:00:00","2026-09-03 20:46:03"
Nederland,Solar,Hour,1804349,1804348,0,0,"2025-03-22 16:00:00","2025-03-22 17:00:00","2026-09-03 20:46:03"
Nederland,Solar,Hour,381774,381773,0,0,"2025-03-22 17:00:00","2025-03-22 18:00:00","2026-09-03 20:46:03"
Nederland,Solar,Hour,0,0,0,0,"2025-03-22 18:00:00","2025-03-22 19:00:00","2026-09-03 20:46:03"
Nederland,Solar,Hour,0,0,0,0,"2025-03-22 19:00:00","2025-03-22 20:00:00","2026-09-03 20:46:03"
Nederland,Solar,Hour,0,0,0,0,"2025-03-22 20:00:00","2025-03-22 21:00:00","2026-09-03 20:46:03"
Nederland,Solar,Hour,0,0,0,0,"2025-03-22 21:00:00","2025-03-22 22:00:00","2026-09-03 20:46:03"
Nederland,Solar,Hour,0,0,0,0,"2025-03-22 22:00:00","2025-03-22 23:00:00","2026-09-03 20:46:03"
Nederland,Solar,Hour,0,0,0,0,"2025-03-22 23:00:00","2025-03-23 00:00:00","2026-09-03 20:46:03"
Nederland,Solar,Hour,0,0,0,0,"2025-03-23 00:00:00","2025-03-23 01:00:00","2026-09-03 20:46:03"
Nederland,Solar,Hour,0,0,0,0,"2025-03-23 01:00:00","2025-03-23 02:00:00","2026-09-03 20:46:03"
Nederland,Solar,Hour,0,0,0,0,"2025-03-23 02:00:00","2025-03-23 03:00:00","2026-09-03 20:46:03"
Nederland,Solar,Hour,0,0,0,0,"2025-03-23 03:00:00","2025-03-23 04:00:00","2026-09-03 20:46:03"
Nederland,Solar,Hour,0,0,0,0,"2025-03-23 04:00:00","2025-03-23 05:00:00","2026-09-03 20:46:03"
Nederland,Solar,Hour,0,0,0,0,"2025-03-23 05:00:00","2025-03-23 06:00:00","2026-09-03 20:46:03"
Nederland,Solar,Hour,251586,251585,0,0,"2025-03-23 06:00:00","2025-03-23 07:00:00","2026-09-03 20:46:03"
Nederland,Solar,Hour,1509622,1509619,0,0,"2025-03-23 07:00:00","2025-03-23 08:00:00","2026-09-03 20:46:03"
Nederland,Solar,Hour,3484047,3484045,0,0,"2025-03-23 08:00:00","2025-03-23 09:00:00","2026-09-03 20:46:03"
Nederland,Solar,Hour,5782694,5782692,0,0,"2025-03-23 09:00:00","2025-03-23 10:00:00","2026-09-03 20:46:03"
Nederland,Solar,Hour,6817520,6817518,0,0,"2025-03-23 10:00:00","2025-03-23 11:00:00","2026-09-03 20:46:03"
Nederland,Solar,Hour,8705829,8705826,0,0,"2025-03-23 11:00:00","2025-03-23 12:00:00","2026-09-03 20:46:03"
Nederland,Solar,Hour,9895211,9895209,0,0,"2025-03-23 12:00:00","2025-03-23 13:00:00","2026-09-03 20:46:03"
Nederland,Solar,Hour,8864238,8864238,0,0,"2025-03-23 13:00:00","2025-03-23 14:00:00","2026-09-03 20:46:03"
Nederland,Solar,Hour,7209757,7209754,0,0,"2025-03-23 14:00:00","2025-03-23 15:00:00","2026-09-03 20:46:03"
Nederland,Solar,Hour,4827940,4827939,0,0,"2025-03-23 15:00:00","2025-03-23 16:00:00","2026-09-03 20:46:03"
Nederland,Solar,Hour,1901100,1901097,0,0,"2025-03-23 16:00:00","2025-03-23 17:00:00","2026-09-03 20:46:03"
Nederland,Solar,Hour,423708,423706,0,0,"2025-03-23 17:00:00","2025-03-23 18:00:00","2026-09-03 20:46:03"
Nederland,Solar,Hour,360,360,0,0,"2025-03-23 18:00:00","2025-03-23 19:00:00","2026-09-03 20:46:03"
Nederland,Solar,Hour,0,0,0,0,"2025-03-23 19:00:00","2025-03-23 20:00:00","2026-09-03 20:46:03"
Nederland,Solar,Hour,0,0,0,0,"2025-03-23 20:00:00","2025-03-23 21:00:00","2026-09-03 20:46:03"
Nederland,Solar,Hour,0,0,0,0,"2025-03-23 21:00:00","2025-03-23 22:00:00","2026-09-03 20:46:03"
Nederland,Solar,Hour,0,0,0,0,"2025-03-23 22:00:00","2025-03-23 23:00:00","2026-09-03 20:46:03"
Nederland,Solar,Hour,0,0,0,0,"2025-03-23 23:00:00","2025-03-24 00:00:00","2026-09-03 20:46:03"
Nederland,Solar,Hour,0,0,0,0,"2025-03-24 00:00:00","2025-03-24 01:00:00","2026-09-03 20:46:03"
Nederland,Solar,Hour,0,0,0,0,"2025-03-24 01:00:00","2025-03-24 02:00:00","2026-09-03 20:46:03"
Nederland,Solar,Hour,0,0,0,0,"2025-03-24 02:00:00","2025-03-24 03:00:00","2026-09-03 20:46:03"
Nederland,Solar,Hour,0,0,0,0,"2025-03-24 03:00:00","2025-03-24 04:00:00","2026-09-03 20:46:03"
Nederland,Solar,Hour,0,0,0,0,"2025-03-24 04:00:00","2025-03-24 05:00:00","2026-09-03 20:46:03"
Nederland,Solar,Hour,0,0,0,0,"2025-03-24 05:00:00","2025-03-24 06:00:00","2026-09-03 20:46:03"
Nederland,Solar,Hour,493279,493278,0,0,"2025-03-24 06:00:00","2025-03-24 07:00:00","2026-09-03 20:46:03"
Nederland,Solar,Hour,2200713,2200710,0,0,"2025-03-24 07:00:00","2025-03-24 08:00:00","2026-09-03 20:46:03"
Nederland,Solar,Hour,4245031,4245030,0,0,"2025-03-24 08:00:00","2025-03-24 09:00:00","2026-09-03 20:46:03"
Nederland,Solar,Hour,7527644,7527641,0,0,"2025-03-24 09:00:00","2025-03-24 10:00:00","2026-09-03 20:46:03"
Nederland,Solar,Hour,10974144,10974140,0,0,"2025-03-24 10:00:00","2025-03-24 11:00:00","2026-09-03 20:46:03"
Nederland,Solar,Hour,11505470,11505468,0,0,"2025-03-24 11:00:00","2025-03-24 12:00:00","2026-09-03 20:46:03"
Nederland,Solar,Hour,11119257,11119256,0,0,"2025-03-24 12:00:00","2025-03-24 13:00:00","2026-09-03 20:46:03"
Nederland,Solar,Hour,9321499,9321498,0,0,"2025-03-24 13:00:00","2025-03-24 14:00:00","2026-09-03 20:46:03"
Nederland,Solar,Hour,8109489,8109488,0,0,"2025-03-24 14:00:00","2025-03-24 15:00:00","2026-09-03 20:46:03"
Nederland,Solar,Hour,5758082,5758080,0,0,"2025-03-24 15:00:00","2025-03-24 16:00:00","2026-09-03 20:46:03"
Nederland,Solar,Hour,2694958,2694956,0,0,"2025-03-24 16:00:00","2025-03-24 17:00:00","2026-09-03 20:46:03"
Nederland,Solar,Hour,701203,701201,0,0,"2025-03-24 17:00:00","2025-03-24 18:00:00","2026-09-03 20:46:03"
Nederland,Solar,Hour,0,0,0,0,"2025-03-24 18:00:00","2025-03-24 19:00:00","2026-09-03 20:46:03"
Nederland,Solar,Hour,0,0,0,0,"2025-03-24 19:00:00","2025-03-24 20:00:00","2026-09-03 20:46:03"
Nederland,Solar,Hour,0,0,0,0,"2025-03-24 20:00:00","2025-03-24 21:00:00","2026-09-03 20:46:03"
Nederland,Solar,Hour,0,0,0,0,"2025-03-24 21:00:00","2025-03-24 22:00:00","2026-09-03 20:46:03"
Nederland,Solar,Hour,0,0,0,0,"2025-03-24 22:00:00","2025-03-24 23:00:00","2026-09-03 20:46:03"
Nederland,Solar,Hour,0,0,0,0,"2025-03-24 23:00:00","2025-03-25 00:00:00","2026-09-03 20:46:03"
Nederland,Solar,Hour,0,0,0,0,"2025-03-25 00:00:00","2025-03-25 01:00:00","2026-09-03 20:46:03"
Nederland,Solar,Hour,0,0,0,0,"2025-03-25 01:00:00","2025-03-25 02:00:00","2026-09-03 20:46:03"
Nederland,Solar,Hour,0,0,0,0,"2025-03-25 02:00:00","2025-03-25 03:00:00","2026-09-03 20:46:03"
Nederland,Solar,Hour,0,0,0,0,"2025-03-25 03:00:00","2025-03-25 04:00:00","2026-09-03 20:46:03"
Nederland,Solar,Hour,0,0,0,0,"2025-03-25 04:00:00","2025-03-25 05:00:00","2026-09-03 20:46:03"
Nederland,Solar,Hour,242,242,0,0,"2025-03-25 05:00:00","2025-03-25 06:00:00","2026-09-03 20:46:03"
Nederland,Solar,Hour,514118,514117,0,0,"2025-03-25 06:00:00","2025-03-25 07:00:00","2026-09-03 20:46:03"
Nederland,Solar,Hour,2221512,2221510,0,0,"2025-03-25 07:00:00","2025-03-25 08:00:00","2026-09-03 20:46:03"
Nederland,Solar,Hour,4304007,4304004,0,0,"2025-03-25 08:00:00","2025-03-25 09:00:00","2026-09-03 20:46:03"
Nederland,Solar,Hour,7054939,7054936,0,0,"2025-03-25 09:00:00","2025-03-25 10:00:00","2026-09-03 20:46:03"
Nederland,Solar,Hour,10029474,10029472,0,0,"2025-03-25 10:00:00","2025-03-25 11:00:00","2026-09-03 20:46:03"
Nederland,Solar,Hour,11786898,11786897,0,0,"2025-03-25 11:00:00","2025-03-25 12:00:00","2026-09-03 20:46:03"
Nederland,Solar,Hour,11272496,11272494,0,0,"2025-03-25 12:00:00","2025-03-25 13:00:00","2026-09-03 20:46:03"
Nederland,Solar,Hour,8837297,8837295,0,0,"2025-03-25 13:00:00","2025-03-25 14:00:00","2026-09-03 20:46:03"
Nederland,Solar,Hour,5474018,5474015,0,0,"2025-03-25 14:00:00","2025-03-25 15:00:00","2026-09-03 20:46:03"
Nederland,Solar,Hour,2839999,2839998,0,0,"2025-03-25 15:00:00","2025-03-25 16:00:00","2026-09-03 20:46:03"
Nederland,Solar,Hour,1031634,1031631,0,0,"2025-03-25 16:00:00","2025-03-25 17:00:00","2026-09-03 20:46:03"
Nederland,Solar,Hour,185737,185735,0,0,"2025-03-25 17:00:00","2025-03-25 18:00:00","2026-09-03 20:46:03"
Nederland,Solar,Hour,0,0,0,0,"2025-03-25 18:00:00","2025-03-25 19:00:00","2026-09-03 20:46:03"
Nederland,Solar,Hour,0,0,0,0,"2025-03-25 19:00:00","2025-03-25 20:00:00","2026-09-03 20:46:03"
Nederland,Solar,Hour,0,0,0,0,"2025-03-25 20:00:00","2025-03-25 21:00:00","2026-09-03 20:46:03"
Nederland,Solar,Hour,0,0,0,0,"2025-03-25 21:00:00","2025-03-25 22:00:00","2026-09-03 20:46:03"
Nederland,Solar,Hour,0,0,0,0,"2025-03-25 22:00:00","2025-03-25 23:00:00","2026-09-03 20:46:03"
Nederland,Solar,Hour,0,0,0,0,"2025-03-25 23:00:00","2025-03-26 00:00:00","2026-09-03 20:46:03"
Nederland,Solar,Hour,0,0,0,0,"2025-03-26 00:00:00","2025-03-26 01:00:00","2026-09-03 20:44:05"
Nederland,Solar,Hour,0,0,0,0,"2025-03-26 01:00:00","2025-03-26 02:00:00","2026-09-03 20:44:05"
Nederland,Solar,Hour,0,0,0,0,"2025-03-26 02:00:00","2025-03-26 03:00:00","2026-09-03 20:44:05"
Nederland,Solar,Hour,0,0,0,0,"2025-03-26 03:00:00","2025-03-26 04:00:00","2026-09-03 20:44:05"
Nederland,Solar,Hour,0,0,0,0,"2025-03-26 04:00:00","2025-03-26 05:00:00","2026-09-03 20:44:05"
Nederland,Solar,Hour,0,0,0,0,"2025-03-26 05:00:00","2025-03-26 06:00:00","2026-09-03 20:44:05"
Nederland,Solar,Hour,383979,383977,0,0,"2025-03-26 06:00:00","2025-03-26 07:00:00","2026-09-03 20:44:05"
Nederland,Solar,Hour,1638013,1638010,0,0,"2025-03-26 07:00:00","2025-03-26 08:00:00","2026-09-03 20:44:05"
Nederland,Solar,Hour,3073582,3073580,0,0,"2025-03-26 08:00:00","2025-03-26 09:00:00","2026-09-03 20:44:05"
Nederland,Solar,Hour,4078115,4078113,0,0,"2025-03-26 09:00:00","2025-03-26 10:00:00","2026-09-03 20:44:05"
Nederland,Solar,Hour,4819348,4819346,0,0,"2025-03-26 10:00:00","2025-03-26 11:00:00","2026-09-03 20:44:05"
Nederland,Solar,Hour,5535953,5535952,0,0,"2025-03-26 11:00:00","2025-03-26 12:00:00","2026-09-03 20:44:05"
Nederland,Solar,Hour,6154035,6154033,0,0,"2025-03-26 12:00:00","2025-03-26 13:00:00","2026-09-03 20:44:05"
Nederland,Solar,Hour,5538027,5538024,0,0,"2025-03-26 13:00:00","2025-03-26 14:00:00","2026-09-03 20:44:05"
Nederland,Solar,Hour,4976002,4976001,0,0,"2025-03-26 14:00:00","2025-03-26 15:00:00","2026-09-03 20:44:05"
Nederland,Solar,Hour,4259363,4259360,0,0,"2025-03-26 15:00:00","2025-03-26 16:00:00","2026-09-03 20:44:05"
Nederland,Solar,Hour,2836108,2836105,0,0,"2025-03-26 16:00:00","2025-03-26 17:00:00","2026-09-03 20:44:05"
Nederland,Solar,Hour,1229417,1229415,0,0,"2025-03-26 17:00:00","2025-03-26 18:00:00","2026-09-03 20:44:05"
Nederland,Solar,Hour,13823,13823,0,0,"2025-03-26 18:00:00","2025-03-26 19:00:00","2026-09-03 20:44:05"
Nederland,Solar,Hour,0,0,0,0,"2025-03-26 19:00:00","2025-03-26 20:00:00","2026-09-03 20:44:05"
Nederland,Solar,Hour,0,0,0,0,"2025-03-26 20:00:00","2025-03-26 21:00:00","2026-09-03 20:44:05"
Nederland,Solar,Hour,0,0,0,0,"2025-03-26 21:00:00","2025-03-26 22:00:00","2026-09-03 20:44:05"
Nederland,Solar,Hour,0,0,0,0,"2025-03-26 22:00:00","2025-03-26 23:00:00","2026-09-03 20:44:05"
Nederland,Solar,Hour,0,0,0,0,"2025-03-26 23:00:00","2025-03-27 00:00:00","2026-09-03 20:44:05"
Nederland,Solar,Hour,0,0,0,0,"2025-03-27 00:00:00","2025-03-27 01:00:00","2026-09-03 20:44:05"
Nederland,Solar,Hour,0,0,0,0,"2025-03-27 01:00:00","2025-03-27 02:00:00","2026-09-03 20:44:05"
Nederland,Solar,Hour,0,0,0,0,"2025-03-27 02:00:00","2025-03-27 03:00:00","2026-09-03 20:44:05"
Nederland,Solar,Hour,0,0,0,0,"2025-03-27 03:00:00","2025-03-27 04:00:00","2026-09-03 20:44:05"
Nederland,Solar,Hour,0,0,0,0,"2025-03-27 04:00:00","2025-03-27 05:00:00","2026-09-03 20:44:05"
Nederland,Solar,Hour,30722,30721,0,0,"2025-03-27 05:00:00","2025-03-27 06:00:00","2026-09-03 20:44:05"
Nederland,Solar,Hour,1824913,1824910,0,0,"2025-03-27 06:00:00","2025-03-27 07:00:00","2026-09-03 20:44:05"
Nederland,Solar,Hour,5315837,5315835,0,0,"2025-03-27 07:00:00","2025-03-27 08:00:00","2026-09-03 20:44:05"
Nederland,Solar,Hour,9214321,9214318,0,0,"2025-03-27 08:00:00","2025-03-27 09:00:00","2026-09-03 20:44:05"
Nederland,Solar,Hour,12190943,12190942,0,0,"2025-03-27 09:00:00","2025-03-27 10:00:00","2026-09-03 20:44:05"
Nederland,Solar,Hour,14163192,14163191,0,0,"2025-03-27 10:00:00","2025-03-27 11:00:00","2026-09-03 20:44:05"
Nederland,Solar,Hour,15158192,15158191,0,0,"2025-03-27 11:00:00","2025-03-27 12:00:00","2026-09-03 20:44:05"
Nederland,Solar,Hour,15061714,15061711,0,0,"2025-03-27 12:00:00","2025-03-27 13:00:00","2026-09-03 20:44:05"
Nederland,Solar,Hour,13779727,13779724,0,0,"2025-03-27 13:00:00","2025-03-27 14:00:00","2026-09-03 20:44:05"
Nederland,Solar,Hour,11570276,11570274,0,0,"2025-03-27 14:00:00","2025-03-27 15:00:00","2026-09-03 20:44:05"
Nederland,Solar,Hour,8350024,8350022,0,0,"2025-03-27 15:00:00","2025-03-27 16:00:00","2026-09-03 20:44:05"
Nederland,Solar,Hour,4643020,4643018,0,0,"2025-03-27 16:00:00","2025-03-27 17:00:00","2026-09-03 20:44:05"
Nederland,Solar,Hour,1287068,1287066,0,0,"2025-03-27 17:00:00","2025-03-27 18:00:00","2026-09-03 20:44:05"
Nederland,Solar,Hour,1978,1978,0,0,"2025-03-27 18:00:00","2025-03-27 19:00:00","2026-09-03 20:44:05"
Nederland,Solar,Hour,0,0,0,0,"2025-03-27 19:00:00","2025-03-27 20:00:00","2026-09-03 20:44:05"
Nederland,Solar,Hour,0,0,0,0,"2025-03-27 20:00:00","2025-03-27 21:00:00","2026-09-03 20:44:05"
Nederland,Solar,Hour,0,0,0,0,"2025-03-27 21:00:00","2025-03-27 22:00:00","2026-09-03 20:44:05"
Nederland,Solar,Hour,0,0,0,0,"2025-03-27 22:00:00","2025-03-27 23:00:00","2026-09-03 20:44:05"
Nederland,Solar,Hour,0,0,0,0,"2025-03-27 23:00:00","2025-03-28 00:00:00","2026-09-03 20:44:05"
Nederland,Solar,Hour,0,0,0,0,"2025-03-28 00:00:00","2025-03-28 01:00:00","2026-09-03 20:44:05"
Nederland,Solar,Hour,0,0,0,0,"2025-03-28 01:00:00","2025-03-28 02:00:00","2026-09-03 20:44:05"
Nederland,Solar,Hour,0,0,0,0,"2025-03-28 02:00:00","2025-03-28 03:00:00","2026-09-03 20:44:05"
Nederland,Solar,Hour,0,0,0,0,"2025-03-28 03:00:00","2025-03-28 04:00:00","2026-09-03 20:44:05"
Nederland,Solar,Hour,0,0,0,0,"2025-03-28 04:00:00","2025-03-28 05:00:00","2026-09-03 20:44:05"
Nederland,Solar,Hour,22025,22025,0,0,"2025-03-28 05:00:00","2025-03-28 06:00:00","2026-09-03 20:44:05"
Nederland,Solar,Hour,1218684,1218682,0,0,"2025-03-28 06:00:00","2025-03-28 07:00:00","2026-09-03 20:44:05"
Nederland,Solar,Hour,3550639,3550637,0,0,"2025-03-28 07:00:00","2025-03-28 08:00:00","2026-09-03 20:44:05"
Nederland,Solar,Hour,6022221,6022219,0,0,"2025-03-28 08:00:00","2025-03-28 09:00:00","2026-09-03 20:44:05"
Nederland,Solar,Hour,7475411,7475408,0,0,"2025-03-28 09:00:00","2025-03-28 10:00:00","2026-09-03 20:44:05"
Nederland,Solar,Hour,7363917,7363915,0,0,"2025-03-28 10:00:00","2025-03-28 11:00:00","2026-09-03 20:44:05"
Nederland,Solar,Hour,8540144,8540143,0,0,"2025-03-28 11:00:00","2025-03-28 12:00:00","2026-09-03 20:44:05"
Nederland,Solar,Hour,9221623,9221620,0,0,"2025-03-28 12:00:00","2025-03-28 13:00:00","2026-09-03 20:44:05"
Nederland,Solar,Hour,9509698,9509697,0,0,"2025-03-28 13:00:00","2025-03-28 14:00:00","2026-09-03 20:44:05"
Nederland,Solar,Hour,6708285,6708283,0,0,"2025-03-28 14:00:00","2025-03-28 15:00:00","2026-09-03 20:44:05"
Nederland,Solar,Hour,3570619,3570617,0,0,"2025-03-28 15:00:00","2025-03-28 16:00:00","2026-09-03 20:44:05"
Nederland,Solar,Hour,1480305,1480304,0,0,"2025-03-28 16:00:00","2025-03-28 17:00:00","2026-09-03 20:44:05"
Nederland,Solar,Hour,296295,296292,0,0,"2025-03-28 17:00:00","2025-03-28 18:00:00","2026-09-03 20:44:05"
Nederland,Solar,Hour,2326,2326,0,0,"2025-03-28 18:00:00","2025-03-28 19:00:00","2026-09-03 20:44:05"
Nederland,Solar,Hour,0,0,0,0,"2025-03-28 19:00:00","2025-03-28 20:00:00","2026-09-03 20:44:05"
Nederland,Solar,Hour,0,0,0,0,"2025-03-28 20:00:00","2025-03-28 21:00:00","2026-09-03 20:44:05"
Nederland,Solar,Hour,0,0,0,0,"2025-03-28 21:00:00","2025-03-28 22:00:00","2026-09-03 20:44:05"
Nederland,Solar,Hour,0,0,0,0,"2025-03-28 22:00:00","2025-03-28 23:00:00","2026-09-03 20:44:05"
Nederland,Solar,Hour,0,0,0,0,"2025-03-28 23:00:00","2025-03-29 00:00:00","2026-09-03 20:44:05"
Nederland,Solar,Hour,0,0,0,0,"2025-03-29 00:00:00","2025-03-29 01:00:00","2026-09-03 20:44:05"
Nederland,Solar,Hour,0,0,0,0,"2025-03-29 01:00:00","2025-03-29 02:00:00","2026-09-03 20:44:05"
Nederland,Solar,Hour,0,0,0,0,"2025-03-29 02:00:00","2025-03-29 03:00:00","2026-09-03 20:44:05"
Nederland,Solar,Hour,0,0,0,0,"2025-03-29 03:00:00","2025-03-29 04:00:00","2026-09-03 20:44:05"
Nederland,Solar,Hour,0,0,0,0,"2025-03-29 04:00:00","2025-03-29 05:00:00","2026-09-03 20:44:05"
Nederland,Solar,Hour,20054,20053,0,0,"2025-03-29 05:00:00","2025-03-29 06:00:00","2026-09-03 20:44:05"
Nederland,Solar,Hour,1674418,1674415,0,0,"2025-03-29 06:00:00","2025-03-29 07:00:00","2026-09-03 20:44:05"
Nederland,Solar,Hour,5337717,5337714,0,0,"2025-03-29 07:00:00","2025-03-29 08:00:00","2026-09-03 20:44:05"
Nederland,Solar,Hour,9239651,9239648,0,0,"2025-03-29 08:00:00","2025-03-29 09:00:00","2026-09-03 20:44:05"
Nederland,Solar,Hour,11567656,11567654,0,0,"2025-03-29 09:00:00","2025-03-29 10:00:00","2026-09-03 20:44:05"
Nederland,Solar,Hour,12628022,12628020,0,0,"2025-03-29 10:00:00","2025-03-29 11:00:00","2026-09-03 20:44:05"
Nederland,Solar,Hour,10783891,10783888,0,0,"2025-03-29 11:00:00","2025-03-29 12:00:00","2026-09-03 20:44:05"
Nederland,Solar,Hour,13690113,13690111,0,0,"2025-03-29 12:00:00","2025-03-29 13:00:00","2026-09-03 20:44:05"
Nederland,Solar,Hour,13400309,13400306,0,0,"2025-03-29 13:00:00","2025-03-29 14:00:00","2026-09-03 20:44:05"
Nederland,Solar,Hour,11239762,11239759,0,0,"2025-03-29 14:00:00","2025-03-29 15:00:00","2026-09-03 20:44:05"
Nederland,Solar,Hour,8212308,8212306,0,0,"2025-03-29 15:00:00","2025-03-29 16:00:00","2026-09-03 20:44:05"
Nederland,Solar,Hour,4791719,4791717,0,0,"2025-03-29 16:00:00","2025-03-29 17:00:00","2026-09-03 20:44:05"
Nederland,Solar,Hour,1278354,1278352,0,0,"2025-03-29 17:00:00","2025-03-29 18:00:00","2026-09-03 20:44:05"
Nederland,Solar,Hour,1693,1693,0,0,"2025-03-29 18:00:00","2025-03-29 19:00:00","2026-09-03 20:44:05"
Nederland,Solar,Hour,0,0,0,0,"2025-03-29 19:00:00","2025-03-29 20:00:00","2026-09-03 20:44:05"
Nederland,Solar,Hour,0,0,0,0,"2025-03-29 20:00:00","2025-03-29 21:00:00","2026-09-03 20:44:05"
Nederland,Solar,Hour,0,0,0,0,"2025-03-29 21:00:00","2025-03-29 22:00:00","2026-09-03 20:44:05"
Nederland,Solar,Hour,0,0,0,0,"2025-03-29 22:00:00","2025-03-29 23:00:00","2026-09-03 20:44:05"
Nederland,Solar,Hour,0,0,0,0,"2025-03-29 23:00:00","2025-03-30 00:00:00","2026-09-03 20:44:05"
Nederland,Solar,Hour,0,0,0,0,"2025-03-30 00:00:00","2025-03-30 01:00:00","2026-09-03 20:44:05"
Nederland,Solar,Hour,0,0,0,0,"2025-03-30 01:00:00","2025-03-30 02:00:00","2026-09-03 20:44:05"
Nederland,Solar,Hour,0,0,0,0,"2025-03-30 02:00:00","2025-03-30 03:00:00","2026-09-03 20:44:05"
Nederland,Solar,Hour,0,0,0,0,"2025-03-30 03:00:00","2025-03-30 04:00:00","2026-09-03 20:44:05"
Nederland,Solar,Hour,0,0,0,0,"2025-03-30 04:00:00","2025-03-30 05:00:00","2026-09-03 20:44:05"
Nederland,Solar,Hour,4088,4087,0,0,"2025-03-30 05:00:00","2025-03-30 06:00:00","2026-09-03 20:44:05"
Nederland,Solar,Hour,466296,466293,0,0,"2025-03-30 06:00:00","2025-03-30 07:00:00","2026-09-03 20:44:05"
Nederland,Solar,Hour,2083808,2083806,0,0,"2025-03-30 07:00:00","2025-03-30 08:00:00","2026-09-03 20:44:05"
Nederland,Solar,Hour,4670737,4670734,0,0,"2025-03-30 08:00:00","2025-03-30 09:00:00","2026-09-03 20:44:05"
Nederland,Solar,Hour,6932320,6932317,0,0,"2025-03-30 09:00:00","2025-03-30 10:00:00","2026-09-03 20:44:05"
Nederland,Solar,Hour,8523117,8523113,0,0,"2025-03-30 10:00:00","2025-03-30 11:00:00","2026-09-03 20:44:05"
Nederland,Solar,Hour,9457840,9457837,0,0,"2025-03-30 11:00:00","2025-03-30 12:00:00","2026-09-03 20:44:05"
Nederland,Solar,Hour,9836769,9836768,0,0,"2025-03-30 12:00:00","2025-03-30 13:00:00","2026-09-03 20:44:05"
Nederland,Solar,Hour,8581934,8581932,0,0,"2025-03-30 13:00:00","2025-03-30 14:00:00","2026-09-03 20:44:05"
Nederland,Solar,Hour,6744996,6744994,0,0,"2025-03-30 14:00:00","2025-03-30 15:00:00","2026-09-03 20:44:05"
Nederland,Solar,Hour,5778252,5778251,0,0,"2025-03-30 15:00:00","2025-03-30 16:00:00","2026-09-03 20:44:05"
Nederland,Solar,Hour,2840780,2840779,0,0,"2025-03-30 16:00:00","2025-03-30 17:00:00","2026-09-03 20:44:05"
Nederland,Solar,Hour,672971,672969,0,0,"2025-03-30 17:00:00","2025-03-30 18:00:00","2026-09-03 20:44:05"
Nederland,Solar,Hour,14335,14335,0,0,"2025-03-30 18:00:00","2025-03-30 19:00:00","2026-09-03 20:44:05"
Nederland,Solar,Hour,0,0,0,0,"2025-03-30 19:00:00","2025-03-30 20:00:00","2026-09-03 20:44:05"
Nederland,Solar,Hour,0,0,0,0,"2025-03-30 20:00:00","2025-03-30 21:00:00","2026-09-03 20:44:05"
Nederland,Solar,Hour,0,0,0,0,"2025-03-30 21:00:00","2025-03-30 22:00:00","2026-09-03 20:44:05"
Nederland,Solar,Hour,0,0,0,0,"2025-03-30 22:00:00","2025-03-30 23:00:00","2026-09-03 20:44:05"
Nederland,Solar,Hour,0,0,0,0,"2025-03-30 23:00:00","2025-03-31 00:00:00","2026-09-03 20:44:05"
Nederland,Solar,Hour,0,0,0,0,"2025-03-31 00:00:00","2025-03-31 01:00:00","2026-09-03 20:42:31"
Nederland,Solar,Hour,0,0,0,0,"2025-03-31 01:00:00","2025-03-31 02:00:00","2026-09-03 20:42:31"
Nederland,Solar,Hour,0,0,0,0,"2025-03-31 02:00:00","2025-03-31 03:00:00","2026-09-03 20:42:31"
Nederland,Solar,Hour,0,0,0,0,"2025-03-31 03:00:00","2025-03-31 04:00:00","2026-09-03 20:42:31"
Nederland,Solar,Hour,0,0,0,0,"2025-03-31 04:00:00","2025-03-31 05:00:00","2026-09-03 20:42:31"
Nederland,Solar,Hour,15317,15317,0,0,"2025-03-31 05:00:00","2025-03-31 06:00:00","2026-09-03 20:42:31"
Nederland,Solar,Hour,910681,910678,0,0,"2025-03-31 06:00:00","2025-03-31 07:00:00","2026-09-03 20:42:31"
Nederland,Solar,Hour,3146558,3146555,0,0,"2025-03-31 07:00:00","2025-03-31 08:00:00","2026-09-03 20:42:31"
Nederland,Solar,Hour,6505324,6505322,0,0,"2025-03-31 08:00:00","2025-03-31 09:00:00","2026-09-03 20:42:31"
Nederland,Solar,Hour,9758060,9758058,0,0,"2025-03-31 09:00:00","2025-03-31 10:00:00","2026-09-03 20:42:31"
Nederland,Solar,Hour,11862910,11862907,0,0,"2025-03-31 10:00:00","2025-03-31 11:00:00","2026-09-03 20:42:31"
Nederland,Solar,Hour,12362077,12362075,0,0,"2025-03-31 11:00:00","2025-03-31 12:00:00","2026-09-03 20:42:31"
Nederland,Solar,Hour,12640855,12640854,0,0,"2025-03-31 12:00:00","2025-03-31 13:00:00","2026-09-03 20:42:31"
Nederland,Solar,Hour,13784522,13784520,0,0,"2025-03-31 13:00:00","2025-03-31 14:00:00","2026-09-03 20:42:31"
Nederland,Solar,Hour,11897894,11897893,0,0,"2025-03-31 14:00:00","2025-03-31 15:00:00","2026-09-03 20:42:31"
Nederland,Solar,Hour,8700546,8700543,0,0,"2025-03-31 15:00:00","2025-03-31 16:00:00","2026-09-03 20:42:31"
Nederland,Solar,Hour,5137404,5137401,0,0,"2025-03-31 16:00:00","2025-03-31 17:00:00","2026-09-03 20:42:31"
Nederland,Solar,Hour,1726116,1726113,0,0,"2025-03-31 17:00:00","2025-03-31 18:00:00","2026-09-03 20:42:31"
Nederland,Solar,Hour,28148,28148,0,0,"2025-03-31 18:00:00","2025-03-31 19:00:00","2026-09-03 20:42:31"
Nederland,Solar,Hour,0,0,0,0,"2025-03-31 19:00:00","2025-03-31 20:00:00","2026-09-03 20:42:31"
Nederland,Solar,Hour,0,0,0,0,"2025-03-31 20:00:00","2025-03-31 21:00:00","2026-09-03 20:42:31"
Nederland,Solar,Hour,0,0,0,0,"2025-03-31 21:00:00","2025-03-31 22:00:00","2026-09-03 20:42:31"
Nederland,Solar,Hour,0,0,0,0,"2025-03-31 22:00:00","2025-03-31 23:00:00","2026-09-03 20:42:31"
Nederland,Solar,Hour,0,0,0,0,"2025-03-31 23:00:00","2025-04-01 00:00:00","2026-09-03 20:42:31"
Nederland,Solar,Hour,0,0,0,0,"2025-04-01 00:00:00","2025-04-01 01:00:00","2026-09-03 20:42:31"
Nederland,Solar,Hour,0,0,0,0,"2025-04-01 01:00:00","2025-04-01 02:00:00","2026-09-03 20:42:31"
Nederland,Solar,Hour,0,0,0,0,"2025-04-01 02:00:00","2025-04-01 03:00:00","2026-09-03 20:42:31"
Nederland,Solar,Hour,0,0,0,0,"2025-04-01 03:00:00","2025-04-01 04:00:00","2026-09-03 20:42:31"
Nederland,Solar,Hour,0,0,0,0,"2025-04-01 04:00:00","2025-04-01 05:00:00","2026-09-03 20:42:31"
Nederland,Solar,Hour,70901,70901,0,0,"2025-04-01 05:00:00","2025-04-01 06:00:00","2026-09-03 20:42:31"
Nederland,Solar,Hour,1851820,1851818,0,0,"2025-04-01 06:00:00","2025-04-01 07:00:00","2026-09-03 20:42:31"
Nederland,Solar,Hour,5058189,5058188,0,0,"2025-04-01 07:00:00","2025-04-01 08:00:00","2026-09-03 20:42:31"
Nederland,Solar,Hour,9134834,9134833,0,0,"2025-04-01 08:00:00","2025-04-01 09:00:00","2026-09-03 20:42:31"
Nederland,Solar,Hour,13606737,13606734,0,0,"2025-04-01 09:00:00","2025-04-01 10:00:00","2026-09-03 20:42:31"
Nederland,Solar,Hour,16164517,16164514,0,0,"2025-04-01 10:00:00","2025-04-01 11:00:00","2026-09-03 20:42:31"
Nederland,Solar,Hour,15667286,15667284,0,0,"2025-04-01 11:00:00","2025-04-01 12:00:00","2026-09-03 20:42:31"
Nederland,Solar,Hour,15699826,15699824,0,0,"2025-04-01 12:00:00","2025-04-01 13:00:00","2026-09-03 20:42:31"
Nederland,Solar,Hour,14370687,14370684,0,0,"2025-04-01 13:00:00","2025-04-01 14:00:00","2026-09-03 20:42:31"
Nederland,Solar,Hour,13154226,13154224,0,0,"2025-04-01 14:00:00","2025-04-01 15:00:00","2026-09-03 20:42:31"
Nederland,Solar,Hour,9484135,9484133,0,0,"2025-04-01 15:00:00","2025-04-01 16:00:00","2026-09-03 20:42:31"
Nederland,Solar,Hour,5455291,5455289,0,0,"2025-04-01 16:00:00","2025-04-01 17:00:00","2026-09-03 20:42:31"
Nederland,Solar,Hour,1915728,1915727,0,0,"2025-04-01 17:00:00","2025-04-01 18:00:00","2026-09-03 20:42:31"
Nederland,Solar,Hour,42254,42254,0,0,"2025-04-01 18:00:00","2025-04-01 19:00:00","2026-09-03 20:42:31"
Nederland,Solar,Hour,0,0,0,0,"2025-04-01 19:00:00","2025-04-01 20:00:00","2026-09-03 20:42:31"
Nederland,Solar,Hour,0,0,0,0,"2025-04-01 20:00:00","2025-04-01 21:00:00","2026-09-03 20:42:31"
Nederland,Solar,Hour,0,0,0,0,"2025-04-01 21:00:00","2025-04-01 22:00:00","2026-09-03 20:42:31"
Nederland,Solar,Hour,0,0,0,0,"2025-04-01 22:00:00","2025-04-01 23:00:00","2026-09-03 20:42:31"
Nederland,Solar,Hour,0,0,0,0,"2025-04-01 23:00:00","2025-04-02 00:00:00","2026-09-03 20:42:31"
Nederland,Solar,Hour,0,0,0,0,"2025-04-02 00:00:00","2025-04-02 01:00:00","2026-09-03 20:42:31"
Nederland,Solar,Hour,0,0,0,0,"2025-04-02 01:00:00","2025-04-02 02:00:00","2026-09-03 20:42:31"
Nederland,Solar,Hour,0,0,0,0,"2025-04-02 02:00:00","2025-04-02 03:00:00","2026-09-03 20:42:31"
Nederland,Solar,Hour,0,0,0,0,"2025-04-02 03:00:00","2025-04-02 04:00:00","2026-09-03 20:42:31"
Nederland,Solar,Hour,0,0,0,0,"2025-04-02 04:00:00","2025-04-02 05:00:00","2026-09-03 20:42:31"
Nederland,Solar,Hour,118092,118091,0,0,"2025-04-02 05:00:00","2025-04-02 06:00:00","2026-09-03 20:42:31"
Nederland,Solar,Hour,2395688,2395686,0,0,"2025-04-02 06:00:00","2025-04-02 07:00:00","2026-09-03 20:42:31"
Nederland,Solar,Hour,6355775,6355773,0,0,"2025-04-02 07:00:00","2025-04-02 08:00:00","2026-09-03 20:42:31"
Nederland,Solar,Hour,10523649,10523646,0,0,"2025-04-02 08:00:00","2025-04-02 09:00:00","2026-09-03 20:42:31"
Nederland,Solar,Hour,12398750,12398749,0,0,"2025-04-02 09:00:00","2025-04-02 10:00:00","2026-09-03 20:42:31"
Nederland,Solar,Hour,14640826,14640824,0,0,"2025-04-02 10:00:00","2025-04-02 11:00:00","2026-09-03 20:42:31"
Nederland,Solar,Hour,15444407,15444405,0,0,"2025-04-02 11:00:00","2025-04-02 12:00:00","2026-09-03 20:42:31"
Nederland,Solar,Hour,15014267,15014265,0,0,"2025-04-02 12:00:00","2025-04-02 13:00:00","2026-09-03 20:42:31"
Nederland,Solar,Hour,13591057,13591055,0,0,"2025-04-02 13:00:00","2025-04-02 14:00:00","2026-09-03 20:42:31"
Nederland,Solar,Hour,11396717,11396715,0,0,"2025-04-02 14:00:00","2025-04-02 15:00:00","2026-09-03 20:42:31"
Nederland,Solar,Hour,8048773,8048770,0,0,"2025-04-02 15:00:00","2025-04-02 16:00:00","2026-09-03 20:42:31"
Nederland,Solar,Hour,5210628,5210626,0,0,"2025-04-02 16:00:00","2025-04-02 17:00:00","2026-09-03 20:42:31"
Nederland,Solar,Hour,1840998,1840996,0,0,"2025-04-02 17:00:00","2025-04-02 18:00:00","2026-09-03 20:42:31"
Nederland,Solar,Hour,39686,39686,0,0,"2025-04-02 18:00:00","2025-04-02 19:00:00","2026-09-03 20:42:31"
Nederland,Solar,Hour,0,0,0,0,"2025-04-02 19:00:00","2025-04-02 20:00:00","2026-09-03 20:42:31"
Nederland,Solar,Hour,0,0,0,0,"2025-04-02 20:00:00","2025-04-02 21:00:00","2026-09-03 20:42:31"
Nederland,Solar,Hour,0,0,0,0,"2025-04-02 21:00:00","2025-04-02 22:00:00","2026-09-03 20:42:31"
Nederland,Solar,Hour,0,0,0,0,"2025-04-02 22:00:00","2025-04-02 23:00:00","2026-09-03 20:42:31"
Nederland,Solar,Hour,0,0,0,0,"2025-04-02 23:00:00","2025-04-03 00:00:00","2026-09-03 20:42:31"
Nederland,Solar,Hour,0,0,0,0,"2025-04-03 00:00:00","2025-04-03 01:00:00","2026-09-03 20:42:31"
Nederland,Solar,Hour,0,0,0,0,"2025-04-03 01:00:00","2025-04-03 02:00:00","2026-09-03 20:42:31"
Nederland,Solar,Hour,0,0,0,0,"2025-04-03 02:00:00","2025-04-03 03:00:00","2026-09-03 20:42:31"
Nederland,Solar,Hour,0,0,0,0,"2025-04-03 03:00:00","2025-04-03 04:00:00","2026-09-03 20:42:31"
Nederland,Solar,Hour,0,0,0,0,"2025-04-03 04:00:00","2025-04-03 05:00:00","2026-09-03 20:42:31"
Nederland,Solar,Hour,139999,139998,0,0,"2025-04-03 05:00:00","2025-04-03 06:00:00","2026-09-03 20:42:31"
Nederland,Solar,Hour,2393690,2393688,0,0,"2025-04-03 06:00:00","2025-04-03 07:00:00","2026-09-03 20:42:31"
Nederland,Solar,Hour,6330923,6330921,0,0,"2025-04-03 07:00:00","2025-04-03 08:00:00","2026-09-03 20:42:31"
Nederland,Solar,Hour,10572861,10572859,0,0,"2025-04-03 08:00:00","2025-04-03 09:00:00","2026-09-03 20:42:31"
Nederland,Solar,Hour,12538878,12538876,0,0,"2025-04-03 09:00:00","2025-04-03 10:00:00","2026-09-03 20:42:31"
Nederland,Solar,Hour,14548498,14548496,0,0,"2025-04-03 10:00:00","2025-04-03 11:00:00","2026-09-03 20:42:31"
Nederland,Solar,Hour,15497414,15497412,0,0,"2025-04-03 11:00:00","2025-04-03 12:00:00","2026-09-03 20:42:31"
Nederland,Solar,Hour,15170306,15170305,0,0,"2025-04-03 12:00:00","2025-04-03 13:00:00","2026-09-03 20:42:31"
Nederland,Solar,Hour,13969599,13969597,0,0,"2025-04-03 13:00:00","2025-04-03 14:00:00","2026-09-03 20:42:31"
Nederland,Solar,Hour,12981499,12981496,0,0,"2025-04-03 14:00:00","2025-04-03 15:00:00","2026-09-03 20:42:31"
Nederland,Solar,Hour,9463061,9463060,0,0,"2025-04-03 15:00:00","2025-04-03 16:00:00","2026-09-03 20:42:31"
Nederland,Solar,Hour,5407858,5407856,0,0,"2025-04-03 16:00:00","2025-04-03 17:00:00","2026-09-03 20:42:31"
Nederland,Solar,Hour,1796992,1796990,0,0,"2025-04-03 17:00:00","2025-04-03 18:00:00","2026-09-03 20:42:31"
Nederland,Solar,Hour,21099,21099,0,0,"2025-04-03 18:00:00","2025-04-03 19:00:00","2026-09-03 20:42:31"
Nederland,Solar,Hour,0,0,0,0,"2025-04-03 19:00:00","2025-04-03 20:00:00","2026-09-03 20:42:31"
Nederland,Solar,Hour,0,0,0,0,"2025-04-03 20:00:00","2025-04-03 21:00:00","2026-09-03 20:42:31"
Nederland,Solar,Hour,0,0,0,0,"2025-04-03 21:00:00","2025-04-03 22:00:00","2026-09-03 20:42:31"
Nederland,Solar,Hour,0,0,0,0,"2025-04-03 22:00:00","2025-04-03 23:00:00","2026-09-03 20:42:31"
Nederland,Solar,Hour,0,0,0,0,"2025-04-03 23:00:00","2025-04-04 00:00:00","2026-09-03 20:42:31"
Nederland,Solar,Hour,0,0,0,0,"2025-04-04 00:00:00","2025-04-04 01:00:00","2026-09-03 20:42:31"
Nederland,Solar,Hour,0,0,0,0,"2025-04-04 01:00:00","2025-04-04 02:00:00","2026-09-03 20:42:31"
Nederland,Solar,Hour,0,0,0,0,"2025-04-04 02:00:00","2025-04-04 03:00:00","2026-09-03 20:42:31"
Nederland,Solar,Hour,0,0,0,0,"2025-04-04 03:00:00","2025-04-04 04:00:00","2026-09-03 20:42:31"
Nederland,Solar,Hour,0,0,0,0,"2025-04-04 04:00:00","2025-04-04 05:00:00","2026-09-03 20:42:31"
Nederland,Solar,Hour,184936,184934,0,0,"2025-04-04 05:00:00","2025-04-04 06:00:00","2026-09-03 20:42:31"
Nederland,Solar,Hour,2657078,2657076,0,0,"2025-04-04 06:00:00","2025-04-04 07:00:00","2026-09-03 20:42:31"
Nederland,Solar,Hour,6551553,6551551,0,0,"2025-04-04 07:00:00","2025-04-04 08:00:00","2026-09-03 20:42:31"
Nederland,Solar,Hour,10577257,10577255,0,0,"2025-04-04 08:00:00","2025-04-04 09:00:00","2026-09-03 20:42:31"
Nederland,Solar,Hour,13852207,13852204,0,0,"2025-04-04 09:00:00","2025-04-04 10:00:00","2026-09-03 20:42:31"
Nederland,Solar,Hour,14426143,14426141,0,0,"2025-04-04 10:00:00","2025-04-04 11:00:00","2026-09-03 20:42:31"
Nederland,Solar,Hour,15372130,15372127,0,0,"2025-04-04 11:00:00","2025-04-04 12:00:00","2026-09-03 20:42:31"
Nederland,Solar,Hour,15147194,15147192,0,0,"2025-04-04 12:00:00","2025-04-04 13:00:00","2026-09-03 20:42:31"
Nederland,Solar,Hour,13873492,13873491,0,0,"2025-04-04 13:00:00","2025-04-04 14:00:00","2026-09-03 20:42:31"
Nederland,Solar,Hour,13004971,13004970,0,0,"2025-04-04 14:00:00","2025-04-04 15:00:00","2026-09-03 20:42:31"
Nederland,Solar,Hour,9585639,9585636,0,0,"2025-04-04 15:00:00","2025-04-04 16:00:00","2026-09-03 20:42:31"
Nederland,Solar,Hour,5556759,5556757,0,0,"2025-04-04 16:00:00","2025-04-04 17:00:00","2026-09-03 20:42:31"
Nederland,Solar,Hour,1967658,1967655,0,0,"2025-04-04 17:00:00","2025-04-04 18:00:00","2026-09-03 20:42:31"
Nederland,Solar,Hour,58345,58345,0,0,"2025-04-04 18:00:00","2025-04-04 19:00:00","2026-09-03 20:42:31"
Nederland,Solar,Hour,0,0,0,0,"2025-04-04 19:00:00","2025-04-04 20:00:00","2026-09-03 20:42:31"
Nederland,Solar,Hour,0,0,0,0,"2025-04-04 20:00:00","2025-04-04 21:00:00","2026-09-03 20:42:31"
Nederland,Solar,Hour,0,0,0,0,"2025-04-04 21:00:00","2025-04-04 22:00:00","2026-09-03 20:42:31"
Nederland,Solar,Hour,0,0,0,0,"2025-04-04 22:00:00","2025-04-04 23:00:00","2026-09-03 20:42:31"
Nederland,Solar,Hour,0,0,0,0,"2025-04-04 23:00:00","2025-04-05 00:00:00","2026-09-03 20:42:31"
Nederland,Solar,Hour,0,0,0,0,"2025-04-05 00:00:00","2025-04-05 01:00:00","2026-09-03 20:40:56"
Nederland,Solar,Hour,0,0,0,0,"2025-04-05 01:00:00","2025-04-05 02:00:00","2026-09-03 20:40:56"
Nederland,Solar,Hour,0,0,0,0,"2025-04-05 02:00:00","2025-04-05 03:00:00","2026-09-03 20:40:56"
Nederland,Solar,Hour,0,0,0,0,"2025-04-05 03:00:00","2025-04-05 04:00:00","2026-09-03 20:40:56"
Nederland,Solar,Hour,0,0,0,0,"2025-04-05 04:00:00","2025-04-05 05:00:00","2026-09-03 20:40:56"
Nederland,Solar,Hour,219076,219074,0,0,"2025-04-05 05:00:00","2025-04-05 06:00:00","2026-09-03 20:40:56"
Nederland,Solar,Hour,2916027,2916024,0,0,"2025-04-05 06:00:00","2025-04-05 07:00:00","2026-09-03 20:40:56"
Nederland,Solar,Hour,7038107,7038105,0,0,"2025-04-05 07:00:00","2025-04-05 08:00:00","2026-09-03 20:40:56"
Nederland,Solar,Hour,11291801,11291799,0,0,"2025-04-05 08:00:00","2025-04-05 09:00:00","2026-09-03 20:40:56"
Nederland,Solar,Hour,13223150,13223148,0,0,"2025-04-05 09:00:00","2025-04-05 10:00:00","2026-09-03 20:40:56"
Nederland,Solar,Hour,15213402,15213400,0,0,"2025-04-05 10:00:00","2025-04-05 11:00:00","2026-09-03 20:40:56"
Nederland,Solar,Hour,16148984,16148982,0,0,"2025-04-05 11:00:00","2025-04-05 12:00:00","2026-09-03 20:40:56"
Nederland,Solar,Hour,15898017,15898016,0,0,"2025-04-05 12:00:00","2025-04-05 13:00:00","2026-09-03 20:40:56"
Nederland,Solar,Hour,14540072,14540070,0,0,"2025-04-05 13:00:00","2025-04-05 14:00:00","2026-09-03 20:40:56"
Nederland,Solar,Hour,12220104,12220101,0,0,"2025-04-05 14:00:00","2025-04-05 15:00:00","2026-09-03 20:40:56"
Nederland,Solar,Hour,10120577,10120574,0,0,"2025-04-05 15:00:00","2025-04-05 16:00:00","2026-09-03 20:40:56"
Nederland,Solar,Hour,5959933,5959931,0,0,"2025-04-05 16:00:00","2025-04-05 17:00:00","2026-09-03 20:40:56"
Nederland,Solar,Hour,2193387,2193385,0,0,"2025-04-05 17:00:00","2025-04-05 18:00:00","2026-09-03 20:40:56"
Nederland,Solar,Hour,96492,96492,0,0,"2025-04-05 18:00:00","2025-04-05 19:00:00","2026-09-03 20:40:56"
Nederland,Solar,Hour,0,0,0,0,"2025-04-05 19:00:00","2025-04-05 20:00:00","2026-09-03 20:40:56"
Nederland,Solar,Hour,0,0,0,0,"2025-04-05 20:00:00","2025-04-05 21:00:00","2026-09-03 20:40:56"
Nederland,Solar,Hour,0,0,0,0,"2025-04-05 21:00:00","2025-04-05 22:00:00","2026-09-03 20:40:56"
Nederland,Solar,Hour,0,0,0,0,"2025-04-05 22:00:00","2025-04-05 23:00:00","2026-09-03 20:40:56"
Nederland,Solar,Hour,0,0,0,0,"2025-04-05 23:00:00","2025-04-06 00:00:00","2026-09-03 20:40:56"
Nederland,Solar,Hour,0,0,0,0,"2025-04-06 00:00:00","2025-04-06 01:00:00","2026-09-03 20:40:56"
Nederland,Solar,Hour,0,0,0,0,"2025-04-06 01:00:00","2025-04-06 02:00:00","2026-09-03 20:40:56"
Nederland,Solar,Hour,0,0,0,0,"2025-04-06 02:00:00","2025-04-06 03:00:00","2026-09-03 20:40:56"
Nederland,Solar,Hour,0,0,0,0,"2025-04-06 03:00:00","2025-04-06 04:00:00","2026-09-03 20:40:56"
Nederland,Solar,Hour,0,0,0,0,"2025-04-06 04:00:00","2025-04-06 05:00:00","2026-09-03 20:40:56"
Nederland,Solar,Hour,277300,277298,0,0,"2025-04-06 05:00:00","2025-04-06 06:00:00","2026-09-03 20:40:56"
Nederland,Solar,Hour,3163552,3163550,0,0,"2025-04-06 06:00:00","2025-04-06 07:00:00","2026-09-03 20:40:56"
Nederland,Solar,Hour,7446858,7446856,0,0,"2025-04-06 07:00:00","2025-04-06 08:00:00","2026-09-03 20:40:56"
Nederland,Solar,Hour,10634536,10634535,0,0,"2025-04-06 08:00:00","2025-04-06 09:00:00","2026-09-03 20:40:56"
Nederland,Solar,Hour,13739731,13739729,0,0,"2025-04-06 09:00:00","2025-04-06 10:00:00","2026-09-03 20:40:56"
Nederland,Solar,Hour,15753543,15753541,0,0,"2025-04-06 10:00:00","2025-04-06 11:00:00","2026-09-03 20:40:56"
Nederland,Solar,Hour,16647631,16647630,0,0,"2025-04-06 11:00:00","2025-04-06 12:00:00","2026-09-03 20:40:56"
Nederland,Solar,Hour,16480843,16480839,0,0,"2025-04-06 12:00:00","2025-04-06 13:00:00","2026-09-03 20:40:56"
Nederland,Solar,Hour,15093490,15093487,0,0,"2025-04-06 13:00:00","2025-04-06 14:00:00","2026-09-03 20:40:56"
Nederland,Solar,Hour,12756319,12756317,0,0,"2025-04-06 14:00:00","2025-04-06 15:00:00","2026-09-03 20:40:56"
Nederland,Solar,Hour,10479270,10479268,0,0,"2025-04-06 15:00:00","2025-04-06 16:00:00","2026-09-03 20:40:56"
Nederland,Solar,Hour,6159577,6159575,0,0,"2025-04-06 16:00:00","2025-04-06 17:00:00","2026-09-03 20:40:56"
Nederland,Solar,Hour,2273197,2273195,0,0,"2025-04-06 17:00:00","2025-04-06 18:00:00","2026-09-03 20:40:56"
Nederland,Solar,Hour,92325,92324,0,0,"2025-04-06 18:00:00","2025-04-06 19:00:00","2026-09-03 20:40:56"
Nederland,Solar,Hour,0,0,0,0,"2025-04-06 19:00:00","2025-04-06 20:00:00","2026-09-03 20:40:56"
Nederland,Solar,Hour,0,0,0,0,"2025-04-06 20:00:00","2025-04-06 21:00:00","2026-09-03 20:40:56"
Nederland,Solar,Hour,0,0,0,0,"2025-04-06 21:00:00","2025-04-06 22:00:00","2026-09-03 20:40:56"
Nederland,Solar,Hour,0,0,0,0,"2025-04-06 22:00:00","2025-04-06 23:00:00","2026-09-03 20:40:56"
Nederland,Solar,Hour,0,0,0,0,"2025-04-06 23:00:00","2025-04-07 00:00:00","2026-09-03 20:40:56"
Nederland,Solar,Hour,0,0,0,0,"2025-04-07 00:00:00","2025-04-07 01:00:00","2026-09-03 20:40:56"
Nederland,Solar,Hour,0,0,0,0,"2025-04-07 01:00:00","2025-04-07 02:00:00","2026-09-03 20:40:56"
Nederland,Solar,Hour,0,0,0,0,"2025-04-07 02:00:00","2025-04-07 03:00:00","2026-09-03 20:40:56"
Nederland,Solar,Hour,0,0,0,0,"2025-04-07 03:00:00","2025-04-07 04:00:00","2026-09-03 20:40:56"
Nederland,Solar,Hour,0,0,0,0,"2025-04-07 04:00:00","2025-04-07 05:00:00","2026-09-03 20:40:56"
Nederland,Solar,Hour,361357,361354,0,0,"2025-04-07 05:00:00","2025-04-07 06:00:00","2026-09-03 20:40:56"
Nederland,Solar,Hour,3378353,3378351,0,0,"2025-04-07 06:00:00","2025-04-07 07:00:00","2026-09-03 20:40:56"
Nederland,Solar,Hour,7300150,7300148,0,0,"2025-04-07 07:00:00","2025-04-07 08:00:00","2026-09-03 20:40:56"
Nederland,Solar,Hour,11483315,11483312,0,0,"2025-04-07 08:00:00","2025-04-07 09:00:00","2026-09-03 20:40:56"
Nederland,Solar,Hour,14679339,14679337,0,0,"2025-04-07 09:00:00","2025-04-07 10:00:00","2026-09-03 20:40:56"
Nederland,Solar,Hour,16995353,16995351,0,0,"2025-04-07 10:00:00","2025-04-07 11:00:00","2026-09-03 20:40:56"
Nederland,Solar,Hour,17903095,17903094,0,0,"2025-04-07 11:00:00","2025-04-07 12:00:00","2026-09-03 20:40:56"
Nederland,Solar,Hour,17709126,17709124,0,0,"2025-04-07 12:00:00","2025-04-07 13:00:00","2026-09-03 20:40:56"
Nederland,Solar,Hour,16214612,16214610,0,0,"2025-04-07 13:00:00","2025-04-07 14:00:00","2026-09-03 20:40:56"
Nederland,Solar,Hour,13751618,13751615,0,0,"2025-04-07 14:00:00","2025-04-07 15:00:00","2026-09-03 20:40:56"
Nederland,Solar,Hour,10263865,10263863,0,0,"2025-04-07 15:00:00","2025-04-07 16:00:00","2026-09-03 20:40:56"
Nederland,Solar,Hour,6066063,6066060,0,0,"2025-04-07 16:00:00","2025-04-07 17:00:00","2026-09-03 20:40:56"
Nederland,Solar,Hour,2286407,2286404,0,0,"2025-04-07 17:00:00","2025-04-07 18:00:00","2026-09-03 20:40:56"
Nederland,Solar,Hour,130200,130198,0,0,"2025-04-07 18:00:00","2025-04-07 19:00:00","2026-09-03 20:40:56"
Nederland,Solar,Hour,0,0,0,0,"2025-04-07 19:00:00","2025-04-07 20:00:00","2026-09-03 20:40:56"
Nederland,Solar,Hour,0,0,0,0,"2025-04-07 20:00:00","2025-04-07 21:00:00","2026-09-03 20:40:56"
Nederland,Solar,Hour,0,0,0,0,"2025-04-07 21:00:00","2025-04-07 22:00:00","2026-09-03 20:40:56"
Nederland,Solar,Hour,0,0,0,0,"2025-04-07 22:00:00","2025-04-07 23:00:00","2026-09-03 20:40:56"
Nederland,Solar,Hour,0,0,0,0,"2025-04-07 23:00:00","2025-04-08 00:00:00","2026-09-03 20:40:56"
Nederland,Solar,Hour,0,0,0,0,"2025-04-08 00:00:00","2025-04-08 01:00:00","2026-09-03 20:40:56"
Nederland,Solar,Hour,0,0,0,0,"2025-04-08 01:00:00","2025-04-08 02:00:00","2026-09-03 20:40:56"
Nederland,Solar,Hour,0,0,0,0,"2025-04-08 02:00:00","2025-04-08 03:00:00","2026-09-03 20:40:56"
Nederland,Solar,Hour,0,0,0,0,"2025-04-08 03:00:00","2025-04-08 04:00:00","2026-09-03 20:40:56"
Nederland,Solar,Hour,0,0,0,0,"2025-04-08 04:00:00","2025-04-08 05:00:00","2026-09-03 20:40:56"
Nederland,Solar,Hour,371654,371652,0,0,"2025-04-08 05:00:00","2025-04-08 06:00:00","2026-09-03 20:40:56"
Nederland,Solar,Hour,3316757,3316755,0,0,"2025-04-08 06:00:00","2025-04-08 07:00:00","2026-09-03 20:40:56"
Nederland,Solar,Hour,7273444,7273442,0,0,"2025-04-08 07:00:00","2025-04-08 08:00:00","2026-09-03 20:40:56"
Nederland,Solar,Hour,11196274,11196273,0,0,"2025-04-08 08:00:00","2025-04-08 09:00:00","2026-09-03 20:40:56"
Nederland,Solar,Hour,14409445,14409442,0,0,"2025-04-08 09:00:00","2025-04-08 10:00:00","2026-09-03 20:40:56"
Nederland,Solar,Hour,16622976,16622975,0,0,"2025-04-08 10:00:00","2025-04-08 11:00:00","2026-09-03 20:40:56"
Nederland,Solar,Hour,17323926,17323924,0,0,"2025-04-08 11:00:00","2025-04-08 12:00:00","2026-09-03 20:40:56"
Nederland,Solar,Hour,17185024,17185022,0,0,"2025-04-08 12:00:00","2025-04-08 13:00:00","2026-09-03 20:40:56"
Nederland,Solar,Hour,15526689,15526685,0,0,"2025-04-08 13:00:00","2025-04-08 14:00:00","2026-09-03 20:40:56"
Nederland,Solar,Hour,13380188,13380186,0,0,"2025-04-08 14:00:00","2025-04-08 15:00:00","2026-09-03 20:40:56"
Nederland,Solar,Hour,9862203,9862201,0,0,"2025-04-08 15:00:00","2025-04-08 16:00:00","2026-09-03 20:40:56"
Nederland,Solar,Hour,5677577,5677575,0,0,"2025-04-08 16:00:00","2025-04-08 17:00:00","2026-09-03 20:40:56"
Nederland,Solar,Hour,2149713,2149711,0,0,"2025-04-08 17:00:00","2025-04-08 18:00:00","2026-09-03 20:40:56"
Nederland,Solar,Hour,154045,154044,0,0,"2025-04-08 18:00:00","2025-04-08 19:00:00","2026-09-03 20:40:56"
Nederland,Solar,Hour,0,0,0,0,"2025-04-08 19:00:00","2025-04-08 20:00:00","2026-09-03 20:40:56"
Nederland,Solar,Hour,0,0,0,0,"2025-04-08 20:00:00","2025-04-08 21:00:00","2026-09-03 20:40:56"
Nederland,Solar,Hour,0,0,0,0,"2025-04-08 21:00:00","2025-04-08 22:00:00","2026-09-03 20:40:56"
Nederland,Solar,Hour,0,0,0,0,"2025-04-08 22:00:00","2025-04-08 23:00:00","2026-09-03 20:40:56"
Nederland,Solar,Hour,0,0,0,0,"2025-04-08 23:00:00","2025-04-09 00:00:00","2026-09-03 20:40:56"
Nederland,Solar,Hour,0,0,0,0,"2025-04-09 00:00:00","2025-04-09 01:00:00","2026-09-03 20:40:56"
Nederland,Solar,Hour,0,0,0,0,"2025-04-09 01:00:00","2025-04-09 02:00:00","2026-09-03 20:40:56"
Nederland,Solar,Hour,0,0,0,0,"2025-04-09 02:00:00","2025-04-09 03:00:00","2026-09-03 20:40:56"
Nederland,Solar,Hour,0,0,0,0,"2025-04-09 03:00:00","2025-04-09 04:00:00","2026-09-03 20:40:56"
Nederland,Solar,Hour,0,0,0,0,"2025-04-09 04:00:00","2025-04-09 05:00:00","2026-09-03 20:40:56"
Nederland,Solar,Hour,210218,210217,0,0,"2025-04-09 05:00:00","2025-04-09 06:00:00","2026-09-03 20:40:56"
Nederland,Solar,Hour,1676274,1676271,0,0,"2025-04-09 06:00:00","2025-04-09 07:00:00","2026-09-03 20:40:56"
Nederland,Solar,Hour,4077524,4077522,0,0,"2025-04-09 07:00:00","2025-04-09 08:00:00","2026-09-03 20:40:56"
Nederland,Solar,Hour,6982943,6982942,0,0,"2025-04-09 08:00:00","2025-04-09 09:00:00","2026-09-03 20:40:56"
Nederland,Solar,Hour,10885963,10885961,0,0,"2025-04-09 09:00:00","2025-04-09 10:00:00","2026-09-03 20:40:56"
Nederland,Solar,Hour,13923406,13923404,0,0,"2025-04-09 10:00:00","2025-04-09 11:00:00","2026-09-03 20:40:56"
Nederland,Solar,Hour,13752770,13752768,0,0,"2025-04-09 11:00:00","2025-04-09 12:00:00","2026-09-03 20:40:56"
Nederland,Solar,Hour,13791305,13791304,0,0,"2025-04-09 12:00:00","2025-04-09 13:00:00","2026-09-03 20:40:56"
Nederland,Solar,Hour,14275882,14275880,0,0,"2025-04-09 13:00:00","2025-04-09 14:00:00","2026-09-03 20:40:56"
Nederland,Solar,Hour,12350853,12350851,0,0,"2025-04-09 14:00:00","2025-04-09 15:00:00","2026-09-03 20:40:56"
Nederland,Solar,Hour,8957519,8957517,0,0,"2025-04-09 15:00:00","2025-04-09 16:00:00","2026-09-03 20:40:56"
Nederland,Solar,Hour,4792095,4792093,0,0,"2025-04-09 16:00:00","2025-04-09 17:00:00","2026-09-03 20:40:56"
Nederland,Solar,Hour,1575347,1575345,0,0,"2025-04-09 17:00:00","2025-04-09 18:00:00","2026-09-03 20:40:56"
Nederland,Solar,Hour,121523,121521,0,0,"2025-04-09 18:00:00","2025-04-09 19:00:00","2026-09-03 20:40:56"
Nederland,Solar,Hour,0,0,0,0,"2025-04-09 19:00:00","2025-04-09 20:00:00","2026-09-03 20:40:56"
Nederland,Solar,Hour,0,0,0,0,"2025-04-09 20:00:00","2025-04-09 21:00:00","2026-09-03 20:40:56"
Nederland,Solar,Hour,0,0,0,0,"2025-04-09 21:00:00","2025-04-09 22:00:00","2026-09-03 20:40:56"
Nederland,Solar,Hour,0,0,0,0,"2025-04-09 22:00:00","2025-04-09 23:00:00","2026-09-03 20:40:56"
Nederland,Solar,Hour,0,0,0,0,"2025-04-09 23:00:00","2025-04-10 00:00:00","2026-09-03 20:40:56"
Nederland,Solar,Hour,0,0,0,0,"2025-04-10 00:00:00","2025-04-10 01:00:00","2026-09-03 20:39:25"
Nederland,Solar,Hour,0,0,0,0,"2025-04-10 01:00:00","2025-04-10 02:00:00","2026-09-03 20:39:25"
Nederland,Solar,Hour,0,0,0,0,"2025-04-10 02:00:00","2025-04-10 03:00:00","2026-09-03 20:39:25"
Nederland,Solar,Hour,0,0,0,0,"2025-04-10 03:00:00","2025-04-10 04:00:00","2026-09-03 20:39:25"
Nederland,Solar,Hour,0,0,0,0,"2025-04-10 04:00:00","2025-04-10 05:00:00","2026-09-03 20:39:25"
Nederland,Solar,Hour,76273,76272,0,0,"2025-04-10 05:00:00","2025-04-10 06:00:00","2026-09-03 20:39:25"
Nederland,Solar,Hour,835015,835012,0,0,"2025-04-10 06:00:00","2025-04-10 07:00:00","2026-09-03 20:39:25"
Nederland,Solar,Hour,2087951,2087949,0,0,"2025-04-10 07:00:00","2025-04-10 08:00:00","2026-09-03 20:39:25"
Nederland,Solar,Hour,3462890,3462889,0,0,"2025-04-10 08:00:00","2025-04-10 09:00:00","2026-09-03 20:39:25"
Nederland,Solar,Hour,5770512,5770509,0,0,"2025-04-10 09:00:00","2025-04-10 10:00:00","2026-09-03 20:39:25"
Nederland,Solar,Hour,8714603,8714600,0,0,"2025-04-10 10:00:00","2025-04-10 11:00:00","2026-09-03 20:39:25"
Nederland,Solar,Hour,11424772,11424770,0,0,"2025-04-10 11:00:00","2025-04-10 12:00:00","2026-09-03 20:39:25"
Nederland,Solar,Hour,13333389,13333386,0,0,"2025-04-10 12:00:00","2025-04-10 13:00:00","2026-09-03 20:39:25"
Nederland,Solar,Hour,13650932,13650929,0,0,"2025-04-10 13:00:00","2025-04-10 14:00:00","2026-09-03 20:39:25"
Nederland,Solar,Hour,13423634,13423633,0,0,"2025-04-10 14:00:00","2025-04-10 15:00:00","2026-09-03 20:39:25"
Nederland,Solar,Hour,10189400,10189398,0,0,"2025-04-10 15:00:00","2025-04-10 16:00:00","2026-09-03 20:39:25"
Nederland,Solar,Hour,6079999,6079997,0,0,"2025-04-10 16:00:00","2025-04-10 17:00:00","2026-09-03 20:39:25"
Nederland,Solar,Hour,2307521,2307518,0,0,"2025-04-10 17:00:00","2025-04-10 18:00:00","2026-09-03 20:39:25"
Nederland,Solar,Hour,171692,171691,0,0,"2025-04-10 18:00:00","2025-04-10 19:00:00","2026-09-03 20:39:25"
Nederland,Solar,Hour,0,0,0,0,"2025-04-10 19:00:00","2025-04-10 20:00:00","2026-09-03 20:39:25"
Nederland,Solar,Hour,0,0,0,0,"2025-04-10 20:00:00","2025-04-10 21:00:00","2026-09-03 20:39:25"
Nederland,Solar,Hour,0,0,0,0,"2025-04-10 21:00:00","2025-04-10 22:00:00","2026-09-03 20:39:25"
Nederland,Solar,Hour,0,0,0,0,"2025-04-10 22:00:00","2025-04-10 23:00:00","2026-09-03 20:39:25"
Nederland,Solar,Hour,0,0,0,0,"2025-04-10 23:00:00","2025-04-11 00:00:00","2026-09-03 20:39:25"
Nederland,Solar,Hour,0,0,0,0,"2025-04-11 00:00:00","2025-04-11 01:00:00","2026-09-03 20:39:25"
Nederland,Solar,Hour,0,0,0,0,"2025-04-11 01:00:00","2025-04-11 02:00:00","2026-09-03 20:39:25"
Nederland,Solar,Hour,0,0,0,0,"2025-04-11 02:00:00","2025-04-11 03:00:00","2026-09-03 20:39:25"
Nederland,Solar,Hour,0,0,0,0,"2025-04-11 03:00:00","2025-04-11 04:00:00","2026-09-03 20:39:25"
Nederland,Solar,Hour,0,0,0,0,"2025-04-11 04:00:00","2025-04-11 05:00:00","2026-09-03 20:39:25"
Nederland,Solar,Hour,282429,282428,0,0,"2025-04-11 05:00:00","2025-04-11 06:00:00","2026-09-03 20:39:25"
Nederland,Solar,Hour,2196095,2196093,0,0,"2025-04-11 06:00:00","2025-04-11 07:00:00","2026-09-03 20:39:25"
Nederland,Solar,Hour,5644087,5644085,0,0,"2025-04-11 07:00:00","2025-04-11 08:00:00","2026-09-03 20:39:25"
Nederland,Solar,Hour,10257606,10257604,0,0,"2025-04-11 08:00:00","2025-04-11 09:00:00","2026-09-03 20:39:25"
Nederland,Solar,Hour,12794112,12794110,0,0,"2025-04-11 09:00:00","2025-04-11 10:00:00","2026-09-03 20:39:25"
Nederland,Solar,Hour,14871965,14871963,0,0,"2025-04-11 10:00:00","2025-04-11 11:00:00","2026-09-03 20:39:25"
Nederland,Solar,Hour,15596141,15596138,0,0,"2025-04-11 11:00:00","2025-04-11 12:00:00","2026-09-03 20:39:25"
Nederland,Solar,Hour,15401866,15401863,0,0,"2025-04-11 12:00:00","2025-04-11 13:00:00","2026-09-03 20:39:25"
Nederland,Solar,Hour,14105014,14105012,0,0,"2025-04-11 13:00:00","2025-04-11 14:00:00","2026-09-03 20:39:25"
Nederland,Solar,Hour,11785082,11785080,0,0,"2025-04-11 14:00:00","2025-04-11 15:00:00","2026-09-03 20:39:25"
Nederland,Solar,Hour,9504730,9504728,0,0,"2025-04-11 15:00:00","2025-04-11 16:00:00","2026-09-03 20:39:25"
Nederland,Solar,Hour,5616705,5616703,0,0,"2025-04-11 16:00:00","2025-04-11 17:00:00","2026-09-03 20:39:25"
Nederland,Solar,Hour,2191649,2191646,0,0,"2025-04-11 17:00:00","2025-04-11 18:00:00","2026-09-03 20:39:25"
Nederland,Solar,Hour,188615,188614,0,0,"2025-04-11 18:00:00","2025-04-11 19:00:00","2026-09-03 20:39:25"
Nederland,Solar,Hour,0,0,0,0,"2025-04-11 19:00:00","2025-04-11 20:00:00","2026-09-03 20:39:25"
Nederland,Solar,Hour,0,0,0,0,"2025-04-11 20:00:00","2025-04-11 21:00:00","2026-09-03 20:39:25"
Nederland,Solar,Hour,0,0,0,0,"2025-04-11 21:00:00","2025-04-11 22:00:00","2026-09-03 20:39:25"
Nederland,Solar,Hour,0,0,0,0,"2025-04-11 22:00:00","2025-04-11 23:00:00","2026-09-03 20:39:25"
Nederland,Solar,Hour,0,0,0,0,"2025-04-11 23:00:00","2025-04-12 00:00:00","2026-09-03 20:39:25"
Nederland,Solar,Hour,0,0,0,0,"2025-04-12 00:00:00","2025-04-12 01:00:00","2026-09-03 20:39:25"
Nederland,Solar,Hour,0,0,0,0,"2025-04-12 01:00:00","2025-04-12 02:00:00","2026-09-03 20:39:25"
Nederland,Solar,Hour,0,0,0,0,"2025-04-12 02:00:00","2025-04-12 03:00:00","2026-09-03 20:39:25"
Nederland,Solar,Hour,0,0,0,0,"2025-04-12 03:00:00","2025-04-12 04:00:00","2026-09-03 20:39:25"
Nederland,Solar,Hour,0,0,0,0,"2025-04-12 04:00:00","2025-04-12 05:00:00","2026-09-03 20:39:25"
Nederland,Solar,Hour,512684,512682,0,0,"2025-04-12 05:00:00","2025-04-12 06:00:00","2026-09-03 20:39:25"
Nederland,Solar,Hour,3427759,3427758,0,0,"2025-04-12 06:00:00","2025-04-12 07:00:00","2026-09-03 20:39:25"
Nederland,Solar,Hour,7389841,7389839,0,0,"2025-04-12 07:00:00","2025-04-12 08:00:00","2026-09-03 20:39:25"
Nederland,Solar,Hour,11301664,11301662,0,0,"2025-04-12 08:00:00","2025-04-12 09:00:00","2026-09-03 20:39:25"
Nederland,Solar,Hour,13000162,13000159,0,0,"2025-04-12 09:00:00","2025-04-12 10:00:00","2026-09-03 20:39:25"
Nederland,Solar,Hour,14832075,14832072,0,0,"2025-04-12 10:00:00","2025-04-12 11:00:00","2026-09-03 20:39:25"
Nederland,Solar,Hour,15611134,15611132,0,0,"2025-04-12 11:00:00","2025-04-12 12:00:00","2026-09-03 20:39:25"
Nederland,Solar,Hour,15553978,15553976,0,0,"2025-04-12 12:00:00","2025-04-12 13:00:00","2026-09-03 20:39:25"
Nederland,Solar,Hour,14333852,14333849,0,0,"2025-04-12 13:00:00","2025-04-12 14:00:00","2026-09-03 20:39:25"
Nederland,Solar,Hour,12043655,12043653,0,0,"2025-04-12 14:00:00","2025-04-12 15:00:00","2026-09-03 20:39:25"
Nederland,Solar,Hour,9914759,9914758,0,0,"2025-04-12 15:00:00","2025-04-12 16:00:00","2026-09-03 20:39:25"
Nederland,Solar,Hour,5946026,5946023,0,0,"2025-04-12 16:00:00","2025-04-12 17:00:00","2026-09-03 20:39:25"
Nederland,Solar,Hour,2309046,2309044,0,0,"2025-04-12 17:00:00","2025-04-12 18:00:00","2026-09-03 20:39:25"
Nederland,Solar,Hour,196691,196690,0,0,"2025-04-12 18:00:00","2025-04-12 19:00:00","2026-09-03 20:39:25"
Nederland,Solar,Hour,0,0,0,0,"2025-04-12 19:00:00","2025-04-12 20:00:00","2026-09-03 20:39:25"
Nederland,Solar,Hour,0,0,0,0,"2025-04-12 20:00:00","2025-04-12 21:00:00","2026-09-03 20:39:25"
Nederland,Solar,Hour,0,0,0,0,"2025-04-12 21:00:00","2025-04-12 22:00:00","2026-09-03 20:39:25"
Nederland,Solar,Hour,0,0,0,0,"2025-04-12 22:00:00","2025-04-12 23:00:00","2026-09-03 20:39:25"
Nederland,Solar,Hour,0,0,0,0,"2025-04-12 23:00:00","2025-04-13 00:00:00","2026-09-03 20:39:25"
Nederland,Solar,Hour,0,0,0,0,"2025-04-13 00:00:00","2025-04-13 01:00:00","2026-09-03 20:39:25"
Nederland,Solar,Hour,0,0,0,0,"2025-04-13 01:00:00","2025-04-13 02:00:00","2026-09-03 20:39:25"
Nederland,Solar,Hour,0,0,0,0,"2025-04-13 02:00:00","2025-04-13 03:00:00","2026-09-03 20:39:25"
Nederland,Solar,Hour,0,0,0,0,"2025-04-13 03:00:00","2025-04-13 04:00:00","2026-09-03 20:39:25"
Nederland,Solar,Hour,0,0,0,0,"2025-04-13 04:00:00","2025-04-13 05:00:00","2026-09-03 20:39:25"
Nederland,Solar,Hour,98172,98170,0,0,"2025-04-13 05:00:00","2025-04-13 06:00:00","2026-09-03 20:39:25"
Nederland,Solar,Hour,1063712,1063711,0,0,"2025-04-13 06:00:00","2025-04-13 07:00:00","2026-09-03 20:39:25"
Nederland,Solar,Hour,2913610,2913608,0,0,"2025-04-13 07:00:00","2025-04-13 08:00:00","2026-09-03 20:39:25"
Nederland,Solar,Hour,4304287,4304285,0,0,"2025-04-13 08:00:00","2025-04-13 09:00:00","2026-09-03 20:39:25"
Nederland,Solar,Hour,7028137,7028136,0,0,"2025-04-13 09:00:00","2025-04-13 10:00:00","2026-09-03 20:39:25"
Nederland,Solar,Hour,8167140,8167139,0,0,"2025-04-13 10:00:00","2025-04-13 11:00:00","2026-09-03 20:39:25"
Nederland,Solar,Hour,9714825,9714822,0,0,"2025-04-13 11:00:00","2025-04-13 12:00:00","2026-09-03 20:39:25"
Nederland,Solar,Hour,10979348,10979346,0,0,"2025-04-13 12:00:00","2025-04-13 13:00:00","2026-09-03 20:39:25"
Nederland,Solar,Hour,10744751,10744748,0,0,"2025-04-13 13:00:00","2025-04-13 14:00:00","2026-09-03 20:39:25"
Nederland,Solar,Hour,8918041,8918040,0,0,"2025-04-13 14:00:00","2025-04-13 15:00:00","2026-09-03 20:39:25"
Nederland,Solar,Hour,7661392,7661390,0,0,"2025-04-13 15:00:00","2025-04-13 16:00:00","2026-09-03 20:39:25"
Nederland,Solar,Hour,4473686,4473684,0,0,"2025-04-13 16:00:00","2025-04-13 17:00:00","2026-09-03 20:39:25"
Nederland,Solar,Hour,1393515,1393514,0,0,"2025-04-13 17:00:00","2025-04-13 18:00:00","2026-09-03 20:39:25"
Nederland,Solar,Hour,153360,153359,0,0,"2025-04-13 18:00:00","2025-04-13 19:00:00","2026-09-03 20:39:25"
Nederland,Solar,Hour,0,0,0,0,"2025-04-13 19:00:00","2025-04-13 20:00:00","2026-09-03 20:39:25"
Nederland,Solar,Hour,0,0,0,0,"2025-04-13 20:00:00","2025-04-13 21:00:00","2026-09-03 20:39:25"
Nederland,Solar,Hour,0,0,0,0,"2025-04-13 21:00:00","2025-04-13 22:00:00","2026-09-03 20:39:25"
Nederland,Solar,Hour,0,0,0,0,"2025-04-13 22:00:00","2025-04-13 23:00:00","2026-09-03 20:39:25"
Nederland,Solar,Hour,0,0,0,0,"2025-04-13 23:00:00","2025-04-14 00:00:00","2026-09-03 20:39:25"
Nederland,Solar,Hour,0,0,0,0,"2025-04-14 00:00:00","2025-04-14 01:00:00","2026-09-03 20:39:25"
Nederland,Solar,Hour,0,0,0,0,"2025-04-14 01:00:00","2025-04-14 02:00:00","2026-09-03 20:39:25"
Nederland,Solar,Hour,0,0,0,0,"2025-04-14 02:00:00","2025-04-14 03:00:00","2026-09-03 20:39:25"
Nederland,Solar,Hour,0,0,0,0,"2025-04-14 03:00:00","2025-04-14 04:00:00","2026-09-03 20:39:25"
Nederland,Solar,Hour,0,0,0,0,"2025-04-14 04:00:00","2025-04-14 05:00:00","2026-09-03 20:39:25"
Nederland,Solar,Hour,254277,254275,0,0,"2025-04-14 05:00:00","2025-04-14 06:00:00","2026-09-03 20:39:25"
Nederland,Solar,Hour,2057798,2057796,0,0,"2025-04-14 06:00:00","2025-04-14 07:00:00","2026-09-03 20:39:25"
Nederland,Solar,Hour,4963554,4963551,0,0,"2025-04-14 07:00:00","2025-04-14 08:00:00","2026-09-03 20:39:25"
Nederland,Solar,Hour,9174445,9174443,0,0,"2025-04-14 08:00:00","2025-04-14 09:00:00","2026-09-03 20:39:25"
Nederland,Solar,Hour,13107364,13107362,0,0,"2025-04-14 09:00:00","2025-04-14 10:00:00","2026-09-03 20:39:25"
Nederland,Solar,Hour,14990878,14990876,0,0,"2025-04-14 10:00:00","2025-04-14 11:00:00","2026-09-03 20:39:25"
Nederland,Solar,Hour,15250602,15250599,0,0,"2025-04-14 11:00:00","2025-04-14 12:00:00","2026-09-03 20:39:25"
Nederland,Solar,Hour,15368619,15368618,0,0,"2025-04-14 12:00:00","2025-04-14 13:00:00","2026-09-03 20:39:25"
Nederland,Solar,Hour,13981847,13981844,0,0,"2025-04-14 13:00:00","2025-04-14 14:00:00","2026-09-03 20:39:25"
Nederland,Solar,Hour,11255774,11255772,0,0,"2025-04-14 14:00:00","2025-04-14 15:00:00","2026-09-03 20:39:25"
Nederland,Solar,Hour,8223354,8223352,0,0,"2025-04-14 15:00:00","2025-04-14 16:00:00","2026-09-03 20:39:25"
Nederland,Solar,Hour,5064180,5064176,0,0,"2025-04-14 16:00:00","2025-04-14 17:00:00","2026-09-03 20:39:25"
Nederland,Solar,Hour,2013473,2013470,0,0,"2025-04-14 17:00:00","2025-04-14 18:00:00","2026-09-03 20:39:25"
Nederland,Solar,Hour,179783,179782,0,0,"2025-04-14 18:00:00","2025-04-14 19:00:00","2026-09-03 20:39:25"
Nederland,Solar,Hour,0,0,0,0,"2025-04-14 19:00:00","2025-04-14 20:00:00","2026-09-03 20:39:25"
Nederland,Solar,Hour,0,0,0,0,"2025-04-14 20:00:00","2025-04-14 21:00:00","2026-09-03 20:39:25"
Nederland,Solar,Hour,0,0,0,0,"2025-04-14 21:00:00","2025-04-14 22:00:00","2026-09-03 20:39:25"
Nederland,Solar,Hour,0,0,0,0,"2025-04-14 22:00:00","2025-04-14 23:00:00","2026-09-03 20:39:25"
Nederland,Solar,Hour,0,0,0,0,"2025-04-14 23:00:00","2025-04-15 00:00:00","2026-09-03 20:39:25"
Nederland,Solar,Hour,0,0,0,0,"2025-04-15 00:00:00","2025-04-15 01:00:00","2026-09-03 20:37:45"
Nederland,Solar,Hour,0,0,0,0,"2025-04-15 01:00:00","2025-04-15 02:00:00","2026-09-03 20:37:45"
Nederland,Solar,Hour,0,0,0,0,"2025-04-15 02:00:00","2025-04-15 03:00:00","2026-09-03 20:37:45"
Nederland,Solar,Hour,0,0,0,0,"2025-04-15 03:00:00","2025-04-15 04:00:00","2026-09-03 20:37:45"
Nederland,Solar,Hour,0,0,0,0,"2025-04-15 04:00:00","2025-04-15 05:00:00","2026-09-03 20:37:45"
Nederland,Solar,Hour,713986,713984,0,0,"2025-04-15 05:00:00","2025-04-15 06:00:00","2026-09-03 20:37:45"
Nederland,Solar,Hour,3433774,3433773,0,0,"2025-04-15 06:00:00","2025-04-15 07:00:00","2026-09-03 20:37:45"
Nederland,Solar,Hour,6834913,6834912,0,0,"2025-04-15 07:00:00","2025-04-15 08:00:00","2026-09-03 20:37:45"
Nederland,Solar,Hour,10051327,10051325,0,0,"2025-04-15 08:00:00","2025-04-15 09:00:00","2026-09-03 20:37:45"
Nederland,Solar,Hour,12255185,12255182,0,0,"2025-04-15 09:00:00","2025-04-15 10:00:00","2026-09-03 20:37:45"
Nederland,Solar,Hour,13843736,13843733,0,0,"2025-04-15 10:00:00","2025-04-15 11:00:00","2026-09-03 20:37:45"
Nederland,Solar,Hour,10695288,10695287,0,0,"2025-04-15 11:00:00","2025-04-15 12:00:00","2026-09-03 20:37:45"
Nederland,Solar,Hour,10058649,10058647,0,0,"2025-04-15 12:00:00","2025-04-15 13:00:00","2026-09-03 20:37:45"
Nederland,Solar,Hour,6558157,6558155,0,0,"2025-04-15 13:00:00","2025-04-15 14:00:00","2026-09-03 20:37:45"
Nederland,Solar,Hour,4508908,4508905,0,0,"2025-04-15 14:00:00","2025-04-15 15:00:00","2026-09-03 20:37:45"
Nederland,Solar,Hour,2294470,2294467,0,0,"2025-04-15 15:00:00","2025-04-15 16:00:00","2026-09-03 20:37:45"
Nederland,Solar,Hour,1492969,1492967,0,0,"2025-04-15 16:00:00","2025-04-15 17:00:00","2026-09-03 20:37:45"
Nederland,Solar,Hour,1015338,1015336,0,0,"2025-04-15 17:00:00","2025-04-15 18:00:00","2026-09-03 20:37:45"
Nederland,Solar,Hour,132593,132592,0,0,"2025-04-15 18:00:00","2025-04-15 19:00:00","2026-09-03 20:37:45"
Nederland,Solar,Hour,0,0,0,0,"2025-04-15 19:00:00","2025-04-15 20:00:00","2026-09-03 20:37:45"
Nederland,Solar,Hour,0,0,0,0,"2025-04-15 20:00:00","2025-04-15 21:00:00","2026-09-03 20:37:45"
Nederland,Solar,Hour,0,0,0,0,"2025-04-15 21:00:00","2025-04-15 22:00:00","2026-09-03 20:37:45"
Nederland,Solar,Hour,0,0,0,0,"2025-04-15 22:00:00","2025-04-15 23:00:00","2026-09-03 20:37:45"
Nederland,Solar,Hour,0,0,0,0,"2025-04-15 23:00:00","2025-04-16 00:00:00","2026-09-03 20:37:45"
Nederland,Solar,Hour,0,0,0,0,"2025-04-16 00:00:00","2025-04-16 01:00:00","2026-09-03 20:37:45"
Nederland,Solar,Hour,0,0,0,0,"2025-04-16 01:00:00","2025-04-16 02:00:00","2026-09-03 20:37:45"
Nederland,Solar,Hour,0,0,0,0,"2025-04-16 02:00:00","2025-04-16 03:00:00","2026-09-03 20:37:45"
Nederland,Solar,Hour,0,0,0,0,"2025-04-16 03:00:00","2025-04-16 04:00:00","2026-09-03 20:37:45"
Nederland,Solar,Hour,0,0,0,0,"2025-04-16 04:00:00","2025-04-16 05:00:00","2026-09-03 20:37:45"
Nederland,Solar,Hour,341358,341356,0,0,"2025-04-16 05:00:00","2025-04-16 06:00:00","2026-09-03 20:37:45"
Nederland,Solar,Hour,1134140,1134137,0,0,"2025-04-16 06:00:00","2025-04-16 07:00:00","2026-09-03 20:37:45"
Nederland,Solar,Hour,1867862,1867860,0,0,"2025-04-16 07:00:00","2025-04-16 08:00:00","2026-09-03 20:37:45"
Nederland,Solar,Hour,2811940,2811937,0,0,"2025-04-16 08:00:00","2025-04-16 09:00:00","2026-09-03 20:37:45"
Nederland,Solar,Hour,3096367,3096365,0,0,"2025-04-16 09:00:00","2025-04-16 10:00:00","2026-09-03 20:37:45"
Nederland,Solar,Hour,4122832,4122830,0,0,"2025-04-16 10:00:00","2025-04-16 11:00:00","2026-09-03 20:37:45"
Nederland,Solar,Hour,4830541,4830539,0,0,"2025-04-16 11:00:00","2025-04-16 12:00:00","2026-09-03 20:37:45"
Nederland,Solar,Hour,4750646,4750645,0,0,"2025-04-16 12:00:00","2025-04-16 13:00:00","2026-09-03 20:37:45"
Nederland,Solar,Hour,3904804,3904803,0,0,"2025-04-16 13:00:00","2025-04-16 14:00:00","2026-09-03 20:37:45"
Nederland,Solar,Hour,3892080,3892078,0,0,"2025-04-16 14:00:00","2025-04-16 15:00:00","2026-09-03 20:37:45"
Nederland,Solar,Hour,2161737,2161734,0,0,"2025-04-16 15:00:00","2025-04-16 16:00:00","2026-09-03 20:37:45"
Nederland,Solar,Hour,1123802,1123801,0,0,"2025-04-16 16:00:00","2025-04-16 17:00:00","2026-09-03 20:37:45"
Nederland,Solar,Hour,416194,416192,0,0,"2025-04-16 17:00:00","2025-04-16 18:00:00","2026-09-03 20:37:45"
Nederland,Solar,Hour,29700,29700,0,0,"2025-04-16 18:00:00","2025-04-16 19:00:00","2026-09-03 20:37:45"
Nederland,Solar,Hour,0,0,0,0,"2025-04-16 19:00:00","2025-04-16 20:00:00","2026-09-03 20:37:45"
Nederland,Solar,Hour,0,0,0,0,"2025-04-16 20:00:00","2025-04-16 21:00:00","2026-09-03 20:37:45"
Nederland,Solar,Hour,0,0,0,0,"2025-04-16 21:00:00","2025-04-16 22:00:00","2026-09-03 20:37:45"
Nederland,Solar,Hour,0,0,0,0,"2025-04-16 22:00:00","2025-04-16 23:00:00","2026-09-03 20:37:45"
Nederland,Solar,Hour,0,0,0,0,"2025-04-16 23:00:00","2025-04-17 00:00:00","2026-09-03 20:37:45"
Nederland,Solar,Hour,0,0,0,0,"2025-04-17 00:00:00","2025-04-17 01:00:00","2026-09-03 20:37:45"
Nederland,Solar,Hour,0,0,0,0,"2025-04-17 01:00:00","2025-04-17 02:00:00","2026-09-03 20:37:45"
Nederland,Solar,Hour,0,0,0,0,"2025-04-17 02:00:00","2025-04-17 03:00:00","2026-09-03 20:37:45"
Nederland,Solar,Hour,0,0,0,0,"2025-04-17 03:00:00","2025-04-17 04:00:00","2026-09-03 20:37:45"
Nederland,Solar,Hour,0,0,0,0,"2025-04-17 04:00:00","2025-04-17 05:00:00","2026-09-03 20:37:45"
Nederland,Solar,Hour,54251,54250,0,0,"2025-04-17 05:00:00","2025-04-17 06:00:00","2026-09-03 20:37:45"
Nederland,Solar,Hour,627227,627225,0,0,"2025-04-17 06:00:00","2025-04-17 07:00:00","2026-09-03 20:37:45"
Nederland,Solar,Hour,1414907,1414906,0,0,"2025-04-17 07:00:00","2025-04-17 08:00:00","2026-09-03 20:37:45"
Nederland,Solar,Hour,2372966,2372964,0,0,"2025-04-17 08:00:00","2025-04-17 09:00:00","2026-09-03 20:37:45"
Nederland,Solar,Hour,3287881,3287880,0,0,"2025-04-17 09:00:00","2025-04-17 10:00:00","2026-09-03 20:37:45"
Nederland,Solar,Hour,4140986,4140984,0,0,"2025-04-17 10:00:00","2025-04-17 11:00:00","2026-09-03 20:37:45"
Nederland,Solar,Hour,5120221,5120219,0,0,"2025-04-17 11:00:00","2025-04-17 12:00:00","2026-09-03 20:37:45"
Nederland,Solar,Hour,4996602,4996599,0,0,"2025-04-17 12:00:00","2025-04-17 13:00:00","2026-09-03 20:37:45"
Nederland,Solar,Hour,3861635,3861632,0,0,"2025-04-17 13:00:00","2025-04-17 14:00:00","2026-09-03 20:37:45"
Nederland,Solar,Hour,2833549,2833546,0,0,"2025-04-17 14:00:00","2025-04-17 15:00:00","2026-09-03 20:37:45"
Nederland,Solar,Hour,2291920,2291917,0,0,"2025-04-17 15:00:00","2025-04-17 16:00:00","2026-09-03 20:37:45"
Nederland,Solar,Hour,1229366,1229363,0,0,"2025-04-17 16:00:00","2025-04-17 17:00:00","2026-09-03 20:37:45"
Nederland,Solar,Hour,464763,464761,0,0,"2025-04-17 17:00:00","2025-04-17 18:00:00","2026-09-03 20:37:45"
Nederland,Solar,Hour,38885,38883,0,0,"2025-04-17 18:00:00","2025-04-17 19:00:00","2026-09-03 20:37:45"
Nederland,Solar,Hour,0,0,0,0,"2025-04-17 19:00:00","2025-04-17 20:00:00","2026-09-03 20:37:45"
Nederland,Solar,Hour,0,0,0,0,"2025-04-17 20:00:00","2025-04-17 21:00:00","2026-09-03 20:37:45"
Nederland,Solar,Hour,0,0,0,0,"2025-04-17 21:00:00","2025-04-17 22:00:00","2026-09-03 20:37:45"
Nederland,Solar,Hour,0,0,0,0,"2025-04-17 22:00:00","2025-04-17 23:00:00","2026-09-03 20:37:45"
Nederland,Solar,Hour,0,0,0,0,"2025-04-17 23:00:00","2025-04-18 00:00:00","2026-09-03 20:37:45"
Nederland,Solar,Hour,0,0,0,0,"2025-04-18 00:00:00","2025-04-18 01:00:00","2026-09-03 20:37:45"
Nederland,Solar,Hour,0,0,0,0,"2025-04-18 01:00:00","2025-04-18 02:00:00","2026-09-03 20:37:45"
Nederland,Solar,Hour,0,0,0,0,"2025-04-18 02:00:00","2025-04-18 03:00:00","2026-09-03 20:37:45"
Nederland,Solar,Hour,0,0,0,0,"2025-04-18 03:00:00","2025-04-18 04:00:00","2026-09-03 20:37:45"
Nederland,Solar,Hour,0,0,0,0,"2025-04-18 04:00:00","2025-04-18 05:00:00","2026-09-03 20:37:45"
Nederland,Solar,Hour,148781,148779,0,0,"2025-04-18 05:00:00","2025-04-18 06:00:00","2026-09-03 20:37:45"
Nederland,Solar,Hour,1074079,1074077,0,0,"2025-04-18 06:00:00","2025-04-18 07:00:00","2026-09-03 20:37:45"
Nederland,Solar,Hour,2478339,2478337,0,0,"2025-04-18 07:00:00","2025-04-18 08:00:00","2026-09-03 20:37:45"
Nederland,Solar,Hour,4183832,4183831,0,0,"2025-04-18 08:00:00","2025-04-18 09:00:00","2026-09-03 20:37:45"
Nederland,Solar,Hour,6185530,6185527,0,0,"2025-04-18 09:00:00","2025-04-18 10:00:00","2026-09-03 20:37:45"
Nederland,Solar,Hour,9401941,9401939,0,0,"2025-04-18 10:00:00","2025-04-18 11:00:00","2026-09-03 20:37:45"
Nederland,Solar,Hour,12268196,12268194,0,0,"2025-04-18 11:00:00","2025-04-18 12:00:00","2026-09-03 20:37:45"
Nederland,Solar,Hour,13665369,13665367,0,0,"2025-04-18 12:00:00","2025-04-18 13:00:00","2026-09-03 20:37:45"
Nederland,Solar,Hour,13309043,13309043,0,0,"2025-04-18 13:00:00","2025-04-18 14:00:00","2026-09-03 20:37:45"
Nederland,Solar,Hour,11930041,11930038,0,0,"2025-04-18 14:00:00","2025-04-18 15:00:00","2026-09-03 20:37:45"
Nederland,Solar,Hour,9827279,9827276,0,0,"2025-04-18 15:00:00","2025-04-18 16:00:00","2026-09-03 20:37:45"
Nederland,Solar,Hour,6292279,6292277,0,0,"2025-04-18 16:00:00","2025-04-18 17:00:00","2026-09-03 20:37:45"
Nederland,Solar,Hour,2588404,2588402,0,0,"2025-04-18 17:00:00","2025-04-18 18:00:00","2026-09-03 20:37:45"
Nederland,Solar,Hour,381569,381567,0,0,"2025-04-18 18:00:00","2025-04-18 19:00:00","2026-09-03 20:37:45"
Nederland,Solar,Hour,0,0,0,0,"2025-04-18 19:00:00","2025-04-18 20:00:00","2026-09-03 20:37:45"
Nederland,Solar,Hour,0,0,0,0,"2025-04-18 20:00:00","2025-04-18 21:00:00","2026-09-03 20:37:45"
Nederland,Solar,Hour,0,0,0,0,"2025-04-18 21:00:00","2025-04-18 22:00:00","2026-09-03 20:37:45"
Nederland,Solar,Hour,0,0,0,0,"2025-04-18 22:00:00","2025-04-18 23:00:00","2026-09-03 20:37:45"
Nederland,Solar,Hour,0,0,0,0,"2025-04-18 23:00:00","2025-04-19 00:00:00","2026-09-03 20:37:45"
Nederland,Solar,Hour,0,0,0,0,"2025-04-19 00:00:00","2025-04-19 01:00:00","2026-09-03 20:37:45"
Nederland,Solar,Hour,0,0,0,0,"2025-04-19 01:00:00","2025-04-19 02:00:00","2026-09-03 20:37:45"
Nederland,Solar,Hour,0,0,0,0,"2025-04-19 02:00:00","2025-04-19 03:00:00","2026-09-03 20:37:45"
Nederland,Solar,Hour,0,0,0,0,"2025-04-19 03:00:00","2025-04-19 04:00:00","2026-09-03 20:37:45"
Nederland,Solar,Hour,0,0,0,0,"2025-04-19 04:00:00","2025-04-19 05:00:00","2026-09-03 20:37:45"
Nederland,Solar,Hour,1013778,1013776,0,0,"2025-04-19 05:00:00","2025-04-19 06:00:00","2026-09-03 20:37:45"
Nederland,Solar,Hour,4378061,4378061,0,0,"2025-04-19 06:00:00","2025-04-19 07:00:00","2026-09-03 20:37:45"
Nederland,Solar,Hour,7946518,7946517,0,0,"2025-04-19 07:00:00","2025-04-19 08:00:00","2026-09-03 20:37:45"
Nederland,Solar,Hour,11451266,11451264,0,0,"2025-04-19 08:00:00","2025-04-19 09:00:00","2026-09-03 20:37:45"
Nederland,Solar,Hour,13749170,13749167,0,0,"2025-04-19 09:00:00","2025-04-19 10:00:00","2026-09-03 20:37:45"
Nederland,Solar,Hour,13961804,13961803,0,0,"2025-04-19 10:00:00","2025-04-19 11:00:00","2026-09-03 20:37:45"
Nederland,Solar,Hour,15087144,15087141,0,0,"2025-04-19 11:00:00","2025-04-19 12:00:00","2026-09-03 20:37:45"
Nederland,Solar,Hour,15476603,15476601,0,0,"2025-04-19 12:00:00","2025-04-19 13:00:00","2026-09-03 20:37:45"
Nederland,Solar,Hour,14309144,14309141,0,0,"2025-04-19 13:00:00","2025-04-19 14:00:00","2026-09-03 20:37:45"
Nederland,Solar,Hour,13800890,13800889,0,0,"2025-04-19 14:00:00","2025-04-19 15:00:00","2026-09-03 20:37:45"
Nederland,Solar,Hour,10368577,10368575,0,0,"2025-04-19 15:00:00","2025-04-19 16:00:00","2026-09-03 20:37:45"
Nederland,Solar,Hour,6324177,6324175,0,0,"2025-04-19 16:00:00","2025-04-19 17:00:00","2026-09-03 20:37:45"
Nederland,Solar,Hour,2630248,2630246,0,0,"2025-04-19 17:00:00","2025-04-19 18:00:00","2026-09-03 20:37:45"
Nederland,Solar,Hour,334785,334783,0,0,"2025-04-19 18:00:00","2025-04-19 19:00:00","2026-09-03 20:37:45"
Nederland,Solar,Hour,0,0,0,0,"2025-04-19 19:00:00","2025-04-19 20:00:00","2026-09-03 20:37:45"
Nederland,Solar,Hour,0,0,0,0,"2025-04-19 20:00:00","2025-04-19 21:00:00","2026-09-03 20:37:45"
Nederland,Solar,Hour,0,0,0,0,"2025-04-19 21:00:00","2025-04-19 22:00:00","2026-09-03 20:37:45"
Nederland,Solar,Hour,0,0,0,0,"2025-04-19 22:00:00","2025-04-19 23:00:00","2026-09-03 20:37:45"
Nederland,Solar,Hour,0,0,0,0,"2025-04-19 23:00:00","2025-04-20 00:00:00","2026-09-03 20:37:45"
Nederland,Solar,Hour,0,0,0,0,"2025-04-20 00:00:00","2025-04-20 01:00:00","2026-09-03 20:36:08"
Nederland,Solar,Hour,0,0,0,0,"2025-04-20 01:00:00","2025-04-20 02:00:00","2026-09-03 20:36:08"
Nederland,Solar,Hour,0,0,0,0,"2025-04-20 02:00:00","2025-04-20 03:00:00","2026-09-03 20:36:08"
Nederland,Solar,Hour,0,0,0,0,"2025-04-20 03:00:00","2025-04-20 04:00:00","2026-09-03 20:36:08"
Nederland,Solar,Hour,649,649,0,0,"2025-04-20 04:00:00","2025-04-20 05:00:00","2026-09-03 20:36:08"
Nederland,Solar,Hour,801707,801705,0,0,"2025-04-20 05:00:00","2025-04-20 06:00:00","2026-09-03 20:36:08"
Nederland,Solar,Hour,3186572,3186570,0,0,"2025-04-20 06:00:00","2025-04-20 07:00:00","2026-09-03 20:36:08"
Nederland,Solar,Hour,6106052,6106049,0,0,"2025-04-20 07:00:00","2025-04-20 08:00:00","2026-09-03 20:36:08"
Nederland,Solar,Hour,8590619,8590616,0,0,"2025-04-20 08:00:00","2025-04-20 09:00:00","2026-09-03 20:36:08"
Nederland,Solar,Hour,10981352,10981349,0,0,"2025-04-20 09:00:00","2025-04-20 10:00:00","2026-09-03 20:36:08"
Nederland,Solar,Hour,12599833,12599830,0,0,"2025-04-20 10:00:00","2025-04-20 11:00:00","2026-09-03 20:36:08"
Nederland,Solar,Hour,14298263,14298261,0,0,"2025-04-20 11:00:00","2025-04-20 12:00:00","2026-09-03 20:36:08"
Nederland,Solar,Hour,13998825,13998822,0,0,"2025-04-20 12:00:00","2025-04-20 13:00:00","2026-09-03 20:36:08"
Nederland,Solar,Hour,12358629,12358627,0,0,"2025-04-20 13:00:00","2025-04-20 14:00:00","2026-09-03 20:36:08"
Nederland,Solar,Hour,8867070,8867068,0,0,"2025-04-20 14:00:00","2025-04-20 15:00:00","2026-09-03 20:36:08"
Nederland,Solar,Hour,7145833,7145831,0,0,"2025-04-20 15:00:00","2025-04-20 16:00:00","2026-09-03 20:36:08"
Nederland,Solar,Hour,3757267,3757265,0,0,"2025-04-20 16:00:00","2025-04-20 17:00:00","2026-09-03 20:36:08"
Nederland,Solar,Hour,1616412,1616410,0,0,"2025-04-20 17:00:00","2025-04-20 18:00:00","2026-09-03 20:36:08"
Nederland,Solar,Hour,282675,282674,0,0,"2025-04-20 18:00:00","2025-04-20 19:00:00","2026-09-03 20:36:08"
Nederland,Solar,Hour,0,0,0,0,"2025-04-20 19:00:00","2025-04-20 20:00:00","2026-09-03 20:36:08"
Nederland,Solar,Hour,0,0,0,0,"2025-04-20 20:00:00","2025-04-20 21:00:00","2026-09-03 20:36:08"
Nederland,Solar,Hour,0,0,0,0,"2025-04-20 21:00:00","2025-04-20 22:00:00","2026-09-03 20:36:08"
Nederland,Solar,Hour,0,0,0,0,"2025-04-20 22:00:00","2025-04-20 23:00:00","2026-09-03 20:36:08"
Nederland,Solar,Hour,0,0,0,0,"2025-04-20 23:00:00","2025-04-21 00:00:00","2026-09-03 20:36:08"
Nederland,Solar,Hour,0,0,0,0,"2025-04-21 00:00:00","2025-04-21 01:00:00","2026-09-03 20:36:08"
Nederland,Solar,Hour,0,0,0,0,"2025-04-21 01:00:00","2025-04-21 02:00:00","2026-09-03 20:36:08"
Nederland,Solar,Hour,0,0,0,0,"2025-04-21 02:00:00","2025-04-21 03:00:00","2026-09-03 20:36:08"
Nederland,Solar,Hour,0,0,0,0,"2025-04-21 03:00:00","2025-04-21 04:00:00","2026-09-03 20:36:08"
Nederland,Solar,Hour,144,144,0,0,"2025-04-21 04:00:00","2025-04-21 05:00:00","2026-09-03 20:36:08"
Nederland,Solar,Hour,279530,279527,0,0,"2025-04-21 05:00:00","2025-04-21 06:00:00","2026-09-03 20:36:08"
Nederland,Solar,Hour,1204248,1204246,0,0,"2025-04-21 06:00:00","2025-04-21 07:00:00","2026-09-03 20:36:08"
Nederland,Solar,Hour,2578318,2578317,0,0,"2025-04-21 07:00:00","2025-04-21 08:00:00","2026-09-03 20:36:08"
Nederland,Solar,Hour,4607945,4607943,0,0,"2025-04-21 08:00:00","2025-04-21 09:00:00","2026-09-03 20:36:08"
Nederland,Solar,Hour,6799329,6799326,0,0,"2025-04-21 09:00:00","2025-04-21 10:00:00","2026-09-03 20:36:08"
Nederland,Solar,Hour,8007534,8007532,0,0,"2025-04-21 10:00:00","2025-04-21 11:00:00","2026-09-03 20:36:08"
Nederland,Solar,Hour,6656792,6656789,0,0,"2025-04-21 11:00:00","2025-04-21 12:00:00","2026-09-03 20:36:08"
Nederland,Solar,Hour,5829921,5829919,0,0,"2025-04-21 12:00:00","2025-04-21 13:00:00","2026-09-03 20:36:08"
Nederland,Solar,Hour,4259267,4259267,0,0,"2025-04-21 13:00:00","2025-04-21 14:00:00","2026-09-03 20:36:08"
Nederland,Solar,Hour,3822818,3822817,0,0,"2025-04-21 14:00:00","2025-04-21 15:00:00","2026-09-03 20:36:08"
Nederland,Solar,Hour,3850547,3850545,0,0,"2025-04-21 15:00:00","2025-04-21 16:00:00","2026-09-03 20:36:08"
Nederland,Solar,Hour,2350111,2350109,0,0,"2025-04-21 16:00:00","2025-04-21 17:00:00","2026-09-03 20:36:08"
Nederland,Solar,Hour,1023722,1023721,0,0,"2025-04-21 17:00:00","2025-04-21 18:00:00","2026-09-03 20:36:08"
Nederland,Solar,Hour,221838,221837,0,0,"2025-04-21 18:00:00","2025-04-21 19:00:00","2026-09-03 20:36:08"
Nederland,Solar,Hour,0,0,0,0,"2025-04-21 19:00:00","2025-04-21 20:00:00","2026-09-03 20:36:08"
Nederland,Solar,Hour,0,0,0,0,"2025-04-21 20:00:00","2025-04-21 21:00:00","2026-09-03 20:36:08"
Nederland,Solar,Hour,0,0,0,0,"2025-04-21 21:00:00","2025-04-21 22:00:00","2026-09-03 20:36:08"
Nederland,Solar,Hour,0,0,0,0,"2025-04-21 22:00:00","2025-04-21 23:00:00","2026-09-03 20:36:08"
Nederland,Solar,Hour,0,0,0,0,"2025-04-21 23:00:00","2025-04-22 00:00:00","2026-09-03 20:36:08"
Nederland,Solar,Hour,0,0,0,0,"2025-04-22 00:00:00","2025-04-22 01:00:00","2026-09-03 20:36:08"
Nederland,Solar,Hour,0,0,0,0,"2025-04-22 01:00:00","2025-04-22 02:00:00","2026-09-03 20:36:08"
Nederland,Solar,Hour,0,0,0,0,"2025-04-22 02:00:00","2025-04-22 03:00:00","2026-09-03 20:36:08"
Nederland,Solar,Hour,0,0,0,0,"2025-04-22 03:00:00","2025-04-22 04:00:00","2026-09-03 20:36:08"
Nederland,Solar,Hour,889,889,0,0,"2025-04-22 04:00:00","2025-04-22 05:00:00","2026-09-03 20:36:08"
Nederland,Solar,Hour,300305,300303,0,0,"2025-04-22 05:00:00","2025-04-22 06:00:00","2026-09-03 20:36:08"
Nederland,Solar,Hour,1421943,1421941,0,0,"2025-04-22 06:00:00","2025-04-22 07:00:00","2026-09-03 20:36:08"
Nederland,Solar,Hour,2944522,2944520,0,0,"2025-04-22 07:00:00","2025-04-22 08:00:00","2026-09-03 20:36:08"
Nederland,Solar,Hour,5032808,5032806,0,0,"2025-04-22 08:00:00","2025-04-22 09:00:00","2026-09-03 20:36:08"
Nederland,Solar,Hour,7448508,7448506,0,0,"2025-04-22 09:00:00","2025-04-22 10:00:00","2026-09-03 20:36:08"
Nederland,Solar,Hour,10410262,10410260,0,0,"2025-04-22 10:00:00","2025-04-22 11:00:00","2026-09-03 20:36:08"
Nederland,Solar,Hour,11746892,11746890,0,0,"2025-04-22 11:00:00","2025-04-22 12:00:00","2026-09-03 20:36:08"
Nederland,Solar,Hour,13419481,13419479,0,0,"2025-04-22 12:00:00","2025-04-22 13:00:00","2026-09-03 20:36:08"
Nederland,Solar,Hour,12743343,12743341,0,0,"2025-04-22 13:00:00","2025-04-22 14:00:00","2026-09-03 20:36:08"
Nederland,Solar,Hour,10891385,10891383,0,0,"2025-04-22 14:00:00","2025-04-22 15:00:00","2026-09-03 20:36:08"
Nederland,Solar,Hour,8441308,8441306,0,0,"2025-04-22 15:00:00","2025-04-22 16:00:00","2026-09-03 20:36:08"
Nederland,Solar,Hour,4675458,4675455,0,0,"2025-04-22 16:00:00","2025-04-22 17:00:00","2026-09-03 20:36:08"
Nederland,Solar,Hour,2102613,2102611,0,0,"2025-04-22 17:00:00","2025-04-22 18:00:00","2026-09-03 20:36:08"
Nederland,Solar,Hour,319266,319264,0,0,"2025-04-22 18:00:00","2025-04-22 19:00:00","2026-09-03 20:36:08"
Nederland,Solar,Hour,0,0,0,0,"2025-04-22 19:00:00","2025-04-22 20:00:00","2026-09-03 20:36:08"
Nederland,Solar,Hour,0,0,0,0,"2025-04-22 20:00:00","2025-04-22 21:00:00","2026-09-03 20:36:08"
Nederland,Solar,Hour,0,0,0,0,"2025-04-22 21:00:00","2025-04-22 22:00:00","2026-09-03 20:36:08"
Nederland,Solar,Hour,0,0,0,0,"2025-04-22 22:00:00","2025-04-22 23:00:00","2026-09-03 20:36:08"
Nederland,Solar,Hour,0,0,0,0,"2025-04-22 23:00:00","2025-04-23 00:00:00","2026-09-03 20:36:08"
Nederland,Solar,Hour,0,0,0,0,"2025-04-23 00:00:00","2025-04-23 01:00:00","2026-09-03 20:36:08"
Nederland,Solar,Hour,0,0,0,0,"2025-04-23 01:00:00","2025-04-23 02:00:00","2026-09-03 20:36:08"
Nederland,Solar,Hour,0,0,0,0,"2025-04-23 02:00:00","2025-04-23 03:00:00","2026-09-03 20:36:08"
Nederland,Solar,Hour,0,0,0,0,"2025-04-23 03:00:00","2025-04-23 04:00:00","2026-09-03 20:36:08"
Nederland,Solar,Hour,1075,1075,0,0,"2025-04-23 04:00:00","2025-04-23 05:00:00","2026-09-03 20:36:08"
Nederland,Solar,Hour,491859,491857,0,0,"2025-04-23 05:00:00","2025-04-23 06:00:00","2026-09-03 20:36:08"
Nederland,Solar,Hour,1846887,1846885,0,0,"2025-04-23 06:00:00","2025-04-23 07:00:00","2026-09-03 20:36:08"
Nederland,Solar,Hour,3452478,3452476,0,0,"2025-04-23 07:00:00","2025-04-23 08:00:00","2026-09-03 20:36:08"
Nederland,Solar,Hour,4966646,4966642,0,0,"2025-04-23 08:00:00","2025-04-23 09:00:00","2026-09-03 20:36:08"
Nederland,Solar,Hour,5592891,5592887,0,0,"2025-04-23 09:00:00","2025-04-23 10:00:00","2026-09-03 20:36:08"
Nederland,Solar,Hour,6092568,6092565,0,0,"2025-04-23 10:00:00","2025-04-23 11:00:00","2026-09-03 20:36:08"
Nederland,Solar,Hour,5998516,5998514,0,0,"2025-04-23 11:00:00","2025-04-23 12:00:00","2026-09-03 20:36:08"
Nederland,Solar,Hour,5857117,5857115,0,0,"2025-04-23 12:00:00","2025-04-23 13:00:00","2026-09-03 20:36:08"
Nederland,Solar,Hour,5923644,5923643,0,0,"2025-04-23 13:00:00","2025-04-23 14:00:00","2026-09-03 20:36:08"
Nederland,Solar,Hour,4331896,4331893,0,0,"2025-04-23 14:00:00","2025-04-23 15:00:00","2026-09-03 20:36:08"
Nederland,Solar,Hour,3035548,3035547,0,0,"2025-04-23 15:00:00","2025-04-23 16:00:00","2026-09-03 20:36:08"
Nederland,Solar,Hour,2068032,2068031,0,0,"2025-04-23 16:00:00","2025-04-23 17:00:00","2026-09-03 20:36:08"
Nederland,Solar,Hour,1201968,1201966,0,0,"2025-04-23 17:00:00","2025-04-23 18:00:00","2026-09-03 20:36:08"
Nederland,Solar,Hour,355712,355710,0,0,"2025-04-23 18:00:00","2025-04-23 19:00:00","2026-09-03 20:36:08"
Nederland,Solar,Hour,0,0,0,0,"2025-04-23 19:00:00","2025-04-23 20:00:00","2026-09-03 20:36:08"
Nederland,Solar,Hour,0,0,0,0,"2025-04-23 20:00:00","2025-04-23 21:00:00","2026-09-03 20:36:08"
Nederland,Solar,Hour,0,0,0,0,"2025-04-23 21:00:00","2025-04-23 22:00:00","2026-09-03 20:36:08"
Nederland,Solar,Hour,0,0,0,0,"2025-04-23 22:00:00","2025-04-23 23:00:00","2026-09-03 20:36:08"
Nederland,Solar,Hour,0,0,0,0,"2025-04-23 23:00:00","2025-04-24 00:00:00","2026-09-03 20:36:08"
Nederland,Solar,Hour,0,0,0,0,"2025-04-24 00:00:00","2025-04-24 01:00:00","2026-09-03 20:36:08"
Nederland,Solar,Hour,0,0,0,0,"2025-04-24 01:00:00","2025-04-24 02:00:00","2026-09-03 20:36:08"
Nederland,Solar,Hour,0,0,0,0,"2025-04-24 02:00:00","2025-04-24 03:00:00","2026-09-03 20:36:08"
Nederland,Solar,Hour,0,0,0,0,"2025-04-24 03:00:00","2025-04-24 04:00:00","2026-09-03 20:36:08"
Nederland,Solar,Hour,0,0,0,0,"2025-04-24 04:00:00","2025-04-24 05:00:00","2026-09-03 20:36:08"
Nederland,Solar,Hour,125002,125001,0,0,"2025-04-24 05:00:00","2025-04-24 06:00:00","2026-09-03 20:36:08"
Nederland,Solar,Hour,679127,679125,0,0,"2025-04-24 06:00:00","2025-04-24 07:00:00","2026-09-03 20:36:08"
Nederland,Solar,Hour,1614693,1614692,0,0,"2025-04-24 07:00:00","2025-04-24 08:00:00","2026-09-03 20:36:08"
Nederland,Solar,Hour,2385547,2385544,0,0,"2025-04-24 08:00:00","2025-04-24 09:00:00","2026-09-03 20:36:08"
Nederland,Solar,Hour,3282848,3282846,0,0,"2025-04-24 09:00:00","2025-04-24 10:00:00","2026-09-03 20:36:08"
Nederland,Solar,Hour,3707766,3707764,0,0,"2025-04-24 10:00:00","2025-04-24 11:00:00","2026-09-03 20:36:08"
Nederland,Solar,Hour,3544647,3544644,0,0,"2025-04-24 11:00:00","2025-04-24 12:00:00","2026-09-03 20:36:08"
Nederland,Solar,Hour,3902106,3902104,0,0,"2025-04-24 12:00:00","2025-04-24 13:00:00","2026-09-03 20:36:08"
Nederland,Solar,Hour,4165787,4165785,0,0,"2025-04-24 13:00:00","2025-04-24 14:00:00","2026-09-03 20:36:08"
Nederland,Solar,Hour,3384120,3384117,0,0,"2025-04-24 14:00:00","2025-04-24 15:00:00","2026-09-03 20:36:08"
Nederland,Solar,Hour,2456511,2456509,0,0,"2025-04-24 15:00:00","2025-04-24 16:00:00","2026-09-03 20:36:08"
Nederland,Solar,Hour,1504811,1504809,0,0,"2025-04-24 16:00:00","2025-04-24 17:00:00","2026-09-03 20:36:08"
Nederland,Solar,Hour,719967,719967,0,0,"2025-04-24 17:00:00","2025-04-24 18:00:00","2026-09-03 20:36:08"
Nederland,Solar,Hour,194036,194034,0,0,"2025-04-24 18:00:00","2025-04-24 19:00:00","2026-09-03 20:36:08"
Nederland,Solar,Hour,0,0,0,0,"2025-04-24 19:00:00","2025-04-24 20:00:00","2026-09-03 20:36:08"
Nederland,Solar,Hour,0,0,0,0,"2025-04-24 20:00:00","2025-04-24 21:00:00","2026-09-03 20:36:08"
Nederland,Solar,Hour,0,0,0,0,"2025-04-24 21:00:00","2025-04-24 22:00:00","2026-09-03 20:36:08"
Nederland,Solar,Hour,0,0,0,0,"2025-04-24 22:00:00","2025-04-24 23:00:00","2026-09-03 20:36:08"
Nederland,Solar,Hour,0,0,0,0,"2025-04-24 23:00:00","2025-04-25 00:00:00","2026-09-03 20:36:08"
Nederland,Solar,Hour,0,0,0,0,"2025-04-25 00:00:00","2025-04-25 01:00:00","2026-09-03 20:34:33"
Nederland,Solar,Hour,0,0,0,0,"2025-04-25 01:00:00","2025-04-25 02:00:00","2026-09-03 20:34:33"
Nederland,Solar,Hour,0,0,0,0,"2025-04-25 02:00:00","2025-04-25 03:00:00","2026-09-03 20:34:33"
Nederland,Solar,Hour,0,0,0,0,"2025-04-25 03:00:00","2025-04-25 04:00:00","2026-09-03 20:34:33"
Nederland,Solar,Hour,1223,1223,0,0,"2025-04-25 04:00:00","2025-04-25 05:00:00","2026-09-03 20:34:33"
Nederland,Solar,Hour,421389,421387,0,0,"2025-04-25 05:00:00","2025-04-25 06:00:00","2026-09-03 20:34:33"
Nederland,Solar,Hour,1511049,1511047,0,0,"2025-04-25 06:00:00","2025-04-25 07:00:00","2026-09-03 20:34:33"
Nederland,Solar,Hour,2976483,2976481,0,0,"2025-04-25 07:00:00","2025-04-25 08:00:00","2026-09-03 20:34:33"
Nederland,Solar,Hour,4906556,4906554,0,0,"2025-04-25 08:00:00","2025-04-25 09:00:00","2026-09-03 20:34:33"
Nederland,Solar,Hour,7179964,7179963,0,0,"2025-04-25 09:00:00","2025-04-25 10:00:00","2026-09-03 20:34:33"
Nederland,Solar,Hour,9327134,9327132,0,0,"2025-04-25 10:00:00","2025-04-25 11:00:00","2026-09-03 20:34:33"
Nederland,Solar,Hour,10663292,10663291,0,0,"2025-04-25 11:00:00","2025-04-25 12:00:00","2026-09-03 20:34:33"
Nederland,Solar,Hour,11109208,11109206,0,0,"2025-04-25 12:00:00","2025-04-25 13:00:00","2026-09-03 20:34:33"
Nederland,Solar,Hour,10018321,10018319,0,0,"2025-04-25 13:00:00","2025-04-25 14:00:00","2026-09-03 20:34:33"
Nederland,Solar,Hour,8788027,8788025,0,0,"2025-04-25 14:00:00","2025-04-25 15:00:00","2026-09-03 20:34:33"
Nederland,Solar,Hour,7125888,7125887,0,0,"2025-04-25 15:00:00","2025-04-25 16:00:00","2026-09-03 20:34:33"
Nederland,Solar,Hour,5650018,5650016,0,0,"2025-04-25 16:00:00","2025-04-25 17:00:00","2026-09-03 20:34:33"
Nederland,Solar,Hour,3010735,3010733,0,0,"2025-04-25 17:00:00","2025-04-25 18:00:00","2026-09-03 20:34:33"
Nederland,Solar,Hour,590689,590685,0,0,"2025-04-25 18:00:00","2025-04-25 19:00:00","2026-09-03 20:34:33"
Nederland,Solar,Hour,0,0,0,0,"2025-04-25 19:00:00","2025-04-25 20:00:00","2026-09-03 20:34:33"
Nederland,Solar,Hour,0,0,0,0,"2025-04-25 20:00:00","2025-04-25 21:00:00","2026-09-03 20:34:33"
Nederland,Solar,Hour,0,0,0,0,"2025-04-25 21:00:00","2025-04-25 22:00:00","2026-09-03 20:34:33"
Nederland,Solar,Hour,0,0,0,0,"2025-04-25 22:00:00","2025-04-25 23:00:00","2026-09-03 20:34:33"
Nederland,Solar,Hour,0,0,0,0,"2025-04-25 23:00:00","2025-04-26 00:00:00","2026-09-03 20:34:33"
Nederland,Solar,Hour,0,0,0,0,"2025-04-26 00:00:00","2025-04-26 01:00:00","2026-09-03 20:34:33"
Nederland,Solar,Hour,0,0,0,0,"2025-04-26 01:00:00","2025-04-26 02:00:00","2026-09-03 20:34:33"
Nederland,Solar,Hour,0,0,0,0,"2025-04-26 02:00:00","2025-04-26 03:00:00","2026-09-03 20:34:33"
Nederland,Solar,Hour,0,0,0,0,"2025-04-26 03:00:00","2025-04-26 04:00:00","2026-09-03 20:34:33"
Nederland,Solar,Hour,20685,20684,0,0,"2025-04-26 04:00:00","2025-04-26 05:00:00","2026-09-03 20:34:33"
Nederland,Solar,Hour,1082261,1082260,0,0,"2025-04-26 05:00:00","2025-04-26 06:00:00","2026-09-03 20:34:33"
Nederland,Solar,Hour,3395092,3395090,0,0,"2025-04-26 06:00:00","2025-04-26 07:00:00","2026-09-03 20:34:33"
Nederland,Solar,Hour,6174351,6174349,0,0,"2025-04-26 07:00:00","2025-04-26 08:00:00","2026-09-03 20:34:33"
Nederland,Solar,Hour,9970463,9970461,0,0,"2025-04-26 08:00:00","2025-04-26 09:00:00","2026-09-03 20:34:33"
Nederland,Solar,Hour,12733297,12733294,0,0,"2025-04-26 09:00:00","2025-04-26 10:00:00","2026-09-03 20:34:33"
Nederland,Solar,Hour,15081143,15081141,0,0,"2025-04-26 10:00:00","2025-04-26 11:00:00","2026-09-03 20:34:33"
Nederland,Solar,Hour,16047264,16047261,0,0,"2025-04-26 11:00:00","2025-04-26 12:00:00","2026-09-03 20:34:33"
Nederland,Solar,Hour,14925672,14925669,0,0,"2025-04-26 12:00:00","2025-04-26 13:00:00","2026-09-03 20:34:33"
Nederland,Solar,Hour,13565740,13565736,0,0,"2025-04-26 13:00:00","2025-04-26 14:00:00","2026-09-03 20:34:33"
Nederland,Solar,Hour,11624657,11624655,0,0,"2025-04-26 14:00:00","2025-04-26 15:00:00","2026-09-03 20:34:33"
Nederland,Solar,Hour,10263832,10263831,0,0,"2025-04-26 15:00:00","2025-04-26 16:00:00","2026-09-03 20:34:33"
Nederland,Solar,Hour,6563876,6563873,0,0,"2025-04-26 16:00:00","2025-04-26 17:00:00","2026-09-03 20:34:33"
Nederland,Solar,Hour,3097491,3097488,0,0,"2025-04-26 17:00:00","2025-04-26 18:00:00","2026-09-03 20:34:33"
Nederland,Solar,Hour,656987,656986,0,0,"2025-04-26 18:00:00","2025-04-26 19:00:00","2026-09-03 20:34:33"
Nederland,Solar,Hour,0,0,0,0,"2025-04-26 19:00:00","2025-04-26 20:00:00","2026-09-03 20:34:33"
Nederland,Solar,Hour,0,0,0,0,"2025-04-26 20:00:00","2025-04-26 21:00:00","2026-09-03 20:34:33"
Nederland,Solar,Hour,0,0,0,0,"2025-04-26 21:00:00","2025-04-26 22:00:00","2026-09-03 20:34:33"
Nederland,Solar,Hour,0,0,0,0,"2025-04-26 22:00:00","2025-04-26 23:00:00","2026-09-03 20:34:33"
Nederland,Solar,Hour,0,0,0,0,"2025-04-26 23:00:00","2025-04-27 00:00:00","2026-09-03 20:34:33"
Nederland,Solar,Hour,0,0,0,0,"2025-04-27 00:00:00","2025-04-27 01:00:00","2026-09-03 20:34:33"
Nederland,Solar,Hour,0,0,0,0,"2025-04-27 01:00:00","2025-04-27 02:00:00","2026-09-03 20:34:33"
Nederland,Solar,Hour,0,0,0,0,"2025-04-27 02:00:00","2025-04-27 03:00:00","2026-09-03 20:34:33"
Nederland,Solar,Hour,0,0,0,0,"2025-04-27 03:00:00","2025-04-27 04:00:00","2026-09-03 20:34:33"
Nederland,Solar,Hour,54947,54946,0,0,"2025-04-27 04:00:00","2025-04-27 05:00:00","2026-09-03 20:34:33"
Nederland,Solar,Hour,1741054,1741052,0,0,"2025-04-27 05:00:00","2025-04-27 06:00:00","2026-09-03 20:34:33"
Nederland,Solar,Hour,5071864,5071862,0,0,"2025-04-27 06:00:00","2025-04-27 07:00:00","2026-09-03 20:34:33"
Nederland,Solar,Hour,8976946,8976944,0,0,"2025-04-27 07:00:00","2025-04-27 08:00:00","2026-09-03 20:34:33"
Nederland,Solar,Hour,11479575,11479573,0,0,"2025-04-27 08:00:00","2025-04-27 09:00:00","2026-09-03 20:34:33"
Nederland,Solar,Hour,14083200,14083198,0,0,"2025-04-27 09:00:00","2025-04-27 10:00:00","2026-09-03 20:34:33"
Nederland,Solar,Hour,15710953,15710951,0,0,"2025-04-27 10:00:00","2025-04-27 11:00:00","2026-09-03 20:34:33"
Nederland,Solar,Hour,16474017,16474013,0,0,"2025-04-27 11:00:00","2025-04-27 12:00:00","2026-09-03 20:34:33"
Nederland,Solar,Hour,16073336,16073334,0,0,"2025-04-27 12:00:00","2025-04-27 13:00:00","2026-09-03 20:34:33"
Nederland,Solar,Hour,14903065,14903062,0,0,"2025-04-27 13:00:00","2025-04-27 14:00:00","2026-09-03 20:34:33"
Nederland,Solar,Hour,13013737,13013735,0,0,"2025-04-27 14:00:00","2025-04-27 15:00:00","2026-09-03 20:34:33"
Nederland,Solar,Hour,10959864,10959861,0,0,"2025-04-27 15:00:00","2025-04-27 16:00:00","2026-09-03 20:34:33"
Nederland,Solar,Hour,6888851,6888849,0,0,"2025-04-27 16:00:00","2025-04-27 17:00:00","2026-09-03 20:34:33"
Nederland,Solar,Hour,3159325,3159324,0,0,"2025-04-27 17:00:00","2025-04-27 18:00:00","2026-09-03 20:34:33"
Nederland,Solar,Hour,724425,724425,0,0,"2025-04-27 18:00:00","2025-04-27 19:00:00","2026-09-03 20:34:33"
Nederland,Solar,Hour,0,0,0,0,"2025-04-27 19:00:00","2025-04-27 20:00:00","2026-09-03 20:34:33"
Nederland,Solar,Hour,0,0,0,0,"2025-04-27 20:00:00","2025-04-27 21:00:00","2026-09-03 20:34:33"
Nederland,Solar,Hour,0,0,0,0,"2025-04-27 21:00:00","2025-04-27 22:00:00","2026-09-03 20:34:33"
Nederland,Solar,Hour,0,0,0,0,"2025-04-27 22:00:00","2025-04-27 23:00:00","2026-09-03 20:34:33"
Nederland,Solar,Hour,0,0,0,0,"2025-04-27 23:00:00","2025-04-28 00:00:00","2026-09-03 20:34:33"
Nederland,Solar,Hour,0,0,0,0,"2025-04-28 00:00:00","2025-04-28 01:00:00","2026-09-03 20:34:33"
Nederland,Solar,Hour,0,0,0,0,"2025-04-28 01:00:00","2025-04-28 02:00:00","2026-09-03 20:34:33"
Nederland,Solar,Hour,0,0,0,0,"2025-04-28 02:00:00","2025-04-28 03:00:00","2026-09-03 20:34:33"
Nederland,Solar,Hour,0,0,0,0,"2025-04-28 03:00:00","2025-04-28 04:00:00","2026-09-03 20:34:33"
Nederland,Solar,Hour,83543,83542,0,0,"2025-04-28 04:00:00","2025-04-28 05:00:00","2026-09-03 20:34:33"
Nederland,Solar,Hour,1871090,1871087,0,0,"2025-04-28 05:00:00","2025-04-28 06:00:00","2026-09-03 20:34:33"
Nederland,Solar,Hour,5115349,5115348,0,0,"2025-04-28 06:00:00","2025-04-28 07:00:00","2026-09-03 20:34:33"
Nederland,Solar,Hour,8854134,8854132,0,0,"2025-04-28 07:00:00","2025-04-28 08:00:00","2026-09-03 20:34:33"
Nederland,Solar,Hour,12527706,12527705,0,0,"2025-04-28 08:00:00","2025-04-28 09:00:00","2026-09-03 20:34:33"
Nederland,Solar,Hour,13760790,13760788,0,0,"2025-04-28 09:00:00","2025-04-28 10:00:00","2026-09-03 20:34:33"
Nederland,Solar,Hour,15384159,15384156,0,0,"2025-04-28 10:00:00","2025-04-28 11:00:00","2026-09-03 20:34:33"
Nederland,Solar,Hour,16205290,16205287,0,0,"2025-04-28 11:00:00","2025-04-28 12:00:00","2026-09-03 20:34:33"
Nederland,Solar,Hour,15974920,15974918,0,0,"2025-04-28 12:00:00","2025-04-28 13:00:00","2026-09-03 20:34:33"
Nederland,Solar,Hour,14747468,14747465,0,0,"2025-04-28 13:00:00","2025-04-28 14:00:00","2026-09-03 20:34:33"
Nederland,Solar,Hour,13993029,13993027,0,0,"2025-04-28 14:00:00","2025-04-28 15:00:00","2026-09-03 20:34:33"
Nederland,Solar,Hour,10323740,10323737,0,0,"2025-04-28 15:00:00","2025-04-28 16:00:00","2026-09-03 20:34:33"
Nederland,Solar,Hour,6298947,6298944,0,0,"2025-04-28 16:00:00","2025-04-28 17:00:00","2026-09-03 20:34:33"
Nederland,Solar,Hour,3114283,3114281,0,0,"2025-04-28 17:00:00","2025-04-28 18:00:00","2026-09-03 20:34:33"
Nederland,Solar,Hour,767382,767380,0,0,"2025-04-28 18:00:00","2025-04-28 19:00:00","2026-09-03 20:34:33"
Nederland,Solar,Hour,0,0,0,0,"2025-04-28 19:00:00","2025-04-28 20:00:00","2026-09-03 20:34:33"
Nederland,Solar,Hour,0,0,0,0,"2025-04-28 20:00:00","2025-04-28 21:00:00","2026-09-03 20:34:33"
Nederland,Solar,Hour,0,0,0,0,"2025-04-28 21:00:00","2025-04-28 22:00:00","2026-09-03 20:34:33"
Nederland,Solar,Hour,0,0,0,0,"2025-04-28 22:00:00","2025-04-28 23:00:00","2026-09-03 20:34:33"
Nederland,Solar,Hour,0,0,0,0,"2025-04-28 23:00:00","2025-04-29 00:00:00","2026-09-03 20:34:33"
Nederland,Solar,Hour,0,0,0,0,"2025-04-29 00:00:00","2025-04-29 01:00:00","2026-09-03 20:34:33"
Nederland,Solar,Hour,0,0,0,0,"2025-04-29 01:00:00","2025-04-29 02:00:00","2026-09-03 20:34:33"
Nederland,Solar,Hour,0,0,0,0,"2025-04-29 02:00:00","2025-04-29 03:00:00","2026-09-03 20:34:33"
Nederland,Solar,Hour,0,0,0,0,"2025-04-29 03:00:00","2025-04-29 04:00:00","2026-09-03 20:34:33"
Nederland,Solar,Hour,59391,59391,0,0,"2025-04-29 04:00:00","2025-04-29 05:00:00","2026-09-03 20:34:33"
Nederland,Solar,Hour,1675542,1675540,0,0,"2025-04-29 05:00:00","2025-04-29 06:00:00","2026-09-03 20:34:33"
Nederland,Solar,Hour,4959130,4959128,0,0,"2025-04-29 06:00:00","2025-04-29 07:00:00","2026-09-03 20:34:33"
Nederland,Solar,Hour,8896227,8896225,0,0,"2025-04-29 07:00:00","2025-04-29 08:00:00","2026-09-03 20:34:33"
Nederland,Solar,Hour,12413153,12413151,0,0,"2025-04-29 08:00:00","2025-04-29 09:00:00","2026-09-03 20:34:33"
Nederland,Solar,Hour,13613712,13613710,0,0,"2025-04-29 09:00:00","2025-04-29 10:00:00","2026-09-03 20:34:33"
Nederland,Solar,Hour,15343255,15343253,0,0,"2025-04-29 10:00:00","2025-04-29 11:00:00","2026-09-03 20:34:33"
Nederland,Solar,Hour,16103777,16103775,0,0,"2025-04-29 11:00:00","2025-04-29 12:00:00","2026-09-03 20:34:33"
Nederland,Solar,Hour,15851111,15851109,0,0,"2025-04-29 12:00:00","2025-04-29 13:00:00","2026-09-03 20:34:33"
Nederland,Solar,Hour,14822452,14822452,0,0,"2025-04-29 13:00:00","2025-04-29 14:00:00","2026-09-03 20:34:33"
Nederland,Solar,Hour,14127948,14127947,0,0,"2025-04-29 14:00:00","2025-04-29 15:00:00","2026-09-03 20:34:33"
Nederland,Solar,Hour,10767797,10767794,0,0,"2025-04-29 15:00:00","2025-04-29 16:00:00","2026-09-03 20:34:33"
Nederland,Solar,Hour,6769123,6769121,0,0,"2025-04-29 16:00:00","2025-04-29 17:00:00","2026-09-03 20:34:33"
Nederland,Solar,Hour,3157259,3157257,0,0,"2025-04-29 17:00:00","2025-04-29 18:00:00","2026-09-03 20:34:33"
Nederland,Solar,Hour,739048,739045,0,0,"2025-04-29 18:00:00","2025-04-29 19:00:00","2026-09-03 20:34:33"
Nederland,Solar,Hour,0,0,0,0,"2025-04-29 19:00:00","2025-04-29 20:00:00","2026-09-03 20:34:33"
Nederland,Solar,Hour,0,0,0,0,"2025-04-29 20:00:00","2025-04-29 21:00:00","2026-09-03 20:34:33"
Nederland,Solar,Hour,0,0,0,0,"2025-04-29 21:00:00","2025-04-29 22:00:00","2026-09-03 20:34:33"
Nederland,Solar,Hour,0,0,0,0,"2025-04-29 22:00:00","2025-04-29 23:00:00","2026-09-03 20:34:33"
Nederland,Solar,Hour,0,0,0,0,"2025-04-29 23:00:00","2025-04-30 00:00:00","2026-09-03 20:34:33"
Nederland,Solar,Hour,0,0,0,0,"2025-04-30 00:00:00","2025-04-30 01:00:00","2026-09-03 20:32:58"
Nederland,Solar,Hour,0,0,0,0,"2025-04-30 01:00:00","2025-04-30 02:00:00","2026-09-03 20:32:58"
Nederland,Solar,Hour,0,0,0,0,"2025-04-30 02:00:00","2025-04-30 03:00:00","2026-09-03 20:32:58"
Nederland,Solar,Hour,0,0,0,0,"2025-04-30 03:00:00","2025-04-30 04:00:00","2026-09-03 20:32:58"
Nederland,Solar,Hour,115444,115444,0,0,"2025-04-30 04:00:00","2025-04-30 05:00:00","2026-09-03 20:32:58"
Nederland,Solar,Hour,1933533,1933530,0,0,"2025-04-30 05:00:00","2025-04-30 06:00:00","2026-09-03 20:32:58"
Nederland,Solar,Hour,4995932,4995929,0,0,"2025-04-30 06:00:00","2025-04-30 07:00:00","2026-09-03 20:32:58"
Nederland,Solar,Hour,8476699,8476699,0,0,"2025-04-30 07:00:00","2025-04-30 08:00:00","2026-09-03 20:32:58"
Nederland,Solar,Hour,12072645,12072642,0,0,"2025-04-30 08:00:00","2025-04-30 09:00:00","2026-09-03 20:32:58"
Nederland,Solar,Hour,13547602,13547599,0,0,"2025-04-30 09:00:00","2025-04-30 10:00:00","2026-09-03 20:32:58"
Nederland,Solar,Hour,15115060,15115057,0,0,"2025-04-30 10:00:00","2025-04-30 11:00:00","2026-09-03 20:32:58"
Nederland,Solar,Hour,15916094,15916093,0,0,"2025-04-30 11:00:00","2025-04-30 12:00:00","2026-09-03 20:32:58"
Nederland,Solar,Hour,15430059,15430057,0,0,"2025-04-30 12:00:00","2025-04-30 13:00:00","2026-09-03 20:32:58"
Nederland,Solar,Hour,14510854,14510853,0,0,"2025-04-30 13:00:00","2025-04-30 14:00:00","2026-09-03 20:32:58"
Nederland,Solar,Hour,14006203,14006201,0,0,"2025-04-30 14:00:00","2025-04-30 15:00:00","2026-09-03 20:32:58"
Nederland,Solar,Hour,10669881,10669880,0,0,"2025-04-30 15:00:00","2025-04-30 16:00:00","2026-09-03 20:32:58"
Nederland,Solar,Hour,6742810,6742807,0,0,"2025-04-30 16:00:00","2025-04-30 17:00:00","2026-09-03 20:32:58"
Nederland,Solar,Hour,3195129,3195127,0,0,"2025-04-30 17:00:00","2025-04-30 18:00:00","2026-09-03 20:32:58"
Nederland,Solar,Hour,798473,798472,0,0,"2025-04-30 18:00:00","2025-04-30 19:00:00","2026-09-03 20:32:58"
Nederland,Solar,Hour,0,0,0,0,"2025-04-30 19:00:00","2025-04-30 20:00:00","2026-09-03 20:32:58"
Nederland,Solar,Hour,0,0,0,0,"2025-04-30 20:00:00","2025-04-30 21:00:00","2026-09-03 20:32:58"
Nederland,Solar,Hour,0,0,0,0,"2025-04-30 21:00:00","2025-04-30 22:00:00","2026-09-03 20:32:58"
Nederland,Solar,Hour,0,0,0,0,"2025-04-30 22:00:00","2025-04-30 23:00:00","2026-09-03 20:32:58"
Nederland,Solar,Hour,0,0,0,0,"2025-04-30 23:00:00","2025-05-01 00:00:00","2026-09-03 20:32:58"
Nederland,Solar,Hour,0,0,0,0,"2025-05-01 00:00:00","2025-05-01 01:00:00","2026-09-03 20:32:58"
Nederland,Solar,Hour,0,0,0,0,"2025-05-01 01:00:00","2025-05-01 02:00:00","2026-09-03 20:32:58"
Nederland,Solar,Hour,0,0,0,0,"2025-05-01 02:00:00","2025-05-01 03:00:00","2026-09-03 20:32:58"
Nederland,Solar,Hour,0,0,0,0,"2025-05-01 03:00:00","2025-05-01 04:00:00","2026-09-03 20:32:58"
Nederland,Solar,Hour,107244,107244,0,0,"2025-05-01 04:00:00","2025-05-01 05:00:00","2026-09-03 20:32:58"
Nederland,Solar,Hour,2002796,2002793,0,0,"2025-05-01 05:00:00","2025-05-01 06:00:00","2026-09-03 20:32:58"
Nederland,Solar,Hour,5370361,5370360,0,0,"2025-05-01 06:00:00","2025-05-01 07:00:00","2026-09-03 20:32:58"
Nederland,Solar,Hour,8351212,8351211,0,0,"2025-05-01 07:00:00","2025-05-01 08:00:00","2026-09-03 20:32:58"
Nederland,Solar,Hour,11639633,11639630,0,0,"2025-05-01 08:00:00","2025-05-01 09:00:00","2026-09-03 20:32:58"
Nederland,Solar,Hour,14141455,14141453,0,0,"2025-05-01 09:00:00","2025-05-01 10:00:00","2026-09-03 20:32:58"
Nederland,Solar,Hour,15771114,15771111,0,0,"2025-05-01 10:00:00","2025-05-01 11:00:00","2026-09-03 20:32:58"
Nederland,Solar,Hour,16431062,16431059,0,0,"2025-05-01 11:00:00","2025-05-01 12:00:00","2026-09-03 20:32:58"
Nederland,Solar,Hour,16196056,16196054,0,0,"2025-05-01 12:00:00","2025-05-01 13:00:00","2026-09-03 20:32:58"
Nederland,Solar,Hour,14940517,14940515,0,0,"2025-05-01 13:00:00","2025-05-01 14:00:00","2026-09-03 20:32:58"
Nederland,Solar,Hour,12447920,12447918,0,0,"2025-05-01 14:00:00","2025-05-01 15:00:00","2026-09-03 20:32:58"
Nederland,Solar,Hour,10436578,10436576,0,0,"2025-05-01 15:00:00","2025-05-01 16:00:00","2026-09-03 20:32:58"
Nederland,Solar,Hour,6314419,6314417,0,0,"2025-05-01 16:00:00","2025-05-01 17:00:00","2026-09-03 20:32:58"
Nederland,Solar,Hour,2967149,2967147,0,0,"2025-05-01 17:00:00","2025-05-01 18:00:00","2026-09-03 20:32:58"
Nederland,Solar,Hour,601538,601537,0,0,"2025-05-01 18:00:00","2025-05-01 19:00:00","2026-09-03 20:32:58"
Nederland,Solar,Hour,4467,4467,0,0,"2025-05-01 19:00:00","2025-05-01 20:00:00","2026-09-03 20:32:58"
Nederland,Solar,Hour,0,0,0,0,"2025-05-01 20:00:00","2025-05-01 21:00:00","2026-09-03 20:32:58"
Nederland,Solar,Hour,0,0,0,0,"2025-05-01 21:00:00","2025-05-01 22:00:00","2026-09-03 20:32:58"
Nederland,Solar,Hour,0,0,0,0,"2025-05-01 22:00:00","2025-05-01 23:00:00","2026-09-03 20:32:58"
Nederland,Solar,Hour,0,0,0,0,"2025-05-01 23:00:00","2025-05-02 00:00:00","2026-09-03 20:32:58"
Nederland,Solar,Hour,0,0,0,0,"2025-05-02 00:00:00","2025-05-02 01:00:00","2026-09-03 20:32:58"
Nederland,Solar,Hour,0,0,0,0,"2025-05-02 01:00:00","2025-05-02 02:00:00","2026-09-03 20:32:58"
Nederland,Solar,Hour,0,0,0,0,"2025-05-02 02:00:00","2025-05-02 03:00:00","2026-09-03 20:32:58"
Nederland,Solar,Hour,0,0,0,0,"2025-05-02 03:00:00","2025-05-02 04:00:00","2026-09-03 20:32:58"
Nederland,Solar,Hour,91201,91200,0,0,"2025-05-02 04:00:00","2025-05-02 05:00:00","2026-09-03 20:32:58"
Nederland,Solar,Hour,1862749,1862747,0,0,"2025-05-02 05:00:00","2025-05-02 06:00:00","2026-09-03 20:32:58"
Nederland,Solar,Hour,4671575,4671573,0,0,"2025-05-02 06:00:00","2025-05-02 07:00:00","2026-09-03 20:32:58"
Nederland,Solar,Hour,7108714,7108712,0,0,"2025-05-02 07:00:00","2025-05-02 08:00:00","2026-09-03 20:32:58"
Nederland,Solar,Hour,9813007,9813006,0,0,"2025-05-02 08:00:00","2025-05-02 09:00:00","2026-09-03 20:32:58"
Nederland,Solar,Hour,10230313,10230309,0,0,"2025-05-02 09:00:00","2025-05-02 10:00:00","2026-09-03 20:32:58"
Nederland,Solar,Hour,8820189,8820188,0,0,"2025-05-02 10:00:00","2025-05-02 11:00:00","2026-09-03 20:32:58"
Nederland,Solar,Hour,9539819,9539817,0,0,"2025-05-02 11:00:00","2025-05-02 12:00:00","2026-09-03 20:32:58"
Nederland,Solar,Hour,12269742,12269740,0,0,"2025-05-02 12:00:00","2025-05-02 13:00:00","2026-09-03 20:32:58"
Nederland,Solar,Hour,13654879,13654877,0,0,"2025-05-02 13:00:00","2025-05-02 14:00:00","2026-09-03 20:32:58"
Nederland,Solar,Hour,13800227,13800225,0,0,"2025-05-02 14:00:00","2025-05-02 15:00:00","2026-09-03 20:32:58"
Nederland,Solar,Hour,10743024,10743022,0,0,"2025-05-02 15:00:00","2025-05-02 16:00:00","2026-09-03 20:32:58"
Nederland,Solar,Hour,6911075,6911073,0,0,"2025-05-02 16:00:00","2025-05-02 17:00:00","2026-09-03 20:32:58"
Nederland,Solar,Hour,3339747,3339745,0,0,"2025-05-02 17:00:00","2025-05-02 18:00:00","2026-09-03 20:32:58"
Nederland,Solar,Hour,841128,841127,0,0,"2025-05-02 18:00:00","2025-05-02 19:00:00","2026-09-03 20:32:58"
Nederland,Solar,Hour,1494,1494,0,0,"2025-05-02 19:00:00","2025-05-02 20:00:00","2026-09-03 20:32:58"
Nederland,Solar,Hour,0,0,0,0,"2025-05-02 20:00:00","2025-05-02 21:00:00","2026-09-03 20:32:58"
Nederland,Solar,Hour,0,0,0,0,"2025-05-02 21:00:00","2025-05-02 22:00:00","2026-09-03 20:32:58"
Nederland,Solar,Hour,0,0,0,0,"2025-05-02 22:00:00","2025-05-02 23:00:00","2026-09-03 20:32:58"
Nederland,Solar,Hour,0,0,0,0,"2025-05-02 23:00:00","2025-05-03 00:00:00","2026-09-03 20:32:58"
Nederland,Solar,Hour,0,0,0,0,"2025-05-03 00:00:00","2025-05-03 01:00:00","2026-09-03 20:32:58"
Nederland,Solar,Hour,0,0,0,0,"2025-05-03 01:00:00","2025-05-03 02:00:00","2026-09-03 20:32:58"
Nederland,Solar,Hour,0,0,0,0,"2025-05-03 02:00:00","2025-05-03 03:00:00","2026-09-03 20:32:58"
Nederland,Solar,Hour,0,0,0,0,"2025-05-03 03:00:00","2025-05-03 04:00:00","2026-09-03 20:32:58"
Nederland,Solar,Hour,158189,158187,0,0,"2025-05-03 04:00:00","2025-05-03 05:00:00","2026-09-03 20:32:58"
Nederland,Solar,Hour,2004418,2004416,0,0,"2025-05-03 05:00:00","2025-05-03 06:00:00","2026-09-03 20:32:58"
Nederland,Solar,Hour,5018696,5018694,0,0,"2025-05-03 06:00:00","2025-05-03 07:00:00","2026-09-03 20:32:58"
Nederland,Solar,Hour,8385728,8385725,0,0,"2025-05-03 07:00:00","2025-05-03 08:00:00","2026-09-03 20:32:58"
Nederland,Solar,Hour,11669688,11669686,0,0,"2025-05-03 08:00:00","2025-05-03 09:00:00","2026-09-03 20:32:58"
Nederland,Solar,Hour,14122356,14122354,0,0,"2025-05-03 09:00:00","2025-05-03 10:00:00","2026-09-03 20:32:58"
Nederland,Solar,Hour,14822390,14822389,0,0,"2025-05-03 10:00:00","2025-05-03 11:00:00","2026-09-03 20:32:58"
Nederland,Solar,Hour,15147744,15147743,0,0,"2025-05-03 11:00:00","2025-05-03 12:00:00","2026-09-03 20:32:58"
Nederland,Solar,Hour,14789860,14789858,0,0,"2025-05-03 12:00:00","2025-05-03 13:00:00","2026-09-03 20:32:58"
Nederland,Solar,Hour,11343350,11343347,0,0,"2025-05-03 13:00:00","2025-05-03 14:00:00","2026-09-03 20:32:58"
Nederland,Solar,Hour,9415429,9415428,0,0,"2025-05-03 14:00:00","2025-05-03 15:00:00","2026-09-03 20:32:58"
Nederland,Solar,Hour,8602096,8602095,0,0,"2025-05-03 15:00:00","2025-05-03 16:00:00","2026-09-03 20:32:58"
Nederland,Solar,Hour,5052638,5052636,0,0,"2025-05-03 16:00:00","2025-05-03 17:00:00","2026-09-03 20:32:58"
Nederland,Solar,Hour,2112290,2112288,0,0,"2025-05-03 17:00:00","2025-05-03 18:00:00","2026-09-03 20:32:58"
Nederland,Solar,Hour,763614,763613,0,0,"2025-05-03 18:00:00","2025-05-03 19:00:00","2026-09-03 20:32:58"
Nederland,Solar,Hour,27779,27779,0,0,"2025-05-03 19:00:00","2025-05-03 20:00:00","2026-09-03 20:32:58"
Nederland,Solar,Hour,0,0,0,0,"2025-05-03 20:00:00","2025-05-03 21:00:00","2026-09-03 20:32:58"
Nederland,Solar,Hour,0,0,0,0,"2025-05-03 21:00:00","2025-05-03 22:00:00","2026-09-03 20:32:58"
Nederland,Solar,Hour,0,0,0,0,"2025-05-03 22:00:00","2025-05-03 23:00:00","2026-09-03 20:32:58"
Nederland,Solar,Hour,0,0,0,0,"2025-05-03 23:00:00","2025-05-04 00:00:00","2026-09-03 20:32:58"
Nederland,Solar,Hour,0,0,0,0,"2025-05-04 00:00:00","2025-05-04 01:00:00","2026-09-03 20:32:58"
Nederland,Solar,Hour,0,0,0,0,"2025-05-04 01:00:00","2025-05-04 02:00:00","2026-09-03 20:32:58"
Nederland,Solar,Hour,0,0,0,0,"2025-05-04 02:00:00","2025-05-04 03:00:00","2026-09-03 20:32:58"
Nederland,Solar,Hour,0,0,0,0,"2025-05-04 03:00:00","2025-05-04 04:00:00","2026-09-03 20:32:58"
Nederland,Solar,Hour,71934,71933,0,0,"2025-05-04 04:00:00","2025-05-04 05:00:00","2026-09-03 20:32:58"
Nederland,Solar,Hour,1175153,1175150,0,0,"2025-05-04 05:00:00","2025-05-04 06:00:00","2026-09-03 20:32:58"
Nederland,Solar,Hour,3272512,3272509,0,0,"2025-05-04 06:00:00","2025-05-04 07:00:00","2026-09-03 20:32:58"
Nederland,Solar,Hour,5142664,5142662,0,0,"2025-05-04 07:00:00","2025-05-04 08:00:00","2026-09-03 20:32:58"
Nederland,Solar,Hour,6356314,6356312,0,0,"2025-05-04 08:00:00","2025-05-04 09:00:00","2026-09-03 20:32:58"
Nederland,Solar,Hour,9063020,9063018,0,0,"2025-05-04 09:00:00","2025-05-04 10:00:00","2026-09-03 20:32:58"
Nederland,Solar,Hour,9970189,9970187,0,0,"2025-05-04 10:00:00","2025-05-04 11:00:00","2026-09-03 20:32:58"
Nederland,Solar,Hour,11666497,11666495,0,0,"2025-05-04 11:00:00","2025-05-04 12:00:00","2026-09-03 20:32:58"
Nederland,Solar,Hour,9724036,9724035,0,0,"2025-05-04 12:00:00","2025-05-04 13:00:00","2026-09-03 20:32:58"
Nederland,Solar,Hour,10424073,10424071,0,0,"2025-05-04 13:00:00","2025-05-04 14:00:00","2026-09-03 20:32:58"
Nederland,Solar,Hour,9414353,9414352,0,0,"2025-05-04 14:00:00","2025-05-04 15:00:00","2026-09-03 20:32:58"
Nederland,Solar,Hour,7902310,7902308,0,0,"2025-05-04 15:00:00","2025-05-04 16:00:00","2026-09-03 20:32:58"
Nederland,Solar,Hour,5528460,5528459,0,0,"2025-05-04 16:00:00","2025-05-04 17:00:00","2026-09-03 20:32:58"
Nederland,Solar,Hour,2994342,2994339,0,0,"2025-05-04 17:00:00","2025-05-04 18:00:00","2026-09-03 20:32:58"
Nederland,Solar,Hour,951534,951532,0,0,"2025-05-04 18:00:00","2025-05-04 19:00:00","2026-09-03 20:32:58"
Nederland,Solar,Hour,14135,14135,0,0,"2025-05-04 19:00:00","2025-05-04 20:00:00","2026-09-03 20:32:58"
Nederland,Solar,Hour,0,0,0,0,"2025-05-04 20:00:00","2025-05-04 21:00:00","2026-09-03 20:32:58"
Nederland,Solar,Hour,0,0,0,0,"2025-05-04 21:00:00","2025-05-04 22:00:00","2026-09-03 20:32:58"
Nederland,Solar,Hour,0,0,0,0,"2025-05-04 22:00:00","2025-05-04 23:00:00","2026-09-03 20:32:58"
Nederland,Solar,Hour,0,0,0,0,"2025-05-04 23:00:00","2025-05-05 00:00:00","2026-09-03 20:32:58"
Nederland,Solar,Hour,0,0,0,0,"2025-05-05 00:00:00","2025-05-05 01:00:00","2026-09-03 20:31:23"
Nederland,Solar,Hour,0,0,0,0,"2025-05-05 01:00:00","2025-05-05 02:00:00","2026-09-03 20:31:23"
Nederland,Solar,Hour,0,0,0,0,"2025-05-05 02:00:00","2025-05-05 03:00:00","2026-09-03 20:31:23"
Nederland,Solar,Hour,0,0,0,0,"2025-05-05 03:00:00","2025-05-05 04:00:00","2026-09-03 20:31:23"
Nederland,Solar,Hour,167865,167864,0,0,"2025-05-05 04:00:00","2025-05-05 05:00:00","2026-09-03 20:31:23"
Nederland,Solar,Hour,1917649,1917646,0,0,"2025-05-05 05:00:00","2025-05-05 06:00:00","2026-09-03 20:31:23"
Nederland,Solar,Hour,4666666,4666664,0,0,"2025-05-05 06:00:00","2025-05-05 07:00:00","2026-09-03 20:31:23"
Nederland,Solar,Hour,8380794,8380791,0,0,"2025-05-05 07:00:00","2025-05-05 08:00:00","2026-09-03 20:31:23"
Nederland,Solar,Hour,11541624,11541623,0,0,"2025-05-05 08:00:00","2025-05-05 09:00:00","2026-09-03 20:31:23"
Nederland,Solar,Hour,12709309,12709306,0,0,"2025-05-05 09:00:00","2025-05-05 10:00:00","2026-09-03 20:31:23"
Nederland,Solar,Hour,14487036,14487035,0,0,"2025-05-05 10:00:00","2025-05-05 11:00:00","2026-09-03 20:31:23"
Nederland,Solar,Hour,13557142,13557140,0,0,"2025-05-05 11:00:00","2025-05-05 12:00:00","2026-09-03 20:31:23"
Nederland,Solar,Hour,12288179,12288176,0,0,"2025-05-05 12:00:00","2025-05-05 13:00:00","2026-09-03 20:31:23"
Nederland,Solar,Hour,11799439,11799437,0,0,"2025-05-05 13:00:00","2025-05-05 14:00:00","2026-09-03 20:31:23"
Nederland,Solar,Hour,11499728,11499726,0,0,"2025-05-05 14:00:00","2025-05-05 15:00:00","2026-09-03 20:31:23"
Nederland,Solar,Hour,9203539,9203538,0,0,"2025-05-05 15:00:00","2025-05-05 16:00:00","2026-09-03 20:31:23"
Nederland,Solar,Hour,6456813,6456810,0,0,"2025-05-05 16:00:00","2025-05-05 17:00:00","2026-09-03 20:31:23"
Nederland,Solar,Hour,3291189,3291187,0,0,"2025-05-05 17:00:00","2025-05-05 18:00:00","2026-09-03 20:31:23"
Nederland,Solar,Hour,1132505,1132501,0,0,"2025-05-05 18:00:00","2025-05-05 19:00:00","2026-09-03 20:31:23"
Nederland,Solar,Hour,19531,19530,0,0,"2025-05-05 19:00:00","2025-05-05 20:00:00","2026-09-03 20:31:23"
Nederland,Solar,Hour,0,0,0,0,"2025-05-05 20:00:00","2025-05-05 21:00:00","2026-09-03 20:31:23"
Nederland,Solar,Hour,0,0,0,0,"2025-05-05 21:00:00","2025-05-05 22:00:00","2026-09-03 20:31:23"
Nederland,Solar,Hour,0,0,0,0,"2025-05-05 22:00:00","2025-05-05 23:00:00","2026-09-03 20:31:23"
Nederland,Solar,Hour,0,0,0,0,"2025-05-05 23:00:00","2025-05-06 00:00:00","2026-09-03 20:31:23"
Nederland,Solar,Hour,0,0,0,0,"2025-05-06 00:00:00","2025-05-06 01:00:00","2026-09-03 20:31:23"
Nederland,Solar,Hour,0,0,0,0,"2025-05-06 01:00:00","2025-05-06 02:00:00","2026-09-03 20:31:23"
Nederland,Solar,Hour,0,0,0,0,"2025-05-06 02:00:00","2025-05-06 03:00:00","2026-09-03 20:31:23"
Nederland,Solar,Hour,0,0,0,0,"2025-05-06 03:00:00","2025-05-06 04:00:00","2026-09-03 20:31:23"
Nederland,Solar,Hour,224521,224518,0,0,"2025-05-06 04:00:00","2025-05-06 05:00:00","2026-09-03 20:31:23"
Nederland,Solar,Hour,2189572,2189570,0,0,"2025-05-06 05:00:00","2025-05-06 06:00:00","2026-09-03 20:31:23"
Nederland,Solar,Hour,5177830,5177829,0,0,"2025-05-06 06:00:00","2025-05-06 07:00:00","2026-09-03 20:31:23"
Nederland,Solar,Hour,8459155,8459153,0,0,"2025-05-06 07:00:00","2025-05-06 08:00:00","2026-09-03 20:31:23"
Nederland,Solar,Hour,10892199,10892197,0,0,"2025-05-06 08:00:00","2025-05-06 09:00:00","2026-09-03 20:31:23"
Nederland,Solar,Hour,12394818,12394816,0,0,"2025-05-06 09:00:00","2025-05-06 10:00:00","2026-09-03 20:31:23"
Nederland,Solar,Hour,12259131,12259128,0,0,"2025-05-06 10:00:00","2025-05-06 11:00:00","2026-09-03 20:31:23"
Nederland,Solar,Hour,11764283,11764281,0,0,"2025-05-06 11:00:00","2025-05-06 12:00:00","2026-09-03 20:31:23"
Nederland,Solar,Hour,11291825,11291823,0,0,"2025-05-06 12:00:00","2025-05-06 13:00:00","2026-09-03 20:31:23"
Nederland,Solar,Hour,9469735,9469733,0,0,"2025-05-06 13:00:00","2025-05-06 14:00:00","2026-09-03 20:31:23"
Nederland,Solar,Hour,7264142,7264141,0,0,"2025-05-06 14:00:00","2025-05-06 15:00:00","2026-09-03 20:31:23"
Nederland,Solar,Hour,5013702,5013700,0,0,"2025-05-06 15:00:00","2025-05-06 16:00:00","2026-09-03 20:31:23"
Nederland,Solar,Hour,2947983,2947982,0,0,"2025-05-06 16:00:00","2025-05-06 17:00:00","2026-09-03 20:31:23"
Nederland,Solar,Hour,1763853,1763850,0,0,"2025-05-06 17:00:00","2025-05-06 18:00:00","2026-09-03 20:31:23"
Nederland,Solar,Hour,534763,534761,0,0,"2025-05-06 18:00:00","2025-05-06 19:00:00","2026-09-03 20:31:23"
Nederland,Solar,Hour,14238,14238,0,0,"2025-05-06 19:00:00","2025-05-06 20:00:00","2026-09-03 20:31:23"
Nederland,Solar,Hour,0,0,0,0,"2025-05-06 20:00:00","2025-05-06 21:00:00","2026-09-03 20:31:23"
Nederland,Solar,Hour,0,0,0,0,"2025-05-06 21:00:00","2025-05-06 22:00:00","2026-09-03 20:31:23"
Nederland,Solar,Hour,0,0,0,0,"2025-05-06 22:00:00","2025-05-06 23:00:00","2026-09-03 20:31:23"
Nederland,Solar,Hour,0,0,0,0,"2025-05-06 23:00:00","2025-05-07 00:00:00","2026-09-03 20:31:23"
Nederland,Solar,Hour,0,0,0,0,"2025-05-07 00:00:00","2025-05-07 01:00:00","2026-09-03 20:31:23"
Nederland,Solar,Hour,0,0,0,0,"2025-05-07 01:00:00","2025-05-07 02:00:00","2026-09-03 20:31:23"
Nederland,Solar,Hour,0,0,0,0,"2025-05-07 02:00:00","2025-05-07 03:00:00","2026-09-03 20:31:23"
Nederland,Solar,Hour,0,0,0,0,"2025-05-07 03:00:00","2025-05-07 04:00:00","2026-09-03 20:31:23"
Nederland,Solar,Hour,153628,153628,0,0,"2025-05-07 04:00:00","2025-05-07 05:00:00","2026-09-03 20:31:23"
Nederland,Solar,Hour,1315100,1315098,0,0,"2025-05-07 05:00:00","2025-05-07 06:00:00","2026-09-03 20:31:23"
Nederland,Solar,Hour,3294655,3294652,0,0,"2025-05-07 06:00:00","2025-05-07 07:00:00","2026-09-03 20:31:23"
Nederland,Solar,Hour,5953215,5953213,0,0,"2025-05-07 07:00:00","2025-05-07 08:00:00","2026-09-03 20:31:23"
Nederland,Solar,Hour,8172132,8172131,0,0,"2025-05-07 08:00:00","2025-05-07 09:00:00","2026-09-03 20:31:23"
Nederland,Solar,Hour,10378993,10378991,0,0,"2025-05-07 09:00:00","2025-05-07 10:00:00","2026-09-03 20:31:23"
Nederland,Solar,Hour,11601021,11601018,0,0,"2025-05-07 10:00:00","2025-05-07 11:00:00","2026-09-03 20:31:23"
Nederland,Solar,Hour,14667988,14667985,0,0,"2025-05-07 11:00:00","2025-05-07 12:00:00","2026-09-03 20:31:23"
Nederland,Solar,Hour,14544913,14544912,0,0,"2025-05-07 12:00:00","2025-05-07 13:00:00","2026-09-03 20:31:23"
Nederland,Solar,Hour,12608129,12608127,0,0,"2025-05-07 13:00:00","2025-05-07 14:00:00","2026-09-03 20:31:23"
Nederland,Solar,Hour,11264032,11264029,0,0,"2025-05-07 14:00:00","2025-05-07 15:00:00","2026-09-03 20:31:23"
Nederland,Solar,Hour,8461206,8461204,0,0,"2025-05-07 15:00:00","2025-05-07 16:00:00","2026-09-03 20:31:23"
Nederland,Solar,Hour,5836733,5836730,0,0,"2025-05-07 16:00:00","2025-05-07 17:00:00","2026-09-03 20:31:23"
Nederland,Solar,Hour,2823202,2823200,0,0,"2025-05-07 17:00:00","2025-05-07 18:00:00","2026-09-03 20:31:23"
Nederland,Solar,Hour,940362,940360,0,0,"2025-05-07 18:00:00","2025-05-07 19:00:00","2026-09-03 20:31:23"
Nederland,Solar,Hour,33675,33674,0,0,"2025-05-07 19:00:00","2025-05-07 20:00:00","2026-09-03 20:31:23"
Nederland,Solar,Hour,0,0,0,0,"2025-05-07 20:00:00","2025-05-07 21:00:00","2026-09-03 20:31:23"
Nederland,Solar,Hour,0,0,0,0,"2025-05-07 21:00:00","2025-05-07 22:00:00","2026-09-03 20:31:23"
Nederland,Solar,Hour,0,0,0,0,"2025-05-07 22:00:00","2025-05-07 23:00:00","2026-09-03 20:31:23"
Nederland,Solar,Hour,0,0,0,0,"2025-05-07 23:00:00","2025-05-08 00:00:00","2026-09-03 20:31:23"
Nederland,Solar,Hour,0,0,0,0,"2025-05-08 00:00:00","2025-05-08 01:00:00","2026-09-03 20:31:23"
Nederland,Solar,Hour,0,0,0,0,"2025-05-08 01:00:00","2025-05-08 02:00:00","2026-09-03 20:31:23"
Nederland,Solar,Hour,0,0,0,0,"2025-05-08 02:00:00","2025-05-08 03:00:00","2026-09-03 20:31:23"
Nederland,Solar,Hour,0,0,0,0,"2025-05-08 03:00:00","2025-05-08 04:00:00","2026-09-03 20:31:23"
Nederland,Solar,Hour,231862,231860,0,0,"2025-05-08 04:00:00","2025-05-08 05:00:00","2026-09-03 20:31:23"
Nederland,Solar,Hour,2070635,2070633,0,0,"2025-05-08 05:00:00","2025-05-08 06:00:00","2026-09-03 20:31:23"
Nederland,Solar,Hour,4730632,4730630,0,0,"2025-05-08 06:00:00","2025-05-08 07:00:00","2026-09-03 20:31:23"
Nederland,Solar,Hour,8807825,8807822,0,0,"2025-05-08 07:00:00","2025-05-08 08:00:00","2026-09-03 20:31:23"
Nederland,Solar,Hour,12618418,12618416,0,0,"2025-05-08 08:00:00","2025-05-08 09:00:00","2026-09-03 20:31:23"
Nederland,Solar,Hour,15968733,15968731,0,0,"2025-05-08 09:00:00","2025-05-08 10:00:00","2026-09-03 20:31:23"
Nederland,Solar,Hour,17550376,17550373,0,0,"2025-05-08 10:00:00","2025-05-08 11:00:00","2026-09-03 20:31:23"
Nederland,Solar,Hour,17101867,17101865,0,0,"2025-05-08 11:00:00","2025-05-08 12:00:00","2026-09-03 20:31:23"
Nederland,Solar,Hour,16163741,16163739,0,0,"2025-05-08 12:00:00","2025-05-08 13:00:00","2026-09-03 20:31:23"
Nederland,Solar,Hour,13403311,13403310,0,0,"2025-05-08 13:00:00","2025-05-08 14:00:00","2026-09-03 20:31:23"
Nederland,Solar,Hour,11170807,11170804,0,0,"2025-05-08 14:00:00","2025-05-08 15:00:00","2026-09-03 20:31:23"
Nederland,Solar,Hour,8362894,8362892,0,0,"2025-05-08 15:00:00","2025-05-08 16:00:00","2026-09-03 20:31:23"
Nederland,Solar,Hour,5757374,5757372,0,0,"2025-05-08 16:00:00","2025-05-08 17:00:00","2026-09-03 20:31:23"
Nederland,Solar,Hour,2857246,2857244,0,0,"2025-05-08 17:00:00","2025-05-08 18:00:00","2026-09-03 20:31:23"
Nederland,Solar,Hour,978121,978119,0,0,"2025-05-08 18:00:00","2025-05-08 19:00:00","2026-09-03 20:31:23"
Nederland,Solar,Hour,40274,40274,0,0,"2025-05-08 19:00:00","2025-05-08 20:00:00","2026-09-03 20:31:23"
Nederland,Solar,Hour,0,0,0,0,"2025-05-08 20:00:00","2025-05-08 21:00:00","2026-09-03 20:31:23"
Nederland,Solar,Hour,0,0,0,0,"2025-05-08 21:00:00","2025-05-08 22:00:00","2026-09-03 20:31:23"
Nederland,Solar,Hour,0,0,0,0,"2025-05-08 22:00:00","2025-05-08 23:00:00","2026-09-03 20:31:23"
Nederland,Solar,Hour,0,0,0,0,"2025-05-08 23:00:00","2025-05-09 00:00:00","2026-09-03 20:31:23"
Nederland,Solar,Hour,0,0,0,0,"2025-05-09 00:00:00","2025-05-09 01:00:00","2026-09-03 20:31:23"
Nederland,Solar,Hour,0,0,0,0,"2025-05-09 01:00:00","2025-05-09 02:00:00","2026-09-03 20:31:23"
Nederland,Solar,Hour,0,0,0,0,"2025-05-09 02:00:00","2025-05-09 03:00:00","2026-09-03 20:31:23"
Nederland,Solar,Hour,0,0,0,0,"2025-05-09 03:00:00","2025-05-09 04:00:00","2026-09-03 20:31:23"
Nederland,Solar,Hour,365185,365184,0,0,"2025-05-09 04:00:00","2025-05-09 05:00:00","2026-09-03 20:31:23"
Nederland,Solar,Hour,2652765,2652763,0,0,"2025-05-09 05:00:00","2025-05-09 06:00:00","2026-09-03 20:31:23"
Nederland,Solar,Hour,6090097,6090096,0,0,"2025-05-09 06:00:00","2025-05-09 07:00:00","2026-09-03 20:31:23"
Nederland,Solar,Hour,10146039,10146036,0,0,"2025-05-09 07:00:00","2025-05-09 08:00:00","2026-09-03 20:31:23"
Nederland,Solar,Hour,14081607,14081604,0,0,"2025-05-09 08:00:00","2025-05-09 09:00:00","2026-09-03 20:31:23"
Nederland,Solar,Hour,16924050,16924048,0,0,"2025-05-09 09:00:00","2025-05-09 10:00:00","2026-09-03 20:31:23"
Nederland,Solar,Hour,16929572,16929572,0,0,"2025-05-09 10:00:00","2025-05-09 11:00:00","2026-09-03 20:31:23"
Nederland,Solar,Hour,17700806,17700805,0,0,"2025-05-09 11:00:00","2025-05-09 12:00:00","2026-09-03 20:31:23"
Nederland,Solar,Hour,16420195,16420193,0,0,"2025-05-09 12:00:00","2025-05-09 13:00:00","2026-09-03 20:31:23"
Nederland,Solar,Hour,14670598,14670596,0,0,"2025-05-09 13:00:00","2025-05-09 14:00:00","2026-09-03 20:31:23"
Nederland,Solar,Hour,14006676,14006674,0,0,"2025-05-09 14:00:00","2025-05-09 15:00:00","2026-09-03 20:31:23"
Nederland,Solar,Hour,11233964,11233962,0,0,"2025-05-09 15:00:00","2025-05-09 16:00:00","2026-09-03 20:31:23"
Nederland,Solar,Hour,7574134,7574132,0,0,"2025-05-09 16:00:00","2025-05-09 17:00:00","2026-09-03 20:31:23"
Nederland,Solar,Hour,3880689,3880687,0,0,"2025-05-09 17:00:00","2025-05-09 18:00:00","2026-09-03 20:31:23"
Nederland,Solar,Hour,1273051,1273049,0,0,"2025-05-09 18:00:00","2025-05-09 19:00:00","2026-09-03 20:31:23"
Nederland,Solar,Hour,80166,80165,0,0,"2025-05-09 19:00:00","2025-05-09 20:00:00","2026-09-03 20:31:23"
Nederland,Solar,Hour,0,0,0,0,"2025-05-09 20:00:00","2025-05-09 21:00:00","2026-09-03 20:31:23"
Nederland,Solar,Hour,0,0,0,0,"2025-05-09 21:00:00","2025-05-09 22:00:00","2026-09-03 20:31:23"
Nederland,Solar,Hour,0,0,0,0,"2025-05-09 22:00:00","2025-05-09 23:00:00","2026-09-03 20:31:23"
Nederland,Solar,Hour,0,0,0,0,"2025-05-09 23:00:00","2025-05-10 00:00:00","2026-09-03 20:31:23"
Nederland,Solar,Hour,0,0,0,0,"2025-05-10 00:00:00","2025-05-10 01:00:00","2026-09-03 20:29:47"
Nederland,Solar,Hour,0,0,0,0,"2025-05-10 01:00:00","2025-05-10 02:00:00","2026-09-03 20:29:47"
Nederland,Solar,Hour,0,0,0,0,"2025-05-10 02:00:00","2025-05-10 03:00:00","2026-09-03 20:29:47"
Nederland,Solar,Hour,0,0,0,0,"2025-05-10 03:00:00","2025-05-10 04:00:00","2026-09-03 20:29:47"
Nederland,Solar,Hour,358353,358352,0,0,"2025-05-10 04:00:00","2025-05-10 05:00:00","2026-09-03 20:29:47"
Nederland,Solar,Hour,2670865,2670862,0,0,"2025-05-10 05:00:00","2025-05-10 06:00:00","2026-09-03 20:29:47"
Nederland,Solar,Hour,6111912,6111910,0,0,"2025-05-10 06:00:00","2025-05-10 07:00:00","2026-09-03 20:29:47"
Nederland,Solar,Hour,10119175,10119173,0,0,"2025-05-10 07:00:00","2025-05-10 08:00:00","2026-09-03 20:29:47"
Nederland,Solar,Hour,12515471,12515468,0,0,"2025-05-10 08:00:00","2025-05-10 09:00:00","2026-09-03 20:29:47"
Nederland,Solar,Hour,15113800,15113798,0,0,"2025-05-10 09:00:00","2025-05-10 10:00:00","2026-09-03 20:29:47"
Nederland,Solar,Hour,16810093,16810091,0,0,"2025-05-10 10:00:00","2025-05-10 11:00:00","2026-09-03 20:29:47"
Nederland,Solar,Hour,17596161,17596159,0,0,"2025-05-10 11:00:00","2025-05-10 12:00:00","2026-09-03 20:29:47"
Nederland,Solar,Hour,17265653,17265650,0,0,"2025-05-10 12:00:00","2025-05-10 13:00:00","2026-09-03 20:29:47"
Nederland,Solar,Hour,15960315,15960312,0,0,"2025-05-10 13:00:00","2025-05-10 14:00:00","2026-09-03 20:29:47"
Nederland,Solar,Hour,13245442,13245441,0,0,"2025-05-10 14:00:00","2025-05-10 15:00:00","2026-09-03 20:29:47"
Nederland,Solar,Hour,11016527,11016525,0,0,"2025-05-10 15:00:00","2025-05-10 16:00:00","2026-09-03 20:29:47"
Nederland,Solar,Hour,7652515,7652513,0,0,"2025-05-10 16:00:00","2025-05-10 17:00:00","2026-09-03 20:29:47"
Nederland,Solar,Hour,3714040,3714038,0,0,"2025-05-10 17:00:00","2025-05-10 18:00:00","2026-09-03 20:29:47"
Nederland,Solar,Hour,1253157,1253155,0,0,"2025-05-10 18:00:00","2025-05-10 19:00:00","2026-09-03 20:29:47"
Nederland,Solar,Hour,53749,53748,0,0,"2025-05-10 19:00:00","2025-05-10 20:00:00","2026-09-03 20:29:47"
Nederland,Solar,Hour,503,503,0,0,"2025-05-10 20:00:00","2025-05-10 21:00:00","2026-09-03 20:29:47"
Nederland,Solar,Hour,0,0,0,0,"2025-05-10 21:00:00","2025-05-10 22:00:00","2026-09-03 20:29:47"
Nederland,Solar,Hour,0,0,0,0,"2025-05-10 22:00:00","2025-05-10 23:00:00","2026-09-03 20:29:47"
Nederland,Solar,Hour,0,0,0,0,"2025-05-10 23:00:00","2025-05-11 00:00:00","2026-09-03 20:29:47"
Nederland,Solar,Hour,0,0,0,0,"2025-05-11 00:00:00","2025-05-11 01:00:00","2026-09-03 20:29:47"
Nederland,Solar,Hour,0,0,0,0,"2025-05-11 01:00:00","2025-05-11 02:00:00","2026-09-03 20:29:47"
Nederland,Solar,Hour,0,0,0,0,"2025-05-11 02:00:00","2025-05-11 03:00:00","2026-09-03 20:29:47"
Nederland,Solar,Hour,0,0,0,0,"2025-05-11 03:00:00","2025-05-11 04:00:00","2026-09-03 20:29:47"
Nederland,Solar,Hour,402559,402557,0,0,"2025-05-11 04:00:00","2025-05-11 05:00:00","2026-09-03 20:29:47"
Nederland,Solar,Hour,2717586,2717584,0,0,"2025-05-11 05:00:00","2025-05-11 06:00:00","2026-09-03 20:29:47"
Nederland,Solar,Hour,6132990,6132988,0,0,"2025-05-11 06:00:00","2025-05-11 07:00:00","2026-09-03 20:29:47"
Nederland,Solar,Hour,9139845,9139843,0,0,"2025-05-11 07:00:00","2025-05-11 08:00:00","2026-09-03 20:29:47"
Nederland,Solar,Hour,12523899,12523897,0,0,"2025-05-11 08:00:00","2025-05-11 09:00:00","2026-09-03 20:29:47"
Nederland,Solar,Hour,15134086,15134085,0,0,"2025-05-11 09:00:00","2025-05-11 10:00:00","2026-09-03 20:29:47"
Nederland,Solar,Hour,16816588,16816587,0,0,"2025-05-11 10:00:00","2025-05-11 11:00:00","2026-09-03 20:29:47"
Nederland,Solar,Hour,17444501,17444499,0,0,"2025-05-11 11:00:00","2025-05-11 12:00:00","2026-09-03 20:29:47"
Nederland,Solar,Hour,17209921,17209920,0,0,"2025-05-11 12:00:00","2025-05-11 13:00:00","2026-09-03 20:29:47"
Nederland,Solar,Hour,15897035,15897034,0,0,"2025-05-11 13:00:00","2025-05-11 14:00:00","2026-09-03 20:29:47"
Nederland,Solar,Hour,13453408,13453405,0,0,"2025-05-11 14:00:00","2025-05-11 15:00:00","2026-09-03 20:29:47"
Nederland,Solar,Hour,10479198,10479196,0,0,"2025-05-11 15:00:00","2025-05-11 16:00:00","2026-09-03 20:29:47"
Nederland,Solar,Hour,7522913,7522910,0,0,"2025-05-11 16:00:00","2025-05-11 17:00:00","2026-09-03 20:29:47"
Nederland,Solar,Hour,3816408,3816406,0,0,"2025-05-11 17:00:00","2025-05-11 18:00:00","2026-09-03 20:29:47"
Nederland,Solar,Hour,1302653,1302652,0,0,"2025-05-11 18:00:00","2025-05-11 19:00:00","2026-09-03 20:29:47"
Nederland,Solar,Hour,41785,41785,0,0,"2025-05-11 19:00:00","2025-05-11 20:00:00","2026-09-03 20:29:47"
Nederland,Solar,Hour,0,0,0,0,"2025-05-11 20:00:00","2025-05-11 21:00:00","2026-09-03 20:29:47"
Nederland,Solar,Hour,0,0,0,0,"2025-05-11 21:00:00","2025-05-11 22:00:00","2026-09-03 20:29:47"
Nederland,Solar,Hour,0,0,0,0,"2025-05-11 22:00:00","2025-05-11 23:00:00","2026-09-03 20:29:47"
Nederland,Solar,Hour,0,0,0,0,"2025-05-11 23:00:00","2025-05-12 00:00:00","2026-09-03 20:29:47"
Nederland,Solar,Hour,0,0,0,0,"2025-05-12 00:00:00","2025-05-12 01:00:00","2026-09-03 20:29:47"
Nederland,Solar,Hour,0,0,0,0,"2025-05-12 01:00:00","2025-05-12 02:00:00","2026-09-03 20:29:47"
Nederland,Solar,Hour,0,0,0,0,"2025-05-12 02:00:00","2025-05-12 03:00:00","2026-09-03 20:29:47"
Nederland,Solar,Hour,0,0,0,0,"2025-05-12 03:00:00","2025-05-12 04:00:00","2026-09-03 20:29:47"
Nederland,Solar,Hour,433390,433388,0,0,"2025-05-12 04:00:00","2025-05-12 05:00:00","2026-09-03 20:29:47"
Nederland,Solar,Hour,2737330,2737329,0,0,"2025-05-12 05:00:00","2025-05-12 06:00:00","2026-09-03 20:29:47"
Nederland,Solar,Hour,6136700,6136699,0,0,"2025-05-12 06:00:00","2025-05-12 07:00:00","2026-09-03 20:29:47"
Nederland,Solar,Hour,10141561,10141560,0,0,"2025-05-12 07:00:00","2025-05-12 08:00:00","2026-09-03 20:29:47"
Nederland,Solar,Hour,12538675,12538672,0,0,"2025-05-12 08:00:00","2025-05-12 09:00:00","2026-09-03 20:29:47"
Nederland,Solar,Hour,15189796,15189794,0,0,"2025-05-12 09:00:00","2025-05-12 10:00:00","2026-09-03 20:29:47"
Nederland,Solar,Hour,16815940,16815939,0,0,"2025-05-12 10:00:00","2025-05-12 11:00:00","2026-09-03 20:29:47"
Nederland,Solar,Hour,17554029,17554027,0,0,"2025-05-12 11:00:00","2025-05-12 12:00:00","2026-09-03 20:29:47"
Nederland,Solar,Hour,17369789,17369788,0,0,"2025-05-12 12:00:00","2025-05-12 13:00:00","2026-09-03 20:29:47"
Nederland,Solar,Hour,16086346,16086345,0,0,"2025-05-12 13:00:00","2025-05-12 14:00:00","2026-09-03 20:29:47"
Nederland,Solar,Hour,13595412,13595410,0,0,"2025-05-12 14:00:00","2025-05-12 15:00:00","2026-09-03 20:29:47"
Nederland,Solar,Hour,11684083,11684082,0,0,"2025-05-12 15:00:00","2025-05-12 16:00:00","2026-09-03 20:29:47"
Nederland,Solar,Hour,7690999,7690998,0,0,"2025-05-12 16:00:00","2025-05-12 17:00:00","2026-09-03 20:29:47"
Nederland,Solar,Hour,3912707,3912704,0,0,"2025-05-12 17:00:00","2025-05-12 18:00:00","2026-09-03 20:29:47"
Nederland,Solar,Hour,1345504,1345502,0,0,"2025-05-12 18:00:00","2025-05-12 19:00:00","2026-09-03 20:29:47"
Nederland,Solar,Hour,71138,71138,0,0,"2025-05-12 19:00:00","2025-05-12 20:00:00","2026-09-03 20:29:47"
Nederland,Solar,Hour,0,0,0,0,"2025-05-12 20:00:00","2025-05-12 21:00:00","2026-09-03 20:29:47"
Nederland,Solar,Hour,0,0,0,0,"2025-05-12 21:00:00","2025-05-12 22:00:00","2026-09-03 20:29:47"
Nederland,Solar,Hour,0,0,0,0,"2025-05-12 22:00:00","2025-05-12 23:00:00","2026-09-03 20:29:47"
Nederland,Solar,Hour,0,0,0,0,"2025-05-12 23:00:00","2025-05-13 00:00:00","2026-09-03 20:29:47"
Nederland,Solar,Hour,0,0,0,0,"2025-05-13 00:00:00","2025-05-13 01:00:00","2026-09-03 20:29:47"
Nederland,Solar,Hour,0,0,0,0,"2025-05-13 01:00:00","2025-05-13 02:00:00","2026-09-03 20:29:47"
Nederland,Solar,Hour,0,0,0,0,"2025-05-13 02:00:00","2025-05-13 03:00:00","2026-09-03 20:29:47"
Nederland,Solar,Hour,0,0,0,0,"2025-05-13 03:00:00","2025-05-13 04:00:00","2026-09-03 20:29:47"
Nederland,Solar,Hour,504200,504198,0,0,"2025-05-13 04:00:00","2025-05-13 05:00:00","2026-09-03 20:29:47"
Nederland,Solar,Hour,2869114,2869111,0,0,"2025-05-13 05:00:00","2025-05-13 06:00:00","2026-09-03 20:29:47"
Nederland,Solar,Hour,6361115,6361113,0,0,"2025-05-13 06:00:00","2025-05-13 07:00:00","2026-09-03 20:29:47"
Nederland,Solar,Hour,10508477,10508474,0,0,"2025-05-13 07:00:00","2025-05-13 08:00:00","2026-09-03 20:29:47"
Nederland,Solar,Hour,14387649,14387647,0,0,"2025-05-13 08:00:00","2025-05-13 09:00:00","2026-09-03 20:29:47"
Nederland,Solar,Hour,15591889,15591887,0,0,"2025-05-13 09:00:00","2025-05-13 10:00:00","2026-09-03 20:29:47"
Nederland,Solar,Hour,17324225,17324223,0,0,"2025-05-13 10:00:00","2025-05-13 11:00:00","2026-09-03 20:29:47"
Nederland,Solar,Hour,17963434,17963432,0,0,"2025-05-13 11:00:00","2025-05-13 12:00:00","2026-09-03 20:29:47"
Nederland,Solar,Hour,17686561,17686559,0,0,"2025-05-13 12:00:00","2025-05-13 13:00:00","2026-09-03 20:29:47"
Nederland,Solar,Hour,16402553,16402552,0,0,"2025-05-13 13:00:00","2025-05-13 14:00:00","2026-09-03 20:29:47"
Nederland,Solar,Hour,15688860,15688857,0,0,"2025-05-13 14:00:00","2025-05-13 15:00:00","2026-09-03 20:29:47"
Nederland,Solar,Hour,12166555,12166552,0,0,"2025-05-13 15:00:00","2025-05-13 16:00:00","2026-09-03 20:29:47"
Nederland,Solar,Hour,7975189,7975187,0,0,"2025-05-13 16:00:00","2025-05-13 17:00:00","2026-09-03 20:29:47"
Nederland,Solar,Hour,4034885,4034883,0,0,"2025-05-13 17:00:00","2025-05-13 18:00:00","2026-09-03 20:29:47"
Nederland,Solar,Hour,1383483,1383481,0,0,"2025-05-13 18:00:00","2025-05-13 19:00:00","2026-09-03 20:29:47"
Nederland,Solar,Hour,66537,66536,0,0,"2025-05-13 19:00:00","2025-05-13 20:00:00","2026-09-03 20:29:47"
Nederland,Solar,Hour,0,0,0,0,"2025-05-13 20:00:00","2025-05-13 21:00:00","2026-09-03 20:29:47"
Nederland,Solar,Hour,0,0,0,0,"2025-05-13 21:00:00","2025-05-13 22:00:00","2026-09-03 20:29:47"
Nederland,Solar,Hour,0,0,0,0,"2025-05-13 22:00:00","2025-05-13 23:00:00","2026-09-03 20:29:47"
Nederland,Solar,Hour,0,0,0,0,"2025-05-13 23:00:00","2025-05-14 00:00:00","2026-09-03 20:29:47"
Nederland,Solar,Hour,0,0,0,0,"2025-05-14 00:00:00","2025-05-14 01:00:00","2026-09-03 20:29:47"
Nederland,Solar,Hour,0,0,0,0,"2025-05-14 01:00:00","2025-05-14 02:00:00","2026-09-03 20:29:47"
Nederland,Solar,Hour,0,0,0,0,"2025-05-14 02:00:00","2025-05-14 03:00:00","2026-09-03 20:29:47"
Nederland,Solar,Hour,0,0,0,0,"2025-05-14 03:00:00","2025-05-14 04:00:00","2026-09-03 20:29:47"
Nederland,Solar,Hour,340875,340873,0,0,"2025-05-14 04:00:00","2025-05-14 05:00:00","2026-09-03 20:29:47"
Nederland,Solar,Hour,2559720,2559717,0,0,"2025-05-14 05:00:00","2025-05-14 06:00:00","2026-09-03 20:29:47"
Nederland,Solar,Hour,5665941,5665940,0,0,"2025-05-14 06:00:00","2025-05-14 07:00:00","2026-09-03 20:29:47"
Nederland,Solar,Hour,9401626,9401624,0,0,"2025-05-14 07:00:00","2025-05-14 08:00:00","2026-09-03 20:29:47"
Nederland,Solar,Hour,12594840,12594838,0,0,"2025-05-14 08:00:00","2025-05-14 09:00:00","2026-09-03 20:29:47"
Nederland,Solar,Hour,13738376,13738374,0,0,"2025-05-14 09:00:00","2025-05-14 10:00:00","2026-09-03 20:29:47"
Nederland,Solar,Hour,15571791,15571789,0,0,"2025-05-14 10:00:00","2025-05-14 11:00:00","2026-09-03 20:29:47"
Nederland,Solar,Hour,16661741,16661739,0,0,"2025-05-14 11:00:00","2025-05-14 12:00:00","2026-09-03 20:29:47"
Nederland,Solar,Hour,16806687,16806685,0,0,"2025-05-14 12:00:00","2025-05-14 13:00:00","2026-09-03 20:29:47"
Nederland,Solar,Hour,16026552,16026549,0,0,"2025-05-14 13:00:00","2025-05-14 14:00:00","2026-09-03 20:29:47"
Nederland,Solar,Hour,14294780,14294778,0,0,"2025-05-14 14:00:00","2025-05-14 15:00:00","2026-09-03 20:29:47"
Nederland,Solar,Hour,12295306,12295304,0,0,"2025-05-14 15:00:00","2025-05-14 16:00:00","2026-09-03 20:29:47"
Nederland,Solar,Hour,8130600,8130596,0,0,"2025-05-14 16:00:00","2025-05-14 17:00:00","2026-09-03 20:29:47"
Nederland,Solar,Hour,4063237,4063235,0,0,"2025-05-14 17:00:00","2025-05-14 18:00:00","2026-09-03 20:29:47"
Nederland,Solar,Hour,1380085,1380083,0,0,"2025-05-14 18:00:00","2025-05-14 19:00:00","2026-09-03 20:29:47"
Nederland,Solar,Hour,57606,57606,0,0,"2025-05-14 19:00:00","2025-05-14 20:00:00","2026-09-03 20:29:47"
Nederland,Solar,Hour,0,0,0,0,"2025-05-14 20:00:00","2025-05-14 21:00:00","2026-09-03 20:29:47"
Nederland,Solar,Hour,0,0,0,0,"2025-05-14 21:00:00","2025-05-14 22:00:00","2026-09-03 20:29:47"
Nederland,Solar,Hour,0,0,0,0,"2025-05-14 22:00:00","2025-05-14 23:00:00","2026-09-03 20:29:47"
Nederland,Solar,Hour,0,0,0,0,"2025-05-14 23:00:00","2025-05-15 00:00:00","2026-09-03 20:29:47"
Nederland,Solar,Hour,0,0,0,0,"2025-05-15 00:00:00","2025-05-15 01:00:00","2026-09-03 20:28:11"
Nederland,Solar,Hour,0,0,0,0,"2025-05-15 01:00:00","2025-05-15 02:00:00","2026-09-03 20:28:11"
Nederland,Solar,Hour,0,0,0,0,"2025-05-15 02:00:00","2025-05-15 03:00:00","2026-09-03 20:28:11"
Nederland,Solar,Hour,0,0,0,0,"2025-05-15 03:00:00","2025-05-15 04:00:00","2026-09-03 20:28:11"
Nederland,Solar,Hour,359431,359428,0,0,"2025-05-15 04:00:00","2025-05-15 05:00:00","2026-09-03 20:28:11"
Nederland,Solar,Hour,1677249,1677247,0,0,"2025-05-15 05:00:00","2025-05-15 06:00:00","2026-09-03 20:28:11"
Nederland,Solar,Hour,4122223,4122221,0,0,"2025-05-15 06:00:00","2025-05-15 07:00:00","2026-09-03 20:28:11"
Nederland,Solar,Hour,7569763,7569761,0,0,"2025-05-15 07:00:00","2025-05-15 08:00:00","2026-09-03 20:28:11"
Nederland,Solar,Hour,12401289,12401286,0,0,"2025-05-15 08:00:00","2025-05-15 09:00:00","2026-09-03 20:28:11"
Nederland,Solar,Hour,14594720,14594718,0,0,"2025-05-15 09:00:00","2025-05-15 10:00:00","2026-09-03 20:28:11"
Nederland,Solar,Hour,16647659,16647657,0,0,"2025-05-15 10:00:00","2025-05-15 11:00:00","2026-09-03 20:28:11"
Nederland,Solar,Hour,17534493,17534492,0,0,"2025-05-15 11:00:00","2025-05-15 12:00:00","2026-09-03 20:28:11"
Nederland,Solar,Hour,17184824,17184822,0,0,"2025-05-15 12:00:00","2025-05-15 13:00:00","2026-09-03 20:28:11"
Nederland,Solar,Hour,16147623,16147621,0,0,"2025-05-15 13:00:00","2025-05-15 14:00:00","2026-09-03 20:28:11"
Nederland,Solar,Hour,13884405,13884402,0,0,"2025-05-15 14:00:00","2025-05-15 15:00:00","2026-09-03 20:28:11"
Nederland,Solar,Hour,11403779,11403776,0,0,"2025-05-15 15:00:00","2025-05-15 16:00:00","2026-09-03 20:28:11"
Nederland,Solar,Hour,8535299,8535297,0,0,"2025-05-15 16:00:00","2025-05-15 17:00:00","2026-09-03 20:28:11"
Nederland,Solar,Hour,4300366,4300364,0,0,"2025-05-15 17:00:00","2025-05-15 18:00:00","2026-09-03 20:28:11"
Nederland,Solar,Hour,1493572,1493569,0,0,"2025-05-15 18:00:00","2025-05-15 19:00:00","2026-09-03 20:28:11"
Nederland,Solar,Hour,131198,131198,0,0,"2025-05-15 19:00:00","2025-05-15 20:00:00","2026-09-03 20:28:11"
Nederland,Solar,Hour,0,0,0,0,"2025-05-15 20:00:00","2025-05-15 21:00:00","2026-09-03 20:28:11"
Nederland,Solar,Hour,0,0,0,0,"2025-05-15 21:00:00","2025-05-15 22:00:00","2026-09-03 20:28:11"
Nederland,Solar,Hour,0,0,0,0,"2025-05-15 22:00:00","2025-05-15 23:00:00","2026-09-03 20:28:11"
Nederland,Solar,Hour,0,0,0,0,"2025-05-15 23:00:00","2025-05-16 00:00:00","2026-09-03 20:28:11"
Nederland,Solar,Hour,0,0,0,0,"2025-05-16 00:00:00","2025-05-16 01:00:00","2026-09-03 20:28:11"
Nederland,Solar,Hour,0,0,0,0,"2025-05-16 01:00:00","2025-05-16 02:00:00","2026-09-03 20:28:11"
Nederland,Solar,Hour,0,0,0,0,"2025-05-16 02:00:00","2025-05-16 03:00:00","2026-09-03 20:28:11"
Nederland,Solar,Hour,0,0,0,0,"2025-05-16 03:00:00","2025-05-16 04:00:00","2026-09-03 20:28:11"
Nederland,Solar,Hour,605959,605956,0,0,"2025-05-16 04:00:00","2025-05-16 05:00:00","2026-09-03 20:28:11"
Nederland,Solar,Hour,2874463,2874461,0,0,"2025-05-16 05:00:00","2025-05-16 06:00:00","2026-09-03 20:28:11"
Nederland,Solar,Hour,5937134,5937131,0,0,"2025-05-16 06:00:00","2025-05-16 07:00:00","2026-09-03 20:28:11"
Nederland,Solar,Hour,9648506,9648504,0,0,"2025-05-16 07:00:00","2025-05-16 08:00:00","2026-09-03 20:28:11"
Nederland,Solar,Hour,12494637,12494633,0,0,"2025-05-16 08:00:00","2025-05-16 09:00:00","2026-09-03 20:28:11"
Nederland,Solar,Hour,13251433,13251431,0,0,"2025-05-16 09:00:00","2025-05-16 10:00:00","2026-09-03 20:28:11"
Nederland,Solar,Hour,14658473,14658471,0,0,"2025-05-16 10:00:00","2025-05-16 11:00:00","2026-09-03 20:28:11"
Nederland,Solar,Hour,15609321,15609319,0,0,"2025-05-16 11:00:00","2025-05-16 12:00:00","2026-09-03 20:28:11"
Nederland,Solar,Hour,14815098,14815095,0,0,"2025-05-16 12:00:00","2025-05-16 13:00:00","2026-09-03 20:28:11"
Nederland,Solar,Hour,12947651,12947649,0,0,"2025-05-16 13:00:00","2025-05-16 14:00:00","2026-09-03 20:28:11"
Nederland,Solar,Hour,10420816,10420815,0,0,"2025-05-16 14:00:00","2025-05-16 15:00:00","2026-09-03 20:28:11"
Nederland,Solar,Hour,8071413,8071412,0,0,"2025-05-16 15:00:00","2025-05-16 16:00:00","2026-09-03 20:28:11"
Nederland,Solar,Hour,4956092,4956090,0,0,"2025-05-16 16:00:00","2025-05-16 17:00:00","2026-09-03 20:28:11"
Nederland,Solar,Hour,2350679,2350677,0,0,"2025-05-16 17:00:00","2025-05-16 18:00:00","2026-09-03 20:28:11"
Nederland,Solar,Hour,867670,867667,0,0,"2025-05-16 18:00:00","2025-05-16 19:00:00","2026-09-03 20:28:11"
Nederland,Solar,Hour,71914,71913,0,0,"2025-05-16 19:00:00","2025-05-16 20:00:00","2026-09-03 20:28:11"
Nederland,Solar,Hour,0,0,0,0,"2025-05-16 20:00:00","2025-05-16 21:00:00","2026-09-03 20:28:11"
Nederland,Solar,Hour,0,0,0,0,"2025-05-16 21:00:00","2025-05-16 22:00:00","2026-09-03 20:28:11"
Nederland,Solar,Hour,0,0,0,0,"2025-05-16 22:00:00","2025-05-16 23:00:00","2026-09-03 20:28:11"
Nederland,Solar,Hour,0,0,0,0,"2025-05-16 23:00:00","2025-05-17 00:00:00","2026-09-03 20:28:11"
Nederland,Solar,Hour,0,0,0,0,"2025-05-17 00:00:00","2025-05-17 01:00:00","2026-09-03 20:28:11"
Nederland,Solar,Hour,0,0,0,0,"2025-05-17 01:00:00","2025-05-17 02:00:00","2026-09-03 20:28:11"
Nederland,Solar,Hour,0,0,0,0,"2025-05-17 02:00:00","2025-05-17 03:00:00","2026-09-03 20:28:11"
Nederland,Solar,Hour,131,131,0,0,"2025-05-17 03:00:00","2025-05-17 04:00:00","2026-09-03 20:28:11"
Nederland,Solar,Hour,548968,548966,0,0,"2025-05-17 04:00:00","2025-05-17 05:00:00","2026-09-03 20:28:11"
Nederland,Solar,Hour,2807802,2807801,0,0,"2025-05-17 05:00:00","2025-05-17 06:00:00","2026-09-03 20:28:11"
Nederland,Solar,Hour,6299086,6299083,0,0,"2025-05-17 06:00:00","2025-05-17 07:00:00","2026-09-03 20:28:11"
Nederland,Solar,Hour,10419857,10419855,0,0,"2025-05-17 07:00:00","2025-05-17 08:00:00","2026-09-03 20:28:11"
Nederland,Solar,Hour,12722452,12722451,0,0,"2025-05-17 08:00:00","2025-05-17 09:00:00","2026-09-03 20:28:11"
Nederland,Solar,Hour,14161806,14161803,0,0,"2025-05-17 09:00:00","2025-05-17 10:00:00","2026-09-03 20:28:11"
Nederland,Solar,Hour,15245049,15245046,0,0,"2025-05-17 10:00:00","2025-05-17 11:00:00","2026-09-03 20:28:11"
Nederland,Solar,Hour,16581683,16581682,0,0,"2025-05-17 11:00:00","2025-05-17 12:00:00","2026-09-03 20:28:11"
Nederland,Solar,Hour,15941670,15941668,0,0,"2025-05-17 12:00:00","2025-05-17 13:00:00","2026-09-03 20:28:11"
Nederland,Solar,Hour,14855158,14855157,0,0,"2025-05-17 13:00:00","2025-05-17 14:00:00","2026-09-03 20:28:11"
Nederland,Solar,Hour,12799609,12799607,0,0,"2025-05-17 14:00:00","2025-05-17 15:00:00","2026-09-03 20:28:11"
Nederland,Solar,Hour,10985445,10985443,0,0,"2025-05-17 15:00:00","2025-05-17 16:00:00","2026-09-03 20:28:11"
Nederland,Solar,Hour,7461034,7461032,0,0,"2025-05-17 16:00:00","2025-05-17 17:00:00","2026-09-03 20:28:11"
Nederland,Solar,Hour,3685960,3685959,0,0,"2025-05-17 17:00:00","2025-05-17 18:00:00","2026-09-03 20:28:11"
Nederland,Solar,Hour,1123148,1123146,0,0,"2025-05-17 18:00:00","2025-05-17 19:00:00","2026-09-03 20:28:11"
Nederland,Solar,Hour,37084,37083,0,0,"2025-05-17 19:00:00","2025-05-17 20:00:00","2026-09-03 20:28:11"
Nederland,Solar,Hour,0,0,0,0,"2025-05-17 20:00:00","2025-05-17 21:00:00","2026-09-03 20:28:11"
Nederland,Solar,Hour,0,0,0,0,"2025-05-17 21:00:00","2025-05-17 22:00:00","2026-09-03 20:28:11"
Nederland,Solar,Hour,0,0,0,0,"2025-05-17 22:00:00","2025-05-17 23:00:00","2026-09-03 20:28:11"
Nederland,Solar,Hour,0,0,0,0,"2025-05-17 23:00:00","2025-05-18 00:00:00","2026-09-03 20:28:11"
Nederland,Solar,Hour,0,0,0,0,"2025-05-18 00:00:00","2025-05-18 01:00:00","2026-09-03 20:28:11"
Nederland,Solar,Hour,0,0,0,0,"2025-05-18 01:00:00","2025-05-18 02:00:00","2026-09-03 20:28:11"
Nederland,Solar,Hour,0,0,0,0,"2025-05-18 02:00:00","2025-05-18 03:00:00","2026-09-03 20:28:11"
Nederland,Solar,Hour,0,0,0,0,"2025-05-18 03:00:00","2025-05-18 04:00:00","2026-09-03 20:28:11"
Nederland,Solar,Hour,196587,196585,0,0,"2025-05-18 04:00:00","2025-05-18 05:00:00","2026-09-03 20:28:11"
Nederland,Solar,Hour,1377311,1377308,0,0,"2025-05-18 05:00:00","2025-05-18 06:00:00","2026-09-03 20:28:11"
Nederland,Solar,Hour,3466821,3466819,0,0,"2025-05-18 06:00:00","2025-05-18 07:00:00","2026-09-03 20:28:11"
Nederland,Solar,Hour,5786666,5786665,0,0,"2025-05-18 07:00:00","2025-05-18 08:00:00","2026-09-03 20:28:11"
Nederland,Solar,Hour,7940071,7940068,0,0,"2025-05-18 08:00:00","2025-05-18 09:00:00","2026-09-03 20:28:11"
Nederland,Solar,Hour,9427789,9427789,0,0,"2025-05-18 09:00:00","2025-05-18 10:00:00","2026-09-03 20:28:11"
Nederland,Solar,Hour,10263737,10263735,0,0,"2025-05-18 10:00:00","2025-05-18 11:00:00","2026-09-03 20:28:11"
Nederland,Solar,Hour,10167411,10167408,0,0,"2025-05-18 11:00:00","2025-05-18 12:00:00","2026-09-03 20:28:11"
Nederland,Solar,Hour,11222189,11222187,0,0,"2025-05-18 12:00:00","2025-05-18 13:00:00","2026-09-03 20:28:11"
Nederland,Solar,Hour,12753976,12753973,0,0,"2025-05-18 13:00:00","2025-05-18 14:00:00","2026-09-03 20:28:11"
Nederland,Solar,Hour,9087573,9087570,0,0,"2025-05-18 14:00:00","2025-05-18 15:00:00","2026-09-03 20:28:11"
Nederland,Solar,Hour,9176450,9176449,0,0,"2025-05-18 15:00:00","2025-05-18 16:00:00","2026-09-03 20:28:11"
Nederland,Solar,Hour,6210122,6210118,0,0,"2025-05-18 16:00:00","2025-05-18 17:00:00","2026-09-03 20:28:11"
Nederland,Solar,Hour,3623609,3623606,0,0,"2025-05-18 17:00:00","2025-05-18 18:00:00","2026-09-03 20:28:11"
Nederland,Solar,Hour,1420600,1420598,0,0,"2025-05-18 18:00:00","2025-05-18 19:00:00","2026-09-03 20:28:11"
Nederland,Solar,Hour,105486,105484,0,0,"2025-05-18 19:00:00","2025-05-18 20:00:00","2026-09-03 20:28:11"
Nederland,Solar,Hour,0,0,0,0,"2025-05-18 20:00:00","2025-05-18 21:00:00","2026-09-03 20:28:11"
Nederland,Solar,Hour,0,0,0,0,"2025-05-18 21:00:00","2025-05-18 22:00:00","2026-09-03 20:28:11"
Nederland,Solar,Hour,0,0,0,0,"2025-05-18 22:00:00","2025-05-18 23:00:00","2026-09-03 20:28:11"
Nederland,Solar,Hour,0,0,0,0,"2025-05-18 23:00:00","2025-05-19 00:00:00","2026-09-03 20:28:11"
Nederland,Solar,Hour,0,0,0,0,"2025-05-19 00:00:00","2025-05-19 01:00:00","2026-09-03 20:28:11"
Nederland,Solar,Hour,0,0,0,0,"2025-05-19 01:00:00","2025-05-19 02:00:00","2026-09-03 20:28:11"
Nederland,Solar,Hour,0,0,0,0,"2025-05-19 02:00:00","2025-05-19 03:00:00","2026-09-03 20:28:11"
Nederland,Solar,Hour,0,0,0,0,"2025-05-19 03:00:00","2025-05-19 04:00:00","2026-09-03 20:28:11"
Nederland,Solar,Hour,619012,619010,0,0,"2025-05-19 04:00:00","2025-05-19 05:00:00","2026-09-03 20:28:11"
Nederland,Solar,Hour,2913167,2913164,0,0,"2025-05-19 05:00:00","2025-05-19 06:00:00","2026-09-03 20:28:11"
Nederland,Solar,Hour,6475235,6475232,0,0,"2025-05-19 06:00:00","2025-05-19 07:00:00","2026-09-03 20:28:11"
Nederland,Solar,Hour,10697383,10697381,0,0,"2025-05-19 07:00:00","2025-05-19 08:00:00","2026-09-03 20:28:11"
Nederland,Solar,Hour,14215369,14215367,0,0,"2025-05-19 08:00:00","2025-05-19 09:00:00","2026-09-03 20:28:11"
Nederland,Solar,Hour,16777802,16777800,0,0,"2025-05-19 09:00:00","2025-05-19 10:00:00","2026-09-03 20:28:11"
Nederland,Solar,Hour,18481219,18481217,0,0,"2025-05-19 10:00:00","2025-05-19 11:00:00","2026-09-03 20:28:11"
Nederland,Solar,Hour,18821977,18821974,0,0,"2025-05-19 11:00:00","2025-05-19 12:00:00","2026-09-03 20:28:11"
Nederland,Solar,Hour,18166049,18166046,0,0,"2025-05-19 12:00:00","2025-05-19 13:00:00","2026-09-03 20:28:11"
Nederland,Solar,Hour,16741928,16741926,0,0,"2025-05-19 13:00:00","2025-05-19 14:00:00","2026-09-03 20:28:11"
Nederland,Solar,Hour,14632675,14632674,0,0,"2025-05-19 14:00:00","2025-05-19 15:00:00","2026-09-03 20:28:11"
Nederland,Solar,Hour,11813220,11813218,0,0,"2025-05-19 15:00:00","2025-05-19 16:00:00","2026-09-03 20:28:11"
Nederland,Solar,Hour,7708855,7708851,0,0,"2025-05-19 16:00:00","2025-05-19 17:00:00","2026-09-03 20:28:11"
Nederland,Solar,Hour,4205562,4205559,0,0,"2025-05-19 17:00:00","2025-05-19 18:00:00","2026-09-03 20:28:11"
Nederland,Solar,Hour,1566887,1566884,0,0,"2025-05-19 18:00:00","2025-05-19 19:00:00","2026-09-03 20:28:11"
Nederland,Solar,Hour,164204,164203,0,0,"2025-05-19 19:00:00","2025-05-19 20:00:00","2026-09-03 20:28:11"
Nederland,Solar,Hour,0,0,0,0,"2025-05-19 20:00:00","2025-05-19 21:00:00","2026-09-03 20:28:11"
Nederland,Solar,Hour,0,0,0,0,"2025-05-19 21:00:00","2025-05-19 22:00:00","2026-09-03 20:28:11"
Nederland,Solar,Hour,0,0,0,0,"2025-05-19 22:00:00","2025-05-19 23:00:00","2026-09-03 20:28:11"
Nederland,Solar,Hour,0,0,0,0,"2025-05-19 23:00:00","2025-05-20 00:00:00","2026-09-03 20:28:11"
Nederland,Solar,Hour,0,0,0,0,"2025-05-20 00:00:00","2025-05-20 01:00:00","2026-09-03 20:26:37"
Nederland,Solar,Hour,0,0,0,0,"2025-05-20 01:00:00","2025-05-20 02:00:00","2026-09-03 20:26:37"
Nederland,Solar,Hour,0,0,0,0,"2025-05-20 02:00:00","2025-05-20 03:00:00","2026-09-03 20:26:37"
Nederland,Solar,Hour,664,664,0,0,"2025-05-20 03:00:00","2025-05-20 04:00:00","2026-09-03 20:26:37"
Nederland,Solar,Hour,706814,706811,0,0,"2025-05-20 04:00:00","2025-05-20 05:00:00","2026-09-03 20:26:37"
Nederland,Solar,Hour,3092778,3092776,0,0,"2025-05-20 05:00:00","2025-05-20 06:00:00","2026-09-03 20:26:37"
Nederland,Solar,Hour,6453935,6453934,0,0,"2025-05-20 06:00:00","2025-05-20 07:00:00","2026-09-03 20:26:37"
Nederland,Solar,Hour,10376805,10376803,0,0,"2025-05-20 07:00:00","2025-05-20 08:00:00","2026-09-03 20:26:37"
Nederland,Solar,Hour,14019231,14019229,0,0,"2025-05-20 08:00:00","2025-05-20 09:00:00","2026-09-03 20:26:37"
Nederland,Solar,Hour,16870798,16870794,0,0,"2025-05-20 09:00:00","2025-05-20 10:00:00","2026-09-03 20:26:37"
Nederland,Solar,Hour,15713565,15713563,0,0,"2025-05-20 10:00:00","2025-05-20 11:00:00","2026-09-03 20:26:37"
Nederland,Solar,Hour,16303644,16303642,0,0,"2025-05-20 11:00:00","2025-05-20 12:00:00","2026-09-03 20:26:37"
Nederland,Solar,Hour,16168944,16168942,0,0,"2025-05-20 12:00:00","2025-05-20 13:00:00","2026-09-03 20:26:37"
Nederland,Solar,Hour,17459722,17459720,0,0,"2025-05-20 13:00:00","2025-05-20 14:00:00","2026-09-03 20:26:37"
Nederland,Solar,Hour,15072557,15072555,0,0,"2025-05-20 14:00:00","2025-05-20 15:00:00","2026-09-03 20:26:37"
Nederland,Solar,Hour,12418195,12418192,0,0,"2025-05-20 15:00:00","2025-05-20 16:00:00","2026-09-03 20:26:37"
Nederland,Solar,Hour,8101005,8101003,0,0,"2025-05-20 16:00:00","2025-05-20 17:00:00","2026-09-03 20:26:37"
Nederland,Solar,Hour,4285073,4285071,0,0,"2025-05-20 17:00:00","2025-05-20 18:00:00","2026-09-03 20:26:37"
Nederland,Solar,Hour,1605501,1605499,0,0,"2025-05-20 18:00:00","2025-05-20 19:00:00","2026-09-03 20:26:37"
Nederland,Solar,Hour,197059,197059,0,0,"2025-05-20 19:00:00","2025-05-20 20:00:00","2026-09-03 20:26:37"
Nederland,Solar,Hour,0,0,0,0,"2025-05-20 20:00:00","2025-05-20 21:00:00","2026-09-03 20:26:37"
Nederland,Solar,Hour,0,0,0,0,"2025-05-20 21:00:00","2025-05-20 22:00:00","2026-09-03 20:26:37"
Nederland,Solar,Hour,0,0,0,0,"2025-05-20 22:00:00","2025-05-20 23:00:00","2026-09-03 20:26:37"
Nederland,Solar,Hour,0,0,0,0,"2025-05-20 23:00:00","2025-05-21 00:00:00","2026-09-03 20:26:37"
Nederland,Solar,Hour,0,0,0,0,"2025-05-21 00:00:00","2025-05-21 01:00:00","2026-09-03 20:26:37"
Nederland,Solar,Hour,0,0,0,0,"2025-05-21 01:00:00","2025-05-21 02:00:00","2026-09-03 20:26:37"
Nederland,Solar,Hour,0,0,0,0,"2025-05-21 02:00:00","2025-05-21 03:00:00","2026-09-03 20:26:37"
Nederland,Solar,Hour,2433,2433,0,0,"2025-05-21 03:00:00","2025-05-21 04:00:00","2026-09-03 20:26:37"
Nederland,Solar,Hour,651433,651432,0,0,"2025-05-21 04:00:00","2025-05-21 05:00:00","2026-09-03 20:26:37"
Nederland,Solar,Hour,2635211,2635210,0,0,"2025-05-21 05:00:00","2025-05-21 06:00:00","2026-09-03 20:26:37"
Nederland,Solar,Hour,5659124,5659122,0,0,"2025-05-21 06:00:00","2025-05-21 07:00:00","2026-09-03 20:26:37"
Nederland,Solar,Hour,9266140,9266138,0,0,"2025-05-21 07:00:00","2025-05-21 08:00:00","2026-09-03 20:26:37"
Nederland,Solar,Hour,11578830,11578829,0,0,"2025-05-21 08:00:00","2025-05-21 09:00:00","2026-09-03 20:26:37"
Nederland,Solar,Hour,13485691,13485688,0,0,"2025-05-21 09:00:00","2025-05-21 10:00:00","2026-09-03 20:26:37"
Nederland,Solar,Hour,12021468,12021466,0,0,"2025-05-21 10:00:00","2025-05-21 11:00:00","2026-09-03 20:26:37"
Nederland,Solar,Hour,12878915,12878912,0,0,"2025-05-21 11:00:00","2025-05-21 12:00:00","2026-09-03 20:26:37"
Nederland,Solar,Hour,12433726,12433724,0,0,"2025-05-21 12:00:00","2025-05-21 13:00:00","2026-09-03 20:26:37"
Nederland,Solar,Hour,11464514,11464512,0,0,"2025-05-21 13:00:00","2025-05-21 14:00:00","2026-09-03 20:26:37"
Nederland,Solar,Hour,9961203,9961201,0,0,"2025-05-21 14:00:00","2025-05-21 15:00:00","2026-09-03 20:26:37"
Nederland,Solar,Hour,10097266,10097263,0,0,"2025-05-21 15:00:00","2025-05-21 16:00:00","2026-09-03 20:26:37"
Nederland,Solar,Hour,6671660,6671659,0,0,"2025-05-21 16:00:00","2025-05-21 17:00:00","2026-09-03 20:26:37"
Nederland,Solar,Hour,3417445,3417444,0,0,"2025-05-21 17:00:00","2025-05-21 18:00:00","2026-09-03 20:26:37"
Nederland,Solar,Hour,1310782,1310780,0,0,"2025-05-21 18:00:00","2025-05-21 19:00:00","2026-09-03 20:26:37"
Nederland,Solar,Hour,170508,170506,0,0,"2025-05-21 19:00:00","2025-05-21 20:00:00","2026-09-03 20:26:37"
Nederland,Solar,Hour,0,0,0,0,"2025-05-21 20:00:00","2025-05-21 21:00:00","2026-09-03 20:26:37"
Nederland,Solar,Hour,0,0,0,0,"2025-05-21 21:00:00","2025-05-21 22:00:00","2026-09-03 20:26:37"
Nederland,Solar,Hour,0,0,0,0,"2025-05-21 22:00:00","2025-05-21 23:00:00","2026-09-03 20:26:37"
Nederland,Solar,Hour,0,0,0,0,"2025-05-21 23:00:00","2025-05-22 00:00:00","2026-09-03 20:26:37"
Nederland,Solar,Hour,0,0,0,0,"2025-05-22 00:00:00","2025-05-22 01:00:00","2026-09-03 20:26:37"
Nederland,Solar,Hour,0,0,0,0,"2025-05-22 01:00:00","2025-05-22 02:00:00","2026-09-03 20:26:37"
Nederland,Solar,Hour,0,0,0,0,"2025-05-22 02:00:00","2025-05-22 03:00:00","2026-09-03 20:26:37"
Nederland,Solar,Hour,198,198,0,0,"2025-05-22 03:00:00","2025-05-22 04:00:00","2026-09-03 20:26:37"
Nederland,Solar,Hour,416969,416968,0,0,"2025-05-22 04:00:00","2025-05-22 05:00:00","2026-09-03 20:26:37"
Nederland,Solar,Hour,2431111,2431109,0,0,"2025-05-22 05:00:00","2025-05-22 06:00:00","2026-09-03 20:26:37"
Nederland,Solar,Hour,4680807,4680804,0,0,"2025-05-22 06:00:00","2025-05-22 07:00:00","2026-09-03 20:26:37"
Nederland,Solar,Hour,7782742,7782740,0,0,"2025-05-22 07:00:00","2025-05-22 08:00:00","2026-09-03 20:26:37"
Nederland,Solar,Hour,9867505,9867504,0,0,"2025-05-22 08:00:00","2025-05-22 09:00:00","2026-09-03 20:26:37"
Nederland,Solar,Hour,12074915,12074913,0,0,"2025-05-22 09:00:00","2025-05-22 10:00:00","2026-09-03 20:26:37"
Nederland,Solar,Hour,14225435,14225434,0,0,"2025-05-22 10:00:00","2025-05-22 11:00:00","2026-09-03 20:26:37"
Nederland,Solar,Hour,15764062,15764060,0,0,"2025-05-22 11:00:00","2025-05-22 12:00:00","2026-09-03 20:26:37"
Nederland,Solar,Hour,15538751,15538749,0,0,"2025-05-22 12:00:00","2025-05-22 13:00:00","2026-09-03 20:26:37"
Nederland,Solar,Hour,14512638,14512636,0,0,"2025-05-22 13:00:00","2025-05-22 14:00:00","2026-09-03 20:26:37"
Nederland,Solar,Hour,12298399,12298397,0,0,"2025-05-22 14:00:00","2025-05-22 15:00:00","2026-09-03 20:26:37"
Nederland,Solar,Hour,10022348,10022346,0,0,"2025-05-22 15:00:00","2025-05-22 16:00:00","2026-09-03 20:26:37"
Nederland,Solar,Hour,7191580,7191578,0,0,"2025-05-22 16:00:00","2025-05-22 17:00:00","2026-09-03 20:26:37"
Nederland,Solar,Hour,4038379,4038378,0,0,"2025-05-22 17:00:00","2025-05-22 18:00:00","2026-09-03 20:26:37"
Nederland,Solar,Hour,1654653,1654650,0,0,"2025-05-22 18:00:00","2025-05-22 19:00:00","2026-09-03 20:26:37"
Nederland,Solar,Hour,212936,212935,0,0,"2025-05-22 19:00:00","2025-05-22 20:00:00","2026-09-03 20:26:37"
Nederland,Solar,Hour,0,0,0,0,"2025-05-22 20:00:00","2025-05-22 21:00:00","2026-09-03 20:26:37"
Nederland,Solar,Hour,0,0,0,0,"2025-05-22 21:00:00","2025-05-22 22:00:00","2026-09-03 20:26:37"
Nederland,Solar,Hour,0,0,0,0,"2025-05-22 22:00:00","2025-05-22 23:00:00","2026-09-03 20:26:37"
Nederland,Solar,Hour,0,0,0,0,"2025-05-22 23:00:00","2025-05-23 00:00:00","2026-09-03 20:26:37"
Nederland,Solar,Hour,0,0,0,0,"2025-05-23 00:00:00","2025-05-23 01:00:00","2026-09-03 20:26:37"
Nederland,Solar,Hour,0,0,0,0,"2025-05-23 01:00:00","2025-05-23 02:00:00","2026-09-03 20:26:37"
Nederland,Solar,Hour,0,0,0,0,"2025-05-23 02:00:00","2025-05-23 03:00:00","2026-09-03 20:26:37"
Nederland,Solar,Hour,0,0,0,0,"2025-05-23 03:00:00","2025-05-23 04:00:00","2026-09-03 20:26:37"
Nederland,Solar,Hour,577235,577233,0,0,"2025-05-23 04:00:00","2025-05-23 05:00:00","2026-09-03 20:26:37"
Nederland,Solar,Hour,2587811,2587808,0,0,"2025-05-23 05:00:00","2025-05-23 06:00:00","2026-09-03 20:26:37"
Nederland,Solar,Hour,5610522,5610520,0,0,"2025-05-23 06:00:00","2025-05-23 07:00:00","2026-09-03 20:26:37"
Nederland,Solar,Hour,8810767,8810765,0,0,"2025-05-23 07:00:00","2025-05-23 08:00:00","2026-09-03 20:26:37"
Nederland,Solar,Hour,10100557,10100554,0,0,"2025-05-23 08:00:00","2025-05-23 09:00:00","2026-09-03 20:26:37"
Nederland,Solar,Hour,11234935,11234933,0,0,"2025-05-23 09:00:00","2025-05-23 10:00:00","2026-09-03 20:26:37"
Nederland,Solar,Hour,13890141,13890140,0,0,"2025-05-23 10:00:00","2025-05-23 11:00:00","2026-09-03 20:26:37"
Nederland,Solar,Hour,12505562,12505560,0,0,"2025-05-23 11:00:00","2025-05-23 12:00:00","2026-09-03 20:26:37"
Nederland,Solar,Hour,13437540,13437537,0,0,"2025-05-23 12:00:00","2025-05-23 13:00:00","2026-09-03 20:26:37"
Nederland,Solar,Hour,11632469,11632467,0,0,"2025-05-23 13:00:00","2025-05-23 14:00:00","2026-09-03 20:26:37"
Nederland,Solar,Hour,12272139,12272137,0,0,"2025-05-23 14:00:00","2025-05-23 15:00:00","2026-09-03 20:26:37"
Nederland,Solar,Hour,8814017,8814015,0,0,"2025-05-23 15:00:00","2025-05-23 16:00:00","2026-09-03 20:26:37"
Nederland,Solar,Hour,7278655,7278653,0,0,"2025-05-23 16:00:00","2025-05-23 17:00:00","2026-09-03 20:26:37"
Nederland,Solar,Hour,3891622,3891621,0,0,"2025-05-23 17:00:00","2025-05-23 18:00:00","2026-09-03 20:26:37"
Nederland,Solar,Hour,1594567,1594565,0,0,"2025-05-23 18:00:00","2025-05-23 19:00:00","2026-09-03 20:26:37"
Nederland,Solar,Hour,266753,266751,0,0,"2025-05-23 19:00:00","2025-05-23 20:00:00","2026-09-03 20:26:37"
Nederland,Solar,Hour,0,0,0,0,"2025-05-23 20:00:00","2025-05-23 21:00:00","2026-09-03 20:26:37"
Nederland,Solar,Hour,0,0,0,0,"2025-05-23 21:00:00","2025-05-23 22:00:00","2026-09-03 20:26:37"
Nederland,Solar,Hour,0,0,0,0,"2025-05-23 22:00:00","2025-05-23 23:00:00","2026-09-03 20:26:37"
Nederland,Solar,Hour,0,0,0,0,"2025-05-23 23:00:00","2025-05-24 00:00:00","2026-09-03 20:26:37"
Nederland,Solar,Hour,0,0,0,0,"2025-05-24 00:00:00","2025-05-24 01:00:00","2026-09-03 20:26:37"
Nederland,Solar,Hour,0,0,0,0,"2025-05-24 01:00:00","2025-05-24 02:00:00","2026-09-03 20:26:37"
Nederland,Solar,Hour,0,0,0,0,"2025-05-24 02:00:00","2025-05-24 03:00:00","2026-09-03 20:26:37"
Nederland,Solar,Hour,3748,3748,0,0,"2025-05-24 03:00:00","2025-05-24 04:00:00","2026-09-03 20:26:37"
Nederland,Solar,Hour,720871,720870,0,0,"2025-05-24 04:00:00","2025-05-24 05:00:00","2026-09-03 20:26:37"
Nederland,Solar,Hour,2305429,2305427,0,0,"2025-05-24 05:00:00","2025-05-24 06:00:00","2026-09-03 20:26:37"
Nederland,Solar,Hour,3777630,3777628,0,0,"2025-05-24 06:00:00","2025-05-24 07:00:00","2026-09-03 20:26:37"
Nederland,Solar,Hour,5255232,5255230,0,0,"2025-05-24 07:00:00","2025-05-24 08:00:00","2026-09-03 20:26:37"
Nederland,Solar,Hour,6326526,6326524,0,0,"2025-05-24 08:00:00","2025-05-24 09:00:00","2026-09-03 20:26:37"
Nederland,Solar,Hour,6568723,6568721,0,0,"2025-05-24 09:00:00","2025-05-24 10:00:00","2026-09-03 20:26:37"
Nederland,Solar,Hour,6168480,6168478,0,0,"2025-05-24 10:00:00","2025-05-24 11:00:00","2026-09-03 20:26:37"
Nederland,Solar,Hour,5504197,5504194,0,0,"2025-05-24 11:00:00","2025-05-24 12:00:00","2026-09-03 20:26:37"
Nederland,Solar,Hour,4388764,4388762,0,0,"2025-05-24 12:00:00","2025-05-24 13:00:00","2026-09-03 20:26:37"
Nederland,Solar,Hour,3639888,3639886,0,0,"2025-05-24 13:00:00","2025-05-24 14:00:00","2026-09-03 20:26:37"
Nederland,Solar,Hour,2708610,2708609,0,0,"2025-05-24 14:00:00","2025-05-24 15:00:00","2026-09-03 20:26:37"
Nederland,Solar,Hour,1862133,1862132,0,0,"2025-05-24 15:00:00","2025-05-24 16:00:00","2026-09-03 20:26:37"
Nederland,Solar,Hour,1431806,1431805,0,0,"2025-05-24 16:00:00","2025-05-24 17:00:00","2026-09-03 20:26:37"
Nederland,Solar,Hour,823883,823880,0,0,"2025-05-24 17:00:00","2025-05-24 18:00:00","2026-09-03 20:26:37"
Nederland,Solar,Hour,346294,346293,0,0,"2025-05-24 18:00:00","2025-05-24 19:00:00","2026-09-03 20:26:37"
Nederland,Solar,Hour,63356,63355,0,0,"2025-05-24 19:00:00","2025-05-24 20:00:00","2026-09-03 20:26:37"
Nederland,Solar,Hour,0,0,0,0,"2025-05-24 20:00:00","2025-05-24 21:00:00","2026-09-03 20:26:37"
Nederland,Solar,Hour,0,0,0,0,"2025-05-24 21:00:00","2025-05-24 22:00:00","2026-09-03 20:26:37"
Nederland,Solar,Hour,0,0,0,0,"2025-05-24 22:00:00","2025-05-24 23:00:00","2026-09-03 20:26:37"
Nederland,Solar,Hour,0,0,0,0,"2025-05-24 23:00:00","2025-05-25 00:00:00","2026-09-03 20:26:37"
Nederland,Solar,Hour,0,0,0,0,"2025-05-25 00:00:00","2025-05-25 01:00:00","2026-09-03 20:25:02"
Nederland,Solar,Hour,0,0,0,0,"2025-05-25 01:00:00","2025-05-25 02:00:00","2026-09-03 20:25:02"
Nederland,Solar,Hour,0,0,0,0,"2025-05-25 02:00:00","2025-05-25 03:00:00","2026-09-03 20:25:02"
Nederland,Solar,Hour,0,0,0,0,"2025-05-25 03:00:00","2025-05-25 04:00:00","2026-09-03 20:25:02"
Nederland,Solar,Hour,44837,44836,0,0,"2025-05-25 04:00:00","2025-05-25 05:00:00","2026-09-03 20:25:02"
Nederland,Solar,Hour,439293,439290,0,0,"2025-05-25 05:00:00","2025-05-25 06:00:00","2026-09-03 20:25:02"
Nederland,Solar,Hour,1396161,1396159,0,0,"2025-05-25 06:00:00","2025-05-25 07:00:00","2026-09-03 20:25:02"
Nederland,Solar,Hour,2255139,2255136,0,0,"2025-05-25 07:00:00","2025-05-25 08:00:00","2026-09-03 20:25:02"
Nederland,Solar,Hour,3371652,3371650,0,0,"2025-05-25 08:00:00","2025-05-25 09:00:00","2026-09-03 20:25:02"
Nederland,Solar,Hour,5909819,5909817,0,0,"2025-05-25 09:00:00","2025-05-25 10:00:00","2026-09-03 20:25:02"
Nederland,Solar,Hour,10395020,10395018,0,0,"2025-05-25 10:00:00","2025-05-25 11:00:00","2026-09-03 20:25:02"
Nederland,Solar,Hour,10664207,10664205,0,0,"2025-05-25 11:00:00","2025-05-25 12:00:00","2026-09-03 20:25:02"
Nederland,Solar,Hour,9686486,9686484,0,0,"2025-05-25 12:00:00","2025-05-25 13:00:00","2026-09-03 20:25:02"
Nederland,Solar,Hour,8807996,8807994,0,0,"2025-05-25 13:00:00","2025-05-25 14:00:00","2026-09-03 20:25:02"
Nederland,Solar,Hour,7274206,7274204,0,0,"2025-05-25 14:00:00","2025-05-25 15:00:00","2026-09-03 20:25:02"
Nederland,Solar,Hour,6104513,6104511,0,0,"2025-05-25 15:00:00","2025-05-25 16:00:00","2026-09-03 20:25:02"
Nederland,Solar,Hour,4837537,4837535,0,0,"2025-05-25 16:00:00","2025-05-25 17:00:00","2026-09-03 20:25:02"
Nederland,Solar,Hour,3207418,3207416,0,0,"2025-05-25 17:00:00","2025-05-25 18:00:00","2026-09-03 20:25:02"
Nederland,Solar,Hour,1430011,1430009,0,0,"2025-05-25 18:00:00","2025-05-25 19:00:00","2026-09-03 20:25:02"
Nederland,Solar,Hour,279491,279489,0,0,"2025-05-25 19:00:00","2025-05-25 20:00:00","2026-09-03 20:25:02"
Nederland,Solar,Hour,0,0,0,0,"2025-05-25 20:00:00","2025-05-25 21:00:00","2026-09-03 20:25:02"
Nederland,Solar,Hour,0,0,0,0,"2025-05-25 21:00:00","2025-05-25 22:00:00","2026-09-03 20:25:02"
Nederland,Solar,Hour,0,0,0,0,"2025-05-25 22:00:00","2025-05-25 23:00:00","2026-09-03 20:25:02"
Nederland,Solar,Hour,0,0,0,0,"2025-05-25 23:00:00","2025-05-26 00:00:00","2026-09-03 20:25:02"
Nederland,Solar,Hour,0,0,0,0,"2025-05-26 00:00:00","2025-05-26 01:00:00","2026-09-03 20:25:02"
Nederland,Solar,Hour,0,0,0,0,"2025-05-26 01:00:00","2025-05-26 02:00:00","2026-09-03 20:25:02"
Nederland,Solar,Hour,0,0,0,0,"2025-05-26 02:00:00","2025-05-26 03:00:00","2026-09-03 20:25:02"
Nederland,Solar,Hour,611,611,0,0,"2025-05-26 03:00:00","2025-05-26 04:00:00","2026-09-03 20:25:02"
Nederland,Solar,Hour,552735,552732,0,0,"2025-05-26 04:00:00","2025-05-26 05:00:00","2026-09-03 20:25:02"
Nederland,Solar,Hour,2635056,2635055,0,0,"2025-05-26 05:00:00","2025-05-26 06:00:00","2026-09-03 20:25:02"
Nederland,Solar,Hour,5389302,5389300,0,0,"2025-05-26 06:00:00","2025-05-26 07:00:00","2026-09-03 20:25:02"
Nederland,Solar,Hour,9348808,9348806,0,0,"2025-05-26 07:00:00","2025-05-26 08:00:00","2026-09-03 20:25:02"
Nederland,Solar,Hour,11329596,11329594,0,0,"2025-05-26 08:00:00","2025-05-26 09:00:00","2026-09-03 20:25:02"
Nederland,Solar,Hour,11437263,11437261,0,0,"2025-05-26 09:00:00","2025-05-26 10:00:00","2026-09-03 20:25:02"
Nederland,Solar,Hour,12785293,12785290,0,0,"2025-05-26 10:00:00","2025-05-26 11:00:00","2026-09-03 20:25:02"
Nederland,Solar,Hour,13660823,13660821,0,0,"2025-05-26 11:00:00","2025-05-26 12:00:00","2026-09-03 20:25:02"
Nederland,Solar,Hour,13209285,13209283,0,0,"2025-05-26 12:00:00","2025-05-26 13:00:00","2026-09-03 20:25:02"
Nederland,Solar,Hour,13282538,13282535,0,0,"2025-05-26 13:00:00","2025-05-26 14:00:00","2026-09-03 20:25:02"
Nederland,Solar,Hour,10562964,10562963,0,0,"2025-05-26 14:00:00","2025-05-26 15:00:00","2026-09-03 20:25:02"
Nederland,Solar,Hour,9486444,9486442,0,0,"2025-05-26 15:00:00","2025-05-26 16:00:00","2026-09-03 20:25:02"
Nederland,Solar,Hour,6515371,6515368,0,0,"2025-05-26 16:00:00","2025-05-26 17:00:00","2026-09-03 20:25:02"
Nederland,Solar,Hour,3699948,3699946,0,0,"2025-05-26 17:00:00","2025-05-26 18:00:00","2026-09-03 20:25:02"
Nederland,Solar,Hour,971586,971584,0,0,"2025-05-26 18:00:00","2025-05-26 19:00:00","2026-09-03 20:25:02"
Nederland,Solar,Hour,49803,49802,0,0,"2025-05-26 19:00:00","2025-05-26 20:00:00","2026-09-03 20:25:02"
Nederland,Solar,Hour,0,0,0,0,"2025-05-26 20:00:00","2025-05-26 21:00:00","2026-09-03 20:25:02"
Nederland,Solar,Hour,0,0,0,0,"2025-05-26 21:00:00","2025-05-26 22:00:00","2026-09-03 20:25:02"
Nederland,Solar,Hour,0,0,0,0,"2025-05-26 22:00:00","2025-05-26 23:00:00","2026-09-03 20:25:02"
Nederland,Solar,Hour,0,0,0,0,"2025-05-26 23:00:00","2025-05-27 00:00:00","2026-09-03 20:25:02"
Nederland,Solar,Hour,0,0,0,0,"2025-05-27 00:00:00","2025-05-27 01:00:00","2026-09-03 20:25:02"
Nederland,Solar,Hour,0,0,0,0,"2025-05-27 01:00:00","2025-05-27 02:00:00","2026-09-03 20:25:02"
Nederland,Solar,Hour,0,0,0,0,"2025-05-27 02:00:00","2025-05-27 03:00:00","2026-09-03 20:25:02"
Nederland,Solar,Hour,286,286,0,0,"2025-05-27 03:00:00","2025-05-27 04:00:00","2026-09-03 20:25:02"
Nederland,Solar,Hour,200726,200723,0,0,"2025-05-27 04:00:00","2025-05-27 05:00:00","2026-09-03 20:25:02"
Nederland,Solar,Hour,1022665,1022664,0,0,"2025-05-27 05:00:00","2025-05-27 06:00:00","2026-09-03 20:25:02"
Nederland,Solar,Hour,1631786,1631784,0,0,"2025-05-27 06:00:00","2025-05-27 07:00:00","2026-09-03 20:25:02"
Nederland,Solar,Hour,2466984,2466982,0,0,"2025-05-27 07:00:00","2025-05-27 08:00:00","2026-09-03 20:25:02"
Nederland,Solar,Hour,3690274,3690271,0,0,"2025-05-27 08:00:00","2025-05-27 09:00:00","2026-09-03 20:25:02"
Nederland,Solar,Hour,5454454,5454452,0,0,"2025-05-27 09:00:00","2025-05-27 10:00:00","2026-09-03 20:25:02"
Nederland,Solar,Hour,7141999,7141997,0,0,"2025-05-27 10:00:00","2025-05-27 11:00:00","2026-09-03 20:25:02"
Nederland,Solar,Hour,9287359,9287357,0,0,"2025-05-27 11:00:00","2025-05-27 12:00:00","2026-09-03 20:25:02"
Nederland,Solar,Hour,9663798,9663796,0,0,"2025-05-27 12:00:00","2025-05-27 13:00:00","2026-09-03 20:25:02"
Nederland,Solar,Hour,9336775,9336773,0,0,"2025-05-27 13:00:00","2025-05-27 14:00:00","2026-09-03 20:25:02"
Nederland,Solar,Hour,4657480,4657478,0,0,"2025-05-27 14:00:00","2025-05-27 15:00:00","2026-09-03 20:25:02"
Nederland,Solar,Hour,1652763,1652761,0,0,"2025-05-27 15:00:00","2025-05-27 16:00:00","2026-09-03 20:25:02"
Nederland,Solar,Hour,1082743,1082742,0,0,"2025-05-27 16:00:00","2025-05-27 17:00:00","2026-09-03 20:25:02"
Nederland,Solar,Hour,611670,611668,0,0,"2025-05-27 17:00:00","2025-05-27 18:00:00","2026-09-03 20:25:02"
Nederland,Solar,Hour,327825,327824,0,0,"2025-05-27 18:00:00","2025-05-27 19:00:00","2026-09-03 20:25:02"
Nederland,Solar,Hour,39936,39935,0,0,"2025-05-27 19:00:00","2025-05-27 20:00:00","2026-09-03 20:25:02"
Nederland,Solar,Hour,0,0,0,0,"2025-05-27 20:00:00","2025-05-27 21:00:00","2026-09-03 20:25:02"
Nederland,Solar,Hour,0,0,0,0,"2025-05-27 21:00:00","2025-05-27 22:00:00","2026-09-03 20:25:02"
Nederland,Solar,Hour,0,0,0,0,"2025-05-27 22:00:00","2025-05-27 23:00:00","2026-09-03 20:25:02"
Nederland,Solar,Hour,0,0,0,0,"2025-05-27 23:00:00","2025-05-28 00:00:00","2026-09-03 20:25:02"
Nederland,Solar,Hour,0,0,0,0,"2025-05-28 00:00:00","2025-05-28 01:00:00","2026-09-03 20:25:02"
Nederland,Solar,Hour,0,0,0,0,"2025-05-28 01:00:00","2025-05-28 02:00:00","2026-09-03 20:25:02"
Nederland,Solar,Hour,0,0,0,0,"2025-05-28 02:00:00","2025-05-28 03:00:00","2026-09-03 20:25:02"
Nederland,Solar,Hour,0,0,0,0,"2025-05-28 03:00:00","2025-05-28 04:00:00","2026-09-03 20:25:02"
Nederland,Solar,Hour,168794,168792,0,0,"2025-05-28 04:00:00","2025-05-28 05:00:00","2026-09-03 20:25:02"
Nederland,Solar,Hour,1284527,1284526,0,0,"2025-05-28 05:00:00","2025-05-28 06:00:00","2026-09-03 20:25:02"
Nederland,Solar,Hour,2945687,2945683,0,0,"2025-05-28 06:00:00","2025-05-28 07:00:00","2026-09-03 20:25:02"
Nederland,Solar,Hour,4283334,4283332,0,0,"2025-05-28 07:00:00","2025-05-28 08:00:00","2026-09-03 20:25:02"
Nederland,Solar,Hour,5778648,5778645,0,0,"2025-05-28 08:00:00","2025-05-28 09:00:00","2026-09-03 20:25:02"
Nederland,Solar,Hour,8112180,8112179,0,0,"2025-05-28 09:00:00","2025-05-28 10:00:00","2026-09-03 20:25:02"
Nederland,Solar,Hour,9245762,9245759,0,0,"2025-05-28 10:00:00","2025-05-28 11:00:00","2026-09-03 20:25:02"
Nederland,Solar,Hour,11346805,11346802,0,0,"2025-05-28 11:00:00","2025-05-28 12:00:00","2026-09-03 20:25:02"
Nederland,Solar,Hour,10777559,10777556,0,0,"2025-05-28 12:00:00","2025-05-28 13:00:00","2026-09-03 20:25:02"
Nederland,Solar,Hour,11576683,11576680,0,0,"2025-05-28 13:00:00","2025-05-28 14:00:00","2026-09-03 20:25:02"
Nederland,Solar,Hour,10575870,10575869,0,0,"2025-05-28 14:00:00","2025-05-28 15:00:00","2026-09-03 20:25:02"
Nederland,Solar,Hour,10483437,10483435,0,0,"2025-05-28 15:00:00","2025-05-28 16:00:00","2026-09-03 20:25:02"
Nederland,Solar,Hour,7480307,7480305,0,0,"2025-05-28 16:00:00","2025-05-28 17:00:00","2026-09-03 20:25:02"
Nederland,Solar,Hour,4347726,4347724,0,0,"2025-05-28 17:00:00","2025-05-28 18:00:00","2026-09-03 20:25:02"
Nederland,Solar,Hour,1743888,1743886,0,0,"2025-05-28 18:00:00","2025-05-28 19:00:00","2026-09-03 20:25:02"
Nederland,Solar,Hour,310913,310911,0,0,"2025-05-28 19:00:00","2025-05-28 20:00:00","2026-09-03 20:25:02"
Nederland,Solar,Hour,0,0,0,0,"2025-05-28 20:00:00","2025-05-28 21:00:00","2026-09-03 20:25:02"
Nederland,Solar,Hour,0,0,0,0,"2025-05-28 21:00:00","2025-05-28 22:00:00","2026-09-03 20:25:02"
Nederland,Solar,Hour,0,0,0,0,"2025-05-28 22:00:00","2025-05-28 23:00:00","2026-09-03 20:25:02"
Nederland,Solar,Hour,0,0,0,0,"2025-05-28 23:00:00","2025-05-29 00:00:00","2026-09-03 20:25:02"
Nederland,Solar,Hour,0,0,0,0,"2025-05-29 00:00:00","2025-05-29 01:00:00","2026-09-03 20:25:02"
Nederland,Solar,Hour,0,0,0,0,"2025-05-29 01:00:00","2025-05-29 02:00:00","2026-09-03 20:25:02"
Nederland,Solar,Hour,0,0,0,0,"2025-05-29 02:00:00","2025-05-29 03:00:00","2026-09-03 20:25:02"
Nederland,Solar,Hour,11883,11881,0,0,"2025-05-29 03:00:00","2025-05-29 04:00:00","2026-09-03 20:25:02"
Nederland,Solar,Hour,544994,544992,0,0,"2025-05-29 04:00:00","2025-05-29 05:00:00","2026-09-03 20:25:02"
Nederland,Solar,Hour,1949859,1949856,0,0,"2025-05-29 05:00:00","2025-05-29 06:00:00","2026-09-03 20:25:02"
Nederland,Solar,Hour,2399073,2399070,0,0,"2025-05-29 06:00:00","2025-05-29 07:00:00","2026-09-03 20:25:02"
Nederland,Solar,Hour,3133365,3133363,0,0,"2025-05-29 07:00:00","2025-05-29 08:00:00","2026-09-03 20:25:02"
Nederland,Solar,Hour,4511141,4511139,0,0,"2025-05-29 08:00:00","2025-05-29 09:00:00","2026-09-03 20:25:02"
Nederland,Solar,Hour,5484265,5484262,0,0,"2025-05-29 09:00:00","2025-05-29 10:00:00","2026-09-03 20:25:02"
Nederland,Solar,Hour,4859207,4859206,0,0,"2025-05-29 10:00:00","2025-05-29 11:00:00","2026-09-03 20:25:02"
Nederland,Solar,Hour,4757814,4757812,0,0,"2025-05-29 11:00:00","2025-05-29 12:00:00","2026-09-03 20:25:02"
Nederland,Solar,Hour,4880651,4880649,0,0,"2025-05-29 12:00:00","2025-05-29 13:00:00","2026-09-03 20:25:02"
Nederland,Solar,Hour,6159415,6159414,0,0,"2025-05-29 13:00:00","2025-05-29 14:00:00","2026-09-03 20:25:02"
Nederland,Solar,Hour,5887933,5887930,0,0,"2025-05-29 14:00:00","2025-05-29 15:00:00","2026-09-03 20:25:02"
Nederland,Solar,Hour,5260822,5260820,0,0,"2025-05-29 15:00:00","2025-05-29 16:00:00","2026-09-03 20:25:02"
Nederland,Solar,Hour,4556313,4556311,0,0,"2025-05-29 16:00:00","2025-05-29 17:00:00","2026-09-03 20:25:02"
Nederland,Solar,Hour,2616881,2616879,0,0,"2025-05-29 17:00:00","2025-05-29 18:00:00","2026-09-03 20:25:02"
Nederland,Solar,Hour,1347173,1347170,0,0,"2025-05-29 18:00:00","2025-05-29 19:00:00","2026-09-03 20:25:02"
Nederland,Solar,Hour,282798,282796,0,0,"2025-05-29 19:00:00","2025-05-29 20:00:00","2026-09-03 20:25:02"
Nederland,Solar,Hour,0,0,0,0,"2025-05-29 20:00:00","2025-05-29 21:00:00","2026-09-03 20:25:02"
Nederland,Solar,Hour,0,0,0,0,"2025-05-29 21:00:00","2025-05-29 22:00:00","2026-09-03 20:25:02"
Nederland,Solar,Hour,0,0,0,0,"2025-05-29 22:00:00","2025-05-29 23:00:00","2026-09-03 20:25:02"
Nederland,Solar,Hour,0,0,0,0,"2025-05-29 23:00:00","2025-05-30 00:00:00","2026-09-03 20:25:02"
Nederland,Solar,Hour,0,0,0,0,"2025-05-30 00:00:00","2025-05-30 01:00:00","2026-09-03 20:23:30"
Nederland,Solar,Hour,0,0,0,0,"2025-05-30 01:00:00","2025-05-30 02:00:00","2026-09-03 20:23:30"
Nederland,Solar,Hour,0,0,0,0,"2025-05-30 02:00:00","2025-05-30 03:00:00","2026-09-03 20:23:30"
Nederland,Solar,Hour,5578,5578,0,0,"2025-05-30 03:00:00","2025-05-30 04:00:00","2026-09-03 20:23:30"
Nederland,Solar,Hour,709265,709263,0,0,"2025-05-30 04:00:00","2025-05-30 05:00:00","2026-09-03 20:23:30"
Nederland,Solar,Hour,2572447,2572446,0,0,"2025-05-30 05:00:00","2025-05-30 06:00:00","2026-09-03 20:23:30"
Nederland,Solar,Hour,4712631,4712628,0,0,"2025-05-30 06:00:00","2025-05-30 07:00:00","2026-09-03 20:23:30"
Nederland,Solar,Hour,7030811,7030809,0,0,"2025-05-30 07:00:00","2025-05-30 08:00:00","2026-09-03 20:23:30"
Nederland,Solar,Hour,8950395,8950393,0,0,"2025-05-30 08:00:00","2025-05-30 09:00:00","2026-09-03 20:23:30"
Nederland,Solar,Hour,10513667,10513666,0,0,"2025-05-30 09:00:00","2025-05-30 10:00:00","2026-09-03 20:23:30"
Nederland,Solar,Hour,12410353,12410351,0,0,"2025-05-30 10:00:00","2025-05-30 11:00:00","2026-09-03 20:23:30"
Nederland,Solar,Hour,14133964,14133961,0,0,"2025-05-30 11:00:00","2025-05-30 12:00:00","2026-09-03 20:23:30"
Nederland,Solar,Hour,14173916,14173914,0,0,"2025-05-30 12:00:00","2025-05-30 13:00:00","2026-09-03 20:23:30"
Nederland,Solar,Hour,13247459,13247455,0,0,"2025-05-30 13:00:00","2025-05-30 14:00:00","2026-09-03 20:23:30"
Nederland,Solar,Hour,10666261,10666260,0,0,"2025-05-30 14:00:00","2025-05-30 15:00:00","2026-09-03 20:23:30"
Nederland,Solar,Hour,9892314,9892311,0,0,"2025-05-30 15:00:00","2025-05-30 16:00:00","2026-09-03 20:23:30"
Nederland,Solar,Hour,7085268,7085266,0,0,"2025-05-30 16:00:00","2025-05-30 17:00:00","2026-09-03 20:23:30"
Nederland,Solar,Hour,4173396,4173393,0,0,"2025-05-30 17:00:00","2025-05-30 18:00:00","2026-09-03 20:23:30"
Nederland,Solar,Hour,1669033,1669032,0,0,"2025-05-30 18:00:00","2025-05-30 19:00:00","2026-09-03 20:23:30"
Nederland,Solar,Hour,302107,302105,0,0,"2025-05-30 19:00:00","2025-05-30 20:00:00","2026-09-03 20:23:30"
Nederland,Solar,Hour,0,0,0,0,"2025-05-30 20:00:00","2025-05-30 21:00:00","2026-09-03 20:23:30"
Nederland,Solar,Hour,0,0,0,0,"2025-05-30 21:00:00","2025-05-30 22:00:00","2026-09-03 20:23:30"
Nederland,Solar,Hour,0,0,0,0,"2025-05-30 22:00:00","2025-05-30 23:00:00","2026-09-03 20:23:30"
Nederland,Solar,Hour,0,0,0,0,"2025-05-30 23:00:00","2025-05-31 00:00:00","2026-09-03 20:23:30"
Nederland,Solar,Hour,0,0,0,0,"2025-05-31 00:00:00","2025-05-31 01:00:00","2026-09-03 20:23:30"
Nederland,Solar,Hour,0,0,0,0,"2025-05-31 01:00:00","2025-05-31 02:00:00","2026-09-03 20:23:30"
Nederland,Solar,Hour,0,0,0,0,"2025-05-31 02:00:00","2025-05-31 03:00:00","2026-09-03 20:23:30"
Nederland,Solar,Hour,16149,16148,0,0,"2025-05-31 03:00:00","2025-05-31 04:00:00","2026-09-03 20:23:30"
Nederland,Solar,Hour,817108,817105,0,0,"2025-05-31 04:00:00","2025-05-31 05:00:00","2026-09-03 20:23:30"
Nederland,Solar,Hour,2784946,2784943,0,0,"2025-05-31 05:00:00","2025-05-31 06:00:00","2026-09-03 20:23:30"
Nederland,Solar,Hour,5663849,5663846,0,0,"2025-05-31 06:00:00","2025-05-31 07:00:00","2026-09-03 20:23:30"
Nederland,Solar,Hour,8914299,8914296,0,0,"2025-05-31 07:00:00","2025-05-31 08:00:00","2026-09-03 20:23:30"
Nederland,Solar,Hour,10387163,10387162,0,0,"2025-05-31 08:00:00","2025-05-31 09:00:00","2026-09-03 20:23:30"
Nederland,Solar,Hour,11372801,11372797,0,0,"2025-05-31 09:00:00","2025-05-31 10:00:00","2026-09-03 20:23:30"
Nederland,Solar,Hour,11722609,11722607,0,0,"2025-05-31 10:00:00","2025-05-31 11:00:00","2026-09-03 20:23:30"
Nederland,Solar,Hour,12294624,12294621,0,0,"2025-05-31 11:00:00","2025-05-31 12:00:00","2026-09-03 20:23:30"
Nederland,Solar,Hour,13735185,13735182,0,0,"2025-05-31 12:00:00","2025-05-31 13:00:00","2026-09-03 20:23:30"
Nederland,Solar,Hour,13701196,13701193,0,0,"2025-05-31 13:00:00","2025-05-31 14:00:00","2026-09-03 20:23:30"
Nederland,Solar,Hour,12231712,12231711,0,0,"2025-05-31 14:00:00","2025-05-31 15:00:00","2026-09-03 20:23:30"
Nederland,Solar,Hour,10161718,10161716,0,0,"2025-05-31 15:00:00","2025-05-31 16:00:00","2026-09-03 20:23:30"
Nederland,Solar,Hour,7159750,7159747,0,0,"2025-05-31 16:00:00","2025-05-31 17:00:00","2026-09-03 20:23:30"
Nederland,Solar,Hour,3524910,3524908,0,0,"2025-05-31 17:00:00","2025-05-31 18:00:00","2026-09-03 20:23:30"
Nederland,Solar,Hour,1410190,1410188,0,0,"2025-05-31 18:00:00","2025-05-31 19:00:00","2026-09-03 20:23:30"
Nederland,Solar,Hour,126160,126159,0,0,"2025-05-31 19:00:00","2025-05-31 20:00:00","2026-09-03 20:23:30"
Nederland,Solar,Hour,0,0,0,0,"2025-05-31 20:00:00","2025-05-31 21:00:00","2026-09-03 20:23:30"
Nederland,Solar,Hour,0,0,0,0,"2025-05-31 21:00:00","2025-05-31 22:00:00","2026-09-03 20:23:30"
Nederland,Solar,Hour,0,0,0,0,"2025-05-31 22:00:00","2025-05-31 23:00:00","2026-09-03 20:23:30"
Nederland,Solar,Hour,0,0,0,0,"2025-05-31 23:00:00","2025-06-01 00:00:00","2026-09-03 20:23:30"
Nederland,Solar,Hour,0,0,0,0,"2025-06-01 00:00:00","2025-06-01 01:00:00","2026-09-03 20:23:30"
Nederland,Solar,Hour,0,0,0,0,"2025-06-01 01:00:00","2025-06-01 02:00:00","2026-09-03 20:23:30"
Nederland,Solar,Hour,0,0,0,0,"2025-06-01 02:00:00","2025-06-01 03:00:00","2026-09-03 20:23:30"
Nederland,Solar,Hour,401,401,0,0,"2025-06-01 03:00:00","2025-06-01 04:00:00","2026-09-03 20:23:30"
Nederland,Solar,Hour,755415,755414,0,0,"2025-06-01 04:00:00","2025-06-01 05:00:00","2026-09-03 20:23:30"
Nederland,Solar,Hour,2707401,2707400,0,0,"2025-06-01 05:00:00","2025-06-01 06:00:00","2026-09-03 20:23:30"
Nederland,Solar,Hour,4804251,4804247,0,0,"2025-06-01 06:00:00","2025-06-01 07:00:00","2026-09-03 20:23:30"
Nederland,Solar,Hour,6179051,6179050,0,0,"2025-06-01 07:00:00","2025-06-01 08:00:00","2026-09-03 20:23:30"
Nederland,Solar,Hour,8017883,8017882,0,0,"2025-06-01 08:00:00","2025-06-01 09:00:00","2026-09-03 20:23:30"
Nederland,Solar,Hour,8618064,8618061,0,0,"2025-06-01 09:00:00","2025-06-01 10:00:00","2026-09-03 20:23:30"
Nederland,Solar,Hour,9749733,9749731,0,0,"2025-06-01 10:00:00","2025-06-01 11:00:00","2026-09-03 20:23:30"
Nederland,Solar,Hour,9696999,9696997,0,0,"2025-06-01 11:00:00","2025-06-01 12:00:00","2026-09-03 20:23:30"
Nederland,Solar,Hour,9618161,9618160,0,0,"2025-06-01 12:00:00","2025-06-01 13:00:00","2026-09-03 20:23:30"
Nederland,Solar,Hour,8899278,8899276,0,0,"2025-06-01 13:00:00","2025-06-01 14:00:00","2026-09-03 20:23:30"
Nederland,Solar,Hour,9186862,9186861,0,0,"2025-06-01 14:00:00","2025-06-01 15:00:00","2026-09-03 20:23:30"
Nederland,Solar,Hour,7913914,7913911,0,0,"2025-06-01 15:00:00","2025-06-01 16:00:00","2026-09-03 20:23:30"
Nederland,Solar,Hour,7145463,7145461,0,0,"2025-06-01 16:00:00","2025-06-01 17:00:00","2026-09-03 20:23:30"
Nederland,Solar,Hour,4069724,4069722,0,0,"2025-06-01 17:00:00","2025-06-01 18:00:00","2026-09-03 20:23:30"
Nederland,Solar,Hour,1671572,1671569,0,0,"2025-06-01 18:00:00","2025-06-01 19:00:00","2026-09-03 20:23:30"
Nederland,Solar,Hour,450741,450739,0,0,"2025-06-01 19:00:00","2025-06-01 20:00:00","2026-09-03 20:23:30"
Nederland,Solar,Hour,0,0,0,0,"2025-06-01 20:00:00","2025-06-01 21:00:00","2026-09-03 20:23:30"
Nederland,Solar,Hour,0,0,0,0,"2025-06-01 21:00:00","2025-06-01 22:00:00","2026-09-03 20:23:30"
Nederland,Solar,Hour,0,0,0,0,"2025-06-01 22:00:00","2025-06-01 23:00:00","2026-09-03 20:23:30"
Nederland,Solar,Hour,0,0,0,0,"2025-06-01 23:00:00","2025-06-02 00:00:00","2026-09-03 20:23:30"
Nederland,Solar,Hour,0,0,0,0,"2025-06-02 00:00:00","2025-06-02 01:00:00","2026-09-03 20:23:30"
Nederland,Solar,Hour,0,0,0,0,"2025-06-02 01:00:00","2025-06-02 02:00:00","2026-09-03 20:23:30"
Nederland,Solar,Hour,0,0,0,0,"2025-06-02 02:00:00","2025-06-02 03:00:00","2026-09-03 20:23:30"
Nederland,Solar,Hour,3088,3088,0,0,"2025-06-02 03:00:00","2025-06-02 04:00:00","2026-09-03 20:23:30"
Nederland,Solar,Hour,655243,655241,0,0,"2025-06-02 04:00:00","2025-06-02 05:00:00","2026-09-03 20:23:30"
Nederland,Solar,Hour,2420660,2420659,0,0,"2025-06-02 05:00:00","2025-06-02 06:00:00","2026-09-03 20:23:30"
Nederland,Solar,Hour,5241970,5241969,0,0,"2025-06-02 06:00:00","2025-06-02 07:00:00","2026-09-03 20:23:30"
Nederland,Solar,Hour,8031480,8031478,0,0,"2025-06-02 07:00:00","2025-06-02 08:00:00","2026-09-03 20:23:30"
Nederland,Solar,Hour,11399502,11399500,0,0,"2025-06-02 08:00:00","2025-06-02 09:00:00","2026-09-03 20:23:30"
Nederland,Solar,Hour,12806354,12806353,0,0,"2025-06-02 09:00:00","2025-06-02 10:00:00","2026-09-03 20:23:30"
Nederland,Solar,Hour,13934751,13934749,0,0,"2025-06-02 10:00:00","2025-06-02 11:00:00","2026-09-03 20:23:30"
Nederland,Solar,Hour,13480842,13480840,0,0,"2025-06-02 11:00:00","2025-06-02 12:00:00","2026-09-03 20:23:30"
Nederland,Solar,Hour,13733141,13733140,0,0,"2025-06-02 12:00:00","2025-06-02 13:00:00","2026-09-03 20:23:30"
Nederland,Solar,Hour,14248004,14248003,0,0,"2025-06-02 13:00:00","2025-06-02 14:00:00","2026-09-03 20:23:30"
Nederland,Solar,Hour,13403595,13403592,0,0,"2025-06-02 14:00:00","2025-06-02 15:00:00","2026-09-03 20:23:30"
Nederland,Solar,Hour,11637931,11637928,0,0,"2025-06-02 15:00:00","2025-06-02 16:00:00","2026-09-03 20:23:30"
Nederland,Solar,Hour,7840243,7840241,0,0,"2025-06-02 16:00:00","2025-06-02 17:00:00","2026-09-03 20:23:30"
Nederland,Solar,Hour,4745316,4745313,0,0,"2025-06-02 17:00:00","2025-06-02 18:00:00","2026-09-03 20:23:30"
Nederland,Solar,Hour,1971525,1971522,0,0,"2025-06-02 18:00:00","2025-06-02 19:00:00","2026-09-03 20:23:30"
Nederland,Solar,Hour,433884,433883,0,0,"2025-06-02 19:00:00","2025-06-02 20:00:00","2026-09-03 20:23:30"
Nederland,Solar,Hour,0,0,0,0,"2025-06-02 20:00:00","2025-06-02 21:00:00","2026-09-03 20:23:30"
Nederland,Solar,Hour,0,0,0,0,"2025-06-02 21:00:00","2025-06-02 22:00:00","2026-09-03 20:23:30"
Nederland,Solar,Hour,0,0,0,0,"2025-06-02 22:00:00","2025-06-02 23:00:00","2026-09-03 20:23:30"
Nederland,Solar,Hour,0,0,0,0,"2025-06-02 23:00:00","2025-06-03 00:00:00","2026-09-03 20:23:30"
Nederland,Solar,Hour,0,0,0,0,"2025-06-03 00:00:00","2025-06-03 01:00:00","2026-09-03 20:23:30"
Nederland,Solar,Hour,0,0,0,0,"2025-06-03 01:00:00","2025-06-03 02:00:00","2026-09-03 20:23:30"
Nederland,Solar,Hour,0,0,0,0,"2025-06-03 02:00:00","2025-06-03 03:00:00","2026-09-03 20:23:30"
Nederland,Solar,Hour,26129,26128,0,0,"2025-06-03 03:00:00","2025-06-03 04:00:00","2026-09-03 20:23:30"
Nederland,Solar,Hour,1154139,1154136,0,0,"2025-06-03 04:00:00","2025-06-03 05:00:00","2026-09-03 20:23:30"
Nederland,Solar,Hour,3452181,3452179,0,0,"2025-06-03 05:00:00","2025-06-03 06:00:00","2026-09-03 20:23:30"
Nederland,Solar,Hour,6497686,6497685,0,0,"2025-06-03 06:00:00","2025-06-03 07:00:00","2026-09-03 20:23:30"
Nederland,Solar,Hour,8982361,8982359,0,0,"2025-06-03 07:00:00","2025-06-03 08:00:00","2026-09-03 20:23:30"
Nederland,Solar,Hour,11222050,11222048,0,0,"2025-06-03 08:00:00","2025-06-03 09:00:00","2026-09-03 20:23:30"
Nederland,Solar,Hour,12592959,12592958,0,0,"2025-06-03 09:00:00","2025-06-03 10:00:00","2026-09-03 20:23:30"
Nederland,Solar,Hour,13227909,13227907,0,0,"2025-06-03 10:00:00","2025-06-03 11:00:00","2026-09-03 20:23:30"
Nederland,Solar,Hour,14002800,14002798,0,0,"2025-06-03 11:00:00","2025-06-03 12:00:00","2026-09-03 20:23:30"
Nederland,Solar,Hour,14038899,14038898,0,0,"2025-06-03 12:00:00","2025-06-03 13:00:00","2026-09-03 20:23:30"
Nederland,Solar,Hour,12093016,12093013,0,0,"2025-06-03 13:00:00","2025-06-03 14:00:00","2026-09-03 20:23:30"
Nederland,Solar,Hour,9427352,9427351,0,0,"2025-06-03 14:00:00","2025-06-03 15:00:00","2026-09-03 20:23:30"
Nederland,Solar,Hour,7100313,7100311,0,0,"2025-06-03 15:00:00","2025-06-03 16:00:00","2026-09-03 20:23:30"
Nederland,Solar,Hour,4941382,4941381,0,0,"2025-06-03 16:00:00","2025-06-03 17:00:00","2026-09-03 20:23:30"
Nederland,Solar,Hour,3022326,3022325,0,0,"2025-06-03 17:00:00","2025-06-03 18:00:00","2026-09-03 20:23:30"
Nederland,Solar,Hour,1217214,1217211,0,0,"2025-06-03 18:00:00","2025-06-03 19:00:00","2026-09-03 20:23:30"
Nederland,Solar,Hour,160077,160075,0,0,"2025-06-03 19:00:00","2025-06-03 20:00:00","2026-09-03 20:23:30"
Nederland,Solar,Hour,0,0,0,0,"2025-06-03 20:00:00","2025-06-03 21:00:00","2026-09-03 20:23:30"
Nederland,Solar,Hour,0,0,0,0,"2025-06-03 21:00:00","2025-06-03 22:00:00","2026-09-03 20:23:30"
Nederland,Solar,Hour,0,0,0,0,"2025-06-03 22:00:00","2025-06-03 23:00:00","2026-09-03 20:23:30"
Nederland,Solar,Hour,0,0,0,0,"2025-06-03 23:00:00","2025-06-04 00:00:00","2026-09-03 20:23:30"
Nederland,Solar,Hour,0,0,0,0,"2025-06-04 00:00:00","2025-06-04 01:00:00","2026-09-03 20:21:50"
Nederland,Solar,Hour,0,0,0,0,"2025-06-04 01:00:00","2025-06-04 02:00:00","2026-09-03 20:21:50"
Nederland,Solar,Hour,0,0,0,0,"2025-06-04 02:00:00","2025-06-04 03:00:00","2026-09-03 20:21:50"
Nederland,Solar,Hour,967,967,0,0,"2025-06-04 03:00:00","2025-06-04 04:00:00","2026-09-03 20:21:50"
Nederland,Solar,Hour,388581,388580,0,0,"2025-06-04 04:00:00","2025-06-04 05:00:00","2026-09-03 20:21:50"
Nederland,Solar,Hour,1551302,1551299,0,0,"2025-06-04 05:00:00","2025-06-04 06:00:00","2026-09-03 20:21:50"
Nederland,Solar,Hour,3175577,3175575,0,0,"2025-06-04 06:00:00","2025-06-04 07:00:00","2026-09-03 20:21:50"
Nederland,Solar,Hour,4915245,4915244,0,0,"2025-06-04 07:00:00","2025-06-04 08:00:00","2026-09-03 20:21:50"
Nederland,Solar,Hour,7187778,7187777,0,0,"2025-06-04 08:00:00","2025-06-04 09:00:00","2026-09-03 20:21:50"
Nederland,Solar,Hour,7824060,7824058,0,0,"2025-06-04 09:00:00","2025-06-04 10:00:00","2026-09-03 20:21:50"
Nederland,Solar,Hour,9543819,9543817,0,0,"2025-06-04 10:00:00","2025-06-04 11:00:00","2026-09-03 20:21:50"
Nederland,Solar,Hour,9962322,9962320,0,0,"2025-06-04 11:00:00","2025-06-04 12:00:00","2026-09-03 20:21:50"
Nederland,Solar,Hour,11142054,11142052,0,0,"2025-06-04 12:00:00","2025-06-04 13:00:00","2026-09-03 20:21:50"
Nederland,Solar,Hour,12633466,12633464,0,0,"2025-06-04 13:00:00","2025-06-04 14:00:00","2026-09-03 20:21:50"
Nederland,Solar,Hour,11169680,11169677,0,0,"2025-06-04 14:00:00","2025-06-04 15:00:00","2026-09-03 20:21:50"
Nederland,Solar,Hour,8183016,8183015,0,0,"2025-06-04 15:00:00","2025-06-04 16:00:00","2026-09-03 20:21:50"
Nederland,Solar,Hour,6135163,6135160,0,0,"2025-06-04 16:00:00","2025-06-04 17:00:00","2026-09-03 20:21:50"
Nederland,Solar,Hour,3215173,3215171,0,0,"2025-06-04 17:00:00","2025-06-04 18:00:00","2026-09-03 20:21:50"
Nederland,Solar,Hour,1391322,1391321,0,0,"2025-06-04 18:00:00","2025-06-04 19:00:00","2026-09-03 20:21:50"
Nederland,Solar,Hour,259235,259234,0,0,"2025-06-04 19:00:00","2025-06-04 20:00:00","2026-09-03 20:21:50"
Nederland,Solar,Hour,0,0,0,0,"2025-06-04 20:00:00","2025-06-04 21:00:00","2026-09-03 20:21:50"
Nederland,Solar,Hour,0,0,0,0,"2025-06-04 21:00:00","2025-06-04 22:00:00","2026-09-03 20:21:50"
Nederland,Solar,Hour,0,0,0,0,"2025-06-04 22:00:00","2025-06-04 23:00:00","2026-09-03 20:21:50"
Nederland,Solar,Hour,0,0,0,0,"2025-06-04 23:00:00","2025-06-05 00:00:00","2026-09-03 20:21:50"
Nederland,Solar,Hour,0,0,0,0,"2025-06-05 00:00:00","2025-06-05 01:00:00","2026-09-03 20:21:50"
Nederland,Solar,Hour,0,0,0,0,"2025-06-05 01:00:00","2025-06-05 02:00:00","2026-09-03 20:21:50"
Nederland,Solar,Hour,0,0,0,0,"2025-06-05 02:00:00","2025-06-05 03:00:00","2026-09-03 20:21:50"
Nederland,Solar,Hour,6815,6814,0,0,"2025-06-05 03:00:00","2025-06-05 04:00:00","2026-09-03 20:21:50"
Nederland,Solar,Hour,471856,471854,0,0,"2025-06-05 04:00:00","2025-06-05 05:00:00","2026-09-03 20:21:50"
Nederland,Solar,Hour,1771150,1771149,0,0,"2025-06-05 05:00:00","2025-06-05 06:00:00","2026-09-03 20:21:50"
Nederland,Solar,Hour,4055641,4055639,0,0,"2025-06-05 06:00:00","2025-06-05 07:00:00","2026-09-03 20:21:50"
Nederland,Solar,Hour,6584734,6584732,0,0,"2025-06-05 07:00:00","2025-06-05 08:00:00","2026-09-03 20:21:50"
Nederland,Solar,Hour,8495012,8495010,0,0,"2025-06-05 08:00:00","2025-06-05 09:00:00","2026-09-03 20:21:50"
Nederland,Solar,Hour,8215537,8215536,0,0,"2025-06-05 09:00:00","2025-06-05 10:00:00","2026-09-03 20:21:50"
Nederland,Solar,Hour,6264000,6263998,0,0,"2025-06-05 10:00:00","2025-06-05 11:00:00","2026-09-03 20:21:50"
Nederland,Solar,Hour,5627983,5627981,0,0,"2025-06-05 11:00:00","2025-06-05 12:00:00","2026-09-03 20:21:50"
Nederland,Solar,Hour,7686757,7686754,0,0,"2025-06-05 12:00:00","2025-06-05 13:00:00","2026-09-03 20:21:50"
Nederland,Solar,Hour,10102693,10102692,0,0,"2025-06-05 13:00:00","2025-06-05 14:00:00","2026-09-03 20:21:50"
Nederland,Solar,Hour,10021905,10021904,0,0,"2025-06-05 14:00:00","2025-06-05 15:00:00","2026-09-03 20:21:50"
Nederland,Solar,Hour,7482923,7482921,0,0,"2025-06-05 15:00:00","2025-06-05 16:00:00","2026-09-03 20:21:50"
Nederland,Solar,Hour,5026854,5026852,0,0,"2025-06-05 16:00:00","2025-06-05 17:00:00","2026-09-03 20:21:50"
Nederland,Solar,Hour,1952258,1952255,0,0,"2025-06-05 17:00:00","2025-06-05 18:00:00","2026-09-03 20:21:50"
Nederland,Solar,Hour,814262,814261,0,0,"2025-06-05 18:00:00","2025-06-05 19:00:00","2026-09-03 20:21:50"
Nederland,Solar,Hour,62648,62646,0,0,"2025-06-05 19:00:00","2025-06-05 20:00:00","2026-09-03 20:21:50"
Nederland,Solar,Hour,0,0,0,0,"2025-06-05 20:00:00","2025-06-05 21:00:00","2026-09-03 20:21:50"
Nederland,Solar,Hour,0,0,0,0,"2025-06-05 21:00:00","2025-06-05 22:00:00","2026-09-03 20:21:50"
Nederland,Solar,Hour,0,0,0,0,"2025-06-05 22:00:00","2025-06-05 23:00:00","2026-09-03 20:21:50"
Nederland,Solar,Hour,0,0,0,0,"2025-06-05 23:00:00","2025-06-06 00:00:00","2026-09-03 20:21:50"
Nederland,Solar,Hour,0,0,0,0,"2025-06-06 00:00:00","2025-06-06 01:00:00","2026-09-03 20:21:50"
Nederland,Solar,Hour,0,0,0,0,"2025-06-06 01:00:00","2025-06-06 02:00:00","2026-09-03 20:21:50"
Nederland,Solar,Hour,0,0,0,0,"2025-06-06 02:00:00","2025-06-06 03:00:00","2026-09-03 20:21:50"
Nederland,Solar,Hour,0,0,0,0,"2025-06-06 03:00:00","2025-06-06 04:00:00","2026-09-03 20:21:50"
Nederland,Solar,Hour,507913,507911,0,0,"2025-06-06 04:00:00","2025-06-06 05:00:00","2026-09-03 20:21:50"
Nederland,Solar,Hour,2435074,2435072,0,0,"2025-06-06 05:00:00","2025-06-06 06:00:00","2026-09-03 20:21:50"
Nederland,Solar,Hour,5112258,5112256,0,0,"2025-06-06 06:00:00","2025-06-06 07:00:00","2026-09-03 20:21:50"
Nederland,Solar,Hour,8027861,8027859,0,0,"2025-06-06 07:00:00","2025-06-06 08:00:00","2026-09-03 20:21:50"
Nederland,Solar,Hour,9819694,9819692,0,0,"2025-06-06 08:00:00","2025-06-06 09:00:00","2026-09-03 20:21:50"
Nederland,Solar,Hour,11737659,11737657,0,0,"2025-06-06 09:00:00","2025-06-06 10:00:00","2026-09-03 20:21:50"
Nederland,Solar,Hour,13240923,13240921,0,0,"2025-06-06 10:00:00","2025-06-06 11:00:00","2026-09-03 20:21:50"
Nederland,Solar,Hour,13396668,13396666,0,0,"2025-06-06 11:00:00","2025-06-06 12:00:00","2026-09-03 20:21:50"
Nederland,Solar,Hour,13739778,13739776,0,0,"2025-06-06 12:00:00","2025-06-06 13:00:00","2026-09-03 20:21:50"
Nederland,Solar,Hour,11038673,11038672,0,0,"2025-06-06 13:00:00","2025-06-06 14:00:00","2026-09-03 20:21:50"
Nederland,Solar,Hour,8145400,8145398,0,0,"2025-06-06 14:00:00","2025-06-06 15:00:00","2026-09-03 20:21:50"
Nederland,Solar,Hour,7041589,7041588,0,0,"2025-06-06 15:00:00","2025-06-06 16:00:00","2026-09-03 20:21:50"
Nederland,Solar,Hour,4712354,4712351,0,0,"2025-06-06 16:00:00","2025-06-06 17:00:00","2026-09-03 20:21:50"
Nederland,Solar,Hour,3026334,3026332,0,0,"2025-06-06 17:00:00","2025-06-06 18:00:00","2026-09-03 20:21:50"
Nederland,Solar,Hour,1587508,1587506,0,0,"2025-06-06 18:00:00","2025-06-06 19:00:00","2026-09-03 20:21:50"
Nederland,Solar,Hour,344943,344941,0,0,"2025-06-06 19:00:00","2025-06-06 20:00:00","2026-09-03 20:21:50"
Nederland,Solar,Hour,7996,7996,0,0,"2025-06-06 20:00:00","2025-06-06 21:00:00","2026-09-03 20:21:50"
Nederland,Solar,Hour,0,0,0,0,"2025-06-06 21:00:00","2025-06-06 22:00:00","2026-09-03 20:21:50"
Nederland,Solar,Hour,0,0,0,0,"2025-06-06 22:00:00","2025-06-06 23:00:00","2026-09-03 20:21:50"
Nederland,Solar,Hour,0,0,0,0,"2025-06-06 23:00:00","2025-06-07 00:00:00","2026-09-03 20:21:50"
Nederland,Solar,Hour,0,0,0,0,"2025-06-07 00:00:00","2025-06-07 01:00:00","2026-09-03 20:21:50"
Nederland,Solar,Hour,0,0,0,0,"2025-06-07 01:00:00","2025-06-07 02:00:00","2026-09-03 20:21:50"
Nederland,Solar,Hour,0,0,0,0,"2025-06-07 02:00:00","2025-06-07 03:00:00","2026-09-03 20:21:50"
Nederland,Solar,Hour,2871,2871,0,0,"2025-06-07 03:00:00","2025-06-07 04:00:00","2026-09-03 20:21:50"
Nederland,Solar,Hour,368588,368586,0,0,"2025-06-07 04:00:00","2025-06-07 05:00:00","2026-09-03 20:21:50"
Nederland,Solar,Hour,1194891,1194891,0,0,"2025-06-07 05:00:00","2025-06-07 06:00:00","2026-09-03 20:21:50"
Nederland,Solar,Hour,2279127,2279125,0,0,"2025-06-07 06:00:00","2025-06-07 07:00:00","2026-09-03 20:21:50"
Nederland,Solar,Hour,3751786,3751784,0,0,"2025-06-07 07:00:00","2025-06-07 08:00:00","2026-09-03 20:21:50"
Nederland,Solar,Hour,5362334,5362333,0,0,"2025-06-07 08:00:00","2025-06-07 09:00:00","2026-09-03 20:21:50"
Nederland,Solar,Hour,7722247,7722245,0,0,"2025-06-07 09:00:00","2025-06-07 10:00:00","2026-09-03 20:21:50"
Nederland,Solar,Hour,8476318,8476316,0,0,"2025-06-07 10:00:00","2025-06-07 11:00:00","2026-09-03 20:21:50"
Nederland,Solar,Hour,7533362,7533360,0,0,"2025-06-07 11:00:00","2025-06-07 12:00:00","2026-09-03 20:21:50"
Nederland,Solar,Hour,8972590,8972589,0,0,"2025-06-07 12:00:00","2025-06-07 13:00:00","2026-09-03 20:21:50"
Nederland,Solar,Hour,8863177,8863175,0,0,"2025-06-07 13:00:00","2025-06-07 14:00:00","2026-09-03 20:21:50"
Nederland,Solar,Hour,8071841,8071839,0,0,"2025-06-07 14:00:00","2025-06-07 15:00:00","2026-09-03 20:21:50"
Nederland,Solar,Hour,8338325,8338323,0,0,"2025-06-07 15:00:00","2025-06-07 16:00:00","2026-09-03 20:21:50"
Nederland,Solar,Hour,5747747,5747745,0,0,"2025-06-07 16:00:00","2025-06-07 17:00:00","2026-09-03 20:21:50"
Nederland,Solar,Hour,3555038,3555037,0,0,"2025-06-07 17:00:00","2025-06-07 18:00:00","2026-09-03 20:21:50"
Nederland,Solar,Hour,1295987,1295985,0,0,"2025-06-07 18:00:00","2025-06-07 19:00:00","2026-09-03 20:21:50"
Nederland,Solar,Hour,168704,168702,0,0,"2025-06-07 19:00:00","2025-06-07 20:00:00","2026-09-03 20:21:50"
Nederland,Solar,Hour,0,0,0,0,"2025-06-07 20:00:00","2025-06-07 21:00:00","2026-09-03 20:21:50"
Nederland,Solar,Hour,0,0,0,0,"2025-06-07 21:00:00","2025-06-07 22:00:00","2026-09-03 20:21:50"
Nederland,Solar,Hour,0,0,0,0,"2025-06-07 22:00:00","2025-06-07 23:00:00","2026-09-03 20:21:50"
Nederland,Solar,Hour,0,0,0,0,"2025-06-07 23:00:00","2025-06-08 00:00:00","2026-09-03 20:21:50"
Nederland,Solar,Hour,0,0,0,0,"2025-06-08 00:00:00","2025-06-08 01:00:00","2026-09-03 20:21:50"
Nederland,Solar,Hour,0,0,0,0,"2025-06-08 01:00:00","2025-06-08 02:00:00","2026-09-03 20:21:50"
Nederland,Solar,Hour,0,0,0,0,"2025-06-08 02:00:00","2025-06-08 03:00:00","2026-09-03 20:21:50"
Nederland,Solar,Hour,0,0,0,0,"2025-06-08 03:00:00","2025-06-08 04:00:00","2026-09-03 20:21:50"
Nederland,Solar,Hour,267543,267541,0,0,"2025-06-08 04:00:00","2025-06-08 05:00:00","2026-09-03 20:21:50"
Nederland,Solar,Hour,1250205,1250203,0,0,"2025-06-08 05:00:00","2025-06-08 06:00:00","2026-09-03 20:21:50"
Nederland,Solar,Hour,2613628,2613625,0,0,"2025-06-08 06:00:00","2025-06-08 07:00:00","2026-09-03 20:21:50"
Nederland,Solar,Hour,4231593,4231591,0,0,"2025-06-08 07:00:00","2025-06-08 08:00:00","2026-09-03 20:21:50"
Nederland,Solar,Hour,5720074,5720072,0,0,"2025-06-08 08:00:00","2025-06-08 09:00:00","2026-09-03 20:21:50"
Nederland,Solar,Hour,7680362,7680359,0,0,"2025-06-08 09:00:00","2025-06-08 10:00:00","2026-09-03 20:21:50"
Nederland,Solar,Hour,9171980,9171978,0,0,"2025-06-08 10:00:00","2025-06-08 11:00:00","2026-09-03 20:21:50"
Nederland,Solar,Hour,9161511,9161509,0,0,"2025-06-08 11:00:00","2025-06-08 12:00:00","2026-09-03 20:21:50"
Nederland,Solar,Hour,9800722,9800720,0,0,"2025-06-08 12:00:00","2025-06-08 13:00:00","2026-09-03 20:21:50"
Nederland,Solar,Hour,9704060,9704058,0,0,"2025-06-08 13:00:00","2025-06-08 14:00:00","2026-09-03 20:21:50"
Nederland,Solar,Hour,8446743,8446741,0,0,"2025-06-08 14:00:00","2025-06-08 15:00:00","2026-09-03 20:21:50"
Nederland,Solar,Hour,7107076,7107075,0,0,"2025-06-08 15:00:00","2025-06-08 16:00:00","2026-09-03 20:21:50"
Nederland,Solar,Hour,6303928,6303925,0,0,"2025-06-08 16:00:00","2025-06-08 17:00:00","2026-09-03 20:21:50"
Nederland,Solar,Hour,4282801,4282798,0,0,"2025-06-08 17:00:00","2025-06-08 18:00:00","2026-09-03 20:21:50"
Nederland,Solar,Hour,1781569,1781567,0,0,"2025-06-08 18:00:00","2025-06-08 19:00:00","2026-09-03 20:21:50"
Nederland,Solar,Hour,371780,371779,0,0,"2025-06-08 19:00:00","2025-06-08 20:00:00","2026-09-03 20:21:50"
Nederland,Solar,Hour,0,0,0,0,"2025-06-08 20:00:00","2025-06-08 21:00:00","2026-09-03 20:21:50"
Nederland,Solar,Hour,0,0,0,0,"2025-06-08 21:00:00","2025-06-08 22:00:00","2026-09-03 20:21:50"
Nederland,Solar,Hour,0,0,0,0,"2025-06-08 22:00:00","2025-06-08 23:00:00","2026-09-03 20:21:50"
Nederland,Solar,Hour,0,0,0,0,"2025-06-08 23:00:00","2025-06-09 00:00:00","2026-09-03 20:21:50"
Nederland,Solar,Hour,0,0,0,0,"2025-06-09 00:00:00","2025-06-09 01:00:00","2026-04-20 12:38:23"
Nederland,Solar,Hour,0,0,0,0,"2025-06-09 01:00:00","2025-06-09 02:00:00","2026-04-20 12:38:23"
Nederland,Solar,Hour,0,0,0,0,"2025-06-09 02:00:00","2025-06-09 03:00:00","2026-04-20 12:38:23"
Nederland,Solar,Hour,3352,3353,0,0,"2025-06-09 03:00:00","2025-06-09 04:00:00","2026-04-20 12:38:23"
Nederland,Solar,Hour,742374,742374,0,0,"2025-06-09 04:00:00","2025-06-09 05:00:00","2026-04-20 12:38:23"
Nederland,Solar,Hour,2810079,2810083,0,0,"2025-06-09 05:00:00","2025-06-09 06:00:00","2026-04-20 12:38:23"
Nederland,Solar,Hour,5609920,5609918,0,0,"2025-06-09 06:00:00","2025-06-09 07:00:00","2026-04-20 12:38:23"
Nederland,Solar,Hour,7748810,7748808,0,0,"2025-06-09 07:00:00","2025-06-09 08:00:00","2026-04-20 12:38:23"
Nederland,Solar,Hour,10068495,10068492,0,0,"2025-06-09 08:00:00","2025-06-09 09:00:00","2026-04-20 12:38:23"
Nederland,Solar,Hour,11579467,11579469,0,0,"2025-06-09 09:00:00","2025-06-09 10:00:00","2026-04-20 12:38:23"
Nederland,Solar,Hour,11102408,11102408,0,0,"2025-06-09 10:00:00","2025-06-09 11:00:00","2026-04-20 12:38:23"
Nederland,Solar,Hour,11423832,11423836,0,0,"2025-06-09 11:00:00","2025-06-09 12:00:00","2026-04-20 12:38:23"
Nederland,Solar,Hour,10522969,10522964,0,0,"2025-06-09 12:00:00","2025-06-09 13:00:00","2026-04-20 12:38:23"
Nederland,Solar,Hour,10493227,10493228,0,0,"2025-06-09 13:00:00","2025-06-09 14:00:00","2026-04-20 12:38:23"
Nederland,Solar,Hour,9814835,9814839,0,0,"2025-06-09 14:00:00","2025-06-09 15:00:00","2026-04-20 12:38:23"
Nederland,Solar,Hour,9366299,9366301,0,0,"2025-06-09 15:00:00","2025-06-09 16:00:00","2026-04-20 12:38:23"
Nederland,Solar,Hour,7421879,7421876,0,0,"2025-06-09 16:00:00","2025-06-09 17:00:00","2026-04-20 12:38:23"
Nederland,Solar,Hour,4148837,4148836,0,0,"2025-06-09 17:00:00","2025-06-09 18:00:00","2026-04-20 12:38:23"
Nederland,Solar,Hour,1748167,1748169,0,0,"2025-06-09 18:00:00","2025-06-09 19:00:00","2026-04-20 12:38:23"
Nederland,Solar,Hour,326159,326160,0,0,"2025-06-09 19:00:00","2025-06-09 20:00:00","2026-04-20 12:38:23"
Nederland,Solar,Hour,0,0,0,0,"2025-06-09 20:00:00","2025-06-09 21:00:00","2026-04-20 12:38:23"
Nederland,Solar,Hour,0,0,0,0,"2025-06-09 21:00:00","2025-06-09 22:00:00","2026-04-20 12:38:23"
Nederland,Solar,Hour,0,0,0,0,"2025-06-09 22:00:00","2025-06-09 23:00:00","2026-04-20 12:38:23"
Nederland,Solar,Hour,0,0,0,0,"2025-06-09 23:00:00","2025-06-10 00:00:00","2026-04-20 12:38:23"
Nederland,Solar,Hour,0,0,0,0,"2025-06-10 00:00:00","2025-06-10 01:00:00","2026-04-20 12:38:23"
Nederland,Solar,Hour,0,0,0,0,"2025-06-10 01:00:00","2025-06-10 02:00:00","2026-04-20 12:38:23"
Nederland,Solar,Hour,0,0,0,0,"2025-06-10 02:00:00","2025-06-10 03:00:00","2026-04-20 12:38:23"
Nederland,Solar,Hour,228,228,0,0,"2025-06-10 03:00:00","2025-06-10 04:00:00","2026-04-20 12:38:23"
Nederland,Solar,Hour,295990,295992,0,0,"2025-06-10 04:00:00","2025-06-10 05:00:00","2026-04-20 12:38:23"
Nederland,Solar,Hour,1203016,1203016,0,0,"2025-06-10 05:00:00","2025-06-10 06:00:00","2026-04-20 12:38:23"
Nederland,Solar,Hour,2564260,2564262,0,0,"2025-06-10 06:00:00","2025-06-10 07:00:00","2026-04-20 12:38:23"
Nederland,Solar,Hour,3480207,3480208,0,0,"2025-06-10 07:00:00","2025-06-10 08:00:00","2026-04-20 12:38:23"
Nederland,Solar,Hour,4234730,4234732,0,0,"2025-06-10 08:00:00","2025-06-10 09:00:00","2026-04-20 12:38:23"
Nederland,Solar,Hour,4239700,4239704,0,0,"2025-06-10 09:00:00","2025-06-10 10:00:00","2026-04-20 12:38:23"
Nederland,Solar,Hour,4918391,4918393,0,0,"2025-06-10 10:00:00","2025-06-10 11:00:00","2026-04-20 12:38:23"
Nederland,Solar,Hour,5199953,5199955,0,0,"2025-06-10 11:00:00","2025-06-10 12:00:00","2026-04-20 12:38:23"
Nederland,Solar,Hour,6226215,6226211,0,0,"2025-06-10 12:00:00","2025-06-10 13:00:00","2026-04-20 12:38:23"
Nederland,Solar,Hour,7501947,7501944,0,0,"2025-06-10 13:00:00","2025-06-10 14:00:00","2026-04-20 12:38:23"
Nederland,Solar,Hour,8334302,8334298,0,0,"2025-06-10 14:00:00","2025-06-10 15:00:00","2026-04-20 12:38:23"
Nederland,Solar,Hour,8157845,8157844,0,0,"2025-06-10 15:00:00","2025-06-10 16:00:00","2026-04-20 12:38:23"
Nederland,Solar,Hour,6755294,6755295,0,0,"2025-06-10 16:00:00","2025-06-10 17:00:00","2026-04-20 12:38:23"
Nederland,Solar,Hour,4396694,4396694,0,0,"2025-06-10 17:00:00","2025-06-10 18:00:00","2026-04-20 12:38:23"
Nederland,Solar,Hour,1990672,1990674,0,0,"2025-06-10 18:00:00","2025-06-10 19:00:00","2026-04-20 12:38:23"
Nederland,Solar,Hour,459274,459271,0,0,"2025-06-10 19:00:00","2025-06-10 20:00:00","2026-04-20 12:38:23"
Nederland,Solar,Hour,0,0,0,0,"2025-06-10 20:00:00","2025-06-10 21:00:00","2026-04-20 12:38:23"
Nederland,Solar,Hour,0,0,0,0,"2025-06-10 21:00:00","2025-06-10 22:00:00","2026-04-20 12:38:23"
Nederland,Solar,Hour,0,0,0,0,"2025-06-10 22:00:00","2025-06-10 23:00:00","2026-04-20 12:38:23"
Nederland,Solar,Hour,0,0,0,0,"2025-06-10 23:00:00","2025-06-11 00:00:00","2026-04-20 12:38:23"
Nederland,Solar,Hour,0,0,0,0,"2025-06-11 00:00:00","2025-06-11 01:00:00","2026-04-20 12:38:23"
Nederland,Solar,Hour,0,0,0,0,"2025-06-11 01:00:00","2025-06-11 02:00:00","2026-04-20 12:38:23"
Nederland,Solar,Hour,0,0,0,0,"2025-06-11 02:00:00","2025-06-11 03:00:00","2026-04-20 12:38:23"
Nederland,Solar,Hour,12550,12549,0,0,"2025-06-11 03:00:00","2025-06-11 04:00:00","2026-04-20 12:38:23"
Nederland,Solar,Hour,929999,929997,0,0,"2025-06-11 04:00:00","2025-06-11 05:00:00","2026-04-20 12:38:23"
Nederland,Solar,Hour,3125104,3125102,0,0,"2025-06-11 05:00:00","2025-06-11 06:00:00","2026-04-20 12:38:23"
Nederland,Solar,Hour,6213588,6213586,0,0,"2025-06-11 06:00:00","2025-06-11 07:00:00","2026-04-20 12:38:23"
Nederland,Solar,Hour,8560687,8560684,0,0,"2025-06-11 07:00:00","2025-06-11 08:00:00","2026-04-20 12:38:23"
Nederland,Solar,Hour,10985160,10985163,0,0,"2025-06-11 08:00:00","2025-06-11 09:00:00","2026-04-20 12:38:23"
Nederland,Solar,Hour,12411448,12411451,0,0,"2025-06-11 09:00:00","2025-06-11 10:00:00","2026-04-20 12:38:23"
Nederland,Solar,Hour,12868947,12868947,0,0,"2025-06-11 10:00:00","2025-06-11 11:00:00","2026-04-20 12:38:23"
Nederland,Solar,Hour,14600372,14600374,0,0,"2025-06-11 11:00:00","2025-06-11 12:00:00","2026-04-20 12:38:23"
Nederland,Solar,Hour,16007435,16007433,0,0,"2025-06-11 12:00:00","2025-06-11 13:00:00","2026-04-20 12:38:23"
Nederland,Solar,Hour,15898715,15898714,0,0,"2025-06-11 13:00:00","2025-06-11 14:00:00","2026-04-20 12:38:23"
Nederland,Solar,Hour,15479221,15479224,0,0,"2025-06-11 14:00:00","2025-06-11 15:00:00","2026-04-20 12:38:23"
Nederland,Solar,Hour,12479782,12479784,0,0,"2025-06-11 15:00:00","2025-06-11 16:00:00","2026-04-20 12:38:23"
Nederland,Solar,Hour,8654224,8654229,0,0,"2025-06-11 16:00:00","2025-06-11 17:00:00","2026-04-20 12:38:23"
Nederland,Solar,Hour,4962116,4962118,0,0,"2025-06-11 17:00:00","2025-06-11 18:00:00","2026-04-20 12:38:23"
Nederland,Solar,Hour,2157976,2157980,0,0,"2025-06-11 18:00:00","2025-06-11 19:00:00","2026-04-20 12:38:23"
Nederland,Solar,Hour,513214,513216,0,0,"2025-06-11 19:00:00","2025-06-11 20:00:00","2026-04-20 12:38:23"
Nederland,Solar,Hour,0,0,0,0,"2025-06-11 20:00:00","2025-06-11 21:00:00","2026-04-20 12:38:23"
Nederland,Solar,Hour,0,0,0,0,"2025-06-11 21:00:00","2025-06-11 22:00:00","2026-04-20 12:38:23"
Nederland,Solar,Hour,0,0,0,0,"2025-06-11 22:00:00","2025-06-11 23:00:00","2026-04-20 12:38:23"
Nederland,Solar,Hour,0,0,0,0,"2025-06-11 23:00:00","2025-06-12 00:00:00","2026-04-20 12:38:23"
Nederland,Solar,Hour,0,0,0,0,"2025-06-12 00:00:00","2025-06-12 01:00:00","2026-04-20 12:38:23"
Nederland,Solar,Hour,0,0,0,0,"2025-06-12 01:00:00","2025-06-12 02:00:00","2026-04-20 12:38:23"
Nederland,Solar,Hour,0,0,0,0,"2025-06-12 02:00:00","2025-06-12 03:00:00","2026-04-20 12:38:23"
Nederland,Solar,Hour,23369,23371,0,0,"2025-06-12 03:00:00","2025-06-12 04:00:00","2026-04-20 12:38:23"
Nederland,Solar,Hour,1119930,1119927,0,0,"2025-06-12 04:00:00","2025-06-12 05:00:00","2026-04-20 12:38:23"
Nederland,Solar,Hour,3494954,3494954,0,0,"2025-06-12 05:00:00","2025-06-12 06:00:00","2026-04-20 12:38:23"
Nederland,Solar,Hour,6831970,6831971,0,0,"2025-06-12 06:00:00","2025-06-12 07:00:00","2026-04-20 12:38:23"
Nederland,Solar,Hour,10783787,10783791,0,0,"2025-06-12 07:00:00","2025-06-12 08:00:00","2026-04-20 12:38:23"
Nederland,Solar,Hour,14360513,14360514,0,0,"2025-06-12 08:00:00","2025-06-12 09:00:00","2026-04-20 12:38:23"
Nederland,Solar,Hour,17278254,17278255,0,0,"2025-06-12 09:00:00","2025-06-12 10:00:00","2026-04-20 12:38:23"
Nederland,Solar,Hour,19153173,19153171,0,0,"2025-06-12 10:00:00","2025-06-12 11:00:00","2026-04-20 12:38:23"
Nederland,Solar,Hour,19949209,19949213,0,0,"2025-06-12 11:00:00","2025-06-12 12:00:00","2026-04-20 12:38:23"
Nederland,Solar,Hour,19597246,19597246,0,0,"2025-06-12 12:00:00","2025-06-12 13:00:00","2026-04-20 12:38:23"
Nederland,Solar,Hour,17789585,17789581,0,0,"2025-06-12 13:00:00","2025-06-12 14:00:00","2026-04-20 12:38:23"
Nederland,Solar,Hour,15607482,15607480,0,0,"2025-06-12 14:00:00","2025-06-12 15:00:00","2026-04-20 12:38:23"
Nederland,Solar,Hour,12110261,12110262,0,0,"2025-06-12 15:00:00","2025-06-12 16:00:00","2026-04-20 12:38:23"
Nederland,Solar,Hour,8368631,8368629,0,0,"2025-06-12 16:00:00","2025-06-12 17:00:00","2026-04-20 12:38:23"
Nederland,Solar,Hour,4704140,4704139,0,0,"2025-06-12 17:00:00","2025-06-12 18:00:00","2026-04-20 12:38:23"
Nederland,Solar,Hour,2094948,2094947,0,0,"2025-06-12 18:00:00","2025-06-12 19:00:00","2026-04-20 12:38:23"
Nederland,Solar,Hour,495801,495806,0,0,"2025-06-12 19:00:00","2025-06-12 20:00:00","2026-04-20 12:38:23"
Nederland,Solar,Hour,334,335,0,0,"2025-06-12 20:00:00","2025-06-12 21:00:00","2026-04-20 12:38:23"
Nederland,Solar,Hour,0,0,0,0,"2025-06-12 21:00:00","2025-06-12 22:00:00","2026-04-20 12:38:23"
Nederland,Solar,Hour,0,0,0,0,"2025-06-12 22:00:00","2025-06-12 23:00:00","2026-04-20 12:38:23"
Nederland,Solar,Hour,0,0,0,0,"2025-06-12 23:00:00","2025-06-13 00:00:00","2026-04-20 12:38:23"
Nederland,Solar,Hour,0,0,0,0,"2025-06-13 00:00:00","2025-06-13 01:00:00","2026-04-20 12:38:23"
Nederland,Solar,Hour,0,0,0,0,"2025-06-13 01:00:00","2025-06-13 02:00:00","2026-04-20 12:38:23"
Nederland,Solar,Hour,0,0,0,0,"2025-06-13 02:00:00","2025-06-13 03:00:00","2026-04-20 12:38:23"
Nederland,Solar,Hour,17739,17738,0,0,"2025-06-13 03:00:00","2025-06-13 04:00:00","2026-04-20 12:38:23"
Nederland,Solar,Hour,976341,976344,0,0,"2025-06-13 04:00:00","2025-06-13 05:00:00","2026-04-20 12:38:23"
Nederland,Solar,Hour,3157497,3157500,0,0,"2025-06-13 05:00:00","2025-06-13 06:00:00","2026-04-20 12:38:23"
Nederland,Solar,Hour,6283548,6283553,0,0,"2025-06-13 06:00:00","2025-06-13 07:00:00","2026-04-20 12:38:23"
Nederland,Solar,Hour,9774940,9774939,0,0,"2025-06-13 07:00:00","2025-06-13 08:00:00","2026-04-20 12:38:23"
Nederland,Solar,Hour,12780551,12780550,0,0,"2025-06-13 08:00:00","2025-06-13 09:00:00","2026-04-20 12:38:23"
Nederland,Solar,Hour,15016171,15016176,0,0,"2025-06-13 09:00:00","2025-06-13 10:00:00","2026-04-20 12:38:23"
Nederland,Solar,Hour,15229790,15229793,0,0,"2025-06-13 10:00:00","2025-06-13 11:00:00","2026-04-20 12:38:23"
Nederland,Solar,Hour,15779056,15779058,0,0,"2025-06-13 11:00:00","2025-06-13 12:00:00","2026-04-20 12:38:23"
Nederland,Solar,Hour,16022891,16022892,0,0,"2025-06-13 12:00:00","2025-06-13 13:00:00","2026-04-20 12:38:23"
Nederland,Solar,Hour,14960919,14960923,0,0,"2025-06-13 13:00:00","2025-06-13 14:00:00","2026-04-20 12:38:23"
Nederland,Solar,Hour,14161817,14161820,0,0,"2025-06-13 14:00:00","2025-06-13 15:00:00","2026-04-20 12:38:23"
Nederland,Solar,Hour,11656053,11656052,0,0,"2025-06-13 15:00:00","2025-06-13 16:00:00","2026-04-20 12:38:23"
Nederland,Solar,Hour,8059897,8059899,0,0,"2025-06-13 16:00:00","2025-06-13 17:00:00","2026-04-20 12:38:23"
Nederland,Solar,Hour,4602521,4602523,0,0,"2025-06-13 17:00:00","2025-06-13 18:00:00","2026-04-20 12:38:23"
Nederland,Solar,Hour,2030601,2030603,0,0,"2025-06-13 18:00:00","2025-06-13 19:00:00","2026-04-20 12:38:23"
Nederland,Solar,Hour,448615,448617,0,0,"2025-06-13 19:00:00","2025-06-13 20:00:00","2026-04-20 12:38:23"
Nederland,Solar,Hour,0,0,0,0,"2025-06-13 20:00:00","2025-06-13 21:00:00","2026-04-20 12:38:23"
Nederland,Solar,Hour,0,0,0,0,"2025-06-13 21:00:00","2025-06-13 22:00:00","2026-04-20 12:38:23"
Nederland,Solar,Hour,0,0,0,0,"2025-06-13 22:00:00","2025-06-13 23:00:00","2026-04-20 12:38:23"
Nederland,Solar,Hour,0,0,0,0,"2025-06-13 23:00:00","2025-06-14 00:00:00","2026-04-20 12:38:23"
Nederland,Solar,Hour,0,0,0,0,"2025-06-14 00:00:00","2025-06-14 01:00:00","2026-09-03 20:18:40"
Nederland,Solar,Hour,0,0,0,0,"2025-06-14 01:00:00","2025-06-14 02:00:00","2026-09-03 20:18:40"
Nederland,Solar,Hour,0,0,0,0,"2025-06-14 02:00:00","2025-06-14 03:00:00","2026-09-03 20:18:40"
Nederland,Solar,Hour,8189,8187,0,0,"2025-06-14 03:00:00","2025-06-14 04:00:00","2026-09-03 20:18:40"
Nederland,Solar,Hour,654579,654577,0,0,"2025-06-14 04:00:00","2025-06-14 05:00:00","2026-09-03 20:18:40"
Nederland,Solar,Hour,2667274,2667271,0,0,"2025-06-14 05:00:00","2025-06-14 06:00:00","2026-09-03 20:18:40"
Nederland,Solar,Hour,5306813,5306810,0,0,"2025-06-14 06:00:00","2025-06-14 07:00:00","2026-09-03 20:18:40"
Nederland,Solar,Hour,7650383,7650381,0,0,"2025-06-14 07:00:00","2025-06-14 08:00:00","2026-09-03 20:18:40"
Nederland,Solar,Hour,10785564,10785561,0,0,"2025-06-14 08:00:00","2025-06-14 09:00:00","2026-09-03 20:18:40"
Nederland,Solar,Hour,11955442,11955440,0,0,"2025-06-14 09:00:00","2025-06-14 10:00:00","2026-09-03 20:18:40"
Nederland,Solar,Hour,11002769,11002766,0,0,"2025-06-14 10:00:00","2025-06-14 11:00:00","2026-09-03 20:18:40"
Nederland,Solar,Hour,10316272,10316269,0,0,"2025-06-14 11:00:00","2025-06-14 12:00:00","2026-09-03 20:18:40"
Nederland,Solar,Hour,7700241,7700239,0,0,"2025-06-14 12:00:00","2025-06-14 13:00:00","2026-09-03 20:18:40"
Nederland,Solar,Hour,6371126,6371125,0,0,"2025-06-14 13:00:00","2025-06-14 14:00:00","2026-09-03 20:18:40"
Nederland,Solar,Hour,5102535,5102532,0,0,"2025-06-14 14:00:00","2025-06-14 15:00:00","2026-09-03 20:18:40"
Nederland,Solar,Hour,6764631,6764629,0,0,"2025-06-14 15:00:00","2025-06-14 16:00:00","2026-09-03 20:18:40"
Nederland,Solar,Hour,5611554,5611552,0,0,"2025-06-14 16:00:00","2025-06-14 17:00:00","2026-09-03 20:18:40"
Nederland,Solar,Hour,3579257,3579255,0,0,"2025-06-14 17:00:00","2025-06-14 18:00:00","2026-09-03 20:18:40"
Nederland,Solar,Hour,1843682,1843681,0,0,"2025-06-14 18:00:00","2025-06-14 19:00:00","2026-09-03 20:18:40"
Nederland,Solar,Hour,406199,406197,0,0,"2025-06-14 19:00:00","2025-06-14 20:00:00","2026-09-03 20:18:40"
Nederland,Solar,Hour,5616,5615,0,0,"2025-06-14 20:00:00","2025-06-14 21:00:00","2026-09-03 20:18:40"
Nederland,Solar,Hour,0,0,0,0,"2025-06-14 21:00:00","2025-06-14 22:00:00","2026-09-03 20:18:40"
Nederland,Solar,Hour,0,0,0,0,"2025-06-14 22:00:00","2025-06-14 23:00:00","2026-09-03 20:18:40"
Nederland,Solar,Hour,0,0,0,0,"2025-06-14 23:00:00","2025-06-15 00:00:00","2026-09-03 20:18:40"
Nederland,Solar,Hour,0,0,0,0,"2025-06-15 00:00:00","2025-06-15 01:00:00","2026-09-03 20:18:40"
Nederland,Solar,Hour,0,0,0,0,"2025-06-15 01:00:00","2025-06-15 02:00:00","2026-09-03 20:18:40"
Nederland,Solar,Hour,0,0,0,0,"2025-06-15 02:00:00","2025-06-15 03:00:00","2026-09-03 20:18:40"
Nederland,Solar,Hour,20481,20480,0,0,"2025-06-15 03:00:00","2025-06-15 04:00:00","2026-09-03 20:18:40"
Nederland,Solar,Hour,388766,388765,0,0,"2025-06-15 04:00:00","2025-06-15 05:00:00","2026-09-03 20:18:40"
Nederland,Solar,Hour,1503671,1503670,0,0,"2025-06-15 05:00:00","2025-06-15 06:00:00","2026-09-03 20:18:40"
Nederland,Solar,Hour,3864401,3864399,0,0,"2025-06-15 06:00:00","2025-06-15 07:00:00","2026-09-03 20:18:40"
Nederland,Solar,Hour,6712755,6712754,0,0,"2025-06-15 07:00:00","2025-06-15 08:00:00","2026-09-03 20:18:40"
Nederland,Solar,Hour,8305320,8305319,0,0,"2025-06-15 08:00:00","2025-06-15 09:00:00","2026-09-03 20:18:40"
Nederland,Solar,Hour,11180556,11180553,0,0,"2025-06-15 09:00:00","2025-06-15 10:00:00","2026-09-03 20:18:40"
Nederland,Solar,Hour,13803382,13803380,0,0,"2025-06-15 10:00:00","2025-06-15 11:00:00","2026-09-03 20:18:40"
Nederland,Solar,Hour,14317800,14317798,0,0,"2025-06-15 11:00:00","2025-06-15 12:00:00","2026-09-03 20:18:40"
Nederland,Solar,Hour,14854961,14854960,0,0,"2025-06-15 12:00:00","2025-06-15 13:00:00","2026-09-03 20:18:40"
Nederland,Solar,Hour,12906677,12906675,0,0,"2025-06-15 13:00:00","2025-06-15 14:00:00","2026-09-03 20:18:40"
Nederland,Solar,Hour,11903811,11903809,0,0,"2025-06-15 14:00:00","2025-06-15 15:00:00","2026-09-03 20:18:40"
Nederland,Solar,Hour,12114830,12114828,0,0,"2025-06-15 15:00:00","2025-06-15 16:00:00","2026-09-03 20:18:40"
Nederland,Solar,Hour,8444204,8444203,0,0,"2025-06-15 16:00:00","2025-06-15 17:00:00","2026-09-03 20:18:40"
Nederland,Solar,Hour,4902880,4902878,0,0,"2025-06-15 17:00:00","2025-06-15 18:00:00","2026-09-03 20:18:40"
Nederland,Solar,Hour,2220274,2220272,0,0,"2025-06-15 18:00:00","2025-06-15 19:00:00","2026-09-03 20:18:40"
Nederland,Solar,Hour,551066,551064,0,0,"2025-06-15 19:00:00","2025-06-15 20:00:00","2026-09-03 20:18:40"
Nederland,Solar,Hour,0,0,0,0,"2025-06-15 20:00:00","2025-06-15 21:00:00","2026-09-03 20:18:40"
Nederland,Solar,Hour,0,0,0,0,"2025-06-15 21:00:00","2025-06-15 22:00:00","2026-09-03 20:18:40"
Nederland,Solar,Hour,0,0,0,0,"2025-06-15 22:00:00","2025-06-15 23:00:00","2026-09-03 20:18:40"
Nederland,Solar,Hour,0,0,0,0,"2025-06-15 23:00:00","2025-06-16 00:00:00","2026-09-03 20:18:40"
Nederland,Solar,Hour,0,0,0,0,"2025-06-16 00:00:00","2025-06-16 01:00:00","2026-09-03 20:18:40"
Nederland,Solar,Hour,0,0,0,0,"2025-06-16 01:00:00","2025-06-16 02:00:00","2026-09-03 20:18:40"
Nederland,Solar,Hour,0,0,0,0,"2025-06-16 02:00:00","2025-06-16 03:00:00","2026-09-03 20:18:40"
Nederland,Solar,Hour,26498,26497,0,0,"2025-06-16 03:00:00","2025-06-16 04:00:00","2026-09-03 20:18:40"
Nederland,Solar,Hour,1096667,1096664,0,0,"2025-06-16 04:00:00","2025-06-16 05:00:00","2026-09-03 20:18:40"
Nederland,Solar,Hour,3341080,3341077,0,0,"2025-06-16 05:00:00","2025-06-16 06:00:00","2026-09-03 20:18:40"
Nederland,Solar,Hour,6347879,6347877,0,0,"2025-06-16 06:00:00","2025-06-16 07:00:00","2026-09-03 20:18:40"
Nederland,Solar,Hour,9435795,9435793,0,0,"2025-06-16 07:00:00","2025-06-16 08:00:00","2026-09-03 20:18:40"
Nederland,Solar,Hour,11209578,11209575,0,0,"2025-06-16 08:00:00","2025-06-16 09:00:00","2026-09-03 20:18:40"
Nederland,Solar,Hour,13001997,13001996,0,0,"2025-06-16 09:00:00","2025-06-16 10:00:00","2026-09-03 20:18:40"
Nederland,Solar,Hour,14063385,14063382,0,0,"2025-06-16 10:00:00","2025-06-16 11:00:00","2026-09-03 20:18:40"
Nederland,Solar,Hour,13942049,13942047,0,0,"2025-06-16 11:00:00","2025-06-16 12:00:00","2026-09-03 20:18:40"
Nederland,Solar,Hour,15903663,15903661,0,0,"2025-06-16 12:00:00","2025-06-16 13:00:00","2026-09-03 20:18:40"
Nederland,Solar,Hour,16069466,16069464,0,0,"2025-06-16 13:00:00","2025-06-16 14:00:00","2026-09-03 20:18:40"
Nederland,Solar,Hour,14963525,14963524,0,0,"2025-06-16 14:00:00","2025-06-16 15:00:00","2026-09-03 20:18:40"
Nederland,Solar,Hour,12145940,12145939,0,0,"2025-06-16 15:00:00","2025-06-16 16:00:00","2026-09-03 20:18:40"
Nederland,Solar,Hour,8798858,8798856,0,0,"2025-06-16 16:00:00","2025-06-16 17:00:00","2026-09-03 20:18:40"
Nederland,Solar,Hour,4927133,4927130,0,0,"2025-06-16 17:00:00","2025-06-16 18:00:00","2026-09-03 20:18:40"
Nederland,Solar,Hour,2223450,2223448,0,0,"2025-06-16 18:00:00","2025-06-16 19:00:00","2026-09-03 20:18:40"
Nederland,Solar,Hour,627490,627488,0,0,"2025-06-16 19:00:00","2025-06-16 20:00:00","2026-09-03 20:18:40"
Nederland,Solar,Hour,0,0,0,0,"2025-06-16 20:00:00","2025-06-16 21:00:00","2026-09-03 20:18:40"
Nederland,Solar,Hour,0,0,0,0,"2025-06-16 21:00:00","2025-06-16 22:00:00","2026-09-03 20:18:40"
Nederland,Solar,Hour,0,0,0,0,"2025-06-16 22:00:00","2025-06-16 23:00:00","2026-09-03 20:18:40"
Nederland,Solar,Hour,0,0,0,0,"2025-06-16 23:00:00","2025-06-17 00:00:00","2026-09-03 20:18:40"
Nederland,Solar,Hour,0,0,0,0,"2025-06-17 00:00:00","2025-06-17 01:00:00","2026-09-03 20:18:40"
Nederland,Solar,Hour,0,0,0,0,"2025-06-17 01:00:00","2025-06-17 02:00:00","2026-09-03 20:18:40"
Nederland,Solar,Hour,0,0,0,0,"2025-06-17 02:00:00","2025-06-17 03:00:00","2026-09-03 20:18:40"
Nederland,Solar,Hour,20896,20895,0,0,"2025-06-17 03:00:00","2025-06-17 04:00:00","2026-09-03 20:18:40"
Nederland,Solar,Hour,1118772,1118769,0,0,"2025-06-17 04:00:00","2025-06-17 05:00:00","2026-09-03 20:18:40"
Nederland,Solar,Hour,3458869,3458868,0,0,"2025-06-17 05:00:00","2025-06-17 06:00:00","2026-09-03 20:18:40"
Nederland,Solar,Hour,6651312,6651311,0,0,"2025-06-17 06:00:00","2025-06-17 07:00:00","2026-09-03 20:18:40"
Nederland,Solar,Hour,10607913,10607911,0,0,"2025-06-17 07:00:00","2025-06-17 08:00:00","2026-09-03 20:18:40"
Nederland,Solar,Hour,14008897,14008895,0,0,"2025-06-17 08:00:00","2025-06-17 09:00:00","2026-09-03 20:18:40"
Nederland,Solar,Hour,15151889,15151887,0,0,"2025-06-17 09:00:00","2025-06-17 10:00:00","2026-09-03 20:18:40"
Nederland,Solar,Hour,16691892,16691889,0,0,"2025-06-17 10:00:00","2025-06-17 11:00:00","2026-09-03 20:18:40"
Nederland,Solar,Hour,17217302,17217300,0,0,"2025-06-17 11:00:00","2025-06-17 12:00:00","2026-09-03 20:18:40"
Nederland,Solar,Hour,16431876,16431874,0,0,"2025-06-17 12:00:00","2025-06-17 13:00:00","2026-09-03 20:18:40"
Nederland,Solar,Hour,14014333,14014331,0,0,"2025-06-17 13:00:00","2025-06-17 14:00:00","2026-09-03 20:18:40"
Nederland,Solar,Hour,12548447,12548444,0,0,"2025-06-17 14:00:00","2025-06-17 15:00:00","2026-09-03 20:18:40"
Nederland,Solar,Hour,9991254,9991252,0,0,"2025-06-17 15:00:00","2025-06-17 16:00:00","2026-09-03 20:18:40"
Nederland,Solar,Hour,7093408,7093406,0,0,"2025-06-17 16:00:00","2025-06-17 17:00:00","2026-09-03 20:18:40"
Nederland,Solar,Hour,4383579,4383576,0,0,"2025-06-17 17:00:00","2025-06-17 18:00:00","2026-09-03 20:18:40"
Nederland,Solar,Hour,2091813,2091810,0,0,"2025-06-17 18:00:00","2025-06-17 19:00:00","2026-09-03 20:18:40"
Nederland,Solar,Hour,745644,745642,0,0,"2025-06-17 19:00:00","2025-06-17 20:00:00","2026-09-03 20:18:40"
Nederland,Solar,Hour,5799,5799,0,0,"2025-06-17 20:00:00","2025-06-17 21:00:00","2026-09-03 20:18:40"
Nederland,Solar,Hour,0,0,0,0,"2025-06-17 21:00:00","2025-06-17 22:00:00","2026-09-03 20:18:40"
Nederland,Solar,Hour,0,0,0,0,"2025-06-17 22:00:00","2025-06-17 23:00:00","2026-09-03 20:18:40"
Nederland,Solar,Hour,0,0,0,0,"2025-06-17 23:00:00","2025-06-18 00:00:00","2026-09-03 20:18:40"
Nederland,Solar,Hour,0,0,0,0,"2025-06-18 00:00:00","2025-06-18 01:00:00","2026-09-03 20:18:40"
Nederland,Solar,Hour,0,0,0,0,"2025-06-18 01:00:00","2025-06-18 02:00:00","2026-09-03 20:18:40"
Nederland,Solar,Hour,0,0,0,0,"2025-06-18 02:00:00","2025-06-18 03:00:00","2026-09-03 20:18:40"
Nederland,Solar,Hour,34377,34376,0,0,"2025-06-18 03:00:00","2025-06-18 04:00:00","2026-09-03 20:18:40"
Nederland,Solar,Hour,1147695,1147694,0,0,"2025-06-18 04:00:00","2025-06-18 05:00:00","2026-09-03 20:18:40"
Nederland,Solar,Hour,3306125,3306123,0,0,"2025-06-18 05:00:00","2025-06-18 06:00:00","2026-09-03 20:18:40"
Nederland,Solar,Hour,6164678,6164676,0,0,"2025-06-18 06:00:00","2025-06-18 07:00:00","2026-09-03 20:18:40"
Nederland,Solar,Hour,9604834,9604832,0,0,"2025-06-18 07:00:00","2025-06-18 08:00:00","2026-09-03 20:18:40"
Nederland,Solar,Hour,13163755,13163752,0,0,"2025-06-18 08:00:00","2025-06-18 09:00:00","2026-09-03 20:18:40"
Nederland,Solar,Hour,15812386,15812384,0,0,"2025-06-18 09:00:00","2025-06-18 10:00:00","2026-09-03 20:18:40"
Nederland,Solar,Hour,15371794,15371791,0,0,"2025-06-18 10:00:00","2025-06-18 11:00:00","2026-09-03 20:18:40"
Nederland,Solar,Hour,15629762,15629760,0,0,"2025-06-18 11:00:00","2025-06-18 12:00:00","2026-09-03 20:18:40"
Nederland,Solar,Hour,14682383,14682381,0,0,"2025-06-18 12:00:00","2025-06-18 13:00:00","2026-09-03 20:18:40"
Nederland,Solar,Hour,14711373,14711369,0,0,"2025-06-18 13:00:00","2025-06-18 14:00:00","2026-09-03 20:18:40"
Nederland,Solar,Hour,14475381,14475379,0,0,"2025-06-18 14:00:00","2025-06-18 15:00:00","2026-09-03 20:18:40"
Nederland,Solar,Hour,11836899,11836897,0,0,"2025-06-18 15:00:00","2025-06-18 16:00:00","2026-09-03 20:18:40"
Nederland,Solar,Hour,8709553,8709551,0,0,"2025-06-18 16:00:00","2025-06-18 17:00:00","2026-09-03 20:18:40"
Nederland,Solar,Hour,5088693,5088690,0,0,"2025-06-18 17:00:00","2025-06-18 18:00:00","2026-09-03 20:18:40"
Nederland,Solar,Hour,2218064,2218062,0,0,"2025-06-18 18:00:00","2025-06-18 19:00:00","2026-09-03 20:18:40"
Nederland,Solar,Hour,623150,623149,0,0,"2025-06-18 19:00:00","2025-06-18 20:00:00","2026-09-03 20:18:40"
Nederland,Solar,Hour,0,0,0,0,"2025-06-18 20:00:00","2025-06-18 21:00:00","2026-09-03 20:18:40"
Nederland,Solar,Hour,0,0,0,0,"2025-06-18 21:00:00","2025-06-18 22:00:00","2026-09-03 20:18:40"
Nederland,Solar,Hour,0,0,0,0,"2025-06-18 22:00:00","2025-06-18 23:00:00","2026-09-03 20:18:40"
Nederland,Solar,Hour,0,0,0,0,"2025-06-18 23:00:00","2025-06-19 00:00:00","2026-09-03 20:18:40"
Nederland,Solar,Hour,0,0,0,0,"2025-06-19 00:00:00","2025-06-19 01:00:00","2026-09-03 20:17:06"
Nederland,Solar,Hour,0,0,0,0,"2025-06-19 01:00:00","2025-06-19 02:00:00","2026-09-03 20:17:06"
Nederland,Solar,Hour,0,0,0,0,"2025-06-19 02:00:00","2025-06-19 03:00:00","2026-09-03 20:17:06"
Nederland,Solar,Hour,32314,32313,0,0,"2025-06-19 03:00:00","2025-06-19 04:00:00","2026-09-03 20:17:06"
Nederland,Solar,Hour,1167200,1167198,0,0,"2025-06-19 04:00:00","2025-06-19 05:00:00","2026-09-03 20:17:06"
Nederland,Solar,Hour,3374263,3374261,0,0,"2025-06-19 05:00:00","2025-06-19 06:00:00","2026-09-03 20:17:06"
Nederland,Solar,Hour,6199259,6199256,0,0,"2025-06-19 06:00:00","2025-06-19 07:00:00","2026-09-03 20:17:06"
Nederland,Solar,Hour,9662060,9662059,0,0,"2025-06-19 07:00:00","2025-06-19 08:00:00","2026-09-03 20:17:06"
Nederland,Solar,Hour,11555117,11555115,0,0,"2025-06-19 08:00:00","2025-06-19 09:00:00","2026-09-03 20:17:06"
Nederland,Solar,Hour,13738585,13738585,0,0,"2025-06-19 09:00:00","2025-06-19 10:00:00","2026-09-03 20:17:06"
Nederland,Solar,Hour,14457346,14457344,0,0,"2025-06-19 10:00:00","2025-06-19 11:00:00","2026-09-03 20:17:06"
Nederland,Solar,Hour,15527406,15527404,0,0,"2025-06-19 11:00:00","2025-06-19 12:00:00","2026-09-03 20:17:06"
Nederland,Solar,Hour,15433183,15433181,0,0,"2025-06-19 12:00:00","2025-06-19 13:00:00","2026-09-03 20:17:06"
Nederland,Solar,Hour,13658626,13658624,0,0,"2025-06-19 13:00:00","2025-06-19 14:00:00","2026-09-03 20:17:06"
Nederland,Solar,Hour,12751922,12751920,0,0,"2025-06-19 14:00:00","2025-06-19 15:00:00","2026-09-03 20:17:06"
Nederland,Solar,Hour,11780913,11780911,0,0,"2025-06-19 15:00:00","2025-06-19 16:00:00","2026-09-03 20:17:06"
Nederland,Solar,Hour,8474171,8474169,0,0,"2025-06-19 16:00:00","2025-06-19 17:00:00","2026-09-03 20:17:06"
Nederland,Solar,Hour,4967766,4967763,0,0,"2025-06-19 17:00:00","2025-06-19 18:00:00","2026-09-03 20:17:06"
Nederland,Solar,Hour,2226882,2226880,0,0,"2025-06-19 18:00:00","2025-06-19 19:00:00","2026-09-03 20:17:06"
Nederland,Solar,Hour,630456,630453,0,0,"2025-06-19 19:00:00","2025-06-19 20:00:00","2026-09-03 20:17:06"
Nederland,Solar,Hour,0,0,0,0,"2025-06-19 20:00:00","2025-06-19 21:00:00","2026-09-03 20:17:06"
Nederland,Solar,Hour,0,0,0,0,"2025-06-19 21:00:00","2025-06-19 22:00:00","2026-09-03 20:17:06"
Nederland,Solar,Hour,0,0,0,0,"2025-06-19 22:00:00","2025-06-19 23:00:00","2026-09-03 20:17:06"
Nederland,Solar,Hour,0,0,0,0,"2025-06-19 23:00:00","2025-06-20 00:00:00","2026-09-03 20:17:06"
Nederland,Solar,Hour,0,0,0,0,"2025-06-20 00:00:00","2025-06-20 01:00:00","2026-09-03 20:17:06"
Nederland,Solar,Hour,0,0,0,0,"2025-06-20 01:00:00","2025-06-20 02:00:00","2026-09-03 20:17:06"
Nederland,Solar,Hour,0,0,0,0,"2025-06-20 02:00:00","2025-06-20 03:00:00","2026-09-03 20:17:06"
Nederland,Solar,Hour,31851,31850,0,0,"2025-06-20 03:00:00","2025-06-20 04:00:00","2026-09-03 20:17:06"
Nederland,Solar,Hour,1189661,1189660,0,0,"2025-06-20 04:00:00","2025-06-20 05:00:00","2026-09-03 20:17:06"
Nederland,Solar,Hour,3508261,3508259,0,0,"2025-06-20 05:00:00","2025-06-20 06:00:00","2026-09-03 20:17:06"
Nederland,Solar,Hour,6850269,6850268,0,0,"2025-06-20 06:00:00","2025-06-20 07:00:00","2026-09-03 20:17:06"
Nederland,Solar,Hour,10738024,10738022,0,0,"2025-06-20 07:00:00","2025-06-20 08:00:00","2026-09-03 20:17:06"
Nederland,Solar,Hour,14208184,14208182,0,0,"2025-06-20 08:00:00","2025-06-20 09:00:00","2026-09-03 20:17:06"
Nederland,Solar,Hour,16866506,16866504,0,0,"2025-06-20 09:00:00","2025-06-20 10:00:00","2026-09-03 20:17:06"
Nederland,Solar,Hour,18708089,18708087,0,0,"2025-06-20 10:00:00","2025-06-20 11:00:00","2026-09-03 20:17:06"
Nederland,Solar,Hour,17133454,17133452,0,0,"2025-06-20 11:00:00","2025-06-20 12:00:00","2026-09-03 20:17:06"
Nederland,Solar,Hour,17397040,17397038,0,0,"2025-06-20 12:00:00","2025-06-20 13:00:00","2026-09-03 20:17:06"
Nederland,Solar,Hour,17878431,17878429,0,0,"2025-06-20 13:00:00","2025-06-20 14:00:00","2026-09-03 20:17:06"
Nederland,Solar,Hour,15649462,15649461,0,0,"2025-06-20 14:00:00","2025-06-20 15:00:00","2026-09-03 20:17:06"
Nederland,Solar,Hour,12576299,12576297,0,0,"2025-06-20 15:00:00","2025-06-20 16:00:00","2026-09-03 20:17:06"
Nederland,Solar,Hour,8254961,8254959,0,0,"2025-06-20 16:00:00","2025-06-20 17:00:00","2026-09-03 20:17:06"
Nederland,Solar,Hour,4241484,4241483,0,0,"2025-06-20 17:00:00","2025-06-20 18:00:00","2026-09-03 20:17:06"
Nederland,Solar,Hour,2044940,2044938,0,0,"2025-06-20 18:00:00","2025-06-20 19:00:00","2026-09-03 20:17:06"
Nederland,Solar,Hour,506935,506932,0,0,"2025-06-20 19:00:00","2025-06-20 20:00:00","2026-09-03 20:17:06"
Nederland,Solar,Hour,0,0,0,0,"2025-06-20 20:00:00","2025-06-20 21:00:00","2026-09-03 20:17:06"
Nederland,Solar,Hour,0,0,0,0,"2025-06-20 21:00:00","2025-06-20 22:00:00","2026-09-03 20:17:06"
Nederland,Solar,Hour,0,0,0,0,"2025-06-20 22:00:00","2025-06-20 23:00:00","2026-09-03 20:17:06"
Nederland,Solar,Hour,0,0,0,0,"2025-06-20 23:00:00","2025-06-21 00:00:00","2026-09-03 20:17:06"
Nederland,Solar,Hour,0,0,0,0,"2025-06-21 00:00:00","2025-06-21 01:00:00","2026-09-03 20:17:06"
Nederland,Solar,Hour,0,0,0,0,"2025-06-21 01:00:00","2025-06-21 02:00:00","2026-09-03 20:17:06"
Nederland,Solar,Hour,0,0,0,0,"2025-06-21 02:00:00","2025-06-21 03:00:00","2026-09-03 20:17:06"
Nederland,Solar,Hour,26403,26403,0,0,"2025-06-21 03:00:00","2025-06-21 04:00:00","2026-09-03 20:17:06"
Nederland,Solar,Hour,1133668,1133666,0,0,"2025-06-21 04:00:00","2025-06-21 05:00:00","2026-09-03 20:17:06"
Nederland,Solar,Hour,3413899,3413896,0,0,"2025-06-21 05:00:00","2025-06-21 06:00:00","2026-09-03 20:17:06"
Nederland,Solar,Hour,6661773,6661770,0,0,"2025-06-21 06:00:00","2025-06-21 07:00:00","2026-09-03 20:17:06"
Nederland,Solar,Hour,10457984,10457983,0,0,"2025-06-21 07:00:00","2025-06-21 08:00:00","2026-09-03 20:17:06"
Nederland,Solar,Hour,13852629,13852627,0,0,"2025-06-21 08:00:00","2025-06-21 09:00:00","2026-09-03 20:17:06"
Nederland,Solar,Hour,14902772,14902769,0,0,"2025-06-21 09:00:00","2025-06-21 10:00:00","2026-09-03 20:17:06"
Nederland,Solar,Hour,16533173,16533172,0,0,"2025-06-21 10:00:00","2025-06-21 11:00:00","2026-09-03 20:17:06"
Nederland,Solar,Hour,17243701,17243699,0,0,"2025-06-21 11:00:00","2025-06-21 12:00:00","2026-09-03 20:17:06"
Nederland,Solar,Hour,17032917,17032914,0,0,"2025-06-21 12:00:00","2025-06-21 13:00:00","2026-09-03 20:17:06"
Nederland,Solar,Hour,15900032,15900030,0,0,"2025-06-21 13:00:00","2025-06-21 14:00:00","2026-09-03 20:17:06"
Nederland,Solar,Hour,15503241,15503239,0,0,"2025-06-21 14:00:00","2025-06-21 15:00:00","2026-09-03 20:17:06"
Nederland,Solar,Hour,12411946,12411944,0,0,"2025-06-21 15:00:00","2025-06-21 16:00:00","2026-09-03 20:17:06"
Nederland,Solar,Hour,8696203,8696202,0,0,"2025-06-21 16:00:00","2025-06-21 17:00:00","2026-09-03 20:17:06"
Nederland,Solar,Hour,4885204,4885201,0,0,"2025-06-21 17:00:00","2025-06-21 18:00:00","2026-09-03 20:17:06"
Nederland,Solar,Hour,2185120,2185117,0,0,"2025-06-21 18:00:00","2025-06-21 19:00:00","2026-09-03 20:17:06"
Nederland,Solar,Hour,541764,541762,0,0,"2025-06-21 19:00:00","2025-06-21 20:00:00","2026-09-03 20:17:06"
Nederland,Solar,Hour,0,0,0,0,"2025-06-21 20:00:00","2025-06-21 21:00:00","2026-09-03 20:17:06"
Nederland,Solar,Hour,0,0,0,0,"2025-06-21 21:00:00","2025-06-21 22:00:00","2026-09-03 20:17:06"
Nederland,Solar,Hour,0,0,0,0,"2025-06-21 22:00:00","2025-06-21 23:00:00","2026-09-03 20:17:06"
Nederland,Solar,Hour,0,0,0,0,"2025-06-21 23:00:00","2025-06-22 00:00:00","2026-09-03 20:17:06"
Nederland,Solar,Hour,0,0,0,0,"2025-06-22 00:00:00","2025-06-22 01:00:00","2026-09-03 20:17:06"
Nederland,Solar,Hour,0,0,0,0,"2025-06-22 01:00:00","2025-06-22 02:00:00","2026-09-03 20:17:06"
Nederland,Solar,Hour,0,0,0,0,"2025-06-22 02:00:00","2025-06-22 03:00:00","2026-09-03 20:17:06"
Nederland,Solar,Hour,25732,25731,0,0,"2025-06-22 03:00:00","2025-06-22 04:00:00","2026-09-03 20:17:06"
Nederland,Solar,Hour,1106886,1106883,0,0,"2025-06-22 04:00:00","2025-06-22 05:00:00","2026-09-03 20:17:06"
Nederland,Solar,Hour,3318826,3318823,0,0,"2025-06-22 05:00:00","2025-06-22 06:00:00","2026-09-03 20:17:06"
Nederland,Solar,Hour,5740321,5740318,0,0,"2025-06-22 06:00:00","2025-06-22 07:00:00","2026-09-03 20:17:06"
Nederland,Solar,Hour,8470997,8470994,0,0,"2025-06-22 07:00:00","2025-06-22 08:00:00","2026-09-03 20:17:06"
Nederland,Solar,Hour,10231977,10231975,0,0,"2025-06-22 08:00:00","2025-06-22 09:00:00","2026-09-03 20:17:06"
Nederland,Solar,Hour,9457776,9457773,0,0,"2025-06-22 09:00:00","2025-06-22 10:00:00","2026-09-03 20:17:06"
Nederland,Solar,Hour,7829973,7829971,0,0,"2025-06-22 10:00:00","2025-06-22 11:00:00","2026-09-03 20:17:06"
Nederland,Solar,Hour,7460865,7460863,0,0,"2025-06-22 11:00:00","2025-06-22 12:00:00","2026-09-03 20:17:06"
Nederland,Solar,Hour,6317497,6317496,0,0,"2025-06-22 12:00:00","2025-06-22 13:00:00","2026-09-03 20:17:06"
Nederland,Solar,Hour,7185309,7185307,0,0,"2025-06-22 13:00:00","2025-06-22 14:00:00","2026-09-03 20:17:06"
Nederland,Solar,Hour,10107461,10107459,0,0,"2025-06-22 14:00:00","2025-06-22 15:00:00","2026-09-03 20:17:06"
Nederland,Solar,Hour,9613403,9613401,0,0,"2025-06-22 15:00:00","2025-06-22 16:00:00","2026-09-03 20:17:06"
Nederland,Solar,Hour,6873986,6873983,0,0,"2025-06-22 16:00:00","2025-06-22 17:00:00","2026-09-03 20:17:06"
Nederland,Solar,Hour,4105072,4105070,0,0,"2025-06-22 17:00:00","2025-06-22 18:00:00","2026-09-03 20:17:06"
Nederland,Solar,Hour,1779699,1779698,0,0,"2025-06-22 18:00:00","2025-06-22 19:00:00","2026-09-03 20:17:06"
Nederland,Solar,Hour,528051,528050,0,0,"2025-06-22 19:00:00","2025-06-22 20:00:00","2026-09-03 20:17:06"
Nederland,Solar,Hour,914,914,0,0,"2025-06-22 20:00:00","2025-06-22 21:00:00","2026-09-03 20:17:06"
Nederland,Solar,Hour,0,0,0,0,"2025-06-22 21:00:00","2025-06-22 22:00:00","2026-09-03 20:17:06"
Nederland,Solar,Hour,0,0,0,0,"2025-06-22 22:00:00","2025-06-22 23:00:00","2026-09-03 20:17:06"
Nederland,Solar,Hour,0,0,0,0,"2025-06-22 23:00:00","2025-06-23 00:00:00","2026-09-03 20:17:06"
Nederland,Solar,Hour,0,0,0,0,"2025-06-23 00:00:00","2025-06-23 01:00:00","2026-09-03 20:17:06"
Nederland,Solar,Hour,0,0,0,0,"2025-06-23 01:00:00","2025-06-23 02:00:00","2026-09-03 20:17:06"
Nederland,Solar,Hour,0,0,0,0,"2025-06-23 02:00:00","2025-06-23 03:00:00","2026-09-03 20:17:06"
Nederland,Solar,Hour,8295,8294,0,0,"2025-06-23 03:00:00","2025-06-23 04:00:00","2026-09-03 20:17:06"
Nederland,Solar,Hour,619993,619990,0,0,"2025-06-23 04:00:00","2025-06-23 05:00:00","2026-09-03 20:17:06"
Nederland,Solar,Hour,1785110,1785109,0,0,"2025-06-23 05:00:00","2025-06-23 06:00:00","2026-09-03 20:17:06"
Nederland,Solar,Hour,2837772,2837769,0,0,"2025-06-23 06:00:00","2025-06-23 07:00:00","2026-09-03 20:17:06"
Nederland,Solar,Hour,4786867,4786865,0,0,"2025-06-23 07:00:00","2025-06-23 08:00:00","2026-09-03 20:17:06"
Nederland,Solar,Hour,7396140,7396139,0,0,"2025-06-23 08:00:00","2025-06-23 09:00:00","2026-09-03 20:17:06"
Nederland,Solar,Hour,8266237,8266234,0,0,"2025-06-23 09:00:00","2025-06-23 10:00:00","2026-09-03 20:17:06"
Nederland,Solar,Hour,11938699,11938696,0,0,"2025-06-23 10:00:00","2025-06-23 11:00:00","2026-09-03 20:17:06"
Nederland,Solar,Hour,14567082,14567080,0,0,"2025-06-23 11:00:00","2025-06-23 12:00:00","2026-09-03 20:17:06"
Nederland,Solar,Hour,15512127,15512125,0,0,"2025-06-23 12:00:00","2025-06-23 13:00:00","2026-09-03 20:17:06"
Nederland,Solar,Hour,15212137,15212136,0,0,"2025-06-23 13:00:00","2025-06-23 14:00:00","2026-09-03 20:17:06"
Nederland,Solar,Hour,12842876,12842874,0,0,"2025-06-23 14:00:00","2025-06-23 15:00:00","2026-09-03 20:17:06"
Nederland,Solar,Hour,10015660,10015657,0,0,"2025-06-23 15:00:00","2025-06-23 16:00:00","2026-09-03 20:17:06"
Nederland,Solar,Hour,7891947,7891945,0,0,"2025-06-23 16:00:00","2025-06-23 17:00:00","2026-09-03 20:17:06"
Nederland,Solar,Hour,4399929,4399926,0,0,"2025-06-23 17:00:00","2025-06-23 18:00:00","2026-09-03 20:17:06"
Nederland,Solar,Hour,1991915,1991913,0,0,"2025-06-23 18:00:00","2025-06-23 19:00:00","2026-09-03 20:17:06"
Nederland,Solar,Hour,378389,378387,0,0,"2025-06-23 19:00:00","2025-06-23 20:00:00","2026-09-03 20:17:06"
Nederland,Solar,Hour,0,0,0,0,"2025-06-23 20:00:00","2025-06-23 21:00:00","2026-09-03 20:17:06"
Nederland,Solar,Hour,0,0,0,0,"2025-06-23 21:00:00","2025-06-23 22:00:00","2026-09-03 20:17:06"
Nederland,Solar,Hour,0,0,0,0,"2025-06-23 22:00:00","2025-06-23 23:00:00","2026-09-03 20:17:06"
Nederland,Solar,Hour,0,0,0,0,"2025-06-23 23:00:00","2025-06-24 00:00:00","2026-09-03 20:17:06"
Nederland,Solar,Hour,0,0,0,0,"2025-06-24 00:00:00","2025-06-24 01:00:00","2026-09-03 20:15:31"
Nederland,Solar,Hour,0,0,0,0,"2025-06-24 01:00:00","2025-06-24 02:00:00","2026-09-03 20:15:31"
Nederland,Solar,Hour,0,0,0,0,"2025-06-24 02:00:00","2025-06-24 03:00:00","2026-09-03 20:15:31"
Nederland,Solar,Hour,9332,9331,0,0,"2025-06-24 03:00:00","2025-06-24 04:00:00","2026-09-03 20:15:31"
Nederland,Solar,Hour,856268,856265,0,0,"2025-06-24 04:00:00","2025-06-24 05:00:00","2026-09-03 20:15:31"
Nederland,Solar,Hour,2505144,2505142,0,0,"2025-06-24 05:00:00","2025-06-24 06:00:00","2026-09-03 20:15:31"
Nederland,Solar,Hour,4281064,4281061,0,0,"2025-06-24 06:00:00","2025-06-24 07:00:00","2026-09-03 20:15:31"
Nederland,Solar,Hour,6505346,6505344,0,0,"2025-06-24 07:00:00","2025-06-24 08:00:00","2026-09-03 20:15:31"
Nederland,Solar,Hour,7267552,7267550,0,0,"2025-06-24 08:00:00","2025-06-24 09:00:00","2026-09-03 20:15:31"
Nederland,Solar,Hour,8503297,8503296,0,0,"2025-06-24 09:00:00","2025-06-24 10:00:00","2026-09-03 20:15:31"
Nederland,Solar,Hour,8060436,8060435,0,0,"2025-06-24 10:00:00","2025-06-24 11:00:00","2026-09-03 20:15:31"
Nederland,Solar,Hour,7008193,7008192,0,0,"2025-06-24 11:00:00","2025-06-24 12:00:00","2026-09-03 20:15:31"
Nederland,Solar,Hour,4521272,4521270,0,0,"2025-06-24 12:00:00","2025-06-24 13:00:00","2026-09-03 20:15:31"
Nederland,Solar,Hour,4281078,4281076,0,0,"2025-06-24 13:00:00","2025-06-24 14:00:00","2026-09-03 20:15:31"
Nederland,Solar,Hour,4498464,4498462,0,0,"2025-06-24 14:00:00","2025-06-24 15:00:00","2026-09-03 20:15:31"
Nederland,Solar,Hour,4999183,4999182,0,0,"2025-06-24 15:00:00","2025-06-24 16:00:00","2026-09-03 20:15:31"
Nederland,Solar,Hour,5420597,5420594,0,0,"2025-06-24 16:00:00","2025-06-24 17:00:00","2026-09-03 20:15:31"
Nederland,Solar,Hour,4070811,4070809,0,0,"2025-06-24 17:00:00","2025-06-24 18:00:00","2026-09-03 20:15:31"
Nederland,Solar,Hour,1949835,1949833,0,0,"2025-06-24 18:00:00","2025-06-24 19:00:00","2026-09-03 20:15:31"
Nederland,Solar,Hour,415013,415011,0,0,"2025-06-24 19:00:00","2025-06-24 20:00:00","2026-09-03 20:15:31"
Nederland,Solar,Hour,0,0,0,0,"2025-06-24 20:00:00","2025-06-24 21:00:00","2026-09-03 20:15:31"
Nederland,Solar,Hour,0,0,0,0,"2025-06-24 21:00:00","2025-06-24 22:00:00","2026-09-03 20:15:31"
Nederland,Solar,Hour,0,0,0,0,"2025-06-24 22:00:00","2025-06-24 23:00:00","2026-09-03 20:15:31"
Nederland,Solar,Hour,0,0,0,0,"2025-06-24 23:00:00","2025-06-25 00:00:00","2026-09-03 20:15:31"
Nederland,Solar,Hour,0,0,0,0,"2025-06-25 00:00:00","2025-06-25 01:00:00","2026-09-03 20:15:31"
Nederland,Solar,Hour,0,0,0,0,"2025-06-25 01:00:00","2025-06-25 02:00:00","2026-09-03 20:15:31"
Nederland,Solar,Hour,0,0,0,0,"2025-06-25 02:00:00","2025-06-25 03:00:00","2026-09-03 20:15:31"
Nederland,Solar,Hour,5851,5851,0,0,"2025-06-25 03:00:00","2025-06-25 04:00:00","2026-09-03 20:15:31"
Nederland,Solar,Hour,834239,834238,0,0,"2025-06-25 04:00:00","2025-06-25 05:00:00","2026-09-03 20:15:31"
Nederland,Solar,Hour,2958571,2958569,0,0,"2025-06-25 05:00:00","2025-06-25 06:00:00","2026-09-03 20:15:31"
Nederland,Solar,Hour,5339768,5339766,0,0,"2025-06-25 06:00:00","2025-06-25 07:00:00","2026-09-03 20:15:31"
Nederland,Solar,Hour,6927006,6927003,0,0,"2025-06-25 07:00:00","2025-06-25 08:00:00","2026-09-03 20:15:31"
Nederland,Solar,Hour,8201536,8201534,0,0,"2025-06-25 08:00:00","2025-06-25 09:00:00","2026-09-03 20:15:31"
Nederland,Solar,Hour,9187793,9187791,0,0,"2025-06-25 09:00:00","2025-06-25 10:00:00","2026-09-03 20:15:31"
Nederland,Solar,Hour,10974534,10974532,0,0,"2025-06-25 10:00:00","2025-06-25 11:00:00","2026-09-03 20:15:31"
Nederland,Solar,Hour,13088548,13088547,0,0,"2025-06-25 11:00:00","2025-06-25 12:00:00","2026-09-03 20:15:31"
Nederland,Solar,Hour,13951660,13951660,0,0,"2025-06-25 12:00:00","2025-06-25 13:00:00","2026-09-03 20:15:31"
Nederland,Solar,Hour,14589926,14589924,0,0,"2025-06-25 13:00:00","2025-06-25 14:00:00","2026-09-03 20:15:31"
Nederland,Solar,Hour,13813307,13813306,0,0,"2025-06-25 14:00:00","2025-06-25 15:00:00","2026-09-03 20:15:31"
Nederland,Solar,Hour,11276625,11276624,0,0,"2025-06-25 15:00:00","2025-06-25 16:00:00","2026-09-03 20:15:31"
Nederland,Solar,Hour,7009628,7009626,0,0,"2025-06-25 16:00:00","2025-06-25 17:00:00","2026-09-03 20:15:31"
Nederland,Solar,Hour,4203295,4203293,0,0,"2025-06-25 17:00:00","2025-06-25 18:00:00","2026-09-03 20:15:31"
Nederland,Solar,Hour,2155190,2155187,0,0,"2025-06-25 18:00:00","2025-06-25 19:00:00","2026-09-03 20:15:31"
Nederland,Solar,Hour,567350,567347,0,0,"2025-06-25 19:00:00","2025-06-25 20:00:00","2026-09-03 20:15:31"
Nederland,Solar,Hour,0,0,0,0,"2025-06-25 20:00:00","2025-06-25 21:00:00","2026-09-03 20:15:31"
Nederland,Solar,Hour,0,0,0,0,"2025-06-25 21:00:00","2025-06-25 22:00:00","2026-09-03 20:15:31"
Nederland,Solar,Hour,0,0,0,0,"2025-06-25 22:00:00","2025-06-25 23:00:00","2026-09-03 20:15:31"
Nederland,Solar,Hour,0,0,0,0,"2025-06-25 23:00:00","2025-06-26 00:00:00","2026-09-03 20:15:31"
Nederland,Solar,Hour,0,0,0,0,"2025-06-26 00:00:00","2025-06-26 01:00:00","2026-09-03 20:15:31"
Nederland,Solar,Hour,0,0,0,0,"2025-06-26 01:00:00","2025-06-26 02:00:00","2026-09-03 20:15:31"
Nederland,Solar,Hour,0,0,0,0,"2025-06-26 02:00:00","2025-06-26 03:00:00","2026-09-03 20:15:31"
Nederland,Solar,Hour,3000,3000,0,0,"2025-06-26 03:00:00","2025-06-26 04:00:00","2026-09-03 20:15:31"
Nederland,Solar,Hour,155622,155620,0,0,"2025-06-26 04:00:00","2025-06-26 05:00:00","2026-09-03 20:15:31"
Nederland,Solar,Hour,757069,757067,0,0,"2025-06-26 05:00:00","2025-06-26 06:00:00","2026-09-03 20:15:31"
Nederland,Solar,Hour,1056453,1056451,0,0,"2025-06-26 06:00:00","2025-06-26 07:00:00","2026-09-03 20:15:31"
Nederland,Solar,Hour,1937711,1937710,0,0,"2025-06-26 07:00:00","2025-06-26 08:00:00","2026-09-03 20:15:31"
Nederland,Solar,Hour,3657025,3657022,0,0,"2025-06-26 08:00:00","2025-06-26 09:00:00","2026-09-03 20:15:31"
Nederland,Solar,Hour,5279944,5279943,0,0,"2025-06-26 09:00:00","2025-06-26 10:00:00","2026-09-03 20:15:31"
Nederland,Solar,Hour,7401333,7401331,0,0,"2025-06-26 10:00:00","2025-06-26 11:00:00","2026-09-03 20:15:31"
Nederland,Solar,Hour,8819788,8819786,0,0,"2025-06-26 11:00:00","2025-06-26 12:00:00","2026-09-03 20:15:31"
Nederland,Solar,Hour,8854876,8854873,0,0,"2025-06-26 12:00:00","2025-06-26 13:00:00","2026-09-03 20:15:31"
Nederland,Solar,Hour,8595615,8595613,0,0,"2025-06-26 13:00:00","2025-06-26 14:00:00","2026-09-03 20:15:31"
Nederland,Solar,Hour,7630436,7630433,0,0,"2025-06-26 14:00:00","2025-06-26 15:00:00","2026-09-03 20:15:31"
Nederland,Solar,Hour,6677734,6677732,0,0,"2025-06-26 15:00:00","2025-06-26 16:00:00","2026-09-03 20:15:31"
Nederland,Solar,Hour,4231325,4231323,0,0,"2025-06-26 16:00:00","2025-06-26 17:00:00","2026-09-03 20:15:31"
Nederland,Solar,Hour,2522341,2522340,0,0,"2025-06-26 17:00:00","2025-06-26 18:00:00","2026-09-03 20:15:31"
Nederland,Solar,Hour,1757002,1756999,0,0,"2025-06-26 18:00:00","2025-06-26 19:00:00","2026-09-03 20:15:31"
Nederland,Solar,Hour,376637,376634,0,0,"2025-06-26 19:00:00","2025-06-26 20:00:00","2026-09-03 20:15:31"
Nederland,Solar,Hour,0,0,0,0,"2025-06-26 20:00:00","2025-06-26 21:00:00","2026-09-03 20:15:31"
Nederland,Solar,Hour,0,0,0,0,"2025-06-26 21:00:00","2025-06-26 22:00:00","2026-09-03 20:15:31"
Nederland,Solar,Hour,0,0,0,0,"2025-06-26 22:00:00","2025-06-26 23:00:00","2026-09-03 20:15:31"
Nederland,Solar,Hour,0,0,0,0,"2025-06-26 23:00:00","2025-06-27 00:00:00","2026-09-03 20:15:31"
Nederland,Solar,Hour,0,0,0,0,"2025-06-27 00:00:00","2025-06-27 01:00:00","2026-09-03 20:15:31"
Nederland,Solar,Hour,0,0,0,0,"2025-06-27 01:00:00","2025-06-27 02:00:00","2026-09-03 20:15:31"
Nederland,Solar,Hour,0,0,0,0,"2025-06-27 02:00:00","2025-06-27 03:00:00","2026-09-03 20:15:31"
Nederland,Solar,Hour,0,0,0,0,"2025-06-27 03:00:00","2025-06-27 04:00:00","2026-09-03 20:15:31"
Nederland,Solar,Hour,57464,57462,0,0,"2025-06-27 04:00:00","2025-06-27 05:00:00","2026-09-03 20:15:31"
Nederland,Solar,Hour,442349,442347,0,0,"2025-06-27 05:00:00","2025-06-27 06:00:00","2026-09-03 20:15:31"
Nederland,Solar,Hour,2468167,2468165,0,0,"2025-06-27 06:00:00","2025-06-27 07:00:00","2026-09-03 20:15:31"
Nederland,Solar,Hour,5178065,5178063,0,0,"2025-06-27 07:00:00","2025-06-27 08:00:00","2026-09-03 20:15:31"
Nederland,Solar,Hour,7866119,7866116,0,0,"2025-06-27 08:00:00","2025-06-27 09:00:00","2026-09-03 20:15:31"
Nederland,Solar,Hour,10869535,10869534,0,0,"2025-06-27 09:00:00","2025-06-27 10:00:00","2026-09-03 20:15:31"
Nederland,Solar,Hour,9589833,9589831,0,0,"2025-06-27 10:00:00","2025-06-27 11:00:00","2026-09-03 20:15:31"
Nederland,Solar,Hour,10911165,10911164,0,0,"2025-06-27 11:00:00","2025-06-27 12:00:00","2026-09-03 20:15:31"
Nederland,Solar,Hour,11518658,11518656,0,0,"2025-06-27 12:00:00","2025-06-27 13:00:00","2026-09-03 20:15:31"
Nederland,Solar,Hour,11155850,11155848,0,0,"2025-06-27 13:00:00","2025-06-27 14:00:00","2026-09-03 20:15:31"
Nederland,Solar,Hour,11053194,11053192,0,0,"2025-06-27 14:00:00","2025-06-27 15:00:00","2026-09-03 20:15:31"
Nederland,Solar,Hour,11110481,11110479,0,0,"2025-06-27 15:00:00","2025-06-27 16:00:00","2026-09-03 20:15:31"
Nederland,Solar,Hour,7580118,7580116,0,0,"2025-06-27 16:00:00","2025-06-27 17:00:00","2026-09-03 20:15:31"
Nederland,Solar,Hour,4399489,4399488,0,0,"2025-06-27 17:00:00","2025-06-27 18:00:00","2026-09-03 20:15:31"
Nederland,Solar,Hour,2183394,2183391,0,0,"2025-06-27 18:00:00","2025-06-27 19:00:00","2026-09-03 20:15:31"
Nederland,Solar,Hour,668870,668868,0,0,"2025-06-27 19:00:00","2025-06-27 20:00:00","2026-09-03 20:15:31"
Nederland,Solar,Hour,0,0,0,0,"2025-06-27 20:00:00","2025-06-27 21:00:00","2026-09-03 20:15:31"
Nederland,Solar,Hour,0,0,0,0,"2025-06-27 21:00:00","2025-06-27 22:00:00","2026-09-03 20:15:31"
Nederland,Solar,Hour,0,0,0,0,"2025-06-27 22:00:00","2025-06-27 23:00:00","2026-09-03 20:15:31"
Nederland,Solar,Hour,0,0,0,0,"2025-06-27 23:00:00","2025-06-28 00:00:00","2026-09-03 20:15:31"
Nederland,Solar,Hour,0,0,0,0,"2025-06-28 00:00:00","2025-06-28 01:00:00","2026-09-03 20:15:31"
Nederland,Solar,Hour,0,0,0,0,"2025-06-28 01:00:00","2025-06-28 02:00:00","2026-09-03 20:15:31"
Nederland,Solar,Hour,0,0,0,0,"2025-06-28 02:00:00","2025-06-28 03:00:00","2026-09-03 20:15:31"
Nederland,Solar,Hour,14375,14374,0,0,"2025-06-28 03:00:00","2025-06-28 04:00:00","2026-09-03 20:15:31"
Nederland,Solar,Hour,1011413,1011410,0,0,"2025-06-28 04:00:00","2025-06-28 05:00:00","2026-09-03 20:15:31"
Nederland,Solar,Hour,3231025,3231022,0,0,"2025-06-28 05:00:00","2025-06-28 06:00:00","2026-09-03 20:15:31"
Nederland,Solar,Hour,6165394,6165392,0,0,"2025-06-28 06:00:00","2025-06-28 07:00:00","2026-09-03 20:15:31"
Nederland,Solar,Hour,8931783,8931781,0,0,"2025-06-28 07:00:00","2025-06-28 08:00:00","2026-09-03 20:15:31"
Nederland,Solar,Hour,10368279,10368276,0,0,"2025-06-28 08:00:00","2025-06-28 09:00:00","2026-09-03 20:15:31"
Nederland,Solar,Hour,9787545,9787544,0,0,"2025-06-28 09:00:00","2025-06-28 10:00:00","2026-09-03 20:15:31"
Nederland,Solar,Hour,8995241,8995239,0,0,"2025-06-28 10:00:00","2025-06-28 11:00:00","2026-09-03 20:15:31"
Nederland,Solar,Hour,10009071,10009070,0,0,"2025-06-28 11:00:00","2025-06-28 12:00:00","2026-09-03 20:15:31"
Nederland,Solar,Hour,10478985,10478983,0,0,"2025-06-28 12:00:00","2025-06-28 13:00:00","2026-09-03 20:15:31"
Nederland,Solar,Hour,9523249,9523246,0,0,"2025-06-28 13:00:00","2025-06-28 14:00:00","2026-09-03 20:15:31"
Nederland,Solar,Hour,8875108,8875105,0,0,"2025-06-28 14:00:00","2025-06-28 15:00:00","2026-09-03 20:15:31"
Nederland,Solar,Hour,8640881,8640879,0,0,"2025-06-28 15:00:00","2025-06-28 16:00:00","2026-09-03 20:15:31"
Nederland,Solar,Hour,7099498,7099496,0,0,"2025-06-28 16:00:00","2025-06-28 17:00:00","2026-09-03 20:15:31"
Nederland,Solar,Hour,4426135,4426133,0,0,"2025-06-28 17:00:00","2025-06-28 18:00:00","2026-09-03 20:15:31"
Nederland,Solar,Hour,2111566,2111563,0,0,"2025-06-28 18:00:00","2025-06-28 19:00:00","2026-09-03 20:15:31"
Nederland,Solar,Hour,592770,592768,0,0,"2025-06-28 19:00:00","2025-06-28 20:00:00","2026-09-03 20:15:31"
Nederland,Solar,Hour,1126,1126,0,0,"2025-06-28 20:00:00","2025-06-28 21:00:00","2026-09-03 20:15:31"
Nederland,Solar,Hour,0,0,0,0,"2025-06-28 21:00:00","2025-06-28 22:00:00","2026-09-03 20:15:31"
Nederland,Solar,Hour,0,0,0,0,"2025-06-28 22:00:00","2025-06-28 23:00:00","2026-09-03 20:15:31"
Nederland,Solar,Hour,0,0,0,0,"2025-06-28 23:00:00","2025-06-29 00:00:00","2026-09-03 20:15:31"
Nederland,Solar,Hour,0,0,0,0,"2025-06-29 00:00:00","2025-06-29 01:00:00","2026-09-03 20:13:53"
Nederland,Solar,Hour,0,0,0,0,"2025-06-29 01:00:00","2025-06-29 02:00:00","2026-09-03 20:13:53"
Nederland,Solar,Hour,0,0,0,0,"2025-06-29 02:00:00","2025-06-29 03:00:00","2026-09-03 20:13:53"
Nederland,Solar,Hour,11766,11765,0,0,"2025-06-29 03:00:00","2025-06-29 04:00:00","2026-09-03 20:13:53"
Nederland,Solar,Hour,941780,941778,0,0,"2025-06-29 04:00:00","2025-06-29 05:00:00","2026-09-03 20:13:53"
Nederland,Solar,Hour,3173469,3173467,0,0,"2025-06-29 05:00:00","2025-06-29 06:00:00","2026-09-03 20:13:53"
Nederland,Solar,Hour,6345245,6345243,0,0,"2025-06-29 06:00:00","2025-06-29 07:00:00","2026-09-03 20:13:53"
Nederland,Solar,Hour,9933617,9933615,0,0,"2025-06-29 07:00:00","2025-06-29 08:00:00","2026-09-03 20:13:53"
Nederland,Solar,Hour,11062101,11062099,0,0,"2025-06-29 08:00:00","2025-06-29 09:00:00","2026-09-03 20:13:53"
Nederland,Solar,Hour,13527476,13527474,0,0,"2025-06-29 09:00:00","2025-06-29 10:00:00","2026-09-03 20:13:53"
Nederland,Solar,Hour,14611812,14611810,0,0,"2025-06-29 10:00:00","2025-06-29 11:00:00","2026-09-03 20:13:53"
Nederland,Solar,Hour,15543155,15543152,0,0,"2025-06-29 11:00:00","2025-06-29 12:00:00","2026-09-03 20:13:53"
Nederland,Solar,Hour,15700482,15700480,0,0,"2025-06-29 12:00:00","2025-06-29 13:00:00","2026-09-03 20:13:53"
Nederland,Solar,Hour,14784943,14784941,0,0,"2025-06-29 13:00:00","2025-06-29 14:00:00","2026-09-03 20:13:53"
Nederland,Solar,Hour,13718241,13718238,0,0,"2025-06-29 14:00:00","2025-06-29 15:00:00","2026-09-03 20:13:53"
Nederland,Solar,Hour,12719889,12719886,0,0,"2025-06-29 15:00:00","2025-06-29 16:00:00","2026-09-03 20:13:53"
Nederland,Solar,Hour,8810968,8810966,0,0,"2025-06-29 16:00:00","2025-06-29 17:00:00","2026-09-03 20:13:53"
Nederland,Solar,Hour,5107828,5107827,0,0,"2025-06-29 17:00:00","2025-06-29 18:00:00","2026-09-03 20:13:53"
Nederland,Solar,Hour,2240939,2240937,0,0,"2025-06-29 18:00:00","2025-06-29 19:00:00","2026-09-03 20:13:53"
Nederland,Solar,Hour,658825,658823,0,0,"2025-06-29 19:00:00","2025-06-29 20:00:00","2026-09-03 20:13:53"
Nederland,Solar,Hour,0,0,0,0,"2025-06-29 20:00:00","2025-06-29 21:00:00","2026-09-03 20:13:53"
Nederland,Solar,Hour,0,0,0,0,"2025-06-29 21:00:00","2025-06-29 22:00:00","2026-09-03 20:13:53"
Nederland,Solar,Hour,0,0,0,0,"2025-06-29 22:00:00","2025-06-29 23:00:00","2026-09-03 20:13:53"
Nederland,Solar,Hour,0,0,0,0,"2025-06-29 23:00:00","2025-06-30 00:00:00","2026-09-03 20:13:53"
Nederland,Solar,Hour,0,0,0,0,"2025-06-30 00:00:00","2025-06-30 01:00:00","2026-09-03 20:13:53"
Nederland,Solar,Hour,0,0,0,0,"2025-06-30 01:00:00","2025-06-30 02:00:00","2026-09-03 20:13:53"
Nederland,Solar,Hour,0,0,0,0,"2025-06-30 02:00:00","2025-06-30 03:00:00","2026-09-03 20:13:53"
Nederland,Solar,Hour,19007,19007,0,0,"2025-06-30 03:00:00","2025-06-30 04:00:00","2026-09-03 20:13:53"
Nederland,Solar,Hour,1062605,1062604,0,0,"2025-06-30 04:00:00","2025-06-30 05:00:00","2026-09-03 20:13:53"
Nederland,Solar,Hour,3299822,3299820,0,0,"2025-06-30 05:00:00","2025-06-30 06:00:00","2026-09-03 20:13:53"
Nederland,Solar,Hour,6573491,6573489,0,0,"2025-06-30 06:00:00","2025-06-30 07:00:00","2026-09-03 20:13:53"
Nederland,Solar,Hour,10433665,10433662,0,0,"2025-06-30 07:00:00","2025-06-30 08:00:00","2026-09-03 20:13:53"
Nederland,Solar,Hour,13928121,13928120,0,0,"2025-06-30 08:00:00","2025-06-30 09:00:00","2026-09-03 20:13:53"
Nederland,Solar,Hour,16693380,16693379,0,0,"2025-06-30 09:00:00","2025-06-30 10:00:00","2026-09-03 20:13:53"
Nederland,Solar,Hour,18563340,18563337,0,0,"2025-06-30 10:00:00","2025-06-30 11:00:00","2026-09-03 20:13:53"
Nederland,Solar,Hour,17315966,17315963,0,0,"2025-06-30 11:00:00","2025-06-30 12:00:00","2026-09-03 20:13:53"
Nederland,Solar,Hour,19026549,19026548,0,0,"2025-06-30 12:00:00","2025-06-30 13:00:00","2026-09-03 20:13:53"
Nederland,Solar,Hour,17924316,17924314,0,0,"2025-06-30 13:00:00","2025-06-30 14:00:00","2026-09-03 20:13:53"
Nederland,Solar,Hour,15805235,15805234,0,0,"2025-06-30 14:00:00","2025-06-30 15:00:00","2026-09-03 20:13:53"
Nederland,Solar,Hour,12784151,12784149,0,0,"2025-06-30 15:00:00","2025-06-30 16:00:00","2026-09-03 20:13:53"
Nederland,Solar,Hour,8960533,8960530,0,0,"2025-06-30 16:00:00","2025-06-30 17:00:00","2026-09-03 20:13:53"
Nederland,Solar,Hour,5036998,5036996,0,0,"2025-06-30 17:00:00","2025-06-30 18:00:00","2026-09-03 20:13:53"
Nederland,Solar,Hour,2195953,2195951,0,0,"2025-06-30 18:00:00","2025-06-30 19:00:00","2026-09-03 20:13:53"
Nederland,Solar,Hour,618832,618829,0,0,"2025-06-30 19:00:00","2025-06-30 20:00:00","2026-09-03 20:13:53"
Nederland,Solar,Hour,0,0,0,0,"2025-06-30 20:00:00","2025-06-30 21:00:00","2026-09-03 20:13:53"
Nederland,Solar,Hour,0,0,0,0,"2025-06-30 21:00:00","2025-06-30 22:00:00","2026-09-03 20:13:53"
Nederland,Solar,Hour,0,0,0,0,"2025-06-30 22:00:00","2025-06-30 23:00:00","2026-09-03 20:13:53"
Nederland,Solar,Hour,0,0,0,0,"2025-06-30 23:00:00","2025-07-01 00:00:00","2026-09-03 20:13:53"
Nederland,Solar,Hour,0,0,0,0,"2025-07-01 00:00:00","2025-07-01 01:00:00","2026-09-03 20:13:53"
Nederland,Solar,Hour,0,0,0,0,"2025-07-01 01:00:00","2025-07-01 02:00:00","2026-09-03 20:13:53"
Nederland,Solar,Hour,0,0,0,0,"2025-07-01 02:00:00","2025-07-01 03:00:00","2026-09-03 20:13:53"
Nederland,Solar,Hour,14445,14445,0,0,"2025-07-01 03:00:00","2025-07-01 04:00:00","2026-09-03 20:13:53"
Nederland,Solar,Hour,1006201,1006200,0,0,"2025-07-01 04:00:00","2025-07-01 05:00:00","2026-09-03 20:13:53"
Nederland,Solar,Hour,3231188,3231185,0,0,"2025-07-01 05:00:00","2025-07-01 06:00:00","2026-09-03 20:13:53"
Nederland,Solar,Hour,6350227,6350224,0,0,"2025-07-01 06:00:00","2025-07-01 07:00:00","2026-09-03 20:13:53"
Nederland,Solar,Hour,10007451,10007449,0,0,"2025-07-01 07:00:00","2025-07-01 08:00:00","2026-09-03 20:13:53"
Nederland,Solar,Hour,13308085,13308083,0,0,"2025-07-01 08:00:00","2025-07-01 09:00:00","2026-09-03 20:13:53"
Nederland,Solar,Hour,15804957,15804955,0,0,"2025-07-01 09:00:00","2025-07-01 10:00:00","2026-09-03 20:13:53"
Nederland,Solar,Hour,17591337,17591335,0,0,"2025-07-01 10:00:00","2025-07-01 11:00:00","2026-09-03 20:13:53"
Nederland,Solar,Hour,18342511,18342509,0,0,"2025-07-01 11:00:00","2025-07-01 12:00:00","2026-09-03 20:13:53"
Nederland,Solar,Hour,17933584,17933583,0,0,"2025-07-01 12:00:00","2025-07-01 13:00:00","2026-09-03 20:13:53"
Nederland,Solar,Hour,16664398,16664396,0,0,"2025-07-01 13:00:00","2025-07-01 14:00:00","2026-09-03 20:13:53"
Nederland,Solar,Hour,14649646,14649643,0,0,"2025-07-01 14:00:00","2025-07-01 15:00:00","2026-09-03 20:13:53"
Nederland,Solar,Hour,11682507,11682504,0,0,"2025-07-01 15:00:00","2025-07-01 16:00:00","2026-09-03 20:13:53"
Nederland,Solar,Hour,8400119,8400116,0,0,"2025-07-01 16:00:00","2025-07-01 17:00:00","2026-09-03 20:13:53"
Nederland,Solar,Hour,4682920,4682918,0,0,"2025-07-01 17:00:00","2025-07-01 18:00:00","2026-09-03 20:13:53"
Nederland,Solar,Hour,2131491,2131490,0,0,"2025-07-01 18:00:00","2025-07-01 19:00:00","2026-09-03 20:13:53"
Nederland,Solar,Hour,507011,507008,0,0,"2025-07-01 19:00:00","2025-07-01 20:00:00","2026-09-03 20:13:53"
Nederland,Solar,Hour,0,0,0,0,"2025-07-01 20:00:00","2025-07-01 21:00:00","2026-09-03 20:13:53"
Nederland,Solar,Hour,0,0,0,0,"2025-07-01 21:00:00","2025-07-01 22:00:00","2026-09-03 20:13:53"
Nederland,Solar,Hour,0,0,0,0,"2025-07-01 22:00:00","2025-07-01 23:00:00","2026-09-03 20:13:53"
Nederland,Solar,Hour,0,0,0,0,"2025-07-01 23:00:00","2025-07-02 00:00:00","2026-09-03 20:13:53"
Nederland,Solar,Hour,0,0,0,0,"2025-07-02 00:00:00","2025-07-02 01:00:00","2026-09-03 20:13:53"
Nederland,Solar,Hour,0,0,0,0,"2025-07-02 01:00:00","2025-07-02 02:00:00","2026-09-03 20:13:53"
Nederland,Solar,Hour,0,0,0,0,"2025-07-02 02:00:00","2025-07-02 03:00:00","2026-09-03 20:13:53"
Nederland,Solar,Hour,6791,6790,0,0,"2025-07-02 03:00:00","2025-07-02 04:00:00","2026-09-03 20:13:53"
Nederland,Solar,Hour,802720,802718,0,0,"2025-07-02 04:00:00","2025-07-02 05:00:00","2026-09-03 20:13:53"
Nederland,Solar,Hour,2726641,2726640,0,0,"2025-07-02 05:00:00","2025-07-02 06:00:00","2026-09-03 20:13:53"
Nederland,Solar,Hour,5488943,5488940,0,0,"2025-07-02 06:00:00","2025-07-02 07:00:00","2026-09-03 20:13:53"
Nederland,Solar,Hour,9154542,9154540,0,0,"2025-07-02 07:00:00","2025-07-02 08:00:00","2026-09-03 20:13:53"
Nederland,Solar,Hour,12126837,12126834,0,0,"2025-07-02 08:00:00","2025-07-02 09:00:00","2026-09-03 20:13:53"
Nederland,Solar,Hour,14335301,14335299,0,0,"2025-07-02 09:00:00","2025-07-02 10:00:00","2026-09-03 20:13:53"
Nederland,Solar,Hour,16929716,16929714,0,0,"2025-07-02 10:00:00","2025-07-02 11:00:00","2026-09-03 20:13:53"
Nederland,Solar,Hour,17703521,17703518,0,0,"2025-07-02 11:00:00","2025-07-02 12:00:00","2026-09-03 20:13:53"
Nederland,Solar,Hour,16650156,16650155,0,0,"2025-07-02 12:00:00","2025-07-02 13:00:00","2026-09-03 20:13:53"
Nederland,Solar,Hour,14442085,14442082,0,0,"2025-07-02 13:00:00","2025-07-02 14:00:00","2026-09-03 20:13:53"
Nederland,Solar,Hour,10279834,10279831,0,0,"2025-07-02 14:00:00","2025-07-02 15:00:00","2026-09-03 20:13:53"
Nederland,Solar,Hour,6715133,6715130,0,0,"2025-07-02 15:00:00","2025-07-02 16:00:00","2026-09-03 20:13:53"
Nederland,Solar,Hour,3262211,3262210,0,0,"2025-07-02 16:00:00","2025-07-02 17:00:00","2026-09-03 20:13:53"
Nederland,Solar,Hour,1662159,1662156,0,0,"2025-07-02 17:00:00","2025-07-02 18:00:00","2026-09-03 20:13:53"
Nederland,Solar,Hour,876230,876228,0,0,"2025-07-02 18:00:00","2025-07-02 19:00:00","2026-09-03 20:13:53"
Nederland,Solar,Hour,355611,355609,0,0,"2025-07-02 19:00:00","2025-07-02 20:00:00","2026-09-03 20:13:53"
Nederland,Solar,Hour,23262,23261,0,0,"2025-07-02 20:00:00","2025-07-02 21:00:00","2026-09-03 20:13:53"
Nederland,Solar,Hour,0,0,0,0,"2025-07-02 21:00:00","2025-07-02 22:00:00","2026-09-03 20:13:53"
Nederland,Solar,Hour,0,0,0,0,"2025-07-02 22:00:00","2025-07-02 23:00:00","2026-09-03 20:13:53"
Nederland,Solar,Hour,0,0,0,0,"2025-07-02 23:00:00","2025-07-03 00:00:00","2026-09-03 20:13:53"
Nederland,Solar,Hour,0,0,0,0,"2025-07-03 00:00:00","2025-07-03 01:00:00","2026-09-03 20:13:53"
Nederland,Solar,Hour,0,0,0,0,"2025-07-03 01:00:00","2025-07-03 02:00:00","2026-09-03 20:13:53"
Nederland,Solar,Hour,0,0,0,0,"2025-07-03 02:00:00","2025-07-03 03:00:00","2026-09-03 20:13:53"
Nederland,Solar,Hour,5154,5153,0,0,"2025-07-03 03:00:00","2025-07-03 04:00:00","2026-09-03 20:13:53"
Nederland,Solar,Hour,922664,922663,0,0,"2025-07-03 04:00:00","2025-07-03 05:00:00","2026-09-03 20:13:53"
Nederland,Solar,Hour,3096033,3096032,0,0,"2025-07-03 05:00:00","2025-07-03 06:00:00","2026-09-03 20:13:53"
Nederland,Solar,Hour,5908772,5908770,0,0,"2025-07-03 06:00:00","2025-07-03 07:00:00","2026-09-03 20:13:53"
Nederland,Solar,Hour,8902933,8902930,0,0,"2025-07-03 07:00:00","2025-07-03 08:00:00","2026-09-03 20:13:53"
Nederland,Solar,Hour,12380434,12380432,0,0,"2025-07-03 08:00:00","2025-07-03 09:00:00","2026-09-03 20:13:53"
Nederland,Solar,Hour,14560841,14560838,0,0,"2025-07-03 09:00:00","2025-07-03 10:00:00","2026-09-03 20:13:53"
Nederland,Solar,Hour,16329112,16329109,0,0,"2025-07-03 10:00:00","2025-07-03 11:00:00","2026-09-03 20:13:53"
Nederland,Solar,Hour,17522666,17522664,0,0,"2025-07-03 11:00:00","2025-07-03 12:00:00","2026-09-03 20:13:53"
Nederland,Solar,Hour,17544249,17544246,0,0,"2025-07-03 12:00:00","2025-07-03 13:00:00","2026-09-03 20:13:53"
Nederland,Solar,Hour,17700514,17700512,0,0,"2025-07-03 13:00:00","2025-07-03 14:00:00","2026-09-03 20:13:53"
Nederland,Solar,Hour,15899534,15899531,0,0,"2025-07-03 14:00:00","2025-07-03 15:00:00","2026-09-03 20:13:53"
Nederland,Solar,Hour,12303815,12303813,0,0,"2025-07-03 15:00:00","2025-07-03 16:00:00","2026-09-03 20:13:53"
Nederland,Solar,Hour,8773731,8773729,0,0,"2025-07-03 16:00:00","2025-07-03 17:00:00","2026-09-03 20:13:53"
Nederland,Solar,Hour,5146162,5146160,0,0,"2025-07-03 17:00:00","2025-07-03 18:00:00","2026-09-03 20:13:53"
Nederland,Solar,Hour,2234262,2234260,0,0,"2025-07-03 18:00:00","2025-07-03 19:00:00","2026-09-03 20:13:53"
Nederland,Solar,Hour,365887,365885,0,0,"2025-07-03 19:00:00","2025-07-03 20:00:00","2026-09-03 20:13:53"
Nederland,Solar,Hour,826,826,0,0,"2025-07-03 20:00:00","2025-07-03 21:00:00","2026-09-03 20:13:53"
Nederland,Solar,Hour,0,0,0,0,"2025-07-03 21:00:00","2025-07-03 22:00:00","2026-09-03 20:13:53"
Nederland,Solar,Hour,0,0,0,0,"2025-07-03 22:00:00","2025-07-03 23:00:00","2026-09-03 20:13:53"
Nederland,Solar,Hour,0,0,0,0,"2025-07-03 23:00:00","2025-07-04 00:00:00","2026-09-03 20:13:53"
Nederland,Solar,Hour,0,0,0,0,"2025-07-04 00:00:00","2025-07-04 01:00:00","2026-09-03 20:12:19"
Nederland,Solar,Hour,0,0,0,0,"2025-07-04 01:00:00","2025-07-04 02:00:00","2026-09-03 20:12:19"
Nederland,Solar,Hour,0,0,0,0,"2025-07-04 02:00:00","2025-07-04 03:00:00","2026-09-03 20:12:19"
Nederland,Solar,Hour,7935,7935,0,0,"2025-07-04 03:00:00","2025-07-04 04:00:00","2026-09-03 20:12:19"
Nederland,Solar,Hour,1011457,1011455,0,0,"2025-07-04 04:00:00","2025-07-04 05:00:00","2026-09-03 20:12:19"
Nederland,Solar,Hour,3269917,3269914,0,0,"2025-07-04 05:00:00","2025-07-04 06:00:00","2026-09-03 20:12:19"
Nederland,Solar,Hour,6490267,6490265,0,0,"2025-07-04 06:00:00","2025-07-04 07:00:00","2026-09-03 20:12:19"
Nederland,Solar,Hour,10431603,10431601,0,0,"2025-07-04 07:00:00","2025-07-04 08:00:00","2026-09-03 20:12:19"
Nederland,Solar,Hour,14030634,14030633,0,0,"2025-07-04 08:00:00","2025-07-04 09:00:00","2026-09-03 20:12:19"
Nederland,Solar,Hour,16643693,16643691,0,0,"2025-07-04 09:00:00","2025-07-04 10:00:00","2026-09-03 20:12:19"
Nederland,Solar,Hour,16604723,16604721,0,0,"2025-07-04 10:00:00","2025-07-04 11:00:00","2026-09-03 20:12:19"
Nederland,Solar,Hour,16121204,16121202,0,0,"2025-07-04 11:00:00","2025-07-04 12:00:00","2026-09-03 20:12:19"
Nederland,Solar,Hour,15116361,15116358,0,0,"2025-07-04 12:00:00","2025-07-04 13:00:00","2026-09-03 20:12:19"
Nederland,Solar,Hour,13568849,13568846,0,0,"2025-07-04 13:00:00","2025-07-04 14:00:00","2026-09-03 20:12:19"
Nederland,Solar,Hour,13324090,13324088,0,0,"2025-07-04 14:00:00","2025-07-04 15:00:00","2026-09-03 20:12:19"
Nederland,Solar,Hour,11327080,11327077,0,0,"2025-07-04 15:00:00","2025-07-04 16:00:00","2026-09-03 20:12:19"
Nederland,Solar,Hour,8731330,8731329,0,0,"2025-07-04 16:00:00","2025-07-04 17:00:00","2026-09-03 20:12:19"
Nederland,Solar,Hour,5264033,5264030,0,0,"2025-07-04 17:00:00","2025-07-04 18:00:00","2026-09-03 20:12:19"
Nederland,Solar,Hour,2232621,2232619,0,0,"2025-07-04 18:00:00","2025-07-04 19:00:00","2026-09-03 20:12:19"
Nederland,Solar,Hour,497832,497830,0,0,"2025-07-04 19:00:00","2025-07-04 20:00:00","2026-09-03 20:12:19"
Nederland,Solar,Hour,0,0,0,0,"2025-07-04 20:00:00","2025-07-04 21:00:00","2026-09-03 20:12:19"
Nederland,Solar,Hour,0,0,0,0,"2025-07-04 21:00:00","2025-07-04 22:00:00","2026-09-03 20:12:19"
Nederland,Solar,Hour,0,0,0,0,"2025-07-04 22:00:00","2025-07-04 23:00:00","2026-09-03 20:12:19"
Nederland,Solar,Hour,0,0,0,0,"2025-07-04 23:00:00","2025-07-05 00:00:00","2026-09-03 20:12:19"
Nederland,Solar,Hour,0,0,0,0,"2025-07-05 00:00:00","2025-07-05 01:00:00","2026-09-03 20:12:19"
Nederland,Solar,Hour,0,0,0,0,"2025-07-05 01:00:00","2025-07-05 02:00:00","2026-09-03 20:12:19"
Nederland,Solar,Hour,0,0,0,0,"2025-07-05 02:00:00","2025-07-05 03:00:00","2026-09-03 20:12:19"
Nederland,Solar,Hour,6,6,0,0,"2025-07-05 03:00:00","2025-07-05 04:00:00","2026-09-03 20:12:19"
Nederland,Solar,Hour,539657,539653,0,0,"2025-07-05 04:00:00","2025-07-05 05:00:00","2026-09-03 20:12:19"
Nederland,Solar,Hour,2038149,2038147,0,0,"2025-07-05 05:00:00","2025-07-05 06:00:00","2026-09-03 20:12:19"
Nederland,Solar,Hour,3347086,3347085,0,0,"2025-07-05 06:00:00","2025-07-05 07:00:00","2026-09-03 20:12:19"
Nederland,Solar,Hour,4222459,4222457,0,0,"2025-07-05 07:00:00","2025-07-05 08:00:00","2026-09-03 20:12:19"
Nederland,Solar,Hour,5341196,5341193,0,0,"2025-07-05 08:00:00","2025-07-05 09:00:00","2026-09-03 20:12:19"
Nederland,Solar,Hour,8130050,8130048,0,0,"2025-07-05 09:00:00","2025-07-05 10:00:00","2026-09-03 20:12:19"
Nederland,Solar,Hour,9095363,9095360,0,0,"2025-07-05 10:00:00","2025-07-05 11:00:00","2026-09-03 20:12:19"
Nederland,Solar,Hour,7301206,7301203,0,0,"2025-07-05 11:00:00","2025-07-05 12:00:00","2026-09-03 20:12:19"
Nederland,Solar,Hour,6988835,6988833,0,0,"2025-07-05 12:00:00","2025-07-05 13:00:00","2026-09-03 20:12:19"
Nederland,Solar,Hour,7455061,7455058,0,0,"2025-07-05 13:00:00","2025-07-05 14:00:00","2026-09-03 20:12:19"
Nederland,Solar,Hour,6117441,6117438,0,0,"2025-07-05 14:00:00","2025-07-05 15:00:00","2026-09-03 20:12:19"
Nederland,Solar,Hour,5130166,5130164,0,0,"2025-07-05 15:00:00","2025-07-05 16:00:00","2026-09-03 20:12:19"
Nederland,Solar,Hour,3339016,3339014,0,0,"2025-07-05 16:00:00","2025-07-05 17:00:00","2026-09-03 20:12:19"
Nederland,Solar,Hour,1646971,1646969,0,0,"2025-07-05 17:00:00","2025-07-05 18:00:00","2026-09-03 20:12:19"
Nederland,Solar,Hour,671465,671464,0,0,"2025-07-05 18:00:00","2025-07-05 19:00:00","2026-09-03 20:12:19"
Nederland,Solar,Hour,97580,97578,0,0,"2025-07-05 19:00:00","2025-07-05 20:00:00","2026-09-03 20:12:19"
Nederland,Solar,Hour,0,0,0,0,"2025-07-05 20:00:00","2025-07-05 21:00:00","2026-09-03 20:12:19"
Nederland,Solar,Hour,0,0,0,0,"2025-07-05 21:00:00","2025-07-05 22:00:00","2026-09-03 20:12:19"
Nederland,Solar,Hour,0,0,0,0,"2025-07-05 22:00:00","2025-07-05 23:00:00","2026-09-03 20:12:19"
Nederland,Solar,Hour,0,0,0,0,"2025-07-05 23:00:00","2025-07-06 00:00:00","2026-09-03 20:12:19"
Nederland,Solar,Hour,0,0,0,0,"2025-07-06 00:00:00","2025-07-06 01:00:00","2026-09-03 20:12:19"
Nederland,Solar,Hour,0,0,0,0,"2025-07-06 01:00:00","2025-07-06 02:00:00","2026-09-03 20:12:19"
Nederland,Solar,Hour,0,0,0,0,"2025-07-06 02:00:00","2025-07-06 03:00:00","2026-09-03 20:12:19"
Nederland,Solar,Hour,28,28,0,0,"2025-07-06 03:00:00","2025-07-06 04:00:00","2026-09-03 20:12:19"
Nederland,Solar,Hour,254724,254722,0,0,"2025-07-06 04:00:00","2025-07-06 05:00:00","2026-09-03 20:12:19"
Nederland,Solar,Hour,1349707,1349705,0,0,"2025-07-06 05:00:00","2025-07-06 06:00:00","2026-09-03 20:12:19"
Nederland,Solar,Hour,2782183,2782180,0,0,"2025-07-06 06:00:00","2025-07-06 07:00:00","2026-09-03 20:12:19"
Nederland,Solar,Hour,3991621,3991618,0,0,"2025-07-06 07:00:00","2025-07-06 08:00:00","2026-09-03 20:12:19"
Nederland,Solar,Hour,4641630,4641629,0,0,"2025-07-06 08:00:00","2025-07-06 09:00:00","2026-09-03 20:12:19"
Nederland,Solar,Hour,4613642,4613639,0,0,"2025-07-06 09:00:00","2025-07-06 10:00:00","2026-09-03 20:12:19"
Nederland,Solar,Hour,4291398,4291395,0,0,"2025-07-06 10:00:00","2025-07-06 11:00:00","2026-09-03 20:12:19"
Nederland,Solar,Hour,2800348,2800345,0,0,"2025-07-06 11:00:00","2025-07-06 12:00:00","2026-09-03 20:12:19"
Nederland,Solar,Hour,3483890,3483887,0,0,"2025-07-06 12:00:00","2025-07-06 13:00:00","2026-09-03 20:12:19"
Nederland,Solar,Hour,3986666,3986663,0,0,"2025-07-06 13:00:00","2025-07-06 14:00:00","2026-09-03 20:12:19"
Nederland,Solar,Hour,4338389,4338388,0,0,"2025-07-06 14:00:00","2025-07-06 15:00:00","2026-09-03 20:12:19"
Nederland,Solar,Hour,4574589,4574586,0,0,"2025-07-06 15:00:00","2025-07-06 16:00:00","2026-09-03 20:12:19"
Nederland,Solar,Hour,3811552,3811550,0,0,"2025-07-06 16:00:00","2025-07-06 17:00:00","2026-09-03 20:12:19"
Nederland,Solar,Hour,2383797,2383796,0,0,"2025-07-06 17:00:00","2025-07-06 18:00:00","2026-09-03 20:12:19"
Nederland,Solar,Hour,1485018,1485014,0,0,"2025-07-06 18:00:00","2025-07-06 19:00:00","2026-09-03 20:12:19"
Nederland,Solar,Hour,451969,451967,0,0,"2025-07-06 19:00:00","2025-07-06 20:00:00","2026-09-03 20:12:19"
Nederland,Solar,Hour,629,629,0,0,"2025-07-06 20:00:00","2025-07-06 21:00:00","2026-09-03 20:12:19"
Nederland,Solar,Hour,0,0,0,0,"2025-07-06 21:00:00","2025-07-06 22:00:00","2026-09-03 20:12:19"
Nederland,Solar,Hour,0,0,0,0,"2025-07-06 22:00:00","2025-07-06 23:00:00","2026-09-03 20:12:19"
Nederland,Solar,Hour,0,0,0,0,"2025-07-06 23:00:00","2025-07-07 00:00:00","2026-09-03 20:12:19"
Nederland,Solar,Hour,0,0,0,0,"2025-07-07 00:00:00","2025-07-07 01:00:00","2026-09-03 20:12:19"
Nederland,Solar,Hour,0,0,0,0,"2025-07-07 01:00:00","2025-07-07 02:00:00","2026-09-03 20:12:19"
Nederland,Solar,Hour,0,0,0,0,"2025-07-07 02:00:00","2025-07-07 03:00:00","2026-09-03 20:12:19"
Nederland,Solar,Hour,0,0,0,0,"2025-07-07 03:00:00","2025-07-07 04:00:00","2026-09-03 20:12:19"
Nederland,Solar,Hour,398094,398092,0,0,"2025-07-07 04:00:00","2025-07-07 05:00:00","2026-09-03 20:12:19"
Nederland,Solar,Hour,1859115,1859113,0,0,"2025-07-07 05:00:00","2025-07-07 06:00:00","2026-09-03 20:12:19"
Nederland,Solar,Hour,3360278,3360278,0,0,"2025-07-07 06:00:00","2025-07-07 07:00:00","2026-09-03 20:12:19"
Nederland,Solar,Hour,5387912,5387910,0,0,"2025-07-07 07:00:00","2025-07-07 08:00:00","2026-09-03 20:12:19"
Nederland,Solar,Hour,7162716,7162714,0,0,"2025-07-07 08:00:00","2025-07-07 09:00:00","2026-09-03 20:12:19"
Nederland,Solar,Hour,8489685,8489683,0,0,"2025-07-07 09:00:00","2025-07-07 10:00:00","2026-09-03 20:12:19"
Nederland,Solar,Hour,9510894,9510892,0,0,"2025-07-07 10:00:00","2025-07-07 11:00:00","2026-09-03 20:12:19"
Nederland,Solar,Hour,11312552,11312549,0,0,"2025-07-07 11:00:00","2025-07-07 12:00:00","2026-09-03 20:12:19"
Nederland,Solar,Hour,12187981,12187980,0,0,"2025-07-07 12:00:00","2025-07-07 13:00:00","2026-09-03 20:12:19"
Nederland,Solar,Hour,13113729,13113727,0,0,"2025-07-07 13:00:00","2025-07-07 14:00:00","2026-09-03 20:12:19"
Nederland,Solar,Hour,11542124,11542123,0,0,"2025-07-07 14:00:00","2025-07-07 15:00:00","2026-09-03 20:12:19"
Nederland,Solar,Hour,8899319,8899316,0,0,"2025-07-07 15:00:00","2025-07-07 16:00:00","2026-09-03 20:12:19"
Nederland,Solar,Hour,6538417,6538416,0,0,"2025-07-07 16:00:00","2025-07-07 17:00:00","2026-09-03 20:12:19"
Nederland,Solar,Hour,3699193,3699191,0,0,"2025-07-07 17:00:00","2025-07-07 18:00:00","2026-09-03 20:12:19"
Nederland,Solar,Hour,1686209,1686208,0,0,"2025-07-07 18:00:00","2025-07-07 19:00:00","2026-09-03 20:12:19"
Nederland,Solar,Hour,377901,377899,0,0,"2025-07-07 19:00:00","2025-07-07 20:00:00","2026-09-03 20:12:19"
Nederland,Solar,Hour,0,0,0,0,"2025-07-07 20:00:00","2025-07-07 21:00:00","2026-09-03 20:12:19"
Nederland,Solar,Hour,0,0,0,0,"2025-07-07 21:00:00","2025-07-07 22:00:00","2026-09-03 20:12:19"
Nederland,Solar,Hour,0,0,0,0,"2025-07-07 22:00:00","2025-07-07 23:00:00","2026-09-03 20:12:19"
Nederland,Solar,Hour,0,0,0,0,"2025-07-07 23:00:00","2025-07-08 00:00:00","2026-09-03 20:12:19"
Nederland,Solar,Hour,0,0,0,0,"2025-07-08 00:00:00","2025-07-08 01:00:00","2026-09-03 20:12:19"
Nederland,Solar,Hour,0,0,0,0,"2025-07-08 01:00:00","2025-07-08 02:00:00","2026-09-03 20:12:19"
Nederland,Solar,Hour,0,0,0,0,"2025-07-08 02:00:00","2025-07-08 03:00:00","2026-09-03 20:12:19"
Nederland,Solar,Hour,1199,1199,0,0,"2025-07-08 03:00:00","2025-07-08 04:00:00","2026-09-03 20:12:19"
Nederland,Solar,Hour,490824,490822,0,0,"2025-07-08 04:00:00","2025-07-08 05:00:00","2026-09-03 20:12:19"
Nederland,Solar,Hour,2042105,2042103,0,0,"2025-07-08 05:00:00","2025-07-08 06:00:00","2026-09-03 20:12:19"
Nederland,Solar,Hour,4336419,4336416,0,0,"2025-07-08 06:00:00","2025-07-08 07:00:00","2026-09-03 20:12:19"
Nederland,Solar,Hour,7404477,7404475,0,0,"2025-07-08 07:00:00","2025-07-08 08:00:00","2026-09-03 20:12:19"
Nederland,Solar,Hour,8720286,8720284,0,0,"2025-07-08 08:00:00","2025-07-08 09:00:00","2026-09-03 20:12:19"
Nederland,Solar,Hour,11201545,11201542,0,0,"2025-07-08 09:00:00","2025-07-08 10:00:00","2026-09-03 20:12:19"
Nederland,Solar,Hour,11981288,11981286,0,0,"2025-07-08 10:00:00","2025-07-08 11:00:00","2026-09-03 20:12:19"
Nederland,Solar,Hour,12377592,12377590,0,0,"2025-07-08 11:00:00","2025-07-08 12:00:00","2026-09-03 20:12:19"
Nederland,Solar,Hour,13375393,13375390,0,0,"2025-07-08 12:00:00","2025-07-08 13:00:00","2026-09-03 20:12:19"
Nederland,Solar,Hour,11026742,11026739,0,0,"2025-07-08 13:00:00","2025-07-08 14:00:00","2026-09-03 20:12:19"
Nederland,Solar,Hour,9381455,9381452,0,0,"2025-07-08 14:00:00","2025-07-08 15:00:00","2026-09-03 20:12:19"
Nederland,Solar,Hour,7639249,7639248,0,0,"2025-07-08 15:00:00","2025-07-08 16:00:00","2026-09-03 20:12:19"
Nederland,Solar,Hour,4864854,4864853,0,0,"2025-07-08 16:00:00","2025-07-08 17:00:00","2026-09-03 20:12:19"
Nederland,Solar,Hour,2961888,2961885,0,0,"2025-07-08 17:00:00","2025-07-08 18:00:00","2026-09-03 20:12:19"
Nederland,Solar,Hour,1306981,1306979,0,0,"2025-07-08 18:00:00","2025-07-08 19:00:00","2026-09-03 20:12:19"
Nederland,Solar,Hour,392084,392081,0,0,"2025-07-08 19:00:00","2025-07-08 20:00:00","2026-09-03 20:12:19"
Nederland,Solar,Hour,1015,1015,0,0,"2025-07-08 20:00:00","2025-07-08 21:00:00","2026-09-03 20:12:19"
Nederland,Solar,Hour,0,0,0,0,"2025-07-08 21:00:00","2025-07-08 22:00:00","2026-09-03 20:12:19"
Nederland,Solar,Hour,0,0,0,0,"2025-07-08 22:00:00","2025-07-08 23:00:00","2026-09-03 20:12:19"
Nederland,Solar,Hour,0,0,0,0,"2025-07-08 23:00:00","2025-07-09 00:00:00","2026-09-03 20:12:19"
Nederland,Solar,Hour,0,0,0,0,"2025-07-09 00:00:00","2025-07-09 01:00:00","2026-09-03 20:10:43"
Nederland,Solar,Hour,0,0,0,0,"2025-07-09 01:00:00","2025-07-09 02:00:00","2026-09-03 20:10:43"
Nederland,Solar,Hour,0,0,0,0,"2025-07-09 02:00:00","2025-07-09 03:00:00","2026-09-03 20:10:43"
Nederland,Solar,Hour,1366,1366,0,0,"2025-07-09 03:00:00","2025-07-09 04:00:00","2026-09-03 20:10:43"
Nederland,Solar,Hour,443569,443567,0,0,"2025-07-09 04:00:00","2025-07-09 05:00:00","2026-09-03 20:10:43"
Nederland,Solar,Hour,1904937,1904934,0,0,"2025-07-09 05:00:00","2025-07-09 06:00:00","2026-09-03 20:10:43"
Nederland,Solar,Hour,4750626,4750623,0,0,"2025-07-09 06:00:00","2025-07-09 07:00:00","2026-09-03 20:10:43"
Nederland,Solar,Hour,8398383,8398380,0,0,"2025-07-09 07:00:00","2025-07-09 08:00:00","2026-09-03 20:10:43"
Nederland,Solar,Hour,10521507,10521505,0,0,"2025-07-09 08:00:00","2025-07-09 09:00:00","2026-09-03 20:10:43"
Nederland,Solar,Hour,12091258,12091255,0,0,"2025-07-09 09:00:00","2025-07-09 10:00:00","2026-09-03 20:10:43"
Nederland,Solar,Hour,14708198,14708197,0,0,"2025-07-09 10:00:00","2025-07-09 11:00:00","2026-09-03 20:10:43"
Nederland,Solar,Hour,15843666,15843665,0,0,"2025-07-09 11:00:00","2025-07-09 12:00:00","2026-09-03 20:10:43"
Nederland,Solar,Hour,17806041,17806037,0,0,"2025-07-09 12:00:00","2025-07-09 13:00:00","2026-09-03 20:10:43"
Nederland,Solar,Hour,17178767,17178766,0,0,"2025-07-09 13:00:00","2025-07-09 14:00:00","2026-09-03 20:10:43"
Nederland,Solar,Hour,15258597,15258594,0,0,"2025-07-09 14:00:00","2025-07-09 15:00:00","2026-09-03 20:10:43"
Nederland,Solar,Hour,12581490,12581489,0,0,"2025-07-09 15:00:00","2025-07-09 16:00:00","2026-09-03 20:10:43"
Nederland,Solar,Hour,9045108,9045107,0,0,"2025-07-09 16:00:00","2025-07-09 17:00:00","2026-09-03 20:10:43"
Nederland,Solar,Hour,5060924,5060921,0,0,"2025-07-09 17:00:00","2025-07-09 18:00:00","2026-09-03 20:10:43"
Nederland,Solar,Hour,2193508,2193506,0,0,"2025-07-09 18:00:00","2025-07-09 19:00:00","2026-09-03 20:10:43"
Nederland,Solar,Hour,525751,525749,0,0,"2025-07-09 19:00:00","2025-07-09 20:00:00","2026-09-03 20:10:43"
Nederland,Solar,Hour,28,28,0,0,"2025-07-09 20:00:00","2025-07-09 21:00:00","2026-09-03 20:10:43"
Nederland,Solar,Hour,0,0,0,0,"2025-07-09 21:00:00","2025-07-09 22:00:00","2026-09-03 20:10:43"
Nederland,Solar,Hour,0,0,0,0,"2025-07-09 22:00:00","2025-07-09 23:00:00","2026-09-03 20:10:43"
Nederland,Solar,Hour,0,0,0,0,"2025-07-09 23:00:00","2025-07-10 00:00:00","2026-09-03 20:10:43"
Nederland,Solar,Hour,0,0,0,0,"2025-07-10 00:00:00","2025-07-10 01:00:00","2026-09-03 20:10:43"
Nederland,Solar,Hour,0,0,0,0,"2025-07-10 01:00:00","2025-07-10 02:00:00","2026-09-03 20:10:43"
Nederland,Solar,Hour,0,0,0,0,"2025-07-10 02:00:00","2025-07-10 03:00:00","2026-09-03 20:10:43"
Nederland,Solar,Hour,0,0,0,0,"2025-07-10 03:00:00","2025-07-10 04:00:00","2026-09-03 20:10:43"
Nederland,Solar,Hour,623191,623189,0,0,"2025-07-10 04:00:00","2025-07-10 05:00:00","2026-09-03 20:10:43"
Nederland,Solar,Hour,2458266,2458263,0,0,"2025-07-10 05:00:00","2025-07-10 06:00:00","2026-09-03 20:10:43"
Nederland,Solar,Hour,4807534,4807531,0,0,"2025-07-10 06:00:00","2025-07-10 07:00:00","2026-09-03 20:10:43"
Nederland,Solar,Hour,7313191,7313188,0,0,"2025-07-10 07:00:00","2025-07-10 08:00:00","2026-09-03 20:10:43"
Nederland,Solar,Hour,8439455,8439454,0,0,"2025-07-10 08:00:00","2025-07-10 09:00:00","2026-09-03 20:10:43"
Nederland,Solar,Hour,10450116,10450114,0,0,"2025-07-10 09:00:00","2025-07-10 10:00:00","2026-09-03 20:10:43"
Nederland,Solar,Hour,13798058,13798055,0,0,"2025-07-10 10:00:00","2025-07-10 11:00:00","2026-09-03 20:10:43"
Nederland,Solar,Hour,13088615,13088613,0,0,"2025-07-10 11:00:00","2025-07-10 12:00:00","2026-09-03 20:10:43"
Nederland,Solar,Hour,13037639,13037636,0,0,"2025-07-10 12:00:00","2025-07-10 13:00:00","2026-09-03 20:10:43"
Nederland,Solar,Hour,14369072,14369070,0,0,"2025-07-10 13:00:00","2025-07-10 14:00:00","2026-09-03 20:10:43"
Nederland,Solar,Hour,13466877,13466875,0,0,"2025-07-10 14:00:00","2025-07-10 15:00:00","2026-09-03 20:10:43"
Nederland,Solar,Hour,11680169,11680167,0,0,"2025-07-10 15:00:00","2025-07-10 16:00:00","2026-09-03 20:10:43"
Nederland,Solar,Hour,8366106,8366104,0,0,"2025-07-10 16:00:00","2025-07-10 17:00:00","2026-09-03 20:10:43"
Nederland,Solar,Hour,4911590,4911588,0,0,"2025-07-10 17:00:00","2025-07-10 18:00:00","2026-09-03 20:10:43"
Nederland,Solar,Hour,2160049,2160046,0,0,"2025-07-10 18:00:00","2025-07-10 19:00:00","2026-09-03 20:10:43"
Nederland,Solar,Hour,534321,534319,0,0,"2025-07-10 19:00:00","2025-07-10 20:00:00","2026-09-03 20:10:43"
Nederland,Solar,Hour,0,0,0,0,"2025-07-10 20:00:00","2025-07-10 21:00:00","2026-09-03 20:10:43"
Nederland,Solar,Hour,0,0,0,0,"2025-07-10 21:00:00","2025-07-10 22:00:00","2026-09-03 20:10:43"
Nederland,Solar,Hour,0,0,0,0,"2025-07-10 22:00:00","2025-07-10 23:00:00","2026-09-03 20:10:43"
Nederland,Solar,Hour,0,0,0,0,"2025-07-10 23:00:00","2025-07-11 00:00:00","2026-09-03 20:10:43"
Nederland,Solar,Hour,0,0,0,0,"2025-07-11 00:00:00","2025-07-11 01:00:00","2026-09-03 20:10:43"
Nederland,Solar,Hour,0,0,0,0,"2025-07-11 01:00:00","2025-07-11 02:00:00","2026-09-03 20:10:43"
Nederland,Solar,Hour,0,0,0,0,"2025-07-11 02:00:00","2025-07-11 03:00:00","2026-09-03 20:10:43"
Nederland,Solar,Hour,546,546,0,0,"2025-07-11 03:00:00","2025-07-11 04:00:00","2026-09-03 20:10:43"
Nederland,Solar,Hour,578971,578969,0,0,"2025-07-11 04:00:00","2025-07-11 05:00:00","2026-09-03 20:10:43"
Nederland,Solar,Hour,2322065,2322064,0,0,"2025-07-11 05:00:00","2025-07-11 06:00:00","2026-09-03 20:10:43"
Nederland,Solar,Hour,4347377,4347374,0,0,"2025-07-11 06:00:00","2025-07-11 07:00:00","2026-09-03 20:10:43"
Nederland,Solar,Hour,6187565,6187563,0,0,"2025-07-11 07:00:00","2025-07-11 08:00:00","2026-09-03 20:10:43"
Nederland,Solar,Hour,8020156,8020154,0,0,"2025-07-11 08:00:00","2025-07-11 09:00:00","2026-09-03 20:10:43"
Nederland,Solar,Hour,9619731,9619729,0,0,"2025-07-11 09:00:00","2025-07-11 10:00:00","2026-09-03 20:10:43"
Nederland,Solar,Hour,11081950,11081948,0,0,"2025-07-11 10:00:00","2025-07-11 11:00:00","2026-09-03 20:10:43"
Nederland,Solar,Hour,12737326,12737324,0,0,"2025-07-11 11:00:00","2025-07-11 12:00:00","2026-09-03 20:10:43"
Nederland,Solar,Hour,13689204,13689202,0,0,"2025-07-11 12:00:00","2025-07-11 13:00:00","2026-09-03 20:10:43"
Nederland,Solar,Hour,13374156,13374154,0,0,"2025-07-11 13:00:00","2025-07-11 14:00:00","2026-09-03 20:10:43"
Nederland,Solar,Hour,12643990,12643987,0,0,"2025-07-11 14:00:00","2025-07-11 15:00:00","2026-09-03 20:10:43"
Nederland,Solar,Hour,10711226,10711224,0,0,"2025-07-11 15:00:00","2025-07-11 16:00:00","2026-09-03 20:10:43"
Nederland,Solar,Hour,7425744,7425742,0,0,"2025-07-11 16:00:00","2025-07-11 17:00:00","2026-09-03 20:10:43"
Nederland,Solar,Hour,4651631,4651629,0,0,"2025-07-11 17:00:00","2025-07-11 18:00:00","2026-09-03 20:10:43"
Nederland,Solar,Hour,2111550,2111548,0,0,"2025-07-11 18:00:00","2025-07-11 19:00:00","2026-09-03 20:10:43"
Nederland,Solar,Hour,485894,485892,0,0,"2025-07-11 19:00:00","2025-07-11 20:00:00","2026-09-03 20:10:43"
Nederland,Solar,Hour,0,0,0,0,"2025-07-11 20:00:00","2025-07-11 21:00:00","2026-09-03 20:10:43"
Nederland,Solar,Hour,0,0,0,0,"2025-07-11 21:00:00","2025-07-11 22:00:00","2026-09-03 20:10:43"
Nederland,Solar,Hour,0,0,0,0,"2025-07-11 22:00:00","2025-07-11 23:00:00","2026-09-03 20:10:43"
Nederland,Solar,Hour,0,0,0,0,"2025-07-11 23:00:00","2025-07-12 00:00:00","2026-09-03 20:10:43"
Nederland,Solar,Hour,0,0,0,0,"2025-07-12 00:00:00","2025-07-12 01:00:00","2026-09-03 20:10:43"
Nederland,Solar,Hour,0,0,0,0,"2025-07-12 01:00:00","2025-07-12 02:00:00","2026-09-03 20:10:43"
Nederland,Solar,Hour,0,0,0,0,"2025-07-12 02:00:00","2025-07-12 03:00:00","2026-09-03 20:10:43"
Nederland,Solar,Hour,0,0,0,0,"2025-07-12 03:00:00","2025-07-12 04:00:00","2026-09-03 20:10:43"
Nederland,Solar,Hour,337901,337899,0,0,"2025-07-12 04:00:00","2025-07-12 05:00:00","2026-09-03 20:10:43"
Nederland,Solar,Hour,1558961,1558959,0,0,"2025-07-12 05:00:00","2025-07-12 06:00:00","2026-09-03 20:10:43"
Nederland,Solar,Hour,3666458,3666456,0,0,"2025-07-12 06:00:00","2025-07-12 07:00:00","2026-09-03 20:10:43"
Nederland,Solar,Hour,7094888,7094886,0,0,"2025-07-12 07:00:00","2025-07-12 08:00:00","2026-09-03 20:10:43"
Nederland,Solar,Hour,10828730,10828729,0,0,"2025-07-12 08:00:00","2025-07-12 09:00:00","2026-09-03 20:10:43"
Nederland,Solar,Hour,14946841,14946838,0,0,"2025-07-12 09:00:00","2025-07-12 10:00:00","2026-09-03 20:10:43"
Nederland,Solar,Hour,17155460,17155459,0,0,"2025-07-12 10:00:00","2025-07-12 11:00:00","2026-09-03 20:10:43"
Nederland,Solar,Hour,16149914,16149913,0,0,"2025-07-12 11:00:00","2025-07-12 12:00:00","2026-09-03 20:10:43"
Nederland,Solar,Hour,15534341,15534339,0,0,"2025-07-12 12:00:00","2025-07-12 13:00:00","2026-09-03 20:10:43"
Nederland,Solar,Hour,16583092,16583091,0,0,"2025-07-12 13:00:00","2025-07-12 14:00:00","2026-09-03 20:10:43"
Nederland,Solar,Hour,13818495,13818493,0,0,"2025-07-12 14:00:00","2025-07-12 15:00:00","2026-09-03 20:10:43"
Nederland,Solar,Hour,11180471,11180469,0,0,"2025-07-12 15:00:00","2025-07-12 16:00:00","2026-09-03 20:10:43"
Nederland,Solar,Hour,7815161,7815160,0,0,"2025-07-12 16:00:00","2025-07-12 17:00:00","2026-09-03 20:10:43"
Nederland,Solar,Hour,4357165,4357163,0,0,"2025-07-12 17:00:00","2025-07-12 18:00:00","2026-09-03 20:10:43"
Nederland,Solar,Hour,1867012,1867011,0,0,"2025-07-12 18:00:00","2025-07-12 19:00:00","2026-09-03 20:10:43"
Nederland,Solar,Hour,419684,419682,0,0,"2025-07-12 19:00:00","2025-07-12 20:00:00","2026-09-03 20:10:43"
Nederland,Solar,Hour,0,0,0,0,"2025-07-12 20:00:00","2025-07-12 21:00:00","2026-09-03 20:10:43"
Nederland,Solar,Hour,0,0,0,0,"2025-07-12 21:00:00","2025-07-12 22:00:00","2026-09-03 20:10:43"
Nederland,Solar,Hour,0,0,0,0,"2025-07-12 22:00:00","2025-07-12 23:00:00","2026-09-03 20:10:43"
Nederland,Solar,Hour,0,0,0,0,"2025-07-12 23:00:00","2025-07-13 00:00:00","2026-09-03 20:10:43"
Nederland,Solar,Hour,0,0,0,0,"2025-07-13 00:00:00","2025-07-13 01:00:00","2026-09-03 20:10:43"
Nederland,Solar,Hour,0,0,0,0,"2025-07-13 01:00:00","2025-07-13 02:00:00","2026-09-03 20:10:43"
Nederland,Solar,Hour,0,0,0,0,"2025-07-13 02:00:00","2025-07-13 03:00:00","2026-09-03 20:10:43"
Nederland,Solar,Hour,0,0,0,0,"2025-07-13 03:00:00","2025-07-13 04:00:00","2026-09-03 20:10:43"
Nederland,Solar,Hour,337934,337932,0,0,"2025-07-13 04:00:00","2025-07-13 05:00:00","2026-09-03 20:10:43"
Nederland,Solar,Hour,1573846,1573844,0,0,"2025-07-13 05:00:00","2025-07-13 06:00:00","2026-09-03 20:10:43"
Nederland,Solar,Hour,3370491,3370489,0,0,"2025-07-13 06:00:00","2025-07-13 07:00:00","2026-09-03 20:10:43"
Nederland,Solar,Hour,5712222,5712220,0,0,"2025-07-13 07:00:00","2025-07-13 08:00:00","2026-09-03 20:10:43"
Nederland,Solar,Hour,6774500,6774498,0,0,"2025-07-13 08:00:00","2025-07-13 09:00:00","2026-09-03 20:10:43"
Nederland,Solar,Hour,9045469,9045467,0,0,"2025-07-13 09:00:00","2025-07-13 10:00:00","2026-09-03 20:10:43"
Nederland,Solar,Hour,9397038,9397036,0,0,"2025-07-13 10:00:00","2025-07-13 11:00:00","2026-09-03 20:10:43"
Nederland,Solar,Hour,9288873,9288871,0,0,"2025-07-13 11:00:00","2025-07-13 12:00:00","2026-09-03 20:10:43"
Nederland,Solar,Hour,10946780,10946777,0,0,"2025-07-13 12:00:00","2025-07-13 13:00:00","2026-09-03 20:10:43"
Nederland,Solar,Hour,11221954,11221951,0,0,"2025-07-13 13:00:00","2025-07-13 14:00:00","2026-09-03 20:10:43"
Nederland,Solar,Hour,11063485,11063483,0,0,"2025-07-13 14:00:00","2025-07-13 15:00:00","2026-09-03 20:10:43"
Nederland,Solar,Hour,8353217,8353216,0,0,"2025-07-13 15:00:00","2025-07-13 16:00:00","2026-09-03 20:10:43"
Nederland,Solar,Hour,5456598,5456596,0,0,"2025-07-13 16:00:00","2025-07-13 17:00:00","2026-09-03 20:10:43"
Nederland,Solar,Hour,3685208,3685206,0,0,"2025-07-13 17:00:00","2025-07-13 18:00:00","2026-09-03 20:10:43"
Nederland,Solar,Hour,1689152,1689150,0,0,"2025-07-13 18:00:00","2025-07-13 19:00:00","2026-09-03 20:10:43"
Nederland,Solar,Hour,385874,385871,0,0,"2025-07-13 19:00:00","2025-07-13 20:00:00","2026-09-03 20:10:43"
Nederland,Solar,Hour,220,220,0,0,"2025-07-13 20:00:00","2025-07-13 21:00:00","2026-09-03 20:10:43"
Nederland,Solar,Hour,0,0,0,0,"2025-07-13 21:00:00","2025-07-13 22:00:00","2026-09-03 20:10:43"
Nederland,Solar,Hour,0,0,0,0,"2025-07-13 22:00:00","2025-07-13 23:00:00","2026-09-03 20:10:43"
Nederland,Solar,Hour,0,0,0,0,"2025-07-13 23:00:00","2025-07-14 00:00:00","2026-09-03 20:10:43"
Nederland,Solar,Hour,0,0,0,0,"2025-07-14 00:00:00","2025-07-14 01:00:00","2026-09-03 20:09:10"
Nederland,Solar,Hour,0,0,0,0,"2025-07-14 01:00:00","2025-07-14 02:00:00","2026-09-03 20:09:10"
Nederland,Solar,Hour,0,0,0,0,"2025-07-14 02:00:00","2025-07-14 03:00:00","2026-09-03 20:09:10"
Nederland,Solar,Hour,826,826,0,0,"2025-07-14 03:00:00","2025-07-14 04:00:00","2026-09-03 20:09:10"
Nederland,Solar,Hour,684925,684923,0,0,"2025-07-14 04:00:00","2025-07-14 05:00:00","2026-09-03 20:09:10"
Nederland,Solar,Hour,2484141,2484138,0,0,"2025-07-14 05:00:00","2025-07-14 06:00:00","2026-09-03 20:09:10"
Nederland,Solar,Hour,4800073,4800071,0,0,"2025-07-14 06:00:00","2025-07-14 07:00:00","2026-09-03 20:09:10"
Nederland,Solar,Hour,7839270,7839267,0,0,"2025-07-14 07:00:00","2025-07-14 08:00:00","2026-09-03 20:09:10"
Nederland,Solar,Hour,9981064,9981061,0,0,"2025-07-14 08:00:00","2025-07-14 09:00:00","2026-09-03 20:09:10"
Nederland,Solar,Hour,12239557,12239554,0,0,"2025-07-14 09:00:00","2025-07-14 10:00:00","2026-09-03 20:09:10"
Nederland,Solar,Hour,12329881,12329880,0,0,"2025-07-14 10:00:00","2025-07-14 11:00:00","2026-09-03 20:09:10"
Nederland,Solar,Hour,12368232,12368229,0,0,"2025-07-14 11:00:00","2025-07-14 12:00:00","2026-09-03 20:09:10"
Nederland,Solar,Hour,9815998,9815996,0,0,"2025-07-14 12:00:00","2025-07-14 13:00:00","2026-09-03 20:09:10"
Nederland,Solar,Hour,10341695,10341692,0,0,"2025-07-14 13:00:00","2025-07-14 14:00:00","2026-09-03 20:09:10"
Nederland,Solar,Hour,9438402,9438401,0,0,"2025-07-14 14:00:00","2025-07-14 15:00:00","2026-09-03 20:09:10"
Nederland,Solar,Hour,8765196,8765193,0,0,"2025-07-14 15:00:00","2025-07-14 16:00:00","2026-09-03 20:09:10"
Nederland,Solar,Hour,7288373,7288371,0,0,"2025-07-14 16:00:00","2025-07-14 17:00:00","2026-09-03 20:09:10"
Nederland,Solar,Hour,4289429,4289427,0,0,"2025-07-14 17:00:00","2025-07-14 18:00:00","2026-09-03 20:09:10"
Nederland,Solar,Hour,1790558,1790555,0,0,"2025-07-14 18:00:00","2025-07-14 19:00:00","2026-09-03 20:09:10"
Nederland,Solar,Hour,327392,327390,0,0,"2025-07-14 19:00:00","2025-07-14 20:00:00","2026-09-03 20:09:10"
Nederland,Solar,Hour,0,0,0,0,"2025-07-14 20:00:00","2025-07-14 21:00:00","2026-09-03 20:09:10"
Nederland,Solar,Hour,0,0,0,0,"2025-07-14 21:00:00","2025-07-14 22:00:00","2026-09-03 20:09:10"
Nederland,Solar,Hour,465,465,0,0,"2025-07-14 22:00:00","2025-07-14 23:00:00","2026-09-03 20:09:10"
Nederland,Solar,Hour,0,0,0,0,"2025-07-14 23:00:00","2025-07-15 00:00:00","2026-09-03 20:09:10"
Nederland,Solar,Hour,0,0,0,0,"2025-07-15 00:00:00","2025-07-15 01:00:00","2026-09-03 20:09:10"
Nederland,Solar,Hour,0,0,0,0,"2025-07-15 01:00:00","2025-07-15 02:00:00","2026-09-03 20:09:10"
Nederland,Solar,Hour,0,0,0,0,"2025-07-15 02:00:00","2025-07-15 03:00:00","2026-09-03 20:09:10"
Nederland,Solar,Hour,0,0,0,0,"2025-07-15 03:00:00","2025-07-15 04:00:00","2026-09-03 20:09:10"
Nederland,Solar,Hour,232862,232859,0,0,"2025-07-15 04:00:00","2025-07-15 05:00:00","2026-09-03 20:09:10"
Nederland,Solar,Hour,1969587,1969584,0,0,"2025-07-15 05:00:00","2025-07-15 06:00:00","2026-09-03 20:09:10"
Nederland,Solar,Hour,4868580,4868579,0,0,"2025-07-15 06:00:00","2025-07-15 07:00:00","2026-09-03 20:09:10"
Nederland,Solar,Hour,8544452,8544449,0,0,"2025-07-15 07:00:00","2025-07-15 08:00:00","2026-09-03 20:09:10"
Nederland,Solar,Hour,11361962,11361960,0,0,"2025-07-15 08:00:00","2025-07-15 09:00:00","2026-09-03 20:09:10"
Nederland,Solar,Hour,13023950,13023947,0,0,"2025-07-15 09:00:00","2025-07-15 10:00:00","2026-09-03 20:09:10"
Nederland,Solar,Hour,12696121,12696118,0,0,"2025-07-15 10:00:00","2025-07-15 11:00:00","2026-09-03 20:09:10"
Nederland,Solar,Hour,12399328,12399326,0,0,"2025-07-15 11:00:00","2025-07-15 12:00:00","2026-09-03 20:09:10"
Nederland,Solar,Hour,15075473,15075471,0,0,"2025-07-15 12:00:00","2025-07-15 13:00:00","2026-09-03 20:09:10"
Nederland,Solar,Hour,13717838,13717837,0,0,"2025-07-15 13:00:00","2025-07-15 14:00:00","2026-09-03 20:09:10"
Nederland,Solar,Hour,10016447,10016445,0,0,"2025-07-15 14:00:00","2025-07-15 15:00:00","2026-09-03 20:09:10"
Nederland,Solar,Hour,8275977,8275975,0,0,"2025-07-15 15:00:00","2025-07-15 16:00:00","2026-09-03 20:09:10"
Nederland,Solar,Hour,6090807,6090804,0,0,"2025-07-15 16:00:00","2025-07-15 17:00:00","2026-09-03 20:09:10"
Nederland,Solar,Hour,3959475,3959473,0,0,"2025-07-15 17:00:00","2025-07-15 18:00:00","2026-09-03 20:09:10"
Nederland,Solar,Hour,1660857,1660856,0,0,"2025-07-15 18:00:00","2025-07-15 19:00:00","2026-09-03 20:09:10"
Nederland,Solar,Hour,256057,256056,0,0,"2025-07-15 19:00:00","2025-07-15 20:00:00","2026-09-03 20:09:10"
Nederland,Solar,Hour,0,0,0,0,"2025-07-15 20:00:00","2025-07-15 21:00:00","2026-09-03 20:09:10"
Nederland,Solar,Hour,0,0,0,0,"2025-07-15 21:00:00","2025-07-15 22:00:00","2026-09-03 20:09:10"
Nederland,Solar,Hour,0,0,0,0,"2025-07-15 22:00:00","2025-07-15 23:00:00","2026-09-03 20:09:10"
Nederland,Solar,Hour,0,0,0,0,"2025-07-15 23:00:00","2025-07-16 00:00:00","2026-09-03 20:09:10"
Nederland,Solar,Hour,0,0,0,0,"2025-07-16 00:00:00","2025-07-16 01:00:00","2026-09-03 20:09:10"
Nederland,Solar,Hour,0,0,0,0,"2025-07-16 01:00:00","2025-07-16 02:00:00","2026-09-03 20:09:10"
Nederland,Solar,Hour,0,0,0,0,"2025-07-16 02:00:00","2025-07-16 03:00:00","2026-09-03 20:09:10"
Nederland,Solar,Hour,0,0,0,0,"2025-07-16 03:00:00","2025-07-16 04:00:00","2026-09-03 20:09:10"
Nederland,Solar,Hour,188011,188008,0,0,"2025-07-16 04:00:00","2025-07-16 05:00:00","2026-09-03 20:09:10"
Nederland,Solar,Hour,1559739,1559738,0,0,"2025-07-16 05:00:00","2025-07-16 06:00:00","2026-09-03 20:09:10"
Nederland,Solar,Hour,3691546,3691543,0,0,"2025-07-16 06:00:00","2025-07-16 07:00:00","2026-09-03 20:09:10"
Nederland,Solar,Hour,5892385,5892382,0,0,"2025-07-16 07:00:00","2025-07-16 08:00:00","2026-09-03 20:09:10"
Nederland,Solar,Hour,7566080,7566078,0,0,"2025-07-16 08:00:00","2025-07-16 09:00:00","2026-09-03 20:09:10"
Nederland,Solar,Hour,8023707,8023705,0,0,"2025-07-16 09:00:00","2025-07-16 10:00:00","2026-09-03 20:09:10"
Nederland,Solar,Hour,8577017,8577015,0,0,"2025-07-16 10:00:00","2025-07-16 11:00:00","2026-09-03 20:09:10"
Nederland,Solar,Hour,10044809,10044807,0,0,"2025-07-16 11:00:00","2025-07-16 12:00:00","2026-09-03 20:09:10"
Nederland,Solar,Hour,10475646,10475643,0,0,"2025-07-16 12:00:00","2025-07-16 13:00:00","2026-09-03 20:09:10"
Nederland,Solar,Hour,9416779,9416778,0,0,"2025-07-16 13:00:00","2025-07-16 14:00:00","2026-09-03 20:09:10"
Nederland,Solar,Hour,9565976,9565973,0,0,"2025-07-16 14:00:00","2025-07-16 15:00:00","2026-09-03 20:09:10"
Nederland,Solar,Hour,8455330,8455327,0,0,"2025-07-16 15:00:00","2025-07-16 16:00:00","2026-09-03 20:09:10"
Nederland,Solar,Hour,6889242,6889239,0,0,"2025-07-16 16:00:00","2025-07-16 17:00:00","2026-09-03 20:09:10"
Nederland,Solar,Hour,4541194,4541191,0,0,"2025-07-16 17:00:00","2025-07-16 18:00:00","2026-09-03 20:09:10"
Nederland,Solar,Hour,2014026,2014024,0,0,"2025-07-16 18:00:00","2025-07-16 19:00:00","2026-09-03 20:09:10"
Nederland,Solar,Hour,434269,434267,0,0,"2025-07-16 19:00:00","2025-07-16 20:00:00","2026-09-03 20:09:10"
Nederland,Solar,Hour,0,0,0,0,"2025-07-16 20:00:00","2025-07-16 21:00:00","2026-09-03 20:09:10"
Nederland,Solar,Hour,0,0,0,0,"2025-07-16 21:00:00","2025-07-16 22:00:00","2026-09-03 20:09:10"
Nederland,Solar,Hour,0,0,0,0,"2025-07-16 22:00:00","2025-07-16 23:00:00","2026-09-03 20:09:10"
Nederland,Solar,Hour,0,0,0,0,"2025-07-16 23:00:00","2025-07-17 00:00:00","2026-09-03 20:09:10"
Nederland,Solar,Hour,0,0,0,0,"2025-07-17 00:00:00","2025-07-17 01:00:00","2026-09-03 20:09:10"
Nederland,Solar,Hour,0,0,0,0,"2025-07-17 01:00:00","2025-07-17 02:00:00","2026-09-03 20:09:10"
Nederland,Solar,Hour,0,0,0,0,"2025-07-17 02:00:00","2025-07-17 03:00:00","2026-09-03 20:09:10"
Nederland,Solar,Hour,0,0,0,0,"2025-07-17 03:00:00","2025-07-17 04:00:00","2026-09-03 20:09:10"
Nederland,Solar,Hour,419214,419212,0,0,"2025-07-17 04:00:00","2025-07-17 05:00:00","2026-09-03 20:09:10"
Nederland,Solar,Hour,2177532,2177530,0,0,"2025-07-17 05:00:00","2025-07-17 06:00:00","2026-09-03 20:09:10"
Nederland,Solar,Hour,4529928,4529926,0,0,"2025-07-17 06:00:00","2025-07-17 07:00:00","2026-09-03 20:09:10"
Nederland,Solar,Hour,7041684,7041681,0,0,"2025-07-17 07:00:00","2025-07-17 08:00:00","2026-09-03 20:09:10"
Nederland,Solar,Hour,9937710,9937708,0,0,"2025-07-17 08:00:00","2025-07-17 09:00:00","2026-09-03 20:09:10"
Nederland,Solar,Hour,12350326,12350324,0,0,"2025-07-17 09:00:00","2025-07-17 10:00:00","2026-09-03 20:09:10"
Nederland,Solar,Hour,13450358,13450356,0,0,"2025-07-17 10:00:00","2025-07-17 11:00:00","2026-09-03 20:09:10"
Nederland,Solar,Hour,15631995,15631993,0,0,"2025-07-17 11:00:00","2025-07-17 12:00:00","2026-09-03 20:09:10"
Nederland,Solar,Hour,13895403,13895401,0,0,"2025-07-17 12:00:00","2025-07-17 13:00:00","2026-09-03 20:09:10"
Nederland,Solar,Hour,12963734,12963731,0,0,"2025-07-17 13:00:00","2025-07-17 14:00:00","2026-09-03 20:09:10"
Nederland,Solar,Hour,11966955,11966953,0,0,"2025-07-17 14:00:00","2025-07-17 15:00:00","2026-09-03 20:09:10"
Nederland,Solar,Hour,10203237,10203234,0,0,"2025-07-17 15:00:00","2025-07-17 16:00:00","2026-09-03 20:09:10"
Nederland,Solar,Hour,7806264,7806262,0,0,"2025-07-17 16:00:00","2025-07-17 17:00:00","2026-09-03 20:09:10"
Nederland,Solar,Hour,4329805,4329804,0,0,"2025-07-17 17:00:00","2025-07-17 18:00:00","2026-09-03 20:09:10"
Nederland,Solar,Hour,1708281,1708279,0,0,"2025-07-17 18:00:00","2025-07-17 19:00:00","2026-09-03 20:09:10"
Nederland,Solar,Hour,285519,285517,0,0,"2025-07-17 19:00:00","2025-07-17 20:00:00","2026-09-03 20:09:10"
Nederland,Solar,Hour,0,0,0,0,"2025-07-17 20:00:00","2025-07-17 21:00:00","2026-09-03 20:09:10"
Nederland,Solar,Hour,0,0,0,0,"2025-07-17 21:00:00","2025-07-17 22:00:00","2026-09-03 20:09:10"
Nederland,Solar,Hour,0,0,0,0,"2025-07-17 22:00:00","2025-07-17 23:00:00","2026-09-03 20:09:10"
Nederland,Solar,Hour,0,0,0,0,"2025-07-17 23:00:00","2025-07-18 00:00:00","2026-09-03 20:09:10"
Nederland,Solar,Hour,0,0,0,0,"2025-07-18 00:00:00","2025-07-18 01:00:00","2026-09-03 20:09:10"
Nederland,Solar,Hour,0,0,0,0,"2025-07-18 01:00:00","2025-07-18 02:00:00","2026-09-03 20:09:10"
Nederland,Solar,Hour,0,0,0,0,"2025-07-18 02:00:00","2025-07-18 03:00:00","2026-09-03 20:09:10"
Nederland,Solar,Hour,0,0,0,0,"2025-07-18 03:00:00","2025-07-18 04:00:00","2026-09-03 20:09:10"
Nederland,Solar,Hour,456079,456076,0,0,"2025-07-18 04:00:00","2025-07-18 05:00:00","2026-09-03 20:09:10"
Nederland,Solar,Hour,1985184,1985183,0,0,"2025-07-18 05:00:00","2025-07-18 06:00:00","2026-09-03 20:09:10"
Nederland,Solar,Hour,4142342,4142340,0,0,"2025-07-18 06:00:00","2025-07-18 07:00:00","2026-09-03 20:09:10"
Nederland,Solar,Hour,6712873,6712871,0,0,"2025-07-18 07:00:00","2025-07-18 08:00:00","2026-09-03 20:09:10"
Nederland,Solar,Hour,9126392,9126390,0,0,"2025-07-18 08:00:00","2025-07-18 09:00:00","2026-09-03 20:09:10"
Nederland,Solar,Hour,11811662,11811661,0,0,"2025-07-18 09:00:00","2025-07-18 10:00:00","2026-09-03 20:09:10"
Nederland,Solar,Hour,14321656,14321654,0,0,"2025-07-18 10:00:00","2025-07-18 11:00:00","2026-09-03 20:09:10"
Nederland,Solar,Hour,15482850,15482847,0,0,"2025-07-18 11:00:00","2025-07-18 12:00:00","2026-09-03 20:09:10"
Nederland,Solar,Hour,14472787,14472784,0,0,"2025-07-18 12:00:00","2025-07-18 13:00:00","2026-09-03 20:09:10"
Nederland,Solar,Hour,12198227,12198225,0,0,"2025-07-18 13:00:00","2025-07-18 14:00:00","2026-09-03 20:09:10"
Nederland,Solar,Hour,12094965,12094962,0,0,"2025-07-18 14:00:00","2025-07-18 15:00:00","2026-09-03 20:09:10"
Nederland,Solar,Hour,10340762,10340760,0,0,"2025-07-18 15:00:00","2025-07-18 16:00:00","2026-09-03 20:09:10"
Nederland,Solar,Hour,7418909,7418906,0,0,"2025-07-18 16:00:00","2025-07-18 17:00:00","2026-09-03 20:09:10"
Nederland,Solar,Hour,4434510,4434508,0,0,"2025-07-18 17:00:00","2025-07-18 18:00:00","2026-09-03 20:09:10"
Nederland,Solar,Hour,1969770,1969768,0,0,"2025-07-18 18:00:00","2025-07-18 19:00:00","2026-09-03 20:09:10"
Nederland,Solar,Hour,387202,387200,0,0,"2025-07-18 19:00:00","2025-07-18 20:00:00","2026-09-03 20:09:10"
Nederland,Solar,Hour,0,0,0,0,"2025-07-18 20:00:00","2025-07-18 21:00:00","2026-09-03 20:09:10"
Nederland,Solar,Hour,0,0,0,0,"2025-07-18 21:00:00","2025-07-18 22:00:00","2026-09-03 20:09:10"
Nederland,Solar,Hour,0,0,0,0,"2025-07-18 22:00:00","2025-07-18 23:00:00","2026-09-03 20:09:10"
Nederland,Solar,Hour,0,0,0,0,"2025-07-18 23:00:00","2025-07-19 00:00:00","2026-09-03 20:09:10"
Nederland,Solar,Hour,0,0,0,0,"2025-07-19 00:00:00","2025-07-19 01:00:00","2026-09-03 20:07:33"
Nederland,Solar,Hour,0,0,0,0,"2025-07-19 01:00:00","2025-07-19 02:00:00","2026-09-03 20:07:33"
Nederland,Solar,Hour,0,0,0,0,"2025-07-19 02:00:00","2025-07-19 03:00:00","2026-09-03 20:07:33"
Nederland,Solar,Hour,0,0,0,0,"2025-07-19 03:00:00","2025-07-19 04:00:00","2026-09-03 20:07:33"
Nederland,Solar,Hour,514503,514501,0,0,"2025-07-19 04:00:00","2025-07-19 05:00:00","2026-09-03 20:07:33"
Nederland,Solar,Hour,2617631,2617628,0,0,"2025-07-19 05:00:00","2025-07-19 06:00:00","2026-09-03 20:07:33"
Nederland,Solar,Hour,5574840,5574838,0,0,"2025-07-19 06:00:00","2025-07-19 07:00:00","2026-09-03 20:07:33"
Nederland,Solar,Hour,8625659,8625657,0,0,"2025-07-19 07:00:00","2025-07-19 08:00:00","2026-09-03 20:07:33"
Nederland,Solar,Hour,11005656,11005653,0,0,"2025-07-19 08:00:00","2025-07-19 09:00:00","2026-09-03 20:07:33"
Nederland,Solar,Hour,14286767,14286764,0,0,"2025-07-19 09:00:00","2025-07-19 10:00:00","2026-09-03 20:07:33"
Nederland,Solar,Hour,14043969,14043967,0,0,"2025-07-19 10:00:00","2025-07-19 11:00:00","2026-09-03 20:07:33"
Nederland,Solar,Hour,14766380,14766379,0,0,"2025-07-19 11:00:00","2025-07-19 12:00:00","2026-09-03 20:07:33"
Nederland,Solar,Hour,14305100,14305098,0,0,"2025-07-19 12:00:00","2025-07-19 13:00:00","2026-09-03 20:07:33"
Nederland,Solar,Hour,13355525,13355523,0,0,"2025-07-19 13:00:00","2025-07-19 14:00:00","2026-09-03 20:07:33"
Nederland,Solar,Hour,8494037,8494034,0,0,"2025-07-19 14:00:00","2025-07-19 15:00:00","2026-09-03 20:07:33"
Nederland,Solar,Hour,5812776,5812774,0,0,"2025-07-19 15:00:00","2025-07-19 16:00:00","2026-09-03 20:07:33"
Nederland,Solar,Hour,3482318,3482317,0,0,"2025-07-19 16:00:00","2025-07-19 17:00:00","2026-09-03 20:07:33"
Nederland,Solar,Hour,1946978,1946976,0,0,"2025-07-19 17:00:00","2025-07-19 18:00:00","2026-09-03 20:07:33"
Nederland,Solar,Hour,742507,742506,0,0,"2025-07-19 18:00:00","2025-07-19 19:00:00","2026-09-03 20:07:33"
Nederland,Solar,Hour,104204,104202,0,0,"2025-07-19 19:00:00","2025-07-19 20:00:00","2026-09-03 20:07:33"
Nederland,Solar,Hour,0,0,0,0,"2025-07-19 20:00:00","2025-07-19 21:00:00","2026-09-03 20:07:33"
Nederland,Solar,Hour,0,0,0,0,"2025-07-19 21:00:00","2025-07-19 22:00:00","2026-09-03 20:07:33"
Nederland,Solar,Hour,0,0,0,0,"2025-07-19 22:00:00","2025-07-19 23:00:00","2026-09-03 20:07:33"
Nederland,Solar,Hour,0,0,0,0,"2025-07-19 23:00:00","2025-07-20 00:00:00","2026-09-03 20:07:33"
Nederland,Solar,Hour,0,0,0,0,"2025-07-20 00:00:00","2025-07-20 01:00:00","2026-09-03 20:07:33"
Nederland,Solar,Hour,0,0,0,0,"2025-07-20 01:00:00","2025-07-20 02:00:00","2026-09-03 20:07:33"
Nederland,Solar,Hour,0,0,0,0,"2025-07-20 02:00:00","2025-07-20 03:00:00","2026-09-03 20:07:33"
Nederland,Solar,Hour,0,0,0,0,"2025-07-20 03:00:00","2025-07-20 04:00:00","2026-09-03 20:07:33"
Nederland,Solar,Hour,186295,186292,0,0,"2025-07-20 04:00:00","2025-07-20 05:00:00","2026-09-03 20:07:33"
Nederland,Solar,Hour,1072176,1072174,0,0,"2025-07-20 05:00:00","2025-07-20 06:00:00","2026-09-03 20:07:33"
Nederland,Solar,Hour,2799187,2799184,0,0,"2025-07-20 06:00:00","2025-07-20 07:00:00","2026-09-03 20:07:33"
Nederland,Solar,Hour,4956204,4956202,0,0,"2025-07-20 07:00:00","2025-07-20 08:00:00","2026-09-03 20:07:33"
Nederland,Solar,Hour,9162297,9162294,0,0,"2025-07-20 08:00:00","2025-07-20 09:00:00","2026-09-03 20:07:33"
Nederland,Solar,Hour,12024987,12024986,0,0,"2025-07-20 09:00:00","2025-07-20 10:00:00","2026-09-03 20:07:33"
Nederland,Solar,Hour,12302755,12302754,0,0,"2025-07-20 10:00:00","2025-07-20 11:00:00","2026-09-03 20:07:33"
Nederland,Solar,Hour,12410622,12410619,0,0,"2025-07-20 11:00:00","2025-07-20 12:00:00","2026-09-03 20:07:33"
Nederland,Solar,Hour,8586253,8586251,0,0,"2025-07-20 12:00:00","2025-07-20 13:00:00","2026-09-03 20:07:33"
Nederland,Solar,Hour,7707448,7707447,0,0,"2025-07-20 13:00:00","2025-07-20 14:00:00","2026-09-03 20:07:33"
Nederland,Solar,Hour,5372082,5372080,0,0,"2025-07-20 14:00:00","2025-07-20 15:00:00","2026-09-03 20:07:33"
Nederland,Solar,Hour,4249634,4249631,0,0,"2025-07-20 15:00:00","2025-07-20 16:00:00","2026-09-03 20:07:33"
Nederland,Solar,Hour,4533218,4533214,0,0,"2025-07-20 16:00:00","2025-07-20 17:00:00","2026-09-03 20:07:33"
Nederland,Solar,Hour,2309919,2309918,0,0,"2025-07-20 17:00:00","2025-07-20 18:00:00","2026-09-03 20:07:33"
Nederland,Solar,Hour,1253399,1253397,0,0,"2025-07-20 18:00:00","2025-07-20 19:00:00","2026-09-03 20:07:33"
Nederland,Solar,Hour,358113,358111,0,0,"2025-07-20 19:00:00","2025-07-20 20:00:00","2026-09-03 20:07:33"
Nederland,Solar,Hour,343,343,0,0,"2025-07-20 20:00:00","2025-07-20 21:00:00","2026-09-03 20:07:33"
Nederland,Solar,Hour,0,0,0,0,"2025-07-20 21:00:00","2025-07-20 22:00:00","2026-09-03 20:07:33"
Nederland,Solar,Hour,0,0,0,0,"2025-07-20 22:00:00","2025-07-20 23:00:00","2026-09-03 20:07:33"
Nederland,Solar,Hour,0,0,0,0,"2025-07-20 23:00:00","2025-07-21 00:00:00","2026-09-03 20:07:33"
Nederland,Solar,Hour,0,0,0,0,"2025-07-21 00:00:00","2025-07-21 01:00:00","2026-09-03 20:07:33"
Nederland,Solar,Hour,0,0,0,0,"2025-07-21 01:00:00","2025-07-21 02:00:00","2026-09-03 20:07:33"
Nederland,Solar,Hour,0,0,0,0,"2025-07-21 02:00:00","2025-07-21 03:00:00","2026-09-03 20:07:33"
Nederland,Solar,Hour,0,0,0,0,"2025-07-21 03:00:00","2025-07-21 04:00:00","2026-09-03 20:07:33"
Nederland,Solar,Hour,200030,200028,0,0,"2025-07-21 04:00:00","2025-07-21 05:00:00","2026-09-03 20:07:33"
Nederland,Solar,Hour,1864300,1864298,0,0,"2025-07-21 05:00:00","2025-07-21 06:00:00","2026-09-03 20:07:33"
Nederland,Solar,Hour,4627821,4627820,0,0,"2025-07-21 06:00:00","2025-07-21 07:00:00","2026-09-03 20:07:33"
Nederland,Solar,Hour,9040646,9040645,0,0,"2025-07-21 07:00:00","2025-07-21 08:00:00","2026-09-03 20:07:33"
Nederland,Solar,Hour,12674243,12674241,0,0,"2025-07-21 08:00:00","2025-07-21 09:00:00","2026-09-03 20:07:33"
Nederland,Solar,Hour,12908823,12908820,0,0,"2025-07-21 09:00:00","2025-07-21 10:00:00","2026-09-03 20:07:33"
Nederland,Solar,Hour,12352768,12352765,0,0,"2025-07-21 10:00:00","2025-07-21 11:00:00","2026-09-03 20:07:33"
Nederland,Solar,Hour,12228456,12228454,0,0,"2025-07-21 11:00:00","2025-07-21 12:00:00","2026-09-03 20:07:33"
Nederland,Solar,Hour,11037385,11037384,0,0,"2025-07-21 12:00:00","2025-07-21 13:00:00","2026-09-03 20:07:33"
Nederland,Solar,Hour,9301834,9301832,0,0,"2025-07-21 13:00:00","2025-07-21 14:00:00","2026-09-03 20:07:33"
Nederland,Solar,Hour,9854638,9854635,0,0,"2025-07-21 14:00:00","2025-07-21 15:00:00","2026-09-03 20:07:33"
Nederland,Solar,Hour,5653774,5653772,0,0,"2025-07-21 15:00:00","2025-07-21 16:00:00","2026-09-03 20:07:33"
Nederland,Solar,Hour,5698011,5698010,0,0,"2025-07-21 16:00:00","2025-07-21 17:00:00","2026-09-03 20:07:33"
Nederland,Solar,Hour,3298334,3298331,0,0,"2025-07-21 17:00:00","2025-07-21 18:00:00","2026-09-03 20:07:33"
Nederland,Solar,Hour,862078,862076,0,0,"2025-07-21 18:00:00","2025-07-21 19:00:00","2026-09-03 20:07:33"
Nederland,Solar,Hour,199062,199060,0,0,"2025-07-21 19:00:00","2025-07-21 20:00:00","2026-09-03 20:07:33"
Nederland,Solar,Hour,0,0,0,0,"2025-07-21 20:00:00","2025-07-21 21:00:00","2026-09-03 20:07:33"
Nederland,Solar,Hour,0,0,0,0,"2025-07-21 21:00:00","2025-07-21 22:00:00","2026-09-03 20:07:33"
Nederland,Solar,Hour,0,0,0,0,"2025-07-21 22:00:00","2025-07-21 23:00:00","2026-09-03 20:07:33"
Nederland,Solar,Hour,0,0,0,0,"2025-07-21 23:00:00","2025-07-22 00:00:00","2026-09-03 20:07:33"
Nederland,Solar,Hour,0,0,0,0,"2025-07-22 00:00:00","2025-07-22 01:00:00","2026-09-03 20:07:33"
Nederland,Solar,Hour,0,0,0,0,"2025-07-22 01:00:00","2025-07-22 02:00:00","2026-09-03 20:07:33"
Nederland,Solar,Hour,0,0,0,0,"2025-07-22 02:00:00","2025-07-22 03:00:00","2026-09-03 20:07:33"
Nederland,Solar,Hour,0,0,0,0,"2025-07-22 03:00:00","2025-07-22 04:00:00","2026-09-03 20:07:33"
Nederland,Solar,Hour,79629,79628,0,0,"2025-07-22 04:00:00","2025-07-22 05:00:00","2026-09-03 20:07:33"
Nederland,Solar,Hour,852347,852346,0,0,"2025-07-22 05:00:00","2025-07-22 06:00:00","2026-09-03 20:07:33"
Nederland,Solar,Hour,2539277,2539274,0,0,"2025-07-22 06:00:00","2025-07-22 07:00:00","2026-09-03 20:07:33"
Nederland,Solar,Hour,5015229,5015226,0,0,"2025-07-22 07:00:00","2025-07-22 08:00:00","2026-09-03 20:07:33"
Nederland,Solar,Hour,7521951,7521950,0,0,"2025-07-22 08:00:00","2025-07-22 09:00:00","2026-09-03 20:07:33"
Nederland,Solar,Hour,9856812,9856809,0,0,"2025-07-22 09:00:00","2025-07-22 10:00:00","2026-09-03 20:07:33"
Nederland,Solar,Hour,11970200,11970198,0,0,"2025-07-22 10:00:00","2025-07-22 11:00:00","2026-09-03 20:07:33"
Nederland,Solar,Hour,11866452,11866449,0,0,"2025-07-22 11:00:00","2025-07-22 12:00:00","2026-09-03 20:07:33"
Nederland,Solar,Hour,9270024,9270023,0,0,"2025-07-22 12:00:00","2025-07-22 13:00:00","2026-09-03 20:07:33"
Nederland,Solar,Hour,10538552,10538550,0,0,"2025-07-22 13:00:00","2025-07-22 14:00:00","2026-09-03 20:07:33"
Nederland,Solar,Hour,10320581,10320579,0,0,"2025-07-22 14:00:00","2025-07-22 15:00:00","2026-09-03 20:07:33"
Nederland,Solar,Hour,9510942,9510939,0,0,"2025-07-22 15:00:00","2025-07-22 16:00:00","2026-09-03 20:07:33"
Nederland,Solar,Hour,6968028,6968026,0,0,"2025-07-22 16:00:00","2025-07-22 17:00:00","2026-09-03 20:07:33"
Nederland,Solar,Hour,4035756,4035753,0,0,"2025-07-22 17:00:00","2025-07-22 18:00:00","2026-09-03 20:07:33"
Nederland,Solar,Hour,1780063,1780060,0,0,"2025-07-22 18:00:00","2025-07-22 19:00:00","2026-09-03 20:07:33"
Nederland,Solar,Hour,251613,251610,0,0,"2025-07-22 19:00:00","2025-07-22 20:00:00","2026-09-03 20:07:33"
Nederland,Solar,Hour,0,0,0,0,"2025-07-22 20:00:00","2025-07-22 21:00:00","2026-09-03 20:07:33"
Nederland,Solar,Hour,0,0,0,0,"2025-07-22 21:00:00","2025-07-22 22:00:00","2026-09-03 20:07:33"
Nederland,Solar,Hour,0,0,0,0,"2025-07-22 22:00:00","2025-07-22 23:00:00","2026-09-03 20:07:33"
Nederland,Solar,Hour,0,0,0,0,"2025-07-22 23:00:00","2025-07-23 00:00:00","2026-09-03 20:07:33"
Nederland,Solar,Hour,0,0,0,0,"2025-07-23 00:00:00","2025-07-23 01:00:00","2026-09-03 20:07:33"
Nederland,Solar,Hour,0,0,0,0,"2025-07-23 01:00:00","2025-07-23 02:00:00","2026-09-03 20:07:33"
Nederland,Solar,Hour,0,0,0,0,"2025-07-23 02:00:00","2025-07-23 03:00:00","2026-09-03 20:07:33"
Nederland,Solar,Hour,0,0,0,0,"2025-07-23 03:00:00","2025-07-23 04:00:00","2026-09-03 20:07:33"
Nederland,Solar,Hour,160604,160602,0,0,"2025-07-23 04:00:00","2025-07-23 05:00:00","2026-09-03 20:07:33"
Nederland,Solar,Hour,1323354,1323353,0,0,"2025-07-23 05:00:00","2025-07-23 06:00:00","2026-09-03 20:07:33"
Nederland,Solar,Hour,3356820,3356818,0,0,"2025-07-23 06:00:00","2025-07-23 07:00:00","2026-09-03 20:07:33"
Nederland,Solar,Hour,5096986,5096983,0,0,"2025-07-23 07:00:00","2025-07-23 08:00:00","2026-09-03 20:07:33"
Nederland,Solar,Hour,6306952,6306949,0,0,"2025-07-23 08:00:00","2025-07-23 09:00:00","2026-09-03 20:07:33"
Nederland,Solar,Hour,8777970,8777969,0,0,"2025-07-23 09:00:00","2025-07-23 10:00:00","2026-09-03 20:07:33"
Nederland,Solar,Hour,9948106,9948105,0,0,"2025-07-23 10:00:00","2025-07-23 11:00:00","2026-09-03 20:07:33"
Nederland,Solar,Hour,11578723,11578721,0,0,"2025-07-23 11:00:00","2025-07-23 12:00:00","2026-09-03 20:07:33"
Nederland,Solar,Hour,12313170,12313168,0,0,"2025-07-23 12:00:00","2025-07-23 13:00:00","2026-09-03 20:07:33"
Nederland,Solar,Hour,11564169,11564166,0,0,"2025-07-23 13:00:00","2025-07-23 14:00:00","2026-09-03 20:07:33"
Nederland,Solar,Hour,10110934,10110933,0,0,"2025-07-23 14:00:00","2025-07-23 15:00:00","2026-09-03 20:07:33"
Nederland,Solar,Hour,8100814,8100812,0,0,"2025-07-23 15:00:00","2025-07-23 16:00:00","2026-09-03 20:07:33"
Nederland,Solar,Hour,5756971,5756970,0,0,"2025-07-23 16:00:00","2025-07-23 17:00:00","2026-09-03 20:07:33"
Nederland,Solar,Hour,3632891,3632890,0,0,"2025-07-23 17:00:00","2025-07-23 18:00:00","2026-09-03 20:07:33"
Nederland,Solar,Hour,1368716,1368713,0,0,"2025-07-23 18:00:00","2025-07-23 19:00:00","2026-09-03 20:07:33"
Nederland,Solar,Hour,237425,237422,0,0,"2025-07-23 19:00:00","2025-07-23 20:00:00","2026-09-03 20:07:33"
Nederland,Solar,Hour,0,0,0,0,"2025-07-23 20:00:00","2025-07-23 21:00:00","2026-09-03 20:07:33"
Nederland,Solar,Hour,0,0,0,0,"2025-07-23 21:00:00","2025-07-23 22:00:00","2026-09-03 20:07:33"
Nederland,Solar,Hour,0,0,0,0,"2025-07-23 22:00:00","2025-07-23 23:00:00","2026-09-03 20:07:33"
Nederland,Solar,Hour,0,0,0,0,"2025-07-23 23:00:00","2025-07-24 00:00:00","2026-09-03 20:07:33"
Nederland,Solar,Hour,0,0,0,0,"2025-07-24 00:00:00","2025-07-24 01:00:00","2026-09-03 20:05:57"
Nederland,Solar,Hour,0,0,0,0,"2025-07-24 01:00:00","2025-07-24 02:00:00","2026-09-03 20:05:57"
Nederland,Solar,Hour,0,0,0,0,"2025-07-24 02:00:00","2025-07-24 03:00:00","2026-09-03 20:05:57"
Nederland,Solar,Hour,0,0,0,0,"2025-07-24 03:00:00","2025-07-24 04:00:00","2026-09-03 20:05:57"
Nederland,Solar,Hour,239921,239919,0,0,"2025-07-24 04:00:00","2025-07-24 05:00:00","2026-09-03 20:05:57"
Nederland,Solar,Hour,1654895,1654892,0,0,"2025-07-24 05:00:00","2025-07-24 06:00:00","2026-09-03 20:05:57"
Nederland,Solar,Hour,3979891,3979889,0,0,"2025-07-24 06:00:00","2025-07-24 07:00:00","2026-09-03 20:05:57"
Nederland,Solar,Hour,6477161,6477159,0,0,"2025-07-24 07:00:00","2025-07-24 08:00:00","2026-09-03 20:05:57"
Nederland,Solar,Hour,7990610,7990609,0,0,"2025-07-24 08:00:00","2025-07-24 09:00:00","2026-09-03 20:05:57"
Nederland,Solar,Hour,10378216,10378214,0,0,"2025-07-24 09:00:00","2025-07-24 10:00:00","2026-09-03 20:05:57"
Nederland,Solar,Hour,13164363,13164362,0,0,"2025-07-24 10:00:00","2025-07-24 11:00:00","2026-09-03 20:05:57"
Nederland,Solar,Hour,14798025,14798024,0,0,"2025-07-24 11:00:00","2025-07-24 12:00:00","2026-09-03 20:05:57"
Nederland,Solar,Hour,13987412,13987411,0,0,"2025-07-24 12:00:00","2025-07-24 13:00:00","2026-09-03 20:05:57"
Nederland,Solar,Hour,13753364,13753362,0,0,"2025-07-24 13:00:00","2025-07-24 14:00:00","2026-09-03 20:05:57"
Nederland,Solar,Hour,11336285,11336282,0,0,"2025-07-24 14:00:00","2025-07-24 15:00:00","2026-09-03 20:05:57"
Nederland,Solar,Hour,10285014,10285011,0,0,"2025-07-24 15:00:00","2025-07-24 16:00:00","2026-09-03 20:05:57"
Nederland,Solar,Hour,7629145,7629143,0,0,"2025-07-24 16:00:00","2025-07-24 17:00:00","2026-09-03 20:05:57"
Nederland,Solar,Hour,3769889,3769887,0,0,"2025-07-24 17:00:00","2025-07-24 18:00:00","2026-09-03 20:05:57"
Nederland,Solar,Hour,1593253,1593251,0,0,"2025-07-24 18:00:00","2025-07-24 19:00:00","2026-09-03 20:05:57"
Nederland,Solar,Hour,193388,193387,0,0,"2025-07-24 19:00:00","2025-07-24 20:00:00","2026-09-03 20:05:57"
Nederland,Solar,Hour,0,0,0,0,"2025-07-24 20:00:00","2025-07-24 21:00:00","2026-09-03 20:05:57"
Nederland,Solar,Hour,0,0,0,0,"2025-07-24 21:00:00","2025-07-24 22:00:00","2026-09-03 20:05:57"
Nederland,Solar,Hour,0,0,0,0,"2025-07-24 22:00:00","2025-07-24 23:00:00","2026-09-03 20:05:57"
Nederland,Solar,Hour,0,0,0,0,"2025-07-24 23:00:00","2025-07-25 00:00:00","2026-09-03 20:05:57"
Nederland,Solar,Hour,0,0,0,0,"2025-07-25 00:00:00","2025-07-25 01:00:00","2026-09-03 20:05:57"
Nederland,Solar,Hour,0,0,0,0,"2025-07-25 01:00:00","2025-07-25 02:00:00","2026-09-03 20:05:57"
Nederland,Solar,Hour,0,0,0,0,"2025-07-25 02:00:00","2025-07-25 03:00:00","2026-09-03 20:05:57"
Nederland,Solar,Hour,0,0,0,0,"2025-07-25 03:00:00","2025-07-25 04:00:00","2026-09-03 20:05:57"
Nederland,Solar,Hour,101474,101472,0,0,"2025-07-25 04:00:00","2025-07-25 05:00:00","2026-09-03 20:05:57"
Nederland,Solar,Hour,878196,878194,0,0,"2025-07-25 05:00:00","2025-07-25 06:00:00","2026-09-03 20:05:57"
Nederland,Solar,Hour,1907131,1907129,0,0,"2025-07-25 06:00:00","2025-07-25 07:00:00","2026-09-03 20:05:57"
Nederland,Solar,Hour,3043856,3043852,0,0,"2025-07-25 07:00:00","2025-07-25 08:00:00","2026-09-03 20:05:57"
Nederland,Solar,Hour,4732637,4732635,0,0,"2025-07-25 08:00:00","2025-07-25 09:00:00","2026-09-03 20:05:57"
Nederland,Solar,Hour,5527546,5527543,0,0,"2025-07-25 09:00:00","2025-07-25 10:00:00","2026-09-03 20:05:57"
Nederland,Solar,Hour,5555824,5555823,0,0,"2025-07-25 10:00:00","2025-07-25 11:00:00","2026-09-03 20:05:57"
Nederland,Solar,Hour,6696731,6696729,0,0,"2025-07-25 11:00:00","2025-07-25 12:00:00","2026-09-03 20:05:57"
Nederland,Solar,Hour,8377124,8377122,0,0,"2025-07-25 12:00:00","2025-07-25 13:00:00","2026-09-03 20:05:57"
Nederland,Solar,Hour,8391984,8391982,0,0,"2025-07-25 13:00:00","2025-07-25 14:00:00","2026-09-03 20:05:57"
Nederland,Solar,Hour,8635047,8635045,0,0,"2025-07-25 14:00:00","2025-07-25 15:00:00","2026-09-03 20:05:57"
Nederland,Solar,Hour,7562008,7562006,0,0,"2025-07-25 15:00:00","2025-07-25 16:00:00","2026-09-03 20:05:57"
Nederland,Solar,Hour,5460810,5460807,0,0,"2025-07-25 16:00:00","2025-07-25 17:00:00","2026-09-03 20:05:57"
Nederland,Solar,Hour,4000908,4000907,0,0,"2025-07-25 17:00:00","2025-07-25 18:00:00","2026-09-03 20:05:57"
Nederland,Solar,Hour,1695523,1695520,0,0,"2025-07-25 18:00:00","2025-07-25 19:00:00","2026-09-03 20:05:57"
Nederland,Solar,Hour,326848,326846,0,0,"2025-07-25 19:00:00","2025-07-25 20:00:00","2026-09-03 20:05:57"
Nederland,Solar,Hour,0,0,0,0,"2025-07-25 20:00:00","2025-07-25 21:00:00","2026-09-03 20:05:57"
Nederland,Solar,Hour,0,0,0,0,"2025-07-25 21:00:00","2025-07-25 22:00:00","2026-09-03 20:05:57"
Nederland,Solar,Hour,0,0,0,0,"2025-07-25 22:00:00","2025-07-25 23:00:00","2026-09-03 20:05:57"
Nederland,Solar,Hour,0,0,0,0,"2025-07-25 23:00:00","2025-07-26 00:00:00","2026-09-03 20:05:57"
Nederland,Solar,Hour,0,0,0,0,"2025-07-26 00:00:00","2025-07-26 01:00:00","2026-09-03 20:05:57"
Nederland,Solar,Hour,0,0,0,0,"2025-07-26 01:00:00","2025-07-26 02:00:00","2026-09-03 20:05:57"
Nederland,Solar,Hour,0,0,0,0,"2025-07-26 02:00:00","2025-07-26 03:00:00","2026-09-03 20:05:57"
Nederland,Solar,Hour,0,0,0,0,"2025-07-26 03:00:00","2025-07-26 04:00:00","2026-09-03 20:05:57"
Nederland,Solar,Hour,279002,279001,0,0,"2025-07-26 04:00:00","2025-07-26 05:00:00","2026-09-03 20:05:57"
Nederland,Solar,Hour,1778465,1778463,0,0,"2025-07-26 05:00:00","2025-07-26 06:00:00","2026-09-03 20:05:57"
Nederland,Solar,Hour,3902768,3902766,0,0,"2025-07-26 06:00:00","2025-07-26 07:00:00","2026-09-03 20:05:57"
Nederland,Solar,Hour,7167579,7167578,0,0,"2025-07-26 07:00:00","2025-07-26 08:00:00","2026-09-03 20:05:57"
Nederland,Solar,Hour,10791263,10791261,0,0,"2025-07-26 08:00:00","2025-07-26 09:00:00","2026-09-03 20:05:57"
Nederland,Solar,Hour,12575680,12575676,0,0,"2025-07-26 09:00:00","2025-07-26 10:00:00","2026-09-03 20:05:57"
Nederland,Solar,Hour,12506454,12506452,0,0,"2025-07-26 10:00:00","2025-07-26 11:00:00","2026-09-03 20:05:57"
Nederland,Solar,Hour,12723141,12723139,0,0,"2025-07-26 11:00:00","2025-07-26 12:00:00","2026-09-03 20:05:57"
Nederland,Solar,Hour,10111941,10111938,0,0,"2025-07-26 12:00:00","2025-07-26 13:00:00","2026-09-03 20:05:57"
Nederland,Solar,Hour,8905660,8905658,0,0,"2025-07-26 13:00:00","2025-07-26 14:00:00","2026-09-03 20:05:57"
Nederland,Solar,Hour,5912347,5912345,0,0,"2025-07-26 14:00:00","2025-07-26 15:00:00","2026-09-03 20:05:57"
Nederland,Solar,Hour,5032722,5032720,0,0,"2025-07-26 15:00:00","2025-07-26 16:00:00","2026-09-03 20:05:57"
Nederland,Solar,Hour,3353023,3353021,0,0,"2025-07-26 16:00:00","2025-07-26 17:00:00","2026-09-03 20:05:57"
Nederland,Solar,Hour,2330813,2330810,0,0,"2025-07-26 17:00:00","2025-07-26 18:00:00","2026-09-03 20:05:57"
Nederland,Solar,Hour,1103746,1103744,0,0,"2025-07-26 18:00:00","2025-07-26 19:00:00","2026-09-03 20:05:57"
Nederland,Solar,Hour,165800,165798,0,0,"2025-07-26 19:00:00","2025-07-26 20:00:00","2026-09-03 20:05:57"
Nederland,Solar,Hour,0,0,0,0,"2025-07-26 20:00:00","2025-07-26 21:00:00","2026-09-03 20:05:57"
Nederland,Solar,Hour,0,0,0,0,"2025-07-26 21:00:00","2025-07-26 22:00:00","2026-09-03 20:05:57"
Nederland,Solar,Hour,0,0,0,0,"2025-07-26 22:00:00","2025-07-26 23:00:00","2026-09-03 20:05:57"
Nederland,Solar,Hour,0,0,0,0,"2025-07-26 23:00:00","2025-07-27 00:00:00","2026-09-03 20:05:57"
Nederland,Solar,Hour,0,0,0,0,"2025-07-27 00:00:00","2025-07-27 01:00:00","2026-09-03 20:05:57"
Nederland,Solar,Hour,0,0,0,0,"2025-07-27 01:00:00","2025-07-27 02:00:00","2026-09-03 20:05:57"
Nederland,Solar,Hour,0,0,0,0,"2025-07-27 02:00:00","2025-07-27 03:00:00","2026-09-03 20:05:57"
Nederland,Solar,Hour,0,0,0,0,"2025-07-27 03:00:00","2025-07-27 04:00:00","2026-09-03 20:05:57"
Nederland,Solar,Hour,71512,71511,0,0,"2025-07-27 04:00:00","2025-07-27 05:00:00","2026-09-03 20:05:57"
Nederland,Solar,Hour,1338859,1338857,0,0,"2025-07-27 05:00:00","2025-07-27 06:00:00","2026-09-03 20:05:57"
Nederland,Solar,Hour,3475678,3475676,0,0,"2025-07-27 06:00:00","2025-07-27 07:00:00","2026-09-03 20:05:57"
Nederland,Solar,Hour,5637878,5637876,0,0,"2025-07-27 07:00:00","2025-07-27 08:00:00","2026-09-03 20:05:57"
Nederland,Solar,Hour,7809741,7809739,0,0,"2025-07-27 08:00:00","2025-07-27 09:00:00","2026-09-03 20:05:57"
Nederland,Solar,Hour,9845210,9845208,0,0,"2025-07-27 09:00:00","2025-07-27 10:00:00","2026-09-03 20:05:57"
Nederland,Solar,Hour,10383265,10383264,0,0,"2025-07-27 10:00:00","2025-07-27 11:00:00","2026-09-03 20:05:57"
Nederland,Solar,Hour,10586399,10586397,0,0,"2025-07-27 11:00:00","2025-07-27 12:00:00","2026-09-03 20:05:57"
Nederland,Solar,Hour,10155429,10155426,0,0,"2025-07-27 12:00:00","2025-07-27 13:00:00","2026-09-03 20:05:57"
Nederland,Solar,Hour,9170798,9170796,0,0,"2025-07-27 13:00:00","2025-07-27 14:00:00","2026-09-03 20:05:57"
Nederland,Solar,Hour,8962183,8962180,0,0,"2025-07-27 14:00:00","2025-07-27 15:00:00","2026-09-03 20:05:57"
Nederland,Solar,Hour,5633777,5633775,0,0,"2025-07-27 15:00:00","2025-07-27 16:00:00","2026-09-03 20:05:57"
Nederland,Solar,Hour,4290312,4290310,0,0,"2025-07-27 16:00:00","2025-07-27 17:00:00","2026-09-03 20:05:57"
Nederland,Solar,Hour,2610867,2610865,0,0,"2025-07-27 17:00:00","2025-07-27 18:00:00","2026-09-03 20:05:57"
Nederland,Solar,Hour,1090040,1090038,0,0,"2025-07-27 18:00:00","2025-07-27 19:00:00","2026-09-03 20:05:57"
Nederland,Solar,Hour,122293,122292,0,0,"2025-07-27 19:00:00","2025-07-27 20:00:00","2026-09-03 20:05:57"
Nederland,Solar,Hour,0,0,0,0,"2025-07-27 20:00:00","2025-07-27 21:00:00","2026-09-03 20:05:57"
Nederland,Solar,Hour,0,0,0,0,"2025-07-27 21:00:00","2025-07-27 22:00:00","2026-09-03 20:05:57"
Nederland,Solar,Hour,0,0,0,0,"2025-07-27 22:00:00","2025-07-27 23:00:00","2026-09-03 20:05:57"
Nederland,Solar,Hour,0,0,0,0,"2025-07-27 23:00:00","2025-07-28 00:00:00","2026-09-03 20:05:57"
Nederland,Solar,Hour,0,0,0,0,"2025-07-28 00:00:00","2025-07-28 01:00:00","2026-09-03 20:05:57"
Nederland,Solar,Hour,0,0,0,0,"2025-07-28 01:00:00","2025-07-28 02:00:00","2026-09-03 20:05:57"
Nederland,Solar,Hour,0,0,0,0,"2025-07-28 02:00:00","2025-07-28 03:00:00","2026-09-03 20:05:57"
Nederland,Solar,Hour,0,0,0,0,"2025-07-28 03:00:00","2025-07-28 04:00:00","2026-09-03 20:05:57"
Nederland,Solar,Hour,157086,157085,0,0,"2025-07-28 04:00:00","2025-07-28 05:00:00","2026-09-03 20:05:57"
Nederland,Solar,Hour,1523993,1523991,0,0,"2025-07-28 05:00:00","2025-07-28 06:00:00","2026-09-03 20:05:57"
Nederland,Solar,Hour,3711162,3711160,0,0,"2025-07-28 06:00:00","2025-07-28 07:00:00","2026-09-03 20:05:57"
Nederland,Solar,Hour,6409125,6409122,0,0,"2025-07-28 07:00:00","2025-07-28 08:00:00","2026-09-03 20:05:57"
Nederland,Solar,Hour,8756898,8756897,0,0,"2025-07-28 08:00:00","2025-07-28 09:00:00","2026-09-03 20:05:57"
Nederland,Solar,Hour,10360928,10360927,0,0,"2025-07-28 09:00:00","2025-07-28 10:00:00","2026-09-03 20:05:57"
Nederland,Solar,Hour,11112747,11112745,0,0,"2025-07-28 10:00:00","2025-07-28 11:00:00","2026-09-03 20:05:57"
Nederland,Solar,Hour,12194391,12194389,0,0,"2025-07-28 11:00:00","2025-07-28 12:00:00","2026-09-03 20:05:57"
Nederland,Solar,Hour,12873863,12873861,0,0,"2025-07-28 12:00:00","2025-07-28 13:00:00","2026-09-03 20:05:57"
Nederland,Solar,Hour,12311687,12311684,0,0,"2025-07-28 13:00:00","2025-07-28 14:00:00","2026-09-03 20:05:57"
Nederland,Solar,Hour,11291687,11291685,0,0,"2025-07-28 14:00:00","2025-07-28 15:00:00","2026-09-03 20:05:57"
Nederland,Solar,Hour,8791044,8791042,0,0,"2025-07-28 15:00:00","2025-07-28 16:00:00","2026-09-03 20:05:57"
Nederland,Solar,Hour,7406438,7406435,0,0,"2025-07-28 16:00:00","2025-07-28 17:00:00","2026-09-03 20:05:57"
Nederland,Solar,Hour,4207881,4207879,0,0,"2025-07-28 17:00:00","2025-07-28 18:00:00","2026-09-03 20:05:57"
Nederland,Solar,Hour,1677191,1677190,0,0,"2025-07-28 18:00:00","2025-07-28 19:00:00","2026-09-03 20:05:57"
Nederland,Solar,Hour,191141,191139,0,0,"2025-07-28 19:00:00","2025-07-28 20:00:00","2026-09-03 20:05:57"
Nederland,Solar,Hour,0,0,0,0,"2025-07-28 20:00:00","2025-07-28 21:00:00","2026-09-03 20:05:57"
Nederland,Solar,Hour,0,0,0,0,"2025-07-28 21:00:00","2025-07-28 22:00:00","2026-09-03 20:05:57"
Nederland,Solar,Hour,0,0,0,0,"2025-07-28 22:00:00","2025-07-28 23:00:00","2026-09-03 20:05:57"
Nederland,Solar,Hour,0,0,0,0,"2025-07-28 23:00:00","2025-07-29 00:00:00","2026-09-03 20:05:57"
Nederland,Solar,Hour,0,0,0,0,"2025-07-29 00:00:00","2025-07-29 01:00:00","2026-09-03 20:04:22"
Nederland,Solar,Hour,0,0,0,0,"2025-07-29 01:00:00","2025-07-29 02:00:00","2026-09-03 20:04:22"
Nederland,Solar,Hour,0,0,0,0,"2025-07-29 02:00:00","2025-07-29 03:00:00","2026-09-03 20:04:22"
Nederland,Solar,Hour,0,0,0,0,"2025-07-29 03:00:00","2025-07-29 04:00:00","2026-09-03 20:04:22"
Nederland,Solar,Hour,128215,128213,0,0,"2025-07-29 04:00:00","2025-07-29 05:00:00","2026-09-03 20:04:22"
Nederland,Solar,Hour,1510382,1510379,0,0,"2025-07-29 05:00:00","2025-07-29 06:00:00","2026-09-03 20:04:22"
Nederland,Solar,Hour,4095010,4095007,0,0,"2025-07-29 06:00:00","2025-07-29 07:00:00","2026-09-03 20:04:22"
Nederland,Solar,Hour,7827452,7827450,0,0,"2025-07-29 07:00:00","2025-07-29 08:00:00","2026-09-03 20:04:22"
Nederland,Solar,Hour,10357863,10357861,0,0,"2025-07-29 08:00:00","2025-07-29 09:00:00","2026-09-03 20:04:22"
Nederland,Solar,Hour,12637159,12637157,0,0,"2025-07-29 09:00:00","2025-07-29 10:00:00","2026-09-03 20:04:22"
Nederland,Solar,Hour,13769495,13769494,0,0,"2025-07-29 10:00:00","2025-07-29 11:00:00","2026-09-03 20:04:22"
Nederland,Solar,Hour,15004690,15004688,0,0,"2025-07-29 11:00:00","2025-07-29 12:00:00","2026-09-03 20:04:22"
Nederland,Solar,Hour,14737636,14737635,0,0,"2025-07-29 12:00:00","2025-07-29 13:00:00","2026-09-03 20:04:22"
Nederland,Solar,Hour,13714622,13714620,0,0,"2025-07-29 13:00:00","2025-07-29 14:00:00","2026-09-03 20:04:22"
Nederland,Solar,Hour,10705014,10705013,0,0,"2025-07-29 14:00:00","2025-07-29 15:00:00","2026-09-03 20:04:22"
Nederland,Solar,Hour,8385942,8385941,0,0,"2025-07-29 15:00:00","2025-07-29 16:00:00","2026-09-03 20:04:22"
Nederland,Solar,Hour,6131242,6131240,0,0,"2025-07-29 16:00:00","2025-07-29 17:00:00","2026-09-03 20:04:22"
Nederland,Solar,Hour,3180497,3180495,0,0,"2025-07-29 17:00:00","2025-07-29 18:00:00","2026-09-03 20:04:22"
Nederland,Solar,Hour,1342492,1342490,0,0,"2025-07-29 18:00:00","2025-07-29 19:00:00","2026-09-03 20:04:22"
Nederland,Solar,Hour,166162,166161,0,0,"2025-07-29 19:00:00","2025-07-29 20:00:00","2026-09-03 20:04:22"
Nederland,Solar,Hour,0,0,0,0,"2025-07-29 20:00:00","2025-07-29 21:00:00","2026-09-03 20:04:22"
Nederland,Solar,Hour,0,0,0,0,"2025-07-29 21:00:00","2025-07-29 22:00:00","2026-09-03 20:04:22"
Nederland,Solar,Hour,0,0,0,0,"2025-07-29 22:00:00","2025-07-29 23:00:00","2026-09-03 20:04:22"
Nederland,Solar,Hour,0,0,0,0,"2025-07-29 23:00:00","2025-07-30 00:00:00","2026-09-03 20:04:22"
Nederland,Solar,Hour,0,0,0,0,"2025-07-30 00:00:00","2025-07-30 01:00:00","2026-09-03 20:04:22"
Nederland,Solar,Hour,0,0,0,0,"2025-07-30 01:00:00","2025-07-30 02:00:00","2026-09-03 20:04:22"
Nederland,Solar,Hour,0,0,0,0,"2025-07-30 02:00:00","2025-07-30 03:00:00","2026-09-03 20:04:22"
Nederland,Solar,Hour,0,0,0,0,"2025-07-30 03:00:00","2025-07-30 04:00:00","2026-09-03 20:04:22"
Nederland,Solar,Hour,188614,188613,0,0,"2025-07-30 04:00:00","2025-07-30 05:00:00","2026-09-03 20:04:22"
Nederland,Solar,Hour,1826468,1826464,0,0,"2025-07-30 05:00:00","2025-07-30 06:00:00","2026-09-03 20:04:22"
Nederland,Solar,Hour,4246643,4246641,0,0,"2025-07-30 06:00:00","2025-07-30 07:00:00","2026-09-03 20:04:22"
Nederland,Solar,Hour,6517812,6517810,0,0,"2025-07-30 07:00:00","2025-07-30 08:00:00","2026-09-03 20:04:22"
Nederland,Solar,Hour,8693222,8693219,0,0,"2025-07-30 08:00:00","2025-07-30 09:00:00","2026-09-03 20:04:22"
Nederland,Solar,Hour,11656402,11656401,0,0,"2025-07-30 09:00:00","2025-07-30 10:00:00","2026-09-03 20:04:22"
Nederland,Solar,Hour,12818758,12818756,0,0,"2025-07-30 10:00:00","2025-07-30 11:00:00","2026-09-03 20:04:22"
Nederland,Solar,Hour,13394959,13394956,0,0,"2025-07-30 11:00:00","2025-07-30 12:00:00","2026-09-03 20:04:22"
Nederland,Solar,Hour,14142235,14142233,0,0,"2025-07-30 12:00:00","2025-07-30 13:00:00","2026-09-03 20:04:22"
Nederland,Solar,Hour,13684365,13684363,0,0,"2025-07-30 13:00:00","2025-07-30 14:00:00","2026-09-03 20:04:22"
Nederland,Solar,Hour,11232743,11232742,0,0,"2025-07-30 14:00:00","2025-07-30 15:00:00","2026-09-03 20:04:22"
Nederland,Solar,Hour,10241989,10241987,0,0,"2025-07-30 15:00:00","2025-07-30 16:00:00","2026-09-03 20:04:22"
Nederland,Solar,Hour,7090034,7090033,0,0,"2025-07-30 16:00:00","2025-07-30 17:00:00","2026-09-03 20:04:22"
Nederland,Solar,Hour,3786872,3786870,0,0,"2025-07-30 17:00:00","2025-07-30 18:00:00","2026-09-03 20:04:22"
Nederland,Solar,Hour,1403651,1403650,0,0,"2025-07-30 18:00:00","2025-07-30 19:00:00","2026-09-03 20:04:22"
Nederland,Solar,Hour,162746,162743,0,0,"2025-07-30 19:00:00","2025-07-30 20:00:00","2026-09-03 20:04:22"
Nederland,Solar,Hour,0,0,0,0,"2025-07-30 20:00:00","2025-07-30 21:00:00","2026-09-03 20:04:22"
Nederland,Solar,Hour,0,0,0,0,"2025-07-30 21:00:00","2025-07-30 22:00:00","2026-09-03 20:04:22"
Nederland,Solar,Hour,0,0,0,0,"2025-07-30 22:00:00","2025-07-30 23:00:00","2026-09-03 20:04:22"
Nederland,Solar,Hour,0,0,0,0,"2025-07-30 23:00:00","2025-07-31 00:00:00","2026-09-03 20:04:22"
Nederland,Solar,Hour,0,0,0,0,"2025-07-31 00:00:00","2025-07-31 01:00:00","2026-09-03 20:04:22"
Nederland,Solar,Hour,0,0,0,0,"2025-07-31 01:00:00","2025-07-31 02:00:00","2026-09-03 20:04:22"
Nederland,Solar,Hour,0,0,0,0,"2025-07-31 02:00:00","2025-07-31 03:00:00","2026-09-03 20:04:22"
Nederland,Solar,Hour,0,0,0,0,"2025-07-31 03:00:00","2025-07-31 04:00:00","2026-09-03 20:04:22"
Nederland,Solar,Hour,99505,99504,0,0,"2025-07-31 04:00:00","2025-07-31 05:00:00","2026-09-03 20:04:22"
Nederland,Solar,Hour,1137826,1137823,0,0,"2025-07-31 05:00:00","2025-07-31 06:00:00","2026-09-03 20:04:22"
Nederland,Solar,Hour,3160252,3160250,0,0,"2025-07-31 06:00:00","2025-07-31 07:00:00","2026-09-03 20:04:22"
Nederland,Solar,Hour,5469606,5469603,0,0,"2025-07-31 07:00:00","2025-07-31 08:00:00","2026-09-03 20:04:22"
Nederland,Solar,Hour,7878115,7878113,0,0,"2025-07-31 08:00:00","2025-07-31 09:00:00","2026-09-03 20:04:22"
Nederland,Solar,Hour,9203281,9203278,0,0,"2025-07-31 09:00:00","2025-07-31 10:00:00","2026-09-03 20:04:22"
Nederland,Solar,Hour,11623004,11623001,0,0,"2025-07-31 10:00:00","2025-07-31 11:00:00","2026-09-03 20:04:22"
Nederland,Solar,Hour,10309111,10309108,0,0,"2025-07-31 11:00:00","2025-07-31 12:00:00","2026-09-03 20:04:22"
Nederland,Solar,Hour,8862375,8862374,0,0,"2025-07-31 12:00:00","2025-07-31 13:00:00","2026-09-03 20:04:22"
Nederland,Solar,Hour,6551575,6551573,0,0,"2025-07-31 13:00:00","2025-07-31 14:00:00","2026-09-03 20:04:22"
Nederland,Solar,Hour,4902941,4902939,0,0,"2025-07-31 14:00:00","2025-07-31 15:00:00","2026-09-03 20:04:22"
Nederland,Solar,Hour,4424042,4424040,0,0,"2025-07-31 15:00:00","2025-07-31 16:00:00","2026-09-03 20:04:22"
Nederland,Solar,Hour,3758194,3758192,0,0,"2025-07-31 16:00:00","2025-07-31 17:00:00","2026-09-03 20:04:22"
Nederland,Solar,Hour,2271830,2271828,0,0,"2025-07-31 17:00:00","2025-07-31 18:00:00","2026-09-03 20:04:22"
Nederland,Solar,Hour,1184754,1184753,0,0,"2025-07-31 18:00:00","2025-07-31 19:00:00","2026-09-03 20:04:22"
Nederland,Solar,Hour,150175,150175,0,0,"2025-07-31 19:00:00","2025-07-31 20:00:00","2026-09-03 20:04:22"
Nederland,Solar,Hour,0,0,0,0,"2025-07-31 20:00:00","2025-07-31 21:00:00","2026-09-03 20:04:22"
Nederland,Solar,Hour,0,0,0,0,"2025-07-31 21:00:00","2025-07-31 22:00:00","2026-09-03 20:04:22"
Nederland,Solar,Hour,0,0,0,0,"2025-07-31 22:00:00","2025-07-31 23:00:00","2026-09-03 20:04:22"
Nederland,Solar,Hour,0,0,0,0,"2025-07-31 23:00:00","2025-08-01 00:00:00","2026-09-03 20:04:22"
Nederland,Solar,Hour,0,0,0,0,"2025-08-01 00:00:00","2025-08-01 01:00:00","2026-09-03 20:04:22"
Nederland,Solar,Hour,0,0,0,0,"2025-08-01 01:00:00","2025-08-01 02:00:00","2026-09-03 20:04:22"
Nederland,Solar,Hour,0,0,0,0,"2025-08-01 02:00:00","2025-08-01 03:00:00","2026-09-03 20:04:22"
Nederland,Solar,Hour,0,0,0,0,"2025-08-01 03:00:00","2025-08-01 04:00:00","2026-09-03 20:04:22"
Nederland,Solar,Hour,84215,84213,0,0,"2025-08-01 04:00:00","2025-08-01 05:00:00","2026-09-03 20:04:22"
Nederland,Solar,Hour,1083498,1083496,0,0,"2025-08-01 05:00:00","2025-08-01 06:00:00","2026-09-03 20:04:22"
Nederland,Solar,Hour,3079539,3079537,0,0,"2025-08-01 06:00:00","2025-08-01 07:00:00","2026-09-03 20:04:22"
Nederland,Solar,Hour,4782482,4782480,0,0,"2025-08-01 07:00:00","2025-08-01 08:00:00","2026-09-03 20:04:22"
Nederland,Solar,Hour,6680249,6680247,0,0,"2025-08-01 08:00:00","2025-08-01 09:00:00","2026-09-03 20:04:22"
Nederland,Solar,Hour,9104982,9104979,0,0,"2025-08-01 09:00:00","2025-08-01 10:00:00","2026-09-03 20:04:22"
Nederland,Solar,Hour,10269294,10269292,0,0,"2025-08-01 10:00:00","2025-08-01 11:00:00","2026-09-03 20:04:22"
Nederland,Solar,Hour,10498632,10498629,0,0,"2025-08-01 11:00:00","2025-08-01 12:00:00","2026-09-03 20:04:22"
Nederland,Solar,Hour,10338202,10338200,0,0,"2025-08-01 12:00:00","2025-08-01 13:00:00","2026-09-03 20:04:22"
Nederland,Solar,Hour,10439796,10439794,0,0,"2025-08-01 13:00:00","2025-08-01 14:00:00","2026-09-03 20:04:22"
Nederland,Solar,Hour,9152702,9152701,0,0,"2025-08-01 14:00:00","2025-08-01 15:00:00","2026-09-03 20:04:22"
Nederland,Solar,Hour,8753583,8753581,0,0,"2025-08-01 15:00:00","2025-08-01 16:00:00","2026-09-03 20:04:22"
Nederland,Solar,Hour,5982309,5982306,0,0,"2025-08-01 16:00:00","2025-08-01 17:00:00","2026-09-03 20:04:22"
Nederland,Solar,Hour,3402779,3402777,0,0,"2025-08-01 17:00:00","2025-08-01 18:00:00","2026-09-03 20:04:22"
Nederland,Solar,Hour,1277774,1277773,0,0,"2025-08-01 18:00:00","2025-08-01 19:00:00","2026-09-03 20:04:22"
Nederland,Solar,Hour,91173,91171,0,0,"2025-08-01 19:00:00","2025-08-01 20:00:00","2026-09-03 20:04:22"
Nederland,Solar,Hour,0,0,0,0,"2025-08-01 20:00:00","2025-08-01 21:00:00","2026-09-03 20:04:22"
Nederland,Solar,Hour,0,0,0,0,"2025-08-01 21:00:00","2025-08-01 22:00:00","2026-09-03 20:04:22"
Nederland,Solar,Hour,0,0,0,0,"2025-08-01 22:00:00","2025-08-01 23:00:00","2026-09-03 20:04:22"
Nederland,Solar,Hour,0,0,0,0,"2025-08-01 23:00:00","2025-08-02 00:00:00","2026-09-03 20:04:22"
Nederland,Solar,Hour,0,0,0,0,"2025-08-02 00:00:00","2025-08-02 01:00:00","2026-09-03 20:04:22"
Nederland,Solar,Hour,0,0,0,0,"2025-08-02 01:00:00","2025-08-02 02:00:00","2026-09-03 20:04:22"
Nederland,Solar,Hour,0,0,0,0,"2025-08-02 02:00:00","2025-08-02 03:00:00","2026-09-03 20:04:22"
Nederland,Solar,Hour,0,0,0,0,"2025-08-02 03:00:00","2025-08-02 04:00:00","2026-09-03 20:04:22"
Nederland,Solar,Hour,37286,37286,0,0,"2025-08-02 04:00:00","2025-08-02 05:00:00","2026-09-03 20:04:22"
Nederland,Solar,Hour,972139,972136,0,0,"2025-08-02 05:00:00","2025-08-02 06:00:00","2026-09-03 20:04:22"
Nederland,Solar,Hour,2368555,2368553,0,0,"2025-08-02 06:00:00","2025-08-02 07:00:00","2026-09-03 20:04:22"
Nederland,Solar,Hour,3172966,3172964,0,0,"2025-08-02 07:00:00","2025-08-02 08:00:00","2026-09-03 20:04:22"
Nederland,Solar,Hour,5478323,5478321,0,0,"2025-08-02 08:00:00","2025-08-02 09:00:00","2026-09-03 20:04:22"
Nederland,Solar,Hour,7825537,7825534,0,0,"2025-08-02 09:00:00","2025-08-02 10:00:00","2026-09-03 20:04:22"
Nederland,Solar,Hour,9919948,9919945,0,0,"2025-08-02 10:00:00","2025-08-02 11:00:00","2026-09-03 20:04:22"
Nederland,Solar,Hour,10339413,10339412,0,0,"2025-08-02 11:00:00","2025-08-02 12:00:00","2026-09-03 20:04:22"
Nederland,Solar,Hour,9402230,9402227,0,0,"2025-08-02 12:00:00","2025-08-02 13:00:00","2026-09-03 20:04:22"
Nederland,Solar,Hour,7860863,7860860,0,0,"2025-08-02 13:00:00","2025-08-02 14:00:00","2026-09-03 20:04:22"
Nederland,Solar,Hour,7290564,7290561,0,0,"2025-08-02 14:00:00","2025-08-02 15:00:00","2026-09-03 20:04:22"
Nederland,Solar,Hour,5039454,5039453,0,0,"2025-08-02 15:00:00","2025-08-02 16:00:00","2026-09-03 20:04:22"
Nederland,Solar,Hour,3364735,3364732,0,0,"2025-08-02 16:00:00","2025-08-02 17:00:00","2026-09-03 20:04:22"
Nederland,Solar,Hour,1915730,1915728,0,0,"2025-08-02 17:00:00","2025-08-02 18:00:00","2026-09-03 20:04:22"
Nederland,Solar,Hour,638008,638006,0,0,"2025-08-02 18:00:00","2025-08-02 19:00:00","2026-09-03 20:04:22"
Nederland,Solar,Hour,38494,38492,0,0,"2025-08-02 19:00:00","2025-08-02 20:00:00","2026-09-03 20:04:22"
Nederland,Solar,Hour,0,0,0,0,"2025-08-02 20:00:00","2025-08-02 21:00:00","2026-09-03 20:04:22"
Nederland,Solar,Hour,0,0,0,0,"2025-08-02 21:00:00","2025-08-02 22:00:00","2026-09-03 20:04:22"
Nederland,Solar,Hour,0,0,0,0,"2025-08-02 22:00:00","2025-08-02 23:00:00","2026-09-03 20:04:22"
Nederland,Solar,Hour,0,0,0,0,"2025-08-02 23:00:00","2025-08-03 00:00:00","2026-09-03 20:04:22"
Nederland,Solar,Hour,0,0,0,0,"2025-08-03 00:00:00","2025-08-03 01:00:00","2026-09-03 20:02:47"
Nederland,Solar,Hour,0,0,0,0,"2025-08-03 01:00:00","2025-08-03 02:00:00","2026-09-03 20:02:47"
Nederland,Solar,Hour,0,0,0,0,"2025-08-03 02:00:00","2025-08-03 03:00:00","2026-09-03 20:02:47"
Nederland,Solar,Hour,0,0,0,0,"2025-08-03 03:00:00","2025-08-03 04:00:00","2026-09-03 20:02:47"
Nederland,Solar,Hour,29637,29636,0,0,"2025-08-03 04:00:00","2025-08-03 05:00:00","2026-09-03 20:02:47"
Nederland,Solar,Hour,1012013,1012011,0,0,"2025-08-03 05:00:00","2025-08-03 06:00:00","2026-09-03 20:02:47"
Nederland,Solar,Hour,3745479,3745478,0,0,"2025-08-03 06:00:00","2025-08-03 07:00:00","2026-09-03 20:02:47"
Nederland,Solar,Hour,6963030,6963027,0,0,"2025-08-03 07:00:00","2025-08-03 08:00:00","2026-09-03 20:02:47"
Nederland,Solar,Hour,10482287,10482285,0,0,"2025-08-03 08:00:00","2025-08-03 09:00:00","2026-09-03 20:02:47"
Nederland,Solar,Hour,12565266,12565263,0,0,"2025-08-03 09:00:00","2025-08-03 10:00:00","2026-09-03 20:02:47"
Nederland,Solar,Hour,13291824,13291822,0,0,"2025-08-03 10:00:00","2025-08-03 11:00:00","2026-09-03 20:02:47"
Nederland,Solar,Hour,13812345,13812342,0,0,"2025-08-03 11:00:00","2025-08-03 12:00:00","2026-09-03 20:02:47"
Nederland,Solar,Hour,13532619,13532617,0,0,"2025-08-03 12:00:00","2025-08-03 13:00:00","2026-09-03 20:02:47"
Nederland,Solar,Hour,12000574,12000572,0,0,"2025-08-03 13:00:00","2025-08-03 14:00:00","2026-09-03 20:02:47"
Nederland,Solar,Hour,9068472,9068471,0,0,"2025-08-03 14:00:00","2025-08-03 15:00:00","2026-09-03 20:02:47"
Nederland,Solar,Hour,7984508,7984507,0,0,"2025-08-03 15:00:00","2025-08-03 16:00:00","2026-09-03 20:02:47"
Nederland,Solar,Hour,4751226,4751224,0,0,"2025-08-03 16:00:00","2025-08-03 17:00:00","2026-09-03 20:02:47"
Nederland,Solar,Hour,1244382,1244381,0,0,"2025-08-03 17:00:00","2025-08-03 18:00:00","2026-09-03 20:02:47"
Nederland,Solar,Hour,192378,192376,0,0,"2025-08-03 18:00:00","2025-08-03 19:00:00","2026-09-03 20:02:47"
Nederland,Solar,Hour,323,323,0,0,"2025-08-03 19:00:00","2025-08-03 20:00:00","2026-09-03 20:02:47"
Nederland,Solar,Hour,0,0,0,0,"2025-08-03 20:00:00","2025-08-03 21:00:00","2026-09-03 20:02:47"
Nederland,Solar,Hour,0,0,0,0,"2025-08-03 21:00:00","2025-08-03 22:00:00","2026-09-03 20:02:47"
Nederland,Solar,Hour,0,0,0,0,"2025-08-03 22:00:00","2025-08-03 23:00:00","2026-09-03 20:02:47"
Nederland,Solar,Hour,0,0,0,0,"2025-08-03 23:00:00","2025-08-04 00:00:00","2026-09-03 20:02:47"
Nederland,Solar,Hour,0,0,0,0,"2025-08-04 00:00:00","2025-08-04 01:00:00","2026-09-03 20:02:47"
Nederland,Solar,Hour,0,0,0,0,"2025-08-04 01:00:00","2025-08-04 02:00:00","2026-09-03 20:02:47"
Nederland,Solar,Hour,0,0,0,0,"2025-08-04 02:00:00","2025-08-04 03:00:00","2026-09-03 20:02:47"
Nederland,Solar,Hour,0,0,0,0,"2025-08-04 03:00:00","2025-08-04 04:00:00","2026-09-03 20:02:47"
Nederland,Solar,Hour,113502,113500,0,0,"2025-08-04 04:00:00","2025-08-04 05:00:00","2026-09-03 20:02:47"
Nederland,Solar,Hour,1407799,1407797,0,0,"2025-08-04 05:00:00","2025-08-04 06:00:00","2026-09-03 20:02:47"
Nederland,Solar,Hour,3641206,3641204,0,0,"2025-08-04 06:00:00","2025-08-04 07:00:00","2026-09-03 20:02:47"
Nederland,Solar,Hour,6079584,6079582,0,0,"2025-08-04 07:00:00","2025-08-04 08:00:00","2026-09-03 20:02:47"
Nederland,Solar,Hour,9175198,9175196,0,0,"2025-08-04 08:00:00","2025-08-04 09:00:00","2026-09-03 20:02:47"
Nederland,Solar,Hour,10778248,10778246,0,0,"2025-08-04 09:00:00","2025-08-04 10:00:00","2026-09-03 20:02:47"
Nederland,Solar,Hour,10852272,10852269,0,0,"2025-08-04 10:00:00","2025-08-04 11:00:00","2026-09-03 20:02:47"
Nederland,Solar,Hour,12095564,12095562,0,0,"2025-08-04 11:00:00","2025-08-04 12:00:00","2026-09-03 20:02:47"
Nederland,Solar,Hour,10896591,10896589,0,0,"2025-08-04 12:00:00","2025-08-04 13:00:00","2026-09-03 20:02:47"
Nederland,Solar,Hour,8799212,8799210,0,0,"2025-08-04 13:00:00","2025-08-04 14:00:00","2026-09-03 20:02:47"
Nederland,Solar,Hour,6341994,6341992,0,0,"2025-08-04 14:00:00","2025-08-04 15:00:00","2026-09-03 20:02:47"
Nederland,Solar,Hour,4839366,4839364,0,0,"2025-08-04 15:00:00","2025-08-04 16:00:00","2026-09-03 20:02:47"
Nederland,Solar,Hour,2687979,2687975,0,0,"2025-08-04 16:00:00","2025-08-04 17:00:00","2026-09-03 20:02:47"
Nederland,Solar,Hour,907828,907827,0,0,"2025-08-04 17:00:00","2025-08-04 18:00:00","2026-09-03 20:02:47"
Nederland,Solar,Hour,162120,162119,0,0,"2025-08-04 18:00:00","2025-08-04 19:00:00","2026-09-03 20:02:47"
Nederland,Solar,Hour,12385,12384,0,0,"2025-08-04 19:00:00","2025-08-04 20:00:00","2026-09-03 20:02:47"
Nederland,Solar,Hour,0,0,0,0,"2025-08-04 20:00:00","2025-08-04 21:00:00","2026-09-03 20:02:47"
Nederland,Solar,Hour,0,0,0,0,"2025-08-04 21:00:00","2025-08-04 22:00:00","2026-09-03 20:02:47"
Nederland,Solar,Hour,0,0,0,0,"2025-08-04 22:00:00","2025-08-04 23:00:00","2026-09-03 20:02:47"
Nederland,Solar,Hour,0,0,0,0,"2025-08-04 23:00:00","2025-08-05 00:00:00","2026-09-03 20:02:47"
Nederland,Solar,Hour,0,0,0,0,"2025-08-05 00:00:00","2025-08-05 01:00:00","2026-09-03 20:02:47"
Nederland,Solar,Hour,0,0,0,0,"2025-08-05 01:00:00","2025-08-05 02:00:00","2026-09-03 20:02:47"
Nederland,Solar,Hour,0,0,0,0,"2025-08-05 02:00:00","2025-08-05 03:00:00","2026-09-03 20:02:47"
Nederland,Solar,Hour,0,0,0,0,"2025-08-05 03:00:00","2025-08-05 04:00:00","2026-09-03 20:02:47"
Nederland,Solar,Hour,16060,16059,0,0,"2025-08-05 04:00:00","2025-08-05 05:00:00","2026-09-03 20:02:47"
Nederland,Solar,Hour,1077122,1077120,0,0,"2025-08-05 05:00:00","2025-08-05 06:00:00","2026-09-03 20:02:47"
Nederland,Solar,Hour,4471648,4471646,0,0,"2025-08-05 06:00:00","2025-08-05 07:00:00","2026-09-03 20:02:47"
Nederland,Solar,Hour,8839501,8839498,0,0,"2025-08-05 07:00:00","2025-08-05 08:00:00","2026-09-03 20:02:47"
Nederland,Solar,Hour,10717543,10717541,0,0,"2025-08-05 08:00:00","2025-08-05 09:00:00","2026-09-03 20:02:47"
Nederland,Solar,Hour,12191464,12191462,0,0,"2025-08-05 09:00:00","2025-08-05 10:00:00","2026-09-03 20:02:47"
Nederland,Solar,Hour,12886393,12886390,0,0,"2025-08-05 10:00:00","2025-08-05 11:00:00","2026-09-03 20:02:47"
Nederland,Solar,Hour,13001668,13001666,0,0,"2025-08-05 11:00:00","2025-08-05 12:00:00","2026-09-03 20:02:47"
Nederland,Solar,Hour,11941419,11941417,0,0,"2025-08-05 12:00:00","2025-08-05 13:00:00","2026-09-03 20:02:47"
Nederland,Solar,Hour,10373040,10373037,0,0,"2025-08-05 13:00:00","2025-08-05 14:00:00","2026-09-03 20:02:47"
Nederland,Solar,Hour,9453252,9453249,0,0,"2025-08-05 14:00:00","2025-08-05 15:00:00","2026-09-03 20:02:47"
Nederland,Solar,Hour,8369399,8369397,0,0,"2025-08-05 15:00:00","2025-08-05 16:00:00","2026-09-03 20:02:47"
Nederland,Solar,Hour,6147005,6147003,0,0,"2025-08-05 16:00:00","2025-08-05 17:00:00","2026-09-03 20:02:47"
Nederland,Solar,Hour,3606746,3606743,0,0,"2025-08-05 17:00:00","2025-08-05 18:00:00","2026-09-03 20:02:47"
Nederland,Solar,Hour,1193138,1193136,0,0,"2025-08-05 18:00:00","2025-08-05 19:00:00","2026-09-03 20:02:47"
Nederland,Solar,Hour,74579,74578,0,0,"2025-08-05 19:00:00","2025-08-05 20:00:00","2026-09-03 20:02:47"
Nederland,Solar,Hour,0,0,0,0,"2025-08-05 20:00:00","2025-08-05 21:00:00","2026-09-03 20:02:47"
Nederland,Solar,Hour,0,0,0,0,"2025-08-05 21:00:00","2025-08-05 22:00:00","2026-09-03 20:02:47"
Nederland,Solar,Hour,0,0,0,0,"2025-08-05 22:00:00","2025-08-05 23:00:00","2026-09-03 20:02:47"
Nederland,Solar,Hour,0,0,0,0,"2025-08-05 23:00:00","2025-08-06 00:00:00","2026-09-03 20:02:47"
Nederland,Solar,Hour,0,0,0,0,"2025-08-06 00:00:00","2025-08-06 01:00:00","2026-09-03 20:02:47"
Nederland,Solar,Hour,0,0,0,0,"2025-08-06 01:00:00","2025-08-06 02:00:00","2026-09-03 20:02:47"
Nederland,Solar,Hour,0,0,0,0,"2025-08-06 02:00:00","2025-08-06 03:00:00","2026-09-03 20:02:47"
Nederland,Solar,Hour,0,0,0,0,"2025-08-06 03:00:00","2025-08-06 04:00:00","2026-09-03 20:02:47"
Nederland,Solar,Hour,130076,130076,0,0,"2025-08-06 04:00:00","2025-08-06 05:00:00","2026-09-03 20:02:47"
Nederland,Solar,Hour,1769516,1769513,0,0,"2025-08-06 05:00:00","2025-08-06 06:00:00","2026-09-03 20:02:47"
Nederland,Solar,Hour,4521956,4521955,0,0,"2025-08-06 06:00:00","2025-08-06 07:00:00","2026-09-03 20:02:47"
Nederland,Solar,Hour,8085126,8085124,0,0,"2025-08-06 07:00:00","2025-08-06 08:00:00","2026-09-03 20:02:47"
Nederland,Solar,Hour,9770864,9770861,0,0,"2025-08-06 08:00:00","2025-08-06 09:00:00","2026-09-03 20:02:47"
Nederland,Solar,Hour,10331300,10331296,0,0,"2025-08-06 09:00:00","2025-08-06 10:00:00","2026-09-03 20:02:47"
Nederland,Solar,Hour,10043194,10043192,0,0,"2025-08-06 10:00:00","2025-08-06 11:00:00","2026-09-03 20:02:47"
Nederland,Solar,Hour,11333275,11333273,0,0,"2025-08-06 11:00:00","2025-08-06 12:00:00","2026-09-03 20:02:47"
Nederland,Solar,Hour,11784047,11784046,0,0,"2025-08-06 12:00:00","2025-08-06 13:00:00","2026-09-03 20:02:47"
Nederland,Solar,Hour,12440360,12440357,0,0,"2025-08-06 13:00:00","2025-08-06 14:00:00","2026-09-03 20:02:47"
Nederland,Solar,Hour,13229087,13229085,0,0,"2025-08-06 14:00:00","2025-08-06 15:00:00","2026-09-03 20:02:47"
Nederland,Solar,Hour,10421964,10421963,0,0,"2025-08-06 15:00:00","2025-08-06 16:00:00","2026-09-03 20:02:47"
Nederland,Solar,Hour,6892293,6892290,0,0,"2025-08-06 16:00:00","2025-08-06 17:00:00","2026-09-03 20:02:47"
Nederland,Solar,Hour,3287637,3287636,0,0,"2025-08-06 17:00:00","2025-08-06 18:00:00","2026-09-03 20:02:47"
Nederland,Solar,Hour,874331,874330,0,0,"2025-08-06 18:00:00","2025-08-06 19:00:00","2026-09-03 20:02:47"
Nederland,Solar,Hour,40839,40838,0,0,"2025-08-06 19:00:00","2025-08-06 20:00:00","2026-09-03 20:02:47"
Nederland,Solar,Hour,0,0,0,0,"2025-08-06 20:00:00","2025-08-06 21:00:00","2026-09-03 20:02:47"
Nederland,Solar,Hour,0,0,0,0,"2025-08-06 21:00:00","2025-08-06 22:00:00","2026-09-03 20:02:47"
Nederland,Solar,Hour,0,0,0,0,"2025-08-06 22:00:00","2025-08-06 23:00:00","2026-09-03 20:02:47"
Nederland,Solar,Hour,0,0,0,0,"2025-08-06 23:00:00","2025-08-07 00:00:00","2026-09-03 20:02:47"
Nederland,Solar,Hour,0,0,0,0,"2025-08-07 00:00:00","2025-08-07 01:00:00","2026-09-03 20:02:47"
Nederland,Solar,Hour,0,0,0,0,"2025-08-07 01:00:00","2025-08-07 02:00:00","2026-09-03 20:02:47"
Nederland,Solar,Hour,0,0,0,0,"2025-08-07 02:00:00","2025-08-07 03:00:00","2026-09-03 20:02:47"
Nederland,Solar,Hour,0,0,0,0,"2025-08-07 03:00:00","2025-08-07 04:00:00","2026-09-03 20:02:47"
Nederland,Solar,Hour,38001,38001,0,0,"2025-08-07 04:00:00","2025-08-07 05:00:00","2026-09-03 20:02:47"
Nederland,Solar,Hour,1116614,1116611,0,0,"2025-08-07 05:00:00","2025-08-07 06:00:00","2026-09-03 20:02:47"
Nederland,Solar,Hour,3373588,3373585,0,0,"2025-08-07 06:00:00","2025-08-07 07:00:00","2026-09-03 20:02:47"
Nederland,Solar,Hour,6189799,6189797,0,0,"2025-08-07 07:00:00","2025-08-07 08:00:00","2026-09-03 20:02:47"
Nederland,Solar,Hour,10164139,10164137,0,0,"2025-08-07 08:00:00","2025-08-07 09:00:00","2026-09-03 20:02:47"
Nederland,Solar,Hour,12369944,12369943,0,0,"2025-08-07 09:00:00","2025-08-07 10:00:00","2026-09-03 20:02:47"
Nederland,Solar,Hour,13137528,13137525,0,0,"2025-08-07 10:00:00","2025-08-07 11:00:00","2026-09-03 20:02:47"
Nederland,Solar,Hour,13685979,13685978,0,0,"2025-08-07 11:00:00","2025-08-07 12:00:00","2026-09-03 20:02:47"
Nederland,Solar,Hour,11564008,11564007,0,0,"2025-08-07 12:00:00","2025-08-07 13:00:00","2026-09-03 20:02:47"
Nederland,Solar,Hour,9861829,9861827,0,0,"2025-08-07 13:00:00","2025-08-07 14:00:00","2026-09-03 20:02:47"
Nederland,Solar,Hour,8673936,8673934,0,0,"2025-08-07 14:00:00","2025-08-07 15:00:00","2026-09-03 20:02:47"
Nederland,Solar,Hour,6681260,6681258,0,0,"2025-08-07 15:00:00","2025-08-07 16:00:00","2026-09-03 20:02:47"
Nederland,Solar,Hour,4221712,4221710,0,0,"2025-08-07 16:00:00","2025-08-07 17:00:00","2026-09-03 20:02:47"
Nederland,Solar,Hour,1839196,1839194,0,0,"2025-08-07 17:00:00","2025-08-07 18:00:00","2026-09-03 20:02:47"
Nederland,Solar,Hour,529044,529042,0,0,"2025-08-07 18:00:00","2025-08-07 19:00:00","2026-09-03 20:02:47"
Nederland,Solar,Hour,16837,16836,0,0,"2025-08-07 19:00:00","2025-08-07 20:00:00","2026-09-03 20:02:47"
Nederland,Solar,Hour,0,0,0,0,"2025-08-07 20:00:00","2025-08-07 21:00:00","2026-09-03 20:02:47"
Nederland,Solar,Hour,0,0,0,0,"2025-08-07 21:00:00","2025-08-07 22:00:00","2026-09-03 20:02:47"
Nederland,Solar,Hour,0,0,0,0,"2025-08-07 22:00:00","2025-08-07 23:00:00","2026-09-03 20:02:47"
Nederland,Solar,Hour,0,0,0,0,"2025-08-07 23:00:00","2025-08-08 00:00:00","2026-09-03 20:02:47"
Nederland,Solar,Hour,0,0,0,0,"2025-08-08 00:00:00","2025-08-08 01:00:00","2026-09-03 20:01:12"
Nederland,Solar,Hour,0,0,0,0,"2025-08-08 01:00:00","2025-08-08 02:00:00","2026-09-03 20:01:12"
Nederland,Solar,Hour,0,0,0,0,"2025-08-08 02:00:00","2025-08-08 03:00:00","2026-09-03 20:01:12"
Nederland,Solar,Hour,0,0,0,0,"2025-08-08 03:00:00","2025-08-08 04:00:00","2026-09-03 20:01:12"
Nederland,Solar,Hour,32900,32899,0,0,"2025-08-08 04:00:00","2025-08-08 05:00:00","2026-09-03 20:01:12"
Nederland,Solar,Hour,865257,865256,0,0,"2025-08-08 05:00:00","2025-08-08 06:00:00","2026-09-03 20:01:12"
Nederland,Solar,Hour,2783751,2783749,0,0,"2025-08-08 06:00:00","2025-08-08 07:00:00","2026-09-03 20:01:12"
Nederland,Solar,Hour,5480010,5480008,0,0,"2025-08-08 07:00:00","2025-08-08 08:00:00","2026-09-03 20:01:12"
Nederland,Solar,Hour,7835970,7835968,0,0,"2025-08-08 08:00:00","2025-08-08 09:00:00","2026-09-03 20:01:12"
Nederland,Solar,Hour,9334736,9334732,0,0,"2025-08-08 09:00:00","2025-08-08 10:00:00","2026-09-03 20:01:12"
Nederland,Solar,Hour,11014618,11014615,0,0,"2025-08-08 10:00:00","2025-08-08 11:00:00","2026-09-03 20:01:12"
Nederland,Solar,Hour,12364003,12364002,0,0,"2025-08-08 11:00:00","2025-08-08 12:00:00","2026-09-03 20:01:12"
Nederland,Solar,Hour,12084458,12084456,0,0,"2025-08-08 12:00:00","2025-08-08 13:00:00","2026-09-03 20:01:12"
Nederland,Solar,Hour,10498735,10498733,0,0,"2025-08-08 13:00:00","2025-08-08 14:00:00","2026-09-03 20:01:12"
Nederland,Solar,Hour,10046486,10046484,0,0,"2025-08-08 14:00:00","2025-08-08 15:00:00","2026-09-03 20:01:12"
Nederland,Solar,Hour,8521777,8521775,0,0,"2025-08-08 15:00:00","2025-08-08 16:00:00","2026-09-03 20:01:12"
Nederland,Solar,Hour,6317030,6317029,0,0,"2025-08-08 16:00:00","2025-08-08 17:00:00","2026-09-03 20:01:12"
Nederland,Solar,Hour,3576310,3576309,0,0,"2025-08-08 17:00:00","2025-08-08 18:00:00","2026-09-03 20:01:12"
Nederland,Solar,Hour,1210468,1210467,0,0,"2025-08-08 18:00:00","2025-08-08 19:00:00","2026-09-03 20:01:12"
Nederland,Solar,Hour,55447,55446,0,0,"2025-08-08 19:00:00","2025-08-08 20:00:00","2026-09-03 20:01:12"
Nederland,Solar,Hour,0,0,0,0,"2025-08-08 20:00:00","2025-08-08 21:00:00","2026-09-03 20:01:12"
Nederland,Solar,Hour,0,0,0,0,"2025-08-08 21:00:00","2025-08-08 22:00:00","2026-09-03 20:01:12"
Nederland,Solar,Hour,0,0,0,0,"2025-08-08 22:00:00","2025-08-08 23:00:00","2026-09-03 20:01:12"
Nederland,Solar,Hour,0,0,0,0,"2025-08-08 23:00:00","2025-08-09 00:00:00","2026-09-03 20:01:12"
Nederland,Solar,Hour,0,0,0,0,"2025-08-09 00:00:00","2025-08-09 01:00:00","2026-09-03 20:01:12"
Nederland,Solar,Hour,0,0,0,0,"2025-08-09 01:00:00","2025-08-09 02:00:00","2026-09-03 20:01:12"
Nederland,Solar,Hour,0,0,0,0,"2025-08-09 02:00:00","2025-08-09 03:00:00","2026-09-03 20:01:12"
Nederland,Solar,Hour,0,0,0,0,"2025-08-09 03:00:00","2025-08-09 04:00:00","2026-09-03 20:01:12"
Nederland,Solar,Hour,84198,84197,0,0,"2025-08-09 04:00:00","2025-08-09 05:00:00","2026-09-03 20:01:12"
Nederland,Solar,Hour,1442649,1442647,0,0,"2025-08-09 05:00:00","2025-08-09 06:00:00","2026-09-03 20:01:12"
Nederland,Solar,Hour,3410026,3410023,0,0,"2025-08-09 06:00:00","2025-08-09 07:00:00","2026-09-03 20:01:12"
Nederland,Solar,Hour,6839486,6839483,0,0,"2025-08-09 07:00:00","2025-08-09 08:00:00","2026-09-03 20:01:12"
Nederland,Solar,Hour,10871185,10871183,0,0,"2025-08-09 08:00:00","2025-08-09 09:00:00","2026-09-03 20:01:12"
Nederland,Solar,Hour,13395944,13395942,0,0,"2025-08-09 09:00:00","2025-08-09 10:00:00","2026-09-03 20:01:12"
Nederland,Solar,Hour,15045217,15045216,0,0,"2025-08-09 10:00:00","2025-08-09 11:00:00","2026-09-03 20:01:12"
Nederland,Solar,Hour,15642053,15642050,0,0,"2025-08-09 11:00:00","2025-08-09 12:00:00","2026-09-03 20:01:12"
Nederland,Solar,Hour,16262666,16262664,0,0,"2025-08-09 12:00:00","2025-08-09 13:00:00","2026-09-03 20:01:12"
Nederland,Solar,Hour,14516057,14516055,0,0,"2025-08-09 13:00:00","2025-08-09 14:00:00","2026-09-03 20:01:12"
Nederland,Solar,Hour,12489771,12489769,0,0,"2025-08-09 14:00:00","2025-08-09 15:00:00","2026-09-03 20:01:12"
Nederland,Solar,Hour,11251178,11251176,0,0,"2025-08-09 15:00:00","2025-08-09 16:00:00","2026-09-03 20:01:12"
Nederland,Solar,Hour,7641802,7641799,0,0,"2025-08-09 16:00:00","2025-08-09 17:00:00","2026-09-03 20:01:12"
Nederland,Solar,Hour,3869713,3869710,0,0,"2025-08-09 17:00:00","2025-08-09 18:00:00","2026-09-03 20:01:12"
Nederland,Solar,Hour,1199999,1199997,0,0,"2025-08-09 18:00:00","2025-08-09 19:00:00","2026-09-03 20:01:12"
Nederland,Solar,Hour,12652,12651,0,0,"2025-08-09 19:00:00","2025-08-09 20:00:00","2026-09-03 20:01:12"
Nederland,Solar,Hour,0,0,0,0,"2025-08-09 20:00:00","2025-08-09 21:00:00","2026-09-03 20:01:12"
Nederland,Solar,Hour,0,0,0,0,"2025-08-09 21:00:00","2025-08-09 22:00:00","2026-09-03 20:01:12"
Nederland,Solar,Hour,0,0,0,0,"2025-08-09 22:00:00","2025-08-09 23:00:00","2026-09-03 20:01:12"
Nederland,Solar,Hour,0,0,0,0,"2025-08-09 23:00:00","2025-08-10 00:00:00","2026-09-03 20:01:12"
Nederland,Solar,Hour,0,0,0,0,"2025-08-10 00:00:00","2025-08-10 01:00:00","2026-09-03 20:01:12"
Nederland,Solar,Hour,0,0,0,0,"2025-08-10 01:00:00","2025-08-10 02:00:00","2026-09-03 20:01:12"
Nederland,Solar,Hour,0,0,0,0,"2025-08-10 02:00:00","2025-08-10 03:00:00","2026-09-03 20:01:12"
Nederland,Solar,Hour,0,0,0,0,"2025-08-10 03:00:00","2025-08-10 04:00:00","2026-09-03 20:01:12"
Nederland,Solar,Hour,51634,51633,0,0,"2025-08-10 04:00:00","2025-08-10 05:00:00","2026-09-03 20:01:12"
Nederland,Solar,Hour,1580483,1580481,0,0,"2025-08-10 05:00:00","2025-08-10 06:00:00","2026-09-03 20:01:12"
Nederland,Solar,Hour,4591015,4591013,0,0,"2025-08-10 06:00:00","2025-08-10 07:00:00","2026-09-03 20:01:12"
Nederland,Solar,Hour,7540713,7540711,0,0,"2025-08-10 07:00:00","2025-08-10 08:00:00","2026-09-03 20:01:12"
Nederland,Solar,Hour,10826931,10826929,0,0,"2025-08-10 08:00:00","2025-08-10 09:00:00","2026-09-03 20:01:12"
Nederland,Solar,Hour,13127682,13127681,0,0,"2025-08-10 09:00:00","2025-08-10 10:00:00","2026-09-03 20:01:12"
Nederland,Solar,Hour,15008476,15008474,0,0,"2025-08-10 10:00:00","2025-08-10 11:00:00","2026-09-03 20:01:12"
Nederland,Solar,Hour,14769629,14769627,0,0,"2025-08-10 11:00:00","2025-08-10 12:00:00","2026-09-03 20:01:12"
Nederland,Solar,Hour,14636083,14636082,0,0,"2025-08-10 12:00:00","2025-08-10 13:00:00","2026-09-03 20:01:12"
Nederland,Solar,Hour,13914309,13914306,0,0,"2025-08-10 13:00:00","2025-08-10 14:00:00","2026-09-03 20:01:12"
Nederland,Solar,Hour,12787849,12787846,0,0,"2025-08-10 14:00:00","2025-08-10 15:00:00","2026-09-03 20:01:12"
Nederland,Solar,Hour,11402160,11402157,0,0,"2025-08-10 15:00:00","2025-08-10 16:00:00","2026-09-03 20:01:12"
Nederland,Solar,Hour,7742147,7742145,0,0,"2025-08-10 16:00:00","2025-08-10 17:00:00","2026-09-03 20:01:12"
Nederland,Solar,Hour,3754870,3754868,0,0,"2025-08-10 17:00:00","2025-08-10 18:00:00","2026-09-03 20:01:12"
Nederland,Solar,Hour,1135175,1135175,0,0,"2025-08-10 18:00:00","2025-08-10 19:00:00","2026-09-03 20:01:12"
Nederland,Solar,Hour,6237,6237,0,0,"2025-08-10 19:00:00","2025-08-10 20:00:00","2026-09-03 20:01:12"
Nederland,Solar,Hour,0,0,0,0,"2025-08-10 20:00:00","2025-08-10 21:00:00","2026-09-03 20:01:12"
Nederland,Solar,Hour,0,0,0,0,"2025-08-10 21:00:00","2025-08-10 22:00:00","2026-09-03 20:01:12"
Nederland,Solar,Hour,0,0,0,0,"2025-08-10 22:00:00","2025-08-10 23:00:00","2026-09-03 20:01:12"
Nederland,Solar,Hour,0,0,0,0,"2025-08-10 23:00:00","2025-08-11 00:00:00","2026-09-03 20:01:12"
Nederland,Solar,Hour,0,0,0,0,"2025-08-11 00:00:00","2025-08-11 01:00:00","2026-09-03 20:01:12"
Nederland,Solar,Hour,0,0,0,0,"2025-08-11 01:00:00","2025-08-11 02:00:00","2026-09-03 20:01:12"
Nederland,Solar,Hour,0,0,0,0,"2025-08-11 02:00:00","2025-08-11 03:00:00","2026-09-03 20:01:12"
Nederland,Solar,Hour,0,0,0,0,"2025-08-11 03:00:00","2025-08-11 04:00:00","2026-09-03 20:01:12"
Nederland,Solar,Hour,52391,52390,0,0,"2025-08-11 04:00:00","2025-08-11 05:00:00","2026-09-03 20:01:12"
Nederland,Solar,Hour,1542084,1542082,0,0,"2025-08-11 05:00:00","2025-08-11 06:00:00","2026-09-03 20:01:12"
Nederland,Solar,Hour,4667790,4667787,0,0,"2025-08-11 06:00:00","2025-08-11 07:00:00","2026-09-03 20:01:12"
Nederland,Solar,Hour,8326134,8326131,0,0,"2025-08-11 07:00:00","2025-08-11 08:00:00","2026-09-03 20:01:12"
Nederland,Solar,Hour,12074678,12074677,0,0,"2025-08-11 08:00:00","2025-08-11 09:00:00","2026-09-03 20:01:12"
Nederland,Solar,Hour,14864641,14864639,0,0,"2025-08-11 09:00:00","2025-08-11 10:00:00","2026-09-03 20:01:12"
Nederland,Solar,Hour,15183921,15183920,0,0,"2025-08-11 10:00:00","2025-08-11 11:00:00","2026-09-03 20:01:12"
Nederland,Solar,Hour,15911660,15911658,0,0,"2025-08-11 11:00:00","2025-08-11 12:00:00","2026-09-03 20:01:12"
Nederland,Solar,Hour,15542081,15542079,0,0,"2025-08-11 12:00:00","2025-08-11 13:00:00","2026-09-03 20:01:12"
Nederland,Solar,Hour,16473885,16473883,0,0,"2025-08-11 13:00:00","2025-08-11 14:00:00","2026-09-03 20:01:12"
Nederland,Solar,Hour,14430255,14430253,0,0,"2025-08-11 14:00:00","2025-08-11 15:00:00","2026-09-03 20:01:12"
Nederland,Solar,Hour,11191430,11191428,0,0,"2025-08-11 15:00:00","2025-08-11 16:00:00","2026-09-03 20:01:12"
Nederland,Solar,Hour,7274274,7274272,0,0,"2025-08-11 16:00:00","2025-08-11 17:00:00","2026-09-03 20:01:12"
Nederland,Solar,Hour,3635215,3635211,0,0,"2025-08-11 17:00:00","2025-08-11 18:00:00","2026-09-03 20:01:12"
Nederland,Solar,Hour,935696,935694,0,0,"2025-08-11 18:00:00","2025-08-11 19:00:00","2026-09-03 20:01:12"
Nederland,Solar,Hour,882,882,0,0,"2025-08-11 19:00:00","2025-08-11 20:00:00","2026-09-03 20:01:12"
Nederland,Solar,Hour,0,0,0,0,"2025-08-11 20:00:00","2025-08-11 21:00:00","2026-09-03 20:01:12"
Nederland,Solar,Hour,0,0,0,0,"2025-08-11 21:00:00","2025-08-11 22:00:00","2026-09-03 20:01:12"
Nederland,Solar,Hour,0,0,0,0,"2025-08-11 22:00:00","2025-08-11 23:00:00","2026-09-03 20:01:12"
Nederland,Solar,Hour,0,0,0,0,"2025-08-11 23:00:00","2025-08-12 00:00:00","2026-09-03 20:01:12"
Nederland,Solar,Hour,0,0,0,0,"2025-08-12 00:00:00","2025-08-12 01:00:00","2026-09-03 20:01:12"
Nederland,Solar,Hour,0,0,0,0,"2025-08-12 01:00:00","2025-08-12 02:00:00","2026-09-03 20:01:12"
Nederland,Solar,Hour,0,0,0,0,"2025-08-12 02:00:00","2025-08-12 03:00:00","2026-09-03 20:01:12"
Nederland,Solar,Hour,0,0,0,0,"2025-08-12 03:00:00","2025-08-12 04:00:00","2026-09-03 20:01:12"
Nederland,Solar,Hour,15443,15442,0,0,"2025-08-12 04:00:00","2025-08-12 05:00:00","2026-09-03 20:01:12"
Nederland,Solar,Hour,975885,975882,0,0,"2025-08-12 05:00:00","2025-08-12 06:00:00","2026-09-03 20:01:12"
Nederland,Solar,Hour,3176072,3176071,0,0,"2025-08-12 06:00:00","2025-08-12 07:00:00","2026-09-03 20:01:12"
Nederland,Solar,Hour,4847671,4847669,0,0,"2025-08-12 07:00:00","2025-08-12 08:00:00","2026-09-03 20:01:12"
Nederland,Solar,Hour,7966936,7966934,0,0,"2025-08-12 08:00:00","2025-08-12 09:00:00","2026-09-03 20:01:12"
Nederland,Solar,Hour,11062624,11062621,0,0,"2025-08-12 09:00:00","2025-08-12 10:00:00","2026-09-03 20:01:12"
Nederland,Solar,Hour,13186769,13186767,0,0,"2025-08-12 10:00:00","2025-08-12 11:00:00","2026-09-03 20:01:12"
Nederland,Solar,Hour,15202534,15202533,0,0,"2025-08-12 11:00:00","2025-08-12 12:00:00","2026-09-03 20:01:12"
Nederland,Solar,Hour,15917160,15917158,0,0,"2025-08-12 12:00:00","2025-08-12 13:00:00","2026-09-03 20:01:12"
Nederland,Solar,Hour,15412806,15412805,0,0,"2025-08-12 13:00:00","2025-08-12 14:00:00","2026-09-03 20:01:12"
Nederland,Solar,Hour,13577454,13577453,0,0,"2025-08-12 14:00:00","2025-08-12 15:00:00","2026-09-03 20:01:12"
Nederland,Solar,Hour,10466064,10466062,0,0,"2025-08-12 15:00:00","2025-08-12 16:00:00","2026-09-03 20:01:12"
Nederland,Solar,Hour,6795525,6795523,0,0,"2025-08-12 16:00:00","2025-08-12 17:00:00","2026-09-03 20:01:12"
Nederland,Solar,Hour,3263635,3263634,0,0,"2025-08-12 17:00:00","2025-08-12 18:00:00","2026-09-03 20:01:12"
Nederland,Solar,Hour,826189,826188,0,0,"2025-08-12 18:00:00","2025-08-12 19:00:00","2026-09-03 20:01:12"
Nederland,Solar,Hour,11982,11982,0,0,"2025-08-12 19:00:00","2025-08-12 20:00:00","2026-09-03 20:01:12"
Nederland,Solar,Hour,0,0,0,0,"2025-08-12 20:00:00","2025-08-12 21:00:00","2026-09-03 20:01:12"
Nederland,Solar,Hour,0,0,0,0,"2025-08-12 21:00:00","2025-08-12 22:00:00","2026-09-03 20:01:12"
Nederland,Solar,Hour,0,0,0,0,"2025-08-12 22:00:00","2025-08-12 23:00:00","2026-09-03 20:01:12"
Nederland,Solar,Hour,0,0,0,0,"2025-08-12 23:00:00","2025-08-13 00:00:00","2026-09-03 20:01:12"
Nederland,Solar,Hour,0,0,0,0,"2025-08-13 00:00:00","2025-08-13 01:00:00","2026-09-03 19:59:35"
Nederland,Solar,Hour,0,0,0,0,"2025-08-13 01:00:00","2025-08-13 02:00:00","2026-09-03 19:59:35"
Nederland,Solar,Hour,0,0,0,0,"2025-08-13 02:00:00","2025-08-13 03:00:00","2026-09-03 19:59:35"
Nederland,Solar,Hour,0,0,0,0,"2025-08-13 03:00:00","2025-08-13 04:00:00","2026-09-03 19:59:35"
Nederland,Solar,Hour,29976,29976,0,0,"2025-08-13 04:00:00","2025-08-13 05:00:00","2026-09-03 19:59:35"
Nederland,Solar,Hour,1308216,1308215,0,0,"2025-08-13 05:00:00","2025-08-13 06:00:00","2026-09-03 19:59:35"
Nederland,Solar,Hour,4107595,4107593,0,0,"2025-08-13 06:00:00","2025-08-13 07:00:00","2026-09-03 19:59:35"
Nederland,Solar,Hour,7388863,7388860,0,0,"2025-08-13 07:00:00","2025-08-13 08:00:00","2026-09-03 19:59:35"
Nederland,Solar,Hour,10841739,10841737,0,0,"2025-08-13 08:00:00","2025-08-13 09:00:00","2026-09-03 19:59:35"
Nederland,Solar,Hour,13658870,13658869,0,0,"2025-08-13 09:00:00","2025-08-13 10:00:00","2026-09-03 19:59:35"
Nederland,Solar,Hour,15500185,15500183,0,0,"2025-08-13 10:00:00","2025-08-13 11:00:00","2026-09-03 19:59:35"
Nederland,Solar,Hour,15917049,15917047,0,0,"2025-08-13 11:00:00","2025-08-13 12:00:00","2026-09-03 19:59:35"
Nederland,Solar,Hour,15654527,15654525,0,0,"2025-08-13 12:00:00","2025-08-13 13:00:00","2026-09-03 19:59:35"
Nederland,Solar,Hour,14088517,14088515,0,0,"2025-08-13 13:00:00","2025-08-13 14:00:00","2026-09-03 19:59:35"
Nederland,Solar,Hour,11309078,11309076,0,0,"2025-08-13 14:00:00","2025-08-13 15:00:00","2026-09-03 19:59:35"
Nederland,Solar,Hour,7611463,7611461,0,0,"2025-08-13 15:00:00","2025-08-13 16:00:00","2026-09-03 19:59:35"
Nederland,Solar,Hour,4599772,4599771,0,0,"2025-08-13 16:00:00","2025-08-13 17:00:00","2026-09-03 19:59:35"
Nederland,Solar,Hour,2105431,2105429,0,0,"2025-08-13 17:00:00","2025-08-13 18:00:00","2026-09-03 19:59:35"
Nederland,Solar,Hour,560849,560847,0,0,"2025-08-13 18:00:00","2025-08-13 19:00:00","2026-09-03 19:59:35"
Nederland,Solar,Hour,4659,4659,0,0,"2025-08-13 19:00:00","2025-08-13 20:00:00","2026-09-03 19:59:35"
Nederland,Solar,Hour,0,0,0,0,"2025-08-13 20:00:00","2025-08-13 21:00:00","2026-09-03 19:59:35"
Nederland,Solar,Hour,0,0,0,0,"2025-08-13 21:00:00","2025-08-13 22:00:00","2026-09-03 19:59:35"
Nederland,Solar,Hour,0,0,0,0,"2025-08-13 22:00:00","2025-08-13 23:00:00","2026-09-03 19:59:35"
Nederland,Solar,Hour,0,0,0,0,"2025-08-13 23:00:00","2025-08-14 00:00:00","2026-09-03 19:59:35"
Nederland,Solar,Hour,0,0,0,0,"2025-08-14 00:00:00","2025-08-14 01:00:00","2026-09-03 19:59:35"
Nederland,Solar,Hour,0,0,0,0,"2025-08-14 01:00:00","2025-08-14 02:00:00","2026-09-03 19:59:35"
Nederland,Solar,Hour,0,0,0,0,"2025-08-14 02:00:00","2025-08-14 03:00:00","2026-09-03 19:59:35"
Nederland,Solar,Hour,0,0,0,0,"2025-08-14 03:00:00","2025-08-14 04:00:00","2026-09-03 19:59:35"
Nederland,Solar,Hour,2416,2416,0,0,"2025-08-14 04:00:00","2025-08-14 05:00:00","2026-09-03 19:59:35"
Nederland,Solar,Hour,388507,388504,0,0,"2025-08-14 05:00:00","2025-08-14 06:00:00","2026-09-03 19:59:35"
Nederland,Solar,Hour,1613157,1613155,0,0,"2025-08-14 06:00:00","2025-08-14 07:00:00","2026-09-03 19:59:35"
Nederland,Solar,Hour,4407264,4407262,0,0,"2025-08-14 07:00:00","2025-08-14 08:00:00","2026-09-03 19:59:35"
Nederland,Solar,Hour,8265664,8265662,0,0,"2025-08-14 08:00:00","2025-08-14 09:00:00","2026-09-03 19:59:35"
Nederland,Solar,Hour,11438361,11438359,0,0,"2025-08-14 09:00:00","2025-08-14 10:00:00","2026-09-03 19:59:35"
Nederland,Solar,Hour,13561473,13561471,0,0,"2025-08-14 10:00:00","2025-08-14 11:00:00","2026-09-03 19:59:35"
Nederland,Solar,Hour,14208229,14208227,0,0,"2025-08-14 11:00:00","2025-08-14 12:00:00","2026-09-03 19:59:35"
Nederland,Solar,Hour,14618782,14618780,0,0,"2025-08-14 12:00:00","2025-08-14 13:00:00","2026-09-03 19:59:35"
Nederland,Solar,Hour,14525299,14525296,0,0,"2025-08-14 13:00:00","2025-08-14 14:00:00","2026-09-03 19:59:35"
Nederland,Solar,Hour,12746112,12746109,0,0,"2025-08-14 14:00:00","2025-08-14 15:00:00","2026-09-03 19:59:35"
Nederland,Solar,Hour,10205677,10205676,0,0,"2025-08-14 15:00:00","2025-08-14 16:00:00","2026-09-03 19:59:35"
Nederland,Solar,Hour,6380545,6380543,0,0,"2025-08-14 16:00:00","2025-08-14 17:00:00","2026-09-03 19:59:35"
Nederland,Solar,Hour,3241949,3241946,0,0,"2025-08-14 17:00:00","2025-08-14 18:00:00","2026-09-03 19:59:35"
Nederland,Solar,Hour,803770,803769,0,0,"2025-08-14 18:00:00","2025-08-14 19:00:00","2026-09-03 19:59:35"
Nederland,Solar,Hour,9,9,0,0,"2025-08-14 19:00:00","2025-08-14 20:00:00","2026-09-03 19:59:35"
Nederland,Solar,Hour,0,0,0,0,"2025-08-14 20:00:00","2025-08-14 21:00:00","2026-09-03 19:59:35"
Nederland,Solar,Hour,0,0,0,0,"2025-08-14 21:00:00","2025-08-14 22:00:00","2026-09-03 19:59:35"
Nederland,Solar,Hour,0,0,0,0,"2025-08-14 22:00:00","2025-08-14 23:00:00","2026-09-03 19:59:35"
Nederland,Solar,Hour,0,0,0,0,"2025-08-14 23:00:00","2025-08-15 00:00:00","2026-09-03 19:59:35"
Nederland,Solar,Hour,0,0,0,0,"2025-08-15 00:00:00","2025-08-15 01:00:00","2026-09-03 19:59:35"
Nederland,Solar,Hour,0,0,0,0,"2025-08-15 01:00:00","2025-08-15 02:00:00","2026-09-03 19:59:35"
Nederland,Solar,Hour,0,0,0,0,"2025-08-15 02:00:00","2025-08-15 03:00:00","2026-09-03 19:59:35"
Nederland,Solar,Hour,0,0,0,0,"2025-08-15 03:00:00","2025-08-15 04:00:00","2026-09-03 19:59:35"
Nederland,Solar,Hour,9407,9407,0,0,"2025-08-15 04:00:00","2025-08-15 05:00:00","2026-09-03 19:59:35"
Nederland,Solar,Hour,1153806,1153804,0,0,"2025-08-15 05:00:00","2025-08-15 06:00:00","2026-09-03 19:59:35"
Nederland,Solar,Hour,4199154,4199153,0,0,"2025-08-15 06:00:00","2025-08-15 07:00:00","2026-09-03 19:59:35"
Nederland,Solar,Hour,8038025,8038022,0,0,"2025-08-15 07:00:00","2025-08-15 08:00:00","2026-09-03 19:59:35"
Nederland,Solar,Hour,11677498,11677496,0,0,"2025-08-15 08:00:00","2025-08-15 09:00:00","2026-09-03 19:59:35"
Nederland,Solar,Hour,14509718,14509717,0,0,"2025-08-15 09:00:00","2025-08-15 10:00:00","2026-09-03 19:59:35"
Nederland,Solar,Hour,15693757,15693754,0,0,"2025-08-15 10:00:00","2025-08-15 11:00:00","2026-09-03 19:59:35"
Nederland,Solar,Hour,13680534,13680531,0,0,"2025-08-15 11:00:00","2025-08-15 12:00:00","2026-09-03 19:59:35"
Nederland,Solar,Hour,13451515,13451513,0,0,"2025-08-15 12:00:00","2025-08-15 13:00:00","2026-09-03 19:59:35"
Nederland,Solar,Hour,13880990,13880989,0,0,"2025-08-15 13:00:00","2025-08-15 14:00:00","2026-09-03 19:59:35"
Nederland,Solar,Hour,12730084,12730082,0,0,"2025-08-15 14:00:00","2025-08-15 15:00:00","2026-09-03 19:59:35"
Nederland,Solar,Hour,8959875,8959873,0,0,"2025-08-15 15:00:00","2025-08-15 16:00:00","2026-09-03 19:59:35"
Nederland,Solar,Hour,6307176,6307175,0,0,"2025-08-15 16:00:00","2025-08-15 17:00:00","2026-09-03 19:59:35"
Nederland,Solar,Hour,2977289,2977287,0,0,"2025-08-15 17:00:00","2025-08-15 18:00:00","2026-09-03 19:59:35"
Nederland,Solar,Hour,642390,642387,0,0,"2025-08-15 18:00:00","2025-08-15 19:00:00","2026-09-03 19:59:35"
Nederland,Solar,Hour,0,0,0,0,"2025-08-15 19:00:00","2025-08-15 20:00:00","2026-09-03 19:59:35"
Nederland,Solar,Hour,0,0,0,0,"2025-08-15 20:00:00","2025-08-15 21:00:00","2026-09-03 19:59:35"
Nederland,Solar,Hour,0,0,0,0,"2025-08-15 21:00:00","2025-08-15 22:00:00","2026-09-03 19:59:35"
Nederland,Solar,Hour,0,0,0,0,"2025-08-15 22:00:00","2025-08-15 23:00:00","2026-09-03 19:59:35"
Nederland,Solar,Hour,0,0,0,0,"2025-08-15 23:00:00","2025-08-16 00:00:00","2026-09-03 19:59:35"
Nederland,Solar,Hour,0,0,0,0,"2025-08-16 00:00:00","2025-08-16 01:00:00","2026-09-03 19:59:35"
Nederland,Solar,Hour,0,0,0,0,"2025-08-16 01:00:00","2025-08-16 02:00:00","2026-09-03 19:59:35"
Nederland,Solar,Hour,0,0,0,0,"2025-08-16 02:00:00","2025-08-16 03:00:00","2026-09-03 19:59:35"
Nederland,Solar,Hour,0,0,0,0,"2025-08-16 03:00:00","2025-08-16 04:00:00","2026-09-03 19:59:35"
Nederland,Solar,Hour,0,0,0,0,"2025-08-16 04:00:00","2025-08-16 05:00:00","2026-09-03 19:59:35"
Nederland,Solar,Hour,162105,162103,0,0,"2025-08-16 05:00:00","2025-08-16 06:00:00","2026-09-03 19:59:35"
Nederland,Solar,Hour,917314,917312,0,0,"2025-08-16 06:00:00","2025-08-16 07:00:00","2026-09-03 19:59:35"
Nederland,Solar,Hour,2137235,2137233,0,0,"2025-08-16 07:00:00","2025-08-16 08:00:00","2026-09-03 19:59:35"
Nederland,Solar,Hour,3611184,3611182,0,0,"2025-08-16 08:00:00","2025-08-16 09:00:00","2026-09-03 19:59:35"
Nederland,Solar,Hour,5008152,5008150,0,0,"2025-08-16 09:00:00","2025-08-16 10:00:00","2026-09-03 19:59:35"
Nederland,Solar,Hour,6261344,6261341,0,0,"2025-08-16 10:00:00","2025-08-16 11:00:00","2026-09-03 19:59:35"
Nederland,Solar,Hour,7671147,7671145,0,0,"2025-08-16 11:00:00","2025-08-16 12:00:00","2026-09-03 19:59:35"
Nederland,Solar,Hour,7927097,7927095,0,0,"2025-08-16 12:00:00","2025-08-16 13:00:00","2026-09-03 19:59:35"
Nederland,Solar,Hour,8057736,8057733,0,0,"2025-08-16 13:00:00","2025-08-16 14:00:00","2026-09-03 19:59:35"
Nederland,Solar,Hour,8538897,8538897,0,0,"2025-08-16 14:00:00","2025-08-16 15:00:00","2026-09-03 19:59:35"
Nederland,Solar,Hour,7622129,7622126,0,0,"2025-08-16 15:00:00","2025-08-16 16:00:00","2026-09-03 19:59:35"
Nederland,Solar,Hour,5287563,5287560,0,0,"2025-08-16 16:00:00","2025-08-16 17:00:00","2026-09-03 19:59:35"
Nederland,Solar,Hour,2887904,2887903,0,0,"2025-08-16 17:00:00","2025-08-16 18:00:00","2026-09-03 19:59:35"
Nederland,Solar,Hour,789078,789076,0,0,"2025-08-16 18:00:00","2025-08-16 19:00:00","2026-09-03 19:59:35"
Nederland,Solar,Hour,0,0,0,0,"2025-08-16 19:00:00","2025-08-16 20:00:00","2026-09-03 19:59:35"
Nederland,Solar,Hour,0,0,0,0,"2025-08-16 20:00:00","2025-08-16 21:00:00","2026-09-03 19:59:35"
Nederland,Solar,Hour,0,0,0,0,"2025-08-16 21:00:00","2025-08-16 22:00:00","2026-09-03 19:59:35"
Nederland,Solar,Hour,0,0,0,0,"2025-08-16 22:00:00","2025-08-16 23:00:00","2026-09-03 19:59:35"
Nederland,Solar,Hour,0,0,0,0,"2025-08-16 23:00:00","2025-08-17 00:00:00","2026-09-03 19:59:35"
Nederland,Solar,Hour,0,0,0,0,"2025-08-17 00:00:00","2025-08-17 01:00:00","2026-09-03 19:59:35"
Nederland,Solar,Hour,0,0,0,0,"2025-08-17 01:00:00","2025-08-17 02:00:00","2026-09-03 19:59:35"
Nederland,Solar,Hour,0,0,0,0,"2025-08-17 02:00:00","2025-08-17 03:00:00","2026-09-03 19:59:35"
Nederland,Solar,Hour,0,0,0,0,"2025-08-17 03:00:00","2025-08-17 04:00:00","2026-09-03 19:59:35"
Nederland,Solar,Hour,1677,1677,0,0,"2025-08-17 04:00:00","2025-08-17 05:00:00","2026-09-03 19:59:35"
Nederland,Solar,Hour,735728,735726,0,0,"2025-08-17 05:00:00","2025-08-17 06:00:00","2026-09-03 19:59:35"
Nederland,Solar,Hour,2643106,2643104,0,0,"2025-08-17 06:00:00","2025-08-17 07:00:00","2026-09-03 19:59:35"
Nederland,Solar,Hour,5043904,5043902,0,0,"2025-08-17 07:00:00","2025-08-17 08:00:00","2026-09-03 19:59:35"
Nederland,Solar,Hour,6712362,6712361,0,0,"2025-08-17 08:00:00","2025-08-17 09:00:00","2026-09-03 19:59:35"
Nederland,Solar,Hour,6420884,6420882,0,0,"2025-08-17 09:00:00","2025-08-17 10:00:00","2026-09-03 19:59:35"
Nederland,Solar,Hour,7344981,7344979,0,0,"2025-08-17 10:00:00","2025-08-17 11:00:00","2026-09-03 19:59:35"
Nederland,Solar,Hour,7924974,7924972,0,0,"2025-08-17 11:00:00","2025-08-17 12:00:00","2026-09-03 19:59:35"
Nederland,Solar,Hour,6669915,6669914,0,0,"2025-08-17 12:00:00","2025-08-17 13:00:00","2026-09-03 19:59:35"
Nederland,Solar,Hour,5805259,5805257,0,0,"2025-08-17 13:00:00","2025-08-17 14:00:00","2026-09-03 19:59:35"
Nederland,Solar,Hour,4783364,4783361,0,0,"2025-08-17 14:00:00","2025-08-17 15:00:00","2026-09-03 19:59:35"
Nederland,Solar,Hour,3802465,3802463,0,0,"2025-08-17 15:00:00","2025-08-17 16:00:00","2026-09-03 19:59:35"
Nederland,Solar,Hour,2589868,2589868,0,0,"2025-08-17 16:00:00","2025-08-17 17:00:00","2026-09-03 19:59:35"
Nederland,Solar,Hour,1310734,1310733,0,0,"2025-08-17 17:00:00","2025-08-17 18:00:00","2026-09-03 19:59:35"
Nederland,Solar,Hour,175757,175754,0,0,"2025-08-17 18:00:00","2025-08-17 19:00:00","2026-09-03 19:59:35"
Nederland,Solar,Hour,0,0,0,0,"2025-08-17 19:00:00","2025-08-17 20:00:00","2026-09-03 19:59:35"
Nederland,Solar,Hour,0,0,0,0,"2025-08-17 20:00:00","2025-08-17 21:00:00","2026-09-03 19:59:35"
Nederland,Solar,Hour,0,0,0,0,"2025-08-17 21:00:00","2025-08-17 22:00:00","2026-09-03 19:59:35"
Nederland,Solar,Hour,0,0,0,0,"2025-08-17 22:00:00","2025-08-17 23:00:00","2026-09-03 19:59:35"
Nederland,Solar,Hour,0,0,0,0,"2025-08-17 23:00:00","2025-08-18 00:00:00","2026-09-03 19:59:35"
Nederland,Solar,Hour,0,0,0,0,"2025-08-18 00:00:00","2025-08-18 01:00:00","2026-09-03 19:58:01"
Nederland,Solar,Hour,0,0,0,0,"2025-08-18 01:00:00","2025-08-18 02:00:00","2026-09-03 19:58:01"
Nederland,Solar,Hour,0,0,0,0,"2025-08-18 02:00:00","2025-08-18 03:00:00","2026-09-03 19:58:01"
Nederland,Solar,Hour,0,0,0,0,"2025-08-18 03:00:00","2025-08-18 04:00:00","2026-09-03 19:58:01"
Nederland,Solar,Hour,3236,3236,0,0,"2025-08-18 04:00:00","2025-08-18 05:00:00","2026-09-03 19:58:01"
Nederland,Solar,Hour,743766,743765,0,0,"2025-08-18 05:00:00","2025-08-18 06:00:00","2026-09-03 19:58:01"
Nederland,Solar,Hour,3059983,3059980,0,0,"2025-08-18 06:00:00","2025-08-18 07:00:00","2026-09-03 19:58:01"
Nederland,Solar,Hour,6037725,6037723,0,0,"2025-08-18 07:00:00","2025-08-18 08:00:00","2026-09-03 19:58:01"
Nederland,Solar,Hour,9657159,9657157,0,0,"2025-08-18 08:00:00","2025-08-18 09:00:00","2026-09-03 19:58:01"
Nederland,Solar,Hour,12548229,12548229,0,0,"2025-08-18 09:00:00","2025-08-18 10:00:00","2026-09-03 19:58:01"
Nederland,Solar,Hour,13519145,13519144,0,0,"2025-08-18 10:00:00","2025-08-18 11:00:00","2026-09-03 19:58:01"
Nederland,Solar,Hour,14434842,14434839,0,0,"2025-08-18 11:00:00","2025-08-18 12:00:00","2026-09-03 19:58:01"
Nederland,Solar,Hour,13569518,13569515,0,0,"2025-08-18 12:00:00","2025-08-18 13:00:00","2026-09-03 19:58:01"
Nederland,Solar,Hour,14207029,14207027,0,0,"2025-08-18 13:00:00","2025-08-18 14:00:00","2026-09-03 19:58:01"
Nederland,Solar,Hour,13081937,13081934,0,0,"2025-08-18 14:00:00","2025-08-18 15:00:00","2026-09-03 19:58:01"
Nederland,Solar,Hour,10385563,10385561,0,0,"2025-08-18 15:00:00","2025-08-18 16:00:00","2026-09-03 19:58:01"
Nederland,Solar,Hour,6662026,6662024,0,0,"2025-08-18 16:00:00","2025-08-18 17:00:00","2026-09-03 19:58:01"
Nederland,Solar,Hour,3276905,3276903,0,0,"2025-08-18 17:00:00","2025-08-18 18:00:00","2026-09-03 19:58:01"
Nederland,Solar,Hour,720503,720502,0,0,"2025-08-18 18:00:00","2025-08-18 19:00:00","2026-09-03 19:58:01"
Nederland,Solar,Hour,0,0,0,0,"2025-08-18 19:00:00","2025-08-18 20:00:00","2026-09-03 19:58:01"
Nederland,Solar,Hour,0,0,0,0,"2025-08-18 20:00:00","2025-08-18 21:00:00","2026-09-03 19:58:01"
Nederland,Solar,Hour,0,0,0,0,"2025-08-18 21:00:00","2025-08-18 22:00:00","2026-09-03 19:58:01"
Nederland,Solar,Hour,0,0,0,0,"2025-08-18 22:00:00","2025-08-18 23:00:00","2026-09-03 19:58:01"
Nederland,Solar,Hour,0,0,0,0,"2025-08-18 23:00:00","2025-08-19 00:00:00","2026-09-03 19:58:01"
Nederland,Solar,Hour,0,0,0,0,"2025-08-19 00:00:00","2025-08-19 01:00:00","2026-09-03 19:58:01"
Nederland,Solar,Hour,0,0,0,0,"2025-08-19 01:00:00","2025-08-19 02:00:00","2026-09-03 19:58:01"
Nederland,Solar,Hour,0,0,0,0,"2025-08-19 02:00:00","2025-08-19 03:00:00","2026-09-03 19:58:01"
Nederland,Solar,Hour,0,0,0,0,"2025-08-19 03:00:00","2025-08-19 04:00:00","2026-09-03 19:58:01"
Nederland,Solar,Hour,3666,3666,0,0,"2025-08-19 04:00:00","2025-08-19 05:00:00","2026-09-03 19:58:01"
Nederland,Solar,Hour,1138075,1138073,0,0,"2025-08-19 05:00:00","2025-08-19 06:00:00","2026-09-03 19:58:01"
Nederland,Solar,Hour,4309550,4309548,0,0,"2025-08-19 06:00:00","2025-08-19 07:00:00","2026-09-03 19:58:01"
Nederland,Solar,Hour,8090046,8090044,0,0,"2025-08-19 07:00:00","2025-08-19 08:00:00","2026-09-03 19:58:01"
Nederland,Solar,Hour,11744302,11744301,0,0,"2025-08-19 08:00:00","2025-08-19 09:00:00","2026-09-03 19:58:01"
Nederland,Solar,Hour,14997950,14997947,0,0,"2025-08-19 09:00:00","2025-08-19 10:00:00","2026-09-03 19:58:01"
Nederland,Solar,Hour,16591004,16591001,0,0,"2025-08-19 10:00:00","2025-08-19 11:00:00","2026-09-03 19:58:01"
Nederland,Solar,Hour,16772107,16772105,0,0,"2025-08-19 11:00:00","2025-08-19 12:00:00","2026-09-03 19:58:01"
Nederland,Solar,Hour,16765497,16765495,0,0,"2025-08-19 12:00:00","2025-08-19 13:00:00","2026-09-03 19:58:01"
Nederland,Solar,Hour,15617907,15617904,0,0,"2025-08-19 13:00:00","2025-08-19 14:00:00","2026-09-03 19:58:01"
Nederland,Solar,Hour,13621879,13621876,0,0,"2025-08-19 14:00:00","2025-08-19 15:00:00","2026-09-03 19:58:01"
Nederland,Solar,Hour,10581296,10581294,0,0,"2025-08-19 15:00:00","2025-08-19 16:00:00","2026-09-03 19:58:01"
Nederland,Solar,Hour,6653675,6653673,0,0,"2025-08-19 16:00:00","2025-08-19 17:00:00","2026-09-03 19:58:01"
Nederland,Solar,Hour,3039523,3039522,0,0,"2025-08-19 17:00:00","2025-08-19 18:00:00","2026-09-03 19:58:01"
Nederland,Solar,Hour,673543,673540,0,0,"2025-08-19 18:00:00","2025-08-19 19:00:00","2026-09-03 19:58:01"
Nederland,Solar,Hour,0,0,0,0,"2025-08-19 19:00:00","2025-08-19 20:00:00","2026-09-03 19:58:01"
Nederland,Solar,Hour,0,0,0,0,"2025-08-19 20:00:00","2025-08-19 21:00:00","2026-09-03 19:58:01"
Nederland,Solar,Hour,0,0,0,0,"2025-08-19 21:00:00","2025-08-19 22:00:00","2026-09-03 19:58:01"
Nederland,Solar,Hour,0,0,0,0,"2025-08-19 22:00:00","2025-08-19 23:00:00","2026-09-03 19:58:01"
Nederland,Solar,Hour,0,0,0,0,"2025-08-19 23:00:00","2025-08-20 00:00:00","2026-09-03 19:58:01"
Nederland,Solar,Hour,0,0,0,0,"2025-08-20 00:00:00","2025-08-20 01:00:00","2026-09-03 19:58:01"
Nederland,Solar,Hour,0,0,0,0,"2025-08-20 01:00:00","2025-08-20 02:00:00","2026-09-03 19:58:01"
Nederland,Solar,Hour,0,0,0,0,"2025-08-20 02:00:00","2025-08-20 03:00:00","2026-09-03 19:58:01"
Nederland,Solar,Hour,0,0,0,0,"2025-08-20 03:00:00","2025-08-20 04:00:00","2026-09-03 19:58:01"
Nederland,Solar,Hour,313,313,0,0,"2025-08-20 04:00:00","2025-08-20 05:00:00","2026-09-03 19:58:01"
Nederland,Solar,Hour,541212,541209,0,0,"2025-08-20 05:00:00","2025-08-20 06:00:00","2026-09-03 19:58:01"
Nederland,Solar,Hour,2472569,2472567,0,0,"2025-08-20 06:00:00","2025-08-20 07:00:00","2026-09-03 19:58:01"
Nederland,Solar,Hour,4998339,4998337,0,0,"2025-08-20 07:00:00","2025-08-20 08:00:00","2026-09-03 19:58:01"
Nederland,Solar,Hour,8395860,8395858,0,0,"2025-08-20 08:00:00","2025-08-20 09:00:00","2026-09-03 19:58:01"
Nederland,Solar,Hour,10735957,10735955,0,0,"2025-08-20 09:00:00","2025-08-20 10:00:00","2026-09-03 19:58:01"
Nederland,Solar,Hour,14128155,14128154,0,0,"2025-08-20 10:00:00","2025-08-20 11:00:00","2026-09-03 19:58:01"
Nederland,Solar,Hour,15997262,15997260,0,0,"2025-08-20 11:00:00","2025-08-20 12:00:00","2026-09-03 19:58:01"
Nederland,Solar,Hour,15594921,15594918,0,0,"2025-08-20 12:00:00","2025-08-20 13:00:00","2026-09-03 19:58:01"
Nederland,Solar,Hour,15159787,15159784,0,0,"2025-08-20 13:00:00","2025-08-20 14:00:00","2026-09-03 19:58:01"
Nederland,Solar,Hour,13245160,13245158,0,0,"2025-08-20 14:00:00","2025-08-20 15:00:00","2026-09-03 19:58:01"
Nederland,Solar,Hour,9845001,9845000,0,0,"2025-08-20 15:00:00","2025-08-20 16:00:00","2026-09-03 19:58:01"
Nederland,Solar,Hour,6406360,6406357,0,0,"2025-08-20 16:00:00","2025-08-20 17:00:00","2026-09-03 19:58:01"
Nederland,Solar,Hour,3027114,3027111,0,0,"2025-08-20 17:00:00","2025-08-20 18:00:00","2026-09-03 19:58:01"
Nederland,Solar,Hour,626051,626049,0,0,"2025-08-20 18:00:00","2025-08-20 19:00:00","2026-09-03 19:58:01"
Nederland,Solar,Hour,0,0,0,0,"2025-08-20 19:00:00","2025-08-20 20:00:00","2026-09-03 19:58:01"
Nederland,Solar,Hour,0,0,0,0,"2025-08-20 20:00:00","2025-08-20 21:00:00","2026-09-03 19:58:01"
Nederland,Solar,Hour,0,0,0,0,"2025-08-20 21:00:00","2025-08-20 22:00:00","2026-09-03 19:58:01"
Nederland,Solar,Hour,0,0,0,0,"2025-08-20 22:00:00","2025-08-20 23:00:00","2026-09-03 19:58:01"
Nederland,Solar,Hour,0,0,0,0,"2025-08-20 23:00:00","2025-08-21 00:00:00","2026-09-03 19:58:01"
Nederland,Solar,Hour,0,0,0,0,"2025-08-21 00:00:00","2025-08-21 01:00:00","2026-09-03 19:58:01"
Nederland,Solar,Hour,0,0,0,0,"2025-08-21 01:00:00","2025-08-21 02:00:00","2026-09-03 19:58:01"
Nederland,Solar,Hour,0,0,0,0,"2025-08-21 02:00:00","2025-08-21 03:00:00","2026-09-03 19:58:01"
Nederland,Solar,Hour,0,0,0,0,"2025-08-21 03:00:00","2025-08-21 04:00:00","2026-09-03 19:58:01"
Nederland,Solar,Hour,1941,1941,0,0,"2025-08-21 04:00:00","2025-08-21 05:00:00","2026-09-03 19:58:01"
Nederland,Solar,Hour,1004576,1004575,0,0,"2025-08-21 05:00:00","2025-08-21 06:00:00","2026-09-03 19:58:01"
Nederland,Solar,Hour,3958697,3958694,0,0,"2025-08-21 06:00:00","2025-08-21 07:00:00","2026-09-03 19:58:01"
Nederland,Solar,Hour,7561684,7561681,0,0,"2025-08-21 07:00:00","2025-08-21 08:00:00","2026-09-03 19:58:01"
Nederland,Solar,Hour,11460357,11460355,0,0,"2025-08-21 08:00:00","2025-08-21 09:00:00","2026-09-03 19:58:01"
Nederland,Solar,Hour,12692572,12692570,0,0,"2025-08-21 09:00:00","2025-08-21 10:00:00","2026-09-03 19:58:01"
Nederland,Solar,Hour,14556562,14556560,0,0,"2025-08-21 10:00:00","2025-08-21 11:00:00","2026-09-03 19:58:01"
Nederland,Solar,Hour,15062351,15062349,0,0,"2025-08-21 11:00:00","2025-08-21 12:00:00","2026-09-03 19:58:01"
Nederland,Solar,Hour,14631657,14631655,0,0,"2025-08-21 12:00:00","2025-08-21 13:00:00","2026-09-03 19:58:01"
Nederland,Solar,Hour,12567274,12567273,0,0,"2025-08-21 13:00:00","2025-08-21 14:00:00","2026-09-03 19:58:01"
Nederland,Solar,Hour,10946010,10946007,0,0,"2025-08-21 14:00:00","2025-08-21 15:00:00","2026-09-03 19:58:01"
Nederland,Solar,Hour,8811591,8811588,0,0,"2025-08-21 15:00:00","2025-08-21 16:00:00","2026-09-03 19:58:01"
Nederland,Solar,Hour,6031574,6031571,0,0,"2025-08-21 16:00:00","2025-08-21 17:00:00","2026-09-03 19:58:01"
Nederland,Solar,Hour,2376808,2376807,0,0,"2025-08-21 17:00:00","2025-08-21 18:00:00","2026-09-03 19:58:01"
Nederland,Solar,Hour,381069,381068,0,0,"2025-08-21 18:00:00","2025-08-21 19:00:00","2026-09-03 19:58:01"
Nederland,Solar,Hour,0,0,0,0,"2025-08-21 19:00:00","2025-08-21 20:00:00","2026-09-03 19:58:01"
Nederland,Solar,Hour,0,0,0,0,"2025-08-21 20:00:00","2025-08-21 21:00:00","2026-09-03 19:58:01"
Nederland,Solar,Hour,0,0,0,0,"2025-08-21 21:00:00","2025-08-21 22:00:00","2026-09-03 19:58:01"
Nederland,Solar,Hour,0,0,0,0,"2025-08-21 22:00:00","2025-08-21 23:00:00","2026-09-03 19:58:01"
Nederland,Solar,Hour,0,0,0,0,"2025-08-21 23:00:00","2025-08-22 00:00:00","2026-09-03 19:58:01"
Nederland,Solar,Hour,0,0,0,0,"2025-08-22 00:00:00","2025-08-22 01:00:00","2026-09-03 19:58:01"
Nederland,Solar,Hour,0,0,0,0,"2025-08-22 01:00:00","2025-08-22 02:00:00","2026-09-03 19:58:01"
Nederland,Solar,Hour,0,0,0,0,"2025-08-22 02:00:00","2025-08-22 03:00:00","2026-09-03 19:58:01"
Nederland,Solar,Hour,0,0,0,0,"2025-08-22 03:00:00","2025-08-22 04:00:00","2026-09-03 19:58:01"
Nederland,Solar,Hour,0,0,0,0,"2025-08-22 04:00:00","2025-08-22 05:00:00","2026-09-03 19:58:01"
Nederland,Solar,Hour,336842,336840,0,0,"2025-08-22 05:00:00","2025-08-22 06:00:00","2026-09-03 19:58:01"
Nederland,Solar,Hour,1423164,1423163,0,0,"2025-08-22 06:00:00","2025-08-22 07:00:00","2026-09-03 19:58:01"
Nederland,Solar,Hour,3155179,3155176,0,0,"2025-08-22 07:00:00","2025-08-22 08:00:00","2026-09-03 19:58:01"
Nederland,Solar,Hour,5480892,5480891,0,0,"2025-08-22 08:00:00","2025-08-22 09:00:00","2026-09-03 19:58:01"
Nederland,Solar,Hour,6717591,6717589,0,0,"2025-08-22 09:00:00","2025-08-22 10:00:00","2026-09-03 19:58:01"
Nederland,Solar,Hour,6838420,6838418,0,0,"2025-08-22 10:00:00","2025-08-22 11:00:00","2026-09-03 19:58:01"
Nederland,Solar,Hour,8116552,8116550,0,0,"2025-08-22 11:00:00","2025-08-22 12:00:00","2026-09-03 19:58:01"
Nederland,Solar,Hour,7516421,7516418,0,0,"2025-08-22 12:00:00","2025-08-22 13:00:00","2026-09-03 19:58:01"
Nederland,Solar,Hour,6874627,6874625,0,0,"2025-08-22 13:00:00","2025-08-22 14:00:00","2026-09-03 19:58:01"
Nederland,Solar,Hour,5914526,5914523,0,0,"2025-08-22 14:00:00","2025-08-22 15:00:00","2026-09-03 19:58:01"
Nederland,Solar,Hour,4855626,4855623,0,0,"2025-08-22 15:00:00","2025-08-22 16:00:00","2026-09-03 19:58:01"
Nederland,Solar,Hour,2732515,2732513,0,0,"2025-08-22 16:00:00","2025-08-22 17:00:00","2026-09-03 19:58:01"
Nederland,Solar,Hour,1201219,1201217,0,0,"2025-08-22 17:00:00","2025-08-22 18:00:00","2026-09-03 19:58:01"
Nederland,Solar,Hour,245752,245750,0,0,"2025-08-22 18:00:00","2025-08-22 19:00:00","2026-09-03 19:58:01"
Nederland,Solar,Hour,0,0,0,0,"2025-08-22 19:00:00","2025-08-22 20:00:00","2026-09-03 19:58:01"
Nederland,Solar,Hour,0,0,0,0,"2025-08-22 20:00:00","2025-08-22 21:00:00","2026-09-03 19:58:01"
Nederland,Solar,Hour,0,0,0,0,"2025-08-22 21:00:00","2025-08-22 22:00:00","2026-09-03 19:58:01"
Nederland,Solar,Hour,0,0,0,0,"2025-08-22 22:00:00","2025-08-22 23:00:00","2026-09-03 19:58:01"
Nederland,Solar,Hour,0,0,0,0,"2025-08-22 23:00:00","2025-08-23 00:00:00","2026-09-03 19:58:01"
Nederland,Solar,Hour,0,0,0,0,"2025-08-23 00:00:00","2025-08-23 01:00:00","2026-09-03 19:56:27"
Nederland,Solar,Hour,0,0,0,0,"2025-08-23 01:00:00","2025-08-23 02:00:00","2026-09-03 19:56:27"
Nederland,Solar,Hour,0,0,0,0,"2025-08-23 02:00:00","2025-08-23 03:00:00","2026-09-03 19:56:27"
Nederland,Solar,Hour,0,0,0,0,"2025-08-23 03:00:00","2025-08-23 04:00:00","2026-09-03 19:56:27"
Nederland,Solar,Hour,0,0,0,0,"2025-08-23 04:00:00","2025-08-23 05:00:00","2026-09-03 19:56:27"
Nederland,Solar,Hour,319376,319373,0,0,"2025-08-23 05:00:00","2025-08-23 06:00:00","2026-09-03 19:56:27"
Nederland,Solar,Hour,2317054,2317052,0,0,"2025-08-23 06:00:00","2025-08-23 07:00:00","2026-09-03 19:56:27"
Nederland,Solar,Hour,5173040,5173038,0,0,"2025-08-23 07:00:00","2025-08-23 08:00:00","2026-09-03 19:56:27"
Nederland,Solar,Hour,7227542,7227540,0,0,"2025-08-23 08:00:00","2025-08-23 09:00:00","2026-09-03 19:56:27"
Nederland,Solar,Hour,9396540,9396538,0,0,"2025-08-23 09:00:00","2025-08-23 10:00:00","2026-09-03 19:56:27"
Nederland,Solar,Hour,10690355,10690352,0,0,"2025-08-23 10:00:00","2025-08-23 11:00:00","2026-09-03 19:56:27"
Nederland,Solar,Hour,10850448,10850447,0,0,"2025-08-23 11:00:00","2025-08-23 12:00:00","2026-09-03 19:56:27"
Nederland,Solar,Hour,11590907,11590906,0,0,"2025-08-23 12:00:00","2025-08-23 13:00:00","2026-09-03 19:56:27"
Nederland,Solar,Hour,10384080,10384077,0,0,"2025-08-23 13:00:00","2025-08-23 14:00:00","2026-09-03 19:56:27"
Nederland,Solar,Hour,9507103,9507100,0,0,"2025-08-23 14:00:00","2025-08-23 15:00:00","2026-09-03 19:56:27"
Nederland,Solar,Hour,7657820,7657817,0,0,"2025-08-23 15:00:00","2025-08-23 16:00:00","2026-09-03 19:56:27"
Nederland,Solar,Hour,5577530,5577529,0,0,"2025-08-23 16:00:00","2025-08-23 17:00:00","2026-09-03 19:56:27"
Nederland,Solar,Hour,2678511,2678509,0,0,"2025-08-23 17:00:00","2025-08-23 18:00:00","2026-09-03 19:56:27"
Nederland,Solar,Hour,361067,361065,0,0,"2025-08-23 18:00:00","2025-08-23 19:00:00","2026-09-03 19:56:27"
Nederland,Solar,Hour,0,0,0,0,"2025-08-23 19:00:00","2025-08-23 20:00:00","2026-09-03 19:56:27"
Nederland,Solar,Hour,0,0,0,0,"2025-08-23 20:00:00","2025-08-23 21:00:00","2026-09-03 19:56:27"
Nederland,Solar,Hour,0,0,0,0,"2025-08-23 21:00:00","2025-08-23 22:00:00","2026-09-03 19:56:27"
Nederland,Solar,Hour,0,0,0,0,"2025-08-23 22:00:00","2025-08-23 23:00:00","2026-09-03 19:56:27"
Nederland,Solar,Hour,0,0,0,0,"2025-08-23 23:00:00","2025-08-24 00:00:00","2026-09-03 19:56:27"
Nederland,Solar,Hour,0,0,0,0,"2025-08-24 00:00:00","2025-08-24 01:00:00","2026-09-03 19:56:27"
Nederland,Solar,Hour,0,0,0,0,"2025-08-24 01:00:00","2025-08-24 02:00:00","2026-09-03 19:56:27"
Nederland,Solar,Hour,0,0,0,0,"2025-08-24 02:00:00","2025-08-24 03:00:00","2026-09-03 19:56:27"
Nederland,Solar,Hour,0,0,0,0,"2025-08-24 03:00:00","2025-08-24 04:00:00","2026-09-03 19:56:27"
Nederland,Solar,Hour,0,0,0,0,"2025-08-24 04:00:00","2025-08-24 05:00:00","2026-09-03 19:56:27"
Nederland,Solar,Hour,729496,729495,0,0,"2025-08-24 05:00:00","2025-08-24 06:00:00","2026-09-03 19:56:27"
Nederland,Solar,Hour,3345018,3345016,0,0,"2025-08-24 06:00:00","2025-08-24 07:00:00","2026-09-03 19:56:27"
Nederland,Solar,Hour,6716640,6716638,0,0,"2025-08-24 07:00:00","2025-08-24 08:00:00","2026-09-03 19:56:27"
Nederland,Solar,Hour,8878778,8878776,0,0,"2025-08-24 08:00:00","2025-08-24 09:00:00","2026-09-03 19:56:27"
Nederland,Solar,Hour,11151010,11151008,0,0,"2025-08-24 09:00:00","2025-08-24 10:00:00","2026-09-03 19:56:27"
Nederland,Solar,Hour,11822297,11822295,0,0,"2025-08-24 10:00:00","2025-08-24 11:00:00","2026-09-03 19:56:27"
Nederland,Solar,Hour,12415428,12415427,0,0,"2025-08-24 11:00:00","2025-08-24 12:00:00","2026-09-03 19:56:27"
Nederland,Solar,Hour,11565055,11565052,0,0,"2025-08-24 12:00:00","2025-08-24 13:00:00","2026-09-03 19:56:27"
Nederland,Solar,Hour,12916257,12916255,0,0,"2025-08-24 13:00:00","2025-08-24 14:00:00","2026-09-03 19:56:27"
Nederland,Solar,Hour,10515552,10515549,0,0,"2025-08-24 14:00:00","2025-08-24 15:00:00","2026-09-03 19:56:27"
Nederland,Solar,Hour,9687422,9687419,0,0,"2025-08-24 15:00:00","2025-08-24 16:00:00","2026-09-03 19:56:27"
Nederland,Solar,Hour,6442959,6442957,0,0,"2025-08-24 16:00:00","2025-08-24 17:00:00","2026-09-03 19:56:27"
Nederland,Solar,Hour,2797612,2797610,0,0,"2025-08-24 17:00:00","2025-08-24 18:00:00","2026-09-03 19:56:27"
Nederland,Solar,Hour,455239,455238,0,0,"2025-08-24 18:00:00","2025-08-24 19:00:00","2026-09-03 19:56:27"
Nederland,Solar,Hour,0,0,0,0,"2025-08-24 19:00:00","2025-08-24 20:00:00","2026-09-03 19:56:27"
Nederland,Solar,Hour,0,0,0,0,"2025-08-24 20:00:00","2025-08-24 21:00:00","2026-09-03 19:56:27"
Nederland,Solar,Hour,0,0,0,0,"2025-08-24 21:00:00","2025-08-24 22:00:00","2026-09-03 19:56:27"
Nederland,Solar,Hour,0,0,0,0,"2025-08-24 22:00:00","2025-08-24 23:00:00","2026-09-03 19:56:27"
Nederland,Solar,Hour,0,0,0,0,"2025-08-24 23:00:00","2025-08-25 00:00:00","2026-09-03 19:56:27"
Nederland,Solar,Hour,0,0,0,0,"2025-08-25 00:00:00","2025-08-25 01:00:00","2026-09-03 19:56:27"
Nederland,Solar,Hour,0,0,0,0,"2025-08-25 01:00:00","2025-08-25 02:00:00","2026-09-03 19:56:27"
Nederland,Solar,Hour,0,0,0,0,"2025-08-25 02:00:00","2025-08-25 03:00:00","2026-09-03 19:56:27"
Nederland,Solar,Hour,0,0,0,0,"2025-08-25 03:00:00","2025-08-25 04:00:00","2026-09-03 19:56:27"
Nederland,Solar,Hour,0,0,0,0,"2025-08-25 04:00:00","2025-08-25 05:00:00","2026-09-03 19:56:27"
Nederland,Solar,Hour,811284,811281,0,0,"2025-08-25 05:00:00","2025-08-25 06:00:00","2026-09-03 19:56:27"
Nederland,Solar,Hour,3429187,3429185,0,0,"2025-08-25 06:00:00","2025-08-25 07:00:00","2026-09-03 19:56:27"
Nederland,Solar,Hour,6606617,6606615,0,0,"2025-08-25 07:00:00","2025-08-25 08:00:00","2026-09-03 19:56:27"
Nederland,Solar,Hour,10414262,10414260,0,0,"2025-08-25 08:00:00","2025-08-25 09:00:00","2026-09-03 19:56:27"
Nederland,Solar,Hour,12979093,12979092,0,0,"2025-08-25 09:00:00","2025-08-25 10:00:00","2026-09-03 19:56:27"
Nederland,Solar,Hour,14689714,14689712,0,0,"2025-08-25 10:00:00","2025-08-25 11:00:00","2026-09-03 19:56:27"
Nederland,Solar,Hour,15060894,15060892,0,0,"2025-08-25 11:00:00","2025-08-25 12:00:00","2026-09-03 19:56:27"
Nederland,Solar,Hour,15002405,15002403,0,0,"2025-08-25 12:00:00","2025-08-25 13:00:00","2026-09-03 19:56:27"
Nederland,Solar,Hour,14511808,14511806,0,0,"2025-08-25 13:00:00","2025-08-25 14:00:00","2026-09-03 19:56:27"
Nederland,Solar,Hour,12198635,12198633,0,0,"2025-08-25 14:00:00","2025-08-25 15:00:00","2026-09-03 19:56:27"
Nederland,Solar,Hour,9311657,9311655,0,0,"2025-08-25 15:00:00","2025-08-25 16:00:00","2026-09-03 19:56:27"
Nederland,Solar,Hour,6066329,6066327,0,0,"2025-08-25 16:00:00","2025-08-25 17:00:00","2026-09-03 19:56:27"
Nederland,Solar,Hour,2609544,2609543,0,0,"2025-08-25 17:00:00","2025-08-25 18:00:00","2026-09-03 19:56:27"
Nederland,Solar,Hour,404168,404166,0,0,"2025-08-25 18:00:00","2025-08-25 19:00:00","2026-09-03 19:56:27"
Nederland,Solar,Hour,0,0,0,0,"2025-08-25 19:00:00","2025-08-25 20:00:00","2026-09-03 19:56:27"
Nederland,Solar,Hour,0,0,0,0,"2025-08-25 20:00:00","2025-08-25 21:00:00","2026-09-03 19:56:27"
Nederland,Solar,Hour,0,0,0,0,"2025-08-25 21:00:00","2025-08-25 22:00:00","2026-09-03 19:56:27"
Nederland,Solar,Hour,0,0,0,0,"2025-08-25 22:00:00","2025-08-25 23:00:00","2026-09-03 19:56:27"
Nederland,Solar,Hour,0,0,0,0,"2025-08-25 23:00:00","2025-08-26 00:00:00","2026-09-03 19:56:27"
Nederland,Solar,Hour,0,0,0,0,"2025-08-26 00:00:00","2025-08-26 01:00:00","2026-09-03 19:56:27"
Nederland,Solar,Hour,0,0,0,0,"2025-08-26 01:00:00","2025-08-26 02:00:00","2026-09-03 19:56:27"
Nederland,Solar,Hour,0,0,0,0,"2025-08-26 02:00:00","2025-08-26 03:00:00","2026-09-03 19:56:27"
Nederland,Solar,Hour,0,0,0,0,"2025-08-26 03:00:00","2025-08-26 04:00:00","2026-09-03 19:56:27"
Nederland,Solar,Hour,38,38,0,0,"2025-08-26 04:00:00","2025-08-26 05:00:00","2026-09-03 19:56:27"
Nederland,Solar,Hour,769475,769472,0,0,"2025-08-26 05:00:00","2025-08-26 06:00:00","2026-09-03 19:56:27"
Nederland,Solar,Hour,3654677,3654675,0,0,"2025-08-26 06:00:00","2025-08-26 07:00:00","2026-09-03 19:56:27"
Nederland,Solar,Hour,6510301,6510297,0,0,"2025-08-26 07:00:00","2025-08-26 08:00:00","2026-09-03 19:56:27"
Nederland,Solar,Hour,10308908,10308905,0,0,"2025-08-26 08:00:00","2025-08-26 09:00:00","2026-09-03 19:56:27"
Nederland,Solar,Hour,13054968,13054967,0,0,"2025-08-26 09:00:00","2025-08-26 10:00:00","2026-09-03 19:56:27"
Nederland,Solar,Hour,14498178,14498175,0,0,"2025-08-26 10:00:00","2025-08-26 11:00:00","2026-09-03 19:56:27"
Nederland,Solar,Hour,13924635,13924633,0,0,"2025-08-26 11:00:00","2025-08-26 12:00:00","2026-09-03 19:56:27"
Nederland,Solar,Hour,11220394,11220391,0,0,"2025-08-26 12:00:00","2025-08-26 13:00:00","2026-09-03 19:56:27"
Nederland,Solar,Hour,8214785,8214784,0,0,"2025-08-26 13:00:00","2025-08-26 14:00:00","2026-09-03 19:56:27"
Nederland,Solar,Hour,7044900,7044897,0,0,"2025-08-26 14:00:00","2025-08-26 15:00:00","2026-09-03 19:56:27"
Nederland,Solar,Hour,6037097,6037096,0,0,"2025-08-26 15:00:00","2025-08-26 16:00:00","2026-09-03 19:56:27"
Nederland,Solar,Hour,4082433,4082431,0,0,"2025-08-26 16:00:00","2025-08-26 17:00:00","2026-09-03 19:56:27"
Nederland,Solar,Hour,1707251,1707248,0,0,"2025-08-26 17:00:00","2025-08-26 18:00:00","2026-09-03 19:56:27"
Nederland,Solar,Hour,182854,182852,0,0,"2025-08-26 18:00:00","2025-08-26 19:00:00","2026-09-03 19:56:27"
Nederland,Solar,Hour,0,0,0,0,"2025-08-26 19:00:00","2025-08-26 20:00:00","2026-09-03 19:56:27"
Nederland,Solar,Hour,0,0,0,0,"2025-08-26 20:00:00","2025-08-26 21:00:00","2026-09-03 19:56:27"
Nederland,Solar,Hour,0,0,0,0,"2025-08-26 21:00:00","2025-08-26 22:00:00","2026-09-03 19:56:27"
Nederland,Solar,Hour,0,0,0,0,"2025-08-26 22:00:00","2025-08-26 23:00:00","2026-09-03 19:56:27"
Nederland,Solar,Hour,0,0,0,0,"2025-08-26 23:00:00","2025-08-27 00:00:00","2026-09-03 19:56:27"
Nederland,Solar,Hour,0,0,0,0,"2025-08-27 00:00:00","2025-08-27 01:00:00","2026-09-03 19:56:27"
Nederland,Solar,Hour,0,0,0,0,"2025-08-27 01:00:00","2025-08-27 02:00:00","2026-09-03 19:56:27"
Nederland,Solar,Hour,0,0,0,0,"2025-08-27 02:00:00","2025-08-27 03:00:00","2026-09-03 19:56:27"
Nederland,Solar,Hour,0,0,0,0,"2025-08-27 03:00:00","2025-08-27 04:00:00","2026-09-03 19:56:27"
Nederland,Solar,Hour,0,0,0,0,"2025-08-27 04:00:00","2025-08-27 05:00:00","2026-09-03 19:56:27"
Nederland,Solar,Hour,383310,383307,0,0,"2025-08-27 05:00:00","2025-08-27 06:00:00","2026-09-03 19:56:27"
Nederland,Solar,Hour,2607573,2607571,0,0,"2025-08-27 06:00:00","2025-08-27 07:00:00","2026-09-03 19:56:27"
Nederland,Solar,Hour,5543841,5543839,0,0,"2025-08-27 07:00:00","2025-08-27 08:00:00","2026-09-03 19:56:27"
Nederland,Solar,Hour,8614429,8614428,0,0,"2025-08-27 08:00:00","2025-08-27 09:00:00","2026-09-03 19:56:27"
Nederland,Solar,Hour,10784044,10784042,0,0,"2025-08-27 09:00:00","2025-08-27 10:00:00","2026-09-03 19:56:27"
Nederland,Solar,Hour,12453426,12453423,0,0,"2025-08-27 10:00:00","2025-08-27 11:00:00","2026-09-03 19:56:27"
Nederland,Solar,Hour,14493547,14493545,0,0,"2025-08-27 11:00:00","2025-08-27 12:00:00","2026-09-03 19:56:27"
Nederland,Solar,Hour,12710833,12710831,0,0,"2025-08-27 12:00:00","2025-08-27 13:00:00","2026-09-03 19:56:27"
Nederland,Solar,Hour,10195976,10195975,0,0,"2025-08-27 13:00:00","2025-08-27 14:00:00","2026-09-03 19:56:27"
Nederland,Solar,Hour,9749991,9749989,0,0,"2025-08-27 14:00:00","2025-08-27 15:00:00","2026-09-03 19:56:27"
Nederland,Solar,Hour,7111570,7111568,0,0,"2025-08-27 15:00:00","2025-08-27 16:00:00","2026-09-03 19:56:27"
Nederland,Solar,Hour,4536164,4536161,0,0,"2025-08-27 16:00:00","2025-08-27 17:00:00","2026-09-03 19:56:27"
Nederland,Solar,Hour,1938993,1938990,0,0,"2025-08-27 17:00:00","2025-08-27 18:00:00","2026-09-03 19:56:27"
Nederland,Solar,Hour,214342,214342,0,0,"2025-08-27 18:00:00","2025-08-27 19:00:00","2026-09-03 19:56:27"
Nederland,Solar,Hour,0,0,0,0,"2025-08-27 19:00:00","2025-08-27 20:00:00","2026-09-03 19:56:27"
Nederland,Solar,Hour,0,0,0,0,"2025-08-27 20:00:00","2025-08-27 21:00:00","2026-09-03 19:56:27"
Nederland,Solar,Hour,0,0,0,0,"2025-08-27 21:00:00","2025-08-27 22:00:00","2026-09-03 19:56:27"
Nederland,Solar,Hour,0,0,0,0,"2025-08-27 22:00:00","2025-08-27 23:00:00","2026-09-03 19:56:27"
Nederland,Solar,Hour,0,0,0,0,"2025-08-27 23:00:00","2025-08-28 00:00:00","2026-09-03 19:56:27"
Nederland,Solar,Hour,0,0,0,0,"2025-08-28 00:00:00","2025-08-28 01:00:00","2026-09-03 19:54:52"
Nederland,Solar,Hour,0,0,0,0,"2025-08-28 01:00:00","2025-08-28 02:00:00","2026-09-03 19:54:52"
Nederland,Solar,Hour,0,0,0,0,"2025-08-28 02:00:00","2025-08-28 03:00:00","2026-09-03 19:54:52"
Nederland,Solar,Hour,0,0,0,0,"2025-08-28 03:00:00","2025-08-28 04:00:00","2026-09-03 19:54:52"
Nederland,Solar,Hour,0,0,0,0,"2025-08-28 04:00:00","2025-08-28 05:00:00","2026-09-03 19:54:52"
Nederland,Solar,Hour,175089,175087,0,0,"2025-08-28 05:00:00","2025-08-28 06:00:00","2026-09-03 19:54:52"
Nederland,Solar,Hour,1428130,1428129,0,0,"2025-08-28 06:00:00","2025-08-28 07:00:00","2026-09-03 19:54:52"
Nederland,Solar,Hour,3213766,3213763,0,0,"2025-08-28 07:00:00","2025-08-28 08:00:00","2026-09-03 19:54:52"
Nederland,Solar,Hour,5284729,5284727,0,0,"2025-08-28 08:00:00","2025-08-28 09:00:00","2026-09-03 19:54:52"
Nederland,Solar,Hour,8692956,8692953,0,0,"2025-08-28 09:00:00","2025-08-28 10:00:00","2026-09-03 19:54:52"
Nederland,Solar,Hour,11239354,11239352,0,0,"2025-08-28 10:00:00","2025-08-28 11:00:00","2026-09-03 19:54:52"
Nederland,Solar,Hour,11283756,11283755,0,0,"2025-08-28 11:00:00","2025-08-28 12:00:00","2026-09-03 19:54:52"
Nederland,Solar,Hour,9172558,9172556,0,0,"2025-08-28 12:00:00","2025-08-28 13:00:00","2026-09-03 19:54:52"
Nederland,Solar,Hour,7687579,7687576,0,0,"2025-08-28 13:00:00","2025-08-28 14:00:00","2026-09-03 19:54:52"
Nederland,Solar,Hour,8737931,8737930,0,0,"2025-08-28 14:00:00","2025-08-28 15:00:00","2026-09-03 19:54:52"
Nederland,Solar,Hour,7625274,7625272,0,0,"2025-08-28 15:00:00","2025-08-28 16:00:00","2026-09-03 19:54:52"
Nederland,Solar,Hour,4962502,4962499,0,0,"2025-08-28 16:00:00","2025-08-28 17:00:00","2026-09-03 19:54:52"
Nederland,Solar,Hour,2359339,2359336,0,0,"2025-08-28 17:00:00","2025-08-28 18:00:00","2026-09-03 19:54:52"
Nederland,Solar,Hour,305995,305993,0,0,"2025-08-28 18:00:00","2025-08-28 19:00:00","2026-09-03 19:54:52"
Nederland,Solar,Hour,0,0,0,0,"2025-08-28 19:00:00","2025-08-28 20:00:00","2026-09-03 19:54:52"
Nederland,Solar,Hour,0,0,0,0,"2025-08-28 20:00:00","2025-08-28 21:00:00","2026-09-03 19:54:52"
Nederland,Solar,Hour,0,0,0,0,"2025-08-28 21:00:00","2025-08-28 22:00:00","2026-09-03 19:54:52"
Nederland,Solar,Hour,0,0,0,0,"2025-08-28 22:00:00","2025-08-28 23:00:00","2026-09-03 19:54:52"
Nederland,Solar,Hour,0,0,0,0,"2025-08-28 23:00:00","2025-08-29 00:00:00","2026-09-03 19:54:52"
Nederland,Solar,Hour,0,0,0,0,"2025-08-29 00:00:00","2025-08-29 01:00:00","2026-09-03 19:54:52"
Nederland,Solar,Hour,0,0,0,0,"2025-08-29 01:00:00","2025-08-29 02:00:00","2026-09-03 19:54:52"
Nederland,Solar,Hour,0,0,0,0,"2025-08-29 02:00:00","2025-08-29 03:00:00","2026-09-03 19:54:52"
Nederland,Solar,Hour,0,0,0,0,"2025-08-29 03:00:00","2025-08-29 04:00:00","2026-09-03 19:54:52"
Nederland,Solar,Hour,0,0,0,0,"2025-08-29 04:00:00","2025-08-29 05:00:00","2026-09-03 19:54:52"
Nederland,Solar,Hour,358616,358615,0,0,"2025-08-29 05:00:00","2025-08-29 06:00:00","2026-09-03 19:54:52"
Nederland,Solar,Hour,2817080,2817077,0,0,"2025-08-29 06:00:00","2025-08-29 07:00:00","2026-09-03 19:54:52"
Nederland,Solar,Hour,6492843,6492842,0,0,"2025-08-29 07:00:00","2025-08-29 08:00:00","2026-09-03 19:54:52"
Nederland,Solar,Hour,10635703,10635700,0,0,"2025-08-29 08:00:00","2025-08-29 09:00:00","2026-09-03 19:54:52"
Nederland,Solar,Hour,14067061,14067059,0,0,"2025-08-29 09:00:00","2025-08-29 10:00:00","2026-09-03 19:54:52"
Nederland,Solar,Hour,13566206,13566205,0,0,"2025-08-29 10:00:00","2025-08-29 11:00:00","2026-09-03 19:54:52"
Nederland,Solar,Hour,12373235,12373234,0,0,"2025-08-29 11:00:00","2025-08-29 12:00:00","2026-09-03 19:54:52"
Nederland,Solar,Hour,9611137,9611134,0,0,"2025-08-29 12:00:00","2025-08-29 13:00:00","2026-09-03 19:54:52"
Nederland,Solar,Hour,7512791,7512790,0,0,"2025-08-29 13:00:00","2025-08-29 14:00:00","2026-09-03 19:54:52"
Nederland,Solar,Hour,5725974,5725971,0,0,"2025-08-29 14:00:00","2025-08-29 15:00:00","2026-09-03 19:54:52"
Nederland,Solar,Hour,4762513,4762510,0,0,"2025-08-29 15:00:00","2025-08-29 16:00:00","2026-09-03 19:54:52"
Nederland,Solar,Hour,2135705,2135701,0,0,"2025-08-29 16:00:00","2025-08-29 17:00:00","2026-09-03 19:54:52"
Nederland,Solar,Hour,1135837,1135834,0,0,"2025-08-29 17:00:00","2025-08-29 18:00:00","2026-09-03 19:54:52"
Nederland,Solar,Hour,160985,160983,0,0,"2025-08-29 18:00:00","2025-08-29 19:00:00","2026-09-03 19:54:52"
Nederland,Solar,Hour,0,0,0,0,"2025-08-29 19:00:00","2025-08-29 20:00:00","2026-09-03 19:54:52"
Nederland,Solar,Hour,0,0,0,0,"2025-08-29 20:00:00","2025-08-29 21:00:00","2026-09-03 19:54:52"
Nederland,Solar,Hour,0,0,0,0,"2025-08-29 21:00:00","2025-08-29 22:00:00","2026-09-03 19:54:52"
Nederland,Solar,Hour,0,0,0,0,"2025-08-29 22:00:00","2025-08-29 23:00:00","2026-09-03 19:54:52"
Nederland,Solar,Hour,0,0,0,0,"2025-08-29 23:00:00","2025-08-30 00:00:00","2026-09-03 19:54:52"
Nederland,Solar,Hour,0,0,0,0,"2025-08-30 00:00:00","2025-08-30 01:00:00","2026-09-03 19:54:52"
Nederland,Solar,Hour,0,0,0,0,"2025-08-30 01:00:00","2025-08-30 02:00:00","2026-09-03 19:54:52"
Nederland,Solar,Hour,0,0,0,0,"2025-08-30 02:00:00","2025-08-30 03:00:00","2026-09-03 19:54:52"
Nederland,Solar,Hour,0,0,0,0,"2025-08-30 03:00:00","2025-08-30 04:00:00","2026-09-03 19:54:52"
Nederland,Solar,Hour,0,0,0,0,"2025-08-30 04:00:00","2025-08-30 05:00:00","2026-09-03 19:54:52"
Nederland,Solar,Hour,452326,452323,0,0,"2025-08-30 05:00:00","2025-08-30 06:00:00","2026-09-03 19:54:52"
Nederland,Solar,Hour,2708955,2708953,0,0,"2025-08-30 06:00:00","2025-08-30 07:00:00","2026-09-03 19:54:52"
Nederland,Solar,Hour,5263509,5263506,0,0,"2025-08-30 07:00:00","2025-08-30 08:00:00","2026-09-03 19:54:52"
Nederland,Solar,Hour,7851965,7851962,0,0,"2025-08-30 08:00:00","2025-08-30 09:00:00","2026-09-03 19:54:52"
Nederland,Solar,Hour,10167190,10167188,0,0,"2025-08-30 09:00:00","2025-08-30 10:00:00","2026-09-03 19:54:52"
Nederland,Solar,Hour,10318489,10318487,0,0,"2025-08-30 10:00:00","2025-08-30 11:00:00","2026-09-03 19:54:52"
Nederland,Solar,Hour,11012566,11012564,0,0,"2025-08-30 11:00:00","2025-08-30 12:00:00","2026-09-03 19:54:52"
Nederland,Solar,Hour,11264982,11264981,0,0,"2025-08-30 12:00:00","2025-08-30 13:00:00","2026-09-03 19:54:52"
Nederland,Solar,Hour,10608450,10608448,0,0,"2025-08-30 13:00:00","2025-08-30 14:00:00","2026-09-03 19:54:52"
Nederland,Solar,Hour,10352755,10352752,0,0,"2025-08-30 14:00:00","2025-08-30 15:00:00","2026-09-03 19:54:52"
Nederland,Solar,Hour,7462402,7462400,0,0,"2025-08-30 15:00:00","2025-08-30 16:00:00","2026-09-03 19:54:52"
Nederland,Solar,Hour,4114889,4114888,0,0,"2025-08-30 16:00:00","2025-08-30 17:00:00","2026-09-03 19:54:52"
Nederland,Solar,Hour,1363565,1363563,0,0,"2025-08-30 17:00:00","2025-08-30 18:00:00","2026-09-03 19:54:52"
Nederland,Solar,Hour,49533,49531,0,0,"2025-08-30 18:00:00","2025-08-30 19:00:00","2026-09-03 19:54:52"
Nederland,Solar,Hour,0,0,0,0,"2025-08-30 19:00:00","2025-08-30 20:00:00","2026-09-03 19:54:52"
Nederland,Solar,Hour,0,0,0,0,"2025-08-30 20:00:00","2025-08-30 21:00:00","2026-09-03 19:54:52"
Nederland,Solar,Hour,0,0,0,0,"2025-08-30 21:00:00","2025-08-30 22:00:00","2026-09-03 19:54:52"
Nederland,Solar,Hour,0,0,0,0,"2025-08-30 22:00:00","2025-08-30 23:00:00","2026-09-03 19:54:52"
Nederland,Solar,Hour,0,0,0,0,"2025-08-30 23:00:00","2025-08-31 00:00:00","2026-09-03 19:54:52"
Nederland,Solar,Hour,0,0,0,0,"2025-08-31 00:00:00","2025-08-31 01:00:00","2026-09-03 19:54:52"
Nederland,Solar,Hour,0,0,0,0,"2025-08-31 01:00:00","2025-08-31 02:00:00","2026-09-03 19:54:52"
Nederland,Solar,Hour,0,0,0,0,"2025-08-31 02:00:00","2025-08-31 03:00:00","2026-09-03 19:54:52"
Nederland,Solar,Hour,0,0,0,0,"2025-08-31 03:00:00","2025-08-31 04:00:00","2026-09-03 19:54:52"
Nederland,Solar,Hour,0,0,0,0,"2025-08-31 04:00:00","2025-08-31 05:00:00","2026-09-03 19:54:52"
Nederland,Solar,Hour,56638,56637,0,0,"2025-08-31 05:00:00","2025-08-31 06:00:00","2026-09-03 19:54:52"
Nederland,Solar,Hour,871942,871940,0,0,"2025-08-31 06:00:00","2025-08-31 07:00:00","2026-09-03 19:54:52"
Nederland,Solar,Hour,2716760,2716758,0,0,"2025-08-31 07:00:00","2025-08-31 08:00:00","2026-09-03 19:54:52"
Nederland,Solar,Hour,4987232,4987230,0,0,"2025-08-31 08:00:00","2025-08-31 09:00:00","2026-09-03 19:54:52"
Nederland,Solar,Hour,7868794,7868792,0,0,"2025-08-31 09:00:00","2025-08-31 10:00:00","2026-09-03 19:54:52"
Nederland,Solar,Hour,8866450,8866448,0,0,"2025-08-31 10:00:00","2025-08-31 11:00:00","2026-09-03 19:54:52"
Nederland,Solar,Hour,8913958,8913955,0,0,"2025-08-31 11:00:00","2025-08-31 12:00:00","2026-09-03 19:54:52"
Nederland,Solar,Hour,9420969,9420967,0,0,"2025-08-31 12:00:00","2025-08-31 13:00:00","2026-09-03 19:54:52"
Nederland,Solar,Hour,7802373,7802370,0,0,"2025-08-31 13:00:00","2025-08-31 14:00:00","2026-09-03 19:54:52"
Nederland,Solar,Hour,5961318,5961316,0,0,"2025-08-31 14:00:00","2025-08-31 15:00:00","2026-09-03 19:54:52"
Nederland,Solar,Hour,4667221,4667220,0,0,"2025-08-31 15:00:00","2025-08-31 16:00:00","2026-09-03 19:54:52"
Nederland,Solar,Hour,2235041,2235039,0,0,"2025-08-31 16:00:00","2025-08-31 17:00:00","2026-09-03 19:54:52"
Nederland,Solar,Hour,904925,904923,0,0,"2025-08-31 17:00:00","2025-08-31 18:00:00","2026-09-03 19:54:52"
Nederland,Solar,Hour,148505,148504,0,0,"2025-08-31 18:00:00","2025-08-31 19:00:00","2026-09-03 19:54:52"
Nederland,Solar,Hour,0,0,0,0,"2025-08-31 19:00:00","2025-08-31 20:00:00","2026-09-03 19:54:52"
Nederland,Solar,Hour,0,0,0,0,"2025-08-31 20:00:00","2025-08-31 21:00:00","2026-09-03 19:54:52"
Nederland,Solar,Hour,0,0,0,0,"2025-08-31 21:00:00","2025-08-31 22:00:00","2026-09-03 19:54:52"
Nederland,Solar,Hour,0,0,0,0,"2025-08-31 22:00:00","2025-08-31 23:00:00","2026-09-03 19:54:52"
Nederland,Solar,Hour,0,0,0,0,"2025-08-31 23:00:00","2025-09-01 00:00:00","2026-09-03 19:54:52"
Nederland,Solar,Hour,0,0,0,0,"2025-09-01 00:00:00","2025-09-01 01:00:00","2026-09-03 19:54:52"
Nederland,Solar,Hour,0,0,0,0,"2025-09-01 01:00:00","2025-09-01 02:00:00","2026-09-03 19:54:52"
Nederland,Solar,Hour,0,0,0,0,"2025-09-01 02:00:00","2025-09-01 03:00:00","2026-09-03 19:54:52"
Nederland,Solar,Hour,0,0,0,0,"2025-09-01 03:00:00","2025-09-01 04:00:00","2026-09-03 19:54:52"
Nederland,Solar,Hour,0,0,0,0,"2025-09-01 04:00:00","2025-09-01 05:00:00","2026-09-03 19:54:52"
Nederland,Solar,Hour,67083,67082,0,0,"2025-09-01 05:00:00","2025-09-01 06:00:00","2026-09-03 19:54:52"
Nederland,Solar,Hour,850863,850862,0,0,"2025-09-01 06:00:00","2025-09-01 07:00:00","2026-09-03 19:54:52"
Nederland,Solar,Hour,1914537,1914536,0,0,"2025-09-01 07:00:00","2025-09-01 08:00:00","2026-09-03 19:54:52"
Nederland,Solar,Hour,3671086,3671083,0,0,"2025-09-01 08:00:00","2025-09-01 09:00:00","2026-09-03 19:54:52"
Nederland,Solar,Hour,6158379,6158376,0,0,"2025-09-01 09:00:00","2025-09-01 10:00:00","2026-09-03 19:54:52"
Nederland,Solar,Hour,8331313,8331311,0,0,"2025-09-01 10:00:00","2025-09-01 11:00:00","2026-09-03 19:54:52"
Nederland,Solar,Hour,10486767,10486764,0,0,"2025-09-01 11:00:00","2025-09-01 12:00:00","2026-09-03 19:54:52"
Nederland,Solar,Hour,12341278,12341276,0,0,"2025-09-01 12:00:00","2025-09-01 13:00:00","2026-09-03 19:54:52"
Nederland,Solar,Hour,12150120,12150118,0,0,"2025-09-01 13:00:00","2025-09-01 14:00:00","2026-09-03 19:54:52"
Nederland,Solar,Hour,10180699,10180698,0,0,"2025-09-01 14:00:00","2025-09-01 15:00:00","2026-09-03 19:54:52"
Nederland,Solar,Hour,7811950,7811947,0,0,"2025-09-01 15:00:00","2025-09-01 16:00:00","2026-09-03 19:54:52"
Nederland,Solar,Hour,4475184,4475182,0,0,"2025-09-01 16:00:00","2025-09-01 17:00:00","2026-09-03 19:54:52"
Nederland,Solar,Hour,1790229,1790227,0,0,"2025-09-01 17:00:00","2025-09-01 18:00:00","2026-09-03 19:54:52"
Nederland,Solar,Hour,87871,87870,0,0,"2025-09-01 18:00:00","2025-09-01 19:00:00","2026-09-03 19:54:52"
Nederland,Solar,Hour,0,0,0,0,"2025-09-01 19:00:00","2025-09-01 20:00:00","2026-09-03 19:54:52"
Nederland,Solar,Hour,0,0,0,0,"2025-09-01 20:00:00","2025-09-01 21:00:00","2026-09-03 19:54:52"
Nederland,Solar,Hour,0,0,0,0,"2025-09-01 21:00:00","2025-09-01 22:00:00","2026-09-03 19:54:52"
Nederland,Solar,Hour,0,0,0,0,"2025-09-01 22:00:00","2025-09-01 23:00:00","2026-09-03 19:54:52"
Nederland,Solar,Hour,0,0,0,0,"2025-09-01 23:00:00","2025-09-02 00:00:00","2026-09-03 19:54:52"
Nederland,Solar,Hour,0,0,0,0,"2025-09-02 00:00:00","2025-09-02 01:00:00","2026-09-03 19:53:21"
Nederland,Solar,Hour,0,0,0,0,"2025-09-02 01:00:00","2025-09-02 02:00:00","2026-09-03 19:53:21"
Nederland,Solar,Hour,0,0,0,0,"2025-09-02 02:00:00","2025-09-02 03:00:00","2026-09-03 19:53:21"
Nederland,Solar,Hour,0,0,0,0,"2025-09-02 03:00:00","2025-09-02 04:00:00","2026-09-03 19:53:21"
Nederland,Solar,Hour,0,0,0,0,"2025-09-02 04:00:00","2025-09-02 05:00:00","2026-09-03 19:53:21"
Nederland,Solar,Hour,331163,331162,0,0,"2025-09-02 05:00:00","2025-09-02 06:00:00","2026-09-03 19:53:21"
Nederland,Solar,Hour,2634742,2634741,0,0,"2025-09-02 06:00:00","2025-09-02 07:00:00","2026-09-03 19:53:21"
Nederland,Solar,Hour,5916676,5916674,0,0,"2025-09-02 07:00:00","2025-09-02 08:00:00","2026-09-03 19:53:21"
Nederland,Solar,Hour,9276984,9276982,0,0,"2025-09-02 08:00:00","2025-09-02 09:00:00","2026-09-03 19:53:21"
Nederland,Solar,Hour,11820311,11820309,0,0,"2025-09-02 09:00:00","2025-09-02 10:00:00","2026-09-03 19:53:21"
Nederland,Solar,Hour,11941128,11941126,0,0,"2025-09-02 10:00:00","2025-09-02 11:00:00","2026-09-03 19:53:21"
Nederland,Solar,Hour,14803900,14803899,0,0,"2025-09-02 11:00:00","2025-09-02 12:00:00","2026-09-03 19:53:21"
Nederland,Solar,Hour,11522372,11522371,0,0,"2025-09-02 12:00:00","2025-09-02 13:00:00","2026-09-03 19:53:21"
Nederland,Solar,Hour,11338013,11338011,0,0,"2025-09-02 13:00:00","2025-09-02 14:00:00","2026-09-03 19:53:21"
Nederland,Solar,Hour,8888634,8888632,0,0,"2025-09-02 14:00:00","2025-09-02 15:00:00","2026-09-03 19:53:21"
Nederland,Solar,Hour,5593244,5593242,0,0,"2025-09-02 15:00:00","2025-09-02 16:00:00","2026-09-03 19:53:21"
Nederland,Solar,Hour,2887027,2887024,0,0,"2025-09-02 16:00:00","2025-09-02 17:00:00","2026-09-03 19:53:21"
Nederland,Solar,Hour,933237,933234,0,0,"2025-09-02 17:00:00","2025-09-02 18:00:00","2026-09-03 19:53:21"
Nederland,Solar,Hour,26059,26058,0,0,"2025-09-02 18:00:00","2025-09-02 19:00:00","2026-09-03 19:53:21"
Nederland,Solar,Hour,0,0,0,0,"2025-09-02 19:00:00","2025-09-02 20:00:00","2026-09-03 19:53:21"
Nederland,Solar,Hour,0,0,0,0,"2025-09-02 20:00:00","2025-09-02 21:00:00","2026-09-03 19:53:21"
Nederland,Solar,Hour,0,0,0,0,"2025-09-02 21:00:00","2025-09-02 22:00:00","2026-09-03 19:53:21"
Nederland,Solar,Hour,0,0,0,0,"2025-09-02 22:00:00","2025-09-02 23:00:00","2026-09-03 19:53:21"
Nederland,Solar,Hour,0,0,0,0,"2025-09-02 23:00:00","2025-09-03 00:00:00","2026-09-03 19:53:21"
Nederland,Solar,Hour,0,0,0,0,"2025-09-03 00:00:00","2025-09-03 01:00:00","2026-09-03 19:53:21"
Nederland,Solar,Hour,0,0,0,0,"2025-09-03 01:00:00","2025-09-03 02:00:00","2026-09-03 19:53:21"
Nederland,Solar,Hour,0,0,0,0,"2025-09-03 02:00:00","2025-09-03 03:00:00","2026-09-03 19:53:21"
Nederland,Solar,Hour,0,0,0,0,"2025-09-03 03:00:00","2025-09-03 04:00:00","2026-09-03 19:53:21"
Nederland,Solar,Hour,0,0,0,0,"2025-09-03 04:00:00","2025-09-03 05:00:00","2026-09-03 19:53:21"
Nederland,Solar,Hour,203808,203808,0,0,"2025-09-03 05:00:00","2025-09-03 06:00:00","2026-09-03 19:53:21"
Nederland,Solar,Hour,1654540,1654538,0,0,"2025-09-03 06:00:00","2025-09-03 07:00:00","2026-09-03 19:53:21"
Nederland,Solar,Hour,2280330,2280327,0,0,"2025-09-03 07:00:00","2025-09-03 08:00:00","2026-09-03 19:53:21"
Nederland,Solar,Hour,2727452,2727450,0,0,"2025-09-03 08:00:00","2025-09-03 09:00:00","2026-09-03 19:53:21"
Nederland,Solar,Hour,3588959,3588958,0,0,"2025-09-03 09:00:00","2025-09-03 10:00:00","2026-09-03 19:53:21"
Nederland,Solar,Hour,4825734,4825733,0,0,"2025-09-03 10:00:00","2025-09-03 11:00:00","2026-09-03 19:53:21"
Nederland,Solar,Hour,6378242,6378240,0,0,"2025-09-03 11:00:00","2025-09-03 12:00:00","2026-09-03 19:53:21"
Nederland,Solar,Hour,6251040,6251039,0,0,"2025-09-03 12:00:00","2025-09-03 13:00:00","2026-09-03 19:53:21"
Nederland,Solar,Hour,4453304,4453303,0,0,"2025-09-03 13:00:00","2025-09-03 14:00:00","2026-09-03 19:53:21"
Nederland,Solar,Hour,4284934,4284933,0,0,"2025-09-03 14:00:00","2025-09-03 15:00:00","2026-09-03 19:53:21"
Nederland,Solar,Hour,3768789,3768787,0,0,"2025-09-03 15:00:00","2025-09-03 16:00:00","2026-09-03 19:53:21"
Nederland,Solar,Hour,2952192,2952191,0,0,"2025-09-03 16:00:00","2025-09-03 17:00:00","2026-09-03 19:53:21"
Nederland,Solar,Hour,1026572,1026571,0,0,"2025-09-03 17:00:00","2025-09-03 18:00:00","2026-09-03 19:53:21"
Nederland,Solar,Hour,237366,237364,0,0,"2025-09-03 18:00:00","2025-09-03 19:00:00","2026-09-03 19:53:21"
Nederland,Solar,Hour,217,217,0,0,"2025-09-03 19:00:00","2025-09-03 20:00:00","2026-09-03 19:53:21"
Nederland,Solar,Hour,0,0,0,0,"2025-09-03 20:00:00","2025-09-03 21:00:00","2026-09-03 19:53:21"
Nederland,Solar,Hour,0,0,0,0,"2025-09-03 21:00:00","2025-09-03 22:00:00","2026-09-03 19:53:21"
Nederland,Solar,Hour,0,0,0,0,"2025-09-03 22:00:00","2025-09-03 23:00:00","2026-09-03 19:53:21"
Nederland,Solar,Hour,0,0,0,0,"2025-09-03 23:00:00","2025-09-04 00:00:00","2026-09-03 19:53:21"
Nederland,Solar,Hour,0,0,0,0,"2025-09-04 00:00:00","2025-09-04 01:00:00","2026-09-03 19:53:21"
Nederland,Solar,Hour,0,0,0,0,"2025-09-04 01:00:00","2025-09-04 02:00:00","2026-09-03 19:53:21"
Nederland,Solar,Hour,0,0,0,0,"2025-09-04 02:00:00","2025-09-04 03:00:00","2026-09-03 19:53:21"
Nederland,Solar,Hour,0,0,0,0,"2025-09-04 03:00:00","2025-09-04 04:00:00","2026-09-03 19:53:21"
Nederland,Solar,Hour,0,0,0,0,"2025-09-04 04:00:00","2025-09-04 05:00:00","2026-09-03 19:53:21"
Nederland,Solar,Hour,246469,246467,0,0,"2025-09-04 05:00:00","2025-09-04 06:00:00","2026-09-03 19:53:21"
Nederland,Solar,Hour,2410793,2410790,0,0,"2025-09-04 06:00:00","2025-09-04 07:00:00","2026-09-03 19:53:21"
Nederland,Solar,Hour,5527136,5527133,0,0,"2025-09-04 07:00:00","2025-09-04 08:00:00","2026-09-03 19:53:21"
Nederland,Solar,Hour,8947504,8947501,0,0,"2025-09-04 08:00:00","2025-09-04 09:00:00","2026-09-03 19:53:21"
Nederland,Solar,Hour,11559011,11559009,0,0,"2025-09-04 09:00:00","2025-09-04 10:00:00","2026-09-03 19:53:21"
Nederland,Solar,Hour,12906055,12906055,0,0,"2025-09-04 10:00:00","2025-09-04 11:00:00","2026-09-03 19:53:21"
Nederland,Solar,Hour,13118916,13118914,0,0,"2025-09-04 11:00:00","2025-09-04 12:00:00","2026-09-03 19:53:21"
Nederland,Solar,Hour,11009205,11009202,0,0,"2025-09-04 12:00:00","2025-09-04 13:00:00","2026-09-03 19:53:21"
Nederland,Solar,Hour,7873300,7873299,0,0,"2025-09-04 13:00:00","2025-09-04 14:00:00","2026-09-03 19:53:21"
Nederland,Solar,Hour,6390789,6390786,0,0,"2025-09-04 14:00:00","2025-09-04 15:00:00","2026-09-03 19:53:21"
Nederland,Solar,Hour,4884252,4884249,0,0,"2025-09-04 15:00:00","2025-09-04 16:00:00","2026-09-03 19:53:21"
Nederland,Solar,Hour,2659302,2659299,0,0,"2025-09-04 16:00:00","2025-09-04 17:00:00","2026-09-03 19:53:21"
Nederland,Solar,Hour,1214231,1214229,0,0,"2025-09-04 17:00:00","2025-09-04 18:00:00","2026-09-03 19:53:21"
Nederland,Solar,Hour,114391,114391,0,0,"2025-09-04 18:00:00","2025-09-04 19:00:00","2026-09-03 19:53:21"
Nederland,Solar,Hour,0,0,0,0,"2025-09-04 19:00:00","2025-09-04 20:00:00","2026-09-03 19:53:21"
Nederland,Solar,Hour,0,0,0,0,"2025-09-04 20:00:00","2025-09-04 21:00:00","2026-09-03 19:53:21"
Nederland,Solar,Hour,0,0,0,0,"2025-09-04 21:00:00","2025-09-04 22:00:00","2026-09-03 19:53:21"
Nederland,Solar,Hour,0,0,0,0,"2025-09-04 22:00:00","2025-09-04 23:00:00","2026-09-03 19:53:21"
Nederland,Solar,Hour,0,0,0,0,"2025-09-04 23:00:00","2025-09-05 00:00:00","2026-09-03 19:53:21"
Nederland,Solar,Hour,0,0,0,0,"2025-09-05 00:00:00","2025-09-05 01:00:00","2026-09-03 19:53:21"
Nederland,Solar,Hour,0,0,0,0,"2025-09-05 01:00:00","2025-09-05 02:00:00","2026-09-03 19:53:21"
Nederland,Solar,Hour,0,0,0,0,"2025-09-05 02:00:00","2025-09-05 03:00:00","2026-09-03 19:53:21"
Nederland,Solar,Hour,0,0,0,0,"2025-09-05 03:00:00","2025-09-05 04:00:00","2026-09-03 19:53:21"
Nederland,Solar,Hour,0,0,0,0,"2025-09-05 04:00:00","2025-09-05 05:00:00","2026-09-03 19:53:21"
Nederland,Solar,Hour,279965,279964,0,0,"2025-09-05 05:00:00","2025-09-05 06:00:00","2026-09-03 19:53:21"
Nederland,Solar,Hour,2746780,2746778,0,0,"2025-09-05 06:00:00","2025-09-05 07:00:00","2026-09-03 19:53:21"
Nederland,Solar,Hour,6419311,6419310,0,0,"2025-09-05 07:00:00","2025-09-05 08:00:00","2026-09-03 19:53:21"
Nederland,Solar,Hour,9413883,9413880,0,0,"2025-09-05 08:00:00","2025-09-05 09:00:00","2026-09-03 19:53:21"
Nederland,Solar,Hour,10975565,10975563,0,0,"2025-09-05 09:00:00","2025-09-05 10:00:00","2026-09-03 19:53:21"
Nederland,Solar,Hour,10393119,10393117,0,0,"2025-09-05 10:00:00","2025-09-05 11:00:00","2026-09-03 19:53:21"
Nederland,Solar,Hour,10981903,10981900,0,0,"2025-09-05 11:00:00","2025-09-05 12:00:00","2026-09-03 19:53:21"
Nederland,Solar,Hour,12020762,12020761,0,0,"2025-09-05 12:00:00","2025-09-05 13:00:00","2026-09-03 19:53:21"
Nederland,Solar,Hour,10656918,10656917,0,0,"2025-09-05 13:00:00","2025-09-05 14:00:00","2026-09-03 19:53:21"
Nederland,Solar,Hour,9528709,9528707,0,0,"2025-09-05 14:00:00","2025-09-05 15:00:00","2026-09-03 19:53:21"
Nederland,Solar,Hour,6775248,6775246,0,0,"2025-09-05 15:00:00","2025-09-05 16:00:00","2026-09-03 19:53:21"
Nederland,Solar,Hour,4474505,4474503,0,0,"2025-09-05 16:00:00","2025-09-05 17:00:00","2026-09-03 19:53:21"
Nederland,Solar,Hour,1772445,1772442,0,0,"2025-09-05 17:00:00","2025-09-05 18:00:00","2026-09-03 19:53:21"
Nederland,Solar,Hour,41975,41974,0,0,"2025-09-05 18:00:00","2025-09-05 19:00:00","2026-09-03 19:53:21"
Nederland,Solar,Hour,0,0,0,0,"2025-09-05 19:00:00","2025-09-05 20:00:00","2026-09-03 19:53:21"
Nederland,Solar,Hour,0,0,0,0,"2025-09-05 20:00:00","2025-09-05 21:00:00","2026-09-03 19:53:21"
Nederland,Solar,Hour,0,0,0,0,"2025-09-05 21:00:00","2025-09-05 22:00:00","2026-09-03 19:53:21"
Nederland,Solar,Hour,0,0,0,0,"2025-09-05 22:00:00","2025-09-05 23:00:00","2026-09-03 19:53:21"
Nederland,Solar,Hour,0,0,0,0,"2025-09-05 23:00:00","2025-09-06 00:00:00","2026-09-03 19:53:21"
Nederland,Solar,Hour,0,0,0,0,"2025-09-06 00:00:00","2025-09-06 01:00:00","2026-09-03 19:53:21"
Nederland,Solar,Hour,0,0,0,0,"2025-09-06 01:00:00","2025-09-06 02:00:00","2026-09-03 19:53:21"
Nederland,Solar,Hour,0,0,0,0,"2025-09-06 02:00:00","2025-09-06 03:00:00","2026-09-03 19:53:21"
Nederland,Solar,Hour,0,0,0,0,"2025-09-06 03:00:00","2025-09-06 04:00:00","2026-09-03 19:53:21"
Nederland,Solar,Hour,0,0,0,0,"2025-09-06 04:00:00","2025-09-06 05:00:00","2026-09-03 19:53:21"
Nederland,Solar,Hour,308741,308740,0,0,"2025-09-06 05:00:00","2025-09-06 06:00:00","2026-09-03 19:53:21"
Nederland,Solar,Hour,2808893,2808892,0,0,"2025-09-06 06:00:00","2025-09-06 07:00:00","2026-09-03 19:53:21"
Nederland,Solar,Hour,6440706,6440704,0,0,"2025-09-06 07:00:00","2025-09-06 08:00:00","2026-09-03 19:53:21"
Nederland,Solar,Hour,10152361,10152359,0,0,"2025-09-06 08:00:00","2025-09-06 09:00:00","2026-09-03 19:53:21"
Nederland,Solar,Hour,11712311,11712308,0,0,"2025-09-06 09:00:00","2025-09-06 10:00:00","2026-09-03 19:53:21"
Nederland,Solar,Hour,13448633,13448631,0,0,"2025-09-06 10:00:00","2025-09-06 11:00:00","2026-09-03 19:53:21"
Nederland,Solar,Hour,13344595,13344593,0,0,"2025-09-06 11:00:00","2025-09-06 12:00:00","2026-09-03 19:53:21"
Nederland,Solar,Hour,12394258,12394256,0,0,"2025-09-06 12:00:00","2025-09-06 13:00:00","2026-09-03 19:53:21"
Nederland,Solar,Hour,10705268,10705266,0,0,"2025-09-06 13:00:00","2025-09-06 14:00:00","2026-09-03 19:53:21"
Nederland,Solar,Hour,8535672,8535669,0,0,"2025-09-06 14:00:00","2025-09-06 15:00:00","2026-09-03 19:53:21"
Nederland,Solar,Hour,5767632,5767630,0,0,"2025-09-06 15:00:00","2025-09-06 16:00:00","2026-09-03 19:53:21"
Nederland,Solar,Hour,3644627,3644625,0,0,"2025-09-06 16:00:00","2025-09-06 17:00:00","2026-09-03 19:53:21"
Nederland,Solar,Hour,1258960,1258958,0,0,"2025-09-06 17:00:00","2025-09-06 18:00:00","2026-09-03 19:53:21"
Nederland,Solar,Hour,29194,29194,0,0,"2025-09-06 18:00:00","2025-09-06 19:00:00","2026-09-03 19:53:21"
Nederland,Solar,Hour,0,0,0,0,"2025-09-06 19:00:00","2025-09-06 20:00:00","2026-09-03 19:53:21"
Nederland,Solar,Hour,0,0,0,0,"2025-09-06 20:00:00","2025-09-06 21:00:00","2026-09-03 19:53:21"
Nederland,Solar,Hour,0,0,0,0,"2025-09-06 21:00:00","2025-09-06 22:00:00","2026-09-03 19:53:21"
Nederland,Solar,Hour,0,0,0,0,"2025-09-06 22:00:00","2025-09-06 23:00:00","2026-09-03 19:53:21"
Nederland,Solar,Hour,0,0,0,0,"2025-09-06 23:00:00","2025-09-07 00:00:00","2026-09-03 19:53:21"
Nederland,Solar,Hour,0,0,0,0,"2025-09-07 00:00:00","2025-09-07 01:00:00","2026-09-03 19:51:40"
Nederland,Solar,Hour,0,0,0,0,"2025-09-07 01:00:00","2025-09-07 02:00:00","2026-09-03 19:51:40"
Nederland,Solar,Hour,0,0,0,0,"2025-09-07 02:00:00","2025-09-07 03:00:00","2026-09-03 19:51:40"
Nederland,Solar,Hour,0,0,0,0,"2025-09-07 03:00:00","2025-09-07 04:00:00","2026-09-03 19:51:40"
Nederland,Solar,Hour,0,0,0,0,"2025-09-07 04:00:00","2025-09-07 05:00:00","2026-09-03 19:51:40"
Nederland,Solar,Hour,251385,251383,0,0,"2025-09-07 05:00:00","2025-09-07 06:00:00","2026-09-03 19:51:40"
Nederland,Solar,Hour,2538071,2538068,0,0,"2025-09-07 06:00:00","2025-09-07 07:00:00","2026-09-03 19:51:40"
Nederland,Solar,Hour,5937929,5937927,0,0,"2025-09-07 07:00:00","2025-09-07 08:00:00","2026-09-03 19:51:40"
Nederland,Solar,Hour,9435862,9435860,0,0,"2025-09-07 08:00:00","2025-09-07 09:00:00","2026-09-03 19:51:40"
Nederland,Solar,Hour,12239890,12239887,0,0,"2025-09-07 09:00:00","2025-09-07 10:00:00","2026-09-03 19:51:40"
Nederland,Solar,Hour,14134516,14134514,0,0,"2025-09-07 10:00:00","2025-09-07 11:00:00","2026-09-03 19:51:40"
Nederland,Solar,Hour,14614838,14614836,0,0,"2025-09-07 11:00:00","2025-09-07 12:00:00","2026-09-03 19:51:40"
Nederland,Solar,Hour,14197578,14197576,0,0,"2025-09-07 12:00:00","2025-09-07 13:00:00","2026-09-03 19:51:40"
Nederland,Solar,Hour,12980678,12980677,0,0,"2025-09-07 13:00:00","2025-09-07 14:00:00","2026-09-03 19:51:40"
Nederland,Solar,Hour,10934972,10934970,0,0,"2025-09-07 14:00:00","2025-09-07 15:00:00","2026-09-03 19:51:40"
Nederland,Solar,Hour,8654889,8654887,0,0,"2025-09-07 15:00:00","2025-09-07 16:00:00","2026-09-03 19:51:40"
Nederland,Solar,Hour,4753906,4753905,0,0,"2025-09-07 16:00:00","2025-09-07 17:00:00","2026-09-03 19:51:40"
Nederland,Solar,Hour,1433760,1433757,0,0,"2025-09-07 17:00:00","2025-09-07 18:00:00","2026-09-03 19:51:40"
Nederland,Solar,Hour,6839,6839,0,0,"2025-09-07 18:00:00","2025-09-07 19:00:00","2026-09-03 19:51:40"
Nederland,Solar,Hour,0,0,0,0,"2025-09-07 19:00:00","2025-09-07 20:00:00","2026-09-03 19:51:40"
Nederland,Solar,Hour,0,0,0,0,"2025-09-07 20:00:00","2025-09-07 21:00:00","2026-09-03 19:51:40"
Nederland,Solar,Hour,0,0,0,0,"2025-09-07 21:00:00","2025-09-07 22:00:00","2026-09-03 19:51:40"
Nederland,Solar,Hour,0,0,0,0,"2025-09-07 22:00:00","2025-09-07 23:00:00","2026-09-03 19:51:40"
Nederland,Solar,Hour,0,0,0,0,"2025-09-07 23:00:00","2025-09-08 00:00:00","2026-09-03 19:51:40"
Nederland,Solar,Hour,0,0,0,0,"2025-09-08 00:00:00","2025-09-08 01:00:00","2026-09-03 19:51:40"
Nederland,Solar,Hour,0,0,0,0,"2025-09-08 01:00:00","2025-09-08 02:00:00","2026-09-03 19:51:40"
Nederland,Solar,Hour,0,0,0,0,"2025-09-08 02:00:00","2025-09-08 03:00:00","2026-09-03 19:51:40"
Nederland,Solar,Hour,0,0,0,0,"2025-09-08 03:00:00","2025-09-08 04:00:00","2026-09-03 19:51:40"
Nederland,Solar,Hour,0,0,0,0,"2025-09-08 04:00:00","2025-09-08 05:00:00","2026-09-03 19:51:40"
Nederland,Solar,Hour,98781,98780,0,0,"2025-09-08 05:00:00","2025-09-08 06:00:00","2026-09-03 19:51:40"
Nederland,Solar,Hour,893272,893269,0,0,"2025-09-08 06:00:00","2025-09-08 07:00:00","2026-09-03 19:51:40"
Nederland,Solar,Hour,2191155,2191153,0,0,"2025-09-08 07:00:00","2025-09-08 08:00:00","2026-09-03 19:51:40"
Nederland,Solar,Hour,4148225,4148224,0,0,"2025-09-08 08:00:00","2025-09-08 09:00:00","2026-09-03 19:51:40"
Nederland,Solar,Hour,6735049,6735048,0,0,"2025-09-08 09:00:00","2025-09-08 10:00:00","2026-09-03 19:51:40"
Nederland,Solar,Hour,9574161,9574159,0,0,"2025-09-08 10:00:00","2025-09-08 11:00:00","2026-09-03 19:51:40"
Nederland,Solar,Hour,11409982,11409980,0,0,"2025-09-08 11:00:00","2025-09-08 12:00:00","2026-09-03 19:51:40"
Nederland,Solar,Hour,10723177,10723174,0,0,"2025-09-08 12:00:00","2025-09-08 13:00:00","2026-09-03 19:51:40"
Nederland,Solar,Hour,9861066,9861065,0,0,"2025-09-08 13:00:00","2025-09-08 14:00:00","2026-09-03 19:51:40"
Nederland,Solar,Hour,7614260,7614259,0,0,"2025-09-08 14:00:00","2025-09-08 15:00:00","2026-09-03 19:51:40"
Nederland,Solar,Hour,5600930,5600927,0,0,"2025-09-08 15:00:00","2025-09-08 16:00:00","2026-09-03 19:51:40"
Nederland,Solar,Hour,3338879,3338876,0,0,"2025-09-08 16:00:00","2025-09-08 17:00:00","2026-09-03 19:51:40"
Nederland,Solar,Hour,890607,890605,0,0,"2025-09-08 17:00:00","2025-09-08 18:00:00","2026-09-03 19:51:40"
Nederland,Solar,Hour,13126,13126,0,0,"2025-09-08 18:00:00","2025-09-08 19:00:00","2026-09-03 19:51:40"
Nederland,Solar,Hour,0,0,0,0,"2025-09-08 19:00:00","2025-09-08 20:00:00","2026-09-03 19:51:40"
Nederland,Solar,Hour,0,0,0,0,"2025-09-08 20:00:00","2025-09-08 21:00:00","2026-09-03 19:51:40"
Nederland,Solar,Hour,0,0,0,0,"2025-09-08 21:00:00","2025-09-08 22:00:00","2026-09-03 19:51:40"
Nederland,Solar,Hour,0,0,0,0,"2025-09-08 22:00:00","2025-09-08 23:00:00","2026-09-03 19:51:40"
Nederland,Solar,Hour,0,0,0,0,"2025-09-08 23:00:00","2025-09-09 00:00:00","2026-09-03 19:51:40"
Nederland,Solar,Hour,0,0,0,0,"2025-09-09 00:00:00","2025-09-09 01:00:00","2026-09-03 19:51:40"
Nederland,Solar,Hour,0,0,0,0,"2025-09-09 01:00:00","2025-09-09 02:00:00","2026-09-03 19:51:40"
Nederland,Solar,Hour,0,0,0,0,"2025-09-09 02:00:00","2025-09-09 03:00:00","2026-09-03 19:51:40"
Nederland,Solar,Hour,0,0,0,0,"2025-09-09 03:00:00","2025-09-09 04:00:00","2026-09-03 19:51:40"
Nederland,Solar,Hour,0,0,0,0,"2025-09-09 04:00:00","2025-09-09 05:00:00","2026-09-03 19:51:40"
Nederland,Solar,Hour,12973,12972,0,0,"2025-09-09 05:00:00","2025-09-09 06:00:00","2026-09-03 19:51:40"
Nederland,Solar,Hour,187480,187479,0,0,"2025-09-09 06:00:00","2025-09-09 07:00:00","2026-09-03 19:51:40"
Nederland,Solar,Hour,561834,561832,0,0,"2025-09-09 07:00:00","2025-09-09 08:00:00","2026-09-03 19:51:40"
Nederland,Solar,Hour,872894,872893,0,0,"2025-09-09 08:00:00","2025-09-09 09:00:00","2026-09-03 19:51:40"
Nederland,Solar,Hour,1168556,1168553,0,0,"2025-09-09 09:00:00","2025-09-09 10:00:00","2026-09-03 19:51:40"
Nederland,Solar,Hour,1838513,1838510,0,0,"2025-09-09 10:00:00","2025-09-09 11:00:00","2026-09-03 19:51:40"
Nederland,Solar,Hour,2789734,2789731,0,0,"2025-09-09 11:00:00","2025-09-09 12:00:00","2026-09-03 19:51:40"
Nederland,Solar,Hour,3913176,3913174,0,0,"2025-09-09 12:00:00","2025-09-09 13:00:00","2026-09-03 19:51:40"
Nederland,Solar,Hour,5448438,5448437,0,0,"2025-09-09 13:00:00","2025-09-09 14:00:00","2026-09-03 19:51:40"
Nederland,Solar,Hour,6203753,6203750,0,0,"2025-09-09 14:00:00","2025-09-09 15:00:00","2026-09-03 19:51:40"
Nederland,Solar,Hour,5022169,5022167,0,0,"2025-09-09 15:00:00","2025-09-09 16:00:00","2026-09-03 19:51:40"
Nederland,Solar,Hour,3148724,3148722,0,0,"2025-09-09 16:00:00","2025-09-09 17:00:00","2026-09-03 19:51:40"
Nederland,Solar,Hour,942668,942666,0,0,"2025-09-09 17:00:00","2025-09-09 18:00:00","2026-09-03 19:51:40"
Nederland,Solar,Hour,15168,15167,0,0,"2025-09-09 18:00:00","2025-09-09 19:00:00","2026-09-03 19:51:40"
Nederland,Solar,Hour,0,0,0,0,"2025-09-09 19:00:00","2025-09-09 20:00:00","2026-09-03 19:51:40"
Nederland,Solar,Hour,0,0,0,0,"2025-09-09 20:00:00","2025-09-09 21:00:00","2026-09-03 19:51:40"
Nederland,Solar,Hour,0,0,0,0,"2025-09-09 21:00:00","2025-09-09 22:00:00","2026-09-03 19:51:40"
Nederland,Solar,Hour,0,0,0,0,"2025-09-09 22:00:00","2025-09-09 23:00:00","2026-09-03 19:51:40"
Nederland,Solar,Hour,0,0,0,0,"2025-09-09 23:00:00","2025-09-10 00:00:00","2026-09-03 19:51:40"
Nederland,Solar,Hour,0,0,0,0,"2025-09-10 00:00:00","2025-09-10 01:00:00","2026-09-03 19:51:40"
Nederland,Solar,Hour,0,0,0,0,"2025-09-10 01:00:00","2025-09-10 02:00:00","2026-09-03 19:51:40"
Nederland,Solar,Hour,0,0,0,0,"2025-09-10 02:00:00","2025-09-10 03:00:00","2026-09-03 19:51:40"
Nederland,Solar,Hour,0,0,0,0,"2025-09-10 03:00:00","2025-09-10 04:00:00","2026-09-03 19:51:40"
Nederland,Solar,Hour,0,0,0,0,"2025-09-10 04:00:00","2025-09-10 05:00:00","2026-09-03 19:51:40"
Nederland,Solar,Hour,149551,149549,0,0,"2025-09-10 05:00:00","2025-09-10 06:00:00","2026-09-03 19:51:40"
Nederland,Solar,Hour,1721621,1721619,0,0,"2025-09-10 06:00:00","2025-09-10 07:00:00","2026-09-03 19:51:40"
Nederland,Solar,Hour,3893753,3893751,0,0,"2025-09-10 07:00:00","2025-09-10 08:00:00","2026-09-03 19:51:40"
Nederland,Solar,Hour,5985994,5985992,0,0,"2025-09-10 08:00:00","2025-09-10 09:00:00","2026-09-03 19:51:40"
Nederland,Solar,Hour,8795921,8795920,0,0,"2025-09-10 09:00:00","2025-09-10 10:00:00","2026-09-03 19:51:40"
Nederland,Solar,Hour,12879065,12879063,0,0,"2025-09-10 10:00:00","2025-09-10 11:00:00","2026-09-03 19:51:40"
Nederland,Solar,Hour,14884893,14884891,0,0,"2025-09-10 11:00:00","2025-09-10 12:00:00","2026-09-03 19:51:40"
Nederland,Solar,Hour,14555416,14555415,0,0,"2025-09-10 12:00:00","2025-09-10 13:00:00","2026-09-03 19:51:40"
Nederland,Solar,Hour,12484411,12484410,0,0,"2025-09-10 13:00:00","2025-09-10 14:00:00","2026-09-03 19:51:40"
Nederland,Solar,Hour,8225296,8225294,0,0,"2025-09-10 14:00:00","2025-09-10 15:00:00","2026-09-03 19:51:40"
Nederland,Solar,Hour,4813709,4813707,0,0,"2025-09-10 15:00:00","2025-09-10 16:00:00","2026-09-03 19:51:40"
Nederland,Solar,Hour,2122844,2122843,0,0,"2025-09-10 16:00:00","2025-09-10 17:00:00","2026-09-03 19:51:40"
Nederland,Solar,Hour,521102,521100,0,0,"2025-09-10 17:00:00","2025-09-10 18:00:00","2026-09-03 19:51:40"
Nederland,Solar,Hour,8716,8716,0,0,"2025-09-10 18:00:00","2025-09-10 19:00:00","2026-09-03 19:51:40"
Nederland,Solar,Hour,0,0,0,0,"2025-09-10 19:00:00","2025-09-10 20:00:00","2026-09-03 19:51:40"
Nederland,Solar,Hour,0,0,0,0,"2025-09-10 20:00:00","2025-09-10 21:00:00","2026-09-03 19:51:40"
Nederland,Solar,Hour,0,0,0,0,"2025-09-10 21:00:00","2025-09-10 22:00:00","2026-09-03 19:51:40"
Nederland,Solar,Hour,0,0,0,0,"2025-09-10 22:00:00","2025-09-10 23:00:00","2026-09-03 19:51:40"
Nederland,Solar,Hour,0,0,0,0,"2025-09-10 23:00:00","2025-09-11 00:00:00","2026-09-03 19:51:40"
Nederland,Solar,Hour,0,0,0,0,"2025-09-11 00:00:00","2025-09-11 01:00:00","2026-09-03 19:51:40"
Nederland,Solar,Hour,0,0,0,0,"2025-09-11 01:00:00","2025-09-11 02:00:00","2026-09-03 19:51:40"
Nederland,Solar,Hour,0,0,0,0,"2025-09-11 02:00:00","2025-09-11 03:00:00","2026-09-03 19:51:40"
Nederland,Solar,Hour,0,0,0,0,"2025-09-11 03:00:00","2025-09-11 04:00:00","2026-09-03 19:51:40"
Nederland,Solar,Hour,0,0,0,0,"2025-09-11 04:00:00","2025-09-11 05:00:00","2026-09-03 19:51:40"
Nederland,Solar,Hour,53504,53503,0,0,"2025-09-11 05:00:00","2025-09-11 06:00:00","2026-09-03 19:51:40"
Nederland,Solar,Hour,1327959,1327958,0,0,"2025-09-11 06:00:00","2025-09-11 07:00:00","2026-09-03 19:51:40"
Nederland,Solar,Hour,4252004,4252002,0,0,"2025-09-11 07:00:00","2025-09-11 08:00:00","2026-09-03 19:51:40"
Nederland,Solar,Hour,6599340,6599338,0,0,"2025-09-11 08:00:00","2025-09-11 09:00:00","2026-09-03 19:51:40"
Nederland,Solar,Hour,9588031,9588029,0,0,"2025-09-11 09:00:00","2025-09-11 10:00:00","2026-09-03 19:51:40"
Nederland,Solar,Hour,9378326,9378323,0,0,"2025-09-11 10:00:00","2025-09-11 11:00:00","2026-09-03 19:51:40"
Nederland,Solar,Hour,8292216,8292215,0,0,"2025-09-11 11:00:00","2025-09-11 12:00:00","2026-09-03 19:51:40"
Nederland,Solar,Hour,9050590,9050589,0,0,"2025-09-11 12:00:00","2025-09-11 13:00:00","2026-09-03 19:51:40"
Nederland,Solar,Hour,6149612,6149609,0,0,"2025-09-11 13:00:00","2025-09-11 14:00:00","2026-09-03 19:51:40"
Nederland,Solar,Hour,5680304,5680302,0,0,"2025-09-11 14:00:00","2025-09-11 15:00:00","2026-09-03 19:51:40"
Nederland,Solar,Hour,4521207,4521205,0,0,"2025-09-11 15:00:00","2025-09-11 16:00:00","2026-09-03 19:51:40"
Nederland,Solar,Hour,3357741,3357739,0,0,"2025-09-11 16:00:00","2025-09-11 17:00:00","2026-09-03 19:51:40"
Nederland,Solar,Hour,1075169,1075167,0,0,"2025-09-11 17:00:00","2025-09-11 18:00:00","2026-09-03 19:51:40"
Nederland,Solar,Hour,9824,9824,0,0,"2025-09-11 18:00:00","2025-09-11 19:00:00","2026-09-03 19:51:40"
Nederland,Solar,Hour,0,0,0,0,"2025-09-11 19:00:00","2025-09-11 20:00:00","2026-09-03 19:51:40"
Nederland,Solar,Hour,0,0,0,0,"2025-09-11 20:00:00","2025-09-11 21:00:00","2026-09-03 19:51:40"
Nederland,Solar,Hour,0,0,0,0,"2025-09-11 21:00:00","2025-09-11 22:00:00","2026-09-03 19:51:40"
Nederland,Solar,Hour,0,0,0,0,"2025-09-11 22:00:00","2025-09-11 23:00:00","2026-09-03 19:51:40"
Nederland,Solar,Hour,0,0,0,0,"2025-09-11 23:00:00","2025-09-12 00:00:00","2026-09-03 19:51:40"
Nederland,Solar,Hour,0,0,0,0,"2025-09-12 00:00:00","2025-09-12 01:00:00","2026-09-03 19:50:07"
Nederland,Solar,Hour,0,0,0,0,"2025-09-12 01:00:00","2025-09-12 02:00:00","2026-09-03 19:50:07"
Nederland,Solar,Hour,0,0,0,0,"2025-09-12 02:00:00","2025-09-12 03:00:00","2026-09-03 19:50:07"
Nederland,Solar,Hour,0,0,0,0,"2025-09-12 03:00:00","2025-09-12 04:00:00","2026-09-03 19:50:07"
Nederland,Solar,Hour,0,0,0,0,"2025-09-12 04:00:00","2025-09-12 05:00:00","2026-09-03 19:50:07"
Nederland,Solar,Hour,131394,131393,0,0,"2025-09-12 05:00:00","2025-09-12 06:00:00","2026-09-03 19:50:07"
Nederland,Solar,Hour,2289108,2289106,0,0,"2025-09-12 06:00:00","2025-09-12 07:00:00","2026-09-03 19:50:07"
Nederland,Solar,Hour,5643863,5643861,0,0,"2025-09-12 07:00:00","2025-09-12 08:00:00","2026-09-03 19:50:07"
Nederland,Solar,Hour,8075030,8075029,0,0,"2025-09-12 08:00:00","2025-09-12 09:00:00","2026-09-03 19:50:07"
Nederland,Solar,Hour,10192306,10192304,0,0,"2025-09-12 09:00:00","2025-09-12 10:00:00","2026-09-03 19:50:07"
Nederland,Solar,Hour,10011286,10011284,0,0,"2025-09-12 10:00:00","2025-09-12 11:00:00","2026-09-03 19:50:07"
Nederland,Solar,Hour,8679832,8679829,0,0,"2025-09-12 11:00:00","2025-09-12 12:00:00","2026-09-03 19:50:07"
Nederland,Solar,Hour,10791304,10791302,0,0,"2025-09-12 12:00:00","2025-09-12 13:00:00","2026-09-03 19:50:07"
Nederland,Solar,Hour,10527666,10527663,0,0,"2025-09-12 13:00:00","2025-09-12 14:00:00","2026-09-03 19:50:07"
Nederland,Solar,Hour,8409068,8409067,0,0,"2025-09-12 14:00:00","2025-09-12 15:00:00","2026-09-03 19:50:07"
Nederland,Solar,Hour,5758767,5758765,0,0,"2025-09-12 15:00:00","2025-09-12 16:00:00","2026-09-03 19:50:07"
Nederland,Solar,Hour,2494261,2494259,0,0,"2025-09-12 16:00:00","2025-09-12 17:00:00","2026-09-03 19:50:07"
Nederland,Solar,Hour,556195,556193,0,0,"2025-09-12 17:00:00","2025-09-12 18:00:00","2026-09-03 19:50:07"
Nederland,Solar,Hour,19350,19350,0,0,"2025-09-12 18:00:00","2025-09-12 19:00:00","2026-09-03 19:50:07"
Nederland,Solar,Hour,0,0,0,0,"2025-09-12 19:00:00","2025-09-12 20:00:00","2026-09-03 19:50:07"
Nederland,Solar,Hour,0,0,0,0,"2025-09-12 20:00:00","2025-09-12 21:00:00","2026-09-03 19:50:07"
Nederland,Solar,Hour,0,0,0,0,"2025-09-12 21:00:00","2025-09-12 22:00:00","2026-09-03 19:50:07"
Nederland,Solar,Hour,0,0,0,0,"2025-09-12 22:00:00","2025-09-12 23:00:00","2026-09-03 19:50:07"
Nederland,Solar,Hour,0,0,0,0,"2025-09-12 23:00:00","2025-09-13 00:00:00","2026-09-03 19:50:07"
Nederland,Solar,Hour,0,0,0,0,"2025-09-13 00:00:00","2025-09-13 01:00:00","2026-09-03 19:50:07"
Nederland,Solar,Hour,0,0,0,0,"2025-09-13 01:00:00","2025-09-13 02:00:00","2026-09-03 19:50:07"
Nederland,Solar,Hour,0,0,0,0,"2025-09-13 02:00:00","2025-09-13 03:00:00","2026-09-03 19:50:07"
Nederland,Solar,Hour,0,0,0,0,"2025-09-13 03:00:00","2025-09-13 04:00:00","2026-09-03 19:50:07"
Nederland,Solar,Hour,0,0,0,0,"2025-09-13 04:00:00","2025-09-13 05:00:00","2026-09-03 19:50:07"
Nederland,Solar,Hour,26506,26505,0,0,"2025-09-13 05:00:00","2025-09-13 06:00:00","2026-09-03 19:50:07"
Nederland,Solar,Hour,1208007,1208005,0,0,"2025-09-13 06:00:00","2025-09-13 07:00:00","2026-09-03 19:50:07"
Nederland,Solar,Hour,4246235,4246233,0,0,"2025-09-13 07:00:00","2025-09-13 08:00:00","2026-09-03 19:50:07"
Nederland,Solar,Hour,7359546,7359544,0,0,"2025-09-13 08:00:00","2025-09-13 09:00:00","2026-09-03 19:50:07"
Nederland,Solar,Hour,8801626,8801624,0,0,"2025-09-13 09:00:00","2025-09-13 10:00:00","2026-09-03 19:50:07"
Nederland,Solar,Hour,9442017,9442015,0,0,"2025-09-13 10:00:00","2025-09-13 11:00:00","2026-09-03 19:50:07"
Nederland,Solar,Hour,9747131,9747129,0,0,"2025-09-13 11:00:00","2025-09-13 12:00:00","2026-09-03 19:50:07"
Nederland,Solar,Hour,8206653,8206651,0,0,"2025-09-13 12:00:00","2025-09-13 13:00:00","2026-09-03 19:50:07"
Nederland,Solar,Hour,6710994,6710991,0,0,"2025-09-13 13:00:00","2025-09-13 14:00:00","2026-09-03 19:50:07"
Nederland,Solar,Hour,5108957,5108956,0,0,"2025-09-13 14:00:00","2025-09-13 15:00:00","2026-09-03 19:50:07"
Nederland,Solar,Hour,2376378,2376376,0,0,"2025-09-13 15:00:00","2025-09-13 16:00:00","2026-09-03 19:50:07"
Nederland,Solar,Hour,1628812,1628810,0,0,"2025-09-13 16:00:00","2025-09-13 17:00:00","2026-09-03 19:50:07"
Nederland,Solar,Hour,895355,895353,0,0,"2025-09-13 17:00:00","2025-09-13 18:00:00","2026-09-03 19:50:07"
Nederland,Solar,Hour,16053,16053,0,0,"2025-09-13 18:00:00","2025-09-13 19:00:00","2026-09-03 19:50:07"
Nederland,Solar,Hour,0,0,0,0,"2025-09-13 19:00:00","2025-09-13 20:00:00","2026-09-03 19:50:07"
Nederland,Solar,Hour,0,0,0,0,"2025-09-13 20:00:00","2025-09-13 21:00:00","2026-09-03 19:50:07"
Nederland,Solar,Hour,0,0,0,0,"2025-09-13 21:00:00","2025-09-13 22:00:00","2026-09-03 19:50:07"
Nederland,Solar,Hour,0,0,0,0,"2025-09-13 22:00:00","2025-09-13 23:00:00","2026-09-03 19:50:07"
Nederland,Solar,Hour,0,0,0,0,"2025-09-13 23:00:00","2025-09-14 00:00:00","2026-09-03 19:50:07"
Nederland,Solar,Hour,0,0,0,0,"2025-09-14 00:00:00","2025-09-14 01:00:00","2026-09-03 19:50:07"
Nederland,Solar,Hour,0,0,0,0,"2025-09-14 01:00:00","2025-09-14 02:00:00","2026-09-03 19:50:07"
Nederland,Solar,Hour,0,0,0,0,"2025-09-14 02:00:00","2025-09-14 03:00:00","2026-09-03 19:50:07"
Nederland,Solar,Hour,0,0,0,0,"2025-09-14 03:00:00","2025-09-14 04:00:00","2026-09-03 19:50:07"
Nederland,Solar,Hour,0,0,0,0,"2025-09-14 04:00:00","2025-09-14 05:00:00","2026-09-03 19:50:07"
Nederland,Solar,Hour,89099,89099,0,0,"2025-09-14 05:00:00","2025-09-14 06:00:00","2026-09-03 19:50:07"
Nederland,Solar,Hour,2100608,2100606,0,0,"2025-09-14 06:00:00","2025-09-14 07:00:00","2026-09-03 19:50:07"
Nederland,Solar,Hour,5644932,5644929,0,0,"2025-09-14 07:00:00","2025-09-14 08:00:00","2026-09-03 19:50:07"
Nederland,Solar,Hour,9682507,9682505,0,0,"2025-09-14 08:00:00","2025-09-14 09:00:00","2026-09-03 19:50:07"
Nederland,Solar,Hour,12654661,12654661,0,0,"2025-09-14 09:00:00","2025-09-14 10:00:00","2026-09-03 19:50:07"
Nederland,Solar,Hour,13997591,13997588,0,0,"2025-09-14 10:00:00","2025-09-14 11:00:00","2026-09-03 19:50:07"
Nederland,Solar,Hour,12181436,12181433,0,0,"2025-09-14 11:00:00","2025-09-14 12:00:00","2026-09-03 19:50:07"
Nederland,Solar,Hour,11588204,11588201,0,0,"2025-09-14 12:00:00","2025-09-14 13:00:00","2026-09-03 19:50:07"
Nederland,Solar,Hour,9789699,9789697,0,0,"2025-09-14 13:00:00","2025-09-14 14:00:00","2026-09-03 19:50:07"
Nederland,Solar,Hour,7542718,7542716,0,0,"2025-09-14 14:00:00","2025-09-14 15:00:00","2026-09-03 19:50:07"
Nederland,Solar,Hour,4088559,4088557,0,0,"2025-09-14 15:00:00","2025-09-14 16:00:00","2026-09-03 19:50:07"
Nederland,Solar,Hour,1044312,1044310,0,0,"2025-09-14 16:00:00","2025-09-14 17:00:00","2026-09-03 19:50:07"
Nederland,Solar,Hour,139840,139839,0,0,"2025-09-14 17:00:00","2025-09-14 18:00:00","2026-09-03 19:50:07"
Nederland,Solar,Hour,0,0,0,0,"2025-09-14 18:00:00","2025-09-14 19:00:00","2026-09-03 19:50:07"
Nederland,Solar,Hour,0,0,0,0,"2025-09-14 19:00:00","2025-09-14 20:00:00","2026-09-03 19:50:07"
Nederland,Solar,Hour,0,0,0,0,"2025-09-14 20:00:00","2025-09-14 21:00:00","2026-09-03 19:50:07"
Nederland,Solar,Hour,0,0,0,0,"2025-09-14 21:00:00","2025-09-14 22:00:00","2026-09-03 19:50:07"
Nederland,Solar,Hour,0,0,0,0,"2025-09-14 22:00:00","2025-09-14 23:00:00","2026-09-03 19:50:07"
Nederland,Solar,Hour,0,0,0,0,"2025-09-14 23:00:00","2025-09-15 00:00:00","2026-09-03 19:50:07"
Nederland,Solar,Hour,0,0,0,0,"2025-09-15 00:00:00","2025-09-15 01:00:00","2026-09-03 19:50:07"
Nederland,Solar,Hour,0,0,0,0,"2025-09-15 01:00:00","2025-09-15 02:00:00","2026-09-03 19:50:07"
Nederland,Solar,Hour,0,0,0,0,"2025-09-15 02:00:00","2025-09-15 03:00:00","2026-09-03 19:50:07"
Nederland,Solar,Hour,0,0,0,0,"2025-09-15 03:00:00","2025-09-15 04:00:00","2026-09-03 19:50:07"
Nederland,Solar,Hour,0,0,0,0,"2025-09-15 04:00:00","2025-09-15 05:00:00","2026-09-03 19:50:07"
Nederland,Solar,Hour,52728,52726,0,0,"2025-09-15 05:00:00","2025-09-15 06:00:00","2026-09-03 19:50:07"
Nederland,Solar,Hour,1720943,1720941,0,0,"2025-09-15 06:00:00","2025-09-15 07:00:00","2026-09-03 19:50:07"
Nederland,Solar,Hour,4746716,4746715,0,0,"2025-09-15 07:00:00","2025-09-15 08:00:00","2026-09-03 19:50:07"
Nederland,Solar,Hour,6864801,6864799,0,0,"2025-09-15 08:00:00","2025-09-15 09:00:00","2026-09-03 19:50:07"
Nederland,Solar,Hour,7982562,7982559,0,0,"2025-09-15 09:00:00","2025-09-15 10:00:00","2026-09-03 19:50:07"
Nederland,Solar,Hour,9591878,9591876,0,0,"2025-09-15 10:00:00","2025-09-15 11:00:00","2026-09-03 19:50:07"
Nederland,Solar,Hour,10224782,10224780,0,0,"2025-09-15 11:00:00","2025-09-15 12:00:00","2026-09-03 19:50:07"
Nederland,Solar,Hour,10017129,10017126,0,0,"2025-09-15 12:00:00","2025-09-15 13:00:00","2026-09-03 19:50:07"
Nederland,Solar,Hour,10191898,10191895,0,0,"2025-09-15 13:00:00","2025-09-15 14:00:00","2026-09-03 19:50:07"
Nederland,Solar,Hour,8215365,8215363,0,0,"2025-09-15 14:00:00","2025-09-15 15:00:00","2026-09-03 19:50:07"
Nederland,Solar,Hour,5495810,5495808,0,0,"2025-09-15 15:00:00","2025-09-15 16:00:00","2026-09-03 19:50:07"
Nederland,Solar,Hour,2973849,2973847,0,0,"2025-09-15 16:00:00","2025-09-15 17:00:00","2026-09-03 19:50:07"
Nederland,Solar,Hour,581984,581981,0,0,"2025-09-15 17:00:00","2025-09-15 18:00:00","2026-09-03 19:50:07"
Nederland,Solar,Hour,0,0,0,0,"2025-09-15 18:00:00","2025-09-15 19:00:00","2026-09-03 19:50:07"
Nederland,Solar,Hour,0,0,0,0,"2025-09-15 19:00:00","2025-09-15 20:00:00","2026-09-03 19:50:07"
Nederland,Solar,Hour,0,0,0,0,"2025-09-15 20:00:00","2025-09-15 21:00:00","2026-09-03 19:50:07"
Nederland,Solar,Hour,0,0,0,0,"2025-09-15 21:00:00","2025-09-15 22:00:00","2026-09-03 19:50:07"
Nederland,Solar,Hour,0,0,0,0,"2025-09-15 22:00:00","2025-09-15 23:00:00","2026-09-03 19:50:07"
Nederland,Solar,Hour,0,0,0,0,"2025-09-15 23:00:00","2025-09-16 00:00:00","2026-09-03 19:50:07"
Nederland,Solar,Hour,0,0,0,0,"2025-09-16 00:00:00","2025-09-16 01:00:00","2026-09-03 19:50:07"
Nederland,Solar,Hour,0,0,0,0,"2025-09-16 01:00:00","2025-09-16 02:00:00","2026-09-03 19:50:07"
Nederland,Solar,Hour,0,0,0,0,"2025-09-16 02:00:00","2025-09-16 03:00:00","2026-09-03 19:50:07"
Nederland,Solar,Hour,0,0,0,0,"2025-09-16 03:00:00","2025-09-16 04:00:00","2026-09-03 19:50:07"
Nederland,Solar,Hour,0,0,0,0,"2025-09-16 04:00:00","2025-09-16 05:00:00","2026-09-03 19:50:07"
Nederland,Solar,Hour,17092,17092,0,0,"2025-09-16 05:00:00","2025-09-16 06:00:00","2026-09-03 19:50:07"
Nederland,Solar,Hour,986090,986088,0,0,"2025-09-16 06:00:00","2025-09-16 07:00:00","2026-09-03 19:50:07"
Nederland,Solar,Hour,3334270,3334268,0,0,"2025-09-16 07:00:00","2025-09-16 08:00:00","2026-09-03 19:50:07"
Nederland,Solar,Hour,5493507,5493505,0,0,"2025-09-16 08:00:00","2025-09-16 09:00:00","2026-09-03 19:50:07"
Nederland,Solar,Hour,7706899,7706898,0,0,"2025-09-16 09:00:00","2025-09-16 10:00:00","2026-09-03 19:50:07"
Nederland,Solar,Hour,7797730,7797727,0,0,"2025-09-16 10:00:00","2025-09-16 11:00:00","2026-09-03 19:50:07"
Nederland,Solar,Hour,7586858,7586857,0,0,"2025-09-16 11:00:00","2025-09-16 12:00:00","2026-09-03 19:50:07"
Nederland,Solar,Hour,5356810,5356809,0,0,"2025-09-16 12:00:00","2025-09-16 13:00:00","2026-09-03 19:50:07"
Nederland,Solar,Hour,5044840,5044838,0,0,"2025-09-16 13:00:00","2025-09-16 14:00:00","2026-09-03 19:50:07"
Nederland,Solar,Hour,4562772,4562770,0,0,"2025-09-16 14:00:00","2025-09-16 15:00:00","2026-09-03 19:50:07"
Nederland,Solar,Hour,4384444,4384442,0,0,"2025-09-16 15:00:00","2025-09-16 16:00:00","2026-09-03 19:50:07"
Nederland,Solar,Hour,2345377,2345375,0,0,"2025-09-16 16:00:00","2025-09-16 17:00:00","2026-09-03 19:50:07"
Nederland,Solar,Hour,397513,397511,0,0,"2025-09-16 17:00:00","2025-09-16 18:00:00","2026-09-03 19:50:07"
Nederland,Solar,Hour,0,0,0,0,"2025-09-16 18:00:00","2025-09-16 19:00:00","2026-09-03 19:50:07"
Nederland,Solar,Hour,0,0,0,0,"2025-09-16 19:00:00","2025-09-16 20:00:00","2026-09-03 19:50:07"
Nederland,Solar,Hour,0,0,0,0,"2025-09-16 20:00:00","2025-09-16 21:00:00","2026-09-03 19:50:07"
Nederland,Solar,Hour,0,0,0,0,"2025-09-16 21:00:00","2025-09-16 22:00:00","2026-09-03 19:50:07"
Nederland,Solar,Hour,0,0,0,0,"2025-09-16 22:00:00","2025-09-16 23:00:00","2026-09-03 19:50:07"
Nederland,Solar,Hour,0,0,0,0,"2025-09-16 23:00:00","2025-09-17 00:00:00","2026-09-03 19:50:07"
Nederland,Solar,Hour,0,0,0,0,"2025-09-17 00:00:00","2025-09-17 01:00:00","2026-09-03 19:48:31"
Nederland,Solar,Hour,0,0,0,0,"2025-09-17 01:00:00","2025-09-17 02:00:00","2026-09-03 19:48:31"
Nederland,Solar,Hour,0,0,0,0,"2025-09-17 02:00:00","2025-09-17 03:00:00","2026-09-03 19:48:31"
Nederland,Solar,Hour,0,0,0,0,"2025-09-17 03:00:00","2025-09-17 04:00:00","2026-09-03 19:48:31"
Nederland,Solar,Hour,0,0,0,0,"2025-09-17 04:00:00","2025-09-17 05:00:00","2026-09-03 19:48:31"
Nederland,Solar,Hour,30022,30021,0,0,"2025-09-17 05:00:00","2025-09-17 06:00:00","2026-09-03 19:48:31"
Nederland,Solar,Hour,865529,865526,0,0,"2025-09-17 06:00:00","2025-09-17 07:00:00","2026-09-03 19:48:31"
Nederland,Solar,Hour,1457406,1457404,0,0,"2025-09-17 07:00:00","2025-09-17 08:00:00","2026-09-03 19:48:31"
Nederland,Solar,Hour,2368194,2368192,0,0,"2025-09-17 08:00:00","2025-09-17 09:00:00","2026-09-03 19:48:31"
Nederland,Solar,Hour,4572608,4572604,0,0,"2025-09-17 09:00:00","2025-09-17 10:00:00","2026-09-03 19:48:31"
Nederland,Solar,Hour,5599265,5599264,0,0,"2025-09-17 10:00:00","2025-09-17 11:00:00","2026-09-03 19:48:31"
Nederland,Solar,Hour,5086918,5086916,0,0,"2025-09-17 11:00:00","2025-09-17 12:00:00","2026-09-03 19:48:31"
Nederland,Solar,Hour,4464615,4464613,0,0,"2025-09-17 12:00:00","2025-09-17 13:00:00","2026-09-03 19:48:31"
Nederland,Solar,Hour,3255109,3255108,0,0,"2025-09-17 13:00:00","2025-09-17 14:00:00","2026-09-03 19:48:31"
Nederland,Solar,Hour,1977508,1977505,0,0,"2025-09-17 14:00:00","2025-09-17 15:00:00","2026-09-03 19:48:31"
Nederland,Solar,Hour,1168856,1168854,0,0,"2025-09-17 15:00:00","2025-09-17 16:00:00","2026-09-03 19:48:31"
Nederland,Solar,Hour,628338,628336,0,0,"2025-09-17 16:00:00","2025-09-17 17:00:00","2026-09-03 19:48:31"
Nederland,Solar,Hour,87703,87702,0,0,"2025-09-17 17:00:00","2025-09-17 18:00:00","2026-09-03 19:48:31"
Nederland,Solar,Hour,0,0,0,0,"2025-09-17 18:00:00","2025-09-17 19:00:00","2026-09-03 19:48:31"
Nederland,Solar,Hour,0,0,0,0,"2025-09-17 19:00:00","2025-09-17 20:00:00","2026-09-03 19:48:31"
Nederland,Solar,Hour,0,0,0,0,"2025-09-17 20:00:00","2025-09-17 21:00:00","2026-09-03 19:48:31"
Nederland,Solar,Hour,0,0,0,0,"2025-09-17 21:00:00","2025-09-17 22:00:00","2026-09-03 19:48:31"
Nederland,Solar,Hour,0,0,0,0,"2025-09-17 22:00:00","2025-09-17 23:00:00","2026-09-03 19:48:31"
Nederland,Solar,Hour,0,0,0,0,"2025-09-17 23:00:00","2025-09-18 00:00:00","2026-09-03 19:48:31"
Nederland,Solar,Hour,0,0,0,0,"2025-09-18 00:00:00","2025-09-18 01:00:00","2026-09-03 19:48:31"
Nederland,Solar,Hour,0,0,0,0,"2025-09-18 01:00:00","2025-09-18 02:00:00","2026-09-03 19:48:31"
Nederland,Solar,Hour,0,0,0,0,"2025-09-18 02:00:00","2025-09-18 03:00:00","2026-09-03 19:48:31"
Nederland,Solar,Hour,0,0,0,0,"2025-09-18 03:00:00","2025-09-18 04:00:00","2026-09-03 19:48:31"
Nederland,Solar,Hour,0,0,0,0,"2025-09-18 04:00:00","2025-09-18 05:00:00","2026-09-03 19:48:31"
Nederland,Solar,Hour,2217,2217,0,0,"2025-09-18 05:00:00","2025-09-18 06:00:00","2026-09-03 19:48:31"
Nederland,Solar,Hour,376658,376657,0,0,"2025-09-18 06:00:00","2025-09-18 07:00:00","2026-09-03 19:48:31"
Nederland,Solar,Hour,1354626,1354624,0,0,"2025-09-18 07:00:00","2025-09-18 08:00:00","2026-09-03 19:48:31"
Nederland,Solar,Hour,2702454,2702452,0,0,"2025-09-18 08:00:00","2025-09-18 09:00:00","2026-09-03 19:48:31"
Nederland,Solar,Hour,3810667,3810665,0,0,"2025-09-18 09:00:00","2025-09-18 10:00:00","2026-09-03 19:48:31"
Nederland,Solar,Hour,4400787,4400785,0,0,"2025-09-18 10:00:00","2025-09-18 11:00:00","2026-09-03 19:48:31"
Nederland,Solar,Hour,3850725,3850722,0,0,"2025-09-18 11:00:00","2025-09-18 12:00:00","2026-09-03 19:48:31"
Nederland,Solar,Hour,3858952,3858950,0,0,"2025-09-18 12:00:00","2025-09-18 13:00:00","2026-09-03 19:48:31"
Nederland,Solar,Hour,4037311,4037309,0,0,"2025-09-18 13:00:00","2025-09-18 14:00:00","2026-09-03 19:48:31"
Nederland,Solar,Hour,4034733,4034731,0,0,"2025-09-18 14:00:00","2025-09-18 15:00:00","2026-09-03 19:48:31"
Nederland,Solar,Hour,2579276,2579274,0,0,"2025-09-18 15:00:00","2025-09-18 16:00:00","2026-09-03 19:48:31"
Nederland,Solar,Hour,1431703,1431700,0,0,"2025-09-18 16:00:00","2025-09-18 17:00:00","2026-09-03 19:48:31"
Nederland,Solar,Hour,301474,301473,0,0,"2025-09-18 17:00:00","2025-09-18 18:00:00","2026-09-03 19:48:31"
Nederland,Solar,Hour,0,0,0,0,"2025-09-18 18:00:00","2025-09-18 19:00:00","2026-09-03 19:48:31"
Nederland,Solar,Hour,0,0,0,0,"2025-09-18 19:00:00","2025-09-18 20:00:00","2026-09-03 19:48:31"
Nederland,Solar,Hour,0,0,0,0,"2025-09-18 20:00:00","2025-09-18 21:00:00","2026-09-03 19:48:31"
Nederland,Solar,Hour,0,0,0,0,"2025-09-18 21:00:00","2025-09-18 22:00:00","2026-09-03 19:48:31"
Nederland,Solar,Hour,0,0,0,0,"2025-09-18 22:00:00","2025-09-18 23:00:00","2026-09-03 19:48:31"
Nederland,Solar,Hour,0,0,0,0,"2025-09-18 23:00:00","2025-09-19 00:00:00","2026-09-03 19:48:31"
Nederland,Solar,Hour,0,0,0,0,"2025-09-19 00:00:00","2025-09-19 01:00:00","2026-09-03 19:48:31"
Nederland,Solar,Hour,0,0,0,0,"2025-09-19 01:00:00","2025-09-19 02:00:00","2026-09-03 19:48:31"
Nederland,Solar,Hour,0,0,0,0,"2025-09-19 02:00:00","2025-09-19 03:00:00","2026-09-03 19:48:31"
Nederland,Solar,Hour,0,0,0,0,"2025-09-19 03:00:00","2025-09-19 04:00:00","2026-09-03 19:48:31"
Nederland,Solar,Hour,0,0,0,0,"2025-09-19 04:00:00","2025-09-19 05:00:00","2026-09-03 19:48:31"
Nederland,Solar,Hour,26241,26241,0,0,"2025-09-19 05:00:00","2025-09-19 06:00:00","2026-09-03 19:48:31"
Nederland,Solar,Hour,1504069,1504068,0,0,"2025-09-19 06:00:00","2025-09-19 07:00:00","2026-09-03 19:48:31"
Nederland,Solar,Hour,4458260,4458259,0,0,"2025-09-19 07:00:00","2025-09-19 08:00:00","2026-09-03 19:48:31"
Nederland,Solar,Hour,8113260,8113259,0,0,"2025-09-19 08:00:00","2025-09-19 09:00:00","2026-09-03 19:48:31"
Nederland,Solar,Hour,11919056,11919055,0,0,"2025-09-19 09:00:00","2025-09-19 10:00:00","2026-09-03 19:48:31"
Nederland,Solar,Hour,13979291,13979289,0,0,"2025-09-19 10:00:00","2025-09-19 11:00:00","2026-09-03 19:48:31"
Nederland,Solar,Hour,13010535,13010533,0,0,"2025-09-19 11:00:00","2025-09-19 12:00:00","2026-09-03 19:48:31"
Nederland,Solar,Hour,12206807,12206805,0,0,"2025-09-19 12:00:00","2025-09-19 13:00:00","2026-09-03 19:48:31"
Nederland,Solar,Hour,11910170,11910168,0,0,"2025-09-19 13:00:00","2025-09-19 14:00:00","2026-09-03 19:48:31"
Nederland,Solar,Hour,9738300,9738298,0,0,"2025-09-19 14:00:00","2025-09-19 15:00:00","2026-09-03 19:48:31"
Nederland,Solar,Hour,6943178,6943174,0,0,"2025-09-19 15:00:00","2025-09-19 16:00:00","2026-09-03 19:48:31"
Nederland,Solar,Hour,3500387,3500385,0,0,"2025-09-19 16:00:00","2025-09-19 17:00:00","2026-09-03 19:48:31"
Nederland,Solar,Hour,534394,534392,0,0,"2025-09-19 17:00:00","2025-09-19 18:00:00","2026-09-03 19:48:31"
Nederland,Solar,Hour,0,0,0,0,"2025-09-19 18:00:00","2025-09-19 19:00:00","2026-09-03 19:48:31"
Nederland,Solar,Hour,0,0,0,0,"2025-09-19 19:00:00","2025-09-19 20:00:00","2026-09-03 19:48:31"
Nederland,Solar,Hour,0,0,0,0,"2025-09-19 20:00:00","2025-09-19 21:00:00","2026-09-03 19:48:31"
Nederland,Solar,Hour,0,0,0,0,"2025-09-19 21:00:00","2025-09-19 22:00:00","2026-09-03 19:48:31"
Nederland,Solar,Hour,0,0,0,0,"2025-09-19 22:00:00","2025-09-19 23:00:00","2026-09-03 19:48:31"
Nederland,Solar,Hour,0,0,0,0,"2025-09-19 23:00:00","2025-09-20 00:00:00","2026-09-03 19:48:31"
Nederland,Solar,Hour,0,0,0,0,"2025-09-20 00:00:00","2025-09-20 01:00:00","2026-09-03 19:48:31"
Nederland,Solar,Hour,0,0,0,0,"2025-09-20 01:00:00","2025-09-20 02:00:00","2026-09-03 19:48:31"
Nederland,Solar,Hour,0,0,0,0,"2025-09-20 02:00:00","2025-09-20 03:00:00","2026-09-03 19:48:31"
Nederland,Solar,Hour,0,0,0,0,"2025-09-20 03:00:00","2025-09-20 04:00:00","2026-09-03 19:48:31"
Nederland,Solar,Hour,0,0,0,0,"2025-09-20 04:00:00","2025-09-20 05:00:00","2026-09-03 19:48:31"
Nederland,Solar,Hour,7973,7973,0,0,"2025-09-20 05:00:00","2025-09-20 06:00:00","2026-09-03 19:48:31"
Nederland,Solar,Hour,764309,764306,0,0,"2025-09-20 06:00:00","2025-09-20 07:00:00","2026-09-03 19:48:31"
Nederland,Solar,Hour,3049190,3049188,0,0,"2025-09-20 07:00:00","2025-09-20 08:00:00","2026-09-03 19:48:31"
Nederland,Solar,Hour,6287759,6287757,0,0,"2025-09-20 08:00:00","2025-09-20 09:00:00","2026-09-03 19:48:31"
Nederland,Solar,Hour,8870392,8870390,0,0,"2025-09-20 09:00:00","2025-09-20 10:00:00","2026-09-03 19:48:31"
Nederland,Solar,Hour,5990533,5990532,0,0,"2025-09-20 10:00:00","2025-09-20 11:00:00","2026-09-03 19:48:31"
Nederland,Solar,Hour,3173460,3173459,0,0,"2025-09-20 11:00:00","2025-09-20 12:00:00","2026-09-03 19:48:31"
Nederland,Solar,Hour,1895970,1895967,0,0,"2025-09-20 12:00:00","2025-09-20 13:00:00","2026-09-03 19:48:31"
Nederland,Solar,Hour,2060962,2060961,0,0,"2025-09-20 13:00:00","2025-09-20 14:00:00","2026-09-03 19:48:31"
Nederland,Solar,Hour,2584024,2584022,0,0,"2025-09-20 14:00:00","2025-09-20 15:00:00","2026-09-03 19:48:31"
Nederland,Solar,Hour,2920843,2920840,0,0,"2025-09-20 15:00:00","2025-09-20 16:00:00","2026-09-03 19:48:31"
Nederland,Solar,Hour,1785302,1785299,0,0,"2025-09-20 16:00:00","2025-09-20 17:00:00","2026-09-03 19:48:31"
Nederland,Solar,Hour,300553,300552,0,0,"2025-09-20 17:00:00","2025-09-20 18:00:00","2026-09-03 19:48:31"
Nederland,Solar,Hour,0,0,0,0,"2025-09-20 18:00:00","2025-09-20 19:00:00","2026-09-03 19:48:31"
Nederland,Solar,Hour,0,0,0,0,"2025-09-20 19:00:00","2025-09-20 20:00:00","2026-09-03 19:48:31"
Nederland,Solar,Hour,0,0,0,0,"2025-09-20 20:00:00","2025-09-20 21:00:00","2026-09-03 19:48:31"
Nederland,Solar,Hour,0,0,0,0,"2025-09-20 21:00:00","2025-09-20 22:00:00","2026-09-03 19:48:31"
Nederland,Solar,Hour,0,0,0,0,"2025-09-20 22:00:00","2025-09-20 23:00:00","2026-09-03 19:48:31"
Nederland,Solar,Hour,0,0,0,0,"2025-09-20 23:00:00","2025-09-21 00:00:00","2026-09-03 19:48:31"
Nederland,Solar,Hour,0,0,0,0,"2025-09-21 00:00:00","2025-09-21 01:00:00","2026-09-03 19:48:31"
Nederland,Solar,Hour,0,0,0,0,"2025-09-21 01:00:00","2025-09-21 02:00:00","2026-09-03 19:48:31"
Nederland,Solar,Hour,0,0,0,0,"2025-09-21 02:00:00","2025-09-21 03:00:00","2026-09-03 19:48:31"
Nederland,Solar,Hour,0,0,0,0,"2025-09-21 03:00:00","2025-09-21 04:00:00","2026-09-03 19:48:31"
Nederland,Solar,Hour,0,0,0,0,"2025-09-21 04:00:00","2025-09-21 05:00:00","2026-09-03 19:48:31"
Nederland,Solar,Hour,9501,9501,0,0,"2025-09-21 05:00:00","2025-09-21 06:00:00","2026-09-03 19:48:31"
Nederland,Solar,Hour,577055,577053,0,0,"2025-09-21 06:00:00","2025-09-21 07:00:00","2026-09-03 19:48:31"
Nederland,Solar,Hour,1795509,1795507,0,0,"2025-09-21 07:00:00","2025-09-21 08:00:00","2026-09-03 19:48:31"
Nederland,Solar,Hour,3562272,3562271,0,0,"2025-09-21 08:00:00","2025-09-21 09:00:00","2026-09-03 19:48:31"
Nederland,Solar,Hour,5125096,5125094,0,0,"2025-09-21 09:00:00","2025-09-21 10:00:00","2026-09-03 19:48:31"
Nederland,Solar,Hour,5598434,5598431,0,0,"2025-09-21 10:00:00","2025-09-21 11:00:00","2026-09-03 19:48:31"
Nederland,Solar,Hour,5732223,5732221,0,0,"2025-09-21 11:00:00","2025-09-21 12:00:00","2026-09-03 19:48:31"
Nederland,Solar,Hour,6608655,6608653,0,0,"2025-09-21 12:00:00","2025-09-21 13:00:00","2026-09-03 19:48:31"
Nederland,Solar,Hour,6410795,6410792,0,0,"2025-09-21 13:00:00","2025-09-21 14:00:00","2026-09-03 19:48:31"
Nederland,Solar,Hour,6796167,6796166,0,0,"2025-09-21 14:00:00","2025-09-21 15:00:00","2026-09-03 19:48:31"
Nederland,Solar,Hour,5364686,5364684,0,0,"2025-09-21 15:00:00","2025-09-21 16:00:00","2026-09-03 19:48:31"
Nederland,Solar,Hour,3251095,3251093,0,0,"2025-09-21 16:00:00","2025-09-21 17:00:00","2026-09-03 19:48:31"
Nederland,Solar,Hour,594015,594013,0,0,"2025-09-21 17:00:00","2025-09-21 18:00:00","2026-09-03 19:48:31"
Nederland,Solar,Hour,0,0,0,0,"2025-09-21 18:00:00","2025-09-21 19:00:00","2026-09-03 19:48:31"
Nederland,Solar,Hour,0,0,0,0,"2025-09-21 19:00:00","2025-09-21 20:00:00","2026-09-03 19:48:31"
Nederland,Solar,Hour,0,0,0,0,"2025-09-21 20:00:00","2025-09-21 21:00:00","2026-09-03 19:48:31"
Nederland,Solar,Hour,0,0,0,0,"2025-09-21 21:00:00","2025-09-21 22:00:00","2026-09-03 19:48:31"
Nederland,Solar,Hour,0,0,0,0,"2025-09-21 22:00:00","2025-09-21 23:00:00","2026-09-03 19:48:31"
Nederland,Solar,Hour,0,0,0,0,"2025-09-21 23:00:00","2025-09-22 00:00:00","2026-09-03 19:48:31"
Nederland,Solar,Hour,0,0,0,0,"2025-09-22 00:00:00","2025-09-22 01:00:00","2026-09-03 19:46:55"
Nederland,Solar,Hour,0,0,0,0,"2025-09-22 01:00:00","2025-09-22 02:00:00","2026-09-03 19:46:55"
Nederland,Solar,Hour,0,0,0,0,"2025-09-22 02:00:00","2025-09-22 03:00:00","2026-09-03 19:46:55"
Nederland,Solar,Hour,0,0,0,0,"2025-09-22 03:00:00","2025-09-22 04:00:00","2026-09-03 19:46:55"
Nederland,Solar,Hour,0,0,0,0,"2025-09-22 04:00:00","2025-09-22 05:00:00","2026-09-03 19:46:55"
Nederland,Solar,Hour,3120,3120,0,0,"2025-09-22 05:00:00","2025-09-22 06:00:00","2026-09-03 19:46:55"
Nederland,Solar,Hour,725633,725632,0,0,"2025-09-22 06:00:00","2025-09-22 07:00:00","2026-09-03 19:46:55"
Nederland,Solar,Hour,3995200,3995198,0,0,"2025-09-22 07:00:00","2025-09-22 08:00:00","2026-09-03 19:46:55"
Nederland,Solar,Hour,8485606,8485605,0,0,"2025-09-22 08:00:00","2025-09-22 09:00:00","2026-09-03 19:46:55"
Nederland,Solar,Hour,11903369,11903368,0,0,"2025-09-22 09:00:00","2025-09-22 10:00:00","2026-09-03 19:46:55"
Nederland,Solar,Hour,10585555,10585554,0,0,"2025-09-22 10:00:00","2025-09-22 11:00:00","2026-09-03 19:46:55"
Nederland,Solar,Hour,12353761,12353759,0,0,"2025-09-22 11:00:00","2025-09-22 12:00:00","2026-09-03 19:46:55"
Nederland,Solar,Hour,12584182,12584180,0,0,"2025-09-22 12:00:00","2025-09-22 13:00:00","2026-09-03 19:46:55"
Nederland,Solar,Hour,11185918,11185916,0,0,"2025-09-22 13:00:00","2025-09-22 14:00:00","2026-09-03 19:46:55"
Nederland,Solar,Hour,8496646,8496645,0,0,"2025-09-22 14:00:00","2025-09-22 15:00:00","2026-09-03 19:46:55"
Nederland,Solar,Hour,5419319,5419317,0,0,"2025-09-22 15:00:00","2025-09-22 16:00:00","2026-09-03 19:46:55"
Nederland,Solar,Hour,3160982,3160980,0,0,"2025-09-22 16:00:00","2025-09-22 17:00:00","2026-09-03 19:46:55"
Nederland,Solar,Hour,380294,380292,0,0,"2025-09-22 17:00:00","2025-09-22 18:00:00","2026-09-03 19:46:55"
Nederland,Solar,Hour,0,0,0,0,"2025-09-22 18:00:00","2025-09-22 19:00:00","2026-09-03 19:46:55"
Nederland,Solar,Hour,0,0,0,0,"2025-09-22 19:00:00","2025-09-22 20:00:00","2026-09-03 19:46:55"
Nederland,Solar,Hour,0,0,0,0,"2025-09-22 20:00:00","2025-09-22 21:00:00","2026-09-03 19:46:55"
Nederland,Solar,Hour,0,0,0,0,"2025-09-22 21:00:00","2025-09-22 22:00:00","2026-09-03 19:46:55"
Nederland,Solar,Hour,0,0,0,0,"2025-09-22 22:00:00","2025-09-22 23:00:00","2026-09-03 19:46:55"
Nederland,Solar,Hour,0,0,0,0,"2025-09-22 23:00:00","2025-09-23 00:00:00","2026-09-03 19:46:55"
Nederland,Solar,Hour,0,0,0,0,"2025-09-23 00:00:00","2025-09-23 01:00:00","2026-09-03 19:46:55"
Nederland,Solar,Hour,0,0,0,0,"2025-09-23 01:00:00","2025-09-23 02:00:00","2026-09-03 19:46:55"
Nederland,Solar,Hour,0,0,0,0,"2025-09-23 02:00:00","2025-09-23 03:00:00","2026-09-03 19:46:55"
Nederland,Solar,Hour,0,0,0,0,"2025-09-23 03:00:00","2025-09-23 04:00:00","2026-09-03 19:46:55"
Nederland,Solar,Hour,0,0,0,0,"2025-09-23 04:00:00","2025-09-23 05:00:00","2026-09-03 19:46:55"
Nederland,Solar,Hour,22553,22553,0,0,"2025-09-23 05:00:00","2025-09-23 06:00:00","2026-09-03 19:46:55"
Nederland,Solar,Hour,1484708,1484707,0,0,"2025-09-23 06:00:00","2025-09-23 07:00:00","2026-09-03 19:46:55"
Nederland,Solar,Hour,4918677,4918676,0,0,"2025-09-23 07:00:00","2025-09-23 08:00:00","2026-09-03 19:46:55"
Nederland,Solar,Hour,9033579,9033577,0,0,"2025-09-23 08:00:00","2025-09-23 09:00:00","2026-09-03 19:46:55"
Nederland,Solar,Hour,11569234,11569231,0,0,"2025-09-23 09:00:00","2025-09-23 10:00:00","2026-09-03 19:46:55"
Nederland,Solar,Hour,11265863,11265860,0,0,"2025-09-23 10:00:00","2025-09-23 11:00:00","2026-09-03 19:46:55"
Nederland,Solar,Hour,10846840,10846838,0,0,"2025-09-23 11:00:00","2025-09-23 12:00:00","2026-09-03 19:46:55"
Nederland,Solar,Hour,8718806,8718804,0,0,"2025-09-23 12:00:00","2025-09-23 13:00:00","2026-09-03 19:46:55"
Nederland,Solar,Hour,8807239,8807238,0,0,"2025-09-23 13:00:00","2025-09-23 14:00:00","2026-09-03 19:46:55"
Nederland,Solar,Hour,7904174,7904172,0,0,"2025-09-23 14:00:00","2025-09-23 15:00:00","2026-09-03 19:46:55"
Nederland,Solar,Hour,4921976,4921974,0,0,"2025-09-23 15:00:00","2025-09-23 16:00:00","2026-09-03 19:46:55"
Nederland,Solar,Hour,2505884,2505883,0,0,"2025-09-23 16:00:00","2025-09-23 17:00:00","2026-09-03 19:46:55"
Nederland,Solar,Hour,408504,408502,0,0,"2025-09-23 17:00:00","2025-09-23 18:00:00","2026-09-03 19:46:55"
Nederland,Solar,Hour,0,0,0,0,"2025-09-23 18:00:00","2025-09-23 19:00:00","2026-09-03 19:46:55"
Nederland,Solar,Hour,0,0,0,0,"2025-09-23 19:00:00","2025-09-23 20:00:00","2026-09-03 19:46:55"
Nederland,Solar,Hour,0,0,0,0,"2025-09-23 20:00:00","2025-09-23 21:00:00","2026-09-03 19:46:55"
Nederland,Solar,Hour,0,0,0,0,"2025-09-23 21:00:00","2025-09-23 22:00:00","2026-09-03 19:46:55"
Nederland,Solar,Hour,0,0,0,0,"2025-09-23 22:00:00","2025-09-23 23:00:00","2026-09-03 19:46:55"
Nederland,Solar,Hour,0,0,0,0,"2025-09-23 23:00:00","2025-09-24 00:00:00","2026-09-03 19:46:55"
Nederland,Solar,Hour,0,0,0,0,"2025-09-24 00:00:00","2025-09-24 01:00:00","2026-09-03 19:46:55"
Nederland,Solar,Hour,0,0,0,0,"2025-09-24 01:00:00","2025-09-24 02:00:00","2026-09-03 19:46:55"
Nederland,Solar,Hour,0,0,0,0,"2025-09-24 02:00:00","2025-09-24 03:00:00","2026-09-03 19:46:55"
Nederland,Solar,Hour,0,0,0,0,"2025-09-24 03:00:00","2025-09-24 04:00:00","2026-09-03 19:46:55"
Nederland,Solar,Hour,0,0,0,0,"2025-09-24 04:00:00","2025-09-24 05:00:00","2026-09-03 19:46:55"
Nederland,Solar,Hour,8546,8546,0,0,"2025-09-24 05:00:00","2025-09-24 06:00:00","2026-09-03 19:46:55"
Nederland,Solar,Hour,1312471,1312469,0,0,"2025-09-24 06:00:00","2025-09-24 07:00:00","2026-09-03 19:46:55"
Nederland,Solar,Hour,4606360,4606359,0,0,"2025-09-24 07:00:00","2025-09-24 08:00:00","2026-09-03 19:46:55"
Nederland,Solar,Hour,8135515,8135513,0,0,"2025-09-24 08:00:00","2025-09-24 09:00:00","2026-09-03 19:46:55"
Nederland,Solar,Hour,10911770,10911768,0,0,"2025-09-24 09:00:00","2025-09-24 10:00:00","2026-09-03 19:46:55"
Nederland,Solar,Hour,12095058,12095056,0,0,"2025-09-24 10:00:00","2025-09-24 11:00:00","2026-09-03 19:46:55"
Nederland,Solar,Hour,11583908,11583905,0,0,"2025-09-24 11:00:00","2025-09-24 12:00:00","2026-09-03 19:46:55"
Nederland,Solar,Hour,11728296,11728294,0,0,"2025-09-24 12:00:00","2025-09-24 13:00:00","2026-09-03 19:46:55"
Nederland,Solar,Hour,11340110,11340108,0,0,"2025-09-24 13:00:00","2025-09-24 14:00:00","2026-09-03 19:46:55"
Nederland,Solar,Hour,8344496,8344494,0,0,"2025-09-24 14:00:00","2025-09-24 15:00:00","2026-09-03 19:46:55"
Nederland,Solar,Hour,5301041,5301039,0,0,"2025-09-24 15:00:00","2025-09-24 16:00:00","2026-09-03 19:46:55"
Nederland,Solar,Hour,2012858,2012855,0,0,"2025-09-24 16:00:00","2025-09-24 17:00:00","2026-09-03 19:46:55"
Nederland,Solar,Hour,156699,156699,0,0,"2025-09-24 17:00:00","2025-09-24 18:00:00","2026-09-03 19:46:55"
Nederland,Solar,Hour,0,0,0,0,"2025-09-24 18:00:00","2025-09-24 19:00:00","2026-09-03 19:46:55"
Nederland,Solar,Hour,0,0,0,0,"2025-09-24 19:00:00","2025-09-24 20:00:00","2026-09-03 19:46:55"
Nederland,Solar,Hour,0,0,0,0,"2025-09-24 20:00:00","2025-09-24 21:00:00","2026-09-03 19:46:55"
Nederland,Solar,Hour,0,0,0,0,"2025-09-24 21:00:00","2025-09-24 22:00:00","2026-09-03 19:46:55"
Nederland,Solar,Hour,0,0,0,0,"2025-09-24 22:00:00","2025-09-24 23:00:00","2026-09-03 19:46:55"
Nederland,Solar,Hour,0,0,0,0,"2025-09-24 23:00:00","2025-09-25 00:00:00","2026-09-03 19:46:55"
Nederland,Solar,Hour,0,0,0,0,"2025-09-25 00:00:00","2025-09-25 01:00:00","2026-09-03 19:46:55"
Nederland,Solar,Hour,0,0,0,0,"2025-09-25 01:00:00","2025-09-25 02:00:00","2026-09-03 19:46:55"
Nederland,Solar,Hour,0,0,0,0,"2025-09-25 02:00:00","2025-09-25 03:00:00","2026-09-03 19:46:55"
Nederland,Solar,Hour,0,0,0,0,"2025-09-25 03:00:00","2025-09-25 04:00:00","2026-09-03 19:46:55"
Nederland,Solar,Hour,0,0,0,0,"2025-09-25 04:00:00","2025-09-25 05:00:00","2026-09-03 19:46:55"
Nederland,Solar,Hour,2690,2690,0,0,"2025-09-25 05:00:00","2025-09-25 06:00:00","2026-09-03 19:46:55"
Nederland,Solar,Hour,916969,916967,0,0,"2025-09-25 06:00:00","2025-09-25 07:00:00","2026-09-03 19:46:55"
Nederland,Solar,Hour,3711055,3711055,0,0,"2025-09-25 07:00:00","2025-09-25 08:00:00","2026-09-03 19:46:55"
Nederland,Solar,Hour,5874380,5874377,0,0,"2025-09-25 08:00:00","2025-09-25 09:00:00","2026-09-03 19:46:55"
Nederland,Solar,Hour,7851717,7851715,0,0,"2025-09-25 09:00:00","2025-09-25 10:00:00","2026-09-03 19:46:55"
Nederland,Solar,Hour,8781603,8781601,0,0,"2025-09-25 10:00:00","2025-09-25 11:00:00","2026-09-03 19:46:55"
Nederland,Solar,Hour,10516020,10516019,0,0,"2025-09-25 11:00:00","2025-09-25 12:00:00","2026-09-03 19:46:55"
Nederland,Solar,Hour,10483424,10483421,0,0,"2025-09-25 12:00:00","2025-09-25 13:00:00","2026-09-03 19:46:55"
Nederland,Solar,Hour,8319375,8319373,0,0,"2025-09-25 13:00:00","2025-09-25 14:00:00","2026-09-03 19:46:55"
Nederland,Solar,Hour,5436488,5436486,0,0,"2025-09-25 14:00:00","2025-09-25 15:00:00","2026-09-03 19:46:55"
Nederland,Solar,Hour,2719801,2719799,0,0,"2025-09-25 15:00:00","2025-09-25 16:00:00","2026-09-03 19:46:55"
Nederland,Solar,Hour,1041502,1041500,0,0,"2025-09-25 16:00:00","2025-09-25 17:00:00","2026-09-03 19:46:55"
Nederland,Solar,Hour,131484,131482,0,0,"2025-09-25 17:00:00","2025-09-25 18:00:00","2026-09-03 19:46:55"
Nederland,Solar,Hour,0,0,0,0,"2025-09-25 18:00:00","2025-09-25 19:00:00","2026-09-03 19:46:55"
Nederland,Solar,Hour,0,0,0,0,"2025-09-25 19:00:00","2025-09-25 20:00:00","2026-09-03 19:46:55"
Nederland,Solar,Hour,0,0,0,0,"2025-09-25 20:00:00","2025-09-25 21:00:00","2026-09-03 19:46:55"
Nederland,Solar,Hour,0,0,0,0,"2025-09-25 21:00:00","2025-09-25 22:00:00","2026-09-03 19:46:55"
Nederland,Solar,Hour,0,0,0,0,"2025-09-25 22:00:00","2025-09-25 23:00:00","2026-09-03 19:46:55"
Nederland,Solar,Hour,0,0,0,0,"2025-09-25 23:00:00","2025-09-26 00:00:00","2026-09-03 19:46:55"
Nederland,Solar,Hour,0,0,0,0,"2025-09-26 00:00:00","2025-09-26 01:00:00","2026-09-03 19:46:55"
Nederland,Solar,Hour,0,0,0,0,"2025-09-26 01:00:00","2025-09-26 02:00:00","2026-09-03 19:46:55"
Nederland,Solar,Hour,0,0,0,0,"2025-09-26 02:00:00","2025-09-26 03:00:00","2026-09-03 19:46:55"
Nederland,Solar,Hour,0,0,0,0,"2025-09-26 03:00:00","2025-09-26 04:00:00","2026-09-03 19:46:55"
Nederland,Solar,Hour,0,0,0,0,"2025-09-26 04:00:00","2025-09-26 05:00:00","2026-09-03 19:46:55"
Nederland,Solar,Hour,0,0,0,0,"2025-09-26 05:00:00","2025-09-26 06:00:00","2026-09-03 19:46:55"
Nederland,Solar,Hour,429248,429245,0,0,"2025-09-26 06:00:00","2025-09-26 07:00:00","2026-09-03 19:46:55"
Nederland,Solar,Hour,1909838,1909836,0,0,"2025-09-26 07:00:00","2025-09-26 08:00:00","2026-09-03 19:46:55"
Nederland,Solar,Hour,3877543,3877540,0,0,"2025-09-26 08:00:00","2025-09-26 09:00:00","2026-09-03 19:46:55"
Nederland,Solar,Hour,6012300,6012298,0,0,"2025-09-26 09:00:00","2025-09-26 10:00:00","2026-09-03 19:46:55"
Nederland,Solar,Hour,8085553,8085552,0,0,"2025-09-26 10:00:00","2025-09-26 11:00:00","2026-09-03 19:46:55"
Nederland,Solar,Hour,8044690,8044687,0,0,"2025-09-26 11:00:00","2025-09-26 12:00:00","2026-09-03 19:46:55"
Nederland,Solar,Hour,7510389,7510388,0,0,"2025-09-26 12:00:00","2025-09-26 13:00:00","2026-09-03 19:46:55"
Nederland,Solar,Hour,7271074,7271073,0,0,"2025-09-26 13:00:00","2025-09-26 14:00:00","2026-09-03 19:46:55"
Nederland,Solar,Hour,6728877,6728875,0,0,"2025-09-26 14:00:00","2025-09-26 15:00:00","2026-09-03 19:46:55"
Nederland,Solar,Hour,4113984,4113981,0,0,"2025-09-26 15:00:00","2025-09-26 16:00:00","2026-09-03 19:46:55"
Nederland,Solar,Hour,1669921,1669920,0,0,"2025-09-26 16:00:00","2025-09-26 17:00:00","2026-09-03 19:46:55"
Nederland,Solar,Hour,118919,118918,0,0,"2025-09-26 17:00:00","2025-09-26 18:00:00","2026-09-03 19:46:55"
Nederland,Solar,Hour,0,0,0,0,"2025-09-26 18:00:00","2025-09-26 19:00:00","2026-09-03 19:46:55"
Nederland,Solar,Hour,0,0,0,0,"2025-09-26 19:00:00","2025-09-26 20:00:00","2026-09-03 19:46:55"
Nederland,Solar,Hour,0,0,0,0,"2025-09-26 20:00:00","2025-09-26 21:00:00","2026-09-03 19:46:55"
Nederland,Solar,Hour,0,0,0,0,"2025-09-26 21:00:00","2025-09-26 22:00:00","2026-09-03 19:46:55"
Nederland,Solar,Hour,0,0,0,0,"2025-09-26 22:00:00","2025-09-26 23:00:00","2026-09-03 19:46:55"
Nederland,Solar,Hour,0,0,0,0,"2025-09-26 23:00:00","2025-09-27 00:00:00","2026-09-03 19:46:55"
Nederland,Solar,Hour,0,0,0,0,"2025-09-27 00:00:00","2025-09-27 01:00:00","2026-09-03 19:45:19"
Nederland,Solar,Hour,0,0,0,0,"2025-09-27 01:00:00","2025-09-27 02:00:00","2026-09-03 19:45:19"
Nederland,Solar,Hour,0,0,0,0,"2025-09-27 02:00:00","2025-09-27 03:00:00","2026-09-03 19:45:19"
Nederland,Solar,Hour,0,0,0,0,"2025-09-27 03:00:00","2025-09-27 04:00:00","2026-09-03 19:45:19"
Nederland,Solar,Hour,0,0,0,0,"2025-09-27 04:00:00","2025-09-27 05:00:00","2026-09-03 19:45:19"
Nederland,Solar,Hour,0,0,0,0,"2025-09-27 05:00:00","2025-09-27 06:00:00","2026-09-03 19:45:19"
Nederland,Solar,Hour,327189,327189,0,0,"2025-09-27 06:00:00","2025-09-27 07:00:00","2026-09-03 19:45:19"
Nederland,Solar,Hour,1782020,1782018,0,0,"2025-09-27 07:00:00","2025-09-27 08:00:00","2026-09-03 19:45:19"
Nederland,Solar,Hour,3434879,3434877,0,0,"2025-09-27 08:00:00","2025-09-27 09:00:00","2026-09-03 19:45:19"
Nederland,Solar,Hour,5402280,5402278,0,0,"2025-09-27 09:00:00","2025-09-27 10:00:00","2026-09-03 19:45:19"
Nederland,Solar,Hour,7350719,7350716,0,0,"2025-09-27 10:00:00","2025-09-27 11:00:00","2026-09-03 19:45:19"
Nederland,Solar,Hour,7408278,7408276,0,0,"2025-09-27 11:00:00","2025-09-27 12:00:00","2026-09-03 19:45:19"
Nederland,Solar,Hour,6244317,6244315,0,0,"2025-09-27 12:00:00","2025-09-27 13:00:00","2026-09-03 19:45:19"
Nederland,Solar,Hour,5189469,5189467,0,0,"2025-09-27 13:00:00","2025-09-27 14:00:00","2026-09-03 19:45:19"
Nederland,Solar,Hour,4238232,4238230,0,0,"2025-09-27 14:00:00","2025-09-27 15:00:00","2026-09-03 19:45:19"
Nederland,Solar,Hour,3347800,3347799,0,0,"2025-09-27 15:00:00","2025-09-27 16:00:00","2026-09-03 19:45:19"
Nederland,Solar,Hour,1144468,1144467,0,0,"2025-09-27 16:00:00","2025-09-27 17:00:00","2026-09-03 19:45:19"
Nederland,Solar,Hour,66470,66468,0,0,"2025-09-27 17:00:00","2025-09-27 18:00:00","2026-09-03 19:45:19"
Nederland,Solar,Hour,0,0,0,0,"2025-09-27 18:00:00","2025-09-27 19:00:00","2026-09-03 19:45:19"
Nederland,Solar,Hour,0,0,0,0,"2025-09-27 19:00:00","2025-09-27 20:00:00","2026-09-03 19:45:19"
Nederland,Solar,Hour,0,0,0,0,"2025-09-27 20:00:00","2025-09-27 21:00:00","2026-09-03 19:45:19"
Nederland,Solar,Hour,0,0,0,0,"2025-09-27 21:00:00","2025-09-27 22:00:00","2026-09-03 19:45:19"
Nederland,Solar,Hour,0,0,0,0,"2025-09-27 22:00:00","2025-09-27 23:00:00","2026-09-03 19:45:19"
Nederland,Solar,Hour,0,0,0,0,"2025-09-27 23:00:00","2025-09-28 00:00:00","2026-09-03 19:45:19"
Nederland,Solar,Hour,0,0,0,0,"2025-09-28 00:00:00","2025-09-28 01:00:00","2026-09-03 19:45:19"
Nederland,Solar,Hour,0,0,0,0,"2025-09-28 01:00:00","2025-09-28 02:00:00","2026-09-03 19:45:19"
Nederland,Solar,Hour,0,0,0,0,"2025-09-28 02:00:00","2025-09-28 03:00:00","2026-09-03 19:45:19"
Nederland,Solar,Hour,0,0,0,0,"2025-09-28 03:00:00","2025-09-28 04:00:00","2026-09-03 19:45:19"
Nederland,Solar,Hour,0,0,0,0,"2025-09-28 04:00:00","2025-09-28 05:00:00","2026-09-03 19:45:19"
Nederland,Solar,Hour,0,0,0,0,"2025-09-28 05:00:00","2025-09-28 06:00:00","2026-09-03 19:45:19"
Nederland,Solar,Hour,855182,855179,0,0,"2025-09-28 06:00:00","2025-09-28 07:00:00","2026-09-03 19:45:19"
Nederland,Solar,Hour,4057444,4057442,0,0,"2025-09-28 07:00:00","2025-09-28 08:00:00","2026-09-03 19:45:19"
Nederland,Solar,Hour,7967117,7967115,0,0,"2025-09-28 08:00:00","2025-09-28 09:00:00","2026-09-03 19:45:19"
Nederland,Solar,Hour,11026318,11026316,0,0,"2025-09-28 09:00:00","2025-09-28 10:00:00","2026-09-03 19:45:19"
Nederland,Solar,Hour,13164888,13164885,0,0,"2025-09-28 10:00:00","2025-09-28 11:00:00","2026-09-03 19:45:19"
Nederland,Solar,Hour,13653911,13653909,0,0,"2025-09-28 11:00:00","2025-09-28 12:00:00","2026-09-03 19:45:19"
Nederland,Solar,Hour,12055508,12055506,0,0,"2025-09-28 12:00:00","2025-09-28 13:00:00","2026-09-03 19:45:19"
Nederland,Solar,Hour,10524472,10524469,0,0,"2025-09-28 13:00:00","2025-09-28 14:00:00","2026-09-03 19:45:19"
Nederland,Solar,Hour,7250963,7250961,0,0,"2025-09-28 14:00:00","2025-09-28 15:00:00","2026-09-03 19:45:19"
Nederland,Solar,Hour,4979570,4979567,0,0,"2025-09-28 15:00:00","2025-09-28 16:00:00","2026-09-03 19:45:19"
Nederland,Solar,Hour,1671291,1671289,0,0,"2025-09-28 16:00:00","2025-09-28 17:00:00","2026-09-03 19:45:19"
Nederland,Solar,Hour,33632,33631,0,0,"2025-09-28 17:00:00","2025-09-28 18:00:00","2026-09-03 19:45:19"
Nederland,Solar,Hour,0,0,0,0,"2025-09-28 18:00:00","2025-09-28 19:00:00","2026-09-03 19:45:19"
Nederland,Solar,Hour,0,0,0,0,"2025-09-28 19:00:00","2025-09-28 20:00:00","2026-09-03 19:45:19"
Nederland,Solar,Hour,0,0,0,0,"2025-09-28 20:00:00","2025-09-28 21:00:00","2026-09-03 19:45:19"
Nederland,Solar,Hour,0,0,0,0,"2025-09-28 21:00:00","2025-09-28 22:00:00","2026-09-03 19:45:19"
Nederland,Solar,Hour,0,0,0,0,"2025-09-28 22:00:00","2025-09-28 23:00:00","2026-09-03 19:45:19"
Nederland,Solar,Hour,0,0,0,0,"2025-09-28 23:00:00","2025-09-29 00:00:00","2026-09-03 19:45:19"
Nederland,Solar,Hour,0,0,0,0,"2025-09-29 00:00:00","2025-09-29 01:00:00","2026-09-03 19:45:19"
Nederland,Solar,Hour,0,0,0,0,"2025-09-29 01:00:00","2025-09-29 02:00:00","2026-09-03 19:45:19"
Nederland,Solar,Hour,0,0,0,0,"2025-09-29 02:00:00","2025-09-29 03:00:00","2026-09-03 19:45:19"
Nederland,Solar,Hour,0,0,0,0,"2025-09-29 03:00:00","2025-09-29 04:00:00","2026-09-03 19:45:19"
Nederland,Solar,Hour,0,0,0,0,"2025-09-29 04:00:00","2025-09-29 05:00:00","2026-09-03 19:45:19"
Nederland,Solar,Hour,0,0,0,0,"2025-09-29 05:00:00","2025-09-29 06:00:00","2026-09-03 19:45:19"
Nederland,Solar,Hour,602190,602188,0,0,"2025-09-29 06:00:00","2025-09-29 07:00:00","2026-09-03 19:45:19"
Nederland,Solar,Hour,3149414,3149413,0,0,"2025-09-29 07:00:00","2025-09-29 08:00:00","2026-09-03 19:45:19"
Nederland,Solar,Hour,6551082,6551080,0,0,"2025-09-29 08:00:00","2025-09-29 09:00:00","2026-09-03 19:45:19"
Nederland,Solar,Hour,9831747,9831745,0,0,"2025-09-29 09:00:00","2025-09-29 10:00:00","2026-09-03 19:45:19"
Nederland,Solar,Hour,12159310,12159308,0,0,"2025-09-29 10:00:00","2025-09-29 11:00:00","2026-09-03 19:45:19"
Nederland,Solar,Hour,11889561,11889560,0,0,"2025-09-29 11:00:00","2025-09-29 12:00:00","2026-09-03 19:45:19"
Nederland,Solar,Hour,11426131,11426130,0,0,"2025-09-29 12:00:00","2025-09-29 13:00:00","2026-09-03 19:45:19"
Nederland,Solar,Hour,9286026,9286024,0,0,"2025-09-29 13:00:00","2025-09-29 14:00:00","2026-09-03 19:45:19"
Nederland,Solar,Hour,6977216,6977215,0,0,"2025-09-29 14:00:00","2025-09-29 15:00:00","2026-09-03 19:45:19"
Nederland,Solar,Hour,4188002,4187998,0,0,"2025-09-29 15:00:00","2025-09-29 16:00:00","2026-09-03 19:45:19"
Nederland,Solar,Hour,1493191,1493189,0,0,"2025-09-29 16:00:00","2025-09-29 17:00:00","2026-09-03 19:45:19"
Nederland,Solar,Hour,63790,63789,0,0,"2025-09-29 17:00:00","2025-09-29 18:00:00","2026-09-03 19:45:19"
Nederland,Solar,Hour,0,0,0,0,"2025-09-29 18:00:00","2025-09-29 19:00:00","2026-09-03 19:45:19"
Nederland,Solar,Hour,0,0,0,0,"2025-09-29 19:00:00","2025-09-29 20:00:00","2026-09-03 19:45:19"
Nederland,Solar,Hour,0,0,0,0,"2025-09-29 20:00:00","2025-09-29 21:00:00","2026-09-03 19:45:19"
Nederland,Solar,Hour,0,0,0,0,"2025-09-29 21:00:00","2025-09-29 22:00:00","2026-09-03 19:45:19"
Nederland,Solar,Hour,0,0,0,0,"2025-09-29 22:00:00","2025-09-29 23:00:00","2026-09-03 19:45:19"
Nederland,Solar,Hour,0,0,0,0,"2025-09-29 23:00:00","2025-09-30 00:00:00","2026-09-03 19:45:19"
Nederland,Solar,Hour,0,0,0,0,"2025-09-30 00:00:00","2025-09-30 01:00:00","2026-09-03 19:45:19"
Nederland,Solar,Hour,0,0,0,0,"2025-09-30 01:00:00","2025-09-30 02:00:00","2026-09-03 19:45:19"
Nederland,Solar,Hour,0,0,0,0,"2025-09-30 02:00:00","2025-09-30 03:00:00","2026-09-03 19:45:19"
Nederland,Solar,Hour,0,0,0,0,"2025-09-30 03:00:00","2025-09-30 04:00:00","2026-09-03 19:45:19"
Nederland,Solar,Hour,0,0,0,0,"2025-09-30 04:00:00","2025-09-30 05:00:00","2026-09-03 19:45:19"
Nederland,Solar,Hour,0,0,0,0,"2025-09-30 05:00:00","2025-09-30 06:00:00","2026-09-03 19:45:19"
Nederland,Solar,Hour,545183,545181,0,0,"2025-09-30 06:00:00","2025-09-30 07:00:00","2026-09-03 19:45:19"
Nederland,Solar,Hour,2540445,2540444,0,0,"2025-09-30 07:00:00","2025-09-30 08:00:00","2026-09-03 19:45:19"
Nederland,Solar,Hour,5120555,5120554,0,0,"2025-09-30 08:00:00","2025-09-30 09:00:00","2026-09-03 19:45:19"
Nederland,Solar,Hour,7641258,7641256,0,0,"2025-09-30 09:00:00","2025-09-30 10:00:00","2026-09-03 19:45:19"
Nederland,Solar,Hour,9711101,9711099,0,0,"2025-09-30 10:00:00","2025-09-30 11:00:00","2026-09-03 19:45:19"
Nederland,Solar,Hour,11152699,11152697,0,0,"2025-09-30 11:00:00","2025-09-30 12:00:00","2026-09-03 19:45:19"
Nederland,Solar,Hour,10749495,10749494,0,0,"2025-09-30 12:00:00","2025-09-30 13:00:00","2026-09-03 19:45:19"
Nederland,Solar,Hour,9269683,9269681,0,0,"2025-09-30 13:00:00","2025-09-30 14:00:00","2026-09-03 19:45:19"
Nederland,Solar,Hour,8145088,8145087,0,0,"2025-09-30 14:00:00","2025-09-30 15:00:00","2026-09-03 19:45:19"
Nederland,Solar,Hour,5419163,5419162,0,0,"2025-09-30 15:00:00","2025-09-30 16:00:00","2026-09-03 19:45:19"
Nederland,Solar,Hour,1435910,1435909,0,0,"2025-09-30 16:00:00","2025-09-30 17:00:00","2026-09-03 19:45:19"
Nederland,Solar,Hour,74165,74164,0,0,"2025-09-30 17:00:00","2025-09-30 18:00:00","2026-09-03 19:45:19"
Nederland,Solar,Hour,0,0,0,0,"2025-09-30 18:00:00","2025-09-30 19:00:00","2026-09-03 19:45:19"
Nederland,Solar,Hour,0,0,0,0,"2025-09-30 19:00:00","2025-09-30 20:00:00","2026-09-03 19:45:19"
Nederland,Solar,Hour,0,0,0,0,"2025-09-30 20:00:00","2025-09-30 21:00:00","2026-09-03 19:45:19"
Nederland,Solar,Hour,0,0,0,0,"2025-09-30 21:00:00","2025-09-30 22:00:00","2026-09-03 19:45:19"
Nederland,Solar,Hour,0,0,0,0,"2025-09-30 22:00:00","2025-09-30 23:00:00","2026-09-03 19:45:19"
Nederland,Solar,Hour,0,0,0,0,"2025-09-30 23:00:00","2025-10-01 00:00:00","2026-09-03 19:45:19"
Nederland,Solar,Hour,0,0,0,0,"2025-10-01 00:00:00","2025-10-01 01:00:00","2026-09-03 19:45:19"
Nederland,Solar,Hour,0,0,0,0,"2025-10-01 01:00:00","2025-10-01 02:00:00","2026-09-03 19:45:19"
Nederland,Solar,Hour,0,0,0,0,"2025-10-01 02:00:00","2025-10-01 03:00:00","2026-09-03 19:45:19"
Nederland,Solar,Hour,0,0,0,0,"2025-10-01 03:00:00","2025-10-01 04:00:00","2026-09-03 19:45:19"
Nederland,Solar,Hour,0,0,0,0,"2025-10-01 04:00:00","2025-10-01 05:00:00","2026-09-03 19:45:19"
Nederland,Solar,Hour,0,0,0,0,"2025-10-01 05:00:00","2025-10-01 06:00:00","2026-09-03 19:45:19"
Nederland,Solar,Hour,776633,776632,0,0,"2025-10-01 06:00:00","2025-10-01 07:00:00","2026-09-03 19:45:19"
Nederland,Solar,Hour,3798374,3798373,0,0,"2025-10-01 07:00:00","2025-10-01 08:00:00","2026-09-03 19:45:19"
Nederland,Solar,Hour,7475710,7475709,0,0,"2025-10-01 08:00:00","2025-10-01 09:00:00","2026-09-03 19:45:19"
Nederland,Solar,Hour,10741676,10741674,0,0,"2025-10-01 09:00:00","2025-10-01 10:00:00","2026-09-03 19:45:19"
Nederland,Solar,Hour,12879506,12879504,0,0,"2025-10-01 10:00:00","2025-10-01 11:00:00","2026-09-03 19:45:19"
Nederland,Solar,Hour,13727108,13727106,0,0,"2025-10-01 11:00:00","2025-10-01 12:00:00","2026-09-03 19:45:19"
Nederland,Solar,Hour,12910436,12910433,0,0,"2025-10-01 12:00:00","2025-10-01 13:00:00","2026-09-03 19:45:19"
Nederland,Solar,Hour,10827302,10827299,0,0,"2025-10-01 13:00:00","2025-10-01 14:00:00","2026-09-03 19:45:19"
Nederland,Solar,Hour,7761488,7761486,0,0,"2025-10-01 14:00:00","2025-10-01 15:00:00","2026-09-03 19:45:19"
Nederland,Solar,Hour,4746191,4746189,0,0,"2025-10-01 15:00:00","2025-10-01 16:00:00","2026-09-03 19:45:19"
Nederland,Solar,Hour,1197367,1197366,0,0,"2025-10-01 16:00:00","2025-10-01 17:00:00","2026-09-03 19:45:19"
Nederland,Solar,Hour,47871,47871,0,0,"2025-10-01 17:00:00","2025-10-01 18:00:00","2026-09-03 19:45:19"
Nederland,Solar,Hour,0,0,0,0,"2025-10-01 18:00:00","2025-10-01 19:00:00","2026-09-03 19:45:19"
Nederland,Solar,Hour,0,0,0,0,"2025-10-01 19:00:00","2025-10-01 20:00:00","2026-09-03 19:45:19"
Nederland,Solar,Hour,0,0,0,0,"2025-10-01 20:00:00","2025-10-01 21:00:00","2026-09-03 19:45:19"
Nederland,Solar,Hour,0,0,0,0,"2025-10-01 21:00:00","2025-10-01 22:00:00","2026-09-03 19:45:19"
Nederland,Solar,Hour,0,0,0,0,"2025-10-01 22:00:00","2025-10-01 23:00:00","2026-09-03 19:45:19"
Nederland,Solar,Hour,0,0,0,0,"2025-10-01 23:00:00","2025-10-02 00:00:00","2026-09-03 19:45:19"
Nederland,Solar,Hour,0,0,0,0,"2025-10-02 00:00:00","2025-10-02 01:00:00","2026-09-03 19:43:42"
Nederland,Solar,Hour,0,0,0,0,"2025-10-02 01:00:00","2025-10-02 02:00:00","2026-09-03 19:43:42"
Nederland,Solar,Hour,0,0,0,0,"2025-10-02 02:00:00","2025-10-02 03:00:00","2026-09-03 19:43:42"
Nederland,Solar,Hour,0,0,0,0,"2025-10-02 03:00:00","2025-10-02 04:00:00","2026-09-03 19:43:42"
Nederland,Solar,Hour,0,0,0,0,"2025-10-02 04:00:00","2025-10-02 05:00:00","2026-09-03 19:43:42"
Nederland,Solar,Hour,85,85,0,0,"2025-10-02 05:00:00","2025-10-02 06:00:00","2026-09-03 19:43:42"
Nederland,Solar,Hour,1002090,1002088,0,0,"2025-10-02 06:00:00","2025-10-02 07:00:00","2026-09-03 19:43:42"
Nederland,Solar,Hour,3556585,3556583,0,0,"2025-10-02 07:00:00","2025-10-02 08:00:00","2026-09-03 19:43:42"
Nederland,Solar,Hour,5760351,5760349,0,0,"2025-10-02 08:00:00","2025-10-02 09:00:00","2026-09-03 19:43:42"
Nederland,Solar,Hour,7534614,7534611,0,0,"2025-10-02 09:00:00","2025-10-02 10:00:00","2026-09-03 19:43:42"
Nederland,Solar,Hour,9549928,9549926,0,0,"2025-10-02 10:00:00","2025-10-02 11:00:00","2026-09-03 19:43:42"
Nederland,Solar,Hour,10887764,10887763,0,0,"2025-10-02 11:00:00","2025-10-02 12:00:00","2026-09-03 19:43:42"
Nederland,Solar,Hour,10764515,10764514,0,0,"2025-10-02 12:00:00","2025-10-02 13:00:00","2026-09-03 19:43:42"
Nederland,Solar,Hour,9653906,9653904,0,0,"2025-10-02 13:00:00","2025-10-02 14:00:00","2026-09-03 19:43:42"
Nederland,Solar,Hour,7350451,7350450,0,0,"2025-10-02 14:00:00","2025-10-02 15:00:00","2026-09-03 19:43:42"
Nederland,Solar,Hour,4633145,4633142,0,0,"2025-10-02 15:00:00","2025-10-02 16:00:00","2026-09-03 19:43:42"
Nederland,Solar,Hour,1081098,1081096,0,0,"2025-10-02 16:00:00","2025-10-02 17:00:00","2026-09-03 19:43:42"
Nederland,Solar,Hour,8061,8061,0,0,"2025-10-02 17:00:00","2025-10-02 18:00:00","2026-09-03 19:43:42"
Nederland,Solar,Hour,0,0,0,0,"2025-10-02 18:00:00","2025-10-02 19:00:00","2026-09-03 19:43:42"
Nederland,Solar,Hour,0,0,0,0,"2025-10-02 19:00:00","2025-10-02 20:00:00","2026-09-03 19:43:42"
Nederland,Solar,Hour,0,0,0,0,"2025-10-02 20:00:00","2025-10-02 21:00:00","2026-09-03 19:43:42"
Nederland,Solar,Hour,0,0,0,0,"2025-10-02 21:00:00","2025-10-02 22:00:00","2026-09-03 19:43:42"
Nederland,Solar,Hour,0,0,0,0,"2025-10-02 22:00:00","2025-10-02 23:00:00","2026-09-03 19:43:42"
Nederland,Solar,Hour,0,0,0,0,"2025-10-02 23:00:00","2025-10-03 00:00:00","2026-09-03 19:43:42"
Nederland,Solar,Hour,0,0,0,0,"2025-10-03 00:00:00","2025-10-03 01:00:00","2026-09-03 19:43:42"
Nederland,Solar,Hour,0,0,0,0,"2025-10-03 01:00:00","2025-10-03 02:00:00","2026-09-03 19:43:42"
Nederland,Solar,Hour,0,0,0,0,"2025-10-03 02:00:00","2025-10-03 03:00:00","2026-09-03 19:43:42"
Nederland,Solar,Hour,0,0,0,0,"2025-10-03 03:00:00","2025-10-03 04:00:00","2026-09-03 19:43:42"
Nederland,Solar,Hour,0,0,0,0,"2025-10-03 04:00:00","2025-10-03 05:00:00","2026-09-03 19:43:42"
Nederland,Solar,Hour,700,700,0,0,"2025-10-03 05:00:00","2025-10-03 06:00:00","2026-09-03 19:43:42"
Nederland,Solar,Hour,152542,152540,0,0,"2025-10-03 06:00:00","2025-10-03 07:00:00","2026-09-03 19:43:42"
Nederland,Solar,Hour,1185175,1185173,0,0,"2025-10-03 07:00:00","2025-10-03 08:00:00","2026-09-03 19:43:42"
Nederland,Solar,Hour,2413866,2413864,0,0,"2025-10-03 08:00:00","2025-10-03 09:00:00","2026-09-03 19:43:42"
Nederland,Solar,Hour,3148776,3148774,0,0,"2025-10-03 09:00:00","2025-10-03 10:00:00","2026-09-03 19:43:42"
Nederland,Solar,Hour,3599614,3599611,0,0,"2025-10-03 10:00:00","2025-10-03 11:00:00","2026-09-03 19:43:42"
Nederland,Solar,Hour,3732724,3732722,0,0,"2025-10-03 11:00:00","2025-10-03 12:00:00","2026-09-03 19:43:42"
Nederland,Solar,Hour,3085041,3085037,0,0,"2025-10-03 12:00:00","2025-10-03 13:00:00","2026-09-03 19:43:42"
Nederland,Solar,Hour,2355359,2355358,0,0,"2025-10-03 13:00:00","2025-10-03 14:00:00","2026-09-03 19:43:42"
Nederland,Solar,Hour,1855951,1855949,0,0,"2025-10-03 14:00:00","2025-10-03 15:00:00","2026-09-03 19:43:42"
Nederland,Solar,Hour,1030310,1030308,0,0,"2025-10-03 15:00:00","2025-10-03 16:00:00","2026-09-03 19:43:42"
Nederland,Solar,Hour,180762,180759,0,0,"2025-10-03 16:00:00","2025-10-03 17:00:00","2026-09-03 19:43:42"
Nederland,Solar,Hour,0,0,0,0,"2025-10-03 17:00:00","2025-10-03 18:00:00","2026-09-03 19:43:42"
Nederland,Solar,Hour,0,0,0,0,"2025-10-03 18:00:00","2025-10-03 19:00:00","2026-09-03 19:43:42"
Nederland,Solar,Hour,0,0,0,0,"2025-10-03 19:00:00","2025-10-03 20:00:00","2026-09-03 19:43:42"
Nederland,Solar,Hour,0,0,0,0,"2025-10-03 20:00:00","2025-10-03 21:00:00","2026-09-03 19:43:42"
Nederland,Solar,Hour,0,0,0,0,"2025-10-03 21:00:00","2025-10-03 22:00:00","2026-09-03 19:43:42"
Nederland,Solar,Hour,0,0,0,0,"2025-10-03 22:00:00","2025-10-03 23:00:00","2026-09-03 19:43:42"
Nederland,Solar,Hour,0,0,0,0,"2025-10-03 23:00:00","2025-10-04 00:00:00","2026-09-03 19:43:42"
Nederland,Solar,Hour,0,0,0,0,"2025-10-04 00:00:00","2025-10-04 01:00:00","2026-09-03 19:43:42"
Nederland,Solar,Hour,0,0,0,0,"2025-10-04 01:00:00","2025-10-04 02:00:00","2026-09-03 19:43:42"
Nederland,Solar,Hour,0,0,0,0,"2025-10-04 02:00:00","2025-10-04 03:00:00","2026-09-03 19:43:42"
Nederland,Solar,Hour,0,0,0,0,"2025-10-04 03:00:00","2025-10-04 04:00:00","2026-09-03 19:43:42"
Nederland,Solar,Hour,0,0,0,0,"2025-10-04 04:00:00","2025-10-04 05:00:00","2026-09-03 19:43:42"
Nederland,Solar,Hour,0,0,0,0,"2025-10-04 05:00:00","2025-10-04 06:00:00","2026-09-03 19:43:42"
Nederland,Solar,Hour,1540,1540,0,0,"2025-10-04 06:00:00","2025-10-04 07:00:00","2026-09-03 19:43:42"
Nederland,Solar,Hour,248690,248689,0,0,"2025-10-04 07:00:00","2025-10-04 08:00:00","2026-09-03 19:43:42"
Nederland,Solar,Hour,1372637,1372636,0,0,"2025-10-04 08:00:00","2025-10-04 09:00:00","2026-09-03 19:43:42"
Nederland,Solar,Hour,4282995,4282992,0,0,"2025-10-04 09:00:00","2025-10-04 10:00:00","2026-09-03 19:43:42"
Nederland,Solar,Hour,8259550,8259548,0,0,"2025-10-04 10:00:00","2025-10-04 11:00:00","2026-09-03 19:43:42"
Nederland,Solar,Hour,9520872,9520869,0,0,"2025-10-04 11:00:00","2025-10-04 12:00:00","2026-09-03 19:43:42"
Nederland,Solar,Hour,8117942,8117940,0,0,"2025-10-04 12:00:00","2025-10-04 13:00:00","2026-09-03 19:43:42"
Nederland,Solar,Hour,6435541,6435538,0,0,"2025-10-04 13:00:00","2025-10-04 14:00:00","2026-09-03 19:43:42"
Nederland,Solar,Hour,4142624,4142621,0,0,"2025-10-04 14:00:00","2025-10-04 15:00:00","2026-09-03 19:43:42"
Nederland,Solar,Hour,2412916,2412913,0,0,"2025-10-04 15:00:00","2025-10-04 16:00:00","2026-09-03 19:43:42"
Nederland,Solar,Hour,464397,464395,0,0,"2025-10-04 16:00:00","2025-10-04 17:00:00","2026-09-03 19:43:42"
Nederland,Solar,Hour,5324,5323,0,0,"2025-10-04 17:00:00","2025-10-04 18:00:00","2026-09-03 19:43:42"
Nederland,Solar,Hour,0,0,0,0,"2025-10-04 18:00:00","2025-10-04 19:00:00","2026-09-03 19:43:42"
Nederland,Solar,Hour,0,0,0,0,"2025-10-04 19:00:00","2025-10-04 20:00:00","2026-09-03 19:43:42"
Nederland,Solar,Hour,0,0,0,0,"2025-10-04 20:00:00","2025-10-04 21:00:00","2026-09-03 19:43:42"
Nederland,Solar,Hour,0,0,0,0,"2025-10-04 21:00:00","2025-10-04 22:00:00","2026-09-03 19:43:42"
Nederland,Solar,Hour,0,0,0,0,"2025-10-04 22:00:00","2025-10-04 23:00:00","2026-09-03 19:43:42"
Nederland,Solar,Hour,0,0,0,0,"2025-10-04 23:00:00","2025-10-05 00:00:00","2026-09-03 19:43:42"
Nederland,Solar,Hour,0,0,0,0,"2025-10-05 00:00:00","2025-10-05 01:00:00","2026-09-03 19:43:42"
Nederland,Solar,Hour,0,0,0,0,"2025-10-05 01:00:00","2025-10-05 02:00:00","2026-09-03 19:43:42"
Nederland,Solar,Hour,0,0,0,0,"2025-10-05 02:00:00","2025-10-05 03:00:00","2026-09-03 19:43:42"
Nederland,Solar,Hour,0,0,0,0,"2025-10-05 03:00:00","2025-10-05 04:00:00","2026-09-03 19:43:42"
Nederland,Solar,Hour,0,0,0,0,"2025-10-05 04:00:00","2025-10-05 05:00:00","2026-09-03 19:43:42"
Nederland,Solar,Hour,0,0,0,0,"2025-10-05 05:00:00","2025-10-05 06:00:00","2026-09-03 19:43:42"
Nederland,Solar,Hour,182935,182933,0,0,"2025-10-05 06:00:00","2025-10-05 07:00:00","2026-09-03 19:43:42"
Nederland,Solar,Hour,1836838,1836835,0,0,"2025-10-05 07:00:00","2025-10-05 08:00:00","2026-09-03 19:43:42"
Nederland,Solar,Hour,3850405,3850403,0,0,"2025-10-05 08:00:00","2025-10-05 09:00:00","2026-09-03 19:43:42"
Nederland,Solar,Hour,4301359,4301358,0,0,"2025-10-05 09:00:00","2025-10-05 10:00:00","2026-09-03 19:43:42"
Nederland,Solar,Hour,4053230,4053228,0,0,"2025-10-05 10:00:00","2025-10-05 11:00:00","2026-09-03 19:43:42"
Nederland,Solar,Hour,4360596,4360594,0,0,"2025-10-05 11:00:00","2025-10-05 12:00:00","2026-09-03 19:43:42"
Nederland,Solar,Hour,4184426,4184424,0,0,"2025-10-05 12:00:00","2025-10-05 13:00:00","2026-09-03 19:43:42"
Nederland,Solar,Hour,3882232,3882230,0,0,"2025-10-05 13:00:00","2025-10-05 14:00:00","2026-09-03 19:43:42"
Nederland,Solar,Hour,2812948,2812946,0,0,"2025-10-05 14:00:00","2025-10-05 15:00:00","2026-09-03 19:43:42"
Nederland,Solar,Hour,1813431,1813428,0,0,"2025-10-05 15:00:00","2025-10-05 16:00:00","2026-09-03 19:43:42"
Nederland,Solar,Hour,716009,716007,0,0,"2025-10-05 16:00:00","2025-10-05 17:00:00","2026-09-03 19:43:42"
Nederland,Solar,Hour,5834,5834,0,0,"2025-10-05 17:00:00","2025-10-05 18:00:00","2026-09-03 19:43:42"
Nederland,Solar,Hour,0,0,0,0,"2025-10-05 18:00:00","2025-10-05 19:00:00","2026-09-03 19:43:42"
Nederland,Solar,Hour,0,0,0,0,"2025-10-05 19:00:00","2025-10-05 20:00:00","2026-09-03 19:43:42"
Nederland,Solar,Hour,0,0,0,0,"2025-10-05 20:00:00","2025-10-05 21:00:00","2026-09-03 19:43:42"
Nederland,Solar,Hour,0,0,0,0,"2025-10-05 21:00:00","2025-10-05 22:00:00","2026-09-03 19:43:42"
Nederland,Solar,Hour,0,0,0,0,"2025-10-05 22:00:00","2025-10-05 23:00:00","2026-09-03 19:43:42"
Nederland,Solar,Hour,0,0,0,0,"2025-10-05 23:00:00","2025-10-06 00:00:00","2026-09-03 19:43:42"
Nederland,Solar,Hour,0,0,0,0,"2025-10-06 00:00:00","2025-10-06 01:00:00","2026-09-03 19:43:42"
Nederland,Solar,Hour,0,0,0,0,"2025-10-06 01:00:00","2025-10-06 02:00:00","2026-09-03 19:43:42"
Nederland,Solar,Hour,0,0,0,0,"2025-10-06 02:00:00","2025-10-06 03:00:00","2026-09-03 19:43:42"
Nederland,Solar,Hour,0,0,0,0,"2025-10-06 03:00:00","2025-10-06 04:00:00","2026-09-03 19:43:42"
Nederland,Solar,Hour,0,0,0,0,"2025-10-06 04:00:00","2025-10-06 05:00:00","2026-09-03 19:43:42"
Nederland,Solar,Hour,0,0,0,0,"2025-10-06 05:00:00","2025-10-06 06:00:00","2026-09-03 19:43:42"
Nederland,Solar,Hour,41103,41102,0,0,"2025-10-06 06:00:00","2025-10-06 07:00:00","2026-09-03 19:43:42"
Nederland,Solar,Hour,438554,438550,0,0,"2025-10-06 07:00:00","2025-10-06 08:00:00","2026-09-03 19:43:42"
Nederland,Solar,Hour,1243508,1243505,0,0,"2025-10-06 08:00:00","2025-10-06 09:00:00","2026-09-03 19:43:42"
Nederland,Solar,Hour,2129316,2129314,0,0,"2025-10-06 09:00:00","2025-10-06 10:00:00","2026-09-03 19:43:42"
Nederland,Solar,Hour,2522719,2522718,0,0,"2025-10-06 10:00:00","2025-10-06 11:00:00","2026-09-03 19:43:42"
Nederland,Solar,Hour,2877862,2877861,0,0,"2025-10-06 11:00:00","2025-10-06 12:00:00","2026-09-03 19:43:42"
Nederland,Solar,Hour,3022404,3022401,0,0,"2025-10-06 12:00:00","2025-10-06 13:00:00","2026-09-03 19:43:42"
Nederland,Solar,Hour,2190920,2190919,0,0,"2025-10-06 13:00:00","2025-10-06 14:00:00","2026-09-03 19:43:42"
Nederland,Solar,Hour,1681311,1681309,0,0,"2025-10-06 14:00:00","2025-10-06 15:00:00","2026-09-03 19:43:42"
Nederland,Solar,Hour,988197,988195,0,0,"2025-10-06 15:00:00","2025-10-06 16:00:00","2026-09-03 19:43:42"
Nederland,Solar,Hour,303686,303683,0,0,"2025-10-06 16:00:00","2025-10-06 17:00:00","2026-09-03 19:43:42"
Nederland,Solar,Hour,3686,3686,0,0,"2025-10-06 17:00:00","2025-10-06 18:00:00","2026-09-03 19:43:42"
Nederland,Solar,Hour,0,0,0,0,"2025-10-06 18:00:00","2025-10-06 19:00:00","2026-09-03 19:43:42"
Nederland,Solar,Hour,0,0,0,0,"2025-10-06 19:00:00","2025-10-06 20:00:00","2026-09-03 19:43:42"
Nederland,Solar,Hour,0,0,0,0,"2025-10-06 20:00:00","2025-10-06 21:00:00","2026-09-03 19:43:42"
Nederland,Solar,Hour,0,0,0,0,"2025-10-06 21:00:00","2025-10-06 22:00:00","2026-09-03 19:43:42"
Nederland,Solar,Hour,0,0,0,0,"2025-10-06 22:00:00","2025-10-06 23:00:00","2026-09-03 19:43:42"
Nederland,Solar,Hour,0,0,0,0,"2025-10-06 23:00:00","2025-10-07 00:00:00","2026-09-03 19:43:42"
Nederland,Solar,Hour,0,0,0,0,"2025-10-07 00:00:00","2025-10-07 01:00:00","2026-09-03 19:42:07"
Nederland,Solar,Hour,0,0,0,0,"2025-10-07 01:00:00","2025-10-07 02:00:00","2026-09-03 19:42:07"
Nederland,Solar,Hour,0,0,0,0,"2025-10-07 02:00:00","2025-10-07 03:00:00","2026-09-03 19:42:07"
Nederland,Solar,Hour,0,0,0,0,"2025-10-07 03:00:00","2025-10-07 04:00:00","2026-09-03 19:42:07"
Nederland,Solar,Hour,0,0,0,0,"2025-10-07 04:00:00","2025-10-07 05:00:00","2026-09-03 19:42:07"
Nederland,Solar,Hour,0,0,0,0,"2025-10-07 05:00:00","2025-10-07 06:00:00","2026-09-03 19:42:07"
Nederland,Solar,Hour,209363,209361,0,0,"2025-10-07 06:00:00","2025-10-07 07:00:00","2026-09-03 19:42:07"
Nederland,Solar,Hour,1326348,1326347,0,0,"2025-10-07 07:00:00","2025-10-07 08:00:00","2026-09-03 19:42:07"
Nederland,Solar,Hour,2551674,2551672,0,0,"2025-10-07 08:00:00","2025-10-07 09:00:00","2026-09-03 19:42:07"
Nederland,Solar,Hour,4205768,4205766,0,0,"2025-10-07 09:00:00","2025-10-07 10:00:00","2026-09-03 19:42:07"
Nederland,Solar,Hour,6243764,6243763,0,0,"2025-10-07 10:00:00","2025-10-07 11:00:00","2026-09-03 19:42:07"
Nederland,Solar,Hour,5884052,5884049,0,0,"2025-10-07 11:00:00","2025-10-07 12:00:00","2026-09-03 19:42:07"
Nederland,Solar,Hour,3575807,3575804,0,0,"2025-10-07 12:00:00","2025-10-07 13:00:00","2026-09-03 19:42:07"
Nederland,Solar,Hour,2389941,2389940,0,0,"2025-10-07 13:00:00","2025-10-07 14:00:00","2026-09-03 19:42:07"
Nederland,Solar,Hour,2039330,2039327,0,0,"2025-10-07 14:00:00","2025-10-07 15:00:00","2026-09-03 19:42:07"
Nederland,Solar,Hour,1074761,1074758,0,0,"2025-10-07 15:00:00","2025-10-07 16:00:00","2026-09-03 19:42:07"
Nederland,Solar,Hour,184592,184590,0,0,"2025-10-07 16:00:00","2025-10-07 17:00:00","2026-09-03 19:42:07"
Nederland,Solar,Hour,0,0,0,0,"2025-10-07 17:00:00","2025-10-07 18:00:00","2026-09-03 19:42:07"
Nederland,Solar,Hour,0,0,0,0,"2025-10-07 18:00:00","2025-10-07 19:00:00","2026-09-03 19:42:07"
Nederland,Solar,Hour,0,0,0,0,"2025-10-07 19:00:00","2025-10-07 20:00:00","2026-09-03 19:42:07"
Nederland,Solar,Hour,0,0,0,0,"2025-10-07 20:00:00","2025-10-07 21:00:00","2026-09-03 19:42:07"
Nederland,Solar,Hour,0,0,0,0,"2025-10-07 21:00:00","2025-10-07 22:00:00","2026-09-03 19:42:07"
Nederland,Solar,Hour,0,0,0,0,"2025-10-07 22:00:00","2025-10-07 23:00:00","2026-09-03 19:42:07"
Nederland,Solar,Hour,0,0,0,0,"2025-10-07 23:00:00","2025-10-08 00:00:00","2026-09-03 19:42:07"
Nederland,Solar,Hour,0,0,0,0,"2025-10-08 00:00:00","2025-10-08 01:00:00","2026-09-03 19:42:07"
Nederland,Solar,Hour,0,0,0,0,"2025-10-08 01:00:00","2025-10-08 02:00:00","2026-09-03 19:42:07"
Nederland,Solar,Hour,0,0,0,0,"2025-10-08 02:00:00","2025-10-08 03:00:00","2026-09-03 19:42:07"
Nederland,Solar,Hour,0,0,0,0,"2025-10-08 03:00:00","2025-10-08 04:00:00","2026-09-03 19:42:07"
Nederland,Solar,Hour,0,0,0,0,"2025-10-08 04:00:00","2025-10-08 05:00:00","2026-09-03 19:42:07"
Nederland,Solar,Hour,0,0,0,0,"2025-10-08 05:00:00","2025-10-08 06:00:00","2026-09-03 19:42:07"
Nederland,Solar,Hour,147547,147546,0,0,"2025-10-08 06:00:00","2025-10-08 07:00:00","2026-09-03 19:42:07"
Nederland,Solar,Hour,1009815,1009812,0,0,"2025-10-08 07:00:00","2025-10-08 08:00:00","2026-09-03 19:42:07"
Nederland,Solar,Hour,2169287,2169284,0,0,"2025-10-08 08:00:00","2025-10-08 09:00:00","2026-09-03 19:42:07"
Nederland,Solar,Hour,3178281,3178279,0,0,"2025-10-08 09:00:00","2025-10-08 10:00:00","2026-09-03 19:42:07"
Nederland,Solar,Hour,4005461,4005459,0,0,"2025-10-08 10:00:00","2025-10-08 11:00:00","2026-09-03 19:42:07"
Nederland,Solar,Hour,4546801,4546799,0,0,"2025-10-08 11:00:00","2025-10-08 12:00:00","2026-09-03 19:42:07"
Nederland,Solar,Hour,3859984,3859981,0,0,"2025-10-08 12:00:00","2025-10-08 13:00:00","2026-09-03 19:42:07"
Nederland,Solar,Hour,2652822,2652819,0,0,"2025-10-08 13:00:00","2025-10-08 14:00:00","2026-09-03 19:42:07"
Nederland,Solar,Hour,1989796,1989793,0,0,"2025-10-08 14:00:00","2025-10-08 15:00:00","2026-09-03 19:42:07"
Nederland,Solar,Hour,1243684,1243681,0,0,"2025-10-08 15:00:00","2025-10-08 16:00:00","2026-09-03 19:42:07"
Nederland,Solar,Hour,361038,361035,0,0,"2025-10-08 16:00:00","2025-10-08 17:00:00","2026-09-03 19:42:07"
Nederland,Solar,Hour,8,8,0,0,"2025-10-08 17:00:00","2025-10-08 18:00:00","2026-09-03 19:42:07"
Nederland,Solar,Hour,0,0,0,0,"2025-10-08 18:00:00","2025-10-08 19:00:00","2026-09-03 19:42:07"
Nederland,Solar,Hour,0,0,0,0,"2025-10-08 19:00:00","2025-10-08 20:00:00","2026-09-03 19:42:07"
Nederland,Solar,Hour,0,0,0,0,"2025-10-08 20:00:00","2025-10-08 21:00:00","2026-09-03 19:42:07"
Nederland,Solar,Hour,0,0,0,0,"2025-10-08 21:00:00","2025-10-08 22:00:00","2026-09-03 19:42:07"
Nederland,Solar,Hour,0,0,0,0,"2025-10-08 22:00:00","2025-10-08 23:00:00","2026-09-03 19:42:07"
Nederland,Solar,Hour,0,0,0,0,"2025-10-08 23:00:00","2025-10-09 00:00:00","2026-09-03 19:42:07"
Nederland,Solar,Hour,0,0,0,0,"2025-10-09 00:00:00","2025-10-09 01:00:00","2026-09-03 19:42:07"
Nederland,Solar,Hour,0,0,0,0,"2025-10-09 01:00:00","2025-10-09 02:00:00","2026-09-03 19:42:07"
Nederland,Solar,Hour,0,0,0,0,"2025-10-09 02:00:00","2025-10-09 03:00:00","2026-09-03 19:42:07"
Nederland,Solar,Hour,0,0,0,0,"2025-10-09 03:00:00","2025-10-09 04:00:00","2026-09-03 19:42:07"
Nederland,Solar,Hour,0,0,0,0,"2025-10-09 04:00:00","2025-10-09 05:00:00","2026-09-03 19:42:07"
Nederland,Solar,Hour,0,0,0,0,"2025-10-09 05:00:00","2025-10-09 06:00:00","2026-09-03 19:42:07"
Nederland,Solar,Hour,250130,250129,0,0,"2025-10-09 06:00:00","2025-10-09 07:00:00","2026-09-03 19:42:07"
Nederland,Solar,Hour,2153873,2153871,0,0,"2025-10-09 07:00:00","2025-10-09 08:00:00","2026-09-03 19:42:07"
Nederland,Solar,Hour,5511030,5511028,0,0,"2025-10-09 08:00:00","2025-10-09 09:00:00","2026-09-03 19:42:07"
Nederland,Solar,Hour,7949856,7949854,0,0,"2025-10-09 09:00:00","2025-10-09 10:00:00","2026-09-03 19:42:07"
Nederland,Solar,Hour,8465659,8465656,0,0,"2025-10-09 10:00:00","2025-10-09 11:00:00","2026-09-03 19:42:07"
Nederland,Solar,Hour,7644660,7644658,0,0,"2025-10-09 11:00:00","2025-10-09 12:00:00","2026-09-03 19:42:07"
Nederland,Solar,Hour,5750345,5750343,0,0,"2025-10-09 12:00:00","2025-10-09 13:00:00","2026-09-03 19:42:07"
Nederland,Solar,Hour,4269117,4269115,0,0,"2025-10-09 13:00:00","2025-10-09 14:00:00","2026-09-03 19:42:07"
Nederland,Solar,Hour,3265089,3265086,0,0,"2025-10-09 14:00:00","2025-10-09 15:00:00","2026-09-03 19:42:07"
Nederland,Solar,Hour,2509414,2509412,0,0,"2025-10-09 15:00:00","2025-10-09 16:00:00","2026-09-03 19:42:07"
Nederland,Solar,Hour,374544,374542,0,0,"2025-10-09 16:00:00","2025-10-09 17:00:00","2026-09-03 19:42:07"
Nederland,Solar,Hour,0,0,0,0,"2025-10-09 17:00:00","2025-10-09 18:00:00","2026-09-03 19:42:07"
Nederland,Solar,Hour,0,0,0,0,"2025-10-09 18:00:00","2025-10-09 19:00:00","2026-09-03 19:42:07"
Nederland,Solar,Hour,0,0,0,0,"2025-10-09 19:00:00","2025-10-09 20:00:00","2026-09-03 19:42:07"
Nederland,Solar,Hour,0,0,0,0,"2025-10-09 20:00:00","2025-10-09 21:00:00","2026-09-03 19:42:07"
Nederland,Solar,Hour,0,0,0,0,"2025-10-09 21:00:00","2025-10-09 22:00:00","2026-09-03 19:42:07"
Nederland,Solar,Hour,0,0,0,0,"2025-10-09 22:00:00","2025-10-09 23:00:00","2026-09-03 19:42:07"
Nederland,Solar,Hour,0,0,0,0,"2025-10-09 23:00:00","2025-10-10 00:00:00","2026-09-03 19:42:07"
Nederland,Solar,Hour,0,0,0,0,"2025-10-10 00:00:00","2025-10-10 01:00:00","2026-09-03 19:42:07"
Nederland,Solar,Hour,0,0,0,0,"2025-10-10 01:00:00","2025-10-10 02:00:00","2026-09-03 19:42:07"
Nederland,Solar,Hour,0,0,0,0,"2025-10-10 02:00:00","2025-10-10 03:00:00","2026-09-03 19:42:07"
Nederland,Solar,Hour,0,0,0,0,"2025-10-10 03:00:00","2025-10-10 04:00:00","2026-09-03 19:42:07"
Nederland,Solar,Hour,0,0,0,0,"2025-10-10 04:00:00","2025-10-10 05:00:00","2026-09-03 19:42:07"
Nederland,Solar,Hour,0,0,0,0,"2025-10-10 05:00:00","2025-10-10 06:00:00","2026-09-03 19:42:07"
Nederland,Solar,Hour,264586,264585,0,0,"2025-10-10 06:00:00","2025-10-10 07:00:00","2026-09-03 19:42:07"
Nederland,Solar,Hour,2506844,2506841,0,0,"2025-10-10 07:00:00","2025-10-10 08:00:00","2026-09-03 19:42:07"
Nederland,Solar,Hour,5939059,5939057,0,0,"2025-10-10 08:00:00","2025-10-10 09:00:00","2026-09-03 19:42:07"
Nederland,Solar,Hour,7280073,7280071,0,0,"2025-10-10 09:00:00","2025-10-10 10:00:00","2026-09-03 19:42:07"
Nederland,Solar,Hour,7445666,7445664,0,0,"2025-10-10 10:00:00","2025-10-10 11:00:00","2026-09-03 19:42:07"
Nederland,Solar,Hour,6065873,6065871,0,0,"2025-10-10 11:00:00","2025-10-10 12:00:00","2026-09-03 19:42:07"
Nederland,Solar,Hour,5514883,5514881,0,0,"2025-10-10 12:00:00","2025-10-10 13:00:00","2026-09-03 19:42:07"
Nederland,Solar,Hour,3757533,3757530,0,0,"2025-10-10 13:00:00","2025-10-10 14:00:00","2026-09-03 19:42:07"
Nederland,Solar,Hour,2164444,2164443,0,0,"2025-10-10 14:00:00","2025-10-10 15:00:00","2026-09-03 19:42:07"
Nederland,Solar,Hour,1027577,1027574,0,0,"2025-10-10 15:00:00","2025-10-10 16:00:00","2026-09-03 19:42:07"
Nederland,Solar,Hour,195159,195156,0,0,"2025-10-10 16:00:00","2025-10-10 17:00:00","2026-09-03 19:42:07"
Nederland,Solar,Hour,0,0,0,0,"2025-10-10 17:00:00","2025-10-10 18:00:00","2026-09-03 19:42:07"
Nederland,Solar,Hour,0,0,0,0,"2025-10-10 18:00:00","2025-10-10 19:00:00","2026-09-03 19:42:07"
Nederland,Solar,Hour,0,0,0,0,"2025-10-10 19:00:00","2025-10-10 20:00:00","2026-09-03 19:42:07"
Nederland,Solar,Hour,0,0,0,0,"2025-10-10 20:00:00","2025-10-10 21:00:00","2026-09-03 19:42:07"
Nederland,Solar,Hour,0,0,0,0,"2025-10-10 21:00:00","2025-10-10 22:00:00","2026-09-03 19:42:07"
Nederland,Solar,Hour,0,0,0,0,"2025-10-10 22:00:00","2025-10-10 23:00:00","2026-09-03 19:42:07"
Nederland,Solar,Hour,0,0,0,0,"2025-10-10 23:00:00","2025-10-11 00:00:00","2026-09-03 19:42:07"
Nederland,Solar,Hour,0,0,0,0,"2025-10-11 00:00:00","2025-10-11 01:00:00","2026-09-03 19:42:07"
Nederland,Solar,Hour,0,0,0,0,"2025-10-11 01:00:00","2025-10-11 02:00:00","2026-09-03 19:42:07"
Nederland,Solar,Hour,0,0,0,0,"2025-10-11 02:00:00","2025-10-11 03:00:00","2026-09-03 19:42:07"
Nederland,Solar,Hour,0,0,0,0,"2025-10-11 03:00:00","2025-10-11 04:00:00","2026-09-03 19:42:07"
Nederland,Solar,Hour,0,0,0,0,"2025-10-11 04:00:00","2025-10-11 05:00:00","2026-09-03 19:42:07"
Nederland,Solar,Hour,0,0,0,0,"2025-10-11 05:00:00","2025-10-11 06:00:00","2026-09-03 19:42:07"
Nederland,Solar,Hour,31573,31571,0,0,"2025-10-11 06:00:00","2025-10-11 07:00:00","2026-09-03 19:42:07"
Nederland,Solar,Hour,419759,419758,0,0,"2025-10-11 07:00:00","2025-10-11 08:00:00","2026-09-03 19:42:07"
Nederland,Solar,Hour,1039136,1039135,0,0,"2025-10-11 08:00:00","2025-10-11 09:00:00","2026-09-03 19:42:07"
Nederland,Solar,Hour,1819042,1819041,0,0,"2025-10-11 09:00:00","2025-10-11 10:00:00","2026-09-03 19:42:07"
Nederland,Solar,Hour,2359589,2359588,0,0,"2025-10-11 10:00:00","2025-10-11 11:00:00","2026-09-03 19:42:07"
Nederland,Solar,Hour,2535787,2535786,0,0,"2025-10-11 11:00:00","2025-10-11 12:00:00","2026-09-03 19:42:07"
Nederland,Solar,Hour,2487807,2487806,0,0,"2025-10-11 12:00:00","2025-10-11 13:00:00","2026-09-03 19:42:07"
Nederland,Solar,Hour,2171161,2171159,0,0,"2025-10-11 13:00:00","2025-10-11 14:00:00","2026-09-03 19:42:07"
Nederland,Solar,Hour,1557081,1557079,0,0,"2025-10-11 14:00:00","2025-10-11 15:00:00","2026-09-03 19:42:07"
Nederland,Solar,Hour,915981,915979,0,0,"2025-10-11 15:00:00","2025-10-11 16:00:00","2026-09-03 19:42:07"
Nederland,Solar,Hour,117334,117332,0,0,"2025-10-11 16:00:00","2025-10-11 17:00:00","2026-09-03 19:42:07"
Nederland,Solar,Hour,0,0,0,0,"2025-10-11 17:00:00","2025-10-11 18:00:00","2026-09-03 19:42:07"
Nederland,Solar,Hour,0,0,0,0,"2025-10-11 18:00:00","2025-10-11 19:00:00","2026-09-03 19:42:07"
Nederland,Solar,Hour,0,0,0,0,"2025-10-11 19:00:00","2025-10-11 20:00:00","2026-09-03 19:42:07"
Nederland,Solar,Hour,0,0,0,0,"2025-10-11 20:00:00","2025-10-11 21:00:00","2026-09-03 19:42:07"
Nederland,Solar,Hour,0,0,0,0,"2025-10-11 21:00:00","2025-10-11 22:00:00","2026-09-03 19:42:07"
Nederland,Solar,Hour,0,0,0,0,"2025-10-11 22:00:00","2025-10-11 23:00:00","2026-09-03 19:42:07"
Nederland,Solar,Hour,0,0,0,0,"2025-10-11 23:00:00","2025-10-12 00:00:00","2026-09-03 19:42:07"
Nederland,Solar,Hour,0,0,0,0,"2025-10-12 00:00:00","2025-10-12 01:00:00","2026-09-03 19:40:34"
Nederland,Solar,Hour,0,0,0,0,"2025-10-12 01:00:00","2025-10-12 02:00:00","2026-09-03 19:40:34"
Nederland,Solar,Hour,0,0,0,0,"2025-10-12 02:00:00","2025-10-12 03:00:00","2026-09-03 19:40:34"
Nederland,Solar,Hour,0,0,0,0,"2025-10-12 03:00:00","2025-10-12 04:00:00","2026-09-03 19:40:34"
Nederland,Solar,Hour,0,0,0,0,"2025-10-12 04:00:00","2025-10-12 05:00:00","2026-09-03 19:40:34"
Nederland,Solar,Hour,0,0,0,0,"2025-10-12 05:00:00","2025-10-12 06:00:00","2026-09-03 19:40:34"
Nederland,Solar,Hour,52402,52400,0,0,"2025-10-12 06:00:00","2025-10-12 07:00:00","2026-09-03 19:40:34"
Nederland,Solar,Hour,1027646,1027645,0,0,"2025-10-12 07:00:00","2025-10-12 08:00:00","2026-09-03 19:40:34"
Nederland,Solar,Hour,3124792,3124790,0,0,"2025-10-12 08:00:00","2025-10-12 09:00:00","2026-09-03 19:40:34"
Nederland,Solar,Hour,5003529,5003527,0,0,"2025-10-12 09:00:00","2025-10-12 10:00:00","2026-09-03 19:40:34"
Nederland,Solar,Hour,4495043,4495041,0,0,"2025-10-12 10:00:00","2025-10-12 11:00:00","2026-09-03 19:40:34"
Nederland,Solar,Hour,3970854,3970853,0,0,"2025-10-12 11:00:00","2025-10-12 12:00:00","2026-09-03 19:40:34"
Nederland,Solar,Hour,4209677,4209675,0,0,"2025-10-12 12:00:00","2025-10-12 13:00:00","2026-09-03 19:40:34"
Nederland,Solar,Hour,3511478,3511476,0,0,"2025-10-12 13:00:00","2025-10-12 14:00:00","2026-09-03 19:40:34"
Nederland,Solar,Hour,2437461,2437458,0,0,"2025-10-12 14:00:00","2025-10-12 15:00:00","2026-09-03 19:40:34"
Nederland,Solar,Hour,1145699,1145697,0,0,"2025-10-12 15:00:00","2025-10-12 16:00:00","2026-09-03 19:40:34"
Nederland,Solar,Hour,172273,172271,0,0,"2025-10-12 16:00:00","2025-10-12 17:00:00","2026-09-03 19:40:34"
Nederland,Solar,Hour,0,0,0,0,"2025-10-12 17:00:00","2025-10-12 18:00:00","2026-09-03 19:40:34"
Nederland,Solar,Hour,0,0,0,0,"2025-10-12 18:00:00","2025-10-12 19:00:00","2026-09-03 19:40:34"
Nederland,Solar,Hour,0,0,0,0,"2025-10-12 19:00:00","2025-10-12 20:00:00","2026-09-03 19:40:34"
Nederland,Solar,Hour,0,0,0,0,"2025-10-12 20:00:00","2025-10-12 21:00:00","2026-09-03 19:40:34"
Nederland,Solar,Hour,0,0,0,0,"2025-10-12 21:00:00","2025-10-12 22:00:00","2026-09-03 19:40:34"
Nederland,Solar,Hour,0,0,0,0,"2025-10-12 22:00:00","2025-10-12 23:00:00","2026-09-03 19:40:34"
Nederland,Solar,Hour,0,0,0,0,"2025-10-12 23:00:00","2025-10-13 00:00:00","2026-09-03 19:40:34"
Nederland,Solar,Hour,0,0,0,0,"2025-10-13 00:00:00","2025-10-13 01:00:00","2026-09-03 19:40:34"
Nederland,Solar,Hour,0,0,0,0,"2025-10-13 01:00:00","2025-10-13 02:00:00","2026-09-03 19:40:34"
Nederland,Solar,Hour,0,0,0,0,"2025-10-13 02:00:00","2025-10-13 03:00:00","2026-09-03 19:40:34"
Nederland,Solar,Hour,0,0,0,0,"2025-10-13 03:00:00","2025-10-13 04:00:00","2026-09-03 19:40:34"
Nederland,Solar,Hour,0,0,0,0,"2025-10-13 04:00:00","2025-10-13 05:00:00","2026-09-03 19:40:34"
Nederland,Solar,Hour,0,0,0,0,"2025-10-13 05:00:00","2025-10-13 06:00:00","2026-09-03 19:40:34"
Nederland,Solar,Hour,91901,91900,0,0,"2025-10-13 06:00:00","2025-10-13 07:00:00","2026-09-03 19:40:34"
Nederland,Solar,Hour,1040250,1040248,0,0,"2025-10-13 07:00:00","2025-10-13 08:00:00","2026-09-03 19:40:34"
Nederland,Solar,Hour,2650746,2650744,0,0,"2025-10-13 08:00:00","2025-10-13 09:00:00","2026-09-03 19:40:34"
Nederland,Solar,Hour,3444382,3444380,0,0,"2025-10-13 09:00:00","2025-10-13 10:00:00","2026-09-03 19:40:34"
Nederland,Solar,Hour,3617302,3617300,0,0,"2025-10-13 10:00:00","2025-10-13 11:00:00","2026-09-03 19:40:34"
Nederland,Solar,Hour,4292616,4292613,0,0,"2025-10-13 11:00:00","2025-10-13 12:00:00","2026-09-03 19:40:34"
Nederland,Solar,Hour,4714018,4714017,0,0,"2025-10-13 12:00:00","2025-10-13 13:00:00","2026-09-03 19:40:34"
Nederland,Solar,Hour,4242154,4242152,0,0,"2025-10-13 13:00:00","2025-10-13 14:00:00","2026-09-03 19:40:34"
Nederland,Solar,Hour,3608497,3608496,0,0,"2025-10-13 14:00:00","2025-10-13 15:00:00","2026-09-03 19:40:34"
Nederland,Solar,Hour,1939562,1939560,0,0,"2025-10-13 15:00:00","2025-10-13 16:00:00","2026-09-03 19:40:34"
Nederland,Solar,Hour,398466,398464,0,0,"2025-10-13 16:00:00","2025-10-13 17:00:00","2026-09-03 19:40:34"
Nederland,Solar,Hour,0,0,0,0,"2025-10-13 17:00:00","2025-10-13 18:00:00","2026-09-03 19:40:34"
Nederland,Solar,Hour,0,0,0,0,"2025-10-13 18:00:00","2025-10-13 19:00:00","2026-09-03 19:40:34"
Nederland,Solar,Hour,0,0,0,0,"2025-10-13 19:00:00","2025-10-13 20:00:00","2026-09-03 19:40:34"
Nederland,Solar,Hour,0,0,0,0,"2025-10-13 20:00:00","2025-10-13 21:00:00","2026-09-03 19:40:34"
Nederland,Solar,Hour,0,0,0,0,"2025-10-13 21:00:00","2025-10-13 22:00:00","2026-09-03 19:40:34"
Nederland,Solar,Hour,0,0,0,0,"2025-10-13 22:00:00","2025-10-13 23:00:00","2026-09-03 19:40:34"
Nederland,Solar,Hour,0,0,0,0,"2025-10-13 23:00:00","2025-10-14 00:00:00","2026-09-03 19:40:34"
Nederland,Solar,Hour,0,0,0,0,"2025-10-14 00:00:00","2025-10-14 01:00:00","2026-09-03 19:40:34"
Nederland,Solar,Hour,0,0,0,0,"2025-10-14 01:00:00","2025-10-14 02:00:00","2026-09-03 19:40:34"
Nederland,Solar,Hour,0,0,0,0,"2025-10-14 02:00:00","2025-10-14 03:00:00","2026-09-03 19:40:34"
Nederland,Solar,Hour,0,0,0,0,"2025-10-14 03:00:00","2025-10-14 04:00:00","2026-09-03 19:40:34"
Nederland,Solar,Hour,0,0,0,0,"2025-10-14 04:00:00","2025-10-14 05:00:00","2026-09-03 19:40:34"
Nederland,Solar,Hour,0,0,0,0,"2025-10-14 05:00:00","2025-10-14 06:00:00","2026-09-03 19:40:34"
Nederland,Solar,Hour,57271,57271,0,0,"2025-10-14 06:00:00","2025-10-14 07:00:00","2026-09-03 19:40:34"
Nederland,Solar,Hour,1032808,1032806,0,0,"2025-10-14 07:00:00","2025-10-14 08:00:00","2026-09-03 19:40:34"
Nederland,Solar,Hour,2706468,2706465,0,0,"2025-10-14 08:00:00","2025-10-14 09:00:00","2026-09-03 19:40:34"
Nederland,Solar,Hour,3930950,3930947,0,0,"2025-10-14 09:00:00","2025-10-14 10:00:00","2026-09-03 19:40:34"
Nederland,Solar,Hour,5106197,5106195,0,0,"2025-10-14 10:00:00","2025-10-14 11:00:00","2026-09-03 19:40:34"
Nederland,Solar,Hour,4999087,4999085,0,0,"2025-10-14 11:00:00","2025-10-14 12:00:00","2026-09-03 19:40:34"
Nederland,Solar,Hour,5311094,5311092,0,0,"2025-10-14 12:00:00","2025-10-14 13:00:00","2026-09-03 19:40:34"
Nederland,Solar,Hour,3973389,3973386,0,0,"2025-10-14 13:00:00","2025-10-14 14:00:00","2026-09-03 19:40:34"
Nederland,Solar,Hour,3074916,3074913,0,0,"2025-10-14 14:00:00","2025-10-14 15:00:00","2026-09-03 19:40:34"
Nederland,Solar,Hour,1457704,1457703,0,0,"2025-10-14 15:00:00","2025-10-14 16:00:00","2026-09-03 19:40:34"
Nederland,Solar,Hour,203736,203734,0,0,"2025-10-14 16:00:00","2025-10-14 17:00:00","2026-09-03 19:40:34"
Nederland,Solar,Hour,0,0,0,0,"2025-10-14 17:00:00","2025-10-14 18:00:00","2026-09-03 19:40:34"
Nederland,Solar,Hour,0,0,0,0,"2025-10-14 18:00:00","2025-10-14 19:00:00","2026-09-03 19:40:34"
Nederland,Solar,Hour,0,0,0,0,"2025-10-14 19:00:00","2025-10-14 20:00:00","2026-09-03 19:40:34"
Nederland,Solar,Hour,0,0,0,0,"2025-10-14 20:00:00","2025-10-14 21:00:00","2026-09-03 19:40:34"
Nederland,Solar,Hour,0,0,0,0,"2025-10-14 21:00:00","2025-10-14 22:00:00","2026-09-03 19:40:34"
Nederland,Solar,Hour,0,0,0,0,"2025-10-14 22:00:00","2025-10-14 23:00:00","2026-09-03 19:40:34"
Nederland,Solar,Hour,0,0,0,0,"2025-10-14 23:00:00","2025-10-15 00:00:00","2026-09-03 19:40:34"
Nederland,Solar,Hour,0,0,0,0,"2025-10-15 00:00:00","2025-10-15 01:00:00","2026-09-03 19:40:34"
Nederland,Solar,Hour,0,0,0,0,"2025-10-15 01:00:00","2025-10-15 02:00:00","2026-09-03 19:40:34"
Nederland,Solar,Hour,0,0,0,0,"2025-10-15 02:00:00","2025-10-15 03:00:00","2026-09-03 19:40:34"
Nederland,Solar,Hour,0,0,0,0,"2025-10-15 03:00:00","2025-10-15 04:00:00","2026-09-03 19:40:34"
Nederland,Solar,Hour,0,0,0,0,"2025-10-15 04:00:00","2025-10-15 05:00:00","2026-09-03 19:40:34"
Nederland,Solar,Hour,0,0,0,0,"2025-10-15 05:00:00","2025-10-15 06:00:00","2026-09-03 19:40:34"
Nederland,Solar,Hour,33347,33347,0,0,"2025-10-15 06:00:00","2025-10-15 07:00:00","2026-09-03 19:40:34"
Nederland,Solar,Hour,770413,770411,0,0,"2025-10-15 07:00:00","2025-10-15 08:00:00","2026-09-03 19:40:34"
Nederland,Solar,Hour,1946818,1946816,0,0,"2025-10-15 08:00:00","2025-10-15 09:00:00","2026-09-03 19:40:34"
Nederland,Solar,Hour,2977456,2977454,0,0,"2025-10-15 09:00:00","2025-10-15 10:00:00","2026-09-03 19:40:34"
Nederland,Solar,Hour,3514187,3514184,0,0,"2025-10-15 10:00:00","2025-10-15 11:00:00","2026-09-03 19:40:34"
Nederland,Solar,Hour,3680368,3680366,0,0,"2025-10-15 11:00:00","2025-10-15 12:00:00","2026-09-03 19:40:34"
Nederland,Solar,Hour,3373413,3373411,0,0,"2025-10-15 12:00:00","2025-10-15 13:00:00","2026-09-03 19:40:34"
Nederland,Solar,Hour,2329993,2329992,0,0,"2025-10-15 13:00:00","2025-10-15 14:00:00","2026-09-03 19:40:34"
Nederland,Solar,Hour,1697982,1697979,0,0,"2025-10-15 14:00:00","2025-10-15 15:00:00","2026-09-03 19:40:34"
Nederland,Solar,Hour,1034239,1034237,0,0,"2025-10-15 15:00:00","2025-10-15 16:00:00","2026-09-03 19:40:34"
Nederland,Solar,Hour,124588,124587,0,0,"2025-10-15 16:00:00","2025-10-15 17:00:00","2026-09-03 19:40:34"
Nederland,Solar,Hour,0,0,0,0,"2025-10-15 17:00:00","2025-10-15 18:00:00","2026-09-03 19:40:34"
Nederland,Solar,Hour,0,0,0,0,"2025-10-15 18:00:00","2025-10-15 19:00:00","2026-09-03 19:40:34"
Nederland,Solar,Hour,0,0,0,0,"2025-10-15 19:00:00","2025-10-15 20:00:00","2026-09-03 19:40:34"
Nederland,Solar,Hour,0,0,0,0,"2025-10-15 20:00:00","2025-10-15 21:00:00","2026-09-03 19:40:34"
Nederland,Solar,Hour,0,0,0,0,"2025-10-15 21:00:00","2025-10-15 22:00:00","2026-09-03 19:40:34"
Nederland,Solar,Hour,0,0,0,0,"2025-10-15 22:00:00","2025-10-15 23:00:00","2026-09-03 19:40:34"
Nederland,Solar,Hour,0,0,0,0,"2025-10-15 23:00:00","2025-10-16 00:00:00","2026-09-03 19:40:34"
Nederland,Solar,Hour,0,0,0,0,"2025-10-16 00:00:00","2025-10-16 01:00:00","2026-09-03 19:40:34"
Nederland,Solar,Hour,0,0,0,0,"2025-10-16 01:00:00","2025-10-16 02:00:00","2026-09-03 19:40:34"
Nederland,Solar,Hour,0,0,0,0,"2025-10-16 02:00:00","2025-10-16 03:00:00","2026-09-03 19:40:34"
Nederland,Solar,Hour,0,0,0,0,"2025-10-16 03:00:00","2025-10-16 04:00:00","2026-09-03 19:40:34"
Nederland,Solar,Hour,0,0,0,0,"2025-10-16 04:00:00","2025-10-16 05:00:00","2026-09-03 19:40:34"
Nederland,Solar,Hour,0,0,0,0,"2025-10-16 05:00:00","2025-10-16 06:00:00","2026-09-03 19:40:34"
Nederland,Solar,Hour,66343,66342,0,0,"2025-10-16 06:00:00","2025-10-16 07:00:00","2026-09-03 19:40:34"
Nederland,Solar,Hour,1160008,1160005,0,0,"2025-10-16 07:00:00","2025-10-16 08:00:00","2026-09-03 19:40:34"
Nederland,Solar,Hour,3001734,3001732,0,0,"2025-10-16 08:00:00","2025-10-16 09:00:00","2026-09-03 19:40:34"
Nederland,Solar,Hour,5196124,5196122,0,0,"2025-10-16 09:00:00","2025-10-16 10:00:00","2026-09-03 19:40:34"
Nederland,Solar,Hour,5962913,5962912,0,0,"2025-10-16 10:00:00","2025-10-16 11:00:00","2026-09-03 19:40:34"
Nederland,Solar,Hour,5039313,5039311,0,0,"2025-10-16 11:00:00","2025-10-16 12:00:00","2026-09-03 19:40:34"
Nederland,Solar,Hour,4845618,4845615,0,0,"2025-10-16 12:00:00","2025-10-16 13:00:00","2026-09-03 19:40:34"
Nederland,Solar,Hour,4667282,4667279,0,0,"2025-10-16 13:00:00","2025-10-16 14:00:00","2026-09-03 19:40:34"
Nederland,Solar,Hour,3325776,3325775,0,0,"2025-10-16 14:00:00","2025-10-16 15:00:00","2026-09-03 19:40:34"
Nederland,Solar,Hour,1377691,1377690,0,0,"2025-10-16 15:00:00","2025-10-16 16:00:00","2026-09-03 19:40:34"
Nederland,Solar,Hour,173695,173693,0,0,"2025-10-16 16:00:00","2025-10-16 17:00:00","2026-09-03 19:40:34"
Nederland,Solar,Hour,0,0,0,0,"2025-10-16 17:00:00","2025-10-16 18:00:00","2026-09-03 19:40:34"
Nederland,Solar,Hour,0,0,0,0,"2025-10-16 18:00:00","2025-10-16 19:00:00","2026-09-03 19:40:34"
Nederland,Solar,Hour,0,0,0,0,"2025-10-16 19:00:00","2025-10-16 20:00:00","2026-09-03 19:40:34"
Nederland,Solar,Hour,0,0,0,0,"2025-10-16 20:00:00","2025-10-16 21:00:00","2026-09-03 19:40:34"
Nederland,Solar,Hour,0,0,0,0,"2025-10-16 21:00:00","2025-10-16 22:00:00","2026-09-03 19:40:34"
Nederland,Solar,Hour,0,0,0,0,"2025-10-16 22:00:00","2025-10-16 23:00:00","2026-09-03 19:40:34"
Nederland,Solar,Hour,0,0,0,0,"2025-10-16 23:00:00","2025-10-17 00:00:00","2026-09-03 19:40:34"
Nederland,Solar,Hour,0,0,0,0,"2025-10-17 00:00:00","2025-10-17 01:00:00","2026-09-03 19:38:58"
Nederland,Solar,Hour,0,0,0,0,"2025-10-17 01:00:00","2025-10-17 02:00:00","2026-09-03 19:38:58"
Nederland,Solar,Hour,0,0,0,0,"2025-10-17 02:00:00","2025-10-17 03:00:00","2026-09-03 19:38:58"
Nederland,Solar,Hour,0,0,0,0,"2025-10-17 03:00:00","2025-10-17 04:00:00","2026-09-03 19:38:58"
Nederland,Solar,Hour,0,0,0,0,"2025-10-17 04:00:00","2025-10-17 05:00:00","2026-09-03 19:38:58"
Nederland,Solar,Hour,0,0,0,0,"2025-10-17 05:00:00","2025-10-17 06:00:00","2026-09-03 19:38:58"
Nederland,Solar,Hour,31831,31830,0,0,"2025-10-17 06:00:00","2025-10-17 07:00:00","2026-09-03 19:38:58"
Nederland,Solar,Hour,816454,816451,0,0,"2025-10-17 07:00:00","2025-10-17 08:00:00","2026-09-03 19:38:58"
Nederland,Solar,Hour,2131902,2131900,0,0,"2025-10-17 08:00:00","2025-10-17 09:00:00","2026-09-03 19:38:58"
Nederland,Solar,Hour,3525597,3525595,0,0,"2025-10-17 09:00:00","2025-10-17 10:00:00","2026-09-03 19:38:58"
Nederland,Solar,Hour,4549105,4549102,0,0,"2025-10-17 10:00:00","2025-10-17 11:00:00","2026-09-03 19:38:58"
Nederland,Solar,Hour,5319858,5319856,0,0,"2025-10-17 11:00:00","2025-10-17 12:00:00","2026-09-03 19:38:58"
Nederland,Solar,Hour,4484688,4484686,0,0,"2025-10-17 12:00:00","2025-10-17 13:00:00","2026-09-03 19:38:58"
Nederland,Solar,Hour,3350362,3350359,0,0,"2025-10-17 13:00:00","2025-10-17 14:00:00","2026-09-03 19:38:58"
Nederland,Solar,Hour,2224278,2224277,0,0,"2025-10-17 14:00:00","2025-10-17 15:00:00","2026-09-03 19:38:58"
Nederland,Solar,Hour,1549556,1549554,0,0,"2025-10-17 15:00:00","2025-10-17 16:00:00","2026-09-03 19:38:58"
Nederland,Solar,Hour,254534,254532,0,0,"2025-10-17 16:00:00","2025-10-17 17:00:00","2026-09-03 19:38:58"
Nederland,Solar,Hour,0,0,0,0,"2025-10-17 17:00:00","2025-10-17 18:00:00","2026-09-03 19:38:58"
Nederland,Solar,Hour,0,0,0,0,"2025-10-17 18:00:00","2025-10-17 19:00:00","2026-09-03 19:38:58"
Nederland,Solar,Hour,0,0,0,0,"2025-10-17 19:00:00","2025-10-17 20:00:00","2026-09-03 19:38:58"
Nederland,Solar,Hour,0,0,0,0,"2025-10-17 20:00:00","2025-10-17 21:00:00","2026-09-03 19:38:58"
Nederland,Solar,Hour,0,0,0,0,"2025-10-17 21:00:00","2025-10-17 22:00:00","2026-09-03 19:38:58"
Nederland,Solar,Hour,0,0,0,0,"2025-10-17 22:00:00","2025-10-17 23:00:00","2026-09-03 19:38:58"
Nederland,Solar,Hour,0,0,0,0,"2025-10-17 23:00:00","2025-10-18 00:00:00","2026-09-03 19:38:58"
Nederland,Solar,Hour,0,0,0,0,"2025-10-18 00:00:00","2025-10-18 01:00:00","2026-09-03 19:38:58"
Nederland,Solar,Hour,0,0,0,0,"2025-10-18 01:00:00","2025-10-18 02:00:00","2026-09-03 19:38:58"
Nederland,Solar,Hour,0,0,0,0,"2025-10-18 02:00:00","2025-10-18 03:00:00","2026-09-03 19:38:58"
Nederland,Solar,Hour,0,0,0,0,"2025-10-18 03:00:00","2025-10-18 04:00:00","2026-09-03 19:38:58"
Nederland,Solar,Hour,0,0,0,0,"2025-10-18 04:00:00","2025-10-18 05:00:00","2026-09-03 19:38:58"
Nederland,Solar,Hour,0,0,0,0,"2025-10-18 05:00:00","2025-10-18 06:00:00","2026-09-03 19:38:58"
Nederland,Solar,Hour,75880,75879,0,0,"2025-10-18 06:00:00","2025-10-18 07:00:00","2026-09-03 19:38:58"
Nederland,Solar,Hour,1590736,1590734,0,0,"2025-10-18 07:00:00","2025-10-18 08:00:00","2026-09-03 19:38:58"
Nederland,Solar,Hour,4433408,4433406,0,0,"2025-10-18 08:00:00","2025-10-18 09:00:00","2026-09-03 19:38:58"
Nederland,Solar,Hour,7511108,7511105,0,0,"2025-10-18 09:00:00","2025-10-18 10:00:00","2026-09-03 19:38:58"
Nederland,Solar,Hour,9837818,9837816,0,0,"2025-10-18 10:00:00","2025-10-18 11:00:00","2026-09-03 19:38:58"
Nederland,Solar,Hour,9608489,9608487,0,0,"2025-10-18 11:00:00","2025-10-18 12:00:00","2026-09-03 19:38:58"
Nederland,Solar,Hour,9529411,9529409,0,0,"2025-10-18 12:00:00","2025-10-18 13:00:00","2026-09-03 19:38:58"
Nederland,Solar,Hour,7449768,7449766,0,0,"2025-10-18 13:00:00","2025-10-18 14:00:00","2026-09-03 19:38:58"
Nederland,Solar,Hour,4735734,4735732,0,0,"2025-10-18 14:00:00","2025-10-18 15:00:00","2026-09-03 19:38:58"
Nederland,Solar,Hour,1759032,1759030,0,0,"2025-10-18 15:00:00","2025-10-18 16:00:00","2026-09-03 19:38:58"
Nederland,Solar,Hour,182323,182322,0,0,"2025-10-18 16:00:00","2025-10-18 17:00:00","2026-09-03 19:38:58"
Nederland,Solar,Hour,0,0,0,0,"2025-10-18 17:00:00","2025-10-18 18:00:00","2026-09-03 19:38:58"
Nederland,Solar,Hour,0,0,0,0,"2025-10-18 18:00:00","2025-10-18 19:00:00","2026-09-03 19:38:58"
Nederland,Solar,Hour,0,0,0,0,"2025-10-18 19:00:00","2025-10-18 20:00:00","2026-09-03 19:38:58"
Nederland,Solar,Hour,0,0,0,0,"2025-10-18 20:00:00","2025-10-18 21:00:00","2026-09-03 19:38:58"
Nederland,Solar,Hour,0,0,0,0,"2025-10-18 21:00:00","2025-10-18 22:00:00","2026-09-03 19:38:58"
Nederland,Solar,Hour,0,0,0,0,"2025-10-18 22:00:00","2025-10-18 23:00:00","2026-09-03 19:38:58"
Nederland,Solar,Hour,0,0,0,0,"2025-10-18 23:00:00","2025-10-19 00:00:00","2026-09-03 19:38:58"
Nederland,Solar,Hour,0,0,0,0,"2025-10-19 00:00:00","2025-10-19 01:00:00","2026-09-03 19:38:58"
Nederland,Solar,Hour,0,0,0,0,"2025-10-19 01:00:00","2025-10-19 02:00:00","2026-09-03 19:38:58"
Nederland,Solar,Hour,0,0,0,0,"2025-10-19 02:00:00","2025-10-19 03:00:00","2026-09-03 19:38:58"
Nederland,Solar,Hour,0,0,0,0,"2025-10-19 03:00:00","2025-10-19 04:00:00","2026-09-03 19:38:58"
Nederland,Solar,Hour,0,0,0,0,"2025-10-19 04:00:00","2025-10-19 05:00:00","2026-09-03 19:38:58"
Nederland,Solar,Hour,0,0,0,0,"2025-10-19 05:00:00","2025-10-19 06:00:00","2026-09-03 19:38:58"
Nederland,Solar,Hour,31219,31218,0,0,"2025-10-19 06:00:00","2025-10-19 07:00:00","2026-09-03 19:38:58"
Nederland,Solar,Hour,1129197,1129195,0,0,"2025-10-19 07:00:00","2025-10-19 08:00:00","2026-09-03 19:38:58"
Nederland,Solar,Hour,3069995,3069994,0,0,"2025-10-19 08:00:00","2025-10-19 09:00:00","2026-09-03 19:38:58"
Nederland,Solar,Hour,4569692,4569689,0,0,"2025-10-19 09:00:00","2025-10-19 10:00:00","2026-09-03 19:38:58"
Nederland,Solar,Hour,6187340,6187338,0,0,"2025-10-19 10:00:00","2025-10-19 11:00:00","2026-09-03 19:38:58"
Nederland,Solar,Hour,7658855,7658852,0,0,"2025-10-19 11:00:00","2025-10-19 12:00:00","2026-09-03 19:38:58"
Nederland,Solar,Hour,9279036,9279035,0,0,"2025-10-19 12:00:00","2025-10-19 13:00:00","2026-09-03 19:38:58"
Nederland,Solar,Hour,7548220,7548217,0,0,"2025-10-19 13:00:00","2025-10-19 14:00:00","2026-09-03 19:38:58"
Nederland,Solar,Hour,4467859,4467858,0,0,"2025-10-19 14:00:00","2025-10-19 15:00:00","2026-09-03 19:38:58"
Nederland,Solar,Hour,1872650,1872649,0,0,"2025-10-19 15:00:00","2025-10-19 16:00:00","2026-09-03 19:38:58"
Nederland,Solar,Hour,201859,201859,0,0,"2025-10-19 16:00:00","2025-10-19 17:00:00","2026-09-03 19:38:58"
Nederland,Solar,Hour,0,0,0,0,"2025-10-19 17:00:00","2025-10-19 18:00:00","2026-09-03 19:38:58"
Nederland,Solar,Hour,0,0,0,0,"2025-10-19 18:00:00","2025-10-19 19:00:00","2026-09-03 19:38:58"
Nederland,Solar,Hour,0,0,0,0,"2025-10-19 19:00:00","2025-10-19 20:00:00","2026-09-03 19:38:58"
Nederland,Solar,Hour,0,0,0,0,"2025-10-19 20:00:00","2025-10-19 21:00:00","2026-09-03 19:38:58"
Nederland,Solar,Hour,0,0,0,0,"2025-10-19 21:00:00","2025-10-19 22:00:00","2026-09-03 19:38:58"
Nederland,Solar,Hour,0,0,0,0,"2025-10-19 22:00:00","2025-10-19 23:00:00","2026-09-03 19:38:58"
Nederland,Solar,Hour,0,0,0,0,"2025-10-19 23:00:00","2025-10-20 00:00:00","2026-09-03 19:38:58"
Nederland,Solar,Hour,0,0,0,0,"2025-10-20 00:00:00","2025-10-20 01:00:00","2026-09-03 19:38:58"
Nederland,Solar,Hour,0,0,0,0,"2025-10-20 01:00:00","2025-10-20 02:00:00","2026-09-03 19:38:58"
Nederland,Solar,Hour,0,0,0,0,"2025-10-20 02:00:00","2025-10-20 03:00:00","2026-09-03 19:38:58"
Nederland,Solar,Hour,0,0,0,0,"2025-10-20 03:00:00","2025-10-20 04:00:00","2026-09-03 19:38:58"
Nederland,Solar,Hour,0,0,0,0,"2025-10-20 04:00:00","2025-10-20 05:00:00","2026-09-03 19:38:58"
Nederland,Solar,Hour,0,0,0,0,"2025-10-20 05:00:00","2025-10-20 06:00:00","2026-09-03 19:38:58"
Nederland,Solar,Hour,1027,1027,0,0,"2025-10-20 06:00:00","2025-10-20 07:00:00","2026-09-03 19:38:58"
Nederland,Solar,Hour,373415,373412,0,0,"2025-10-20 07:00:00","2025-10-20 08:00:00","2026-09-03 19:38:58"
Nederland,Solar,Hour,1518037,1518035,0,0,"2025-10-20 08:00:00","2025-10-20 09:00:00","2026-09-03 19:38:58"
Nederland,Solar,Hour,3027372,3027368,0,0,"2025-10-20 09:00:00","2025-10-20 10:00:00","2026-09-03 19:38:58"
Nederland,Solar,Hour,4299603,4299601,0,0,"2025-10-20 10:00:00","2025-10-20 11:00:00","2026-09-03 19:38:58"
Nederland,Solar,Hour,4632248,4632246,0,0,"2025-10-20 11:00:00","2025-10-20 12:00:00","2026-09-03 19:38:58"
Nederland,Solar,Hour,5243052,5243050,0,0,"2025-10-20 12:00:00","2025-10-20 13:00:00","2026-09-03 19:38:58"
Nederland,Solar,Hour,3620807,3620805,0,0,"2025-10-20 13:00:00","2025-10-20 14:00:00","2026-09-03 19:38:58"
Nederland,Solar,Hour,2848992,2848990,0,0,"2025-10-20 14:00:00","2025-10-20 15:00:00","2026-09-03 19:38:58"
Nederland,Solar,Hour,2173832,2173830,0,0,"2025-10-20 15:00:00","2025-10-20 16:00:00","2026-09-03 19:38:58"
Nederland,Solar,Hour,207254,207253,0,0,"2025-10-20 16:00:00","2025-10-20 17:00:00","2026-09-03 19:38:58"
Nederland,Solar,Hour,0,0,0,0,"2025-10-20 17:00:00","2025-10-20 18:00:00","2026-09-03 19:38:58"
Nederland,Solar,Hour,0,0,0,0,"2025-10-20 18:00:00","2025-10-20 19:00:00","2026-09-03 19:38:58"
Nederland,Solar,Hour,0,0,0,0,"2025-10-20 19:00:00","2025-10-20 20:00:00","2026-09-03 19:38:58"
Nederland,Solar,Hour,0,0,0,0,"2025-10-20 20:00:00","2025-10-20 21:00:00","2026-09-03 19:38:58"
Nederland,Solar,Hour,0,0,0,0,"2025-10-20 21:00:00","2025-10-20 22:00:00","2026-09-03 19:38:58"
Nederland,Solar,Hour,0,0,0,0,"2025-10-20 22:00:00","2025-10-20 23:00:00","2026-09-03 19:38:58"
Nederland,Solar,Hour,0,0,0,0,"2025-10-20 23:00:00","2025-10-21 00:00:00","2026-09-03 19:38:58"
Nederland,Solar,Hour,0,0,0,0,"2025-10-21 00:00:00","2025-10-21 01:00:00","2026-09-03 19:38:58"
Nederland,Solar,Hour,0,0,0,0,"2025-10-21 01:00:00","2025-10-21 02:00:00","2026-09-03 19:38:58"
Nederland,Solar,Hour,0,0,0,0,"2025-10-21 02:00:00","2025-10-21 03:00:00","2026-09-03 19:38:58"
Nederland,Solar,Hour,0,0,0,0,"2025-10-21 03:00:00","2025-10-21 04:00:00","2026-09-03 19:38:58"
Nederland,Solar,Hour,0,0,0,0,"2025-10-21 04:00:00","2025-10-21 05:00:00","2026-09-03 19:38:58"
Nederland,Solar,Hour,0,0,0,0,"2025-10-21 05:00:00","2025-10-21 06:00:00","2026-09-03 19:38:58"
Nederland,Solar,Hour,3417,3417,0,0,"2025-10-21 06:00:00","2025-10-21 07:00:00","2026-09-03 19:38:58"
Nederland,Solar,Hour,519840,519837,0,0,"2025-10-21 07:00:00","2025-10-21 08:00:00","2026-09-03 19:38:58"
Nederland,Solar,Hour,1542447,1542446,0,0,"2025-10-21 08:00:00","2025-10-21 09:00:00","2026-09-03 19:38:58"
Nederland,Solar,Hour,2623426,2623425,0,0,"2025-10-21 09:00:00","2025-10-21 10:00:00","2026-09-03 19:38:58"
Nederland,Solar,Hour,3534035,3534033,0,0,"2025-10-21 10:00:00","2025-10-21 11:00:00","2026-09-03 19:38:58"
Nederland,Solar,Hour,4462530,4462527,0,0,"2025-10-21 11:00:00","2025-10-21 12:00:00","2026-09-03 19:38:58"
Nederland,Solar,Hour,4340492,4340489,0,0,"2025-10-21 12:00:00","2025-10-21 13:00:00","2026-09-03 19:38:58"
Nederland,Solar,Hour,3890045,3890044,0,0,"2025-10-21 13:00:00","2025-10-21 14:00:00","2026-09-03 19:38:58"
Nederland,Solar,Hour,2855177,2855175,0,0,"2025-10-21 14:00:00","2025-10-21 15:00:00","2026-09-03 19:38:58"
Nederland,Solar,Hour,1534504,1534502,0,0,"2025-10-21 15:00:00","2025-10-21 16:00:00","2026-09-03 19:38:58"
Nederland,Solar,Hour,120162,120160,0,0,"2025-10-21 16:00:00","2025-10-21 17:00:00","2026-09-03 19:38:58"
Nederland,Solar,Hour,0,0,0,0,"2025-10-21 17:00:00","2025-10-21 18:00:00","2026-09-03 19:38:58"
Nederland,Solar,Hour,0,0,0,0,"2025-10-21 18:00:00","2025-10-21 19:00:00","2026-09-03 19:38:58"
Nederland,Solar,Hour,0,0,0,0,"2025-10-21 19:00:00","2025-10-21 20:00:00","2026-09-03 19:38:58"
Nederland,Solar,Hour,0,0,0,0,"2025-10-21 20:00:00","2025-10-21 21:00:00","2026-09-03 19:38:58"
Nederland,Solar,Hour,0,0,0,0,"2025-10-21 21:00:00","2025-10-21 22:00:00","2026-09-03 19:38:58"
Nederland,Solar,Hour,0,0,0,0,"2025-10-21 22:00:00","2025-10-21 23:00:00","2026-09-03 19:38:58"
Nederland,Solar,Hour,0,0,0,0,"2025-10-21 23:00:00","2025-10-22 00:00:00","2026-09-03 19:38:58"
Nederland,Solar,Hour,0,0,0,0,"2025-10-22 00:00:00","2025-10-22 01:00:00","2026-09-03 19:37:32"
Nederland,Solar,Hour,0,0,0,0,"2025-10-22 01:00:00","2025-10-22 02:00:00","2026-09-03 19:37:32"
Nederland,Solar,Hour,0,0,0,0,"2025-10-22 02:00:00","2025-10-22 03:00:00","2026-09-03 19:37:32"
Nederland,Solar,Hour,0,0,0,0,"2025-10-22 03:00:00","2025-10-22 04:00:00","2026-09-03 19:37:32"
Nederland,Solar,Hour,0,0,0,0,"2025-10-22 04:00:00","2025-10-22 05:00:00","2026-09-03 19:37:32"
Nederland,Solar,Hour,0,0,0,0,"2025-10-22 05:00:00","2025-10-22 06:00:00","2026-09-03 19:37:32"
Nederland,Solar,Hour,34088,34088,0,0,"2025-10-22 06:00:00","2025-10-22 07:00:00","2026-09-03 19:37:32"
Nederland,Solar,Hour,1138405,1138403,0,0,"2025-10-22 07:00:00","2025-10-22 08:00:00","2026-09-03 19:37:32"
Nederland,Solar,Hour,2853823,2853821,0,0,"2025-10-22 08:00:00","2025-10-22 09:00:00","2026-09-03 19:37:32"
Nederland,Solar,Hour,4737762,4737761,0,0,"2025-10-22 09:00:00","2025-10-22 10:00:00","2026-09-03 19:37:32"
Nederland,Solar,Hour,6091561,6091559,0,0,"2025-10-22 10:00:00","2025-10-22 11:00:00","2026-09-03 19:37:32"
Nederland,Solar,Hour,6613972,6613971,0,0,"2025-10-22 11:00:00","2025-10-22 12:00:00","2026-09-03 19:37:32"
Nederland,Solar,Hour,5795145,5795143,0,0,"2025-10-22 12:00:00","2025-10-22 13:00:00","2026-09-03 19:37:32"
Nederland,Solar,Hour,3941556,3941554,0,0,"2025-10-22 13:00:00","2025-10-22 14:00:00","2026-09-03 19:37:32"
Nederland,Solar,Hour,3039532,3039530,0,0,"2025-10-22 14:00:00","2025-10-22 15:00:00","2026-09-03 19:37:32"
Nederland,Solar,Hour,2028916,2028914,0,0,"2025-10-22 15:00:00","2025-10-22 16:00:00","2026-09-03 19:37:32"
Nederland,Solar,Hour,185334,185333,0,0,"2025-10-22 16:00:00","2025-10-22 17:00:00","2026-09-03 19:37:32"
Nederland,Solar,Hour,0,0,0,0,"2025-10-22 17:00:00","2025-10-22 18:00:00","2026-09-03 19:37:32"
Nederland,Solar,Hour,0,0,0,0,"2025-10-22 18:00:00","2025-10-22 19:00:00","2026-09-03 19:37:32"
Nederland,Solar,Hour,0,0,0,0,"2025-10-22 19:00:00","2025-10-22 20:00:00","2026-09-03 19:37:32"
Nederland,Solar,Hour,0,0,0,0,"2025-10-22 20:00:00","2025-10-22 21:00:00","2026-09-03 19:37:32"
Nederland,Solar,Hour,0,0,0,0,"2025-10-22 21:00:00","2025-10-22 22:00:00","2026-09-03 19:37:32"
Nederland,Solar,Hour,0,0,0,0,"2025-10-22 22:00:00","2025-10-22 23:00:00","2026-09-03 19:37:32"
Nederland,Solar,Hour,0,0,0,0,"2025-10-22 23:00:00","2025-10-23 00:00:00","2026-09-03 19:37:32"
Nederland,Solar,Hour,0,0,0,0,"2025-10-23 00:00:00","2025-10-23 01:00:00","2026-09-03 19:37:32"
Nederland,Solar,Hour,0,0,0,0,"2025-10-23 01:00:00","2025-10-23 02:00:00","2026-09-03 19:37:32"
Nederland,Solar,Hour,0,0,0,0,"2025-10-23 02:00:00","2025-10-23 03:00:00","2026-09-03 19:37:32"
Nederland,Solar,Hour,0,0,0,0,"2025-10-23 03:00:00","2025-10-23 04:00:00","2026-09-03 19:37:32"
Nederland,Solar,Hour,0,0,0,0,"2025-10-23 04:00:00","2025-10-23 05:00:00","2026-09-03 19:37:32"
Nederland,Solar,Hour,0,0,0,0,"2025-10-23 05:00:00","2025-10-23 06:00:00","2026-09-03 19:37:32"
Nederland,Solar,Hour,2279,2279,0,0,"2025-10-23 06:00:00","2025-10-23 07:00:00","2026-09-03 19:37:32"
Nederland,Solar,Hour,747062,747060,0,0,"2025-10-23 07:00:00","2025-10-23 08:00:00","2026-09-03 19:37:32"
Nederland,Solar,Hour,2699538,2699536,0,0,"2025-10-23 08:00:00","2025-10-23 09:00:00","2026-09-03 19:37:32"
Nederland,Solar,Hour,4049997,4049995,0,0,"2025-10-23 09:00:00","2025-10-23 10:00:00","2026-09-03 19:37:32"
Nederland,Solar,Hour,4622808,4622806,0,0,"2025-10-23 10:00:00","2025-10-23 11:00:00","2026-09-03 19:37:32"
Nederland,Solar,Hour,3741768,3741766,0,0,"2025-10-23 11:00:00","2025-10-23 12:00:00","2026-09-03 19:37:32"
Nederland,Solar,Hour,2457932,2457930,0,0,"2025-10-23 12:00:00","2025-10-23 13:00:00","2026-09-03 19:37:32"
Nederland,Solar,Hour,1863752,1863750,0,0,"2025-10-23 13:00:00","2025-10-23 14:00:00","2026-09-03 19:37:32"
Nederland,Solar,Hour,1217200,1217199,0,0,"2025-10-23 14:00:00","2025-10-23 15:00:00","2026-09-03 19:37:32"
Nederland,Solar,Hour,329236,329234,0,0,"2025-10-23 15:00:00","2025-10-23 16:00:00","2026-09-03 19:37:32"
Nederland,Solar,Hour,59747,59746,0,0,"2025-10-23 16:00:00","2025-10-23 17:00:00","2026-09-03 19:37:32"
Nederland,Solar,Hour,0,0,0,0,"2025-10-23 17:00:00","2025-10-23 18:00:00","2026-09-03 19:37:32"
Nederland,Solar,Hour,0,0,0,0,"2025-10-23 18:00:00","2025-10-23 19:00:00","2026-09-03 19:37:32"
Nederland,Solar,Hour,0,0,0,0,"2025-10-23 19:00:00","2025-10-23 20:00:00","2026-09-03 19:37:32"
Nederland,Solar,Hour,0,0,0,0,"2025-10-23 20:00:00","2025-10-23 21:00:00","2026-09-03 19:37:32"
Nederland,Solar,Hour,0,0,0,0,"2025-10-23 21:00:00","2025-10-23 22:00:00","2026-09-03 19:37:32"
Nederland,Solar,Hour,0,0,0,0,"2025-10-23 22:00:00","2025-10-23 23:00:00","2026-09-03 19:37:32"
Nederland,Solar,Hour,0,0,0,0,"2025-10-23 23:00:00","2025-10-24 00:00:00","2026-09-03 19:37:32"
Nederland,Solar,Hour,0,0,0,0,"2025-10-24 00:00:00","2025-10-24 01:00:00","2026-09-03 19:37:32"
Nederland,Solar,Hour,0,0,0,0,"2025-10-24 01:00:00","2025-10-24 02:00:00","2026-09-03 19:37:32"
Nederland,Solar,Hour,0,0,0,0,"2025-10-24 02:00:00","2025-10-24 03:00:00","2026-09-03 19:37:32"
Nederland,Solar,Hour,0,0,0,0,"2025-10-24 03:00:00","2025-10-24 04:00:00","2026-09-03 19:37:32"
Nederland,Solar,Hour,0,0,0,0,"2025-10-24 04:00:00","2025-10-24 05:00:00","2026-09-03 19:37:32"
Nederland,Solar,Hour,0,0,0,0,"2025-10-24 05:00:00","2025-10-24 06:00:00","2026-09-03 19:37:32"
Nederland,Solar,Hour,7671,7671,0,0,"2025-10-24 06:00:00","2025-10-24 07:00:00","2026-09-03 19:37:32"
Nederland,Solar,Hour,848124,848122,0,0,"2025-10-24 07:00:00","2025-10-24 08:00:00","2026-09-03 19:37:32"
Nederland,Solar,Hour,3193210,3193207,0,0,"2025-10-24 08:00:00","2025-10-24 09:00:00","2026-09-03 19:37:32"
Nederland,Solar,Hour,5500726,5500724,0,0,"2025-10-24 09:00:00","2025-10-24 10:00:00","2026-09-03 19:37:32"
Nederland,Solar,Hour,7384905,7384903,0,0,"2025-10-24 10:00:00","2025-10-24 11:00:00","2026-09-03 19:37:32"
Nederland,Solar,Hour,7325868,7325867,0,0,"2025-10-24 11:00:00","2025-10-24 12:00:00","2026-09-03 19:37:32"
Nederland,Solar,Hour,7745935,7745932,0,0,"2025-10-24 12:00:00","2025-10-24 13:00:00","2026-09-03 19:37:32"
Nederland,Solar,Hour,6055332,6055331,0,0,"2025-10-24 13:00:00","2025-10-24 14:00:00","2026-09-03 19:37:32"
Nederland,Solar,Hour,4607206,4607206,0,0,"2025-10-24 14:00:00","2025-10-24 15:00:00","2026-09-03 19:37:32"
Nederland,Solar,Hour,2083652,2083650,0,0,"2025-10-24 15:00:00","2025-10-24 16:00:00","2026-09-03 19:37:32"
Nederland,Solar,Hour,59365,59364,0,0,"2025-10-24 16:00:00","2025-10-24 17:00:00","2026-09-03 19:37:32"
Nederland,Solar,Hour,0,0,0,0,"2025-10-24 17:00:00","2025-10-24 18:00:00","2026-09-03 19:37:32"
Nederland,Solar,Hour,0,0,0,0,"2025-10-24 18:00:00","2025-10-24 19:00:00","2026-09-03 19:37:32"
Nederland,Solar,Hour,0,0,0,0,"2025-10-24 19:00:00","2025-10-24 20:00:00","2026-09-03 19:37:32"
Nederland,Solar,Hour,0,0,0,0,"2025-10-24 20:00:00","2025-10-24 21:00:00","2026-09-03 19:37:32"
Nederland,Solar,Hour,0,0,0,0,"2025-10-24 21:00:00","2025-10-24 22:00:00","2026-09-03 19:37:32"
Nederland,Solar,Hour,0,0,0,0,"2025-10-24 22:00:00","2025-10-24 23:00:00","2026-09-03 19:37:32"
Nederland,Solar,Hour,0,0,0,0,"2025-10-24 23:00:00","2025-10-25 00:00:00","2026-09-03 19:37:32"
Nederland,Solar,Hour,0,0,0,0,"2025-10-25 00:00:00","2025-10-25 01:00:00","2026-09-03 19:37:32"
Nederland,Solar,Hour,0,0,0,0,"2025-10-25 01:00:00","2025-10-25 02:00:00","2026-09-03 19:37:32"
Nederland,Solar,Hour,0,0,0,0,"2025-10-25 02:00:00","2025-10-25 03:00:00","2026-09-03 19:37:32"
Nederland,Solar,Hour,0,0,0,0,"2025-10-25 03:00:00","2025-10-25 04:00:00","2026-09-03 19:37:32"
Nederland,Solar,Hour,0,0,0,0,"2025-10-25 04:00:00","2025-10-25 05:00:00","2026-09-03 19:37:32"
Nederland,Solar,Hour,0,0,0,0,"2025-10-25 05:00:00","2025-10-25 06:00:00","2026-09-03 19:37:32"
Nederland,Solar,Hour,3809,3809,0,0,"2025-10-25 06:00:00","2025-10-25 07:00:00","2026-09-03 19:37:32"
Nederland,Solar,Hour,513401,513399,0,0,"2025-10-25 07:00:00","2025-10-25 08:00:00","2026-09-03 19:37:32"
Nederland,Solar,Hour,1525379,1525377,0,0,"2025-10-25 08:00:00","2025-10-25 09:00:00","2026-09-03 19:37:32"
Nederland,Solar,Hour,1998994,1998993,0,0,"2025-10-25 09:00:00","2025-10-25 10:00:00","2026-09-03 19:37:32"
Nederland,Solar,Hour,2135640,2135638,0,0,"2025-10-25 10:00:00","2025-10-25 11:00:00","2026-09-03 19:37:32"
Nederland,Solar,Hour,3096028,3096026,0,0,"2025-10-25 11:00:00","2025-10-25 12:00:00","2026-09-03 19:37:32"
Nederland,Solar,Hour,3301121,3301119,0,0,"2025-10-25 12:00:00","2025-10-25 13:00:00","2026-09-03 19:37:32"
Nederland,Solar,Hour,3600552,3600550,0,0,"2025-10-25 13:00:00","2025-10-25 14:00:00","2026-09-03 19:37:32"
Nederland,Solar,Hour,2576055,2576052,0,0,"2025-10-25 14:00:00","2025-10-25 15:00:00","2026-09-03 19:37:32"
Nederland,Solar,Hour,1445977,1445975,0,0,"2025-10-25 15:00:00","2025-10-25 16:00:00","2026-09-03 19:37:32"
Nederland,Solar,Hour,103179,103178,0,0,"2025-10-25 16:00:00","2025-10-25 17:00:00","2026-09-03 19:37:32"
Nederland,Solar,Hour,0,0,0,0,"2025-10-25 17:00:00","2025-10-25 18:00:00","2026-09-03 19:37:32"
Nederland,Solar,Hour,0,0,0,0,"2025-10-25 18:00:00","2025-10-25 19:00:00","2026-09-03 19:37:32"
Nederland,Solar,Hour,0,0,0,0,"2025-10-25 19:00:00","2025-10-25 20:00:00","2026-09-03 19:37:32"
Nederland,Solar,Hour,0,0,0,0,"2025-10-25 20:00:00","2025-10-25 21:00:00","2026-09-03 19:37:32"
Nederland,Solar,Hour,0,0,0,0,"2025-10-25 21:00:00","2025-10-25 22:00:00","2026-09-03 19:37:32"
Nederland,Solar,Hour,0,0,0,0,"2025-10-25 22:00:00","2025-10-25 23:00:00","2026-09-03 19:37:32"
Nederland,Solar,Hour,0,0,0,0,"2025-10-25 23:00:00","2025-10-26 00:00:00","2026-09-03 19:37:32"
Nederland,Solar,Hour,0,0,0,0,"2025-10-26 00:00:00","2025-10-26 01:00:00","2026-09-03 19:37:32"
Nederland,Solar,Hour,0,0,0,0,"2025-10-26 01:00:00","2025-10-26 02:00:00","2026-09-03 19:37:32"
Nederland,Solar,Hour,0,0,0,0,"2025-10-26 02:00:00","2025-10-26 03:00:00","2026-09-03 19:37:32"
Nederland,Solar,Hour,0,0,0,0,"2025-10-26 03:00:00","2025-10-26 04:00:00","2026-09-03 19:37:32"
Nederland,Solar,Hour,0,0,0,0,"2025-10-26 04:00:00","2025-10-26 05:00:00","2026-09-03 19:37:32"
Nederland,Solar,Hour,0,0,0,0,"2025-10-26 05:00:00","2025-10-26 06:00:00","2026-09-03 19:37:32"
Nederland,Solar,Hour,2739,2739,0,0,"2025-10-26 06:00:00","2025-10-26 07:00:00","2026-09-03 19:37:32"
Nederland,Solar,Hour,540328,540325,0,0,"2025-10-26 07:00:00","2025-10-26 08:00:00","2026-09-03 19:37:32"
Nederland,Solar,Hour,2175092,2175088,0,0,"2025-10-26 08:00:00","2025-10-26 09:00:00","2026-09-03 19:37:32"
Nederland,Solar,Hour,4279319,4279317,0,0,"2025-10-26 09:00:00","2025-10-26 10:00:00","2026-09-03 19:37:32"
Nederland,Solar,Hour,5830789,5830787,0,0,"2025-10-26 10:00:00","2025-10-26 11:00:00","2026-09-03 19:37:32"
Nederland,Solar,Hour,6620354,6620352,0,0,"2025-10-26 11:00:00","2025-10-26 12:00:00","2026-09-03 19:37:32"
Nederland,Solar,Hour,7243503,7243501,0,0,"2025-10-26 12:00:00","2025-10-26 13:00:00","2026-09-03 19:37:32"
Nederland,Solar,Hour,4918165,4918162,0,0,"2025-10-26 13:00:00","2025-10-26 14:00:00","2026-09-03 19:37:32"
Nederland,Solar,Hour,3585317,3585315,0,0,"2025-10-26 14:00:00","2025-10-26 15:00:00","2026-09-03 19:37:32"
Nederland,Solar,Hour,1363370,1363368,0,0,"2025-10-26 15:00:00","2025-10-26 16:00:00","2026-09-03 19:37:32"
Nederland,Solar,Hour,40780,40780,0,0,"2025-10-26 16:00:00","2025-10-26 17:00:00","2026-09-03 19:37:32"
Nederland,Solar,Hour,0,0,0,0,"2025-10-26 17:00:00","2025-10-26 18:00:00","2026-09-03 19:37:32"
Nederland,Solar,Hour,0,0,0,0,"2025-10-26 18:00:00","2025-10-26 19:00:00","2026-09-03 19:37:32"
Nederland,Solar,Hour,0,0,0,0,"2025-10-26 19:00:00","2025-10-26 20:00:00","2026-09-03 19:37:32"
Nederland,Solar,Hour,0,0,0,0,"2025-10-26 20:00:00","2025-10-26 21:00:00","2026-09-03 19:37:32"
Nederland,Solar,Hour,0,0,0,0,"2025-10-26 21:00:00","2025-10-26 22:00:00","2026-09-03 19:37:32"
Nederland,Solar,Hour,0,0,0,0,"2025-10-26 22:00:00","2025-10-26 23:00:00","2026-09-03 19:37:32"
Nederland,Solar,Hour,0,0,0,0,"2025-10-26 23:00:00","2025-10-27 00:00:00","2026-09-03 19:37:32"
Nederland,Solar,Hour,0,0,0,0,"2025-10-27 00:00:00","2025-10-27 01:00:00","2026-09-03 19:35:48"
Nederland,Solar,Hour,0,0,0,0,"2025-10-27 01:00:00","2025-10-27 02:00:00","2026-09-03 19:35:48"
Nederland,Solar,Hour,0,0,0,0,"2025-10-27 02:00:00","2025-10-27 03:00:00","2026-09-03 19:35:48"
Nederland,Solar,Hour,0,0,0,0,"2025-10-27 03:00:00","2025-10-27 04:00:00","2026-09-03 19:35:48"
Nederland,Solar,Hour,0,0,0,0,"2025-10-27 04:00:00","2025-10-27 05:00:00","2026-09-03 19:35:48"
Nederland,Solar,Hour,0,0,0,0,"2025-10-27 05:00:00","2025-10-27 06:00:00","2026-09-03 19:35:48"
Nederland,Solar,Hour,6481,6481,0,0,"2025-10-27 06:00:00","2025-10-27 07:00:00","2026-09-03 19:35:48"
Nederland,Solar,Hour,606415,606413,0,0,"2025-10-27 07:00:00","2025-10-27 08:00:00","2026-09-03 19:35:48"
Nederland,Solar,Hour,1783542,1783540,0,0,"2025-10-27 08:00:00","2025-10-27 09:00:00","2026-09-03 19:35:48"
Nederland,Solar,Hour,3085592,3085590,0,0,"2025-10-27 09:00:00","2025-10-27 10:00:00","2026-09-03 19:35:48"
Nederland,Solar,Hour,4022999,4022997,0,0,"2025-10-27 10:00:00","2025-10-27 11:00:00","2026-09-03 19:35:48"
Nederland,Solar,Hour,4246216,4246214,0,0,"2025-10-27 11:00:00","2025-10-27 12:00:00","2026-09-03 19:35:48"
Nederland,Solar,Hour,5311831,5311828,0,0,"2025-10-27 12:00:00","2025-10-27 13:00:00","2026-09-03 19:35:48"
Nederland,Solar,Hour,5560584,5560582,0,0,"2025-10-27 13:00:00","2025-10-27 14:00:00","2026-09-03 19:35:48"
Nederland,Solar,Hour,3904818,3904816,0,0,"2025-10-27 14:00:00","2025-10-27 15:00:00","2026-09-03 19:35:48"
Nederland,Solar,Hour,2276699,2276697,0,0,"2025-10-27 15:00:00","2025-10-27 16:00:00","2026-09-03 19:35:48"
Nederland,Solar,Hour,57840,57839,0,0,"2025-10-27 16:00:00","2025-10-27 17:00:00","2026-09-03 19:35:48"
Nederland,Solar,Hour,0,0,0,0,"2025-10-27 17:00:00","2025-10-27 18:00:00","2026-09-03 19:35:48"
Nederland,Solar,Hour,0,0,0,0,"2025-10-27 18:00:00","2025-10-27 19:00:00","2026-09-03 19:35:48"
Nederland,Solar,Hour,0,0,0,0,"2025-10-27 19:00:00","2025-10-27 20:00:00","2026-09-03 19:35:48"
Nederland,Solar,Hour,0,0,0,0,"2025-10-27 20:00:00","2025-10-27 21:00:00","2026-09-03 19:35:48"
Nederland,Solar,Hour,0,0,0,0,"2025-10-27 21:00:00","2025-10-27 22:00:00","2026-09-03 19:35:48"
Nederland,Solar,Hour,0,0,0,0,"2025-10-27 22:00:00","2025-10-27 23:00:00","2026-09-03 19:35:48"
Nederland,Solar,Hour,0,0,0,0,"2025-10-27 23:00:00","2025-10-28 00:00:00","2026-09-03 19:35:48"
Nederland,Solar,Hour,0,0,0,0,"2025-10-28 00:00:00","2025-10-28 01:00:00","2026-09-03 19:35:48"
Nederland,Solar,Hour,0,0,0,0,"2025-10-28 01:00:00","2025-10-28 02:00:00","2026-09-03 19:35:48"
Nederland,Solar,Hour,0,0,0,0,"2025-10-28 02:00:00","2025-10-28 03:00:00","2026-09-03 19:35:48"
Nederland,Solar,Hour,0,0,0,0,"2025-10-28 03:00:00","2025-10-28 04:00:00","2026-09-03 19:35:48"
Nederland,Solar,Hour,0,0,0,0,"2025-10-28 04:00:00","2025-10-28 05:00:00","2026-09-03 19:35:48"
Nederland,Solar,Hour,0,0,0,0,"2025-10-28 05:00:00","2025-10-28 06:00:00","2026-09-03 19:35:48"
Nederland,Solar,Hour,0,0,0,0,"2025-10-28 06:00:00","2025-10-28 07:00:00","2026-09-03 19:35:48"
Nederland,Solar,Hour,228880,228879,0,0,"2025-10-28 07:00:00","2025-10-28 08:00:00","2026-09-03 19:35:48"
Nederland,Solar,Hour,1267331,1267329,0,0,"2025-10-28 08:00:00","2025-10-28 09:00:00","2026-09-03 19:35:48"
Nederland,Solar,Hour,2808984,2808982,0,0,"2025-10-28 09:00:00","2025-10-28 10:00:00","2026-09-03 19:35:48"
Nederland,Solar,Hour,3737365,3737362,0,0,"2025-10-28 10:00:00","2025-10-28 11:00:00","2026-09-03 19:35:48"
Nederland,Solar,Hour,5080276,5080273,0,0,"2025-10-28 11:00:00","2025-10-28 12:00:00","2026-09-03 19:35:48"
Nederland,Solar,Hour,6151569,6151566,0,0,"2025-10-28 12:00:00","2025-10-28 13:00:00","2026-09-03 19:35:48"
Nederland,Solar,Hour,5382231,5382230,0,0,"2025-10-28 13:00:00","2025-10-28 14:00:00","2026-09-03 19:35:48"
Nederland,Solar,Hour,2997561,2997558,0,0,"2025-10-28 14:00:00","2025-10-28 15:00:00","2026-09-03 19:35:48"
Nederland,Solar,Hour,1005677,1005677,0,0,"2025-10-28 15:00:00","2025-10-28 16:00:00","2026-09-03 19:35:48"
Nederland,Solar,Hour,20551,20549,0,0,"2025-10-28 16:00:00","2025-10-28 17:00:00","2026-09-03 19:35:48"
Nederland,Solar,Hour,0,0,0,0,"2025-10-28 17:00:00","2025-10-28 18:00:00","2026-09-03 19:35:48"
Nederland,Solar,Hour,0,0,0,0,"2025-10-28 18:00:00","2025-10-28 19:00:00","2026-09-03 19:35:48"
Nederland,Solar,Hour,0,0,0,0,"2025-10-28 19:00:00","2025-10-28 20:00:00","2026-09-03 19:35:48"
Nederland,Solar,Hour,0,0,0,0,"2025-10-28 20:00:00","2025-10-28 21:00:00","2026-09-03 19:35:48"
Nederland,Solar,Hour,0,0,0,0,"2025-10-28 21:00:00","2025-10-28 22:00:00","2026-09-03 19:35:48"
Nederland,Solar,Hour,0,0,0,0,"2025-10-28 22:00:00","2025-10-28 23:00:00","2026-09-03 19:35:48"
Nederland,Solar,Hour,0,0,0,0,"2025-10-28 23:00:00","2025-10-29 00:00:00","2026-09-03 19:35:48"
Nederland,Solar,Hour,0,0,0,0,"2025-10-29 00:00:00","2025-10-29 01:00:00","2026-09-03 19:35:48"
Nederland,Solar,Hour,0,0,0,0,"2025-10-29 01:00:00","2025-10-29 02:00:00","2026-09-03 19:35:48"
Nederland,Solar,Hour,0,0,0,0,"2025-10-29 02:00:00","2025-10-29 03:00:00","2026-09-03 19:35:48"
Nederland,Solar,Hour,0,0,0,0,"2025-10-29 03:00:00","2025-10-29 04:00:00","2026-09-03 19:35:48"
Nederland,Solar,Hour,0,0,0,0,"2025-10-29 04:00:00","2025-10-29 05:00:00","2026-09-03 19:35:48"
Nederland,Solar,Hour,0,0,0,0,"2025-10-29 05:00:00","2025-10-29 06:00:00","2026-09-03 19:35:48"
Nederland,Solar,Hour,0,0,0,0,"2025-10-29 06:00:00","2025-10-29 07:00:00","2026-09-03 19:35:48"
Nederland,Solar,Hour,663620,663618,0,0,"2025-10-29 07:00:00","2025-10-29 08:00:00","2026-09-03 19:35:48"
Nederland,Solar,Hour,1711857,1711855,0,0,"2025-10-29 08:00:00","2025-10-29 09:00:00","2026-09-03 19:35:48"
Nederland,Solar,Hour,2624041,2624039,0,0,"2025-10-29 09:00:00","2025-10-29 10:00:00","2026-09-03 19:35:48"
Nederland,Solar,Hour,3818106,3818103,0,0,"2025-10-29 10:00:00","2025-10-29 11:00:00","2026-09-03 19:35:48"
Nederland,Solar,Hour,3911811,3911809,0,0,"2025-10-29 11:00:00","2025-10-29 12:00:00","2026-09-03 19:35:48"
Nederland,Solar,Hour,2904309,2904307,0,0,"2025-10-29 12:00:00","2025-10-29 13:00:00","2026-09-03 19:35:48"
Nederland,Solar,Hour,1952279,1952277,0,0,"2025-10-29 13:00:00","2025-10-29 14:00:00","2026-09-03 19:35:48"
Nederland,Solar,Hour,1363290,1363288,0,0,"2025-10-29 14:00:00","2025-10-29 15:00:00","2026-09-03 19:35:48"
Nederland,Solar,Hour,471320,471318,0,0,"2025-10-29 15:00:00","2025-10-29 16:00:00","2026-09-03 19:35:48"
Nederland,Solar,Hour,2635,2635,0,0,"2025-10-29 16:00:00","2025-10-29 17:00:00","2026-09-03 19:35:48"
Nederland,Solar,Hour,0,0,0,0,"2025-10-29 17:00:00","2025-10-29 18:00:00","2026-09-03 19:35:48"
Nederland,Solar,Hour,0,0,0,0,"2025-10-29 18:00:00","2025-10-29 19:00:00","2026-09-03 19:35:48"
Nederland,Solar,Hour,0,0,0,0,"2025-10-29 19:00:00","2025-10-29 20:00:00","2026-09-03 19:35:48"
Nederland,Solar,Hour,0,0,0,0,"2025-10-29 20:00:00","2025-10-29 21:00:00","2026-09-03 19:35:48"
Nederland,Solar,Hour,0,0,0,0,"2025-10-29 21:00:00","2025-10-29 22:00:00","2026-09-03 19:35:48"
Nederland,Solar,Hour,0,0,0,0,"2025-10-29 22:00:00","2025-10-29 23:00:00","2026-09-03 19:35:48"
Nederland,Solar,Hour,0,0,0,0,"2025-10-29 23:00:00","2025-10-30 00:00:00","2026-09-03 19:35:48"
Nederland,Solar,Hour,0,0,0,0,"2025-10-30 00:00:00","2025-10-30 01:00:00","2026-09-03 19:35:48"
Nederland,Solar,Hour,0,0,0,0,"2025-10-30 01:00:00","2025-10-30 02:00:00","2026-09-03 19:35:48"
Nederland,Solar,Hour,0,0,0,0,"2025-10-30 02:00:00","2025-10-30 03:00:00","2026-09-03 19:35:48"
Nederland,Solar,Hour,0,0,0,0,"2025-10-30 03:00:00","2025-10-30 04:00:00","2026-09-03 19:35:48"
Nederland,Solar,Hour,0,0,0,0,"2025-10-30 04:00:00","2025-10-30 05:00:00","2026-09-03 19:35:48"
Nederland,Solar,Hour,0,0,0,0,"2025-10-30 05:00:00","2025-10-30 06:00:00","2026-09-03 19:35:48"
Nederland,Solar,Hour,1293,1293,0,0,"2025-10-30 06:00:00","2025-10-30 07:00:00","2026-09-03 19:35:48"
Nederland,Solar,Hour,1143610,1143608,0,0,"2025-10-30 07:00:00","2025-10-30 08:00:00","2026-09-03 19:35:48"
Nederland,Solar,Hour,4293327,4293325,0,0,"2025-10-30 08:00:00","2025-10-30 09:00:00","2026-09-03 19:35:48"
Nederland,Solar,Hour,6427519,6427517,0,0,"2025-10-30 09:00:00","2025-10-30 10:00:00","2026-09-03 19:35:48"
Nederland,Solar,Hour,7343891,7343889,0,0,"2025-10-30 10:00:00","2025-10-30 11:00:00","2026-09-03 19:35:48"
Nederland,Solar,Hour,8419297,8419295,0,0,"2025-10-30 11:00:00","2025-10-30 12:00:00","2026-09-03 19:35:48"
Nederland,Solar,Hour,7421480,7421477,0,0,"2025-10-30 12:00:00","2025-10-30 13:00:00","2026-09-03 19:35:48"
Nederland,Solar,Hour,6584313,6584311,0,0,"2025-10-30 13:00:00","2025-10-30 14:00:00","2026-09-03 19:35:48"
Nederland,Solar,Hour,4378228,4378227,0,0,"2025-10-30 14:00:00","2025-10-30 15:00:00","2026-09-03 19:35:48"
Nederland,Solar,Hour,1131002,1131000,0,0,"2025-10-30 15:00:00","2025-10-30 16:00:00","2026-09-03 19:35:48"
Nederland,Solar,Hour,10426,10425,0,0,"2025-10-30 16:00:00","2025-10-30 17:00:00","2026-09-03 19:35:48"
Nederland,Solar,Hour,0,0,0,0,"2025-10-30 17:00:00","2025-10-30 18:00:00","2026-09-03 19:35:48"
Nederland,Solar,Hour,0,0,0,0,"2025-10-30 18:00:00","2025-10-30 19:00:00","2026-09-03 19:35:48"
Nederland,Solar,Hour,0,0,0,0,"2025-10-30 19:00:00","2025-10-30 20:00:00","2026-09-03 19:35:48"
Nederland,Solar,Hour,0,0,0,0,"2025-10-30 20:00:00","2025-10-30 21:00:00","2026-09-03 19:35:48"
Nederland,Solar,Hour,0,0,0,0,"2025-10-30 21:00:00","2025-10-30 22:00:00","2026-09-03 19:35:48"
Nederland,Solar,Hour,0,0,0,0,"2025-10-30 22:00:00","2025-10-30 23:00:00","2026-09-03 19:35:48"
Nederland,Solar,Hour,0,0,0,0,"2025-10-30 23:00:00","2025-10-31 00:00:00","2026-09-03 19:35:48"
Nederland,Solar,Hour,0,0,0,0,"2025-10-31 00:00:00","2025-10-31 01:00:00","2026-09-03 19:35:48"
Nederland,Solar,Hour,0,0,0,0,"2025-10-31 01:00:00","2025-10-31 02:00:00","2026-09-03 19:35:48"
Nederland,Solar,Hour,0,0,0,0,"2025-10-31 02:00:00","2025-10-31 03:00:00","2026-09-03 19:35:48"
Nederland,Solar,Hour,0,0,0,0,"2025-10-31 03:00:00","2025-10-31 04:00:00","2026-09-03 19:35:48"
Nederland,Solar,Hour,0,0,0,0,"2025-10-31 04:00:00","2025-10-31 05:00:00","2026-09-03 19:35:48"
Nederland,Solar,Hour,0,0,0,0,"2025-10-31 05:00:00","2025-10-31 06:00:00","2026-09-03 19:35:48"
Nederland,Solar,Hour,0,0,0,0,"2025-10-31 06:00:00","2025-10-31 07:00:00","2026-09-03 19:35:48"
Nederland,Solar,Hour,449715,449713,0,0,"2025-10-31 07:00:00","2025-10-31 08:00:00","2026-09-03 19:35:48"
Nederland,Solar,Hour,1904539,1904537,0,0,"2025-10-31 08:00:00","2025-10-31 09:00:00","2026-09-03 19:35:48"
Nederland,Solar,Hour,3673187,3673185,0,0,"2025-10-31 09:00:00","2025-10-31 10:00:00","2026-09-03 19:35:48"
Nederland,Solar,Hour,4524706,4524705,0,0,"2025-10-31 10:00:00","2025-10-31 11:00:00","2026-09-03 19:35:48"
Nederland,Solar,Hour,4733169,4733167,0,0,"2025-10-31 11:00:00","2025-10-31 12:00:00","2026-09-03 19:35:48"
Nederland,Solar,Hour,4891900,4891899,0,0,"2025-10-31 12:00:00","2025-10-31 13:00:00","2026-09-03 19:35:48"
Nederland,Solar,Hour,3672526,3672524,0,0,"2025-10-31 13:00:00","2025-10-31 14:00:00","2026-09-03 19:35:48"
Nederland,Solar,Hour,1932496,1932493,0,0,"2025-10-31 14:00:00","2025-10-31 15:00:00","2026-09-03 19:35:48"
Nederland,Solar,Hour,489650,489648,0,0,"2025-10-31 15:00:00","2025-10-31 16:00:00","2026-09-03 19:35:48"
Nederland,Solar,Hour,10138,10138,0,0,"2025-10-31 16:00:00","2025-10-31 17:00:00","2026-09-03 19:35:48"
Nederland,Solar,Hour,0,0,0,0,"2025-10-31 17:00:00","2025-10-31 18:00:00","2026-09-03 19:35:48"
Nederland,Solar,Hour,0,0,0,0,"2025-10-31 18:00:00","2025-10-31 19:00:00","2026-09-03 19:35:48"
Nederland,Solar,Hour,0,0,0,0,"2025-10-31 19:00:00","2025-10-31 20:00:00","2026-09-03 19:35:48"
Nederland,Solar,Hour,0,0,0,0,"2025-10-31 20:00:00","2025-10-31 21:00:00","2026-09-03 19:35:48"
Nederland,Solar,Hour,0,0,0,0,"2025-10-31 21:00:00","2025-10-31 22:00:00","2026-09-03 19:35:48"
Nederland,Solar,Hour,0,0,0,0,"2025-10-31 22:00:00","2025-10-31 23:00:00","2026-09-03 19:35:48"
Nederland,Solar,Hour,0,0,0,0,"2025-10-31 23:00:00","2025-11-01 00:00:00","2026-09-03 19:35:48"
Nederland,Solar,Hour,0,0,0,0,"2025-11-01 00:00:00","2025-11-01 01:00:00","2026-09-03 19:34:11"
Nederland,Solar,Hour,0,0,0,0,"2025-11-01 01:00:00","2025-11-01 02:00:00","2026-09-03 19:34:11"
Nederland,Solar,Hour,0,0,0,0,"2025-11-01 02:00:00","2025-11-01 03:00:00","2026-09-03 19:34:11"
Nederland,Solar,Hour,0,0,0,0,"2025-11-01 03:00:00","2025-11-01 04:00:00","2026-09-03 19:34:11"
Nederland,Solar,Hour,0,0,0,0,"2025-11-01 04:00:00","2025-11-01 05:00:00","2026-09-03 19:34:11"
Nederland,Solar,Hour,0,0,0,0,"2025-11-01 05:00:00","2025-11-01 06:00:00","2026-09-03 19:34:11"
Nederland,Solar,Hour,0,0,0,0,"2025-11-01 06:00:00","2025-11-01 07:00:00","2026-09-03 19:34:11"
Nederland,Solar,Hour,80030,80028,0,0,"2025-11-01 07:00:00","2025-11-01 08:00:00","2026-09-03 19:34:11"
Nederland,Solar,Hour,419874,419872,0,0,"2025-11-01 08:00:00","2025-11-01 09:00:00","2026-09-03 19:34:11"
Nederland,Solar,Hour,700875,700874,0,0,"2025-11-01 09:00:00","2025-11-01 10:00:00","2026-09-03 19:34:11"
Nederland,Solar,Hour,884835,884833,0,0,"2025-11-01 10:00:00","2025-11-01 11:00:00","2026-09-03 19:34:11"
Nederland,Solar,Hour,1053402,1053401,0,0,"2025-11-01 11:00:00","2025-11-01 12:00:00","2026-09-03 19:34:11"
Nederland,Solar,Hour,911136,911134,0,0,"2025-11-01 12:00:00","2025-11-01 13:00:00","2026-09-03 19:34:11"
Nederland,Solar,Hour,1002571,1002568,0,0,"2025-11-01 13:00:00","2025-11-01 14:00:00","2026-09-03 19:34:11"
Nederland,Solar,Hour,1707288,1707286,0,0,"2025-11-01 14:00:00","2025-11-01 15:00:00","2026-09-03 19:34:11"
Nederland,Solar,Hour,1753193,1753191,0,0,"2025-11-01 15:00:00","2025-11-01 16:00:00","2026-09-03 19:34:11"
Nederland,Solar,Hour,80698,80697,0,0,"2025-11-01 16:00:00","2025-11-01 17:00:00","2026-09-03 19:34:11"
Nederland,Solar,Hour,0,0,0,0,"2025-11-01 17:00:00","2025-11-01 18:00:00","2026-09-03 19:34:11"
Nederland,Solar,Hour,0,0,0,0,"2025-11-01 18:00:00","2025-11-01 19:00:00","2026-09-03 19:34:11"
Nederland,Solar,Hour,0,0,0,0,"2025-11-01 19:00:00","2025-11-01 20:00:00","2026-09-03 19:34:11"
Nederland,Solar,Hour,0,0,0,0,"2025-11-01 20:00:00","2025-11-01 21:00:00","2026-09-03 19:34:11"
Nederland,Solar,Hour,0,0,0,0,"2025-11-01 21:00:00","2025-11-01 22:00:00","2026-09-03 19:34:11"
Nederland,Solar,Hour,0,0,0,0,"2025-11-01 22:00:00","2025-11-01 23:00:00","2026-09-03 19:34:11"
Nederland,Solar,Hour,0,0,0,0,"2025-11-01 23:00:00","2025-11-02 00:00:00","2026-09-03 19:34:11"
Nederland,Solar,Hour,0,0,0,0,"2025-11-02 00:00:00","2025-11-02 01:00:00","2026-09-03 19:34:11"
Nederland,Solar,Hour,0,0,0,0,"2025-11-02 01:00:00","2025-11-02 02:00:00","2026-09-03 19:34:11"
Nederland,Solar,Hour,0,0,0,0,"2025-11-02 02:00:00","2025-11-02 03:00:00","2026-09-03 19:34:11"
Nederland,Solar,Hour,0,0,0,0,"2025-11-02 03:00:00","2025-11-02 04:00:00","2026-09-03 19:34:11"
Nederland,Solar,Hour,0,0,0,0,"2025-11-02 04:00:00","2025-11-02 05:00:00","2026-09-03 19:34:11"
Nederland,Solar,Hour,0,0,0,0,"2025-11-02 05:00:00","2025-11-02 06:00:00","2026-09-03 19:34:11"
Nederland,Solar,Hour,0,0,0,0,"2025-11-02 06:00:00","2025-11-02 07:00:00","2026-09-03 19:34:11"
Nederland,Solar,Hour,524401,524399,0,0,"2025-11-02 07:00:00","2025-11-02 08:00:00","2026-09-03 19:34:11"
Nederland,Solar,Hour,2225702,2225699,0,0,"2025-11-02 08:00:00","2025-11-02 09:00:00","2026-09-03 19:34:11"
Nederland,Solar,Hour,3626518,3626516,0,0,"2025-11-02 09:00:00","2025-11-02 10:00:00","2026-09-03 19:34:11"
Nederland,Solar,Hour,6178417,6178415,0,0,"2025-11-02 10:00:00","2025-11-02 11:00:00","2026-09-03 19:34:11"
Nederland,Solar,Hour,7664441,7664438,0,0,"2025-11-02 11:00:00","2025-11-02 12:00:00","2026-09-03 19:34:11"
Nederland,Solar,Hour,6560399,6560398,0,0,"2025-11-02 12:00:00","2025-11-02 13:00:00","2026-09-03 19:34:11"
Nederland,Solar,Hour,4689837,4689836,0,0,"2025-11-02 13:00:00","2025-11-02 14:00:00","2026-09-03 19:34:11"
Nederland,Solar,Hour,2113953,2113951,0,0,"2025-11-02 14:00:00","2025-11-02 15:00:00","2026-09-03 19:34:11"
Nederland,Solar,Hour,628053,628050,0,0,"2025-11-02 15:00:00","2025-11-02 16:00:00","2026-09-03 19:34:11"
Nederland,Solar,Hour,33062,33062,0,0,"2025-11-02 16:00:00","2025-11-02 17:00:00","2026-09-03 19:34:11"
Nederland,Solar,Hour,0,0,0,0,"2025-11-02 17:00:00","2025-11-02 18:00:00","2026-09-03 19:34:11"
Nederland,Solar,Hour,0,0,0,0,"2025-11-02 18:00:00","2025-11-02 19:00:00","2026-09-03 19:34:11"
Nederland,Solar,Hour,0,0,0,0,"2025-11-02 19:00:00","2025-11-02 20:00:00","2026-09-03 19:34:11"
Nederland,Solar,Hour,0,0,0,0,"2025-11-02 20:00:00","2025-11-02 21:00:00","2026-09-03 19:34:11"
Nederland,Solar,Hour,0,0,0,0,"2025-11-02 21:00:00","2025-11-02 22:00:00","2026-09-03 19:34:11"
Nederland,Solar,Hour,0,0,0,0,"2025-11-02 22:00:00","2025-11-02 23:00:00","2026-09-03 19:34:11"
Nederland,Solar,Hour,0,0,0,0,"2025-11-02 23:00:00","2025-11-03 00:00:00","2026-09-03 19:34:11"
Nederland,Solar,Hour,0,0,0,0,"2025-11-03 00:00:00","2025-11-03 01:00:00","2026-09-03 19:34:11"
Nederland,Solar,Hour,0,0,0,0,"2025-11-03 01:00:00","2025-11-03 02:00:00","2026-09-03 19:34:11"
Nederland,Solar,Hour,0,0,0,0,"2025-11-03 02:00:00","2025-11-03 03:00:00","2026-09-03 19:34:11"
Nederland,Solar,Hour,0,0,0,0,"2025-11-03 03:00:00","2025-11-03 04:00:00","2026-09-03 19:34:11"
Nederland,Solar,Hour,0,0,0,0,"2025-11-03 04:00:00","2025-11-03 05:00:00","2026-09-03 19:34:11"
Nederland,Solar,Hour,0,0,0,0,"2025-11-03 05:00:00","2025-11-03 06:00:00","2026-09-03 19:34:11"
Nederland,Solar,Hour,2443,2443,0,0,"2025-11-03 06:00:00","2025-11-03 07:00:00","2026-09-03 19:34:11"
Nederland,Solar,Hour,786340,786337,0,0,"2025-11-03 07:00:00","2025-11-03 08:00:00","2026-09-03 19:34:11"
Nederland,Solar,Hour,2297507,2297505,0,0,"2025-11-03 08:00:00","2025-11-03 09:00:00","2026-09-03 19:34:11"
Nederland,Solar,Hour,2236851,2236850,0,0,"2025-11-03 09:00:00","2025-11-03 10:00:00","2026-09-03 19:34:11"
Nederland,Solar,Hour,2696080,2696078,0,0,"2025-11-03 10:00:00","2025-11-03 11:00:00","2026-09-03 19:34:11"
Nederland,Solar,Hour,2542100,2542098,0,0,"2025-11-03 11:00:00","2025-11-03 12:00:00","2026-09-03 19:34:11"
Nederland,Solar,Hour,2277990,2277988,0,0,"2025-11-03 12:00:00","2025-11-03 13:00:00","2026-09-03 19:34:11"
Nederland,Solar,Hour,2078416,2078413,0,0,"2025-11-03 13:00:00","2025-11-03 14:00:00","2026-09-03 19:34:11"
Nederland,Solar,Hour,1287250,1287248,0,0,"2025-11-03 14:00:00","2025-11-03 15:00:00","2026-09-03 19:34:11"
Nederland,Solar,Hour,299089,299088,0,0,"2025-11-03 15:00:00","2025-11-03 16:00:00","2026-09-03 19:34:11"
Nederland,Solar,Hour,261,261,0,0,"2025-11-03 16:00:00","2025-11-03 17:00:00","2026-09-03 19:34:11"
Nederland,Solar,Hour,0,0,0,0,"2025-11-03 17:00:00","2025-11-03 18:00:00","2026-09-03 19:34:11"
Nederland,Solar,Hour,0,0,0,0,"2025-11-03 18:00:00","2025-11-03 19:00:00","2026-09-03 19:34:11"
Nederland,Solar,Hour,0,0,0,0,"2025-11-03 19:00:00","2025-11-03 20:00:00","2026-09-03 19:34:11"
Nederland,Solar,Hour,0,0,0,0,"2025-11-03 20:00:00","2025-11-03 21:00:00","2026-09-03 19:34:11"
Nederland,Solar,Hour,0,0,0,0,"2025-11-03 21:00:00","2025-11-03 22:00:00","2026-09-03 19:34:11"
Nederland,Solar,Hour,0,0,0,0,"2025-11-03 22:00:00","2025-11-03 23:00:00","2026-09-03 19:34:11"
Nederland,Solar,Hour,0,0,0,0,"2025-11-03 23:00:00","2025-11-04 00:00:00","2026-09-03 19:34:11"
Nederland,Solar,Hour,0,0,0,0,"2025-11-04 00:00:00","2025-11-04 01:00:00","2026-09-03 19:34:11"
Nederland,Solar,Hour,0,0,0,0,"2025-11-04 01:00:00","2025-11-04 02:00:00","2026-09-03 19:34:11"
Nederland,Solar,Hour,0,0,0,0,"2025-11-04 02:00:00","2025-11-04 03:00:00","2026-09-03 19:34:11"
Nederland,Solar,Hour,0,0,0,0,"2025-11-04 03:00:00","2025-11-04 04:00:00","2026-09-03 19:34:11"
Nederland,Solar,Hour,0,0,0,0,"2025-11-04 04:00:00","2025-11-04 05:00:00","2026-09-03 19:34:11"
Nederland,Solar,Hour,0,0,0,0,"2025-11-04 05:00:00","2025-11-04 06:00:00","2026-09-03 19:34:11"
Nederland,Solar,Hour,0,0,0,0,"2025-11-04 06:00:00","2025-11-04 07:00:00","2026-09-03 19:34:11"
Nederland,Solar,Hour,212207,212206,0,0,"2025-11-04 07:00:00","2025-11-04 08:00:00","2026-09-03 19:34:11"
Nederland,Solar,Hour,1334495,1334494,0,0,"2025-11-04 08:00:00","2025-11-04 09:00:00","2026-09-03 19:34:11"
Nederland,Solar,Hour,3359829,3359827,0,0,"2025-11-04 09:00:00","2025-11-04 10:00:00","2026-09-03 19:34:11"
Nederland,Solar,Hour,5877407,5877405,0,0,"2025-11-04 10:00:00","2025-11-04 11:00:00","2026-09-03 19:34:11"
Nederland,Solar,Hour,7333345,7333343,0,0,"2025-11-04 11:00:00","2025-11-04 12:00:00","2026-09-03 19:34:11"
Nederland,Solar,Hour,6870422,6870422,0,0,"2025-11-04 12:00:00","2025-11-04 13:00:00","2026-09-03 19:34:11"
Nederland,Solar,Hour,4847089,4847087,0,0,"2025-11-04 13:00:00","2025-11-04 14:00:00","2026-09-03 19:34:11"
Nederland,Solar,Hour,2101594,2101593,0,0,"2025-11-04 14:00:00","2025-11-04 15:00:00","2026-09-03 19:34:11"
Nederland,Solar,Hour,394968,394967,0,0,"2025-11-04 15:00:00","2025-11-04 16:00:00","2026-09-03 19:34:11"
Nederland,Solar,Hour,0,0,0,0,"2025-11-04 16:00:00","2025-11-04 17:00:00","2026-09-03 19:34:11"
Nederland,Solar,Hour,0,0,0,0,"2025-11-04 17:00:00","2025-11-04 18:00:00","2026-09-03 19:34:11"
Nederland,Solar,Hour,0,0,0,0,"2025-11-04 18:00:00","2025-11-04 19:00:00","2026-09-03 19:34:11"
Nederland,Solar,Hour,0,0,0,0,"2025-11-04 19:00:00","2025-11-04 20:00:00","2026-09-03 19:34:11"
Nederland,Solar,Hour,0,0,0,0,"2025-11-04 20:00:00","2025-11-04 21:00:00","2026-09-03 19:34:11"
Nederland,Solar,Hour,0,0,0,0,"2025-11-04 21:00:00","2025-11-04 22:00:00","2026-09-03 19:34:11"
Nederland,Solar,Hour,0,0,0,0,"2025-11-04 22:00:00","2025-11-04 23:00:00","2026-09-03 19:34:11"
Nederland,Solar,Hour,0,0,0,0,"2025-11-04 23:00:00","2025-11-05 00:00:00","2026-09-03 19:34:11"
Nederland,Solar,Hour,0,0,0,0,"2025-11-05 00:00:00","2025-11-05 01:00:00","2026-09-03 19:34:11"
Nederland,Solar,Hour,0,0,0,0,"2025-11-05 01:00:00","2025-11-05 02:00:00","2026-09-03 19:34:11"
Nederland,Solar,Hour,0,0,0,0,"2025-11-05 02:00:00","2025-11-05 03:00:00","2026-09-03 19:34:11"
Nederland,Solar,Hour,0,0,0,0,"2025-11-05 03:00:00","2025-11-05 04:00:00","2026-09-03 19:34:11"
Nederland,Solar,Hour,0,0,0,0,"2025-11-05 04:00:00","2025-11-05 05:00:00","2026-09-03 19:34:11"
Nederland,Solar,Hour,0,0,0,0,"2025-11-05 05:00:00","2025-11-05 06:00:00","2026-09-03 19:34:11"
Nederland,Solar,Hour,0,0,0,0,"2025-11-05 06:00:00","2025-11-05 07:00:00","2026-09-03 19:34:11"
Nederland,Solar,Hour,236663,236662,0,0,"2025-11-05 07:00:00","2025-11-05 08:00:00","2026-09-03 19:34:11"
Nederland,Solar,Hour,1418275,1418273,0,0,"2025-11-05 08:00:00","2025-11-05 09:00:00","2026-09-03 19:34:11"
Nederland,Solar,Hour,3676222,3676221,0,0,"2025-11-05 09:00:00","2025-11-05 10:00:00","2026-09-03 19:34:11"
Nederland,Solar,Hour,5125124,5125121,0,0,"2025-11-05 10:00:00","2025-11-05 11:00:00","2026-09-03 19:34:11"
Nederland,Solar,Hour,6653749,6653747,0,0,"2025-11-05 11:00:00","2025-11-05 12:00:00","2026-09-03 19:34:11"
Nederland,Solar,Hour,6808375,6808372,0,0,"2025-11-05 12:00:00","2025-11-05 13:00:00","2026-09-03 19:34:11"
Nederland,Solar,Hour,6160807,6160803,0,0,"2025-11-05 13:00:00","2025-11-05 14:00:00","2026-09-03 19:34:11"
Nederland,Solar,Hour,3453399,3453397,0,0,"2025-11-05 14:00:00","2025-11-05 15:00:00","2026-09-03 19:34:11"
Nederland,Solar,Hour,603189,603187,0,0,"2025-11-05 15:00:00","2025-11-05 16:00:00","2026-09-03 19:34:11"
Nederland,Solar,Hour,1741,1741,0,0,"2025-11-05 16:00:00","2025-11-05 17:00:00","2026-09-03 19:34:11"
Nederland,Solar,Hour,0,0,0,0,"2025-11-05 17:00:00","2025-11-05 18:00:00","2026-09-03 19:34:11"
Nederland,Solar,Hour,0,0,0,0,"2025-11-05 18:00:00","2025-11-05 19:00:00","2026-09-03 19:34:11"
Nederland,Solar,Hour,0,0,0,0,"2025-11-05 19:00:00","2025-11-05 20:00:00","2026-09-03 19:34:11"
Nederland,Solar,Hour,0,0,0,0,"2025-11-05 20:00:00","2025-11-05 21:00:00","2026-09-03 19:34:11"
Nederland,Solar,Hour,0,0,0,0,"2025-11-05 21:00:00","2025-11-05 22:00:00","2026-09-03 19:34:11"
Nederland,Solar,Hour,0,0,0,0,"2025-11-05 22:00:00","2025-11-05 23:00:00","2026-09-03 19:34:11"
Nederland,Solar,Hour,0,0,0,0,"2025-11-05 23:00:00","2025-11-06 00:00:00","2026-09-03 19:34:11"
Nederland,Solar,Hour,0,0,0,0,"2025-11-06 00:00:00","2025-11-06 01:00:00","2026-09-03 19:32:37"
Nederland,Solar,Hour,0,0,0,0,"2025-11-06 01:00:00","2025-11-06 02:00:00","2026-09-03 19:32:37"
Nederland,Solar,Hour,0,0,0,0,"2025-11-06 02:00:00","2025-11-06 03:00:00","2026-09-03 19:32:37"
Nederland,Solar,Hour,0,0,0,0,"2025-11-06 03:00:00","2025-11-06 04:00:00","2026-09-03 19:32:37"
Nederland,Solar,Hour,0,0,0,0,"2025-11-06 04:00:00","2025-11-06 05:00:00","2026-09-03 19:32:37"
Nederland,Solar,Hour,0,0,0,0,"2025-11-06 05:00:00","2025-11-06 06:00:00","2026-09-03 19:32:37"
Nederland,Solar,Hour,0,0,0,0,"2025-11-06 06:00:00","2025-11-06 07:00:00","2026-09-03 19:32:37"
Nederland,Solar,Hour,684239,684237,0,0,"2025-11-06 07:00:00","2025-11-06 08:00:00","2026-09-03 19:32:37"
Nederland,Solar,Hour,2972867,2972865,0,0,"2025-11-06 08:00:00","2025-11-06 09:00:00","2026-09-03 19:32:37"
Nederland,Solar,Hour,4694932,4694929,0,0,"2025-11-06 09:00:00","2025-11-06 10:00:00","2026-09-03 19:32:37"
Nederland,Solar,Hour,5792431,5792430,0,0,"2025-11-06 10:00:00","2025-11-06 11:00:00","2026-09-03 19:32:37"
Nederland,Solar,Hour,5498003,5498001,0,0,"2025-11-06 11:00:00","2025-11-06 12:00:00","2026-09-03 19:32:37"
Nederland,Solar,Hour,5766833,5766830,0,0,"2025-11-06 12:00:00","2025-11-06 13:00:00","2026-09-03 19:32:37"
Nederland,Solar,Hour,4675090,4675089,0,0,"2025-11-06 13:00:00","2025-11-06 14:00:00","2026-09-03 19:32:37"
Nederland,Solar,Hour,2557181,2557179,0,0,"2025-11-06 14:00:00","2025-11-06 15:00:00","2026-09-03 19:32:37"
Nederland,Solar,Hour,687722,687720,0,0,"2025-11-06 15:00:00","2025-11-06 16:00:00","2026-09-03 19:32:37"
Nederland,Solar,Hour,934,933,0,0,"2025-11-06 16:00:00","2025-11-06 17:00:00","2026-09-03 19:32:37"
Nederland,Solar,Hour,0,0,0,0,"2025-11-06 17:00:00","2025-11-06 18:00:00","2026-09-03 19:32:37"
Nederland,Solar,Hour,0,0,0,0,"2025-11-06 18:00:00","2025-11-06 19:00:00","2026-09-03 19:32:37"
Nederland,Solar,Hour,0,0,0,0,"2025-11-06 19:00:00","2025-11-06 20:00:00","2026-09-03 19:32:37"
Nederland,Solar,Hour,0,0,0,0,"2025-11-06 20:00:00","2025-11-06 21:00:00","2026-09-03 19:32:37"
Nederland,Solar,Hour,0,0,0,0,"2025-11-06 21:00:00","2025-11-06 22:00:00","2026-09-03 19:32:37"
Nederland,Solar,Hour,0,0,0,0,"2025-11-06 22:00:00","2025-11-06 23:00:00","2026-09-03 19:32:37"
Nederland,Solar,Hour,0,0,0,0,"2025-11-06 23:00:00","2025-11-07 00:00:00","2026-09-03 19:32:37"
Nederland,Solar,Hour,0,0,0,0,"2025-11-07 00:00:00","2025-11-07 01:00:00","2026-09-03 19:32:37"
Nederland,Solar,Hour,0,0,0,0,"2025-11-07 01:00:00","2025-11-07 02:00:00","2026-09-03 19:32:37"
Nederland,Solar,Hour,0,0,0,0,"2025-11-07 02:00:00","2025-11-07 03:00:00","2026-09-03 19:32:37"
Nederland,Solar,Hour,0,0,0,0,"2025-11-07 03:00:00","2025-11-07 04:00:00","2026-09-03 19:32:37"
Nederland,Solar,Hour,0,0,0,0,"2025-11-07 04:00:00","2025-11-07 05:00:00","2026-09-03 19:32:37"
Nederland,Solar,Hour,0,0,0,0,"2025-11-07 05:00:00","2025-11-07 06:00:00","2026-09-03 19:32:37"
Nederland,Solar,Hour,0,0,0,0,"2025-11-07 06:00:00","2025-11-07 07:00:00","2026-09-03 19:32:37"
Nederland,Solar,Hour,350263,350262,0,0,"2025-11-07 07:00:00","2025-11-07 08:00:00","2026-09-03 19:32:37"
Nederland,Solar,Hour,2240424,2240422,0,0,"2025-11-07 08:00:00","2025-11-07 09:00:00","2026-09-03 19:32:37"
Nederland,Solar,Hour,4552860,4552859,0,0,"2025-11-07 09:00:00","2025-11-07 10:00:00","2026-09-03 19:32:37"
Nederland,Solar,Hour,6262274,6262272,0,0,"2025-11-07 10:00:00","2025-11-07 11:00:00","2026-09-03 19:32:37"
Nederland,Solar,Hour,7098670,7098668,0,0,"2025-11-07 11:00:00","2025-11-07 12:00:00","2026-09-03 19:32:37"
Nederland,Solar,Hour,6968563,6968562,0,0,"2025-11-07 12:00:00","2025-11-07 13:00:00","2026-09-03 19:32:37"
Nederland,Solar,Hour,5951316,5951313,0,0,"2025-11-07 13:00:00","2025-11-07 14:00:00","2026-09-03 19:32:37"
Nederland,Solar,Hour,3956829,3956827,0,0,"2025-11-07 14:00:00","2025-11-07 15:00:00","2026-09-03 19:32:37"
Nederland,Solar,Hour,1325237,1325236,0,0,"2025-11-07 15:00:00","2025-11-07 16:00:00","2026-09-03 19:32:37"
Nederland,Solar,Hour,0,0,0,0,"2025-11-07 16:00:00","2025-11-07 17:00:00","2026-09-03 19:32:37"
Nederland,Solar,Hour,0,0,0,0,"2025-11-07 17:00:00","2025-11-07 18:00:00","2026-09-03 19:32:37"
Nederland,Solar,Hour,0,0,0,0,"2025-11-07 18:00:00","2025-11-07 19:00:00","2026-09-03 19:32:37"
Nederland,Solar,Hour,0,0,0,0,"2025-11-07 19:00:00","2025-11-07 20:00:00","2026-09-03 19:32:37"
Nederland,Solar,Hour,0,0,0,0,"2025-11-07 20:00:00","2025-11-07 21:00:00","2026-09-03 19:32:37"
Nederland,Solar,Hour,0,0,0,0,"2025-11-07 21:00:00","2025-11-07 22:00:00","2026-09-03 19:32:37"
Nederland,Solar,Hour,0,0,0,0,"2025-11-07 22:00:00","2025-11-07 23:00:00","2026-09-03 19:32:37"
Nederland,Solar,Hour,0,0,0,0,"2025-11-07 23:00:00","2025-11-08 00:00:00","2026-09-03 19:32:37"
Nederland,Solar,Hour,0,0,0,0,"2025-11-08 00:00:00","2025-11-08 01:00:00","2026-09-03 19:32:37"
Nederland,Solar,Hour,0,0,0,0,"2025-11-08 01:00:00","2025-11-08 02:00:00","2026-09-03 19:32:37"
Nederland,Solar,Hour,0,0,0,0,"2025-11-08 02:00:00","2025-11-08 03:00:00","2026-09-03 19:32:37"
Nederland,Solar,Hour,0,0,0,0,"2025-11-08 03:00:00","2025-11-08 04:00:00","2026-09-03 19:32:37"
Nederland,Solar,Hour,0,0,0,0,"2025-11-08 04:00:00","2025-11-08 05:00:00","2026-09-03 19:32:37"
Nederland,Solar,Hour,0,0,0,0,"2025-11-08 05:00:00","2025-11-08 06:00:00","2026-09-03 19:32:37"
Nederland,Solar,Hour,0,0,0,0,"2025-11-08 06:00:00","2025-11-08 07:00:00","2026-09-03 19:32:37"
Nederland,Solar,Hour,286817,286816,0,0,"2025-11-08 07:00:00","2025-11-08 08:00:00","2026-09-03 19:32:37"
Nederland,Solar,Hour,1992503,1992502,0,0,"2025-11-08 08:00:00","2025-11-08 09:00:00","2026-09-03 19:32:37"
Nederland,Solar,Hour,4037572,4037571,0,0,"2025-11-08 09:00:00","2025-11-08 10:00:00","2026-09-03 19:32:37"
Nederland,Solar,Hour,4906114,4906112,0,0,"2025-11-08 10:00:00","2025-11-08 11:00:00","2026-09-03 19:32:37"
Nederland,Solar,Hour,5848673,5848670,0,0,"2025-11-08 11:00:00","2025-11-08 12:00:00","2026-09-03 19:32:37"
Nederland,Solar,Hour,4920138,4920137,0,0,"2025-11-08 12:00:00","2025-11-08 13:00:00","2026-09-03 19:32:37"
Nederland,Solar,Hour,4025396,4025394,0,0,"2025-11-08 13:00:00","2025-11-08 14:00:00","2026-09-03 19:32:37"
Nederland,Solar,Hour,2058545,2058543,0,0,"2025-11-08 14:00:00","2025-11-08 15:00:00","2026-09-03 19:32:37"
Nederland,Solar,Hour,297606,297603,0,0,"2025-11-08 15:00:00","2025-11-08 16:00:00","2026-09-03 19:32:37"
Nederland,Solar,Hour,0,0,0,0,"2025-11-08 16:00:00","2025-11-08 17:00:00","2026-09-03 19:32:37"
Nederland,Solar,Hour,0,0,0,0,"2025-11-08 17:00:00","2025-11-08 18:00:00","2026-09-03 19:32:37"
Nederland,Solar,Hour,0,0,0,0,"2025-11-08 18:00:00","2025-11-08 19:00:00","2026-09-03 19:32:37"
Nederland,Solar,Hour,0,0,0,0,"2025-11-08 19:00:00","2025-11-08 20:00:00","2026-09-03 19:32:37"
Nederland,Solar,Hour,0,0,0,0,"2025-11-08 20:00:00","2025-11-08 21:00:00","2026-09-03 19:32:37"
Nederland,Solar,Hour,0,0,0,0,"2025-11-08 21:00:00","2025-11-08 22:00:00","2026-09-03 19:32:37"
Nederland,Solar,Hour,0,0,0,0,"2025-11-08 22:00:00","2025-11-08 23:00:00","2026-09-03 19:32:37"
Nederland,Solar,Hour,0,0,0,0,"2025-11-08 23:00:00","2025-11-09 00:00:00","2026-09-03 19:32:37"
Nederland,Solar,Hour,0,0,0,0,"2025-11-09 00:00:00","2025-11-09 01:00:00","2026-09-03 19:32:37"
Nederland,Solar,Hour,0,0,0,0,"2025-11-09 01:00:00","2025-11-09 02:00:00","2026-09-03 19:32:37"
Nederland,Solar,Hour,0,0,0,0,"2025-11-09 02:00:00","2025-11-09 03:00:00","2026-09-03 19:32:37"
Nederland,Solar,Hour,0,0,0,0,"2025-11-09 03:00:00","2025-11-09 04:00:00","2026-09-03 19:32:37"
Nederland,Solar,Hour,0,0,0,0,"2025-11-09 04:00:00","2025-11-09 05:00:00","2026-09-03 19:32:37"
Nederland,Solar,Hour,0,0,0,0,"2025-11-09 05:00:00","2025-11-09 06:00:00","2026-09-03 19:32:37"
Nederland,Solar,Hour,0,0,0,0,"2025-11-09 06:00:00","2025-11-09 07:00:00","2026-09-03 19:32:37"
Nederland,Solar,Hour,117925,117924,0,0,"2025-11-09 07:00:00","2025-11-09 08:00:00","2026-09-03 19:32:37"
Nederland,Solar,Hour,1155115,1155113,0,0,"2025-11-09 08:00:00","2025-11-09 09:00:00","2026-09-03 19:32:37"
Nederland,Solar,Hour,3159312,3159310,0,0,"2025-11-09 09:00:00","2025-11-09 10:00:00","2026-09-03 19:32:37"
Nederland,Solar,Hour,4970963,4970961,0,0,"2025-11-09 10:00:00","2025-11-09 11:00:00","2026-09-03 19:32:37"
Nederland,Solar,Hour,6098683,6098681,0,0,"2025-11-09 11:00:00","2025-11-09 12:00:00","2026-09-03 19:32:37"
Nederland,Solar,Hour,5404852,5404850,0,0,"2025-11-09 12:00:00","2025-11-09 13:00:00","2026-09-03 19:32:37"
Nederland,Solar,Hour,5169393,5169392,0,0,"2025-11-09 13:00:00","2025-11-09 14:00:00","2026-09-03 19:32:37"
Nederland,Solar,Hour,4351963,4351963,0,0,"2025-11-09 14:00:00","2025-11-09 15:00:00","2026-09-03 19:32:37"
Nederland,Solar,Hour,1290323,1290321,0,0,"2025-11-09 15:00:00","2025-11-09 16:00:00","2026-09-03 19:32:37"
Nederland,Solar,Hour,0,0,0,0,"2025-11-09 16:00:00","2025-11-09 17:00:00","2026-09-03 19:32:37"
Nederland,Solar,Hour,0,0,0,0,"2025-11-09 17:00:00","2025-11-09 18:00:00","2026-09-03 19:32:37"
Nederland,Solar,Hour,0,0,0,0,"2025-11-09 18:00:00","2025-11-09 19:00:00","2026-09-03 19:32:37"
Nederland,Solar,Hour,0,0,0,0,"2025-11-09 19:00:00","2025-11-09 20:00:00","2026-09-03 19:32:37"
Nederland,Solar,Hour,0,0,0,0,"2025-11-09 20:00:00","2025-11-09 21:00:00","2026-09-03 19:32:37"
Nederland,Solar,Hour,0,0,0,0,"2025-11-09 21:00:00","2025-11-09 22:00:00","2026-09-03 19:32:37"
Nederland,Solar,Hour,0,0,0,0,"2025-11-09 22:00:00","2025-11-09 23:00:00","2026-09-03 19:32:37"
Nederland,Solar,Hour,0,0,0,0,"2025-11-09 23:00:00","2025-11-10 00:00:00","2026-09-03 19:32:37"
Nederland,Solar,Hour,0,0,0,0,"2025-11-10 00:00:00","2025-11-10 01:00:00","2026-09-03 19:32:37"
Nederland,Solar,Hour,0,0,0,0,"2025-11-10 01:00:00","2025-11-10 02:00:00","2026-09-03 19:32:37"
Nederland,Solar,Hour,0,0,0,0,"2025-11-10 02:00:00","2025-11-10 03:00:00","2026-09-03 19:32:37"
Nederland,Solar,Hour,0,0,0,0,"2025-11-10 03:00:00","2025-11-10 04:00:00","2026-09-03 19:32:37"
Nederland,Solar,Hour,0,0,0,0,"2025-11-10 04:00:00","2025-11-10 05:00:00","2026-09-03 19:32:37"
Nederland,Solar,Hour,0,0,0,0,"2025-11-10 05:00:00","2025-11-10 06:00:00","2026-09-03 19:32:37"
Nederland,Solar,Hour,0,0,0,0,"2025-11-10 06:00:00","2025-11-10 07:00:00","2026-09-03 19:32:37"
Nederland,Solar,Hour,187438,187436,0,0,"2025-11-10 07:00:00","2025-11-10 08:00:00","2026-09-03 19:32:37"
Nederland,Solar,Hour,886715,886712,0,0,"2025-11-10 08:00:00","2025-11-10 09:00:00","2026-09-03 19:32:37"
Nederland,Solar,Hour,1981878,1981876,0,0,"2025-11-10 09:00:00","2025-11-10 10:00:00","2026-09-03 19:32:37"
Nederland,Solar,Hour,3436483,3436481,0,0,"2025-11-10 10:00:00","2025-11-10 11:00:00","2026-09-03 19:32:37"
Nederland,Solar,Hour,3412699,3412698,0,0,"2025-11-10 11:00:00","2025-11-10 12:00:00","2026-09-03 19:32:37"
Nederland,Solar,Hour,4692688,4692686,0,0,"2025-11-10 12:00:00","2025-11-10 13:00:00","2026-09-03 19:32:37"
Nederland,Solar,Hour,3803377,3803375,0,0,"2025-11-10 13:00:00","2025-11-10 14:00:00","2026-09-03 19:32:37"
Nederland,Solar,Hour,1638523,1638521,0,0,"2025-11-10 14:00:00","2025-11-10 15:00:00","2026-09-03 19:32:37"
Nederland,Solar,Hour,230437,230434,0,0,"2025-11-10 15:00:00","2025-11-10 16:00:00","2026-09-03 19:32:37"
Nederland,Solar,Hour,1386,1386,0,0,"2025-11-10 16:00:00","2025-11-10 17:00:00","2026-09-03 19:32:37"
Nederland,Solar,Hour,0,0,0,0,"2025-11-10 17:00:00","2025-11-10 18:00:00","2026-09-03 19:32:37"
Nederland,Solar,Hour,0,0,0,0,"2025-11-10 18:00:00","2025-11-10 19:00:00","2026-09-03 19:32:37"
Nederland,Solar,Hour,0,0,0,0,"2025-11-10 19:00:00","2025-11-10 20:00:00","2026-09-03 19:32:37"
Nederland,Solar,Hour,0,0,0,0,"2025-11-10 20:00:00","2025-11-10 21:00:00","2026-09-03 19:32:37"
Nederland,Solar,Hour,0,0,0,0,"2025-11-10 21:00:00","2025-11-10 22:00:00","2026-09-03 19:32:37"
Nederland,Solar,Hour,0,0,0,0,"2025-11-10 22:00:00","2025-11-10 23:00:00","2026-09-03 19:32:37"
Nederland,Solar,Hour,0,0,0,0,"2025-11-10 23:00:00","2025-11-11 00:00:00","2026-09-03 19:32:37"
Nederland,Solar,Hour,0,0,0,0,"2025-11-11 00:00:00","2025-11-11 01:00:00","2026-09-03 19:31:05"
Nederland,Solar,Hour,0,0,0,0,"2025-11-11 01:00:00","2025-11-11 02:00:00","2026-09-03 19:31:05"
Nederland,Solar,Hour,0,0,0,0,"2025-11-11 02:00:00","2025-11-11 03:00:00","2026-09-03 19:31:05"
Nederland,Solar,Hour,0,0,0,0,"2025-11-11 03:00:00","2025-11-11 04:00:00","2026-09-03 19:31:05"
Nederland,Solar,Hour,0,0,0,0,"2025-11-11 04:00:00","2025-11-11 05:00:00","2026-09-03 19:31:05"
Nederland,Solar,Hour,0,0,0,0,"2025-11-11 05:00:00","2025-11-11 06:00:00","2026-09-03 19:31:05"
Nederland,Solar,Hour,0,0,0,0,"2025-11-11 06:00:00","2025-11-11 07:00:00","2026-09-03 19:31:05"
Nederland,Solar,Hour,203214,203213,0,0,"2025-11-11 07:00:00","2025-11-11 08:00:00","2026-09-03 19:31:05"
Nederland,Solar,Hour,1797840,1797838,0,0,"2025-11-11 08:00:00","2025-11-11 09:00:00","2026-09-03 19:31:05"
Nederland,Solar,Hour,3282495,3282493,0,0,"2025-11-11 09:00:00","2025-11-11 10:00:00","2026-09-03 19:31:05"
Nederland,Solar,Hour,4471306,4471303,0,0,"2025-11-11 10:00:00","2025-11-11 11:00:00","2026-09-03 19:31:05"
Nederland,Solar,Hour,4085920,4085918,0,0,"2025-11-11 11:00:00","2025-11-11 12:00:00","2026-09-03 19:31:05"
Nederland,Solar,Hour,3898365,3898362,0,0,"2025-11-11 12:00:00","2025-11-11 13:00:00","2026-09-03 19:31:05"
Nederland,Solar,Hour,2674173,2674171,0,0,"2025-11-11 13:00:00","2025-11-11 14:00:00","2026-09-03 19:31:05"
Nederland,Solar,Hour,1362391,1362389,0,0,"2025-11-11 14:00:00","2025-11-11 15:00:00","2026-09-03 19:31:05"
Nederland,Solar,Hour,433809,433807,0,0,"2025-11-11 15:00:00","2025-11-11 16:00:00","2026-09-03 19:31:05"
Nederland,Solar,Hour,0,0,0,0,"2025-11-11 16:00:00","2025-11-11 17:00:00","2026-09-03 19:31:05"
Nederland,Solar,Hour,0,0,0,0,"2025-11-11 17:00:00","2025-11-11 18:00:00","2026-09-03 19:31:05"
Nederland,Solar,Hour,0,0,0,0,"2025-11-11 18:00:00","2025-11-11 19:00:00","2026-09-03 19:31:05"
Nederland,Solar,Hour,0,0,0,0,"2025-11-11 19:00:00","2025-11-11 20:00:00","2026-09-03 19:31:05"
Nederland,Solar,Hour,0,0,0,0,"2025-11-11 20:00:00","2025-11-11 21:00:00","2026-09-03 19:31:05"
Nederland,Solar,Hour,0,0,0,0,"2025-11-11 21:00:00","2025-11-11 22:00:00","2026-09-03 19:31:05"
Nederland,Solar,Hour,0,0,0,0,"2025-11-11 22:00:00","2025-11-11 23:00:00","2026-09-03 19:31:05"
Nederland,Solar,Hour,0,0,0,0,"2025-11-11 23:00:00","2025-11-12 00:00:00","2026-09-03 19:31:05"
Nederland,Solar,Hour,0,0,0,0,"2025-11-12 00:00:00","2025-11-12 01:00:00","2026-09-03 19:31:05"
Nederland,Solar,Hour,0,0,0,0,"2025-11-12 01:00:00","2025-11-12 02:00:00","2026-09-03 19:31:05"
Nederland,Solar,Hour,0,0,0,0,"2025-11-12 02:00:00","2025-11-12 03:00:00","2026-09-03 19:31:05"
Nederland,Solar,Hour,0,0,0,0,"2025-11-12 03:00:00","2025-11-12 04:00:00","2026-09-03 19:31:05"
Nederland,Solar,Hour,0,0,0,0,"2025-11-12 04:00:00","2025-11-12 05:00:00","2026-09-03 19:31:05"
Nederland,Solar,Hour,0,0,0,0,"2025-11-12 05:00:00","2025-11-12 06:00:00","2026-09-03 19:31:05"
Nederland,Solar,Hour,0,0,0,0,"2025-11-12 06:00:00","2025-11-12 07:00:00","2026-09-03 19:31:05"
Nederland,Solar,Hour,158365,158365,0,0,"2025-11-12 07:00:00","2025-11-12 08:00:00","2026-09-03 19:31:05"
Nederland,Solar,Hour,1581521,1581518,0,0,"2025-11-12 08:00:00","2025-11-12 09:00:00","2026-09-03 19:31:05"
Nederland,Solar,Hour,3890343,3890341,0,0,"2025-11-12 09:00:00","2025-11-12 10:00:00","2026-09-03 19:31:05"
Nederland,Solar,Hour,5934936,5934934,0,0,"2025-11-12 10:00:00","2025-11-12 11:00:00","2026-09-03 19:31:05"
Nederland,Solar,Hour,6406512,6406511,0,0,"2025-11-12 11:00:00","2025-11-12 12:00:00","2026-09-03 19:31:05"
Nederland,Solar,Hour,5396106,5396103,0,0,"2025-11-12 12:00:00","2025-11-12 13:00:00","2026-09-03 19:31:05"
Nederland,Solar,Hour,4272209,4272207,0,0,"2025-11-12 13:00:00","2025-11-12 14:00:00","2026-09-03 19:31:05"
Nederland,Solar,Hour,2450887,2450884,0,0,"2025-11-12 14:00:00","2025-11-12 15:00:00","2026-09-03 19:31:05"
Nederland,Solar,Hour,1396223,1396221,0,0,"2025-11-12 15:00:00","2025-11-12 16:00:00","2026-09-03 19:31:05"
Nederland,Solar,Hour,453,453,0,0,"2025-11-12 16:00:00","2025-11-12 17:00:00","2026-09-03 19:31:05"
Nederland,Solar,Hour,0,0,0,0,"2025-11-12 17:00:00","2025-11-12 18:00:00","2026-09-03 19:31:05"
Nederland,Solar,Hour,0,0,0,0,"2025-11-12 18:00:00","2025-11-12 19:00:00","2026-09-03 19:31:05"
Nederland,Solar,Hour,0,0,0,0,"2025-11-12 19:00:00","2025-11-12 20:00:00","2026-09-03 19:31:05"
Nederland,Solar,Hour,0,0,0,0,"2025-11-12 20:00:00","2025-11-12 21:00:00","2026-09-03 19:31:05"
Nederland,Solar,Hour,0,0,0,0,"2025-11-12 21:00:00","2025-11-12 22:00:00","2026-09-03 19:31:05"
Nederland,Solar,Hour,0,0,0,0,"2025-11-12 22:00:00","2025-11-12 23:00:00","2026-09-03 19:31:05"
Nederland,Solar,Hour,0,0,0,0,"2025-11-12 23:00:00","2025-11-13 00:00:00","2026-09-03 19:31:05"
Nederland,Solar,Hour,0,0,0,0,"2025-11-13 00:00:00","2025-11-13 01:00:00","2026-09-03 19:31:05"
Nederland,Solar,Hour,0,0,0,0,"2025-11-13 01:00:00","2025-11-13 02:00:00","2026-09-03 19:31:05"
Nederland,Solar,Hour,0,0,0,0,"2025-11-13 02:00:00","2025-11-13 03:00:00","2026-09-03 19:31:05"
Nederland,Solar,Hour,0,0,0,0,"2025-11-13 03:00:00","2025-11-13 04:00:00","2026-09-03 19:31:05"
Nederland,Solar,Hour,0,0,0,0,"2025-11-13 04:00:00","2025-11-13 05:00:00","2026-09-03 19:31:05"
Nederland,Solar,Hour,0,0,0,0,"2025-11-13 05:00:00","2025-11-13 06:00:00","2026-09-03 19:31:05"
Nederland,Solar,Hour,0,0,0,0,"2025-11-13 06:00:00","2025-11-13 07:00:00","2026-09-03 19:31:05"
Nederland,Solar,Hour,84805,84804,0,0,"2025-11-13 07:00:00","2025-11-13 08:00:00","2026-09-03 19:31:05"
Nederland,Solar,Hour,899789,899787,0,0,"2025-11-13 08:00:00","2025-11-13 09:00:00","2026-09-03 19:31:05"
Nederland,Solar,Hour,1758348,1758345,0,0,"2025-11-13 09:00:00","2025-11-13 10:00:00","2026-09-03 19:31:05"
Nederland,Solar,Hour,2458864,2458862,0,0,"2025-11-13 10:00:00","2025-11-13 11:00:00","2026-09-03 19:31:05"
Nederland,Solar,Hour,2777830,2777829,0,0,"2025-11-13 11:00:00","2025-11-13 12:00:00","2026-09-03 19:31:05"
Nederland,Solar,Hour,2498909,2498906,0,0,"2025-11-13 12:00:00","2025-11-13 13:00:00","2026-09-03 19:31:05"
Nederland,Solar,Hour,1760883,1760882,0,0,"2025-11-13 13:00:00","2025-11-13 14:00:00","2026-09-03 19:31:05"
Nederland,Solar,Hour,1312955,1312954,0,0,"2025-11-13 14:00:00","2025-11-13 15:00:00","2026-09-03 19:31:05"
Nederland,Solar,Hour,265943,265942,0,0,"2025-11-13 15:00:00","2025-11-13 16:00:00","2026-09-03 19:31:05"
Nederland,Solar,Hour,0,0,0,0,"2025-11-13 16:00:00","2025-11-13 17:00:00","2026-09-03 19:31:05"
Nederland,Solar,Hour,0,0,0,0,"2025-11-13 17:00:00","2025-11-13 18:00:00","2026-09-03 19:31:05"
Nederland,Solar,Hour,0,0,0,0,"2025-11-13 18:00:00","2025-11-13 19:00:00","2026-09-03 19:31:05"
Nederland,Solar,Hour,0,0,0,0,"2025-11-13 19:00:00","2025-11-13 20:00:00","2026-09-03 19:31:05"
Nederland,Solar,Hour,0,0,0,0,"2025-11-13 20:00:00","2025-11-13 21:00:00","2026-09-03 19:31:05"
Nederland,Solar,Hour,0,0,0,0,"2025-11-13 21:00:00","2025-11-13 22:00:00","2026-09-03 19:31:05"
Nederland,Solar,Hour,0,0,0,0,"2025-11-13 22:00:00","2025-11-13 23:00:00","2026-09-03 19:31:05"
Nederland,Solar,Hour,0,0,0,0,"2025-11-13 23:00:00","2025-11-14 00:00:00","2026-09-03 19:31:05"
Nederland,Solar,Hour,0,0,0,0,"2025-11-14 00:00:00","2025-11-14 01:00:00","2026-09-03 19:31:05"
Nederland,Solar,Hour,0,0,0,0,"2025-11-14 01:00:00","2025-11-14 02:00:00","2026-09-03 19:31:05"
Nederland,Solar,Hour,0,0,0,0,"2025-11-14 02:00:00","2025-11-14 03:00:00","2026-09-03 19:31:05"
Nederland,Solar,Hour,0,0,0,0,"2025-11-14 03:00:00","2025-11-14 04:00:00","2026-09-03 19:31:05"
Nederland,Solar,Hour,0,0,0,0,"2025-11-14 04:00:00","2025-11-14 05:00:00","2026-09-03 19:31:05"
Nederland,Solar,Hour,0,0,0,0,"2025-11-14 05:00:00","2025-11-14 06:00:00","2026-09-03 19:31:05"
Nederland,Solar,Hour,0,0,0,0,"2025-11-14 06:00:00","2025-11-14 07:00:00","2026-09-03 19:31:05"
Nederland,Solar,Hour,7167,7167,0,0,"2025-11-14 07:00:00","2025-11-14 08:00:00","2026-09-03 19:31:05"
Nederland,Solar,Hour,243012,243010,0,0,"2025-11-14 08:00:00","2025-11-14 09:00:00","2026-09-03 19:31:05"
Nederland,Solar,Hour,612411,612410,0,0,"2025-11-14 09:00:00","2025-11-14 10:00:00","2026-09-03 19:31:05"
Nederland,Solar,Hour,733533,733531,0,0,"2025-11-14 10:00:00","2025-11-14 11:00:00","2026-09-03 19:31:05"
Nederland,Solar,Hour,700357,700355,0,0,"2025-11-14 11:00:00","2025-11-14 12:00:00","2026-09-03 19:31:05"
Nederland,Solar,Hour,722874,722873,0,0,"2025-11-14 12:00:00","2025-11-14 13:00:00","2026-09-03 19:31:05"
Nederland,Solar,Hour,508942,508941,0,0,"2025-11-14 13:00:00","2025-11-14 14:00:00","2026-09-03 19:31:05"
Nederland,Solar,Hour,282838,282836,0,0,"2025-11-14 14:00:00","2025-11-14 15:00:00","2026-09-03 19:31:05"
Nederland,Solar,Hour,30750,30749,0,0,"2025-11-14 15:00:00","2025-11-14 16:00:00","2026-09-03 19:31:05"
Nederland,Solar,Hour,0,0,0,0,"2025-11-14 16:00:00","2025-11-14 17:00:00","2026-09-03 19:31:05"
Nederland,Solar,Hour,0,0,0,0,"2025-11-14 17:00:00","2025-11-14 18:00:00","2026-09-03 19:31:05"
Nederland,Solar,Hour,0,0,0,0,"2025-11-14 18:00:00","2025-11-14 19:00:00","2026-09-03 19:31:05"
Nederland,Solar,Hour,0,0,0,0,"2025-11-14 19:00:00","2025-11-14 20:00:00","2026-09-03 19:31:05"
Nederland,Solar,Hour,0,0,0,0,"2025-11-14 20:00:00","2025-11-14 21:00:00","2026-09-03 19:31:05"
Nederland,Solar,Hour,0,0,0,0,"2025-11-14 21:00:00","2025-11-14 22:00:00","2026-09-03 19:31:05"
Nederland,Solar,Hour,0,0,0,0,"2025-11-14 22:00:00","2025-11-14 23:00:00","2026-09-03 19:31:05"
Nederland,Solar,Hour,0,0,0,0,"2025-11-14 23:00:00","2025-11-15 00:00:00","2026-09-03 19:31:05"
Nederland,Solar,Hour,0,0,0,0,"2025-11-15 00:00:00","2025-11-15 01:00:00","2026-09-03 19:31:05"
Nederland,Solar,Hour,0,0,0,0,"2025-11-15 01:00:00","2025-11-15 02:00:00","2026-09-03 19:31:05"
Nederland,Solar,Hour,0,0,0,0,"2025-11-15 02:00:00","2025-11-15 03:00:00","2026-09-03 19:31:05"
Nederland,Solar,Hour,0,0,0,0,"2025-11-15 03:00:00","2025-11-15 04:00:00","2026-09-03 19:31:05"
Nederland,Solar,Hour,0,0,0,0,"2025-11-15 04:00:00","2025-11-15 05:00:00","2026-09-03 19:31:05"
Nederland,Solar,Hour,0,0,0,0,"2025-11-15 05:00:00","2025-11-15 06:00:00","2026-09-03 19:31:05"
Nederland,Solar,Hour,0,0,0,0,"2025-11-15 06:00:00","2025-11-15 07:00:00","2026-09-03 19:31:05"
Nederland,Solar,Hour,9215,9214,0,0,"2025-11-15 07:00:00","2025-11-15 08:00:00","2026-09-03 19:31:05"
Nederland,Solar,Hour,262792,262790,0,0,"2025-11-15 08:00:00","2025-11-15 09:00:00","2026-09-03 19:31:05"
Nederland,Solar,Hour,798872,798869,0,0,"2025-11-15 09:00:00","2025-11-15 10:00:00","2026-09-03 19:31:05"
Nederland,Solar,Hour,1143458,1143455,0,0,"2025-11-15 10:00:00","2025-11-15 11:00:00","2026-09-03 19:31:05"
Nederland,Solar,Hour,1122302,1122300,0,0,"2025-11-15 11:00:00","2025-11-15 12:00:00","2026-09-03 19:31:05"
Nederland,Solar,Hour,1022304,1022301,0,0,"2025-11-15 12:00:00","2025-11-15 13:00:00","2026-09-03 19:31:05"
Nederland,Solar,Hour,738470,738468,0,0,"2025-11-15 13:00:00","2025-11-15 14:00:00","2026-09-03 19:31:05"
Nederland,Solar,Hour,494294,494292,0,0,"2025-11-15 14:00:00","2025-11-15 15:00:00","2026-09-03 19:31:05"
Nederland,Solar,Hour,115437,115436,0,0,"2025-11-15 15:00:00","2025-11-15 16:00:00","2026-09-03 19:31:05"
Nederland,Solar,Hour,0,0,0,0,"2025-11-15 16:00:00","2025-11-15 17:00:00","2026-09-03 19:31:05"
Nederland,Solar,Hour,0,0,0,0,"2025-11-15 17:00:00","2025-11-15 18:00:00","2026-09-03 19:31:05"
Nederland,Solar,Hour,0,0,0,0,"2025-11-15 18:00:00","2025-11-15 19:00:00","2026-09-03 19:31:05"
Nederland,Solar,Hour,0,0,0,0,"2025-11-15 19:00:00","2025-11-15 20:00:00","2026-09-03 19:31:05"
Nederland,Solar,Hour,0,0,0,0,"2025-11-15 20:00:00","2025-11-15 21:00:00","2026-09-03 19:31:05"
Nederland,Solar,Hour,0,0,0,0,"2025-11-15 21:00:00","2025-11-15 22:00:00","2026-09-03 19:31:05"
Nederland,Solar,Hour,0,0,0,0,"2025-11-15 22:00:00","2025-11-15 23:00:00","2026-09-03 19:31:05"
Nederland,Solar,Hour,0,0,0,0,"2025-11-15 23:00:00","2025-11-16 00:00:00","2026-09-03 19:31:05"
Nederland,Solar,Hour,0,0,0,0,"2025-11-16 00:00:00","2025-11-16 01:00:00","2026-09-03 19:29:26"
Nederland,Solar,Hour,0,0,0,0,"2025-11-16 01:00:00","2025-11-16 02:00:00","2026-09-03 19:29:26"
Nederland,Solar,Hour,0,0,0,0,"2025-11-16 02:00:00","2025-11-16 03:00:00","2026-09-03 19:29:26"
Nederland,Solar,Hour,0,0,0,0,"2025-11-16 03:00:00","2025-11-16 04:00:00","2026-09-03 19:29:26"
Nederland,Solar,Hour,0,0,0,0,"2025-11-16 04:00:00","2025-11-16 05:00:00","2026-09-03 19:29:26"
Nederland,Solar,Hour,0,0,0,0,"2025-11-16 05:00:00","2025-11-16 06:00:00","2026-09-03 19:29:26"
Nederland,Solar,Hour,0,0,0,0,"2025-11-16 06:00:00","2025-11-16 07:00:00","2026-09-03 19:29:26"
Nederland,Solar,Hour,9532,9532,0,0,"2025-11-16 07:00:00","2025-11-16 08:00:00","2026-09-03 19:29:26"
Nederland,Solar,Hour,345305,345303,0,0,"2025-11-16 08:00:00","2025-11-16 09:00:00","2026-09-03 19:29:26"
Nederland,Solar,Hour,829789,829787,0,0,"2025-11-16 09:00:00","2025-11-16 10:00:00","2026-09-03 19:29:26"
Nederland,Solar,Hour,1181859,1181857,0,0,"2025-11-16 10:00:00","2025-11-16 11:00:00","2026-09-03 19:29:26"
Nederland,Solar,Hour,1329859,1329857,0,0,"2025-11-16 11:00:00","2025-11-16 12:00:00","2026-09-03 19:29:26"
Nederland,Solar,Hour,1887652,1887651,0,0,"2025-11-16 12:00:00","2025-11-16 13:00:00","2026-09-03 19:29:26"
Nederland,Solar,Hour,1861505,1861502,0,0,"2025-11-16 13:00:00","2025-11-16 14:00:00","2026-09-03 19:29:26"
Nederland,Solar,Hour,1717110,1717108,0,0,"2025-11-16 14:00:00","2025-11-16 15:00:00","2026-09-03 19:29:26"
Nederland,Solar,Hour,432814,432812,0,0,"2025-11-16 15:00:00","2025-11-16 16:00:00","2026-09-03 19:29:26"
Nederland,Solar,Hour,0,0,0,0,"2025-11-16 16:00:00","2025-11-16 17:00:00","2026-09-03 19:29:26"
Nederland,Solar,Hour,0,0,0,0,"2025-11-16 17:00:00","2025-11-16 18:00:00","2026-09-03 19:29:26"
Nederland,Solar,Hour,0,0,0,0,"2025-11-16 18:00:00","2025-11-16 19:00:00","2026-09-03 19:29:26"
Nederland,Solar,Hour,0,0,0,0,"2025-11-16 19:00:00","2025-11-16 20:00:00","2026-09-03 19:29:26"
Nederland,Solar,Hour,0,0,0,0,"2025-11-16 20:00:00","2025-11-16 21:00:00","2026-09-03 19:29:26"
Nederland,Solar,Hour,0,0,0,0,"2025-11-16 21:00:00","2025-11-16 22:00:00","2026-09-03 19:29:26"
Nederland,Solar,Hour,0,0,0,0,"2025-11-16 22:00:00","2025-11-16 23:00:00","2026-09-03 19:29:26"
Nederland,Solar,Hour,0,0,0,0,"2025-11-16 23:00:00","2025-11-17 00:00:00","2026-09-03 19:29:26"
Nederland,Solar,Hour,0,0,0,0,"2025-11-17 00:00:00","2025-11-17 01:00:00","2026-09-03 19:29:26"
Nederland,Solar,Hour,0,0,0,0,"2025-11-17 01:00:00","2025-11-17 02:00:00","2026-09-03 19:29:26"
Nederland,Solar,Hour,0,0,0,0,"2025-11-17 02:00:00","2025-11-17 03:00:00","2026-09-03 19:29:26"
Nederland,Solar,Hour,0,0,0,0,"2025-11-17 03:00:00","2025-11-17 04:00:00","2026-09-03 19:29:26"
Nederland,Solar,Hour,0,0,0,0,"2025-11-17 04:00:00","2025-11-17 05:00:00","2026-09-03 19:29:26"
Nederland,Solar,Hour,0,0,0,0,"2025-11-17 05:00:00","2025-11-17 06:00:00","2026-09-03 19:29:26"
Nederland,Solar,Hour,0,0,0,0,"2025-11-17 06:00:00","2025-11-17 07:00:00","2026-09-03 19:29:26"
Nederland,Solar,Hour,104313,104312,0,0,"2025-11-17 07:00:00","2025-11-17 08:00:00","2026-09-03 19:29:26"
Nederland,Solar,Hour,1266313,1266311,0,0,"2025-11-17 08:00:00","2025-11-17 09:00:00","2026-09-03 19:29:26"
Nederland,Solar,Hour,3964431,3964430,0,0,"2025-11-17 09:00:00","2025-11-17 10:00:00","2026-09-03 19:29:26"
Nederland,Solar,Hour,5908238,5908235,0,0,"2025-11-17 10:00:00","2025-11-17 11:00:00","2026-09-03 19:29:26"
Nederland,Solar,Hour,7154490,7154489,0,0,"2025-11-17 11:00:00","2025-11-17 12:00:00","2026-09-03 19:29:26"
Nederland,Solar,Hour,6613891,6613889,0,0,"2025-11-17 12:00:00","2025-11-17 13:00:00","2026-09-03 19:29:26"
Nederland,Solar,Hour,5515916,5515914,0,0,"2025-11-17 13:00:00","2025-11-17 14:00:00","2026-09-03 19:29:26"
Nederland,Solar,Hour,4007896,4007894,0,0,"2025-11-17 14:00:00","2025-11-17 15:00:00","2026-09-03 19:29:26"
Nederland,Solar,Hour,804503,804500,0,0,"2025-11-17 15:00:00","2025-11-17 16:00:00","2026-09-03 19:29:26"
Nederland,Solar,Hour,0,0,0,0,"2025-11-17 16:00:00","2025-11-17 17:00:00","2026-09-03 19:29:26"
Nederland,Solar,Hour,0,0,0,0,"2025-11-17 17:00:00","2025-11-17 18:00:00","2026-09-03 19:29:26"
Nederland,Solar,Hour,0,0,0,0,"2025-11-17 18:00:00","2025-11-17 19:00:00","2026-09-03 19:29:26"
Nederland,Solar,Hour,0,0,0,0,"2025-11-17 19:00:00","2025-11-17 20:00:00","2026-09-03 19:29:26"
Nederland,Solar,Hour,0,0,0,0,"2025-11-17 20:00:00","2025-11-17 21:00:00","2026-09-03 19:29:26"
Nederland,Solar,Hour,0,0,0,0,"2025-11-17 21:00:00","2025-11-17 22:00:00","2026-09-03 19:29:26"
Nederland,Solar,Hour,0,0,0,0,"2025-11-17 22:00:00","2025-11-17 23:00:00","2026-09-03 19:29:26"
Nederland,Solar,Hour,0,0,0,0,"2025-11-17 23:00:00","2025-11-18 00:00:00","2026-09-03 19:29:26"
Nederland,Solar,Hour,0,0,0,0,"2025-11-18 00:00:00","2025-11-18 01:00:00","2026-09-03 19:29:26"
Nederland,Solar,Hour,0,0,0,0,"2025-11-18 01:00:00","2025-11-18 02:00:00","2026-09-03 19:29:26"
Nederland,Solar,Hour,0,0,0,0,"2025-11-18 02:00:00","2025-11-18 03:00:00","2026-09-03 19:29:26"
Nederland,Solar,Hour,0,0,0,0,"2025-11-18 03:00:00","2025-11-18 04:00:00","2026-09-03 19:29:26"
Nederland,Solar,Hour,0,0,0,0,"2025-11-18 04:00:00","2025-11-18 05:00:00","2026-09-03 19:29:26"
Nederland,Solar,Hour,0,0,0,0,"2025-11-18 05:00:00","2025-11-18 06:00:00","2026-09-03 19:29:26"
Nederland,Solar,Hour,0,0,0,0,"2025-11-18 06:00:00","2025-11-18 07:00:00","2026-09-03 19:29:26"
Nederland,Solar,Hour,52714,52712,0,0,"2025-11-18 07:00:00","2025-11-18 08:00:00","2026-09-03 19:29:26"
Nederland,Solar,Hour,841741,841739,0,0,"2025-11-18 08:00:00","2025-11-18 09:00:00","2026-09-03 19:29:26"
Nederland,Solar,Hour,2218843,2218841,0,0,"2025-11-18 09:00:00","2025-11-18 10:00:00","2026-09-03 19:29:26"
Nederland,Solar,Hour,3144332,3144329,0,0,"2025-11-18 10:00:00","2025-11-18 11:00:00","2026-09-03 19:29:26"
Nederland,Solar,Hour,3224920,3224919,0,0,"2025-11-18 11:00:00","2025-11-18 12:00:00","2026-09-03 19:29:26"
Nederland,Solar,Hour,3220231,3220230,0,0,"2025-11-18 12:00:00","2025-11-18 13:00:00","2026-09-03 19:29:26"
Nederland,Solar,Hour,1945466,1945463,0,0,"2025-11-18 13:00:00","2025-11-18 14:00:00","2026-09-03 19:29:26"
Nederland,Solar,Hour,653358,653356,0,0,"2025-11-18 14:00:00","2025-11-18 15:00:00","2026-09-03 19:29:26"
Nederland,Solar,Hour,68042,68040,0,0,"2025-11-18 15:00:00","2025-11-18 16:00:00","2026-09-03 19:29:26"
Nederland,Solar,Hour,0,0,0,0,"2025-11-18 16:00:00","2025-11-18 17:00:00","2026-09-03 19:29:26"
Nederland,Solar,Hour,0,0,0,0,"2025-11-18 17:00:00","2025-11-18 18:00:00","2026-09-03 19:29:26"
Nederland,Solar,Hour,0,0,0,0,"2025-11-18 18:00:00","2025-11-18 19:00:00","2026-09-03 19:29:26"
Nederland,Solar,Hour,0,0,0,0,"2025-11-18 19:00:00","2025-11-18 20:00:00","2026-09-03 19:29:26"
Nederland,Solar,Hour,0,0,0,0,"2025-11-18 20:00:00","2025-11-18 21:00:00","2026-09-03 19:29:26"
Nederland,Solar,Hour,0,0,0,0,"2025-11-18 21:00:00","2025-11-18 22:00:00","2026-09-03 19:29:26"
Nederland,Solar,Hour,0,0,0,0,"2025-11-18 22:00:00","2025-11-18 23:00:00","2026-09-03 19:29:26"
Nederland,Solar,Hour,0,0,0,0,"2025-11-18 23:00:00","2025-11-19 00:00:00","2026-09-03 19:29:26"
Nederland,Solar,Hour,0,0,0,0,"2025-11-19 00:00:00","2025-11-19 01:00:00","2026-09-03 19:29:26"
Nederland,Solar,Hour,0,0,0,0,"2025-11-19 01:00:00","2025-11-19 02:00:00","2026-09-03 19:29:26"
Nederland,Solar,Hour,0,0,0,0,"2025-11-19 02:00:00","2025-11-19 03:00:00","2026-09-03 19:29:26"
Nederland,Solar,Hour,0,0,0,0,"2025-11-19 03:00:00","2025-11-19 04:00:00","2026-09-03 19:29:26"
Nederland,Solar,Hour,0,0,0,0,"2025-11-19 04:00:00","2025-11-19 05:00:00","2026-09-03 19:29:26"
Nederland,Solar,Hour,0,0,0,0,"2025-11-19 05:00:00","2025-11-19 06:00:00","2026-09-03 19:29:26"
Nederland,Solar,Hour,0,0,0,0,"2025-11-19 06:00:00","2025-11-19 07:00:00","2026-09-03 19:29:26"
Nederland,Solar,Hour,26338,26337,0,0,"2025-11-19 07:00:00","2025-11-19 08:00:00","2026-09-03 19:29:26"
Nederland,Solar,Hour,324287,324285,0,0,"2025-11-19 08:00:00","2025-11-19 09:00:00","2026-09-03 19:29:26"
Nederland,Solar,Hour,659467,659464,0,0,"2025-11-19 09:00:00","2025-11-19 10:00:00","2026-09-03 19:29:26"
Nederland,Solar,Hour,866386,866385,0,0,"2025-11-19 10:00:00","2025-11-19 11:00:00","2026-09-03 19:29:26"
Nederland,Solar,Hour,1136907,1136906,0,0,"2025-11-19 11:00:00","2025-11-19 12:00:00","2026-09-03 19:29:26"
Nederland,Solar,Hour,1146693,1146691,0,0,"2025-11-19 12:00:00","2025-11-19 13:00:00","2026-09-03 19:29:26"
Nederland,Solar,Hour,723182,723180,0,0,"2025-11-19 13:00:00","2025-11-19 14:00:00","2026-09-03 19:29:26"
Nederland,Solar,Hour,395677,395675,0,0,"2025-11-19 14:00:00","2025-11-19 15:00:00","2026-09-03 19:29:26"
Nederland,Solar,Hour,30419,30418,0,0,"2025-11-19 15:00:00","2025-11-19 16:00:00","2026-09-03 19:29:26"
Nederland,Solar,Hour,0,0,0,0,"2025-11-19 16:00:00","2025-11-19 17:00:00","2026-09-03 19:29:26"
Nederland,Solar,Hour,0,0,0,0,"2025-11-19 17:00:00","2025-11-19 18:00:00","2026-09-03 19:29:26"
Nederland,Solar,Hour,0,0,0,0,"2025-11-19 18:00:00","2025-11-19 19:00:00","2026-09-03 19:29:26"
Nederland,Solar,Hour,0,0,0,0,"2025-11-19 19:00:00","2025-11-19 20:00:00","2026-09-03 19:29:26"
Nederland,Solar,Hour,0,0,0,0,"2025-11-19 20:00:00","2025-11-19 21:00:00","2026-09-03 19:29:26"
Nederland,Solar,Hour,0,0,0,0,"2025-11-19 21:00:00","2025-11-19 22:00:00","2026-09-03 19:29:26"
Nederland,Solar,Hour,0,0,0,0,"2025-11-19 22:00:00","2025-11-19 23:00:00","2026-09-03 19:29:26"
Nederland,Solar,Hour,0,0,0,0,"2025-11-19 23:00:00","2025-11-20 00:00:00","2026-09-03 19:29:26"
Nederland,Solar,Hour,0,0,0,0,"2025-11-20 00:00:00","2025-11-20 01:00:00","2026-09-03 19:29:26"
Nederland,Solar,Hour,0,0,0,0,"2025-11-20 01:00:00","2025-11-20 02:00:00","2026-09-03 19:29:26"
Nederland,Solar,Hour,0,0,0,0,"2025-11-20 02:00:00","2025-11-20 03:00:00","2026-09-03 19:29:26"
Nederland,Solar,Hour,0,0,0,0,"2025-11-20 03:00:00","2025-11-20 04:00:00","2026-09-03 19:29:26"
Nederland,Solar,Hour,0,0,0,0,"2025-11-20 04:00:00","2025-11-20 05:00:00","2026-09-03 19:29:26"
Nederland,Solar,Hour,0,0,0,0,"2025-11-20 05:00:00","2025-11-20 06:00:00","2026-09-03 19:29:26"
Nederland,Solar,Hour,0,0,0,0,"2025-11-20 06:00:00","2025-11-20 07:00:00","2026-09-03 19:29:26"
Nederland,Solar,Hour,205710,205709,0,0,"2025-11-20 07:00:00","2025-11-20 08:00:00","2026-09-03 19:29:26"
Nederland,Solar,Hour,2285284,2285281,0,0,"2025-11-20 08:00:00","2025-11-20 09:00:00","2026-09-03 19:29:26"
Nederland,Solar,Hour,2920916,2920915,0,0,"2025-11-20 09:00:00","2025-11-20 10:00:00","2026-09-03 19:29:26"
Nederland,Solar,Hour,4121941,4121940,0,0,"2025-11-20 10:00:00","2025-11-20 11:00:00","2026-09-03 19:29:26"
Nederland,Solar,Hour,3501432,3501431,0,0,"2025-11-20 11:00:00","2025-11-20 12:00:00","2026-09-03 19:29:26"
Nederland,Solar,Hour,3309160,3309158,0,0,"2025-11-20 12:00:00","2025-11-20 13:00:00","2026-09-03 19:29:26"
Nederland,Solar,Hour,2377766,2377764,0,0,"2025-11-20 13:00:00","2025-11-20 14:00:00","2026-09-03 19:29:26"
Nederland,Solar,Hour,906658,906656,0,0,"2025-11-20 14:00:00","2025-11-20 15:00:00","2026-09-03 19:29:26"
Nederland,Solar,Hour,143848,143845,0,0,"2025-11-20 15:00:00","2025-11-20 16:00:00","2026-09-03 19:29:26"
Nederland,Solar,Hour,0,0,0,0,"2025-11-20 16:00:00","2025-11-20 17:00:00","2026-09-03 19:29:26"
Nederland,Solar,Hour,0,0,0,0,"2025-11-20 17:00:00","2025-11-20 18:00:00","2026-09-03 19:29:26"
Nederland,Solar,Hour,0,0,0,0,"2025-11-20 18:00:00","2025-11-20 19:00:00","2026-09-03 19:29:26"
Nederland,Solar,Hour,0,0,0,0,"2025-11-20 19:00:00","2025-11-20 20:00:00","2026-09-03 19:29:26"
Nederland,Solar,Hour,0,0,0,0,"2025-11-20 20:00:00","2025-11-20 21:00:00","2026-09-03 19:29:26"
Nederland,Solar,Hour,0,0,0,0,"2025-11-20 21:00:00","2025-11-20 22:00:00","2026-09-03 19:29:26"
Nederland,Solar,Hour,0,0,0,0,"2025-11-20 22:00:00","2025-11-20 23:00:00","2026-09-03 19:29:26"
Nederland,Solar,Hour,0,0,0,0,"2025-11-20 23:00:00","2025-11-21 00:00:00","2026-09-03 19:29:26"
Nederland,Solar,Hour,0,0,0,0,"2025-11-21 00:00:00","2025-11-21 01:00:00","2026-09-03 19:27:50"
Nederland,Solar,Hour,0,0,0,0,"2025-11-21 01:00:00","2025-11-21 02:00:00","2026-09-03 19:27:50"
Nederland,Solar,Hour,0,0,0,0,"2025-11-21 02:00:00","2025-11-21 03:00:00","2026-09-03 19:27:50"
Nederland,Solar,Hour,0,0,0,0,"2025-11-21 03:00:00","2025-11-21 04:00:00","2026-09-03 19:27:50"
Nederland,Solar,Hour,0,0,0,0,"2025-11-21 04:00:00","2025-11-21 05:00:00","2026-09-03 19:27:50"
Nederland,Solar,Hour,0,0,0,0,"2025-11-21 05:00:00","2025-11-21 06:00:00","2026-09-03 19:27:50"
Nederland,Solar,Hour,0,0,0,0,"2025-11-21 06:00:00","2025-11-21 07:00:00","2026-09-03 19:27:50"
Nederland,Solar,Hour,203449,203448,0,0,"2025-11-21 07:00:00","2025-11-21 08:00:00","2026-09-03 19:27:50"
Nederland,Solar,Hour,4037914,4037912,0,0,"2025-11-21 08:00:00","2025-11-21 09:00:00","2026-09-03 19:27:50"
Nederland,Solar,Hour,7068052,7068050,0,0,"2025-11-21 09:00:00","2025-11-21 10:00:00","2026-09-03 19:27:50"
Nederland,Solar,Hour,6942991,6942989,0,0,"2025-11-21 10:00:00","2025-11-21 11:00:00","2026-09-03 19:27:50"
Nederland,Solar,Hour,7179119,7179117,0,0,"2025-11-21 11:00:00","2025-11-21 12:00:00","2026-09-03 19:27:50"
Nederland,Solar,Hour,6803856,6803855,0,0,"2025-11-21 12:00:00","2025-11-21 13:00:00","2026-09-03 19:27:50"
Nederland,Solar,Hour,5828338,5828338,0,0,"2025-11-21 13:00:00","2025-11-21 14:00:00","2026-09-03 19:27:50"
Nederland,Solar,Hour,4085503,4085500,0,0,"2025-11-21 14:00:00","2025-11-21 15:00:00","2026-09-03 19:27:50"
Nederland,Solar,Hour,520073,520070,0,0,"2025-11-21 15:00:00","2025-11-21 16:00:00","2026-09-03 19:27:50"
Nederland,Solar,Hour,0,0,0,0,"2025-11-21 16:00:00","2025-11-21 17:00:00","2026-09-03 19:27:50"
Nederland,Solar,Hour,0,0,0,0,"2025-11-21 17:00:00","2025-11-21 18:00:00","2026-09-03 19:27:50"
Nederland,Solar,Hour,0,0,0,0,"2025-11-21 18:00:00","2025-11-21 19:00:00","2026-09-03 19:27:50"
Nederland,Solar,Hour,0,0,0,0,"2025-11-21 19:00:00","2025-11-21 20:00:00","2026-09-03 19:27:50"
Nederland,Solar,Hour,0,0,0,0,"2025-11-21 20:00:00","2025-11-21 21:00:00","2026-09-03 19:27:50"
Nederland,Solar,Hour,0,0,0,0,"2025-11-21 21:00:00","2025-11-21 22:00:00","2026-09-03 19:27:50"
Nederland,Solar,Hour,0,0,0,0,"2025-11-21 22:00:00","2025-11-21 23:00:00","2026-09-03 19:27:50"
Nederland,Solar,Hour,0,0,0,0,"2025-11-21 23:00:00","2025-11-22 00:00:00","2026-09-03 19:27:50"
Nederland,Solar,Hour,0,0,0,0,"2025-11-22 00:00:00","2025-11-22 01:00:00","2026-09-03 19:27:50"
Nederland,Solar,Hour,0,0,0,0,"2025-11-22 01:00:00","2025-11-22 02:00:00","2026-09-03 19:27:50"
Nederland,Solar,Hour,0,0,0,0,"2025-11-22 02:00:00","2025-11-22 03:00:00","2026-09-03 19:27:50"
Nederland,Solar,Hour,0,0,0,0,"2025-11-22 03:00:00","2025-11-22 04:00:00","2026-09-03 19:27:50"
Nederland,Solar,Hour,0,0,0,0,"2025-11-22 04:00:00","2025-11-22 05:00:00","2026-09-03 19:27:50"
Nederland,Solar,Hour,0,0,0,0,"2025-11-22 05:00:00","2025-11-22 06:00:00","2026-09-03 19:27:50"
Nederland,Solar,Hour,0,0,0,0,"2025-11-22 06:00:00","2025-11-22 07:00:00","2026-09-03 19:27:50"
Nederland,Solar,Hour,246089,246088,0,0,"2025-11-22 07:00:00","2025-11-22 08:00:00","2026-09-03 19:27:50"
Nederland,Solar,Hour,2527813,2527810,0,0,"2025-11-22 08:00:00","2025-11-22 09:00:00","2026-09-03 19:27:50"
Nederland,Solar,Hour,3532547,3532545,0,0,"2025-11-22 09:00:00","2025-11-22 10:00:00","2026-09-03 19:27:50"
Nederland,Solar,Hour,4691531,4691530,0,0,"2025-11-22 10:00:00","2025-11-22 11:00:00","2026-09-03 19:27:50"
Nederland,Solar,Hour,5044808,5044807,0,0,"2025-11-22 11:00:00","2025-11-22 12:00:00","2026-09-03 19:27:50"
Nederland,Solar,Hour,5601668,5601666,0,0,"2025-11-22 12:00:00","2025-11-22 13:00:00","2026-09-03 19:27:50"
Nederland,Solar,Hour,5043267,5043265,0,0,"2025-11-22 13:00:00","2025-11-22 14:00:00","2026-09-03 19:27:50"
Nederland,Solar,Hour,3861681,3861679,0,0,"2025-11-22 14:00:00","2025-11-22 15:00:00","2026-09-03 19:27:50"
Nederland,Solar,Hour,589999,589997,0,0,"2025-11-22 15:00:00","2025-11-22 16:00:00","2026-09-03 19:27:50"
Nederland,Solar,Hour,0,0,0,0,"2025-11-22 16:00:00","2025-11-22 17:00:00","2026-09-03 19:27:50"
Nederland,Solar,Hour,0,0,0,0,"2025-11-22 17:00:00","2025-11-22 18:00:00","2026-09-03 19:27:50"
Nederland,Solar,Hour,0,0,0,0,"2025-11-22 18:00:00","2025-11-22 19:00:00","2026-09-03 19:27:50"
Nederland,Solar,Hour,0,0,0,0,"2025-11-22 19:00:00","2025-11-22 20:00:00","2026-09-03 19:27:50"
Nederland,Solar,Hour,0,0,0,0,"2025-11-22 20:00:00","2025-11-22 21:00:00","2026-09-03 19:27:50"
Nederland,Solar,Hour,0,0,0,0,"2025-11-22 21:00:00","2025-11-22 22:00:00","2026-09-03 19:27:50"
Nederland,Solar,Hour,0,0,0,0,"2025-11-22 22:00:00","2025-11-22 23:00:00","2026-09-03 19:27:50"
Nederland,Solar,Hour,0,0,0,0,"2025-11-22 23:00:00","2025-11-23 00:00:00","2026-09-03 19:27:50"
Nederland,Solar,Hour,0,0,0,0,"2025-11-23 00:00:00","2025-11-23 01:00:00","2026-09-03 19:27:50"
Nederland,Solar,Hour,0,0,0,0,"2025-11-23 01:00:00","2025-11-23 02:00:00","2026-09-03 19:27:50"
Nederland,Solar,Hour,0,0,0,0,"2025-11-23 02:00:00","2025-11-23 03:00:00","2026-09-03 19:27:50"
Nederland,Solar,Hour,0,0,0,0,"2025-11-23 03:00:00","2025-11-23 04:00:00","2026-09-03 19:27:50"
Nederland,Solar,Hour,0,0,0,0,"2025-11-23 04:00:00","2025-11-23 05:00:00","2026-09-03 19:27:50"
Nederland,Solar,Hour,0,0,0,0,"2025-11-23 05:00:00","2025-11-23 06:00:00","2026-09-03 19:27:50"
Nederland,Solar,Hour,0,0,0,0,"2025-11-23 06:00:00","2025-11-23 07:00:00","2026-09-03 19:27:50"
Nederland,Solar,Hour,5018,5018,0,0,"2025-11-23 07:00:00","2025-11-23 08:00:00","2026-09-03 19:27:50"
Nederland,Solar,Hour,372139,372137,0,0,"2025-11-23 08:00:00","2025-11-23 09:00:00","2026-09-03 19:27:50"
Nederland,Solar,Hour,1331119,1331118,0,0,"2025-11-23 09:00:00","2025-11-23 10:00:00","2026-09-03 19:27:50"
Nederland,Solar,Hour,2449447,2449445,0,0,"2025-11-23 10:00:00","2025-11-23 11:00:00","2026-09-03 19:27:50"
Nederland,Solar,Hour,2410036,2410034,0,0,"2025-11-23 11:00:00","2025-11-23 12:00:00","2026-09-03 19:27:50"
Nederland,Solar,Hour,1541988,1541986,0,0,"2025-11-23 12:00:00","2025-11-23 13:00:00","2026-09-03 19:27:50"
Nederland,Solar,Hour,743345,743343,0,0,"2025-11-23 13:00:00","2025-11-23 14:00:00","2026-09-03 19:27:50"
Nederland,Solar,Hour,280109,280106,0,0,"2025-11-23 14:00:00","2025-11-23 15:00:00","2026-09-03 19:27:50"
Nederland,Solar,Hour,25247,25247,0,0,"2025-11-23 15:00:00","2025-11-23 16:00:00","2026-09-03 19:27:50"
Nederland,Solar,Hour,0,0,0,0,"2025-11-23 16:00:00","2025-11-23 17:00:00","2026-09-03 19:27:50"
Nederland,Solar,Hour,0,0,0,0,"2025-11-23 17:00:00","2025-11-23 18:00:00","2026-09-03 19:27:50"
Nederland,Solar,Hour,0,0,0,0,"2025-11-23 18:00:00","2025-11-23 19:00:00","2026-09-03 19:27:50"
Nederland,Solar,Hour,0,0,0,0,"2025-11-23 19:00:00","2025-11-23 20:00:00","2026-09-03 19:27:50"
Nederland,Solar,Hour,0,0,0,0,"2025-11-23 20:00:00","2025-11-23 21:00:00","2026-09-03 19:27:50"
Nederland,Solar,Hour,0,0,0,0,"2025-11-23 21:00:00","2025-11-23 22:00:00","2026-09-03 19:27:50"
Nederland,Solar,Hour,0,0,0,0,"2025-11-23 22:00:00","2025-11-23 23:00:00","2026-09-03 19:27:50"
Nederland,Solar,Hour,0,0,0,0,"2025-11-23 23:00:00","2025-11-24 00:00:00","2026-09-03 19:27:50"
Nederland,Solar,Hour,0,0,0,0,"2025-11-24 00:00:00","2025-11-24 01:00:00","2026-09-03 19:27:50"
Nederland,Solar,Hour,0,0,0,0,"2025-11-24 01:00:00","2025-11-24 02:00:00","2026-09-03 19:27:50"
Nederland,Solar,Hour,0,0,0,0,"2025-11-24 02:00:00","2025-11-24 03:00:00","2026-09-03 19:27:50"
Nederland,Solar,Hour,0,0,0,0,"2025-11-24 03:00:00","2025-11-24 04:00:00","2026-09-03 19:27:50"
Nederland,Solar,Hour,0,0,0,0,"2025-11-24 04:00:00","2025-11-24 05:00:00","2026-09-03 19:27:50"
Nederland,Solar,Hour,0,0,0,0,"2025-11-24 05:00:00","2025-11-24 06:00:00","2026-09-03 19:27:50"
Nederland,Solar,Hour,0,0,0,0,"2025-11-24 06:00:00","2025-11-24 07:00:00","2026-09-03 19:27:50"
Nederland,Solar,Hour,13593,13592,0,0,"2025-11-24 07:00:00","2025-11-24 08:00:00","2026-09-03 19:27:50"
Nederland,Solar,Hour,682476,682474,0,0,"2025-11-24 08:00:00","2025-11-24 09:00:00","2026-09-03 19:27:50"
Nederland,Solar,Hour,1855477,1855476,0,0,"2025-11-24 09:00:00","2025-11-24 10:00:00","2026-09-03 19:27:50"
Nederland,Solar,Hour,3699057,3699055,0,0,"2025-11-24 10:00:00","2025-11-24 11:00:00","2026-09-03 19:27:50"
Nederland,Solar,Hour,3620056,3620055,0,0,"2025-11-24 11:00:00","2025-11-24 12:00:00","2026-09-03 19:27:50"
Nederland,Solar,Hour,3370212,3370210,0,0,"2025-11-24 12:00:00","2025-11-24 13:00:00","2026-09-03 19:27:50"
Nederland,Solar,Hour,2324263,2324262,0,0,"2025-11-24 13:00:00","2025-11-24 14:00:00","2026-09-03 19:27:50"
Nederland,Solar,Hour,980767,980765,0,0,"2025-11-24 14:00:00","2025-11-24 15:00:00","2026-09-03 19:27:50"
Nederland,Solar,Hour,116855,116853,0,0,"2025-11-24 15:00:00","2025-11-24 16:00:00","2026-09-03 19:27:50"
Nederland,Solar,Hour,0,0,0,0,"2025-11-24 16:00:00","2025-11-24 17:00:00","2026-09-03 19:27:50"
Nederland,Solar,Hour,0,0,0,0,"2025-11-24 17:00:00","2025-11-24 18:00:00","2026-09-03 19:27:50"
Nederland,Solar,Hour,0,0,0,0,"2025-11-24 18:00:00","2025-11-24 19:00:00","2026-09-03 19:27:50"
Nederland,Solar,Hour,0,0,0,0,"2025-11-24 19:00:00","2025-11-24 20:00:00","2026-09-03 19:27:50"
Nederland,Solar,Hour,0,0,0,0,"2025-11-24 20:00:00","2025-11-24 21:00:00","2026-09-03 19:27:50"
Nederland,Solar,Hour,0,0,0,0,"2025-11-24 21:00:00","2025-11-24 22:00:00","2026-09-03 19:27:50"
Nederland,Solar,Hour,0,0,0,0,"2025-11-24 22:00:00","2025-11-24 23:00:00","2026-09-03 19:27:50"
Nederland,Solar,Hour,0,0,0,0,"2025-11-24 23:00:00","2025-11-25 00:00:00","2026-09-03 19:27:50"
Nederland,Solar,Hour,0,0,0,0,"2025-11-25 00:00:00","2025-11-25 01:00:00","2026-09-03 19:27:50"
Nederland,Solar,Hour,0,0,0,0,"2025-11-25 01:00:00","2025-11-25 02:00:00","2026-09-03 19:27:50"
Nederland,Solar,Hour,0,0,0,0,"2025-11-25 02:00:00","2025-11-25 03:00:00","2026-09-03 19:27:50"
Nederland,Solar,Hour,0,0,0,0,"2025-11-25 03:00:00","2025-11-25 04:00:00","2026-09-03 19:27:50"
Nederland,Solar,Hour,0,0,0,0,"2025-11-25 04:00:00","2025-11-25 05:00:00","2026-09-03 19:27:50"
Nederland,Solar,Hour,0,0,0,0,"2025-11-25 05:00:00","2025-11-25 06:00:00","2026-09-03 19:27:50"
Nederland,Solar,Hour,0,0,0,0,"2025-11-25 06:00:00","2025-11-25 07:00:00","2026-09-03 19:27:50"
Nederland,Solar,Hour,7416,7415,0,0,"2025-11-25 07:00:00","2025-11-25 08:00:00","2026-09-03 19:27:50"
Nederland,Solar,Hour,484410,484408,0,0,"2025-11-25 08:00:00","2025-11-25 09:00:00","2026-09-03 19:27:50"
Nederland,Solar,Hour,1234301,1234300,0,0,"2025-11-25 09:00:00","2025-11-25 10:00:00","2026-09-03 19:27:50"
Nederland,Solar,Hour,2144006,2144003,0,0,"2025-11-25 10:00:00","2025-11-25 11:00:00","2026-09-03 19:27:50"
Nederland,Solar,Hour,2580727,2580724,0,0,"2025-11-25 11:00:00","2025-11-25 12:00:00","2026-09-03 19:27:50"
Nederland,Solar,Hour,3100730,3100727,0,0,"2025-11-25 12:00:00","2025-11-25 13:00:00","2026-09-03 19:27:50"
Nederland,Solar,Hour,2124363,2124360,0,0,"2025-11-25 13:00:00","2025-11-25 14:00:00","2026-09-03 19:27:50"
Nederland,Solar,Hour,1027021,1027020,0,0,"2025-11-25 14:00:00","2025-11-25 15:00:00","2026-09-03 19:27:50"
Nederland,Solar,Hour,136929,136928,0,0,"2025-11-25 15:00:00","2025-11-25 16:00:00","2026-09-03 19:27:50"
Nederland,Solar,Hour,0,0,0,0,"2025-11-25 16:00:00","2025-11-25 17:00:00","2026-09-03 19:27:50"
Nederland,Solar,Hour,0,0,0,0,"2025-11-25 17:00:00","2025-11-25 18:00:00","2026-09-03 19:27:50"
Nederland,Solar,Hour,0,0,0,0,"2025-11-25 18:00:00","2025-11-25 19:00:00","2026-09-03 19:27:50"
Nederland,Solar,Hour,0,0,0,0,"2025-11-25 19:00:00","2025-11-25 20:00:00","2026-09-03 19:27:50"
Nederland,Solar,Hour,0,0,0,0,"2025-11-25 20:00:00","2025-11-25 21:00:00","2026-09-03 19:27:50"
Nederland,Solar,Hour,0,0,0,0,"2025-11-25 21:00:00","2025-11-25 22:00:00","2026-09-03 19:27:50"
Nederland,Solar,Hour,0,0,0,0,"2025-11-25 22:00:00","2025-11-25 23:00:00","2026-09-03 19:27:50"
Nederland,Solar,Hour,0,0,0,0,"2025-11-25 23:00:00","2025-11-26 00:00:00","2026-09-03 19:27:50"
Nederland,Solar,Hour,0,0,0,0,"2025-11-26 00:00:00","2025-11-26 01:00:00","2026-06-02 10:52:29"
Nederland,Solar,Hour,0,0,0,0,"2025-11-26 01:00:00","2025-11-26 02:00:00","2026-06-02 10:52:29"
Nederland,Solar,Hour,0,0,0,0,"2025-11-26 02:00:00","2025-11-26 03:00:00","2026-06-02 10:52:29"
Nederland,Solar,Hour,0,0,0,0,"2025-11-26 03:00:00","2025-11-26 04:00:00","2026-06-02 10:52:29"
Nederland,Solar,Hour,0,0,0,0,"2025-11-26 04:00:00","2025-11-26 05:00:00","2026-06-02 10:52:29"
Nederland,Solar,Hour,0,0,0,0,"2025-11-26 05:00:00","2025-11-26 06:00:00","2026-06-02 10:52:29"
Nederland,Solar,Hour,0,0,0,0,"2025-11-26 06:00:00","2025-11-26 07:00:00","2026-06-02 10:52:29"
Nederland,Solar,Hour,9450,9449,0,0,"2025-11-26 07:00:00","2025-11-26 08:00:00","2026-06-02 10:52:29"
Nederland,Solar,Hour,987725,987729,0,0,"2025-11-26 08:00:00","2025-11-26 09:00:00","2026-06-02 10:52:29"
Nederland,Solar,Hour,2972584,2972587,0,0,"2025-11-26 09:00:00","2025-11-26 10:00:00","2026-06-02 10:52:29"
Nederland,Solar,Hour,4127310,4127312,0,0,"2025-11-26 10:00:00","2025-11-26 11:00:00","2026-06-02 10:52:29"
Nederland,Solar,Hour,5050828,5050834,0,0,"2025-11-26 11:00:00","2025-11-26 12:00:00","2026-06-02 10:52:29"
Nederland,Solar,Hour,5433939,5433939,0,0,"2025-11-26 12:00:00","2025-11-26 13:00:00","2026-06-02 10:52:29"
Nederland,Solar,Hour,4761232,4761231,0,0,"2025-11-26 13:00:00","2025-11-26 14:00:00","2026-06-02 10:52:29"
Nederland,Solar,Hour,2692714,2692715,0,0,"2025-11-26 14:00:00","2025-11-26 15:00:00","2026-06-02 10:52:29"
Nederland,Solar,Hour,292259,292260,0,0,"2025-11-26 15:00:00","2025-11-26 16:00:00","2026-06-02 10:52:29"
Nederland,Solar,Hour,0,0,0,0,"2025-11-26 16:00:00","2025-11-26 17:00:00","2026-06-02 10:52:29"
Nederland,Solar,Hour,0,0,0,0,"2025-11-26 17:00:00","2025-11-26 18:00:00","2026-06-02 10:52:29"
Nederland,Solar,Hour,0,0,0,0,"2025-11-26 18:00:00","2025-11-26 19:00:00","2026-06-02 10:52:29"
Nederland,Solar,Hour,0,0,0,0,"2025-11-26 19:00:00","2025-11-26 20:00:00","2026-06-02 10:52:29"
Nederland,Solar,Hour,0,0,0,0,"2025-11-26 20:00:00","2025-11-26 21:00:00","2026-06-02 10:52:29"
Nederland,Solar,Hour,0,0,0,0,"2025-11-26 21:00:00","2025-11-26 22:00:00","2026-06-02 10:52:29"
Nederland,Solar,Hour,0,0,0,0,"2025-11-26 22:00:00","2025-11-26 23:00:00","2026-06-02 10:52:29"
Nederland,Solar,Hour,0,0,0,0,"2025-11-26 23:00:00","2025-11-27 00:00:00","2026-06-02 10:52:29"
Nederland,Solar,Hour,0,0,0,0,"2025-11-27 00:00:00","2025-11-27 01:00:00","2026-06-02 10:52:29"
Nederland,Solar,Hour,0,0,0,0,"2025-11-27 01:00:00","2025-11-27 02:00:00","2026-06-02 10:52:29"
Nederland,Solar,Hour,0,0,0,0,"2025-11-27 02:00:00","2025-11-27 03:00:00","2026-06-02 10:52:29"
Nederland,Solar,Hour,0,0,0,0,"2025-11-27 03:00:00","2025-11-27 04:00:00","2026-06-02 10:52:29"
Nederland,Solar,Hour,0,0,0,0,"2025-11-27 04:00:00","2025-11-27 05:00:00","2026-06-02 10:52:29"
Nederland,Solar,Hour,0,0,0,0,"2025-11-27 05:00:00","2025-11-27 06:00:00","2026-06-02 10:52:29"
Nederland,Solar,Hour,0,0,0,0,"2025-11-27 06:00:00","2025-11-27 07:00:00","2026-06-02 10:52:29"
Nederland,Solar,Hour,8542,8544,0,0,"2025-11-27 07:00:00","2025-11-27 08:00:00","2026-06-02 10:52:29"
Nederland,Solar,Hour,294221,294223,0,0,"2025-11-27 08:00:00","2025-11-27 09:00:00","2026-06-02 10:52:29"
Nederland,Solar,Hour,668429,668427,0,0,"2025-11-27 09:00:00","2025-11-27 10:00:00","2026-06-02 10:52:29"
Nederland,Solar,Hour,757633,757636,0,0,"2025-11-27 10:00:00","2025-11-27 11:00:00","2026-06-02 10:52:29"
Nederland,Solar,Hour,814395,814396,0,0,"2025-11-27 11:00:00","2025-11-27 12:00:00","2026-06-02 10:52:29"
Nederland,Solar,Hour,781432,781435,0,0,"2025-11-27 12:00:00","2025-11-27 13:00:00","2026-06-02 10:52:29"
Nederland,Solar,Hour,614316,614316,0,0,"2025-11-27 13:00:00","2025-11-27 14:00:00","2026-06-02 10:52:29"
Nederland,Solar,Hour,325373,325375,0,0,"2025-11-27 14:00:00","2025-11-27 15:00:00","2026-06-02 10:52:29"
Nederland,Solar,Hour,24428,24428,0,0,"2025-11-27 15:00:00","2025-11-27 16:00:00","2026-06-02 10:52:29"
Nederland,Solar,Hour,0,0,0,0,"2025-11-27 16:00:00","2025-11-27 17:00:00","2026-06-02 10:52:29"
Nederland,Solar,Hour,0,0,0,0,"2025-11-27 17:00:00","2025-11-27 18:00:00","2026-06-02 10:52:29"
Nederland,Solar,Hour,0,0,0,0,"2025-11-27 18:00:00","2025-11-27 19:00:00","2026-06-02 10:52:29"
Nederland,Solar,Hour,0,0,0,0,"2025-11-27 19:00:00","2025-11-27 20:00:00","2026-06-02 10:52:29"
Nederland,Solar,Hour,0,0,0,0,"2025-11-27 20:00:00","2025-11-27 21:00:00","2026-06-02 10:52:29"
Nederland,Solar,Hour,0,0,0,0,"2025-11-27 21:00:00","2025-11-27 22:00:00","2026-06-02 10:52:29"
Nederland,Solar,Hour,0,0,0,0,"2025-11-27 22:00:00","2025-11-27 23:00:00","2026-06-02 10:52:29"
Nederland,Solar,Hour,0,0,0,0,"2025-11-27 23:00:00","2025-11-28 00:00:00","2026-06-02 10:52:29"
Nederland,Solar,Hour,0,0,0,0,"2025-11-28 00:00:00","2025-11-28 01:00:00","2026-06-02 10:52:29"
Nederland,Solar,Hour,0,0,0,0,"2025-11-28 01:00:00","2025-11-28 02:00:00","2026-06-02 10:52:29"
Nederland,Solar,Hour,0,0,0,0,"2025-11-28 02:00:00","2025-11-28 03:00:00","2026-06-02 10:52:29"
Nederland,Solar,Hour,0,0,0,0,"2025-11-28 03:00:00","2025-11-28 04:00:00","2026-06-02 10:52:29"
Nederland,Solar,Hour,0,0,0,0,"2025-11-28 04:00:00","2025-11-28 05:00:00","2026-06-02 10:52:29"
Nederland,Solar,Hour,0,0,0,0,"2025-11-28 05:00:00","2025-11-28 06:00:00","2026-06-02 10:52:29"
Nederland,Solar,Hour,0,0,0,0,"2025-11-28 06:00:00","2025-11-28 07:00:00","2026-06-02 10:52:29"
Nederland,Solar,Hour,0,0,0,0,"2025-11-28 07:00:00","2025-11-28 08:00:00","2026-06-02 10:52:29"
Nederland,Solar,Hour,241070,241070,0,0,"2025-11-28 08:00:00","2025-11-28 09:00:00","2026-06-02 10:52:29"
Nederland,Solar,Hour,909273,909272,0,0,"2025-11-28 09:00:00","2025-11-28 10:00:00","2026-06-02 10:52:29"
Nederland,Solar,Hour,1427842,1427846,0,0,"2025-11-28 10:00:00","2025-11-28 11:00:00","2026-06-02 10:52:29"
Nederland,Solar,Hour,1844321,1844319,0,0,"2025-11-28 11:00:00","2025-11-28 12:00:00","2026-06-02 10:52:29"
Nederland,Solar,Hour,1902947,1902943,0,0,"2025-11-28 12:00:00","2025-11-28 13:00:00","2026-06-02 10:52:29"
Nederland,Solar,Hour,1738157,1738159,0,0,"2025-11-28 13:00:00","2025-11-28 14:00:00","2026-06-02 10:52:29"
Nederland,Solar,Hour,837798,837798,0,0,"2025-11-28 14:00:00","2025-11-28 15:00:00","2026-06-02 10:52:29"
Nederland,Solar,Hour,103611,103612,0,0,"2025-11-28 15:00:00","2025-11-28 16:00:00","2026-06-02 10:52:29"
Nederland,Solar,Hour,0,0,0,0,"2025-11-28 16:00:00","2025-11-28 17:00:00","2026-06-02 10:52:29"
Nederland,Solar,Hour,0,0,0,0,"2025-11-28 17:00:00","2025-11-28 18:00:00","2026-06-02 10:52:29"
Nederland,Solar,Hour,0,0,0,0,"2025-11-28 18:00:00","2025-11-28 19:00:00","2026-06-02 10:52:29"
Nederland,Solar,Hour,0,0,0,0,"2025-11-28 19:00:00","2025-11-28 20:00:00","2026-06-02 10:52:29"
Nederland,Solar,Hour,0,0,0,0,"2025-11-28 20:00:00","2025-11-28 21:00:00","2026-06-02 10:52:29"
Nederland,Solar,Hour,0,0,0,0,"2025-11-28 21:00:00","2025-11-28 22:00:00","2026-06-02 10:52:29"
Nederland,Solar,Hour,0,0,0,0,"2025-11-28 22:00:00","2025-11-28 23:00:00","2026-06-02 10:52:29"
Nederland,Solar,Hour,0,0,0,0,"2025-11-28 23:00:00","2025-11-29 00:00:00","2026-06-02 10:52:29"
Nederland,Solar,Hour,0,0,0,0,"2025-11-29 00:00:00","2025-11-29 01:00:00","2026-06-02 10:52:29"
Nederland,Solar,Hour,0,0,0,0,"2025-11-29 01:00:00","2025-11-29 02:00:00","2026-06-02 10:52:29"
Nederland,Solar,Hour,0,0,0,0,"2025-11-29 02:00:00","2025-11-29 03:00:00","2026-06-02 10:52:29"
Nederland,Solar,Hour,0,0,0,0,"2025-11-29 03:00:00","2025-11-29 04:00:00","2026-06-02 10:52:29"
Nederland,Solar,Hour,0,0,0,0,"2025-11-29 04:00:00","2025-11-29 05:00:00","2026-06-02 10:52:29"
Nederland,Solar,Hour,0,0,0,0,"2025-11-29 05:00:00","2025-11-29 06:00:00","2026-06-02 10:52:29"
Nederland,Solar,Hour,0,0,0,0,"2025-11-29 06:00:00","2025-11-29 07:00:00","2026-06-02 10:52:29"
Nederland,Solar,Hour,3043,3044,0,0,"2025-11-29 07:00:00","2025-11-29 08:00:00","2026-06-02 10:52:29"
Nederland,Solar,Hour,509417,509420,0,0,"2025-11-29 08:00:00","2025-11-29 09:00:00","2026-06-02 10:52:29"
Nederland,Solar,Hour,1524505,1524511,0,0,"2025-11-29 09:00:00","2025-11-29 10:00:00","2026-06-02 10:52:29"
Nederland,Solar,Hour,2334300,2334301,0,0,"2025-11-29 10:00:00","2025-11-29 11:00:00","2026-06-02 10:52:29"
Nederland,Solar,Hour,2978915,2978918,0,0,"2025-11-29 11:00:00","2025-11-29 12:00:00","2026-06-02 10:52:29"
Nederland,Solar,Hour,2584513,2584516,0,0,"2025-11-29 12:00:00","2025-11-29 13:00:00","2026-06-02 10:52:29"
Nederland,Solar,Hour,2401206,2401201,0,0,"2025-11-29 13:00:00","2025-11-29 14:00:00","2026-06-02 10:52:29"
Nederland,Solar,Hour,1179326,1179327,0,0,"2025-11-29 14:00:00","2025-11-29 15:00:00","2026-06-02 10:52:29"
Nederland,Solar,Hour,108330,108329,0,0,"2025-11-29 15:00:00","2025-11-29 16:00:00","2026-06-02 10:52:29"
Nederland,Solar,Hour,0,0,0,0,"2025-11-29 16:00:00","2025-11-29 17:00:00","2026-06-02 10:52:29"
Nederland,Solar,Hour,0,0,0,0,"2025-11-29 17:00:00","2025-11-29 18:00:00","2026-06-02 10:52:29"
Nederland,Solar,Hour,0,0,0,0,"2025-11-29 18:00:00","2025-11-29 19:00:00","2026-06-02 10:52:29"
Nederland,Solar,Hour,0,0,0,0,"2025-11-29 19:00:00","2025-11-29 20:00:00","2026-06-02 10:52:29"
Nederland,Solar,Hour,0,0,0,0,"2025-11-29 20:00:00","2025-11-29 21:00:00","2026-06-02 10:52:29"
Nederland,Solar,Hour,0,0,0,0,"2025-11-29 21:00:00","2025-11-29 22:00:00","2026-06-02 10:52:29"
Nederland,Solar,Hour,0,0,0,0,"2025-11-29 22:00:00","2025-11-29 23:00:00","2026-06-02 10:52:29"
Nederland,Solar,Hour,0,0,0,0,"2025-11-29 23:00:00","2025-11-30 00:00:00","2026-06-02 10:52:29"
Nederland,Solar,Hour,0,0,0,0,"2025-11-30 00:00:00","2025-11-30 01:00:00","2026-06-02 10:52:29"
Nederland,Solar,Hour,0,0,0,0,"2025-11-30 01:00:00","2025-11-30 02:00:00","2026-06-02 10:52:29"
Nederland,Solar,Hour,0,0,0,0,"2025-11-30 02:00:00","2025-11-30 03:00:00","2026-06-02 10:52:29"
Nederland,Solar,Hour,0,0,0,0,"2025-11-30 03:00:00","2025-11-30 04:00:00","2026-06-02 10:52:29"
Nederland,Solar,Hour,0,0,0,0,"2025-11-30 04:00:00","2025-11-30 05:00:00","2026-06-02 10:52:29"
Nederland,Solar,Hour,0,0,0,0,"2025-11-30 05:00:00","2025-11-30 06:00:00","2026-06-02 10:52:29"
Nederland,Solar,Hour,0,0,0,0,"2025-11-30 06:00:00","2025-11-30 07:00:00","2026-06-02 10:52:29"
Nederland,Solar,Hour,1576,1577,0,0,"2025-11-30 07:00:00","2025-11-30 08:00:00","2026-06-02 10:52:29"
Nederland,Solar,Hour,482730,482731,0,0,"2025-11-30 08:00:00","2025-11-30 09:00:00","2026-06-02 10:52:29"
Nederland,Solar,Hour,2756768,2756770,0,0,"2025-11-30 09:00:00","2025-11-30 10:00:00","2026-06-02 10:52:29"
Nederland,Solar,Hour,5917903,5917902,0,0,"2025-11-30 10:00:00","2025-11-30 11:00:00","2026-06-02 10:52:29"
Nederland,Solar,Hour,4818215,4818219,0,0,"2025-11-30 11:00:00","2025-11-30 12:00:00","2026-06-02 10:52:29"
Nederland,Solar,Hour,3775382,3775386,0,0,"2025-11-30 12:00:00","2025-11-30 13:00:00","2026-06-02 10:52:29"
Nederland,Solar,Hour,2671881,2671881,0,0,"2025-11-30 13:00:00","2025-11-30 14:00:00","2026-06-02 10:52:29"
Nederland,Solar,Hour,1327422,1327424,0,0,"2025-11-30 14:00:00","2025-11-30 15:00:00","2026-06-02 10:52:29"
Nederland,Solar,Hour,92153,92155,0,0,"2025-11-30 15:00:00","2025-11-30 16:00:00","2026-06-02 10:52:29"
Nederland,Solar,Hour,0,0,0,0,"2025-11-30 16:00:00","2025-11-30 17:00:00","2026-06-02 10:52:29"
Nederland,Solar,Hour,0,0,0,0,"2025-11-30 17:00:00","2025-11-30 18:00:00","2026-06-02 10:52:29"
Nederland,Solar,Hour,0,0,0,0,"2025-11-30 18:00:00","2025-11-30 19:00:00","2026-06-02 10:52:29"
Nederland,Solar,Hour,0,0,0,0,"2025-11-30 19:00:00","2025-11-30 20:00:00","2026-06-02 10:52:29"
Nederland,Solar,Hour,0,0,0,0,"2025-11-30 20:00:00","2025-11-30 21:00:00","2026-06-02 10:52:29"
Nederland,Solar,Hour,0,0,0,0,"2025-11-30 21:00:00","2025-11-30 22:00:00","2026-06-02 10:52:29"
Nederland,Solar,Hour,0,0,0,0,"2025-11-30 22:00:00","2025-11-30 23:00:00","2026-06-02 10:52:29"
Nederland,Solar,Hour,0,0,0,0,"2025-11-30 23:00:00","2025-12-01 00:00:00","2026-06-02 10:52:29"
Nederland,Solar,Hour,0,0,0,0,"2025-12-01 00:00:00","2025-12-01 01:00:00","2026-09-03 19:24:42"
Nederland,Solar,Hour,0,0,0,0,"2025-12-01 01:00:00","2025-12-01 02:00:00","2026-09-03 19:24:42"
Nederland,Solar,Hour,0,0,0,0,"2025-12-01 02:00:00","2025-12-01 03:00:00","2026-09-03 19:24:42"
Nederland,Solar,Hour,0,0,0,0,"2025-12-01 03:00:00","2025-12-01 04:00:00","2026-09-03 19:24:42"
Nederland,Solar,Hour,0,0,0,0,"2025-12-01 04:00:00","2025-12-01 05:00:00","2026-09-03 19:24:42"
Nederland,Solar,Hour,0,0,0,0,"2025-12-01 05:00:00","2025-12-01 06:00:00","2026-09-03 19:24:42"
Nederland,Solar,Hour,0,0,0,0,"2025-12-01 06:00:00","2025-12-01 07:00:00","2026-09-03 19:24:42"
Nederland,Solar,Hour,26519,26518,0,0,"2025-12-01 07:00:00","2025-12-01 08:00:00","2026-09-03 19:24:42"
Nederland,Solar,Hour,792194,792191,0,0,"2025-12-01 08:00:00","2025-12-01 09:00:00","2026-09-03 19:24:42"
Nederland,Solar,Hour,1724551,1724548,0,0,"2025-12-01 09:00:00","2025-12-01 10:00:00","2026-09-03 19:24:42"
Nederland,Solar,Hour,1960205,1960204,0,0,"2025-12-01 10:00:00","2025-12-01 11:00:00","2026-09-03 19:24:42"
Nederland,Solar,Hour,2356411,2356410,0,0,"2025-12-01 11:00:00","2025-12-01 12:00:00","2026-09-03 19:24:42"
Nederland,Solar,Hour,2065234,2065231,0,0,"2025-12-01 12:00:00","2025-12-01 13:00:00","2026-09-03 19:24:42"
Nederland,Solar,Hour,1347973,1347971,0,0,"2025-12-01 13:00:00","2025-12-01 14:00:00","2026-09-03 19:24:42"
Nederland,Solar,Hour,618145,618143,0,0,"2025-12-01 14:00:00","2025-12-01 15:00:00","2026-09-03 19:24:42"
Nederland,Solar,Hour,43418,43418,0,0,"2025-12-01 15:00:00","2025-12-01 16:00:00","2026-09-03 19:24:42"
Nederland,Solar,Hour,0,0,0,0,"2025-12-01 16:00:00","2025-12-01 17:00:00","2026-09-03 19:24:42"
Nederland,Solar,Hour,0,0,0,0,"2025-12-01 17:00:00","2025-12-01 18:00:00","2026-09-03 19:24:42"
Nederland,Solar,Hour,0,0,0,0,"2025-12-01 18:00:00","2025-12-01 19:00:00","2026-09-03 19:24:42"
Nederland,Solar,Hour,0,0,0,0,"2025-12-01 19:00:00","2025-12-01 20:00:00","2026-09-03 19:24:42"
Nederland,Solar,Hour,0,0,0,0,"2025-12-01 20:00:00","2025-12-01 21:00:00","2026-09-03 19:24:42"
Nederland,Solar,Hour,0,0,0,0,"2025-12-01 21:00:00","2025-12-01 22:00:00","2026-09-03 19:24:42"
Nederland,Solar,Hour,0,0,0,0,"2025-12-01 22:00:00","2025-12-01 23:00:00","2026-09-03 19:24:42"
Nederland,Solar,Hour,0,0,0,0,"2025-12-01 23:00:00","2025-12-02 00:00:00","2026-09-03 19:24:42"
Nederland,Solar,Hour,0,0,0,0,"2025-12-02 00:00:00","2025-12-02 01:00:00","2026-09-03 19:24:42"
Nederland,Solar,Hour,0,0,0,0,"2025-12-02 01:00:00","2025-12-02 02:00:00","2026-09-03 19:24:42"
Nederland,Solar,Hour,0,0,0,0,"2025-12-02 02:00:00","2025-12-02 03:00:00","2026-09-03 19:24:42"
Nederland,Solar,Hour,0,0,0,0,"2025-12-02 03:00:00","2025-12-02 04:00:00","2026-09-03 19:24:42"
Nederland,Solar,Hour,0,0,0,0,"2025-12-02 04:00:00","2025-12-02 05:00:00","2026-09-03 19:24:42"
Nederland,Solar,Hour,0,0,0,0,"2025-12-02 05:00:00","2025-12-02 06:00:00","2026-09-03 19:24:42"
Nederland,Solar,Hour,0,0,0,0,"2025-12-02 06:00:00","2025-12-02 07:00:00","2026-09-03 19:24:42"
Nederland,Solar,Hour,102,102,0,0,"2025-12-02 07:00:00","2025-12-02 08:00:00","2026-09-03 19:24:42"
Nederland,Solar,Hour,206993,206990,0,0,"2025-12-02 08:00:00","2025-12-02 09:00:00","2026-09-03 19:24:42"
Nederland,Solar,Hour,850701,850699,0,0,"2025-12-02 09:00:00","2025-12-02 10:00:00","2026-09-03 19:24:42"
Nederland,Solar,Hour,1278436,1278433,0,0,"2025-12-02 10:00:00","2025-12-02 11:00:00","2026-09-03 19:24:42"
Nederland,Solar,Hour,1691077,1691076,0,0,"2025-12-02 11:00:00","2025-12-02 12:00:00","2026-09-03 19:24:42"
Nederland,Solar,Hour,2045101,2045098,0,0,"2025-12-02 12:00:00","2025-12-02 13:00:00","2026-09-03 19:24:42"
Nederland,Solar,Hour,1573221,1573218,0,0,"2025-12-02 13:00:00","2025-12-02 14:00:00","2026-09-03 19:24:42"
Nederland,Solar,Hour,752317,752314,0,0,"2025-12-02 14:00:00","2025-12-02 15:00:00","2026-09-03 19:24:42"
Nederland,Solar,Hour,87590,87588,0,0,"2025-12-02 15:00:00","2025-12-02 16:00:00","2026-09-03 19:24:42"
Nederland,Solar,Hour,0,0,0,0,"2025-12-02 16:00:00","2025-12-02 17:00:00","2026-09-03 19:24:42"
Nederland,Solar,Hour,0,0,0,0,"2025-12-02 17:00:00","2025-12-02 18:00:00","2026-09-03 19:24:42"
Nederland,Solar,Hour,0,0,0,0,"2025-12-02 18:00:00","2025-12-02 19:00:00","2026-09-03 19:24:42"
Nederland,Solar,Hour,0,0,0,0,"2025-12-02 19:00:00","2025-12-02 20:00:00","2026-09-03 19:24:42"
Nederland,Solar,Hour,0,0,0,0,"2025-12-02 20:00:00","2025-12-02 21:00:00","2026-09-03 19:24:42"
Nederland,Solar,Hour,0,0,0,0,"2025-12-02 21:00:00","2025-12-02 22:00:00","2026-09-03 19:24:42"
Nederland,Solar,Hour,0,0,0,0,"2025-12-02 22:00:00","2025-12-02 23:00:00","2026-09-03 19:24:42"
Nederland,Solar,Hour,0,0,0,0,"2025-12-02 23:00:00","2025-12-03 00:00:00","2026-09-03 19:24:42"
Nederland,Solar,Hour,0,0,0,0,"2025-12-03 00:00:00","2025-12-03 01:00:00","2026-09-03 19:24:42"
Nederland,Solar,Hour,0,0,0,0,"2025-12-03 01:00:00","2025-12-03 02:00:00","2026-09-03 19:24:42"
Nederland,Solar,Hour,0,0,0,0,"2025-12-03 02:00:00","2025-12-03 03:00:00","2026-09-03 19:24:42"
Nederland,Solar,Hour,0,0,0,0,"2025-12-03 03:00:00","2025-12-03 04:00:00","2026-09-03 19:24:42"
Nederland,Solar,Hour,0,0,0,0,"2025-12-03 04:00:00","2025-12-03 05:00:00","2026-09-03 19:24:42"
Nederland,Solar,Hour,0,0,0,0,"2025-12-03 05:00:00","2025-12-03 06:00:00","2026-09-03 19:24:42"
Nederland,Solar,Hour,0,0,0,0,"2025-12-03 06:00:00","2025-12-03 07:00:00","2026-09-03 19:24:42"
Nederland,Solar,Hour,0,0,0,0,"2025-12-03 07:00:00","2025-12-03 08:00:00","2026-09-03 19:24:42"
Nederland,Solar,Hour,186693,186690,0,0,"2025-12-03 08:00:00","2025-12-03 09:00:00","2026-09-03 19:24:42"
Nederland,Solar,Hour,778868,778865,0,0,"2025-12-03 09:00:00","2025-12-03 10:00:00","2026-09-03 19:24:42"
Nederland,Solar,Hour,1395054,1395052,0,0,"2025-12-03 10:00:00","2025-12-03 11:00:00","2026-09-03 19:24:42"
Nederland,Solar,Hour,1703471,1703470,0,0,"2025-12-03 11:00:00","2025-12-03 12:00:00","2026-09-03 19:24:42"
Nederland,Solar,Hour,2055953,2055952,0,0,"2025-12-03 12:00:00","2025-12-03 13:00:00","2026-09-03 19:24:42"
Nederland,Solar,Hour,1373296,1373292,0,0,"2025-12-03 13:00:00","2025-12-03 14:00:00","2026-09-03 19:24:42"
Nederland,Solar,Hour,798369,798367,0,0,"2025-12-03 14:00:00","2025-12-03 15:00:00","2026-09-03 19:24:42"
Nederland,Solar,Hour,115866,115864,0,0,"2025-12-03 15:00:00","2025-12-03 16:00:00","2026-09-03 19:24:42"
Nederland,Solar,Hour,0,0,0,0,"2025-12-03 16:00:00","2025-12-03 17:00:00","2026-09-03 19:24:42"
Nederland,Solar,Hour,0,0,0,0,"2025-12-03 17:00:00","2025-12-03 18:00:00","2026-09-03 19:24:42"
Nederland,Solar,Hour,0,0,0,0,"2025-12-03 18:00:00","2025-12-03 19:00:00","2026-09-03 19:24:42"
Nederland,Solar,Hour,0,0,0,0,"2025-12-03 19:00:00","2025-12-03 20:00:00","2026-09-03 19:24:42"
Nederland,Solar,Hour,0,0,0,0,"2025-12-03 20:00:00","2025-12-03 21:00:00","2026-09-03 19:24:42"
Nederland,Solar,Hour,0,0,0,0,"2025-12-03 21:00:00","2025-12-03 22:00:00","2026-09-03 19:24:42"
Nederland,Solar,Hour,0,0,0,0,"2025-12-03 22:00:00","2025-12-03 23:00:00","2026-09-03 19:24:42"
Nederland,Solar,Hour,0,0,0,0,"2025-12-03 23:00:00","2025-12-04 00:00:00","2026-09-03 19:24:42"
Nederland,Solar,Hour,0,0,0,0,"2025-12-04 00:00:00","2025-12-04 01:00:00","2026-09-03 19:24:42"
Nederland,Solar,Hour,0,0,0,0,"2025-12-04 01:00:00","2025-12-04 02:00:00","2026-09-03 19:24:42"
Nederland,Solar,Hour,0,0,0,0,"2025-12-04 02:00:00","2025-12-04 03:00:00","2026-09-03 19:24:42"
Nederland,Solar,Hour,0,0,0,0,"2025-12-04 03:00:00","2025-12-04 04:00:00","2026-09-03 19:24:42"
Nederland,Solar,Hour,0,0,0,0,"2025-12-04 04:00:00","2025-12-04 05:00:00","2026-09-03 19:24:42"
Nederland,Solar,Hour,0,0,0,0,"2025-12-04 05:00:00","2025-12-04 06:00:00","2026-09-03 19:24:42"
Nederland,Solar,Hour,0,0,0,0,"2025-12-04 06:00:00","2025-12-04 07:00:00","2026-09-03 19:24:42"
Nederland,Solar,Hour,205,205,0,0,"2025-12-04 07:00:00","2025-12-04 08:00:00","2026-09-03 19:24:42"
Nederland,Solar,Hour,426802,426800,0,0,"2025-12-04 08:00:00","2025-12-04 09:00:00","2026-09-03 19:24:42"
Nederland,Solar,Hour,1754222,1754221,0,0,"2025-12-04 09:00:00","2025-12-04 10:00:00","2026-09-03 19:24:42"
Nederland,Solar,Hour,3415029,3415027,0,0,"2025-12-04 10:00:00","2025-12-04 11:00:00","2026-09-03 19:24:42"
Nederland,Solar,Hour,4716623,4716620,0,0,"2025-12-04 11:00:00","2025-12-04 12:00:00","2026-09-03 19:24:42"
Nederland,Solar,Hour,4892145,4892142,0,0,"2025-12-04 12:00:00","2025-12-04 13:00:00","2026-09-03 19:24:42"
Nederland,Solar,Hour,3439366,3439363,0,0,"2025-12-04 13:00:00","2025-12-04 14:00:00","2026-09-03 19:24:42"
Nederland,Solar,Hour,1054280,1054277,0,0,"2025-12-04 14:00:00","2025-12-04 15:00:00","2026-09-03 19:24:42"
Nederland,Solar,Hour,66151,66149,0,0,"2025-12-04 15:00:00","2025-12-04 16:00:00","2026-09-03 19:24:42"
Nederland,Solar,Hour,0,0,0,0,"2025-12-04 16:00:00","2025-12-04 17:00:00","2026-09-03 19:24:42"
Nederland,Solar,Hour,0,0,0,0,"2025-12-04 17:00:00","2025-12-04 18:00:00","2026-09-03 19:24:42"
Nederland,Solar,Hour,0,0,0,0,"2025-12-04 18:00:00","2025-12-04 19:00:00","2026-09-03 19:24:42"
Nederland,Solar,Hour,0,0,0,0,"2025-12-04 19:00:00","2025-12-04 20:00:00","2026-09-03 19:24:42"
Nederland,Solar,Hour,0,0,0,0,"2025-12-04 20:00:00","2025-12-04 21:00:00","2026-09-03 19:24:42"
Nederland,Solar,Hour,0,0,0,0,"2025-12-04 21:00:00","2025-12-04 22:00:00","2026-09-03 19:24:42"
Nederland,Solar,Hour,0,0,0,0,"2025-12-04 22:00:00","2025-12-04 23:00:00","2026-09-03 19:24:42"
Nederland,Solar,Hour,0,0,0,0,"2025-12-04 23:00:00","2025-12-05 00:00:00","2026-09-03 19:24:42"
Nederland,Solar,Hour,0,0,0,0,"2025-12-05 00:00:00","2025-12-05 01:00:00","2026-09-03 19:24:42"
Nederland,Solar,Hour,0,0,0,0,"2025-12-05 01:00:00","2025-12-05 02:00:00","2026-09-03 19:24:42"
Nederland,Solar,Hour,0,0,0,0,"2025-12-05 02:00:00","2025-12-05 03:00:00","2026-09-03 19:24:42"
Nederland,Solar,Hour,0,0,0,0,"2025-12-05 03:00:00","2025-12-05 04:00:00","2026-09-03 19:24:42"
Nederland,Solar,Hour,0,0,0,0,"2025-12-05 04:00:00","2025-12-05 05:00:00","2026-09-03 19:24:42"
Nederland,Solar,Hour,0,0,0,0,"2025-12-05 05:00:00","2025-12-05 06:00:00","2026-09-03 19:24:42"
Nederland,Solar,Hour,0,0,0,0,"2025-12-05 06:00:00","2025-12-05 07:00:00","2026-09-03 19:24:42"
Nederland,Solar,Hour,159,159,0,0,"2025-12-05 07:00:00","2025-12-05 08:00:00","2026-09-03 19:24:42"
Nederland,Solar,Hour,391424,391422,0,0,"2025-12-05 08:00:00","2025-12-05 09:00:00","2026-09-03 19:24:42"
Nederland,Solar,Hour,1266285,1266284,0,0,"2025-12-05 09:00:00","2025-12-05 10:00:00","2026-09-03 19:24:42"
Nederland,Solar,Hour,1569493,1569491,0,0,"2025-12-05 10:00:00","2025-12-05 11:00:00","2026-09-03 19:24:42"
Nederland,Solar,Hour,1833703,1833699,0,0,"2025-12-05 11:00:00","2025-12-05 12:00:00","2026-09-03 19:24:42"
Nederland,Solar,Hour,1625530,1625528,0,0,"2025-12-05 12:00:00","2025-12-05 13:00:00","2026-09-03 19:24:42"
Nederland,Solar,Hour,1241346,1241345,0,0,"2025-12-05 13:00:00","2025-12-05 14:00:00","2026-09-03 19:24:42"
Nederland,Solar,Hour,568359,568356,0,0,"2025-12-05 14:00:00","2025-12-05 15:00:00","2026-09-03 19:24:42"
Nederland,Solar,Hour,95091,95089,0,0,"2025-12-05 15:00:00","2025-12-05 16:00:00","2026-09-03 19:24:42"
Nederland,Solar,Hour,0,0,0,0,"2025-12-05 16:00:00","2025-12-05 17:00:00","2026-09-03 19:24:42"
Nederland,Solar,Hour,0,0,0,0,"2025-12-05 17:00:00","2025-12-05 18:00:00","2026-09-03 19:24:42"
Nederland,Solar,Hour,0,0,0,0,"2025-12-05 18:00:00","2025-12-05 19:00:00","2026-09-03 19:24:42"
Nederland,Solar,Hour,0,0,0,0,"2025-12-05 19:00:00","2025-12-05 20:00:00","2026-09-03 19:24:42"
Nederland,Solar,Hour,0,0,0,0,"2025-12-05 20:00:00","2025-12-05 21:00:00","2026-09-03 19:24:42"
Nederland,Solar,Hour,0,0,0,0,"2025-12-05 21:00:00","2025-12-05 22:00:00","2026-09-03 19:24:42"
Nederland,Solar,Hour,0,0,0,0,"2025-12-05 22:00:00","2025-12-05 23:00:00","2026-09-03 19:24:42"
Nederland,Solar,Hour,0,0,0,0,"2025-12-05 23:00:00","2025-12-06 00:00:00","2026-09-03 19:24:42"
Nederland,Solar,Hour,0,0,0,0,"2025-12-06 00:00:00","2025-12-06 01:00:00","2026-09-03 19:23:07"
Nederland,Solar,Hour,0,0,0,0,"2025-12-06 01:00:00","2025-12-06 02:00:00","2026-09-03 19:23:07"
Nederland,Solar,Hour,0,0,0,0,"2025-12-06 02:00:00","2025-12-06 03:00:00","2026-09-03 19:23:07"
Nederland,Solar,Hour,0,0,0,0,"2025-12-06 03:00:00","2025-12-06 04:00:00","2026-09-03 19:23:07"
Nederland,Solar,Hour,0,0,0,0,"2025-12-06 04:00:00","2025-12-06 05:00:00","2026-09-03 19:23:07"
Nederland,Solar,Hour,0,0,0,0,"2025-12-06 05:00:00","2025-12-06 06:00:00","2026-09-03 19:23:07"
Nederland,Solar,Hour,0,0,0,0,"2025-12-06 06:00:00","2025-12-06 07:00:00","2026-09-03 19:23:07"
Nederland,Solar,Hour,0,0,0,0,"2025-12-06 07:00:00","2025-12-06 08:00:00","2026-09-03 19:23:07"
Nederland,Solar,Hour,96433,96432,0,0,"2025-12-06 08:00:00","2025-12-06 09:00:00","2026-09-03 19:23:07"
Nederland,Solar,Hour,481593,481591,0,0,"2025-12-06 09:00:00","2025-12-06 10:00:00","2026-09-03 19:23:07"
Nederland,Solar,Hour,874627,874624,0,0,"2025-12-06 10:00:00","2025-12-06 11:00:00","2026-09-03 19:23:07"
Nederland,Solar,Hour,1083228,1083226,0,0,"2025-12-06 11:00:00","2025-12-06 12:00:00","2026-09-03 19:23:07"
Nederland,Solar,Hour,1084131,1084129,0,0,"2025-12-06 12:00:00","2025-12-06 13:00:00","2026-09-03 19:23:07"
Nederland,Solar,Hour,927110,927107,0,0,"2025-12-06 13:00:00","2025-12-06 14:00:00","2026-09-03 19:23:07"
Nederland,Solar,Hour,442127,442125,0,0,"2025-12-06 14:00:00","2025-12-06 15:00:00","2026-09-03 19:23:07"
Nederland,Solar,Hour,48218,48216,0,0,"2025-12-06 15:00:00","2025-12-06 16:00:00","2026-09-03 19:23:07"
Nederland,Solar,Hour,0,0,0,0,"2025-12-06 16:00:00","2025-12-06 17:00:00","2026-09-03 19:23:07"
Nederland,Solar,Hour,0,0,0,0,"2025-12-06 17:00:00","2025-12-06 18:00:00","2026-09-03 19:23:07"
Nederland,Solar,Hour,0,0,0,0,"2025-12-06 18:00:00","2025-12-06 19:00:00","2026-09-03 19:23:07"
Nederland,Solar,Hour,0,0,0,0,"2025-12-06 19:00:00","2025-12-06 20:00:00","2026-09-03 19:23:07"
Nederland,Solar,Hour,0,0,0,0,"2025-12-06 20:00:00","2025-12-06 21:00:00","2026-09-03 19:23:07"
Nederland,Solar,Hour,0,0,0,0,"2025-12-06 21:00:00","2025-12-06 22:00:00","2026-09-03 19:23:07"
Nederland,Solar,Hour,0,0,0,0,"2025-12-06 22:00:00","2025-12-06 23:00:00","2026-09-03 19:23:07"
Nederland,Solar,Hour,0,0,0,0,"2025-12-06 23:00:00","2025-12-07 00:00:00","2026-09-03 19:23:07"
Nederland,Solar,Hour,0,0,0,0,"2025-12-07 00:00:00","2025-12-07 01:00:00","2026-09-03 19:23:07"
Nederland,Solar,Hour,0,0,0,0,"2025-12-07 01:00:00","2025-12-07 02:00:00","2026-09-03 19:23:07"
Nederland,Solar,Hour,0,0,0,0,"2025-12-07 02:00:00","2025-12-07 03:00:00","2026-09-03 19:23:07"
Nederland,Solar,Hour,0,0,0,0,"2025-12-07 03:00:00","2025-12-07 04:00:00","2026-09-03 19:23:07"
Nederland,Solar,Hour,0,0,0,0,"2025-12-07 04:00:00","2025-12-07 05:00:00","2026-09-03 19:23:07"
Nederland,Solar,Hour,0,0,0,0,"2025-12-07 05:00:00","2025-12-07 06:00:00","2026-09-03 19:23:07"
Nederland,Solar,Hour,0,0,0,0,"2025-12-07 06:00:00","2025-12-07 07:00:00","2026-09-03 19:23:07"
Nederland,Solar,Hour,0,0,0,0,"2025-12-07 07:00:00","2025-12-07 08:00:00","2026-09-03 19:23:07"
Nederland,Solar,Hour,183976,183975,0,0,"2025-12-07 08:00:00","2025-12-07 09:00:00","2026-09-03 19:23:07"
Nederland,Solar,Hour,863573,863571,0,0,"2025-12-07 09:00:00","2025-12-07 10:00:00","2026-09-03 19:23:07"
Nederland,Solar,Hour,1201180,1201178,0,0,"2025-12-07 10:00:00","2025-12-07 11:00:00","2026-09-03 19:23:07"
Nederland,Solar,Hour,1318813,1318809,0,0,"2025-12-07 11:00:00","2025-12-07 12:00:00","2026-09-03 19:23:07"
Nederland,Solar,Hour,1233157,1233155,0,0,"2025-12-07 12:00:00","2025-12-07 13:00:00","2026-09-03 19:23:07"
Nederland,Solar,Hour,692550,692547,0,0,"2025-12-07 13:00:00","2025-12-07 14:00:00","2026-09-03 19:23:07"
Nederland,Solar,Hour,293022,293020,0,0,"2025-12-07 14:00:00","2025-12-07 15:00:00","2026-09-03 19:23:07"
Nederland,Solar,Hour,2822,2822,0,0,"2025-12-07 15:00:00","2025-12-07 16:00:00","2026-09-03 19:23:07"
Nederland,Solar,Hour,0,0,0,0,"2025-12-07 16:00:00","2025-12-07 17:00:00","2026-09-03 19:23:07"
Nederland,Solar,Hour,0,0,0,0,"2025-12-07 17:00:00","2025-12-07 18:00:00","2026-09-03 19:23:07"
Nederland,Solar,Hour,0,0,0,0,"2025-12-07 18:00:00","2025-12-07 19:00:00","2026-09-03 19:23:07"
Nederland,Solar,Hour,0,0,0,0,"2025-12-07 19:00:00","2025-12-07 20:00:00","2026-09-03 19:23:07"
Nederland,Solar,Hour,0,0,0,0,"2025-12-07 20:00:00","2025-12-07 21:00:00","2026-09-03 19:23:07"
Nederland,Solar,Hour,0,0,0,0,"2025-12-07 21:00:00","2025-12-07 22:00:00","2026-09-03 19:23:07"
Nederland,Solar,Hour,0,0,0,0,"2025-12-07 22:00:00","2025-12-07 23:00:00","2026-09-03 19:23:07"
Nederland,Solar,Hour,0,0,0,0,"2025-12-07 23:00:00","2025-12-08 00:00:00","2026-09-03 19:23:07"
Nederland,Solar,Hour,0,0,0,0,"2025-12-08 00:00:00","2025-12-08 01:00:00","2026-09-03 19:23:07"
Nederland,Solar,Hour,0,0,0,0,"2025-12-08 01:00:00","2025-12-08 02:00:00","2026-09-03 19:23:07"
Nederland,Solar,Hour,0,0,0,0,"2025-12-08 02:00:00","2025-12-08 03:00:00","2026-09-03 19:23:07"
Nederland,Solar,Hour,0,0,0,0,"2025-12-08 03:00:00","2025-12-08 04:00:00","2026-09-03 19:23:07"
Nederland,Solar,Hour,0,0,0,0,"2025-12-08 04:00:00","2025-12-08 05:00:00","2026-09-03 19:23:07"
Nederland,Solar,Hour,0,0,0,0,"2025-12-08 05:00:00","2025-12-08 06:00:00","2026-09-03 19:23:07"
Nederland,Solar,Hour,0,0,0,0,"2025-12-08 06:00:00","2025-12-08 07:00:00","2026-09-03 19:23:07"
Nederland,Solar,Hour,0,0,0,0,"2025-12-08 07:00:00","2025-12-08 08:00:00","2026-09-03 19:23:07"
Nederland,Solar,Hour,292754,292752,0,0,"2025-12-08 08:00:00","2025-12-08 09:00:00","2026-09-03 19:23:07"
Nederland,Solar,Hour,987976,987974,0,0,"2025-12-08 09:00:00","2025-12-08 10:00:00","2026-09-03 19:23:07"
Nederland,Solar,Hour,1279582,1279581,0,0,"2025-12-08 10:00:00","2025-12-08 11:00:00","2026-09-03 19:23:07"
Nederland,Solar,Hour,843352,843350,0,0,"2025-12-08 11:00:00","2025-12-08 12:00:00","2026-09-03 19:23:07"
Nederland,Solar,Hour,594269,594266,0,0,"2025-12-08 12:00:00","2025-12-08 13:00:00","2026-09-03 19:23:07"
Nederland,Solar,Hour,529161,529159,0,0,"2025-12-08 13:00:00","2025-12-08 14:00:00","2026-09-03 19:23:07"
Nederland,Solar,Hour,372821,372819,0,0,"2025-12-08 14:00:00","2025-12-08 15:00:00","2026-09-03 19:23:07"
Nederland,Solar,Hour,20421,20420,0,0,"2025-12-08 15:00:00","2025-12-08 16:00:00","2026-09-03 19:23:07"
Nederland,Solar,Hour,0,0,0,0,"2025-12-08 16:00:00","2025-12-08 17:00:00","2026-09-03 19:23:07"
Nederland,Solar,Hour,0,0,0,0,"2025-12-08 17:00:00","2025-12-08 18:00:00","2026-09-03 19:23:07"
Nederland,Solar,Hour,0,0,0,0,"2025-12-08 18:00:00","2025-12-08 19:00:00","2026-09-03 19:23:07"
Nederland,Solar,Hour,0,0,0,0,"2025-12-08 19:00:00","2025-12-08 20:00:00","2026-09-03 19:23:07"
Nederland,Solar,Hour,0,0,0,0,"2025-12-08 20:00:00","2025-12-08 21:00:00","2026-09-03 19:23:07"
Nederland,Solar,Hour,0,0,0,0,"2025-12-08 21:00:00","2025-12-08 22:00:00","2026-09-03 19:23:07"
Nederland,Solar,Hour,0,0,0,0,"2025-12-08 22:00:00","2025-12-08 23:00:00","2026-09-03 19:23:07"
Nederland,Solar,Hour,0,0,0,0,"2025-12-08 23:00:00","2025-12-09 00:00:00","2026-09-03 19:23:07"
Nederland,Solar,Hour,0,0,0,0,"2025-12-09 00:00:00","2025-12-09 01:00:00","2026-09-03 19:23:07"
Nederland,Solar,Hour,0,0,0,0,"2025-12-09 01:00:00","2025-12-09 02:00:00","2026-09-03 19:23:07"
Nederland,Solar,Hour,0,0,0,0,"2025-12-09 02:00:00","2025-12-09 03:00:00","2026-09-03 19:23:07"
Nederland,Solar,Hour,0,0,0,0,"2025-12-09 03:00:00","2025-12-09 04:00:00","2026-09-03 19:23:07"
Nederland,Solar,Hour,0,0,0,0,"2025-12-09 04:00:00","2025-12-09 05:00:00","2026-09-03 19:23:07"
Nederland,Solar,Hour,0,0,0,0,"2025-12-09 05:00:00","2025-12-09 06:00:00","2026-09-03 19:23:07"
Nederland,Solar,Hour,0,0,0,0,"2025-12-09 06:00:00","2025-12-09 07:00:00","2026-09-03 19:23:07"
Nederland,Solar,Hour,0,0,0,0,"2025-12-09 07:00:00","2025-12-09 08:00:00","2026-09-03 19:23:07"
Nederland,Solar,Hour,79816,79814,0,0,"2025-12-09 08:00:00","2025-12-09 09:00:00","2026-09-03 19:23:07"
Nederland,Solar,Hour,803339,803337,0,0,"2025-12-09 09:00:00","2025-12-09 10:00:00","2026-09-03 19:23:07"
Nederland,Solar,Hour,1697270,1697268,0,0,"2025-12-09 10:00:00","2025-12-09 11:00:00","2026-09-03 19:23:07"
Nederland,Solar,Hour,2048228,2048225,0,0,"2025-12-09 11:00:00","2025-12-09 12:00:00","2026-09-03 19:23:07"
Nederland,Solar,Hour,1865527,1865524,0,0,"2025-12-09 12:00:00","2025-12-09 13:00:00","2026-09-03 19:23:07"
Nederland,Solar,Hour,1414073,1414071,0,0,"2025-12-09 13:00:00","2025-12-09 14:00:00","2026-09-03 19:23:07"
Nederland,Solar,Hour,726645,726644,0,0,"2025-12-09 14:00:00","2025-12-09 15:00:00","2026-09-03 19:23:07"
Nederland,Solar,Hour,51664,51663,0,0,"2025-12-09 15:00:00","2025-12-09 16:00:00","2026-09-03 19:23:07"
Nederland,Solar,Hour,0,0,0,0,"2025-12-09 16:00:00","2025-12-09 17:00:00","2026-09-03 19:23:07"
Nederland,Solar,Hour,0,0,0,0,"2025-12-09 17:00:00","2025-12-09 18:00:00","2026-09-03 19:23:07"
Nederland,Solar,Hour,0,0,0,0,"2025-12-09 18:00:00","2025-12-09 19:00:00","2026-09-03 19:23:07"
Nederland,Solar,Hour,0,0,0,0,"2025-12-09 19:00:00","2025-12-09 20:00:00","2026-09-03 19:23:07"
Nederland,Solar,Hour,0,0,0,0,"2025-12-09 20:00:00","2025-12-09 21:00:00","2026-09-03 19:23:07"
Nederland,Solar,Hour,0,0,0,0,"2025-12-09 21:00:00","2025-12-09 22:00:00","2026-09-03 19:23:07"
Nederland,Solar,Hour,0,0,0,0,"2025-12-09 22:00:00","2025-12-09 23:00:00","2026-09-03 19:23:07"
Nederland,Solar,Hour,0,0,0,0,"2025-12-09 23:00:00","2025-12-10 00:00:00","2026-09-03 19:23:07"
Nederland,Solar,Hour,0,0,0,0,"2025-12-10 00:00:00","2025-12-10 01:00:00","2026-09-03 19:23:07"
Nederland,Solar,Hour,0,0,0,0,"2025-12-10 01:00:00","2025-12-10 02:00:00","2026-09-03 19:23:07"
Nederland,Solar,Hour,0,0,0,0,"2025-12-10 02:00:00","2025-12-10 03:00:00","2026-09-03 19:23:07"
Nederland,Solar,Hour,0,0,0,0,"2025-12-10 03:00:00","2025-12-10 04:00:00","2026-09-03 19:23:07"
Nederland,Solar,Hour,0,0,0,0,"2025-12-10 04:00:00","2025-12-10 05:00:00","2026-09-03 19:23:07"
Nederland,Solar,Hour,0,0,0,0,"2025-12-10 05:00:00","2025-12-10 06:00:00","2026-09-03 19:23:07"
Nederland,Solar,Hour,0,0,0,0,"2025-12-10 06:00:00","2025-12-10 07:00:00","2026-09-03 19:23:07"
Nederland,Solar,Hour,0,0,0,0,"2025-12-10 07:00:00","2025-12-10 08:00:00","2026-09-03 19:23:07"
Nederland,Solar,Hour,162328,162327,0,0,"2025-12-10 08:00:00","2025-12-10 09:00:00","2026-09-03 19:23:07"
Nederland,Solar,Hour,1025688,1025685,0,0,"2025-12-10 09:00:00","2025-12-10 10:00:00","2026-09-03 19:23:07"
Nederland,Solar,Hour,1892760,1892758,0,0,"2025-12-10 10:00:00","2025-12-10 11:00:00","2026-09-03 19:23:07"
Nederland,Solar,Hour,2111691,2111689,0,0,"2025-12-10 11:00:00","2025-12-10 12:00:00","2026-09-03 19:23:07"
Nederland,Solar,Hour,2161586,2161584,0,0,"2025-12-10 12:00:00","2025-12-10 13:00:00","2026-09-03 19:23:07"
Nederland,Solar,Hour,1829017,1829015,0,0,"2025-12-10 13:00:00","2025-12-10 14:00:00","2026-09-03 19:23:07"
Nederland,Solar,Hour,813844,813842,0,0,"2025-12-10 14:00:00","2025-12-10 15:00:00","2026-09-03 19:23:07"
Nederland,Solar,Hour,71955,71954,0,0,"2025-12-10 15:00:00","2025-12-10 16:00:00","2026-09-03 19:23:07"
Nederland,Solar,Hour,0,0,0,0,"2025-12-10 16:00:00","2025-12-10 17:00:00","2026-09-03 19:23:07"
Nederland,Solar,Hour,0,0,0,0,"2025-12-10 17:00:00","2025-12-10 18:00:00","2026-09-03 19:23:07"
Nederland,Solar,Hour,0,0,0,0,"2025-12-10 18:00:00","2025-12-10 19:00:00","2026-09-03 19:23:07"
Nederland,Solar,Hour,0,0,0,0,"2025-12-10 19:00:00","2025-12-10 20:00:00","2026-09-03 19:23:07"
Nederland,Solar,Hour,0,0,0,0,"2025-12-10 20:00:00","2025-12-10 21:00:00","2026-09-03 19:23:07"
Nederland,Solar,Hour,0,0,0,0,"2025-12-10 21:00:00","2025-12-10 22:00:00","2026-09-03 19:23:07"
Nederland,Solar,Hour,0,0,0,0,"2025-12-10 22:00:00","2025-12-10 23:00:00","2026-09-03 19:23:07"
Nederland,Solar,Hour,0,0,0,0,"2025-12-10 23:00:00","2025-12-11 00:00:00","2026-09-03 19:23:07"
Nederland,Solar,Hour,0,0,0,0,"2025-12-11 00:00:00","2025-12-11 01:00:00","2026-09-03 19:21:31"
Nederland,Solar,Hour,0,0,0,0,"2025-12-11 01:00:00","2025-12-11 02:00:00","2026-09-03 19:21:31"
Nederland,Solar,Hour,0,0,0,0,"2025-12-11 02:00:00","2025-12-11 03:00:00","2026-09-03 19:21:31"
Nederland,Solar,Hour,0,0,0,0,"2025-12-11 03:00:00","2025-12-11 04:00:00","2026-09-03 19:21:31"
Nederland,Solar,Hour,0,0,0,0,"2025-12-11 04:00:00","2025-12-11 05:00:00","2026-09-03 19:21:31"
Nederland,Solar,Hour,0,0,0,0,"2025-12-11 05:00:00","2025-12-11 06:00:00","2026-09-03 19:21:31"
Nederland,Solar,Hour,0,0,0,0,"2025-12-11 06:00:00","2025-12-11 07:00:00","2026-09-03 19:21:31"
Nederland,Solar,Hour,0,0,0,0,"2025-12-11 07:00:00","2025-12-11 08:00:00","2026-09-03 19:21:31"
Nederland,Solar,Hour,396996,396994,0,0,"2025-12-11 08:00:00","2025-12-11 09:00:00","2026-09-03 19:21:31"
Nederland,Solar,Hour,1388407,1388405,0,0,"2025-12-11 09:00:00","2025-12-11 10:00:00","2026-09-03 19:21:31"
Nederland,Solar,Hour,2159218,2159216,0,0,"2025-12-11 10:00:00","2025-12-11 11:00:00","2026-09-03 19:21:31"
Nederland,Solar,Hour,3082758,3082756,0,0,"2025-12-11 11:00:00","2025-12-11 12:00:00","2026-09-03 19:21:31"
Nederland,Solar,Hour,3518422,3518420,0,0,"2025-12-11 12:00:00","2025-12-11 13:00:00","2026-09-03 19:21:31"
Nederland,Solar,Hour,2745971,2745969,0,0,"2025-12-11 13:00:00","2025-12-11 14:00:00","2026-09-03 19:21:31"
Nederland,Solar,Hour,1606110,1606107,0,0,"2025-12-11 14:00:00","2025-12-11 15:00:00","2026-09-03 19:21:31"
Nederland,Solar,Hour,142825,142824,0,0,"2025-12-11 15:00:00","2025-12-11 16:00:00","2026-09-03 19:21:31"
Nederland,Solar,Hour,0,0,0,0,"2025-12-11 16:00:00","2025-12-11 17:00:00","2026-09-03 19:21:31"
Nederland,Solar,Hour,0,0,0,0,"2025-12-11 17:00:00","2025-12-11 18:00:00","2026-09-03 19:21:31"
Nederland,Solar,Hour,0,0,0,0,"2025-12-11 18:00:00","2025-12-11 19:00:00","2026-09-03 19:21:31"
Nederland,Solar,Hour,0,0,0,0,"2025-12-11 19:00:00","2025-12-11 20:00:00","2026-09-03 19:21:31"
Nederland,Solar,Hour,0,0,0,0,"2025-12-11 20:00:00","2025-12-11 21:00:00","2026-09-03 19:21:31"
Nederland,Solar,Hour,0,0,0,0,"2025-12-11 21:00:00","2025-12-11 22:00:00","2026-09-03 19:21:31"
Nederland,Solar,Hour,0,0,0,0,"2025-12-11 22:00:00","2025-12-11 23:00:00","2026-09-03 19:21:31"
Nederland,Solar,Hour,0,0,0,0,"2025-12-11 23:00:00","2025-12-12 00:00:00","2026-09-03 19:21:31"
Nederland,Solar,Hour,0,0,0,0,"2025-12-12 00:00:00","2025-12-12 01:00:00","2026-09-03 19:21:31"
Nederland,Solar,Hour,0,0,0,0,"2025-12-12 01:00:00","2025-12-12 02:00:00","2026-09-03 19:21:31"
Nederland,Solar,Hour,0,0,0,0,"2025-12-12 02:00:00","2025-12-12 03:00:00","2026-09-03 19:21:31"
Nederland,Solar,Hour,0,0,0,0,"2025-12-12 03:00:00","2025-12-12 04:00:00","2026-09-03 19:21:31"
Nederland,Solar,Hour,0,0,0,0,"2025-12-12 04:00:00","2025-12-12 05:00:00","2026-09-03 19:21:31"
Nederland,Solar,Hour,0,0,0,0,"2025-12-12 05:00:00","2025-12-12 06:00:00","2026-09-03 19:21:31"
Nederland,Solar,Hour,0,0,0,0,"2025-12-12 06:00:00","2025-12-12 07:00:00","2026-09-03 19:21:31"
Nederland,Solar,Hour,0,0,0,0,"2025-12-12 07:00:00","2025-12-12 08:00:00","2026-09-03 19:21:31"
Nederland,Solar,Hour,170968,170966,0,0,"2025-12-12 08:00:00","2025-12-12 09:00:00","2026-09-03 19:21:31"
Nederland,Solar,Hour,713416,713414,0,0,"2025-12-12 09:00:00","2025-12-12 10:00:00","2026-09-03 19:21:31"
Nederland,Solar,Hour,1235064,1235061,0,0,"2025-12-12 10:00:00","2025-12-12 11:00:00","2026-09-03 19:21:31"
Nederland,Solar,Hour,1269609,1269607,0,0,"2025-12-12 11:00:00","2025-12-12 12:00:00","2026-09-03 19:21:31"
Nederland,Solar,Hour,1026141,1026138,0,0,"2025-12-12 12:00:00","2025-12-12 13:00:00","2026-09-03 19:21:31"
Nederland,Solar,Hour,712739,712737,0,0,"2025-12-12 13:00:00","2025-12-12 14:00:00","2026-09-03 19:21:31"
Nederland,Solar,Hour,329469,329468,0,0,"2025-12-12 14:00:00","2025-12-12 15:00:00","2026-09-03 19:21:31"
Nederland,Solar,Hour,28322,28320,0,0,"2025-12-12 15:00:00","2025-12-12 16:00:00","2026-09-03 19:21:31"
Nederland,Solar,Hour,0,0,0,0,"2025-12-12 16:00:00","2025-12-12 17:00:00","2026-09-03 19:21:31"
Nederland,Solar,Hour,0,0,0,0,"2025-12-12 17:00:00","2025-12-12 18:00:00","2026-09-03 19:21:31"
Nederland,Solar,Hour,0,0,0,0,"2025-12-12 18:00:00","2025-12-12 19:00:00","2026-09-03 19:21:31"
Nederland,Solar,Hour,0,0,0,0,"2025-12-12 19:00:00","2025-12-12 20:00:00","2026-09-03 19:21:31"
Nederland,Solar,Hour,0,0,0,0,"2025-12-12 20:00:00","2025-12-12 21:00:00","2026-09-03 19:21:31"
Nederland,Solar,Hour,0,0,0,0,"2025-12-12 21:00:00","2025-12-12 22:00:00","2026-09-03 19:21:31"
Nederland,Solar,Hour,0,0,0,0,"2025-12-12 22:00:00","2025-12-12 23:00:00","2026-09-03 19:21:31"
Nederland,Solar,Hour,0,0,0,0,"2025-12-12 23:00:00","2025-12-13 00:00:00","2026-09-03 19:21:31"
Nederland,Solar,Hour,0,0,0,0,"2025-12-13 00:00:00","2025-12-13 01:00:00","2026-09-03 19:21:31"
Nederland,Solar,Hour,0,0,0,0,"2025-12-13 01:00:00","2025-12-13 02:00:00","2026-09-03 19:21:31"
Nederland,Solar,Hour,0,0,0,0,"2025-12-13 02:00:00","2025-12-13 03:00:00","2026-09-03 19:21:31"
Nederland,Solar,Hour,0,0,0,0,"2025-12-13 03:00:00","2025-12-13 04:00:00","2026-09-03 19:21:31"
Nederland,Solar,Hour,0,0,0,0,"2025-12-13 04:00:00","2025-12-13 05:00:00","2026-09-03 19:21:31"
Nederland,Solar,Hour,0,0,0,0,"2025-12-13 05:00:00","2025-12-13 06:00:00","2026-09-03 19:21:31"
Nederland,Solar,Hour,0,0,0,0,"2025-12-13 06:00:00","2025-12-13 07:00:00","2026-09-03 19:21:31"
Nederland,Solar,Hour,232,232,0,0,"2025-12-13 07:00:00","2025-12-13 08:00:00","2026-09-03 19:21:31"
Nederland,Solar,Hour,310918,310916,0,0,"2025-12-13 08:00:00","2025-12-13 09:00:00","2026-09-03 19:21:31"
Nederland,Solar,Hour,1099545,1099543,0,0,"2025-12-13 09:00:00","2025-12-13 10:00:00","2026-09-03 19:21:31"
Nederland,Solar,Hour,2517782,2517780,0,0,"2025-12-13 10:00:00","2025-12-13 11:00:00","2026-09-03 19:21:31"
Nederland,Solar,Hour,3400894,3400892,0,0,"2025-12-13 11:00:00","2025-12-13 12:00:00","2026-09-03 19:21:31"
Nederland,Solar,Hour,4599402,4599399,0,0,"2025-12-13 12:00:00","2025-12-13 13:00:00","2026-09-03 19:21:31"
Nederland,Solar,Hour,4418557,4418554,0,0,"2025-12-13 13:00:00","2025-12-13 14:00:00","2026-09-03 19:21:31"
Nederland,Solar,Hour,2646153,2646150,0,0,"2025-12-13 14:00:00","2025-12-13 15:00:00","2026-09-03 19:21:31"
Nederland,Solar,Hour,114335,114334,0,0,"2025-12-13 15:00:00","2025-12-13 16:00:00","2026-09-03 19:21:31"
Nederland,Solar,Hour,0,0,0,0,"2025-12-13 16:00:00","2025-12-13 17:00:00","2026-09-03 19:21:31"
Nederland,Solar,Hour,0,0,0,0,"2025-12-13 17:00:00","2025-12-13 18:00:00","2026-09-03 19:21:31"
Nederland,Solar,Hour,0,0,0,0,"2025-12-13 18:00:00","2025-12-13 19:00:00","2026-09-03 19:21:31"
Nederland,Solar,Hour,0,0,0,0,"2025-12-13 19:00:00","2025-12-13 20:00:00","2026-09-03 19:21:31"
Nederland,Solar,Hour,0,0,0,0,"2025-12-13 20:00:00","2025-12-13 21:00:00","2026-09-03 19:21:31"
Nederland,Solar,Hour,0,0,0,0,"2025-12-13 21:00:00","2025-12-13 22:00:00","2026-09-03 19:21:31"
Nederland,Solar,Hour,0,0,0,0,"2025-12-13 22:00:00","2025-12-13 23:00:00","2026-09-03 19:21:31"
Nederland,Solar,Hour,0,0,0,0,"2025-12-13 23:00:00","2025-12-14 00:00:00","2026-09-03 19:21:31"
Nederland,Solar,Hour,0,0,0,0,"2025-12-14 00:00:00","2025-12-14 01:00:00","2026-09-03 19:21:31"
Nederland,Solar,Hour,0,0,0,0,"2025-12-14 01:00:00","2025-12-14 02:00:00","2026-09-03 19:21:31"
Nederland,Solar,Hour,0,0,0,0,"2025-12-14 02:00:00","2025-12-14 03:00:00","2026-09-03 19:21:31"
Nederland,Solar,Hour,0,0,0,0,"2025-12-14 03:00:00","2025-12-14 04:00:00","2026-09-03 19:21:31"
Nederland,Solar,Hour,0,0,0,0,"2025-12-14 04:00:00","2025-12-14 05:00:00","2026-09-03 19:21:31"
Nederland,Solar,Hour,0,0,0,0,"2025-12-14 05:00:00","2025-12-14 06:00:00","2026-09-03 19:21:31"
Nederland,Solar,Hour,0,0,0,0,"2025-12-14 06:00:00","2025-12-14 07:00:00","2026-09-03 19:21:31"
Nederland,Solar,Hour,0,0,0,0,"2025-12-14 07:00:00","2025-12-14 08:00:00","2026-09-03 19:21:31"
Nederland,Solar,Hour,210153,210150,0,0,"2025-12-14 08:00:00","2025-12-14 09:00:00","2026-09-03 19:21:31"
Nederland,Solar,Hour,1059830,1059829,0,0,"2025-12-14 09:00:00","2025-12-14 10:00:00","2026-09-03 19:21:31"
Nederland,Solar,Hour,1925297,1925294,0,0,"2025-12-14 10:00:00","2025-12-14 11:00:00","2026-09-03 19:21:31"
Nederland,Solar,Hour,2095463,2095460,0,0,"2025-12-14 11:00:00","2025-12-14 12:00:00","2026-09-03 19:21:31"
Nederland,Solar,Hour,1677878,1677876,0,0,"2025-12-14 12:00:00","2025-12-14 13:00:00","2026-09-03 19:21:31"
Nederland,Solar,Hour,926581,926579,0,0,"2025-12-14 13:00:00","2025-12-14 14:00:00","2026-09-03 19:21:31"
Nederland,Solar,Hour,465287,465284,0,0,"2025-12-14 14:00:00","2025-12-14 15:00:00","2026-09-03 19:21:31"
Nederland,Solar,Hour,33852,33852,0,0,"2025-12-14 15:00:00","2025-12-14 16:00:00","2026-09-03 19:21:31"
Nederland,Solar,Hour,0,0,0,0,"2025-12-14 16:00:00","2025-12-14 17:00:00","2026-09-03 19:21:31"
Nederland,Solar,Hour,0,0,0,0,"2025-12-14 17:00:00","2025-12-14 18:00:00","2026-09-03 19:21:31"
Nederland,Solar,Hour,0,0,0,0,"2025-12-14 18:00:00","2025-12-14 19:00:00","2026-09-03 19:21:31"
Nederland,Solar,Hour,0,0,0,0,"2025-12-14 19:00:00","2025-12-14 20:00:00","2026-09-03 19:21:31"
Nederland,Solar,Hour,0,0,0,0,"2025-12-14 20:00:00","2025-12-14 21:00:00","2026-09-03 19:21:31"
Nederland,Solar,Hour,0,0,0,0,"2025-12-14 21:00:00","2025-12-14 22:00:00","2026-09-03 19:21:31"
Nederland,Solar,Hour,0,0,0,0,"2025-12-14 22:00:00","2025-12-14 23:00:00","2026-09-03 19:21:31"
Nederland,Solar,Hour,0,0,0,0,"2025-12-14 23:00:00","2025-12-15 00:00:00","2026-09-03 19:21:31"
Nederland,Solar,Hour,0,0,0,0,"2025-12-15 00:00:00","2025-12-15 01:00:00","2026-09-03 19:21:31"
Nederland,Solar,Hour,0,0,0,0,"2025-12-15 01:00:00","2025-12-15 02:00:00","2026-09-03 19:21:31"
Nederland,Solar,Hour,0,0,0,0,"2025-12-15 02:00:00","2025-12-15 03:00:00","2026-09-03 19:21:31"
Nederland,Solar,Hour,0,0,0,0,"2025-12-15 03:00:00","2025-12-15 04:00:00","2026-09-03 19:21:31"
Nederland,Solar,Hour,0,0,0,0,"2025-12-15 04:00:00","2025-12-15 05:00:00","2026-09-03 19:21:31"
Nederland,Solar,Hour,0,0,0,0,"2025-12-15 05:00:00","2025-12-15 06:00:00","2026-09-03 19:21:31"
Nederland,Solar,Hour,0,0,0,0,"2025-12-15 06:00:00","2025-12-15 07:00:00","2026-09-03 19:21:31"
Nederland,Solar,Hour,0,0,0,0,"2025-12-15 07:00:00","2025-12-15 08:00:00","2026-09-03 19:21:31"
Nederland,Solar,Hour,262666,262664,0,0,"2025-12-15 08:00:00","2025-12-15 09:00:00","2026-09-03 19:21:31"
Nederland,Solar,Hour,1275506,1275504,0,0,"2025-12-15 09:00:00","2025-12-15 10:00:00","2026-09-03 19:21:31"
Nederland,Solar,Hour,2106176,2106175,0,0,"2025-12-15 10:00:00","2025-12-15 11:00:00","2026-09-03 19:21:31"
Nederland,Solar,Hour,3049768,3049766,0,0,"2025-12-15 11:00:00","2025-12-15 12:00:00","2026-09-03 19:21:31"
Nederland,Solar,Hour,3294025,3294022,0,0,"2025-12-15 12:00:00","2025-12-15 13:00:00","2026-09-03 19:21:31"
Nederland,Solar,Hour,2859159,2859156,0,0,"2025-12-15 13:00:00","2025-12-15 14:00:00","2026-09-03 19:21:31"
Nederland,Solar,Hour,2312230,2312227,0,0,"2025-12-15 14:00:00","2025-12-15 15:00:00","2026-09-03 19:21:31"
Nederland,Solar,Hour,150738,150736,0,0,"2025-12-15 15:00:00","2025-12-15 16:00:00","2026-09-03 19:21:31"
Nederland,Solar,Hour,0,0,0,0,"2025-12-15 16:00:00","2025-12-15 17:00:00","2026-09-03 19:21:31"
Nederland,Solar,Hour,0,0,0,0,"2025-12-15 17:00:00","2025-12-15 18:00:00","2026-09-03 19:21:31"
Nederland,Solar,Hour,0,0,0,0,"2025-12-15 18:00:00","2025-12-15 19:00:00","2026-09-03 19:21:31"
Nederland,Solar,Hour,0,0,0,0,"2025-12-15 19:00:00","2025-12-15 20:00:00","2026-09-03 19:21:31"
Nederland,Solar,Hour,0,0,0,0,"2025-12-15 20:00:00","2025-12-15 21:00:00","2026-09-03 19:21:31"
Nederland,Solar,Hour,0,0,0,0,"2025-12-15 21:00:00","2025-12-15 22:00:00","2026-09-03 19:21:31"
Nederland,Solar,Hour,0,0,0,0,"2025-12-15 22:00:00","2025-12-15 23:00:00","2026-09-03 19:21:31"
Nederland,Solar,Hour,0,0,0,0,"2025-12-15 23:00:00","2025-12-16 00:00:00","2026-09-03 19:21:31"
Nederland,Solar,Hour,0,0,0,0,"2025-12-16 00:00:00","2025-12-16 01:00:00","2026-09-03 19:20:43"
Nederland,Solar,Hour,0,0,0,0,"2025-12-16 01:00:00","2025-12-16 02:00:00","2026-09-03 19:20:43"
Nederland,Solar,Hour,0,0,0,0,"2025-12-16 02:00:00","2025-12-16 03:00:00","2026-09-03 19:20:43"
Nederland,Solar,Hour,0,0,0,0,"2025-12-16 03:00:00","2025-12-16 04:00:00","2026-09-03 19:20:43"
Nederland,Solar,Hour,0,0,0,0,"2025-12-16 04:00:00","2025-12-16 05:00:00","2026-09-03 19:20:43"
Nederland,Solar,Hour,0,0,0,0,"2025-12-16 05:00:00","2025-12-16 06:00:00","2026-09-03 19:20:43"
Nederland,Solar,Hour,0,0,0,0,"2025-12-16 06:00:00","2025-12-16 07:00:00","2026-09-03 19:20:43"
Nederland,Solar,Hour,0,0,0,0,"2025-12-16 07:00:00","2025-12-16 08:00:00","2026-09-03 19:20:43"
Nederland,Solar,Hour,358147,358145,0,0,"2025-12-16 08:00:00","2025-12-16 09:00:00","2026-09-03 19:20:43"
Nederland,Solar,Hour,1481388,1481387,0,0,"2025-12-16 09:00:00","2025-12-16 10:00:00","2026-09-03 19:20:43"
Nederland,Solar,Hour,2151453,2151451,0,0,"2025-12-16 10:00:00","2025-12-16 11:00:00","2026-09-03 19:20:43"
Nederland,Solar,Hour,2671607,2671605,0,0,"2025-12-16 11:00:00","2025-12-16 12:00:00","2026-09-03 19:20:43"
Nederland,Solar,Hour,2556650,2556646,0,0,"2025-12-16 12:00:00","2025-12-16 13:00:00","2026-09-03 19:20:43"
Nederland,Solar,Hour,2076357,2076355,0,0,"2025-12-16 13:00:00","2025-12-16 14:00:00","2026-09-03 19:20:43"
Nederland,Solar,Hour,1080847,1080846,0,0,"2025-12-16 14:00:00","2025-12-16 15:00:00","2026-09-03 19:20:43"
Nederland,Solar,Hour,54246,54244,0,0,"2025-12-16 15:00:00","2025-12-16 16:00:00","2026-09-03 19:20:43"
Nederland,Solar,Hour,0,0,0,0,"2025-12-16 16:00:00","2025-12-16 17:00:00","2026-09-03 19:20:43"
Nederland,Solar,Hour,0,0,0,0,"2025-12-16 17:00:00","2025-12-16 18:00:00","2026-09-03 19:20:43"
Nederland,Solar,Hour,0,0,0,0,"2025-12-16 18:00:00","2025-12-16 19:00:00","2026-09-03 19:20:43"
Nederland,Solar,Hour,0,0,0,0,"2025-12-16 19:00:00","2025-12-16 20:00:00","2026-09-03 19:20:43"
Nederland,Solar,Hour,0,0,0,0,"2025-12-16 20:00:00","2025-12-16 21:00:00","2026-09-03 19:20:43"
Nederland,Solar,Hour,0,0,0,0,"2025-12-16 21:00:00","2025-12-16 22:00:00","2026-09-03 19:20:43"
Nederland,Solar,Hour,0,0,0,0,"2025-12-16 22:00:00","2025-12-16 23:00:00","2026-09-03 19:20:43"
Nederland,Solar,Hour,0,0,0,0,"2025-12-16 23:00:00","2025-12-17 00:00:00","2026-09-03 19:20:43"
Nederland,Solar,Hour,0,0,0,0,"2025-12-17 00:00:00","2025-12-17 01:00:00","2026-09-03 19:20:43"
Nederland,Solar,Hour,0,0,0,0,"2025-12-17 01:00:00","2025-12-17 02:00:00","2026-09-03 19:20:43"
Nederland,Solar,Hour,0,0,0,0,"2025-12-17 02:00:00","2025-12-17 03:00:00","2026-09-03 19:20:43"
Nederland,Solar,Hour,0,0,0,0,"2025-12-17 03:00:00","2025-12-17 04:00:00","2026-09-03 19:20:43"
Nederland,Solar,Hour,0,0,0,0,"2025-12-17 04:00:00","2025-12-17 05:00:00","2026-09-03 19:20:43"
Nederland,Solar,Hour,0,0,0,0,"2025-12-17 05:00:00","2025-12-17 06:00:00","2026-09-03 19:20:43"
Nederland,Solar,Hour,0,0,0,0,"2025-12-17 06:00:00","2025-12-17 07:00:00","2026-09-03 19:20:43"
Nederland,Solar,Hour,0,0,0,0,"2025-12-17 07:00:00","2025-12-17 08:00:00","2026-09-03 19:20:43"
Nederland,Solar,Hour,52315,52314,0,0,"2025-12-17 08:00:00","2025-12-17 09:00:00","2026-09-03 19:20:43"
Nederland,Solar,Hour,456759,456756,0,0,"2025-12-17 09:00:00","2025-12-17 10:00:00","2026-09-03 19:20:43"
Nederland,Solar,Hour,890292,890290,0,0,"2025-12-17 10:00:00","2025-12-17 11:00:00","2026-09-03 19:20:43"
Nederland,Solar,Hour,1342071,1342069,0,0,"2025-12-17 11:00:00","2025-12-17 12:00:00","2026-09-03 19:20:43"
Nederland,Solar,Hour,1142938,1142936,0,0,"2025-12-17 12:00:00","2025-12-17 13:00:00","2026-09-03 19:20:43"
Nederland,Solar,Hour,892469,892468,0,0,"2025-12-17 13:00:00","2025-12-17 14:00:00","2026-09-03 19:20:43"
Nederland,Solar,Hour,637431,637430,0,0,"2025-12-17 14:00:00","2025-12-17 15:00:00","2026-09-03 19:20:43"
Nederland,Solar,Hour,62773,62772,0,0,"2025-12-17 15:00:00","2025-12-17 16:00:00","2026-09-03 19:20:43"
Nederland,Solar,Hour,0,0,0,0,"2025-12-17 16:00:00","2025-12-17 17:00:00","2026-09-03 19:20:43"
Nederland,Solar,Hour,0,0,0,0,"2025-12-17 17:00:00","2025-12-17 18:00:00","2026-09-03 19:20:43"
Nederland,Solar,Hour,0,0,0,0,"2025-12-17 18:00:00","2025-12-17 19:00:00","2026-09-03 19:20:43"
Nederland,Solar,Hour,0,0,0,0,"2025-12-17 19:00:00","2025-12-17 20:00:00","2026-09-03 19:20:43"
Nederland,Solar,Hour,0,0,0,0,"2025-12-17 20:00:00","2025-12-17 21:00:00","2026-09-03 19:20:43"
Nederland,Solar,Hour,0,0,0,0,"2025-12-17 21:00:00","2025-12-17 22:00:00","2026-09-03 19:20:43"
Nederland,Solar,Hour,0,0,0,0,"2025-12-17 22:00:00","2025-12-17 23:00:00","2026-09-03 19:20:43"
Nederland,Solar,Hour,0,0,0,0,"2025-12-17 23:00:00","2025-12-18 00:00:00","2026-09-03 19:20:43"
Nederland,Solar,Hour,0,0,0,0,"2025-12-18 00:00:00","2025-12-18 01:00:00","2026-09-03 19:20:43"
Nederland,Solar,Hour,0,0,0,0,"2025-12-18 01:00:00","2025-12-18 02:00:00","2026-09-03 19:20:43"
Nederland,Solar,Hour,0,0,0,0,"2025-12-18 02:00:00","2025-12-18 03:00:00","2026-09-03 19:20:43"
Nederland,Solar,Hour,0,0,0,0,"2025-12-18 03:00:00","2025-12-18 04:00:00","2026-09-03 19:20:43"
Nederland,Solar,Hour,0,0,0,0,"2025-12-18 04:00:00","2025-12-18 05:00:00","2026-09-03 19:20:43"
Nederland,Solar,Hour,0,0,0,0,"2025-12-18 05:00:00","2025-12-18 06:00:00","2026-09-03 19:20:43"
Nederland,Solar,Hour,0,0,0,0,"2025-12-18 06:00:00","2025-12-18 07:00:00","2026-09-03 19:20:43"
Nederland,Solar,Hour,0,0,0,0,"2025-12-18 07:00:00","2025-12-18 08:00:00","2026-09-03 19:20:43"
Nederland,Solar,Hour,109088,109086,0,0,"2025-12-18 08:00:00","2025-12-18 09:00:00","2026-09-03 19:20:43"
Nederland,Solar,Hour,735631,735628,0,0,"2025-12-18 09:00:00","2025-12-18 10:00:00","2026-09-03 19:20:43"
Nederland,Solar,Hour,1522376,1522374,0,0,"2025-12-18 10:00:00","2025-12-18 11:00:00","2026-09-03 19:20:43"
Nederland,Solar,Hour,2357400,2357397,0,0,"2025-12-18 11:00:00","2025-12-18 12:00:00","2026-09-03 19:20:43"
Nederland,Solar,Hour,3157222,3157219,0,0,"2025-12-18 12:00:00","2025-12-18 13:00:00","2026-09-03 19:20:43"
Nederland,Solar,Hour,2243504,2243501,0,0,"2025-12-18 13:00:00","2025-12-18 14:00:00","2026-09-03 19:20:43"
Nederland,Solar,Hour,1119352,1119350,0,0,"2025-12-18 14:00:00","2025-12-18 15:00:00","2026-09-03 19:20:43"
Nederland,Solar,Hour,50323,50321,0,0,"2025-12-18 15:00:00","2025-12-18 16:00:00","2026-09-03 19:20:43"
Nederland,Solar,Hour,0,0,0,0,"2025-12-18 16:00:00","2025-12-18 17:00:00","2026-09-03 19:20:43"
Nederland,Solar,Hour,0,0,0,0,"2025-12-18 17:00:00","2025-12-18 18:00:00","2026-09-03 19:20:43"
Nederland,Solar,Hour,0,0,0,0,"2025-12-18 18:00:00","2025-12-18 19:00:00","2026-09-03 19:20:43"
Nederland,Solar,Hour,0,0,0,0,"2025-12-18 19:00:00","2025-12-18 20:00:00","2026-09-03 19:20:43"
Nederland,Solar,Hour,0,0,0,0,"2025-12-18 20:00:00","2025-12-18 21:00:00","2026-09-03 19:20:43"
Nederland,Solar,Hour,0,0,0,0,"2025-12-18 21:00:00","2025-12-18 22:00:00","2026-09-03 19:20:43"
Nederland,Solar,Hour,0,0,0,0,"2025-12-18 22:00:00","2025-12-18 23:00:00","2026-09-03 19:20:43"
Nederland,Solar,Hour,0,0,0,0,"2025-12-18 23:00:00","2025-12-19 00:00:00","2026-09-03 19:20:43"
Nederland,Solar,Hour,0,0,0,0,"2025-12-19 00:00:00","2025-12-19 01:00:00","2026-09-03 19:20:43"
Nederland,Solar,Hour,0,0,0,0,"2025-12-19 01:00:00","2025-12-19 02:00:00","2026-09-03 19:20:43"
Nederland,Solar,Hour,0,0,0,0,"2025-12-19 02:00:00","2025-12-19 03:00:00","2026-09-03 19:20:43"
Nederland,Solar,Hour,0,0,0,0,"2025-12-19 03:00:00","2025-12-19 04:00:00","2026-09-03 19:20:43"
Nederland,Solar,Hour,0,0,0,0,"2025-12-19 04:00:00","2025-12-19 05:00:00","2026-09-03 19:20:43"
Nederland,Solar,Hour,0,0,0,0,"2025-12-19 05:00:00","2025-12-19 06:00:00","2026-09-03 19:20:43"
Nederland,Solar,Hour,0,0,0,0,"2025-12-19 06:00:00","2025-12-19 07:00:00","2026-09-03 19:20:43"
Nederland,Solar,Hour,0,0,0,0,"2025-12-19 07:00:00","2025-12-19 08:00:00","2026-09-03 19:20:43"
Nederland,Solar,Hour,56459,56458,0,0,"2025-12-19 08:00:00","2025-12-19 09:00:00","2026-09-03 19:20:43"
Nederland,Solar,Hour,591781,591779,0,0,"2025-12-19 09:00:00","2025-12-19 10:00:00","2026-09-03 19:20:43"
Nederland,Solar,Hour,1350726,1350724,0,0,"2025-12-19 10:00:00","2025-12-19 11:00:00","2026-09-03 19:20:43"
Nederland,Solar,Hour,1836141,1836138,0,0,"2025-12-19 11:00:00","2025-12-19 12:00:00","2026-09-03 19:20:43"
Nederland,Solar,Hour,2192899,2192898,0,0,"2025-12-19 12:00:00","2025-12-19 13:00:00","2026-09-03 19:20:43"
Nederland,Solar,Hour,1965305,1965304,0,0,"2025-12-19 13:00:00","2025-12-19 14:00:00","2026-09-03 19:20:43"
Nederland,Solar,Hour,1211564,1211562,0,0,"2025-12-19 14:00:00","2025-12-19 15:00:00","2026-09-03 19:20:43"
Nederland,Solar,Hour,102519,102518,0,0,"2025-12-19 15:00:00","2025-12-19 16:00:00","2026-09-03 19:20:43"
Nederland,Solar,Hour,0,0,0,0,"2025-12-19 16:00:00","2025-12-19 17:00:00","2026-09-03 19:20:43"
Nederland,Solar,Hour,0,0,0,0,"2025-12-19 17:00:00","2025-12-19 18:00:00","2026-09-03 19:20:43"
Nederland,Solar,Hour,0,0,0,0,"2025-12-19 18:00:00","2025-12-19 19:00:00","2026-09-03 19:20:43"
Nederland,Solar,Hour,0,0,0,0,"2025-12-19 19:00:00","2025-12-19 20:00:00","2026-09-03 19:20:43"
Nederland,Solar,Hour,0,0,0,0,"2025-12-19 20:00:00","2025-12-19 21:00:00","2026-09-03 19:20:43"
Nederland,Solar,Hour,0,0,0,0,"2025-12-19 21:00:00","2025-12-19 22:00:00","2026-09-03 19:20:43"
Nederland,Solar,Hour,0,0,0,0,"2025-12-19 22:00:00","2025-12-19 23:00:00","2026-09-03 19:20:43"
Nederland,Solar,Hour,0,0,0,0,"2025-12-19 23:00:00","2025-12-20 00:00:00","2026-09-03 19:20:43"
Nederland,Solar,Hour,0,0,0,0,"2025-12-20 00:00:00","2025-12-20 01:00:00","2026-09-03 19:20:43"
Nederland,Solar,Hour,0,0,0,0,"2025-12-20 01:00:00","2025-12-20 02:00:00","2026-09-03 19:20:43"
Nederland,Solar,Hour,0,0,0,0,"2025-12-20 02:00:00","2025-12-20 03:00:00","2026-09-03 19:20:43"
Nederland,Solar,Hour,0,0,0,0,"2025-12-20 03:00:00","2025-12-20 04:00:00","2026-09-03 19:20:43"
Nederland,Solar,Hour,0,0,0,0,"2025-12-20 04:00:00","2025-12-20 05:00:00","2026-09-03 19:20:43"
Nederland,Solar,Hour,0,0,0,0,"2025-12-20 05:00:00","2025-12-20 06:00:00","2026-09-03 19:20:43"
Nederland,Solar,Hour,0,0,0,0,"2025-12-20 06:00:00","2025-12-20 07:00:00","2026-09-03 19:20:43"
Nederland,Solar,Hour,0,0,0,0,"2025-12-20 07:00:00","2025-12-20 08:00:00","2026-09-03 19:20:43"
Nederland,Solar,Hour,223432,223431,0,0,"2025-12-20 08:00:00","2025-12-20 09:00:00","2026-09-03 19:20:43"
Nederland,Solar,Hour,1346301,1346298,0,0,"2025-12-20 09:00:00","2025-12-20 10:00:00","2026-09-03 19:20:43"
Nederland,Solar,Hour,2441876,2441874,0,0,"2025-12-20 10:00:00","2025-12-20 11:00:00","2026-09-03 19:20:43"
Nederland,Solar,Hour,2327780,2327777,0,0,"2025-12-20 11:00:00","2025-12-20 12:00:00","2026-09-03 19:20:43"
Nederland,Solar,Hour,1817488,1817486,0,0,"2025-12-20 12:00:00","2025-12-20 13:00:00","2026-09-03 19:20:43"
Nederland,Solar,Hour,1250652,1250649,0,0,"2025-12-20 13:00:00","2025-12-20 14:00:00","2026-09-03 19:20:43"
Nederland,Solar,Hour,668871,668869,0,0,"2025-12-20 14:00:00","2025-12-20 15:00:00","2026-09-03 19:20:43"
Nederland,Solar,Hour,36811,36810,0,0,"2025-12-20 15:00:00","2025-12-20 16:00:00","2026-09-03 19:20:43"
Nederland,Solar,Hour,0,0,0,0,"2025-12-20 16:00:00","2025-12-20 17:00:00","2026-09-03 19:20:43"
Nederland,Solar,Hour,0,0,0,0,"2025-12-20 17:00:00","2025-12-20 18:00:00","2026-09-03 19:20:43"
Nederland,Solar,Hour,0,0,0,0,"2025-12-20 18:00:00","2025-12-20 19:00:00","2026-09-03 19:20:43"
Nederland,Solar,Hour,0,0,0,0,"2025-12-20 19:00:00","2025-12-20 20:00:00","2026-09-03 19:20:43"
Nederland,Solar,Hour,0,0,0,0,"2025-12-20 20:00:00","2025-12-20 21:00:00","2026-09-03 19:20:43"
Nederland,Solar,Hour,0,0,0,0,"2025-12-20 21:00:00","2025-12-20 22:00:00","2026-09-03 19:20:43"
Nederland,Solar,Hour,0,0,0,0,"2025-12-20 22:00:00","2025-12-20 23:00:00","2026-09-03 19:20:43"
Nederland,Solar,Hour,0,0,0,0,"2025-12-20 23:00:00","2025-12-21 00:00:00","2026-09-03 19:20:43"
Nederland,Solar,Hour,0,0,0,0,"2025-12-21 00:00:00","2025-12-21 01:00:00","2026-09-03 19:18:19"
Nederland,Solar,Hour,0,0,0,0,"2025-12-21 01:00:00","2025-12-21 02:00:00","2026-09-03 19:18:19"
Nederland,Solar,Hour,0,0,0,0,"2025-12-21 02:00:00","2025-12-21 03:00:00","2026-09-03 19:18:19"
Nederland,Solar,Hour,0,0,0,0,"2025-12-21 03:00:00","2025-12-21 04:00:00","2026-09-03 19:18:19"
Nederland,Solar,Hour,0,0,0,0,"2025-12-21 04:00:00","2025-12-21 05:00:00","2026-09-03 19:18:19"
Nederland,Solar,Hour,0,0,0,0,"2025-12-21 05:00:00","2025-12-21 06:00:00","2026-09-03 19:18:19"
Nederland,Solar,Hour,0,0,0,0,"2025-12-21 06:00:00","2025-12-21 07:00:00","2026-09-03 19:18:19"
Nederland,Solar,Hour,0,0,0,0,"2025-12-21 07:00:00","2025-12-21 08:00:00","2026-09-03 19:18:19"
Nederland,Solar,Hour,147173,147172,0,0,"2025-12-21 08:00:00","2025-12-21 09:00:00","2026-09-03 19:18:19"
Nederland,Solar,Hour,1224186,1224183,0,0,"2025-12-21 09:00:00","2025-12-21 10:00:00","2026-09-03 19:18:19"
Nederland,Solar,Hour,2811509,2811508,0,0,"2025-12-21 10:00:00","2025-12-21 11:00:00","2026-09-03 19:18:19"
Nederland,Solar,Hour,3803078,3803076,0,0,"2025-12-21 11:00:00","2025-12-21 12:00:00","2026-09-03 19:18:19"
Nederland,Solar,Hour,3721947,3721945,0,0,"2025-12-21 12:00:00","2025-12-21 13:00:00","2026-09-03 19:18:19"
Nederland,Solar,Hour,3464443,3464441,0,0,"2025-12-21 13:00:00","2025-12-21 14:00:00","2026-09-03 19:18:19"
Nederland,Solar,Hour,1880749,1880746,0,0,"2025-12-21 14:00:00","2025-12-21 15:00:00","2026-09-03 19:18:19"
Nederland,Solar,Hour,107253,107252,0,0,"2025-12-21 15:00:00","2025-12-21 16:00:00","2026-09-03 19:18:19"
Nederland,Solar,Hour,0,0,0,0,"2025-12-21 16:00:00","2025-12-21 17:00:00","2026-09-03 19:18:19"
Nederland,Solar,Hour,0,0,0,0,"2025-12-21 17:00:00","2025-12-21 18:00:00","2026-09-03 19:18:19"
Nederland,Solar,Hour,0,0,0,0,"2025-12-21 18:00:00","2025-12-21 19:00:00","2026-09-03 19:18:19"
Nederland,Solar,Hour,0,0,0,0,"2025-12-21 19:00:00","2025-12-21 20:00:00","2026-09-03 19:18:19"
Nederland,Solar,Hour,0,0,0,0,"2025-12-21 20:00:00","2025-12-21 21:00:00","2026-09-03 19:18:19"
Nederland,Solar,Hour,0,0,0,0,"2025-12-21 21:00:00","2025-12-21 22:00:00","2026-09-03 19:18:19"
Nederland,Solar,Hour,0,0,0,0,"2025-12-21 22:00:00","2025-12-21 23:00:00","2026-09-03 19:18:19"
Nederland,Solar,Hour,0,0,0,0,"2025-12-21 23:00:00","2025-12-22 00:00:00","2026-09-03 19:18:19"
Nederland,Solar,Hour,0,0,0,0,"2025-12-22 00:00:00","2025-12-22 01:00:00","2026-09-03 19:18:19"
Nederland,Solar,Hour,0,0,0,0,"2025-12-22 01:00:00","2025-12-22 02:00:00","2026-09-03 19:18:19"
Nederland,Solar,Hour,0,0,0,0,"2025-12-22 02:00:00","2025-12-22 03:00:00","2026-09-03 19:18:19"
Nederland,Solar,Hour,0,0,0,0,"2025-12-22 03:00:00","2025-12-22 04:00:00","2026-09-03 19:18:19"
Nederland,Solar,Hour,0,0,0,0,"2025-12-22 04:00:00","2025-12-22 05:00:00","2026-09-03 19:18:19"
Nederland,Solar,Hour,0,0,0,0,"2025-12-22 05:00:00","2025-12-22 06:00:00","2026-09-03 19:18:19"
Nederland,Solar,Hour,0,0,0,0,"2025-12-22 06:00:00","2025-12-22 07:00:00","2026-09-03 19:18:19"
Nederland,Solar,Hour,0,0,0,0,"2025-12-22 07:00:00","2025-12-22 08:00:00","2026-09-03 19:18:19"
Nederland,Solar,Hour,237792,237791,0,0,"2025-12-22 08:00:00","2025-12-22 09:00:00","2026-09-03 19:18:19"
Nederland,Solar,Hour,1283946,1283944,0,0,"2025-12-22 09:00:00","2025-12-22 10:00:00","2026-09-03 19:18:19"
Nederland,Solar,Hour,1957582,1957580,0,0,"2025-12-22 10:00:00","2025-12-22 11:00:00","2026-09-03 19:18:19"
Nederland,Solar,Hour,2245240,2245238,0,0,"2025-12-22 11:00:00","2025-12-22 12:00:00","2026-09-03 19:18:19"
Nederland,Solar,Hour,2230997,2230994,0,0,"2025-12-22 12:00:00","2025-12-22 13:00:00","2026-09-03 19:18:19"
Nederland,Solar,Hour,1712311,1712309,0,0,"2025-12-22 13:00:00","2025-12-22 14:00:00","2026-09-03 19:18:19"
Nederland,Solar,Hour,990381,990379,0,0,"2025-12-22 14:00:00","2025-12-22 15:00:00","2026-09-03 19:18:19"
Nederland,Solar,Hour,109495,109494,0,0,"2025-12-22 15:00:00","2025-12-22 16:00:00","2026-09-03 19:18:19"
Nederland,Solar,Hour,0,0,0,0,"2025-12-22 16:00:00","2025-12-22 17:00:00","2026-09-03 19:18:19"
Nederland,Solar,Hour,0,0,0,0,"2025-12-22 17:00:00","2025-12-22 18:00:00","2026-09-03 19:18:19"
Nederland,Solar,Hour,0,0,0,0,"2025-12-22 18:00:00","2025-12-22 19:00:00","2026-09-03 19:18:19"
Nederland,Solar,Hour,0,0,0,0,"2025-12-22 19:00:00","2025-12-22 20:00:00","2026-09-03 19:18:19"
Nederland,Solar,Hour,0,0,0,0,"2025-12-22 20:00:00","2025-12-22 21:00:00","2026-09-03 19:18:19"
Nederland,Solar,Hour,0,0,0,0,"2025-12-22 21:00:00","2025-12-22 22:00:00","2026-09-03 19:18:19"
Nederland,Solar,Hour,0,0,0,0,"2025-12-22 22:00:00","2025-12-22 23:00:00","2026-09-03 19:18:19"
Nederland,Solar,Hour,0,0,0,0,"2025-12-22 23:00:00","2025-12-23 00:00:00","2026-09-03 19:18:19"
Nederland,Solar,Hour,0,0,0,0,"2025-12-23 00:00:00","2025-12-23 01:00:00","2026-09-03 19:18:19"
Nederland,Solar,Hour,0,0,0,0,"2025-12-23 01:00:00","2025-12-23 02:00:00","2026-09-03 19:18:19"
Nederland,Solar,Hour,0,0,0,0,"2025-12-23 02:00:00","2025-12-23 03:00:00","2026-09-03 19:18:19"
Nederland,Solar,Hour,0,0,0,0,"2025-12-23 03:00:00","2025-12-23 04:00:00","2026-09-03 19:18:19"
Nederland,Solar,Hour,0,0,0,0,"2025-12-23 04:00:00","2025-12-23 05:00:00","2026-09-03 19:18:19"
Nederland,Solar,Hour,0,0,0,0,"2025-12-23 05:00:00","2025-12-23 06:00:00","2026-09-03 19:18:19"
Nederland,Solar,Hour,0,0,0,0,"2025-12-23 06:00:00","2025-12-23 07:00:00","2026-09-03 19:18:19"
Nederland,Solar,Hour,0,0,0,0,"2025-12-23 07:00:00","2025-12-23 08:00:00","2026-09-03 19:18:19"
Nederland,Solar,Hour,26769,26768,0,0,"2025-12-23 08:00:00","2025-12-23 09:00:00","2026-09-03 19:18:19"
Nederland,Solar,Hour,272050,272046,0,0,"2025-12-23 09:00:00","2025-12-23 10:00:00","2026-09-03 19:18:19"
Nederland,Solar,Hour,526257,526255,0,0,"2025-12-23 10:00:00","2025-12-23 11:00:00","2026-09-03 19:18:19"
Nederland,Solar,Hour,626626,626623,0,0,"2025-12-23 11:00:00","2025-12-23 12:00:00","2026-09-03 19:18:19"
Nederland,Solar,Hour,589365,589363,0,0,"2025-12-23 12:00:00","2025-12-23 13:00:00","2026-09-03 19:18:19"
Nederland,Solar,Hour,439752,439751,0,0,"2025-12-23 13:00:00","2025-12-23 14:00:00","2026-09-03 19:18:19"
Nederland,Solar,Hour,177964,177962,0,0,"2025-12-23 14:00:00","2025-12-23 15:00:00","2026-09-03 19:18:19"
Nederland,Solar,Hour,8311,8311,0,0,"2025-12-23 15:00:00","2025-12-23 16:00:00","2026-09-03 19:18:19"
Nederland,Solar,Hour,0,0,0,0,"2025-12-23 16:00:00","2025-12-23 17:00:00","2026-09-03 19:18:19"
Nederland,Solar,Hour,0,0,0,0,"2025-12-23 17:00:00","2025-12-23 18:00:00","2026-09-03 19:18:19"
Nederland,Solar,Hour,0,0,0,0,"2025-12-23 18:00:00","2025-12-23 19:00:00","2026-09-03 19:18:19"
Nederland,Solar,Hour,0,0,0,0,"2025-12-23 19:00:00","2025-12-23 20:00:00","2026-09-03 19:18:19"
Nederland,Solar,Hour,0,0,0,0,"2025-12-23 20:00:00","2025-12-23 21:00:00","2026-09-03 19:18:19"
Nederland,Solar,Hour,0,0,0,0,"2025-12-23 21:00:00","2025-12-23 22:00:00","2026-09-03 19:18:19"
Nederland,Solar,Hour,0,0,0,0,"2025-12-23 22:00:00","2025-12-23 23:00:00","2026-09-03 19:18:19"
Nederland,Solar,Hour,0,0,0,0,"2025-12-23 23:00:00","2025-12-24 00:00:00","2026-09-03 19:18:19"
Nederland,Solar,Hour,0,0,0,0,"2025-12-24 00:00:00","2025-12-24 01:00:00","2026-09-03 19:18:19"
Nederland,Solar,Hour,0,0,0,0,"2025-12-24 01:00:00","2025-12-24 02:00:00","2026-09-03 19:18:19"
Nederland,Solar,Hour,0,0,0,0,"2025-12-24 02:00:00","2025-12-24 03:00:00","2026-09-03 19:18:19"
Nederland,Solar,Hour,0,0,0,0,"2025-12-24 03:00:00","2025-12-24 04:00:00","2026-09-03 19:18:19"
Nederland,Solar,Hour,0,0,0,0,"2025-12-24 04:00:00","2025-12-24 05:00:00","2026-09-03 19:18:19"
Nederland,Solar,Hour,0,0,0,0,"2025-12-24 05:00:00","2025-12-24 06:00:00","2026-09-03 19:18:19"
Nederland,Solar,Hour,0,0,0,0,"2025-12-24 06:00:00","2025-12-24 07:00:00","2026-09-03 19:18:19"
Nederland,Solar,Hour,0,0,0,0,"2025-12-24 07:00:00","2025-12-24 08:00:00","2026-09-03 19:18:19"
Nederland,Solar,Hour,496627,496624,0,0,"2025-12-24 08:00:00","2025-12-24 09:00:00","2026-09-03 19:18:19"
Nederland,Solar,Hour,3460106,3460103,0,0,"2025-12-24 09:00:00","2025-12-24 10:00:00","2026-09-03 19:18:19"
Nederland,Solar,Hour,5803569,5803566,0,0,"2025-12-24 10:00:00","2025-12-24 11:00:00","2026-09-03 19:18:19"
Nederland,Solar,Hour,6679957,6679955,0,0,"2025-12-24 11:00:00","2025-12-24 12:00:00","2026-09-03 19:18:19"
Nederland,Solar,Hour,6686375,6686373,0,0,"2025-12-24 12:00:00","2025-12-24 13:00:00","2026-09-03 19:18:19"
Nederland,Solar,Hour,5669060,5669058,0,0,"2025-12-24 13:00:00","2025-12-24 14:00:00","2026-09-03 19:18:19"
Nederland,Solar,Hour,3888554,3888552,0,0,"2025-12-24 14:00:00","2025-12-24 15:00:00","2026-09-03 19:18:19"
Nederland,Solar,Hour,327465,327462,0,0,"2025-12-24 15:00:00","2025-12-24 16:00:00","2026-09-03 19:18:19"
Nederland,Solar,Hour,0,0,0,0,"2025-12-24 16:00:00","2025-12-24 17:00:00","2026-09-03 19:18:19"
Nederland,Solar,Hour,0,0,0,0,"2025-12-24 17:00:00","2025-12-24 18:00:00","2026-09-03 19:18:19"
Nederland,Solar,Hour,0,0,0,0,"2025-12-24 18:00:00","2025-12-24 19:00:00","2026-09-03 19:18:19"
Nederland,Solar,Hour,0,0,0,0,"2025-12-24 19:00:00","2025-12-24 20:00:00","2026-09-03 19:18:19"
Nederland,Solar,Hour,0,0,0,0,"2025-12-24 20:00:00","2025-12-24 21:00:00","2026-09-03 19:18:19"
Nederland,Solar,Hour,0,0,0,0,"2025-12-24 21:00:00","2025-12-24 22:00:00","2026-09-03 19:18:19"
Nederland,Solar,Hour,0,0,0,0,"2025-12-24 22:00:00","2025-12-24 23:00:00","2026-09-03 19:18:19"
Nederland,Solar,Hour,0,0,0,0,"2025-12-24 23:00:00","2025-12-25 00:00:00","2026-09-03 19:18:19"
Nederland,Solar,Hour,0,0,0,0,"2025-12-25 00:00:00","2025-12-25 01:00:00","2026-09-03 19:18:19"
Nederland,Solar,Hour,0,0,0,0,"2025-12-25 01:00:00","2025-12-25 02:00:00","2026-09-03 19:18:19"
Nederland,Solar,Hour,0,0,0,0,"2025-12-25 02:00:00","2025-12-25 03:00:00","2026-09-03 19:18:19"
Nederland,Solar,Hour,0,0,0,0,"2025-12-25 03:00:00","2025-12-25 04:00:00","2026-09-03 19:18:19"
Nederland,Solar,Hour,0,0,0,0,"2025-12-25 04:00:00","2025-12-25 05:00:00","2026-09-03 19:18:19"
Nederland,Solar,Hour,0,0,0,0,"2025-12-25 05:00:00","2025-12-25 06:00:00","2026-09-03 19:18:19"
Nederland,Solar,Hour,0,0,0,0,"2025-12-25 06:00:00","2025-12-25 07:00:00","2026-09-03 19:18:19"
Nederland,Solar,Hour,0,0,0,0,"2025-12-25 07:00:00","2025-12-25 08:00:00","2026-09-03 19:18:19"
Nederland,Solar,Hour,551410,551408,0,0,"2025-12-25 08:00:00","2025-12-25 09:00:00","2026-09-03 19:18:19"
Nederland,Solar,Hour,3825020,3825018,0,0,"2025-12-25 09:00:00","2025-12-25 10:00:00","2026-09-03 19:18:19"
Nederland,Solar,Hour,6316565,6316562,0,0,"2025-12-25 10:00:00","2025-12-25 11:00:00","2026-09-03 19:18:19"
Nederland,Solar,Hour,7244600,7244598,0,0,"2025-12-25 11:00:00","2025-12-25 12:00:00","2026-09-03 19:18:19"
Nederland,Solar,Hour,7105741,7105738,0,0,"2025-12-25 12:00:00","2025-12-25 13:00:00","2026-09-03 19:18:19"
Nederland,Solar,Hour,5617316,5617314,0,0,"2025-12-25 13:00:00","2025-12-25 14:00:00","2026-09-03 19:18:19"
Nederland,Solar,Hour,3950721,3950719,0,0,"2025-12-25 14:00:00","2025-12-25 15:00:00","2026-09-03 19:18:19"
Nederland,Solar,Hour,284807,284805,0,0,"2025-12-25 15:00:00","2025-12-25 16:00:00","2026-09-03 19:18:19"
Nederland,Solar,Hour,0,0,0,0,"2025-12-25 16:00:00","2025-12-25 17:00:00","2026-09-03 19:18:19"
Nederland,Solar,Hour,0,0,0,0,"2025-12-25 17:00:00","2025-12-25 18:00:00","2026-09-03 19:18:19"
Nederland,Solar,Hour,0,0,0,0,"2025-12-25 18:00:00","2025-12-25 19:00:00","2026-09-03 19:18:19"
Nederland,Solar,Hour,0,0,0,0,"2025-12-25 19:00:00","2025-12-25 20:00:00","2026-09-03 19:18:19"
Nederland,Solar,Hour,0,0,0,0,"2025-12-25 20:00:00","2025-12-25 21:00:00","2026-09-03 19:18:19"
Nederland,Solar,Hour,0,0,0,0,"2025-12-25 21:00:00","2025-12-25 22:00:00","2026-09-03 19:18:19"
Nederland,Solar,Hour,0,0,0,0,"2025-12-25 22:00:00","2025-12-25 23:00:00","2026-09-03 19:18:19"
Nederland,Solar,Hour,0,0,0,0,"2025-12-25 23:00:00","2025-12-26 00:00:00","2026-09-03 19:18:19"
Nederland,Solar,Hour,0,0,0,0,"2025-12-26 00:00:00","2025-12-26 01:00:00","2026-09-03 19:16:45"
Nederland,Solar,Hour,0,0,0,0,"2025-12-26 01:00:00","2025-12-26 02:00:00","2026-09-03 19:16:45"
Nederland,Solar,Hour,0,0,0,0,"2025-12-26 02:00:00","2025-12-26 03:00:00","2026-09-03 19:16:45"
Nederland,Solar,Hour,0,0,0,0,"2025-12-26 03:00:00","2025-12-26 04:00:00","2026-09-03 19:16:45"
Nederland,Solar,Hour,0,0,0,0,"2025-12-26 04:00:00","2025-12-26 05:00:00","2026-09-03 19:16:45"
Nederland,Solar,Hour,0,0,0,0,"2025-12-26 05:00:00","2025-12-26 06:00:00","2026-09-03 19:16:45"
Nederland,Solar,Hour,0,0,0,0,"2025-12-26 06:00:00","2025-12-26 07:00:00","2026-09-03 19:16:45"
Nederland,Solar,Hour,0,0,0,0,"2025-12-26 07:00:00","2025-12-26 08:00:00","2026-09-03 19:16:45"
Nederland,Solar,Hour,431833,431832,0,0,"2025-12-26 08:00:00","2025-12-26 09:00:00","2026-09-03 19:16:45"
Nederland,Solar,Hour,3295987,3295985,0,0,"2025-12-26 09:00:00","2025-12-26 10:00:00","2026-09-03 19:16:45"
Nederland,Solar,Hour,6003335,6003333,0,0,"2025-12-26 10:00:00","2025-12-26 11:00:00","2026-09-03 19:16:45"
Nederland,Solar,Hour,7144149,7144146,0,0,"2025-12-26 11:00:00","2025-12-26 12:00:00","2026-09-03 19:16:45"
Nederland,Solar,Hour,7073705,7073702,0,0,"2025-12-26 12:00:00","2025-12-26 13:00:00","2026-09-03 19:16:45"
Nederland,Solar,Hour,5898306,5898304,0,0,"2025-12-26 13:00:00","2025-12-26 14:00:00","2026-09-03 19:16:45"
Nederland,Solar,Hour,3878004,3878000,0,0,"2025-12-26 14:00:00","2025-12-26 15:00:00","2026-09-03 19:16:45"
Nederland,Solar,Hour,316949,316948,0,0,"2025-12-26 15:00:00","2025-12-26 16:00:00","2026-09-03 19:16:45"
Nederland,Solar,Hour,0,0,0,0,"2025-12-26 16:00:00","2025-12-26 17:00:00","2026-09-03 19:16:45"
Nederland,Solar,Hour,0,0,0,0,"2025-12-26 17:00:00","2025-12-26 18:00:00","2026-09-03 19:16:45"
Nederland,Solar,Hour,0,0,0,0,"2025-12-26 18:00:00","2025-12-26 19:00:00","2026-09-03 19:16:45"
Nederland,Solar,Hour,0,0,0,0,"2025-12-26 19:00:00","2025-12-26 20:00:00","2026-09-03 19:16:45"
Nederland,Solar,Hour,0,0,0,0,"2025-12-26 20:00:00","2025-12-26 21:00:00","2026-09-03 19:16:45"
Nederland,Solar,Hour,0,0,0,0,"2025-12-26 21:00:00","2025-12-26 22:00:00","2026-09-03 19:16:45"
Nederland,Solar,Hour,0,0,0,0,"2025-12-26 22:00:00","2025-12-26 23:00:00","2026-09-03 19:16:45"
Nederland,Solar,Hour,0,0,0,0,"2025-12-26 23:00:00","2025-12-27 00:00:00","2026-09-03 19:16:45"
Nederland,Solar,Hour,0,0,0,0,"2025-12-27 00:00:00","2025-12-27 01:00:00","2026-09-03 19:16:45"
Nederland,Solar,Hour,0,0,0,0,"2025-12-27 01:00:00","2025-12-27 02:00:00","2026-09-03 19:16:45"
Nederland,Solar,Hour,0,0,0,0,"2025-12-27 02:00:00","2025-12-27 03:00:00","2026-09-03 19:16:45"
Nederland,Solar,Hour,0,0,0,0,"2025-12-27 03:00:00","2025-12-27 04:00:00","2026-09-03 19:16:45"
Nederland,Solar,Hour,0,0,0,0,"2025-12-27 04:00:00","2025-12-27 05:00:00","2026-09-03 19:16:45"
Nederland,Solar,Hour,0,0,0,0,"2025-12-27 05:00:00","2025-12-27 06:00:00","2026-09-03 19:16:45"
Nederland,Solar,Hour,0,0,0,0,"2025-12-27 06:00:00","2025-12-27 07:00:00","2026-09-03 19:16:45"
Nederland,Solar,Hour,0,0,0,0,"2025-12-27 07:00:00","2025-12-27 08:00:00","2026-09-03 19:16:45"
Nederland,Solar,Hour,261907,261905,0,0,"2025-12-27 08:00:00","2025-12-27 09:00:00","2026-09-03 19:16:45"
Nederland,Solar,Hour,1268154,1268152,0,0,"2025-12-27 09:00:00","2025-12-27 10:00:00","2026-09-03 19:16:45"
Nederland,Solar,Hour,1926202,1926200,0,0,"2025-12-27 10:00:00","2025-12-27 11:00:00","2026-09-03 19:16:45"
Nederland,Solar,Hour,2375537,2375535,0,0,"2025-12-27 11:00:00","2025-12-27 12:00:00","2026-09-03 19:16:45"
Nederland,Solar,Hour,2150693,2150692,0,0,"2025-12-27 12:00:00","2025-12-27 13:00:00","2026-09-03 19:16:45"
Nederland,Solar,Hour,1584734,1584732,0,0,"2025-12-27 13:00:00","2025-12-27 14:00:00","2026-09-03 19:16:45"
Nederland,Solar,Hour,689103,689102,0,0,"2025-12-27 14:00:00","2025-12-27 15:00:00","2026-09-03 19:16:45"
Nederland,Solar,Hour,110480,110479,0,0,"2025-12-27 15:00:00","2025-12-27 16:00:00","2026-09-03 19:16:45"
Nederland,Solar,Hour,0,0,0,0,"2025-12-27 16:00:00","2025-12-27 17:00:00","2026-09-03 19:16:45"
Nederland,Solar,Hour,0,0,0,0,"2025-12-27 17:00:00","2025-12-27 18:00:00","2026-09-03 19:16:45"
Nederland,Solar,Hour,0,0,0,0,"2025-12-27 18:00:00","2025-12-27 19:00:00","2026-09-03 19:16:45"
Nederland,Solar,Hour,0,0,0,0,"2025-12-27 19:00:00","2025-12-27 20:00:00","2026-09-03 19:16:45"
Nederland,Solar,Hour,0,0,0,0,"2025-12-27 20:00:00","2025-12-27 21:00:00","2026-09-03 19:16:45"
Nederland,Solar,Hour,0,0,0,0,"2025-12-27 21:00:00","2025-12-27 22:00:00","2026-09-03 19:16:45"
Nederland,Solar,Hour,0,0,0,0,"2025-12-27 22:00:00","2025-12-27 23:00:00","2026-09-03 19:16:45"
Nederland,Solar,Hour,0,0,0,0,"2025-12-27 23:00:00","2025-12-28 00:00:00","2026-09-03 19:16:45"
Nederland,Solar,Hour,0,0,0,0,"2025-12-28 00:00:00","2025-12-28 01:00:00","2026-09-03 19:16:45"
Nederland,Solar,Hour,0,0,0,0,"2025-12-28 01:00:00","2025-12-28 02:00:00","2026-09-03 19:16:45"
Nederland,Solar,Hour,0,0,0,0,"2025-12-28 02:00:00","2025-12-28 03:00:00","2026-09-03 19:16:45"
Nederland,Solar,Hour,0,0,0,0,"2025-12-28 03:00:00","2025-12-28 04:00:00","2026-09-03 19:16:45"
Nederland,Solar,Hour,0,0,0,0,"2025-12-28 04:00:00","2025-12-28 05:00:00","2026-09-03 19:16:45"
Nederland,Solar,Hour,0,0,0,0,"2025-12-28 05:00:00","2025-12-28 06:00:00","2026-09-03 19:16:45"
Nederland,Solar,Hour,0,0,0,0,"2025-12-28 06:00:00","2025-12-28 07:00:00","2026-09-03 19:16:45"
Nederland,Solar,Hour,0,0,0,0,"2025-12-28 07:00:00","2025-12-28 08:00:00","2026-09-03 19:16:45"
Nederland,Solar,Hour,372941,372939,0,0,"2025-12-28 08:00:00","2025-12-28 09:00:00","2026-09-03 19:16:45"
Nederland,Solar,Hour,2761096,2761094,0,0,"2025-12-28 09:00:00","2025-12-28 10:00:00","2026-09-03 19:16:45"
Nederland,Solar,Hour,4864313,4864310,0,0,"2025-12-28 10:00:00","2025-12-28 11:00:00","2026-09-03 19:16:45"
Nederland,Solar,Hour,5820732,5820729,0,0,"2025-12-28 11:00:00","2025-12-28 12:00:00","2026-09-03 19:16:45"
Nederland,Solar,Hour,5836874,5836872,0,0,"2025-12-28 12:00:00","2025-12-28 13:00:00","2026-09-03 19:16:45"
Nederland,Solar,Hour,4751312,4751310,0,0,"2025-12-28 13:00:00","2025-12-28 14:00:00","2026-09-03 19:16:45"
Nederland,Solar,Hour,3074491,3074489,0,0,"2025-12-28 14:00:00","2025-12-28 15:00:00","2026-09-03 19:16:45"
Nederland,Solar,Hour,288556,288554,0,0,"2025-12-28 15:00:00","2025-12-28 16:00:00","2026-09-03 19:16:45"
Nederland,Solar,Hour,0,0,0,0,"2025-12-28 16:00:00","2025-12-28 17:00:00","2026-09-03 19:16:45"
Nederland,Solar,Hour,0,0,0,0,"2025-12-28 17:00:00","2025-12-28 18:00:00","2026-09-03 19:16:45"
Nederland,Solar,Hour,0,0,0,0,"2025-12-28 18:00:00","2025-12-28 19:00:00","2026-09-03 19:16:45"
Nederland,Solar,Hour,0,0,0,0,"2025-12-28 19:00:00","2025-12-28 20:00:00","2026-09-03 19:16:45"
Nederland,Solar,Hour,0,0,0,0,"2025-12-28 20:00:00","2025-12-28 21:00:00","2026-09-03 19:16:45"
Nederland,Solar,Hour,0,0,0,0,"2025-12-28 21:00:00","2025-12-28 22:00:00","2026-09-03 19:16:45"
Nederland,Solar,Hour,0,0,0,0,"2025-12-28 22:00:00","2025-12-28 23:00:00","2026-09-03 19:16:45"
Nederland,Solar,Hour,0,0,0,0,"2025-12-28 23:00:00","2025-12-29 00:00:00","2026-09-03 19:16:45"
Nederland,Solar,Hour,0,0,0,0,"2025-12-29 00:00:00","2025-12-29 01:00:00","2026-09-03 19:16:45"
Nederland,Solar,Hour,0,0,0,0,"2025-12-29 01:00:00","2025-12-29 02:00:00","2026-09-03 19:16:45"
Nederland,Solar,Hour,0,0,0,0,"2025-12-29 02:00:00","2025-12-29 03:00:00","2026-09-03 19:16:45"
Nederland,Solar,Hour,0,0,0,0,"2025-12-29 03:00:00","2025-12-29 04:00:00","2026-09-03 19:16:45"
Nederland,Solar,Hour,0,0,0,0,"2025-12-29 04:00:00","2025-12-29 05:00:00","2026-09-03 19:16:45"
Nederland,Solar,Hour,0,0,0,0,"2025-12-29 05:00:00","2025-12-29 06:00:00","2026-09-03 19:16:45"
Nederland,Solar,Hour,0,0,0,0,"2025-12-29 06:00:00","2025-12-29 07:00:00","2026-09-03 19:16:45"
Nederland,Solar,Hour,0,0,0,0,"2025-12-29 07:00:00","2025-12-29 08:00:00","2026-09-03 19:16:45"
Nederland,Solar,Hour,50809,50807,0,0,"2025-12-29 08:00:00","2025-12-29 09:00:00","2026-09-03 19:16:45"
Nederland,Solar,Hour,426812,426809,0,0,"2025-12-29 09:00:00","2025-12-29 10:00:00","2026-09-03 19:16:45"
Nederland,Solar,Hour,830465,830462,0,0,"2025-12-29 10:00:00","2025-12-29 11:00:00","2026-09-03 19:16:45"
Nederland,Solar,Hour,1155008,1155005,0,0,"2025-12-29 11:00:00","2025-12-29 12:00:00","2026-09-03 19:16:45"
Nederland,Solar,Hour,1329375,1329372,0,0,"2025-12-29 12:00:00","2025-12-29 13:00:00","2026-09-03 19:16:45"
Nederland,Solar,Hour,1308359,1308356,0,0,"2025-12-29 13:00:00","2025-12-29 14:00:00","2026-09-03 19:16:45"
Nederland,Solar,Hour,808450,808450,0,0,"2025-12-29 14:00:00","2025-12-29 15:00:00","2026-09-03 19:16:45"
Nederland,Solar,Hour,160144,160143,0,0,"2025-12-29 15:00:00","2025-12-29 16:00:00","2026-09-03 19:16:45"
Nederland,Solar,Hour,0,0,0,0,"2025-12-29 16:00:00","2025-12-29 17:00:00","2026-09-03 19:16:45"
Nederland,Solar,Hour,0,0,0,0,"2025-12-29 17:00:00","2025-12-29 18:00:00","2026-09-03 19:16:45"
Nederland,Solar,Hour,0,0,0,0,"2025-12-29 18:00:00","2025-12-29 19:00:00","2026-09-03 19:16:45"
Nederland,Solar,Hour,0,0,0,0,"2025-12-29 19:00:00","2025-12-29 20:00:00","2026-09-03 19:16:45"
Nederland,Solar,Hour,0,0,0,0,"2025-12-29 20:00:00","2025-12-29 21:00:00","2026-09-03 19:16:45"
Nederland,Solar,Hour,0,0,0,0,"2025-12-29 21:00:00","2025-12-29 22:00:00","2026-09-03 19:16:45"
Nederland,Solar,Hour,0,0,0,0,"2025-12-29 22:00:00","2025-12-29 23:00:00","2026-09-03 19:16:45"
Nederland,Solar,Hour,0,0,0,0,"2025-12-29 23:00:00","2025-12-30 00:00:00","2026-09-03 19:16:45"
Nederland,Solar,Hour,0,0,0,0,"2025-12-30 00:00:00","2025-12-30 01:00:00","2026-09-03 19:16:45"
Nederland,Solar,Hour,0,0,0,0,"2025-12-30 01:00:00","2025-12-30 02:00:00","2026-09-03 19:16:45"
Nederland,Solar,Hour,0,0,0,0,"2025-12-30 02:00:00","2025-12-30 03:00:00","2026-09-03 19:16:45"
Nederland,Solar,Hour,0,0,0,0,"2025-12-30 03:00:00","2025-12-30 04:00:00","2026-09-03 19:16:45"
Nederland,Solar,Hour,0,0,0,0,"2025-12-30 04:00:00","2025-12-30 05:00:00","2026-09-03 19:16:45"
Nederland,Solar,Hour,0,0,0,0,"2025-12-30 05:00:00","2025-12-30 06:00:00","2026-09-03 19:16:45"
Nederland,Solar,Hour,0,0,0,0,"2025-12-30 06:00:00","2025-12-30 07:00:00","2026-09-03 19:16:45"
Nederland,Solar,Hour,0,0,0,0,"2025-12-30 07:00:00","2025-12-30 08:00:00","2026-09-03 19:16:45"
Nederland,Solar,Hour,395582,395581,0,0,"2025-12-30 08:00:00","2025-12-30 09:00:00","2026-09-03 19:16:45"
Nederland,Solar,Hour,3330710,3330707,0,0,"2025-12-30 09:00:00","2025-12-30 10:00:00","2026-09-03 19:16:45"
Nederland,Solar,Hour,4530885,4530882,0,0,"2025-12-30 10:00:00","2025-12-30 11:00:00","2026-09-03 19:16:45"
Nederland,Solar,Hour,5260641,5260639,0,0,"2025-12-30 11:00:00","2025-12-30 12:00:00","2026-09-03 19:16:45"
Nederland,Solar,Hour,5345889,5345887,0,0,"2025-12-30 12:00:00","2025-12-30 13:00:00","2026-09-03 19:16:45"
Nederland,Solar,Hour,4062223,4062220,0,0,"2025-12-30 13:00:00","2025-12-30 14:00:00","2026-09-03 19:16:45"
Nederland,Solar,Hour,2952358,2952356,0,0,"2025-12-30 14:00:00","2025-12-30 15:00:00","2026-09-03 19:16:45"
Nederland,Solar,Hour,239021,239020,0,0,"2025-12-30 15:00:00","2025-12-30 16:00:00","2026-09-03 19:16:45"
Nederland,Solar,Hour,0,0,0,0,"2025-12-30 16:00:00","2025-12-30 17:00:00","2026-09-03 19:16:45"
Nederland,Solar,Hour,0,0,0,0,"2025-12-30 17:00:00","2025-12-30 18:00:00","2026-09-03 19:16:45"
Nederland,Solar,Hour,0,0,0,0,"2025-12-30 18:00:00","2025-12-30 19:00:00","2026-09-03 19:16:45"
Nederland,Solar,Hour,0,0,0,0,"2025-12-30 19:00:00","2025-12-30 20:00:00","2026-09-03 19:16:45"
Nederland,Solar,Hour,0,0,0,0,"2025-12-30 20:00:00","2025-12-30 21:00:00","2026-09-03 19:16:45"
Nederland,Solar,Hour,0,0,0,0,"2025-12-30 21:00:00","2025-12-30 22:00:00","2026-09-03 19:16:45"
Nederland,Solar,Hour,0,0,0,0,"2025-12-30 22:00:00","2025-12-30 23:00:00","2026-09-03 19:16:45"
Nederland,Solar,Hour,0,0,0,0,"2025-12-30 23:00:00","2025-12-31 00:00:00","2026-09-03 19:16:45"
Nederland,Solar,Hour,0,0,0,0,"2025-12-31 00:00:00","2025-12-31 01:00:00","2026-09-03 19:15:14"
Nederland,Solar,Hour,0,0,0,0,"2025-12-31 01:00:00","2025-12-31 02:00:00","2026-09-03 19:15:14"
Nederland,Solar,Hour,0,0,0,0,"2025-12-31 02:00:00","2025-12-31 03:00:00","2026-09-03 19:15:14"
Nederland,Solar,Hour,0,0,0,0,"2025-12-31 03:00:00","2025-12-31 04:00:00","2026-09-03 19:15:14"
Nederland,Solar,Hour,0,0,0,0,"2025-12-31 04:00:00","2025-12-31 05:00:00","2026-09-03 19:15:14"
Nederland,Solar,Hour,0,0,0,0,"2025-12-31 05:00:00","2025-12-31 06:00:00","2026-09-03 19:15:14"
Nederland,Solar,Hour,0,0,0,0,"2025-12-31 06:00:00","2025-12-31 07:00:00","2026-09-03 19:15:14"
Nederland,Solar,Hour,0,0,0,0,"2025-12-31 07:00:00","2025-12-31 08:00:00","2026-09-03 19:15:14"
Nederland,Solar,Hour,311549,311546,0,0,"2025-12-31 08:00:00","2025-12-31 09:00:00","2026-09-03 19:15:14"
Nederland,Solar,Hour,2019548,2019545,0,0,"2025-12-31 09:00:00","2025-12-31 10:00:00","2026-09-03 19:15:14"
Nederland,Solar,Hour,3162511,3162508,0,0,"2025-12-31 10:00:00","2025-12-31 11:00:00","2026-09-03 19:15:14"
Nederland,Solar,Hour,3525359,3525357,0,0,"2025-12-31 11:00:00","2025-12-31 12:00:00","2026-09-03 19:15:14"
Nederland,Solar,Hour,3146553,3146552,0,0,"2025-12-31 12:00:00","2025-12-31 13:00:00","2026-09-03 19:15:14"
Nederland,Solar,Hour,1915071,1915069,0,0,"2025-12-31 13:00:00","2025-12-31 14:00:00","2026-09-03 19:15:14"
Nederland,Solar,Hour,825766,825763,0,0,"2025-12-31 14:00:00","2025-12-31 15:00:00","2026-09-03 19:15:14"
Nederland,Solar,Hour,97767,97765,0,0,"2025-12-31 15:00:00","2025-12-31 16:00:00","2026-09-03 19:15:14"
Nederland,Solar,Hour,0,0,0,0,"2025-12-31 16:00:00","2025-12-31 17:00:00","2026-09-03 19:15:14"
Nederland,Solar,Hour,0,0,0,0,"2025-12-31 17:00:00","2025-12-31 18:00:00","2026-09-03 19:15:14"
Nederland,Solar,Hour,0,0,0,0,"2025-12-31 18:00:00","2025-12-31 19:00:00","2026-09-03 19:15:14"
Nederland,Solar,Hour,0,0,0,0,"2025-12-31 19:00:00","2025-12-31 20:00:00","2026-09-03 19:15:14"
Nederland,Solar,Hour,0,0,0,0,"2025-12-31 20:00:00","2025-12-31 21:00:00","2026-09-03 19:15:14"
Nederland,Solar,Hour,0,0,0,0,"2025-12-31 21:00:00","2025-12-31 22:00:00","2026-09-03 19:15:14"
Nederland,Solar,Hour,0,0,0,0,"2025-12-31 22:00:00","2025-12-31 23:00:00","2026-09-03 19:15:14"
Nederland,Solar,Hour,0,0,0,0,"2025-12-31 23:00:00","2026-01-01 00:00:00","2026-09-03 19:15:14"
Nederland,Solar,Hour,0,0,0,0,"2026-01-01 00:00:00","2026-01-01 01:00:00","2026-09-03 19:15:14"
Nederland,Solar,Hour,0,0,0,0,"2026-01-01 01:00:00","2026-01-01 02:00:00","2026-09-03 19:15:14"
Nederland,Solar,Hour,0,0,0,0,"2026-01-01 02:00:00","2026-01-01 03:00:00","2026-09-03 19:15:14"
Nederland,Solar,Hour,0,0,0,0,"2026-01-01 03:00:00","2026-01-01 04:00:00","2026-09-03 19:15:14"
Nederland,Solar,Hour,0,0,0,0,"2026-01-01 04:00:00","2026-01-01 05:00:00","2026-09-03 19:15:14"
Nederland,Solar,Hour,0,0,0,0,"2026-01-01 05:00:00","2026-01-01 06:00:00","2026-09-03 19:15:14"
Nederland,Solar,Hour,0,0,0,0,"2026-01-01 06:00:00","2026-01-01 07:00:00","2026-09-03 19:15:14"
Nederland,Solar,Hour,0,0,0,0,"2026-01-01 07:00:00","2026-01-01 08:00:00","2026-09-03 19:15:14"
Nederland,Solar,Hour,12267,12267,0,0,"2026-01-01 08:00:00","2026-01-01 09:00:00","2026-09-03 19:15:14"
Nederland,Solar,Hour,149756,149755,0,0,"2026-01-01 09:00:00","2026-01-01 10:00:00","2026-09-03 19:15:14"
Nederland,Solar,Hour,528145,528142,0,0,"2026-01-01 10:00:00","2026-01-01 11:00:00","2026-09-03 19:15:14"
Nederland,Solar,Hour,961436,961435,0,0,"2026-01-01 11:00:00","2026-01-01 12:00:00","2026-09-03 19:15:14"
Nederland,Solar,Hour,892619,892618,0,0,"2026-01-01 12:00:00","2026-01-01 13:00:00","2026-09-03 19:15:14"
Nederland,Solar,Hour,926233,926229,0,0,"2026-01-01 13:00:00","2026-01-01 14:00:00","2026-09-03 19:15:14"
Nederland,Solar,Hour,507782,507780,0,0,"2026-01-01 14:00:00","2026-01-01 15:00:00","2026-09-03 19:15:14"
Nederland,Solar,Hour,40093,40092,0,0,"2026-01-01 15:00:00","2026-01-01 16:00:00","2026-09-03 19:15:14"
Nederland,Solar,Hour,0,0,0,0,"2026-01-01 16:00:00","2026-01-01 17:00:00","2026-09-03 19:15:14"
Nederland,Solar,Hour,0,0,0,0,"2026-01-01 17:00:00","2026-01-01 18:00:00","2026-09-03 19:15:14"
Nederland,Solar,Hour,0,0,0,0,"2026-01-01 18:00:00","2026-01-01 19:00:00","2026-09-03 19:15:14"
Nederland,Solar,Hour,0,0,0,0,"2026-01-01 19:00:00","2026-01-01 20:00:00","2026-09-03 19:15:14"
Nederland,Solar,Hour,0,0,0,0,"2026-01-01 20:00:00","2026-01-01 21:00:00","2026-09-03 19:15:14"
Nederland,Solar,Hour,0,0,0,0,"2026-01-01 21:00:00","2026-01-01 22:00:00","2026-09-03 19:15:14"
Nederland,Solar,Hour,0,0,0,0,"2026-01-01 22:00:00","2026-01-01 23:00:00","2026-09-03 19:15:14"
Nederland,Solar,Hour,0,0,0,0,"2026-01-01 23:00:00","2026-01-02 00:00:00","2026-09-03 19:15:14"
Nederland,Solar,Hour,0,0,0,0,"2026-01-02 00:00:00","2026-01-02 01:00:00","2026-09-03 19:15:14"
Nederland,Solar,Hour,0,0,0,0,"2026-01-02 01:00:00","2026-01-02 02:00:00","2026-09-03 19:15:14"
Nederland,Solar,Hour,0,0,0,0,"2026-01-02 02:00:00","2026-01-02 03:00:00","2026-09-03 19:15:14"
Nederland,Solar,Hour,0,0,0,0,"2026-01-02 03:00:00","2026-01-02 04:00:00","2026-09-03 19:15:14"
Nederland,Solar,Hour,0,0,0,0,"2026-01-02 04:00:00","2026-01-02 05:00:00","2026-09-03 19:15:14"
Nederland,Solar,Hour,0,0,0,0,"2026-01-02 05:00:00","2026-01-02 06:00:00","2026-09-03 19:15:14"
Nederland,Solar,Hour,0,0,0,0,"2026-01-02 06:00:00","2026-01-02 07:00:00","2026-09-03 19:15:14"
Nederland,Solar,Hour,0,0,0,0,"2026-01-02 07:00:00","2026-01-02 08:00:00","2026-09-03 19:15:14"
Nederland,Solar,Hour,196057,196057,0,0,"2026-01-02 08:00:00","2026-01-02 09:00:00","2026-09-03 19:15:14"
Nederland,Solar,Hour,1395236,1395234,0,0,"2026-01-02 09:00:00","2026-01-02 10:00:00","2026-09-03 19:15:14"
Nederland,Solar,Hour,1979455,1979453,0,0,"2026-01-02 10:00:00","2026-01-02 11:00:00","2026-09-03 19:15:14"
Nederland,Solar,Hour,2231061,2231059,0,0,"2026-01-02 11:00:00","2026-01-02 12:00:00","2026-09-03 19:15:14"
Nederland,Solar,Hour,1766079,1766078,0,0,"2026-01-02 12:00:00","2026-01-02 13:00:00","2026-09-03 19:15:14"
Nederland,Solar,Hour,1063115,1063113,0,0,"2026-01-02 13:00:00","2026-01-02 14:00:00","2026-09-03 19:15:14"
Nederland,Solar,Hour,748185,748184,0,0,"2026-01-02 14:00:00","2026-01-02 15:00:00","2026-09-03 19:15:14"
Nederland,Solar,Hour,132462,132460,0,0,"2026-01-02 15:00:00","2026-01-02 16:00:00","2026-09-03 19:15:14"
Nederland,Solar,Hour,0,0,0,0,"2026-01-02 16:00:00","2026-01-02 17:00:00","2026-09-03 19:15:14"
Nederland,Solar,Hour,0,0,0,0,"2026-01-02 17:00:00","2026-01-02 18:00:00","2026-09-03 19:15:14"
Nederland,Solar,Hour,0,0,0,0,"2026-01-02 18:00:00","2026-01-02 19:00:00","2026-09-03 19:15:14"
Nederland,Solar,Hour,0,0,0,0,"2026-01-02 19:00:00","2026-01-02 20:00:00","2026-09-03 19:15:14"
Nederland,Solar,Hour,0,0,0,0,"2026-01-02 20:00:00","2026-01-02 21:00:00","2026-09-03 19:15:14"
Nederland,Solar,Hour,0,0,0,0,"2026-01-02 21:00:00","2026-01-02 22:00:00","2026-09-03 19:15:14"
Nederland,Solar,Hour,0,0,0,0,"2026-01-02 22:00:00","2026-01-02 23:00:00","2026-09-03 19:15:14"
Nederland,Solar,Hour,0,0,0,0,"2026-01-02 23:00:00","2026-01-03 00:00:00","2026-09-03 19:15:14"
Nederland,Solar,Hour,0,0,0,0,"2026-01-03 00:00:00","2026-01-03 01:00:00","2026-09-03 19:15:14"
Nederland,Solar,Hour,0,0,0,0,"2026-01-03 01:00:00","2026-01-03 02:00:00","2026-09-03 19:15:14"
Nederland,Solar,Hour,0,0,0,0,"2026-01-03 02:00:00","2026-01-03 03:00:00","2026-09-03 19:15:14"
Nederland,Solar,Hour,0,0,0,0,"2026-01-03 03:00:00","2026-01-03 04:00:00","2026-09-03 19:15:14"
Nederland,Solar,Hour,0,0,0,0,"2026-01-03 04:00:00","2026-01-03 05:00:00","2026-09-03 19:15:14"
Nederland,Solar,Hour,0,0,0,0,"2026-01-03 05:00:00","2026-01-03 06:00:00","2026-09-03 19:15:14"
Nederland,Solar,Hour,0,0,0,0,"2026-01-03 06:00:00","2026-01-03 07:00:00","2026-09-03 19:15:14"
Nederland,Solar,Hour,0,0,0,0,"2026-01-03 07:00:00","2026-01-03 08:00:00","2026-09-03 19:15:14"
Nederland,Solar,Hour,93222,93219,0,0,"2026-01-03 08:00:00","2026-01-03 09:00:00","2026-09-03 19:15:14"
Nederland,Solar,Hour,632263,632261,0,0,"2026-01-03 09:00:00","2026-01-03 10:00:00","2026-09-03 19:15:14"
Nederland,Solar,Hour,1301153,1301152,0,0,"2026-01-03 10:00:00","2026-01-03 11:00:00","2026-09-03 19:15:14"
Nederland,Solar,Hour,1840079,1840076,0,0,"2026-01-03 11:00:00","2026-01-03 12:00:00","2026-09-03 19:15:14"
Nederland,Solar,Hour,2425185,2425184,0,0,"2026-01-03 12:00:00","2026-01-03 13:00:00","2026-09-03 19:15:14"
Nederland,Solar,Hour,2430320,2430319,0,0,"2026-01-03 13:00:00","2026-01-03 14:00:00","2026-09-03 19:15:14"
Nederland,Solar,Hour,2102328,2102328,0,0,"2026-01-03 14:00:00","2026-01-03 15:00:00","2026-09-03 19:15:14"
Nederland,Solar,Hour,421420,421418,0,0,"2026-01-03 15:00:00","2026-01-03 16:00:00","2026-09-03 19:15:14"
Nederland,Solar,Hour,0,0,0,0,"2026-01-03 16:00:00","2026-01-03 17:00:00","2026-09-03 19:15:14"
Nederland,Solar,Hour,0,0,0,0,"2026-01-03 17:00:00","2026-01-03 18:00:00","2026-09-03 19:15:14"
Nederland,Solar,Hour,0,0,0,0,"2026-01-03 18:00:00","2026-01-03 19:00:00","2026-09-03 19:15:14"
Nederland,Solar,Hour,0,0,0,0,"2026-01-03 19:00:00","2026-01-03 20:00:00","2026-09-03 19:15:14"
Nederland,Solar,Hour,0,0,0,0,"2026-01-03 20:00:00","2026-01-03 21:00:00","2026-09-03 19:15:14"
Nederland,Solar,Hour,0,0,0,0,"2026-01-03 21:00:00","2026-01-03 22:00:00","2026-09-03 19:15:14"
Nederland,Solar,Hour,0,0,0,0,"2026-01-03 22:00:00","2026-01-03 23:00:00","2026-09-03 19:15:14"
Nederland,Solar,Hour,0,0,0,0,"2026-01-03 23:00:00","2026-01-04 00:00:00","2026-09-03 19:15:14"
Nederland,Solar,Hour,0,0,0,0,"2026-01-04 00:00:00","2026-01-04 01:00:00","2026-09-03 19:15:14"
Nederland,Solar,Hour,0,0,0,0,"2026-01-04 01:00:00","2026-01-04 02:00:00","2026-09-03 19:15:14"
Nederland,Solar,Hour,0,0,0,0,"2026-01-04 02:00:00","2026-01-04 03:00:00","2026-09-03 19:15:14"
Nederland,Solar,Hour,0,0,0,0,"2026-01-04 03:00:00","2026-01-04 04:00:00","2026-09-03 19:15:14"
Nederland,Solar,Hour,0,0,0,0,"2026-01-04 04:00:00","2026-01-04 05:00:00","2026-09-03 19:15:14"
Nederland,Solar,Hour,0,0,0,0,"2026-01-04 05:00:00","2026-01-04 06:00:00","2026-09-03 19:15:14"
Nederland,Solar,Hour,0,0,0,0,"2026-01-04 06:00:00","2026-01-04 07:00:00","2026-09-03 19:15:14"
Nederland,Solar,Hour,0,0,0,0,"2026-01-04 07:00:00","2026-01-04 08:00:00","2026-09-03 19:15:14"
Nederland,Solar,Hour,190880,190878,0,0,"2026-01-04 08:00:00","2026-01-04 09:00:00","2026-09-03 19:15:14"
Nederland,Solar,Hour,1532541,1532539,0,0,"2026-01-04 09:00:00","2026-01-04 10:00:00","2026-09-03 19:15:14"
Nederland,Solar,Hour,2655189,2655187,0,0,"2026-01-04 10:00:00","2026-01-04 11:00:00","2026-09-03 19:15:14"
Nederland,Solar,Hour,3914694,3914691,0,0,"2026-01-04 11:00:00","2026-01-04 12:00:00","2026-09-03 19:15:14"
Nederland,Solar,Hour,3960147,3960146,0,0,"2026-01-04 12:00:00","2026-01-04 13:00:00","2026-09-03 19:15:14"
Nederland,Solar,Hour,2834166,2834164,0,0,"2026-01-04 13:00:00","2026-01-04 14:00:00","2026-09-03 19:15:14"
Nederland,Solar,Hour,2109664,2109662,0,0,"2026-01-04 14:00:00","2026-01-04 15:00:00","2026-09-03 19:15:14"
Nederland,Solar,Hour,344274,344271,0,0,"2026-01-04 15:00:00","2026-01-04 16:00:00","2026-09-03 19:15:14"
Nederland,Solar,Hour,0,0,0,0,"2026-01-04 16:00:00","2026-01-04 17:00:00","2026-09-03 19:15:14"
Nederland,Solar,Hour,0,0,0,0,"2026-01-04 17:00:00","2026-01-04 18:00:00","2026-09-03 19:15:14"
Nederland,Solar,Hour,0,0,0,0,"2026-01-04 18:00:00","2026-01-04 19:00:00","2026-09-03 19:15:14"
Nederland,Solar,Hour,0,0,0,0,"2026-01-04 19:00:00","2026-01-04 20:00:00","2026-09-03 19:15:14"
Nederland,Solar,Hour,0,0,0,0,"2026-01-04 20:00:00","2026-01-04 21:00:00","2026-09-03 19:15:14"
Nederland,Solar,Hour,0,0,0,0,"2026-01-04 21:00:00","2026-01-04 22:00:00","2026-09-03 19:15:14"
Nederland,Solar,Hour,0,0,0,0,"2026-01-04 22:00:00","2026-01-04 23:00:00","2026-09-03 19:15:14"
