"validfrom (UTC)","validto (UTC)",point,type,granularity,timezone,activity,classification,"capacity (kW)","volume (kWh)",percentage,"emission (kg CO2)","emissionfactor (kg CO2/kWh)"
"2025-12-31 23:00:00","2026-01-01 00:00:00",Nederland,Wind,Hour,UTC,Providing,Current,4152110,4152111,0.6391345,0,0
"2026-01-01 00:00:00","2026-01-01 01:00:00",Nederland,Wind,Hour,UTC,Providing,Current,4849301,4849298,0.74645016666667,0,0
"2026-01-01 01:00:00","2026-01-01 02:00:00",Nederland,Wind,Hour,UTC,Providing,Current,5563526,5563524,0.85638666666667,0,0
"2026-01-01 02:00:00","2026-01-01 03:00:00",Nederland,Wind,Hour,UTC,Providing,Current,5540995,5540993,0.852915,0,0
"2026-01-01 03:00:00","2026-01-01 04:00:00",Nederland,Wind,Hour,UTC,Providing,Current,5849789,5849786,0.9004435,0,0
"2026-01-01 04:00:00","2026-01-01 05:00:00",Nederland,Wind,Hour,UTC,Providing,Current,5916274,5916276,0.91067366666667,0,0
"2026-01-01 05:00:00","2026-01-01 06:00:00",Nederland,Wind,Hour,UTC,Providing,Current,6180052,6180052,0.95127216666667,0,0
"2026-01-01 06:00:00","2026-01-01 07:00:00",Nederland,Wind,Hour,UTC,Providing,Current,6369452,6369456,0.9804215,0,0
"2026-01-01 07:00:00","2026-01-01 08:00:00",Nederland,Wind,Hour,UTC,Providing,Current,6360904,6360905,0.979102,0,0
"2026-01-01 08:00:00","2026-01-01 09:00:00",Nederland,Wind,Hour,UTC,Providing,Current,6381596,6381596,0.98228266666667,0,0
"2026-01-01 09:00:00","2026-01-01 10:00:00",Nederland,Wind,Hour,UTC,Providing,Current,6439569,6439569,0.991202,0,0
"2026-01-01 10:00:00","2026-01-01 11:00:00",Nederland,Wind,Hour,UTC,Providing,Current,6441038,6441043,0.99142416666667,0,0
"2026-01-01 11:00:00","2026-01-01 12:00:00",Nederland,Wind,Hour,UTC,Providing,Current,6302633,6302636,0.97011633333333,0,0
"2026-01-01 12:00:00","2026-01-01 13:00:00",Nederland,Wind,Hour,UTC,Providing,Current,6210277,6210275,0.95589666666667,0,0
"2026-01-01 13:00:00","2026-01-01 14:00:00",Nederland,Wind,Hour,UTC,Providing,Current,5877744,5877745,0.904709,0,0
"2026-01-01 14:00:00","2026-01-01 15:00:00",Nederland,Wind,Hour,UTC,Providing,Current,5501547,5501546,0.84680066666667,0,0
"2026-01-01 15:00:00","2026-01-01 16:00:00",Nederland,Wind,Hour,UTC,Providing,Current,5595549,5595550,0.86126583333333,0,0
"2026-01-01 16:00:00","2026-01-01 17:00:00",Nederland,Wind,Hour,UTC,Providing,Current,5566840,5566844,0.85684333333333,0,0
"2026-01-01 17:00:00","2026-01-01 18:00:00",Nederland,Wind,Hour,UTC,Providing,Current,5615348,5615350,0.86430616666667,0,0
"2026-01-01 18:00:00","2026-01-01 19:00:00",Nederland,Wind,Hour,UTC,Providing,Current,5767854,5767856,0.887776,0,0
"2026-01-01 19:00:00","2026-01-01 20:00:00",Nederland,Wind,Hour,UTC,Providing,Current,5419502,5419501,0.834155,0,0
"2026-01-01 20:00:00","2026-01-01 21:00:00",Nederland,Wind,Hour,UTC,Providing,Current,5318657,5318656,0.81862933333333,0,0
"2026-01-01 21:00:00","2026-01-01 22:00:00",Nederland,Wind,Hour,UTC,Providing,Current,5342324,5342323,0.822269,0,0
"2026-01-01 22:00:00","2026-01-01 23:00:00",Nederland,Wind,Hour,UTC,Providing,Current,5420732,5420730,0.8343335,0,0
"2026-01-01 23:00:00","2026-01-02 00:00:00",Nederland,Wind,Hour,UTC,Providing,Current,5514822,5514824,0.848812,0,0
"2026-01-02 00:00:00","2026-01-02 01:00:00",Nederland,Wind,Hour,UTC,Providing,Current,5552070,5552071,0.85454116666667,0,0
"2026-01-02 01:00:00","2026-01-02 02:00:00",Nederland,Wind,Hour,UTC,Providing,Current,5741146,5741149,0.883639,0,0
"2026-01-02 02:00:00","2026-01-02 03:00:00",Nederland,Wind,Hour,UTC,Providing,Current,5633821,5633824,0.86711666666667,0,0
"2026-01-02 03:00:00","2026-01-02 04:00:00",Nederland,Wind,Hour,UTC,Providing,Current,5777812,5777815,0.88927533333333,0,0
"2026-01-02 04:00:00","2026-01-02 05:00:00",Nederland,Wind,Hour,UTC,Providing,Current,5738721,5738722,0.88325516666667,0,0
"2026-01-02 05:00:00","2026-01-02 06:00:00",Nederland,Wind,Hour,UTC,Providing,Current,5536430,5536431,0.85211683333333,0,0
"2026-01-02 06:00:00","2026-01-02 07:00:00",Nederland,Wind,Hour,UTC,Providing,Current,4780224,4780224,0.73572533333333,0,0
"2026-01-02 07:00:00","2026-01-02 08:00:00",Nederland,Wind,Hour,UTC,Providing,Current,5023280,5023282,0.773131,0,0
"2026-01-02 08:00:00","2026-01-02 09:00:00",Nederland,Wind,Hour,UTC,Providing,Current,5113605,5113605,0.78702966666667,0,0
"2026-01-02 09:00:00","2026-01-02 10:00:00",Nederland,Wind,Hour,UTC,Providing,Current,5422244,5422244,0.8345285,0,0
"2026-01-02 10:00:00","2026-01-02 11:00:00",Nederland,Wind,Hour,UTC,Providing,Current,5770229,5770227,0.88808266666667,0,0
"2026-01-02 11:00:00","2026-01-02 12:00:00",Nederland,Wind,Hour,UTC,Providing,Current,5799822,5799822,0.8926335,0,0
"2026-01-02 12:00:00","2026-01-02 13:00:00",Nederland,Wind,Hour,UTC,Providing,Current,4689638,4689639,0.72176533333333,0,0
"2026-01-02 13:00:00","2026-01-02 14:00:00",Nederland,Wind,Hour,UTC,Providing,Current,3580144,3580145,0.55100466666667,0,0
"2026-01-02 14:00:00","2026-01-02 15:00:00",Nederland,Wind,Hour,UTC,Providing,Current,3906687,3906688,0.601259,0,0
"2026-01-02 15:00:00","2026-01-02 16:00:00",Nederland,Wind,Hour,UTC,Providing,Current,4356575,4356577,0.6704965,0,0
"2026-01-02 16:00:00","2026-01-02 17:00:00",Nederland,Wind,Hour,UTC,Providing,Current,4644686,4644686,0.71483483333333,0,0
"2026-01-02 17:00:00","2026-01-02 18:00:00",Nederland,Wind,Hour,UTC,Providing,Current,4966349,4966350,0.76433666666667,0,0
"2026-01-02 18:00:00","2026-01-02 19:00:00",Nederland,Wind,Hour,UTC,Providing,Current,4611308,4611311,0.709692,0,0
"2026-01-02 19:00:00","2026-01-02 20:00:00",Nederland,Wind,Hour,UTC,Providing,Current,4868149,4868150,0.7492175,0,0
"2026-01-02 20:00:00","2026-01-02 21:00:00",Nederland,Wind,Hour,UTC,Providing,Current,4739575,4739576,0.7294265,0,0
"2026-01-02 21:00:00","2026-01-02 22:00:00",Nederland,Wind,Hour,UTC,Providing,Current,4677939,4677936,0.71993766666667,0,0
"2026-01-02 22:00:00","2026-01-02 23:00:00",Nederland,Wind,Hour,UTC,Providing,Current,4149779,4149779,0.63865083333333,0,0
"2026-01-02 23:00:00","2026-01-03 00:00:00",Nederland,Wind,Hour,UTC,Providing,Current,2986165,2986164,0.45956883333333,0,0
"2026-01-03 00:00:00","2026-01-03 01:00:00",Nederland,Wind,Hour,UTC,Providing,Current,2776697,2776695,0.42733,0,0
"2026-01-03 01:00:00","2026-01-03 02:00:00",Nederland,Wind,Hour,UTC,Providing,Current,2897156,2897158,0.445867,0,0
"2026-01-03 02:00:00","2026-01-03 03:00:00",Nederland,Wind,Hour,UTC,Providing,Current,3549266,3549265,0.546223,0,0
"2026-01-03 03:00:00","2026-01-03 04:00:00",Nederland,Wind,Hour,UTC,Providing,Current,3720390,3720389,0.57255616666667,0,0
"2026-01-03 04:00:00","2026-01-03 05:00:00",Nederland,Wind,Hour,UTC,Providing,Current,4041539,4041535,0.62197733333333,0,0
"2026-01-03 05:00:00","2026-01-03 06:00:00",Nederland,Wind,Hour,UTC,Providing,Current,3665565,3665567,0.56411366666667,0,0
"2026-01-03 06:00:00","2026-01-03 07:00:00",Nederland,Wind,Hour,UTC,Providing,Current,3694771,3694773,0.56860616666667,0,0
"2026-01-03 07:00:00","2026-01-03 08:00:00",Nederland,Wind,Hour,UTC,Providing,Current,3571309,3571310,0.54960383333333,0,0
"2026-01-03 08:00:00","2026-01-03 09:00:00",Nederland,Wind,Hour,UTC,Providing,Current,3276774,3276769,0.5042745,0,0
"2026-01-03 09:00:00","2026-01-03 10:00:00",Nederland,Wind,Hour,UTC,Providing,Current,2947713,2947711,0.45363233333333,0,0
"2026-01-03 10:00:00","2026-01-03 11:00:00",Nederland,Wind,Hour,UTC,Providing,Current,2984744,2984743,0.45932916666667,0,0
"2026-01-03 11:00:00","2026-01-03 12:00:00",Nederland,Wind,Hour,UTC,Providing,Current,2673507,2673507,0.41143033333333,0,0
"2026-01-03 12:00:00","2026-01-03 13:00:00",Nederland,Wind,Hour,UTC,Providing,Current,2358764,2358763,0.3629925,0,0
"2026-01-03 13:00:00","2026-01-03 14:00:00",Nederland,Wind,Hour,UTC,Providing,Current,2209956,2209955,0.340091,0,0
"2026-01-03 14:00:00","2026-01-03 15:00:00",Nederland,Wind,Hour,UTC,Providing,Current,2024261,2024264,0.311513,0,0
"2026-01-03 15:00:00","2026-01-03 16:00:00",Nederland,Wind,Hour,UTC,Providing,Current,1964927,1964930,0.30238083333333,0,0
"2026-01-03 16:00:00","2026-01-03 17:00:00",Nederland,Wind,Hour,UTC,Providing,Current,2961943,2961943,0.45580883333333,0,0
"2026-01-03 17:00:00","2026-01-03 18:00:00",Nederland,Wind,Hour,UTC,Providing,Current,3700618,3700619,0.56948016666667,0,0
"2026-01-03 18:00:00","2026-01-03 19:00:00",Nederland,Wind,Hour,UTC,Providing,Current,3638615,3638615,0.55993633333333,0,0
"2026-01-03 19:00:00","2026-01-03 20:00:00",Nederland,Wind,Hour,UTC,Providing,Current,3316361,3316359,0.51034333333333,0,0
"2026-01-03 20:00:00","2026-01-03 21:00:00",Nederland,Wind,Hour,UTC,Providing,Current,2717702,2717700,0.418216,0,0
"2026-01-03 21:00:00","2026-01-03 22:00:00",Nederland,Wind,Hour,UTC,Providing,Current,2024113,2024111,0.31148116666667,0,0
"2026-01-03 22:00:00","2026-01-03 23:00:00",Nederland,Wind,Hour,UTC,Providing,Current,1834281,1834281,0.28226766666667,0,0
"2026-01-03 23:00:00","2026-01-04 00:00:00",Nederland,Wind,Hour,UTC,Providing,Current,2129456,2129456,0.32768883333333,0,0
"2026-01-04 00:00:00","2026-01-04 01:00:00",Nederland,Wind,Hour,UTC,Providing,Current,2029441,2029442,0.31229716666667,0,0
"2026-01-04 01:00:00","2026-01-04 02:00:00",Nederland,Wind,Hour,UTC,Providing,Current,2307802,2307808,0.35513083333333,0,0
"2026-01-04 02:00:00","2026-01-04 03:00:00",Nederland,Wind,Hour,UTC,Providing,Current,2753059,2753059,0.42364633333333,0,0
"2026-01-04 03:00:00","2026-01-04 04:00:00",Nederland,Wind,Hour,UTC,Providing,Current,2791420,2791418,0.4295475,0,0
"2026-01-04 04:00:00","2026-01-04 05:00:00",Nederland,Wind,Hour,UTC,Providing,Current,3000457,3000459,0.46171283333333,0,0
"2026-01-04 05:00:00","2026-01-04 06:00:00",Nederland,Wind,Hour,UTC,Providing,Current,3153793,3153796,0.48530616666667,0,0
"2026-01-04 06:00:00","2026-01-04 07:00:00",Nederland,Wind,Hour,UTC,Providing,Current,3072911,3072911,0.47285783333333,0,0
"2026-01-04 07:00:00","2026-01-04 08:00:00",Nederland,Wind,Hour,UTC,Providing,Current,2863095,2863093,0.44056983333333,0,0
"2026-01-04 08:00:00","2026-01-04 09:00:00",Nederland,Wind,Hour,UTC,Providing,Current,2687031,2687033,0.4134755,0,0
"2026-01-04 09:00:00","2026-01-04 10:00:00",Nederland,Wind,Hour,UTC,Providing,Current,2810832,2810833,0.43252383333333,0,0
"2026-01-04 10:00:00","2026-01-04 11:00:00",Nederland,Wind,Hour,UTC,Providing,Current,2929339,2929342,0.45075783333333,0,0
"2026-01-04 11:00:00","2026-01-04 12:00:00",Nederland,Wind,Hour,UTC,Providing,Current,2818632,2818633,0.43372066666667,0,0
"2026-01-04 12:00:00","2026-01-04 13:00:00",Nederland,Wind,Hour,UTC,Providing,Current,3193188,3193191,0.491354,0,0
"2026-01-04 13:00:00","2026-01-04 14:00:00",Nederland,Wind,Hour,UTC,Providing,Current,3569131,3569129,0.5492,0,0
"2026-01-04 14:00:00","2026-01-04 15:00:00",Nederland,Wind,Hour,UTC,Providing,Current,3926192,3926193,0.60414016666667,0,0
"2026-01-04 15:00:00","2026-01-04 16:00:00",Nederland,Wind,Hour,UTC,Providing,Current,3460478,3460474,0.53247666666667,0,0
"2026-01-04 16:00:00","2026-01-04 17:00:00",Nederland,Wind,Hour,UTC,Providing,Current,2765566,2765568,0.42554616666667,0,0
"2026-01-04 17:00:00","2026-01-04 18:00:00",Nederland,Wind,Hour,UTC,Providing,Current,2637898,2637897,0.40589983333333,0,0
"2026-01-04 18:00:00","2026-01-04 19:00:00",Nederland,Wind,Hour,UTC,Providing,Current,2312966,2312966,0.35590016666667,0,0
"2026-01-04 19:00:00","2026-01-04 20:00:00",Nederland,Wind,Hour,UTC,Providing,Current,2233773,2233770,0.343713,0,0
"2026-01-04 20:00:00","2026-01-04 21:00:00",Nederland,Wind,Hour,UTC,Providing,Current,2240802,2240803,0.34479333333333,0,0
"2026-01-04 21:00:00","2026-01-04 22:00:00",Nederland,Wind,Hour,UTC,Providing,Current,2184306,2184306,0.33609883333333,0,0
"2026-01-04 22:00:00","2026-01-04 23:00:00",Nederland,Wind,Hour,UTC,Providing,Current,2184781,2184782,0.33617066666667,0,0
"2026-01-04 23:00:00","2026-01-05 00:00:00",Nederland,Wind,Hour,UTC,Providing,Current,2338088,2338088,0.35975816666667,0,0
"2026-01-05 00:00:00","2026-01-05 01:00:00",Nederland,Wind,Hour,UTC,Providing,Current,2002469,2002466,0.30811583333333,0,0
"2026-01-05 01:00:00","2026-01-05 02:00:00",Nederland,Wind,Hour,UTC,Providing,Current,1699255,1699257,0.26145966666667,0,0
"2026-01-05 02:00:00","2026-01-05 03:00:00",Nederland,Wind,Hour,UTC,Providing,Current,1678164,1678167,0.25821366666667,0,0
"2026-01-05 03:00:00","2026-01-05 04:00:00",Nederland,Wind,Hour,UTC,Providing,Current,1639577,1639580,0.25227516666667,0,0
"2026-01-05 04:00:00","2026-01-05 05:00:00",Nederland,Wind,Hour,UTC,Providing,Current,1608419,1608421,0.24748,0,0
"2026-01-05 05:00:00","2026-01-05 06:00:00",Nederland,Wind,Hour,UTC,Providing,Current,1692255,1692254,0.2603785,0,0
"2026-01-05 06:00:00","2026-01-05 07:00:00",Nederland,Wind,Hour,UTC,Providing,Current,1850241,1850242,0.28468583333333,0,0
"2026-01-05 07:00:00","2026-01-05 08:00:00",Nederland,Wind,Hour,UTC,Providing,Current,2150989,2150987,0.33095833333333,0,0
"2026-01-05 08:00:00","2026-01-05 09:00:00",Nederland,Wind,Hour,UTC,Providing,Current,2504634,2504635,0.38537016666667,0,0
"2026-01-05 09:00:00","2026-01-05 10:00:00",Nederland,Wind,Hour,UTC,Providing,Current,2336138,2336137,0.35944316666667,0,0
"2026-01-05 10:00:00","2026-01-05 11:00:00",Nederland,Wind,Hour,UTC,Providing,Current,2013686,2013688,0.309829,0,0
"2026-01-05 11:00:00","2026-01-05 12:00:00",Nederland,Wind,Hour,UTC,Providing,Current,2017264,2017267,0.31037816666667,0,0
"2026-01-05 12:00:00","2026-01-05 13:00:00",Nederland,Wind,Hour,UTC,Providing,Current,2002300,2002302,0.30807433333333,0,0
"2026-01-05 13:00:00","2026-01-05 14:00:00",Nederland,Wind,Hour,UTC,Providing,Current,2140769,2140766,0.32937783333333,0,0
"2026-01-05 14:00:00","2026-01-05 15:00:00",Nederland,Wind,Hour,UTC,Providing,Current,1902212,1902210,0.29267233333333,0,0
"2026-01-05 15:00:00","2026-01-05 16:00:00",Nederland,Wind,Hour,UTC,Providing,Current,1802208,1802206,0.2772845,0,0
"2026-01-05 16:00:00","2026-01-05 17:00:00",Nederland,Wind,Hour,UTC,Providing,Current,1467851,1467849,0.22584,0,0
"2026-01-05 17:00:00","2026-01-05 18:00:00",Nederland,Wind,Hour,UTC,Providing,Current,1274151,1274151,0.19603716666667,0,0
"2026-01-05 18:00:00","2026-01-05 19:00:00",Nederland,Wind,Hour,UTC,Providing,Current,948376,948377,0.145914,0,0
"2026-01-05 19:00:00","2026-01-05 20:00:00",Nederland,Wind,Hour,UTC,Providing,Current,903198,903203,0.13896233333333,0,0
"2026-01-05 20:00:00","2026-01-05 21:00:00",Nederland,Wind,Hour,UTC,Providing,Current,984059,984060,0.15140233333333,0,0
"2026-01-05 21:00:00","2026-01-05 22:00:00",Nederland,Wind,Hour,UTC,Providing,Current,902150,902153,0.13880016666667,0,0
"2026-01-05 22:00:00","2026-01-05 23:00:00",Nederland,Wind,Hour,UTC,Providing,Current,914536,914536,0.14070483333333,0,0
"2026-01-05 23:00:00","2026-01-06 00:00:00",Nederland,Wind,Hour,UTC,Providing,Current,762337,762337,0.117288,0,0
"2026-01-06 00:00:00","2026-01-06 01:00:00",Nederland,Wind,Hour,UTC,Providing,Current,614012,614015,0.0944674,0,0
"2026-01-06 01:00:00","2026-01-06 02:00:00",Nederland,Wind,Hour,UTC,Providing,Current,352716,352712,0.054266116666667,0,0
"2026-01-06 02:00:00","2026-01-06 03:00:00",Nederland,Wind,Hour,UTC,Providing,Current,248146,248149,0.038177716666667,0,0
"2026-01-06 03:00:00","2026-01-06 04:00:00",Nederland,Wind,Hour,UTC,Providing,Current,257522,257525,0.039619983333333,0,0
"2026-01-06 04:00:00","2026-01-06 05:00:00",Nederland,Wind,Hour,UTC,Providing,Current,140011,140012,0.0215407,0,0
"2026-01-06 05:00:00","2026-01-06 06:00:00",Nederland,Wind,Hour,UTC,Providing,Current,84318,84317,0.012972366666667,0,0
"2026-01-06 06:00:00","2026-01-06 07:00:00",Nederland,Wind,Hour,UTC,Providing,Current,68290,68290,0.010506446666667,0,0
"2026-01-06 07:00:00","2026-01-06 08:00:00",Nederland,Wind,Hour,UTC,Providing,Current,213350,213350,0.0328236,0,0
"2026-01-06 08:00:00","2026-01-06 09:00:00",Nederland,Wind,Hour,UTC,Providing,Current,373082,373083,0.057397783333333,0,0
"2026-01-06 09:00:00","2026-01-06 10:00:00",Nederland,Wind,Hour,UTC,Providing,Current,404057,404058,0.062162966666667,0,0
"2026-01-06 10:00:00","2026-01-06 11:00:00",Nederland,Wind,Hour,UTC,Providing,Current,484193,484194,0.07449135,0,0
"2026-01-06 11:00:00","2026-01-06 12:00:00",Nederland,Wind,Hour,UTC,Providing,Current,872894,872891,0.13429116666667,0,0
"2026-01-06 12:00:00","2026-01-06 13:00:00",Nederland,Wind,Hour,UTC,Providing,Current,1336520,1336521,0.2056165,0,0
"2026-01-06 13:00:00","2026-01-06 14:00:00",Nederland,Wind,Hour,UTC,Providing,Current,1712410,1712412,0.26344433333333,0,0
"2026-01-06 14:00:00","2026-01-06 15:00:00",Nederland,Wind,Hour,UTC,Providing,Current,1741556,1741559,0.26792733333333,0,0
"2026-01-06 15:00:00","2026-01-06 16:00:00",Nederland,Wind,Hour,UTC,Providing,Current,1765436,1765436,0.2716,0,0
"2026-01-06 16:00:00","2026-01-06 17:00:00",Nederland,Wind,Hour,UTC,Providing,Current,1596346,1596345,0.24558566666667,0,0
"2026-01-06 17:00:00","2026-01-06 18:00:00",Nederland,Wind,Hour,UTC,Providing,Current,1668441,1668440,0.25667583333333,0,0
"2026-01-06 18:00:00","2026-01-06 19:00:00",Nederland,Wind,Hour,UTC,Providing,Current,1898063,1898062,0.29200016666667,0,0
"2026-01-06 19:00:00","2026-01-06 20:00:00",Nederland,Wind,Hour,UTC,Providing,Current,2200373,2200374,0.33850633333333,0,0
"2026-01-06 20:00:00","2026-01-06 21:00:00",Nederland,Wind,Hour,UTC,Providing,Current,2531643,2531645,0.3894675,0,0
"2026-01-06 21:00:00","2026-01-06 22:00:00",Nederland,Wind,Hour,UTC,Providing,Current,3067149,3067149,0.47184716666667,0,0
"2026-01-06 22:00:00","2026-01-06 23:00:00",Nederland,Wind,Hour,UTC,Providing,Current,3604594,3604595,0.55452516666667,0,0
"2026-01-06 23:00:00","2026-01-07 00:00:00",Nederland,Wind,Hour,UTC,Providing,Current,4336984,4336981,0.66719216666667,0,0
"2026-01-07 00:00:00","2026-01-07 01:00:00",Nederland,Wind,Hour,UTC,Providing,Current,4758901,4758902,0.73209583333333,0,0
"2026-01-07 01:00:00","2026-01-07 02:00:00",Nederland,Wind,Hour,UTC,Providing,Current,5043824,5043826,0.7759245,0,0
"2026-01-07 02:00:00","2026-01-07 03:00:00",Nederland,Wind,Hour,UTC,Providing,Current,5361303,5361301,0.82476083333333,0,0
"2026-01-07 03:00:00","2026-01-07 04:00:00",Nederland,Wind,Hour,UTC,Providing,Current,5491286,5491285,0.84475333333333,0,0
"2026-01-07 04:00:00","2026-01-07 05:00:00",Nederland,Wind,Hour,UTC,Providing,Current,5786380,5786380,0.89014533333333,0,0
"2026-01-07 05:00:00","2026-01-07 06:00:00",Nederland,Wind,Hour,UTC,Providing,Current,5868115,5868111,0.90271566666667,0,0
"2026-01-07 06:00:00","2026-01-07 07:00:00",Nederland,Wind,Hour,UTC,Providing,Current,5978638,5978635,0.919714,0,0
"2026-01-07 07:00:00","2026-01-07 08:00:00",Nederland,Wind,Hour,UTC,Providing,Current,6231154,6231152,0.95855533333333,0,0
"2026-01-07 08:00:00","2026-01-07 09:00:00",Nederland,Wind,Hour,UTC,Providing,Current,6349642,6349644,0.97677883333333,0,0
"2026-01-07 09:00:00","2026-01-07 10:00:00",Nederland,Wind,Hour,UTC,Providing,Current,6409699,6409698,0.98601333333333,0,0
"2026-01-07 10:00:00","2026-01-07 11:00:00",Nederland,Wind,Hour,UTC,Providing,Current,6409178,6409176,0.985929,0,0
"2026-01-07 11:00:00","2026-01-07 12:00:00",Nederland,Wind,Hour,UTC,Providing,Current,6420363,6420366,0.98764533333333,0,0
"2026-01-07 12:00:00","2026-01-07 13:00:00",Nederland,Wind,Hour,UTC,Providing,Current,6404822,6404822,0.9852505,0,0
"2026-01-07 13:00:00","2026-01-07 14:00:00",Nederland,Wind,Hour,UTC,Providing,Current,6363482,6363480,0.97888716666667,0,0
"2026-01-07 14:00:00","2026-01-07 15:00:00",Nederland,Wind,Hour,UTC,Providing,Current,6227170,6227167,0.95791466666667,0,0
"2026-01-07 15:00:00","2026-01-07 16:00:00",Nederland,Wind,Hour,UTC,Providing,Current,5896944,5896945,0.90711266666667,0,0
"2026-01-07 16:00:00","2026-01-07 17:00:00",Nederland,Wind,Hour,UTC,Providing,Current,5627317,5627317,0.8656335,0,0
"2026-01-07 17:00:00","2026-01-07 18:00:00",Nederland,Wind,Hour,UTC,Providing,Current,5512909,5512908,0.84803083333333,0,0
"2026-01-07 18:00:00","2026-01-07 19:00:00",Nederland,Wind,Hour,UTC,Providing,Current,5183721,5183724,0.79738966666667,0,0
"2026-01-07 19:00:00","2026-01-07 20:00:00",Nederland,Wind,Hour,UTC,Providing,Current,4790282,4790282,0.7368655,0,0
"2026-01-07 20:00:00","2026-01-07 21:00:00",Nederland,Wind,Hour,UTC,Providing,Current,4668443,4668444,0.71812033333333,0,0
"2026-01-07 21:00:00","2026-01-07 22:00:00",Nederland,Wind,Hour,UTC,Providing,Current,4305356,4305354,0.662266,0,0
"2026-01-07 22:00:00","2026-01-07 23:00:00",Nederland,Wind,Hour,UTC,Providing,Current,3726122,3726122,0.57316383333333,0,0
"2026-01-07 23:00:00","2026-01-08 00:00:00",Nederland,Wind,Hour,UTC,Providing,Current,3378164,3378162,0.51963733333333,0,0
"2026-01-08 00:00:00","2026-01-08 01:00:00",Nederland,Wind,Hour,UTC,Providing,Current,3190398,3190400,0.49075283333333,0,0
"2026-01-08 01:00:00","2026-01-08 02:00:00",Nederland,Wind,Hour,UTC,Providing,Current,3121231,3121228,0.4801115,0,0
"2026-01-08 02:00:00","2026-01-08 03:00:00",Nederland,Wind,Hour,UTC,Providing,Current,2965466,2965461,0.45614983333333,0,0
"2026-01-08 03:00:00","2026-01-08 04:00:00",Nederland,Wind,Hour,UTC,Providing,Current,2734650,2734654,0.42064383333333,0,0
"2026-01-08 04:00:00","2026-01-08 05:00:00",Nederland,Wind,Hour,UTC,Providing,Current,2750135,2750135,0.42302383333333,0,0
"2026-01-08 05:00:00","2026-01-08 06:00:00",Nederland,Wind,Hour,UTC,Providing,Current,2452660,2452659,0.37726466666667,0,0
"2026-01-08 06:00:00","2026-01-08 07:00:00",Nederland,Wind,Hour,UTC,Providing,Current,2250174,2250173,0.34611716666667,0,0
"2026-01-08 07:00:00","2026-01-08 08:00:00",Nederland,Wind,Hour,UTC,Providing,Current,2297591,2297594,0.3534095,0,0
"2026-01-08 08:00:00","2026-01-08 09:00:00",Nederland,Wind,Hour,UTC,Providing,Current,2021936,2021936,0.31100783333333,0,0
"2026-01-08 09:00:00","2026-01-08 10:00:00",Nederland,Wind,Hour,UTC,Providing,Current,1751966,1751962,0.2694805,0,0
"2026-01-08 10:00:00","2026-01-08 11:00:00",Nederland,Wind,Hour,UTC,Providing,Current,1732804,1732805,0.266532,0,0
"2026-01-08 11:00:00","2026-01-08 12:00:00",Nederland,Wind,Hour,UTC,Providing,Current,1707014,1707012,0.26256383333333,0,0
"2026-01-08 12:00:00","2026-01-08 13:00:00",Nederland,Wind,Hour,UTC,Providing,Current,1210011,1210013,0.186117,0,0
"2026-01-08 13:00:00","2026-01-08 14:00:00",Nederland,Wind,Hour,UTC,Providing,Current,952370,952367,0.1464875,0,0
"2026-01-08 14:00:00","2026-01-08 15:00:00",Nederland,Wind,Hour,UTC,Providing,Current,707618,707622,0.10884075,0,0
"2026-01-08 15:00:00","2026-01-08 16:00:00",Nederland,Wind,Hour,UTC,Providing,Current,634290,634291,0.09756145,0,0
"2026-01-08 16:00:00","2026-01-08 17:00:00",Nederland,Wind,Hour,UTC,Providing,Current,838273,838272,0.128936,0,0
"2026-01-08 17:00:00","2026-01-08 18:00:00",Nederland,Wind,Hour,UTC,Providing,Current,1101438,1101438,0.16941316666667,0,0
"2026-01-08 18:00:00","2026-01-08 19:00:00",Nederland,Wind,Hour,UTC,Providing,Current,1519306,1519303,0.233685,0,0
"2026-01-08 19:00:00","2026-01-08 20:00:00",Nederland,Wind,Hour,UTC,Providing,Current,1677315,1677316,0.25798733333333,0,0
"2026-01-08 20:00:00","2026-01-08 21:00:00",Nederland,Wind,Hour,UTC,Providing,Current,2140731,2140731,0.32926383333333,0,0
"2026-01-08 21:00:00","2026-01-08 22:00:00",Nederland,Wind,Hour,UTC,Providing,Current,3162553,3162556,0.48642716666667,0,0
"2026-01-08 22:00:00","2026-01-08 23:00:00",Nederland,Wind,Hour,UTC,Providing,Current,4145800,4145800,0.637656,0,0
"2026-01-08 23:00:00","2026-01-09 00:00:00",Nederland,Wind,Hour,UTC,Providing,Current,4951946,4951947,0.7616445,0,0
"2026-01-09 00:00:00","2026-01-09 01:00:00",Nederland,Wind,Hour,UTC,Providing,Current,5402059,5402055,0.8308715,0,0
"2026-01-09 01:00:00","2026-01-09 02:00:00",Nederland,Wind,Hour,UTC,Providing,Current,5491464,5491465,0.84461916666667,0,0
"2026-01-09 02:00:00","2026-01-09 03:00:00",Nederland,Wind,Hour,UTC,Providing,Current,5272537,5272538,0.81094366666667,0,0
"2026-01-09 03:00:00","2026-01-09 04:00:00",Nederland,Wind,Hour,UTC,Providing,Current,5224757,5224758,0.80359133333333,0,0
"2026-01-09 04:00:00","2026-01-09 05:00:00",Nederland,Wind,Hour,UTC,Providing,Current,5345051,5345049,0.82208983333333,0,0
"2026-01-09 05:00:00","2026-01-09 06:00:00",Nederland,Wind,Hour,UTC,Providing,Current,5254684,5254683,0.80818783333333,0,0
"2026-01-09 06:00:00","2026-01-09 07:00:00",Nederland,Wind,Hour,UTC,Providing,Current,4948351,4948349,0.76106933333333,0,0
"2026-01-09 07:00:00","2026-01-09 08:00:00",Nederland,Wind,Hour,UTC,Providing,Current,5094654,5094657,0.78356783333333,0,0
"2026-01-09 08:00:00","2026-01-09 09:00:00",Nederland,Wind,Hour,UTC,Providing,Current,5165381,5165381,0.79444233333333,0,0
"2026-01-09 09:00:00","2026-01-09 10:00:00",Nederland,Wind,Hour,UTC,Providing,Current,5198023,5198020,0.7994595,0,0
"2026-01-09 10:00:00","2026-01-09 11:00:00",Nederland,Wind,Hour,UTC,Providing,Current,5160944,5160948,0.7937535,0,0
"2026-01-09 11:00:00","2026-01-09 12:00:00",Nederland,Wind,Hour,UTC,Providing,Current,5190573,5190578,0.798307,0,0
"2026-01-09 12:00:00","2026-01-09 13:00:00",Nederland,Wind,Hour,UTC,Providing,Current,5361620,5361622,0.82461083333333,0,0
"2026-01-09 13:00:00","2026-01-09 14:00:00",Nederland,Wind,Hour,UTC,Providing,Current,5463864,5463867,0.84033233333333,0,0
"2026-01-09 14:00:00","2026-01-09 15:00:00",Nederland,Wind,Hour,UTC,Providing,Current,5547542,5547544,0.85319816666667,0,0
"2026-01-09 15:00:00","2026-01-09 16:00:00",Nederland,Wind,Hour,UTC,Providing,Current,5553660,5553660,0.8541355,0,0
"2026-01-09 16:00:00","2026-01-09 17:00:00",Nederland,Wind,Hour,UTC,Providing,Current,5418851,5418850,0.833399,0,0
"2026-01-09 17:00:00","2026-01-09 18:00:00",Nederland,Wind,Hour,UTC,Providing,Current,5331332,5331335,0.8199355,0,0
"2026-01-09 18:00:00","2026-01-09 19:00:00",Nederland,Wind,Hour,UTC,Providing,Current,5281635,5281633,0.81228883333333,0,0
"2026-01-09 19:00:00","2026-01-09 20:00:00",Nederland,Wind,Hour,UTC,Providing,Current,5378885,5378885,0.82724233333333,0,0
"2026-01-09 20:00:00","2026-01-09 21:00:00",Nederland,Wind,Hour,UTC,Providing,Current,5521306,5521307,0.849142,0,0
"2026-01-09 21:00:00","2026-01-09 22:00:00",Nederland,Wind,Hour,UTC,Providing,Current,5526251,5526249,0.849899,0,0
"2026-01-09 22:00:00","2026-01-09 23:00:00",Nederland,Wind,Hour,UTC,Providing,Current,5466879,5466877,0.84076416666667,0,0
"2026-01-09 23:00:00","2026-01-10 00:00:00",Nederland,Wind,Hour,UTC,Providing,Current,5423509,5423506,0.83409133333333,0,0
"2026-01-10 00:00:00","2026-01-10 01:00:00",Nederland,Wind,Hour,UTC,Providing,Current,5359017,5359017,0.82416933333333,0,0
"2026-01-10 01:00:00","2026-01-10 02:00:00",Nederland,Wind,Hour,UTC,Providing,Current,5272428,5272423,0.81084916666667,0,0
"2026-01-10 02:00:00","2026-01-10 03:00:00",Nederland,Wind,Hour,UTC,Providing,Current,5238624,5238623,0.80564716666667,0,0
"2026-01-10 03:00:00","2026-01-10 04:00:00",Nederland,Wind,Hour,UTC,Providing,Current,5080825,5080829,0.78137616666667,0,0
"2026-01-10 04:00:00","2026-01-10 05:00:00",Nederland,Wind,Hour,UTC,Providing,Current,5088428,5088431,0.78254216666667,0,0
"2026-01-10 05:00:00","2026-01-10 06:00:00",Nederland,Wind,Hour,UTC,Providing,Current,5157607,5157608,0.79317766666667,0,0
"2026-01-10 06:00:00","2026-01-10 07:00:00",Nederland,Wind,Hour,UTC,Providing,Current,5302195,5302198,0.81541033333333,0,0
"2026-01-10 07:00:00","2026-01-10 08:00:00",Nederland,Wind,Hour,UTC,Providing,Current,5195788,5195786,0.79904316666667,0,0
"2026-01-10 08:00:00","2026-01-10 09:00:00",Nederland,Wind,Hour,UTC,Providing,Current,5059017,5059019,0.778006,0,0
"2026-01-10 09:00:00","2026-01-10 10:00:00",Nederland,Wind,Hour,UTC,Providing,Current,5016283,5016281,0.77143066666667,0,0
"2026-01-10 10:00:00","2026-01-10 11:00:00",Nederland,Wind,Hour,UTC,Providing,Current,4993653,4993651,0.76794733333333,0,0
"2026-01-10 11:00:00","2026-01-10 12:00:00",Nederland,Wind,Hour,UTC,Providing,Current,4816485,4816484,0.7406985,0,0
"2026-01-10 12:00:00","2026-01-10 13:00:00",Nederland,Wind,Hour,UTC,Providing,Current,4518654,4518656,0.69489416666667,0,0
"2026-01-10 13:00:00","2026-01-10 14:00:00",Nederland,Wind,Hour,UTC,Providing,Current,3925489,3925486,0.60367283333333,0,0
"2026-01-10 14:00:00","2026-01-10 15:00:00",Nederland,Wind,Hour,UTC,Providing,Current,2983278,2983276,0.45877516666667,0,0
"2026-01-10 15:00:00","2026-01-10 16:00:00",Nederland,Wind,Hour,UTC,Providing,Current,2336796,2336796,0.359356,0,0
"2026-01-10 16:00:00","2026-01-10 17:00:00",Nederland,Wind,Hour,UTC,Providing,Current,1708681,1708681,0.26276233333333,0,0
"2026-01-10 17:00:00","2026-01-10 18:00:00",Nederland,Wind,Hour,UTC,Providing,Current,1655836,1655837,0.254635,0,0
"2026-01-10 18:00:00","2026-01-10 19:00:00",Nederland,Wind,Hour,UTC,Providing,Current,1491120,1491120,0.22930383333333,0,0
"2026-01-10 19:00:00","2026-01-10 20:00:00",Nederland,Wind,Hour,UTC,Providing,Current,1304398,1304396,0.200589,0,0
"2026-01-10 20:00:00","2026-01-10 21:00:00",Nederland,Wind,Hour,UTC,Providing,Current,909634,909634,0.139882,0,0
"2026-01-10 21:00:00","2026-01-10 22:00:00",Nederland,Wind,Hour,UTC,Providing,Current,530227,530224,0.081537133333333,0,0
"2026-01-10 22:00:00","2026-01-10 23:00:00",Nederland,Wind,Hour,UTC,Providing,Current,405500,405502,0.06235665,0,0
"2026-01-10 23:00:00","2026-01-11 00:00:00",Nederland,Wind,Hour,UTC,Providing,Current,229200,229203,0.03524565,0,0
"2026-01-11 00:00:00","2026-01-11 01:00:00",Nederland,Wind,Hour,UTC,Providing,Current,188106,188109,0.028926266666667,0,0
"2026-01-11 01:00:00","2026-01-11 02:00:00",Nederland,Wind,Hour,UTC,Providing,Current,145323,145323,0.022347066666667,0,0
"2026-01-11 02:00:00","2026-01-11 03:00:00",Nederland,Wind,Hour,UTC,Providing,Current,98268,98271,0.01511125,0,0
"2026-01-11 03:00:00","2026-01-11 04:00:00",Nederland,Wind,Hour,UTC,Providing,Current,93464,93462,0.01437235,0,0
"2026-01-11 04:00:00","2026-01-11 05:00:00",Nederland,Wind,Hour,UTC,Providing,Current,138105,138105,0.021236933333333,0,0
"2026-01-11 05:00:00","2026-01-11 06:00:00",Nederland,Wind,Hour,UTC,Providing,Current,221603,221606,0.034076516666667,0,0
"2026-01-11 06:00:00","2026-01-11 07:00:00",Nederland,Wind,Hour,UTC,Providing,Current,342684,342685,0.052695233333333,0,0
"2026-01-11 07:00:00","2026-01-11 08:00:00",Nederland,Wind,Hour,UTC,Providing,Current,597268,597267,0.091842716666667,0,0
"2026-01-11 08:00:00","2026-01-11 09:00:00",Nederland,Wind,Hour,UTC,Providing,Current,717915,717917,0.11039433333333,0,0
"2026-01-11 09:00:00","2026-01-11 10:00:00",Nederland,Wind,Hour,UTC,Providing,Current,1084008,1084011,0.16668816666667,0,0
"2026-01-11 10:00:00","2026-01-11 11:00:00",Nederland,Wind,Hour,UTC,Providing,Current,1520080,1520079,0.23374183333333,0,0
"2026-01-11 11:00:00","2026-01-11 12:00:00",Nederland,Wind,Hour,UTC,Providing,Current,2152179,2152182,0.33093783333333,0,0
"2026-01-11 12:00:00","2026-01-11 13:00:00",Nederland,Wind,Hour,UTC,Providing,Current,2589254,2589255,0.39814483333333,0,0
"2026-01-11 13:00:00","2026-01-11 14:00:00",Nederland,Wind,Hour,UTC,Providing,Current,3123019,3123016,0.4802185,0,0
"2026-01-11 14:00:00","2026-01-11 15:00:00",Nederland,Wind,Hour,UTC,Providing,Current,3216972,3216970,0.4946635,0,0
"2026-01-11 15:00:00","2026-01-11 16:00:00",Nederland,Wind,Hour,UTC,Providing,Current,3122184,3122183,0.48008616666667,0,0
"2026-01-11 16:00:00","2026-01-11 17:00:00",Nederland,Wind,Hour,UTC,Providing,Current,3364747,3364747,0.51738216666667,0,0
"2026-01-11 17:00:00","2026-01-11 18:00:00",Nederland,Wind,Hour,UTC,Providing,Current,3906447,3906447,0.60067433333333,0,0
"2026-01-11 18:00:00","2026-01-11 19:00:00",Nederland,Wind,Hour,UTC,Providing,Current,4622678,4622677,0.71080283333333,0,0
"2026-01-11 19:00:00","2026-01-11 20:00:00",Nederland,Wind,Hour,UTC,Providing,Current,4992359,4992357,0.767643,0,0
"2026-01-11 20:00:00","2026-01-11 21:00:00",Nederland,Wind,Hour,UTC,Providing,Current,5236844,5236846,0.80523283333333,0,0
"2026-01-11 21:00:00","2026-01-11 22:00:00",Nederland,Wind,Hour,UTC,Providing,Current,5475537,5475538,0.84193133333333,0,0
"2026-01-11 22:00:00","2026-01-11 23:00:00",Nederland,Wind,Hour,UTC,Providing,Current,5777008,5777010,0.88828233333333,0,0
"2026-01-11 23:00:00","2026-01-12 00:00:00",Nederland,Wind,Hour,UTC,Providing,Current,5950096,5950097,0.91489333333333,0,0
"2026-01-12 00:00:00","2026-01-12 01:00:00",Nederland,Wind,Hour,UTC,Providing,Current,5996361,5996356,0.92200266666667,0,0
"2026-01-12 01:00:00","2026-01-12 02:00:00",Nederland,Wind,Hour,UTC,Providing,Current,5986461,5986461,0.92047666666667,0,0
"2026-01-12 02:00:00","2026-01-12 03:00:00",Nederland,Wind,Hour,UTC,Providing,Current,6041872,6041868,0.928993,0,0
"2026-01-12 03:00:00","2026-01-12 04:00:00",Nederland,Wind,Hour,UTC,Providing,Current,6021139,6021138,0.92580166666667,0,0
"2026-01-12 04:00:00","2026-01-12 05:00:00",Nederland,Wind,Hour,UTC,Providing,Current,5831496,5831496,0.89663833333333,0,0
"2026-01-12 05:00:00","2026-01-12 06:00:00",Nederland,Wind,Hour,UTC,Providing,Current,5558210,5558212,0.85461483333333,0,0
"2026-01-12 06:00:00","2026-01-12 07:00:00",Nederland,Wind,Hour,UTC,Providing,Current,5203780,5203782,0.80011533333333,0,0
"2026-01-12 07:00:00","2026-01-12 08:00:00",Nederland,Wind,Hour,UTC,Providing,Current,4817198,4817200,0.74067283333333,0,0
"2026-01-12 08:00:00","2026-01-12 09:00:00",Nederland,Wind,Hour,UTC,Providing,Current,4252226,4252224,0.65380216666667,0,0
"2026-01-12 09:00:00","2026-01-12 10:00:00",Nederland,Wind,Hour,UTC,Providing,Current,3997519,3997518,0.614637,0,0
"2026-01-12 10:00:00","2026-01-12 11:00:00",Nederland,Wind,Hour,UTC,Providing,Current,3805891,3805886,0.58517083333333,0,0
"2026-01-12 11:00:00","2026-01-12 12:00:00",Nederland,Wind,Hour,UTC,Providing,Current,3408329,3408328,0.52404233333333,0,0
"2026-01-12 12:00:00","2026-01-12 13:00:00",Nederland,Wind,Hour,UTC,Providing,Current,3285366,3285368,0.50513433333333,0,0
"2026-01-12 13:00:00","2026-01-12 14:00:00",Nederland,Wind,Hour,UTC,Providing,Current,2915595,2915599,0.448279,0,0
"2026-01-12 14:00:00","2026-01-12 15:00:00",Nederland,Wind,Hour,UTC,Providing,Current,2503441,2503442,0.38490766666667,0,0
"2026-01-12 15:00:00","2026-01-12 16:00:00",Nederland,Wind,Hour,UTC,Providing,Current,2332878,2332875,0.35868183333333,0,0
"2026-01-12 16:00:00","2026-01-12 17:00:00",Nederland,Wind,Hour,UTC,Providing,Current,2216312,2216313,0.34075833333333,0,0
"2026-01-12 17:00:00","2026-01-12 18:00:00",Nederland,Wind,Hour,UTC,Providing,Current,1798135,1798138,0.2764625,0,0
"2026-01-12 18:00:00","2026-01-12 19:00:00",Nederland,Wind,Hour,UTC,Providing,Current,1580917,1580919,0.24306433333333,0,0
"2026-01-12 19:00:00","2026-01-12 20:00:00",Nederland,Wind,Hour,UTC,Providing,Current,1494650,1494648,0.22979983333333,0,0
"2026-01-12 20:00:00","2026-01-12 21:00:00",Nederland,Wind,Hour,UTC,Providing,Current,1742510,1742509,0.26790683333333,0,0
"2026-01-12 21:00:00","2026-01-12 22:00:00",Nederland,Wind,Hour,UTC,Providing,Current,2043197,2043195,0.31413566666667,0,0
"2026-01-12 22:00:00","2026-01-12 23:00:00",Nederland,Wind,Hour,UTC,Providing,Current,2113391,2113389,0.32492616666667,0,0
"2026-01-12 23:00:00","2026-01-13 00:00:00",Nederland,Wind,Hour,UTC,Providing,Current,2006645,2006646,0.30851316666667,0,0
"2026-01-13 00:00:00","2026-01-13 01:00:00",Nederland,Wind,Hour,UTC,Providing,Current,1936623,1936628,0.29774633333333,0,0
"2026-01-13 01:00:00","2026-01-13 02:00:00",Nederland,Wind,Hour,UTC,Providing,Current,2097145,2097147,0.32242433333333,0,0
"2026-01-13 02:00:00","2026-01-13 03:00:00",Nederland,Wind,Hour,UTC,Providing,Current,1986372,1986373,0.3053925,0,0
"2026-01-13 03:00:00","2026-01-13 04:00:00",Nederland,Wind,Hour,UTC,Providing,Current,1655436,1655438,0.254512,0,0
"2026-01-13 04:00:00","2026-01-13 05:00:00",Nederland,Wind,Hour,UTC,Providing,Current,1372735,1372736,0.21104766666667,0,0
"2026-01-13 05:00:00","2026-01-13 06:00:00",Nederland,Wind,Hour,UTC,Providing,Current,1185304,1185305,0.182231,0,0
"2026-01-13 06:00:00","2026-01-13 07:00:00",Nederland,Wind,Hour,UTC,Providing,Current,996882,996880,0.153262,0,0
"2026-01-13 07:00:00","2026-01-13 08:00:00",Nederland,Wind,Hour,UTC,Providing,Current,883094,883095,0.13576733333333,0,0
"2026-01-13 08:00:00","2026-01-13 09:00:00",Nederland,Wind,Hour,UTC,Providing,Current,854838,854837,0.131423,0,0
"2026-01-13 09:00:00","2026-01-13 10:00:00",Nederland,Wind,Hour,UTC,Providing,Current,1070010,1070009,0.16450266666667,0,0
"2026-01-13 10:00:00","2026-01-13 11:00:00",Nederland,Wind,Hour,UTC,Providing,Current,1479720,1479720,0.22749016666667,0,0
"2026-01-13 11:00:00","2026-01-13 12:00:00",Nederland,Wind,Hour,UTC,Providing,Current,1954303,1954302,0.300451,0,0
"2026-01-13 12:00:00","2026-01-13 13:00:00",Nederland,Wind,Hour,UTC,Providing,Current,2324002,2324003,0.357286,0,0
"2026-01-13 13:00:00","2026-01-13 14:00:00",Nederland,Wind,Hour,UTC,Providing,Current,2197142,2197143,0.33778183333333,0,0
"2026-01-13 14:00:00","2026-01-13 15:00:00",Nederland,Wind,Hour,UTC,Providing,Current,1908139,1908140,0.29334983333333,0,0
"2026-01-13 15:00:00","2026-01-13 16:00:00",Nederland,Wind,Hour,UTC,Providing,Current,1852409,1852413,0.284781,0,0
"2026-01-13 16:00:00","2026-01-13 17:00:00",Nederland,Wind,Hour,UTC,Providing,Current,1982294,1982295,0.30474783333333,0,0
"2026-01-13 17:00:00","2026-01-13 18:00:00",Nederland,Wind,Hour,UTC,Providing,Current,2567518,2567518,0.39471533333333,0,0
"2026-01-13 18:00:00","2026-01-13 19:00:00",Nederland,Wind,Hour,UTC,Providing,Current,3053018,3053020,0.4693515,0,0
"2026-01-13 19:00:00","2026-01-13 20:00:00",Nederland,Wind,Hour,UTC,Providing,Current,3058743,3058742,0.47022966666667,0,0
"2026-01-13 20:00:00","2026-01-13 21:00:00",Nederland,Wind,Hour,UTC,Providing,Current,3148168,3148170,0.4839755,0,0
"2026-01-13 21:00:00","2026-01-13 22:00:00",Nederland,Wind,Hour,UTC,Providing,Current,3037327,3037326,0.4669335,0,0
"2026-01-13 22:00:00","2026-01-13 23:00:00",Nederland,Wind,Hour,UTC,Providing,Current,2868278,2868280,0.44094333333333,0,0
"2026-01-13 23:00:00","2026-01-14 00:00:00",Nederland,Wind,Hour,UTC,Providing,Current,2361366,2361371,0.36301383333333,0,0
"2026-01-14 00:00:00","2026-01-14 01:00:00",Nederland,Wind,Hour,UTC,Providing,Current,1940883,1940882,0.29837166666667,0,0
"2026-01-14 01:00:00","2026-01-14 02:00:00",Nederland,Wind,Hour,UTC,Providing,Current,1793944,1793942,0.2757815,0,0
"2026-01-14 02:00:00","2026-01-14 03:00:00",Nederland,Wind,Hour,UTC,Providing,Current,1421276,1421276,0.21849066666667,0,0
"2026-01-14 03:00:00","2026-01-14 04:00:00",Nederland,Wind,Hour,UTC,Providing,Current,1308910,1308910,0.20121583333333,0,0
"2026-01-14 04:00:00","2026-01-14 05:00:00",Nederland,Wind,Hour,UTC,Providing,Current,755667,755667,0.11616656666667,0,0
"2026-01-14 05:00:00","2026-01-14 06:00:00",Nederland,Wind,Hour,UTC,Providing,Current,417829,417828,0.064231516666667,0,0
"2026-01-14 06:00:00","2026-01-14 07:00:00",Nederland,Wind,Hour,UTC,Providing,Current,311247,311246,0.047846733333333,0,0
"2026-01-14 07:00:00","2026-01-14 08:00:00",Nederland,Wind,Hour,UTC,Providing,Current,196405,196405,0.03019245,0,0
"2026-01-14 08:00:00","2026-01-14 09:00:00",Nederland,Wind,Hour,UTC,Providing,Current,128217,128218,0.019710183333333,0,0
"2026-01-14 09:00:00","2026-01-14 10:00:00",Nederland,Wind,Hour,UTC,Providing,Current,107435,107437,0.016515366666667,0,0
"2026-01-14 10:00:00","2026-01-14 11:00:00",Nederland,Wind,Hour,UTC,Providing,Current,175484,175485,0.0269761,0,0
"2026-01-14 11:00:00","2026-01-14 12:00:00",Nederland,Wind,Hour,UTC,Providing,Current,358134,358136,0.05505335,0,0
"2026-01-14 12:00:00","2026-01-14 13:00:00",Nederland,Wind,Hour,UTC,Providing,Current,502487,502490,0.07724345,0,0
"2026-01-14 13:00:00","2026-01-14 14:00:00",Nederland,Wind,Hour,UTC,Providing,Current,476068,476066,0.073181883333333,0,0
"2026-01-14 14:00:00","2026-01-14 15:00:00",Nederland,Wind,Hour,UTC,Providing,Current,310421,310421,0.04771825,0,0
"2026-01-14 15:00:00","2026-01-14 16:00:00",Nederland,Wind,Hour,UTC,Providing,Current,106907,106906,0.01643375,0,0
"2026-01-14 16:00:00","2026-01-14 17:00:00",Nederland,Wind,Hour,UTC,Providing,Current,63346,63345,0.00973754,0,0
"2026-01-14 17:00:00","2026-01-14 18:00:00",Nederland,Wind,Hour,UTC,Providing,Current,64419,64419,0.0099024266666667,0,0
"2026-01-14 18:00:00","2026-01-14 19:00:00",Nederland,Wind,Hour,UTC,Providing,Current,83349,83349,0.012812236666667,0,0
"2026-01-14 19:00:00","2026-01-14 20:00:00",Nederland,Wind,Hour,UTC,Providing,Current,208850,208851,0.032103966666667,0,0
"2026-01-14 20:00:00","2026-01-14 21:00:00",Nederland,Wind,Hour,UTC,Providing,Current,355999,355997,0.054723083333333,0,0
"2026-01-14 21:00:00","2026-01-14 22:00:00",Nederland,Wind,Hour,UTC,Providing,Current,511491,511488,0.0786245,0,0
"2026-01-14 22:00:00","2026-01-14 23:00:00",Nederland,Wind,Hour,UTC,Providing,Current,718074,718075,0.11037938333333,0,0
"2026-01-14 23:00:00","2026-01-15 00:00:00",Nederland,Wind,Hour,UTC,Providing,Current,916394,916398,0.14086366666667,0,0
"2026-01-15 00:00:00","2026-01-15 01:00:00",Nederland,Wind,Hour,UTC,Providing,Current,1313642,1313642,0.20192583333333,0,0
"2026-01-15 01:00:00","2026-01-15 02:00:00",Nederland,Wind,Hour,UTC,Providing,Current,1865273,1865271,0.286718,0,0
"2026-01-15 02:00:00","2026-01-15 03:00:00",Nederland,Wind,Hour,UTC,Providing,Current,2234487,2234487,0.34347016666667,0,0
"2026-01-15 03:00:00","2026-01-15 04:00:00",Nederland,Wind,Hour,UTC,Providing,Current,2546438,2546438,0.39141933333333,0,0
"2026-01-15 04:00:00","2026-01-15 05:00:00",Nederland,Wind,Hour,UTC,Providing,Current,2744460,2744460,0.421856,0,0
"2026-01-15 05:00:00","2026-01-15 06:00:00",Nederland,Wind,Hour,UTC,Providing,Current,2651706,2651710,0.40759666666667,0,0
"2026-01-15 06:00:00","2026-01-15 07:00:00",Nederland,Wind,Hour,UTC,Providing,Current,2756621,2756622,0.42372183333333,0,0
"2026-01-15 07:00:00","2026-01-15 08:00:00",Nederland,Wind,Hour,UTC,Providing,Current,3033959,3033967,0.46634966666667,0,0
"2026-01-15 08:00:00","2026-01-15 09:00:00",Nederland,Wind,Hour,UTC,Providing,Current,3092326,3092324,0.4753195,0,0
"2026-01-15 09:00:00","2026-01-15 10:00:00",Nederland,Wind,Hour,UTC,Providing,Current,2585509,2585506,0.39741483333333,0,0
"2026-01-15 10:00:00","2026-01-15 11:00:00",Nederland,Wind,Hour,UTC,Providing,Current,2384893,2384897,0.36657683333333,0,0
"2026-01-15 11:00:00","2026-01-15 12:00:00",Nederland,Wind,Hour,UTC,Providing,Current,2403937,2403940,0.36950283333333,0,0
"2026-01-15 12:00:00","2026-01-15 13:00:00",Nederland,Wind,Hour,UTC,Providing,Current,2556347,2556348,0.39292766666667,0,0
"2026-01-15 13:00:00","2026-01-15 14:00:00",Nederland,Wind,Hour,UTC,Providing,Current,2872372,2872369,0.44150116666667,0,0
"2026-01-15 14:00:00","2026-01-15 15:00:00",Nederland,Wind,Hour,UTC,Providing,Current,3039147,3039145,0.46713333333333,0,0
"2026-01-15 15:00:00","2026-01-15 16:00:00",Nederland,Wind,Hour,UTC,Providing,Current,2440276,2440281,0.37508233333333,0,0
"2026-01-15 16:00:00","2026-01-15 17:00:00",Nederland,Wind,Hour,UTC,Providing,Current,2015872,2015875,0.309848,0,0
"2026-01-15 17:00:00","2026-01-15 18:00:00",Nederland,Wind,Hour,UTC,Providing,Current,1983837,1983835,0.3049225,0,0
"2026-01-15 18:00:00","2026-01-15 19:00:00",Nederland,Wind,Hour,UTC,Providing,Current,2581598,2581600,0.396799,0,0
"2026-01-15 19:00:00","2026-01-15 20:00:00",Nederland,Wind,Hour,UTC,Providing,Current,3257895,3257896,0.500746,0,0
"2026-01-15 20:00:00","2026-01-15 21:00:00",Nederland,Wind,Hour,UTC,Providing,Current,3760654,3760655,0.5780185,0,0
"2026-01-15 21:00:00","2026-01-15 22:00:00",Nederland,Wind,Hour,UTC,Providing,Current,4368151,4368156,0.671389,0,0
"2026-01-15 22:00:00","2026-01-15 23:00:00",Nederland,Wind,Hour,UTC,Providing,Current,4956582,4956584,0.76182816666667,0,0
"2026-01-15 23:00:00","2026-01-16 00:00:00",Nederland,Wind,Hour,UTC,Providing,Current,5286231,5286233,0.81249216666667,0,0
"2026-01-16 00:00:00","2026-01-16 01:00:00",Nederland,Wind,Hour,UTC,Providing,Current,5289474,5289476,0.81298716666667,0,0
"2026-01-16 01:00:00","2026-01-16 02:00:00",Nederland,Wind,Hour,UTC,Providing,Current,5473465,5473465,0.841263,0,0
"2026-01-16 02:00:00","2026-01-16 03:00:00",Nederland,Wind,Hour,UTC,Providing,Current,5328820,5328822,0.81902783333333,0,0
"2026-01-16 03:00:00","2026-01-16 04:00:00",Nederland,Wind,Hour,UTC,Providing,Current,5738617,5738617,0.88200883333333,0,0
"2026-01-16 04:00:00","2026-01-16 05:00:00",Nederland,Wind,Hour,UTC,Providing,Current,6004201,6004200,0.92282483333333,0,0
"2026-01-16 05:00:00","2026-01-16 06:00:00",Nederland,Wind,Hour,UTC,Providing,Current,5827099,5827098,0.89560083333333,0,0
"2026-01-16 06:00:00","2026-01-16 07:00:00",Nederland,Wind,Hour,UTC,Providing,Current,5534485,5534482,0.85062383333333,0,0
"2026-01-16 07:00:00","2026-01-16 08:00:00",Nederland,Wind,Hour,UTC,Providing,Current,4798244,4798242,0.737464,0,0
"2026-01-16 08:00:00","2026-01-16 09:00:00",Nederland,Wind,Hour,UTC,Providing,Current,3374775,3374772,0.51868233333333,0,0
"2026-01-16 09:00:00","2026-01-16 10:00:00",Nederland,Wind,Hour,UTC,Providing,Current,1926356,1926355,0.296068,0,0
"2026-01-16 10:00:00","2026-01-16 11:00:00",Nederland,Wind,Hour,UTC,Providing,Current,1201287,1201288,0.18462883333333,0,0
"2026-01-16 11:00:00","2026-01-16 12:00:00",Nederland,Wind,Hour,UTC,Providing,Current,776790,776790,0.11938633333333,0,0
"2026-01-16 12:00:00","2026-01-16 13:00:00",Nederland,Wind,Hour,UTC,Providing,Current,596198,596200,0.091630483333333,0,0
"2026-01-16 13:00:00","2026-01-16 14:00:00",Nederland,Wind,Hour,UTC,Providing,Current,653982,653982,0.100511,0,0
"2026-01-16 14:00:00","2026-01-16 15:00:00",Nederland,Wind,Hour,UTC,Providing,Current,701480,701480,0.10781066666667,0,0
"2026-01-16 15:00:00","2026-01-16 16:00:00",Nederland,Wind,Hour,UTC,Providing,Current,490973,490976,0.0754575,0,0
"2026-01-16 16:00:00","2026-01-16 17:00:00",Nederland,Wind,Hour,UTC,Providing,Current,305841,305844,0.04700445,0,0
"2026-01-16 17:00:00","2026-01-16 18:00:00",Nederland,Wind,Hour,UTC,Providing,Current,204204,204203,0.03138385,0,0
"2026-01-16 18:00:00","2026-01-16 19:00:00",Nederland,Wind,Hour,UTC,Providing,Current,193388,193387,0.0297214,0,0
"2026-01-16 19:00:00","2026-01-16 20:00:00",Nederland,Wind,Hour,UTC,Providing,Current,177996,177999,0.02735565,0,0
"2026-01-16 20:00:00","2026-01-16 21:00:00",Nederland,Wind,Hour,UTC,Providing,Current,291946,291947,0.044868066666667,0,0
"2026-01-16 21:00:00","2026-01-16 22:00:00",Nederland,Wind,Hour,UTC,Providing,Current,295457,295458,0.04540755,0,0
"2026-01-16 22:00:00","2026-01-16 23:00:00",Nederland,Wind,Hour,UTC,Providing,Current,188396,188395,0.028953766666667,0,0
"2026-01-16 23:00:00","2026-01-17 00:00:00",Nederland,Wind,Hour,UTC,Providing,Current,124502,124503,0.0191341,0,0
"2026-01-17 00:00:00","2026-01-17 01:00:00",Nederland,Wind,Hour,UTC,Providing,Current,157221,157219,0.024162383333333,0,0
"2026-01-17 01:00:00","2026-01-17 02:00:00",Nederland,Wind,Hour,UTC,Providing,Current,178176,178179,0.027382766666667,0,0
"2026-01-17 02:00:00","2026-01-17 03:00:00",Nederland,Wind,Hour,UTC,Providing,Current,193933,193932,0.029804233333333,0,0
"2026-01-17 03:00:00","2026-01-17 04:00:00",Nederland,Wind,Hour,UTC,Providing,Current,396289,396290,0.060902433333333,0,0
"2026-01-17 04:00:00","2026-01-17 05:00:00",Nederland,Wind,Hour,UTC,Providing,Current,465443,465444,0.071529883333333,0,0
"2026-01-17 05:00:00","2026-01-17 06:00:00",Nederland,Wind,Hour,UTC,Providing,Current,558817,558818,0.085879383333333,0,0
"2026-01-17 06:00:00","2026-01-17 07:00:00",Nederland,Wind,Hour,UTC,Providing,Current,618107,618106,0.094990616666667,0,0
"2026-01-17 07:00:00","2026-01-17 08:00:00",Nederland,Wind,Hour,UTC,Providing,Current,521444,521441,0.080135183333333,0,0
"2026-01-17 08:00:00","2026-01-17 09:00:00",Nederland,Wind,Hour,UTC,Providing,Current,648092,648091,0.09959785,0,0
"2026-01-17 09:00:00","2026-01-17 10:00:00",Nederland,Wind,Hour,UTC,Providing,Current,516603,516605,0.079390533333333,0,0
"2026-01-17 10:00:00","2026-01-17 11:00:00",Nederland,Wind,Hour,UTC,Providing,Current,474586,474584,0.072933166666667,0,0
"2026-01-17 11:00:00","2026-01-17 12:00:00",Nederland,Wind,Hour,UTC,Providing,Current,442761,442759,0.068042116666667,0,0
"2026-01-17 12:00:00","2026-01-17 13:00:00",Nederland,Wind,Hour,UTC,Providing,Current,376966,376964,0.057930666666667,0,0
"2026-01-17 13:00:00","2026-01-17 14:00:00",Nederland,Wind,Hour,UTC,Providing,Current,223238,223237,0.0343062,0,0
"2026-01-17 14:00:00","2026-01-17 15:00:00",Nederland,Wind,Hour,UTC,Providing,Current,95301,95301,0.014645488333333,0,0
"2026-01-17 15:00:00","2026-01-17 16:00:00",Nederland,Wind,Hour,UTC,Providing,Current,37939,37942,0.0058303483333333,0,0
"2026-01-17 16:00:00","2026-01-17 17:00:00",Nederland,Wind,Hour,UTC,Providing,Current,16686,16686,0.002564295,0,0
"2026-01-17 17:00:00","2026-01-17 18:00:00",Nederland,Wind,Hour,UTC,Providing,Current,84047,84048,0.01291575,0,0
"2026-01-17 18:00:00","2026-01-17 19:00:00",Nederland,Wind,Hour,UTC,Providing,Current,106843,106844,0.016418816666667,0,0
"2026-01-17 19:00:00","2026-01-17 20:00:00",Nederland,Wind,Hour,UTC,Providing,Current,129525,129524,0.019904366666667,0,0
"2026-01-17 20:00:00","2026-01-17 21:00:00",Nederland,Wind,Hour,UTC,Providing,Current,80785,80784,0.0124144,0,0
"2026-01-17 21:00:00","2026-01-17 22:00:00",Nederland,Wind,Hour,UTC,Providing,Current,64440,64439,0.00990262,0,0
"2026-01-17 22:00:00","2026-01-17 23:00:00",Nederland,Wind,Hour,UTC,Providing,Current,86621,86621,0.0133111,0,0
"2026-01-17 23:00:00","2026-01-18 00:00:00",Nederland,Wind,Hour,UTC,Providing,Current,152268,152271,0.023398916666667,0,0
"2026-01-18 00:00:00","2026-01-18 01:00:00",Nederland,Wind,Hour,UTC,Providing,Current,177771,177774,0.027317866666667,0,0
"2026-01-18 01:00:00","2026-01-18 02:00:00",Nederland,Wind,Hour,UTC,Providing,Current,260260,260263,0.03999355,0,0
"2026-01-18 02:00:00","2026-01-18 03:00:00",Nederland,Wind,Hour,UTC,Providing,Current,302248,302250,0.046445633333333,0,0
"2026-01-18 03:00:00","2026-01-18 04:00:00",Nederland,Wind,Hour,UTC,Providing,Current,250056,250055,0.038425233333333,0,0
"2026-01-18 04:00:00","2026-01-18 05:00:00",Nederland,Wind,Hour,UTC,Providing,Current,349500,349500,0.053706333333333,0,0
"2026-01-18 05:00:00","2026-01-18 06:00:00",Nederland,Wind,Hour,UTC,Providing,Current,383964,383963,0.059002033333333,0,0
"2026-01-18 06:00:00","2026-01-18 07:00:00",Nederland,Wind,Hour,UTC,Providing,Current,412980,412980,0.063460366666667,0,0
"2026-01-18 07:00:00","2026-01-18 08:00:00",Nederland,Wind,Hour,UTC,Providing,Current,400603,400606,0.061558216666667,0,0
"2026-01-18 08:00:00","2026-01-18 09:00:00",Nederland,Wind,Hour,UTC,Providing,Current,429355,429356,0.0659761,0,0
"2026-01-18 09:00:00","2026-01-18 10:00:00",Nederland,Wind,Hour,UTC,Providing,Current,490972,490968,0.075444066666667,0,0
"2026-01-18 10:00:00","2026-01-18 11:00:00",Nederland,Wind,Hour,UTC,Providing,Current,603855,603855,0.092789683333333,0,0
"2026-01-18 11:00:00","2026-01-18 12:00:00",Nederland,Wind,Hour,UTC,Providing,Current,567887,567884,0.08726235,0,0
"2026-01-18 12:00:00","2026-01-18 13:00:00",Nederland,Wind,Hour,UTC,Providing,Current,806656,806653,0.12395116666667,0,0
"2026-01-18 13:00:00","2026-01-18 14:00:00",Nederland,Wind,Hour,UTC,Providing,Current,1074032,1074028,0.16503583333333,0,0
"2026-01-18 14:00:00","2026-01-18 15:00:00",Nederland,Wind,Hour,UTC,Providing,Current,1145309,1145310,0.17598766666667,0,0
"2026-01-18 15:00:00","2026-01-18 16:00:00",Nederland,Wind,Hour,UTC,Providing,Current,1013262,1013260,0.15569683333333,0,0
"2026-01-18 16:00:00","2026-01-18 17:00:00",Nederland,Wind,Hour,UTC,Providing,Current,766094,766094,0.11771683333333,0,0
"2026-01-18 17:00:00","2026-01-18 18:00:00",Nederland,Wind,Hour,UTC,Providing,Current,922179,922179,0.1417,0,0
"2026-01-18 18:00:00","2026-01-18 19:00:00",Nederland,Wind,Hour,UTC,Providing,Current,1123717,1123718,0.17266716666667,0,0
"2026-01-18 19:00:00","2026-01-18 20:00:00",Nederland,Wind,Hour,UTC,Providing,Current,1247744,1247742,0.19172366666667,0,0
"2026-01-18 20:00:00","2026-01-18 21:00:00",Nederland,Wind,Hour,UTC,Providing,Current,1118611,1118612,0.171881,0,0
"2026-01-18 21:00:00","2026-01-18 22:00:00",Nederland,Wind,Hour,UTC,Providing,Current,1099132,1099130,0.16888716666667,0,0
"2026-01-18 22:00:00","2026-01-18 23:00:00",Nederland,Wind,Hour,UTC,Providing,Current,1130604,1130607,0.17372233333333,0,0
"2026-01-18 23:00:00","2026-01-19 00:00:00",Nederland,Wind,Hour,UTC,Providing,Current,1064937,1064935,0.1636315,0,0
"2026-01-19 00:00:00","2026-01-19 01:00:00",Nederland,Wind,Hour,UTC,Providing,Current,883157,883157,0.13569983333333,0,0
"2026-01-19 01:00:00","2026-01-19 02:00:00",Nederland,Wind,Hour,UTC,Providing,Current,731164,731165,0.1123453,0,0
"2026-01-19 02:00:00","2026-01-19 03:00:00",Nederland,Wind,Hour,UTC,Providing,Current,648713,648713,0.099676016666667,0,0
"2026-01-19 03:00:00","2026-01-19 04:00:00",Nederland,Wind,Hour,UTC,Providing,Current,469975,469977,0.072212316666667,0,0
"2026-01-19 04:00:00","2026-01-19 05:00:00",Nederland,Wind,Hour,UTC,Providing,Current,506812,506814,0.077872,0,0
"2026-01-19 05:00:00","2026-01-19 06:00:00",Nederland,Wind,Hour,UTC,Providing,Current,578535,578533,0.0888918,0,0
"2026-01-19 06:00:00","2026-01-19 07:00:00",Nederland,Wind,Hour,UTC,Providing,Current,491169,491168,0.07546775,0,0
"2026-01-19 07:00:00","2026-01-19 08:00:00",Nederland,Wind,Hour,UTC,Providing,Current,390728,390728,0.060034916666667,0,0
"2026-01-19 08:00:00","2026-01-19 09:00:00",Nederland,Wind,Hour,UTC,Providing,Current,320768,320766,0.049285366666667,0,0
"2026-01-19 09:00:00","2026-01-19 10:00:00",Nederland,Wind,Hour,UTC,Providing,Current,319142,319142,0.049035333333333,0,0
"2026-01-19 10:00:00","2026-01-19 11:00:00",Nederland,Wind,Hour,UTC,Providing,Current,420090,420090,0.0645455,0,0
"2026-01-19 11:00:00","2026-01-19 12:00:00",Nederland,Wind,Hour,UTC,Providing,Current,464871,464872,0.071425566666667,0,0
"2026-01-19 12:00:00","2026-01-19 13:00:00",Nederland,Wind,Hour,UTC,Providing,Current,425034,425036,0.065304516666667,0,0
"2026-01-19 13:00:00","2026-01-19 14:00:00",Nederland,Wind,Hour,UTC,Providing,Current,389219,389219,0.059801533333333,0,0
"2026-01-19 14:00:00","2026-01-19 15:00:00",Nederland,Wind,Hour,UTC,Providing,Current,372664,372662,0.05725765,0,0
"2026-01-19 15:00:00","2026-01-19 16:00:00",Nederland,Wind,Hour,UTC,Providing,Current,323649,323646,0.04972655,0,0
"2026-01-19 16:00:00","2026-01-19 17:00:00",Nederland,Wind,Hour,UTC,Providing,Current,331905,331905,0.05099485,0,0
"2026-01-19 17:00:00","2026-01-19 18:00:00",Nederland,Wind,Hour,UTC,Providing,Current,343843,343843,0.052828883333333,0,0
"2026-01-19 18:00:00","2026-01-19 19:00:00",Nederland,Wind,Hour,UTC,Providing,Current,330644,330647,0.050800733333333,0,0
"2026-01-19 19:00:00","2026-01-19 20:00:00",Nederland,Wind,Hour,UTC,Providing,Current,350851,350855,0.05390515,0,0
"2026-01-19 20:00:00","2026-01-19 21:00:00",Nederland,Wind,Hour,UTC,Providing,Current,401196,401198,0.061640016666667,0,0
"2026-01-19 21:00:00","2026-01-19 22:00:00",Nederland,Wind,Hour,UTC,Providing,Current,362704,362705,0.055725716666667,0,0
"2026-01-19 22:00:00","2026-01-19 23:00:00",Nederland,Wind,Hour,UTC,Providing,Current,323309,323312,0.049672866666667,0,0
"2026-01-19 23:00:00","2026-01-20 00:00:00",Nederland,Wind,Hour,UTC,Providing,Current,220385,220383,0.033859583333333,0,0
"2026-01-20 00:00:00","2026-01-20 01:00:00",Nederland,Wind,Hour,UTC,Providing,Current,175713,175712,0.02699625,0,0
"2026-01-20 01:00:00","2026-01-20 02:00:00",Nederland,Wind,Hour,UTC,Providing,Current,193502,193505,0.0297292,0,0
"2026-01-20 02:00:00","2026-01-20 03:00:00",Nederland,Wind,Hour,UTC,Providing,Current,162330,162332,0.024939883333333,0,0
"2026-01-20 03:00:00","2026-01-20 04:00:00",Nederland,Wind,Hour,UTC,Providing,Current,171759,171759,0.02638845,0,0
"2026-01-20 04:00:00","2026-01-20 05:00:00",Nederland,Wind,Hour,UTC,Providing,Current,176279,176280,0.027082683333333,0,0
"2026-01-20 05:00:00","2026-01-20 06:00:00",Nederland,Wind,Hour,UTC,Providing,Current,168073,168075,0.02582185,0,0
"2026-01-20 06:00:00","2026-01-20 07:00:00",Nederland,Wind,Hour,UTC,Providing,Current,176431,176430,0.027105783333333,0,0
"2026-01-20 07:00:00","2026-01-20 08:00:00",Nederland,Wind,Hour,UTC,Providing,Current,220485,220487,0.0338739,0,0
"2026-01-20 08:00:00","2026-01-20 09:00:00",Nederland,Wind,Hour,UTC,Providing,Current,214022,214020,0.03288075,0,0
"2026-01-20 09:00:00","2026-01-20 10:00:00",Nederland,Wind,Hour,UTC,Providing,Current,176398,176400,0.027100416666667,0,0
"2026-01-20 10:00:00","2026-01-20 11:00:00",Nederland,Wind,Hour,UTC,Providing,Current,244441,244442,0.037553816666667,0,0
"2026-01-20 11:00:00","2026-01-20 12:00:00",Nederland,Wind,Hour,UTC,Providing,Current,321965,321965,0.049463783333333,0,0
"2026-01-20 12:00:00","2026-01-20 13:00:00",Nederland,Wind,Hour,UTC,Providing,Current,556667,556666,0.085520816666667,0,0
"2026-01-20 13:00:00","2026-01-20 14:00:00",Nederland,Wind,Hour,UTC,Providing,Current,578992,578990,0.088950183333333,0,0
"2026-01-20 14:00:00","2026-01-20 15:00:00",Nederland,Wind,Hour,UTC,Providing,Current,737990,737990,0.11337675,0,0
"2026-01-20 15:00:00","2026-01-20 16:00:00",Nederland,Wind,Hour,UTC,Providing,Current,961929,961929,0.1477795,0,0
"2026-01-20 16:00:00","2026-01-20 17:00:00",Nederland,Wind,Hour,UTC,Providing,Current,910691,910696,0.13990733333333,0,0
"2026-01-20 17:00:00","2026-01-20 18:00:00",Nederland,Wind,Hour,UTC,Providing,Current,835438,835441,0.12834583333333,0,0
"2026-01-20 18:00:00","2026-01-20 19:00:00",Nederland,Wind,Hour,UTC,Providing,Current,676739,676737,0.10396495,0,0
"2026-01-20 19:00:00","2026-01-20 20:00:00",Nederland,Wind,Hour,UTC,Providing,Current,736939,736937,0.11321283333333,0,0
"2026-01-20 20:00:00","2026-01-20 21:00:00",Nederland,Wind,Hour,UTC,Providing,Current,981005,981005,0.15070683333333,0,0
"2026-01-20 21:00:00","2026-01-20 22:00:00",Nederland,Wind,Hour,UTC,Providing,Current,991585,991584,0.1523315,0,0
"2026-01-20 22:00:00","2026-01-20 23:00:00",Nederland,Wind,Hour,UTC,Providing,Current,988254,988256,0.15181933333333,0,0
"2026-01-20 23:00:00","2026-01-21 00:00:00",Nederland,Wind,Hour,UTC,Providing,Current,917623,917623,0.14096816666667,0,0
"2026-01-21 00:00:00","2026-01-21 01:00:00",Nederland,Wind,Hour,UTC,Providing,Current,992198,992200,0.152424,0,0
"2026-01-21 01:00:00","2026-01-21 02:00:00",Nederland,Wind,Hour,UTC,Providing,Current,1192819,1192819,0.183243,0,0
"2026-01-21 02:00:00","2026-01-21 03:00:00",Nederland,Wind,Hour,UTC,Providing,Current,1383913,1383919,0.2125985,0,0
"2026-01-21 03:00:00","2026-01-21 04:00:00",Nederland,Wind,Hour,UTC,Providing,Current,1640366,1640367,0.25199383333333,0,0
"2026-01-21 04:00:00","2026-01-21 05:00:00",Nederland,Wind,Hour,UTC,Providing,Current,1704270,1704278,0.26180966666667,0,0
"2026-01-21 05:00:00","2026-01-21 06:00:00",Nederland,Wind,Hour,UTC,Providing,Current,1820292,1820297,0.27963183333333,0,0
"2026-01-21 06:00:00","2026-01-21 07:00:00",Nederland,Wind,Hour,UTC,Providing,Current,1817492,1817489,0.2792005,0,0
"2026-01-21 07:00:00","2026-01-21 08:00:00",Nederland,Wind,Hour,UTC,Providing,Current,1884572,1884571,0.28950416666667,0,0
"2026-01-21 08:00:00","2026-01-21 09:00:00",Nederland,Wind,Hour,UTC,Providing,Current,1921041,1921043,0.2951055,0,0
"2026-01-21 09:00:00","2026-01-21 10:00:00",Nederland,Wind,Hour,UTC,Providing,Current,1844623,1844624,0.283365,0,0
"2026-01-21 10:00:00","2026-01-21 11:00:00",Nederland,Wind,Hour,UTC,Providing,Current,1886677,1886677,0.289824,0,0
"2026-01-21 11:00:00","2026-01-21 12:00:00",Nederland,Wind,Hour,UTC,Providing,Current,1956750,1956751,0.30058683333333,0,0
"2026-01-21 12:00:00","2026-01-21 13:00:00",Nederland,Wind,Hour,UTC,Providing,Current,1890569,1890570,0.29041933333333,0,0
"2026-01-21 13:00:00","2026-01-21 14:00:00",Nederland,Wind,Hour,UTC,Providing,Current,1996029,1996029,0.30661816666667,0,0
"2026-01-21 14:00:00","2026-01-21 15:00:00",Nederland,Wind,Hour,UTC,Providing,Current,2167792,2167794,0.33300216666667,0,0
"2026-01-21 15:00:00","2026-01-21 16:00:00",Nederland,Wind,Hour,UTC,Providing,Current,2232203,2232202,0.34289516666667,0,0
"2026-01-21 16:00:00","2026-01-21 17:00:00",Nederland,Wind,Hour,UTC,Providing,Current,2200012,2200013,0.3379485,0,0
"2026-01-21 17:00:00","2026-01-21 18:00:00",Nederland,Wind,Hour,UTC,Providing,Current,2301318,2301318,0.353509,0,0
"2026-01-21 18:00:00","2026-01-21 19:00:00",Nederland,Wind,Hour,UTC,Providing,Current,2222056,2222056,0.341332,0,0
"2026-01-21 19:00:00","2026-01-21 20:00:00",Nederland,Wind,Hour,UTC,Providing,Current,2317506,2317504,0.35599266666667,0,0
"2026-01-21 20:00:00","2026-01-21 21:00:00",Nederland,Wind,Hour,UTC,Providing,Current,2377546,2377545,0.36521383333333,0,0
"2026-01-21 21:00:00","2026-01-21 22:00:00",Nederland,Wind,Hour,UTC,Providing,Current,2330695,2330699,0.35801583333333,0,0
"2026-01-21 22:00:00","2026-01-21 23:00:00",Nederland,Wind,Hour,UTC,Providing,Current,2242663,2242667,0.34449183333333,0,0
"2026-01-21 23:00:00","2026-01-22 00:00:00",Nederland,Wind,Hour,UTC,Providing,Current,2193469,2193469,0.336934,0,0
"2026-01-22 00:00:00","2026-01-22 01:00:00",Nederland,Wind,Hour,UTC,Providing,Current,2037006,2037008,0.31289866666667,0,0
"2026-01-22 01:00:00","2026-01-22 02:00:00",Nederland,Wind,Hour,UTC,Providing,Current,2216691,2216689,0.340498,0,0
"2026-01-22 02:00:00","2026-01-22 03:00:00",Nederland,Wind,Hour,UTC,Providing,Current,2538322,2538324,0.38990116666667,0,0
"2026-01-22 03:00:00","2026-01-22 04:00:00",Nederland,Wind,Hour,UTC,Providing,Current,2925189,2925191,0.44932416666667,0,0
"2026-01-22 04:00:00","2026-01-22 05:00:00",Nederland,Wind,Hour,UTC,Providing,Current,3023243,3023244,0.464384,0,0
"2026-01-22 05:00:00","2026-01-22 06:00:00",Nederland,Wind,Hour,UTC,Providing,Current,3055041,3055043,0.469266,0,0
"2026-01-22 06:00:00","2026-01-22 07:00:00",Nederland,Wind,Hour,UTC,Providing,Current,3282096,3282094,0.50414083333333,0,0
"2026-01-22 07:00:00","2026-01-22 08:00:00",Nederland,Wind,Hour,UTC,Providing,Current,3352993,3352995,0.51502833333333,0,0
"2026-01-22 08:00:00","2026-01-22 09:00:00",Nederland,Wind,Hour,UTC,Providing,Current,3642553,3642552,0.5595035,0,0
"2026-01-22 09:00:00","2026-01-22 10:00:00",Nederland,Wind,Hour,UTC,Providing,Current,4028134,4028128,0.61872683333333,0,0
"2026-01-22 10:00:00","2026-01-22 11:00:00",Nederland,Wind,Hour,UTC,Providing,Current,3958327,3958328,0.608002,0,0
"2026-01-22 11:00:00","2026-01-22 12:00:00",Nederland,Wind,Hour,UTC,Providing,Current,3924584,3924581,0.60281633333333,0,0
"2026-01-22 12:00:00","2026-01-22 13:00:00",Nederland,Wind,Hour,UTC,Providing,Current,4046549,4046551,0.62154766666667,0,0
"2026-01-22 13:00:00","2026-01-22 14:00:00",Nederland,Wind,Hour,UTC,Providing,Current,3918146,3918147,0.60182283333333,0,0
"2026-01-22 14:00:00","2026-01-22 15:00:00",Nederland,Wind,Hour,UTC,Providing,Current,4067737,4067739,0.62479716666667,0,0
"2026-01-22 15:00:00","2026-01-22 16:00:00",Nederland,Wind,Hour,UTC,Providing,Current,3698104,3698102,0.56801966666667,0,0
"2026-01-22 16:00:00","2026-01-22 17:00:00",Nederland,Wind,Hour,UTC,Providing,Current,3637010,3637010,0.55863316666667,0,0
"2026-01-22 17:00:00","2026-01-22 18:00:00",Nederland,Wind,Hour,UTC,Providing,Current,3699758,3699756,0.568269,0,0
"2026-01-22 18:00:00","2026-01-22 19:00:00",Nederland,Wind,Hour,UTC,Providing,Current,3599603,3599602,0.55288333333333,0,0
"2026-01-22 19:00:00","2026-01-22 20:00:00",Nederland,Wind,Hour,UTC,Providing,Current,3438693,3438692,0.528166,0,0
"2026-01-22 20:00:00","2026-01-22 21:00:00",Nederland,Wind,Hour,UTC,Providing,Current,3195685,3195688,0.490839,0,0
"2026-01-22 21:00:00","2026-01-22 22:00:00",Nederland,Wind,Hour,UTC,Providing,Current,3117227,3117228,0.4787865,0,0
"2026-01-22 22:00:00","2026-01-22 23:00:00",Nederland,Wind,Hour,UTC,Providing,Current,2842933,2842937,0.43665483333333,0,0
"2026-01-22 23:00:00","2026-01-23 00:00:00",Nederland,Wind,Hour,UTC,Providing,Current,2663942,2663940,0.40916133333333,0,0
"2026-01-23 00:00:00","2026-01-23 01:00:00",Nederland,Wind,Hour,UTC,Providing,Current,2525993,2525994,0.3879715,0,0
"2026-01-23 01:00:00","2026-01-23 02:00:00",Nederland,Wind,Hour,UTC,Providing,Current,2314949,2314949,0.3555555,0,0
"2026-01-23 02:00:00","2026-01-23 03:00:00",Nederland,Wind,Hour,UTC,Providing,Current,2067364,2067367,0.31752766666667,0,0
"2026-01-23 03:00:00","2026-01-23 04:00:00",Nederland,Wind,Hour,UTC,Providing,Current,2025851,2025851,0.31115033333333,0,0
"2026-01-23 04:00:00","2026-01-23 05:00:00",Nederland,Wind,Hour,UTC,Providing,Current,2103603,2103609,0.32309066666667,0,0
"2026-01-23 05:00:00","2026-01-23 06:00:00",Nederland,Wind,Hour,UTC,Providing,Current,2138275,2138275,0.3284145,0,0
"2026-01-23 06:00:00","2026-01-23 07:00:00",Nederland,Wind,Hour,UTC,Providing,Current,2227502,2227503,0.34211733333333,0,0
"2026-01-23 07:00:00","2026-01-23 08:00:00",Nederland,Wind,Hour,UTC,Providing,Current,2461110,2461110,0.37799533333333,0,0
"2026-01-23 08:00:00","2026-01-23 09:00:00",Nederland,Wind,Hour,UTC,Providing,Current,2721703,2721701,0.41801716666667,0,0
"2026-01-23 09:00:00","2026-01-23 10:00:00",Nederland,Wind,Hour,UTC,Providing,Current,2934357,2934362,0.450676,0,0
"2026-01-23 10:00:00","2026-01-23 11:00:00",Nederland,Wind,Hour,UTC,Providing,Current,3256231,3256234,0.50010933333333,0,0
"2026-01-23 11:00:00","2026-01-23 12:00:00",Nederland,Wind,Hour,UTC,Providing,Current,3619000,3619002,0.55582333333333,0,0
"2026-01-23 12:00:00","2026-01-23 13:00:00",Nederland,Wind,Hour,UTC,Providing,Current,3954672,3954667,0.60737483333333,0,0
"2026-01-23 13:00:00","2026-01-23 14:00:00",Nederland,Wind,Hour,UTC,Providing,Current,4026496,4026494,0.61840333333333,0,0
"2026-01-23 14:00:00","2026-01-23 15:00:00",Nederland,Wind,Hour,UTC,Providing,Current,4098095,4098095,0.629397,0,0
"2026-01-23 15:00:00","2026-01-23 16:00:00",Nederland,Wind,Hour,UTC,Providing,Current,4037055,4037057,0.62001966666667,0,0
"2026-01-23 16:00:00","2026-01-23 17:00:00",Nederland,Wind,Hour,UTC,Providing,Current,4018533,4018534,0.61717283333333,0,0
"2026-01-23 17:00:00","2026-01-23 18:00:00",Nederland,Wind,Hour,UTC,Providing,Current,3871865,3871865,0.59464483333333,0,0
"2026-01-23 18:00:00","2026-01-23 19:00:00",Nederland,Wind,Hour,UTC,Providing,Current,3837067,3837068,0.589298,0,0
"2026-01-23 19:00:00","2026-01-23 20:00:00",Nederland,Wind,Hour,UTC,Providing,Current,3728798,3728797,0.57266733333333,0,0
"2026-01-23 20:00:00","2026-01-23 21:00:00",Nederland,Wind,Hour,UTC,Providing,Current,3584017,3584017,0.55043,0,0
"2026-01-23 21:00:00","2026-01-23 22:00:00",Nederland,Wind,Hour,UTC,Providing,Current,3589715,3589717,0.5513025,0,0
"2026-01-23 22:00:00","2026-01-23 23:00:00",Nederland,Wind,Hour,UTC,Providing,Current,3671725,3671722,0.56389516666667,0,0
"2026-01-23 23:00:00","2026-01-24 00:00:00",Nederland,Wind,Hour,UTC,Providing,Current,3485273,3485270,0.53525816666667,0,0
"2026-01-24 00:00:00","2026-01-24 01:00:00",Nederland,Wind,Hour,UTC,Providing,Current,3473044,3473042,0.533378,0,0
"2026-01-24 01:00:00","2026-01-24 02:00:00",Nederland,Wind,Hour,UTC,Providing,Current,3283833,3283834,0.50431716666667,0,0
"2026-01-24 02:00:00","2026-01-24 03:00:00",Nederland,Wind,Hour,UTC,Providing,Current,3238559,3238561,0.49736233333333,0,0
"2026-01-24 03:00:00","2026-01-24 04:00:00",Nederland,Wind,Hour,UTC,Providing,Current,2988899,2988898,0.45901916666667,0,0
"2026-01-24 04:00:00","2026-01-24 05:00:00",Nederland,Wind,Hour,UTC,Providing,Current,2655741,2655740,0.4078525,0,0
"2026-01-24 05:00:00","2026-01-24 06:00:00",Nederland,Wind,Hour,UTC,Providing,Current,2454762,2454761,0.37698583333333,0,0
"2026-01-24 06:00:00","2026-01-24 07:00:00",Nederland,Wind,Hour,UTC,Providing,Current,2346581,2346583,0.36037066666667,0,0
"2026-01-24 07:00:00","2026-01-24 08:00:00",Nederland,Wind,Hour,UTC,Providing,Current,2199261,2199261,0.337745,0,0
"2026-01-24 08:00:00","2026-01-24 09:00:00",Nederland,Wind,Hour,UTC,Providing,Current,1995196,1995196,0.306405,0,0
"2026-01-24 09:00:00","2026-01-24 10:00:00",Nederland,Wind,Hour,UTC,Providing,Current,1942715,1942716,0.29834416666667,0,0
"2026-01-24 10:00:00","2026-01-24 11:00:00",Nederland,Wind,Hour,UTC,Providing,Current,1948386,1948387,0.29921383333333,0,0
"2026-01-24 11:00:00","2026-01-24 12:00:00",Nederland,Wind,Hour,UTC,Providing,Current,2002532,2002531,0.30752783333333,0,0
"2026-01-24 12:00:00","2026-01-24 13:00:00",Nederland,Wind,Hour,UTC,Providing,Current,2013390,2013388,0.309194,0,0
"2026-01-24 13:00:00","2026-01-24 14:00:00",Nederland,Wind,Hour,UTC,Providing,Current,1852247,1852246,0.28444616666667,0,0
"2026-01-24 14:00:00","2026-01-24 15:00:00",Nederland,Wind,Hour,UTC,Providing,Current,2012613,2012613,0.30907216666667,0,0
"2026-01-24 15:00:00","2026-01-24 16:00:00",Nederland,Wind,Hour,UTC,Providing,Current,2064368,2064365,0.31701866666667,0,0
"2026-01-24 16:00:00","2026-01-24 17:00:00",Nederland,Wind,Hour,UTC,Providing,Current,1844157,1844157,0.2832005,0,0
"2026-01-24 17:00:00","2026-01-24 18:00:00",Nederland,Wind,Hour,UTC,Providing,Current,2164347,2164343,0.33236916666667,0,0
"2026-01-24 18:00:00","2026-01-24 19:00:00",Nederland,Wind,Hour,UTC,Providing,Current,2341763,2341766,0.35961266666667,0,0
"2026-01-24 19:00:00","2026-01-24 20:00:00",Nederland,Wind,Hour,UTC,Providing,Current,2111448,2111450,0.32424333333333,0,0
"2026-01-24 20:00:00","2026-01-24 21:00:00",Nederland,Wind,Hour,UTC,Providing,Current,1959137,1959137,0.3008525,0,0
"2026-01-24 21:00:00","2026-01-24 22:00:00",Nederland,Wind,Hour,UTC,Providing,Current,1927515,1927512,0.295995,0,0
"2026-01-24 22:00:00","2026-01-24 23:00:00",Nederland,Wind,Hour,UTC,Providing,Current,1774661,1774658,0.27252133333333,0,0
"2026-01-24 23:00:00","2026-01-25 00:00:00",Nederland,Wind,Hour,UTC,Providing,Current,1897172,1897172,0.29133316666667,0,0
"2026-01-25 00:00:00","2026-01-25 01:00:00",Nederland,Wind,Hour,UTC,Providing,Current,1893777,1893777,0.29081066666667,0,0
"2026-01-25 01:00:00","2026-01-25 02:00:00",Nederland,Wind,Hour,UTC,Providing,Current,1653228,1653229,0.25387066666667,0,0
"2026-01-25 02:00:00","2026-01-25 03:00:00",Nederland,Wind,Hour,UTC,Providing,Current,1796231,1796232,0.275829,0,0
"2026-01-25 03:00:00","2026-01-25 04:00:00",Nederland,Wind,Hour,UTC,Providing,Current,2024772,2024771,0.3109225,0,0
"2026-01-25 04:00:00","2026-01-25 05:00:00",Nederland,Wind,Hour,UTC,Providing,Current,2267987,2267992,0.34826883333333,0,0
"2026-01-25 05:00:00","2026-01-25 06:00:00",Nederland,Wind,Hour,UTC,Providing,Current,2652475,2652481,0.40730866666667,0,0
"2026-01-25 06:00:00","2026-01-25 07:00:00",Nederland,Wind,Hour,UTC,Providing,Current,2801271,2801274,0.4301555,0,0
"2026-01-25 07:00:00","2026-01-25 08:00:00",Nederland,Wind,Hour,UTC,Providing,Current,2838537,2838537,0.4358765,0,0
"2026-01-25 08:00:00","2026-01-25 09:00:00",Nederland,Wind,Hour,UTC,Providing,Current,2990584,2990590,0.45922216666667,0,0
"2026-01-25 09:00:00","2026-01-25 10:00:00",Nederland,Wind,Hour,UTC,Providing,Current,3418823,3418821,0.52497883333333,0,0
"2026-01-25 10:00:00","2026-01-25 11:00:00",Nederland,Wind,Hour,UTC,Providing,Current,3573340,3573338,0.54870316666667,0,0
"2026-01-25 11:00:00","2026-01-25 12:00:00",Nederland,Wind,Hour,UTC,Providing,Current,3311182,3311183,0.50844583333333,0,0
"2026-01-25 12:00:00","2026-01-25 13:00:00",Nederland,Wind,Hour,UTC,Providing,Current,2954154,2954158,0.45362066666667,0,0
"2026-01-25 13:00:00","2026-01-25 14:00:00",Nederland,Wind,Hour,UTC,Providing,Current,2724811,2724812,0.4184025,0,0
"2026-01-25 14:00:00","2026-01-25 15:00:00",Nederland,Wind,Hour,UTC,Providing,Current,2445586,2445583,0.375525,0,0
"2026-01-25 15:00:00","2026-01-25 16:00:00",Nederland,Wind,Hour,UTC,Providing,Current,2356603,2356605,0.36186016666667,0,0
"2026-01-25 16:00:00","2026-01-25 17:00:00",Nederland,Wind,Hour,UTC,Providing,Current,2082896,2082898,0.31983066666667,0,0
"2026-01-25 17:00:00","2026-01-25 18:00:00",Nederland,Wind,Hour,UTC,Providing,Current,2027254,2027255,0.31128566666667,0,0
"2026-01-25 18:00:00","2026-01-25 19:00:00",Nederland,Wind,Hour,UTC,Providing,Current,1793851,1793855,0.27544533333333,0,0
"2026-01-25 19:00:00","2026-01-25 20:00:00",Nederland,Wind,Hour,UTC,Providing,Current,1272455,1272457,0.195384,0,0
"2026-01-25 20:00:00","2026-01-25 21:00:00",Nederland,Wind,Hour,UTC,Providing,Current,1135236,1135237,0.17431366666667,0,0
"2026-01-25 21:00:00","2026-01-25 22:00:00",Nederland,Wind,Hour,UTC,Providing,Current,1261811,1261815,0.19374816666667,0,0
"2026-01-25 22:00:00","2026-01-25 23:00:00",Nederland,Wind,Hour,UTC,Providing,Current,1192453,1192450,0.18309766666667,0,0
"2026-01-25 23:00:00","2026-01-26 00:00:00",Nederland,Wind,Hour,UTC,Providing,Current,1071996,1071994,0.16460116666667,0,0
"2026-01-26 00:00:00","2026-01-26 01:00:00",Nederland,Wind,Hour,UTC,Providing,Current,996437,996438,0.15299883333333,0,0
"2026-01-26 01:00:00","2026-01-26 02:00:00",Nederland,Wind,Hour,UTC,Providing,Current,975800,975795,0.14982933333333,0,0
"2026-01-26 02:00:00","2026-01-26 03:00:00",Nederland,Wind,Hour,UTC,Providing,Current,742610,742613,0.11402376666667,0,0
"2026-01-26 03:00:00","2026-01-26 04:00:00",Nederland,Wind,Hour,UTC,Providing,Current,565576,565576,0.0868408,0,0
"2026-01-26 04:00:00","2026-01-26 05:00:00",Nederland,Wind,Hour,UTC,Providing,Current,546846,546849,0.083964666666667,0,0
"2026-01-26 05:00:00","2026-01-26 06:00:00",Nederland,Wind,Hour,UTC,Providing,Current,398572,398572,0.061197916666667,0,0
"2026-01-26 06:00:00","2026-01-26 07:00:00",Nederland,Wind,Hour,UTC,Providing,Current,480171,480168,0.07372655,0,0
"2026-01-26 07:00:00","2026-01-26 08:00:00",Nederland,Wind,Hour,UTC,Providing,Current,486503,486503,0.074698433333333,0,0
"2026-01-26 08:00:00","2026-01-26 09:00:00",Nederland,Wind,Hour,UTC,Providing,Current,767219,767221,0.11779951666667,0,0
"2026-01-26 09:00:00","2026-01-26 10:00:00",Nederland,Wind,Hour,UTC,Providing,Current,983096,983096,0.15094466666667,0,0
"2026-01-26 10:00:00","2026-01-26 11:00:00",Nederland,Wind,Hour,UTC,Providing,Current,1244080,1244077,0.19101516666667,0,0
"2026-01-26 11:00:00","2026-01-26 12:00:00",Nederland,Wind,Hour,UTC,Providing,Current,1587002,1587002,0.24366666666667,0,0
"2026-01-26 12:00:00","2026-01-26 13:00:00",Nederland,Wind,Hour,UTC,Providing,Current,1732598,1732599,0.26601983333333,0,0
"2026-01-26 13:00:00","2026-01-26 14:00:00",Nederland,Wind,Hour,UTC,Providing,Current,1580552,1580553,0.24267433333333,0,0
"2026-01-26 14:00:00","2026-01-26 15:00:00",Nederland,Wind,Hour,UTC,Providing,Current,1194424,1194422,0.18338816666667,0,0
"2026-01-26 15:00:00","2026-01-26 16:00:00",Nederland,Wind,Hour,UTC,Providing,Current,701965,701966,0.10777715,0,0
"2026-01-26 16:00:00","2026-01-26 17:00:00",Nederland,Wind,Hour,UTC,Providing,Current,345630,345629,0.053066633333333,0,0
"2026-01-26 17:00:00","2026-01-26 18:00:00",Nederland,Wind,Hour,UTC,Providing,Current,181011,181010,0.027791566666667,0,0
"2026-01-26 18:00:00","2026-01-26 19:00:00",Nederland,Wind,Hour,UTC,Providing,Current,81129,81128,0.012456156666667,0,0
"2026-01-26 19:00:00","2026-01-26 20:00:00",Nederland,Wind,Hour,UTC,Providing,Current,14058,14059,0.0021584833333333,0,0
"2026-01-26 20:00:00","2026-01-26 21:00:00",Nederland,Wind,Hour,UTC,Providing,Current,35095,35096,0.00538837,0,0
"2026-01-26 21:00:00","2026-01-26 22:00:00",Nederland,Wind,Hour,UTC,Providing,Current,77664,77665,0.011924066666667,0,0
"2026-01-26 22:00:00","2026-01-26 23:00:00",Nederland,Wind,Hour,UTC,Providing,Current,143483,143484,0.0220293,0,0
"2026-01-26 23:00:00","2026-01-27 00:00:00",Nederland,Wind,Hour,UTC,Providing,Current,224188,224188,0.034419916666667,0,0
"2026-01-27 00:00:00","2026-01-27 01:00:00",Nederland,Wind,Hour,UTC,Providing,Current,280823,280823,0.04311495,0,0
"2026-01-27 01:00:00","2026-01-27 02:00:00",Nederland,Wind,Hour,UTC,Providing,Current,447368,447369,0.068684433333333,0,0
"2026-01-27 02:00:00","2026-01-27 03:00:00",Nederland,Wind,Hour,UTC,Providing,Current,796620,796621,0.12230466666667,0,0
"2026-01-27 03:00:00","2026-01-27 04:00:00",Nederland,Wind,Hour,UTC,Providing,Current,1032599,1032601,0.15853333333333,0,0
"2026-01-27 04:00:00","2026-01-27 05:00:00",Nederland,Wind,Hour,UTC,Providing,Current,1746481,1746482,0.268134,0,0
"2026-01-27 05:00:00","2026-01-27 06:00:00",Nederland,Wind,Hour,UTC,Providing,Current,2570392,2570393,0.39462533333333,0,0
"2026-01-27 06:00:00","2026-01-27 07:00:00",Nederland,Wind,Hour,UTC,Providing,Current,2847528,2847527,0.43717166666667,0,0
"2026-01-27 07:00:00","2026-01-27 08:00:00",Nederland,Wind,Hour,UTC,Providing,Current,3222713,3222719,0.4947705,0,0
"2026-01-27 08:00:00","2026-01-27 09:00:00",Nederland,Wind,Hour,UTC,Providing,Current,3401058,3401061,0.52214916666667,0,0
"2026-01-27 09:00:00","2026-01-27 10:00:00",Nederland,Wind,Hour,UTC,Providing,Current,3319678,3319676,0.50965316666667,0,0
"2026-01-27 10:00:00","2026-01-27 11:00:00",Nederland,Wind,Hour,UTC,Providing,Current,3560588,3560586,0.54663633333333,0,0
"2026-01-27 11:00:00","2026-01-27 12:00:00",Nederland,Wind,Hour,UTC,Providing,Current,4112747,4112747,0.63140333333333,0,0
"2026-01-27 12:00:00","2026-01-27 13:00:00",Nederland,Wind,Hour,UTC,Providing,Current,4565848,4565852,0.70096216666667,0,0
"2026-01-27 13:00:00","2026-01-27 14:00:00",Nederland,Wind,Hour,UTC,Providing,Current,4881667,4881661,0.7494445,0,0
"2026-01-27 14:00:00","2026-01-27 15:00:00",Nederland,Wind,Hour,UTC,Providing,Current,4731021,4731022,0.72631383333333,0,0
"2026-01-27 15:00:00","2026-01-27 16:00:00",Nederland,Wind,Hour,UTC,Providing,Current,4739001,4739006,0.72753583333333,0,0
"2026-01-27 16:00:00","2026-01-27 17:00:00",Nederland,Wind,Hour,UTC,Providing,Current,4323804,4323803,0.6637915,0,0
"2026-01-27 17:00:00","2026-01-27 18:00:00",Nederland,Wind,Hour,UTC,Providing,Current,4041344,4041343,0.62042583333333,0,0
"2026-01-27 18:00:00","2026-01-27 19:00:00",Nederland,Wind,Hour,UTC,Providing,Current,3500984,3500988,0.53746766666667,0,0
"2026-01-27 19:00:00","2026-01-27 20:00:00",Nederland,Wind,Hour,UTC,Providing,Current,3027147,3027148,0.46472283333333,0,0
"2026-01-27 20:00:00","2026-01-27 21:00:00",Nederland,Wind,Hour,UTC,Providing,Current,2548943,2548942,0.39130816666667,0,0
"2026-01-27 21:00:00","2026-01-27 22:00:00",Nederland,Wind,Hour,UTC,Providing,Current,2128733,2128736,0.32679683333333,0,0
"2026-01-27 22:00:00","2026-01-27 23:00:00",Nederland,Wind,Hour,UTC,Providing,Current,1848440,1848442,0.283766,0,0
"2026-01-27 23:00:00","2026-01-28 00:00:00",Nederland,Wind,Hour,UTC,Providing,Current,1482476,1482472,0.22758366666667,0,0
"2026-01-28 00:00:00","2026-01-28 01:00:00",Nederland,Wind,Hour,UTC,Providing,Current,1282622,1282625,0.1969025,0,0
"2026-01-28 01:00:00","2026-01-28 02:00:00",Nederland,Wind,Hour,UTC,Providing,Current,1211471,1211470,0.1859785,0,0
"2026-01-28 02:00:00","2026-01-28 03:00:00",Nederland,Wind,Hour,UTC,Providing,Current,1178496,1178496,0.1809155,0,0
"2026-01-28 03:00:00","2026-01-28 04:00:00",Nederland,Wind,Hour,UTC,Providing,Current,1070490,1070489,0.1643345,0,0
"2026-01-28 04:00:00","2026-01-28 05:00:00",Nederland,Wind,Hour,UTC,Providing,Current,840412,840410,0.12901383333333,0,0
"2026-01-28 05:00:00","2026-01-28 06:00:00",Nederland,Wind,Hour,UTC,Providing,Current,820510,820510,0.125958,0,0
"2026-01-28 06:00:00","2026-01-28 07:00:00",Nederland,Wind,Hour,UTC,Providing,Current,925081,925083,0.1420105,0,0
"2026-01-28 07:00:00","2026-01-28 08:00:00",Nederland,Wind,Hour,UTC,Providing,Current,1057975,1057976,0.16241083333333,0,0
"2026-01-28 08:00:00","2026-01-28 09:00:00",Nederland,Wind,Hour,UTC,Providing,Current,1223675,1223677,0.1878465,0,0
"2026-01-28 09:00:00","2026-01-28 10:00:00",Nederland,Wind,Hour,UTC,Providing,Current,1535480,1535478,0.23571083333333,0,0
"2026-01-28 10:00:00","2026-01-28 11:00:00",Nederland,Wind,Hour,UTC,Providing,Current,1677923,1677927,0.25757633333333,0,0
"2026-01-28 11:00:00","2026-01-28 12:00:00",Nederland,Wind,Hour,UTC,Providing,Current,1529677,1529680,0.234818,0,0
"2026-01-28 12:00:00","2026-01-28 13:00:00",Nederland,Wind,Hour,UTC,Providing,Current,1462346,1462344,0.22448116666667,0,0
"2026-01-28 13:00:00","2026-01-28 14:00:00",Nederland,Wind,Hour,UTC,Providing,Current,1868693,1868694,0.2868575,0,0
"2026-01-28 14:00:00","2026-01-28 15:00:00",Nederland,Wind,Hour,UTC,Providing,Current,2377446,2377449,0.364953,0,0
"2026-01-28 15:00:00","2026-01-28 16:00:00",Nederland,Wind,Hour,UTC,Providing,Current,2234255,2234257,0.34297083333333,0,0
"2026-01-28 16:00:00","2026-01-28 17:00:00",Nederland,Wind,Hour,UTC,Providing,Current,2225737,2225735,0.34166183333333,0,0
"2026-01-28 17:00:00","2026-01-28 18:00:00",Nederland,Wind,Hour,UTC,Providing,Current,2207628,2207627,0.33888066666667,0,0
"2026-01-28 18:00:00","2026-01-28 19:00:00",Nederland,Wind,Hour,UTC,Providing,Current,2478844,2478847,0.380512,0,0
"2026-01-28 19:00:00","2026-01-28 20:00:00",Nederland,Wind,Hour,UTC,Providing,Current,2562082,2562085,0.39328766666667,0,0
"2026-01-28 20:00:00","2026-01-28 21:00:00",Nederland,Wind,Hour,UTC,Providing,Current,2582093,2582092,0.39635783333333,0,0
"2026-01-28 21:00:00","2026-01-28 22:00:00",Nederland,Wind,Hour,UTC,Providing,Current,2638727,2638729,0.4050495,0,0
"2026-01-28 22:00:00","2026-01-28 23:00:00",Nederland,Wind,Hour,UTC,Providing,Current,2790178,2790175,0.428296,0,0
"2026-01-28 23:00:00","2026-01-29 00:00:00",Nederland,Wind,Hour,UTC,Providing,Current,2414068,2414070,0.37056083333333,0,0
"2026-01-29 00:00:00","2026-01-29 01:00:00",Nederland,Wind,Hour,UTC,Providing,Current,1915028,1915029,0.29395683333333,0,0
"2026-01-29 01:00:00","2026-01-29 02:00:00",Nederland,Wind,Hour,UTC,Providing,Current,1628630,1628630,0.2499935,0,0
"2026-01-29 02:00:00","2026-01-29 03:00:00",Nederland,Wind,Hour,UTC,Providing,Current,1608790,1608791,0.246947,0,0
"2026-01-29 03:00:00","2026-01-29 04:00:00",Nederland,Wind,Hour,UTC,Providing,Current,1635455,1635455,0.251039,0,0
"2026-01-29 04:00:00","2026-01-29 05:00:00",Nederland,Wind,Hour,UTC,Providing,Current,1514871,1514874,0.23252866666667,0,0
"2026-01-29 05:00:00","2026-01-29 06:00:00",Nederland,Wind,Hour,UTC,Providing,Current,1382302,1382306,0.212179,0,0
"2026-01-29 06:00:00","2026-01-29 07:00:00",Nederland,Wind,Hour,UTC,Providing,Current,1165392,1165393,0.17888316666667,0,0
"2026-01-29 07:00:00","2026-01-29 08:00:00",Nederland,Wind,Hour,UTC,Providing,Current,1096690,1096691,0.16833716666667,0,0
"2026-01-29 08:00:00","2026-01-29 09:00:00",Nederland,Wind,Hour,UTC,Providing,Current,1283324,1283322,0.19698366666667,0,0
"2026-01-29 09:00:00","2026-01-29 10:00:00",Nederland,Wind,Hour,UTC,Providing,Current,1539322,1539324,0.236277,0,0
"2026-01-29 10:00:00","2026-01-29 11:00:00",Nederland,Wind,Hour,UTC,Providing,Current,1828267,1828268,0.280627,0,0
"2026-01-29 11:00:00","2026-01-29 12:00:00",Nederland,Wind,Hour,UTC,Providing,Current,1748440,1748443,0.26837316666667,0,0
"2026-01-29 12:00:00","2026-01-29 13:00:00",Nederland,Wind,Hour,UTC,Providing,Current,1416291,1416291,0.21738966666667,0,0
"2026-01-29 13:00:00","2026-01-29 14:00:00",Nederland,Wind,Hour,UTC,Providing,Current,1297109,1297112,0.1990955,0,0
"2026-01-29 14:00:00","2026-01-29 15:00:00",Nederland,Wind,Hour,UTC,Providing,Current,1243067,1243073,0.19079966666667,0,0
"2026-01-29 15:00:00","2026-01-29 16:00:00",Nederland,Wind,Hour,UTC,Providing,Current,1236728,1236724,0.18982616666667,0,0
"2026-01-29 16:00:00","2026-01-29 17:00:00",Nederland,Wind,Hour,UTC,Providing,Current,1124423,1124422,0.1725875,0,0
"2026-01-29 17:00:00","2026-01-29 18:00:00",Nederland,Wind,Hour,UTC,Providing,Current,1181298,1181300,0.18131633333333,0,0
"2026-01-29 18:00:00","2026-01-29 19:00:00",Nederland,Wind,Hour,UTC,Providing,Current,1179493,1179492,0.1810385,0,0
"2026-01-29 19:00:00","2026-01-29 20:00:00",Nederland,Wind,Hour,UTC,Providing,Current,1176786,1176786,0.18062233333333,0,0
"2026-01-29 20:00:00","2026-01-29 21:00:00",Nederland,Wind,Hour,UTC,Providing,Current,1399909,1399910,0.21486816666667,0,0
"2026-01-29 21:00:00","2026-01-29 22:00:00",Nederland,Wind,Hour,UTC,Providing,Current,1628081,1628077,0.24988866666667,0,0
"2026-01-29 22:00:00","2026-01-29 23:00:00",Nederland,Wind,Hour,UTC,Providing,Current,1867589,1867588,0.28664883333333,0,0
"2026-01-29 23:00:00","2026-01-30 00:00:00",Nederland,Wind,Hour,UTC,Providing,Current,1782058,1782058,0.27351966666667,0,0
"2026-01-30 00:00:00","2026-01-30 01:00:00",Nederland,Wind,Hour,UTC,Providing,Current,1772548,1772547,0.27205883333333,0,0
"2026-01-30 01:00:00","2026-01-30 02:00:00",Nederland,Wind,Hour,UTC,Providing,Current,1654388,1654387,0.253922,0,0
"2026-01-30 02:00:00","2026-01-30 03:00:00",Nederland,Wind,Hour,UTC,Providing,Current,1506154,1506159,0.2311695,0,0
"2026-01-30 03:00:00","2026-01-30 04:00:00",Nederland,Wind,Hour,UTC,Providing,Current,1628913,1628915,0.25001033333333,0,0
"2026-01-30 04:00:00","2026-01-30 05:00:00",Nederland,Wind,Hour,UTC,Providing,Current,1880372,1880377,0.28860333333333,0,0
"2026-01-30 05:00:00","2026-01-30 06:00:00",Nederland,Wind,Hour,UTC,Providing,Current,2057423,2057422,0.3157765,0,0
"2026-01-30 06:00:00","2026-01-30 07:00:00",Nederland,Wind,Hour,UTC,Providing,Current,2241603,2241605,0.344043,0,0
"2026-01-30 07:00:00","2026-01-30 08:00:00",Nederland,Wind,Hour,UTC,Providing,Current,2494268,2494267,0.38282083333333,0,0
"2026-01-30 08:00:00","2026-01-30 09:00:00",Nederland,Wind,Hour,UTC,Providing,Current,2793744,2793744,0.4287825,0,0
"2026-01-30 09:00:00","2026-01-30 10:00:00",Nederland,Wind,Hour,UTC,Providing,Current,3140356,3140357,0.4819785,0,0
"2026-01-30 10:00:00","2026-01-30 11:00:00",Nederland,Wind,Hour,UTC,Providing,Current,3389218,3389217,0.5201715,0,0
"2026-01-30 11:00:00","2026-01-30 12:00:00",Nederland,Wind,Hour,UTC,Providing,Current,3138666,3138667,0.48171533333333,0,0
"2026-01-30 12:00:00","2026-01-30 13:00:00",Nederland,Wind,Hour,UTC,Providing,Current,2945728,2945729,0.4521015,0,0
"2026-01-30 13:00:00","2026-01-30 14:00:00",Nederland,Wind,Hour,UTC,Providing,Current,3315193,3315192,0.5088035,0,0
"2026-01-30 14:00:00","2026-01-30 15:00:00",Nederland,Wind,Hour,UTC,Providing,Current,3311592,3311588,0.50824883333333,0,0
"2026-01-30 15:00:00","2026-01-30 16:00:00",Nederland,Wind,Hour,UTC,Providing,Current,3294240,3294241,0.50558383333333,0,0
"2026-01-30 16:00:00","2026-01-30 17:00:00",Nederland,Wind,Hour,UTC,Providing,Current,3307367,3307365,0.5075965,0,0
"2026-01-30 17:00:00","2026-01-30 18:00:00",Nederland,Wind,Hour,UTC,Providing,Current,3057016,3057016,0.46917183333333,0,0
"2026-01-30 18:00:00","2026-01-30 19:00:00",Nederland,Wind,Hour,UTC,Providing,Current,3019241,3019243,0.4633725,0,0
"2026-01-30 19:00:00","2026-01-30 20:00:00",Nederland,Wind,Hour,UTC,Providing,Current,2982632,2982633,0.45775216666667,0,0
"2026-01-30 20:00:00","2026-01-30 21:00:00",Nederland,Wind,Hour,UTC,Providing,Current,2834973,2834974,0.43508866666667,0,0
"2026-01-30 21:00:00","2026-01-30 22:00:00",Nederland,Wind,Hour,UTC,Providing,Current,2936804,2936803,0.45071516666667,0,0
"2026-01-30 22:00:00","2026-01-30 23:00:00",Nederland,Wind,Hour,UTC,Providing,Current,3062444,3062441,0.46999516666667,0,0
"2026-01-30 23:00:00","2026-01-31 00:00:00",Nederland,Wind,Hour,UTC,Providing,Current,3113261,3113262,0.47779216666667,0,0
"2026-01-31 00:00:00","2026-01-31 01:00:00",Nederland,Wind,Hour,UTC,Providing,Current,3311270,3311275,0.5081785,0,0
"2026-01-31 01:00:00","2026-01-31 02:00:00",Nederland,Wind,Hour,UTC,Providing,Current,3261202,3261202,0.5004925,0,0
"2026-01-31 02:00:00","2026-01-31 03:00:00",Nederland,Wind,Hour,UTC,Providing,Current,3083827,3083825,0.473269,0,0
"2026-01-31 03:00:00","2026-01-31 04:00:00",Nederland,Wind,Hour,UTC,Providing,Current,3114440,3114439,0.47796516666667,0,0
"2026-01-31 04:00:00","2026-01-31 05:00:00",Nederland,Wind,Hour,UTC,Providing,Current,2995508,2995507,0.459711,0,0
"2026-01-31 05:00:00","2026-01-31 06:00:00",Nederland,Wind,Hour,UTC,Providing,Current,2751844,2751842,0.42231483333333,0,0
"2026-01-31 06:00:00","2026-01-31 07:00:00",Nederland,Wind,Hour,UTC,Providing,Current,2651450,2651448,0.40690633333333,0,0
"2026-01-31 07:00:00","2026-01-31 08:00:00",Nederland,Wind,Hour,UTC,Providing,Current,2515833,2515835,0.38609216666667,0,0
"2026-01-31 08:00:00","2026-01-31 09:00:00",Nederland,Wind,Hour,UTC,Providing,Current,2341501,2341497,0.3593365,0,0
"2026-01-31 09:00:00","2026-01-31 10:00:00",Nederland,Wind,Hour,UTC,Providing,Current,2143121,2143118,0.32889116666667,0,0
"2026-01-31 10:00:00","2026-01-31 11:00:00",Nederland,Wind,Hour,UTC,Providing,Current,2004459,2004456,0.30761016666667,0,0
"2026-01-31 11:00:00","2026-01-31 12:00:00",Nederland,Wind,Hour,UTC,Providing,Current,1699983,1699986,0.2608835,0,0
"2026-01-31 12:00:00","2026-01-31 13:00:00",Nederland,Wind,Hour,UTC,Providing,Current,1603355,1603359,0.24605366666667,0,0
"2026-01-31 13:00:00","2026-01-31 14:00:00",Nederland,Wind,Hour,UTC,Providing,Current,1456291,1456289,0.223484,0,0
"2026-01-31 14:00:00","2026-01-31 15:00:00",Nederland,Wind,Hour,UTC,Providing,Current,1394074,1394073,0.21393533333333,0,0
"2026-01-31 15:00:00","2026-01-31 16:00:00",Nederland,Wind,Hour,UTC,Providing,Current,1335203,1335205,0.2049,0,0
"2026-01-31 16:00:00","2026-01-31 17:00:00",Nederland,Wind,Hour,UTC,Providing,Current,1158928,1158926,0.17784816666667,0,0
"2026-01-31 17:00:00","2026-01-31 18:00:00",Nederland,Wind,Hour,UTC,Providing,Current,1206907,1206905,0.18521033333333,0,0
"2026-01-31 18:00:00","2026-01-31 19:00:00",Nederland,Wind,Hour,UTC,Providing,Current,1040325,1040324,0.15964633333333,0,0
"2026-01-31 19:00:00","2026-01-31 20:00:00",Nederland,Wind,Hour,UTC,Providing,Current,1025282,1025281,0.15733716666667,0,0
"2026-01-31 20:00:00","2026-01-31 21:00:00",Nederland,Wind,Hour,UTC,Providing,Current,994504,994506,0.15261333333333,0,0
"2026-01-31 21:00:00","2026-01-31 22:00:00",Nederland,Wind,Hour,UTC,Providing,Current,910853,910853,0.13977583333333,0,0
"2026-01-31 22:00:00","2026-01-31 23:00:00",Nederland,Wind,Hour,UTC,Providing,Current,808795,808797,0.124114,0,0
"2026-01-31 23:00:00","2026-02-01 00:00:00",Nederland,Wind,Hour,UTC,Providing,Current,833014,833016,0.12783,0,0
"2026-02-01 00:00:00","2026-02-01 01:00:00",Nederland,Wind,Hour,UTC,Providing,Current,850074,850073,0.13044733333333,0,0
"2026-02-01 01:00:00","2026-02-01 02:00:00",Nederland,Wind,Hour,UTC,Providing,Current,913018,913020,0.14010583333333,0,0
"2026-02-01 02:00:00","2026-02-01 03:00:00",Nederland,Wind,Hour,UTC,Providing,Current,1024277,1024278,0.15717833333333,0,0
"2026-02-01 03:00:00","2026-02-01 04:00:00",Nederland,Wind,Hour,UTC,Providing,Current,1042444,1042444,0.15996533333333,0,0
"2026-02-01 04:00:00","2026-02-01 05:00:00",Nederland,Wind,Hour,UTC,Providing,Current,1039198,1039200,0.15946666666667,0,0
"2026-02-01 05:00:00","2026-02-01 06:00:00",Nederland,Wind,Hour,UTC,Providing,Current,921088,921088,0.14134183333333,0,0
"2026-02-01 06:00:00","2026-02-01 07:00:00",Nederland,Wind,Hour,UTC,Providing,Current,1194262,1194263,0.18325966666667,0,0
"2026-02-01 07:00:00","2026-02-01 08:00:00",Nederland,Wind,Hour,UTC,Providing,Current,1356361,1356359,0.208133,0,0
"2026-02-01 08:00:00","2026-02-01 09:00:00",Nederland,Wind,Hour,UTC,Providing,Current,1504253,1504252,0.230826,0,0
"2026-02-01 09:00:00","2026-02-01 10:00:00",Nederland,Wind,Hour,UTC,Providing,Current,1781829,1781826,0.27341866666667,0,0
"2026-02-01 10:00:00","2026-02-01 11:00:00",Nederland,Wind,Hour,UTC,Providing,Current,2004315,2004317,0.3075575,0,0
"2026-02-01 11:00:00","2026-02-01 12:00:00",Nederland,Wind,Hour,UTC,Providing,Current,2090967,2090969,0.32085266666667,0,0
"2026-02-01 12:00:00","2026-02-01 13:00:00",Nederland,Wind,Hour,UTC,Providing,Current,2136303,2136303,0.32780833333333,0,0
"2026-02-01 13:00:00","2026-02-01 14:00:00",Nederland,Wind,Hour,UTC,Providing,Current,1898365,1898365,0.29129616666667,0,0
"2026-02-01 14:00:00","2026-02-01 15:00:00",Nederland,Wind,Hour,UTC,Providing,Current,1979567,1979565,0.30375516666667,0,0
"2026-02-01 15:00:00","2026-02-01 16:00:00",Nederland,Wind,Hour,UTC,Providing,Current,1926536,1926538,0.2956165,0,0
"2026-02-01 16:00:00","2026-02-01 17:00:00",Nederland,Wind,Hour,UTC,Providing,Current,1783508,1783512,0.2736685,0,0
"2026-02-01 17:00:00","2026-02-01 18:00:00",Nederland,Wind,Hour,UTC,Providing,Current,1895622,1895621,0.29087066666667,0,0
"2026-02-01 18:00:00","2026-02-01 19:00:00",Nederland,Wind,Hour,UTC,Providing,Current,2214123,2214120,0.33974066666667,0,0
"2026-02-01 19:00:00","2026-02-01 20:00:00",Nederland,Wind,Hour,UTC,Providing,Current,2321779,2321778,0.35625833333333,0,0
"2026-02-01 20:00:00","2026-02-01 21:00:00",Nederland,Wind,Hour,UTC,Providing,Current,2415033,2415034,0.37056583333333,0,0
"2026-02-01 21:00:00","2026-02-01 22:00:00",Nederland,Wind,Hour,UTC,Providing,Current,2557761,2557763,0.39246466666667,0,0
"2026-02-01 22:00:00","2026-02-01 23:00:00",Nederland,Wind,Hour,UTC,Providing,Current,2557245,2557244,0.39238366666667,0,0
"2026-02-01 23:00:00","2026-02-02 00:00:00",Nederland,Wind,Hour,UTC,Providing,Current,2626965,2626968,0.40308016666667,0,0
"2026-02-02 00:00:00","2026-02-02 01:00:00",Nederland,Wind,Hour,UTC,Providing,Current,3036326,3036328,0.4658905,0,0
"2026-02-02 01:00:00","2026-02-02 02:00:00",Nederland,Wind,Hour,UTC,Providing,Current,3094669,3094670,0.47484033333333,0,0
"2026-02-02 02:00:00","2026-02-02 03:00:00",Nederland,Wind,Hour,UTC,Providing,Current,3344004,3344003,0.51309583333333,0,0
"2026-02-02 03:00:00","2026-02-02 04:00:00",Nederland,Wind,Hour,UTC,Providing,Current,3488414,3488416,0.53525133333333,0,0
"2026-02-02 04:00:00","2026-02-02 05:00:00",Nederland,Wind,Hour,UTC,Providing,Current,3569772,3569774,0.5477325,0,0
"2026-02-02 05:00:00","2026-02-02 06:00:00",Nederland,Wind,Hour,UTC,Providing,Current,3744446,3744448,0.57453133333333,0,0
"2026-02-02 06:00:00","2026-02-02 07:00:00",Nederland,Wind,Hour,UTC,Providing,Current,3820776,3820777,0.5862405,0,0
"2026-02-02 07:00:00","2026-02-02 08:00:00",Nederland,Wind,Hour,UTC,Providing,Current,3965695,3965693,0.608474,0,0
"2026-02-02 08:00:00","2026-02-02 09:00:00",Nederland,Wind,Hour,UTC,Providing,Current,3955070,3955071,0.60684116666667,0,0
"2026-02-02 09:00:00","2026-02-02 10:00:00",Nederland,Wind,Hour,UTC,Providing,Current,4056346,4056348,0.6223775,0,0
"2026-02-02 10:00:00","2026-02-02 11:00:00",Nederland,Wind,Hour,UTC,Providing,Current,4178585,4178586,0.64113016666667,0,0
"2026-02-02 11:00:00","2026-02-02 12:00:00",Nederland,Wind,Hour,UTC,Providing,Current,4348639,4348637,0.6672195,0,0
"2026-02-02 12:00:00","2026-02-02 13:00:00",Nederland,Wind,Hour,UTC,Providing,Current,4532375,4532380,0.69540766666667,0,0
"2026-02-02 13:00:00","2026-02-02 14:00:00",Nederland,Wind,Hour,UTC,Providing,Current,5081612,5081611,0.7796745,0,0
"2026-02-02 14:00:00","2026-02-02 15:00:00",Nederland,Wind,Hour,UTC,Providing,Current,5204103,5204096,0.798465,0,0
"2026-02-02 15:00:00","2026-02-02 16:00:00",Nederland,Wind,Hour,UTC,Providing,Current,5170247,5170250,0.79326733333333,0,0
"2026-02-02 16:00:00","2026-02-02 17:00:00",Nederland,Wind,Hour,UTC,Providing,Current,5012203,5012205,0.76901533333333,0,0
"2026-02-02 17:00:00","2026-02-02 18:00:00",Nederland,Wind,Hour,UTC,Providing,Current,5046600,5046601,0.77428966666667,0,0
"2026-02-02 18:00:00","2026-02-02 19:00:00",Nederland,Wind,Hour,UTC,Providing,Current,5195449,5195450,0.79712366666667,0,0
"2026-02-02 19:00:00","2026-02-02 20:00:00",Nederland,Wind,Hour,UTC,Providing,Current,5489472,5489474,0.84223133333333,0,0
"2026-02-02 20:00:00","2026-02-02 21:00:00",Nederland,Wind,Hour,UTC,Providing,Current,5494973,5494974,0.843072,0,0
"2026-02-02 21:00:00","2026-02-02 22:00:00",Nederland,Wind,Hour,UTC,Providing,Current,5370233,5370234,0.82393016666667,0,0
"2026-02-02 22:00:00","2026-02-02 23:00:00",Nederland,Wind,Hour,UTC,Providing,Current,5323828,5323830,0.81680733333333,0,0
"2026-02-02 23:00:00","2026-02-03 00:00:00",Nederland,Wind,Hour,UTC,Providing,Current,5145035,5145039,0.78937266666667,0,0
"2026-02-03 00:00:00","2026-02-03 01:00:00",Nederland,Wind,Hour,UTC,Providing,Current,5243385,5243380,0.80445833333333,0,0
"2026-02-03 01:00:00","2026-02-03 02:00:00",Nederland,Wind,Hour,UTC,Providing,Current,5592322,5592320,0.85799016666667,0,0
"2026-02-03 02:00:00","2026-02-03 03:00:00",Nederland,Wind,Hour,UTC,Providing,Current,5811118,5811119,0.89155483333333,0,0
"2026-02-03 03:00:00","2026-02-03 04:00:00",Nederland,Wind,Hour,UTC,Providing,Current,5852004,5852003,0.89782383333333,0,0
"2026-02-03 04:00:00","2026-02-03 05:00:00",Nederland,Wind,Hour,UTC,Providing,Current,5852470,5852468,0.89789166666667,0,0
"2026-02-03 05:00:00","2026-02-03 06:00:00",Nederland,Wind,Hour,UTC,Providing,Current,5903939,5903943,0.90578416666667,0,0
"2026-02-03 06:00:00","2026-02-03 07:00:00",Nederland,Wind,Hour,UTC,Providing,Current,5936800,5936803,0.91082183333333,0,0
"2026-02-03 07:00:00","2026-02-03 08:00:00",Nederland,Wind,Hour,UTC,Providing,Current,6027606,6027601,0.9247495,0,0
"2026-02-03 08:00:00","2026-02-03 09:00:00",Nederland,Wind,Hour,UTC,Providing,Current,6077468,6077469,0.93239516666667,0,0
"2026-02-03 09:00:00","2026-02-03 10:00:00",Nederland,Wind,Hour,UTC,Providing,Current,6089826,6089830,0.93428766666667,0,0
"2026-02-03 10:00:00","2026-02-03 11:00:00",Nederland,Wind,Hour,UTC,Providing,Current,5521801,5521795,0.84713866666667,0,0
"2026-02-03 11:00:00","2026-02-03 12:00:00",Nederland,Wind,Hour,UTC,Providing,Current,5384229,5384229,0.8260295,0,0
"2026-02-03 12:00:00","2026-02-03 13:00:00",Nederland,Wind,Hour,UTC,Providing,Current,5252388,5252388,0.80579966666667,0,0
"2026-02-03 13:00:00","2026-02-03 14:00:00",Nederland,Wind,Hour,UTC,Providing,Current,5172446,5172443,0.79353183333333,0,0
"2026-02-03 14:00:00","2026-02-03 15:00:00",Nederland,Wind,Hour,UTC,Providing,Current,5178814,5178812,0.7945055,0,0
"2026-02-03 15:00:00","2026-02-03 16:00:00",Nederland,Wind,Hour,UTC,Providing,Current,5086525,5086525,0.78034383333333,0,0
"2026-02-03 16:00:00","2026-02-03 17:00:00",Nederland,Wind,Hour,UTC,Providing,Current,5067865,5067864,0.777478,0,0
"2026-02-03 17:00:00","2026-02-03 18:00:00",Nederland,Wind,Hour,UTC,Providing,Current,4789252,4789255,0.734732,0,0
"2026-02-03 18:00:00","2026-02-03 19:00:00",Nederland,Wind,Hour,UTC,Providing,Current,4282500,4282502,0.656987,0,0
"2026-02-03 19:00:00","2026-02-03 20:00:00",Nederland,Wind,Hour,UTC,Providing,Current,4225081,4225085,0.64817566666667,0,0
"2026-02-03 20:00:00","2026-02-03 21:00:00",Nederland,Wind,Hour,UTC,Providing,Current,3787016,3787018,0.58096916666667,0,0
"2026-02-03 21:00:00","2026-02-03 22:00:00",Nederland,Wind,Hour,UTC,Providing,Current,3354856,3354853,0.514669,0,0
"2026-02-03 22:00:00","2026-02-03 23:00:00",Nederland,Wind,Hour,UTC,Providing,Current,3138098,3138101,0.48141416666667,0,0
"2026-02-03 23:00:00","2026-02-04 00:00:00",Nederland,Wind,Hour,UTC,Providing,Current,2769513,2769515,0.42486766666667,0,0
"2026-02-04 00:00:00","2026-02-04 01:00:00",Nederland,Wind,Hour,UTC,Providing,Current,2384912,2384909,0.36586516666667,0,0
"2026-02-04 01:00:00","2026-02-04 02:00:00",Nederland,Wind,Hour,UTC,Providing,Current,2446448,2446454,0.37530366666667,0,0
"2026-02-04 02:00:00","2026-02-04 03:00:00",Nederland,Wind,Hour,UTC,Providing,Current,2147400,2147399,0.32942616666667,0,0
"2026-02-04 03:00:00","2026-02-04 04:00:00",Nederland,Wind,Hour,UTC,Providing,Current,1844280,1844282,0.28292433333333,0,0
"2026-02-04 04:00:00","2026-02-04 05:00:00",Nederland,Wind,Hour,UTC,Providing,Current,1602986,1602982,0.24590716666667,0,0
"2026-02-04 05:00:00","2026-02-04 06:00:00",Nederland,Wind,Hour,UTC,Providing,Current,1441586,1441585,0.22114666666667,0,0
"2026-02-04 06:00:00","2026-02-04 07:00:00",Nederland,Wind,Hour,UTC,Providing,Current,1396322,1396318,0.21420183333333,0,0
"2026-02-04 07:00:00","2026-02-04 08:00:00",Nederland,Wind,Hour,UTC,Providing,Current,1511764,1511767,0.23191033333333,0,0
"2026-02-04 08:00:00","2026-02-04 09:00:00",Nederland,Wind,Hour,UTC,Providing,Current,1628590,1628588,0.2498305,0,0
"2026-02-04 09:00:00","2026-02-04 10:00:00",Nederland,Wind,Hour,UTC,Providing,Current,1578783,1578782,0.24218933333333,0,0
"2026-02-04 10:00:00","2026-02-04 11:00:00",Nederland,Wind,Hour,UTC,Providing,Current,1666180,1666180,0.25559533333333,0,0
"2026-02-04 11:00:00","2026-02-04 12:00:00",Nederland,Wind,Hour,UTC,Providing,Current,2353546,2353548,0.36103683333333,0,0
"2026-02-04 12:00:00","2026-02-04 13:00:00",Nederland,Wind,Hour,UTC,Providing,Current,2814580,2814578,0.43175816666667,0,0
"2026-02-04 13:00:00","2026-02-04 14:00:00",Nederland,Wind,Hour,UTC,Providing,Current,3443239,3443243,0.52819283333333,0,0
"2026-02-04 14:00:00","2026-02-04 15:00:00",Nederland,Wind,Hour,UTC,Providing,Current,3853761,3853763,0.59116416666667,0,0
"2026-02-04 15:00:00","2026-02-04 16:00:00",Nederland,Wind,Hour,UTC,Providing,Current,3867368,3867372,0.59324933333333,0,0
"2026-02-04 16:00:00","2026-02-04 17:00:00",Nederland,Wind,Hour,UTC,Providing,Current,3955133,3955131,0.60670966666667,0,0
"2026-02-04 17:00:00","2026-02-04 18:00:00",Nederland,Wind,Hour,UTC,Providing,Current,4187835,4187838,0.642403,0,0
"2026-02-04 18:00:00","2026-02-04 19:00:00",Nederland,Wind,Hour,UTC,Providing,Current,4874240,4874239,0.747693,0,0
"2026-02-04 19:00:00","2026-02-04 20:00:00",Nederland,Wind,Hour,UTC,Providing,Current,5135474,5135471,0.78776183333333,0,0
"2026-02-04 20:00:00","2026-02-04 21:00:00",Nederland,Wind,Hour,UTC,Providing,Current,5247398,5247400,0.804927,0,0
"2026-02-04 21:00:00","2026-02-04 22:00:00",Nederland,Wind,Hour,UTC,Providing,Current,5157742,5157744,0.79117133333333,0,0
"2026-02-04 22:00:00","2026-02-04 23:00:00",Nederland,Wind,Hour,UTC,Providing,Current,5201954,5201954,0.79794966666667,0,0
"2026-02-04 23:00:00","2026-02-05 00:00:00",Nederland,Wind,Hour,UTC,Providing,Current,5327847,5327846,0.81725783333333,0,0
"2026-02-05 00:00:00","2026-02-05 01:00:00",Nederland,Wind,Hour,UTC,Providing,Current,5421689,5421691,0.83164866666667,0,0
"2026-02-05 01:00:00","2026-02-05 02:00:00",Nederland,Wind,Hour,UTC,Providing,Current,5575474,5575475,0.855235,0,0
"2026-02-05 02:00:00","2026-02-05 03:00:00",Nederland,Wind,Hour,UTC,Providing,Current,5507486,5507488,0.84480216666667,0,0
"2026-02-05 03:00:00","2026-02-05 04:00:00",Nederland,Wind,Hour,UTC,Providing,Current,5490510,5490508,0.842195,0,0
"2026-02-05 04:00:00","2026-02-05 05:00:00",Nederland,Wind,Hour,UTC,Providing,Current,5536402,5536404,0.84923066666667,0,0
"2026-02-05 05:00:00","2026-02-05 06:00:00",Nederland,Wind,Hour,UTC,Providing,Current,5523007,5523007,0.84717266666667,0,0
"2026-02-05 06:00:00","2026-02-05 07:00:00",Nederland,Wind,Hour,UTC,Providing,Current,5350552,5350556,0.8207165,0,0
"2026-02-05 07:00:00","2026-02-05 08:00:00",Nederland,Wind,Hour,UTC,Providing,Current,5202126,5202128,0.7979465,0,0
"2026-02-05 08:00:00","2026-02-05 09:00:00",Nederland,Wind,Hour,UTC,Providing,Current,5117668,5117669,0.78498833333333,0,0
"2026-02-05 09:00:00","2026-02-05 10:00:00",Nederland,Wind,Hour,UTC,Providing,Current,5053158,5053159,0.77508966666667,0,0
"2026-02-05 10:00:00","2026-02-05 11:00:00",Nederland,Wind,Hour,UTC,Providing,Current,5138932,5138933,0.788243,0,0
"2026-02-05 11:00:00","2026-02-05 12:00:00",Nederland,Wind,Hour,UTC,Providing,Current,4925686,4925688,0.755531,0,0
"2026-02-05 12:00:00","2026-02-05 13:00:00",Nederland,Wind,Hour,UTC,Providing,Current,4780604,4780603,0.73327433333333,0,0
"2026-02-05 13:00:00","2026-02-05 14:00:00",Nederland,Wind,Hour,UTC,Providing,Current,4688239,4688242,0.719104,0,0
"2026-02-05 14:00:00","2026-02-05 15:00:00",Nederland,Wind,Hour,UTC,Providing,Current,4545107,4545104,0.69714683333333,0,0
"2026-02-05 15:00:00","2026-02-05 16:00:00",Nederland,Wind,Hour,UTC,Providing,Current,4416278,4416277,0.67738366666667,0,0
"2026-02-05 16:00:00","2026-02-05 17:00:00",Nederland,Wind,Hour,UTC,Providing,Current,4272467,4272468,0.655323,0,0
"2026-02-05 17:00:00","2026-02-05 18:00:00",Nederland,Wind,Hour,UTC,Providing,Current,3989361,3989363,0.61189666666667,0,0
"2026-02-05 18:00:00","2026-02-05 19:00:00",Nederland,Wind,Hour,UTC,Providing,Current,3733625,3733625,0.57266866666667,0,0
"2026-02-05 19:00:00","2026-02-05 20:00:00",Nederland,Wind,Hour,UTC,Providing,Current,3736554,3736552,0.5731155,0,0
"2026-02-05 20:00:00","2026-02-05 21:00:00",Nederland,Wind,Hour,UTC,Providing,Current,3751274,3751276,0.57537116666667,0,0
"2026-02-05 21:00:00","2026-02-05 22:00:00",Nederland,Wind,Hour,UTC,Providing,Current,3560771,3560768,0.54614966666667,0,0
"2026-02-05 22:00:00","2026-02-05 23:00:00",Nederland,Wind,Hour,UTC,Providing,Current,3018085,3018086,0.46291083333333,0,0
"2026-02-05 23:00:00","2026-02-06 00:00:00",Nederland,Wind,Hour,UTC,Providing,Current,3015620,3015617,0.46253066666667,0,0
"2026-02-06 00:00:00","2026-02-06 01:00:00",Nederland,Wind,Hour,UTC,Providing,Current,2729910,2729910,0.4187075,0,0
"2026-02-06 01:00:00","2026-02-06 02:00:00",Nederland,Wind,Hour,UTC,Providing,Current,2571418,2571418,0.39439666666667,0,0
"2026-02-06 02:00:00","2026-02-06 03:00:00",Nederland,Wind,Hour,UTC,Providing,Current,2860565,2860566,0.43874316666667,0,0
"2026-02-06 03:00:00","2026-02-06 04:00:00",Nederland,Wind,Hour,UTC,Providing,Current,2832247,2832248,0.43439816666667,0,0
"2026-02-06 04:00:00","2026-02-06 05:00:00",Nederland,Wind,Hour,UTC,Providing,Current,2613812,2613814,0.400894,0,0
"2026-02-06 05:00:00","2026-02-06 06:00:00",Nederland,Wind,Hour,UTC,Providing,Current,2366133,2366136,0.3629045,0,0
"2026-02-06 06:00:00","2026-02-06 07:00:00",Nederland,Wind,Hour,UTC,Providing,Current,2309449,2309450,0.35420916666667,0,0
"2026-02-06 07:00:00","2026-02-06 08:00:00",Nederland,Wind,Hour,UTC,Providing,Current,2178755,2178756,0.33416266666667,0,0
"2026-02-06 08:00:00","2026-02-06 09:00:00",Nederland,Wind,Hour,UTC,Providing,Current,2252061,2252062,0.34540433333333,0,0
"2026-02-06 09:00:00","2026-02-06 10:00:00",Nederland,Wind,Hour,UTC,Providing,Current,2116562,2116559,0.32462133333333,0,0
"2026-02-06 10:00:00","2026-02-06 11:00:00",Nederland,Wind,Hour,UTC,Providing,Current,2270467,2270469,0.34822466666667,0,0
"2026-02-06 11:00:00","2026-02-06 12:00:00",Nederland,Wind,Hour,UTC,Providing,Current,2457066,2457065,0.376842,0,0
"2026-02-06 12:00:00","2026-02-06 13:00:00",Nederland,Wind,Hour,UTC,Providing,Current,2243924,2243922,0.34415083333333,0,0
"2026-02-06 13:00:00","2026-02-06 14:00:00",Nederland,Wind,Hour,UTC,Providing,Current,1942100,1942100,0.29785866666667,0,0
"2026-02-06 14:00:00","2026-02-06 15:00:00",Nederland,Wind,Hour,UTC,Providing,Current,1747186,1747190,0.26796366666667,0,0
"2026-02-06 15:00:00","2026-02-06 16:00:00",Nederland,Wind,Hour,UTC,Providing,Current,1485552,1485556,0.22783633333333,0,0
"2026-02-06 16:00:00","2026-02-06 17:00:00",Nederland,Wind,Hour,UTC,Providing,Current,1528944,1528946,0.23449016666667,0,0
"2026-02-06 17:00:00","2026-02-06 18:00:00",Nederland,Wind,Hour,UTC,Providing,Current,1465238,1465237,0.224719,0,0
"2026-02-06 18:00:00","2026-02-06 19:00:00",Nederland,Wind,Hour,UTC,Providing,Current,1550450,1550454,0.237787,0,0
"2026-02-06 19:00:00","2026-02-06 20:00:00",Nederland,Wind,Hour,UTC,Providing,Current,1364563,1364559,0.20927683333333,0,0
"2026-02-06 20:00:00","2026-02-06 21:00:00",Nederland,Wind,Hour,UTC,Providing,Current,1100472,1100471,0.168774,0,0
"2026-02-06 21:00:00","2026-02-06 22:00:00",Nederland,Wind,Hour,UTC,Providing,Current,928376,928377,0.14237983333333,0,0
"2026-02-06 22:00:00","2026-02-06 23:00:00",Nederland,Wind,Hour,UTC,Providing,Current,894258,894259,0.13714666666667,0,0
"2026-02-06 23:00:00","2026-02-07 00:00:00",Nederland,Wind,Hour,UTC,Providing,Current,958681,958682,0.14702616666667,0,0
"2026-02-07 00:00:00","2026-02-07 01:00:00",Nederland,Wind,Hour,UTC,Providing,Current,1088887,1088889,0.16699433333333,0,0
"2026-02-07 01:00:00","2026-02-07 02:00:00",Nederland,Wind,Hour,UTC,Providing,Current,907843,907842,0.13922866666667,0,0
"2026-02-07 02:00:00","2026-02-07 03:00:00",Nederland,Wind,Hour,UTC,Providing,Current,753216,753216,0.11551433333333,0,0
"2026-02-07 03:00:00","2026-02-07 04:00:00",Nederland,Wind,Hour,UTC,Providing,Current,563397,563396,0.086402933333333,0,0
"2026-02-07 04:00:00","2026-02-07 05:00:00",Nederland,Wind,Hour,UTC,Providing,Current,499991,499992,0.076678666666667,0,0
"2026-02-07 05:00:00","2026-02-07 06:00:00",Nederland,Wind,Hour,UTC,Providing,Current,410823,410823,0.063003633333333,0,0
"2026-02-07 06:00:00","2026-02-07 07:00:00",Nederland,Wind,Hour,UTC,Providing,Current,367591,367589,0.05637335,0,0
"2026-02-07 07:00:00","2026-02-07 08:00:00",Nederland,Wind,Hour,UTC,Providing,Current,357822,357826,0.05487485,0,0
"2026-02-07 08:00:00","2026-02-07 09:00:00",Nederland,Wind,Hour,UTC,Providing,Current,395615,395616,0.060670516666667,0,0
"2026-02-07 09:00:00","2026-02-07 10:00:00",Nederland,Wind,Hour,UTC,Providing,Current,458016,458017,0.07023985,0,0
"2026-02-07 10:00:00","2026-02-07 11:00:00",Nederland,Wind,Hour,UTC,Providing,Current,609737,609741,0.093507016666667,0,0
"2026-02-07 11:00:00","2026-02-07 12:00:00",Nederland,Wind,Hour,UTC,Providing,Current,707747,707749,0.10853666666667,0,0
"2026-02-07 12:00:00","2026-02-07 13:00:00",Nederland,Wind,Hour,UTC,Providing,Current,777782,777779,0.1192765,0,0
"2026-02-07 13:00:00","2026-02-07 14:00:00",Nederland,Wind,Hour,UTC,Providing,Current,923425,923425,0.141611,0,0
"2026-02-07 14:00:00","2026-02-07 15:00:00",Nederland,Wind,Hour,UTC,Providing,Current,1272460,1272459,0.19513616666667,0,0
"2026-02-07 15:00:00","2026-02-07 16:00:00",Nederland,Wind,Hour,UTC,Providing,Current,1225370,1225369,0.187914,0,0
"2026-02-07 16:00:00","2026-02-07 17:00:00",Nederland,Wind,Hour,UTC,Providing,Current,904150,904146,0.13865333333333,0,0
"2026-02-07 17:00:00","2026-02-07 18:00:00",Nederland,Wind,Hour,UTC,Providing,Current,762014,762011,0.116856,0,0
"2026-02-07 18:00:00","2026-02-07 19:00:00",Nederland,Wind,Hour,UTC,Providing,Current,713606,713605,0.10943216666667,0,0
"2026-02-07 19:00:00","2026-02-07 20:00:00",Nederland,Wind,Hour,UTC,Providing,Current,815041,815038,0.12498666666667,0,0
"2026-02-07 20:00:00","2026-02-07 21:00:00",Nederland,Wind,Hour,UTC,Providing,Current,886657,886656,0.13596833333333,0,0
"2026-02-07 21:00:00","2026-02-07 22:00:00",Nederland,Wind,Hour,UTC,Providing,Current,886794,886793,0.135989,0,0
"2026-02-07 22:00:00","2026-02-07 23:00:00",Nederland,Wind,Hour,UTC,Providing,Current,871183,871184,0.1335945,0,0
"2026-02-07 23:00:00","2026-02-08 00:00:00",Nederland,Wind,Hour,UTC,Providing,Current,728034,728038,0.1116425,0,0
"2026-02-08 00:00:00","2026-02-08 01:00:00",Nederland,Wind,Hour,UTC,Providing,Current,614161,614161,0.094179866666667,0,0
"2026-02-08 01:00:00","2026-02-08 02:00:00",Nederland,Wind,Hour,UTC,Providing,Current,513052,513052,0.078674866666667,0,0
"2026-02-08 02:00:00","2026-02-08 03:00:00",Nederland,Wind,Hour,UTC,Providing,Current,483128,483126,0.074085733333333,0,0
"2026-02-08 03:00:00","2026-02-08 04:00:00",Nederland,Wind,Hour,UTC,Providing,Current,674336,674337,0.10340616666667,0,0
"2026-02-08 04:00:00","2026-02-08 05:00:00",Nederland,Wind,Hour,UTC,Providing,Current,686763,686763,0.1053115,0,0
"2026-02-08 05:00:00","2026-02-08 06:00:00",Nederland,Wind,Hour,UTC,Providing,Current,672145,672144,0.1030696,0,0
"2026-02-08 06:00:00","2026-02-08 07:00:00",Nederland,Wind,Hour,UTC,Providing,Current,775469,775472,0.118913,0,0
"2026-02-08 07:00:00","2026-02-08 08:00:00",Nederland,Wind,Hour,UTC,Providing,Current,826467,826466,0.12673266666667,0,0
"2026-02-08 08:00:00","2026-02-08 09:00:00",Nederland,Wind,Hour,UTC,Providing,Current,970913,970915,0.14888183333333,0,0
"2026-02-08 09:00:00","2026-02-08 10:00:00",Nederland,Wind,Hour,UTC,Providing,Current,1067492,1067496,0.16369083333333,0,0
"2026-02-08 10:00:00","2026-02-08 11:00:00",Nederland,Wind,Hour,UTC,Providing,Current,1340042,1340040,0.20548316666667,0,0
"2026-02-08 11:00:00","2026-02-08 12:00:00",Nederland,Wind,Hour,UTC,Providing,Current,1549480,1549479,0.23759766666667,0,0
"2026-02-08 12:00:00","2026-02-08 13:00:00",Nederland,Wind,Hour,UTC,Providing,Current,1756137,1756141,0.26928516666667,0,0
"2026-02-08 13:00:00","2026-02-08 14:00:00",Nederland,Wind,Hour,UTC,Providing,Current,1779826,1779828,0.27291666666667,0,0
"2026-02-08 14:00:00","2026-02-08 15:00:00",Nederland,Wind,Hour,UTC,Providing,Current,1822000,1822000,0.2793825,0,0
"2026-02-08 15:00:00","2026-02-08 16:00:00",Nederland,Wind,Hour,UTC,Providing,Current,1932328,1932325,0.2962985,0,0
"2026-02-08 16:00:00","2026-02-08 17:00:00",Nederland,Wind,Hour,UTC,Providing,Current,1789208,1789208,0.27435183333333,0,0
"2026-02-08 17:00:00","2026-02-08 18:00:00",Nederland,Wind,Hour,UTC,Providing,Current,1748559,1748561,0.26811783333333,0,0
"2026-02-08 18:00:00","2026-02-08 19:00:00",Nederland,Wind,Hour,UTC,Providing,Current,1821435,1821434,0.27929083333333,0,0
"2026-02-08 19:00:00","2026-02-08 20:00:00",Nederland,Wind,Hour,UTC,Providing,Current,1957631,1957628,0.30017333333333,0,0
"2026-02-08 20:00:00","2026-02-08 21:00:00",Nederland,Wind,Hour,UTC,Providing,Current,1978335,1978333,0.30334683333333,0,0
"2026-02-08 21:00:00","2026-02-08 22:00:00",Nederland,Wind,Hour,UTC,Providing,Current,1731932,1731932,0.26556383333333,0,0
"2026-02-08 22:00:00","2026-02-08 23:00:00",Nederland,Wind,Hour,UTC,Providing,Current,1650465,1650466,0.25307116666667,0,0
"2026-02-08 23:00:00","2026-02-09 00:00:00",Nederland,Wind,Hour,UTC,Providing,Current,1636887,1636888,0.25098783333333,0,0
"2026-02-09 00:00:00","2026-02-09 01:00:00",Nederland,Wind,Hour,UTC,Providing,Current,1770409,1770412,0.27146033333333,0,0
"2026-02-09 01:00:00","2026-02-09 02:00:00",Nederland,Wind,Hour,UTC,Providing,Current,1883186,1883186,0.288751,0,0
"2026-02-09 02:00:00","2026-02-09 03:00:00",Nederland,Wind,Hour,UTC,Providing,Current,1802949,1802947,0.27644716666667,0,0
"2026-02-09 03:00:00","2026-02-09 04:00:00",Nederland,Wind,Hour,UTC,Providing,Current,1858186,1858188,0.28491566666667,0,0
"2026-02-09 04:00:00","2026-02-09 05:00:00",Nederland,Wind,Hour,UTC,Providing,Current,1864959,1864962,0.28595283333333,0,0
"2026-02-09 05:00:00","2026-02-09 06:00:00",Nederland,Wind,Hour,UTC,Providing,Current,2080468,2080470,0.31899533333333,0,0
"2026-02-09 06:00:00","2026-02-09 07:00:00",Nederland,Wind,Hour,UTC,Providing,Current,2032626,2032626,0.3116585,0,0
"2026-02-09 07:00:00","2026-02-09 08:00:00",Nederland,Wind,Hour,UTC,Providing,Current,2040277,2040276,0.31283033333333,0,0
"2026-02-09 08:00:00","2026-02-09 09:00:00",Nederland,Wind,Hour,UTC,Providing,Current,1946386,1946386,0.29843333333333,0,0
"2026-02-09 09:00:00","2026-02-09 10:00:00",Nederland,Wind,Hour,UTC,Providing,Current,1840969,1840967,0.28226883333333,0,0
"2026-02-09 10:00:00","2026-02-09 11:00:00",Nederland,Wind,Hour,UTC,Providing,Current,1744773,1744778,0.26751833333333,0,0
"2026-02-09 11:00:00","2026-02-09 12:00:00",Nederland,Wind,Hour,UTC,Providing,Current,1710553,1710558,0.26227033333333,0,0
"2026-02-09 12:00:00","2026-02-09 13:00:00",Nederland,Wind,Hour,UTC,Providing,Current,1534227,1534227,0.23523416666667,0,0
"2026-02-09 13:00:00","2026-02-09 14:00:00",Nederland,Wind,Hour,UTC,Providing,Current,1332083,1332086,0.20424,0,0
"2026-02-09 14:00:00","2026-02-09 15:00:00",Nederland,Wind,Hour,UTC,Providing,Current,1513818,1513822,0.23210283333333,0,0
"2026-02-09 15:00:00","2026-02-09 16:00:00",Nederland,Wind,Hour,UTC,Providing,Current,1358529,1358533,0.20829283333333,0,0
"2026-02-09 16:00:00","2026-02-09 17:00:00",Nederland,Wind,Hour,UTC,Providing,Current,908246,908247,0.13925366666667,0,0
"2026-02-09 17:00:00","2026-02-09 18:00:00",Nederland,Wind,Hour,UTC,Providing,Current,812080,812080,0.124509,0,0
"2026-02-09 18:00:00","2026-02-09 19:00:00",Nederland,Wind,Hour,UTC,Providing,Current,890804,890801,0.1365785,0,0
"2026-02-09 19:00:00","2026-02-09 20:00:00",Nederland,Wind,Hour,UTC,Providing,Current,1013168,1013169,0.15533866666667,0,0
"2026-02-09 20:00:00","2026-02-09 21:00:00",Nederland,Wind,Hour,UTC,Providing,Current,1260673,1260672,0.19328516666667,0,0
"2026-02-09 21:00:00","2026-02-09 22:00:00",Nederland,Wind,Hour,UTC,Providing,Current,1344252,1344253,0.20609883333333,0,0
"2026-02-09 22:00:00","2026-02-09 23:00:00",Nederland,Wind,Hour,UTC,Providing,Current,1318679,1318679,0.20217683333333,0,0
"2026-02-09 23:00:00","2026-02-10 00:00:00",Nederland,Wind,Hour,UTC,Providing,Current,1254973,1254974,0.192409,0,0
"2026-02-10 00:00:00","2026-02-10 01:00:00",Nederland,Wind,Hour,UTC,Providing,Current,1208498,1208503,0.18528283333333,0,0
"2026-02-10 01:00:00","2026-02-10 02:00:00",Nederland,Wind,Hour,UTC,Providing,Current,1189258,1189257,0.18233233333333,0,0
"2026-02-10 02:00:00","2026-02-10 03:00:00",Nederland,Wind,Hour,UTC,Providing,Current,1220279,1220281,0.18708766666667,0,0
"2026-02-10 03:00:00","2026-02-10 04:00:00",Nederland,Wind,Hour,UTC,Providing,Current,1283823,1283824,0.196829,0,0
"2026-02-10 04:00:00","2026-02-10 05:00:00",Nederland,Wind,Hour,UTC,Providing,Current,1213353,1213353,0.186024,0,0
"2026-02-10 05:00:00","2026-02-10 06:00:00",Nederland,Wind,Hour,UTC,Providing,Current,1145742,1145739,0.1756575,0,0
"2026-02-10 06:00:00","2026-02-10 07:00:00",Nederland,Wind,Hour,UTC,Providing,Current,1279048,1279049,0.19609433333333,0,0
"2026-02-10 07:00:00","2026-02-10 08:00:00",Nederland,Wind,Hour,UTC,Providing,Current,1484383,1484387,0.22757416666667,0,0
"2026-02-10 08:00:00","2026-02-10 09:00:00",Nederland,Wind,Hour,UTC,Providing,Current,1599959,1599958,0.24529233333333,0,0
"2026-02-10 09:00:00","2026-02-10 10:00:00",Nederland,Wind,Hour,UTC,Providing,Current,1465762,1465765,0.22471733333333,0,0
"2026-02-10 10:00:00","2026-02-10 11:00:00",Nederland,Wind,Hour,UTC,Providing,Current,1311301,1311304,0.201036,0,0
"2026-02-10 11:00:00","2026-02-10 12:00:00",Nederland,Wind,Hour,UTC,Providing,Current,1326149,1326150,0.2033115,0,0
"2026-02-10 12:00:00","2026-02-10 13:00:00",Nederland,Wind,Hour,UTC,Providing,Current,1281767,1281764,0.19650633333333,0,0
"2026-02-10 13:00:00","2026-02-10 14:00:00",Nederland,Wind,Hour,UTC,Providing,Current,1036822,1036822,0.1589535,0,0
"2026-02-10 14:00:00","2026-02-10 15:00:00",Nederland,Wind,Hour,UTC,Providing,Current,696696,696699,0.10680895,0,0
"2026-02-10 15:00:00","2026-02-10 16:00:00",Nederland,Wind,Hour,UTC,Providing,Current,608719,608722,0.093320966666667,0,0
"2026-02-10 16:00:00","2026-02-10 17:00:00",Nederland,Wind,Hour,UTC,Providing,Current,492580,492579,0.0755158,0,0
"2026-02-10 17:00:00","2026-02-10 18:00:00",Nederland,Wind,Hour,UTC,Providing,Current,440122,440119,0.067473283333333,0,0
"2026-02-10 18:00:00","2026-02-10 19:00:00",Nederland,Wind,Hour,UTC,Providing,Current,432112,432111,0.0662451,0,0
"2026-02-10 19:00:00","2026-02-10 20:00:00",Nederland,Wind,Hour,UTC,Providing,Current,403405,403405,0.061843833333333,0,0
"2026-02-10 20:00:00","2026-02-10 21:00:00",Nederland,Wind,Hour,UTC,Providing,Current,362685,362688,0.055601116666667,0,0
"2026-02-10 21:00:00","2026-02-10 22:00:00",Nederland,Wind,Hour,UTC,Providing,Current,361154,361157,0.0553661,0,0
"2026-02-10 22:00:00","2026-02-10 23:00:00",Nederland,Wind,Hour,UTC,Providing,Current,269293,269296,0.041283383333333,0,0
"2026-02-10 23:00:00","2026-02-11 00:00:00",Nederland,Wind,Hour,UTC,Providing,Current,314201,314203,0.04816765,0,0
"2026-02-11 00:00:00","2026-02-11 01:00:00",Nederland,Wind,Hour,UTC,Providing,Current,323070,323069,0.04952705,0,0
"2026-02-11 01:00:00","2026-02-11 02:00:00",Nederland,Wind,Hour,UTC,Providing,Current,254274,254274,0.038980416666667,0,0
"2026-02-11 02:00:00","2026-02-11 03:00:00",Nederland,Wind,Hour,UTC,Providing,Current,202604,202607,0.03105925,0,0
"2026-02-11 03:00:00","2026-02-11 04:00:00",Nederland,Wind,Hour,UTC,Providing,Current,182357,182360,0.027955283333333,0,0
"2026-02-11 04:00:00","2026-02-11 05:00:00",Nederland,Wind,Hour,UTC,Providing,Current,223976,223975,0.034335366666667,0,0
"2026-02-11 05:00:00","2026-02-11 06:00:00",Nederland,Wind,Hour,UTC,Providing,Current,354842,354841,0.054396683333333,0,0
"2026-02-11 06:00:00","2026-02-11 07:00:00",Nederland,Wind,Hour,UTC,Providing,Current,370300,370299,0.056766116666667,0,0
"2026-02-11 07:00:00","2026-02-11 08:00:00",Nederland,Wind,Hour,UTC,Providing,Current,455589,455589,0.069840433333333,0,0
"2026-02-11 08:00:00","2026-02-11 09:00:00",Nederland,Wind,Hour,UTC,Providing,Current,608858,608857,0.093335616666667,0,0
"2026-02-11 09:00:00","2026-02-11 10:00:00",Nederland,Wind,Hour,UTC,Providing,Current,774122,774122,0.1186695,0,0
"2026-02-11 10:00:00","2026-02-11 11:00:00",Nederland,Wind,Hour,UTC,Providing,Current,846152,846156,0.12971083333333,0,0
"2026-02-11 11:00:00","2026-02-11 12:00:00",Nederland,Wind,Hour,UTC,Providing,Current,907127,907125,0.1390575,0,0
"2026-02-11 12:00:00","2026-02-11 13:00:00",Nederland,Wind,Hour,UTC,Providing,Current,1062476,1062474,0.162871,0,0
"2026-02-11 13:00:00","2026-02-11 14:00:00",Nederland,Wind,Hour,UTC,Providing,Current,1084709,1084705,0.16627833333333,0,0
"2026-02-11 14:00:00","2026-02-11 15:00:00",Nederland,Wind,Hour,UTC,Providing,Current,1150749,1150751,0.17640116666667,0,0
"2026-02-11 15:00:00","2026-02-11 16:00:00",Nederland,Wind,Hour,UTC,Providing,Current,1349824,1349824,0.20691683333333,0,0
"2026-02-11 16:00:00","2026-02-11 17:00:00",Nederland,Wind,Hour,UTC,Providing,Current,1632780,1632784,0.250291,0,0
"2026-02-11 17:00:00","2026-02-11 18:00:00",Nederland,Wind,Hour,UTC,Providing,Current,1710990,1710989,0.26227883333333,0,0
"2026-02-11 18:00:00","2026-02-11 19:00:00",Nederland,Wind,Hour,UTC,Providing,Current,1825575,1825578,0.27984233333333,0,0
"2026-02-11 19:00:00","2026-02-11 20:00:00",Nederland,Wind,Hour,UTC,Providing,Current,2123145,2123148,0.32545533333333,0,0
"2026-02-11 20:00:00","2026-02-11 21:00:00",Nederland,Wind,Hour,UTC,Providing,Current,2053987,2053991,0.31485316666667,0,0
"2026-02-11 21:00:00","2026-02-11 22:00:00",Nederland,Wind,Hour,UTC,Providing,Current,1398336,1398337,0.21434816666667,0,0
"2026-02-11 22:00:00","2026-02-11 23:00:00",Nederland,Wind,Hour,UTC,Providing,Current,996863,996862,0.15280666666667,0,0
"2026-02-11 23:00:00","2026-02-12 00:00:00",Nederland,Wind,Hour,UTC,Providing,Current,569294,569295,0.087265316666667,0,0
"2026-02-12 00:00:00","2026-02-12 01:00:00",Nederland,Wind,Hour,UTC,Providing,Current,524125,524127,0.0803411,0,0
"2026-02-12 01:00:00","2026-02-12 02:00:00",Nederland,Wind,Hour,UTC,Providing,Current,401033,401031,0.0614726,0,0
"2026-02-12 02:00:00","2026-02-12 03:00:00",Nederland,Wind,Hour,UTC,Providing,Current,363975,363976,0.055791933333333,0,0
"2026-02-12 03:00:00","2026-02-12 04:00:00",Nederland,Wind,Hour,UTC,Providing,Current,260365,260365,0.039909916666667,0,0
"2026-02-12 04:00:00","2026-02-12 05:00:00",Nederland,Wind,Hour,UTC,Providing,Current,253953,253953,0.038926833333333,0,0
"2026-02-12 05:00:00","2026-02-12 06:00:00",Nederland,Wind,Hour,UTC,Providing,Current,230643,230645,0.03535375,0,0
"2026-02-12 06:00:00","2026-02-12 07:00:00",Nederland,Wind,Hour,UTC,Providing,Current,198383,198385,0.0304087,0,0
"2026-02-12 07:00:00","2026-02-12 08:00:00",Nederland,Wind,Hour,UTC,Providing,Current,283276,283274,0.043421033333333,0,0
"2026-02-12 08:00:00","2026-02-12 09:00:00",Nederland,Wind,Hour,UTC,Providing,Current,354734,354735,0.054374033333333,0,0
"2026-02-12 09:00:00","2026-02-12 10:00:00",Nederland,Wind,Hour,UTC,Providing,Current,428809,428812,0.065728016666667,0,0
"2026-02-12 10:00:00","2026-02-12 11:00:00",Nederland,Wind,Hour,UTC,Providing,Current,634395,634398,0.097239816666667,0,0
"2026-02-12 11:00:00","2026-02-12 12:00:00",Nederland,Wind,Hour,UTC,Providing,Current,887308,887312,0.13600583333333,0,0
"2026-02-12 12:00:00","2026-02-12 13:00:00",Nederland,Wind,Hour,UTC,Providing,Current,1425792,1425789,0.21854333333333,0,0
"2026-02-12 13:00:00","2026-02-12 14:00:00",Nederland,Wind,Hour,UTC,Providing,Current,1828513,1828514,0.28027066666667,0,0
"2026-02-12 14:00:00","2026-02-12 15:00:00",Nederland,Wind,Hour,UTC,Providing,Current,1957703,1957704,0.30007133333333,0,0
"2026-02-12 15:00:00","2026-02-12 16:00:00",Nederland,Wind,Hour,UTC,Providing,Current,2209124,2209127,0.338607,0,0
"2026-02-12 16:00:00","2026-02-12 17:00:00",Nederland,Wind,Hour,UTC,Providing,Current,2785197,2785197,0.42690366666667,0,0
"2026-02-12 17:00:00","2026-02-12 18:00:00",Nederland,Wind,Hour,UTC,Providing,Current,3057698,3057703,0.46866966666667,0,0
"2026-02-12 18:00:00","2026-02-12 19:00:00",Nederland,Wind,Hour,UTC,Providing,Current,2823203,2823202,0.43272533333333,0,0
"2026-02-12 19:00:00","2026-02-12 20:00:00",Nederland,Wind,Hour,UTC,Providing,Current,2922955,2922951,0.44801316666667,0,0
"2026-02-12 20:00:00","2026-02-12 21:00:00",Nederland,Wind,Hour,UTC,Providing,Current,2833344,2833343,0.43427616666667,0,0
"2026-02-12 21:00:00","2026-02-12 22:00:00",Nederland,Wind,Hour,UTC,Providing,Current,3261431,3261429,0.49988866666667,0,0
"2026-02-12 22:00:00","2026-02-12 23:00:00",Nederland,Wind,Hour,UTC,Providing,Current,3340989,3340992,0.51208033333333,0,0
"2026-02-12 23:00:00","2026-02-13 00:00:00",Nederland,Wind,Hour,UTC,Providing,Current,3166397,3166400,0.4853185,0,0
"2026-02-13 00:00:00","2026-02-13 01:00:00",Nederland,Wind,Hour,UTC,Providing,Current,2866775,2866771,0.439393,0,0
"2026-02-13 01:00:00","2026-02-13 02:00:00",Nederland,Wind,Hour,UTC,Providing,Current,2427373,2427371,0.372044,0,0
"2026-02-13 02:00:00","2026-02-13 03:00:00",Nederland,Wind,Hour,UTC,Providing,Current,2018117,2018116,0.309316,0,0
"2026-02-13 03:00:00","2026-02-13 04:00:00",Nederland,Wind,Hour,UTC,Providing,Current,1617890,1617892,0.24797233333333,0,0
"2026-02-13 04:00:00","2026-02-13 05:00:00",Nederland,Wind,Hour,UTC,Providing,Current,1234461,1234465,0.18920366666667,0,0
"2026-02-13 05:00:00","2026-02-13 06:00:00",Nederland,Wind,Hour,UTC,Providing,Current,916224,916221,0.14042766666667,0,0
"2026-02-13 06:00:00","2026-02-13 07:00:00",Nederland,Wind,Hour,UTC,Providing,Current,844686,844688,0.1294625,0,0
"2026-02-13 07:00:00","2026-02-13 08:00:00",Nederland,Wind,Hour,UTC,Providing,Current,881372,881371,0.1350845,0,0
"2026-02-13 08:00:00","2026-02-13 09:00:00",Nederland,Wind,Hour,UTC,Providing,Current,1113411,1113415,0.17064783333333,0,0
"2026-02-13 09:00:00","2026-02-13 10:00:00",Nederland,Wind,Hour,UTC,Providing,Current,1569893,1569890,0.24060983333333,0,0
"2026-02-13 10:00:00","2026-02-13 11:00:00",Nederland,Wind,Hour,UTC,Providing,Current,1929350,1929351,0.29570083333333,0,0
"2026-02-13 11:00:00","2026-02-13 12:00:00",Nederland,Wind,Hour,UTC,Providing,Current,2012776,2012775,0.308486,0,0
"2026-02-13 12:00:00","2026-02-13 13:00:00",Nederland,Wind,Hour,UTC,Providing,Current,2405786,2405788,0.3687185,0,0
"2026-02-13 13:00:00","2026-02-13 14:00:00",Nederland,Wind,Hour,UTC,Providing,Current,3010906,3010906,0.4614595,0,0
"2026-02-13 14:00:00","2026-02-13 15:00:00",Nederland,Wind,Hour,UTC,Providing,Current,3422468,3422469,0.524534,0,0
"2026-02-13 15:00:00","2026-02-13 16:00:00",Nederland,Wind,Hour,UTC,Providing,Current,3531157,3531157,0.54118983333333,0,0
"2026-02-13 16:00:00","2026-02-13 17:00:00",Nederland,Wind,Hour,UTC,Providing,Current,3823158,3823156,0.58593983333333,0,0
"2026-02-13 17:00:00","2026-02-13 18:00:00",Nederland,Wind,Hour,UTC,Providing,Current,4237239,4237243,0.64939916666667,0,0
"2026-02-13 18:00:00","2026-02-13 19:00:00",Nederland,Wind,Hour,UTC,Providing,Current,4017307,4017309,0.61569016666667,0,0
"2026-02-13 19:00:00","2026-02-13 20:00:00",Nederland,Wind,Hour,UTC,Providing,Current,3823327,3823325,0.58595833333333,0,0
"2026-02-13 20:00:00","2026-02-13 21:00:00",Nederland,Wind,Hour,UTC,Providing,Current,3580834,3580833,0.54879183333333,0,0
"2026-02-13 21:00:00","2026-02-13 22:00:00",Nederland,Wind,Hour,UTC,Providing,Current,3332245,3332247,0.51069166666667,0,0
"2026-02-13 22:00:00","2026-02-13 23:00:00",Nederland,Wind,Hour,UTC,Providing,Current,3203897,3203896,0.49101933333333,0,0
"2026-02-13 23:00:00","2026-02-14 00:00:00",Nederland,Wind,Hour,UTC,Providing,Current,3409489,3409486,0.52252533333333,0,0
"2026-02-14 00:00:00","2026-02-14 01:00:00",Nederland,Wind,Hour,UTC,Providing,Current,3161615,3161617,0.48453533333333,0,0
"2026-02-14 01:00:00","2026-02-14 02:00:00",Nederland,Wind,Hour,UTC,Providing,Current,3241848,3241847,0.49682933333333,0,0
"2026-02-14 02:00:00","2026-02-14 03:00:00",Nederland,Wind,Hour,UTC,Providing,Current,3631938,3631939,0.55661016666667,0,0
"2026-02-14 03:00:00","2026-02-14 04:00:00",Nederland,Wind,Hour,UTC,Providing,Current,3709057,3709059,0.56842683333333,0,0
"2026-02-14 04:00:00","2026-02-14 05:00:00",Nederland,Wind,Hour,UTC,Providing,Current,3933222,3933224,0.60277833333333,0,0
"2026-02-14 05:00:00","2026-02-14 06:00:00",Nederland,Wind,Hour,UTC,Providing,Current,4284569,4284566,0.6566205,0,0
"2026-02-14 06:00:00","2026-02-14 07:00:00",Nederland,Wind,Hour,UTC,Providing,Current,4497743,4497749,0.689287,0,0
"2026-02-14 07:00:00","2026-02-14 08:00:00",Nederland,Wind,Hour,UTC,Providing,Current,4045372,4045374,0.61995816666667,0,0
"2026-02-14 08:00:00","2026-02-14 09:00:00",Nederland,Wind,Hour,UTC,Providing,Current,3435347,3435350,0.52646866666667,0,0
"2026-02-14 09:00:00","2026-02-14 10:00:00",Nederland,Wind,Hour,UTC,Providing,Current,3740266,3740268,0.57319516666667,0,0
"2026-02-14 10:00:00","2026-02-14 11:00:00",Nederland,Wind,Hour,UTC,Providing,Current,3663759,3663765,0.56146833333333,0,0
"2026-02-14 11:00:00","2026-02-14 12:00:00",Nederland,Wind,Hour,UTC,Providing,Current,3068019,3068012,0.47016983333333,0,0
"2026-02-14 12:00:00","2026-02-14 13:00:00",Nederland,Wind,Hour,UTC,Providing,Current,2417822,2417825,0.37052633333333,0,0
"2026-02-14 13:00:00","2026-02-14 14:00:00",Nederland,Wind,Hour,UTC,Providing,Current,1849574,1849577,0.28344216666667,0,0
"2026-02-14 14:00:00","2026-02-14 15:00:00",Nederland,Wind,Hour,UTC,Providing,Current,1570331,1570327,0.24064816666667,0,0
"2026-02-14 15:00:00","2026-02-14 16:00:00",Nederland,Wind,Hour,UTC,Providing,Current,1117714,1117715,0.1712855,0,0
"2026-02-14 16:00:00","2026-02-14 17:00:00",Nederland,Wind,Hour,UTC,Providing,Current,522554,522555,0.08007915,0,0
"2026-02-14 17:00:00","2026-02-14 18:00:00",Nederland,Wind,Hour,UTC,Providing,Current,113570,113570,0.017404048333333,0,0
"2026-02-14 18:00:00","2026-02-14 19:00:00",Nederland,Wind,Hour,UTC,Providing,Current,21180,21179,0.00324574,0,0
"2026-02-14 19:00:00","2026-02-14 20:00:00",Nederland,Wind,Hour,UTC,Providing,Current,2528,2529,0.00038752666666667,0,0
"2026-02-14 20:00:00","2026-02-14 21:00:00",Nederland,Wind,Hour,UTC,Providing,Current,20030,20031,0.0030695833333333,0,0
"2026-02-14 21:00:00","2026-02-14 22:00:00",Nederland,Wind,Hour,UTC,Providing,Current,28830,28832,0.0044181,0,0
"2026-02-14 22:00:00","2026-02-14 23:00:00",Nederland,Wind,Hour,UTC,Providing,Current,50000,49999,0.0076621316666667,0,0
"2026-02-14 23:00:00","2026-02-15 00:00:00",Nederland,Wind,Hour,UTC,Providing,Current,126475,126475,0.019381216666667,0,0
"2026-02-15 00:00:00","2026-02-15 01:00:00",Nederland,Wind,Hour,UTC,Providing,Current,271956,271960,0.041674766666667,0,0
"2026-02-15 01:00:00","2026-02-15 02:00:00",Nederland,Wind,Hour,UTC,Providing,Current,361376,361375,0.055377266666667,0,0
"2026-02-15 02:00:00","2026-02-15 03:00:00",Nederland,Wind,Hour,UTC,Providing,Current,483472,483475,0.0740869,0,0
"2026-02-15 03:00:00","2026-02-15 04:00:00",Nederland,Wind,Hour,UTC,Providing,Current,607900,607903,0.0931538,0,0
"2026-02-15 04:00:00","2026-02-15 05:00:00",Nederland,Wind,Hour,UTC,Providing,Current,824314,824313,0.126316,0,0
"2026-02-15 05:00:00","2026-02-15 06:00:00",Nederland,Wind,Hour,UTC,Providing,Current,1148922,1148921,0.17605783333333,0,0
"2026-02-15 06:00:00","2026-02-15 07:00:00",Nederland,Wind,Hour,UTC,Providing,Current,1415359,1415362,0.21688466666667,0,0
"2026-02-15 07:00:00","2026-02-15 08:00:00",Nederland,Wind,Hour,UTC,Providing,Current,1920943,1920943,0.29435733333333,0,0
"2026-02-15 08:00:00","2026-02-15 09:00:00",Nederland,Wind,Hour,UTC,Providing,Current,2744015,2744015,0.42048,0,0
"2026-02-15 09:00:00","2026-02-15 10:00:00",Nederland,Wind,Hour,UTC,Providing,Current,3546989,3546989,0.5435215,0,0
"2026-02-15 10:00:00","2026-02-15 11:00:00",Nederland,Wind,Hour,UTC,Providing,Current,4403753,4403751,0.67480466666667,0,0
"2026-02-15 11:00:00","2026-02-15 12:00:00",Nederland,Wind,Hour,UTC,Providing,Current,5513722,5513717,0.84488616666667,0,0
"2026-02-15 12:00:00","2026-02-15 13:00:00",Nederland,Wind,Hour,UTC,Providing,Current,5736325,5736328,0.87899283333333,0,0
"2026-02-15 13:00:00","2026-02-15 14:00:00",Nederland,Wind,Hour,UTC,Providing,Current,5765645,5765641,0.88348216666667,0,0
"2026-02-15 14:00:00","2026-02-15 15:00:00",Nederland,Wind,Hour,UTC,Providing,Current,5615749,5615758,0.86050966666667,0,0
"2026-02-15 15:00:00","2026-02-15 16:00:00",Nederland,Wind,Hour,UTC,Providing,Current,5204144,5204141,0.79743533333333,0,0
"2026-02-15 16:00:00","2026-02-15 17:00:00",Nederland,Wind,Hour,UTC,Providing,Current,4659523,4659521,0.71397966666667,0,0
"2026-02-15 17:00:00","2026-02-15 18:00:00",Nederland,Wind,Hour,UTC,Providing,Current,4674421,4674424,0.7162595,0,0
"2026-02-15 18:00:00","2026-02-15 19:00:00",Nederland,Wind,Hour,UTC,Providing,Current,4279771,4279775,0.655785,0,0
"2026-02-15 19:00:00","2026-02-15 20:00:00",Nederland,Wind,Hour,UTC,Providing,Current,3996646,3996645,0.61239933333333,0,0
"2026-02-15 20:00:00","2026-02-15 21:00:00",Nederland,Wind,Hour,UTC,Providing,Current,3862011,3862012,0.59176716666667,0,0
"2026-02-15 21:00:00","2026-02-15 22:00:00",Nederland,Wind,Hour,UTC,Providing,Current,3697036,3697038,0.56648583333333,0,0
"2026-02-15 22:00:00","2026-02-15 23:00:00",Nederland,Wind,Hour,UTC,Providing,Current,3439205,3439206,0.52697733333333,0,0
"2026-02-15 23:00:00","2026-02-16 00:00:00",Nederland,Wind,Hour,UTC,Providing,Current,2829706,2829709,0.43358383333333,0,0
"2026-02-16 00:00:00","2026-02-16 01:00:00",Nederland,Wind,Hour,UTC,Providing,Current,2375946,2375946,0.3640545,0,0
"2026-02-16 01:00:00","2026-02-16 02:00:00",Nederland,Wind,Hour,UTC,Providing,Current,2101297,2101295,0.32197016666667,0,0
"2026-02-16 02:00:00","2026-02-16 03:00:00",Nederland,Wind,Hour,UTC,Providing,Current,1959063,1959066,0.30017516666667,0,0
"2026-02-16 03:00:00","2026-02-16 04:00:00",Nederland,Wind,Hour,UTC,Providing,Current,1789808,1789805,0.27424033333333,0,0
"2026-02-16 04:00:00","2026-02-16 05:00:00",Nederland,Wind,Hour,UTC,Providing,Current,1435587,1435585,0.2199645,0,0
"2026-02-16 05:00:00","2026-02-16 06:00:00",Nederland,Wind,Hour,UTC,Providing,Current,1295027,1295029,0.19842666666667,0,0
"2026-02-16 06:00:00","2026-02-16 07:00:00",Nederland,Wind,Hour,UTC,Providing,Current,1286599,1286599,0.1971345,0,0
"2026-02-16 07:00:00","2026-02-16 08:00:00",Nederland,Wind,Hour,UTC,Providing,Current,1322875,1322877,0.202692,0,0
"2026-02-16 08:00:00","2026-02-16 09:00:00",Nederland,Wind,Hour,UTC,Providing,Current,1256793,1256796,0.192566,0,0
"2026-02-16 09:00:00","2026-02-16 10:00:00",Nederland,Wind,Hour,UTC,Providing,Current,1676438,1676436,0.25686283333333,0,0
"2026-02-16 10:00:00","2026-02-16 11:00:00",Nederland,Wind,Hour,UTC,Providing,Current,1961810,1961809,0.300586,0,0
"2026-02-16 11:00:00","2026-02-16 12:00:00",Nederland,Wind,Hour,UTC,Providing,Current,2113948,2113949,0.323895,0,0
"2026-02-16 12:00:00","2026-02-16 13:00:00",Nederland,Wind,Hour,UTC,Providing,Current,2458153,2458155,0.37663216666667,0,0
"2026-02-16 13:00:00","2026-02-16 14:00:00",Nederland,Wind,Hour,UTC,Providing,Current,2567079,2567080,0.39332,0,0
"2026-02-16 14:00:00","2026-02-16 15:00:00",Nederland,Wind,Hour,UTC,Providing,Current,2609636,2609636,0.39983866666667,0,0
"2026-02-16 15:00:00","2026-02-16 16:00:00",Nederland,Wind,Hour,UTC,Providing,Current,2436726,2436729,0.37334466666667,0,0
"2026-02-16 16:00:00","2026-02-16 17:00:00",Nederland,Wind,Hour,UTC,Providing,Current,1655318,1655315,0.25361933333333,0,0
"2026-02-16 17:00:00","2026-02-16 18:00:00",Nederland,Wind,Hour,UTC,Providing,Current,1081534,1081532,0.1657065,0,0
"2026-02-16 18:00:00","2026-02-16 19:00:00",Nederland,Wind,Hour,UTC,Providing,Current,710899,710898,0.10891953333333,0,0
"2026-02-16 19:00:00","2026-02-16 20:00:00",Nederland,Wind,Hour,UTC,Providing,Current,689915,689915,0.10570416666667,0,0
"2026-02-16 20:00:00","2026-02-16 21:00:00",Nederland,Wind,Hour,UTC,Providing,Current,757649,757651,0.11608116666667,0,0
"2026-02-16 21:00:00","2026-02-16 22:00:00",Nederland,Wind,Hour,UTC,Providing,Current,639624,639630,0.097998066666667,0,0
"2026-02-16 22:00:00","2026-02-16 23:00:00",Nederland,Wind,Hour,UTC,Providing,Current,747355,747356,0.11450313333333,0,0
"2026-02-16 23:00:00","2026-02-17 00:00:00",Nederland,Wind,Hour,UTC,Providing,Current,843777,843777,0.1292755,0,0
"2026-02-17 00:00:00","2026-02-17 01:00:00",Nederland,Wind,Hour,UTC,Providing,Current,866110,866104,0.13269666666667,0,0
"2026-02-17 01:00:00","2026-02-17 02:00:00",Nederland,Wind,Hour,UTC,Providing,Current,914991,914996,0.14018516666667,0,0
"2026-02-17 02:00:00","2026-02-17 03:00:00",Nederland,Wind,Hour,UTC,Providing,Current,970601,970602,0.14870466666667,0,0
"2026-02-17 03:00:00","2026-02-17 04:00:00",Nederland,Wind,Hour,UTC,Providing,Current,1023403,1023402,0.15679366666667,0,0
"2026-02-17 04:00:00","2026-02-17 05:00:00",Nederland,Wind,Hour,UTC,Providing,Current,1081881,1081884,0.16575216666667,0,0
"2026-02-17 05:00:00","2026-02-17 06:00:00",Nederland,Wind,Hour,UTC,Providing,Current,1435801,1435799,0.2199745,0,0
"2026-02-17 06:00:00","2026-02-17 07:00:00",Nederland,Wind,Hour,UTC,Providing,Current,1641344,1641347,0.251464,0,0
"2026-02-17 07:00:00","2026-02-17 08:00:00",Nederland,Wind,Hour,UTC,Providing,Current,2060432,2060429,0.3156695,0,0
"2026-02-17 08:00:00","2026-02-17 09:00:00",Nederland,Wind,Hour,UTC,Providing,Current,2406538,2406537,0.36869316666667,0,0
"2026-02-17 09:00:00","2026-02-17 10:00:00",Nederland,Wind,Hour,UTC,Providing,Current,2949008,2949005,0.45180033333333,0,0
"2026-02-17 10:00:00","2026-02-17 11:00:00",Nederland,Wind,Hour,UTC,Providing,Current,4045908,4045907,0.61984733333333,0,0
"2026-02-17 11:00:00","2026-02-17 12:00:00",Nederland,Wind,Hour,UTC,Providing,Current,5078883,5078885,0.7780995,0,0
"2026-02-17 12:00:00","2026-02-17 13:00:00",Nederland,Wind,Hour,UTC,Providing,Current,5836259,5836262,0.894128,0,0
"2026-02-17 13:00:00","2026-02-17 14:00:00",Nederland,Wind,Hour,UTC,Providing,Current,6107817,6107818,0.93572733333333,0,0
"2026-02-17 14:00:00","2026-02-17 15:00:00",Nederland,Wind,Hour,UTC,Providing,Current,6126075,6126076,0.93852066666667,0,0
"2026-02-17 15:00:00","2026-02-17 16:00:00",Nederland,Wind,Hour,UTC,Providing,Current,5912650,5912646,0.90582,0,0
"2026-02-17 16:00:00","2026-02-17 17:00:00",Nederland,Wind,Hour,UTC,Providing,Current,5394809,5394812,0.826483,0,0
"2026-02-17 17:00:00","2026-02-17 18:00:00",Nederland,Wind,Hour,UTC,Providing,Current,5139113,5139114,0.78730733333333,0,0
"2026-02-17 18:00:00","2026-02-17 19:00:00",Nederland,Wind,Hour,UTC,Providing,Current,5085003,5085003,0.77901466666667,0,0
"2026-02-17 19:00:00","2026-02-17 20:00:00",Nederland,Wind,Hour,UTC,Providing,Current,4919568,4919565,0.753667,0,0
"2026-02-17 20:00:00","2026-02-17 21:00:00",Nederland,Wind,Hour,UTC,Providing,Current,4567652,4567650,0.69975116666667,0,0
"2026-02-17 21:00:00","2026-02-17 22:00:00",Nederland,Wind,Hour,UTC,Providing,Current,4277756,4277753,0.6553375,0,0
"2026-02-17 22:00:00","2026-02-17 23:00:00",Nederland,Wind,Hour,UTC,Providing,Current,3885141,3885144,0.59518766666667,0,0
"2026-02-17 23:00:00","2026-02-18 00:00:00",Nederland,Wind,Hour,UTC,Providing,Current,3046006,3046010,0.46663383333333,0,0
"2026-02-18 00:00:00","2026-02-18 01:00:00",Nederland,Wind,Hour,UTC,Providing,Current,1958672,1958672,0.300058,0,0
"2026-02-18 01:00:00","2026-02-18 02:00:00",Nederland,Wind,Hour,UTC,Providing,Current,1546506,1546508,0.2369155,0,0
"2026-02-18 02:00:00","2026-02-18 03:00:00",Nederland,Wind,Hour,UTC,Providing,Current,1094287,1094287,0.16763783333333,0,0
"2026-02-18 03:00:00","2026-02-18 04:00:00",Nederland,Wind,Hour,UTC,Providing,Current,655866,655864,0.10047388333333,0,0
"2026-02-18 04:00:00","2026-02-18 05:00:00",Nederland,Wind,Hour,UTC,Providing,Current,406048,406048,0.062203383333333,0,0
"2026-02-18 05:00:00","2026-02-18 06:00:00",Nederland,Wind,Hour,UTC,Providing,Current,300817,300817,0.046082616666667,0,0
"2026-02-18 06:00:00","2026-02-18 07:00:00",Nederland,Wind,Hour,UTC,Providing,Current,282310,282310,0.0432473,0,0
"2026-02-18 07:00:00","2026-02-18 08:00:00",Nederland,Wind,Hour,UTC,Providing,Current,479336,479336,0.0734296,0,0
"2026-02-18 08:00:00","2026-02-18 09:00:00",Nederland,Wind,Hour,UTC,Providing,Current,1003914,1003916,0.15378933333333,0,0
"2026-02-18 09:00:00","2026-02-18 10:00:00",Nederland,Wind,Hour,UTC,Providing,Current,2014228,2014224,0.30855733333333,0,0
"2026-02-18 10:00:00","2026-02-18 11:00:00",Nederland,Wind,Hour,UTC,Providing,Current,3097821,3097820,0.47454966666667,0,0
"2026-02-18 11:00:00","2026-02-18 12:00:00",Nederland,Wind,Hour,UTC,Providing,Current,3466527,3466530,0.53102916666667,0,0
"2026-02-18 12:00:00","2026-02-18 13:00:00",Nederland,Wind,Hour,UTC,Providing,Current,3955015,3955016,0.60585666666667,0,0
"2026-02-18 13:00:00","2026-02-18 14:00:00",Nederland,Wind,Hour,UTC,Providing,Current,4592291,4592290,0.70347616666667,0,0
"2026-02-18 14:00:00","2026-02-18 15:00:00",Nederland,Wind,Hour,UTC,Providing,Current,5021229,5021227,0.7691805,0,0
"2026-02-18 15:00:00","2026-02-18 16:00:00",Nederland,Wind,Hour,UTC,Providing,Current,5310812,5310815,0.81353716666667,0,0
"2026-02-18 16:00:00","2026-02-18 17:00:00",Nederland,Wind,Hour,UTC,Providing,Current,5112007,5112007,0.78307983333333,0,0
"2026-02-18 17:00:00","2026-02-18 18:00:00",Nederland,Wind,Hour,UTC,Providing,Current,5311029,5311028,0.8135635,0,0
"2026-02-18 18:00:00","2026-02-18 19:00:00",Nederland,Wind,Hour,UTC,Providing,Current,5615972,5615973,0.86027266666667,0,0
"2026-02-18 19:00:00","2026-02-18 20:00:00",Nederland,Wind,Hour,UTC,Providing,Current,5804439,5804436,0.889139,0,0
"2026-02-18 20:00:00","2026-02-18 21:00:00",Nederland,Wind,Hour,UTC,Providing,Current,5844986,5844988,0.8953465,0,0
"2026-02-18 21:00:00","2026-02-18 22:00:00",Nederland,Wind,Hour,UTC,Providing,Current,5867720,5867715,0.898825,0,0
"2026-02-18 22:00:00","2026-02-18 23:00:00",Nederland,Wind,Hour,UTC,Providing,Current,5998530,5998527,0.91885866666667,0,0
"2026-02-18 23:00:00","2026-02-19 00:00:00",Nederland,Wind,Hour,UTC,Providing,Current,6050617,6050625,0.926834,0,0
"2026-02-19 00:00:00","2026-02-19 01:00:00",Nederland,Wind,Hour,UTC,Providing,Current,6087207,6087206,0.93243466666667,0,0
"2026-02-19 01:00:00","2026-02-19 02:00:00",Nederland,Wind,Hour,UTC,Providing,Current,6147020,6147024,0.941593,0,0
"2026-02-19 02:00:00","2026-02-19 03:00:00",Nederland,Wind,Hour,UTC,Providing,Current,6128780,6128779,0.938795,0,0
"2026-02-19 03:00:00","2026-02-19 04:00:00",Nederland,Wind,Hour,UTC,Providing,Current,6197009,6197006,0.94924233333333,0,0
"2026-02-19 04:00:00","2026-02-19 05:00:00",Nederland,Wind,Hour,UTC,Providing,Current,6201730,6201730,0.94996166666667,0,0
"2026-02-19 05:00:00","2026-02-19 06:00:00",Nederland,Wind,Hour,UTC,Providing,Current,6208875,6208874,0.95105216666667,0,0
"2026-02-19 06:00:00","2026-02-19 07:00:00",Nederland,Wind,Hour,UTC,Providing,Current,6223056,6223055,0.95322033333333,0,0
"2026-02-19 07:00:00","2026-02-19 08:00:00",Nederland,Wind,Hour,UTC,Providing,Current,6136030,6136030,0.93988616666667,0,0
"2026-02-19 08:00:00","2026-02-19 09:00:00",Nederland,Wind,Hour,UTC,Providing,Current,6134822,6134821,0.93969716666667,0,0
"2026-02-19 09:00:00","2026-02-19 10:00:00",Nederland,Wind,Hour,UTC,Providing,Current,6178681,6178680,0.9464115,0,0
"2026-02-19 10:00:00","2026-02-19 11:00:00",Nederland,Wind,Hour,UTC,Providing,Current,6230692,6230694,0.95437416666667,0,0
"2026-02-19 11:00:00","2026-02-19 12:00:00",Nederland,Wind,Hour,UTC,Providing,Current,6251006,6251009,0.95748166666667,0,0
"2026-02-19 12:00:00","2026-02-19 13:00:00",Nederland,Wind,Hour,UTC,Providing,Current,6152852,6152853,0.9424435,0,0
"2026-02-19 13:00:00","2026-02-19 14:00:00",Nederland,Wind,Hour,UTC,Providing,Current,5932448,5932449,0.90867983333333,0,0
"2026-02-19 14:00:00","2026-02-19 15:00:00",Nederland,Wind,Hour,UTC,Providing,Current,5833565,5833561,0.89353066666667,0,0
"2026-02-19 15:00:00","2026-02-19 16:00:00",Nederland,Wind,Hour,UTC,Providing,Current,5656944,5656946,0.8664735,0,0
"2026-02-19 16:00:00","2026-02-19 17:00:00",Nederland,Wind,Hour,UTC,Providing,Current,5230311,5230312,0.80112316666667,0,0
"2026-02-19 17:00:00","2026-02-19 18:00:00",Nederland,Wind,Hour,UTC,Providing,Current,4617568,4617573,0.7072665,0,0
"2026-02-19 18:00:00","2026-02-19 19:00:00",Nederland,Wind,Hour,UTC,Providing,Current,4347941,4347940,0.6659655,0,0
"2026-02-19 19:00:00","2026-02-19 20:00:00",Nederland,Wind,Hour,UTC,Providing,Current,4282316,4282318,0.655911,0,0
"2026-02-19 20:00:00","2026-02-19 21:00:00",Nederland,Wind,Hour,UTC,Providing,Current,3867279,3867279,0.59233816666667,0,0
"2026-02-19 21:00:00","2026-02-19 22:00:00",Nederland,Wind,Hour,UTC,Providing,Current,3518252,3518251,0.53887666666667,0,0
"2026-02-19 22:00:00","2026-02-19 23:00:00",Nederland,Wind,Hour,UTC,Providing,Current,3298195,3298194,0.5051695,0,0
"2026-02-19 23:00:00","2026-02-20 00:00:00",Nederland,Wind,Hour,UTC,Providing,Current,3143943,3143942,0.4815415,0,0
"2026-02-20 00:00:00","2026-02-20 01:00:00",Nederland,Wind,Hour,UTC,Providing,Current,2451550,2451550,0.37548966666667,0,0
"2026-02-20 01:00:00","2026-02-20 02:00:00",Nederland,Wind,Hour,UTC,Providing,Current,2225187,2225184,0.34081733333333,0,0
"2026-02-20 02:00:00","2026-02-20 03:00:00",Nederland,Wind,Hour,UTC,Providing,Current,2056594,2056596,0.31499383333333,0,0
"2026-02-20 03:00:00","2026-02-20 04:00:00",Nederland,Wind,Hour,UTC,Providing,Current,1757932,1757936,0.26924883333333,0,0
"2026-02-20 04:00:00","2026-02-20 05:00:00",Nederland,Wind,Hour,UTC,Providing,Current,1908919,1908915,0.29237316666667,0,0
"2026-02-20 05:00:00","2026-02-20 06:00:00",Nederland,Wind,Hour,UTC,Providing,Current,1871675,1871679,0.28666766666667,0,0
"2026-02-20 06:00:00","2026-02-20 07:00:00",Nederland,Wind,Hour,UTC,Providing,Current,1602347,1602349,0.24541616666667,0,0
"2026-02-20 07:00:00","2026-02-20 08:00:00",Nederland,Wind,Hour,UTC,Providing,Current,1734140,1734142,0.26560066666667,0,0
"2026-02-20 08:00:00","2026-02-20 09:00:00",Nederland,Wind,Hour,UTC,Providing,Current,1852758,1852755,0.28376683333333,0,0
"2026-02-20 09:00:00","2026-02-20 10:00:00",Nederland,Wind,Hour,UTC,Providing,Current,1966925,1966924,0.301251,0,0
"2026-02-20 10:00:00","2026-02-20 11:00:00",Nederland,Wind,Hour,UTC,Providing,Current,2257167,2257168,0.3457025,0,0
"2026-02-20 11:00:00","2026-02-20 12:00:00",Nederland,Wind,Hour,UTC,Providing,Current,2591970,2591969,0.39697866666667,0,0
"2026-02-20 12:00:00","2026-02-20 13:00:00",Nederland,Wind,Hour,UTC,Providing,Current,3322174,3322174,0.50881266666667,0,0
"2026-02-20 13:00:00","2026-02-20 14:00:00",Nederland,Wind,Hour,UTC,Providing,Current,4119673,4119673,0.63095233333333,0,0
"2026-02-20 14:00:00","2026-02-20 15:00:00",Nederland,Wind,Hour,UTC,Providing,Current,4243558,4243560,0.6499235,0,0
"2026-02-20 15:00:00","2026-02-20 16:00:00",Nederland,Wind,Hour,UTC,Providing,Current,4136131,4136130,0.63346766666667,0,0
"2026-02-20 16:00:00","2026-02-20 17:00:00",Nederland,Wind,Hour,UTC,Providing,Current,3913194,3913190,0.59932133333333,0,0
"2026-02-20 17:00:00","2026-02-20 18:00:00",Nederland,Wind,Hour,UTC,Providing,Current,4097624,4097622,0.62756516666667,0,0
"2026-02-20 18:00:00","2026-02-20 19:00:00",Nederland,Wind,Hour,UTC,Providing,Current,4924310,4924307,0.75417166666667,0,0
"2026-02-20 19:00:00","2026-02-20 20:00:00",Nederland,Wind,Hour,UTC,Providing,Current,5774130,5774129,0.88432016666667,0,0
"2026-02-20 20:00:00","2026-02-20 21:00:00",Nederland,Wind,Hour,UTC,Providing,Current,6134928,6134928,0.93957366666667,0,0
"2026-02-20 21:00:00","2026-02-20 22:00:00",Nederland,Wind,Hour,UTC,Providing,Current,6316661,6316659,0.967402,0,0
"2026-02-20 22:00:00","2026-02-20 23:00:00",Nederland,Wind,Hour,UTC,Providing,Current,6354797,6354799,0.973239,0,0
"2026-02-20 23:00:00","2026-02-21 00:00:00",Nederland,Wind,Hour,UTC,Providing,Current,6119319,6119319,0.93717116666667,0,0
"2026-02-21 00:00:00","2026-02-21 01:00:00",Nederland,Wind,Hour,UTC,Providing,Current,5921563,5921562,0.90688133333333,0,0
"2026-02-21 01:00:00","2026-02-21 02:00:00",Nederland,Wind,Hour,UTC,Providing,Current,5773392,5773390,0.88418516666667,0,0
"2026-02-21 02:00:00","2026-02-21 03:00:00",Nederland,Wind,Hour,UTC,Providing,Current,5533789,5533790,0.84748683333333,0,0
"2026-02-21 03:00:00","2026-02-21 04:00:00",Nederland,Wind,Hour,UTC,Providing,Current,5402668,5402670,0.8274025,0,0
"2026-02-21 04:00:00","2026-02-21 05:00:00",Nederland,Wind,Hour,UTC,Providing,Current,4763155,4763155,0.72946,0,0
"2026-02-21 05:00:00","2026-02-21 06:00:00",Nederland,Wind,Hour,UTC,Providing,Current,4517471,4517471,0.69183166666667,0,0
"2026-02-21 06:00:00","2026-02-21 07:00:00",Nederland,Wind,Hour,UTC,Providing,Current,4367743,4367746,0.6688985,0,0
"2026-02-21 07:00:00","2026-02-21 08:00:00",Nederland,Wind,Hour,UTC,Providing,Current,4079203,4079203,0.6247075,0,0
"2026-02-21 08:00:00","2026-02-21 09:00:00",Nederland,Wind,Hour,UTC,Providing,Current,3923180,3923176,0.60081083333333,0,0
"2026-02-21 09:00:00","2026-02-21 10:00:00",Nederland,Wind,Hour,UTC,Providing,Current,4140375,4140373,0.6340705,0,0
"2026-02-21 10:00:00","2026-02-21 11:00:00",Nederland,Wind,Hour,UTC,Providing,Current,4453921,4453919,0.682085,0,0
"2026-02-21 11:00:00","2026-02-21 12:00:00",Nederland,Wind,Hour,UTC,Providing,Current,5047598,5047600,0.77299916666667,0,0
"2026-02-21 12:00:00","2026-02-21 13:00:00",Nederland,Wind,Hour,UTC,Providing,Current,5099975,5099977,0.781017,0,0
"2026-02-21 13:00:00","2026-02-21 14:00:00",Nederland,Wind,Hour,UTC,Providing,Current,4302180,4302177,0.658839,0,0
"2026-02-21 14:00:00","2026-02-21 15:00:00",Nederland,Wind,Hour,UTC,Providing,Current,3829620,3829620,0.586468,0,0
"2026-02-21 15:00:00","2026-02-21 16:00:00",Nederland,Wind,Hour,UTC,Providing,Current,3579700,3579702,0.54819316666667,0,0
"2026-02-21 16:00:00","2026-02-21 17:00:00",Nederland,Wind,Hour,UTC,Providing,Current,3415598,3415598,0.52306083333333,0,0
"2026-02-21 17:00:00","2026-02-21 18:00:00",Nederland,Wind,Hour,UTC,Providing,Current,2915366,2915365,0.446454,0,0
"2026-02-21 18:00:00","2026-02-21 19:00:00",Nederland,Wind,Hour,UTC,Providing,Current,2453858,2453858,0.37577766666667,0,0
"2026-02-21 19:00:00","2026-02-21 20:00:00",Nederland,Wind,Hour,UTC,Providing,Current,2804289,2804293,0.42944016666667,0,0
"2026-02-21 20:00:00","2026-02-21 21:00:00",Nederland,Wind,Hour,UTC,Providing,Current,3158886,3158885,0.48374,0,0
"2026-02-21 21:00:00","2026-02-21 22:00:00",Nederland,Wind,Hour,UTC,Providing,Current,3268705,3268702,0.50055516666667,0,0
"2026-02-21 22:00:00","2026-02-21 23:00:00",Nederland,Wind,Hour,UTC,Providing,Current,3470610,3470611,0.53147183333333,0,0
"2026-02-21 23:00:00","2026-02-22 00:00:00",Nederland,Wind,Hour,UTC,Providing,Current,4202224,4202224,0.643505,0,0
"2026-02-22 00:00:00","2026-02-22 01:00:00",Nederland,Wind,Hour,UTC,Providing,Current,4751365,4751368,0.72759383333333,0,0
"2026-02-22 01:00:00","2026-02-22 02:00:00",Nederland,Wind,Hour,UTC,Providing,Current,4915746,4915747,0.752763,0,0
"2026-02-22 02:00:00","2026-02-22 03:00:00",Nederland,Wind,Hour,UTC,Providing,Current,5493839,5493838,0.84128516666667,0,0
"2026-02-22 03:00:00","2026-02-22 04:00:00",Nederland,Wind,Hour,UTC,Providing,Current,5555946,5555942,0.85079216666667,0,0
"2026-02-22 04:00:00","2026-02-22 05:00:00",Nederland,Wind,Hour,UTC,Providing,Current,5639102,5639101,0.86352216666667,0,0
"2026-02-22 05:00:00","2026-02-22 06:00:00",Nederland,Wind,Hour,UTC,Providing,Current,5784294,5784294,0.885752,0,0
"2026-02-22 06:00:00","2026-02-22 07:00:00",Nederland,Wind,Hour,UTC,Providing,Current,5680856,5680859,0.86990866666667,0,0
"2026-02-22 07:00:00","2026-02-22 08:00:00",Nederland,Wind,Hour,UTC,Providing,Current,5566009,5566007,0.852319,0,0
"2026-02-22 08:00:00","2026-02-22 09:00:00",Nederland,Wind,Hour,UTC,Providing,Current,5536996,5536999,0.8478725,0,0
"2026-02-22 09:00:00","2026-02-22 10:00:00",Nederland,Wind,Hour,UTC,Providing,Current,5955057,5955058,0.911886,0,0
"2026-02-22 10:00:00","2026-02-22 11:00:00",Nederland,Wind,Hour,UTC,Providing,Current,6056108,6056106,0.92735566666667,0,0
"2026-02-22 11:00:00","2026-02-22 12:00:00",Nederland,Wind,Hour,UTC,Providing,Current,6109653,6109654,0.9355515,0,0
"2026-02-22 12:00:00","2026-02-22 13:00:00",Nederland,Wind,Hour,UTC,Providing,Current,6158976,6158974,0.9431,0,0
"2026-02-22 13:00:00","2026-02-22 14:00:00",Nederland,Wind,Hour,UTC,Providing,Current,6120574,6120574,0.93721583333333,0,0
"2026-02-22 14:00:00","2026-02-22 15:00:00",Nederland,Wind,Hour,UTC,Providing,Current,6139241,6139242,0.94007033333333,0,0
"2026-02-22 15:00:00","2026-02-22 16:00:00",Nederland,Wind,Hour,UTC,Providing,Current,5966072,5966077,0.91355016666667,0,0
"2026-02-22 16:00:00","2026-02-22 17:00:00",Nederland,Wind,Hour,UTC,Providing,Current,5146244,5146242,0.78801133333333,0,0
"2026-02-22 17:00:00","2026-02-22 18:00:00",Nederland,Wind,Hour,UTC,Providing,Current,3826547,3826546,0.58593216666667,0,0
"2026-02-22 18:00:00","2026-02-22 19:00:00",Nederland,Wind,Hour,UTC,Providing,Current,3226874,3226877,0.4941065,0,0
"2026-02-22 19:00:00","2026-02-22 20:00:00",Nederland,Wind,Hour,UTC,Providing,Current,3252567,3252568,0.4980385,0,0
"2026-02-22 20:00:00","2026-02-22 21:00:00",Nederland,Wind,Hour,UTC,Providing,Current,3487602,3487601,0.53402533333333,0,0
"2026-02-22 21:00:00","2026-02-22 22:00:00",Nederland,Wind,Hour,UTC,Providing,Current,3445178,3445174,0.52752716666667,0,0
"2026-02-22 22:00:00","2026-02-22 23:00:00",Nederland,Wind,Hour,UTC,Providing,Current,3786951,3786952,0.57985716666667,0,0
"2026-02-22 23:00:00","2026-02-23 00:00:00",Nederland,Wind,Hour,UTC,Providing,Current,4067913,4067913,0.62287533333333,0,0
"2026-02-23 00:00:00","2026-02-23 01:00:00",Nederland,Wind,Hour,UTC,Providing,Current,4466294,4466291,0.68387233333333,0,0
"2026-02-23 01:00:00","2026-02-23 02:00:00",Nederland,Wind,Hour,UTC,Providing,Current,4479108,4479110,0.68583166666667,0,0
"2026-02-23 02:00:00","2026-02-23 03:00:00",Nederland,Wind,Hour,UTC,Providing,Current,4302988,4302990,0.65886183333333,0,0
"2026-02-23 03:00:00","2026-02-23 04:00:00",Nederland,Wind,Hour,UTC,Providing,Current,4910436,4910436,0.75186916666667,0,0
"2026-02-23 04:00:00","2026-02-23 05:00:00",Nederland,Wind,Hour,UTC,Providing,Current,5391789,5391791,0.825569,0,0
"2026-02-23 05:00:00","2026-02-23 06:00:00",Nederland,Wind,Hour,UTC,Providing,Current,5432458,5432458,0.8317925,0,0
"2026-02-23 06:00:00","2026-02-23 07:00:00",Nederland,Wind,Hour,UTC,Providing,Current,5431603,5431609,0.8316585,0,0
"2026-02-23 07:00:00","2026-02-23 08:00:00",Nederland,Wind,Hour,UTC,Providing,Current,5460096,5460095,0.83601733333333,0,0
"2026-02-23 08:00:00","2026-02-23 09:00:00",Nederland,Wind,Hour,UTC,Providing,Current,5637536,5637538,0.86318233333333,0,0
"2026-02-23 09:00:00","2026-02-23 10:00:00",Nederland,Wind,Hour,UTC,Providing,Current,6030392,6030391,0.92333,0,0
"2026-02-23 10:00:00","2026-02-23 11:00:00",Nederland,Wind,Hour,UTC,Providing,Current,6267934,6267940,0.95969716666667,0,0
"2026-02-23 11:00:00","2026-02-23 12:00:00",Nederland,Wind,Hour,UTC,Providing,Current,6390869,6390871,0.97851566666667,0,0
"2026-02-23 12:00:00","2026-02-23 13:00:00",Nederland,Wind,Hour,UTC,Providing,Current,6409143,6409147,0.9813095,0,0
"2026-02-23 13:00:00","2026-02-23 14:00:00",Nederland,Wind,Hour,UTC,Providing,Current,6438033,6438034,0.98572883333333,0,0
"2026-02-23 14:00:00","2026-02-23 15:00:00",Nederland,Wind,Hour,UTC,Providing,Current,6405449,6405450,0.980736,0,0
"2026-02-23 15:00:00","2026-02-23 16:00:00",Nederland,Wind,Hour,UTC,Providing,Current,6244810,6244808,0.95613633333333,0,0
"2026-02-23 16:00:00","2026-02-23 17:00:00",Nederland,Wind,Hour,UTC,Providing,Current,5903745,5903747,0.90391266666667,0,0
"2026-02-23 17:00:00","2026-02-23 18:00:00",Nederland,Wind,Hour,UTC,Providing,Current,5556678,5556679,0.85076983333333,0,0
"2026-02-23 18:00:00","2026-02-23 19:00:00",Nederland,Wind,Hour,UTC,Providing,Current,4957942,4957942,0.75909583333333,0,0
"2026-02-23 19:00:00","2026-02-23 20:00:00",Nederland,Wind,Hour,UTC,Providing,Current,4365796,4365797,0.66843183333333,0,0
"2026-02-23 20:00:00","2026-02-23 21:00:00",Nederland,Wind,Hour,UTC,Providing,Current,3990468,3990465,0.61096416666667,0,0
"2026-02-23 21:00:00","2026-02-23 22:00:00",Nederland,Wind,Hour,UTC,Providing,Current,2997814,2997809,0.45898083333333,0,0
"2026-02-23 22:00:00","2026-02-23 23:00:00",Nederland,Wind,Hour,UTC,Providing,Current,2215033,2215032,0.33913183333333,0,0
"2026-02-23 23:00:00","2026-02-24 00:00:00",Nederland,Wind,Hour,UTC,Providing,Current,1528735,1528737,0.23405566666667,0,0
"2026-02-24 00:00:00","2026-02-24 01:00:00",Nederland,Wind,Hour,UTC,Providing,Current,845506,845505,0.12945,0,0
"2026-02-24 01:00:00","2026-02-24 02:00:00",Nederland,Wind,Hour,UTC,Providing,Current,502100,502100,0.076872966666667,0,0
"2026-02-24 02:00:00","2026-02-24 03:00:00",Nederland,Wind,Hour,UTC,Providing,Current,289394,289393,0.04430685,0,0
"2026-02-24 03:00:00","2026-02-24 04:00:00",Nederland,Wind,Hour,UTC,Providing,Current,270134,270133,0.041358,0,0
"2026-02-24 04:00:00","2026-02-24 05:00:00",Nederland,Wind,Hour,UTC,Providing,Current,232572,232573,0.035606933333333,0,0
"2026-02-24 05:00:00","2026-02-24 06:00:00",Nederland,Wind,Hour,UTC,Providing,Current,165041,165043,0.025267866666667,0,0
"2026-02-24 06:00:00","2026-02-24 07:00:00",Nederland,Wind,Hour,UTC,Providing,Current,127666,127667,0.019545683333333,0,0
"2026-02-24 07:00:00","2026-02-24 08:00:00",Nederland,Wind,Hour,UTC,Providing,Current,117333,117334,0.017963666666667,0,0
"2026-02-24 08:00:00","2026-02-24 09:00:00",Nederland,Wind,Hour,UTC,Providing,Current,70214,70215,0.010749733333333,0,0
"2026-02-24 09:00:00","2026-02-24 10:00:00",Nederland,Wind,Hour,UTC,Providing,Current,142982,142983,0.021890321666667,0,0
"2026-02-24 10:00:00","2026-02-24 11:00:00",Nederland,Wind,Hour,UTC,Providing,Current,428697,428698,0.065632216666667,0,0
"2026-02-24 11:00:00","2026-02-24 12:00:00",Nederland,Wind,Hour,UTC,Providing,Current,714758,714759,0.10942713333333,0,0
"2026-02-24 12:00:00","2026-02-24 13:00:00",Nederland,Wind,Hour,UTC,Providing,Current,852646,852645,0.13053666666667,0,0
"2026-02-24 13:00:00","2026-02-24 14:00:00",Nederland,Wind,Hour,UTC,Providing,Current,853548,853548,0.13067416666667,0,0
"2026-02-24 14:00:00","2026-02-24 15:00:00",Nederland,Wind,Hour,UTC,Providing,Current,667049,667051,0.10212141666667,0,0
"2026-02-24 15:00:00","2026-02-24 16:00:00",Nederland,Wind,Hour,UTC,Providing,Current,465183,465184,0.071216633333333,0,0
"2026-02-24 16:00:00","2026-02-24 17:00:00",Nederland,Wind,Hour,UTC,Providing,Current,276507,276510,0.042331483333333,0,0
"2026-02-24 17:00:00","2026-02-24 18:00:00",Nederland,Wind,Hour,UTC,Providing,Current,323328,323327,0.049499133333333,0,0
"2026-02-24 18:00:00","2026-02-24 19:00:00",Nederland,Wind,Hour,UTC,Providing,Current,483907,483908,0.074082316666667,0,0
"2026-02-24 19:00:00","2026-02-24 20:00:00",Nederland,Wind,Hour,UTC,Providing,Current,542298,542301,0.083021166666667,0,0
"2026-02-24 20:00:00","2026-02-24 21:00:00",Nederland,Wind,Hour,UTC,Providing,Current,549013,549017,0.084048816666667,0,0
"2026-02-24 21:00:00","2026-02-24 22:00:00",Nederland,Wind,Hour,UTC,Providing,Current,555862,555863,0.0850969,0,0
"2026-02-24 22:00:00","2026-02-24 23:00:00",Nederland,Wind,Hour,UTC,Providing,Current,594653,594655,0.091035083333333,0,0
"2026-02-24 23:00:00","2026-02-25 00:00:00",Nederland,Wind,Hour,UTC,Providing,Current,596537,596541,0.091323116666667,0,0
"2026-02-25 00:00:00","2026-02-25 01:00:00",Nederland,Wind,Hour,UTC,Providing,Current,582017,582017,0.089099966666667,0,0
"2026-02-25 01:00:00","2026-02-25 02:00:00",Nederland,Wind,Hour,UTC,Providing,Current,542219,542219,0.083007033333333,0,0
"2026-02-25 02:00:00","2026-02-25 03:00:00",Nederland,Wind,Hour,UTC,Providing,Current,424437,424440,0.064975816666667,0,0
"2026-02-25 03:00:00","2026-02-25 04:00:00",Nederland,Wind,Hour,UTC,Providing,Current,273250,273253,0.041830816666667,0,0
"2026-02-25 04:00:00","2026-02-25 05:00:00",Nederland,Wind,Hour,UTC,Providing,Current,257011,257013,0.039344666666667,0,0
"2026-02-25 05:00:00","2026-02-25 06:00:00",Nederland,Wind,Hour,UTC,Providing,Current,380320,380322,0.05822135,0,0
"2026-02-25 06:00:00","2026-02-25 07:00:00",Nederland,Wind,Hour,UTC,Providing,Current,480555,480555,0.073565433333333,0,0
"2026-02-25 07:00:00","2026-02-25 08:00:00",Nederland,Wind,Hour,UTC,Providing,Current,549632,549635,0.084139733333333,0,0
"2026-02-25 08:00:00","2026-02-25 09:00:00",Nederland,Wind,Hour,UTC,Providing,Current,873917,873915,0.13378183333333,0,0
"2026-02-25 09:00:00","2026-02-25 10:00:00",Nederland,Wind,Hour,UTC,Providing,Current,1391257,1391259,0.212977,0,0
"2026-02-25 10:00:00","2026-02-25 11:00:00",Nederland,Wind,Hour,UTC,Providing,Current,2017440,2017440,0.30883316666667,0,0
"2026-02-25 11:00:00","2026-02-25 12:00:00",Nederland,Wind,Hour,UTC,Providing,Current,2772587,2772591,0.42443066666667,0,0
"2026-02-25 12:00:00","2026-02-25 13:00:00",Nederland,Wind,Hour,UTC,Providing,Current,3022603,3022607,0.46270166666667,0,0
"2026-02-25 13:00:00","2026-02-25 14:00:00",Nederland,Wind,Hour,UTC,Providing,Current,2775603,2775603,0.42488866666667,0,0
"2026-02-25 14:00:00","2026-02-25 15:00:00",Nederland,Wind,Hour,UTC,Providing,Current,2534749,2534747,0.38801716666667,0,0
"2026-02-25 15:00:00","2026-02-25 16:00:00",Nederland,Wind,Hour,UTC,Providing,Current,2109343,2109341,0.32289516666667,0,0
"2026-02-25 16:00:00","2026-02-25 17:00:00",Nederland,Wind,Hour,UTC,Providing,Current,1285735,1285736,0.19681766666667,0,0
"2026-02-25 17:00:00","2026-02-25 18:00:00",Nederland,Wind,Hour,UTC,Providing,Current,634429,634426,0.097116683333333,0,0
"2026-02-25 18:00:00","2026-02-25 19:00:00",Nederland,Wind,Hour,UTC,Providing,Current,412648,412649,0.063166833333333,0,0
"2026-02-25 19:00:00","2026-02-25 20:00:00",Nederland,Wind,Hour,UTC,Providing,Current,616692,616689,0.094400816666667,0,0
"2026-02-25 20:00:00","2026-02-25 21:00:00",Nederland,Wind,Hour,UTC,Providing,Current,1029138,1029138,0.15753566666667,0,0
"2026-02-25 21:00:00","2026-02-25 22:00:00",Nederland,Wind,Hour,UTC,Providing,Current,1256939,1256936,0.1924055,0,0
"2026-02-25 22:00:00","2026-02-25 23:00:00",Nederland,Wind,Hour,UTC,Providing,Current,1136534,1136532,0.173974,0,0
"2026-02-25 23:00:00","2026-02-26 00:00:00",Nederland,Wind,Hour,UTC,Providing,Current,1245854,1245855,0.1907075,0,0
"2026-02-26 00:00:00","2026-02-26 01:00:00",Nederland,Wind,Hour,UTC,Providing,Current,1344495,1344497,0.20580566666667,0,0
"2026-02-26 01:00:00","2026-02-26 02:00:00",Nederland,Wind,Hour,UTC,Providing,Current,1469031,1469031,0.224868,0,0
"2026-02-26 02:00:00","2026-02-26 03:00:00",Nederland,Wind,Hour,UTC,Providing,Current,1461735,1461737,0.22375033333333,0,0
"2026-02-26 03:00:00","2026-02-26 04:00:00",Nederland,Wind,Hour,UTC,Providing,Current,1354163,1354165,0.20728333333333,0,0
"2026-02-26 04:00:00","2026-02-26 05:00:00",Nederland,Wind,Hour,UTC,Providing,Current,1389109,1389115,0.21263166666667,0,0
"2026-02-26 05:00:00","2026-02-26 06:00:00",Nederland,Wind,Hour,UTC,Providing,Current,1293710,1293707,0.19802783333333,0,0
"2026-02-26 06:00:00","2026-02-26 07:00:00",Nederland,Wind,Hour,UTC,Providing,Current,1214125,1214128,0.185845,0,0
"2026-02-26 07:00:00","2026-02-26 08:00:00",Nederland,Wind,Hour,UTC,Providing,Current,1239967,1239968,0.18979983333333,0,0
"2026-02-26 08:00:00","2026-02-26 09:00:00",Nederland,Wind,Hour,UTC,Providing,Current,1460748,1460747,0.22359366666667,0,0
"2026-02-26 09:00:00","2026-02-26 10:00:00",Nederland,Wind,Hour,UTC,Providing,Current,2361319,2361320,0.3614405,0,0
"2026-02-26 10:00:00","2026-02-26 11:00:00",Nederland,Wind,Hour,UTC,Providing,Current,3311455,3311453,0.50687283333333,0,0
"2026-02-26 11:00:00","2026-02-26 12:00:00",Nederland,Wind,Hour,UTC,Providing,Current,4340152,4340155,0.66432916666667,0,0
"2026-02-26 12:00:00","2026-02-26 13:00:00",Nederland,Wind,Hour,UTC,Providing,Current,4638342,4638342,0.70996916666667,0,0
"2026-02-26 13:00:00","2026-02-26 14:00:00",Nederland,Wind,Hour,UTC,Providing,Current,4731558,4731557,0.72423416666667,0,0
"2026-02-26 14:00:00","2026-02-26 15:00:00",Nederland,Wind,Hour,UTC,Providing,Current,4698227,4698225,0.7191295,0,0
"2026-02-26 15:00:00","2026-02-26 16:00:00",Nederland,Wind,Hour,UTC,Providing,Current,3799277,3799275,0.58153,0,0
"2026-02-26 16:00:00","2026-02-26 17:00:00",Nederland,Wind,Hour,UTC,Providing,Current,3172623,3172626,0.4856105,0,0
"2026-02-26 17:00:00","2026-02-26 18:00:00",Nederland,Wind,Hour,UTC,Providing,Current,3067333,3067333,0.46949233333333,0,0
"2026-02-26 18:00:00","2026-02-26 19:00:00",Nederland,Wind,Hour,UTC,Providing,Current,3863697,3863699,0.59138316666667,0,0
"2026-02-26 19:00:00","2026-02-26 20:00:00",Nederland,Wind,Hour,UTC,Providing,Current,4499479,4499480,0.68869383333333,0,0
"2026-02-26 20:00:00","2026-02-26 21:00:00",Nederland,Wind,Hour,UTC,Providing,Current,4023306,4023305,0.615808,0,0
"2026-02-26 21:00:00","2026-02-26 22:00:00",Nederland,Wind,Hour,UTC,Providing,Current,3486019,3486015,0.53356866666667,0,0
"2026-02-26 22:00:00","2026-02-26 23:00:00",Nederland,Wind,Hour,UTC,Providing,Current,3093024,3093018,0.473415,0,0
"2026-02-26 23:00:00","2026-02-27 00:00:00",Nederland,Wind,Hour,UTC,Providing,Current,3093147,3093149,0.47343166666667,0,0
"2026-02-27 00:00:00","2026-02-27 01:00:00",Nederland,Wind,Hour,UTC,Providing,Current,3414433,3414438,0.522605,0,0
"2026-02-27 01:00:00","2026-02-27 02:00:00",Nederland,Wind,Hour,UTC,Providing,Current,4004813,4004817,0.61296466666667,0,0
"2026-02-27 02:00:00","2026-02-27 03:00:00",Nederland,Wind,Hour,UTC,Providing,Current,4117417,4117417,0.630197,0,0
"2026-02-27 03:00:00","2026-02-27 04:00:00",Nederland,Wind,Hour,UTC,Providing,Current,3704783,3704784,0.56703833333333,0,0
"2026-02-27 04:00:00","2026-02-27 05:00:00",Nederland,Wind,Hour,UTC,Providing,Current,3075197,3075196,0.47067466666667,0,0
"2026-02-27 05:00:00","2026-02-27 06:00:00",Nederland,Wind,Hour,UTC,Providing,Current,2707782,2707779,0.41443816666667,0,0
"2026-02-27 06:00:00","2026-02-27 07:00:00",Nederland,Wind,Hour,UTC,Providing,Current,2621421,2621420,0.40121866666667,0,0
"2026-02-27 07:00:00","2026-02-27 08:00:00",Nederland,Wind,Hour,UTC,Providing,Current,2153596,2153594,0.32961483333333,0,0
"2026-02-27 08:00:00","2026-02-27 09:00:00",Nederland,Wind,Hour,UTC,Providing,Current,2515006,2515007,0.38492816666667,0,0
"2026-02-27 09:00:00","2026-02-27 10:00:00",Nederland,Wind,Hour,UTC,Providing,Current,3287169,3287165,0.5031075,0,0
"2026-02-27 10:00:00","2026-02-27 11:00:00",Nederland,Wind,Hour,UTC,Providing,Current,4315844,4315843,0.66054533333333,0,0
"2026-02-27 11:00:00","2026-02-27 12:00:00",Nederland,Wind,Hour,UTC,Providing,Current,4849719,4849723,0.74225283333333,0,0
"2026-02-27 12:00:00","2026-02-27 13:00:00",Nederland,Wind,Hour,UTC,Providing,Current,4225637,4225635,0.64673366666667,0,0
"2026-02-27 13:00:00","2026-02-27 14:00:00",Nederland,Wind,Hour,UTC,Providing,Current,3339450,3339448,0.51110083333333,0,0
"2026-02-27 14:00:00","2026-02-27 15:00:00",Nederland,Wind,Hour,UTC,Providing,Current,2991479,2991479,0.45784216666667,0,0
"2026-02-27 15:00:00","2026-02-27 16:00:00",Nederland,Wind,Hour,UTC,Providing,Current,2579178,2579179,0.39473833333333,0,0
"2026-02-27 16:00:00","2026-02-27 17:00:00",Nederland,Wind,Hour,UTC,Providing,Current,1915434,1915437,0.2931525,0,0
"2026-02-27 17:00:00","2026-02-27 18:00:00",Nederland,Wind,Hour,UTC,Providing,Current,2030202,2030202,0.310716,0,0
"2026-02-27 18:00:00","2026-02-27 19:00:00",Nederland,Wind,Hour,UTC,Providing,Current,2312430,2312425,0.3539085,0,0
"2026-02-27 19:00:00","2026-02-27 20:00:00",Nederland,Wind,Hour,UTC,Providing,Current,2154328,2154328,0.32971033333333,0,0
"2026-02-27 20:00:00","2026-02-27 21:00:00",Nederland,Wind,Hour,UTC,Providing,Current,1995349,1995347,0.305378,0,0
"2026-02-27 21:00:00","2026-02-27 22:00:00",Nederland,Wind,Hour,UTC,Providing,Current,1865770,1865771,0.28554566666667,0,0
"2026-02-27 22:00:00","2026-02-27 23:00:00",Nederland,Wind,Hour,UTC,Providing,Current,1861880,1861879,0.28494916666667,0,0
"2026-02-27 23:00:00","2026-02-28 00:00:00",Nederland,Wind,Hour,UTC,Providing,Current,1754071,1754075,0.2684485,0,0
"2026-02-28 00:00:00","2026-02-28 01:00:00",Nederland,Wind,Hour,UTC,Providing,Current,1738897,1738898,0.26612516666667,0,0
"2026-02-28 01:00:00","2026-02-28 02:00:00",Nederland,Wind,Hour,UTC,Providing,Current,1887129,1887128,0.28880983333333,0,0
"2026-02-28 02:00:00","2026-02-28 03:00:00",Nederland,Wind,Hour,UTC,Providing,Current,2057237,2057239,0.31484183333333,0,0
"2026-02-28 03:00:00","2026-02-28 04:00:00",Nederland,Wind,Hour,UTC,Providing,Current,2325180,2325181,0.35584683333333,0,0
"2026-02-28 04:00:00","2026-02-28 05:00:00",Nederland,Wind,Hour,UTC,Providing,Current,2698977,2698973,0.41305133333333,0,0
"2026-02-28 05:00:00","2026-02-28 06:00:00",Nederland,Wind,Hour,UTC,Providing,Current,3157431,3157433,0.48321116666667,0,0
"2026-02-28 06:00:00","2026-02-28 07:00:00",Nederland,Wind,Hour,UTC,Providing,Current,3677516,3677514,0.562802,0,0
"2026-02-28 07:00:00","2026-02-28 08:00:00",Nederland,Wind,Hour,UTC,Providing,Current,3878761,3878761,0.59359766666667,0,0
"2026-02-28 08:00:00","2026-02-28 09:00:00",Nederland,Wind,Hour,UTC,Providing,Current,4312308,4312307,0.659944,0,0
"2026-02-28 09:00:00","2026-02-28 10:00:00",Nederland,Wind,Hour,UTC,Providing,Current,5070765,5070766,0.77601333333333,0,0
"2026-02-28 10:00:00","2026-02-28 11:00:00",Nederland,Wind,Hour,UTC,Providing,Current,5866843,5866847,0.89783866666667,0,0
"2026-02-28 11:00:00","2026-02-28 12:00:00",Nederland,Wind,Hour,UTC,Providing,Current,6286300,6286300,0.962027,0,0
"2026-02-28 12:00:00","2026-02-28 13:00:00",Nederland,Wind,Hour,UTC,Providing,Current,6416687,6416686,0.9819765,0,0
"2026-02-28 13:00:00","2026-02-28 14:00:00",Nederland,Wind,Hour,UTC,Providing,Current,6435668,6435668,0.98487733333333,0,0
"2026-02-28 14:00:00","2026-02-28 15:00:00",Nederland,Wind,Hour,UTC,Providing,Current,6509699,6509703,0.99620216666667,0,0
"2026-02-28 15:00:00","2026-02-28 16:00:00",Nederland,Wind,Hour,UTC,Providing,Current,6509625,6509628,0.996187,0,0
"2026-02-28 16:00:00","2026-02-28 17:00:00",Nederland,Wind,Hour,UTC,Providing,Current,6443326,6443323,0.986037,0,0
"2026-02-28 17:00:00","2026-02-28 18:00:00",Nederland,Wind,Hour,UTC,Providing,Current,6242673,6242673,0.95532666666667,0,0
"2026-02-28 18:00:00","2026-02-28 19:00:00",Nederland,Wind,Hour,UTC,Providing,Current,5703646,5703649,0.872835,0,0
"2026-02-28 19:00:00","2026-02-28 20:00:00",Nederland,Wind,Hour,UTC,Providing,Current,5068551,5068550,0.7756425,0,0
"2026-02-28 20:00:00","2026-02-28 21:00:00",Nederland,Wind,Hour,UTC,Providing,Current,4015253,4015255,0.61445316666667,0,0
"2026-02-28 21:00:00","2026-02-28 22:00:00",Nederland,Wind,Hour,UTC,Providing,Current,2648412,2648412,0.40528433333333,0,0
"2026-02-28 22:00:00","2026-02-28 23:00:00",Nederland,Wind,Hour,UTC,Providing,Current,1900933,1900937,0.290897,0,0
"2026-02-28 23:00:00","2026-03-01 00:00:00",Nederland,Wind,Hour,UTC,Providing,Current,1392666,1392663,0.21311666666667,0,0
"2026-03-01 00:00:00","2026-03-01 01:00:00",Nederland,Wind,Hour,UTC,Providing,Current,1123717,1123709,0.1719595,0,0
"2026-03-01 01:00:00","2026-03-01 02:00:00",Nederland,Wind,Hour,UTC,Providing,Current,1251134,1251136,0.19145666666667,0,0
"2026-03-01 02:00:00","2026-03-01 03:00:00",Nederland,Wind,Hour,UTC,Providing,Current,1256270,1256271,0.192242,0,0
"2026-03-01 03:00:00","2026-03-01 04:00:00",Nederland,Wind,Hour,UTC,Providing,Current,1152477,1152481,0.17635816666667,0,0
"2026-03-01 04:00:00","2026-03-01 05:00:00",Nederland,Wind,Hour,UTC,Providing,Current,1197222,1197225,0.18320466666667,0,0
"2026-03-01 05:00:00","2026-03-01 06:00:00",Nederland,Wind,Hour,UTC,Providing,Current,1183245,1183247,0.181065,0,0
"2026-03-01 06:00:00","2026-03-01 07:00:00",Nederland,Wind,Hour,UTC,Providing,Current,1167705,1167705,0.17868633333333,0,0
"2026-03-01 07:00:00","2026-03-01 08:00:00",Nederland,Wind,Hour,UTC,Providing,Current,1366902,1366902,0.20916733333333,0,0
"2026-03-01 08:00:00","2026-03-01 09:00:00",Nederland,Wind,Hour,UTC,Providing,Current,2023065,2023063,0.30957366666667,0,0
"2026-03-01 09:00:00","2026-03-01 10:00:00",Nederland,Wind,Hour,UTC,Providing,Current,2837683,2837686,0.43422666666667,0,0
"2026-03-01 10:00:00","2026-03-01 11:00:00",Nederland,Wind,Hour,UTC,Providing,Current,4025606,4025609,0.61600166666667,0,0
"2026-03-01 11:00:00","2026-03-01 12:00:00",Nederland,Wind,Hour,UTC,Providing,Current,5212589,5212588,0.7976315,0,0
"2026-03-01 12:00:00","2026-03-01 13:00:00",Nederland,Wind,Hour,UTC,Providing,Current,6164872,6164872,0.94334616666667,0,0
"2026-03-01 13:00:00","2026-03-01 14:00:00",Nederland,Wind,Hour,UTC,Providing,Current,6283948,6283945,0.961563,0,0
"2026-03-01 14:00:00","2026-03-01 15:00:00",Nederland,Wind,Hour,UTC,Providing,Current,6112617,6112619,0.9353425,0,0
"2026-03-01 15:00:00","2026-03-01 16:00:00",Nederland,Wind,Hour,UTC,Providing,Current,5698920,5698924,0.87203583333333,0,0
"2026-03-01 16:00:00","2026-03-01 17:00:00",Nederland,Wind,Hour,UTC,Providing,Current,5011189,5011192,0.7667975,0,0
"2026-03-01 17:00:00","2026-03-01 18:00:00",Nederland,Wind,Hour,UTC,Providing,Current,3972597,3972602,0.60787283333333,0,0
"2026-03-01 18:00:00","2026-03-01 19:00:00",Nederland,Wind,Hour,UTC,Providing,Current,3610053,3610050,0.5523955,0,0
"2026-03-01 19:00:00","2026-03-01 20:00:00",Nederland,Wind,Hour,UTC,Providing,Current,3980730,3980730,0.60911216666667,0,0
"2026-03-01 20:00:00","2026-03-01 21:00:00",Nederland,Wind,Hour,UTC,Providing,Current,4010077,4010078,0.61360033333333,0,0
"2026-03-01 21:00:00","2026-03-01 22:00:00",Nederland,Wind,Hour,UTC,Providing,Current,3851988,3851986,0.589408,0,0
"2026-03-01 22:00:00","2026-03-01 23:00:00",Nederland,Wind,Hour,UTC,Providing,Current,3127522,3127524,0.4785525,0,0
"2026-03-01 23:00:00","2026-03-02 00:00:00",Nederland,Wind,Hour,UTC,Providing,Current,2460542,2460537,0.376494,0,0
"2026-03-02 00:00:00","2026-03-02 01:00:00",Nederland,Wind,Hour,UTC,Providing,Current,1743945,1743943,0.26684483333333,0,0
"2026-03-02 01:00:00","2026-03-02 02:00:00",Nederland,Wind,Hour,UTC,Providing,Current,1429819,1429817,0.21877866666667,0,0
"2026-03-02 02:00:00","2026-03-02 03:00:00",Nederland,Wind,Hour,UTC,Providing,Current,1117874,1117867,0.17104683333333,0,0
"2026-03-02 03:00:00","2026-03-02 04:00:00",Nederland,Wind,Hour,UTC,Providing,Current,1203200,1203197,0.184102,0,0
"2026-03-02 04:00:00","2026-03-02 05:00:00",Nederland,Wind,Hour,UTC,Providing,Current,1304692,1304695,0.19963016666667,0,0
"2026-03-02 05:00:00","2026-03-02 06:00:00",Nederland,Wind,Hour,UTC,Providing,Current,1572213,1572215,0.24056233333333,0,0
"2026-03-02 06:00:00","2026-03-02 07:00:00",Nederland,Wind,Hour,UTC,Providing,Current,1598684,1598681,0.24461183333333,0,0
"2026-03-02 07:00:00","2026-03-02 08:00:00",Nederland,Wind,Hour,UTC,Providing,Current,2019579,2019577,0.30901083333333,0,0
"2026-03-02 08:00:00","2026-03-02 09:00:00",Nederland,Wind,Hour,UTC,Providing,Current,2273099,2273100,0.34780016666667,0,0
"2026-03-02 09:00:00","2026-03-02 10:00:00",Nederland,Wind,Hour,UTC,Providing,Current,2444243,2444244,0.3739845,0,0
"2026-03-02 10:00:00","2026-03-02 11:00:00",Nederland,Wind,Hour,UTC,Providing,Current,2593511,2593513,0.39682183333333,0,0
"2026-03-02 11:00:00","2026-03-02 12:00:00",Nederland,Wind,Hour,UTC,Providing,Current,2850276,2850280,0.43610666666667,0,0
"2026-03-02 12:00:00","2026-03-02 13:00:00",Nederland,Wind,Hour,UTC,Providing,Current,3073244,3073245,0.47021966666667,0,0
"2026-03-02 13:00:00","2026-03-02 14:00:00",Nederland,Wind,Hour,UTC,Providing,Current,3661790,3661791,0.560268,0,0
"2026-03-02 14:00:00","2026-03-02 15:00:00",Nederland,Wind,Hour,UTC,Providing,Current,3572142,3572142,0.546549,0,0
"2026-03-02 15:00:00","2026-03-02 16:00:00",Nederland,Wind,Hour,UTC,Providing,Current,2846146,2846148,0.4354675,0,0
"2026-03-02 16:00:00","2026-03-02 17:00:00",Nederland,Wind,Hour,UTC,Providing,Current,1572677,1572684,0.24062266666667,0,0
"2026-03-02 17:00:00","2026-03-02 18:00:00",Nederland,Wind,Hour,UTC,Providing,Current,559355,559357,0.08558195,0,0
"2026-03-02 18:00:00","2026-03-02 19:00:00",Nederland,Wind,Hour,UTC,Providing,Current,273825,273827,0.041895433333333,0,0
"2026-03-02 19:00:00","2026-03-02 20:00:00",Nederland,Wind,Hour,UTC,Providing,Current,199371,199373,0.030503816666667,0,0
"2026-03-02 20:00:00","2026-03-02 21:00:00",Nederland,Wind,Hour,UTC,Providing,Current,203440,203444,0.03112625,0,0
"2026-03-02 21:00:00","2026-03-02 22:00:00",Nederland,Wind,Hour,UTC,Providing,Current,324273,324275,0.049613416666667,0,0
"2026-03-02 22:00:00","2026-03-02 23:00:00",Nederland,Wind,Hour,UTC,Providing,Current,352328,352328,0.053905516666667,0,0
"2026-03-02 23:00:00","2026-03-03 00:00:00",Nederland,Wind,Hour,UTC,Providing,Current,163648,163650,0.02503775,0,0
"2026-03-03 00:00:00","2026-03-03 01:00:00",Nederland,Wind,Hour,UTC,Providing,Current,137880,137880,0.021095266666667,0,0
"2026-03-03 01:00:00","2026-03-03 02:00:00",Nederland,Wind,Hour,UTC,Providing,Current,137904,137904,0.021098816666667,0,0
"2026-03-03 02:00:00","2026-03-03 03:00:00",Nederland,Wind,Hour,UTC,Providing,Current,142020,142018,0.02172845,0,0
"2026-03-03 03:00:00","2026-03-03 04:00:00",Nederland,Wind,Hour,UTC,Providing,Current,123538,123538,0.018900833333333,0,0
"2026-03-03 04:00:00","2026-03-03 05:00:00",Nederland,Wind,Hour,UTC,Providing,Current,113277,113275,0.017330733333333,0,0
"2026-03-03 05:00:00","2026-03-03 06:00:00",Nederland,Wind,Hour,UTC,Providing,Current,67864,67864,0.010382805,0,0
"2026-03-03 06:00:00","2026-03-03 07:00:00",Nederland,Wind,Hour,UTC,Providing,Current,25822,25821,0.0039505866666667,0,0
"2026-03-03 07:00:00","2026-03-03 08:00:00",Nederland,Wind,Hour,UTC,Providing,Current,26692,26692,0.0040837233333333,0,0
"2026-03-03 08:00:00","2026-03-03 09:00:00",Nederland,Wind,Hour,UTC,Providing,Current,32582,32583,0.0049848533333333,0,0
"2026-03-03 09:00:00","2026-03-03 10:00:00",Nederland,Wind,Hour,UTC,Providing,Current,24659,24660,0.0037727366666667,0,0
"2026-03-03 10:00:00","2026-03-03 11:00:00",Nederland,Wind,Hour,UTC,Providing,Current,55524,55525,0.008494635,0,0
"2026-03-03 11:00:00","2026-03-03 12:00:00",Nederland,Wind,Hour,UTC,Providing,Current,218372,218372,0.033408683333333,0,0
"2026-03-03 12:00:00","2026-03-03 13:00:00",Nederland,Wind,Hour,UTC,Providing,Current,439724,439724,0.067273116666667,0,0
"2026-03-03 13:00:00","2026-03-03 14:00:00",Nederland,Wind,Hour,UTC,Providing,Current,935507,935504,0.143122,0,0
"2026-03-03 14:00:00","2026-03-03 15:00:00",Nederland,Wind,Hour,UTC,Providing,Current,1131533,1131534,0.17311083333333,0,0
"2026-03-03 15:00:00","2026-03-03 16:00:00",Nederland,Wind,Hour,UTC,Providing,Current,1430622,1430622,0.21886716666667,0,0
"2026-03-03 16:00:00","2026-03-03 17:00:00",Nederland,Wind,Hour,UTC,Providing,Current,1408595,1408597,0.2154965,0,0
"2026-03-03 17:00:00","2026-03-03 18:00:00",Nederland,Wind,Hour,UTC,Providing,Current,1058385,1058386,0.161918,0,0
"2026-03-03 18:00:00","2026-03-03 19:00:00",Nederland,Wind,Hour,UTC,Providing,Current,968621,968618,0.14818516666667,0,0
"2026-03-03 19:00:00","2026-03-03 20:00:00",Nederland,Wind,Hour,UTC,Providing,Current,1181051,1181053,0.180683,0,0
"2026-03-03 20:00:00","2026-03-03 21:00:00",Nederland,Wind,Hour,UTC,Providing,Current,1209178,1209177,0.184985,0,0
"2026-03-03 21:00:00","2026-03-03 22:00:00",Nederland,Wind,Hour,UTC,Providing,Current,1108356,1108359,0.16956033333333,0,0
"2026-03-03 22:00:00","2026-03-03 23:00:00",Nederland,Wind,Hour,UTC,Providing,Current,1033050,1033053,0.158039,0,0
"2026-03-03 23:00:00","2026-03-04 00:00:00",Nederland,Wind,Hour,UTC,Providing,Current,881376,881374,0.134835,0,0
"2026-03-04 00:00:00","2026-03-04 01:00:00",Nederland,Wind,Hour,UTC,Providing,Current,696173,696177,0.10650188333333,0,0
"2026-03-04 01:00:00","2026-03-04 02:00:00",Nederland,Wind,Hour,UTC,Providing,Current,562607,562606,0.0860683,0,0
"2026-03-04 02:00:00","2026-03-04 03:00:00",Nederland,Wind,Hour,UTC,Providing,Current,502386,502383,0.076855266666667,0,0
"2026-03-04 03:00:00","2026-03-04 04:00:00",Nederland,Wind,Hour,UTC,Providing,Current,360938,360936,0.0552162,0,0
"2026-03-04 04:00:00","2026-03-04 05:00:00",Nederland,Wind,Hour,UTC,Providing,Current,331341,331341,0.0506883,0,0
"2026-03-04 05:00:00","2026-03-04 06:00:00",Nederland,Wind,Hour,UTC,Providing,Current,415185,415186,0.0635145,0,0
"2026-03-04 06:00:00","2026-03-04 07:00:00",Nederland,Wind,Hour,UTC,Providing,Current,495609,495613,0.0758173,0,0
"2026-03-04 07:00:00","2026-03-04 08:00:00",Nederland,Wind,Hour,UTC,Providing,Current,496207,496210,0.0759084,0,0
"2026-03-04 08:00:00","2026-03-04 09:00:00",Nederland,Wind,Hour,UTC,Providing,Current,633512,633512,0.096912366666667,0,0
"2026-03-04 09:00:00","2026-03-04 10:00:00",Nederland,Wind,Hour,UTC,Providing,Current,820039,820040,0.12544633333333,0,0
"2026-03-04 10:00:00","2026-03-04 11:00:00",Nederland,Wind,Hour,UTC,Providing,Current,725220,725220,0.11094096666667,0,0
"2026-03-04 11:00:00","2026-03-04 12:00:00",Nederland,Wind,Hour,UTC,Providing,Current,481231,481232,0.073616233333333,0,0
"2026-03-04 12:00:00","2026-03-04 13:00:00",Nederland,Wind,Hour,UTC,Providing,Current,430338,430337,0.06583055,0,0
"2026-03-04 13:00:00","2026-03-04 14:00:00",Nederland,Wind,Hour,UTC,Providing,Current,452670,452669,0.069246516666667,0,0
"2026-03-04 14:00:00","2026-03-04 15:00:00",Nederland,Wind,Hour,UTC,Providing,Current,464123,464122,0.07099825,0,0
"2026-03-04 15:00:00","2026-03-04 16:00:00",Nederland,Wind,Hour,UTC,Providing,Current,415712,415717,0.06359245,0,0
"2026-03-04 16:00:00","2026-03-04 17:00:00",Nederland,Wind,Hour,UTC,Providing,Current,408335,408338,0.0624637,0,0
"2026-03-04 17:00:00","2026-03-04 18:00:00",Nederland,Wind,Hour,UTC,Providing,Current,298050,298052,0.04559305,0,0
"2026-03-04 18:00:00","2026-03-04 19:00:00",Nederland,Wind,Hour,UTC,Providing,Current,239423,239427,0.0366247,0,0
"2026-03-04 19:00:00","2026-03-04 20:00:00",Nederland,Wind,Hour,UTC,Providing,Current,244231,244231,0.0373599,0,0
"2026-03-04 20:00:00","2026-03-04 21:00:00",Nederland,Wind,Hour,UTC,Providing,Current,253861,253859,0.0388329,0,0
"2026-03-04 21:00:00","2026-03-04 22:00:00",Nederland,Wind,Hour,UTC,Providing,Current,301193,301191,0.046073116666667,0,0
"2026-03-04 22:00:00","2026-03-04 23:00:00",Nederland,Wind,Hour,UTC,Providing,Current,291530,291532,0.04459475,0,0
"2026-03-04 23:00:00","2026-03-05 00:00:00",Nederland,Wind,Hour,UTC,Providing,Current,330785,330786,0.05059935,0,0
"2026-03-05 00:00:00","2026-03-05 01:00:00",Nederland,Wind,Hour,UTC,Providing,Current,296584,296585,0.0453674,0,0
"2026-03-05 01:00:00","2026-03-05 02:00:00",Nederland,Wind,Hour,UTC,Providing,Current,328088,328090,0.050186366666667,0,0
"2026-03-05 02:00:00","2026-03-05 03:00:00",Nederland,Wind,Hour,UTC,Providing,Current,259039,259041,0.0396241,0,0
"2026-03-05 03:00:00","2026-03-05 04:00:00",Nederland,Wind,Hour,UTC,Providing,Current,267714,267718,0.0409508,0,0
"2026-03-05 04:00:00","2026-03-05 05:00:00",Nederland,Wind,Hour,UTC,Providing,Current,304071,304072,0.0465119,0,0
"2026-03-05 05:00:00","2026-03-05 06:00:00",Nederland,Wind,Hour,UTC,Providing,Current,352589,352591,0.0539332,0,0
"2026-03-05 06:00:00","2026-03-05 07:00:00",Nederland,Wind,Hour,UTC,Providing,Current,460355,460358,0.0704172,0,0
"2026-03-05 07:00:00","2026-03-05 08:00:00",Nederland,Wind,Hour,UTC,Providing,Current,485431,485434,0.074252566666667,0,0
"2026-03-05 08:00:00","2026-03-05 09:00:00",Nederland,Wind,Hour,UTC,Providing,Current,632605,632602,0.096764333333333,0,0
"2026-03-05 09:00:00","2026-03-05 10:00:00",Nederland,Wind,Hour,UTC,Providing,Current,1125732,1125733,0.17219283333333,0,0
"2026-03-05 10:00:00","2026-03-05 11:00:00",Nederland,Wind,Hour,UTC,Providing,Current,1636616,1636618,0.25033716666667,0,0
"2026-03-05 11:00:00","2026-03-05 12:00:00",Nederland,Wind,Hour,UTC,Providing,Current,1996259,1996259,0.3053465,0,0
"2026-03-05 12:00:00","2026-03-05 13:00:00",Nederland,Wind,Hour,UTC,Providing,Current,2262955,2262959,0.34613916666667,0,0
"2026-03-05 13:00:00","2026-03-05 14:00:00",Nederland,Wind,Hour,UTC,Providing,Current,2229867,2229869,0.3410765,0,0
"2026-03-05 14:00:00","2026-03-05 15:00:00",Nederland,Wind,Hour,UTC,Providing,Current,2191010,2191014,0.33513166666667,0,0
"2026-03-05 15:00:00","2026-03-05 16:00:00",Nederland,Wind,Hour,UTC,Providing,Current,1985505,1985506,0.303697,0,0
"2026-03-05 16:00:00","2026-03-05 17:00:00",Nederland,Wind,Hour,UTC,Providing,Current,1292336,1292336,0.197671,0,0
"2026-03-05 17:00:00","2026-03-05 18:00:00",Nederland,Wind,Hour,UTC,Providing,Current,576098,576098,0.088117616666667,0,0
"2026-03-05 18:00:00","2026-03-05 19:00:00",Nederland,Wind,Hour,UTC,Providing,Current,388897,388895,0.059483816666667,0,0
"2026-03-05 19:00:00","2026-03-05 20:00:00",Nederland,Wind,Hour,UTC,Providing,Current,325006,325005,0.049711183333333,0,0
"2026-03-05 20:00:00","2026-03-05 21:00:00",Nederland,Wind,Hour,UTC,Providing,Current,333679,333677,0.051037466666667,0,0
"2026-03-05 21:00:00","2026-03-05 22:00:00",Nederland,Wind,Hour,UTC,Providing,Current,299872,299871,0.0458665,0,0
"2026-03-05 22:00:00","2026-03-05 23:00:00",Nederland,Wind,Hour,UTC,Providing,Current,231703,231704,0.035439566666667,0,0
"2026-03-05 23:00:00","2026-03-06 00:00:00",Nederland,Wind,Hour,UTC,Providing,Current,155362,155362,0.023763033333333,0,0
"2026-03-06 00:00:00","2026-03-06 01:00:00",Nederland,Wind,Hour,UTC,Providing,Current,58277,58277,0.00891362,0,0
"2026-03-06 01:00:00","2026-03-06 02:00:00",Nederland,Wind,Hour,UTC,Providing,Current,89610,89610,0.013705916666667,0,0
"2026-03-06 02:00:00","2026-03-06 03:00:00",Nederland,Wind,Hour,UTC,Providing,Current,99291,99292,0.015186666666667,0,0
"2026-03-06 03:00:00","2026-03-06 04:00:00",Nederland,Wind,Hour,UTC,Providing,Current,87025,87027,0.013310483333333,0,0
"2026-03-06 04:00:00","2026-03-06 05:00:00",Nederland,Wind,Hour,UTC,Providing,Current,86982,86982,0.013303916666667,0,0
"2026-03-06 05:00:00","2026-03-06 06:00:00",Nederland,Wind,Hour,UTC,Providing,Current,66108,66108,0.010111175,0,0
"2026-03-06 06:00:00","2026-03-06 07:00:00",Nederland,Wind,Hour,UTC,Providing,Current,54116,54117,0.0082769066666667,0,0
"2026-03-06 07:00:00","2026-03-06 08:00:00",Nederland,Wind,Hour,UTC,Providing,Current,45877,45877,0.0070167916666667,0,0
"2026-03-06 08:00:00","2026-03-06 09:00:00",Nederland,Wind,Hour,UTC,Providing,Current,39529,39527,0.00604581,0,0
"2026-03-06 09:00:00","2026-03-06 10:00:00",Nederland,Wind,Hour,UTC,Providing,Current,56418,56419,0.00862896,0,0
"2026-03-06 10:00:00","2026-03-06 11:00:00",Nederland,Wind,Hour,UTC,Providing,Current,112916,112914,0.017269916666667,0,0
"2026-03-06 11:00:00","2026-03-06 12:00:00",Nederland,Wind,Hour,UTC,Providing,Current,111045,111046,0.016983816666667,0,0
"2026-03-06 12:00:00","2026-03-06 13:00:00",Nederland,Wind,Hour,UTC,Providing,Current,150010,150009,0.02294315,0,0
"2026-03-06 13:00:00","2026-03-06 14:00:00",Nederland,Wind,Hour,UTC,Providing,Current,95663,95664,0.0146311,0,0
"2026-03-06 14:00:00","2026-03-06 15:00:00",Nederland,Wind,Hour,UTC,Providing,Current,140307,140308,0.021458933333333,0,0
"2026-03-06 15:00:00","2026-03-06 16:00:00",Nederland,Wind,Hour,UTC,Providing,Current,36219,36220,0.0055394216666667,0,0
"2026-03-06 16:00:00","2026-03-06 17:00:00",Nederland,Wind,Hour,UTC,Providing,Current,45117,45117,0.006900365,0,0
"2026-03-06 17:00:00","2026-03-06 18:00:00",Nederland,Wind,Hour,UTC,Providing,Current,0,0,0,0,0
"2026-03-06 18:00:00","2026-03-06 19:00:00",Nederland,Wind,Hour,UTC,Providing,Current,9388,9388,0.0014359016666667,0,0
"2026-03-06 19:00:00","2026-03-06 20:00:00",Nederland,Wind,Hour,UTC,Providing,Current,21162,21162,0.00323655,0,0
"2026-03-06 20:00:00","2026-03-06 21:00:00",Nederland,Wind,Hour,UTC,Providing,Current,34194,34195,0.005229605,0,0
"2026-03-06 21:00:00","2026-03-06 22:00:00",Nederland,Wind,Hour,UTC,Providing,Current,74279,74279,0.011360228333333,0,0
"2026-03-06 22:00:00","2026-03-06 23:00:00",Nederland,Wind,Hour,UTC,Providing,Current,88637,88638,0.013555916666667,0,0
"2026-03-06 23:00:00","2026-03-07 00:00:00",Nederland,Wind,Hour,UTC,Providing,Current,71979,71977,0.0110083,0,0
"2026-03-07 00:00:00","2026-03-07 01:00:00",Nederland,Wind,Hour,UTC,Providing,Current,90928,90932,0.013906316666667,0,0
"2026-03-07 01:00:00","2026-03-07 02:00:00",Nederland,Wind,Hour,UTC,Providing,Current,64714,64714,0.00989713,0,0
"2026-03-07 02:00:00","2026-03-07 03:00:00",Nederland,Wind,Hour,UTC,Providing,Current,69680,69681,0.010656583333333,0,0
"2026-03-07 03:00:00","2026-03-07 04:00:00",Nederland,Wind,Hour,UTC,Providing,Current,93238,93238,0.014259283333333,0,0
"2026-03-07 04:00:00","2026-03-07 05:00:00",Nederland,Wind,Hour,UTC,Providing,Current,80885,80884,0.01237003,0,0
"2026-03-07 05:00:00","2026-03-07 06:00:00",Nederland,Wind,Hour,UTC,Providing,Current,159510,159511,0.024394433333333,0,0
"2026-03-07 06:00:00","2026-03-07 07:00:00",Nederland,Wind,Hour,UTC,Providing,Current,197122,197125,0.03014635,0,0
"2026-03-07 07:00:00","2026-03-07 08:00:00",Nederland,Wind,Hour,UTC,Providing,Current,336382,336381,0.05144345,0,0
"2026-03-07 08:00:00","2026-03-07 09:00:00",Nederland,Wind,Hour,UTC,Providing,Current,465182,465179,0.071140783333333,0,0
"2026-03-07 09:00:00","2026-03-07 10:00:00",Nederland,Wind,Hour,UTC,Providing,Current,526346,526346,0.080494433333333,0,0
"2026-03-07 10:00:00","2026-03-07 11:00:00",Nederland,Wind,Hour,UTC,Providing,Current,515901,515903,0.078896716666667,0,0
"2026-03-07 11:00:00","2026-03-07 12:00:00",Nederland,Wind,Hour,UTC,Providing,Current,420685,420687,0.064335116666667,0,0
"2026-03-07 12:00:00","2026-03-07 13:00:00",Nederland,Wind,Hour,UTC,Providing,Current,394292,394294,0.0602986,0,0
"2026-03-07 13:00:00","2026-03-07 14:00:00",Nederland,Wind,Hour,UTC,Providing,Current,484444,484447,0.074085083333333,0,0
"2026-03-07 14:00:00","2026-03-07 15:00:00",Nederland,Wind,Hour,UTC,Providing,Current,628197,628195,0.0960684,0,0
"2026-03-07 15:00:00","2026-03-07 16:00:00",Nederland,Wind,Hour,UTC,Providing,Current,857649,857647,0.13115733333333,0,0
"2026-03-07 16:00:00","2026-03-07 17:00:00",Nederland,Wind,Hour,UTC,Providing,Current,865054,865057,0.13228916666667,0,0
"2026-03-07 17:00:00","2026-03-07 18:00:00",Nederland,Wind,Hour,UTC,Providing,Current,736640,736643,0.11265083333333,0,0
"2026-03-07 18:00:00","2026-03-07 19:00:00",Nederland,Wind,Hour,UTC,Providing,Current,605641,605642,0.092617583333333,0,0
"2026-03-07 19:00:00","2026-03-07 20:00:00",Nederland,Wind,Hour,UTC,Providing,Current,514526,514526,0.078683483333333,0,0
"2026-03-07 20:00:00","2026-03-07 21:00:00",Nederland,Wind,Hour,UTC,Providing,Current,585155,585156,0.089483933333333,0,0
"2026-03-07 21:00:00","2026-03-07 22:00:00",Nederland,Wind,Hour,UTC,Providing,Current,542974,542972,0.0830331,0,0
"2026-03-07 22:00:00","2026-03-07 23:00:00",Nederland,Wind,Hour,UTC,Providing,Current,528806,528808,0.080866233333333,0,0
"2026-03-07 23:00:00","2026-03-08 00:00:00",Nederland,Wind,Hour,UTC,Providing,Current,607455,607460,0.09289295,0,0
"2026-03-08 00:00:00","2026-03-08 01:00:00",Nederland,Wind,Hour,UTC,Providing,Current,711492,711491,0.10880181666667,0,0
"2026-03-08 01:00:00","2026-03-08 02:00:00",Nederland,Wind,Hour,UTC,Providing,Current,754555,754553,0.11538683333333,0,0
"2026-03-08 02:00:00","2026-03-08 03:00:00",Nederland,Wind,Hour,UTC,Providing,Current,708881,708883,0.108402,0,0
"2026-03-08 03:00:00","2026-03-08 04:00:00",Nederland,Wind,Hour,UTC,Providing,Current,642288,642287,0.098218066666667,0,0
"2026-03-08 04:00:00","2026-03-08 05:00:00",Nederland,Wind,Hour,UTC,Providing,Current,557348,557348,0.085228833333333,0,0
"2026-03-08 05:00:00","2026-03-08 06:00:00",Nederland,Wind,Hour,UTC,Providing,Current,515948,515948,0.078897683333333,0,0
"2026-03-08 06:00:00","2026-03-08 07:00:00",Nederland,Wind,Hour,UTC,Providing,Current,493833,493832,0.07551555,0,0
"2026-03-08 07:00:00","2026-03-08 08:00:00",Nederland,Wind,Hour,UTC,Providing,Current,482461,482458,0.07377635,0,0
"2026-03-08 08:00:00","2026-03-08 09:00:00",Nederland,Wind,Hour,UTC,Providing,Current,469496,469496,0.071793416666667,0,0
"2026-03-08 09:00:00","2026-03-08 10:00:00",Nederland,Wind,Hour,UTC,Providing,Current,293540,293539,0.044886783333333,0,0
"2026-03-08 10:00:00","2026-03-08 11:00:00",Nederland,Wind,Hour,UTC,Providing,Current,255290,255291,0.039037616666667,0,0
"2026-03-08 11:00:00","2026-03-08 12:00:00",Nederland,Wind,Hour,UTC,Providing,Current,224004,224006,0.034253416666667,0,0
"2026-03-08 12:00:00","2026-03-08 13:00:00",Nederland,Wind,Hour,UTC,Providing,Current,162807,162805,0.0248955,0,0
"2026-03-08 13:00:00","2026-03-08 14:00:00",Nederland,Wind,Hour,UTC,Providing,Current,126211,126210,0.019299283333333,0,0
"2026-03-08 14:00:00","2026-03-08 15:00:00",Nederland,Wind,Hour,UTC,Providing,Current,112374,112374,0.01718335,0,0
"2026-03-08 15:00:00","2026-03-08 16:00:00",Nederland,Wind,Hour,UTC,Providing,Current,115036,115040,0.01759045,0,0
"2026-03-08 16:00:00","2026-03-08 17:00:00",Nederland,Wind,Hour,UTC,Providing,Current,90132,90132,0.013782216666667,0,0
"2026-03-08 17:00:00","2026-03-08 18:00:00",Nederland,Wind,Hour,UTC,Providing,Current,86470,86470,0.013222133333333,0,0
"2026-03-08 18:00:00","2026-03-08 19:00:00",Nederland,Wind,Hour,UTC,Providing,Current,72570,72570,0.011096653333333,0,0
"2026-03-08 19:00:00","2026-03-08 20:00:00",Nederland,Wind,Hour,UTC,Providing,Current,46502,46503,0.0071106416666667,0,0
"2026-03-08 20:00:00","2026-03-08 21:00:00",Nederland,Wind,Hour,UTC,Providing,Current,43872,43870,0.0067083916666667,0,0
"2026-03-08 21:00:00","2026-03-08 22:00:00",Nederland,Wind,Hour,UTC,Providing,Current,30650,30651,0.0046866933333333,0,0
"2026-03-08 22:00:00","2026-03-08 23:00:00",Nederland,Wind,Hour,UTC,Providing,Current,19573,19574,0.0029928466666667,0,0
"2026-03-08 23:00:00","2026-03-09 00:00:00",Nederland,Wind,Hour,UTC,Providing,Current,16705,16704,0.00255435,0,0
"2026-03-09 00:00:00","2026-03-09 01:00:00",Nederland,Wind,Hour,UTC,Providing,Current,15907,15908,0.0024323983333333,0,0
"2026-03-09 01:00:00","2026-03-09 02:00:00",Nederland,Wind,Hour,UTC,Providing,Current,10893,10894,0.0016656975,0,0
"2026-03-09 02:00:00","2026-03-09 03:00:00",Nederland,Wind,Hour,UTC,Providing,Current,3498,3499,0.00053491083333333,0,0
"2026-03-09 03:00:00","2026-03-09 04:00:00",Nederland,Wind,Hour,UTC,Providing,Current,3626,3626,0.00055450566666667,0,0
"2026-03-09 04:00:00","2026-03-09 05:00:00",Nederland,Wind,Hour,UTC,Providing,Current,962,963,0.0001472205,0,0
"2026-03-09 05:00:00","2026-03-09 06:00:00",Nederland,Wind,Hour,UTC,Providing,Current,2493,2494,0.000381186,0,0
"2026-03-09 06:00:00","2026-03-09 07:00:00",Nederland,Wind,Hour,UTC,Providing,Current,462,462,7.0691833333333E-5,0,0
"2026-03-09 07:00:00","2026-03-09 08:00:00",Nederland,Wind,Hour,UTC,Providing,Current,0,0,0,0,0
"2026-03-09 08:00:00","2026-03-09 09:00:00",Nederland,Wind,Hour,UTC,Providing,Current,0,0,0,0,0
"2026-03-09 09:00:00","2026-03-09 10:00:00",Nederland,Wind,Hour,UTC,Providing,Current,0,0,0,0,0
"2026-03-09 10:00:00","2026-03-09 11:00:00",Nederland,Wind,Hour,UTC,Providing,Current,932,933,0.000142604,0,0
"2026-03-09 11:00:00","2026-03-09 12:00:00",Nederland,Wind,Hour,UTC,Providing,Current,0,0,0,0,0
"2026-03-09 12:00:00","2026-03-09 13:00:00",Nederland,Wind,Hour,UTC,Providing,Current,16364,16364,0.0025021016666667,0,0
"2026-03-09 13:00:00","2026-03-09 14:00:00",Nederland,Wind,Hour,UTC,Providing,Current,28793,28792,0.0044024283333333,0,0
"2026-03-09 14:00:00","2026-03-09 15:00:00",Nederland,Wind,Hour,UTC,Providing,Current,62073,62074,0.0094908983333333,0,0
"2026-03-09 15:00:00","2026-03-09 16:00:00",Nederland,Wind,Hour,UTC,Providing,Current,36634,36633,0.0056012,0,0
"2026-03-09 16:00:00","2026-03-09 17:00:00",Nederland,Wind,Hour,UTC,Providing,Current,41144,41146,0.0062907333333333,0,0
"2026-03-09 17:00:00","2026-03-09 18:00:00",Nederland,Wind,Hour,UTC,Providing,Current,1010,1010,0.00015450066666667,0,0
"2026-03-09 18:00:00","2026-03-09 19:00:00",Nederland,Wind,Hour,UTC,Providing,Current,0,0,0,0,0
"2026-03-09 19:00:00","2026-03-09 20:00:00",Nederland,Wind,Hour,UTC,Providing,Current,0,0,0,0,0
"2026-03-09 20:00:00","2026-03-09 21:00:00",Nederland,Wind,Hour,UTC,Providing,Current,0,0,0,0,0
"2026-03-09 21:00:00","2026-03-09 22:00:00",Nederland,Wind,Hour,UTC,Providing,Current,0,0,0,0,0
"2026-03-09 22:00:00","2026-03-09 23:00:00",Nederland,Wind,Hour,UTC,Providing,Current,0,0,0,0,0
"2026-03-09 23:00:00","2026-03-10 00:00:00",Nederland,Wind,Hour,UTC,Providing,Current,0,0,0,0,0
"2026-03-10 00:00:00","2026-03-10 01:00:00",Nederland,Wind,Hour,UTC,Providing,Current,451,451,6.8979166666667E-5,0,0
"2026-03-10 01:00:00","2026-03-10 02:00:00",Nederland,Wind,Hour,UTC,Providing,Current,0,0,0,0,0
"2026-03-10 02:00:00","2026-03-10 03:00:00",Nederland,Wind,Hour,UTC,Providing,Current,0,0,0,0,0
"2026-03-10 03:00:00","2026-03-10 04:00:00",Nederland,Wind,Hour,UTC,Providing,Current,0,0,0,0,0
"2026-03-10 04:00:00","2026-03-10 05:00:00",Nederland,Wind,Hour,UTC,Providing,Current,8724,8725,0.00133382,0,0
"2026-03-10 05:00:00","2026-03-10 06:00:00",Nederland,Wind,Hour,UTC,Providing,Current,5817,5817,0.00088942166666667,0,0
"2026-03-10 06:00:00","2026-03-10 07:00:00",Nederland,Wind,Hour,UTC,Providing,Current,23772,23774,0.003634525,0,0
"2026-03-10 07:00:00","2026-03-10 08:00:00",Nederland,Wind,Hour,UTC,Providing,Current,20299,20301,0.0031035633333333,0,0
"2026-03-10 08:00:00","2026-03-10 09:00:00",Nederland,Wind,Hour,UTC,Providing,Current,116814,116817,0.017859235,0,0
"2026-03-10 09:00:00","2026-03-10 10:00:00",Nederland,Wind,Hour,UTC,Providing,Current,301354,301350,0.046072466666667,0,0
"2026-03-10 10:00:00","2026-03-10 11:00:00",Nederland,Wind,Hour,UTC,Providing,Current,528259,528262,0.080762516666667,0,0
"2026-03-10 11:00:00","2026-03-10 12:00:00",Nederland,Wind,Hour,UTC,Providing,Current,750953,750955,0.1148083,0,0
"2026-03-10 12:00:00","2026-03-10 13:00:00",Nederland,Wind,Hour,UTC,Providing,Current,700906,700905,0.10715645,0,0
"2026-03-10 13:00:00","2026-03-10 14:00:00",Nederland,Wind,Hour,UTC,Providing,Current,1132677,1132677,0.17316633333333,0,0
"2026-03-10 14:00:00","2026-03-10 15:00:00",Nederland,Wind,Hour,UTC,Providing,Current,1191268,1191266,0.182123,0,0
"2026-03-10 15:00:00","2026-03-10 16:00:00",Nederland,Wind,Hour,UTC,Providing,Current,1075087,1075090,0.16436033333333,0,0
"2026-03-10 16:00:00","2026-03-10 17:00:00",Nederland,Wind,Hour,UTC,Providing,Current,806510,806510,0.1232995,0,0
"2026-03-10 17:00:00","2026-03-10 18:00:00",Nederland,Wind,Hour,UTC,Providing,Current,817278,817277,0.12494533333333,0,0
"2026-03-10 18:00:00","2026-03-10 19:00:00",Nederland,Wind,Hour,UTC,Providing,Current,570515,570517,0.08721985,0,0
"2026-03-10 19:00:00","2026-03-10 20:00:00",Nederland,Wind,Hour,UTC,Providing,Current,700033,700032,0.10702015,0,0
"2026-03-10 20:00:00","2026-03-10 21:00:00",Nederland,Wind,Hour,UTC,Providing,Current,781267,781266,0.1194385,0,0
"2026-03-10 21:00:00","2026-03-10 22:00:00",Nederland,Wind,Hour,UTC,Providing,Current,1017183,1017184,0.155504,0,0
"2026-03-10 22:00:00","2026-03-10 23:00:00",Nederland,Wind,Hour,UTC,Providing,Current,1631717,1631715,0.24945133333333,0,0
"2026-03-10 23:00:00","2026-03-11 00:00:00",Nederland,Wind,Hour,UTC,Providing,Current,2132462,2132460,0.32600233333333,0,0
"2026-03-11 00:00:00","2026-03-11 01:00:00",Nederland,Wind,Hour,UTC,Providing,Current,2442152,2442155,0.37334483333333,0,0
"2026-03-11 01:00:00","2026-03-11 02:00:00",Nederland,Wind,Hour,UTC,Providing,Current,2543842,2543841,0.38888933333333,0,0
"2026-03-11 02:00:00","2026-03-11 03:00:00",Nederland,Wind,Hour,UTC,Providing,Current,2692931,2692933,0.41167916666667,0,0
"2026-03-11 03:00:00","2026-03-11 04:00:00",Nederland,Wind,Hour,UTC,Providing,Current,3062577,3062574,0.46818683333333,0,0
"2026-03-11 04:00:00","2026-03-11 05:00:00",Nederland,Wind,Hour,UTC,Providing,Current,3464284,3464282,0.529595,0,0
"2026-03-11 05:00:00","2026-03-11 06:00:00",Nederland,Wind,Hour,UTC,Providing,Current,3850232,3850232,0.58859366666667,0,0
"2026-03-11 06:00:00","2026-03-11 07:00:00",Nederland,Wind,Hour,UTC,Providing,Current,4462691,4462687,0.68221833333333,0,0
"2026-03-11 07:00:00","2026-03-11 08:00:00",Nederland,Wind,Hour,UTC,Providing,Current,4924417,4924416,0.75280016666667,0,0
"2026-03-11 08:00:00","2026-03-11 09:00:00",Nederland,Wind,Hour,UTC,Providing,Current,5146854,5146854,0.786801,0,0
"2026-03-11 09:00:00","2026-03-11 10:00:00",Nederland,Wind,Hour,UTC,Providing,Current,5689691,5689691,0.869781,0,0
"2026-03-11 10:00:00","2026-03-11 11:00:00",Nederland,Wind,Hour,UTC,Providing,Current,5848656,5848653,0.89407816666667,0,0
"2026-03-11 11:00:00","2026-03-11 12:00:00",Nederland,Wind,Hour,UTC,Providing,Current,5973742,5973741,0.91319616666667,0,0
"2026-03-11 12:00:00","2026-03-11 13:00:00",Nederland,Wind,Hour,UTC,Providing,Current,5666176,5666174,0.86617566666667,0,0
"2026-03-11 13:00:00","2026-03-11 14:00:00",Nederland,Wind,Hour,UTC,Providing,Current,5439467,5439469,0.83151566666667,0,0
"2026-03-11 14:00:00","2026-03-11 15:00:00",Nederland,Wind,Hour,UTC,Providing,Current,5117437,5117434,0.7822845,0,0
"2026-03-11 15:00:00","2026-03-11 16:00:00",Nederland,Wind,Hour,UTC,Providing,Current,4760230,4760228,0.72767666666667,0,0
"2026-03-11 16:00:00","2026-03-11 17:00:00",Nederland,Wind,Hour,UTC,Providing,Current,4079220,4079219,0.62357116666667,0,0
"2026-03-11 17:00:00","2026-03-11 18:00:00",Nederland,Wind,Hour,UTC,Providing,Current,2566863,2566868,0.39238266666667,0,0
"2026-03-11 18:00:00","2026-03-11 19:00:00",Nederland,Wind,Hour,UTC,Providing,Current,1231359,1231358,0.1882305,0,0
"2026-03-11 19:00:00","2026-03-11 20:00:00",Nederland,Wind,Hour,UTC,Providing,Current,843731,843730,0.1289755,0,0
"2026-03-11 20:00:00","2026-03-11 21:00:00",Nederland,Wind,Hour,UTC,Providing,Current,833851,833854,0.12746483333333,0,0
"2026-03-11 21:00:00","2026-03-11 22:00:00",Nederland,Wind,Hour,UTC,Providing,Current,835725,835727,0.12775083333333,0,0
"2026-03-11 22:00:00","2026-03-11 23:00:00",Nederland,Wind,Hour,UTC,Providing,Current,882477,882475,0.13489666666667,0,0
"2026-03-11 23:00:00","2026-03-12 00:00:00",Nederland,Wind,Hour,UTC,Providing,Current,807707,807712,0.12346683333333,0,0
"2026-03-12 00:00:00","2026-03-12 01:00:00",Nederland,Wind,Hour,UTC,Providing,Current,810311,810311,0.12386466666667,0,0
"2026-03-12 01:00:00","2026-03-12 02:00:00",Nederland,Wind,Hour,UTC,Providing,Current,802304,802308,0.12264,0,0
"2026-03-12 02:00:00","2026-03-12 03:00:00",Nederland,Wind,Hour,UTC,Providing,Current,1038939,1038940,0.15881116666667,0,0
"2026-03-12 03:00:00","2026-03-12 04:00:00",Nederland,Wind,Hour,UTC,Providing,Current,1438370,1438367,0.21986666666667,0,0
"2026-03-12 04:00:00","2026-03-12 05:00:00",Nederland,Wind,Hour,UTC,Providing,Current,1908540,1908540,0.291735,0,0
"2026-03-12 05:00:00","2026-03-12 06:00:00",Nederland,Wind,Hour,UTC,Providing,Current,2147805,2147804,0.328307,0,0
"2026-03-12 06:00:00","2026-03-12 07:00:00",Nederland,Wind,Hour,UTC,Providing,Current,2606738,2606737,0.39845633333333,0,0
"2026-03-12 07:00:00","2026-03-12 08:00:00",Nederland,Wind,Hour,UTC,Providing,Current,3288930,3288930,0.502732,0,0
"2026-03-12 08:00:00","2026-03-12 09:00:00",Nederland,Wind,Hour,UTC,Providing,Current,4764710,4764707,0.72831033333333,0,0
"2026-03-12 09:00:00","2026-03-12 10:00:00",Nederland,Wind,Hour,UTC,Providing,Current,5928286,5928289,0.90616516666667,0,0
"2026-03-12 10:00:00","2026-03-12 11:00:00",Nederland,Wind,Hour,UTC,Providing,Current,6359442,6359443,0.972065,0,0
"2026-03-12 11:00:00","2026-03-12 12:00:00",Nederland,Wind,Hour,UTC,Providing,Current,6499217,6499217,0.99342616666667,0,0
"2026-03-12 12:00:00","2026-03-12 13:00:00",Nederland,Wind,Hour,UTC,Providing,Current,6525970,6525969,0.99751116666667,0,0
"2026-03-12 13:00:00","2026-03-12 14:00:00",Nederland,Wind,Hour,UTC,Providing,Current,6521678,6521677,0.99685083333333,0,0
"2026-03-12 14:00:00","2026-03-12 15:00:00",Nederland,Wind,Hour,UTC,Providing,Current,6513279,6513270,0.995563,0,0
"2026-03-12 15:00:00","2026-03-12 16:00:00",Nederland,Wind,Hour,UTC,Providing,Current,6518300,6518295,0.99632666666667,0,0
"2026-03-12 16:00:00","2026-03-12 17:00:00",Nederland,Wind,Hour,UTC,Providing,Current,6510427,6510424,0.99511916666667,0,0
"2026-03-12 17:00:00","2026-03-12 18:00:00",Nederland,Wind,Hour,UTC,Providing,Current,6352321,6352316,0.97094866666667,0,0
"2026-03-12 18:00:00","2026-03-12 19:00:00",Nederland,Wind,Hour,UTC,Providing,Current,6056756,6056750,0.92576816666667,0,0
"2026-03-12 19:00:00","2026-03-12 20:00:00",Nederland,Wind,Hour,UTC,Providing,Current,5972673,5972669,0.91291233333333,0,0
"2026-03-12 20:00:00","2026-03-12 21:00:00",Nederland,Wind,Hour,UTC,Providing,Current,6230502,6230497,0.952317,0,0
"2026-03-12 21:00:00","2026-03-12 22:00:00",Nederland,Wind,Hour,UTC,Providing,Current,6367196,6367200,0.97320633333333,0,0
"2026-03-12 22:00:00","2026-03-12 23:00:00",Nederland,Wind,Hour,UTC,Providing,Current,6432456,6432461,0.983177,0,0
"2026-03-12 23:00:00","2026-03-13 00:00:00",Nederland,Wind,Hour,UTC,Providing,Current,6439379,6439382,0.98423116666667,0,0
"2026-03-13 00:00:00","2026-03-13 01:00:00",Nederland,Wind,Hour,UTC,Providing,Current,6457827,6457827,0.98704683333333,0,0
"2026-03-13 01:00:00","2026-03-13 02:00:00",Nederland,Wind,Hour,UTC,Providing,Current,6484772,6484772,0.99116116666667,0,0
"2026-03-13 02:00:00","2026-03-13 03:00:00",Nederland,Wind,Hour,UTC,Providing,Current,6488205,6488208,0.9916815,0,0
"2026-03-13 03:00:00","2026-03-13 04:00:00",Nederland,Wind,Hour,UTC,Providing,Current,6504067,6504069,0.99410183333333,0,0
"2026-03-13 04:00:00","2026-03-13 05:00:00",Nederland,Wind,Hour,UTC,Providing,Current,6516738,6516737,0.9960345,0,0
"2026-03-13 05:00:00","2026-03-13 06:00:00",Nederland,Wind,Hour,UTC,Providing,Current,6523844,6523847,0.9971165,0,0
"2026-03-13 06:00:00","2026-03-13 07:00:00",Nederland,Wind,Hour,UTC,Providing,Current,6529208,6529214,0.99793216666667,0,0
"2026-03-13 07:00:00","2026-03-13 08:00:00",Nederland,Wind,Hour,UTC,Providing,Current,6526921,6526919,0.9975785,0,0
"2026-03-13 08:00:00","2026-03-13 09:00:00",Nederland,Wind,Hour,UTC,Providing,Current,6249170,6249166,0.955123,0,0
"2026-03-13 09:00:00","2026-03-13 10:00:00",Nederland,Wind,Hour,UTC,Providing,Current,4220038,4220040,0.64498816666667,0,0
"2026-03-13 10:00:00","2026-03-13 11:00:00",Nederland,Wind,Hour,UTC,Providing,Current,2859708,2859711,0.43707416666667,0,0
"2026-03-13 11:00:00","2026-03-13 12:00:00",Nederland,Wind,Hour,UTC,Providing,Current,3692806,3692806,0.56440133333333,0,0
"2026-03-13 12:00:00","2026-03-13 13:00:00",Nederland,Wind,Hour,UTC,Providing,Current,4287228,4287228,0.65524916666667,0,0
"2026-03-13 13:00:00","2026-03-13 14:00:00",Nederland,Wind,Hour,UTC,Providing,Current,4444913,4444912,0.67934633333333,0,0
"2026-03-13 14:00:00","2026-03-13 15:00:00",Nederland,Wind,Hour,UTC,Providing,Current,4029098,4029098,0.61579183333333,0,0
"2026-03-13 15:00:00","2026-03-13 16:00:00",Nederland,Wind,Hour,UTC,Providing,Current,3846041,3846038,0.58781166666667,0,0
"2026-03-13 16:00:00","2026-03-13 17:00:00",Nederland,Wind,Hour,UTC,Providing,Current,3238301,3238303,0.4949255,0,0
"2026-03-13 17:00:00","2026-03-13 18:00:00",Nederland,Wind,Hour,UTC,Providing,Current,2438541,2438544,0.3726925,0,0
"2026-03-13 18:00:00","2026-03-13 19:00:00",Nederland,Wind,Hour,UTC,Providing,Current,1855175,1855179,0.28353333333333,0,0
"2026-03-13 19:00:00","2026-03-13 20:00:00",Nederland,Wind,Hour,UTC,Providing,Current,1771831,1771828,0.27079416666667,0,0
"2026-03-13 20:00:00","2026-03-13 21:00:00",Nederland,Wind,Hour,UTC,Providing,Current,1619077,1619078,0.2474475,0,0
"2026-03-13 21:00:00","2026-03-13 22:00:00",Nederland,Wind,Hour,UTC,Providing,Current,1246084,1246084,0.190441,0,0
"2026-03-13 22:00:00","2026-03-13 23:00:00",Nederland,Wind,Hour,UTC,Providing,Current,1209356,1209357,0.18482716666667,0,0
"2026-03-13 23:00:00","2026-03-14 00:00:00",Nederland,Wind,Hour,UTC,Providing,Current,1175736,1175741,0.17968816666667,0,0
"2026-03-14 00:00:00","2026-03-14 01:00:00",Nederland,Wind,Hour,UTC,Providing,Current,798142,798141,0.12198,0,0
"2026-03-14 01:00:00","2026-03-14 02:00:00",Nederland,Wind,Hour,UTC,Providing,Current,599954,599956,0.091690666666667,0,0
"2026-03-14 02:00:00","2026-03-14 03:00:00",Nederland,Wind,Hour,UTC,Providing,Current,367974,367974,0.056237016666667,0,0
"2026-03-14 03:00:00","2026-03-14 04:00:00",Nederland,Wind,Hour,UTC,Providing,Current,153927,153930,0.023524366666667,0,0
"2026-03-14 04:00:00","2026-03-14 05:00:00",Nederland,Wind,Hour,UTC,Providing,Current,171934,171932,0.02627625,0,0
"2026-03-14 05:00:00","2026-03-14 06:00:00",Nederland,Wind,Hour,UTC,Providing,Current,160815,160817,0.024576966666667,0,0
"2026-03-14 06:00:00","2026-03-14 07:00:00",Nederland,Wind,Hour,UTC,Providing,Current,123160,123160,0.01882205,0,0
"2026-03-14 07:00:00","2026-03-14 08:00:00",Nederland,Wind,Hour,UTC,Providing,Current,189815,189819,0.029008666666667,0,0
"2026-03-14 08:00:00","2026-03-14 09:00:00",Nederland,Wind,Hour,UTC,Providing,Current,242960,242960,0.03713035,0,0
"2026-03-14 09:00:00","2026-03-14 10:00:00",Nederland,Wind,Hour,UTC,Providing,Current,366632,366630,0.056030283333333,0,0
"2026-03-14 10:00:00","2026-03-14 11:00:00",Nederland,Wind,Hour,UTC,Providing,Current,672983,672989,0.10284761666667,0,0
"2026-03-14 11:00:00","2026-03-14 12:00:00",Nederland,Wind,Hour,UTC,Providing,Current,988013,988014,0.150991,0,0
"2026-03-14 12:00:00","2026-03-14 13:00:00",Nederland,Wind,Hour,UTC,Providing,Current,1181913,1181915,0.18062266666667,0,0
"2026-03-14 13:00:00","2026-03-14 14:00:00",Nederland,Wind,Hour,UTC,Providing,Current,1888927,1888926,0.288669,0,0
"2026-03-14 14:00:00","2026-03-14 15:00:00",Nederland,Wind,Hour,UTC,Providing,Current,2112716,2112713,0.32286766666667,0,0
"2026-03-14 15:00:00","2026-03-14 16:00:00",Nederland,Wind,Hour,UTC,Providing,Current,1614560,1614562,0.246738,0,0
"2026-03-14 16:00:00","2026-03-14 17:00:00",Nederland,Wind,Hour,UTC,Providing,Current,1326947,1326946,0.202784,0,0
"2026-03-14 17:00:00","2026-03-14 18:00:00",Nederland,Wind,Hour,UTC,Providing,Current,714498,714501,0.10918903333333,0,0
"2026-03-14 18:00:00","2026-03-14 19:00:00",Nederland,Wind,Hour,UTC,Providing,Current,301916,301918,0.0461384,0,0
"2026-03-14 19:00:00","2026-03-14 20:00:00",Nederland,Wind,Hour,UTC,Providing,Current,168626,168628,0.025769066666667,0,0
"2026-03-14 20:00:00","2026-03-14 21:00:00",Nederland,Wind,Hour,UTC,Providing,Current,90192,90195,0.013782983333333,0,0
"2026-03-14 21:00:00","2026-03-14 22:00:00",Nederland,Wind,Hour,UTC,Providing,Current,67363,67364,0.010294243333333,0,0
"2026-03-14 22:00:00","2026-03-14 23:00:00",Nederland,Wind,Hour,UTC,Providing,Current,61852,61855,0.0094520483333333,0,0
"2026-03-14 23:00:00","2026-03-15 00:00:00",Nederland,Wind,Hour,UTC,Providing,Current,78150,78151,0.011942583333333,0,0
"2026-03-15 00:00:00","2026-03-15 01:00:00",Nederland,Wind,Hour,UTC,Providing,Current,76099,76100,0.0116291,0,0
"2026-03-15 01:00:00","2026-03-15 02:00:00",Nederland,Wind,Hour,UTC,Providing,Current,31106,31107,0.004753565,0,0
"2026-03-15 02:00:00","2026-03-15 03:00:00",Nederland,Wind,Hour,UTC,Providing,Current,23257,23257,0.0035540333333333,0,0
"2026-03-15 03:00:00","2026-03-15 04:00:00",Nederland,Wind,Hour,UTC,Providing,Current,20881,20881,0.003190985,0,0
"2026-03-15 04:00:00","2026-03-15 05:00:00",Nederland,Wind,Hour,UTC,Providing,Current,21634,21634,0.003305965,0,0
"2026-03-15 05:00:00","2026-03-15 06:00:00",Nederland,Wind,Hour,UTC,Providing,Current,9451,9451,0.0014442483333333,0,0
"2026-03-15 06:00:00","2026-03-15 07:00:00",Nederland,Wind,Hour,UTC,Providing,Current,20207,20206,0.0030879016666667,0,0
"2026-03-15 07:00:00","2026-03-15 08:00:00",Nederland,Wind,Hour,UTC,Providing,Current,53086,53088,0.0081121866666667,0,0
"2026-03-15 08:00:00","2026-03-15 09:00:00",Nederland,Wind,Hour,UTC,Providing,Current,216808,216811,0.033130316666667,0,0
"2026-03-15 09:00:00","2026-03-15 10:00:00",Nederland,Wind,Hour,UTC,Providing,Current,969420,969421,0.14813615,0,0
"2026-03-15 10:00:00","2026-03-15 11:00:00",Nederland,Wind,Hour,UTC,Providing,Current,2192846,2192852,0.33508533333333,0,0
"2026-03-15 11:00:00","2026-03-15 12:00:00",Nederland,Wind,Hour,UTC,Providing,Current,3190083,3190083,0.4874695,0,0
"2026-03-15 12:00:00","2026-03-15 13:00:00",Nederland,Wind,Hour,UTC,Providing,Current,3632280,3632277,0.55503816666667,0,0
"2026-03-15 13:00:00","2026-03-15 14:00:00",Nederland,Wind,Hour,UTC,Providing,Current,4150332,4150330,0.6341975,0,0
"2026-03-15 14:00:00","2026-03-15 15:00:00",Nederland,Wind,Hour,UTC,Providing,Current,4638525,4638519,0.70879366666667,0,0
"2026-03-15 15:00:00","2026-03-15 16:00:00",Nederland,Wind,Hour,UTC,Providing,Current,4912844,4912846,0.75070816666667,0,0
"2026-03-15 16:00:00","2026-03-15 17:00:00",Nederland,Wind,Hour,UTC,Providing,Current,4892787,4892786,0.74764016666667,0,0
"2026-03-15 17:00:00","2026-03-15 18:00:00",Nederland,Wind,Hour,UTC,Providing,Current,4249159,4249160,0.64928833333333,0,0
"2026-03-15 18:00:00","2026-03-15 19:00:00",Nederland,Wind,Hour,UTC,Providing,Current,3485713,3485709,0.5326285,0,0
"2026-03-15 19:00:00","2026-03-15 20:00:00",Nederland,Wind,Hour,UTC,Providing,Current,4219974,4219970,0.64482333333333,0,0
"2026-03-15 20:00:00","2026-03-15 21:00:00",Nederland,Wind,Hour,UTC,Providing,Current,5173012,5173013,0.79044683333333,0,0
"2026-03-15 21:00:00","2026-03-15 22:00:00",Nederland,Wind,Hour,UTC,Providing,Current,5829390,5829388,0.89073883333333,0,0
"2026-03-15 22:00:00","2026-03-15 23:00:00",Nederland,Wind,Hour,UTC,Providing,Current,6315394,6315397,0.96499716666667,0,0
"2026-03-15 23:00:00","2026-03-16 00:00:00",Nederland,Wind,Hour,UTC,Providing,Current,6374285,6374285,0.973992,0,0
"2026-03-16 00:00:00","2026-03-16 01:00:00",Nederland,Wind,Hour,UTC,Providing,Current,5759684,5759684,0.88007716666667,0,0
"2026-03-16 01:00:00","2026-03-16 02:00:00",Nederland,Wind,Hour,UTC,Providing,Current,4327965,4327961,0.66130833333333,0,0
"2026-03-16 02:00:00","2026-03-16 03:00:00",Nederland,Wind,Hour,UTC,Providing,Current,3707975,3707972,0.56657216666667,0,0
"2026-03-16 03:00:00","2026-03-16 04:00:00",Nederland,Wind,Hour,UTC,Providing,Current,3622450,3622454,0.55350183333333,0,0
"2026-03-16 04:00:00","2026-03-16 05:00:00",Nederland,Wind,Hour,UTC,Providing,Current,3844925,3844928,0.587493,0,0
"2026-03-16 05:00:00","2026-03-16 06:00:00",Nederland,Wind,Hour,UTC,Providing,Current,3968853,3968854,0.60642616666667,0,0
"2026-03-16 06:00:00","2026-03-16 07:00:00",Nederland,Wind,Hour,UTC,Providing,Current,4121889,4121888,0.629807,0,0
"2026-03-16 07:00:00","2026-03-16 08:00:00",Nederland,Wind,Hour,UTC,Providing,Current,4019260,4019266,0.61412333333333,0,0
"2026-03-16 08:00:00","2026-03-16 09:00:00",Nederland,Wind,Hour,UTC,Providing,Current,4517453,4517451,0.69024183333333,0,0
"2026-03-16 09:00:00","2026-03-16 10:00:00",Nederland,Wind,Hour,UTC,Providing,Current,5185469,5185471,0.79230783333333,0,0
"2026-03-16 10:00:00","2026-03-16 11:00:00",Nederland,Wind,Hour,UTC,Providing,Current,5636838,5636840,0.861271,0,0
"2026-03-16 11:00:00","2026-03-16 12:00:00",Nederland,Wind,Hour,UTC,Providing,Current,5717811,5717813,0.873639,0,0
"2026-03-16 12:00:00","2026-03-16 13:00:00",Nederland,Wind,Hour,UTC,Providing,Current,5630234,5630233,0.86025433333333,0,0
"2026-03-16 13:00:00","2026-03-16 14:00:00",Nederland,Wind,Hour,UTC,Providing,Current,5281408,5281409,0.80695333333333,0,0
"2026-03-16 14:00:00","2026-03-16 15:00:00",Nederland,Wind,Hour,UTC,Providing,Current,4813087,4813092,0.73539483333333,0,0
"2026-03-16 15:00:00","2026-03-16 16:00:00",Nederland,Wind,Hour,UTC,Providing,Current,4135549,4135548,0.631871,0,0
"2026-03-16 16:00:00","2026-03-16 17:00:00",Nederland,Wind,Hour,UTC,Providing,Current,3214583,3214583,0.49115433333333,0,0
"2026-03-16 17:00:00","2026-03-16 18:00:00",Nederland,Wind,Hour,UTC,Providing,Current,1615723,1615725,0.2468645,0,0
"2026-03-16 18:00:00","2026-03-16 19:00:00",Nederland,Wind,Hour,UTC,Providing,Current,661023,661022,0.10099651666667,0,0
"2026-03-16 19:00:00","2026-03-16 20:00:00",Nederland,Wind,Hour,UTC,Providing,Current,666916,666912,0.10189635,0,0
"2026-03-16 20:00:00","2026-03-16 21:00:00",Nederland,Wind,Hour,UTC,Providing,Current,762141,762141,0.11644533333333,0,0
"2026-03-16 21:00:00","2026-03-16 22:00:00",Nederland,Wind,Hour,UTC,Providing,Current,950210,950209,0.14517916666667,0,0
"2026-03-16 22:00:00","2026-03-16 23:00:00",Nederland,Wind,Hour,UTC,Providing,Current,1040725,1040723,0.15900783333333,0,0
"2026-03-16 23:00:00","2026-03-17 00:00:00",Nederland,Wind,Hour,UTC,Providing,Current,1206758,1206757,0.1843745,0,0
"2026-03-17 00:00:00","2026-03-17 01:00:00",Nederland,Wind,Hour,UTC,Providing,Current,1353913,1353917,0.20685666666667,0,0
"2026-03-17 01:00:00","2026-03-17 02:00:00",Nederland,Wind,Hour,UTC,Providing,Current,1383781,1383781,0.2114195,0,0
"2026-03-17 02:00:00","2026-03-17 03:00:00",Nederland,Wind,Hour,UTC,Providing,Current,1411711,1411716,0.21568566666667,0,0
"2026-03-17 03:00:00","2026-03-17 04:00:00",Nederland,Wind,Hour,UTC,Providing,Current,1406626,1406630,0.21490766666667,0,0
"2026-03-17 04:00:00","2026-03-17 05:00:00",Nederland,Wind,Hour,UTC,Providing,Current,1448755,1448758,0.2213435,0,0
"2026-03-17 05:00:00","2026-03-17 06:00:00",Nederland,Wind,Hour,UTC,Providing,Current,1375472,1375474,0.21014633333333,0,0
"2026-03-17 06:00:00","2026-03-17 07:00:00",Nederland,Wind,Hour,UTC,Providing,Current,1416673,1416672,0.21644016666667,0,0
"2026-03-17 07:00:00","2026-03-17 08:00:00",Nederland,Wind,Hour,UTC,Providing,Current,1646507,1646505,0.25155316666667,0,0
"2026-03-17 08:00:00","2026-03-17 09:00:00",Nederland,Wind,Hour,UTC,Providing,Current,1913677,1913672,0.29237033333333,0,0
"2026-03-17 09:00:00","2026-03-17 10:00:00",Nederland,Wind,Hour,UTC,Providing,Current,2089020,2089022,0.31915783333333,0,0
"2026-03-17 10:00:00","2026-03-17 11:00:00",Nederland,Wind,Hour,UTC,Providing,Current,2357022,2357024,0.36010133333333,0,0
"2026-03-17 11:00:00","2026-03-17 12:00:00",Nederland,Wind,Hour,UTC,Providing,Current,2319530,2319532,0.35437183333333,0,0
"2026-03-17 12:00:00","2026-03-17 13:00:00",Nederland,Wind,Hour,UTC,Providing,Current,2154493,2154485,0.32915666666667,0,0
"2026-03-17 13:00:00","2026-03-17 14:00:00",Nederland,Wind,Hour,UTC,Providing,Current,1995805,1995804,0.3049115,0,0
"2026-03-17 14:00:00","2026-03-17 15:00:00",Nederland,Wind,Hour,UTC,Providing,Current,2066625,2066621,0.31572966666667,0,0
"2026-03-17 15:00:00","2026-03-17 16:00:00",Nederland,Wind,Hour,UTC,Providing,Current,1960133,1960135,0.29945916666667,0,0
"2026-03-17 16:00:00","2026-03-17 17:00:00",Nederland,Wind,Hour,UTC,Providing,Current,1620047,1620048,0.24750166666667,0,0
"2026-03-17 17:00:00","2026-03-17 18:00:00",Nederland,Wind,Hour,UTC,Providing,Current,1175272,1175273,0.17955066666667,0,0
"2026-03-17 18:00:00","2026-03-17 19:00:00",Nederland,Wind,Hour,UTC,Providing,Current,892456,892457,0.1363435,0,0
"2026-03-17 19:00:00","2026-03-17 20:00:00",Nederland,Wind,Hour,UTC,Providing,Current,1075057,1075055,0.164239,0,0
"2026-03-17 20:00:00","2026-03-17 21:00:00",Nederland,Wind,Hour,UTC,Providing,Current,1162064,1162064,0.17753066666667,0,0
"2026-03-17 21:00:00","2026-03-17 22:00:00",Nederland,Wind,Hour,UTC,Providing,Current,1309773,1309771,0.2000955,0,0
"2026-03-17 22:00:00","2026-03-17 23:00:00",Nederland,Wind,Hour,UTC,Providing,Current,1417002,1416997,0.216476,0,0
"2026-03-17 23:00:00","2026-03-18 00:00:00",Nederland,Wind,Hour,UTC,Providing,Current,1498422,1498421,0.22891383333333,0,0
"2026-03-18 00:00:00","2026-03-18 01:00:00",Nederland,Wind,Hour,UTC,Providing,Current,1524816,1524817,0.23294483333333,0,0
"2026-03-18 01:00:00","2026-03-18 02:00:00",Nederland,Wind,Hour,UTC,Providing,Current,1438023,1438020,0.21968466666667,0,0
"2026-03-18 02:00:00","2026-03-18 03:00:00",Nederland,Wind,Hour,UTC,Providing,Current,1155216,1155217,0.17648,0,0
"2026-03-18 03:00:00","2026-03-18 04:00:00",Nederland,Wind,Hour,UTC,Providing,Current,1012653,1012657,0.15470033333333,0,0
"2026-03-18 04:00:00","2026-03-18 05:00:00",Nederland,Wind,Hour,UTC,Providing,Current,1068498,1068499,0.163231,0,0
"2026-03-18 05:00:00","2026-03-18 06:00:00",Nederland,Wind,Hour,UTC,Providing,Current,1176478,1176477,0.17972583333333,0,0
"2026-03-18 06:00:00","2026-03-18 07:00:00",Nederland,Wind,Hour,UTC,Providing,Current,1362492,1362494,0.2081415,0,0
"2026-03-18 07:00:00","2026-03-18 08:00:00",Nederland,Wind,Hour,UTC,Providing,Current,1767377,1767380,0.26999316666667,0,0
"2026-03-18 08:00:00","2026-03-18 09:00:00",Nederland,Wind,Hour,UTC,Providing,Current,2648177,2648176,0.40454666666667,0,0
"2026-03-18 09:00:00","2026-03-18 10:00:00",Nederland,Wind,Hour,UTC,Providing,Current,3059322,3059321,0.467353,0,0
"2026-03-18 10:00:00","2026-03-18 11:00:00",Nederland,Wind,Hour,UTC,Providing,Current,3504561,3504559,0.535367,0,0
"2026-03-18 11:00:00","2026-03-18 12:00:00",Nederland,Wind,Hour,UTC,Providing,Current,3238625,3238630,0.49473983333333,0,0
"2026-03-18 12:00:00","2026-03-18 13:00:00",Nederland,Wind,Hour,UTC,Providing,Current,2623292,2623293,0.40073866666667,0,0
"2026-03-18 13:00:00","2026-03-18 14:00:00",Nederland,Wind,Hour,UTC,Providing,Current,2142238,2142238,0.3272505,0,0
"2026-03-18 14:00:00","2026-03-18 15:00:00",Nederland,Wind,Hour,UTC,Providing,Current,1909833,1909834,0.291747,0,0
"2026-03-18 15:00:00","2026-03-18 16:00:00",Nederland,Wind,Hour,UTC,Providing,Current,1848277,1848278,0.28234233333333,0,0
"2026-03-18 16:00:00","2026-03-18 17:00:00",Nederland,Wind,Hour,UTC,Providing,Current,1746193,1746195,0.26674666666667,0,0
"2026-03-18 17:00:00","2026-03-18 18:00:00",Nederland,Wind,Hour,UTC,Providing,Current,1194744,1194743,0.1825075,0,0
"2026-03-18 18:00:00","2026-03-18 19:00:00",Nederland,Wind,Hour,UTC,Providing,Current,608360,608361,0.092931816666667,0,0
"2026-03-18 19:00:00","2026-03-18 20:00:00",Nederland,Wind,Hour,UTC,Providing,Current,475508,475509,0.0726374,0,0
"2026-03-18 20:00:00","2026-03-18 21:00:00",Nederland,Wind,Hour,UTC,Providing,Current,485421,485422,0.074151366666667,0,0
"2026-03-18 21:00:00","2026-03-18 22:00:00",Nederland,Wind,Hour,UTC,Providing,Current,552224,552227,0.084355616666667,0,0
"2026-03-18 22:00:00","2026-03-18 23:00:00",Nederland,Wind,Hour,UTC,Providing,Current,580358,580362,0.088652883333333,0,0
"2026-03-18 23:00:00","2026-03-19 00:00:00",Nederland,Wind,Hour,UTC,Providing,Current,484437,484435,0.074000166666667,0,0
"2026-03-19 00:00:00","2026-03-19 01:00:00",Nederland,Wind,Hour,UTC,Providing,Current,245411,245412,0.037487533333333,0,0
"2026-03-19 01:00:00","2026-03-19 02:00:00",Nederland,Wind,Hour,UTC,Providing,Current,155083,155081,0.023689483333333,0,0
"2026-03-19 02:00:00","2026-03-19 03:00:00",Nederland,Wind,Hour,UTC,Providing,Current,75392,75391,0.011516455,0,0
"2026-03-19 03:00:00","2026-03-19 04:00:00",Nederland,Wind,Hour,UTC,Providing,Current,28247,28248,0.0043148933333333,0,0
"2026-03-19 04:00:00","2026-03-19 05:00:00",Nederland,Wind,Hour,UTC,Providing,Current,20078,20078,0.0030670183333333,0,0
"2026-03-19 05:00:00","2026-03-19 06:00:00",Nederland,Wind,Hour,UTC,Providing,Current,10839,10838,0.0016556683333333,0,0
"2026-03-19 06:00:00","2026-03-19 07:00:00",Nederland,Wind,Hour,UTC,Providing,Current,19548,19549,0.0029860133333333,0,0
"2026-03-19 07:00:00","2026-03-19 08:00:00",Nederland,Wind,Hour,UTC,Providing,Current,21172,21172,0.0032340683333333,0,0
"2026-03-19 08:00:00","2026-03-19 09:00:00",Nederland,Wind,Hour,UTC,Providing,Current,20794,20794,0.0031762883333333,0,0
"2026-03-19 09:00:00","2026-03-19 10:00:00",Nederland,Wind,Hour,UTC,Providing,Current,24884,24887,0.003801065,0,0
"2026-03-19 10:00:00","2026-03-19 11:00:00",Nederland,Wind,Hour,UTC,Providing,Current,26153,26153,0.0039948116666667,0,0
"2026-03-19 11:00:00","2026-03-19 12:00:00",Nederland,Wind,Hour,UTC,Providing,Current,110251,110249,0.016840546666667,0,0
"2026-03-19 12:00:00","2026-03-19 13:00:00",Nederland,Wind,Hour,UTC,Providing,Current,227613,227613,0.034767166666667,0,0
"2026-03-19 13:00:00","2026-03-19 14:00:00",Nederland,Wind,Hour,UTC,Providing,Current,264632,264632,0.040421516666667,0,0
"2026-03-19 14:00:00","2026-03-19 15:00:00",Nederland,Wind,Hour,UTC,Providing,Current,356176,356179,0.054404166666667,0,0
"2026-03-19 15:00:00","2026-03-19 16:00:00",Nederland,Wind,Hour,UTC,Providing,Current,886022,886023,0.13533481666667,0,0
"2026-03-19 16:00:00","2026-03-19 17:00:00",Nederland,Wind,Hour,UTC,Providing,Current,1015770,1015773,0.155153,0,0
"2026-03-19 17:00:00","2026-03-19 18:00:00",Nederland,Wind,Hour,UTC,Providing,Current,682306,682309,0.10421785,0,0
"2026-03-19 18:00:00","2026-03-19 19:00:00",Nederland,Wind,Hour,UTC,Providing,Current,502370,502373,0.07673345,0,0
"2026-03-19 19:00:00","2026-03-19 20:00:00",Nederland,Wind,Hour,UTC,Providing,Current,347316,347315,0.05304985,0,0
"2026-03-19 20:00:00","2026-03-19 21:00:00",Nederland,Wind,Hour,UTC,Providing,Current,302863,302862,0.046259766666667,0,0
"2026-03-19 21:00:00","2026-03-19 22:00:00",Nederland,Wind,Hour,UTC,Providing,Current,417407,417407,0.063755183333333,0,0
"2026-03-19 22:00:00","2026-03-19 23:00:00",Nederland,Wind,Hour,UTC,Providing,Current,475433,475435,0.072617766666667,0,0
"2026-03-19 23:00:00","2026-03-20 00:00:00",Nederland,Wind,Hour,UTC,Providing,Current,439874,439877,0.067186166666667,0,0
"2026-03-20 00:00:00","2026-03-20 01:00:00",Nederland,Wind,Hour,UTC,Providing,Current,513588,513589,0.078445016666667,0,0
"2026-03-20 01:00:00","2026-03-20 02:00:00",Nederland,Wind,Hour,UTC,Providing,Current,462366,462366,0.070621116666667,0,0
"2026-03-20 02:00:00","2026-03-20 03:00:00",Nederland,Wind,Hour,UTC,Providing,Current,452299,452298,0.0690831,0,0
"2026-03-20 03:00:00","2026-03-20 04:00:00",Nederland,Wind,Hour,UTC,Providing,Current,531617,531618,0.08119765,0,0
"2026-03-20 04:00:00","2026-03-20 05:00:00",Nederland,Wind,Hour,UTC,Providing,Current,541559,541561,0.082715866666667,0,0
"2026-03-20 05:00:00","2026-03-20 06:00:00",Nederland,Wind,Hour,UTC,Providing,Current,543469,543467,0.083007216666667,0,0
"2026-03-20 06:00:00","2026-03-20 07:00:00",Nederland,Wind,Hour,UTC,Providing,Current,496900,496898,0.075894233333333,0,0
"2026-03-20 07:00:00","2026-03-20 08:00:00",Nederland,Wind,Hour,UTC,Providing,Current,747818,747817,0.1142175,0,0
"2026-03-20 08:00:00","2026-03-20 09:00:00",Nederland,Wind,Hour,UTC,Providing,Current,1383259,1383258,0.21127033333333,0,0
"2026-03-20 09:00:00","2026-03-20 10:00:00",Nederland,Wind,Hour,UTC,Providing,Current,1678301,1678301,0.25633233333333,0,0
"2026-03-20 10:00:00","2026-03-20 11:00:00",Nederland,Wind,Hour,UTC,Providing,Current,1456641,1456636,0.2224765,0,0
"2026-03-20 11:00:00","2026-03-20 12:00:00",Nederland,Wind,Hour,UTC,Providing,Current,1397012,1397014,0.2133685,0,0
"2026-03-20 12:00:00","2026-03-20 13:00:00",Nederland,Wind,Hour,UTC,Providing,Current,1476096,1476101,0.22544616666667,0,0
"2026-03-20 13:00:00","2026-03-20 14:00:00",Nederland,Wind,Hour,UTC,Providing,Current,1653286,1653289,0.25250783333333,0,0
"2026-03-20 14:00:00","2026-03-20 15:00:00",Nederland,Wind,Hour,UTC,Providing,Current,2008705,2008708,0.30678983333333,0,0
"2026-03-20 15:00:00","2026-03-20 16:00:00",Nederland,Wind,Hour,UTC,Providing,Current,2159423,2159424,0.3298075,0,0
"2026-03-20 16:00:00","2026-03-20 17:00:00",Nederland,Wind,Hour,UTC,Providing,Current,2476701,2476703,0.37826383333333,0,0
"2026-03-20 17:00:00","2026-03-20 18:00:00",Nederland,Wind,Hour,UTC,Providing,Current,2321334,2321335,0.35453333333333,0,0
"2026-03-20 18:00:00","2026-03-20 19:00:00",Nederland,Wind,Hour,UTC,Providing,Current,1784192,1784194,0.27249533333333,0,0
"2026-03-20 19:00:00","2026-03-20 20:00:00",Nederland,Wind,Hour,UTC,Providing,Current,1362953,1362954,0.20815983333333,0,0
"2026-03-20 20:00:00","2026-03-20 21:00:00",Nederland,Wind,Hour,UTC,Providing,Current,1160885,1160887,0.177298,0,0
"2026-03-20 21:00:00","2026-03-20 22:00:00",Nederland,Wind,Hour,UTC,Providing,Current,1082267,1082269,0.16528983333333,0,0
"2026-03-20 22:00:00","2026-03-20 23:00:00",Nederland,Wind,Hour,UTC,Providing,Current,979041,979038,0.14952416666667,0,0
"2026-03-20 23:00:00","2026-03-21 00:00:00",Nederland,Wind,Hour,UTC,Providing,Current,786519,786519,0.12012066666667,0,0
"2026-03-21 00:00:00","2026-03-21 01:00:00",Nederland,Wind,Hour,UTC,Providing,Current,744129,744128,0.11364633333333,0,0
"2026-03-21 01:00:00","2026-03-21 02:00:00",Nederland,Wind,Hour,UTC,Providing,Current,781159,781156,0.119301,0,0
"2026-03-21 02:00:00","2026-03-21 03:00:00",Nederland,Wind,Hour,UTC,Providing,Current,844979,844982,0.1290475,0,0
"2026-03-21 03:00:00","2026-03-21 04:00:00",Nederland,Wind,Hour,UTC,Providing,Current,672685,672688,0.1027339,0,0
"2026-03-21 04:00:00","2026-03-21 05:00:00",Nederland,Wind,Hour,UTC,Providing,Current,526052,526056,0.080339416666667,0,0
"2026-03-21 05:00:00","2026-03-21 06:00:00",Nederland,Wind,Hour,UTC,Providing,Current,510146,510147,0.07790995,0,0
"2026-03-21 06:00:00","2026-03-21 07:00:00",Nederland,Wind,Hour,UTC,Providing,Current,551264,551264,0.084189116666667,0,0
"2026-03-21 07:00:00","2026-03-21 08:00:00",Nederland,Wind,Hour,UTC,Providing,Current,640841,640841,0.097868866666667,0,0
"2026-03-21 08:00:00","2026-03-21 09:00:00",Nederland,Wind,Hour,UTC,Providing,Current,784494,784497,0.119807,0,0
"2026-03-21 09:00:00","2026-03-21 10:00:00",Nederland,Wind,Hour,UTC,Providing,Current,795103,795104,0.12142666666667,0,0
"2026-03-21 10:00:00","2026-03-21 11:00:00",Nederland,Wind,Hour,UTC,Providing,Current,842364,842360,0.12864383333333,0,0
"2026-03-21 11:00:00","2026-03-21 12:00:00",Nederland,Wind,Hour,UTC,Providing,Current,1030109,1030108,0.157315,0,0
"2026-03-21 12:00:00","2026-03-21 13:00:00",Nederland,Wind,Hour,UTC,Providing,Current,1155740,1155742,0.17650033333333,0,0
"2026-03-21 13:00:00","2026-03-21 14:00:00",Nederland,Wind,Hour,UTC,Providing,Current,1309514,1309514,0.19998316666667,0,0
"2026-03-21 14:00:00","2026-03-21 15:00:00",Nederland,Wind,Hour,UTC,Providing,Current,1573845,1573848,0.24034966666667,0,0
"2026-03-21 15:00:00","2026-03-21 16:00:00",Nederland,Wind,Hour,UTC,Providing,Current,1778478,1778483,0.27159916666667,0,0
"2026-03-21 16:00:00","2026-03-21 17:00:00",Nederland,Wind,Hour,UTC,Providing,Current,2016287,2016288,0.30791466666667,0,0
"2026-03-21 17:00:00","2026-03-21 18:00:00",Nederland,Wind,Hour,UTC,Providing,Current,2135302,2135305,0.3260885,0,0
"2026-03-21 18:00:00","2026-03-21 19:00:00",Nederland,Wind,Hour,UTC,Providing,Current,1759070,1759068,0.268632,0,0
"2026-03-21 19:00:00","2026-03-21 20:00:00",Nederland,Wind,Hour,UTC,Providing,Current,1252592,1252591,0.1912855,0,0
"2026-03-21 20:00:00","2026-03-21 21:00:00",Nederland,Wind,Hour,UTC,Providing,Current,968915,968916,0.14796416666667,0,0
"2026-03-21 21:00:00","2026-03-21 22:00:00",Nederland,Wind,Hour,UTC,Providing,Current,988393,988387,0.150938,0,0
"2026-03-21 22:00:00","2026-03-21 23:00:00",Nederland,Wind,Hour,UTC,Providing,Current,1226597,1226598,0.18731366666667,0,0
"2026-03-21 23:00:00","2026-03-22 00:00:00",Nederland,Wind,Hour,UTC,Providing,Current,1211940,1211940,0.1850745,0,0
"2026-03-22 00:00:00","2026-03-22 01:00:00",Nederland,Wind,Hour,UTC,Providing,Current,1186758,1186761,0.18122816666667,0,0
"2026-03-22 01:00:00","2026-03-22 02:00:00",Nederland,Wind,Hour,UTC,Providing,Current,1097103,1097101,0.1675365,0,0
"2026-03-22 02:00:00","2026-03-22 03:00:00",Nederland,Wind,Hour,UTC,Providing,Current,1040017,1040021,0.15881816666667,0,0
"2026-03-22 03:00:00","2026-03-22 04:00:00",Nederland,Wind,Hour,UTC,Providing,Current,923209,923207,0.14098033333333,0,0
"2026-03-22 04:00:00","2026-03-22 05:00:00",Nederland,Wind,Hour,UTC,Providing,Current,661789,661793,0.10105915,0,0
"2026-03-22 05:00:00","2026-03-22 06:00:00",Nederland,Wind,Hour,UTC,Providing,Current,582610,582612,0.088967816666667,0,0
"2026-03-22 06:00:00","2026-03-22 07:00:00",Nederland,Wind,Hour,UTC,Providing,Current,488075,488071,0.074531483333333,0,0
"2026-03-22 07:00:00","2026-03-22 08:00:00",Nederland,Wind,Hour,UTC,Providing,Current,427250,427250,0.065242916666667,0,0
"2026-03-22 08:00:00","2026-03-22 09:00:00",Nederland,Wind,Hour,UTC,Providing,Current,870211,870211,0.13288426666667,0,0
"2026-03-22 09:00:00","2026-03-22 10:00:00",Nederland,Wind,Hour,UTC,Providing,Current,813412,813414,0.12421066666667,0,0
"2026-03-22 10:00:00","2026-03-22 11:00:00",Nederland,Wind,Hour,UTC,Providing,Current,532012,532014,0.0812396,0,0
"2026-03-22 11:00:00","2026-03-22 12:00:00",Nederland,Wind,Hour,UTC,Providing,Current,464202,464205,0.070884433333333,0,0
"2026-03-22 12:00:00","2026-03-22 13:00:00",Nederland,Wind,Hour,UTC,Providing,Current,446540,446541,0.068187283333333,0,0
"2026-03-22 13:00:00","2026-03-22 14:00:00",Nederland,Wind,Hour,UTC,Providing,Current,503248,503247,0.076846283333333,0,0
"2026-03-22 14:00:00","2026-03-22 15:00:00",Nederland,Wind,Hour,UTC,Providing,Current,514904,514907,0.078625816666667,0,0
"2026-03-22 15:00:00","2026-03-22 16:00:00",Nederland,Wind,Hour,UTC,Providing,Current,607308,607307,0.09273555,0,0
"2026-03-22 16:00:00","2026-03-22 17:00:00",Nederland,Wind,Hour,UTC,Providing,Current,689771,689772,0.105327,0,0
"2026-03-22 17:00:00","2026-03-22 18:00:00",Nederland,Wind,Hour,UTC,Providing,Current,514434,514434,0.07855305,0,0
"2026-03-22 18:00:00","2026-03-22 19:00:00",Nederland,Wind,Hour,UTC,Providing,Current,267293,267296,0.04081505,0,0
"2026-03-22 19:00:00","2026-03-22 20:00:00",Nederland,Wind,Hour,UTC,Providing,Current,152429,152429,0.023275466666667,0,0
"2026-03-22 20:00:00","2026-03-22 21:00:00",Nederland,Wind,Hour,UTC,Providing,Current,128971,128976,0.019693433333333,0,0
"2026-03-22 21:00:00","2026-03-22 22:00:00",Nederland,Wind,Hour,UTC,Providing,Current,80118,80121,0.012233773333333,0,0
"2026-03-22 22:00:00","2026-03-22 23:00:00",Nederland,Wind,Hour,UTC,Providing,Current,76650,76650,0.011704178333333,0,0
"2026-03-22 23:00:00","2026-03-23 00:00:00",Nederland,Wind,Hour,UTC,Providing,Current,54478,54479,0.0083185366666667,0,0
"2026-03-23 00:00:00","2026-03-23 01:00:00",Nederland,Wind,Hour,UTC,Providing,Current,45642,45641,0.0069692633333333,0,0
"2026-03-23 01:00:00","2026-03-23 02:00:00",Nederland,Wind,Hour,UTC,Providing,Current,28209,28209,0.004307335,0,0
"2026-03-23 02:00:00","2026-03-23 03:00:00",Nederland,Wind,Hour,UTC,Providing,Current,31570,31570,0.0048205483333333,0,0
"2026-03-23 03:00:00","2026-03-23 04:00:00",Nederland,Wind,Hour,UTC,Providing,Current,0,0,0,0,0
"2026-03-23 04:00:00","2026-03-23 05:00:00",Nederland,Wind,Hour,UTC,Providing,Current,0,0,0,0,0
"2026-03-23 05:00:00","2026-03-23 06:00:00",Nederland,Wind,Hour,UTC,Providing,Current,7467,7467,0.0011401633333333,0,0
"2026-03-23 06:00:00","2026-03-23 07:00:00",Nederland,Wind,Hour,UTC,Providing,Current,67854,67854,0.010360675,0,0
"2026-03-23 07:00:00","2026-03-23 08:00:00",Nederland,Wind,Hour,UTC,Providing,Current,61975,61974,0.0094629466666667,0,0
"2026-03-23 08:00:00","2026-03-23 09:00:00",Nederland,Wind,Hour,UTC,Providing,Current,92968,92969,0.014195216666667,0,0
"2026-03-23 09:00:00","2026-03-23 10:00:00",Nederland,Wind,Hour,UTC,Providing,Current,125561,125561,0.019171683333333,0,0
"2026-03-23 10:00:00","2026-03-23 11:00:00",Nederland,Wind,Hour,UTC,Providing,Current,21306,21307,0.0032531833333333,0,0
"2026-03-23 11:00:00","2026-03-23 12:00:00",Nederland,Wind,Hour,UTC,Providing,Current,0,0,0,0,0
"2026-03-23 12:00:00","2026-03-23 13:00:00",Nederland,Wind,Hour,UTC,Providing,Current,49504,49504,0.007558625,0,0
"2026-03-23 13:00:00","2026-03-23 14:00:00",Nederland,Wind,Hour,UTC,Providing,Current,142666,142670,0.0217831,0,0
"2026-03-23 14:00:00","2026-03-23 15:00:00",Nederland,Wind,Hour,UTC,Providing,Current,269187,269187,0.04110075,0,0
"2026-03-23 15:00:00","2026-03-23 16:00:00",Nederland,Wind,Hour,UTC,Providing,Current,386065,386063,0.058945933333333,0,0
"2026-03-23 16:00:00","2026-03-23 17:00:00",Nederland,Wind,Hour,UTC,Providing,Current,464133,464133,0.070865433333333,0,0
"2026-03-23 17:00:00","2026-03-23 18:00:00",Nederland,Wind,Hour,UTC,Providing,Current,280871,280869,0.042884216666667,0,0
"2026-03-23 18:00:00","2026-03-23 19:00:00",Nederland,Wind,Hour,UTC,Providing,Current,62607,62607,0.0095589766666667,0,0
"2026-03-23 19:00:00","2026-03-23 20:00:00",Nederland,Wind,Hour,UTC,Providing,Current,46864,46864,0.007155395,0,0
"2026-03-23 20:00:00","2026-03-23 21:00:00",Nederland,Wind,Hour,UTC,Providing,Current,65297,65298,0.0099696883333333,0,0
"2026-03-23 21:00:00","2026-03-23 22:00:00",Nederland,Wind,Hour,UTC,Providing,Current,124072,124072,0.0189434,0,0
"2026-03-23 22:00:00","2026-03-23 23:00:00",Nederland,Wind,Hour,UTC,Providing,Current,193332,193334,0.0295179,0,0
"2026-03-23 23:00:00","2026-03-24 00:00:00",Nederland,Wind,Hour,UTC,Providing,Current,301439,301442,0.046023516666667,0,0
"2026-03-24 00:00:00","2026-03-24 01:00:00",Nederland,Wind,Hour,UTC,Providing,Current,551107,551106,0.084142283333333,0,0
"2026-03-24 01:00:00","2026-03-24 02:00:00",Nederland,Wind,Hour,UTC,Providing,Current,997650,997649,0.152319,0,0
"2026-03-24 02:00:00","2026-03-24 03:00:00",Nederland,Wind,Hour,UTC,Providing,Current,1486518,1486521,0.2269575,0,0
"2026-03-24 03:00:00","2026-03-24 04:00:00",Nederland,Wind,Hour,UTC,Providing,Current,2205007,2205010,0.33665266666667,0,0
"2026-03-24 04:00:00","2026-03-24 05:00:00",Nederland,Wind,Hour,UTC,Providing,Current,2669312,2669316,0.4075395,0,0
"2026-03-24 05:00:00","2026-03-24 06:00:00",Nederland,Wind,Hour,UTC,Providing,Current,2910036,2910039,0.4442905,0,0
"2026-03-24 06:00:00","2026-03-24 07:00:00",Nederland,Wind,Hour,UTC,Providing,Current,3338572,3338575,0.509715,0,0
"2026-03-24 07:00:00","2026-03-24 08:00:00",Nederland,Wind,Hour,UTC,Providing,Current,4160630,4160629,0.63521983333333,0,0
"2026-03-24 08:00:00","2026-03-24 09:00:00",Nederland,Wind,Hour,UTC,Providing,Current,4792793,4792787,0.7317315,0,0
"2026-03-24 09:00:00","2026-03-24 10:00:00",Nederland,Wind,Hour,UTC,Providing,Current,5556589,5556591,0.8483395,0,0
"2026-03-24 10:00:00","2026-03-24 11:00:00",Nederland,Wind,Hour,UTC,Providing,Current,5996499,5996497,0.91549766666667,0,0
"2026-03-24 11:00:00","2026-03-24 12:00:00",Nederland,Wind,Hour,UTC,Providing,Current,6243289,6243289,0.953172,0,0
"2026-03-24 12:00:00","2026-03-24 13:00:00",Nederland,Wind,Hour,UTC,Providing,Current,6004051,6004049,0.9166435,0,0
"2026-03-24 13:00:00","2026-03-24 14:00:00",Nederland,Wind,Hour,UTC,Providing,Current,5959552,5959550,0.909846,0,0
"2026-03-24 14:00:00","2026-03-24 15:00:00",Nederland,Wind,Hour,UTC,Providing,Current,5966308,5966308,0.91087366666667,0,0
"2026-03-24 15:00:00","2026-03-24 16:00:00",Nederland,Wind,Hour,UTC,Providing,Current,5922617,5922617,0.9041995,0,0
"2026-03-24 16:00:00","2026-03-24 17:00:00",Nederland,Wind,Hour,UTC,Providing,Current,6138626,6138622,0.93717333333333,0,0
"2026-03-24 17:00:00","2026-03-24 18:00:00",Nederland,Wind,Hour,UTC,Providing,Current,6121077,6121072,0.9344905,0,0
"2026-03-24 18:00:00","2026-03-24 19:00:00",Nederland,Wind,Hour,UTC,Providing,Current,6009834,6009833,0.9175035,0,0
"2026-03-24 19:00:00","2026-03-24 20:00:00",Nederland,Wind,Hour,UTC,Providing,Current,6064499,6064495,0.92584516666667,0,0
"2026-03-24 20:00:00","2026-03-24 21:00:00",Nederland,Wind,Hour,UTC,Providing,Current,5958475,5958474,0.90965516666667,0,0
"2026-03-24 21:00:00","2026-03-24 22:00:00",Nederland,Wind,Hour,UTC,Providing,Current,5727892,5727890,0.87444966666667,0,0
"2026-03-24 22:00:00","2026-03-24 23:00:00",Nederland,Wind,Hour,UTC,Providing,Current,5799983,5799984,0.8854515,0,0
"2026-03-24 23:00:00","2026-03-25 00:00:00",Nederland,Wind,Hour,UTC,Providing,Current,5793725,5793724,0.8844925,0,0
"2026-03-25 00:00:00","2026-03-25 01:00:00",Nederland,Wind,Hour,UTC,Providing,Current,5444489,5444492,0.83117316666667,0,0
"2026-03-25 01:00:00","2026-03-25 02:00:00",Nederland,Wind,Hour,UTC,Providing,Current,5885033,5885030,0.8984245,0,0
"2026-03-25 02:00:00","2026-03-25 03:00:00",Nederland,Wind,Hour,UTC,Providing,Current,5991923,5991925,0.91473883333333,0,0
"2026-03-25 03:00:00","2026-03-25 04:00:00",Nederland,Wind,Hour,UTC,Providing,Current,5984651,5984650,0.913625,0,0
"2026-03-25 04:00:00","2026-03-25 05:00:00",Nederland,Wind,Hour,UTC,Providing,Current,5955710,5955709,0.909203,0,0
"2026-03-25 05:00:00","2026-03-25 06:00:00",Nederland,Wind,Hour,UTC,Providing,Current,6114084,6114082,0.9333765,0,0
"2026-03-25 06:00:00","2026-03-25 07:00:00",Nederland,Wind,Hour,UTC,Providing,Current,6452942,6452943,0.98510266666667,0,0
"2026-03-25 07:00:00","2026-03-25 08:00:00",Nederland,Wind,Hour,UTC,Providing,Current,5879424,5879425,0.897546,0,0
"2026-03-25 08:00:00","2026-03-25 09:00:00",Nederland,Wind,Hour,UTC,Providing,Current,5408412,5408411,0.82563833333333,0,0
"2026-03-25 09:00:00","2026-03-25 10:00:00",Nederland,Wind,Hour,UTC,Providing,Current,5329786,5329790,0.81363216666667,0,0
"2026-03-25 10:00:00","2026-03-25 11:00:00",Nederland,Wind,Hour,UTC,Providing,Current,5523363,5523365,0.8431795,0,0
"2026-03-25 11:00:00","2026-03-25 12:00:00",Nederland,Wind,Hour,UTC,Providing,Current,5756249,5756248,0.87872783333333,0,0
"2026-03-25 12:00:00","2026-03-25 13:00:00",Nederland,Wind,Hour,UTC,Providing,Current,5907993,5907995,0.90188866666667,0,0
"2026-03-25 13:00:00","2026-03-25 14:00:00",Nederland,Wind,Hour,UTC,Providing,Current,6018921,6018925,0.91881883333333,0,0
"2026-03-25 14:00:00","2026-03-25 15:00:00",Nederland,Wind,Hour,UTC,Providing,Current,5881338,5881337,0.89781233333333,0,0
"2026-03-25 15:00:00","2026-03-25 16:00:00",Nederland,Wind,Hour,UTC,Providing,Current,5861964,5861965,0.89485116666667,0,0
"2026-03-25 16:00:00","2026-03-25 17:00:00",Nederland,Wind,Hour,UTC,Providing,Current,5226093,5226096,0.79777983333333,0,0
"2026-03-25 17:00:00","2026-03-25 18:00:00",Nederland,Wind,Hour,UTC,Providing,Current,4848420,4848421,0.7401235,0,0
"2026-03-25 18:00:00","2026-03-25 19:00:00",Nederland,Wind,Hour,UTC,Providing,Current,4061347,4061347,0.6199725,0,0
"2026-03-25 19:00:00","2026-03-25 20:00:00",Nederland,Wind,Hour,UTC,Providing,Current,3782862,3782867,0.57745866666667,0,0
"2026-03-25 20:00:00","2026-03-25 21:00:00",Nederland,Wind,Hour,UTC,Providing,Current,2366517,2366518,0.3612505,0,0
"2026-03-25 21:00:00","2026-03-25 22:00:00",Nederland,Wind,Hour,UTC,Providing,Current,1602604,1602609,0.2446375,0,0
"2026-03-25 22:00:00","2026-03-25 23:00:00",Nederland,Wind,Hour,UTC,Providing,Current,1620885,1620883,0.24742716666667,0,0
"2026-03-25 23:00:00","2026-03-26 00:00:00",Nederland,Wind,Hour,UTC,Providing,Current,2013361,2013360,0.307337,0,0
"2026-03-26 00:00:00","2026-03-26 01:00:00",Nederland,Wind,Hour,UTC,Providing,Current,2654085,2654085,0.40514133333333,0,0
"2026-03-26 01:00:00","2026-03-26 02:00:00",Nederland,Wind,Hour,UTC,Providing,Current,2580659,2580659,0.39393116666667,0,0
"2026-03-26 02:00:00","2026-03-26 03:00:00",Nederland,Wind,Hour,UTC,Providing,Current,3009190,3009194,0.45934333333333,0,0
"2026-03-26 03:00:00","2026-03-26 04:00:00",Nederland,Wind,Hour,UTC,Providing,Current,2973010,2973009,0.45381883333333,0,0
"2026-03-26 04:00:00","2026-03-26 05:00:00",Nederland,Wind,Hour,UTC,Providing,Current,2866610,2866606,0.4375755,0,0
"2026-03-26 05:00:00","2026-03-26 06:00:00",Nederland,Wind,Hour,UTC,Providing,Current,2506054,2506058,0.3825365,0,0
"2026-03-26 06:00:00","2026-03-26 07:00:00",Nederland,Wind,Hour,UTC,Providing,Current,3050774,3050773,0.46568333333333,0,0
"2026-03-26 07:00:00","2026-03-26 08:00:00",Nederland,Wind,Hour,UTC,Providing,Current,3027480,3027480,0.46212566666667,0,0
"2026-03-26 08:00:00","2026-03-26 09:00:00",Nederland,Wind,Hour,UTC,Providing,Current,3560986,3560990,0.54356,0,0
"2026-03-26 09:00:00","2026-03-26 10:00:00",Nederland,Wind,Hour,UTC,Providing,Current,4407776,4407776,0.67281366666667,0,0
"2026-03-26 10:00:00","2026-03-26 11:00:00",Nederland,Wind,Hour,UTC,Providing,Current,4913737,4913741,0.7500415,0,0
"2026-03-26 11:00:00","2026-03-26 12:00:00",Nederland,Wind,Hour,UTC,Providing,Current,5307181,5307184,0.81009416666667,0,0
"2026-03-26 12:00:00","2026-03-26 13:00:00",Nederland,Wind,Hour,UTC,Providing,Current,5680448,5680447,0.8670665,0,0
"2026-03-26 13:00:00","2026-03-26 14:00:00",Nederland,Wind,Hour,UTC,Providing,Current,5583639,5583640,0.85228633333333,0,0
"2026-03-26 14:00:00","2026-03-26 15:00:00",Nederland,Wind,Hour,UTC,Providing,Current,5185624,5185628,0.79153016666667,0,0
"2026-03-26 15:00:00","2026-03-26 16:00:00",Nederland,Wind,Hour,UTC,Providing,Current,5215989,5215989,0.7961615,0,0
"2026-03-26 16:00:00","2026-03-26 17:00:00",Nederland,Wind,Hour,UTC,Providing,Current,4989642,4989644,0.761609,0,0
"2026-03-26 17:00:00","2026-03-26 18:00:00",Nederland,Wind,Hour,UTC,Providing,Current,4055814,4055815,0.61906916666667,0,0
"2026-03-26 18:00:00","2026-03-26 19:00:00",Nederland,Wind,Hour,UTC,Providing,Current,2168940,2168940,0.33106,0,0
"2026-03-26 19:00:00","2026-03-26 20:00:00",Nederland,Wind,Hour,UTC,Providing,Current,1944591,1944593,0.29681483333333,0,0
"2026-03-26 20:00:00","2026-03-26 21:00:00",Nederland,Wind,Hour,UTC,Providing,Current,1444175,1444175,0.2204325,0,0
"2026-03-26 21:00:00","2026-03-26 22:00:00",Nederland,Wind,Hour,UTC,Providing,Current,880799,880801,0.1344405,0,0
"2026-03-26 22:00:00","2026-03-26 23:00:00",Nederland,Wind,Hour,UTC,Providing,Current,551908,551908,0.084240133333333,0,0
"2026-03-26 23:00:00","2026-03-27 00:00:00",Nederland,Wind,Hour,UTC,Providing,Current,398344,398342,0.060800766666667,0,0
"2026-03-27 00:00:00","2026-03-27 01:00:00",Nederland,Wind,Hour,UTC,Providing,Current,221595,221592,0.033822716666667,0,0
"2026-03-27 01:00:00","2026-03-27 02:00:00",Nederland,Wind,Hour,UTC,Providing,Current,164756,164755,0.02514715,0,0
"2026-03-27 02:00:00","2026-03-27 03:00:00",Nederland,Wind,Hour,UTC,Providing,Current,148852,148852,0.022719616666667,0,0
"2026-03-27 03:00:00","2026-03-27 04:00:00",Nederland,Wind,Hour,UTC,Providing,Current,170285,170285,0.025990816666667,0,0
"2026-03-27 04:00:00","2026-03-27 05:00:00",Nederland,Wind,Hour,UTC,Providing,Current,217014,217012,0.03312305,0,0
"2026-03-27 05:00:00","2026-03-27 06:00:00",Nederland,Wind,Hour,UTC,Providing,Current,308724,308724,0.0471205,0,0
"2026-03-27 06:00:00","2026-03-27 07:00:00",Nederland,Wind,Hour,UTC,Providing,Current,453143,453146,0.069162866666667,0,0
"2026-03-27 07:00:00","2026-03-27 08:00:00",Nederland,Wind,Hour,UTC,Providing,Current,866130,866132,0.13219611666667,0,0
"2026-03-27 08:00:00","2026-03-27 09:00:00",Nederland,Wind,Hour,UTC,Providing,Current,1821202,1821200,0.27796633333333,0,0
"2026-03-27 09:00:00","2026-03-27 10:00:00",Nederland,Wind,Hour,UTC,Providing,Current,3674722,3674720,0.560863,0,0
"2026-03-27 10:00:00","2026-03-27 11:00:00",Nederland,Wind,Hour,UTC,Providing,Current,4900247,4900248,0.7479085,0,0
"2026-03-27 11:00:00","2026-03-27 12:00:00",Nederland,Wind,Hour,UTC,Providing,Current,5303485,5303482,0.80944983333333,0,0
"2026-03-27 12:00:00","2026-03-27 13:00:00",Nederland,Wind,Hour,UTC,Providing,Current,5579708,5579707,0.85160516666667,0,0
"2026-03-27 13:00:00","2026-03-27 14:00:00",Nederland,Wind,Hour,UTC,Providing,Current,5543612,5543614,0.84609283333333,0,0
"2026-03-27 14:00:00","2026-03-27 15:00:00",Nederland,Wind,Hour,UTC,Providing,Current,5580562,5580563,0.85172866666667,0,0
"2026-03-27 15:00:00","2026-03-27 16:00:00",Nederland,Wind,Hour,UTC,Providing,Current,5454664,5454663,0.83251033333333,0,0
"2026-03-27 16:00:00","2026-03-27 17:00:00",Nederland,Wind,Hour,UTC,Providing,Current,5028726,5028724,0.76749883333333,0,0
"2026-03-27 17:00:00","2026-03-27 18:00:00",Nederland,Wind,Hour,UTC,Providing,Current,4798309,4798301,0.73232866666667,0,0
"2026-03-27 18:00:00","2026-03-27 19:00:00",Nederland,Wind,Hour,UTC,Providing,Current,4517651,4517652,0.68949133333333,0,0
"2026-03-27 19:00:00","2026-03-27 20:00:00",Nederland,Wind,Hour,UTC,Providing,Current,4626427,4626426,0.70609033333333,0,0
"2026-03-27 20:00:00","2026-03-27 21:00:00",Nederland,Wind,Hour,UTC,Providing,Current,5048179,5048181,0.77045516666667,0,0
"2026-03-27 21:00:00","2026-03-27 22:00:00",Nederland,Wind,Hour,UTC,Providing,Current,5420013,5420013,0.82720133333333,0,0
"2026-03-27 22:00:00","2026-03-27 23:00:00",Nederland,Wind,Hour,UTC,Providing,Current,5749667,5749666,0.87750916666667,0,0
"2026-03-27 23:00:00","2026-03-28 00:00:00",Nederland,Wind,Hour,UTC,Providing,Current,5441881,5441880,0.83053166666667,0,0
"2026-03-28 00:00:00","2026-03-28 01:00:00",Nederland,Wind,Hour,UTC,Providing,Current,4165826,4165829,0.63577966666667,0,0
"2026-03-28 01:00:00","2026-03-28 02:00:00",Nederland,Wind,Hour,UTC,Providing,Current,2980556,2980558,0.45488433333333,0,0
"2026-03-28 02:00:00","2026-03-28 03:00:00",Nederland,Wind,Hour,UTC,Providing,Current,2204932,2204936,0.33650933333333,0,0
"2026-03-28 03:00:00","2026-03-28 04:00:00",Nederland,Wind,Hour,UTC,Providing,Current,1469263,1469265,0.22423333333333,0,0
"2026-03-28 04:00:00","2026-03-28 05:00:00",Nederland,Wind,Hour,UTC,Providing,Current,1229541,1229541,0.1876465,0,0
"2026-03-28 05:00:00","2026-03-28 06:00:00",Nederland,Wind,Hour,UTC,Providing,Current,1489381,1489381,0.2273015,0,0
"2026-03-28 06:00:00","2026-03-28 07:00:00",Nederland,Wind,Hour,UTC,Providing,Current,1655465,1655462,0.252647,0,0
"2026-03-28 07:00:00","2026-03-28 08:00:00",Nederland,Wind,Hour,UTC,Providing,Current,2043973,2043973,0.31193766666667,0,0
"2026-03-28 08:00:00","2026-03-28 09:00:00",Nederland,Wind,Hour,UTC,Providing,Current,2750942,2750942,0.419829,0,0
"2026-03-28 09:00:00","2026-03-28 10:00:00",Nederland,Wind,Hour,UTC,Providing,Current,3982724,3982725,0.60781216666667,0,0
"2026-03-28 10:00:00","2026-03-28 11:00:00",Nederland,Wind,Hour,UTC,Providing,Current,4991987,4991987,0.76183483333333,0,0
"2026-03-28 11:00:00","2026-03-28 12:00:00",Nederland,Wind,Hour,UTC,Providing,Current,5569421,5569427,0.8499545,0,0
"2026-03-28 12:00:00","2026-03-28 13:00:00",Nederland,Wind,Hour,UTC,Providing,Current,5625611,5625615,0.85852633333333,0,0
"2026-03-28 13:00:00","2026-03-28 14:00:00",Nederland,Wind,Hour,UTC,Providing,Current,5829293,5829292,0.88960666666667,0,0
"2026-03-28 14:00:00","2026-03-28 15:00:00",Nederland,Wind,Hour,UTC,Providing,Current,5923996,5923994,0.9040555,0,0
"2026-03-28 15:00:00","2026-03-28 16:00:00",Nederland,Wind,Hour,UTC,Providing,Current,5486065,5486066,0.83721966666667,0,0
"2026-03-28 16:00:00","2026-03-28 17:00:00",Nederland,Wind,Hour,UTC,Providing,Current,4674293,4674293,0.7133335,0,0
"2026-03-28 17:00:00","2026-03-28 18:00:00",Nederland,Wind,Hour,UTC,Providing,Current,3463292,3463291,0.52852316666667,0,0
"2026-03-28 18:00:00","2026-03-28 19:00:00",Nederland,Wind,Hour,UTC,Providing,Current,2227591,2227590,0.33994516666667,0,0
"2026-03-28 19:00:00","2026-03-28 20:00:00",Nederland,Wind,Hour,UTC,Providing,Current,1716930,1716932,0.26201366666667,0,0
"2026-03-28 20:00:00","2026-03-28 21:00:00",Nederland,Wind,Hour,UTC,Providing,Current,1608530,1608527,0.24547016666667,0,0
"2026-03-28 21:00:00","2026-03-28 22:00:00",Nederland,Wind,Hour,UTC,Providing,Current,1085161,1085162,0.16560083333333,0,0
"2026-03-28 22:00:00","2026-03-28 23:00:00",Nederland,Wind,Hour,UTC,Providing,Current,1032339,1032340,0.157539,0,0
"2026-03-28 23:00:00","2026-03-29 00:00:00",Nederland,Wind,Hour,UTC,Providing,Current,933338,933340,0.1424305,0,0
"2026-03-29 00:00:00","2026-03-29 01:00:00",Nederland,Wind,Hour,UTC,Providing,Current,750425,750427,0.11451695,0,0
"2026-03-29 01:00:00","2026-03-29 02:00:00",Nederland,Wind,Hour,UTC,Providing,Current,534090,534090,0.081503283333333,0,0
"2026-03-29 02:00:00","2026-03-29 03:00:00",Nederland,Wind,Hour,UTC,Providing,Current,420097,420098,0.064107533333333,0,0
"2026-03-29 03:00:00","2026-03-29 04:00:00",Nederland,Wind,Hour,UTC,Providing,Current,352594,352595,0.05380625,0,0
"2026-03-29 04:00:00","2026-03-29 05:00:00",Nederland,Wind,Hour,UTC,Providing,Current,267368,267371,0.040800466666667,0,0
"2026-03-29 05:00:00","2026-03-29 06:00:00",Nederland,Wind,Hour,UTC,Providing,Current,235176,235175,0.035887783333333,0,0
"2026-03-29 06:00:00","2026-03-29 07:00:00",Nederland,Wind,Hour,UTC,Providing,Current,238479,238479,0.036391683333333,0,0
"2026-03-29 07:00:00","2026-03-29 08:00:00",Nederland,Wind,Hour,UTC,Providing,Current,232299,232298,0.035448466666667,0,0
"2026-03-29 08:00:00","2026-03-29 09:00:00",Nederland,Wind,Hour,UTC,Providing,Current,651454,651451,0.099410433333333,0,0
"2026-03-29 09:00:00","2026-03-29 10:00:00",Nederland,Wind,Hour,UTC,Providing,Current,1554354,1554356,0.23719,0,0
"2026-03-29 10:00:00","2026-03-29 11:00:00",Nederland,Wind,Hour,UTC,Providing,Current,2604553,2604551,0.39744566666667,0,0
"2026-03-29 11:00:00","2026-03-29 12:00:00",Nederland,Wind,Hour,UTC,Providing,Current,3956276,3956275,0.60371133333333,0,0
"2026-03-29 12:00:00","2026-03-29 13:00:00",Nederland,Wind,Hour,UTC,Providing,Current,5270138,5270140,0.80419766666667,0,0
"2026-03-29 13:00:00","2026-03-29 14:00:00",Nederland,Wind,Hour,UTC,Providing,Current,5844851,5844853,0.89189216666667,0,0
"2026-03-29 14:00:00","2026-03-29 15:00:00",Nederland,Wind,Hour,UTC,Providing,Current,6033636,6033633,0.92069633333333,0,0
"2026-03-29 15:00:00","2026-03-29 16:00:00",Nederland,Wind,Hour,UTC,Providing,Current,5822166,5822163,0.8884235,0,0
"2026-03-29 16:00:00","2026-03-29 17:00:00",Nederland,Wind,Hour,UTC,Providing,Current,5977315,5977315,0.91209433333333,0,0
"2026-03-29 17:00:00","2026-03-29 18:00:00",Nederland,Wind,Hour,UTC,Providing,Current,5864998,5865000,0.894952,0,0
"2026-03-29 18:00:00","2026-03-29 19:00:00",Nederland,Wind,Hour,UTC,Providing,Current,6233420,6233422,0.95116633333333,0,0
"2026-03-29 19:00:00","2026-03-29 20:00:00",Nederland,Wind,Hour,UTC,Providing,Current,6398201,6398201,0.97630633333333,0,0
"2026-03-29 20:00:00","2026-03-29 21:00:00",Nederland,Wind,Hour,UTC,Providing,Current,6472478,6472481,0.98763666666667,0,0
"2026-03-29 21:00:00","2026-03-29 22:00:00",Nederland,Wind,Hour,UTC,Providing,Current,6423055,6423059,0.98009083333333,0,0
"2026-03-29 22:00:00","2026-03-29 23:00:00",Nederland,Wind,Hour,UTC,Providing,Current,6335005,6335007,0.96665116666667,0,0
"2026-03-29 23:00:00","2026-03-30 00:00:00",Nederland,Wind,Hour,UTC,Providing,Current,5929626,5929632,0.90479133333333,0,0
"2026-03-30 00:00:00","2026-03-30 01:00:00",Nederland,Wind,Hour,UTC,Providing,Current,4563777,4563777,0.696376,0,0
"2026-03-30 01:00:00","2026-03-30 02:00:00",Nederland,Wind,Hour,UTC,Providing,Current,5070617,5070617,0.7737105,0,0
"2026-03-30 02:00:00","2026-03-30 03:00:00",Nederland,Wind,Hour,UTC,Providing,Current,5411884,5411888,0.82577966666667,0,0
"2026-03-30 03:00:00","2026-03-30 04:00:00",Nederland,Wind,Hour,UTC,Providing,Current,5647231,5647235,0.86168716666667,0,0
"2026-03-30 04:00:00","2026-03-30 05:00:00",Nederland,Wind,Hour,UTC,Providing,Current,5585482,5585483,0.85226116666667,0,0
"2026-03-30 05:00:00","2026-03-30 06:00:00",Nederland,Wind,Hour,UTC,Providing,Current,4824181,4824181,0.73609533333333,0,0
"2026-03-30 06:00:00","2026-03-30 07:00:00",Nederland,Wind,Hour,UTC,Providing,Current,4289959,4289959,0.65457833333333,0,0
"2026-03-30 07:00:00","2026-03-30 08:00:00",Nederland,Wind,Hour,UTC,Providing,Current,4442282,4442282,0.67781766666667,0,0
"2026-03-30 08:00:00","2026-03-30 09:00:00",Nederland,Wind,Hour,UTC,Providing,Current,5228060,5228064,0.797711,0,0
"2026-03-30 09:00:00","2026-03-30 10:00:00",Nederland,Wind,Hour,UTC,Providing,Current,5932554,5932558,0.90520083333333,0,0
"2026-03-30 10:00:00","2026-03-30 11:00:00",Nederland,Wind,Hour,UTC,Providing,Current,5938969,5938968,0.906176,0,0
"2026-03-30 11:00:00","2026-03-30 12:00:00",Nederland,Wind,Hour,UTC,Providing,Current,5981566,5981570,0.91267133333333,0,0
"2026-03-30 12:00:00","2026-03-30 13:00:00",Nederland,Wind,Hour,UTC,Providing,Current,6056059,6056057,0.924034,0,0
"2026-03-30 13:00:00","2026-03-30 14:00:00",Nederland,Wind,Hour,UTC,Providing,Current,6149424,6149424,0.93827533333333,0,0
"2026-03-30 14:00:00","2026-03-30 15:00:00",Nederland,Wind,Hour,UTC,Providing,Current,6203941,6203944,0.94659,0,0
"2026-03-30 15:00:00","2026-03-30 16:00:00",Nederland,Wind,Hour,UTC,Providing,Current,6125624,6125626,0.9346365,0,0
"2026-03-30 16:00:00","2026-03-30 17:00:00",Nederland,Wind,Hour,UTC,Providing,Current,5828316,5828318,0.88927016666667,0,0
"2026-03-30 17:00:00","2026-03-30 18:00:00",Nederland,Wind,Hour,UTC,Providing,Current,4571861,4571858,0.6975605,0,0
"2026-03-30 18:00:00","2026-03-30 19:00:00",Nederland,Wind,Hour,UTC,Providing,Current,3484447,3484444,0.531644,0,0
"2026-03-30 19:00:00","2026-03-30 20:00:00",Nederland,Wind,Hour,UTC,Providing,Current,2572113,2572112,0.39244183333333,0,0
"2026-03-30 20:00:00","2026-03-30 21:00:00",Nederland,Wind,Hour,UTC,Providing,Current,1889780,1889780,0.28833316666667,0,0
"2026-03-30 21:00:00","2026-03-30 22:00:00",Nederland,Wind,Hour,UTC,Providing,Current,1223159,1223161,0.18662283333333,0,0
"2026-03-30 22:00:00","2026-03-30 23:00:00",Nederland,Wind,Hour,UTC,Providing,Current,872874,872871,0.133178,0,0
"2026-03-30 23:00:00","2026-03-31 00:00:00",Nederland,Wind,Hour,UTC,Providing,Current,661256,661258,0.1008898,0,0
"2026-03-31 00:00:00","2026-03-31 01:00:00",Nederland,Wind,Hour,UTC,Providing,Current,696155,696157,0.10621416666667,0,0
"2026-03-31 01:00:00","2026-03-31 02:00:00",Nederland,Wind,Hour,UTC,Providing,Current,846360,846365,0.12913066666667,0,0
"2026-03-31 02:00:00","2026-03-31 03:00:00",Nederland,Wind,Hour,UTC,Providing,Current,803769,803768,0.12263233333333,0,0
"2026-03-31 03:00:00","2026-03-31 04:00:00",Nederland,Wind,Hour,UTC,Providing,Current,699464,699463,0.10671766666667,0,0
"2026-03-31 04:00:00","2026-03-31 05:00:00",Nederland,Wind,Hour,UTC,Providing,Current,595606,595605,0.090871633333333,0,0
"2026-03-31 05:00:00","2026-03-31 06:00:00",Nederland,Wind,Hour,UTC,Providing,Current,467497,467496,0.07132575,0,0
"2026-03-31 06:00:00","2026-03-31 07:00:00",Nederland,Wind,Hour,UTC,Providing,Current,434778,434780,0.066333633333333,0,0
"2026-03-31 07:00:00","2026-03-31 08:00:00",Nederland,Wind,Hour,UTC,Providing,Current,568287,568290,0.086702616666667,0,0
"2026-03-31 08:00:00","2026-03-31 09:00:00",Nederland,Wind,Hour,UTC,Providing,Current,967178,967181,0.14756,0,0
"2026-03-31 09:00:00","2026-03-31 10:00:00",Nederland,Wind,Hour,UTC,Providing,Current,1351187,1351190,0.20614633333333,0,0
"2026-03-31 10:00:00","2026-03-31 11:00:00",Nederland,Wind,Hour,UTC,Providing,Current,1552241,1552244,0.23681983333333,0,0
"2026-03-31 11:00:00","2026-03-31 12:00:00",Nederland,Wind,Hour,UTC,Providing,Current,1985723,1985723,0.30295316666667,0,0
"2026-03-31 12:00:00","2026-03-31 13:00:00",Nederland,Wind,Hour,UTC,Providing,Current,2465239,2465243,0.37610933333333,0,0
"2026-03-31 13:00:00","2026-03-31 14:00:00",Nederland,Wind,Hour,UTC,Providing,Current,2534774,2534772,0.38671583333333,0,0
"2026-03-31 14:00:00","2026-03-31 15:00:00",Nederland,Wind,Hour,UTC,Providing,Current,2349865,2349864,0.358504,0,0
"2026-03-31 15:00:00","2026-03-31 16:00:00",Nederland,Wind,Hour,UTC,Providing,Current,2210852,2210851,0.33729466666667,0,0
"2026-03-31 16:00:00","2026-03-31 17:00:00",Nederland,Wind,Hour,UTC,Providing,Current,1935909,1935911,0.29534716666667,0,0
"2026-03-31 17:00:00","2026-03-31 18:00:00",Nederland,Wind,Hour,UTC,Providing,Current,1242565,1242564,0.189568,0,0
"2026-03-31 18:00:00","2026-03-31 19:00:00",Nederland,Wind,Hour,UTC,Providing,Current,450122,450122,0.068671216666667,0,0
"2026-03-31 19:00:00","2026-03-31 20:00:00",Nederland,Wind,Hour,UTC,Providing,Current,129315,129317,0.019728496666667,0,0
"2026-03-31 20:00:00","2026-03-31 21:00:00",Nederland,Wind,Hour,UTC,Providing,Current,16588,16588,0.0025306666666667,0,0
"2026-03-31 21:00:00","2026-03-31 22:00:00",Nederland,Wind,Hour,UTC,Providing,Current,0,0,0,0,0
"2026-03-31 22:00:00","2026-03-31 23:00:00",Nederland,Wind,Hour,UTC,Providing,Current,0,0,0,0,0
"2026-03-31 23:00:00","2026-04-01 00:00:00",Nederland,Wind,Hour,UTC,Providing,Current,0,0,0,0,0
"2026-04-01 00:00:00","2026-04-01 01:00:00",Nederland,Wind,Hour,UTC,Providing,Current,0,0,0,0,0
"2026-04-01 01:00:00","2026-04-01 02:00:00",Nederland,Wind,Hour,UTC,Providing,Current,0,0,0,0,0
"2026-04-01 02:00:00","2026-04-01 03:00:00",Nederland,Wind,Hour,UTC,Providing,Current,0,0,0,0,0
"2026-04-01 03:00:00","2026-04-01 04:00:00",Nederland,Wind,Hour,UTC,Providing,Current,0,0,0,0,0
"2026-04-01 04:00:00","2026-04-01 05:00:00",Nederland,Wind,Hour,UTC,Providing,Current,0,0,0,0,0
"2026-04-01 05:00:00","2026-04-01 06:00:00",Nederland,Wind,Hour,UTC,Providing,Current,0,0,0,0,0
"2026-04-01 06:00:00","2026-04-01 07:00:00",Nederland,Wind,Hour,UTC,Providing,Current,2210,2210,0.00033719333333333,0,0
"2026-04-01 07:00:00","2026-04-01 08:00:00",Nederland,Wind,Hour,UTC,Providing,Current,88989,88989,0.013575578333333,0,0
"2026-04-01 08:00:00","2026-04-01 09:00:00",Nederland,Wind,Hour,UTC,Providing,Current,239559,239560,0.036545333333333,0,0
"2026-04-01 09:00:00","2026-04-01 10:00:00",Nederland,Wind,Hour,UTC,Providing,Current,449483,449481,0.068569383333333,0,0
"2026-04-01 10:00:00","2026-04-01 11:00:00",Nederland,Wind,Hour,UTC,Providing,Current,576407,576410,0.087931666666667,0,0
"2026-04-01 11:00:00","2026-04-01 12:00:00",Nederland,Wind,Hour,UTC,Providing,Current,642705,642707,0.098045,0,0
"2026-04-01 12:00:00","2026-04-01 13:00:00",Nederland,Wind,Hour,UTC,Providing,Current,594066,594065,0.090624666666667,0,0
"2026-04-01 13:00:00","2026-04-01 14:00:00",Nederland,Wind,Hour,UTC,Providing,Current,456149,456147,0.0695853,0,0
"2026-04-01 14:00:00","2026-04-01 15:00:00",Nederland,Wind,Hour,UTC,Providing,Current,334700,334702,0.05105815,0,0
"2026-04-01 15:00:00","2026-04-01 16:00:00",Nederland,Wind,Hour,UTC,Providing,Current,314312,314313,0.04794765,0,0
"2026-04-01 16:00:00","2026-04-01 17:00:00",Nederland,Wind,Hour,UTC,Providing,Current,261527,261527,0.039895283333333,0,0
"2026-04-01 17:00:00","2026-04-01 18:00:00",Nederland,Wind,Hour,UTC,Providing,Current,93153,93153,0.014210333333333,0,0
"2026-04-01 18:00:00","2026-04-01 19:00:00",Nederland,Wind,Hour,UTC,Providing,Current,1123,1123,0.000171335,0,0
"2026-04-01 19:00:00","2026-04-01 20:00:00",Nederland,Wind,Hour,UTC,Providing,Current,0,0,0,0,0
"2026-04-01 20:00:00","2026-04-01 21:00:00",Nederland,Wind,Hour,UTC,Providing,Current,0,0,0,0,0
"2026-04-01 21:00:00","2026-04-01 22:00:00",Nederland,Wind,Hour,UTC,Providing,Current,8777,8777,0.001338955,0,0
"2026-04-01 22:00:00","2026-04-01 23:00:00",Nederland,Wind,Hour,UTC,Providing,Current,0,0,0,0,0
"2026-04-01 23:00:00","2026-04-02 00:00:00",Nederland,Wind,Hour,UTC,Providing,Current,80857,80859,0.012334248333333,0,0
"2026-04-02 00:00:00","2026-04-02 01:00:00",Nederland,Wind,Hour,UTC,Providing,Current,218913,218912,0.0333936,0,0
"2026-04-02 01:00:00","2026-04-02 02:00:00",Nederland,Wind,Hour,UTC,Providing,Current,269267,269270,0.041074466666667,0,0
"2026-04-02 02:00:00","2026-04-02 03:00:00",Nederland,Wind,Hour,UTC,Providing,Current,147523,147524,0.022503366666667,0,0
"2026-04-02 03:00:00","2026-04-02 04:00:00",Nederland,Wind,Hour,UTC,Providing,Current,192967,192969,0.029435333333333,0,0
"2026-04-02 04:00:00","2026-04-02 05:00:00",Nederland,Wind,Hour,UTC,Providing,Current,246565,246564,0.037610966666667,0,0
"2026-04-02 05:00:00","2026-04-02 06:00:00",Nederland,Wind,Hour,UTC,Providing,Current,307331,307332,0.046880033333333,0,0
"2026-04-02 06:00:00","2026-04-02 07:00:00",Nederland,Wind,Hour,UTC,Providing,Current,271915,271917,0.041477566666667,0,0
"2026-04-02 07:00:00","2026-04-02 08:00:00",Nederland,Wind,Hour,UTC,Providing,Current,390270,390270,0.05953105,0,0
"2026-04-02 08:00:00","2026-04-02 09:00:00",Nederland,Wind,Hour,UTC,Providing,Current,881185,881185,0.13441355,0,0
"2026-04-02 09:00:00","2026-04-02 10:00:00",Nederland,Wind,Hour,UTC,Providing,Current,1598194,1598196,0.24378316666667,0,0
"2026-04-02 10:00:00","2026-04-02 11:00:00",Nederland,Wind,Hour,UTC,Providing,Current,2554516,2554514,0.38965566666667,0,0
"2026-04-02 11:00:00","2026-04-02 12:00:00",Nederland,Wind,Hour,UTC,Providing,Current,3101470,3101473,0.47308383333333,0,0
"2026-04-02 12:00:00","2026-04-02 13:00:00",Nederland,Wind,Hour,UTC,Providing,Current,3657518,3657516,0.55789866666667,0,0
"2026-04-02 13:00:00","2026-04-02 14:00:00",Nederland,Wind,Hour,UTC,Providing,Current,3975211,3975213,0.6063555,0,0
"2026-04-02 14:00:00","2026-04-02 15:00:00",Nederland,Wind,Hour,UTC,Providing,Current,3980606,3980603,0.60717566666667,0,0
"2026-04-02 15:00:00","2026-04-02 16:00:00",Nederland,Wind,Hour,UTC,Providing,Current,3805591,3805590,0.5804775,0,0
"2026-04-02 16:00:00","2026-04-02 17:00:00",Nederland,Wind,Hour,UTC,Providing,Current,3554901,3554902,0.542237,0,0
"2026-04-02 17:00:00","2026-04-02 18:00:00",Nederland,Wind,Hour,UTC,Providing,Current,2414201,2414198,0.36824183333333,0,0
"2026-04-02 18:00:00","2026-04-02 19:00:00",Nederland,Wind,Hour,UTC,Providing,Current,1094380,1094384,0.166927,0,0
"2026-04-02 19:00:00","2026-04-02 20:00:00",Nederland,Wind,Hour,UTC,Providing,Current,513689,513689,0.078353266666667,0,0
"2026-04-02 20:00:00","2026-04-02 21:00:00",Nederland,Wind,Hour,UTC,Providing,Current,174548,174547,0.026623758333333,0,0
"2026-04-02 21:00:00","2026-04-02 22:00:00",Nederland,Wind,Hour,UTC,Providing,Current,40647,40647,0.006199925,0,0
"2026-04-02 22:00:00","2026-04-02 23:00:00",Nederland,Wind,Hour,UTC,Providing,Current,41203,41203,0.0062846516666667,0,0
"2026-04-02 23:00:00","2026-04-03 00:00:00",Nederland,Wind,Hour,UTC,Providing,Current,43506,43507,0.00663598,0,0
"2026-04-03 00:00:00","2026-04-03 01:00:00",Nederland,Wind,Hour,UTC,Providing,Current,55396,55395,0.008449395,0,0
"2026-04-03 01:00:00","2026-04-03 02:00:00",Nederland,Wind,Hour,UTC,Providing,Current,63709,63708,0.0097173383333333,0,0
"2026-04-03 02:00:00","2026-04-03 03:00:00",Nederland,Wind,Hour,UTC,Providing,Current,143076,143076,0.02182285,0,0
"2026-04-03 03:00:00","2026-04-03 04:00:00",Nederland,Wind,Hour,UTC,Providing,Current,305243,305242,0.046557383333333,0,0
"2026-04-03 04:00:00","2026-04-03 05:00:00",Nederland,Wind,Hour,UTC,Providing,Current,551012,551009,0.084042933333333,0,0
"2026-04-03 05:00:00","2026-04-03 06:00:00",Nederland,Wind,Hour,UTC,Providing,Current,788376,788376,0.12024633333333,0,0
"2026-04-03 06:00:00","2026-04-03 07:00:00",Nederland,Wind,Hour,UTC,Providing,Current,1167165,1167167,0.17801983333333,0,0
"2026-04-03 07:00:00","2026-04-03 08:00:00",Nederland,Wind,Hour,UTC,Providing,Current,1989562,1989564,0.3034535,0,0
"2026-04-03 08:00:00","2026-04-03 09:00:00",Nederland,Wind,Hour,UTC,Providing,Current,3207631,3207631,0.48923466666667,0,0
"2026-04-03 09:00:00","2026-04-03 10:00:00",Nederland,Wind,Hour,UTC,Providing,Current,4861518,4861520,0.741486,0,0
"2026-04-03 10:00:00","2026-04-03 11:00:00",Nederland,Wind,Hour,UTC,Providing,Current,5913064,5913063,0.90186566666667,0,0
"2026-04-03 11:00:00","2026-04-03 12:00:00",Nederland,Wind,Hour,UTC,Providing,Current,6180163,6180168,0.94260016666667,0,0
"2026-04-03 12:00:00","2026-04-03 13:00:00",Nederland,Wind,Hour,UTC,Providing,Current,6214154,6214154,0.94778016666667,0,0
"2026-04-03 13:00:00","2026-04-03 14:00:00",Nederland,Wind,Hour,UTC,Providing,Current,6276181,6276181,0.95723666666667,0,0
"2026-04-03 14:00:00","2026-04-03 15:00:00",Nederland,Wind,Hour,UTC,Providing,Current,6348843,6348842,0.96831516666667,0,0
"2026-04-03 15:00:00","2026-04-03 16:00:00",Nederland,Wind,Hour,UTC,Providing,Current,6358630,6358633,0.96980383333333,0,0
"2026-04-03 16:00:00","2026-04-03 17:00:00",Nederland,Wind,Hour,UTC,Providing,Current,6355061,6355058,0.96925566666667,0,0
"2026-04-03 17:00:00","2026-04-03 18:00:00",Nederland,Wind,Hour,UTC,Providing,Current,6284530,6284532,0.95849466666667,0,0
"2026-04-03 18:00:00","2026-04-03 19:00:00",Nederland,Wind,Hour,UTC,Providing,Current,6296170,6296172,0.96026583333333,0,0
"2026-04-03 19:00:00","2026-04-03 20:00:00",Nederland,Wind,Hour,UTC,Providing,Current,6316102,6316100,0.96330183333333,0,0
"2026-04-03 20:00:00","2026-04-03 21:00:00",Nederland,Wind,Hour,UTC,Providing,Current,6404411,6404418,0.9767665,0,0
"2026-04-03 21:00:00","2026-04-03 22:00:00",Nederland,Wind,Hour,UTC,Providing,Current,6289703,6289700,0.95926766666667,0,0
"2026-04-03 22:00:00","2026-04-03 23:00:00",Nederland,Wind,Hour,UTC,Providing,Current,6127513,6127518,0.93452766666667,0,0
"2026-04-03 23:00:00","2026-04-04 00:00:00",Nederland,Wind,Hour,UTC,Providing,Current,5977901,5977902,0.91170616666667,0,0
"2026-04-04 00:00:00","2026-04-04 01:00:00",Nederland,Wind,Hour,UTC,Providing,Current,5116828,5116833,0.7803785,0,0
"2026-04-04 01:00:00","2026-04-04 02:00:00",Nederland,Wind,Hour,UTC,Providing,Current,4121460,4121462,0.62856983333333,0,0
"2026-04-04 02:00:00","2026-04-04 03:00:00",Nederland,Wind,Hour,UTC,Providing,Current,3483664,3483666,0.5312965,0,0
"2026-04-04 03:00:00","2026-04-04 04:00:00",Nederland,Wind,Hour,UTC,Providing,Current,2602663,2602662,0.39693283333333,0,0
"2026-04-04 04:00:00","2026-04-04 05:00:00",Nederland,Wind,Hour,UTC,Providing,Current,1621020,1621024,0.24722116666667,0,0
"2026-04-04 05:00:00","2026-04-04 06:00:00",Nederland,Wind,Hour,UTC,Providing,Current,961407,961409,0.14662316666667,0,0
"2026-04-04 06:00:00","2026-04-04 07:00:00",Nederland,Wind,Hour,UTC,Providing,Current,738465,738470,0.11262183333333,0,0
"2026-04-04 07:00:00","2026-04-04 08:00:00",Nederland,Wind,Hour,UTC,Providing,Current,1001866,1001863,0.15279233333333,0,0
"2026-04-04 08:00:00","2026-04-04 09:00:00",Nederland,Wind,Hour,UTC,Providing,Current,1849288,1849289,0.28202966666667,0,0
"2026-04-04 09:00:00","2026-04-04 10:00:00",Nederland,Wind,Hour,UTC,Providing,Current,1942377,1942377,0.296225,0,0
"2026-04-04 10:00:00","2026-04-04 11:00:00",Nederland,Wind,Hour,UTC,Providing,Current,1913777,1913777,0.291862,0,0
"2026-04-04 11:00:00","2026-04-04 12:00:00",Nederland,Wind,Hour,UTC,Providing,Current,2486735,2486737,0.37923983333333,0,0
"2026-04-04 12:00:00","2026-04-04 13:00:00",Nederland,Wind,Hour,UTC,Providing,Current,3122259,3122262,0.47615883333333,0,0
"2026-04-04 13:00:00","2026-04-04 14:00:00",Nederland,Wind,Hour,UTC,Providing,Current,3460552,3460554,0.527748,0,0
"2026-04-04 14:00:00","2026-04-04 15:00:00",Nederland,Wind,Hour,UTC,Providing,Current,4380074,4380071,0.66797566666667,0,0
"2026-04-04 15:00:00","2026-04-04 16:00:00",Nederland,Wind,Hour,UTC,Providing,Current,4810477,4810479,0.7336105,0,0
"2026-04-04 16:00:00","2026-04-04 17:00:00",Nederland,Wind,Hour,UTC,Providing,Current,4367173,4367176,0.66600266666667,0,0
"2026-04-04 17:00:00","2026-04-04 18:00:00",Nederland,Wind,Hour,UTC,Providing,Current,3764794,3764795,0.57413633333333,0,0
"2026-04-04 18:00:00","2026-04-04 19:00:00",Nederland,Wind,Hour,UTC,Providing,Current,3046556,3046557,0.46460216666667,0,0
"2026-04-04 19:00:00","2026-04-04 20:00:00",Nederland,Wind,Hour,UTC,Providing,Current,2920404,2920404,0.445362,0,0
"2026-04-04 20:00:00","2026-04-04 21:00:00",Nederland,Wind,Hour,UTC,Providing,Current,4084181,4084182,0.6228355,0,0
"2026-04-04 21:00:00","2026-04-04 22:00:00",Nederland,Wind,Hour,UTC,Providing,Current,5396534,5396536,0.8229655,0,0
"2026-04-04 22:00:00","2026-04-04 23:00:00",Nederland,Wind,Hour,UTC,Providing,Current,6021862,6021859,0.91832366666667,0,0
"2026-04-04 23:00:00","2026-04-05 00:00:00",Nederland,Wind,Hour,UTC,Providing,Current,6277073,6277072,0.9572385,0,0
"2026-04-05 00:00:00","2026-04-05 01:00:00",Nederland,Wind,Hour,UTC,Providing,Current,6403309,6403306,0.9764855,0,0
"2026-04-05 01:00:00","2026-04-05 02:00:00",Nederland,Wind,Hour,UTC,Providing,Current,6432459,6432460,0.98092666666667,0,0
"2026-04-05 02:00:00","2026-04-05 03:00:00",Nederland,Wind,Hour,UTC,Providing,Current,6208095,6208095,0.94670816666667,0,0
"2026-04-05 03:00:00","2026-04-05 04:00:00",Nederland,Wind,Hour,UTC,Providing,Current,6033650,6033650,0.920102,0,0
"2026-04-05 04:00:00","2026-04-05 05:00:00",Nederland,Wind,Hour,UTC,Providing,Current,5941239,5941237,0.90600616666667,0,0
"2026-04-05 05:00:00","2026-04-05 06:00:00",Nederland,Wind,Hour,UTC,Providing,Current,6493243,6493240,0.99017983333333,0,0
"2026-04-05 06:00:00","2026-04-05 07:00:00",Nederland,Wind,Hour,UTC,Providing,Current,6450584,6450584,0.98367016666667,0,0
"2026-04-05 07:00:00","2026-04-05 08:00:00",Nederland,Wind,Hour,UTC,Providing,Current,6415607,6415608,0.9783325,0,0
"2026-04-05 08:00:00","2026-04-05 09:00:00",Nederland,Wind,Hour,UTC,Providing,Current,6388461,6388460,0.97418866666667,0,0
"2026-04-05 09:00:00","2026-04-05 10:00:00",Nederland,Wind,Hour,UTC,Providing,Current,6385751,6385748,0.97377183333333,0,0
"2026-04-05 10:00:00","2026-04-05 11:00:00",Nederland,Wind,Hour,UTC,Providing,Current,6371916,6371917,0.971658,0,0
"2026-04-05 11:00:00","2026-04-05 12:00:00",Nederland,Wind,Hour,UTC,Providing,Current,6379712,6379714,0.97284316666667,0,0
"2026-04-05 12:00:00","2026-04-05 13:00:00",Nederland,Wind,Hour,UTC,Providing,Current,6411404,6411407,0.97767133333333,0,0
"2026-04-05 13:00:00","2026-04-05 14:00:00",Nederland,Wind,Hour,UTC,Providing,Current,6362637,6362639,0.97023116666667,0,0
"2026-04-05 14:00:00","2026-04-05 15:00:00",Nederland,Wind,Hour,UTC,Providing,Current,6362144,6362141,0.970152,0,0
"2026-04-05 15:00:00","2026-04-05 16:00:00",Nederland,Wind,Hour,UTC,Providing,Current,6333678,6333680,0.96580716666667,0,0
"2026-04-05 16:00:00","2026-04-05 17:00:00",Nederland,Wind,Hour,UTC,Providing,Current,6326095,6326092,0.96464683333333,0,0
"2026-04-05 17:00:00","2026-04-05 18:00:00",Nederland,Wind,Hour,UTC,Providing,Current,5668972,5668975,0.86444066666667,0,0
"2026-04-05 18:00:00","2026-04-05 19:00:00",Nederland,Wind,Hour,UTC,Providing,Current,4251242,4251245,0.6482535,0,0
"2026-04-05 19:00:00","2026-04-05 20:00:00",Nederland,Wind,Hour,UTC,Providing,Current,2826774,2826773,0.431041,0,0
"2026-04-05 20:00:00","2026-04-05 21:00:00",Nederland,Wind,Hour,UTC,Providing,Current,2190911,2190915,0.33407983333333,0,0
"2026-04-05 21:00:00","2026-04-05 22:00:00",Nederland,Wind,Hour,UTC,Providing,Current,1838473,1838474,0.28033733333333,0,0
"2026-04-05 22:00:00","2026-04-05 23:00:00",Nederland,Wind,Hour,UTC,Providing,Current,1653069,1653070,0.25206516666667,0,0
"2026-04-05 23:00:00","2026-04-06 00:00:00",Nederland,Wind,Hour,UTC,Providing,Current,1630925,1630926,0.2486875,0,0
"2026-04-06 00:00:00","2026-04-06 01:00:00",Nederland,Wind,Hour,UTC,Providing,Current,1397566,1397563,0.2131035,0,0
"2026-04-06 01:00:00","2026-04-06 02:00:00",Nederland,Wind,Hour,UTC,Providing,Current,1153301,1153302,0.17585683333333,0,0
"2026-04-06 02:00:00","2026-04-06 03:00:00",Nederland,Wind,Hour,UTC,Providing,Current,999020,999018,0.15233133333333,0,0
"2026-04-06 03:00:00","2026-04-06 04:00:00",Nederland,Wind,Hour,UTC,Providing,Current,923280,923277,0.14078183333333,0,0
"2026-04-06 04:00:00","2026-04-06 05:00:00",Nederland,Wind,Hour,UTC,Providing,Current,835836,835835,0.127448,0,0
"2026-04-06 05:00:00","2026-04-06 06:00:00",Nederland,Wind,Hour,UTC,Providing,Current,697476,697475,0.1063505,0,0
"2026-04-06 06:00:00","2026-04-06 07:00:00",Nederland,Wind,Hour,UTC,Providing,Current,763437,763434,0.1164075,0,0
"2026-04-06 07:00:00","2026-04-06 08:00:00",Nederland,Wind,Hour,UTC,Providing,Current,1050082,1050083,0.16011383333333,0,0
"2026-04-06 08:00:00","2026-04-06 09:00:00",Nederland,Wind,Hour,UTC,Providing,Current,1563858,1563857,0.238452,0,0
"2026-04-06 09:00:00","2026-04-06 10:00:00",Nederland,Wind,Hour,UTC,Providing,Current,1539001,1539001,0.23466133333333,0,0
"2026-04-06 10:00:00","2026-04-06 11:00:00",Nederland,Wind,Hour,UTC,Providing,Current,1480512,1480512,0.22574183333333,0,0
"2026-04-06 11:00:00","2026-04-06 12:00:00",Nederland,Wind,Hour,UTC,Providing,Current,1347522,1347522,0.20546333333333,0,0
"2026-04-06 12:00:00","2026-04-06 13:00:00",Nederland,Wind,Hour,UTC,Providing,Current,1147680,1147680,0.17499183333333,0,0
"2026-04-06 13:00:00","2026-04-06 14:00:00",Nederland,Wind,Hour,UTC,Providing,Current,1316411,1316414,0.20071816666667,0,0
"2026-04-06 14:00:00","2026-04-06 15:00:00",Nederland,Wind,Hour,UTC,Providing,Current,1268247,1268247,0.19337366666667,0,0
"2026-04-06 15:00:00","2026-04-06 16:00:00",Nederland,Wind,Hour,UTC,Providing,Current,936088,936091,0.142728,0,0
"2026-04-06 16:00:00","2026-04-06 17:00:00",Nederland,Wind,Hour,UTC,Providing,Current,798628,798628,0.12176833333333,0,0
"2026-04-06 17:00:00","2026-04-06 18:00:00",Nederland,Wind,Hour,UTC,Providing,Current,685739,685739,0.10455548333333,0,0
"2026-04-06 18:00:00","2026-04-06 19:00:00",Nederland,Wind,Hour,UTC,Providing,Current,341585,341586,0.052081783333333,0,0
"2026-04-06 19:00:00","2026-04-06 20:00:00",Nederland,Wind,Hour,UTC,Providing,Current,119137,119137,0.0181648,0,0
"2026-04-06 20:00:00","2026-04-06 21:00:00",Nederland,Wind,Hour,UTC,Providing,Current,101538,101538,0.015481433333333,0,0
"2026-04-06 21:00:00","2026-04-06 22:00:00",Nederland,Wind,Hour,UTC,Providing,Current,108451,108451,0.016535483333333,0,0
"2026-04-06 22:00:00","2026-04-06 23:00:00",Nederland,Wind,Hour,UTC,Providing,Current,128689,128691,0.019621066666667,0,0
"2026-04-06 23:00:00","2026-04-07 00:00:00",Nederland,Wind,Hour,UTC,Providing,Current,218157,218155,0.0332619,0,0
"2026-04-07 00:00:00","2026-04-07 01:00:00",Nederland,Wind,Hour,UTC,Providing,Current,244569,244570,0.037288716666667,0,0
"2026-04-07 01:00:00","2026-04-07 02:00:00",Nederland,Wind,Hour,UTC,Providing,Current,245410,245411,0.037416866666667,0,0
"2026-04-07 02:00:00","2026-04-07 03:00:00",Nederland,Wind,Hour,UTC,Providing,Current,285698,285699,0.04355915,0,0
"2026-04-07 03:00:00","2026-04-07 04:00:00",Nederland,Wind,Hour,UTC,Providing,Current,287766,287767,0.0438743,0,0
"2026-04-07 04:00:00","2026-04-07 05:00:00",Nederland,Wind,Hour,UTC,Providing,Current,255730,255728,0.038989683333333,0,0
"2026-04-07 05:00:00","2026-04-07 06:00:00",Nederland,Wind,Hour,UTC,Providing,Current,285895,285897,0.043588666666667,0,0
"2026-04-07 06:00:00","2026-04-07 07:00:00",Nederland,Wind,Hour,UTC,Providing,Current,397425,397426,0.060592733333333,0,0
"2026-04-07 07:00:00","2026-04-07 08:00:00",Nederland,Wind,Hour,UTC,Providing,Current,633132,633133,0.09652885,0,0
"2026-04-07 08:00:00","2026-04-07 09:00:00",Nederland,Wind,Hour,UTC,Providing,Current,1029413,1029413,0.15694616666667,0,0
"2026-04-07 09:00:00","2026-04-07 10:00:00",Nederland,Wind,Hour,UTC,Providing,Current,1458396,1458395,0.22234916666667,0,0
"2026-04-07 10:00:00","2026-04-07 11:00:00",Nederland,Wind,Hour,UTC,Providing,Current,1941314,1941312,0.29597383333333,0,0
"2026-04-07 11:00:00","2026-04-07 12:00:00",Nederland,Wind,Hour,UTC,Providing,Current,2193838,2193842,0.3344725,0,0
"2026-04-07 12:00:00","2026-04-07 13:00:00",Nederland,Wind,Hour,UTC,Providing,Current,2256845,2256848,0.34407683333333,0,0
"2026-04-07 13:00:00","2026-04-07 14:00:00",Nederland,Wind,Hour,UTC,Providing,Current,2446404,2446404,0.3729755,0,0
"2026-04-07 14:00:00","2026-04-07 15:00:00",Nederland,Wind,Hour,UTC,Providing,Current,2455028,2455028,0.37428883333333,0,0
"2026-04-07 15:00:00","2026-04-07 16:00:00",Nederland,Wind,Hour,UTC,Providing,Current,2487406,2487407,0.37922333333333,0,0
"2026-04-07 16:00:00","2026-04-07 17:00:00",Nederland,Wind,Hour,UTC,Providing,Current,2873223,2873224,0.4380425,0,0
"2026-04-07 17:00:00","2026-04-07 18:00:00",Nederland,Wind,Hour,UTC,Providing,Current,2609410,2609409,0.3978205,0,0
"2026-04-07 18:00:00","2026-04-07 19:00:00",Nederland,Wind,Hour,UTC,Providing,Current,1694966,1694965,0.258407,0,0
"2026-04-07 19:00:00","2026-04-07 20:00:00",Nederland,Wind,Hour,UTC,Providing,Current,1229289,1229286,0.18741116666667,0,0
"2026-04-07 20:00:00","2026-04-07 21:00:00",Nederland,Wind,Hour,UTC,Providing,Current,1255014,1255014,0.19133233333333,0,0
"2026-04-07 21:00:00","2026-04-07 22:00:00",Nederland,Wind,Hour,UTC,Providing,Current,1288565,1288565,0.19644633333333,0,0
"2026-04-07 22:00:00","2026-04-07 23:00:00",Nederland,Wind,Hour,UTC,Providing,Current,1323431,1323433,0.201761,0,0
"2026-04-07 23:00:00","2026-04-08 00:00:00",Nederland,Wind,Hour,UTC,Providing,Current,1455390,1455390,0.22187783333333,0,0
"2026-04-08 00:00:00","2026-04-08 01:00:00",Nederland,Wind,Hour,UTC,Providing,Current,1410688,1410686,0.21506183333333,0,0
"2026-04-08 01:00:00","2026-04-08 02:00:00",Nederland,Wind,Hour,UTC,Providing,Current,1298645,1298650,0.19797966666667,0,0
"2026-04-08 02:00:00","2026-04-08 03:00:00",Nederland,Wind,Hour,UTC,Providing,Current,1156761,1156760,0.17634883333333,0,0
"2026-04-08 03:00:00","2026-04-08 04:00:00",Nederland,Wind,Hour,UTC,Providing,Current,912186,912190,0.13906266666667,0,0
"2026-04-08 04:00:00","2026-04-08 05:00:00",Nederland,Wind,Hour,UTC,Providing,Current,775714,775715,0.11825683333333,0,0
"2026-04-08 05:00:00","2026-04-08 06:00:00",Nederland,Wind,Hour,UTC,Providing,Current,764865,764866,0.11660283333333,0,0
"2026-04-08 06:00:00","2026-04-08 07:00:00",Nederland,Wind,Hour,UTC,Providing,Current,965320,965317,0.14716133333333,0,0
"2026-04-08 07:00:00","2026-04-08 08:00:00",Nederland,Wind,Hour,UTC,Providing,Current,1206362,1206366,0.1839065,0,0
"2026-04-08 08:00:00","2026-04-08 09:00:00",Nederland,Wind,Hour,UTC,Providing,Current,1167114,1167109,0.17792283333333,0,0
"2026-04-08 09:00:00","2026-04-08 10:00:00",Nederland,Wind,Hour,UTC,Providing,Current,1084294,1084294,0.16529633333333,0,0
"2026-04-08 10:00:00","2026-04-08 11:00:00",Nederland,Wind,Hour,UTC,Providing,Current,1334421,1334422,0.2034265,0,0
"2026-04-08 11:00:00","2026-04-08 12:00:00",Nederland,Wind,Hour,UTC,Providing,Current,1433218,1433221,0.21848666666667,0,0
"2026-04-08 12:00:00","2026-04-08 13:00:00",Nederland,Wind,Hour,UTC,Providing,Current,1615509,1615507,0.24627483333333,0,0
"2026-04-08 13:00:00","2026-04-08 14:00:00",Nederland,Wind,Hour,UTC,Providing,Current,1729482,1729483,0.26364833333333,0,0
"2026-04-08 14:00:00","2026-04-08 15:00:00",Nederland,Wind,Hour,UTC,Providing,Current,1685436,1685437,0.25693283333333,0,0
"2026-04-08 15:00:00","2026-04-08 16:00:00",Nederland,Wind,Hour,UTC,Providing,Current,1490834,1490834,0.22726616666667,0,0
"2026-04-08 16:00:00","2026-04-08 17:00:00",Nederland,Wind,Hour,UTC,Providing,Current,1692545,1692546,0.2580145,0,0
"2026-04-08 17:00:00","2026-04-08 18:00:00",Nederland,Wind,Hour,UTC,Providing,Current,1391695,1391698,0.21215166666667,0,0
"2026-04-08 18:00:00","2026-04-08 19:00:00",Nederland,Wind,Hour,UTC,Providing,Current,762489,762491,0.11623406666667,0,0
"2026-04-08 19:00:00","2026-04-08 20:00:00",Nederland,Wind,Hour,UTC,Providing,Current,622408,622402,0.094879733333333,0,0
"2026-04-08 20:00:00","2026-04-08 21:00:00",Nederland,Wind,Hour,UTC,Providing,Current,751250,751250,0.11451986666667,0,0
"2026-04-08 21:00:00","2026-04-08 22:00:00",Nederland,Wind,Hour,UTC,Providing,Current,1013933,1013937,0.15456233333333,0,0
"2026-04-08 22:00:00","2026-04-08 23:00:00",Nederland,Wind,Hour,UTC,Providing,Current,1097080,1097080,0.1672365,0,0
"2026-04-08 23:00:00","2026-04-09 00:00:00",Nederland,Wind,Hour,UTC,Providing,Current,889421,889426,0.135581,0,0
"2026-04-09 00:00:00","2026-04-09 01:00:00",Nederland,Wind,Hour,UTC,Providing,Current,690993,690993,0.10533266666667,0,0
"2026-04-09 01:00:00","2026-04-09 02:00:00",Nederland,Wind,Hour,UTC,Providing,Current,734431,734428,0.11195383333333,0,0
"2026-04-09 02:00:00","2026-04-09 03:00:00",Nederland,Wind,Hour,UTC,Providing,Current,827312,827315,0.1261115,0,0
"2026-04-09 03:00:00","2026-04-09 04:00:00",Nederland,Wind,Hour,UTC,Providing,Current,987229,987229,0.15048816666667,0,0
"2026-04-09 04:00:00","2026-04-09 05:00:00",Nederland,Wind,Hour,UTC,Providing,Current,914921,914923,0.13946516666667,0,0
"2026-04-09 05:00:00","2026-04-09 06:00:00",Nederland,Wind,Hour,UTC,Providing,Current,779424,779423,0.1188105,0,0
"2026-04-09 06:00:00","2026-04-09 07:00:00",Nederland,Wind,Hour,UTC,Providing,Current,810608,810609,0.1235635,0,0
"2026-04-09 07:00:00","2026-04-09 08:00:00",Nederland,Wind,Hour,UTC,Providing,Current,1008376,1008375,0.153709,0,0
"2026-04-09 08:00:00","2026-04-09 09:00:00",Nederland,Wind,Hour,UTC,Providing,Current,1418718,1418716,0.21625766666667,0,0
"2026-04-09 09:00:00","2026-04-09 10:00:00",Nederland,Wind,Hour,UTC,Providing,Current,1544717,1544721,0.23546266666667,0,0
"2026-04-09 10:00:00","2026-04-09 11:00:00",Nederland,Wind,Hour,UTC,Providing,Current,1596708,1596710,0.243387,0,0
"2026-04-09 11:00:00","2026-04-09 12:00:00",Nederland,Wind,Hour,UTC,Providing,Current,1783468,1783470,0.27185366666667,0,0
"2026-04-09 12:00:00","2026-04-09 13:00:00",Nederland,Wind,Hour,UTC,Providing,Current,1929573,1929577,0.29412316666667,0,0
"2026-04-09 13:00:00","2026-04-09 14:00:00",Nederland,Wind,Hour,UTC,Providing,Current,2196681,2196682,0.33483666666667,0,0
"2026-04-09 14:00:00","2026-04-09 15:00:00",Nederland,Wind,Hour,UTC,Providing,Current,2494546,2494550,0.38023833333333,0,0
"2026-04-09 15:00:00","2026-04-09 16:00:00",Nederland,Wind,Hour,UTC,Providing,Current,2018508,2018504,0.30767533333333,0,0
"2026-04-09 16:00:00","2026-04-09 17:00:00",Nederland,Wind,Hour,UTC,Providing,Current,1445233,1445231,0.220292,0,0
"2026-04-09 17:00:00","2026-04-09 18:00:00",Nederland,Wind,Hour,UTC,Providing,Current,1034575,1034579,0.15769616666667,0,0
"2026-04-09 18:00:00","2026-04-09 19:00:00",Nederland,Wind,Hour,UTC,Providing,Current,930409,930408,0.14181766666667,0,0
"2026-04-09 19:00:00","2026-04-09 20:00:00",Nederland,Wind,Hour,UTC,Providing,Current,1402189,1402192,0.21372833333333,0,0
"2026-04-09 20:00:00","2026-04-09 21:00:00",Nederland,Wind,Hour,UTC,Providing,Current,2534644,2534643,0.38634066666667,0,0
"2026-04-09 21:00:00","2026-04-09 22:00:00",Nederland,Wind,Hour,UTC,Providing,Current,3720669,3720671,0.567117,0,0
"2026-04-09 22:00:00","2026-04-09 23:00:00",Nederland,Wind,Hour,UTC,Providing,Current,4936723,4936725,0.752469,0,0
"2026-04-09 23:00:00","2026-04-10 00:00:00",Nederland,Wind,Hour,UTC,Providing,Current,5159854,5159851,0.78647616666667,0,0
"2026-04-10 00:00:00","2026-04-10 01:00:00",Nederland,Wind,Hour,UTC,Providing,Current,5153896,5153900,0.785565,0,0
"2026-04-10 01:00:00","2026-04-10 02:00:00",Nederland,Wind,Hour,UTC,Providing,Current,5472168,5472169,0.83407283333333,0,0
"2026-04-10 02:00:00","2026-04-10 03:00:00",Nederland,Wind,Hour,UTC,Providing,Current,5338019,5338015,0.8136225,0,0
"2026-04-10 03:00:00","2026-04-10 04:00:00",Nederland,Wind,Hour,UTC,Providing,Current,5000781,5000781,0.76221716666667,0,0
"2026-04-10 04:00:00","2026-04-10 05:00:00",Nederland,Wind,Hour,UTC,Providing,Current,4990893,4990890,0.76070716666667,0,0
"2026-04-10 05:00:00","2026-04-10 06:00:00",Nederland,Wind,Hour,UTC,Providing,Current,5277158,5277157,0.80433616666667,0,0
"2026-04-10 06:00:00","2026-04-10 07:00:00",Nederland,Wind,Hour,UTC,Providing,Current,4702493,4702493,0.71674333333333,0,0
"2026-04-10 07:00:00","2026-04-10 08:00:00",Nederland,Wind,Hour,UTC,Providing,Current,3843663,3843663,0.58584033333333,0,0
"2026-04-10 08:00:00","2026-04-10 09:00:00",Nederland,Wind,Hour,UTC,Providing,Current,3012170,3012170,0.45910466666667,0,0
"2026-04-10 09:00:00","2026-04-10 10:00:00",Nederland,Wind,Hour,UTC,Providing,Current,2017167,2017167,0.3074485,0,0
"2026-04-10 10:00:00","2026-04-10 11:00:00",Nederland,Wind,Hour,UTC,Providing,Current,1376515,1376514,0.20980183333333,0,0
"2026-04-10 11:00:00","2026-04-10 12:00:00",Nederland,Wind,Hour,UTC,Providing,Current,1214589,1214587,0.18512116666667,0,0
"2026-04-10 12:00:00","2026-04-10 13:00:00",Nederland,Wind,Hour,UTC,Providing,Current,1319423,1319423,0.2010985,0,0
"2026-04-10 13:00:00","2026-04-10 14:00:00",Nederland,Wind,Hour,UTC,Providing,Current,1227464,1227467,0.187082,0,0
"2026-04-10 14:00:00","2026-04-10 15:00:00",Nederland,Wind,Hour,UTC,Providing,Current,1305712,1305712,0.19900716666667,0,0
"2026-04-10 15:00:00","2026-04-10 16:00:00",Nederland,Wind,Hour,UTC,Providing,Current,1199194,1199193,0.18277183333333,0,0
"2026-04-10 16:00:00","2026-04-10 17:00:00",Nederland,Wind,Hour,UTC,Providing,Current,906325,906326,0.1381345,0,0
"2026-04-10 17:00:00","2026-04-10 18:00:00",Nederland,Wind,Hour,UTC,Providing,Current,694243,694245,0.10581038333333,0,0
"2026-04-10 18:00:00","2026-04-10 19:00:00",Nederland,Wind,Hour,UTC,Providing,Current,287976,287975,0.043890566666667,0,0
"2026-04-10 19:00:00","2026-04-10 20:00:00",Nederland,Wind,Hour,UTC,Providing,Current,49088,49088,0.0074815083333333,0,0
"2026-04-10 20:00:00","2026-04-10 21:00:00",Nederland,Wind,Hour,UTC,Providing,Current,192452,192453,0.029331466666667,0,0
"2026-04-10 21:00:00","2026-04-10 22:00:00",Nederland,Wind,Hour,UTC,Providing,Current,518421,518425,0.079011633333333,0,0
"2026-04-10 22:00:00","2026-04-10 23:00:00",Nederland,Wind,Hour,UTC,Providing,Current,899317,899315,0.137063,0,0
"2026-04-10 23:00:00","2026-04-11 00:00:00",Nederland,Wind,Hour,UTC,Providing,Current,1510168,1510171,0.23016033333333,0,0
"2026-04-11 00:00:00","2026-04-11 01:00:00",Nederland,Wind,Hour,UTC,Providing,Current,1536826,1536829,0.23422233333333,0,0
"2026-04-11 01:00:00","2026-04-11 02:00:00",Nederland,Wind,Hour,UTC,Providing,Current,1314185,1314188,0.20028966666667,0,0
"2026-04-11 02:00:00","2026-04-11 03:00:00",Nederland,Wind,Hour,UTC,Providing,Current,1437023,1437022,0.21900966666667,0,0
"2026-04-11 03:00:00","2026-04-11 04:00:00",Nederland,Wind,Hour,UTC,Providing,Current,1762488,1762489,0.26861133333333,0,0
"2026-04-11 04:00:00","2026-04-11 05:00:00",Nederland,Wind,Hour,UTC,Providing,Current,2024029,2024029,0.30847016666667,0,0
"2026-04-11 05:00:00","2026-04-11 06:00:00",Nederland,Wind,Hour,UTC,Providing,Current,2533613,2533614,0.386131,0,0
"2026-04-11 06:00:00","2026-04-11 07:00:00",Nederland,Wind,Hour,UTC,Providing,Current,3107487,3107488,0.47358966666667,0,0
"2026-04-11 07:00:00","2026-04-11 08:00:00",Nederland,Wind,Hour,UTC,Providing,Current,3725783,3725786,0.56781716666667,0,0
"2026-04-11 08:00:00","2026-04-11 09:00:00",Nederland,Wind,Hour,UTC,Providing,Current,4278441,4278442,0.65204066666667,0,0
"2026-04-11 09:00:00","2026-04-11 10:00:00",Nederland,Wind,Hour,UTC,Providing,Current,4984121,4984124,0.75958416666667,0,0
"2026-04-11 10:00:00","2026-04-11 11:00:00",Nederland,Wind,Hour,UTC,Providing,Current,5342269,5342270,0.814163,0,0
"2026-04-11 11:00:00","2026-04-11 12:00:00",Nederland,Wind,Hour,UTC,Providing,Current,5681572,5681572,0.865869,0,0
"2026-04-11 12:00:00","2026-04-11 13:00:00",Nederland,Wind,Hour,UTC,Providing,Current,5840462,5840458,0.89008,0,0
"2026-04-11 13:00:00","2026-04-11 14:00:00",Nederland,Wind,Hour,UTC,Providing,Current,5819199,5819199,0.88683616666667,0,0
"2026-04-11 14:00:00","2026-04-11 15:00:00",Nederland,Wind,Hour,UTC,Providing,Current,5433951,5433949,0.82812166666667,0,0
"2026-04-11 15:00:00","2026-04-11 16:00:00",Nederland,Wind,Hour,UTC,Providing,Current,4918785,4918790,0.74960866666667,0,0
"2026-04-11 16:00:00","2026-04-11 17:00:00",Nederland,Wind,Hour,UTC,Providing,Current,4986955,4986955,0.75999416666667,0,0
"2026-04-11 17:00:00","2026-04-11 18:00:00",Nederland,Wind,Hour,UTC,Providing,Current,5111617,5111613,0.77898883333333,0,0
"2026-04-11 18:00:00","2026-04-11 19:00:00",Nederland,Wind,Hour,UTC,Providing,Current,3670966,3670966,0.55943766666667,0,0
"2026-04-11 19:00:00","2026-04-11 20:00:00",Nederland,Wind,Hour,UTC,Providing,Current,2472707,2472711,0.37682716666667,0,0
"2026-04-11 20:00:00","2026-04-11 21:00:00",Nederland,Wind,Hour,UTC,Providing,Current,1878877,1878882,0.28632966666667,0,0
"2026-04-11 21:00:00","2026-04-11 22:00:00",Nederland,Wind,Hour,UTC,Providing,Current,1437257,1437259,0.21902833333333,0,0
"2026-04-11 22:00:00","2026-04-11 23:00:00",Nederland,Wind,Hour,UTC,Providing,Current,1470078,1470079,0.22402916666667,0,0
"2026-04-11 23:00:00","2026-04-12 00:00:00",Nederland,Wind,Hour,UTC,Providing,Current,1535953,1535952,0.234067,0,0
"2026-04-12 00:00:00","2026-04-12 01:00:00",Nederland,Wind,Hour,UTC,Providing,Current,1506483,1506487,0.229575,0,0
"2026-04-12 01:00:00","2026-04-12 02:00:00",Nederland,Wind,Hour,UTC,Providing,Current,1343578,1343580,0.20474916666667,0,0
"2026-04-12 02:00:00","2026-04-12 03:00:00",Nederland,Wind,Hour,UTC,Providing,Current,1443680,1443684,0.2200025,0,0
"2026-04-12 03:00:00","2026-04-12 04:00:00",Nederland,Wind,Hour,UTC,Providing,Current,1522173,1522174,0.23196333333333,0,0
"2026-04-12 04:00:00","2026-04-12 05:00:00",Nederland,Wind,Hour,UTC,Providing,Current,1808865,1808871,0.27565116666667,0,0
"2026-04-12 05:00:00","2026-04-12 06:00:00",Nederland,Wind,Hour,UTC,Providing,Current,1821103,1821098,0.27751466666667,0,0
"2026-04-12 06:00:00","2026-04-12 07:00:00",Nederland,Wind,Hour,UTC,Providing,Current,2280684,2280683,0.34754783333333,0,0
"2026-04-12 07:00:00","2026-04-12 08:00:00",Nederland,Wind,Hour,UTC,Providing,Current,3221029,3221031,0.49084283333333,0,0
"2026-04-12 08:00:00","2026-04-12 09:00:00",Nederland,Wind,Hour,UTC,Providing,Current,4001170,4001174,0.60972366666667,0,0
"2026-04-12 09:00:00","2026-04-12 10:00:00",Nederland,Wind,Hour,UTC,Providing,Current,4082845,4082845,0.6221675,0,0
"2026-04-12 10:00:00","2026-04-12 11:00:00",Nederland,Wind,Hour,UTC,Providing,Current,4128952,4128953,0.62919066666667,0,0
"2026-04-12 11:00:00","2026-04-12 12:00:00",Nederland,Wind,Hour,UTC,Providing,Current,4050553,4050552,0.61724116666667,0,0
"2026-04-12 12:00:00","2026-04-12 13:00:00",Nederland,Wind,Hour,UTC,Providing,Current,4071390,4071391,0.62041416666667,0,0
"2026-04-12 13:00:00","2026-04-12 14:00:00",Nederland,Wind,Hour,UTC,Providing,Current,3746710,3746712,0.57093583333333,0,0
"2026-04-12 14:00:00","2026-04-12 15:00:00",Nederland,Wind,Hour,UTC,Providing,Current,3254825,3254822,0.49597883333333,0,0
"2026-04-12 15:00:00","2026-04-12 16:00:00",Nederland,Wind,Hour,UTC,Providing,Current,2817801,2817801,0.42938233333333,0,0
"2026-04-12 16:00:00","2026-04-12 17:00:00",Nederland,Wind,Hour,UTC,Providing,Current,2051256,2051252,0.312573,0,0
"2026-04-12 17:00:00","2026-04-12 18:00:00",Nederland,Wind,Hour,UTC,Providing,Current,1318198,1318200,0.20086816666667,0,0
"2026-04-12 18:00:00","2026-04-12 19:00:00",Nederland,Wind,Hour,UTC,Providing,Current,596468,596467,0.09089005,0,0
"2026-04-12 19:00:00","2026-04-12 20:00:00",Nederland,Wind,Hour,UTC,Providing,Current,263587,263586,0.040165316666667,0,0
"2026-04-12 20:00:00","2026-04-12 21:00:00",Nederland,Wind,Hour,UTC,Providing,Current,154307,154308,0.023513266666667,0,0
"2026-04-12 21:00:00","2026-04-12 22:00:00",Nederland,Wind,Hour,UTC,Providing,Current,126659,126660,0.0193002,0,0
"2026-04-12 22:00:00","2026-04-12 23:00:00",Nederland,Wind,Hour,UTC,Providing,Current,107377,107376,0.01636192,0,0
"2026-04-12 23:00:00","2026-04-13 00:00:00",Nederland,Wind,Hour,UTC,Providing,Current,37298,37299,0.0056834333333333,0,0
"2026-04-13 00:00:00","2026-04-13 01:00:00",Nederland,Wind,Hour,UTC,Providing,Current,42784,42785,0.00651937,0,0
"2026-04-13 01:00:00","2026-04-13 02:00:00",Nederland,Wind,Hour,UTC,Providing,Current,45454,45455,0.0069261116666667,0,0
"2026-04-13 02:00:00","2026-04-13 03:00:00",Nederland,Wind,Hour,UTC,Providing,Current,27911,27912,0.0042530416666667,0,0
"2026-04-13 03:00:00","2026-04-13 04:00:00",Nederland,Wind,Hour,UTC,Providing,Current,26973,26973,0.004109995,0,0
"2026-04-13 04:00:00","2026-04-13 05:00:00",Nederland,Wind,Hour,UTC,Providing,Current,26023,26024,0.00396535,0,0
"2026-04-13 05:00:00","2026-04-13 06:00:00",Nederland,Wind,Hour,UTC,Providing,Current,17966,17966,0.0027375616666667,0,0
"2026-04-13 06:00:00","2026-04-13 07:00:00",Nederland,Wind,Hour,UTC,Providing,Current,0,0,0,0,0
"2026-04-13 07:00:00","2026-04-13 08:00:00",Nederland,Wind,Hour,UTC,Providing,Current,7014,7013,0.0010687366666667,0,0
"2026-04-13 08:00:00","2026-04-13 09:00:00",Nederland,Wind,Hour,UTC,Providing,Current,35625,35624,0.00542822,0,0
"2026-04-13 09:00:00","2026-04-13 10:00:00",Nederland,Wind,Hour,UTC,Providing,Current,93645,93647,0.014268866666667,0,0
"2026-04-13 10:00:00","2026-04-13 11:00:00",Nederland,Wind,Hour,UTC,Providing,Current,248558,248559,0.03787275,0,0
"2026-04-13 11:00:00","2026-04-13 12:00:00",Nederland,Wind,Hour,UTC,Providing,Current,260901,260901,0.039753433333333,0,0
"2026-04-13 12:00:00","2026-04-13 13:00:00",Nederland,Wind,Hour,UTC,Providing,Current,185621,185618,0.028282883333333,0,0
"2026-04-13 13:00:00","2026-04-13 14:00:00",Nederland,Wind,Hour,UTC,Providing,Current,211639,211639,0.0322471,0,0
"2026-04-13 14:00:00","2026-04-13 15:00:00",Nederland,Wind,Hour,UTC,Providing,Current,449617,449615,0.068507116666667,0,0
"2026-04-13 15:00:00","2026-04-13 16:00:00",Nederland,Wind,Hour,UTC,Providing,Current,617459,617458,0.09408045,0,0
"2026-04-13 16:00:00","2026-04-13 17:00:00",Nederland,Wind,Hour,UTC,Providing,Current,780538,780539,0.1189275,0,0
"2026-04-13 17:00:00","2026-04-13 18:00:00",Nederland,Wind,Hour,UTC,Providing,Current,843617,843616,0.1285385,0,0
"2026-04-13 18:00:00","2026-04-13 19:00:00",Nederland,Wind,Hour,UTC,Providing,Current,502846,502846,0.076616283333333,0,0
"2026-04-13 19:00:00","2026-04-13 20:00:00",Nederland,Wind,Hour,UTC,Providing,Current,177398,177397,0.027029283333333,0,0
"2026-04-13 20:00:00","2026-04-13 21:00:00",Nederland,Wind,Hour,UTC,Providing,Current,39447,39448,0.0060103016666667,0,0
"2026-04-13 21:00:00","2026-04-13 22:00:00",Nederland,Wind,Hour,UTC,Providing,Current,11765,11766,0.0017925535,0,0
"2026-04-13 22:00:00","2026-04-13 23:00:00",Nederland,Wind,Hour,UTC,Providing,Current,933,932,0.00014217966666667,0,0
"2026-04-13 23:00:00","2026-04-14 00:00:00",Nederland,Wind,Hour,UTC,Providing,Current,5764,5764,0.00087826333333333,0,0
"2026-04-14 00:00:00","2026-04-14 01:00:00",Nederland,Wind,Hour,UTC,Providing,Current,71269,71270,0.010858681666667,0,0
"2026-04-14 01:00:00","2026-04-14 02:00:00",Nederland,Wind,Hour,UTC,Providing,Current,75480,75480,0.011500233333333,0,0
"2026-04-14 02:00:00","2026-04-14 03:00:00",Nederland,Wind,Hour,UTC,Providing,Current,80149,80151,0.012211566666667,0,0
"2026-04-14 03:00:00","2026-04-14 04:00:00",Nederland,Wind,Hour,UTC,Providing,Current,15816,15816,0.0024097183333333,0,0
"2026-04-14 04:00:00","2026-04-14 05:00:00",Nederland,Wind,Hour,UTC,Providing,Current,0,0,0,0,0
"2026-04-14 05:00:00","2026-04-14 06:00:00",Nederland,Wind,Hour,UTC,Providing,Current,0,0,0,0,0
"2026-04-14 06:00:00","2026-04-14 07:00:00",Nederland,Wind,Hour,UTC,Providing,Current,0,0,0,0,0
"2026-04-14 07:00:00","2026-04-14 08:00:00",Nederland,Wind,Hour,UTC,Providing,Current,21864,21863,0.0033311516666667,0,0
"2026-04-14 08:00:00","2026-04-14 09:00:00",Nederland,Wind,Hour,UTC,Providing,Current,78096,78095,0.011898483333333,0,0
"2026-04-14 09:00:00","2026-04-14 10:00:00",Nederland,Wind,Hour,UTC,Providing,Current,187113,187114,0.028507733333333,0,0
"2026-04-14 10:00:00","2026-04-14 11:00:00",Nederland,Wind,Hour,UTC,Providing,Current,452765,452762,0.068981,0,0
"2026-04-14 11:00:00","2026-04-14 12:00:00",Nederland,Wind,Hour,UTC,Providing,Current,507502,507502,0.0773201,0,0
"2026-04-14 12:00:00","2026-04-14 13:00:00",Nederland,Wind,Hour,UTC,Providing,Current,407942,407942,0.0621516,0,0
"2026-04-14 13:00:00","2026-04-14 14:00:00",Nederland,Wind,Hour,UTC,Providing,Current,455369,455365,0.069376916666667,0,0
"2026-04-14 14:00:00","2026-04-14 15:00:00",Nederland,Wind,Hour,UTC,Providing,Current,528592,528590,0.080532283333333,0,0
"2026-04-14 15:00:00","2026-04-14 16:00:00",Nederland,Wind,Hour,UTC,Providing,Current,467872,467876,0.07128125,0,0
"2026-04-14 16:00:00","2026-04-14 17:00:00",Nederland,Wind,Hour,UTC,Providing,Current,266614,266616,0.040619016666667,0,0
"2026-04-14 17:00:00","2026-04-14 18:00:00",Nederland,Wind,Hour,UTC,Providing,Current,120037,120038,0.01828785,0,0
"2026-04-14 18:00:00","2026-04-14 19:00:00",Nederland,Wind,Hour,UTC,Providing,Current,69709,69709,0.010620261666667,0,0
"2026-04-14 19:00:00","2026-04-14 20:00:00",Nederland,Wind,Hour,UTC,Providing,Current,60402,60403,0.0092022333333333,0,0
"2026-04-14 20:00:00","2026-04-14 21:00:00",Nederland,Wind,Hour,UTC,Providing,Current,13044,13044,0.0019873133333333,0,0
"2026-04-14 21:00:00","2026-04-14 22:00:00",Nederland,Wind,Hour,UTC,Providing,Current,107772,107772,0.016418898333333,0,0
"2026-04-14 22:00:00","2026-04-14 23:00:00",Nederland,Wind,Hour,UTC,Providing,Current,203790,203792,0.031046966666667,0,0
"2026-04-14 23:00:00","2026-04-15 00:00:00",Nederland,Wind,Hour,UTC,Providing,Current,252064,252064,0.0384012,0,0
"2026-04-15 00:00:00","2026-04-15 01:00:00",Nederland,Wind,Hour,UTC,Providing,Current,343848,343848,0.052383966666667,0,0
"2026-04-15 01:00:00","2026-04-15 02:00:00",Nederland,Wind,Hour,UTC,Providing,Current,433666,433666,0.0660671,0,0
"2026-04-15 02:00:00","2026-04-15 03:00:00",Nederland,Wind,Hour,UTC,Providing,Current,425227,425227,0.064781166666667,0,0
"2026-04-15 03:00:00","2026-04-15 04:00:00",Nederland,Wind,Hour,UTC,Providing,Current,343465,343466,0.052325016666667,0,0
"2026-04-15 04:00:00","2026-04-15 05:00:00",Nederland,Wind,Hour,UTC,Providing,Current,336745,336746,0.051301016666667,0,0
"2026-04-15 05:00:00","2026-04-15 06:00:00",Nederland,Wind,Hour,UTC,Providing,Current,326836,326839,0.049791283333333,0,0
"2026-04-15 06:00:00","2026-04-15 07:00:00",Nederland,Wind,Hour,UTC,Providing,Current,436860,436860,0.066552383333333,0,0
"2026-04-15 07:00:00","2026-04-15 08:00:00",Nederland,Wind,Hour,UTC,Providing,Current,821371,821371,0.12512931666667,0,0
"2026-04-15 08:00:00","2026-04-15 09:00:00",Nederland,Wind,Hour,UTC,Providing,Current,1300080,1300087,0.1980555,0,0
"2026-04-15 09:00:00","2026-04-15 10:00:00",Nederland,Wind,Hour,UTC,Providing,Current,1833959,1833961,0.27938633333333,0,0
"2026-04-15 10:00:00","2026-04-15 11:00:00",Nederland,Wind,Hour,UTC,Providing,Current,2617095,2617095,0.398688,0,0
"2026-04-15 11:00:00","2026-04-15 12:00:00",Nederland,Wind,Hour,UTC,Providing,Current,3121777,3121774,0.4755695,0,0
"2026-04-15 12:00:00","2026-04-15 13:00:00",Nederland,Wind,Hour,UTC,Providing,Current,3710049,3710051,0.56518383333333,0,0
"2026-04-15 13:00:00","2026-04-15 14:00:00",Nederland,Wind,Hour,UTC,Providing,Current,3844207,3844207,0.585619,0,0
"2026-04-15 14:00:00","2026-04-15 15:00:00",Nederland,Wind,Hour,UTC,Providing,Current,3761766,3761768,0.57305733333333,0,0
"2026-04-15 15:00:00","2026-04-15 16:00:00",Nederland,Wind,Hour,UTC,Providing,Current,3288728,3288726,0.500994,0,0
"2026-04-15 16:00:00","2026-04-15 17:00:00",Nederland,Wind,Hour,UTC,Providing,Current,2565748,2565745,0.39085616666667,0,0
"2026-04-15 17:00:00","2026-04-15 18:00:00",Nederland,Wind,Hour,UTC,Providing,Current,1329471,1329468,0.20252566666667,0,0
"2026-04-15 18:00:00","2026-04-15 19:00:00",Nederland,Wind,Hour,UTC,Providing,Current,756748,756748,0.11527898333333,0,0
"2026-04-15 19:00:00","2026-04-15 20:00:00",Nederland,Wind,Hour,UTC,Providing,Current,587913,587916,0.0895593,0,0
"2026-04-15 20:00:00","2026-04-15 21:00:00",Nederland,Wind,Hour,UTC,Providing,Current,545735,545735,0.08313395,0,0
"2026-04-15 21:00:00","2026-04-15 22:00:00",Nederland,Wind,Hour,UTC,Providing,Current,373981,373983,0.056969633333333,0,0
"2026-04-15 22:00:00","2026-04-15 23:00:00",Nederland,Wind,Hour,UTC,Providing,Current,481130,481130,0.073291733333333,0,0
"2026-04-15 23:00:00","2026-04-16 00:00:00",Nederland,Wind,Hour,UTC,Providing,Current,708770,708772,0.10796815,0,0
"2026-04-16 00:00:00","2026-04-16 01:00:00",Nederland,Wind,Hour,UTC,Providing,Current,903928,903929,0.13769616666667,0,0
"2026-04-16 01:00:00","2026-04-16 02:00:00",Nederland,Wind,Hour,UTC,Providing,Current,1014171,1014171,0.15448916666667,0,0
"2026-04-16 02:00:00","2026-04-16 03:00:00",Nederland,Wind,Hour,UTC,Providing,Current,1078387,1078388,0.16427066666667,0,0
"2026-04-16 03:00:00","2026-04-16 04:00:00",Nederland,Wind,Hour,UTC,Providing,Current,879069,879066,0.133908,0,0
"2026-04-16 04:00:00","2026-04-16 05:00:00",Nederland,Wind,Hour,UTC,Providing,Current,792917,792918,0.12078416666667,0,0
"2026-04-16 05:00:00","2026-04-16 06:00:00",Nederland,Wind,Hour,UTC,Providing,Current,582084,582087,0.0886678,0,0
"2026-04-16 06:00:00","2026-04-16 07:00:00",Nederland,Wind,Hour,UTC,Providing,Current,807457,807461,0.12299776666667,0,0
"2026-04-16 07:00:00","2026-04-16 08:00:00",Nederland,Wind,Hour,UTC,Providing,Current,1622616,1622616,0.24716766666667,0,0
"2026-04-16 08:00:00","2026-04-16 09:00:00",Nederland,Wind,Hour,UTC,Providing,Current,2438479,2438476,0.37144383333333,0,0
"2026-04-16 09:00:00","2026-04-16 10:00:00",Nederland,Wind,Hour,UTC,Providing,Current,3398608,3398607,0.5176945,0,0
"2026-04-16 10:00:00","2026-04-16 11:00:00",Nederland,Wind,Hour,UTC,Providing,Current,3921486,3921491,0.59733983333333,0,0
"2026-04-16 11:00:00","2026-04-16 12:00:00",Nederland,Wind,Hour,UTC,Providing,Current,4216367,4216366,0.64225466666667,0,0
"2026-04-16 12:00:00","2026-04-16 13:00:00",Nederland,Wind,Hour,UTC,Providing,Current,3991478,3991479,0.6079965,0,0
"2026-04-16 13:00:00","2026-04-16 14:00:00",Nederland,Wind,Hour,UTC,Providing,Current,3669991,3669992,0.559024,0,0
"2026-04-16 14:00:00","2026-04-16 15:00:00",Nederland,Wind,Hour,UTC,Providing,Current,3540911,3540907,0.53935983333333,0,0
"2026-04-16 15:00:00","2026-04-16 16:00:00",Nederland,Wind,Hour,UTC,Providing,Current,2837626,2837623,0.432232,0,0
"2026-04-16 16:00:00","2026-04-16 17:00:00",Nederland,Wind,Hour,UTC,Providing,Current,2055727,2055727,0.31313033333333,0,0
"2026-04-16 17:00:00","2026-04-16 18:00:00",Nederland,Wind,Hour,UTC,Providing,Current,1199317,1199315,0.18268083333333,0,0
"2026-04-16 18:00:00","2026-04-16 19:00:00",Nederland,Wind,Hour,UTC,Providing,Current,457458,457458,0.06968,0,0
"2026-04-16 19:00:00","2026-04-16 20:00:00",Nederland,Wind,Hour,UTC,Providing,Current,66793,66794,0.010173883333333,0,0
"2026-04-16 20:00:00","2026-04-16 21:00:00",Nederland,Wind,Hour,UTC,Providing,Current,10466,10465,0.001594195,0,0
"2026-04-16 21:00:00","2026-04-16 22:00:00",Nederland,Wind,Hour,UTC,Providing,Current,0,0,0,0,0
"2026-04-16 22:00:00","2026-04-16 23:00:00",Nederland,Wind,Hour,UTC,Providing,Current,28431,28432,0.0043306066666667,0,0
"2026-04-16 23:00:00","2026-04-17 00:00:00",Nederland,Wind,Hour,UTC,Providing,Current,44671,44673,0.0068042133333333,0,0
"2026-04-17 00:00:00","2026-04-17 01:00:00",Nederland,Wind,Hour,UTC,Providing,Current,82409,82410,0.012552315,0,0
"2026-04-17 01:00:00","2026-04-17 02:00:00",Nederland,Wind,Hour,UTC,Providing,Current,127574,127573,0.0194315,0,0
"2026-04-17 02:00:00","2026-04-17 03:00:00",Nederland,Wind,Hour,UTC,Providing,Current,137838,137838,0.020994833333333,0,0
"2026-04-17 03:00:00","2026-04-17 04:00:00",Nederland,Wind,Hour,UTC,Providing,Current,96307,96308,0.0146689,0,0
"2026-04-17 04:00:00","2026-04-17 05:00:00",Nederland,Wind,Hour,UTC,Providing,Current,101163,101164,0.015408616666667,0,0
"2026-04-17 05:00:00","2026-04-17 06:00:00",Nederland,Wind,Hour,UTC,Providing,Current,104534,104534,0.015921916666667,0,0
"2026-04-17 06:00:00","2026-04-17 07:00:00",Nederland,Wind,Hour,UTC,Providing,Current,103507,103507,0.015765383333333,0,0
"2026-04-17 07:00:00","2026-04-17 08:00:00",Nederland,Wind,Hour,UTC,Providing,Current,158620,158621,0.0241598,0,0
"2026-04-17 08:00:00","2026-04-17 09:00:00",Nederland,Wind,Hour,UTC,Providing,Current,343202,343207,0.052273533333333,0,0
"2026-04-17 09:00:00","2026-04-17 10:00:00",Nederland,Wind,Hour,UTC,Providing,Current,671982,671982,0.10234996666667,0,0
"2026-04-17 10:00:00","2026-04-17 11:00:00",Nederland,Wind,Hour,UTC,Providing,Current,762855,762856,0.1161905,0,0
"2026-04-17 11:00:00","2026-04-17 12:00:00",Nederland,Wind,Hour,UTC,Providing,Current,690822,690823,0.10521866666667,0,0
"2026-04-17 12:00:00","2026-04-17 13:00:00",Nederland,Wind,Hour,UTC,Providing,Current,654205,654205,0.099640966666667,0,0
"2026-04-17 13:00:00","2026-04-17 14:00:00",Nederland,Wind,Hour,UTC,Providing,Current,605256,605254,0.092185266666667,0,0
"2026-04-17 14:00:00","2026-04-17 15:00:00",Nederland,Wind,Hour,UTC,Providing,Current,549673,549674,0.083719316666667,0,0
"2026-04-17 15:00:00","2026-04-17 16:00:00",Nederland,Wind,Hour,UTC,Providing,Current,428398,428395,0.065247966666667,0,0
"2026-04-17 16:00:00","2026-04-17 17:00:00",Nederland,Wind,Hour,UTC,Providing,Current,244653,244654,0.037262216666667,0,0
"2026-04-17 17:00:00","2026-04-17 18:00:00",Nederland,Wind,Hour,UTC,Providing,Current,188781,188780,0.028752383333333,0,0
"2026-04-17 18:00:00","2026-04-17 19:00:00",Nederland,Wind,Hour,UTC,Providing,Current,143353,143354,0.021833383333333,0,0
"2026-04-17 19:00:00","2026-04-17 20:00:00",Nederland,Wind,Hour,UTC,Providing,Current,71145,71146,0.010835698333333,0,0
"2026-04-17 20:00:00","2026-04-17 21:00:00",Nederland,Wind,Hour,UTC,Providing,Current,323,323,4.92195E-5,0,0
"2026-04-17 21:00:00","2026-04-17 22:00:00",Nederland,Wind,Hour,UTC,Providing,Current,0,0,0,0,0
"2026-04-17 22:00:00","2026-04-17 23:00:00",Nederland,Wind,Hour,UTC,Providing,Current,0,0,0,0,0
"2026-04-17 23:00:00","2026-04-18 00:00:00",Nederland,Wind,Hour,UTC,Providing,Current,0,0,0,0,0
"2026-04-18 00:00:00","2026-04-18 01:00:00",Nederland,Wind,Hour,UTC,Providing,Current,5706,5707,0.00086907833333333,0,0
"2026-04-18 01:00:00","2026-04-18 02:00:00",Nederland,Wind,Hour,UTC,Providing,Current,40413,40414,0.00615499,0,0
"2026-04-18 02:00:00","2026-04-18 03:00:00",Nederland,Wind,Hour,UTC,Providing,Current,70594,70594,0.010751438333333,0,0
"2026-04-18 03:00:00","2026-04-18 04:00:00",Nederland,Wind,Hour,UTC,Providing,Current,123913,123913,0.018871966666667,0,0
"2026-04-18 04:00:00","2026-04-18 05:00:00",Nederland,Wind,Hour,UTC,Providing,Current,143465,143464,0.021849633333333,0,0
"2026-04-18 05:00:00","2026-04-18 06:00:00",Nederland,Wind,Hour,UTC,Providing,Current,181226,181228,0.027600433333333,0,0
"2026-04-18 06:00:00","2026-04-18 07:00:00",Nederland,Wind,Hour,UTC,Providing,Current,213171,213170,0.0324654,0,0
"2026-04-18 07:00:00","2026-04-18 08:00:00",Nederland,Wind,Hour,UTC,Providing,Current,340962,340965,0.051927366666667,0,0
"2026-04-18 08:00:00","2026-04-18 09:00:00",Nederland,Wind,Hour,UTC,Providing,Current,686760,686762,0.10459078333333,0,0
"2026-04-18 09:00:00","2026-04-18 10:00:00",Nederland,Wind,Hour,UTC,Providing,Current,1294364,1294365,0.19712566666667,0,0
"2026-04-18 10:00:00","2026-04-18 11:00:00",Nederland,Wind,Hour,UTC,Providing,Current,1879018,1879016,0.2861645,0,0
"2026-04-18 11:00:00","2026-04-18 12:00:00",Nederland,Wind,Hour,UTC,Providing,Current,1933870,1933869,0.294517,0,0
"2026-04-18 12:00:00","2026-04-18 13:00:00",Nederland,Wind,Hour,UTC,Providing,Current,1850442,1850443,0.28181033333333,0,0
"2026-04-18 13:00:00","2026-04-18 14:00:00",Nederland,Wind,Hour,UTC,Providing,Current,2139393,2139393,0.3258145,0,0
"2026-04-18 14:00:00","2026-04-18 15:00:00",Nederland,Wind,Hour,UTC,Providing,Current,1768926,1768929,0.26939383333333,0,0
"2026-04-18 15:00:00","2026-04-18 16:00:00",Nederland,Wind,Hour,UTC,Providing,Current,1245556,1245556,0.18968783333333,0,0
"2026-04-18 16:00:00","2026-04-18 17:00:00",Nederland,Wind,Hour,UTC,Providing,Current,1054389,1054391,0.160574,0,0
"2026-04-18 17:00:00","2026-04-18 18:00:00",Nederland,Wind,Hour,UTC,Providing,Current,1261112,1261111,0.19205516666667,0,0
"2026-04-18 18:00:00","2026-04-18 19:00:00",Nederland,Wind,Hour,UTC,Providing,Current,1082608,1082606,0.16487,0,0
"2026-04-18 19:00:00","2026-04-18 20:00:00",Nederland,Wind,Hour,UTC,Providing,Current,355379,355381,0.054120483333333,0,0
"2026-04-18 20:00:00","2026-04-18 21:00:00",Nederland,Wind,Hour,UTC,Providing,Current,84258,84255,0.012831625,0,0
"2026-04-18 21:00:00","2026-04-18 22:00:00",Nederland,Wind,Hour,UTC,Providing,Current,73062,73061,0.011126571666667,0,0
"2026-04-18 22:00:00","2026-04-18 23:00:00",Nederland,Wind,Hour,UTC,Providing,Current,71590,71590,0.010902303333333,0,0
"2026-04-18 23:00:00","2026-04-19 00:00:00",Nederland,Wind,Hour,UTC,Providing,Current,77379,77381,0.01178385,0,0
"2026-04-19 00:00:00","2026-04-19 01:00:00",Nederland,Wind,Hour,UTC,Providing,Current,94046,94046,0.014322,0,0
"2026-04-19 01:00:00","2026-04-19 02:00:00",Nederland,Wind,Hour,UTC,Providing,Current,119031,119030,0.018126766666667,0,0
"2026-04-19 02:00:00","2026-04-19 03:00:00",Nederland,Wind,Hour,UTC,Providing,Current,112223,112221,0.017089883333333,0,0
"2026-04-19 03:00:00","2026-04-19 04:00:00",Nederland,Wind,Hour,UTC,Providing,Current,199133,199133,0.030324766666667,0,0
"2026-04-19 04:00:00","2026-04-19 05:00:00",Nederland,Wind,Hour,UTC,Providing,Current,271076,271075,0.0412804,0,0
"2026-04-19 05:00:00","2026-04-19 06:00:00",Nederland,Wind,Hour,UTC,Providing,Current,377050,377051,0.057418316666667,0,0
"2026-04-19 06:00:00","2026-04-19 07:00:00",Nederland,Wind,Hour,UTC,Providing,Current,893607,893604,0.13608033333333,0,0
"2026-04-19 07:00:00","2026-04-19 08:00:00",Nederland,Wind,Hour,UTC,Providing,Current,2293032,2293032,0.3491865,0,0
"2026-04-19 08:00:00","2026-04-19 09:00:00",Nederland,Wind,Hour,UTC,Providing,Current,2741353,2741354,0.41745566666667,0,0
"2026-04-19 09:00:00","2026-04-19 10:00:00",Nederland,Wind,Hour,UTC,Providing,Current,2810648,2810649,0.42800616666667,0,0
"2026-04-19 10:00:00","2026-04-19 11:00:00",Nederland,Wind,Hour,UTC,Providing,Current,3234368,3234370,0.49252833333333,0,0
"2026-04-19 11:00:00","2026-04-19 12:00:00",Nederland,Wind,Hour,UTC,Providing,Current,3497228,3497224,0.53255466666667,0,0
"2026-04-19 12:00:00","2026-04-19 13:00:00",Nederland,Wind,Hour,UTC,Providing,Current,4027337,4027339,0.6132765,0,0
"2026-04-19 13:00:00","2026-04-19 14:00:00",Nederland,Wind,Hour,UTC,Providing,Current,4224192,4224193,0.64325066666667,0,0
"2026-04-19 14:00:00","2026-04-19 15:00:00",Nederland,Wind,Hour,UTC,Providing,Current,4437616,4437615,0.67574733333333,0,0
"2026-04-19 15:00:00","2026-04-19 16:00:00",Nederland,Wind,Hour,UTC,Providing,Current,4227792,4227790,0.64379333333333,0,0
"2026-04-19 16:00:00","2026-04-19 17:00:00",Nederland,Wind,Hour,UTC,Providing,Current,3580707,3580707,0.54525533333333,0,0
"2026-04-19 17:00:00","2026-04-19 18:00:00",Nederland,Wind,Hour,UTC,Providing,Current,3518473,3518478,0.5357765,0,0
"2026-04-19 18:00:00","2026-04-19 19:00:00",Nederland,Wind,Hour,UTC,Providing,Current,2614462,2614460,0.39811616666667,0,0
"2026-04-19 19:00:00","2026-04-19 20:00:00",Nederland,Wind,Hour,UTC,Providing,Current,1566112,1566120,0.23847833333333,0,0
"2026-04-19 20:00:00","2026-04-19 21:00:00",Nederland,Wind,Hour,UTC,Providing,Current,753943,753948,0.11480553333333,0,0
"2026-04-19 21:00:00","2026-04-19 22:00:00",Nederland,Wind,Hour,UTC,Providing,Current,401122,401120,0.061079966666667,0,0
"2026-04-19 22:00:00","2026-04-19 23:00:00",Nederland,Wind,Hour,UTC,Providing,Current,311950,311951,0.0475014,0,0
"2026-04-19 23:00:00","2026-04-20 00:00:00",Nederland,Wind,Hour,UTC,Providing,Current,353659,353660,0.053852216666667,0,0
"2026-04-20 00:00:00","2026-04-20 01:00:00",Nederland,Wind,Hour,UTC,Providing,Current,286159,286158,0.043573783333333,0,0
"2026-04-20 01:00:00","2026-04-20 02:00:00",Nederland,Wind,Hour,UTC,Providing,Current,248638,248636,0.0378602,0,0
"2026-04-20 02:00:00","2026-04-20 03:00:00",Nederland,Wind,Hour,UTC,Providing,Current,164332,164331,0.025022816666667,0,0
"2026-04-20 03:00:00","2026-04-20 04:00:00",Nederland,Wind,Hour,UTC,Providing,Current,96190,96191,0.014646883333333,0,0
"2026-04-20 04:00:00","2026-04-20 05:00:00",Nederland,Wind,Hour,UTC,Providing,Current,37457,37456,0.0057035183333333,0,0
"2026-04-20 05:00:00","2026-04-20 06:00:00",Nederland,Wind,Hour,UTC,Providing,Current,8623,8623,0.00131303,0,0
"2026-04-20 06:00:00","2026-04-20 07:00:00",Nederland,Wind,Hour,UTC,Providing,Current,100521,100522,0.015306041666667,0,0
"2026-04-20 07:00:00","2026-04-20 08:00:00",Nederland,Wind,Hour,UTC,Providing,Current,456560,456562,0.0695189,0,0
"2026-04-20 08:00:00","2026-04-20 09:00:00",Nederland,Wind,Hour,UTC,Providing,Current,794047,794044,0.12090633333333,0,0
"2026-04-20 09:00:00","2026-04-20 10:00:00",Nederland,Wind,Hour,UTC,Providing,Current,931535,931535,0.14184033333333,0,0
"2026-04-20 10:00:00","2026-04-20 11:00:00",Nederland,Wind,Hour,UTC,Providing,Current,1015012,1015014,0.15455033333333,0,0
"2026-04-20 11:00:00","2026-04-20 12:00:00",Nederland,Wind,Hour,UTC,Providing,Current,906521,906521,0.13803066666667,0,0
"2026-04-20 12:00:00","2026-04-20 13:00:00",Nederland,Wind,Hour,UTC,Providing,Current,1044297,1044293,0.15900816666667,0,0
"2026-04-20 13:00:00","2026-04-20 14:00:00",Nederland,Wind,Hour,UTC,Providing,Current,1325091,1325099,0.20176183333333,0,0
"2026-04-20 14:00:00","2026-04-20 15:00:00",Nederland,Wind,Hour,UTC,Providing,Current,1713850,1713853,0.2609545,0,0
"2026-04-20 15:00:00","2026-04-20 16:00:00",Nederland,Wind,Hour,UTC,Providing,Current,2143946,2143946,0.3264405,0,0
"2026-04-20 16:00:00","2026-04-20 17:00:00",Nederland,Wind,Hour,UTC,Providing,Current,3210660,3210662,0.48885766666667,0,0
"2026-04-20 17:00:00","2026-04-20 18:00:00",Nederland,Wind,Hour,UTC,Providing,Current,3258751,3258752,0.496178,0,0
"2026-04-20 18:00:00","2026-04-20 19:00:00",Nederland,Wind,Hour,UTC,Providing,Current,2781850,2781852,0.42356316666667,0,0
"2026-04-20 19:00:00","2026-04-20 20:00:00",Nederland,Wind,Hour,UTC,Providing,Current,2282557,2282558,0.34753983333333,0,0
"2026-04-20 20:00:00","2026-04-20 21:00:00",Nederland,Wind,Hour,UTC,Providing,Current,1605067,1605065,0.24438466666667,0,0
"2026-04-20 21:00:00","2026-04-20 22:00:00",Nederland,Wind,Hour,UTC,Providing,Current,1979607,1979610,0.30141033333333,0,0
"2026-04-20 22:00:00","2026-04-20 23:00:00",Nederland,Wind,Hour,UTC,Providing,Current,1832154,1832156,0.2789585,0,0
"2026-04-20 23:00:00","2026-04-21 00:00:00",Nederland,Wind,Hour,UTC,Providing,Current,1851277,1851281,0.281869,0,0
"2026-04-21 00:00:00","2026-04-21 01:00:00",Nederland,Wind,Hour,UTC,Providing,Current,1839676,1839677,0.2801015,0,0
"2026-04-21 01:00:00","2026-04-21 02:00:00",Nederland,Wind,Hour,UTC,Providing,Current,1911712,1911709,0.29106816666667,0,0
"2026-04-21 02:00:00","2026-04-21 03:00:00",Nederland,Wind,Hour,UTC,Providing,Current,1754715,1754720,0.2671635,0,0
"2026-04-21 03:00:00","2026-04-21 04:00:00",Nederland,Wind,Hour,UTC,Providing,Current,1655828,1655832,0.25210633333333,0,0
"2026-04-21 04:00:00","2026-04-21 05:00:00",Nederland,Wind,Hour,UTC,Providing,Current,1478993,1478992,0.2251815,0,0
"2026-04-21 05:00:00","2026-04-21 06:00:00",Nederland,Wind,Hour,UTC,Providing,Current,1420293,1420292,0.21624333333333,0,0
"2026-04-21 06:00:00","2026-04-21 07:00:00",Nederland,Wind,Hour,UTC,Providing,Current,2401046,2401047,0.36556416666667,0,0
"2026-04-21 07:00:00","2026-04-21 08:00:00",Nederland,Wind,Hour,UTC,Providing,Current,4128196,4128197,0.62852383333333,0,0
"2026-04-21 08:00:00","2026-04-21 09:00:00",Nederland,Wind,Hour,UTC,Providing,Current,4272966,4272969,0.65056266666667,0,0
"2026-04-21 09:00:00","2026-04-21 10:00:00",Nederland,Wind,Hour,UTC,Providing,Current,4587270,4587272,0.69841283333333,0,0
"2026-04-21 10:00:00","2026-04-21 11:00:00",Nederland,Wind,Hour,UTC,Providing,Current,4995683,4995684,0.76059033333333,0,0
"2026-04-21 11:00:00","2026-04-21 12:00:00",Nederland,Wind,Hour,UTC,Providing,Current,4838500,4838499,0.73665633333333,0,0
"2026-04-21 12:00:00","2026-04-21 13:00:00",Nederland,Wind,Hour,UTC,Providing,Current,4858568,4858570,0.73970883333333,0,0
"2026-04-21 13:00:00","2026-04-21 14:00:00",Nederland,Wind,Hour,UTC,Providing,Current,4948940,4948944,0.75346466666667,0,0
"2026-04-21 14:00:00","2026-04-21 15:00:00",Nederland,Wind,Hour,UTC,Providing,Current,4722939,4722936,0.71905316666667,0,0
"2026-04-21 15:00:00","2026-04-21 16:00:00",Nederland,Wind,Hour,UTC,Providing,Current,4793794,4793796,0.729838,0,0
"2026-04-21 16:00:00","2026-04-21 17:00:00",Nederland,Wind,Hour,UTC,Providing,Current,4704572,4704572,0.71625116666667,0,0
"2026-04-21 17:00:00","2026-04-21 18:00:00",Nederland,Wind,Hour,UTC,Providing,Current,4358080,4358077,0.6634965,0,0
"2026-04-21 18:00:00","2026-04-21 19:00:00",Nederland,Wind,Hour,UTC,Providing,Current,3295001,3294997,0.501646,0,0
"2026-04-21 19:00:00","2026-04-21 20:00:00",Nederland,Wind,Hour,UTC,Providing,Current,2188282,2188284,0.33315266666667,0,0
"2026-04-21 20:00:00","2026-04-21 21:00:00",Nederland,Wind,Hour,UTC,Providing,Current,1632932,1632933,0.248603,0,0
"2026-04-21 21:00:00","2026-04-21 22:00:00",Nederland,Wind,Hour,UTC,Providing,Current,1248235,1248235,0.19003466666667,0,0
"2026-04-21 22:00:00","2026-04-21 23:00:00",Nederland,Wind,Hour,UTC,Providing,Current,1077959,1077960,0.1641105,0,0
"2026-04-21 23:00:00","2026-04-22 00:00:00",Nederland,Wind,Hour,UTC,Providing,Current,922741,922740,0.1404795,0,0
"2026-04-22 00:00:00","2026-04-22 01:00:00",Nederland,Wind,Hour,UTC,Providing,Current,804038,804040,0.1224075,0,0
"2026-04-22 01:00:00","2026-04-22 02:00:00",Nederland,Wind,Hour,UTC,Providing,Current,765105,765107,0.11647983333333,0,0
"2026-04-22 02:00:00","2026-04-22 03:00:00",Nederland,Wind,Hour,UTC,Providing,Current,660527,660527,0.10055845,0,0
"2026-04-22 03:00:00","2026-04-22 04:00:00",Nederland,Wind,Hour,UTC,Providing,Current,542769,542769,0.08263055,0,0
"2026-04-22 04:00:00","2026-04-22 05:00:00",Nederland,Wind,Hour,UTC,Providing,Current,682217,682217,0.10385968333333,0,0
"2026-04-22 05:00:00","2026-04-22 06:00:00",Nederland,Wind,Hour,UTC,Providing,Current,450232,450231,0.068542333333333,0,0
"2026-04-22 06:00:00","2026-04-22 07:00:00",Nederland,Wind,Hour,UTC,Providing,Current,536895,536893,0.081735383333333,0,0
"2026-04-22 07:00:00","2026-04-22 08:00:00",Nederland,Wind,Hour,UTC,Providing,Current,840880,840879,0.12801266666667,0,0
"2026-04-22 08:00:00","2026-04-22 09:00:00",Nederland,Wind,Hour,UTC,Providing,Current,866277,866276,0.1318785,0,0
"2026-04-22 09:00:00","2026-04-22 10:00:00",Nederland,Wind,Hour,UTC,Providing,Current,1102432,1102433,0.16782883333333,0,0
"2026-04-22 10:00:00","2026-04-22 11:00:00",Nederland,Wind,Hour,UTC,Providing,Current,1635457,1635458,0.248973,0,0
"2026-04-22 11:00:00","2026-04-22 12:00:00",Nederland,Wind,Hour,UTC,Providing,Current,1797131,1797126,0.27358416666667,0,0
"2026-04-22 12:00:00","2026-04-22 13:00:00",Nederland,Wind,Hour,UTC,Providing,Current,2041885,2041885,0.310843,0,0
"2026-04-22 13:00:00","2026-04-22 14:00:00",Nederland,Wind,Hour,UTC,Providing,Current,2434023,2434027,0.37053766666667,0,0
"2026-04-22 14:00:00","2026-04-22 15:00:00",Nederland,Wind,Hour,UTC,Providing,Current,2795295,2795300,0.42553333333333,0,0
"2026-04-22 15:00:00","2026-04-22 16:00:00",Nederland,Wind,Hour,UTC,Providing,Current,3440066,3440070,0.523686,0,0
"2026-04-22 16:00:00","2026-04-22 17:00:00",Nederland,Wind,Hour,UTC,Providing,Current,3867979,3867980,0.5888255,0,0
"2026-04-22 17:00:00","2026-04-22 18:00:00",Nederland,Wind,Hour,UTC,Providing,Current,3722734,3722737,0.56671233333333,0,0
"2026-04-22 18:00:00","2026-04-22 19:00:00",Nederland,Wind,Hour,UTC,Providing,Current,3179031,3179032,0.48394266666667,0,0
"2026-04-22 19:00:00","2026-04-22 20:00:00",Nederland,Wind,Hour,UTC,Providing,Current,1901600,1901598,0.28947833333333,0,0
"2026-04-22 20:00:00","2026-04-22 21:00:00",Nederland,Wind,Hour,UTC,Providing,Current,1108424,1108430,0.16873366666667,0,0
"2026-04-22 21:00:00","2026-04-22 22:00:00",Nederland,Wind,Hour,UTC,Providing,Current,853968,853968,0.12999783333333,0,0
"2026-04-22 22:00:00","2026-04-22 23:00:00",Nederland,Wind,Hour,UTC,Providing,Current,670433,670435,0.102058,0,0
"2026-04-22 23:00:00","2026-04-23 00:00:00",Nederland,Wind,Hour,UTC,Providing,Current,554197,554200,0.084363466666667,0,0
"2026-04-23 00:00:00","2026-04-23 01:00:00",Nederland,Wind,Hour,UTC,Providing,Current,708480,708484,0.10784883333333,0,0
"2026-04-23 01:00:00","2026-04-23 02:00:00",Nederland,Wind,Hour,UTC,Providing,Current,661669,661667,0.10072288333333,0,0
"2026-04-23 02:00:00","2026-04-23 03:00:00",Nederland,Wind,Hour,UTC,Providing,Current,619043,619043,0.094233616666667,0,0
"2026-04-23 03:00:00","2026-04-23 04:00:00",Nederland,Wind,Hour,UTC,Providing,Current,646793,646788,0.0984574,0,0
"2026-04-23 04:00:00","2026-04-23 05:00:00",Nederland,Wind,Hour,UTC,Providing,Current,597432,597430,0.0909431,0,0
"2026-04-23 05:00:00","2026-04-23 06:00:00",Nederland,Wind,Hour,UTC,Providing,Current,470287,470286,0.071588333333333,0,0
"2026-04-23 06:00:00","2026-04-23 07:00:00",Nederland,Wind,Hour,UTC,Providing,Current,696887,696886,0.10608145,0,0
"2026-04-23 07:00:00","2026-04-23 08:00:00",Nederland,Wind,Hour,UTC,Providing,Current,1113565,1113563,0.16950833333333,0,0
"2026-04-23 08:00:00","2026-04-23 09:00:00",Nederland,Wind,Hour,UTC,Providing,Current,1258929,1258928,0.19163516666667,0,0
"2026-04-23 09:00:00","2026-04-23 10:00:00",Nederland,Wind,Hour,UTC,Providing,Current,1214026,1214023,0.18479933333333,0,0
"2026-04-23 10:00:00","2026-04-23 11:00:00",Nederland,Wind,Hour,UTC,Providing,Current,1575129,1575132,0.23976516666667,0,0
"2026-04-23 11:00:00","2026-04-23 12:00:00",Nederland,Wind,Hour,UTC,Providing,Current,2088432,2088427,0.317899,0,0
"2026-04-23 12:00:00","2026-04-23 13:00:00",Nederland,Wind,Hour,UTC,Providing,Current,2630368,2630367,0.40038983333333,0,0
"2026-04-23 13:00:00","2026-04-23 14:00:00",Nederland,Wind,Hour,UTC,Providing,Current,3090170,3090170,0.47037833333333,0,0
"2026-04-23 14:00:00","2026-04-23 15:00:00",Nederland,Wind,Hour,UTC,Providing,Current,3531526,3531523,0.53755816666667,0,0
"2026-04-23 15:00:00","2026-04-23 16:00:00",Nederland,Wind,Hour,UTC,Providing,Current,3919631,3919633,0.59663166666667,0,0
"2026-04-23 16:00:00","2026-04-23 17:00:00",Nederland,Wind,Hour,UTC,Providing,Current,3814914,3814914,0.58068966666667,0,0
"2026-04-23 17:00:00","2026-04-23 18:00:00",Nederland,Wind,Hour,UTC,Providing,Current,3501051,3501054,0.53291283333333,0,0
"2026-04-23 18:00:00","2026-04-23 19:00:00",Nederland,Wind,Hour,UTC,Providing,Current,2542746,2542746,0.387043,0,0
"2026-04-23 19:00:00","2026-04-23 20:00:00",Nederland,Wind,Hour,UTC,Providing,Current,1602188,1602190,0.2438755,0,0
"2026-04-23 20:00:00","2026-04-23 21:00:00",Nederland,Wind,Hour,UTC,Providing,Current,1099099,1099101,0.1672975,0,0
"2026-04-23 21:00:00","2026-04-23 22:00:00",Nederland,Wind,Hour,UTC,Providing,Current,781703,781705,0.11898516666667,0,0
"2026-04-23 22:00:00","2026-04-23 23:00:00",Nederland,Wind,Hour,UTC,Providing,Current,685092,685087,0.10427933333333,0,0
"2026-04-23 23:00:00","2026-04-24 00:00:00",Nederland,Wind,Hour,UTC,Providing,Current,661065,661065,0.10062153333333,0,0
"2026-04-24 00:00:00","2026-04-24 01:00:00",Nederland,Wind,Hour,UTC,Providing,Current,624751,624751,0.0950939,0,0
"2026-04-24 01:00:00","2026-04-24 02:00:00",Nederland,Wind,Hour,UTC,Providing,Current,639816,639819,0.097386616666667,0,0
"2026-04-24 02:00:00","2026-04-24 03:00:00",Nederland,Wind,Hour,UTC,Providing,Current,835299,835302,0.1271405,0,0
"2026-04-24 03:00:00","2026-04-24 04:00:00",Nederland,Wind,Hour,UTC,Providing,Current,944434,944434,0.1437515,0,0
"2026-04-24 04:00:00","2026-04-24 05:00:00",Nederland,Wind,Hour,UTC,Providing,Current,1085408,1085409,0.16520816666667,0,0
"2026-04-24 05:00:00","2026-04-24 06:00:00",Nederland,Wind,Hour,UTC,Providing,Current,1304568,1304565,0.19856516666667,0,0
"2026-04-24 06:00:00","2026-04-24 07:00:00",Nederland,Wind,Hour,UTC,Providing,Current,1374078,1374080,0.20914416666667,0,0
"2026-04-24 07:00:00","2026-04-24 08:00:00",Nederland,Wind,Hour,UTC,Providing,Current,1660245,1660245,0.25269983333333,0,0
"2026-04-24 08:00:00","2026-04-24 09:00:00",Nederland,Wind,Hour,UTC,Providing,Current,1714759,1714758,0.260996,0,0
"2026-04-24 09:00:00","2026-04-24 10:00:00",Nederland,Wind,Hour,UTC,Providing,Current,1741012,1741012,0.26499083333333,0,0
"2026-04-24 10:00:00","2026-04-24 11:00:00",Nederland,Wind,Hour,UTC,Providing,Current,1847837,1847836,0.281249,0,0
"2026-04-24 11:00:00","2026-04-24 12:00:00",Nederland,Wind,Hour,UTC,Providing,Current,2085675,2085670,0.3174475,0,0
"2026-04-24 12:00:00","2026-04-24 13:00:00",Nederland,Wind,Hour,UTC,Providing,Current,2364230,2364231,0.359843,0,0
"2026-04-24 13:00:00","2026-04-24 14:00:00",Nederland,Wind,Hour,UTC,Providing,Current,2599415,2599416,0.39563766666667,0,0
"2026-04-24 14:00:00","2026-04-24 15:00:00",Nederland,Wind,Hour,UTC,Providing,Current,2600490,2600493,0.39579933333333,0,0
"2026-04-24 15:00:00","2026-04-24 16:00:00",Nederland,Wind,Hour,UTC,Providing,Current,2615159,2615156,0.39803066666667,0,0
"2026-04-24 16:00:00","2026-04-24 17:00:00",Nederland,Wind,Hour,UTC,Providing,Current,2408172,2408169,0.3665255,0,0
"2026-04-24 17:00:00","2026-04-24 18:00:00",Nederland,Wind,Hour,UTC,Providing,Current,1932328,1932324,0.2941005,0,0
"2026-04-24 18:00:00","2026-04-24 19:00:00",Nederland,Wind,Hour,UTC,Providing,Current,1546862,1546862,0.2354315,0,0
"2026-04-24 19:00:00","2026-04-24 20:00:00",Nederland,Wind,Hour,UTC,Providing,Current,1085341,1085341,0.16518766666667,0,0
"2026-04-24 20:00:00","2026-04-24 21:00:00",Nederland,Wind,Hour,UTC,Providing,Current,697504,697501,0.10615868333333,0,0
"2026-04-24 21:00:00","2026-04-24 22:00:00",Nederland,Wind,Hour,UTC,Providing,Current,625125,625125,0.095142516666667,0,0
"2026-04-24 22:00:00","2026-04-24 23:00:00",Nederland,Wind,Hour,UTC,Providing,Current,581610,581614,0.088519333333333,0,0
"2026-04-24 23:00:00","2026-04-25 00:00:00",Nederland,Wind,Hour,UTC,Providing,Current,433267,433263,0.06594165,0,0
"2026-04-25 00:00:00","2026-04-25 01:00:00",Nederland,Wind,Hour,UTC,Providing,Current,330342,330340,0.050276683333333,0,0
"2026-04-25 01:00:00","2026-04-25 02:00:00",Nederland,Wind,Hour,UTC,Providing,Current,230383,230383,0.035063183333333,0,0
"2026-04-25 02:00:00","2026-04-25 03:00:00",Nederland,Wind,Hour,UTC,Providing,Current,155538,155537,0.023672,0,0
"2026-04-25 03:00:00","2026-04-25 04:00:00",Nederland,Wind,Hour,UTC,Providing,Current,242797,242797,0.036952183333333,0,0
"2026-04-25 04:00:00","2026-04-25 05:00:00",Nederland,Wind,Hour,UTC,Providing,Current,281867,281866,0.04289825,0,0
"2026-04-25 05:00:00","2026-04-25 06:00:00",Nederland,Wind,Hour,UTC,Providing,Current,447710,447712,0.068138233333333,0,0
"2026-04-25 06:00:00","2026-04-25 07:00:00",Nederland,Wind,Hour,UTC,Providing,Current,406972,406972,0.061937933333333,0,0
"2026-04-25 07:00:00","2026-04-25 08:00:00",Nederland,Wind,Hour,UTC,Providing,Current,292868,292870,0.044572083333333,0,0
"2026-04-25 08:00:00","2026-04-25 09:00:00",Nederland,Wind,Hour,UTC,Providing,Current,365177,365178,0.055576633333333,0,0
"2026-04-25 09:00:00","2026-04-25 10:00:00",Nederland,Wind,Hour,UTC,Providing,Current,437227,437226,0.066541616666667,0,0
"2026-04-25 10:00:00","2026-04-25 11:00:00",Nederland,Wind,Hour,UTC,Providing,Current,827212,827209,0.12589283333333,0,0
"2026-04-25 11:00:00","2026-04-25 12:00:00",Nederland,Wind,Hour,UTC,Providing,Current,1409900,1409902,0.214571,0,0
"2026-04-25 12:00:00","2026-04-25 13:00:00",Nederland,Wind,Hour,UTC,Providing,Current,2029487,2029488,0.30886383333333,0,0
"2026-04-25 13:00:00","2026-04-25 14:00:00",Nederland,Wind,Hour,UTC,Providing,Current,2265359,2265358,0.34475916666667,0,0
"2026-04-25 14:00:00","2026-04-25 15:00:00",Nederland,Wind,Hour,UTC,Providing,Current,2831043,2831043,0.4308475,0,0
"2026-04-25 15:00:00","2026-04-25 16:00:00",Nederland,Wind,Hour,UTC,Providing,Current,2947167,2947166,0.44851816666667,0,0
"2026-04-25 16:00:00","2026-04-25 17:00:00",Nederland,Wind,Hour,UTC,Providing,Current,2827051,2827052,0.43023666666667,0,0
"2026-04-25 17:00:00","2026-04-25 18:00:00",Nederland,Wind,Hour,UTC,Providing,Current,2421102,2421099,0.3684555,0,0
"2026-04-25 18:00:00","2026-04-25 19:00:00",Nederland,Wind,Hour,UTC,Providing,Current,1621643,1621642,0.24678883333333,0,0
"2026-04-25 19:00:00","2026-04-25 20:00:00",Nederland,Wind,Hour,UTC,Providing,Current,1084098,1084098,0.164982,0,0
"2026-04-25 20:00:00","2026-04-25 21:00:00",Nederland,Wind,Hour,UTC,Providing,Current,656643,656644,0.0999299,0,0
"2026-04-25 21:00:00","2026-04-25 22:00:00",Nederland,Wind,Hour,UTC,Providing,Current,627387,627386,0.095477283333333,0,0
"2026-04-25 22:00:00","2026-04-25 23:00:00",Nederland,Wind,Hour,UTC,Providing,Current,552308,552310,0.084051366666667,0,0
"2026-04-25 23:00:00","2026-04-26 00:00:00",Nederland,Wind,Hour,UTC,Providing,Current,373238,373238,0.05679985,0,0
"2026-04-26 00:00:00","2026-04-26 01:00:00",Nederland,Wind,Hour,UTC,Providing,Current,320071,320073,0.04870865,0,0
"2026-04-26 01:00:00","2026-04-26 02:00:00",Nederland,Wind,Hour,UTC,Providing,Current,216387,216389,0.032929866666667,0,0
"2026-04-26 02:00:00","2026-04-26 03:00:00",Nederland,Wind,Hour,UTC,Providing,Current,154342,154343,0.023487683333333,0,0
"2026-04-26 03:00:00","2026-04-26 04:00:00",Nederland,Wind,Hour,UTC,Providing,Current,99238,99238,0.0151019,0,0
"2026-04-26 04:00:00","2026-04-26 05:00:00",Nederland,Wind,Hour,UTC,Providing,Current,93558,93558,0.014237583333333,0,0
"2026-04-26 05:00:00","2026-04-26 06:00:00",Nederland,Wind,Hour,UTC,Providing,Current,54970,54970,0.0083652966666667,0,0
"2026-04-26 06:00:00","2026-04-26 07:00:00",Nederland,Wind,Hour,UTC,Providing,Current,104959,104959,0.015972385,0,0
"2026-04-26 07:00:00","2026-04-26 08:00:00",Nederland,Wind,Hour,UTC,Providing,Current,417273,417273,0.063499133333333,0,0
"2026-04-26 08:00:00","2026-04-26 09:00:00",Nederland,Wind,Hour,UTC,Providing,Current,421127,421127,0.06408535,0,0
"2026-04-26 09:00:00","2026-04-26 10:00:00",Nederland,Wind,Hour,UTC,Providing,Current,186727,186728,0.0284153,0,0
"2026-04-26 10:00:00","2026-04-26 11:00:00",Nederland,Wind,Hour,UTC,Providing,Current,164688,164690,0.025061366666667,0,0
"2026-04-26 11:00:00","2026-04-26 12:00:00",Nederland,Wind,Hour,UTC,Providing,Current,211163,211163,0.032133516666667,0,0
"2026-04-26 12:00:00","2026-04-26 13:00:00",Nederland,Wind,Hour,UTC,Providing,Current,346695,346697,0.05275775,0,0
"2026-04-26 13:00:00","2026-04-26 14:00:00",Nederland,Wind,Hour,UTC,Providing,Current,616975,616972,0.093886616666667,0,0
"2026-04-26 14:00:00","2026-04-26 15:00:00",Nederland,Wind,Hour,UTC,Providing,Current,874008,874010,0.13299933333333,0,0
"2026-04-26 15:00:00","2026-04-26 16:00:00",Nederland,Wind,Hour,UTC,Providing,Current,1252702,1252702,0.19062516666667,0,0
"2026-04-26 16:00:00","2026-04-26 17:00:00",Nederland,Wind,Hour,UTC,Providing,Current,1538987,1538989,0.23418866666667,0,0
"2026-04-26 17:00:00","2026-04-26 18:00:00",Nederland,Wind,Hour,UTC,Providing,Current,1683755,1683750,0.25621716666667,0,0
"2026-04-26 18:00:00","2026-04-26 19:00:00",Nederland,Wind,Hour,UTC,Providing,Current,1290934,1290934,0.19644066666667,0,0
"2026-04-26 19:00:00","2026-04-26 20:00:00",Nederland,Wind,Hour,UTC,Providing,Current,795835,795833,0.12110133333333,0,0
"2026-04-26 20:00:00","2026-04-26 21:00:00",Nederland,Wind,Hour,UTC,Providing,Current,606542,606541,0.0922965,0,0
"2026-04-26 21:00:00","2026-04-26 22:00:00",Nederland,Wind,Hour,UTC,Providing,Current,530806,530809,0.080771416666667,0,0
"2026-04-26 22:00:00","2026-04-26 23:00:00",Nederland,Wind,Hour,UTC,Providing,Current,624333,624334,0.095002783333333,0,0
"2026-04-26 23:00:00","2026-04-27 00:00:00",Nederland,Wind,Hour,UTC,Providing,Current,482042,482046,0.0733505,0,0
"2026-04-27 00:00:00","2026-04-27 01:00:00",Nederland,Wind,Hour,UTC,Providing,Current,157206,157208,0.023921333333333,0,0
"2026-04-27 01:00:00","2026-04-27 02:00:00",Nederland,Wind,Hour,UTC,Providing,Current,107629,107630,0.016377383333333,0,0
"2026-04-27 02:00:00","2026-04-27 03:00:00",Nederland,Wind,Hour,UTC,Providing,Current,79452,79454,0.012089875,0,0
"2026-04-27 03:00:00","2026-04-27 04:00:00",Nederland,Wind,Hour,UTC,Providing,Current,46927,46926,0.0071406633333333,0,0
"2026-04-27 04:00:00","2026-04-27 05:00:00",Nederland,Wind,Hour,UTC,Providing,Current,65186,65186,0.0099190016666667,0,0
"2026-04-27 05:00:00","2026-04-27 06:00:00",Nederland,Wind,Hour,UTC,Providing,Current,94623,94622,0.01439815,0,0
"2026-04-27 06:00:00","2026-04-27 07:00:00",Nederland,Wind,Hour,UTC,Providing,Current,239824,239824,0.036492133333333,0,0
"2026-04-27 07:00:00","2026-04-27 08:00:00",Nederland,Wind,Hour,UTC,Providing,Current,636539,636538,0.096856533333333,0,0
"2026-04-27 08:00:00","2026-04-27 09:00:00",Nederland,Wind,Hour,UTC,Providing,Current,599280,599278,0.091186866666667,0,0
"2026-04-27 09:00:00","2026-04-27 10:00:00",Nederland,Wind,Hour,UTC,Providing,Current,391214,391213,0.059527216666667,0,0
"2026-04-27 10:00:00","2026-04-27 11:00:00",Nederland,Wind,Hour,UTC,Providing,Current,339577,339580,0.0516698,0,0
"2026-04-27 11:00:00","2026-04-27 12:00:00",Nederland,Wind,Hour,UTC,Providing,Current,223941,223938,0.034074583333333,0,0
"2026-04-27 12:00:00","2026-04-27 13:00:00",Nederland,Wind,Hour,UTC,Providing,Current,344230,344228,0.052377433333333,0,0
"2026-04-27 13:00:00","2026-04-27 14:00:00",Nederland,Wind,Hour,UTC,Providing,Current,750475,750476,0.1141903,0,0
"2026-04-27 14:00:00","2026-04-27 15:00:00",Nederland,Wind,Hour,UTC,Providing,Current,1310867,1310866,0.19945733333333,0,0
"2026-04-27 15:00:00","2026-04-27 16:00:00",Nederland,Wind,Hour,UTC,Providing,Current,1644720,1644726,0.25025433333333,0,0
"2026-04-27 16:00:00","2026-04-27 17:00:00",Nederland,Wind,Hour,UTC,Providing,Current,1823840,1823840,0.27750733333333,0,0
"2026-04-27 17:00:00","2026-04-27 18:00:00",Nederland,Wind,Hour,UTC,Providing,Current,1730828,1730825,0.263354,0,0
"2026-04-27 18:00:00","2026-04-27 19:00:00",Nederland,Wind,Hour,UTC,Providing,Current,1593120,1593121,0.24240016666667,0,0
"2026-04-27 19:00:00","2026-04-27 20:00:00",Nederland,Wind,Hour,UTC,Providing,Current,1730372,1730370,0.2632825,0,0
"2026-04-27 20:00:00","2026-04-27 21:00:00",Nederland,Wind,Hour,UTC,Providing,Current,2088211,2088211,0.31772766666667,0,0
"2026-04-27 21:00:00","2026-04-27 22:00:00",Nederland,Wind,Hour,UTC,Providing,Current,2496010,2496007,0.37977416666667,0,0
"2026-04-27 22:00:00","2026-04-27 23:00:00",Nederland,Wind,Hour,UTC,Providing,Current,2482363,2482361,0.377696,0,0
"2026-04-27 23:00:00","2026-04-28 00:00:00",Nederland,Wind,Hour,UTC,Providing,Current,2281043,2281043,0.3470635,0,0
"2026-04-28 00:00:00","2026-04-28 01:00:00",Nederland,Wind,Hour,UTC,Providing,Current,2051791,2051790,0.31218116666667,0,0
"2026-04-28 01:00:00","2026-04-28 02:00:00",Nederland,Wind,Hour,UTC,Providing,Current,1841138,1841138,0.28012916666667,0,0
"2026-04-28 02:00:00","2026-04-28 03:00:00",Nederland,Wind,Hour,UTC,Providing,Current,1937794,1937796,0.29483416666667,0,0
"2026-04-28 03:00:00","2026-04-28 04:00:00",Nederland,Wind,Hour,UTC,Providing,Current,1789929,1789929,0.27233533333333,0,0
"2026-04-28 04:00:00","2026-04-28 05:00:00",Nederland,Wind,Hour,UTC,Providing,Current,1810825,1810824,0.2755135,0,0
"2026-04-28 05:00:00","2026-04-28 06:00:00",Nederland,Wind,Hour,UTC,Providing,Current,2871794,2871797,0.43693583333333,0,0
"2026-04-28 06:00:00","2026-04-28 07:00:00",Nederland,Wind,Hour,UTC,Providing,Current,4410773,4410775,0.671085,0,0
"2026-04-28 07:00:00","2026-04-28 08:00:00",Nederland,Wind,Hour,UTC,Providing,Current,5134903,5134903,0.781256,0,0
"2026-04-28 08:00:00","2026-04-28 09:00:00",Nederland,Wind,Hour,UTC,Providing,Current,5249857,5249859,0.79874216666667,0,0
"2026-04-28 09:00:00","2026-04-28 10:00:00",Nederland,Wind,Hour,UTC,Providing,Current,5376189,5376191,0.81795983333333,0,0
"2026-04-28 10:00:00","2026-04-28 11:00:00",Nederland,Wind,Hour,UTC,Providing,Current,5778154,5778155,0.87911333333333,0,0
"2026-04-28 11:00:00","2026-04-28 12:00:00",Nederland,Wind,Hour,UTC,Providing,Current,6143644,6143645,0.93471616666667,0,0
"2026-04-28 12:00:00","2026-04-28 13:00:00",Nederland,Wind,Hour,UTC,Providing,Current,6226224,6226221,0.94727666666667,0,0
"2026-04-28 13:00:00","2026-04-28 14:00:00",Nederland,Wind,Hour,UTC,Providing,Current,6289396,6289399,0.956884,0,0
"2026-04-28 14:00:00","2026-04-28 15:00:00",Nederland,Wind,Hour,UTC,Providing,Current,6297825,6297824,0.95816233333333,0,0
"2026-04-28 15:00:00","2026-04-28 16:00:00",Nederland,Wind,Hour,UTC,Providing,Current,6371104,6371102,0.96930733333333,0,0
"2026-04-28 16:00:00","2026-04-28 17:00:00",Nederland,Wind,Hour,UTC,Providing,Current,6372628,6372626,0.96953516666667,0,0
"2026-04-28 17:00:00","2026-04-28 18:00:00",Nederland,Wind,Hour,UTC,Providing,Current,6249138,6249135,0.95074333333333,0,0
"2026-04-28 18:00:00","2026-04-28 19:00:00",Nederland,Wind,Hour,UTC,Providing,Current,5434089,5434093,0.8267385,0,0
"2026-04-28 19:00:00","2026-04-28 20:00:00",Nederland,Wind,Hour,UTC,Providing,Current,4074006,4074007,0.61981383333333,0,0
"2026-04-28 20:00:00","2026-04-28 21:00:00",Nederland,Wind,Hour,UTC,Providing,Current,3212027,3212028,0.48867133333333,0,0
"2026-04-28 21:00:00","2026-04-28 22:00:00",Nederland,Wind,Hour,UTC,Providing,Current,3365157,3365156,0.5119665,0,0
"2026-04-28 22:00:00","2026-04-28 23:00:00",Nederland,Wind,Hour,UTC,Providing,Current,3689994,3689997,0.56138383333333,0,0
"2026-04-28 23:00:00","2026-04-29 00:00:00",Nederland,Wind,Hour,UTC,Providing,Current,3695847,3695847,0.56227216666667,0,0
"2026-04-29 00:00:00","2026-04-29 01:00:00",Nederland,Wind,Hour,UTC,Providing,Current,3532680,3532679,0.53744633333333,0,0
"2026-04-29 01:00:00","2026-04-29 02:00:00",Nederland,Wind,Hour,UTC,Providing,Current,3136201,3136202,0.47712566666667,0,0
"2026-04-29 02:00:00","2026-04-29 03:00:00",Nederland,Wind,Hour,UTC,Providing,Current,2692389,2692388,0.40960466666667,0,0
"2026-04-29 03:00:00","2026-04-29 04:00:00",Nederland,Wind,Hour,UTC,Providing,Current,2466456,2466458,0.375231,0,0
"2026-04-29 04:00:00","2026-04-29 05:00:00",Nederland,Wind,Hour,UTC,Providing,Current,2463043,2463049,0.37471,0,0
"2026-04-29 05:00:00","2026-04-29 06:00:00",Nederland,Wind,Hour,UTC,Providing,Current,2630440,2630439,0.400175,0,0
"2026-04-29 06:00:00","2026-04-29 07:00:00",Nederland,Wind,Hour,UTC,Providing,Current,3542208,3542208,0.53888233333333,0,0
"2026-04-29 07:00:00","2026-04-29 08:00:00",Nederland,Wind,Hour,UTC,Providing,Current,4266395,4266398,0.64905133333333,0,0
"2026-04-29 08:00:00","2026-04-29 09:00:00",Nederland,Wind,Hour,UTC,Providing,Current,4834030,4834031,0.7354035,0,0
"2026-04-29 09:00:00","2026-04-29 10:00:00",Nederland,Wind,Hour,UTC,Providing,Current,5536602,5536604,0.84228283333333,0,0
"2026-04-29 10:00:00","2026-04-29 11:00:00",Nederland,Wind,Hour,UTC,Providing,Current,5894304,5894304,0.896696,0,0
"2026-04-29 11:00:00","2026-04-29 12:00:00",Nederland,Wind,Hour,UTC,Providing,Current,6077236,6077235,0.9245215,0,0
"2026-04-29 12:00:00","2026-04-29 13:00:00",Nederland,Wind,Hour,UTC,Providing,Current,6045764,6045761,0.91972983333333,0,0
"2026-04-29 13:00:00","2026-04-29 14:00:00",Nederland,Wind,Hour,UTC,Providing,Current,5997607,5997609,0.9124005,0,0
"2026-04-29 14:00:00","2026-04-29 15:00:00",Nederland,Wind,Hour,UTC,Providing,Current,6097388,6097389,0.92757616666667,0,0
"2026-04-29 15:00:00","2026-04-29 16:00:00",Nederland,Wind,Hour,UTC,Providing,Current,6117415,6117414,0.93061883333333,0,0
"2026-04-29 16:00:00","2026-04-29 17:00:00",Nederland,Wind,Hour,UTC,Providing,Current,6011864,6011865,0.914558,0,0
"2026-04-29 17:00:00","2026-04-29 18:00:00",Nederland,Wind,Hour,UTC,Providing,Current,5861229,5861231,0.891639,0,0
"2026-04-29 18:00:00","2026-04-29 19:00:00",Nederland,Wind,Hour,UTC,Providing,Current,4925423,4925424,0.7492765,0,0
"2026-04-29 19:00:00","2026-04-29 20:00:00",Nederland,Wind,Hour,UTC,Providing,Current,3317597,3317594,0.50468533333333,0,0
"2026-04-29 20:00:00","2026-04-29 21:00:00",Nederland,Wind,Hour,UTC,Providing,Current,2577185,2577187,0.39204916666667,0,0
"2026-04-29 21:00:00","2026-04-29 22:00:00",Nederland,Wind,Hour,UTC,Providing,Current,2591008,2591005,0.39415016666667,0,0
"2026-04-29 22:00:00","2026-04-29 23:00:00",Nederland,Wind,Hour,UTC,Providing,Current,2554361,2554362,0.38857416666667,0,0
"2026-04-29 23:00:00","2026-04-30 00:00:00",Nederland,Wind,Hour,UTC,Providing,Current,2250614,2250614,0.342366,0,0
"2026-04-30 00:00:00","2026-04-30 01:00:00",Nederland,Wind,Hour,UTC,Providing,Current,1966751,1966746,0.29918333333333,0,0
"2026-04-30 01:00:00","2026-04-30 02:00:00",Nederland,Wind,Hour,UTC,Providing,Current,1899747,1899748,0.28898916666667,0,0
"2026-04-30 02:00:00","2026-04-30 03:00:00",Nederland,Wind,Hour,UTC,Providing,Current,1816371,1816372,0.27630516666667,0,0
"2026-04-30 03:00:00","2026-04-30 04:00:00",Nederland,Wind,Hour,UTC,Providing,Current,1702548,1702547,0.2589895,0,0
"2026-04-30 04:00:00","2026-04-30 05:00:00",Nederland,Wind,Hour,UTC,Providing,Current,1856212,1856211,0.2823635,0,0
"2026-04-30 05:00:00","2026-04-30 06:00:00",Nederland,Wind,Hour,UTC,Providing,Current,2095114,2095110,0.318703,0,0
"2026-04-30 06:00:00","2026-04-30 07:00:00",Nederland,Wind,Hour,UTC,Providing,Current,2800067,2800074,0.42593683333333,0,0
"2026-04-30 07:00:00","2026-04-30 08:00:00",Nederland,Wind,Hour,UTC,Providing,Current,3745894,3745893,0.56981083333333,0,0
"2026-04-30 08:00:00","2026-04-30 09:00:00",Nederland,Wind,Hour,UTC,Providing,Current,4794544,4794545,0.72932416666667,0,0
"2026-04-30 09:00:00","2026-04-30 10:00:00",Nederland,Wind,Hour,UTC,Providing,Current,5526508,5526513,0.840664,0,0
"2026-04-30 10:00:00","2026-04-30 11:00:00",Nederland,Wind,Hour,UTC,Providing,Current,5754333,5754334,0.87531566666667,0,0
"2026-04-30 11:00:00","2026-04-30 12:00:00",Nederland,Wind,Hour,UTC,Providing,Current,5596001,5596001,0.8512285,0,0
"2026-04-30 12:00:00","2026-04-30 13:00:00",Nederland,Wind,Hour,UTC,Providing,Current,5912697,5912694,0.899398,0,0
"2026-04-30 13:00:00","2026-04-30 14:00:00",Nederland,Wind,Hour,UTC,Providing,Current,5974776,5974779,0.9088375,0,0
"2026-04-30 14:00:00","2026-04-30 15:00:00",Nederland,Wind,Hour,UTC,Providing,Current,5826820,5826819,0.88632766666667,0,0
"2026-04-30 15:00:00","2026-04-30 16:00:00",Nederland,Wind,Hour,UTC,Providing,Current,5616777,5616778,0.85437416666667,0,0
"2026-04-30 16:00:00","2026-04-30 17:00:00",Nederland,Wind,Hour,UTC,Providing,Current,5449303,5449305,0.82889616666667,0,0
"2026-04-30 17:00:00","2026-04-30 18:00:00",Nederland,Wind,Hour,UTC,Providing,Current,4970143,4970145,0.75600766666667,0,0
"2026-04-30 18:00:00","2026-04-30 19:00:00",Nederland,Wind,Hour,UTC,Providing,Current,3672631,3672631,0.55864133333333,0,0
"2026-04-30 19:00:00","2026-04-30 20:00:00",Nederland,Wind,Hour,UTC,Providing,Current,2427556,2427556,0.36925233333333,0,0
"2026-04-30 20:00:00","2026-04-30 21:00:00",Nederland,Wind,Hour,UTC,Providing,Current,1938872,1938867,0.294918,0,0
"2026-04-30 21:00:00","2026-04-30 22:00:00",Nederland,Wind,Hour,UTC,Providing,Current,1946001,1945997,0.29600116666667,0,0
"2026-04-30 22:00:00","2026-04-30 23:00:00",Nederland,Wind,Hour,UTC,Providing,Current,1974001,1974002,0.30025883333333,0,0
"2026-04-30 23:00:00","2026-05-01 00:00:00",Nederland,Wind,Hour,UTC,Providing,Current,1525811,1525812,0.2320855,0,0
"2026-05-01 00:00:00","2026-05-01 01:00:00",Nederland,Wind,Hour,UTC,Providing,Current,1308110,1308111,0.19897066666667,0,0
"2026-05-01 01:00:00","2026-05-01 02:00:00",Nederland,Wind,Hour,UTC,Providing,Current,982136,982137,0.14938783333333,0,0
"2026-05-01 02:00:00","2026-05-01 03:00:00",Nederland,Wind,Hour,UTC,Providing,Current,927335,927332,0.14105166666667,0,0
"2026-05-01 03:00:00","2026-05-01 04:00:00",Nederland,Wind,Hour,UTC,Providing,Current,980506,980508,0.1491385,0,0
"2026-05-01 04:00:00","2026-05-01 05:00:00",Nederland,Wind,Hour,UTC,Providing,Current,1072933,1072931,0.16319633333333,0,0
"2026-05-01 05:00:00","2026-05-01 06:00:00",Nederland,Wind,Hour,UTC,Providing,Current,1274763,1274763,0.19389466666667,0,0
"2026-05-01 06:00:00","2026-05-01 07:00:00",Nederland,Wind,Hour,UTC,Providing,Current,1817228,1817229,0.27640366666667,0,0
"2026-05-01 07:00:00","2026-05-01 08:00:00",Nederland,Wind,Hour,UTC,Providing,Current,2531752,2531746,0.38508233333333,0,0
"2026-05-01 08:00:00","2026-05-01 09:00:00",Nederland,Wind,Hour,UTC,Providing,Current,3376372,3376372,0.5135475,0,0
"2026-05-01 09:00:00","2026-05-01 10:00:00",Nederland,Wind,Hour,UTC,Providing,Current,4009246,4009248,0.60980583333333,0,0
"2026-05-01 10:00:00","2026-05-01 11:00:00",Nederland,Wind,Hour,UTC,Providing,Current,4175633,4175630,0.6351105,0,0
"2026-05-01 11:00:00","2026-05-01 12:00:00",Nederland,Wind,Hour,UTC,Providing,Current,4230407,4230402,0.643439,0,0
"2026-05-01 12:00:00","2026-05-01 13:00:00",Nederland,Wind,Hour,UTC,Providing,Current,4052422,4052421,0.616365,0,0
"2026-05-01 13:00:00","2026-05-01 14:00:00",Nederland,Wind,Hour,UTC,Providing,Current,4128692,4128693,0.62796316666667,0,0
"2026-05-01 14:00:00","2026-05-01 15:00:00",Nederland,Wind,Hour,UTC,Providing,Current,3807090,3807092,0.57904583333333,0,0
"2026-05-01 15:00:00","2026-05-01 16:00:00",Nederland,Wind,Hour,UTC,Providing,Current,3116668,3116673,0.474033,0,0
"2026-05-01 16:00:00","2026-05-01 17:00:00",Nederland,Wind,Hour,UTC,Providing,Current,2632320,2632323,0.400364,0,0
"2026-05-01 17:00:00","2026-05-01 18:00:00",Nederland,Wind,Hour,UTC,Providing,Current,1891112,1891113,0.2876285,0,0
"2026-05-01 18:00:00","2026-05-01 19:00:00",Nederland,Wind,Hour,UTC,Providing,Current,576989,576990,0.087756816666667,0,0
"2026-05-01 19:00:00","2026-05-01 20:00:00",Nederland,Wind,Hour,UTC,Providing,Current,120509,120510,0.018328733333333,0,0
"2026-05-01 20:00:00","2026-05-01 21:00:00",Nederland,Wind,Hour,UTC,Providing,Current,106129,106128,0.01614155,0,0
"2026-05-01 21:00:00","2026-05-01 22:00:00",Nederland,Wind,Hour,UTC,Providing,Current,123126,123125,0.018726616666667,0,0
"2026-05-01 22:00:00","2026-05-01 23:00:00",Nederland,Wind,Hour,UTC,Providing,Current,88548,88546,0.013467483333333,0,0
"2026-05-01 23:00:00","2026-05-02 00:00:00",Nederland,Wind,Hour,UTC,Providing,Current,94875,94874,0.014429666666667,0,0
"2026-05-02 00:00:00","2026-05-02 01:00:00",Nederland,Wind,Hour,UTC,Providing,Current,135769,135770,0.020649166666667,0,0
"2026-05-02 01:00:00","2026-05-02 02:00:00",Nederland,Wind,Hour,UTC,Providing,Current,160327,160327,0.0243842,0,0
"2026-05-02 02:00:00","2026-05-02 03:00:00",Nederland,Wind,Hour,UTC,Providing,Current,233278,233279,0.0354792,0,0
"2026-05-02 03:00:00","2026-05-02 04:00:00",Nederland,Wind,Hour,UTC,Providing,Current,297535,297535,0.0452517,0,0
"2026-05-02 04:00:00","2026-05-02 05:00:00",Nederland,Wind,Hour,UTC,Providing,Current,275192,275190,0.041853416666667,0,0
"2026-05-02 05:00:00","2026-05-02 06:00:00",Nederland,Wind,Hour,UTC,Providing,Current,243136,243138,0.036978,0,0
"2026-05-02 06:00:00","2026-05-02 07:00:00",Nederland,Wind,Hour,UTC,Providing,Current,299100,299105,0.045489233333333,0,0
"2026-05-02 07:00:00","2026-05-02 08:00:00",Nederland,Wind,Hour,UTC,Providing,Current,508805,508804,0.0773823,0,0
"2026-05-02 08:00:00","2026-05-02 09:00:00",Nederland,Wind,Hour,UTC,Providing,Current,694256,694253,0.10558631666667,0,0
"2026-05-02 09:00:00","2026-05-02 10:00:00",Nederland,Wind,Hour,UTC,Providing,Current,859888,859891,0.13077616666667,0,0
"2026-05-02 10:00:00","2026-05-02 11:00:00",Nederland,Wind,Hour,UTC,Providing,Current,1445173,1445171,0.219788,0,0
"2026-05-02 11:00:00","2026-05-02 12:00:00",Nederland,Wind,Hour,UTC,Providing,Current,1833776,1833774,0.27888733333333,0,0
"2026-05-02 12:00:00","2026-05-02 13:00:00",Nederland,Wind,Hour,UTC,Providing,Current,2067562,2067562,0.31444116666667,0,0
"2026-05-02 13:00:00","2026-05-02 14:00:00",Nederland,Wind,Hour,UTC,Providing,Current,2103398,2103399,0.3198895,0,0
"2026-05-02 14:00:00","2026-05-02 15:00:00",Nederland,Wind,Hour,UTC,Providing,Current,1825667,1825664,0.27765066666667,0,0
"2026-05-02 15:00:00","2026-05-02 16:00:00",Nederland,Wind,Hour,UTC,Providing,Current,1409551,1409553,0.21436616666667,0,0
"2026-05-02 16:00:00","2026-05-02 17:00:00",Nederland,Wind,Hour,UTC,Providing,Current,1060713,1060713,0.16131366666667,0,0
"2026-05-02 17:00:00","2026-05-02 18:00:00",Nederland,Wind,Hour,UTC,Providing,Current,984990,984988,0.14979716666667,0,0
"2026-05-02 18:00:00","2026-05-02 19:00:00",Nederland,Wind,Hour,UTC,Providing,Current,574026,574024,0.087297566666667,0,0
"2026-05-02 19:00:00","2026-05-02 20:00:00",Nederland,Wind,Hour,UTC,Providing,Current,359642,359641,0.054693883333333,0,0
"2026-05-02 20:00:00","2026-05-02 21:00:00",Nederland,Wind,Hour,UTC,Providing,Current,305362,305359,0.046438916666667,0,0
"2026-05-02 21:00:00","2026-05-02 22:00:00",Nederland,Wind,Hour,UTC,Providing,Current,462191,462190,0.070288816666667,0,0
"2026-05-02 22:00:00","2026-05-02 23:00:00",Nederland,Wind,Hour,UTC,Providing,Current,563067,563066,0.08562935,0,0
"2026-05-02 23:00:00","2026-05-03 00:00:00",Nederland,Wind,Hour,UTC,Providing,Current,617912,617911,0.09396965,0,0
"2026-05-03 00:00:00","2026-05-03 01:00:00",Nederland,Wind,Hour,UTC,Providing,Current,571470,571472,0.086906633333333,0,0
"2026-05-03 01:00:00","2026-05-03 02:00:00",Nederland,Wind,Hour,UTC,Providing,Current,310610,310613,0.047236116666667,0,0
"2026-05-03 02:00:00","2026-05-03 03:00:00",Nederland,Wind,Hour,UTC,Providing,Current,195663,195665,0.029755383333333,0,0
"2026-05-03 03:00:00","2026-05-03 04:00:00",Nederland,Wind,Hour,UTC,Providing,Current,128247,128247,0.01950305,0,0
"2026-05-03 04:00:00","2026-05-03 05:00:00",Nederland,Wind,Hour,UTC,Providing,Current,108500,108502,0.016499933333333,0,0
"2026-05-03 05:00:00","2026-05-03 06:00:00",Nederland,Wind,Hour,UTC,Providing,Current,161765,161766,0.024600066666667,0,0
"2026-05-03 06:00:00","2026-05-03 07:00:00",Nederland,Wind,Hour,UTC,Providing,Current,225951,225947,0.03436075,0,0
"2026-05-03 07:00:00","2026-05-03 08:00:00",Nederland,Wind,Hour,UTC,Providing,Current,345303,345306,0.05251065,0,0
"2026-05-03 08:00:00","2026-05-03 09:00:00",Nederland,Wind,Hour,UTC,Providing,Current,504359,504356,0.076698233333333,0,0
"2026-05-03 09:00:00","2026-05-03 10:00:00",Nederland,Wind,Hour,UTC,Providing,Current,547952,547953,0.083326983333333,0,0
"2026-05-03 10:00:00","2026-05-03 11:00:00",Nederland,Wind,Hour,UTC,Providing,Current,752241,752241,0.11439283333333,0,0
"2026-05-03 11:00:00","2026-05-03 12:00:00",Nederland,Wind,Hour,UTC,Providing,Current,898660,898663,0.13665816666667,0,0
"2026-05-03 12:00:00","2026-05-03 13:00:00",Nederland,Wind,Hour,UTC,Providing,Current,1282126,1282127,0.19497033333333,0,0
"2026-05-03 13:00:00","2026-05-03 14:00:00",Nederland,Wind,Hour,UTC,Providing,Current,1767098,1767098,0.26871783333333,0,0
"2026-05-03 14:00:00","2026-05-03 15:00:00",Nederland,Wind,Hour,UTC,Providing,Current,1693308,1693308,0.25749583333333,0,0
"2026-05-03 15:00:00","2026-05-03 16:00:00",Nederland,Wind,Hour,UTC,Providing,Current,1157333,1157328,0.17599116666667,0,0
"2026-05-03 16:00:00","2026-05-03 17:00:00",Nederland,Wind,Hour,UTC,Providing,Current,1037327,1037332,0.1577415,0,0
"2026-05-03 17:00:00","2026-05-03 18:00:00",Nederland,Wind,Hour,UTC,Providing,Current,839661,839661,0.12768266666667,0,0
"2026-05-03 18:00:00","2026-05-03 19:00:00",Nederland,Wind,Hour,UTC,Providing,Current,632990,632990,0.096255166666667,0,0
"2026-05-03 19:00:00","2026-05-03 20:00:00",Nederland,Wind,Hour,UTC,Providing,Current,426618,426614,0.064873083333333,0,0
"2026-05-03 20:00:00","2026-05-03 21:00:00",Nederland,Wind,Hour,UTC,Providing,Current,260521,260522,0.039615683333333,0,0
"2026-05-03 21:00:00","2026-05-03 22:00:00",Nederland,Wind,Hour,UTC,Providing,Current,166121,166121,0.025260766666667,0,0
"2026-05-03 22:00:00","2026-05-03 23:00:00",Nederland,Wind,Hour,UTC,Providing,Current,143323,143320,0.021794,0,0
"2026-05-03 23:00:00","2026-05-04 00:00:00",Nederland,Wind,Hour,UTC,Providing,Current,91124,91125,0.01385645,0,0
"2026-05-04 00:00:00","2026-05-04 01:00:00",Nederland,Wind,Hour,UTC,Providing,Current,92074,92075,0.014000933333333,0,0
"2026-05-04 01:00:00","2026-05-04 02:00:00",Nederland,Wind,Hour,UTC,Providing,Current,56496,56497,0.0085907966666667,0,0
"2026-05-04 02:00:00","2026-05-04 03:00:00",Nederland,Wind,Hour,UTC,Providing,Current,33588,33587,0.0051073616666667,0,0
"2026-05-04 03:00:00","2026-05-04 04:00:00",Nederland,Wind,Hour,UTC,Providing,Current,8491,8491,0.0012912333333333,0,0
"2026-05-04 04:00:00","2026-05-04 05:00:00",Nederland,Wind,Hour,UTC,Providing,Current,0,0,0,0,0
"2026-05-04 05:00:00","2026-05-04 06:00:00",Nederland,Wind,Hour,UTC,Providing,Current,14755,14755,0.002243655,0,0
"2026-05-04 06:00:00","2026-05-04 07:00:00",Nederland,Wind,Hour,UTC,Providing,Current,36103,36105,0.0054898266666667,0,0
"2026-05-04 07:00:00","2026-05-04 08:00:00",Nederland,Wind,Hour,UTC,Providing,Current,53073,53074,0.0080701216666667,0,0
"2026-05-04 08:00:00","2026-05-04 09:00:00",Nederland,Wind,Hour,UTC,Providing,Current,46083,46084,0.0070072183333333,0,0
"2026-05-04 09:00:00","2026-05-04 10:00:00",Nederland,Wind,Hour,UTC,Providing,Current,77771,77772,0.0118255,0,0
"2026-05-04 10:00:00","2026-05-04 11:00:00",Nederland,Wind,Hour,UTC,Providing,Current,157996,157995,0.024024016666667,0,0
"2026-05-04 11:00:00","2026-05-04 12:00:00",Nederland,Wind,Hour,UTC,Providing,Current,255223,255222,0.038807666666667,0,0
"2026-05-04 12:00:00","2026-05-04 13:00:00",Nederland,Wind,Hour,UTC,Providing,Current,400252,400253,0.060859583333333,0,0
"2026-05-04 13:00:00","2026-05-04 14:00:00",Nederland,Wind,Hour,UTC,Providing,Current,608018,608021,0.09245065,0,0
"2026-05-04 14:00:00","2026-05-04 15:00:00",Nederland,Wind,Hour,UTC,Providing,Current,878555,878552,0.13358583333333,0,0
"2026-05-04 15:00:00","2026-05-04 16:00:00",Nederland,Wind,Hour,UTC,Providing,Current,1562740,1562739,0.23761616666667,0,0
"2026-05-04 16:00:00","2026-05-04 17:00:00",Nederland,Wind,Hour,UTC,Providing,Current,1766176,1766177,0.26854783333333,0,0
"2026-05-04 17:00:00","2026-05-04 18:00:00",Nederland,Wind,Hour,UTC,Providing,Current,1583768,1583767,0.24081166666667,0,0
"2026-05-04 18:00:00","2026-05-04 19:00:00",Nederland,Wind,Hour,UTC,Providing,Current,1683382,1683381,0.255957,0,0
"2026-05-04 19:00:00","2026-05-04 20:00:00",Nederland,Wind,Hour,UTC,Providing,Current,1684120,1684119,0.25606816666667,0,0
"2026-05-04 20:00:00","2026-05-04 21:00:00",Nederland,Wind,Hour,UTC,Providing,Current,1763613,1763614,0.26815383333333,0,0
"2026-05-04 21:00:00","2026-05-04 22:00:00",Nederland,Wind,Hour,UTC,Providing,Current,1544450,1544449,0.2348295,0,0
"2026-05-04 22:00:00","2026-05-04 23:00:00",Nederland,Wind,Hour,UTC,Providing,Current,1665760,1665759,0.25327316666667,0,0
"2026-05-04 23:00:00","2026-05-05 00:00:00",Nederland,Wind,Hour,UTC,Providing,Current,1681475,1681474,0.25566166666667,0,0
"2026-05-05 00:00:00","2026-05-05 01:00:00",Nederland,Wind,Hour,UTC,Providing,Current,1685891,1685892,0.25633216666667,0,0
"2026-05-05 01:00:00","2026-05-05 02:00:00",Nederland,Wind,Hour,UTC,Providing,Current,1701464,1701464,0.25869883333333,0,0
"2026-05-05 02:00:00","2026-05-05 03:00:00",Nederland,Wind,Hour,UTC,Providing,Current,1697866,1697866,0.25815066666667,0,0
"2026-05-05 03:00:00","2026-05-05 04:00:00",Nederland,Wind,Hour,UTC,Providing,Current,1692686,1692687,0.25736183333333,0,0
"2026-05-05 04:00:00","2026-05-05 05:00:00",Nederland,Wind,Hour,UTC,Providing,Current,1544867,1544870,0.234886,0,0
"2026-05-05 05:00:00","2026-05-05 06:00:00",Nederland,Wind,Hour,UTC,Providing,Current,1374971,1374971,0.20905383333333,0,0
"2026-05-05 06:00:00","2026-05-05 07:00:00",Nederland,Wind,Hour,UTC,Providing,Current,1710070,1710073,0.26000216666667,0,0
"2026-05-05 07:00:00","2026-05-05 08:00:00",Nederland,Wind,Hour,UTC,Providing,Current,2005367,2005367,0.30489816666667,0,0
"2026-05-05 08:00:00","2026-05-05 09:00:00",Nederland,Wind,Hour,UTC,Providing,Current,2201283,2201281,0.33468416666667,0,0
"2026-05-05 09:00:00","2026-05-05 10:00:00",Nederland,Wind,Hour,UTC,Providing,Current,2585087,2585090,0.39303616666667,0,0
"2026-05-05 10:00:00","2026-05-05 11:00:00",Nederland,Wind,Hour,UTC,Providing,Current,2650866,2650868,0.40303583333333,0,0
"2026-05-05 11:00:00","2026-05-05 12:00:00",Nederland,Wind,Hour,UTC,Providing,Current,2491619,2491618,0.37882183333333,0,0
"2026-05-05 12:00:00","2026-05-05 13:00:00",Nederland,Wind,Hour,UTC,Providing,Current,2486944,2486947,0.37810983333333,0,0
"2026-05-05 13:00:00","2026-05-05 14:00:00",Nederland,Wind,Hour,UTC,Providing,Current,2815349,2815352,0.42803833333333,0,0
"2026-05-05 14:00:00","2026-05-05 15:00:00",Nederland,Wind,Hour,UTC,Providing,Current,3151099,3151096,0.479083,0,0
"2026-05-05 15:00:00","2026-05-05 16:00:00",Nederland,Wind,Hour,UTC,Providing,Current,3377289,3377288,0.51346966666667,0,0
"2026-05-05 16:00:00","2026-05-05 17:00:00",Nederland,Wind,Hour,UTC,Providing,Current,3556732,3556730,0.54074916666667,0,0
"2026-05-05 17:00:00","2026-05-05 18:00:00",Nederland,Wind,Hour,UTC,Providing,Current,3642967,3642969,0.55385766666667,0,0
"2026-05-05 18:00:00","2026-05-05 19:00:00",Nederland,Wind,Hour,UTC,Providing,Current,3482976,3482975,0.52953116666667,0,0
"2026-05-05 19:00:00","2026-05-05 20:00:00",Nederland,Wind,Hour,UTC,Providing,Current,3037458,3037458,0.46179533333333,0,0
"2026-05-05 20:00:00","2026-05-05 21:00:00",Nederland,Wind,Hour,UTC,Providing,Current,2650986,2650986,0.403037,0,0
"2026-05-05 21:00:00","2026-05-05 22:00:00",Nederland,Wind,Hour,UTC,Providing,Current,2332354,2332354,0.35459316666667,0,0
"2026-05-05 22:00:00","2026-05-05 23:00:00",Nederland,Wind,Hour,UTC,Providing,Current,2201998,2201998,0.33477366666667,0,0
"2026-05-05 23:00:00","2026-05-06 00:00:00",Nederland,Wind,Hour,UTC,Providing,Current,2135925,2135927,0.32472683333333,0,0
"2026-05-06 00:00:00","2026-05-06 01:00:00",Nederland,Wind,Hour,UTC,Providing,Current,1997774,1997767,0.3037225,0,0
"2026-05-06 01:00:00","2026-05-06 02:00:00",Nederland,Wind,Hour,UTC,Providing,Current,2011348,2011352,0.30578483333333,0,0
"2026-05-06 02:00:00","2026-05-06 03:00:00",Nederland,Wind,Hour,UTC,Providing,Current,2134399,2134401,0.324491,0,0
"2026-05-06 03:00:00","2026-05-06 04:00:00",Nederland,Wind,Hour,UTC,Providing,Current,2121753,2121753,0.32256683333333,0,0
"2026-05-06 04:00:00","2026-05-06 05:00:00",Nederland,Wind,Hour,UTC,Providing,Current,1988586,1988588,0.30232066666667,0,0
"2026-05-06 05:00:00","2026-05-06 06:00:00",Nederland,Wind,Hour,UTC,Providing,Current,2095777,2095780,0.31861516666667,0,0
"2026-05-06 06:00:00","2026-05-06 07:00:00",Nederland,Wind,Hour,UTC,Providing,Current,2526424,2526424,0.38408383333333,0,0
"2026-05-06 07:00:00","2026-05-06 08:00:00",Nederland,Wind,Hour,UTC,Providing,Current,3311191,3311194,0.50338716666667,0,0
"2026-05-06 08:00:00","2026-05-06 09:00:00",Nederland,Wind,Hour,UTC,Providing,Current,3674599,3674600,0.55863216666667,0,0
"2026-05-06 09:00:00","2026-05-06 10:00:00",Nederland,Wind,Hour,UTC,Providing,Current,4081134,4081130,0.62043333333333,0,0
"2026-05-06 10:00:00","2026-05-06 11:00:00",Nederland,Wind,Hour,UTC,Providing,Current,4519136,4519135,0.68701766666667,0,0
"2026-05-06 11:00:00","2026-05-06 12:00:00",Nederland,Wind,Hour,UTC,Providing,Current,4463478,4463477,0.67855366666667,0,0
"2026-05-06 12:00:00","2026-05-06 13:00:00",Nederland,Wind,Hour,UTC,Providing,Current,4338681,4338679,0.65957916666667,0,0
"2026-05-06 13:00:00","2026-05-06 14:00:00",Nederland,Wind,Hour,UTC,Providing,Current,4543407,4543406,0.690699,0,0
"2026-05-06 14:00:00","2026-05-06 15:00:00",Nederland,Wind,Hour,UTC,Providing,Current,4341663,4341667,0.66002683333333,0,0
"2026-05-06 15:00:00","2026-05-06 16:00:00",Nederland,Wind,Hour,UTC,Providing,Current,4116001,4116005,0.62571883333333,0,0
"2026-05-06 16:00:00","2026-05-06 17:00:00",Nederland,Wind,Hour,UTC,Providing,Current,3479189,3479191,0.52890766666667,0,0
"2026-05-06 17:00:00","2026-05-06 18:00:00",Nederland,Wind,Hour,UTC,Providing,Current,2905904,2905906,0.44175516666667,0,0
"2026-05-06 18:00:00","2026-05-06 19:00:00",Nederland,Wind,Hour,UTC,Providing,Current,2660722,2660723,0.40448066666667,0,0
"2026-05-06 19:00:00","2026-05-06 20:00:00",Nederland,Wind,Hour,UTC,Providing,Current,2169301,2169301,0.329774,0,0
"2026-05-06 20:00:00","2026-05-06 21:00:00",Nederland,Wind,Hour,UTC,Providing,Current,1431581,1431582,0.217626,0,0
"2026-05-06 21:00:00","2026-05-06 22:00:00",Nederland,Wind,Hour,UTC,Providing,Current,1323141,1323137,0.2011405,0,0
"2026-05-06 22:00:00","2026-05-06 23:00:00",Nederland,Wind,Hour,UTC,Providing,Current,901489,901489,0.13704133333333,0,0
"2026-05-06 23:00:00","2026-05-07 00:00:00",Nederland,Wind,Hour,UTC,Providing,Current,721123,721125,0.1096225,0,0
"2026-05-07 00:00:00","2026-05-07 01:00:00",Nederland,Wind,Hour,UTC,Providing,Current,627884,627883,0.095448016666667,0,0
"2026-05-07 01:00:00","2026-05-07 02:00:00",Nederland,Wind,Hour,UTC,Providing,Current,455417,455420,0.069230166666667,0,0
"2026-05-07 02:00:00","2026-05-07 03:00:00",Nederland,Wind,Hour,UTC,Providing,Current,290477,290476,0.044156633333333,0,0
"2026-05-07 03:00:00","2026-05-07 04:00:00",Nederland,Wind,Hour,UTC,Providing,Current,232442,232443,0.035334383333333,0,0
"2026-05-07 04:00:00","2026-05-07 05:00:00",Nederland,Wind,Hour,UTC,Providing,Current,229350,229354,0.0348643,0,0
"2026-05-07 05:00:00","2026-05-07 06:00:00",Nederland,Wind,Hour,UTC,Providing,Current,175645,175644,0.026700216666667,0,0
"2026-05-07 06:00:00","2026-05-07 07:00:00",Nederland,Wind,Hour,UTC,Providing,Current,385240,385240,0.05856105,0,0
"2026-05-07 07:00:00","2026-05-07 08:00:00",Nederland,Wind,Hour,UTC,Providing,Current,760037,760038,0.11553416666667,0,0
"2026-05-07 08:00:00","2026-05-07 09:00:00",Nederland,Wind,Hour,UTC,Providing,Current,662738,662742,0.10074316666667,0,0
"2026-05-07 09:00:00","2026-05-07 10:00:00",Nederland,Wind,Hour,UTC,Providing,Current,672017,672015,0.10215341666667,0,0
"2026-05-07 10:00:00","2026-05-07 11:00:00",Nederland,Wind,Hour,UTC,Providing,Current,818240,818244,0.12438016666667,0,0
"2026-05-07 11:00:00","2026-05-07 12:00:00",Nederland,Wind,Hour,UTC,Providing,Current,929431,929432,0.14128133333333,0,0
"2026-05-07 12:00:00","2026-05-07 13:00:00",Nederland,Wind,Hour,UTC,Providing,Current,1088089,1088091,0.16539816666667,0,0
"2026-05-07 13:00:00","2026-05-07 14:00:00",Nederland,Wind,Hour,UTC,Providing,Current,1426740,1426744,0.216875,0,0
"2026-05-07 14:00:00","2026-05-07 15:00:00",Nederland,Wind,Hour,UTC,Providing,Current,1519672,1519673,0.23100016666667,0,0
"2026-05-07 15:00:00","2026-05-07 16:00:00",Nederland,Wind,Hour,UTC,Providing,Current,1412090,1412091,0.21464616666667,0,0
"2026-05-07 16:00:00","2026-05-07 17:00:00",Nederland,Wind,Hour,UTC,Providing,Current,1476945,1476946,0.22450383333333,0,0
"2026-05-07 17:00:00","2026-05-07 18:00:00",Nederland,Wind,Hour,UTC,Providing,Current,1271635,1271637,0.19329466666667,0,0
"2026-05-07 18:00:00","2026-05-07 19:00:00",Nederland,Wind,Hour,UTC,Providing,Current,946933,946937,0.143938,0,0
"2026-05-07 19:00:00","2026-05-07 20:00:00",Nederland,Wind,Hour,UTC,Providing,Current,730190,730193,0.11099161666667,0,0
"2026-05-07 20:00:00","2026-05-07 21:00:00",Nederland,Wind,Hour,UTC,Providing,Current,519173,519174,0.078915866666667,0,0
"2026-05-07 21:00:00","2026-05-07 22:00:00",Nederland,Wind,Hour,UTC,Providing,Current,480070,480071,0.07297175,0,0
"2026-05-07 22:00:00","2026-05-07 23:00:00",Nederland,Wind,Hour,UTC,Providing,Current,513377,513379,0.078034166666667,0,0
"2026-05-07 23:00:00","2026-05-08 00:00:00",Nederland,Wind,Hour,UTC,Providing,Current,321984,321984,0.0489419,0,0
"2026-05-08 00:00:00","2026-05-08 01:00:00",Nederland,Wind,Hour,UTC,Providing,Current,327986,327985,0.04985415,0,0
"2026-05-08 01:00:00","2026-05-08 02:00:00",Nederland,Wind,Hour,UTC,Providing,Current,306668,306667,0.04661345,0,0
"2026-05-08 02:00:00","2026-05-08 03:00:00",Nederland,Wind,Hour,UTC,Providing,Current,318609,318609,0.048428416666667,0,0
"2026-05-08 03:00:00","2026-05-08 04:00:00",Nederland,Wind,Hour,UTC,Providing,Current,278676,278676,0.042358416666667,0,0
"2026-05-08 04:00:00","2026-05-08 05:00:00",Nederland,Wind,Hour,UTC,Providing,Current,290989,290989,0.044229733333333,0,0
"2026-05-08 05:00:00","2026-05-08 06:00:00",Nederland,Wind,Hour,UTC,Providing,Current,350321,350324,0.053247966666667,0,0
"2026-05-08 06:00:00","2026-05-08 07:00:00",Nederland,Wind,Hour,UTC,Providing,Current,560208,560210,0.085149883333333,0,0
"2026-05-08 07:00:00","2026-05-08 08:00:00",Nederland,Wind,Hour,UTC,Providing,Current,1053562,1053565,0.16013716666667,0,0
"2026-05-08 08:00:00","2026-05-08 09:00:00",Nederland,Wind,Hour,UTC,Providing,Current,1632720,1632726,0.24816583333333,0,0
"2026-05-08 09:00:00","2026-05-08 10:00:00",Nederland,Wind,Hour,UTC,Providing,Current,2080968,2080970,0.31629666666667,0,0
"2026-05-08 10:00:00","2026-05-08 11:00:00",Nederland,Wind,Hour,UTC,Providing,Current,2126938,2126940,0.32328216666667,0,0
"2026-05-08 11:00:00","2026-05-08 12:00:00",Nederland,Wind,Hour,UTC,Providing,Current,1895175,1895173,0.2880545,0,0
"2026-05-08 12:00:00","2026-05-08 13:00:00",Nederland,Wind,Hour,UTC,Providing,Current,1691045,1691042,0.25702716666667,0,0
"2026-05-08 13:00:00","2026-05-08 14:00:00",Nederland,Wind,Hour,UTC,Providing,Current,1389906,1389907,0.21125516666667,0,0
"2026-05-08 14:00:00","2026-05-08 15:00:00",Nederland,Wind,Hour,UTC,Providing,Current,1158421,1158423,0.17607033333333,0,0
"2026-05-08 15:00:00","2026-05-08 16:00:00",Nederland,Wind,Hour,UTC,Providing,Current,942435,942432,0.14324166666667,0,0
"2026-05-08 16:00:00","2026-05-08 17:00:00",Nederland,Wind,Hour,UTC,Providing,Current,1024547,1024551,0.15572133333333,0,0
"2026-05-08 17:00:00","2026-05-08 18:00:00",Nederland,Wind,Hour,UTC,Providing,Current,870569,870574,0.13231766666667,0,0
"2026-05-08 18:00:00","2026-05-08 19:00:00",Nederland,Wind,Hour,UTC,Providing,Current,650854,650855,0.098922716666667,0,0
"2026-05-08 19:00:00","2026-05-08 20:00:00",Nederland,Wind,Hour,UTC,Providing,Current,337404,337405,0.05128165,0,0
"2026-05-08 20:00:00","2026-05-08 21:00:00",Nederland,Wind,Hour,UTC,Providing,Current,314984,314983,0.047873833333333,0,0
"2026-05-08 21:00:00","2026-05-08 22:00:00",Nederland,Wind,Hour,UTC,Providing,Current,341585,341586,0.051916716666667,0,0
"2026-05-08 22:00:00","2026-05-08 23:00:00",Nederland,Wind,Hour,UTC,Providing,Current,266760,266760,0.04054395,0,0
"2026-05-08 23:00:00","2026-05-09 00:00:00",Nederland,Wind,Hour,UTC,Providing,Current,255943,255942,0.038899783333333,0,0
"2026-05-09 00:00:00","2026-05-09 01:00:00",Nederland,Wind,Hour,UTC,Providing,Current,220830,220831,0.03356305,0,0
"2026-05-09 01:00:00","2026-05-09 02:00:00",Nederland,Wind,Hour,UTC,Providing,Current,193582,193582,0.029421633333333,0,0
"2026-05-09 02:00:00","2026-05-09 03:00:00",Nederland,Wind,Hour,UTC,Providing,Current,124746,124744,0.018959466666667,0,0
"2026-05-09 03:00:00","2026-05-09 04:00:00",Nederland,Wind,Hour,UTC,Providing,Current,69361,69359,0.010541783333333,0,0
"2026-05-09 04:00:00","2026-05-09 05:00:00",Nederland,Wind,Hour,UTC,Providing,Current,75615,75615,0.01149225,0,0
"2026-05-09 05:00:00","2026-05-09 06:00:00",Nederland,Wind,Hour,UTC,Providing,Current,105903,105904,0.0160954,0,0
"2026-05-09 06:00:00","2026-05-09 07:00:00",Nederland,Wind,Hour,UTC,Providing,Current,216967,216967,0.0329751,0,0
"2026-05-09 07:00:00","2026-05-09 08:00:00",Nederland,Wind,Hour,UTC,Providing,Current,445157,445158,0.067655516666667,0,0
"2026-05-09 08:00:00","2026-05-09 09:00:00",Nederland,Wind,Hour,UTC,Providing,Current,740107,740104,0.11248168333333,0,0
"2026-05-09 09:00:00","2026-05-09 10:00:00",Nederland,Wind,Hour,UTC,Providing,Current,960695,960695,0.14600616666667,0,0
"2026-05-09 10:00:00","2026-05-09 11:00:00",Nederland,Wind,Hour,UTC,Providing,Current,899118,899122,0.13664716666667,0,0
"2026-05-09 11:00:00","2026-05-09 12:00:00",Nederland,Wind,Hour,UTC,Providing,Current,769644,769645,0.11696966666667,0,0
"2026-05-09 12:00:00","2026-05-09 13:00:00",Nederland,Wind,Hour,UTC,Providing,Current,773794,773793,0.11759966666667,0,0
"2026-05-09 13:00:00","2026-05-09 14:00:00",Nederland,Wind,Hour,UTC,Providing,Current,823645,823645,0.1251755,0,0
"2026-05-09 14:00:00","2026-05-09 15:00:00",Nederland,Wind,Hour,UTC,Providing,Current,1003681,1003677,0.152536,0,0
"2026-05-09 15:00:00","2026-05-09 16:00:00",Nederland,Wind,Hour,UTC,Providing,Current,1133329,1133328,0.172239,0,0
"2026-05-09 16:00:00","2026-05-09 17:00:00",Nederland,Wind,Hour,UTC,Providing,Current,1141727,1141729,0.17351466666667,0,0
"2026-05-09 17:00:00","2026-05-09 18:00:00",Nederland,Wind,Hour,UTC,Providing,Current,1078631,1078626,0.16392483333333,0,0
"2026-05-09 18:00:00","2026-05-09 19:00:00",Nederland,Wind,Hour,UTC,Providing,Current,1057244,1057244,0.16067366666667,0,0
"2026-05-09 19:00:00","2026-05-09 20:00:00",Nederland,Wind,Hour,UTC,Providing,Current,836676,836677,0.1271525,0,0
"2026-05-09 20:00:00","2026-05-09 21:00:00",Nederland,Wind,Hour,UTC,Providing,Current,680851,680852,0.10347101666667,0,0
"2026-05-09 21:00:00","2026-05-09 22:00:00",Nederland,Wind,Hour,UTC,Providing,Current,528252,528252,0.08027975,0,0
"2026-05-09 22:00:00","2026-05-09 23:00:00",Nederland,Wind,Hour,UTC,Providing,Current,516330,516331,0.078467616666667,0,0
"2026-05-09 23:00:00","2026-05-10 00:00:00",Nederland,Wind,Hour,UTC,Providing,Current,471017,471019,0.071580966666667,0,0
"2026-05-10 00:00:00","2026-05-10 01:00:00",Nederland,Wind,Hour,UTC,Providing,Current,516877,516877,0.078550033333333,0,0
"2026-05-10 01:00:00","2026-05-10 02:00:00",Nederland,Wind,Hour,UTC,Providing,Current,548858,548857,0.0834099,0,0
"2026-05-10 02:00:00","2026-05-10 03:00:00",Nederland,Wind,Hour,UTC,Providing,Current,617399,617400,0.093825633333333,0,0
"2026-05-10 03:00:00","2026-05-10 04:00:00",Nederland,Wind,Hour,UTC,Providing,Current,637376,637378,0.096861166666667,0,0
"2026-05-10 04:00:00","2026-05-10 05:00:00",Nederland,Wind,Hour,UTC,Providing,Current,884409,884407,0.13440183333333,0,0
"2026-05-10 05:00:00","2026-05-10 06:00:00",Nederland,Wind,Hour,UTC,Providing,Current,1039369,1039372,0.15795033333333,0,0
"2026-05-10 06:00:00","2026-05-10 07:00:00",Nederland,Wind,Hour,UTC,Providing,Current,1765852,1765856,0.26835066666667,0,0
"2026-05-10 07:00:00","2026-05-10 08:00:00",Nederland,Wind,Hour,UTC,Providing,Current,3185741,3185747,0.4841245,0,0
"2026-05-10 08:00:00","2026-05-10 09:00:00",Nederland,Wind,Hour,UTC,Providing,Current,4046868,4046869,0.61498416666667,0,0
"2026-05-10 09:00:00","2026-05-10 10:00:00",Nederland,Wind,Hour,UTC,Providing,Current,4191975,4191978,0.63703283333333,0,0
"2026-05-10 10:00:00","2026-05-10 11:00:00",Nederland,Wind,Hour,UTC,Providing,Current,4756599,4756598,0.72283283333333,0,0
"2026-05-10 11:00:00","2026-05-10 12:00:00",Nederland,Wind,Hour,UTC,Providing,Current,4798771,4798772,0.7292385,0,0
"2026-05-10 12:00:00","2026-05-10 13:00:00",Nederland,Wind,Hour,UTC,Providing,Current,4880281,4880282,0.741622,0,0
"2026-05-10 13:00:00","2026-05-10 14:00:00",Nederland,Wind,Hour,UTC,Providing,Current,5093121,5093121,0.7739625,0,0
"2026-05-10 14:00:00","2026-05-10 15:00:00",Nederland,Wind,Hour,UTC,Providing,Current,5408210,5408210,0.82184066666667,0,0
"2026-05-10 15:00:00","2026-05-10 16:00:00",Nederland,Wind,Hour,UTC,Providing,Current,5334055,5334050,0.81056883333333,0,0
"2026-05-10 16:00:00","2026-05-10 17:00:00",Nederland,Wind,Hour,UTC,Providing,Current,5379458,5379464,0.81746483333333,0,0
"2026-05-10 17:00:00","2026-05-10 18:00:00",Nederland,Wind,Hour,UTC,Providing,Current,5439906,5439906,0.82664733333333,0,0
"2026-05-10 18:00:00","2026-05-10 19:00:00",Nederland,Wind,Hour,UTC,Providing,Current,4952801,4952800,0.75262383333333,0,0
"2026-05-10 19:00:00","2026-05-10 20:00:00",Nederland,Wind,Hour,UTC,Providing,Current,4058175,4058175,0.6166745,0,0
"2026-05-10 20:00:00","2026-05-10 21:00:00",Nederland,Wind,Hour,UTC,Providing,Current,3307767,3307765,0.50264166666667,0,0
"2026-05-10 21:00:00","2026-05-10 22:00:00",Nederland,Wind,Hour,UTC,Providing,Current,2333964,2333966,0.354663,0,0
"2026-05-10 22:00:00","2026-05-10 23:00:00",Nederland,Wind,Hour,UTC,Providing,Current,2041137,2041136,0.3101645,0,0
"2026-05-10 23:00:00","2026-05-11 00:00:00",Nederland,Wind,Hour,UTC,Providing,Current,1703856,1703854,0.2589115,0,0
"2026-05-11 00:00:00","2026-05-11 01:00:00",Nederland,Wind,Hour,UTC,Providing,Current,1265211,1265214,0.19225566666667,0,0
"2026-05-11 01:00:00","2026-05-11 02:00:00",Nederland,Wind,Hour,UTC,Providing,Current,966587,966585,0.14687766666667,0,0
"2026-05-11 02:00:00","2026-05-11 03:00:00",Nederland,Wind,Hour,UTC,Providing,Current,726916,726917,0.11045791666667,0,0
"2026-05-11 03:00:00","2026-05-11 04:00:00",Nederland,Wind,Hour,UTC,Providing,Current,454990,454990,0.069137433333333,0,0
"2026-05-11 04:00:00","2026-05-11 05:00:00",Nederland,Wind,Hour,UTC,Providing,Current,294702,294702,0.044780883333333,0,0
"2026-05-11 05:00:00","2026-05-11 06:00:00",Nederland,Wind,Hour,UTC,Providing,Current,231650,231651,0.03519985,0,0
"2026-05-11 06:00:00","2026-05-11 07:00:00",Nederland,Wind,Hour,UTC,Providing,Current,301466,301468,0.045808383333333,0,0
"2026-05-11 07:00:00","2026-05-11 08:00:00",Nederland,Wind,Hour,UTC,Providing,Current,967856,967855,0.14706685,0,0
"2026-05-11 08:00:00","2026-05-11 09:00:00",Nederland,Wind,Hour,UTC,Providing,Current,2130491,2130488,0.323729,0,0
"2026-05-11 09:00:00","2026-05-11 10:00:00",Nederland,Wind,Hour,UTC,Providing,Current,3070885,3070883,0.46662033333333,0,0
"2026-05-11 10:00:00","2026-05-11 11:00:00",Nederland,Wind,Hour,UTC,Providing,Current,4102868,4102872,0.6234275,0,0
"2026-05-11 11:00:00","2026-05-11 12:00:00",Nederland,Wind,Hour,UTC,Providing,Current,3924440,3924436,0.59631316666667,0,0
"2026-05-11 12:00:00","2026-05-11 13:00:00",Nederland,Wind,Hour,UTC,Providing,Current,5220802,5220801,0.79329016666667,0,0
"2026-05-11 13:00:00","2026-05-11 14:00:00",Nederland,Wind,Hour,UTC,Providing,Current,5801478,5801476,0.88151866666667,0,0
"2026-05-11 14:00:00","2026-05-11 15:00:00",Nederland,Wind,Hour,UTC,Providing,Current,6078047,6078048,0.92353916666667,0,0
"2026-05-11 15:00:00","2026-05-11 16:00:00",Nederland,Wind,Hour,UTC,Providing,Current,6181745,6181745,0.93929166666667,0,0
"2026-05-11 16:00:00","2026-05-11 17:00:00",Nederland,Wind,Hour,UTC,Providing,Current,6257117,6257117,0.95074066666667,0,0
"2026-05-11 17:00:00","2026-05-11 18:00:00",Nederland,Wind,Hour,UTC,Providing,Current,6209249,6209249,0.94346316666667,0,0
"2026-05-11 18:00:00","2026-05-11 19:00:00",Nederland,Wind,Hour,UTC,Providing,Current,5986932,5986930,0.90967966666667,0,0
"2026-05-11 19:00:00","2026-05-11 20:00:00",Nederland,Wind,Hour,UTC,Providing,Current,5342196,5342196,0.8117125,0,0
"2026-05-11 20:00:00","2026-05-11 21:00:00",Nederland,Wind,Hour,UTC,Providing,Current,4758200,4758199,0.72297516666667,0,0
"2026-05-11 21:00:00","2026-05-11 22:00:00",Nederland,Wind,Hour,UTC,Providing,Current,4667406,4667408,0.7091765,0,0
"2026-05-11 22:00:00","2026-05-11 23:00:00",Nederland,Wind,Hour,UTC,Providing,Current,5440900,5440901,0.8266995,0,0
"2026-05-11 23:00:00","2026-05-12 00:00:00",Nederland,Wind,Hour,UTC,Providing,Current,5503647,5503647,0.83623,0,0
"2026-05-12 00:00:00","2026-05-12 01:00:00",Nederland,Wind,Hour,UTC,Providing,Current,5458674,5458670,0.82939333333333,0,0
"2026-05-12 01:00:00","2026-05-12 02:00:00",Nederland,Wind,Hour,UTC,Providing,Current,5172253,5172251,0.785871,0,0
"2026-05-12 02:00:00","2026-05-12 03:00:00",Nederland,Wind,Hour,UTC,Providing,Current,4557476,4557471,0.69245933333333,0,0
"2026-05-12 03:00:00","2026-05-12 04:00:00",Nederland,Wind,Hour,UTC,Providing,Current,4337710,4337708,0.65906566666667,0,0
"2026-05-12 04:00:00","2026-05-12 05:00:00",Nederland,Wind,Hour,UTC,Providing,Current,3751589,3751589,0.57000883333333,0,0
"2026-05-12 05:00:00","2026-05-12 06:00:00",Nederland,Wind,Hour,UTC,Providing,Current,3131040,3131042,0.475722,0,0
"2026-05-12 06:00:00","2026-05-12 07:00:00",Nederland,Wind,Hour,UTC,Providing,Current,3605101,3605103,0.547747,0,0
"2026-05-12 07:00:00","2026-05-12 08:00:00",Nederland,Wind,Hour,UTC,Providing,Current,4440954,4440953,0.67474116666667,0,0
"2026-05-12 08:00:00","2026-05-12 09:00:00",Nederland,Wind,Hour,UTC,Providing,Current,4957978,4957977,0.7532925,0,0
"2026-05-12 09:00:00","2026-05-12 10:00:00",Nederland,Wind,Hour,UTC,Providing,Current,5253103,5253104,0.79812916666667,0,0
"2026-05-12 10:00:00","2026-05-12 11:00:00",Nederland,Wind,Hour,UTC,Providing,Current,4817812,4817812,0.7319905,0,0
"2026-05-12 11:00:00","2026-05-12 12:00:00",Nederland,Wind,Hour,UTC,Providing,Current,4817601,4817602,0.73195533333333,0,0
"2026-05-12 12:00:00","2026-05-12 13:00:00",Nederland,Wind,Hour,UTC,Providing,Current,4718398,4718397,0.71688016666667,0,0
"2026-05-12 13:00:00","2026-05-12 14:00:00",Nederland,Wind,Hour,UTC,Providing,Current,4644417,4644416,0.70563716666667,0,0
"2026-05-12 14:00:00","2026-05-12 15:00:00",Nederland,Wind,Hour,UTC,Providing,Current,4508139,4508141,0.68492933333333,0,0
"2026-05-12 15:00:00","2026-05-12 16:00:00",Nederland,Wind,Hour,UTC,Providing,Current,4700111,4700109,0.714093,0,0
"2026-05-12 16:00:00","2026-05-12 17:00:00",Nederland,Wind,Hour,UTC,Providing,Current,4061087,4061086,0.61700266666667,0,0
"2026-05-12 17:00:00","2026-05-12 18:00:00",Nederland,Wind,Hour,UTC,Providing,Current,3589062,3589065,0.5452855,0,0
"2026-05-12 18:00:00","2026-05-12 19:00:00",Nederland,Wind,Hour,UTC,Providing,Current,2719293,2719291,0.41314,0,0
"2026-05-12 19:00:00","2026-05-12 20:00:00",Nederland,Wind,Hour,UTC,Providing,Current,2464564,2464566,0.37443766666667,0,0
"2026-05-12 20:00:00","2026-05-12 21:00:00",Nederland,Wind,Hour,UTC,Providing,Current,1677224,1677226,0.2548175,0,0
"2026-05-12 21:00:00","2026-05-12 22:00:00",Nederland,Wind,Hour,UTC,Providing,Current,1095916,1095917,0.16649966666667,0,0
"2026-05-12 22:00:00","2026-05-12 23:00:00",Nederland,Wind,Hour,UTC,Providing,Current,1203257,1203260,0.18280683333333,0,0
"2026-05-12 23:00:00","2026-05-13 00:00:00",Nederland,Wind,Hour,UTC,Providing,Current,1103399,1103402,0.16763533333333,0,0
"2026-05-13 00:00:00","2026-05-13 01:00:00",Nederland,Wind,Hour,UTC,Providing,Current,908391,908393,0.13800783333333,0,0
"2026-05-13 01:00:00","2026-05-13 02:00:00",Nederland,Wind,Hour,UTC,Providing,Current,705362,705365,0.10716216666667,0,0
"2026-05-13 02:00:00","2026-05-13 03:00:00",Nederland,Wind,Hour,UTC,Providing,Current,640103,640102,0.097247183333333,0,0
"2026-05-13 03:00:00","2026-05-13 04:00:00",Nederland,Wind,Hour,UTC,Providing,Current,457210,457210,0.069461116666667,0,0
"2026-05-13 04:00:00","2026-05-13 05:00:00",Nederland,Wind,Hour,UTC,Providing,Current,327814,327812,0.0498025,0,0
"2026-05-13 05:00:00","2026-05-13 06:00:00",Nederland,Wind,Hour,UTC,Providing,Current,507439,507435,0.077091333333333,0,0
"2026-05-13 06:00:00","2026-05-13 07:00:00",Nederland,Wind,Hour,UTC,Providing,Current,644761,644761,0.097953283333333,0,0
"2026-05-13 07:00:00","2026-05-13 08:00:00",Nederland,Wind,Hour,UTC,Providing,Current,1222389,1222387,0.18570666666667,0,0
"2026-05-13 08:00:00","2026-05-13 09:00:00",Nederland,Wind,Hour,UTC,Providing,Current,1209643,1209645,0.18376983333333,0,0
"2026-05-13 09:00:00","2026-05-13 10:00:00",Nederland,Wind,Hour,UTC,Providing,Current,1067770,1067772,0.16221516666667,0,0
"2026-05-13 10:00:00","2026-05-13 11:00:00",Nederland,Wind,Hour,UTC,Providing,Current,1096368,1096366,0.1665595,0,0
"2026-05-13 11:00:00","2026-05-13 12:00:00",Nederland,Wind,Hour,UTC,Providing,Current,1317670,1317671,0.2001785,0,0
"2026-05-13 12:00:00","2026-05-13 13:00:00",Nederland,Wind,Hour,UTC,Providing,Current,1530752,1530754,0.232549,0,0
"2026-05-13 13:00:00","2026-05-13 14:00:00",Nederland,Wind,Hour,UTC,Providing,Current,1540677,1540678,0.23405566666667,0,0
"2026-05-13 14:00:00","2026-05-13 15:00:00",Nederland,Wind,Hour,UTC,Providing,Current,1416587,1416587,0.21520316666667,0,0
"2026-05-13 15:00:00","2026-05-13 16:00:00",Nederland,Wind,Hour,UTC,Providing,Current,1255420,1255420,0.19071866666667,0,0
"2026-05-13 16:00:00","2026-05-13 17:00:00",Nederland,Wind,Hour,UTC,Providing,Current,1168675,1168677,0.17753983333333,0,0
"2026-05-13 17:00:00","2026-05-13 18:00:00",Nederland,Wind,Hour,UTC,Providing,Current,713459,713460,0.10838515,0,0
"2026-05-13 18:00:00","2026-05-13 19:00:00",Nederland,Wind,Hour,UTC,Providing,Current,766709,766711,0.11647416666667,0,0
"2026-05-13 19:00:00","2026-05-13 20:00:00",Nederland,Wind,Hour,UTC,Providing,Current,648229,648230,0.09847485,0,0
"2026-05-13 20:00:00","2026-05-13 21:00:00",Nederland,Wind,Hour,UTC,Providing,Current,457700,457700,0.069530666666667,0,0
"2026-05-13 21:00:00","2026-05-13 22:00:00",Nederland,Wind,Hour,UTC,Providing,Current,269970,269969,0.0410119,0,0
"2026-05-13 22:00:00","2026-05-13 23:00:00",Nederland,Wind,Hour,UTC,Providing,Current,171351,171349,0.02603025,0,0
"2026-05-13 23:00:00","2026-05-14 00:00:00",Nederland,Wind,Hour,UTC,Providing,Current,191091,191093,0.029028933333333,0,0
"2026-05-14 00:00:00","2026-05-14 01:00:00",Nederland,Wind,Hour,UTC,Providing,Current,240215,240218,0.036491283333333,0,0
"2026-05-14 01:00:00","2026-05-14 02:00:00",Nederland,Wind,Hour,UTC,Providing,Current,336332,336332,0.05109225,0,0
"2026-05-14 02:00:00","2026-05-14 03:00:00",Nederland,Wind,Hour,UTC,Providing,Current,356623,356624,0.054174416666667,0,0
"2026-05-14 03:00:00","2026-05-14 04:00:00",Nederland,Wind,Hour,UTC,Providing,Current,336630,336630,0.051136966666667,0,0
"2026-05-14 04:00:00","2026-05-14 05:00:00",Nederland,Wind,Hour,UTC,Providing,Current,446893,446896,0.067886733333333,0,0
"2026-05-14 05:00:00","2026-05-14 06:00:00",Nederland,Wind,Hour,UTC,Providing,Current,529474,529477,0.080431016666667,0,0
"2026-05-14 06:00:00","2026-05-14 07:00:00",Nederland,Wind,Hour,UTC,Providing,Current,539945,539942,0.08202135,0,0
"2026-05-14 07:00:00","2026-05-14 08:00:00",Nederland,Wind,Hour,UTC,Providing,Current,721361,721362,0.1095792,0,0
"2026-05-14 08:00:00","2026-05-14 09:00:00",Nederland,Wind,Hour,UTC,Providing,Current,782929,782926,0.1189315,0,0
"2026-05-14 09:00:00","2026-05-14 10:00:00",Nederland,Wind,Hour,UTC,Providing,Current,903262,903258,0.13721,0,0
"2026-05-14 10:00:00","2026-05-14 11:00:00",Nederland,Wind,Hour,UTC,Providing,Current,1341688,1341692,0.20380816666667,0,0
"2026-05-14 11:00:00","2026-05-14 12:00:00",Nederland,Wind,Hour,UTC,Providing,Current,1878431,1878433,0.2853405,0,0
"2026-05-14 12:00:00","2026-05-14 13:00:00",Nederland,Wind,Hour,UTC,Providing,Current,2779169,2779165,0.42216416666667,0,0
"2026-05-14 13:00:00","2026-05-14 14:00:00",Nederland,Wind,Hour,UTC,Providing,Current,2980760,2980763,0.45278466666667,0,0
"2026-05-14 14:00:00","2026-05-14 15:00:00",Nederland,Wind,Hour,UTC,Providing,Current,3316190,3316190,0.50373516666667,0,0
"2026-05-14 15:00:00","2026-05-14 16:00:00",Nederland,Wind,Hour,UTC,Providing,Current,2908186,2908185,0.44175683333333,0,0
"2026-05-14 16:00:00","2026-05-14 17:00:00",Nederland,Wind,Hour,UTC,Providing,Current,2596330,2596327,0.39438383333333,0,0
"2026-05-14 17:00:00","2026-05-14 18:00:00",Nederland,Wind,Hour,UTC,Providing,Current,2181124,2181122,0.33131283333333,0,0
"2026-05-14 18:00:00","2026-05-14 19:00:00",Nederland,Wind,Hour,UTC,Providing,Current,1336518,1336515,0.20301633333333,0,0
"2026-05-14 19:00:00","2026-05-14 20:00:00",Nederland,Wind,Hour,UTC,Providing,Current,460136,460138,0.069894033333333,0,0
"2026-05-14 20:00:00","2026-05-14 21:00:00",Nederland,Wind,Hour,UTC,Providing,Current,123709,123710,0.018791166666667,0,0
"2026-05-14 21:00:00","2026-05-14 22:00:00",Nederland,Wind,Hour,UTC,Providing,Current,98440,98441,0.014952833333333,0,0
"2026-05-14 22:00:00","2026-05-14 23:00:00",Nederland,Wind,Hour,UTC,Providing,Current,118716,118717,0.01803265,0,0
"2026-05-14 23:00:00","2026-05-15 00:00:00",Nederland,Wind,Hour,UTC,Providing,Current,154406,154407,0.023453683333333,0,0
"2026-05-15 00:00:00","2026-05-15 01:00:00",Nederland,Wind,Hour,UTC,Providing,Current,185362,185361,0.028155766666667,0,0
"2026-05-15 01:00:00","2026-05-15 02:00:00",Nederland,Wind,Hour,UTC,Providing,Current,259774,259776,0.039458383333333,0,0
"2026-05-15 02:00:00","2026-05-15 03:00:00",Nederland,Wind,Hour,UTC,Providing,Current,446808,446806,0.0678676,0,0
"2026-05-15 03:00:00","2026-05-15 04:00:00",Nederland,Wind,Hour,UTC,Providing,Current,431266,431267,0.065506616666667,0,0
"2026-05-15 04:00:00","2026-05-15 05:00:00",Nederland,Wind,Hour,UTC,Providing,Current,403257,403256,0.06125195,0,0
"2026-05-15 05:00:00","2026-05-15 06:00:00",Nederland,Wind,Hour,UTC,Providing,Current,535144,535141,0.081284383333333,0,0
"2026-05-15 06:00:00","2026-05-15 07:00:00",Nederland,Wind,Hour,UTC,Providing,Current,705104,705101,0.1070996,0,0
"2026-05-15 07:00:00","2026-05-15 08:00:00",Nederland,Wind,Hour,UTC,Providing,Current,1321439,1321443,0.20071483333333,0,0
"2026-05-15 08:00:00","2026-05-15 09:00:00",Nederland,Wind,Hour,UTC,Providing,Current,2052937,2052935,0.3118215,0,0
"2026-05-15 09:00:00","2026-05-15 10:00:00",Nederland,Wind,Hour,UTC,Providing,Current,2498995,2498995,0.37957216666667,0,0
"2026-05-15 10:00:00","2026-05-15 11:00:00",Nederland,Wind,Hour,UTC,Providing,Current,2872004,2872007,0.4362265,0,0
"2026-05-15 11:00:00","2026-05-15 12:00:00",Nederland,Wind,Hour,UTC,Providing,Current,3418548,3418549,0.5192385,0,0
"2026-05-15 12:00:00","2026-05-15 13:00:00",Nederland,Wind,Hour,UTC,Providing,Current,3905755,3905758,0.59323716666667,0,0
"2026-05-15 13:00:00","2026-05-15 14:00:00",Nederland,Wind,Hour,UTC,Providing,Current,3451929,3451931,0.5243045,0,0
"2026-05-15 14:00:00","2026-05-15 15:00:00",Nederland,Wind,Hour,UTC,Providing,Current,3818787,3818785,0.580023,0,0
"2026-05-15 15:00:00","2026-05-15 16:00:00",Nederland,Wind,Hour,UTC,Providing,Current,3572984,3572988,0.54268666666667,0,0
"2026-05-15 16:00:00","2026-05-15 17:00:00",Nederland,Wind,Hour,UTC,Providing,Current,3255274,3255271,0.494429,0,0
"2026-05-15 17:00:00","2026-05-15 18:00:00",Nederland,Wind,Hour,UTC,Providing,Current,2468219,2468219,0.37488533333333,0,0
"2026-05-15 18:00:00","2026-05-15 19:00:00",Nederland,Wind,Hour,UTC,Providing,Current,1929122,1929121,0.29300333333333,0,0
"2026-05-15 19:00:00","2026-05-15 20:00:00",Nederland,Wind,Hour,UTC,Providing,Current,1302799,1302800,0.197874,0,0
"2026-05-15 20:00:00","2026-05-15 21:00:00",Nederland,Wind,Hour,UTC,Providing,Current,851741,851738,0.129365,0,0
"2026-05-15 21:00:00","2026-05-15 22:00:00",Nederland,Wind,Hour,UTC,Providing,Current,713086,713086,0.10830533333333,0,0
"2026-05-15 22:00:00","2026-05-15 23:00:00",Nederland,Wind,Hour,UTC,Providing,Current,634120,634120,0.09631135,0,0
"2026-05-15 23:00:00","2026-05-16 00:00:00",Nederland,Wind,Hour,UTC,Providing,Current,658098,658099,0.099952616666667,0,0
"2026-05-16 00:00:00","2026-05-16 01:00:00",Nederland,Wind,Hour,UTC,Providing,Current,703026,703026,0.10677593333333,0,0
"2026-05-16 01:00:00","2026-05-16 02:00:00",Nederland,Wind,Hour,UTC,Providing,Current,724149,724150,0.10998363333333,0,0
"2026-05-16 02:00:00","2026-05-16 03:00:00",Nederland,Wind,Hour,UTC,Providing,Current,728782,728784,0.11068683333333,0,0
"2026-05-16 03:00:00","2026-05-16 04:00:00",Nederland,Wind,Hour,UTC,Providing,Current,806562,806564,0.1224995,0,0
"2026-05-16 04:00:00","2026-05-16 05:00:00",Nederland,Wind,Hour,UTC,Providing,Current,648736,648733,0.0985287,0,0
"2026-05-16 05:00:00","2026-05-16 06:00:00",Nederland,Wind,Hour,UTC,Providing,Current,738068,738071,0.11209586666667,0,0
"2026-05-16 06:00:00","2026-05-16 07:00:00",Nederland,Wind,Hour,UTC,Providing,Current,1279909,1279907,0.19438866666667,0,0
"2026-05-16 07:00:00","2026-05-16 08:00:00",Nederland,Wind,Hour,UTC,Providing,Current,2080349,2080352,0.31595533333333,0,0
"2026-05-16 08:00:00","2026-05-16 09:00:00",Nederland,Wind,Hour,UTC,Providing,Current,2503879,2503878,0.380278,0,0
"2026-05-16 09:00:00","2026-05-16 10:00:00",Nederland,Wind,Hour,UTC,Providing,Current,2632307,2632308,0.39978166666667,0,0
"2026-05-16 10:00:00","2026-05-16 11:00:00",Nederland,Wind,Hour,UTC,Providing,Current,2979148,2979149,0.45245616666667,0,0
"2026-05-16 11:00:00","2026-05-16 12:00:00",Nederland,Wind,Hour,UTC,Providing,Current,2920527,2920527,0.443551,0,0
"2026-05-16 12:00:00","2026-05-16 13:00:00",Nederland,Wind,Hour,UTC,Providing,Current,3015367,3015370,0.457953,0,0
"2026-05-16 13:00:00","2026-05-16 14:00:00",Nederland,Wind,Hour,UTC,Providing,Current,2877170,2877174,0.43696266666667,0,0
"2026-05-16 14:00:00","2026-05-16 15:00:00",Nederland,Wind,Hour,UTC,Providing,Current,3076833,3076832,0.46728433333333,0,0
"2026-05-16 15:00:00","2026-05-16 16:00:00",Nederland,Wind,Hour,UTC,Providing,Current,2840873,2840874,0.43144666666667,0,0
"2026-05-16 16:00:00","2026-05-16 17:00:00",Nederland,Wind,Hour,UTC,Providing,Current,2215009,2215010,0.33639466666667,0,0
"2026-05-16 17:00:00","2026-05-16 18:00:00",Nederland,Wind,Hour,UTC,Providing,Current,1470808,1470813,0.2233715,0,0
"2026-05-16 18:00:00","2026-05-16 19:00:00",Nederland,Wind,Hour,UTC,Providing,Current,766803,766807,0.11645398333333,0,0
"2026-05-16 19:00:00","2026-05-16 20:00:00",Nederland,Wind,Hour,UTC,Providing,Current,313284,313284,0.0475781,0,0
"2026-05-16 20:00:00","2026-05-16 21:00:00",Nederland,Wind,Hour,UTC,Providing,Current,180109,180109,0.027352866666667,0,0
"2026-05-16 21:00:00","2026-05-16 22:00:00",Nederland,Wind,Hour,UTC,Providing,Current,291274,291273,0.044235016666667,0,0
"2026-05-16 22:00:00","2026-05-16 23:00:00",Nederland,Wind,Hour,UTC,Providing,Current,474279,474281,0.072027233333333,0,0
"2026-05-16 23:00:00","2026-05-17 00:00:00",Nederland,Wind,Hour,UTC,Providing,Current,755775,755777,0.11477683333333,0,0
"2026-05-17 00:00:00","2026-05-17 01:00:00",Nederland,Wind,Hour,UTC,Providing,Current,1037416,1037415,0.15754783333333,0,0
"2026-05-17 01:00:00","2026-05-17 02:00:00",Nederland,Wind,Hour,UTC,Providing,Current,1231509,1231509,0.187023,0,0
"2026-05-17 02:00:00","2026-05-17 03:00:00",Nederland,Wind,Hour,UTC,Providing,Current,1381170,1381174,0.20975033333333,0,0
"2026-05-17 03:00:00","2026-05-17 04:00:00",Nederland,Wind,Hour,UTC,Providing,Current,1581852,1581855,0.240226,0,0
"2026-05-17 04:00:00","2026-05-17 05:00:00",Nederland,Wind,Hour,UTC,Providing,Current,1812785,1812788,0.27529483333333,0,0
"2026-05-17 05:00:00","2026-05-17 06:00:00",Nederland,Wind,Hour,UTC,Providing,Current,2139678,2139678,0.32493666666667,0,0
"2026-05-17 06:00:00","2026-05-17 07:00:00",Nederland,Wind,Hour,UTC,Providing,Current,2344541,2344543,0.35604616666667,0,0
"2026-05-17 07:00:00","2026-05-17 08:00:00",Nederland,Wind,Hour,UTC,Providing,Current,2737551,2737553,0.41572783333333,0,0
"2026-05-17 08:00:00","2026-05-17 09:00:00",Nederland,Wind,Hour,UTC,Providing,Current,3256307,3256305,0.49450483333333,0,0
"2026-05-17 09:00:00","2026-05-17 10:00:00",Nederland,Wind,Hour,UTC,Providing,Current,3745999,3746000,0.568867,0,0
"2026-05-17 10:00:00","2026-05-17 11:00:00",Nederland,Wind,Hour,UTC,Providing,Current,3776918,3776921,0.57356016666667,0,0
"2026-05-17 11:00:00","2026-05-17 12:00:00",Nederland,Wind,Hour,UTC,Providing,Current,3420163,3420166,0.51938133333333,0,0
"2026-05-17 12:00:00","2026-05-17 13:00:00",Nederland,Wind,Hour,UTC,Providing,Current,3257133,3257134,0.494622,0,0
"2026-05-17 13:00:00","2026-05-17 14:00:00",Nederland,Wind,Hour,UTC,Providing,Current,2715685,2715685,0.41239716666667,0,0
"2026-05-17 14:00:00","2026-05-17 15:00:00",Nederland,Wind,Hour,UTC,Providing,Current,2215003,2214999,0.33636333333333,0,0
"2026-05-17 15:00:00","2026-05-17 16:00:00",Nederland,Wind,Hour,UTC,Providing,Current,1603484,1603493,0.243499,0,0
"2026-05-17 16:00:00","2026-05-17 17:00:00",Nederland,Wind,Hour,UTC,Providing,Current,889581,889583,0.1350877,0,0
"2026-05-17 17:00:00","2026-05-17 18:00:00",Nederland,Wind,Hour,UTC,Providing,Current,411818,411818,0.062536683333333,0,0
"2026-05-17 18:00:00","2026-05-17 19:00:00",Nederland,Wind,Hour,UTC,Providing,Current,173582,173584,0.0263592,0,0
"2026-05-17 19:00:00","2026-05-17 20:00:00",Nederland,Wind,Hour,UTC,Providing,Current,71763,71762,0.010897583333333,0,0
"2026-05-17 20:00:00","2026-05-17 21:00:00",Nederland,Wind,Hour,UTC,Providing,Current,65560,65560,0.0099555916666667,0,0
"2026-05-17 21:00:00","2026-05-17 22:00:00",Nederland,Wind,Hour,UTC,Providing,Current,66030,66030,0.010026953333333,0,0
"2026-05-17 22:00:00","2026-05-17 23:00:00",Nederland,Wind,Hour,UTC,Providing,Current,39688,39690,0.0060268233333333,0,0
"2026-05-17 23:00:00","2026-05-18 00:00:00",Nederland,Wind,Hour,UTC,Providing,Current,56839,56839,0.0086310966666667,0,0
"2026-05-18 00:00:00","2026-05-18 01:00:00",Nederland,Wind,Hour,UTC,Providing,Current,60088,60088,0.0091244216666667,0,0
"2026-05-18 01:00:00","2026-05-18 02:00:00",Nederland,Wind,Hour,UTC,Providing,Current,70500,70501,0.010705476666667,0,0
"2026-05-18 02:00:00","2026-05-18 03:00:00",Nederland,Wind,Hour,UTC,Providing,Current,111211,111211,0.016887366666667,0,0
"2026-05-18 03:00:00","2026-05-18 04:00:00",Nederland,Wind,Hour,UTC,Providing,Current,131382,131383,0.019950216666667,0,0
"2026-05-18 04:00:00","2026-05-18 05:00:00",Nederland,Wind,Hour,UTC,Providing,Current,156911,156915,0.02382675,0,0
"2026-05-18 05:00:00","2026-05-18 06:00:00",Nederland,Wind,Hour,UTC,Providing,Current,234396,234397,0.03559255,0,0
"2026-05-18 06:00:00","2026-05-18 07:00:00",Nederland,Wind,Hour,UTC,Providing,Current,316902,316902,0.048120566666667,0,0
"2026-05-18 07:00:00","2026-05-18 08:00:00",Nederland,Wind,Hour,UTC,Providing,Current,502792,502794,0.076347133333333,0,0
"2026-05-18 08:00:00","2026-05-18 09:00:00",Nederland,Wind,Hour,UTC,Providing,Current,722446,722447,0.10970018333333,0,0
"2026-05-18 09:00:00","2026-05-18 10:00:00",Nederland,Wind,Hour,UTC,Providing,Current,1293709,1293707,0.19644316666667,0,0
"2026-05-18 10:00:00","2026-05-18 11:00:00",Nederland,Wind,Hour,UTC,Providing,Current,1568883,1568885,0.23822616666667,0,0
"2026-05-18 11:00:00","2026-05-18 12:00:00",Nederland,Wind,Hour,UTC,Providing,Current,1601814,1601812,0.24322533333333,0,0
"2026-05-18 12:00:00","2026-05-18 13:00:00",Nederland,Wind,Hour,UTC,Providing,Current,1452693,1452694,0.2205815,0,0
"2026-05-18 13:00:00","2026-05-18 14:00:00",Nederland,Wind,Hour,UTC,Providing,Current,1166321,1166322,0.177097,0,0
"2026-05-18 14:00:00","2026-05-18 15:00:00",Nederland,Wind,Hour,UTC,Providing,Current,1137630,1137634,0.17273983333333,0,0
"2026-05-18 15:00:00","2026-05-18 16:00:00",Nederland,Wind,Hour,UTC,Providing,Current,1105497,1105494,0.16786016666667,0,0
"2026-05-18 16:00:00","2026-05-18 17:00:00",Nederland,Wind,Hour,UTC,Providing,Current,708665,708665,0.10760383333333,0,0
"2026-05-18 17:00:00","2026-05-18 18:00:00",Nederland,Wind,Hour,UTC,Providing,Current,555366,555370,0.084326833333333,0,0
"2026-05-18 18:00:00","2026-05-18 19:00:00",Nederland,Wind,Hour,UTC,Providing,Current,340650,340649,0.0517241,0,0
"2026-05-18 19:00:00","2026-05-18 20:00:00",Nederland,Wind,Hour,UTC,Providing,Current,154484,154483,0.023456666666667,0,0
"2026-05-18 20:00:00","2026-05-18 21:00:00",Nederland,Wind,Hour,UTC,Providing,Current,72509,72507,0.011009723333333,0,0
"2026-05-18 21:00:00","2026-05-18 22:00:00",Nederland,Wind,Hour,UTC,Providing,Current,36938,36939,0.0056085983333333,0,0
"2026-05-18 22:00:00","2026-05-18 23:00:00",Nederland,Wind,Hour,UTC,Providing,Current,37146,37146,0.005640155,0,0
"2026-05-18 23:00:00","2026-05-19 00:00:00",Nederland,Wind,Hour,UTC,Providing,Current,80537,80537,0.01222844,0,0
"2026-05-19 00:00:00","2026-05-19 01:00:00",Nederland,Wind,Hour,UTC,Providing,Current,170904,170908,0.025949433333333,0,0
"2026-05-19 01:00:00","2026-05-19 02:00:00",Nederland,Wind,Hour,UTC,Providing,Current,222613,222615,0.03380055,0,0
"2026-05-19 02:00:00","2026-05-19 03:00:00",Nederland,Wind,Hour,UTC,Providing,Current,210072,210072,0.031896283333333,0,0
"2026-05-19 03:00:00","2026-05-19 04:00:00",Nederland,Wind,Hour,UTC,Providing,Current,249572,249575,0.037893566666667,0,0
"2026-05-19 04:00:00","2026-05-19 05:00:00",Nederland,Wind,Hour,UTC,Providing,Current,283756,283758,0.0430836,0,0
"2026-05-19 05:00:00","2026-05-19 06:00:00",Nederland,Wind,Hour,UTC,Providing,Current,367989,367989,0.055872766666667,0,0
"2026-05-19 06:00:00","2026-05-19 07:00:00",Nederland,Wind,Hour,UTC,Providing,Current,692071,692073,0.10507855,0,0
"2026-05-19 07:00:00","2026-05-19 08:00:00",Nederland,Wind,Hour,UTC,Providing,Current,1122393,1122398,0.17041416666667,0,0
"2026-05-19 08:00:00","2026-05-19 09:00:00",Nederland,Wind,Hour,UTC,Providing,Current,2027505,2027509,0.30783733333333,0,0
"2026-05-19 09:00:00","2026-05-19 10:00:00",Nederland,Wind,Hour,UTC,Providing,Current,3037218,3037218,0.46114083333333,0,0
"2026-05-19 10:00:00","2026-05-19 11:00:00",Nederland,Wind,Hour,UTC,Providing,Current,3695746,3695743,0.56112283333333,0,0
"2026-05-19 11:00:00","2026-05-19 12:00:00",Nederland,Wind,Hour,UTC,Providing,Current,4150534,4150536,0.63017083333333,0,0
"2026-05-19 12:00:00","2026-05-19 13:00:00",Nederland,Wind,Hour,UTC,Providing,Current,4484810,4484811,0.6809205,0,0
"2026-05-19 13:00:00","2026-05-19 14:00:00",Nederland,Wind,Hour,UTC,Providing,Current,4473428,4473429,0.67918933333333,0,0
"2026-05-19 14:00:00","2026-05-19 15:00:00",Nederland,Wind,Hour,UTC,Providing,Current,3945079,3945082,0.598969,0,0
"2026-05-19 15:00:00","2026-05-19 16:00:00",Nederland,Wind,Hour,UTC,Providing,Current,3253321,3253322,0.4939395,0,0
"2026-05-19 16:00:00","2026-05-19 17:00:00",Nederland,Wind,Hour,UTC,Providing,Current,3009014,3009015,0.45684533333333,0,0
"2026-05-19 17:00:00","2026-05-19 18:00:00",Nederland,Wind,Hour,UTC,Providing,Current,2799171,2799178,0.42498433333333,0,0
"2026-05-19 18:00:00","2026-05-19 19:00:00",Nederland,Wind,Hour,UTC,Providing,Current,2619192,2619195,0.39765716666667,0,0
"2026-05-19 19:00:00","2026-05-19 20:00:00",Nederland,Wind,Hour,UTC,Providing,Current,2524245,2524247,0.38324033333333,0,0
"2026-05-19 20:00:00","2026-05-19 21:00:00",Nederland,Wind,Hour,UTC,Providing,Current,2263825,2263825,0.343701,0,0
"2026-05-19 21:00:00","2026-05-19 22:00:00",Nederland,Wind,Hour,UTC,Providing,Current,2265407,2265406,0.34393983333333,0,0
"2026-05-19 22:00:00","2026-05-19 23:00:00",Nederland,Wind,Hour,UTC,Providing,Current,2329960,2329958,0.35373916666667,0,0
"2026-05-19 23:00:00","2026-05-20 00:00:00",Nederland,Wind,Hour,UTC,Providing,Current,2357412,2357412,0.35790533333333,0,0
"2026-05-20 00:00:00","2026-05-20 01:00:00",Nederland,Wind,Hour,UTC,Providing,Current,2404895,2404896,0.365113,0,0
"2026-05-20 01:00:00","2026-05-20 02:00:00",Nederland,Wind,Hour,UTC,Providing,Current,2518347,2518342,0.38233566666667,0,0
"2026-05-20 02:00:00","2026-05-20 03:00:00",Nederland,Wind,Hour,UTC,Providing,Current,2534345,2534344,0.38476283333333,0,0
"2026-05-20 03:00:00","2026-05-20 04:00:00",Nederland,Wind,Hour,UTC,Providing,Current,2578352,2578354,0.39144216666667,0,0
"2026-05-20 04:00:00","2026-05-20 05:00:00",Nederland,Wind,Hour,UTC,Providing,Current,2819955,2819952,0.42812016666667,0,0
"2026-05-20 05:00:00","2026-05-20 06:00:00",Nederland,Wind,Hour,UTC,Providing,Current,3261638,3261642,0.495174,0,0
"2026-05-20 06:00:00","2026-05-20 07:00:00",Nederland,Wind,Hour,UTC,Providing,Current,4199365,4199367,0.63753466666667,0,0
"2026-05-20 07:00:00","2026-05-20 08:00:00",Nederland,Wind,Hour,UTC,Providing,Current,4512988,4512994,0.68514516666667,0,0
"2026-05-20 08:00:00","2026-05-20 09:00:00",Nederland,Wind,Hour,UTC,Providing,Current,4813211,4813213,0.73072083333333,0,0
"2026-05-20 09:00:00","2026-05-20 10:00:00",Nederland,Wind,Hour,UTC,Providing,Current,4636465,4636462,0.70388516666667,0,0
"2026-05-20 10:00:00","2026-05-20 11:00:00",Nederland,Wind,Hour,UTC,Providing,Current,4918975,4918972,0.74677116666667,0,0
"2026-05-20 11:00:00","2026-05-20 12:00:00",Nederland,Wind,Hour,UTC,Providing,Current,4985580,4985583,0.75687983333333,0,0
"2026-05-20 12:00:00","2026-05-20 13:00:00",Nederland,Wind,Hour,UTC,Providing,Current,4958043,4958045,0.75269616666667,0,0
"2026-05-20 13:00:00","2026-05-20 14:00:00",Nederland,Wind,Hour,UTC,Providing,Current,5604496,5604498,0.85083283333333,0,0
"2026-05-20 14:00:00","2026-05-20 15:00:00",Nederland,Wind,Hour,UTC,Providing,Current,5420433,5420432,0.82288666666667,0,0
"2026-05-20 15:00:00","2026-05-20 16:00:00",Nederland,Wind,Hour,UTC,Providing,Current,5351307,5351307,0.812389,0,0
"2026-05-20 16:00:00","2026-05-20 17:00:00",Nederland,Wind,Hour,UTC,Providing,Current,4652905,4652904,0.70636083333333,0,0
"2026-05-20 17:00:00","2026-05-20 18:00:00",Nederland,Wind,Hour,UTC,Providing,Current,3737954,3737958,0.56745916666667,0,0
"2026-05-20 18:00:00","2026-05-20 19:00:00",Nederland,Wind,Hour,UTC,Providing,Current,2629905,2629907,0.3992445,0,0
"2026-05-20 19:00:00","2026-05-20 20:00:00",Nederland,Wind,Hour,UTC,Providing,Current,1662991,1662990,0.25245683333333,0,0
"2026-05-20 20:00:00","2026-05-20 21:00:00",Nederland,Wind,Hour,UTC,Providing,Current,1290279,1290277,0.19587483333333,0,0
"2026-05-20 21:00:00","2026-05-20 22:00:00",Nederland,Wind,Hour,UTC,Providing,Current,1305123,1305119,0.1981275,0,0
"2026-05-20 22:00:00","2026-05-20 23:00:00",Nederland,Wind,Hour,UTC,Providing,Current,1404632,1404636,0.213233,0,0
"2026-05-20 23:00:00","2026-05-21 00:00:00",Nederland,Wind,Hour,UTC,Providing,Current,1350163,1350165,0.20496316666667,0,0
"2026-05-21 00:00:00","2026-05-21 01:00:00",Nederland,Wind,Hour,UTC,Providing,Current,1280303,1280304,0.19435716666667,0,0
"2026-05-21 01:00:00","2026-05-21 02:00:00",Nederland,Wind,Hour,UTC,Providing,Current,1087103,1087103,0.1650275,0,0
"2026-05-21 02:00:00","2026-05-21 03:00:00",Nederland,Wind,Hour,UTC,Providing,Current,793268,793267,0.1204215,0,0
"2026-05-21 03:00:00","2026-05-21 04:00:00",Nederland,Wind,Hour,UTC,Providing,Current,701532,701529,0.10649521666667,0,0
"2026-05-21 04:00:00","2026-05-21 05:00:00",Nederland,Wind,Hour,UTC,Providing,Current,592434,592432,0.089933366666667,0,0
"2026-05-21 05:00:00","2026-05-21 06:00:00",Nederland,Wind,Hour,UTC,Providing,Current,675376,675377,0.10252395,0,0
"2026-05-21 06:00:00","2026-05-21 07:00:00",Nederland,Wind,Hour,UTC,Providing,Current,1235185,1235187,0.1875035,0,0
"2026-05-21 07:00:00","2026-05-21 08:00:00",Nederland,Wind,Hour,UTC,Providing,Current,1883431,1883426,0.28590733333333,0,0
"2026-05-21 08:00:00","2026-05-21 09:00:00",Nederland,Wind,Hour,UTC,Providing,Current,1748074,1748075,0.26535883333333,0,0
"2026-05-21 09:00:00","2026-05-21 10:00:00",Nederland,Wind,Hour,UTC,Providing,Current,1895587,1895590,0.28775033333333,0,0
"2026-05-21 10:00:00","2026-05-21 11:00:00",Nederland,Wind,Hour,UTC,Providing,Current,2313519,2313521,0.351191,0,0
"2026-05-21 11:00:00","2026-05-21 12:00:00",Nederland,Wind,Hour,UTC,Providing,Current,2268645,2268645,0.34437766666667,0,0
"2026-05-21 12:00:00","2026-05-21 13:00:00",Nederland,Wind,Hour,UTC,Providing,Current,1977679,1977682,0.30020833333333,0,0
"2026-05-21 13:00:00","2026-05-21 14:00:00",Nederland,Wind,Hour,UTC,Providing,Current,1623369,1623373,0.24642366666667,0,0
"2026-05-21 14:00:00","2026-05-21 15:00:00",Nederland,Wind,Hour,UTC,Providing,Current,1638193,1638196,0.24867283333333,0,0
"2026-05-21 15:00:00","2026-05-21 16:00:00",Nederland,Wind,Hour,UTC,Providing,Current,1811435,1811436,0.27496916666667,0,0
"2026-05-21 16:00:00","2026-05-21 17:00:00",Nederland,Wind,Hour,UTC,Providing,Current,1650721,1650719,0.2505725,0,0
"2026-05-21 17:00:00","2026-05-21 18:00:00",Nederland,Wind,Hour,UTC,Providing,Current,1204634,1204635,0.1828575,0,0
"2026-05-21 18:00:00","2026-05-21 19:00:00",Nederland,Wind,Hour,UTC,Providing,Current,740575,740578,0.11241545,0,0
"2026-05-21 19:00:00","2026-05-21 20:00:00",Nederland,Wind,Hour,UTC,Providing,Current,217834,217834,0.0330659,0,0
"2026-05-21 20:00:00","2026-05-21 21:00:00",Nederland,Wind,Hour,UTC,Providing,Current,50068,50069,0.007600015,0,0
"2026-05-21 21:00:00","2026-05-21 22:00:00",Nederland,Wind,Hour,UTC,Providing,Current,14857,14858,0.00225531,0,0
"2026-05-21 22:00:00","2026-05-21 23:00:00",Nederland,Wind,Hour,UTC,Providing,Current,15457,15457,0.0023462716666667,0,0
"2026-05-21 23:00:00","2026-05-22 00:00:00",Nederland,Wind,Hour,UTC,Providing,Current,17416,17416,0.002643675,0,0
"2026-05-22 00:00:00","2026-05-22 01:00:00",Nederland,Wind,Hour,UTC,Providing,Current,5123,5123,0.00077772666666667,0,0
"2026-05-22 01:00:00","2026-05-22 02:00:00",Nederland,Wind,Hour,UTC,Providing,Current,10382,10382,0.00157596,0,0
"2026-05-22 02:00:00","2026-05-22 03:00:00",Nederland,Wind,Hour,UTC,Providing,Current,25888,25889,0.0039296266666667,0,0
"2026-05-22 03:00:00","2026-05-22 04:00:00",Nederland,Wind,Hour,UTC,Providing,Current,69655,69658,0.010572916666667,0,0
"2026-05-22 04:00:00","2026-05-22 05:00:00",Nederland,Wind,Hour,UTC,Providing,Current,64317,64317,0.0097626666666667,0,0
"2026-05-22 05:00:00","2026-05-22 06:00:00",Nederland,Wind,Hour,UTC,Providing,Current,102741,102742,0.01559485,0,0
"2026-05-22 06:00:00","2026-05-22 07:00:00",Nederland,Wind,Hour,UTC,Providing,Current,293551,293551,0.044557216666667,0,0
"2026-05-22 07:00:00","2026-05-22 08:00:00",Nederland,Wind,Hour,UTC,Providing,Current,484339,484339,0.073516166666667,0,0
"2026-05-22 08:00:00","2026-05-22 09:00:00",Nederland,Wind,Hour,UTC,Providing,Current,595033,595035,0.0903175,0,0
"2026-05-22 09:00:00","2026-05-22 10:00:00",Nederland,Wind,Hour,UTC,Providing,Current,484748,484751,0.073577633333333,0,0
"2026-05-22 10:00:00","2026-05-22 11:00:00",Nederland,Wind,Hour,UTC,Providing,Current,325610,325610,0.049422666666667,0,0
"2026-05-22 11:00:00","2026-05-22 12:00:00",Nederland,Wind,Hour,UTC,Providing,Current,219242,219242,0.033277466666667,0,0
"2026-05-22 12:00:00","2026-05-22 13:00:00",Nederland,Wind,Hour,UTC,Providing,Current,168003,168004,0.025500166666667,0,0
"2026-05-22 13:00:00","2026-05-22 14:00:00",Nederland,Wind,Hour,UTC,Providing,Current,205145,205147,0.031137566666667,0,0
"2026-05-22 14:00:00","2026-05-22 15:00:00",Nederland,Wind,Hour,UTC,Providing,Current,107777,107777,0.016358733333333,0,0
"2026-05-22 15:00:00","2026-05-22 16:00:00",Nederland,Wind,Hour,UTC,Providing,Current,189682,189681,0.02879025,0,0
"2026-05-22 16:00:00","2026-05-22 17:00:00",Nederland,Wind,Hour,UTC,Providing,Current,219062,219061,0.0332494,0,0
"2026-05-22 17:00:00","2026-05-22 18:00:00",Nederland,Wind,Hour,UTC,Providing,Current,302294,302295,0.045882266666667,0,0
"2026-05-22 18:00:00","2026-05-22 19:00:00",Nederland,Wind,Hour,UTC,Providing,Current,249771,249772,0.037910183333333,0,0
"2026-05-22 19:00:00","2026-05-22 20:00:00",Nederland,Wind,Hour,UTC,Providing,Current,124896,124897,0.0189567,0,0
"2026-05-22 20:00:00","2026-05-22 21:00:00",Nederland,Wind,Hour,UTC,Providing,Current,116094,116095,0.017620633333333,0,0
"2026-05-22 21:00:00","2026-05-22 22:00:00",Nederland,Wind,Hour,UTC,Providing,Current,122486,122485,0.01859075,0,0
"2026-05-22 22:00:00","2026-05-22 23:00:00",Nederland,Wind,Hour,UTC,Providing,Current,87530,87532,0.01328515,0,0
"2026-05-22 23:00:00","2026-05-23 00:00:00",Nederland,Wind,Hour,UTC,Providing,Current,48626,48627,0.0073804016666667,0,0
"2026-05-23 00:00:00","2026-05-23 01:00:00",Nederland,Wind,Hour,UTC,Providing,Current,38209,38209,0.0057992266666667,0,0
"2026-05-23 01:00:00","2026-05-23 02:00:00",Nederland,Wind,Hour,UTC,Providing,Current,80738,80739,0.012254098333333,0,0
"2026-05-23 02:00:00","2026-05-23 03:00:00",Nederland,Wind,Hour,UTC,Providing,Current,117445,117446,0.01782515,0,0
"2026-05-23 03:00:00","2026-05-23 04:00:00",Nederland,Wind,Hour,UTC,Providing,Current,143839,143839,0.0218311,0,0
"2026-05-23 04:00:00","2026-05-23 05:00:00",Nederland,Wind,Hour,UTC,Providing,Current,157126,157126,0.023847616666667,0,0
"2026-05-23 05:00:00","2026-05-23 06:00:00",Nederland,Wind,Hour,UTC,Providing,Current,169377,169376,0.0257068,0,0
"2026-05-23 06:00:00","2026-05-23 07:00:00",Nederland,Wind,Hour,UTC,Providing,Current,168487,168485,0.025571633333333,0,0
"2026-05-23 07:00:00","2026-05-23 08:00:00",Nederland,Wind,Hour,UTC,Providing,Current,227822,227820,0.034576933333333,0,0
"2026-05-23 08:00:00","2026-05-23 09:00:00",Nederland,Wind,Hour,UTC,Providing,Current,407900,407901,0.061907433333333,0,0
"2026-05-23 09:00:00","2026-05-23 10:00:00",Nederland,Wind,Hour,UTC,Providing,Current,506242,506243,0.076832466666667,0,0
"2026-05-23 10:00:00","2026-05-23 11:00:00",Nederland,Wind,Hour,UTC,Providing,Current,822992,822992,0.124905,0,0
"2026-05-23 11:00:00","2026-05-23 12:00:00",Nederland,Wind,Hour,UTC,Providing,Current,1134678,1134681,0.17220883333333,0,0
"2026-05-23 12:00:00","2026-05-23 13:00:00",Nederland,Wind,Hour,UTC,Providing,Current,1246384,1246384,0.18916166666667,0,0
"2026-05-23 13:00:00","2026-05-23 14:00:00",Nederland,Wind,Hour,UTC,Providing,Current,1179325,1179326,0.17898366666667,0,0
"2026-05-23 14:00:00","2026-05-23 15:00:00",Nederland,Wind,Hour,UTC,Providing,Current,1255891,1255895,0.19060283333333,0,0
"2026-05-23 15:00:00","2026-05-23 16:00:00",Nederland,Wind,Hour,UTC,Providing,Current,1354905,1354904,0.205629,0,0
"2026-05-23 16:00:00","2026-05-23 17:00:00",Nederland,Wind,Hour,UTC,Providing,Current,1359525,1359528,0.20632933333333,0,0
"2026-05-23 17:00:00","2026-05-23 18:00:00",Nederland,Wind,Hour,UTC,Providing,Current,1489740,1489743,0.22609083333333,0,0
"2026-05-23 18:00:00","2026-05-23 19:00:00",Nederland,Wind,Hour,UTC,Providing,Current,915465,915462,0.1389352,0,0
"2026-05-23 19:00:00","2026-05-23 20:00:00",Nederland,Wind,Hour,UTC,Providing,Current,440928,440930,0.066916966666667,0,0
"2026-05-23 20:00:00","2026-05-23 21:00:00",Nederland,Wind,Hour,UTC,Providing,Current,384945,384945,0.0584206,0,0
"2026-05-23 21:00:00","2026-05-23 22:00:00",Nederland,Wind,Hour,UTC,Providing,Current,168340,168341,0.025547866666667,0,0
"2026-05-23 22:00:00","2026-05-23 23:00:00",Nederland,Wind,Hour,UTC,Providing,Current,133746,133748,0.020297633333333,0,0
"2026-05-23 23:00:00","2026-05-24 00:00:00",Nederland,Wind,Hour,UTC,Providing,Current,66391,66391,0.010075661666667,0,0
"2026-05-24 00:00:00","2026-05-24 01:00:00",Nederland,Wind,Hour,UTC,Providing,Current,63550,63550,0.00964442,0,0
"2026-05-24 01:00:00","2026-05-24 02:00:00",Nederland,Wind,Hour,UTC,Providing,Current,70946,70946,0.010766833333333,0,0
"2026-05-24 02:00:00","2026-05-24 03:00:00",Nederland,Wind,Hour,UTC,Providing,Current,32764,32763,0.0049723283333333,0,0
"2026-05-24 03:00:00","2026-05-24 04:00:00",Nederland,Wind,Hour,UTC,Providing,Current,36109,36109,0.0054798883333333,0,0
"2026-05-24 04:00:00","2026-05-24 05:00:00",Nederland,Wind,Hour,UTC,Providing,Current,12433,12433,0.0018868133333333,0,0
"2026-05-24 05:00:00","2026-05-24 06:00:00",Nederland,Wind,Hour,UTC,Providing,Current,0,0,0,0,0
"2026-05-24 06:00:00","2026-05-24 07:00:00",Nederland,Wind,Hour,UTC,Providing,Current,24279,24280,0.003684555,0,0
"2026-05-24 07:00:00","2026-05-24 08:00:00",Nederland,Wind,Hour,UTC,Providing,Current,70771,70772,0.01073995,0,0
"2026-05-24 08:00:00","2026-05-24 09:00:00",Nederland,Wind,Hour,UTC,Providing,Current,45736,45736,0.0069408333333333,0,0
"2026-05-24 09:00:00","2026-05-24 10:00:00",Nederland,Wind,Hour,UTC,Providing,Current,48432,48435,0.0073499083333333,0,0
"2026-05-24 10:00:00","2026-05-24 11:00:00",Nederland,Wind,Hour,UTC,Providing,Current,75279,75280,0.011423991666667,0,0
"2026-05-24 11:00:00","2026-05-24 12:00:00",Nederland,Wind,Hour,UTC,Providing,Current,156896,156896,0.023809566666667,0,0
"2026-05-24 12:00:00","2026-05-24 13:00:00",Nederland,Wind,Hour,UTC,Providing,Current,403772,403772,0.06127385,0,0
"2026-05-24 13:00:00","2026-05-24 14:00:00",Nederland,Wind,Hour,UTC,Providing,Current,522299,522304,0.079260316666667,0,0
"2026-05-24 14:00:00","2026-05-24 15:00:00",Nederland,Wind,Hour,UTC,Providing,Current,639178,639175,0.09699665,0,0
"2026-05-24 15:00:00","2026-05-24 16:00:00",Nederland,Wind,Hour,UTC,Providing,Current,822886,822888,0.12487433333333,0,0
"2026-05-24 16:00:00","2026-05-24 17:00:00",Nederland,Wind,Hour,UTC,Providing,Current,787453,787453,0.11949666666667,0,0
"2026-05-24 17:00:00","2026-05-24 18:00:00",Nederland,Wind,Hour,UTC,Providing,Current,697647,697649,0.10586816666667,0,0
"2026-05-24 18:00:00","2026-05-24 19:00:00",Nederland,Wind,Hour,UTC,Providing,Current,632934,632939,0.096047516666667,0,0
"2026-05-24 19:00:00","2026-05-24 20:00:00",Nederland,Wind,Hour,UTC,Providing,Current,286222,286223,0.043433916666667,0,0
"2026-05-24 20:00:00","2026-05-24 21:00:00",Nederland,Wind,Hour,UTC,Providing,Current,152582,152585,0.023154066666667,0,0
"2026-05-24 21:00:00","2026-05-24 22:00:00",Nederland,Wind,Hour,UTC,Providing,Current,97412,97411,0.0147821,0,0
"2026-05-24 22:00:00","2026-05-24 23:00:00",Nederland,Wind,Hour,UTC,Providing,Current,94258,94258,0.014303475,0,0
"2026-05-24 23:00:00","2026-05-25 00:00:00",Nederland,Wind,Hour,UTC,Providing,Current,97760,97761,0.014834746666667,0,0
"2026-05-25 00:00:00","2026-05-25 01:00:00",Nederland,Wind,Hour,UTC,Providing,Current,57215,57216,0.008682195,0,0
"2026-05-25 01:00:00","2026-05-25 02:00:00",Nederland,Wind,Hour,UTC,Providing,Current,53422,53423,0.0081066616666667,0,0
"2026-05-25 02:00:00","2026-05-25 03:00:00",Nederland,Wind,Hour,UTC,Providing,Current,28397,28398,0.00430922,0,0
"2026-05-25 03:00:00","2026-05-25 04:00:00",Nederland,Wind,Hour,UTC,Providing,Current,22345,22346,0.00339082,0,0
"2026-05-25 04:00:00","2026-05-25 05:00:00",Nederland,Wind,Hour,UTC,Providing,Current,34658,34659,0.0052592466666667,0,0
"2026-05-25 05:00:00","2026-05-25 06:00:00",Nederland,Wind,Hour,UTC,Providing,Current,38284,38283,0.005809345,0,0
"2026-05-25 06:00:00","2026-05-25 07:00:00",Nederland,Wind,Hour,UTC,Providing,Current,54821,54822,0.0083187316666667,0,0
"2026-05-25 07:00:00","2026-05-25 08:00:00",Nederland,Wind,Hour,UTC,Providing,Current,53338,53339,0.00809369,0,0
"2026-05-25 08:00:00","2026-05-25 09:00:00",Nederland,Wind,Hour,UTC,Providing,Current,47026,47027,0.0071358983333333,0,0
"2026-05-25 09:00:00","2026-05-25 10:00:00",Nederland,Wind,Hour,UTC,Providing,Current,17260,17259,0.002619165,0,0
"2026-05-25 10:00:00","2026-05-25 11:00:00",Nederland,Wind,Hour,UTC,Providing,Current,18747,18747,0.0028447133333333,0,0
"2026-05-25 11:00:00","2026-05-25 12:00:00",Nederland,Wind,Hour,UTC,Providing,Current,32050,32051,0.00486326,0,0
"2026-05-25 12:00:00","2026-05-25 13:00:00",Nederland,Wind,Hour,UTC,Providing,Current,93924,93923,0.014251998333333,0,0
"2026-05-25 13:00:00","2026-05-25 14:00:00",Nederland,Wind,Hour,UTC,Providing,Current,113698,113702,0.0172524,0,0
"2026-05-25 14:00:00","2026-05-25 15:00:00",Nederland,Wind,Hour,UTC,Providing,Current,152529,152531,0.02314435,0,0
"2026-05-25 15:00:00","2026-05-25 16:00:00",Nederland,Wind,Hour,UTC,Providing,Current,167033,167038,0.025345116666667,0,0
"2026-05-25 16:00:00","2026-05-25 17:00:00",Nederland,Wind,Hour,UTC,Providing,Current,184866,184867,0.028050866666667,0,0
"2026-05-25 17:00:00","2026-05-25 18:00:00",Nederland,Wind,Hour,UTC,Providing,Current,293459,293462,0.044528133333333,0,0
"2026-05-25 18:00:00","2026-05-25 19:00:00",Nederland,Wind,Hour,UTC,Providing,Current,208873,208872,0.0316934,0,0
"2026-05-25 19:00:00","2026-05-25 20:00:00",Nederland,Wind,Hour,UTC,Providing,Current,75102,75102,0.011395558333333,0,0
"2026-05-25 20:00:00","2026-05-25 21:00:00",Nederland,Wind,Hour,UTC,Providing,Current,18663,18663,0.0028318033333333,0,0
"2026-05-25 21:00:00","2026-05-25 22:00:00",Nederland,Wind,Hour,UTC,Providing,Current,0,0,0,0,0
"2026-05-25 22:00:00","2026-05-25 23:00:00",Nederland,Wind,Hour,UTC,Providing,Current,0,0,0,0,0
"2026-05-25 23:00:00","2026-05-26 00:00:00",Nederland,Wind,Hour,UTC,Providing,Current,0,0,0,0,0
"2026-05-26 00:00:00","2026-05-26 01:00:00",Nederland,Wind,Hour,UTC,Providing,Current,0,0,0,0,0
"2026-05-26 01:00:00","2026-05-26 02:00:00",Nederland,Wind,Hour,UTC,Providing,Current,4595,4595,0.0006972,0,0
"2026-05-26 02:00:00","2026-05-26 03:00:00",Nederland,Wind,Hour,UTC,Providing,Current,25292,25293,0.0038375966666667,0,0
"2026-05-26 03:00:00","2026-05-26 04:00:00",Nederland,Wind,Hour,UTC,Providing,Current,40445,40445,0.0061368066666667,0,0
"2026-05-26 04:00:00","2026-05-26 05:00:00",Nederland,Wind,Hour,UTC,Providing,Current,57652,57651,0.008747445,0,0
"2026-05-26 05:00:00","2026-05-26 06:00:00",Nederland,Wind,Hour,UTC,Providing,Current,65558,65558,0.00994707,0,0
"2026-05-26 06:00:00","2026-05-26 07:00:00",Nederland,Wind,Hour,UTC,Providing,Current,127092,127090,0.019283433333333,0,0
"2026-05-26 07:00:00","2026-05-26 08:00:00",Nederland,Wind,Hour,UTC,Providing,Current,316499,316500,0.048021316666667,0,0
"2026-05-26 08:00:00","2026-05-26 09:00:00",Nederland,Wind,Hour,UTC,Providing,Current,763965,763966,0.1159135,0,0
"2026-05-26 09:00:00","2026-05-26 10:00:00",Nederland,Wind,Hour,UTC,Providing,Current,1083617,1083619,0.164412,0,0
"2026-05-26 10:00:00","2026-05-26 11:00:00",Nederland,Wind,Hour,UTC,Providing,Current,939367,939362,0.14252533333333,0,0
"2026-05-26 11:00:00","2026-05-26 12:00:00",Nederland,Wind,Hour,UTC,Providing,Current,842384,842381,0.12781,0,0
"2026-05-26 12:00:00","2026-05-26 13:00:00",Nederland,Wind,Hour,UTC,Providing,Current,687268,687267,0.10427453333333,0,0
"2026-05-26 13:00:00","2026-05-26 14:00:00",Nederland,Wind,Hour,UTC,Providing,Current,614853,614853,0.093287266666667,0,0
"2026-05-26 14:00:00","2026-05-26 15:00:00",Nederland,Wind,Hour,UTC,Providing,Current,610200,610196,0.092580933333333,0,0
"2026-05-26 15:00:00","2026-05-26 16:00:00",Nederland,Wind,Hour,UTC,Providing,Current,640860,640860,0.09723235,0,0
"2026-05-26 16:00:00","2026-05-26 17:00:00",Nederland,Wind,Hour,UTC,Providing,Current,973215,973216,0.14765733333333,0,0
"2026-05-26 17:00:00","2026-05-26 18:00:00",Nederland,Wind,Hour,UTC,Providing,Current,1009031,1009037,0.15309083333333,0,0
"2026-05-26 18:00:00","2026-05-26 19:00:00",Nederland,Wind,Hour,UTC,Providing,Current,957443,957444,0.145263,0,0
"2026-05-26 19:00:00","2026-05-26 20:00:00",Nederland,Wind,Hour,UTC,Providing,Current,566629,566632,0.085968466666667,0,0
"2026-05-26 20:00:00","2026-05-26 21:00:00",Nederland,Wind,Hour,UTC,Providing,Current,637120,637121,0.096663,0,0
"2026-05-26 21:00:00","2026-05-26 22:00:00",Nederland,Wind,Hour,UTC,Providing,Current,694596,694596,0.10538266666667,0,0
"2026-05-26 22:00:00","2026-05-26 23:00:00",Nederland,Wind,Hour,UTC,Providing,Current,871783,871784,0.1322645,0,0
"2026-05-26 23:00:00","2026-05-27 00:00:00",Nederland,Wind,Hour,UTC,Providing,Current,879843,879845,0.13348716666667,0,0
"2026-05-27 00:00:00","2026-05-27 01:00:00",Nederland,Wind,Hour,UTC,Providing,Current,908451,908454,0.13782666666667,0,0
"2026-05-27 01:00:00","2026-05-27 02:00:00",Nederland,Wind,Hour,UTC,Providing,Current,951210,951210,0.14431333333333,0,0
"2026-05-27 02:00:00","2026-05-27 03:00:00",Nederland,Wind,Hour,UTC,Providing,Current,1175809,1175808,0.17838733333333,0,0
"2026-05-27 03:00:00","2026-05-27 04:00:00",Nederland,Wind,Hour,UTC,Providing,Current,1193010,1193008,0.18099666666667,0,0
"2026-05-27 04:00:00","2026-05-27 05:00:00",Nederland,Wind,Hour,UTC,Providing,Current,1384796,1384797,0.21009233333333,0,0
"2026-05-27 05:00:00","2026-05-27 06:00:00",Nederland,Wind,Hour,UTC,Providing,Current,2011818,2011817,0.30521866666667,0,0
"2026-05-27 06:00:00","2026-05-27 07:00:00",Nederland,Wind,Hour,UTC,Providing,Current,2412919,2412916,0.3660695,0,0
"2026-05-27 07:00:00","2026-05-27 08:00:00",Nederland,Wind,Hour,UTC,Providing,Current,2317788,2317787,0.35163516666667,0,0
"2026-05-27 08:00:00","2026-05-27 09:00:00",Nederland,Wind,Hour,UTC,Providing,Current,2214639,2214641,0.335985,0,0
"2026-05-27 09:00:00","2026-05-27 10:00:00",Nederland,Wind,Hour,UTC,Providing,Current,2011676,2011678,0.30519216666667,0,0
"2026-05-27 10:00:00","2026-05-27 11:00:00",Nederland,Wind,Hour,UTC,Providing,Current,1903967,1903966,0.28885033333333,0,0
"2026-05-27 11:00:00","2026-05-27 12:00:00",Nederland,Wind,Hour,UTC,Providing,Current,2032111,2032112,0.30828983333333,0,0
"2026-05-27 12:00:00","2026-05-27 13:00:00",Nederland,Wind,Hour,UTC,Providing,Current,2164974,2164974,0.32844516666667,0,0
"2026-05-27 13:00:00","2026-05-27 14:00:00",Nederland,Wind,Hour,UTC,Providing,Current,2361381,2361385,0.35824016666667,0,0
"2026-05-27 14:00:00","2026-05-27 15:00:00",Nederland,Wind,Hour,UTC,Providing,Current,2409992,2409994,0.36561333333333,0,0
"2026-05-27 15:00:00","2026-05-27 16:00:00",Nederland,Wind,Hour,UTC,Providing,Current,2562072,2562077,0.3886835,0,0
"2026-05-27 16:00:00","2026-05-27 17:00:00",Nederland,Wind,Hour,UTC,Providing,Current,2572361,2572360,0.39024266666667,0,0
"2026-05-27 17:00:00","2026-05-27 18:00:00",Nederland,Wind,Hour,UTC,Providing,Current,2705563,2705567,0.4104485,0,0
"2026-05-27 18:00:00","2026-05-27 19:00:00",Nederland,Wind,Hour,UTC,Providing,Current,2668199,2668201,0.40477866666667,0,0
"2026-05-27 19:00:00","2026-05-27 20:00:00",Nederland,Wind,Hour,UTC,Providing,Current,1899121,1899120,0.28810466666667,0,0
"2026-05-27 20:00:00","2026-05-27 21:00:00",Nederland,Wind,Hour,UTC,Providing,Current,1253740,1253741,0.19019666666667,0,0
"2026-05-27 21:00:00","2026-05-27 22:00:00",Nederland,Wind,Hour,UTC,Providing,Current,997476,997479,0.15132016666667,0,0
"2026-05-27 22:00:00","2026-05-27 23:00:00",Nederland,Wind,Hour,UTC,Providing,Current,889948,889949,0.13500716666667,0,0
"2026-05-27 23:00:00","2026-05-28 00:00:00",Nederland,Wind,Hour,UTC,Providing,Current,846630,846629,0.12843516666667,0,0
"2026-05-28 00:00:00","2026-05-28 01:00:00",Nederland,Wind,Hour,UTC,Providing,Current,677399,677397,0.10276226666667,0,0
"2026-05-28 01:00:00","2026-05-28 02:00:00",Nederland,Wind,Hour,UTC,Providing,Current,588807,588810,0.089322283333333,0,0
"2026-05-28 02:00:00","2026-05-28 03:00:00",Nederland,Wind,Hour,UTC,Providing,Current,524983,524979,0.079639866666667,0,0
"2026-05-28 03:00:00","2026-05-28 04:00:00",Nederland,Wind,Hour,UTC,Providing,Current,435302,435301,0.066035033333333,0,0
"2026-05-28 04:00:00","2026-05-28 05:00:00",Nederland,Wind,Hour,UTC,Providing,Current,388148,388147,0.058881483333333,0,0
"2026-05-28 05:00:00","2026-05-28 06:00:00",Nederland,Wind,Hour,UTC,Providing,Current,502533,502534,0.076233266666667,0,0
"2026-05-28 06:00:00","2026-05-28 07:00:00",Nederland,Wind,Hour,UTC,Providing,Current,801348,801348,0.12156216666667,0,0
"2026-05-28 07:00:00","2026-05-28 08:00:00",Nederland,Wind,Hour,UTC,Providing,Current,850819,850821,0.1290665,0,0
"2026-05-28 08:00:00","2026-05-28 09:00:00",Nederland,Wind,Hour,UTC,Providing,Current,824755,824754,0.125112,0,0
"2026-05-28 09:00:00","2026-05-28 10:00:00",Nederland,Wind,Hour,UTC,Providing,Current,895471,895466,0.135839,0,0
"2026-05-28 10:00:00","2026-05-28 11:00:00",Nederland,Wind,Hour,UTC,Providing,Current,955655,955655,0.144968,0,0
"2026-05-28 11:00:00","2026-05-28 12:00:00",Nederland,Wind,Hour,UTC,Providing,Current,835792,835789,0.12678466666667,0,0
"2026-05-28 12:00:00","2026-05-28 13:00:00",Nederland,Wind,Hour,UTC,Providing,Current,768325,768324,0.11655016666667,0,0
"2026-05-28 13:00:00","2026-05-28 14:00:00",Nederland,Wind,Hour,UTC,Providing,Current,695846,695840,0.10555506666667,0,0
"2026-05-28 14:00:00","2026-05-28 15:00:00",Nederland,Wind,Hour,UTC,Providing,Current,589874,589876,0.089479416666667,0,0
"2026-05-28 15:00:00","2026-05-28 16:00:00",Nederland,Wind,Hour,UTC,Providing,Current,502924,502926,0.076289383333333,0,0
"2026-05-28 16:00:00","2026-05-28 17:00:00",Nederland,Wind,Hour,UTC,Providing,Current,503993,503992,0.076451266666667,0,0
"2026-05-28 17:00:00","2026-05-28 18:00:00",Nederland,Wind,Hour,UTC,Providing,Current,764338,764339,0.11594283333333,0,0
"2026-05-28 18:00:00","2026-05-28 19:00:00",Nederland,Wind,Hour,UTC,Providing,Current,764603,764602,0.1159825,0,0
"2026-05-28 19:00:00","2026-05-28 20:00:00",Nederland,Wind,Hour,UTC,Providing,Current,601799,601797,0.091286533333333,0,0
"2026-05-28 20:00:00","2026-05-28 21:00:00",Nederland,Wind,Hour,UTC,Providing,Current,601841,601841,0.091292416666667,0,0
"2026-05-28 21:00:00","2026-05-28 22:00:00",Nederland,Wind,Hour,UTC,Providing,Current,744954,744956,0.11300058333333,0,0
"2026-05-28 22:00:00","2026-05-28 23:00:00",Nederland,Wind,Hour,UTC,Providing,Current,1136658,1136658,0.17241683333333,0,0
"2026-05-28 23:00:00","2026-05-29 00:00:00",Nederland,Wind,Hour,UTC,Providing,Current,867238,867240,0.13154866666667,0,0
"2026-05-29 00:00:00","2026-05-29 01:00:00",Nederland,Wind,Hour,UTC,Providing,Current,741047,741046,0.11240666666667,0,0
"2026-05-29 01:00:00","2026-05-29 02:00:00",Nederland,Wind,Hour,UTC,Providing,Current,662194,662192,0.10044531666667,0,0
"2026-05-29 02:00:00","2026-05-29 03:00:00",Nederland,Wind,Hour,UTC,Providing,Current,569415,569413,0.086371633333333,0,0
"2026-05-29 03:00:00","2026-05-29 04:00:00",Nederland,Wind,Hour,UTC,Providing,Current,541478,541481,0.082133716666667,0,0
"2026-05-29 04:00:00","2026-05-29 05:00:00",Nederland,Wind,Hour,UTC,Providing,Current,770731,770731,0.11690733333333,0,0
"2026-05-29 05:00:00","2026-05-29 06:00:00",Nederland,Wind,Hour,UTC,Providing,Current,1013223,1013225,0.1536885,0,0
"2026-05-29 06:00:00","2026-05-29 07:00:00",Nederland,Wind,Hour,UTC,Providing,Current,1201103,1201106,0.18218633333333,0,0
"2026-05-29 07:00:00","2026-05-29 08:00:00",Nederland,Wind,Hour,UTC,Providing,Current,1239309,1239308,0.18798066666667,0,0
"2026-05-29 08:00:00","2026-05-29 09:00:00",Nederland,Wind,Hour,UTC,Providing,Current,1344316,1344317,0.2039075,0,0
"2026-05-29 09:00:00","2026-05-29 10:00:00",Nederland,Wind,Hour,UTC,Providing,Current,1993702,1993705,0.302406,0,0
"2026-05-29 10:00:00","2026-05-29 11:00:00",Nederland,Wind,Hour,UTC,Providing,Current,2089699,2089702,0.3169655,0,0
"2026-05-29 11:00:00","2026-05-29 12:00:00",Nederland,Wind,Hour,UTC,Providing,Current,2226149,2226151,0.33766083333333,0,0
"2026-05-29 12:00:00","2026-05-29 13:00:00",Nederland,Wind,Hour,UTC,Providing,Current,2483773,2483776,0.3767355,0,0
"2026-05-29 13:00:00","2026-05-29 14:00:00",Nederland,Wind,Hour,UTC,Providing,Current,2194694,2194692,0.33288683333333,0,0
"2026-05-29 14:00:00","2026-05-29 15:00:00",Nederland,Wind,Hour,UTC,Providing,Current,2798812,2798810,0.42451633333333,0,0
"2026-05-29 15:00:00","2026-05-29 16:00:00",Nederland,Wind,Hour,UTC,Providing,Current,3411962,3411961,0.51751566666667,0,0
"2026-05-29 16:00:00","2026-05-29 17:00:00",Nederland,Wind,Hour,UTC,Providing,Current,1708660,1708666,0.25916283333333,0,0
"2026-05-29 17:00:00","2026-05-29 18:00:00",Nederland,Wind,Hour,UTC,Providing,Current,1008009,1008011,0.15289033333333,0,0
"2026-05-29 18:00:00","2026-05-29 19:00:00",Nederland,Wind,Hour,UTC,Providing,Current,491293,491292,0.07451695,0,0
"2026-05-29 19:00:00","2026-05-29 20:00:00",Nederland,Wind,Hour,UTC,Providing,Current,323398,323397,0.049051166666667,0,0
"2026-05-29 20:00:00","2026-05-29 21:00:00",Nederland,Wind,Hour,UTC,Providing,Current,104667,104668,0.015875255,0,0
"2026-05-29 21:00:00","2026-05-29 22:00:00",Nederland,Wind,Hour,UTC,Providing,Current,9596,9597,0.0014555316666667,0,0
"2026-05-29 22:00:00","2026-05-29 23:00:00",Nederland,Wind,Hour,UTC,Providing,Current,22452,22452,0.003405372,0,0
"2026-05-29 23:00:00","2026-05-30 00:00:00",Nederland,Wind,Hour,UTC,Providing,Current,12495,12497,0.0018952668333333,0,0
"2026-05-30 00:00:00","2026-05-30 01:00:00",Nederland,Wind,Hour,UTC,Providing,Current,5215,5215,0.000791092,0,0
"2026-05-30 01:00:00","2026-05-30 02:00:00",Nederland,Wind,Hour,UTC,Providing,Current,10576,10577,0.0016040916666667,0,0
"2026-05-30 02:00:00","2026-05-30 03:00:00",Nederland,Wind,Hour,UTC,Providing,Current,25109,25109,0.00380833,0,0
"2026-05-30 03:00:00","2026-05-30 04:00:00",Nederland,Wind,Hour,UTC,Providing,Current,28595,28595,0.00433711,0,0
"2026-05-30 04:00:00","2026-05-30 05:00:00",Nederland,Wind,Hour,UTC,Providing,Current,18024,18025,0.002733675,0,0
"2026-05-30 05:00:00","2026-05-30 06:00:00",Nederland,Wind,Hour,UTC,Providing,Current,19413,19413,0.0029444033333333,0,0
"2026-05-30 06:00:00","2026-05-30 07:00:00",Nederland,Wind,Hour,UTC,Providing,Current,72502,72500,0.010996233333333,0,0
"2026-05-30 07:00:00","2026-05-30 08:00:00",Nederland,Wind,Hour,UTC,Providing,Current,116452,116453,0.017661933333333,0,0
"2026-05-30 08:00:00","2026-05-30 09:00:00",Nederland,Wind,Hour,UTC,Providing,Current,167682,167680,0.025431783333333,0,0
"2026-05-30 09:00:00","2026-05-30 10:00:00",Nederland,Wind,Hour,UTC,Providing,Current,281693,281694,0.0427231,0,0
"2026-05-30 10:00:00","2026-05-30 11:00:00",Nederland,Wind,Hour,UTC,Providing,Current,319276,319279,0.048423083333333,0,0
"2026-05-30 11:00:00","2026-05-30 12:00:00",Nederland,Wind,Hour,UTC,Providing,Current,287937,287939,0.043669816666667,0,0
"2026-05-30 12:00:00","2026-05-30 13:00:00",Nederland,Wind,Hour,UTC,Providing,Current,322483,322485,0.048909,0,0
"2026-05-30 13:00:00","2026-05-30 14:00:00",Nederland,Wind,Hour,UTC,Providing,Current,449737,449737,0.068208583333333,0,0
"2026-05-30 14:00:00","2026-05-30 15:00:00",Nederland,Wind,Hour,UTC,Providing,Current,578901,578899,0.0877976,0,0
"2026-05-30 15:00:00","2026-05-30 16:00:00",Nederland,Wind,Hour,UTC,Providing,Current,703500,703499,0.10669433333333,0,0
"2026-05-30 16:00:00","2026-05-30 17:00:00",Nederland,Wind,Hour,UTC,Providing,Current,737004,737006,0.111775,0,0
"2026-05-30 17:00:00","2026-05-30 18:00:00",Nederland,Wind,Hour,UTC,Providing,Current,862647,862648,0.1308295,0,0
"2026-05-30 18:00:00","2026-05-30 19:00:00",Nederland,Wind,Hour,UTC,Providing,Current,682645,682644,0.10352981666667,0,0
"2026-05-30 19:00:00","2026-05-30 20:00:00",Nederland,Wind,Hour,UTC,Providing,Current,496099,496099,0.075238033333333,0,0
"2026-05-30 20:00:00","2026-05-30 21:00:00",Nederland,Wind,Hour,UTC,Providing,Current,391860,391858,0.059429083333333,0,0
"2026-05-30 21:00:00","2026-05-30 22:00:00",Nederland,Wind,Hour,UTC,Providing,Current,251023,251024,0.038069716666667,0,0
"2026-05-30 22:00:00","2026-05-30 23:00:00",Nederland,Wind,Hour,UTC,Providing,Current,273449,273448,0.041470566666667,0,0
"2026-05-30 23:00:00","2026-05-31 00:00:00",Nederland,Wind,Hour,UTC,Providing,Current,268496,268497,0.04071925,0,0
"2026-05-31 00:00:00","2026-05-31 01:00:00",Nederland,Wind,Hour,UTC,Providing,Current,369196,369194,0.055991,0,0
"2026-05-31 01:00:00","2026-05-31 02:00:00",Nederland,Wind,Hour,UTC,Providing,Current,418764,418762,0.063507916666667,0,0
"2026-05-31 02:00:00","2026-05-31 03:00:00",Nederland,Wind,Hour,UTC,Providing,Current,514827,514827,0.07807615,0,0
"2026-05-31 03:00:00","2026-05-31 04:00:00",Nederland,Wind,Hour,UTC,Providing,Current,522897,522898,0.079299616666667,0,0
"2026-05-31 04:00:00","2026-05-31 05:00:00",Nederland,Wind,Hour,UTC,Providing,Current,302430,302431,0.045864733333333,0,0
"2026-05-31 05:00:00","2026-05-31 06:00:00",Nederland,Wind,Hour,UTC,Providing,Current,332703,332703,0.0504555,0,0
"2026-05-31 06:00:00","2026-05-31 07:00:00",Nederland,Wind,Hour,UTC,Providing,Current,593116,593116,0.089947633333333,0,0
"2026-05-31 07:00:00","2026-05-31 08:00:00",Nederland,Wind,Hour,UTC,Providing,Current,839703,839703,0.12734266666667,0,0
"2026-05-31 08:00:00","2026-05-31 09:00:00",Nederland,Wind,Hour,UTC,Providing,Current,1217000,1216997,0.18455966666667,0,0
"2026-05-31 09:00:00","2026-05-31 10:00:00",Nederland,Wind,Hour,UTC,Providing,Current,1124665,1124666,0.17055633333333,0,0
"2026-05-31 10:00:00","2026-05-31 11:00:00",Nederland,Wind,Hour,UTC,Providing,Current,1076626,1076624,0.1632705,0,0
"2026-05-31 11:00:00","2026-05-31 12:00:00",Nederland,Wind,Hour,UTC,Providing,Current,1141900,1141902,0.17316833333333,0,0
"2026-05-31 12:00:00","2026-05-31 13:00:00",Nederland,Wind,Hour,UTC,Providing,Current,1391425,1391430,0.211008,0,0
"2026-05-31 13:00:00","2026-05-31 14:00:00",Nederland,Wind,Hour,UTC,Providing,Current,1762986,1762987,0.2673535,0,0
"2026-05-31 14:00:00","2026-05-31 15:00:00",Nederland,Wind,Hour,UTC,Providing,Current,2551628,2551627,0.38694816666667,0,0
"2026-05-31 15:00:00","2026-05-31 16:00:00",Nederland,Wind,Hour,UTC,Providing,Current,3511212,3511208,0.53246466666667,0,0
"2026-05-31 16:00:00","2026-05-31 17:00:00",Nederland,Wind,Hour,UTC,Providing,Current,3604800,3604800,0.5466545,0,0
"2026-05-31 17:00:00","2026-05-31 18:00:00",Nederland,Wind,Hour,UTC,Providing,Current,3034564,3034564,0.4601785,0,0
"2026-05-31 18:00:00","2026-05-31 19:00:00",Nederland,Wind,Hour,UTC,Providing,Current,2177555,2177556,0.33021533333333,0,0
"2026-05-31 19:00:00","2026-05-31 20:00:00",Nederland,Wind,Hour,UTC,Providing,Current,1379486,1379485,0.20919133333333,0,0
"2026-05-31 20:00:00","2026-05-31 21:00:00",Nederland,Wind,Hour,UTC,Providing,Current,800121,800123,0.12133341666667,0,0
"2026-05-31 21:00:00","2026-05-31 22:00:00",Nederland,Wind,Hour,UTC,Providing,Current,346921,346920,0.052608266666667,0,0
"2026-05-31 22:00:00","2026-05-31 23:00:00",Nederland,Wind,Hour,UTC,Providing,Current,235879,235882,0.035769333333333,0,0
"2026-05-31 23:00:00","2026-06-01 00:00:00",Nederland,Wind,Hour,UTC,Providing,Current,124678,124677,0.0189064,0,0
"2026-06-01 00:00:00","2026-06-01 01:00:00",Nederland,Wind,Hour,UTC,Providing,Current,112264,112264,0.017023916666667,0,0
"2026-06-01 01:00:00","2026-06-01 02:00:00",Nederland,Wind,Hour,UTC,Providing,Current,62704,62706,0.0095085233333333,0,0
"2026-06-01 02:00:00","2026-06-01 03:00:00",Nederland,Wind,Hour,UTC,Providing,Current,44544,44545,0.0067547783333333,0,0
"2026-06-01 03:00:00","2026-06-01 04:00:00",Nederland,Wind,Hour,UTC,Providing,Current,53628,53630,0.0081322433333333,0,0
"2026-06-01 04:00:00","2026-06-01 05:00:00",Nederland,Wind,Hour,UTC,Providing,Current,34634,34635,0.0052519833333333,0,0
"2026-06-01 05:00:00","2026-06-01 06:00:00",Nederland,Wind,Hour,UTC,Providing,Current,68028,68030,0.010315748333333,0,0
"2026-06-01 06:00:00","2026-06-01 07:00:00",Nederland,Wind,Hour,UTC,Providing,Current,131213,131214,0.019896916666667,0,0
"2026-06-01 07:00:00","2026-06-01 08:00:00",Nederland,Wind,Hour,UTC,Providing,Current,127188,127189,0.019286416666667,0,0
"2026-06-01 08:00:00","2026-06-01 09:00:00",Nederland,Wind,Hour,UTC,Providing,Current,208328,208330,0.0315902,0,0
"2026-06-01 09:00:00","2026-06-01 10:00:00",Nederland,Wind,Hour,UTC,Providing,Current,408634,408636,0.06196355,0,0
"2026-06-01 10:00:00","2026-06-01 11:00:00",Nederland,Wind,Hour,UTC,Providing,Current,743897,743893,0.1128009,0,0
"2026-06-01 11:00:00","2026-06-01 12:00:00",Nederland,Wind,Hour,UTC,Providing,Current,1285451,1285450,0.19491866666667,0,0
"2026-06-01 12:00:00","2026-06-01 13:00:00",Nederland,Wind,Hour,UTC,Providing,Current,1435611,1435611,0.21768733333333,0,0
"2026-06-01 13:00:00","2026-06-01 14:00:00",Nederland,Wind,Hour,UTC,Providing,Current,1572239,1572241,0.23840383333333,0,0
"2026-06-01 14:00:00","2026-06-01 15:00:00",Nederland,Wind,Hour,UTC,Providing,Current,1414112,1414112,0.21442566666667,0,0
"2026-06-01 15:00:00","2026-06-01 16:00:00",Nederland,Wind,Hour,UTC,Providing,Current,1226385,1226383,0.18595916666667,0,0
"2026-06-01 16:00:00","2026-06-01 17:00:00",Nederland,Wind,Hour,UTC,Providing,Current,1087226,1087228,0.16485766666667,0,0
"2026-06-01 17:00:00","2026-06-01 18:00:00",Nederland,Wind,Hour,UTC,Providing,Current,1032930,1032932,0.156624,0,0
"2026-06-01 18:00:00","2026-06-01 19:00:00",Nederland,Wind,Hour,UTC,Providing,Current,743224,743225,0.11269521666667,0,0
"2026-06-01 19:00:00","2026-06-01 20:00:00",Nederland,Wind,Hour,UTC,Providing,Current,382210,382211,0.057954433333333,0,0
"2026-06-01 20:00:00","2026-06-01 21:00:00",Nederland,Wind,Hour,UTC,Providing,Current,240275,240276,0.036432766666667,0,0
"2026-06-01 21:00:00","2026-06-01 22:00:00",Nederland,Wind,Hour,UTC,Providing,Current,189545,189545,0.028740466666667,0,0
"2026-06-01 22:00:00","2026-06-01 23:00:00",Nederland,Wind,Hour,UTC,Providing,Current,235660,235660,0.035732583333333,0,0
"2026-06-01 23:00:00","2026-06-02 00:00:00",Nederland,Wind,Hour,UTC,Providing,Current,319565,319566,0.048454733333333,0,0
"2026-06-02 00:00:00","2026-06-02 01:00:00",Nederland,Wind,Hour,UTC,Providing,Current,363338,363338,0.055091666666667,0,0
"2026-06-02 01:00:00","2026-06-02 02:00:00",Nederland,Wind,Hour,UTC,Providing,Current,359263,359262,0.054473566666667,0,0
"2026-06-02 02:00:00","2026-06-02 03:00:00",Nederland,Wind,Hour,UTC,Providing,Current,309101,309101,0.046867583333333,0,0
"2026-06-02 03:00:00","2026-06-02 04:00:00",Nederland,Wind,Hour,UTC,Providing,Current,301528,301531,0.045719066666667,0,0
"2026-06-02 04:00:00","2026-06-02 05:00:00",Nederland,Wind,Hour,UTC,Providing,Current,368470,368472,0.05586885,0,0
"2026-06-02 05:00:00","2026-06-02 06:00:00",Nederland,Wind,Hour,UTC,Providing,Current,492427,492425,0.0746635,0,0
"2026-06-02 06:00:00","2026-06-02 07:00:00",Nederland,Wind,Hour,UTC,Providing,Current,647882,647883,0.09823375,0,0
"2026-06-02 07:00:00","2026-06-02 08:00:00",Nederland,Wind,Hour,UTC,Providing,Current,1039202,1039204,0.157566,0,0
"2026-06-02 08:00:00","2026-06-02 09:00:00",Nederland,Wind,Hour,UTC,Providing,Current,1505977,1505978,0.2283385,0,0
"2026-06-02 09:00:00","2026-06-02 10:00:00",Nederland,Wind,Hour,UTC,Providing,Current,2238659,2238659,0.3394275,0,0
"2026-06-02 10:00:00","2026-06-02 11:00:00",Nederland,Wind,Hour,UTC,Providing,Current,2203945,2203945,0.3341625,0,0
"2026-06-02 11:00:00","2026-06-02 12:00:00",Nederland,Wind,Hour,UTC,Providing,Current,2797212,2797213,0.42411216666667,0,0
"2026-06-02 12:00:00","2026-06-02 13:00:00",Nederland,Wind,Hour,UTC,Providing,Current,3224494,3224493,0.488894,0,0
"2026-06-02 13:00:00","2026-06-02 14:00:00",Nederland,Wind,Hour,UTC,Providing,Current,3425551,3425551,0.51937616666667,0,0
"2026-06-02 14:00:00","2026-06-02 15:00:00",Nederland,Wind,Hour,UTC,Providing,Current,3083232,3083232,0.46747233333333,0,0
"2026-06-02 15:00:00","2026-06-02 16:00:00",Nederland,Wind,Hour,UTC,Providing,Current,2323797,2323800,0.35232733333333,0,0
"2026-06-02 16:00:00","2026-06-02 17:00:00",Nederland,Wind,Hour,UTC,Providing,Current,2247311,2247313,0.34072916666667,0,0
"2026-06-02 17:00:00","2026-06-02 18:00:00",Nederland,Wind,Hour,UTC,Providing,Current,2316902,2316901,0.35127916666667,0,0
"2026-06-02 18:00:00","2026-06-02 19:00:00",Nederland,Wind,Hour,UTC,Providing,Current,2169993,2169994,0.32900383333333,0,0
"2026-06-02 19:00:00","2026-06-02 20:00:00",Nederland,Wind,Hour,UTC,Providing,Current,1764761,1764763,0.26756333333333,0,0
"2026-06-02 20:00:00","2026-06-02 21:00:00",Nederland,Wind,Hour,UTC,Providing,Current,1700693,1700693,0.25784883333333,0,0
"2026-06-02 21:00:00","2026-06-02 22:00:00",Nederland,Wind,Hour,UTC,Providing,Current,1795451,1795447,0.27221433333333,0,0
"2026-06-02 22:00:00","2026-06-02 23:00:00",Nederland,Wind,Hour,UTC,Providing,Current,1838962,1838962,0.27880983333333,0,0
"2026-06-02 23:00:00","2026-06-03 00:00:00",Nederland,Wind,Hour,UTC,Providing,Current,1997244,1997244,0.30280633333333,0,0
"2026-06-03 00:00:00","2026-06-03 01:00:00",Nederland,Wind,Hour,UTC,Providing,Current,1862695,1862699,0.282406,0,0
"2026-06-03 01:00:00","2026-06-03 02:00:00",Nederland,Wind,Hour,UTC,Providing,Current,1710729,1710728,0.259365,0,0
"2026-06-03 02:00:00","2026-06-03 03:00:00",Nederland,Wind,Hour,UTC,Providing,Current,2051770,2051771,0.31106933333333,0,0
"2026-06-03 03:00:00","2026-06-03 04:00:00",Nederland,Wind,Hour,UTC,Providing,Current,2011910,2011911,0.30502516666667,0,0
"2026-06-03 04:00:00","2026-06-03 05:00:00",Nederland,Wind,Hour,UTC,Providing,Current,2080587,2080585,0.31543566666667,0,0
"2026-06-03 05:00:00","2026-06-03 06:00:00",Nederland,Wind,Hour,UTC,Providing,Current,2585496,2585497,0.39198283333333,0,0
"2026-06-03 06:00:00","2026-06-03 07:00:00",Nederland,Wind,Hour,UTC,Providing,Current,3042100,3042102,0.461206,0,0
"2026-06-03 07:00:00","2026-06-03 08:00:00",Nederland,Wind,Hour,UTC,Providing,Current,3470867,3470868,0.52620816666667,0,0
"2026-06-03 08:00:00","2026-06-03 09:00:00",Nederland,Wind,Hour,UTC,Providing,Current,3405389,3405389,0.516279,0,0
"2026-06-03 09:00:00","2026-06-03 10:00:00",Nederland,Wind,Hour,UTC,Providing,Current,4139986,4139984,0.62764616666667,0,0
"2026-06-03 10:00:00","2026-06-03 11:00:00",Nederland,Wind,Hour,UTC,Providing,Current,4581213,4581217,0.69453583333333,0,0
"2026-06-03 11:00:00","2026-06-03 12:00:00",Nederland,Wind,Hour,UTC,Providing,Current,4751237,4751235,0.7203095,0,0
"2026-06-03 12:00:00","2026-06-03 13:00:00",Nederland,Wind,Hour,UTC,Providing,Current,5125695,5125693,0.77707583333333,0,0
"2026-06-03 13:00:00","2026-06-03 14:00:00",Nederland,Wind,Hour,UTC,Providing,Current,5090778,5090776,0.77177916666667,0,0
"2026-06-03 14:00:00","2026-06-03 15:00:00",Nederland,Wind,Hour,UTC,Providing,Current,5289124,5289122,0.80184566666667,0,0
"2026-06-03 15:00:00","2026-06-03 16:00:00",Nederland,Wind,Hour,UTC,Providing,Current,4900109,4900106,0.74286666666667,0,0
"2026-06-03 16:00:00","2026-06-03 17:00:00",Nederland,Wind,Hour,UTC,Providing,Current,4657840,4657840,0.70613566666667,0,0
"2026-06-03 17:00:00","2026-06-03 18:00:00",Nederland,Wind,Hour,UTC,Providing,Current,4639981,4639981,0.70342516666667,0,0
"2026-06-03 18:00:00","2026-06-03 19:00:00",Nederland,Wind,Hour,UTC,Providing,Current,4968828,4968829,0.7532755,0,0
"2026-06-03 19:00:00","2026-06-03 20:00:00",Nederland,Wind,Hour,UTC,Providing,Current,5565804,5565803,0.84377366666667,0,0
"2026-06-03 20:00:00","2026-06-03 21:00:00",Nederland,Wind,Hour,UTC,Providing,Current,5629072,5629073,0.853362,0,0
"2026-06-03 21:00:00","2026-06-03 22:00:00",Nederland,Wind,Hour,UTC,Providing,Current,5599835,5599835,0.848926,0,0
"2026-06-03 22:00:00","2026-06-03 23:00:00",Nederland,Wind,Hour,UTC,Providing,Current,5246774,5246775,0.79539933333333,0,0
"2026-06-03 23:00:00","2026-06-04 00:00:00",Nederland,Wind,Hour,UTC,Providing,Current,4557935,4557935,0.69097,0,0
"2026-06-04 00:00:00","2026-06-04 01:00:00",Nederland,Wind,Hour,UTC,Providing,Current,4613958,4613963,0.69946,0,0
"2026-06-04 01:00:00","2026-06-04 02:00:00",Nederland,Wind,Hour,UTC,Providing,Current,4399994,4399996,0.667021,0,0
"2026-06-04 02:00:00","2026-06-04 03:00:00",Nederland,Wind,Hour,UTC,Providing,Current,4377469,4377471,0.66360366666667,0,0
"2026-06-04 03:00:00","2026-06-04 04:00:00",Nederland,Wind,Hour,UTC,Providing,Current,4228915,4228918,0.64108083333333,0,0
"2026-06-04 04:00:00","2026-06-04 05:00:00",Nederland,Wind,Hour,UTC,Providing,Current,4114154,4114151,0.62368133333333,0,0
"2026-06-04 05:00:00","2026-06-04 06:00:00",Nederland,Wind,Hour,UTC,Providing,Current,4370038,4370040,0.662469,0,0
"2026-06-04 06:00:00","2026-06-04 07:00:00",Nederland,Wind,Hour,UTC,Providing,Current,4649015,4649018,0.7047575,0,0
"2026-06-04 07:00:00","2026-06-04 08:00:00",Nederland,Wind,Hour,UTC,Providing,Current,5220661,5220662,0.7914115,0,0
"2026-06-04 08:00:00","2026-06-04 09:00:00",Nederland,Wind,Hour,UTC,Providing,Current,5753765,5753763,0.872222,0,0
"2026-06-04 09:00:00","2026-06-04 10:00:00",Nederland,Wind,Hour,UTC,Providing,Current,5910331,5910328,0.89595266666667,0,0
"2026-06-04 10:00:00","2026-06-04 11:00:00",Nederland,Wind,Hour,UTC,Providing,Current,6047782,6047789,0.91678516666667,0,0
"2026-06-04 11:00:00","2026-06-04 12:00:00",Nederland,Wind,Hour,UTC,Providing,Current,5949839,5949840,0.9019345,0,0
"2026-06-04 12:00:00","2026-06-04 13:00:00",Nederland,Wind,Hour,UTC,Providing,Current,5578343,5578340,0.84561583333333,0,0
"2026-06-04 13:00:00","2026-06-04 14:00:00",Nederland,Wind,Hour,UTC,Providing,Current,4916275,4916272,0.74525066666667,0,0
"2026-06-04 14:00:00","2026-06-04 15:00:00",Nederland,Wind,Hour,UTC,Providing,Current,5151955,5151958,0.78097366666667,0,0
"2026-06-04 15:00:00","2026-06-04 16:00:00",Nederland,Wind,Hour,UTC,Providing,Current,5708389,5708392,0.86531916666667,0,0
"2026-06-04 16:00:00","2026-06-04 17:00:00",Nederland,Wind,Hour,UTC,Providing,Current,5670894,5670896,0.85963133333333,0,0
"2026-06-04 17:00:00","2026-06-04 18:00:00",Nederland,Wind,Hour,UTC,Providing,Current,5494456,5494457,0.83288216666667,0,0
"2026-06-04 18:00:00","2026-06-04 19:00:00",Nederland,Wind,Hour,UTC,Providing,Current,5104028,5104028,0.77369566666667,0,0
"2026-06-04 19:00:00","2026-06-04 20:00:00",Nederland,Wind,Hour,UTC,Providing,Current,4586293,4586294,0.69521183333333,0,0
"2026-06-04 20:00:00","2026-06-04 21:00:00",Nederland,Wind,Hour,UTC,Providing,Current,4184821,4184819,0.63435233333333,0,0
"2026-06-04 21:00:00","2026-06-04 22:00:00",Nederland,Wind,Hour,UTC,Providing,Current,4154794,4154794,0.629798,0,0
"2026-06-04 22:00:00","2026-06-04 23:00:00",Nederland,Wind,Hour,UTC,Providing,Current,3983819,3983817,0.60387883333333,0,0
"2026-06-04 23:00:00","2026-06-05 00:00:00",Nederland,Wind,Hour,UTC,Providing,Current,3703699,3703699,0.56141516666667,0,0
"2026-06-05 00:00:00","2026-06-05 01:00:00",Nederland,Wind,Hour,UTC,Providing,Current,3550478,3550477,0.538187,0,0
"2026-06-05 01:00:00","2026-06-05 02:00:00",Nederland,Wind,Hour,UTC,Providing,Current,3448777,3448777,0.52276916666667,0,0
"2026-06-05 02:00:00","2026-06-05 03:00:00",Nederland,Wind,Hour,UTC,Providing,Current,3350107,3350106,0.50781066666667,0,0
"2026-06-05 03:00:00","2026-06-05 04:00:00",Nederland,Wind,Hour,UTC,Providing,Current,3232187,3232188,0.48993416666667,0,0
"2026-06-05 04:00:00","2026-06-05 05:00:00",Nederland,Wind,Hour,UTC,Providing,Current,3178991,3178993,0.48186883333333,0,0
"2026-06-05 05:00:00","2026-06-05 06:00:00",Nederland,Wind,Hour,UTC,Providing,Current,3003600,3003597,0.4552815,0,0
"2026-06-05 06:00:00","2026-06-05 07:00:00",Nederland,Wind,Hour,UTC,Providing,Current,2889855,2889856,0.43803783333333,0,0
"2026-06-05 07:00:00","2026-06-05 08:00:00",Nederland,Wind,Hour,UTC,Providing,Current,2987923,2987921,0.45290133333333,0,0
"2026-06-05 08:00:00","2026-06-05 09:00:00",Nederland,Wind,Hour,UTC,Providing,Current,3158889,3158887,0.47881383333333,0,0
"2026-06-05 09:00:00","2026-06-05 10:00:00",Nederland,Wind,Hour,UTC,Providing,Current,3120410,3120412,0.4729795,0,0
"2026-06-05 10:00:00","2026-06-05 11:00:00",Nederland,Wind,Hour,UTC,Providing,Current,2774749,2774755,0.420584,0,0
"2026-06-05 11:00:00","2026-06-05 12:00:00",Nederland,Wind,Hour,UTC,Providing,Current,2604138,2604143,0.39472166666667,0,0
"2026-06-05 12:00:00","2026-06-05 13:00:00",Nederland,Wind,Hour,UTC,Providing,Current,2504706,2504705,0.37964883333333,0,0
"2026-06-05 13:00:00","2026-06-05 14:00:00",Nederland,Wind,Hour,UTC,Providing,Current,2449511,2449505,0.371281,0,0
"2026-06-05 14:00:00","2026-06-05 15:00:00",Nederland,Wind,Hour,UTC,Providing,Current,2191111,2191111,0.33211316666667,0,0
"2026-06-05 15:00:00","2026-06-05 16:00:00",Nederland,Wind,Hour,UTC,Providing,Current,1973805,1973807,0.29917416666667,0,0
"2026-06-05 16:00:00","2026-06-05 17:00:00",Nederland,Wind,Hour,UTC,Providing,Current,1569248,1569251,0.23785366666667,0,0
"2026-06-05 17:00:00","2026-06-05 18:00:00",Nederland,Wind,Hour,UTC,Providing,Current,1198559,1198564,0.18166683333333,0,0
"2026-06-05 18:00:00","2026-06-05 19:00:00",Nederland,Wind,Hour,UTC,Providing,Current,552455,552459,0.08373605,0,0
"2026-06-05 19:00:00","2026-06-05 20:00:00",Nederland,Wind,Hour,UTC,Providing,Current,154065,154067,0.023351583333333,0,0
"2026-06-05 20:00:00","2026-06-05 21:00:00",Nederland,Wind,Hour,UTC,Providing,Current,77829,77830,0.01179651,0,0
"2026-06-05 21:00:00","2026-06-05 22:00:00",Nederland,Wind,Hour,UTC,Providing,Current,96147,96148,0.014572893333333,0,0
"2026-06-05 22:00:00","2026-06-05 23:00:00",Nederland,Wind,Hour,UTC,Providing,Current,106834,106834,0.01619265,0,0
"2026-06-05 23:00:00","2026-06-06 00:00:00",Nederland,Wind,Hour,UTC,Providing,Current,118702,118702,0.017991466666667,0,0
"2026-06-06 00:00:00","2026-06-06 01:00:00",Nederland,Wind,Hour,UTC,Providing,Current,170195,170195,0.025795966666667,0,0
"2026-06-06 01:00:00","2026-06-06 02:00:00",Nederland,Wind,Hour,UTC,Providing,Current,196634,196633,0.029803166666667,0,0
"2026-06-06 02:00:00","2026-06-06 03:00:00",Nederland,Wind,Hour,UTC,Providing,Current,255283,255284,0.038692166666667,0,0
"2026-06-06 03:00:00","2026-06-06 04:00:00",Nederland,Wind,Hour,UTC,Providing,Current,323786,323785,0.049074616666667,0,0
"2026-06-06 04:00:00","2026-06-06 05:00:00",Nederland,Wind,Hour,UTC,Providing,Current,334466,334468,0.050693133333333,0,0
"2026-06-06 05:00:00","2026-06-06 06:00:00",Nederland,Wind,Hour,UTC,Providing,Current,495866,495870,0.07515525,0,0
"2026-06-06 06:00:00","2026-06-06 07:00:00",Nederland,Wind,Hour,UTC,Providing,Current,795765,795766,0.1206084,0,0
"2026-06-06 07:00:00","2026-06-06 08:00:00",Nederland,Wind,Hour,UTC,Providing,Current,1294610,1294608,0.196214,0,0
"2026-06-06 08:00:00","2026-06-06 09:00:00",Nederland,Wind,Hour,UTC,Providing,Current,1981085,1981086,0.30025666666667,0,0
"2026-06-06 09:00:00","2026-06-06 10:00:00",Nederland,Wind,Hour,UTC,Providing,Current,2743263,2743261,0.415772,0,0
"2026-06-06 10:00:00","2026-06-06 11:00:00",Nederland,Wind,Hour,UTC,Providing,Current,3242336,3242332,0.49141016666667,0,0
"2026-06-06 11:00:00","2026-06-06 12:00:00",Nederland,Wind,Hour,UTC,Providing,Current,3572314,3572316,0.5414195,0,0
"2026-06-06 12:00:00","2026-06-06 13:00:00",Nederland,Wind,Hour,UTC,Providing,Current,3280260,3280261,0.49715383333333,0,0
"2026-06-06 13:00:00","2026-06-06 14:00:00",Nederland,Wind,Hour,UTC,Providing,Current,2735562,2735561,0.414598,0,0
"2026-06-06 14:00:00","2026-06-06 15:00:00",Nederland,Wind,Hour,UTC,Providing,Current,2164062,2164065,0.327981,0,0
"2026-06-06 15:00:00","2026-06-06 16:00:00",Nederland,Wind,Hour,UTC,Providing,Current,2202483,2202484,0.33380266666667,0,0
"2026-06-06 16:00:00","2026-06-06 17:00:00",Nederland,Wind,Hour,UTC,Providing,Current,2310361,2310364,0.35015083333333,0,0
"2026-06-06 17:00:00","2026-06-06 18:00:00",Nederland,Wind,Hour,UTC,Providing,Current,2384180,2384185,0.361337,0,0
"2026-06-06 18:00:00","2026-06-06 19:00:00",Nederland,Wind,Hour,UTC,Providing,Current,2705907,2705908,0.41009533333333,0,0
"2026-06-06 19:00:00","2026-06-06 20:00:00",Nederland,Wind,Hour,UTC,Providing,Current,2917800,2917800,0.44220683333333,0,0
"2026-06-06 20:00:00","2026-06-06 21:00:00",Nederland,Wind,Hour,UTC,Providing,Current,2786504,2786506,0.42230683333333,0,0
"2026-06-06 21:00:00","2026-06-06 22:00:00",Nederland,Wind,Hour,UTC,Providing,Current,3214140,3214141,0.48711466666667,0,0
"2026-06-06 22:00:00","2026-06-06 23:00:00",Nederland,Wind,Hour,UTC,Providing,Current,3664640,3664644,0.55538733333333,0,0
"2026-06-06 23:00:00","2026-06-07 00:00:00",Nederland,Wind,Hour,UTC,Providing,Current,4477070,4477069,0.67851083333333,0,0
"2026-06-07 00:00:00","2026-06-07 01:00:00",Nederland,Wind,Hour,UTC,Providing,Current,4937553,4937557,0.748295,0,0
"2026-06-07 01:00:00","2026-06-07 02:00:00",Nederland,Wind,Hour,UTC,Providing,Current,5324099,5324104,0.80687333333333,0,0
"2026-06-07 02:00:00","2026-06-07 03:00:00",Nederland,Wind,Hour,UTC,Providing,Current,5645183,5645185,0.85553033333333,0,0
"2026-06-07 03:00:00","2026-06-07 04:00:00",Nederland,Wind,Hour,UTC,Providing,Current,5554154,5554153,0.8417315,0,0
"2026-06-07 04:00:00","2026-06-07 05:00:00",Nederland,Wind,Hour,UTC,Providing,Current,5052122,5052127,0.7656455,0,0
"2026-06-07 05:00:00","2026-06-07 06:00:00",Nederland,Wind,Hour,UTC,Providing,Current,4433480,4433476,0.67188816666667,0,0
"2026-06-07 06:00:00","2026-06-07 07:00:00",Nederland,Wind,Hour,UTC,Providing,Current,4510175,4510177,0.68350816666667,0,0
"2026-06-07 07:00:00","2026-06-07 08:00:00",Nederland,Wind,Hour,UTC,Providing,Current,4693555,4693556,0.71129616666667,0,0
"2026-06-07 08:00:00","2026-06-07 09:00:00",Nederland,Wind,Hour,UTC,Providing,Current,4742420,4742421,0.71869883333333,0,0
"2026-06-07 09:00:00","2026-06-07 10:00:00",Nederland,Wind,Hour,UTC,Providing,Current,4670012,4670013,0.70772266666667,0,0
"2026-06-07 10:00:00","2026-06-07 11:00:00",Nederland,Wind,Hour,UTC,Providing,Current,4675799,4675800,0.7085965,0,0
"2026-06-07 11:00:00","2026-06-07 12:00:00",Nederland,Wind,Hour,UTC,Providing,Current,4509112,4509118,0.68333316666667,0,0
"2026-06-07 12:00:00","2026-06-07 13:00:00",Nederland,Wind,Hour,UTC,Providing,Current,4880125,4880127,0.73955516666667,0,0
"2026-06-07 13:00:00","2026-06-07 14:00:00",Nederland,Wind,Hour,UTC,Providing,Current,4905332,4905334,0.74337233333333,0,0
"2026-06-07 14:00:00","2026-06-07 15:00:00",Nederland,Wind,Hour,UTC,Providing,Current,4916932,4916932,0.74512716666667,0,0
"2026-06-07 15:00:00","2026-06-07 16:00:00",Nederland,Wind,Hour,UTC,Providing,Current,4751262,4751261,0.720018,0,0
"2026-06-07 16:00:00","2026-06-07 17:00:00",Nederland,Wind,Hour,UTC,Providing,Current,4252888,4252888,0.6444905,0,0
"2026-06-07 17:00:00","2026-06-07 18:00:00",Nederland,Wind,Hour,UTC,Providing,Current,3270617,3270617,0.49563333333333,0,0
"2026-06-07 18:00:00","2026-06-07 19:00:00",Nederland,Wind,Hour,UTC,Providing,Current,2313140,2313143,0.35053466666667,0,0
"2026-06-07 19:00:00","2026-06-07 20:00:00",Nederland,Wind,Hour,UTC,Providing,Current,1417547,1417551,0.214815,0,0
"2026-06-07 20:00:00","2026-06-07 21:00:00",Nederland,Wind,Hour,UTC,Providing,Current,811420,811419,0.12296216666667,0,0
"2026-06-07 21:00:00","2026-06-07 22:00:00",Nederland,Wind,Hour,UTC,Providing,Current,554864,554867,0.084083483333333,0,0
"2026-06-07 22:00:00","2026-06-07 23:00:00",Nederland,Wind,Hour,UTC,Providing,Current,441829,441828,0.066954,0,0
"2026-06-07 23:00:00","2026-06-08 00:00:00",Nederland,Wind,Hour,UTC,Providing,Current,480838,480835,0.072864983333333,0,0
"2026-06-08 00:00:00","2026-06-08 01:00:00",Nederland,Wind,Hour,UTC,Providing,Current,666526,666523,0.10100333333333,0,0
"2026-06-08 01:00:00","2026-06-08 02:00:00",Nederland,Wind,Hour,UTC,Providing,Current,838127,838129,0.12700666666667,0,0
"2026-06-08 02:00:00","2026-06-08 03:00:00",Nederland,Wind,Hour,UTC,Providing,Current,878282,878278,0.133091,0,0
"2026-06-08 03:00:00","2026-06-08 04:00:00",Nederland,Wind,Hour,UTC,Providing,Current,767574,767574,0.11631433333333,0,0
"2026-06-08 04:00:00","2026-06-08 05:00:00",Nederland,Wind,Hour,UTC,Providing,Current,644600,644605,0.097679116666667,0,0
"2026-06-08 05:00:00","2026-06-08 06:00:00",Nederland,Wind,Hour,UTC,Providing,Current,744377,744374,0.11279816666667,0,0
"2026-06-08 06:00:00","2026-06-08 07:00:00",Nederland,Wind,Hour,UTC,Providing,Current,872376,872372,0.13219383333333,0,0
"2026-06-08 07:00:00","2026-06-08 08:00:00",Nederland,Wind,Hour,UTC,Providing,Current,1101156,1101156,0.166861,0,0
"2026-06-08 08:00:00","2026-06-08 09:00:00",Nederland,Wind,Hour,UTC,Providing,Current,1257957,1257954,0.19062033333333,0,0
"2026-06-08 09:00:00","2026-06-08 10:00:00",Nederland,Wind,Hour,UTC,Providing,Current,1298830,1298831,0.19681333333333,0,0
"2026-06-08 10:00:00","2026-06-08 11:00:00",Nederland,Wind,Hour,UTC,Providing,Current,1346219,1346215,0.20399333333333,0,0
"2026-06-08 11:00:00","2026-06-08 12:00:00",Nederland,Wind,Hour,UTC,Providing,Current,1253606,1253606,0.18995866666667,0,0
"2026-06-08 12:00:00","2026-06-08 13:00:00",Nederland,Wind,Hour,UTC,Providing,Current,1165748,1165749,0.17664516666667,0,0
"2026-06-08 13:00:00","2026-06-08 14:00:00",Nederland,Wind,Hour,UTC,Providing,Current,1333505,1333506,0.2020645,0,0
"2026-06-08 14:00:00","2026-06-08 15:00:00",Nederland,Wind,Hour,UTC,Providing,Current,1564377,1564376,0.23704733333333,0,0
"2026-06-08 15:00:00","2026-06-08 16:00:00",Nederland,Wind,Hour,UTC,Providing,Current,1591636,1591637,0.24117666666667,0,0
"2026-06-08 16:00:00","2026-06-08 17:00:00",Nederland,Wind,Hour,UTC,Providing,Current,1316230,1316232,0.19944416666667,0,0
"2026-06-08 17:00:00","2026-06-08 18:00:00",Nederland,Wind,Hour,UTC,Providing,Current,1402975,1402969,0.21258783333333,0,0
"2026-06-08 18:00:00","2026-06-08 19:00:00",Nederland,Wind,Hour,UTC,Providing,Current,1641428,1641432,0.2487185,0,0
"2026-06-08 19:00:00","2026-06-08 20:00:00",Nederland,Wind,Hour,UTC,Providing,Current,1355789,1355790,0.20543616666667,0,0
"2026-06-08 20:00:00","2026-06-08 21:00:00",Nederland,Wind,Hour,UTC,Providing,Current,1589357,1589355,0.24082666666667,0,0
"2026-06-08 21:00:00","2026-06-08 22:00:00",Nederland,Wind,Hour,UTC,Providing,Current,1439818,1439820,0.218167,0,0
"2026-06-08 22:00:00","2026-06-08 23:00:00",Nederland,Wind,Hour,UTC,Providing,Current,1172623,1172622,0.17767966666667,0,0
"2026-06-08 23:00:00","2026-06-09 00:00:00",Nederland,Wind,Hour,UTC,Providing,Current,1514345,1514341,0.22945766666667,0,0
"2026-06-09 00:00:00","2026-06-09 01:00:00",Nederland,Wind,Hour,UTC,Providing,Current,1767862,1767864,0.26787,0,0
"2026-06-09 01:00:00","2026-06-09 02:00:00",Nederland,Wind,Hour,UTC,Providing,Current,1674987,1674989,0.2537965,0,0
"2026-06-09 02:00:00","2026-06-09 03:00:00",Nederland,Wind,Hour,UTC,Providing,Current,1539069,1539067,0.23320083333333,0,0
"2026-06-09 03:00:00","2026-06-09 04:00:00",Nederland,Wind,Hour,UTC,Providing,Current,1433583,1433582,0.21721666666667,0,0
"2026-06-09 04:00:00","2026-06-09 05:00:00",Nederland,Wind,Hour,UTC,Providing,Current,1179760,1179760,0.17875683333333,0,0
"2026-06-09 05:00:00","2026-06-09 06:00:00",Nederland,Wind,Hour,UTC,Providing,Current,1287513,1287513,0.1950825,0,0
"2026-06-09 06:00:00","2026-06-09 07:00:00",Nederland,Wind,Hour,UTC,Providing,Current,2100574,2100574,0.31827516666667,0,0
"2026-06-09 07:00:00","2026-06-09 08:00:00",Nederland,Wind,Hour,UTC,Providing,Current,3360416,3360416,0.50916233333333,0,0
"2026-06-09 08:00:00","2026-06-09 09:00:00",Nederland,Wind,Hour,UTC,Providing,Current,4113854,4113855,0.62331883333333,0,0
"2026-06-09 09:00:00","2026-06-09 10:00:00",Nederland,Wind,Hour,UTC,Providing,Current,4695303,4695307,0.7114155,0,0
"2026-06-09 10:00:00","2026-06-09 11:00:00",Nederland,Wind,Hour,UTC,Providing,Current,5592627,5592628,0.8473715,0,0
"2026-06-09 11:00:00","2026-06-09 12:00:00",Nederland,Wind,Hour,UTC,Providing,Current,5907707,5907707,0.895107,0,0
"2026-06-09 12:00:00","2026-06-09 13:00:00",Nederland,Wind,Hour,UTC,Providing,Current,5786955,5786953,0.87680783333333,0,0
"2026-06-09 13:00:00","2026-06-09 14:00:00",Nederland,Wind,Hour,UTC,Providing,Current,5554397,5554395,0.84156833333333,0,0
"2026-06-09 14:00:00","2026-06-09 15:00:00",Nederland,Wind,Hour,UTC,Providing,Current,5523239,5523242,0.83684416666667,0,0
"2026-06-09 15:00:00","2026-06-09 16:00:00",Nederland,Wind,Hour,UTC,Providing,Current,5247674,5247675,0.795089,0,0
"2026-06-09 16:00:00","2026-06-09 17:00:00",Nederland,Wind,Hour,UTC,Providing,Current,4714339,4714333,0.714279,0,0
"2026-06-09 17:00:00","2026-06-09 18:00:00",Nederland,Wind,Hour,UTC,Providing,Current,3631982,3631981,0.55028683333333,0,0
"2026-06-09 18:00:00","2026-06-09 19:00:00",Nederland,Wind,Hour,UTC,Providing,Current,3328123,3328125,0.50424683333333,0,0
"2026-06-09 19:00:00","2026-06-09 20:00:00",Nederland,Wind,Hour,UTC,Providing,Current,2571223,2571222,0.3895665,0,0
"2026-06-09 20:00:00","2026-06-09 21:00:00",Nederland,Wind,Hour,UTC,Providing,Current,2176751,2176749,0.32979866666667,0,0
"2026-06-09 21:00:00","2026-06-09 22:00:00",Nederland,Wind,Hour,UTC,Providing,Current,1784697,1784699,0.27039766666667,0,0
