point,type,granularity,capacity (kW),volume (kWh),emission (kg CO2),emissionfactor (kg CO2/kWh),validfrom (UTC),validto (UTC),lastupdate (UTC)
Nederland,ElectricityLoad,Hour,10695758,10695758,0,0,31/12/2024 23:00,01/01/2025 00:00,02/05/2025 06:36
Nederland,ElectricityLoad,Hour,10148117,10148117,0,0,01/01/2025 00:00,01/01/2025 01:00,03/05/2025 06:36
Nederland,ElectricityLoad,Hour,8870211,8870211,0,0,01/01/2025 01:00,01/01/2025 02:00,03/05/2025 06:36
Nederland,ElectricityLoad,Hour,8503610,8503610,0,0,01/01/2025 02:00,01/01/2025 03:00,03/05/2025 06:36
Nederland,ElectricityLoad,Hour,8340211,8340211,0,0,01/01/2025 03:00,01/01/2025 04:00,03/05/2025 06:36
Nederland,ElectricityLoad,Hour,8537156,8537156,0,0,01/01/2025 04:00,01/01/2025 05:00,03/05/2025 06:36
Nederland,ElectricityLoad,Hour,8839218,8839218,0,0,01/01/2025 05:00,01/01/2025 06:00,03/05/2025 06:36
Nederland,ElectricityLoad,Hour,9920196,9920196,0,0,01/01/2025 06:00,01/01/2025 07:00,03/05/2025 06:36
Nederland,ElectricityLoad,Hour,9950342,9950342,0,0,01/01/2025 07:00,01/01/2025 08:00,03/05/2025 06:36
Nederland,ElectricityLoad,Hour,10521307,10521307,0,0,01/01/2025 08:00,01/01/2025 09:00,03/05/2025 06:36
Nederland,ElectricityLoad,Hour,11491160,11491160,0,0,01/01/2025 09:00,01/01/2025 10:00,03/05/2025 06:36
Nederland,ElectricityLoad,Hour,12202409,12202409,0,0,01/01/2025 10:00,01/01/2025 11:00,03/05/2025 06:36
Nederland,ElectricityLoad,Hour,12265517,12265517,0,0,01/01/2025 11:00,01/01/2025 12:00,03/05/2025 06:36
Nederland,ElectricityLoad,Hour,12262014,12262014,0,0,01/01/2025 12:00,01/01/2025 13:00,03/05/2025 06:36
Nederland,ElectricityLoad,Hour,12768985,12768985,0,0,01/01/2025 13:00,01/01/2025 14:00,03/05/2025 06:36
Nederland,ElectricityLoad,Hour,12487295,12487295,0,0,01/01/2025 14:00,01/01/2025 15:00,03/05/2025 06:36
Nederland,ElectricityLoad,Hour,13445413,13445413,0,0,01/01/2025 15:00,01/01/2025 16:00,03/05/2025 06:36
Nederland,ElectricityLoad,Hour,13909760,13909760,0,0,01/01/2025 16:00,01/01/2025 17:00,03/05/2025 06:36
Nederland,ElectricityLoad,Hour,12725203,12725203,0,0,01/01/2025 17:00,01/01/2025 18:00,03/05/2025 06:36
Nederland,ElectricityLoad,Hour,12092752,12092752,0,0,01/01/2025 18:00,01/01/2025 19:00,03/05/2025 06:36
Nederland,ElectricityLoad,Hour,11967959,11967959,0,0,01/01/2025 19:00,01/01/2025 20:00,03/05/2025 06:36
Nederland,ElectricityLoad,Hour,12315177,12315177,0,0,01/01/2025 20:00,01/01/2025 21:00,03/05/2025 06:36
Nederland,ElectricityLoad,Hour,12050387,12050387,0,0,01/01/2025 21:00,01/01/2025 22:00,03/05/2025 06:36
Nederland,ElectricityLoad,Hour,11770563,11770563,0,0,01/01/2025 22:00,01/01/2025 23:00,03/05/2025 06:36
Nederland,ElectricityLoad,Hour,11537561,11537561,0,0,01/01/2025 23:00,02/01/2025 00:00,03/05/2025 06:36
Nederland,ElectricityLoad,Hour,10973342,10973342,0,0,02/01/2025 00:00,02/01/2025 01:00,04/05/2025 06:36
Nederland,ElectricityLoad,Hour,8844722,8844722,0,0,02/01/2025 01:00,02/01/2025 02:00,04/05/2025 06:36
Nederland,ElectricityLoad,Hour,8345928,8345928,0,0,02/01/2025 02:00,02/01/2025 03:00,04/05/2025 06:36
Nederland,ElectricityLoad,Hour,8471800,8471800,0,0,02/01/2025 03:00,02/01/2025 04:00,04/05/2025 06:36
Nederland,ElectricityLoad,Hour,8951531,8951531,0,0,02/01/2025 04:00,02/01/2025 05:00,04/05/2025 06:36
Nederland,ElectricityLoad,Hour,9961031,9961031,0,0,02/01/2025 05:00,02/01/2025 06:00,04/05/2025 06:36
Nederland,ElectricityLoad,Hour,11445184,11445184,0,0,02/01/2025 06:00,02/01/2025 07:00,04/05/2025 06:36
Nederland,ElectricityLoad,Hour,12789642,12789642,0,0,02/01/2025 07:00,02/01/2025 08:00,04/05/2025 06:36
Nederland,ElectricityLoad,Hour,13724865,13724865,0,0,02/01/2025 08:00,02/01/2025 09:00,04/05/2025 06:36
Nederland,ElectricityLoad,Hour,14693991,14693991,0,0,02/01/2025 09:00,02/01/2025 10:00,04/05/2025 06:36
Nederland,ElectricityLoad,Hour,15556193,15556193,0,0,02/01/2025 10:00,02/01/2025 11:00,04/05/2025 06:36
Nederland,ElectricityLoad,Hour,16771983,16771983,0,0,02/01/2025 11:00,02/01/2025 12:00,04/05/2025 06:36
Nederland,ElectricityLoad,Hour,16776233,16776233,0,0,02/01/2025 12:00,02/01/2025 13:00,04/05/2025 06:36
Nederland,ElectricityLoad,Hour,16007490,16007490,0,0,02/01/2025 13:00,02/01/2025 14:00,04/05/2025 06:36
Nederland,ElectricityLoad,Hour,14681966,14681966,0,0,02/01/2025 14:00,02/01/2025 15:00,04/05/2025 06:36
Nederland,ElectricityLoad,Hour,13941571,13941571,0,0,02/01/2025 15:00,02/01/2025 16:00,04/05/2025 06:36
Nederland,ElectricityLoad,Hour,14115056,14115056,0,0,02/01/2025 16:00,02/01/2025 17:00,04/05/2025 06:36
Nederland,ElectricityLoad,Hour,13530672,13530672,0,0,02/01/2025 17:00,02/01/2025 18:00,04/05/2025 06:36
Nederland,ElectricityLoad,Hour,12829342,12829342,0,0,02/01/2025 18:00,02/01/2025 19:00,04/05/2025 06:36
Nederland,ElectricityLoad,Hour,12610111,12610111,0,0,02/01/2025 19:00,02/01/2025 20:00,04/05/2025 06:36
Nederland,ElectricityLoad,Hour,11867080,11867080,0,0,02/01/2025 20:00,02/01/2025 21:00,04/05/2025 06:36
Nederland,ElectricityLoad,Hour,10630816,10630816,0,0,02/01/2025 21:00,02/01/2025 22:00,04/05/2025 06:36
Nederland,ElectricityLoad,Hour,9800729,9800729,0,0,02/01/2025 22:00,02/01/2025 23:00,04/05/2025 06:36
Nederland,ElectricityLoad,Hour,9506287,9506287,0,0,02/01/2025 23:00,03/01/2025 00:00,04/05/2025 06:36
Nederland,ElectricityLoad,Hour,9183506,9183506,0,0,03/01/2025 00:00,03/01/2025 01:00,05/05/2025 06:36
Nederland,ElectricityLoad,Hour,9207093,9207093,0,0,03/01/2025 01:00,03/01/2025 02:00,05/05/2025 06:36
Nederland,ElectricityLoad,Hour,8874564,8874564,0,0,03/01/2025 02:00,03/01/2025 03:00,05/05/2025 06:36
Nederland,ElectricityLoad,Hour,8859011,8859011,0,0,03/01/2025 03:00,03/01/2025 04:00,05/05/2025 06:36
Nederland,ElectricityLoad,Hour,9338907,9338907,0,0,03/01/2025 04:00,03/01/2025 05:00,05/05/2025 06:36
Nederland,ElectricityLoad,Hour,10793666,10793666,0,0,03/01/2025 05:00,03/01/2025 06:00,05/05/2025 06:36
Nederland,ElectricityLoad,Hour,12426614,12426614,0,0,03/01/2025 06:00,03/01/2025 07:00,05/05/2025 06:36
Nederland,ElectricityLoad,Hour,13407324,13407324,0,0,03/01/2025 07:00,03/01/2025 08:00,05/05/2025 06:36
Nederland,ElectricityLoad,Hour,14440506,14440506,0,0,03/01/2025 08:00,03/01/2025 09:00,05/05/2025 06:36
Nederland,ElectricityLoad,Hour,16528858,16528858,0,0,03/01/2025 09:00,03/01/2025 10:00,05/05/2025 06:36
Nederland,ElectricityLoad,Hour,17736938,17736938,0,0,03/01/2025 10:00,03/01/2025 11:00,05/05/2025 06:36
Nederland,ElectricityLoad,Hour,17414590,17414590,0,0,03/01/2025 11:00,03/01/2025 12:00,05/05/2025 06:36
Nederland,ElectricityLoad,Hour,16250598,16250598,0,0,03/01/2025 12:00,03/01/2025 13:00,05/05/2025 06:36
Nederland,ElectricityLoad,Hour,16371780,16371780,0,0,03/01/2025 13:00,03/01/2025 14:00,05/05/2025 06:36
Nederland,ElectricityLoad,Hour,16051842,16051842,0,0,03/01/2025 14:00,03/01/2025 15:00,05/05/2025 06:36
Nederland,ElectricityLoad,Hour,15393830,15393830,0,0,03/01/2025 15:00,03/01/2025 16:00,05/05/2025 06:36
Nederland,ElectricityLoad,Hour,15144057,15144057,0,0,03/01/2025 16:00,03/01/2025 17:00,05/05/2025 06:36
Nederland,ElectricityLoad,Hour,14003172,14003172,0,0,03/01/2025 17:00,03/01/2025 18:00,05/05/2025 06:36
Nederland,ElectricityLoad,Hour,13426094,13426094,0,0,03/01/2025 18:00,03/01/2025 19:00,05/05/2025 06:36
Nederland,ElectricityLoad,Hour,12530093,12530093,0,0,03/01/2025 19:00,03/01/2025 20:00,05/05/2025 06:36
Nederland,ElectricityLoad,Hour,11899088,11899088,0,0,03/01/2025 20:00,03/01/2025 21:00,05/05/2025 06:36
Nederland,ElectricityLoad,Hour,11253372,11253372,0,0,03/01/2025 21:00,03/01/2025 22:00,05/05/2025 06:36
Nederland,ElectricityLoad,Hour,10228927,10228927,0,0,03/01/2025 22:00,03/01/2025 23:00,05/05/2025 06:36
Nederland,ElectricityLoad,Hour,10107082,10107082,0,0,03/01/2025 23:00,04/01/2025 00:00,05/05/2025 06:36
Nederland,ElectricityLoad,Hour,9559573,9559573,0,0,04/01/2025 00:00,04/01/2025 01:00,06/05/2025 06:36
Nederland,ElectricityLoad,Hour,9497648,9497648,0,0,04/01/2025 01:00,04/01/2025 02:00,06/05/2025 06:36
Nederland,ElectricityLoad,Hour,9457452,9457452,0,0,04/01/2025 02:00,04/01/2025 03:00,06/05/2025 06:36
Nederland,ElectricityLoad,Hour,9497357,9497357,0,0,04/01/2025 03:00,04/01/2025 04:00,06/05/2025 06:36
Nederland,ElectricityLoad,Hour,9562255,9562255,0,0,04/01/2025 04:00,04/01/2025 05:00,06/05/2025 06:36
Nederland,ElectricityLoad,Hour,9810269,9810269,0,0,04/01/2025 05:00,04/01/2025 06:00,06/05/2025 06:36
Nederland,ElectricityLoad,Hour,10260431,10260431,0,0,04/01/2025 06:00,04/01/2025 07:00,06/05/2025 06:36
Nederland,ElectricityLoad,Hour,11184094,11184094,0,0,04/01/2025 07:00,04/01/2025 08:00,06/05/2025 06:36
Nederland,ElectricityLoad,Hour,12307728,12307728,0,0,04/01/2025 08:00,04/01/2025 09:00,06/05/2025 06:36
Nederland,ElectricityLoad,Hour,13340733,13340733,0,0,04/01/2025 09:00,04/01/2025 10:00,06/05/2025 06:36
Nederland,ElectricityLoad,Hour,14338425,14338425,0,0,04/01/2025 10:00,04/01/2025 11:00,06/05/2025 06:36
Nederland,ElectricityLoad,Hour,15103606,15103606,0,0,04/01/2025 11:00,04/01/2025 12:00,06/05/2025 06:36
Nederland,ElectricityLoad,Hour,15881272,15881272,0,0,04/01/2025 12:00,04/01/2025 13:00,06/05/2025 06:36
Nederland,ElectricityLoad,Hour,15293319,15293319,0,0,04/01/2025 13:00,04/01/2025 14:00,06/05/2025 06:36
Nederland,ElectricityLoad,Hour,14542299,14542299,0,0,04/01/2025 14:00,04/01/2025 15:00,06/05/2025 06:36
Nederland,ElectricityLoad,Hour,13871344,13871344,0,0,04/01/2025 15:00,04/01/2025 16:00,06/05/2025 06:36
Nederland,ElectricityLoad,Hour,13875614,13875614,0,0,04/01/2025 16:00,04/01/2025 17:00,06/05/2025 06:36
Nederland,ElectricityLoad,Hour,13409492,13409492,0,0,04/01/2025 17:00,04/01/2025 18:00,06/05/2025 06:36
Nederland,ElectricityLoad,Hour,12554519,12554519,0,0,04/01/2025 18:00,04/01/2025 19:00,06/05/2025 06:36
Nederland,ElectricityLoad,Hour,11901202,11901202,0,0,04/01/2025 19:00,04/01/2025 20:00,06/05/2025 06:36
Nederland,ElectricityLoad,Hour,11259432,11259432,0,0,04/01/2025 20:00,04/01/2025 21:00,06/05/2025 06:36
Nederland,ElectricityLoad,Hour,10757676,10757676,0,0,04/01/2025 21:00,04/01/2025 22:00,06/05/2025 06:36
Nederland,ElectricityLoad,Hour,10112849,10112849,0,0,04/01/2025 22:00,04/01/2025 23:00,06/05/2025 06:36
Nederland,ElectricityLoad,Hour,9809180,9809180,0,0,04/01/2025 23:00,05/01/2025 00:00,06/05/2025 06:36
Nederland,ElectricityLoad,Hour,9149277,9149277,0,0,05/01/2025 00:00,05/01/2025 01:00,07/05/2025 06:36
Nederland,ElectricityLoad,Hour,8760798,8760798,0,0,05/01/2025 01:00,05/01/2025 02:00,07/05/2025 06:36
Nederland,ElectricityLoad,Hour,8776256,8776256,0,0,05/01/2025 02:00,05/01/2025 03:00,07/05/2025 06:36
Nederland,ElectricityLoad,Hour,9318410,9318410,0,0,05/01/2025 03:00,05/01/2025 04:00,07/05/2025 06:36
Nederland,ElectricityLoad,Hour,9816859,9816859,0,0,05/01/2025 04:00,05/01/2025 05:00,07/05/2025 06:36
Nederland,ElectricityLoad,Hour,10886094,10886094,0,0,05/01/2025 05:00,05/01/2025 06:00,07/05/2025 06:36
Nederland,ElectricityLoad,Hour,12062896,12062896,0,0,05/01/2025 06:00,05/01/2025 07:00,07/05/2025 06:36
Nederland,ElectricityLoad,Hour,13216424,13216424,0,0,05/01/2025 07:00,05/01/2025 08:00,07/05/2025 06:36
Nederland,ElectricityLoad,Hour,14352117,14352117,0,0,05/01/2025 08:00,05/01/2025 09:00,07/05/2025 06:36
Nederland,ElectricityLoad,Hour,15206747,15206747,0,0,05/01/2025 09:00,05/01/2025 10:00,07/05/2025 06:36
Nederland,ElectricityLoad,Hour,16032170,16032170,0,0,05/01/2025 10:00,05/01/2025 11:00,07/05/2025 06:36
Nederland,ElectricityLoad,Hour,16181882,16181882,0,0,05/01/2025 11:00,05/01/2025 12:00,07/05/2025 06:36
Nederland,ElectricityLoad,Hour,15607889,15607889,0,0,05/01/2025 12:00,05/01/2025 13:00,07/05/2025 06:36
Nederland,ElectricityLoad,Hour,14876166,14876166,0,0,05/01/2025 13:00,05/01/2025 14:00,07/05/2025 06:36
Nederland,ElectricityLoad,Hour,13745796,13745796,0,0,05/01/2025 14:00,05/01/2025 15:00,07/05/2025 06:36
Nederland,ElectricityLoad,Hour,12903408,12903408,0,0,05/01/2025 15:00,05/01/2025 16:00,07/05/2025 06:36
Nederland,ElectricityLoad,Hour,13446424,13446424,0,0,05/01/2025 16:00,05/01/2025 17:00,07/05/2025 06:36
Nederland,ElectricityLoad,Hour,13350405,13350405,0,0,05/01/2025 17:00,05/01/2025 18:00,07/05/2025 06:36
Nederland,ElectricityLoad,Hour,12787802,12787802,0,0,05/01/2025 18:00,05/01/2025 19:00,07/05/2025 06:36
Nederland,ElectricityLoad,Hour,12314774,12314774,0,0,05/01/2025 19:00,05/01/2025 20:00,07/05/2025 06:36
Nederland,ElectricityLoad,Hour,12245119,12245119,0,0,05/01/2025 20:00,05/01/2025 21:00,07/05/2025 06:36
Nederland,ElectricityLoad,Hour,11957573,11957573,0,0,05/01/2025 21:00,05/01/2025 22:00,07/05/2025 06:36
Nederland,ElectricityLoad,Hour,11270097,11270097,0,0,05/01/2025 22:00,05/01/2025 23:00,07/05/2025 06:36
Nederland,ElectricityLoad,Hour,11087470,11087470,0,0,05/01/2025 23:00,06/01/2025 00:00,07/05/2025 06:36
Nederland,ElectricityLoad,Hour,10843130,10843130,0,0,06/01/2025 00:00,06/01/2025 01:00,08/05/2025 06:36
Nederland,ElectricityLoad,Hour,10665817,10665817,0,0,06/01/2025 01:00,06/01/2025 02:00,08/05/2025 06:36
Nederland,ElectricityLoad,Hour,10617165,10617165,0,0,06/01/2025 02:00,06/01/2025 03:00,08/05/2025 06:36
Nederland,ElectricityLoad,Hour,10592189,10592189,0,0,06/01/2025 03:00,06/01/2025 04:00,08/05/2025 06:36
Nederland,ElectricityLoad,Hour,10984903,10984903,0,0,06/01/2025 04:00,06/01/2025 05:00,08/05/2025 06:36
Nederland,ElectricityLoad,Hour,11821822,11821822,0,0,06/01/2025 05:00,06/01/2025 06:00,08/05/2025 06:36
Nederland,ElectricityLoad,Hour,13288574,13288574,0,0,06/01/2025 06:00,06/01/2025 07:00,08/05/2025 06:36
Nederland,ElectricityLoad,Hour,14482169,14482169,0,0,06/01/2025 07:00,06/01/2025 08:00,08/05/2025 06:36
Nederland,ElectricityLoad,Hour,15256664,15256664,0,0,06/01/2025 08:00,06/01/2025 09:00,08/05/2025 06:36
Nederland,ElectricityLoad,Hour,15969275,15969275,0,0,06/01/2025 09:00,06/01/2025 10:00,08/05/2025 06:36
Nederland,ElectricityLoad,Hour,16419205,16419205,0,0,06/01/2025 10:00,06/01/2025 11:00,08/05/2025 06:36
Nederland,ElectricityLoad,Hour,17038899,17038899,0,0,06/01/2025 11:00,06/01/2025 12:00,08/05/2025 06:36
Nederland,ElectricityLoad,Hour,16640531,16640531,0,0,06/01/2025 12:00,06/01/2025 13:00,08/05/2025 06:36
Nederland,ElectricityLoad,Hour,15074498,15074498,0,0,06/01/2025 13:00,06/01/2025 14:00,08/05/2025 06:36
Nederland,ElectricityLoad,Hour,14073815,14073815,0,0,06/01/2025 14:00,06/01/2025 15:00,08/05/2025 06:36
Nederland,ElectricityLoad,Hour,14079739,14079739,0,0,06/01/2025 15:00,06/01/2025 16:00,08/05/2025 06:36
Nederland,ElectricityLoad,Hour,14183760,14183760,0,0,06/01/2025 16:00,06/01/2025 17:00,08/05/2025 06:36
Nederland,ElectricityLoad,Hour,14249193,14249193,0,0,06/01/2025 17:00,06/01/2025 18:00,08/05/2025 06:36
Nederland,ElectricityLoad,Hour,13692321,13692321,0,0,06/01/2025 18:00,06/01/2025 19:00,08/05/2025 06:36
Nederland,ElectricityLoad,Hour,13080470,13080470,0,0,06/01/2025 19:00,06/01/2025 20:00,08/05/2025 06:36
Nederland,ElectricityLoad,Hour,12852552,12852552,0,0,06/01/2025 20:00,06/01/2025 21:00,08/05/2025 06:36
Nederland,ElectricityLoad,Hour,12118705,12118705,0,0,06/01/2025 21:00,06/01/2025 22:00,08/05/2025 06:36
Nederland,ElectricityLoad,Hour,11432589,11432589,0,0,06/01/2025 22:00,06/01/2025 23:00,08/05/2025 06:36
Nederland,ElectricityLoad,Hour,11576193,11576193,0,0,06/01/2025 23:00,07/01/2025 00:00,08/05/2025 06:36
Nederland,ElectricityLoad,Hour,11400354,11400354,0,0,07/01/2025 00:00,07/01/2025 01:00,09/05/2025 06:36
Nederland,ElectricityLoad,Hour,10938845,10938845,0,0,07/01/2025 01:00,07/01/2025 02:00,09/05/2025 06:36
Nederland,ElectricityLoad,Hour,10798676,10798676,0,0,07/01/2025 02:00,07/01/2025 03:00,09/05/2025 06:36
Nederland,ElectricityLoad,Hour,11206260,11206260,0,0,07/01/2025 03:00,07/01/2025 04:00,09/05/2025 06:36
Nederland,ElectricityLoad,Hour,11723707,11723707,0,0,07/01/2025 04:00,07/01/2025 05:00,09/05/2025 06:36
Nederland,ElectricityLoad,Hour,12597214,12597214,0,0,07/01/2025 05:00,07/01/2025 06:00,09/05/2025 06:36
Nederland,ElectricityLoad,Hour,14208885,14208885,0,0,07/01/2025 06:00,07/01/2025 07:00,09/05/2025 06:36
Nederland,ElectricityLoad,Hour,15865128,15865128,0,0,07/01/2025 07:00,07/01/2025 08:00,09/05/2025 06:36
Nederland,ElectricityLoad,Hour,15964507,15964507,0,0,07/01/2025 08:00,07/01/2025 09:00,09/05/2025 06:36
Nederland,ElectricityLoad,Hour,16644440,16644440,0,0,07/01/2025 09:00,07/01/2025 10:00,09/05/2025 06:36
Nederland,ElectricityLoad,Hour,16441846,16441846,0,0,07/01/2025 10:00,07/01/2025 11:00,09/05/2025 06:36
Nederland,ElectricityLoad,Hour,18738154,18738154,0,0,07/01/2025 11:00,07/01/2025 12:00,09/05/2025 06:36
Nederland,ElectricityLoad,Hour,19091954,19091954,0,0,07/01/2025 12:00,07/01/2025 13:00,09/05/2025 06:36
Nederland,ElectricityLoad,Hour,17970631,17970631,0,0,07/01/2025 13:00,07/01/2025 14:00,09/05/2025 06:36
Nederland,ElectricityLoad,Hour,17274771,17274771,0,0,07/01/2025 14:00,07/01/2025 15:00,09/05/2025 06:36
Nederland,ElectricityLoad,Hour,16733377,16733377,0,0,07/01/2025 15:00,07/01/2025 16:00,09/05/2025 06:36
Nederland,ElectricityLoad,Hour,16725090,16725090,0,0,07/01/2025 16:00,07/01/2025 17:00,09/05/2025 06:36
Nederland,ElectricityLoad,Hour,15781363,15781363,0,0,07/01/2025 17:00,07/01/2025 18:00,09/05/2025 06:36
Nederland,ElectricityLoad,Hour,15016040,15016040,0,0,07/01/2025 18:00,07/01/2025 19:00,09/05/2025 06:36
Nederland,ElectricityLoad,Hour,14004260,14004260,0,0,07/01/2025 19:00,07/01/2025 20:00,09/05/2025 06:36
Nederland,ElectricityLoad,Hour,13132414,13132414,0,0,07/01/2025 20:00,07/01/2025 21:00,09/05/2025 06:36
Nederland,ElectricityLoad,Hour,12191880,12191880,0,0,07/01/2025 21:00,07/01/2025 22:00,09/05/2025 06:36
Nederland,ElectricityLoad,Hour,11099992,11099992,0,0,07/01/2025 22:00,07/01/2025 23:00,09/05/2025 06:36
Nederland,ElectricityLoad,Hour,10672721,10672721,0,0,07/01/2025 23:00,08/01/2025 00:00,09/05/2025 06:36
Nederland,ElectricityLoad,Hour,10309256,10309256,0,0,08/01/2025 00:00,08/01/2025 01:00,10/05/2025 06:36
Nederland,ElectricityLoad,Hour,9998017,9998017,0,0,08/01/2025 01:00,08/01/2025 02:00,10/05/2025 06:36
Nederland,ElectricityLoad,Hour,10209033,10209033,0,0,08/01/2025 02:00,08/01/2025 03:00,10/05/2025 06:36
Nederland,ElectricityLoad,Hour,10217990,10217990,0,0,08/01/2025 03:00,08/01/2025 04:00,10/05/2025 06:36
Nederland,ElectricityLoad,Hour,10546689,10546689,0,0,08/01/2025 04:00,08/01/2025 05:00,10/05/2025 06:36
Nederland,ElectricityLoad,Hour,11512730,11512730,0,0,08/01/2025 05:00,08/01/2025 06:00,10/05/2025 06:36
Nederland,ElectricityLoad,Hour,13439183,13439183,0,0,08/01/2025 06:00,08/01/2025 07:00,10/05/2025 06:36
Nederland,ElectricityLoad,Hour,14868930,14868930,0,0,08/01/2025 07:00,08/01/2025 08:00,10/05/2025 06:36
Nederland,ElectricityLoad,Hour,15891802,15891802,0,0,08/01/2025 08:00,08/01/2025 09:00,10/05/2025 06:36
Nederland,ElectricityLoad,Hour,17444800,17444800,0,0,08/01/2025 09:00,08/01/2025 10:00,10/05/2025 06:36
Nederland,ElectricityLoad,Hour,18719160,18719160,0,0,08/01/2025 10:00,08/01/2025 11:00,10/05/2025 06:36
Nederland,ElectricityLoad,Hour,19136565,19136565,0,0,08/01/2025 11:00,08/01/2025 12:00,10/05/2025 06:36
Nederland,ElectricityLoad,Hour,19142998,19142998,0,0,08/01/2025 12:00,08/01/2025 13:00,10/05/2025 06:36
Nederland,ElectricityLoad,Hour,17994219,17994219,0,0,08/01/2025 13:00,08/01/2025 14:00,10/05/2025 06:36
Nederland,ElectricityLoad,Hour,16623821,16623821,0,0,08/01/2025 14:00,08/01/2025 15:00,10/05/2025 06:36
Nederland,ElectricityLoad,Hour,16036278,16036278,0,0,08/01/2025 15:00,08/01/2025 16:00,10/05/2025 06:36
Nederland,ElectricityLoad,Hour,16054112,16054112,0,0,08/01/2025 16:00,08/01/2025 17:00,10/05/2025 06:36
Nederland,ElectricityLoad,Hour,15380623,15380623,0,0,08/01/2025 17:00,08/01/2025 18:00,10/05/2025 06:36
Nederland,ElectricityLoad,Hour,14764661,14764661,0,0,08/01/2025 18:00,08/01/2025 19:00,10/05/2025 06:36
Nederland,ElectricityLoad,Hour,14166267,14166267,0,0,08/01/2025 19:00,08/01/2025 20:00,10/05/2025 06:36
Nederland,ElectricityLoad,Hour,13452272,13452272,0,0,08/01/2025 20:00,08/01/2025 21:00,10/05/2025 06:36
Nederland,ElectricityLoad,Hour,12631444,12631444,0,0,08/01/2025 21:00,08/01/2025 22:00,10/05/2025 06:36
Nederland,ElectricityLoad,Hour,11863101,11863101,0,0,08/01/2025 22:00,08/01/2025 23:00,10/05/2025 06:36
Nederland,ElectricityLoad,Hour,11037502,11037502,0,0,08/01/2025 23:00,09/01/2025 00:00,10/05/2025 06:36
Nederland,ElectricityLoad,Hour,10528259,10528259,0,0,09/01/2025 00:00,09/01/2025 01:00,11/05/2025 06:36
Nederland,ElectricityLoad,Hour,10315132,10315132,0,0,09/01/2025 01:00,09/01/2025 02:00,11/05/2025 06:36
Nederland,ElectricityLoad,Hour,10285031,10285031,0,0,09/01/2025 02:00,09/01/2025 03:00,11/05/2025 06:36
Nederland,ElectricityLoad,Hour,10487616,10487616,0,0,09/01/2025 03:00,09/01/2025 04:00,11/05/2025 06:36
Nederland,ElectricityLoad,Hour,10841363,10841363,0,0,09/01/2025 04:00,09/01/2025 05:00,11/05/2025 06:36
Nederland,ElectricityLoad,Hour,12109873,12109873,0,0,09/01/2025 05:00,09/01/2025 06:00,11/05/2025 06:36
Nederland,ElectricityLoad,Hour,14029481,14029481,0,0,09/01/2025 06:00,09/01/2025 07:00,11/05/2025 06:36
Nederland,ElectricityLoad,Hour,15258924,15258924,0,0,09/01/2025 07:00,09/01/2025 08:00,11/05/2025 06:36
Nederland,ElectricityLoad,Hour,16041922,16041922,0,0,09/01/2025 08:00,09/01/2025 09:00,11/05/2025 06:36
Nederland,ElectricityLoad,Hour,16873893,16873893,0,0,09/01/2025 09:00,09/01/2025 10:00,11/05/2025 06:36
Nederland,ElectricityLoad,Hour,15550368,15550368,0,0,09/01/2025 10:00,09/01/2025 11:00,11/05/2025 06:36
Nederland,ElectricityLoad,Hour,18032133,18032133,0,0,09/01/2025 11:00,09/01/2025 12:00,11/05/2025 06:36
Nederland,ElectricityLoad,Hour,18787933,18787933,0,0,09/01/2025 12:00,09/01/2025 13:00,11/05/2025 06:36
Nederland,ElectricityLoad,Hour,17738137,17738137,0,0,09/01/2025 13:00,09/01/2025 14:00,11/05/2025 06:36
Nederland,ElectricityLoad,Hour,16996119,16996119,0,0,09/01/2025 14:00,09/01/2025 15:00,11/05/2025 06:36
Nederland,ElectricityLoad,Hour,15465896,15465896,0,0,09/01/2025 15:00,09/01/2025 16:00,11/05/2025 06:36
Nederland,ElectricityLoad,Hour,15777841,15777841,0,0,09/01/2025 16:00,09/01/2025 17:00,11/05/2025 06:36
Nederland,ElectricityLoad,Hour,15323667,15323667,0,0,09/01/2025 17:00,09/01/2025 18:00,11/05/2025 06:36
Nederland,ElectricityLoad,Hour,14591869,14591869,0,0,09/01/2025 18:00,09/01/2025 19:00,11/05/2025 06:36
Nederland,ElectricityLoad,Hour,13738628,13738628,0,0,09/01/2025 19:00,09/01/2025 20:00,11/05/2025 06:36
Nederland,ElectricityLoad,Hour,12679399,12679399,0,0,09/01/2025 20:00,09/01/2025 21:00,11/05/2025 06:36
Nederland,ElectricityLoad,Hour,11510311,11510311,0,0,09/01/2025 21:00,09/01/2025 22:00,11/05/2025 06:36
Nederland,ElectricityLoad,Hour,10873197,10873197,0,0,09/01/2025 22:00,09/01/2025 23:00,11/05/2025 06:36
Nederland,ElectricityLoad,Hour,11098799,11098799,0,0,09/01/2025 23:00,10/01/2025 00:00,11/05/2025 06:36
Nederland,ElectricityLoad,Hour,11079290,11079290,0,0,10/01/2025 00:00,10/01/2025 01:00,12/05/2025 06:36
Nederland,ElectricityLoad,Hour,10340975,10340975,0,0,10/01/2025 01:00,10/01/2025 02:00,12/05/2025 06:36
Nederland,ElectricityLoad,Hour,9655804,9655804,0,0,10/01/2025 02:00,10/01/2025 03:00,12/05/2025 06:36
Nederland,ElectricityLoad,Hour,9528550,9528550,0,0,10/01/2025 03:00,10/01/2025 04:00,12/05/2025 06:36
Nederland,ElectricityLoad,Hour,9827368,9827368,0,0,10/01/2025 04:00,10/01/2025 05:00,12/05/2025 06:36
Nederland,ElectricityLoad,Hour,11220930,11220930,0,0,10/01/2025 05:00,10/01/2025 06:00,12/05/2025 06:36
Nederland,ElectricityLoad,Hour,13171288,13171288,0,0,10/01/2025 06:00,10/01/2025 07:00,12/05/2025 06:36
Nederland,ElectricityLoad,Hour,14972989,14972989,0,0,10/01/2025 07:00,10/01/2025 08:00,12/05/2025 06:36
Nederland,ElectricityLoad,Hour,16097261,16097261,0,0,10/01/2025 08:00,10/01/2025 09:00,12/05/2025 06:36
Nederland,ElectricityLoad,Hour,17916179,17916179,0,0,10/01/2025 09:00,10/01/2025 10:00,12/05/2025 06:36
Nederland,ElectricityLoad,Hour,19099145,19099145,0,0,10/01/2025 10:00,10/01/2025 11:00,12/05/2025 06:36
Nederland,ElectricityLoad,Hour,19157857,19157857,0,0,10/01/2025 11:00,10/01/2025 12:00,12/05/2025 06:36
Nederland,ElectricityLoad,Hour,19668846,19668846,0,0,10/01/2025 12:00,10/01/2025 13:00,12/05/2025 06:36
Nederland,ElectricityLoad,Hour,18401052,18401052,0,0,10/01/2025 13:00,10/01/2025 14:00,12/05/2025 06:36
Nederland,ElectricityLoad,Hour,17583946,17583946,0,0,10/01/2025 14:00,10/01/2025 15:00,12/05/2025 06:36
Nederland,ElectricityLoad,Hour,16173982,16173982,0,0,10/01/2025 15:00,10/01/2025 16:00,12/05/2025 06:36
Nederland,ElectricityLoad,Hour,16280896,16280896,0,0,10/01/2025 16:00,10/01/2025 17:00,12/05/2025 06:36
Nederland,ElectricityLoad,Hour,15616358,15616358,0,0,10/01/2025 17:00,10/01/2025 18:00,12/05/2025 06:36
Nederland,ElectricityLoad,Hour,14635820,14635820,0,0,10/01/2025 18:00,10/01/2025 19:00,12/05/2025 06:36
Nederland,ElectricityLoad,Hour,14028358,14028358,0,0,10/01/2025 19:00,10/01/2025 20:00,12/05/2025 06:36
Nederland,ElectricityLoad,Hour,13306144,13306144,0,0,10/01/2025 20:00,10/01/2025 21:00,12/05/2025 06:36
Nederland,ElectricityLoad,Hour,12437232,12437232,0,0,10/01/2025 21:00,10/01/2025 22:00,12/05/2025 06:36
Nederland,ElectricityLoad,Hour,11430434,11430434,0,0,10/01/2025 22:00,10/01/2025 23:00,12/05/2025 06:36
Nederland,ElectricityLoad,Hour,11065201,11065201,0,0,10/01/2025 23:00,11/01/2025 00:00,12/05/2025 06:36
Nederland,ElectricityLoad,Hour,10686524,10686524,0,0,11/01/2025 00:00,11/01/2025 01:00,13/05/2025 06:36
Nederland,ElectricityLoad,Hour,10566238,10566238,0,0,11/01/2025 01:00,11/01/2025 02:00,13/05/2025 06:36
Nederland,ElectricityLoad,Hour,10395361,10395361,0,0,11/01/2025 02:00,11/01/2025 03:00,13/05/2025 06:36
Nederland,ElectricityLoad,Hour,10304941,10304941,0,0,11/01/2025 03:00,11/01/2025 04:00,13/05/2025 06:36
Nederland,ElectricityLoad,Hour,10437532,10437532,0,0,11/01/2025 04:00,11/01/2025 05:00,13/05/2025 06:36
Nederland,ElectricityLoad,Hour,10921820,10921820,0,0,11/01/2025 05:00,11/01/2025 06:00,13/05/2025 06:36
Nederland,ElectricityLoad,Hour,11845548,11845548,0,0,11/01/2025 06:00,11/01/2025 07:00,13/05/2025 06:36
Nederland,ElectricityLoad,Hour,12807281,12807281,0,0,11/01/2025 07:00,11/01/2025 08:00,13/05/2025 06:36
Nederland,ElectricityLoad,Hour,14046143,14046143,0,0,11/01/2025 08:00,11/01/2025 09:00,13/05/2025 06:36
Nederland,ElectricityLoad,Hour,15889656,15889656,0,0,11/01/2025 09:00,11/01/2025 10:00,13/05/2025 06:36
Nederland,ElectricityLoad,Hour,16504716,16504716,0,0,11/01/2025 10:00,11/01/2025 11:00,13/05/2025 06:36
Nederland,ElectricityLoad,Hour,15670708,15670708,0,0,11/01/2025 11:00,11/01/2025 12:00,13/05/2025 06:36
Nederland,ElectricityLoad,Hour,16094822,16094822,0,0,11/01/2025 12:00,11/01/2025 13:00,13/05/2025 06:36
Nederland,ElectricityLoad,Hour,15360820,15360820,0,0,11/01/2025 13:00,11/01/2025 14:00,13/05/2025 06:36
Nederland,ElectricityLoad,Hour,14720247,14720247,0,0,11/01/2025 14:00,11/01/2025 15:00,13/05/2025 06:36
Nederland,ElectricityLoad,Hour,13622615,13622615,0,0,11/01/2025 15:00,11/01/2025 16:00,13/05/2025 06:36
Nederland,ElectricityLoad,Hour,13686900,13686900,0,0,11/01/2025 16:00,11/01/2025 17:00,13/05/2025 06:36
Nederland,ElectricityLoad,Hour,13157018,13157018,0,0,11/01/2025 17:00,11/01/2025 18:00,13/05/2025 06:36
Nederland,ElectricityLoad,Hour,12456551,12456551,0,0,11/01/2025 18:00,11/01/2025 19:00,13/05/2025 06:36
Nederland,ElectricityLoad,Hour,12045639,12045639,0,0,11/01/2025 19:00,11/01/2025 20:00,13/05/2025 06:36
Nederland,ElectricityLoad,Hour,11535716,11535716,0,0,11/01/2025 20:00,11/01/2025 21:00,13/05/2025 06:36
Nederland,ElectricityLoad,Hour,11048951,11048951,0,0,11/01/2025 21:00,11/01/2025 22:00,13/05/2025 06:36
Nederland,ElectricityLoad,Hour,10430798,10430798,0,0,11/01/2025 22:00,11/01/2025 23:00,13/05/2025 06:36
Nederland,ElectricityLoad,Hour,9953241,9953241,0,0,11/01/2025 23:00,12/01/2025 00:00,13/05/2025 06:36
Nederland,ElectricityLoad,Hour,9760716,9760716,0,0,12/01/2025 00:00,12/01/2025 01:00,14/05/2025 06:36
Nederland,ElectricityLoad,Hour,9598705,9598705,0,0,12/01/2025 01:00,12/01/2025 02:00,14/05/2025 06:36
Nederland,ElectricityLoad,Hour,9616933,9616933,0,0,12/01/2025 02:00,12/01/2025 03:00,14/05/2025 06:36
Nederland,ElectricityLoad,Hour,9548048,9548048,0,0,12/01/2025 03:00,12/01/2025 04:00,14/05/2025 06:36
Nederland,ElectricityLoad,Hour,9636232,9636232,0,0,12/01/2025 04:00,12/01/2025 05:00,14/05/2025 06:36
Nederland,ElectricityLoad,Hour,9973690,9973690,0,0,12/01/2025 05:00,12/01/2025 06:00,14/05/2025 06:36
Nederland,ElectricityLoad,Hour,10547565,10547565,0,0,12/01/2025 06:00,12/01/2025 07:00,14/05/2025 06:36
Nederland,ElectricityLoad,Hour,11524807,11524807,0,0,12/01/2025 07:00,12/01/2025 08:00,14/05/2025 06:36
Nederland,ElectricityLoad,Hour,12632824,12632824,0,0,12/01/2025 08:00,12/01/2025 09:00,14/05/2025 06:36
Nederland,ElectricityLoad,Hour,13785119,13785119,0,0,12/01/2025 09:00,12/01/2025 10:00,14/05/2025 06:36
Nederland,ElectricityLoad,Hour,14918643,14918643,0,0,12/01/2025 10:00,12/01/2025 11:00,14/05/2025 06:36
Nederland,ElectricityLoad,Hour,15784144,15784144,0,0,12/01/2025 11:00,12/01/2025 12:00,14/05/2025 06:36
Nederland,ElectricityLoad,Hour,15760463,15760463,0,0,12/01/2025 12:00,12/01/2025 13:00,14/05/2025 06:36
Nederland,ElectricityLoad,Hour,15712932,15712932,0,0,12/01/2025 13:00,12/01/2025 14:00,14/05/2025 06:36
Nederland,ElectricityLoad,Hour,14654249,14654249,0,0,12/01/2025 14:00,12/01/2025 15:00,14/05/2025 06:36
Nederland,ElectricityLoad,Hour,13355560,13355560,0,0,12/01/2025 15:00,12/01/2025 16:00,14/05/2025 06:36
Nederland,ElectricityLoad,Hour,13803996,13803996,0,0,12/01/2025 16:00,12/01/2025 17:00,14/05/2025 06:36
Nederland,ElectricityLoad,Hour,13819110,13819110,0,0,12/01/2025 17:00,12/01/2025 18:00,14/05/2025 06:36
Nederland,ElectricityLoad,Hour,13478059,13478059,0,0,12/01/2025 18:00,12/01/2025 19:00,14/05/2025 06:36
Nederland,ElectricityLoad,Hour,13061745,13061745,0,0,12/01/2025 19:00,12/01/2025 20:00,14/05/2025 06:36
Nederland,ElectricityLoad,Hour,12588802,12588802,0,0,12/01/2025 20:00,12/01/2025 21:00,14/05/2025 06:36
Nederland,ElectricityLoad,Hour,11942061,11942061,0,0,12/01/2025 21:00,12/01/2025 22:00,14/05/2025 06:36
Nederland,ElectricityLoad,Hour,11078894,11078894,0,0,12/01/2025 22:00,12/01/2025 23:00,14/05/2025 06:36
Nederland,ElectricityLoad,Hour,10853470,10853470,0,0,12/01/2025 23:00,13/01/2025 00:00,14/05/2025 06:36
Nederland,ElectricityLoad,Hour,10624724,10624724,0,0,13/01/2025 00:00,13/01/2025 01:00,15/05/2025 06:36
Nederland,ElectricityLoad,Hour,10428269,10428269,0,0,13/01/2025 01:00,13/01/2025 02:00,15/05/2025 06:36
Nederland,ElectricityLoad,Hour,10463801,10463801,0,0,13/01/2025 02:00,13/01/2025 03:00,15/05/2025 06:36
Nederland,ElectricityLoad,Hour,10622126,10622126,0,0,13/01/2025 03:00,13/01/2025 04:00,15/05/2025 06:36
Nederland,ElectricityLoad,Hour,11001521,11001521,0,0,13/01/2025 04:00,13/01/2025 05:00,15/05/2025 06:36
Nederland,ElectricityLoad,Hour,12281512,12281512,0,0,13/01/2025 05:00,13/01/2025 06:00,15/05/2025 06:36
Nederland,ElectricityLoad,Hour,14332027,14332027,0,0,13/01/2025 06:00,13/01/2025 07:00,15/05/2025 06:36
Nederland,ElectricityLoad,Hour,15880519,15880519,0,0,13/01/2025 07:00,13/01/2025 08:00,15/05/2025 06:36
Nederland,ElectricityLoad,Hour,16879600,16879600,0,0,13/01/2025 08:00,13/01/2025 09:00,15/05/2025 06:36
Nederland,ElectricityLoad,Hour,18893959,18893959,0,0,13/01/2025 09:00,13/01/2025 10:00,15/05/2025 06:36
Nederland,ElectricityLoad,Hour,19449398,19449398,0,0,13/01/2025 10:00,13/01/2025 11:00,15/05/2025 06:36
Nederland,ElectricityLoad,Hour,19884306,19884306,0,0,13/01/2025 11:00,13/01/2025 12:00,15/05/2025 06:36
Nederland,ElectricityLoad,Hour,19898767,19898767,0,0,13/01/2025 12:00,13/01/2025 13:00,15/05/2025 06:36
Nederland,ElectricityLoad,Hour,19532156,19532156,0,0,13/01/2025 13:00,13/01/2025 14:00,15/05/2025 06:36
Nederland,ElectricityLoad,Hour,18584128,18584128,0,0,13/01/2025 14:00,13/01/2025 15:00,15/05/2025 06:36
Nederland,ElectricityLoad,Hour,16553712,16553712,0,0,13/01/2025 15:00,13/01/2025 16:00,15/05/2025 06:36
Nederland,ElectricityLoad,Hour,16286538,16286538,0,0,13/01/2025 16:00,13/01/2025 17:00,15/05/2025 06:36
Nederland,ElectricityLoad,Hour,15532486,15532486,0,0,13/01/2025 17:00,13/01/2025 18:00,15/05/2025 06:36
Nederland,ElectricityLoad,Hour,14739532,14739532,0,0,13/01/2025 18:00,13/01/2025 19:00,15/05/2025 06:36
Nederland,ElectricityLoad,Hour,13906097,13906097,0,0,13/01/2025 19:00,13/01/2025 20:00,15/05/2025 06:36
Nederland,ElectricityLoad,Hour,12708070,12708070,0,0,13/01/2025 20:00,13/01/2025 21:00,15/05/2025 06:36
Nederland,ElectricityLoad,Hour,11475027,11475027,0,0,13/01/2025 21:00,13/01/2025 22:00,15/05/2025 06:36
Nederland,ElectricityLoad,Hour,10902517,10902517,0,0,13/01/2025 22:00,13/01/2025 23:00,15/05/2025 06:36
Nederland,ElectricityLoad,Hour,10590314,10590314,0,0,13/01/2025 23:00,14/01/2025 00:00,15/05/2025 06:36
Nederland,ElectricityLoad,Hour,10147786,10147786,0,0,14/01/2025 00:00,14/01/2025 01:00,16/05/2025 06:36
Nederland,ElectricityLoad,Hour,10068828,10068828,0,0,14/01/2025 01:00,14/01/2025 02:00,16/05/2025 06:36
Nederland,ElectricityLoad,Hour,10400950,10400950,0,0,14/01/2025 02:00,14/01/2025 03:00,16/05/2025 06:36
Nederland,ElectricityLoad,Hour,10637956,10637956,0,0,14/01/2025 03:00,14/01/2025 04:00,16/05/2025 06:36
Nederland,ElectricityLoad,Hour,11013860,11013860,0,0,14/01/2025 04:00,14/01/2025 05:00,16/05/2025 06:36
Nederland,ElectricityLoad,Hour,12336524,12336524,0,0,14/01/2025 05:00,14/01/2025 06:00,16/05/2025 06:36
Nederland,ElectricityLoad,Hour,14388459,14388459,0,0,14/01/2025 06:00,14/01/2025 07:00,16/05/2025 06:36
Nederland,ElectricityLoad,Hour,15760671,15760671,0,0,14/01/2025 07:00,14/01/2025 08:00,16/05/2025 06:36
Nederland,ElectricityLoad,Hour,16562366,16562366,0,0,14/01/2025 08:00,14/01/2025 09:00,16/05/2025 06:36
Nederland,ElectricityLoad,Hour,17464390,17464390,0,0,14/01/2025 09:00,14/01/2025 10:00,16/05/2025 06:36
Nederland,ElectricityLoad,Hour,17637731,17637731,0,0,14/01/2025 10:00,14/01/2025 11:00,16/05/2025 06:36
Nederland,ElectricityLoad,Hour,18274484,18274484,0,0,14/01/2025 11:00,14/01/2025 12:00,16/05/2025 06:36
Nederland,ElectricityLoad,Hour,18332836,18332836,0,0,14/01/2025 12:00,14/01/2025 13:00,16/05/2025 06:36
Nederland,ElectricityLoad,Hour,17887822,17887822,0,0,14/01/2025 13:00,14/01/2025 14:00,16/05/2025 06:36
Nederland,ElectricityLoad,Hour,16294135,16294135,0,0,14/01/2025 14:00,14/01/2025 15:00,16/05/2025 06:36
Nederland,ElectricityLoad,Hour,15558102,15558102,0,0,14/01/2025 15:00,14/01/2025 16:00,16/05/2025 06:36
Nederland,ElectricityLoad,Hour,15871218,15871218,0,0,14/01/2025 16:00,14/01/2025 17:00,16/05/2025 06:36
Nederland,ElectricityLoad,Hour,15414160,15414160,0,0,14/01/2025 17:00,14/01/2025 18:00,16/05/2025 06:36
Nederland,ElectricityLoad,Hour,14756151,14756151,0,0,14/01/2025 18:00,14/01/2025 19:00,16/05/2025 06:36
Nederland,ElectricityLoad,Hour,13858008,13858008,0,0,14/01/2025 19:00,14/01/2025 20:00,16/05/2025 06:36
Nederland,ElectricityLoad,Hour,13096777,13096777,0,0,14/01/2025 20:00,14/01/2025 21:00,16/05/2025 06:36
Nederland,ElectricityLoad,Hour,12053468,12053468,0,0,14/01/2025 21:00,14/01/2025 22:00,16/05/2025 06:36
Nederland,ElectricityLoad,Hour,11268107,11268107,0,0,14/01/2025 22:00,14/01/2025 23:00,16/05/2025 06:36
Nederland,ElectricityLoad,Hour,10889252,10889252,0,0,14/01/2025 23:00,15/01/2025 00:00,16/05/2025 06:36
Nederland,ElectricityLoad,Hour,10487611,10487611,0,0,15/01/2025 00:00,15/01/2025 01:00,17/05/2025 06:36
Nederland,ElectricityLoad,Hour,10368190,10368190,0,0,15/01/2025 01:00,15/01/2025 02:00,17/05/2025 06:36
Nederland,ElectricityLoad,Hour,10079412,10079412,0,0,15/01/2025 02:00,15/01/2025 03:00,17/05/2025 06:36
Nederland,ElectricityLoad,Hour,10219894,10219894,0,0,15/01/2025 03:00,15/01/2025 04:00,17/05/2025 06:36
Nederland,ElectricityLoad,Hour,10846905,10846905,0,0,15/01/2025 04:00,15/01/2025 05:00,17/05/2025 06:36
Nederland,ElectricityLoad,Hour,12172563,12172563,0,0,15/01/2025 05:00,15/01/2025 06:00,17/05/2025 06:36
Nederland,ElectricityLoad,Hour,13933729,13933729,0,0,15/01/2025 06:00,15/01/2025 07:00,17/05/2025 06:36
Nederland,ElectricityLoad,Hour,15437972,15437972,0,0,15/01/2025 07:00,15/01/2025 08:00,17/05/2025 06:36
Nederland,ElectricityLoad,Hour,16366649,16366649,0,0,15/01/2025 08:00,15/01/2025 09:00,17/05/2025 06:36
Nederland,ElectricityLoad,Hour,17215817,17215817,0,0,15/01/2025 09:00,15/01/2025 10:00,17/05/2025 06:36
Nederland,ElectricityLoad,Hour,17759149,17759149,0,0,15/01/2025 10:00,15/01/2025 11:00,17/05/2025 06:36
Nederland,ElectricityLoad,Hour,17997874,17997874,0,0,15/01/2025 11:00,15/01/2025 12:00,17/05/2025 06:36
Nederland,ElectricityLoad,Hour,17758265,17758265,0,0,15/01/2025 12:00,15/01/2025 13:00,17/05/2025 06:36
Nederland,ElectricityLoad,Hour,17439823,17439823,0,0,15/01/2025 13:00,15/01/2025 14:00,17/05/2025 06:36
Nederland,ElectricityLoad,Hour,16736911,16736911,0,0,15/01/2025 14:00,15/01/2025 15:00,17/05/2025 06:36
Nederland,ElectricityLoad,Hour,16142617,16142617,0,0,15/01/2025 15:00,15/01/2025 16:00,17/05/2025 06:36
Nederland,ElectricityLoad,Hour,16291104,16291104,0,0,15/01/2025 16:00,15/01/2025 17:00,17/05/2025 06:36
Nederland,ElectricityLoad,Hour,15889997,15889997,0,0,15/01/2025 17:00,15/01/2025 18:00,17/05/2025 06:36
Nederland,ElectricityLoad,Hour,15090247,15090247,0,0,15/01/2025 18:00,15/01/2025 19:00,17/05/2025 06:36
Nederland,ElectricityLoad,Hour,14347981,14347981,0,0,15/01/2025 19:00,15/01/2025 20:00,17/05/2025 06:36
Nederland,ElectricityLoad,Hour,13597642,13597642,0,0,15/01/2025 20:00,15/01/2025 21:00,17/05/2025 06:36
Nederland,ElectricityLoad,Hour,12800578,12800578,0,0,15/01/2025 21:00,15/01/2025 22:00,17/05/2025 06:36
Nederland,ElectricityLoad,Hour,11928371,11928371,0,0,15/01/2025 22:00,15/01/2025 23:00,17/05/2025 06:36
Nederland,ElectricityLoad,Hour,11329441,11329441,0,0,15/01/2025 23:00,16/01/2025 00:00,17/05/2025 06:36
Nederland,ElectricityLoad,Hour,11050566,11050566,0,0,16/01/2025 00:00,16/01/2025 01:00,18/05/2025 06:36
Nederland,ElectricityLoad,Hour,10914628,10914628,0,0,16/01/2025 01:00,16/01/2025 02:00,18/05/2025 06:36
Nederland,ElectricityLoad,Hour,10708210,10708210,0,0,16/01/2025 02:00,16/01/2025 03:00,18/05/2025 06:36
Nederland,ElectricityLoad,Hour,10668614,10668614,0,0,16/01/2025 03:00,16/01/2025 04:00,18/05/2025 06:36
Nederland,ElectricityLoad,Hour,11127567,11127567,0,0,16/01/2025 04:00,16/01/2025 05:00,18/05/2025 06:36
Nederland,ElectricityLoad,Hour,12114589,12114589,0,0,16/01/2025 05:00,16/01/2025 06:00,18/05/2025 06:36
Nederland,ElectricityLoad,Hour,13680026,13680026,0,0,16/01/2025 06:00,16/01/2025 07:00,18/05/2025 06:36
Nederland,ElectricityLoad,Hour,15291420,15291420,0,0,16/01/2025 07:00,16/01/2025 08:00,18/05/2025 06:36
Nederland,ElectricityLoad,Hour,16229032,16229032,0,0,16/01/2025 08:00,16/01/2025 09:00,18/05/2025 06:36
Nederland,ElectricityLoad,Hour,17286960,17286960,0,0,16/01/2025 09:00,16/01/2025 10:00,18/05/2025 06:36
Nederland,ElectricityLoad,Hour,17764241,17764241,0,0,16/01/2025 10:00,16/01/2025 11:00,18/05/2025 06:36
Nederland,ElectricityLoad,Hour,17946119,17946119,0,0,16/01/2025 11:00,16/01/2025 12:00,18/05/2025 06:36
Nederland,ElectricityLoad,Hour,18281835,18281835,0,0,16/01/2025 12:00,16/01/2025 13:00,18/05/2025 06:36
Nederland,ElectricityLoad,Hour,17988122,17988122,0,0,16/01/2025 13:00,16/01/2025 14:00,18/05/2025 06:36
Nederland,ElectricityLoad,Hour,17565958,17565958,0,0,16/01/2025 14:00,16/01/2025 15:00,18/05/2025 06:36
Nederland,ElectricityLoad,Hour,17116821,17116821,0,0,16/01/2025 15:00,16/01/2025 16:00,18/05/2025 06:36
Nederland,ElectricityLoad,Hour,17330065,17330065,0,0,16/01/2025 16:00,16/01/2025 17:00,18/05/2025 06:36
Nederland,ElectricityLoad,Hour,16744615,16744615,0,0,16/01/2025 17:00,16/01/2025 18:00,18/05/2025 06:36
Nederland,ElectricityLoad,Hour,16166989,16166989,0,0,16/01/2025 18:00,16/01/2025 19:00,18/05/2025 06:36
Nederland,ElectricityLoad,Hour,15490445,15490445,0,0,16/01/2025 19:00,16/01/2025 20:00,18/05/2025 06:36
Nederland,ElectricityLoad,Hour,14725144,14725144,0,0,16/01/2025 20:00,16/01/2025 21:00,18/05/2025 06:36
Nederland,ElectricityLoad,Hour,13913576,13913576,0,0,16/01/2025 21:00,16/01/2025 22:00,18/05/2025 06:36
Nederland,ElectricityLoad,Hour,13104855,13104855,0,0,16/01/2025 22:00,16/01/2025 23:00,18/05/2025 06:36
Nederland,ElectricityLoad,Hour,12511310,12511310,0,0,16/01/2025 23:00,17/01/2025 00:00,18/05/2025 06:36
Nederland,ElectricityLoad,Hour,12142128,12142128,0,0,17/01/2025 00:00,17/01/2025 01:00,19/05/2025 06:36
Nederland,ElectricityLoad,Hour,11909515,11909515,0,0,17/01/2025 01:00,17/01/2025 02:00,19/05/2025 06:36
Nederland,ElectricityLoad,Hour,11923433,11923433,0,0,17/01/2025 02:00,17/01/2025 03:00,19/05/2025 06:36
Nederland,ElectricityLoad,Hour,11937941,11937941,0,0,17/01/2025 03:00,17/01/2025 04:00,19/05/2025 06:36
Nederland,ElectricityLoad,Hour,12264896,12264896,0,0,17/01/2025 04:00,17/01/2025 05:00,19/05/2025 06:36
Nederland,ElectricityLoad,Hour,13239698,13239698,0,0,17/01/2025 05:00,17/01/2025 06:00,19/05/2025 06:36
Nederland,ElectricityLoad,Hour,14971166,14971166,0,0,17/01/2025 06:00,17/01/2025 07:00,19/05/2025 06:36
Nederland,ElectricityLoad,Hour,16493496,16493496,0,0,17/01/2025 07:00,17/01/2025 08:00,19/05/2025 06:36
Nederland,ElectricityLoad,Hour,17495204,17495204,0,0,17/01/2025 08:00,17/01/2025 09:00,19/05/2025 06:36
Nederland,ElectricityLoad,Hour,18251505,18251505,0,0,17/01/2025 09:00,17/01/2025 10:00,19/05/2025 06:36
Nederland,ElectricityLoad,Hour,18704248,18704248,0,0,17/01/2025 10:00,17/01/2025 11:00,19/05/2025 06:36
Nederland,ElectricityLoad,Hour,19014877,19014877,0,0,17/01/2025 11:00,17/01/2025 12:00,19/05/2025 06:36
Nederland,ElectricityLoad,Hour,18880686,18880686,0,0,17/01/2025 12:00,17/01/2025 13:00,19/05/2025 06:36
Nederland,ElectricityLoad,Hour,18510053,18510053,0,0,17/01/2025 13:00,17/01/2025 14:00,19/05/2025 06:36
Nederland,ElectricityLoad,Hour,17904643,17904643,0,0,17/01/2025 14:00,17/01/2025 15:00,19/05/2025 06:36
Nederland,ElectricityLoad,Hour,17165637,17165637,0,0,17/01/2025 15:00,17/01/2025 16:00,19/05/2025 06:36
Nederland,ElectricityLoad,Hour,17211491,17211491,0,0,17/01/2025 16:00,17/01/2025 17:00,19/05/2025 06:36
Nederland,ElectricityLoad,Hour,16665871,16665871,0,0,17/01/2025 17:00,17/01/2025 18:00,19/05/2025 06:36
Nederland,ElectricityLoad,Hour,15582771,15582771,0,0,17/01/2025 18:00,17/01/2025 19:00,19/05/2025 06:36
Nederland,ElectricityLoad,Hour,14917464,14917464,0,0,17/01/2025 19:00,17/01/2025 20:00,19/05/2025 06:36
Nederland,ElectricityLoad,Hour,14279814,14279814,0,0,17/01/2025 20:00,17/01/2025 21:00,19/05/2025 06:36
Nederland,ElectricityLoad,Hour,13374645,13374645,0,0,17/01/2025 21:00,17/01/2025 22:00,19/05/2025 06:36
Nederland,ElectricityLoad,Hour,12575685,12575685,0,0,17/01/2025 22:00,17/01/2025 23:00,19/05/2025 06:36
Nederland,ElectricityLoad,Hour,11951347,11951347,0,0,17/01/2025 23:00,18/01/2025 00:00,19/05/2025 06:36
Nederland,ElectricityLoad,Hour,11552367,11552367,0,0,18/01/2025 00:00,18/01/2025 01:00,20/05/2025 06:36
Nederland,ElectricityLoad,Hour,11408159,11408159,0,0,18/01/2025 01:00,18/01/2025 02:00,20/05/2025 06:36
Nederland,ElectricityLoad,Hour,11106249,11106249,0,0,18/01/2025 02:00,18/01/2025 03:00,20/05/2025 06:36
Nederland,ElectricityLoad,Hour,10975565,10975565,0,0,18/01/2025 03:00,18/01/2025 04:00,20/05/2025 06:36
Nederland,ElectricityLoad,Hour,11179171,11179171,0,0,18/01/2025 04:00,18/01/2025 05:00,20/05/2025 06:36
Nederland,ElectricityLoad,Hour,11767229,11767229,0,0,18/01/2025 05:00,18/01/2025 06:00,20/05/2025 06:36
Nederland,ElectricityLoad,Hour,12716633,12716633,0,0,18/01/2025 06:00,18/01/2025 07:00,20/05/2025 06:36
Nederland,ElectricityLoad,Hour,14003916,14003916,0,0,18/01/2025 07:00,18/01/2025 08:00,20/05/2025 06:36
Nederland,ElectricityLoad,Hour,15191814,15191814,0,0,18/01/2025 08:00,18/01/2025 09:00,20/05/2025 06:36
Nederland,ElectricityLoad,Hour,16458455,16458455,0,0,18/01/2025 09:00,18/01/2025 10:00,20/05/2025 06:36
Nederland,ElectricityLoad,Hour,17110885,17110885,0,0,18/01/2025 10:00,18/01/2025 11:00,20/05/2025 06:36
Nederland,ElectricityLoad,Hour,17413423,17413423,0,0,18/01/2025 11:00,18/01/2025 12:00,20/05/2025 06:36
Nederland,ElectricityLoad,Hour,17076335,17076335,0,0,18/01/2025 12:00,18/01/2025 13:00,20/05/2025 06:36
Nederland,ElectricityLoad,Hour,16687824,16687824,0,0,18/01/2025 13:00,18/01/2025 14:00,20/05/2025 06:36
Nederland,ElectricityLoad,Hour,16114305,16114305,0,0,18/01/2025 14:00,18/01/2025 15:00,20/05/2025 06:36
Nederland,ElectricityLoad,Hour,15552552,15552552,0,0,18/01/2025 15:00,18/01/2025 16:00,20/05/2025 06:36
Nederland,ElectricityLoad,Hour,15662167,15662167,0,0,18/01/2025 16:00,18/01/2025 17:00,20/05/2025 06:36
Nederland,ElectricityLoad,Hour,15381592,15381592,0,0,18/01/2025 17:00,18/01/2025 18:00,20/05/2025 06:36
Nederland,ElectricityLoad,Hour,14906203,14906203,0,0,18/01/2025 18:00,18/01/2025 19:00,20/05/2025 06:36
Nederland,ElectricityLoad,Hour,14408427,14408427,0,0,18/01/2025 19:00,18/01/2025 20:00,20/05/2025 06:36
Nederland,ElectricityLoad,Hour,13854873,13854873,0,0,18/01/2025 20:00,18/01/2025 21:00,20/05/2025 06:36
Nederland,ElectricityLoad,Hour,13064056,13064056,0,0,18/01/2025 21:00,18/01/2025 22:00,20/05/2025 06:36
Nederland,ElectricityLoad,Hour,12328230,12328230,0,0,18/01/2025 22:00,18/01/2025 23:00,20/05/2025 06:36
Nederland,ElectricityLoad,Hour,11687770,11687770,0,0,18/01/2025 23:00,19/01/2025 00:00,20/05/2025 06:36
Nederland,ElectricityLoad,Hour,11343697,11343697,0,0,19/01/2025 00:00,19/01/2025 01:00,20/05/2025 06:36
Nederland,ElectricityLoad,Hour,11079471,11079471,0,0,19/01/2025 01:00,19/01/2025 02:00,20/05/2025 06:36
Nederland,ElectricityLoad,Hour,10955403,10955403,0,0,19/01/2025 02:00,19/01/2025 03:00,20/05/2025 06:36
Nederland,ElectricityLoad,Hour,10977499,10977499,0,0,19/01/2025 03:00,19/01/2025 04:00,20/05/2025 06:36
Nederland,ElectricityLoad,Hour,11059148,11059148,0,0,19/01/2025 04:00,19/01/2025 05:00,20/05/2025 06:36
Nederland,ElectricityLoad,Hour,11249492,11249492,0,0,19/01/2025 05:00,19/01/2025 06:00,20/05/2025 06:36
Nederland,ElectricityLoad,Hour,11837688,11837688,0,0,19/01/2025 06:00,19/01/2025 07:00,20/05/2025 06:36
Nederland,ElectricityLoad,Hour,12725017,12725017,0,0,19/01/2025 07:00,19/01/2025 08:00,20/05/2025 06:36
Nederland,ElectricityLoad,Hour,13924195,13924195,0,0,19/01/2025 08:00,19/01/2025 09:00,20/05/2025 06:36
Nederland,ElectricityLoad,Hour,14984077,14984077,0,0,19/01/2025 09:00,19/01/2025 10:00,20/05/2025 06:36
Nederland,ElectricityLoad,Hour,15550839,15550839,0,0,19/01/2025 10:00,19/01/2025 11:00,20/05/2025 06:36
Nederland,ElectricityLoad,Hour,16072465,16072465,0,0,19/01/2025 11:00,19/01/2025 12:00,20/05/2025 06:36
Nederland,ElectricityLoad,Hour,16238525,16238525,0,0,19/01/2025 12:00,19/01/2025 13:00,20/05/2025 06:36
Nederland,ElectricityLoad,Hour,15831782,15831782,0,0,19/01/2025 13:00,19/01/2025 14:00,20/05/2025 06:36
Nederland,ElectricityLoad,Hour,15485468,15485468,0,0,19/01/2025 14:00,19/01/2025 15:00,20/05/2025 06:36
Nederland,ElectricityLoad,Hour,15040099,15040099,0,0,19/01/2025 15:00,19/01/2025 16:00,20/05/2025 06:36
Nederland,ElectricityLoad,Hour,15508850,15508850,0,0,19/01/2025 16:00,19/01/2025 17:00,20/05/2025 06:36
Nederland,ElectricityLoad,Hour,15393122,15393122,0,0,19/01/2025 17:00,19/01/2025 18:00,20/05/2025 06:36
Nederland,ElectricityLoad,Hour,14819248,14819248,0,0,19/01/2025 18:00,19/01/2025 19:00,20/05/2025 06:36
Nederland,ElectricityLoad,Hour,14266771,14266771,0,0,19/01/2025 19:00,19/01/2025 20:00,20/05/2025 06:36
Nederland,ElectricityLoad,Hour,13703420,13703420,0,0,19/01/2025 20:00,19/01/2025 21:00,20/05/2025 06:36
Nederland,ElectricityLoad,Hour,12969991,12969991,0,0,19/01/2025 21:00,19/01/2025 22:00,20/05/2025 06:36
Nederland,ElectricityLoad,Hour,12048730,12048730,0,0,19/01/2025 22:00,19/01/2025 23:00,20/05/2025 06:36
Nederland,ElectricityLoad,Hour,11663475,11663475,0,0,19/01/2025 23:00,20/01/2025 00:00,20/05/2025 06:36
Nederland,ElectricityLoad,Hour,11339031,11339031,0,0,20/01/2025 00:00,20/01/2025 01:00,20/05/2025 06:36
Nederland,ElectricityLoad,Hour,11178939,11178939,0,0,20/01/2025 01:00,20/01/2025 02:00,20/05/2025 06:36
Nederland,ElectricityLoad,Hour,11252802,11252802,0,0,20/01/2025 02:00,20/01/2025 03:00,20/05/2025 06:36
Nederland,ElectricityLoad,Hour,11411200,11411200,0,0,20/01/2025 03:00,20/01/2025 04:00,20/05/2025 06:36
Nederland,ElectricityLoad,Hour,11903523,11903523,0,0,20/01/2025 04:00,20/01/2025 05:00,20/05/2025 06:36
Nederland,ElectricityLoad,Hour,13114858,13114858,0,0,20/01/2025 05:00,20/01/2025 06:00,20/05/2025 06:36
Nederland,ElectricityLoad,Hour,15134893,15134893,0,0,20/01/2025 06:00,20/01/2025 07:00,20/05/2025 06:36
Nederland,ElectricityLoad,Hour,16819587,16819587,0,0,20/01/2025 07:00,20/01/2025 08:00,20/05/2025 06:36
Nederland,ElectricityLoad,Hour,17866922,17866922,0,0,20/01/2025 08:00,20/01/2025 09:00,20/05/2025 06:36
Nederland,ElectricityLoad,Hour,18742086,18742086,0,0,20/01/2025 09:00,20/01/2025 10:00,20/05/2025 06:36
Nederland,ElectricityLoad,Hour,19003668,19003668,0,0,20/01/2025 10:00,20/01/2025 11:00,20/05/2025 06:36
Nederland,ElectricityLoad,Hour,18920260,18920260,0,0,20/01/2025 11:00,20/01/2025 12:00,20/05/2025 06:36
Nederland,ElectricityLoad,Hour,19099927,19099927,0,0,20/01/2025 12:00,20/01/2025 13:00,20/05/2025 06:36
Nederland,ElectricityLoad,Hour,18994342,18994342,0,0,20/01/2025 13:00,20/01/2025 14:00,20/05/2025 06:36
Nederland,ElectricityLoad,Hour,18830254,18830254,0,0,20/01/2025 14:00,20/01/2025 15:00,20/05/2025 06:36
Nederland,ElectricityLoad,Hour,18471370,18471370,0,0,20/01/2025 15:00,20/01/2025 16:00,20/05/2025 06:36
Nederland,ElectricityLoad,Hour,18406424,18406424,0,0,20/01/2025 16:00,20/01/2025 17:00,20/05/2025 06:36
Nederland,ElectricityLoad,Hour,17776710,17776710,0,0,20/01/2025 17:00,20/01/2025 18:00,20/05/2025 06:36
Nederland,ElectricityLoad,Hour,16925054,16925054,0,0,20/01/2025 18:00,20/01/2025 19:00,20/05/2025 06:36
Nederland,ElectricityLoad,Hour,16425079,16425079,0,0,20/01/2025 19:00,20/01/2025 20:00,20/05/2025 06:36
Nederland,ElectricityLoad,Hour,15786059,15786059,0,0,20/01/2025 20:00,20/01/2025 21:00,20/05/2025 06:36
Nederland,ElectricityLoad,Hour,14817142,14817142,0,0,20/01/2025 21:00,20/01/2025 22:00,20/05/2025 06:36
Nederland,ElectricityLoad,Hour,13715657,13715657,0,0,20/01/2025 22:00,20/01/2025 23:00,20/05/2025 06:36
Nederland,ElectricityLoad,Hour,13251626,13251626,0,0,20/01/2025 23:00,21/01/2025 00:00,20/05/2025 06:36
Nederland,ElectricityLoad,Hour,12889880,12889880,0,0,21/01/2025 00:00,21/01/2025 01:00,23/05/2025 06:37
Nederland,ElectricityLoad,Hour,12793673,12793673,0,0,21/01/2025 01:00,21/01/2025 02:00,23/05/2025 06:37
Nederland,ElectricityLoad,Hour,12703905,12703905,0,0,21/01/2025 02:00,21/01/2025 03:00,23/05/2025 06:37
Nederland,ElectricityLoad,Hour,12924789,12924789,0,0,21/01/2025 03:00,21/01/2025 04:00,23/05/2025 06:37
Nederland,ElectricityLoad,Hour,13612549,13612549,0,0,21/01/2025 04:00,21/01/2025 05:00,23/05/2025 06:37
Nederland,ElectricityLoad,Hour,14854765,14854765,0,0,21/01/2025 05:00,21/01/2025 06:00,23/05/2025 06:37
Nederland,ElectricityLoad,Hour,16722727,16722727,0,0,21/01/2025 06:00,21/01/2025 07:00,23/05/2025 06:37
Nederland,ElectricityLoad,Hour,18086288,18086288,0,0,21/01/2025 07:00,21/01/2025 08:00,23/05/2025 06:37
Nederland,ElectricityLoad,Hour,18917567,18917567,0,0,21/01/2025 08:00,21/01/2025 09:00,23/05/2025 06:37
Nederland,ElectricityLoad,Hour,18593721,18593721,0,0,21/01/2025 09:00,21/01/2025 10:00,23/05/2025 06:37
Nederland,ElectricityLoad,Hour,17852352,17852352,0,0,21/01/2025 10:00,21/01/2025 11:00,23/05/2025 06:37
Nederland,ElectricityLoad,Hour,20104760,20104760,0,0,21/01/2025 11:00,21/01/2025 12:00,23/05/2025 06:37
Nederland,ElectricityLoad,Hour,19814400,19814400,0,0,21/01/2025 12:00,21/01/2025 13:00,23/05/2025 06:37
Nederland,ElectricityLoad,Hour,17437635,17437635,0,0,21/01/2025 13:00,21/01/2025 14:00,23/05/2025 06:37
Nederland,ElectricityLoad,Hour,18741252,18741252,0,0,21/01/2025 14:00,21/01/2025 15:00,23/05/2025 06:37
Nederland,ElectricityLoad,Hour,17917985,17917985,0,0,21/01/2025 15:00,21/01/2025 16:00,23/05/2025 06:37
Nederland,ElectricityLoad,Hour,17799850,17799850,0,0,21/01/2025 16:00,21/01/2025 17:00,23/05/2025 06:37
Nederland,ElectricityLoad,Hour,17552573,17552573,0,0,21/01/2025 17:00,21/01/2025 18:00,23/05/2025 06:37
Nederland,ElectricityLoad,Hour,16922741,16922741,0,0,21/01/2025 18:00,21/01/2025 19:00,23/05/2025 06:37
Nederland,ElectricityLoad,Hour,16212698,16212698,0,0,21/01/2025 19:00,21/01/2025 20:00,23/05/2025 06:37
Nederland,ElectricityLoad,Hour,15462914,15462914,0,0,21/01/2025 20:00,21/01/2025 21:00,23/05/2025 06:37
Nederland,ElectricityLoad,Hour,14433402,14433402,0,0,21/01/2025 21:00,21/01/2025 22:00,23/05/2025 06:37
Nederland,ElectricityLoad,Hour,13102069,13102069,0,0,21/01/2025 22:00,21/01/2025 23:00,23/05/2025 06:37
Nederland,ElectricityLoad,Hour,12491235,12491235,0,0,21/01/2025 23:00,22/01/2025 00:00,23/05/2025 06:37
Nederland,ElectricityLoad,Hour,11983735,11983735,0,0,22/01/2025 00:00,22/01/2025 01:00,24/05/2025 06:36
Nederland,ElectricityLoad,Hour,11631883,11631883,0,0,22/01/2025 01:00,22/01/2025 02:00,24/05/2025 06:36
Nederland,ElectricityLoad,Hour,11639110,11639110,0,0,22/01/2025 02:00,22/01/2025 03:00,24/05/2025 06:36
Nederland,ElectricityLoad,Hour,11581089,11581089,0,0,22/01/2025 03:00,22/01/2025 04:00,24/05/2025 06:36
Nederland,ElectricityLoad,Hour,11941131,11941131,0,0,22/01/2025 04:00,22/01/2025 05:00,24/05/2025 06:36
Nederland,ElectricityLoad,Hour,12872484,12872484,0,0,22/01/2025 05:00,22/01/2025 06:00,24/05/2025 06:36
Nederland,ElectricityLoad,Hour,14428223,14428223,0,0,22/01/2025 06:00,22/01/2025 07:00,24/05/2025 06:36
Nederland,ElectricityLoad,Hour,15707237,15707237,0,0,22/01/2025 07:00,22/01/2025 08:00,24/05/2025 06:36
Nederland,ElectricityLoad,Hour,16700405,16700405,0,0,22/01/2025 08:00,22/01/2025 09:00,24/05/2025 06:36
Nederland,ElectricityLoad,Hour,17321129,17321129,0,0,22/01/2025 09:00,22/01/2025 10:00,24/05/2025 06:36
Nederland,ElectricityLoad,Hour,18014252,18014252,0,0,22/01/2025 10:00,22/01/2025 11:00,24/05/2025 06:36
Nederland,ElectricityLoad,Hour,18179043,18179043,0,0,22/01/2025 11:00,22/01/2025 12:00,24/05/2025 06:36
Nederland,ElectricityLoad,Hour,18343134,18343134,0,0,22/01/2025 12:00,22/01/2025 13:00,24/05/2025 06:36
Nederland,ElectricityLoad,Hour,17651730,17651730,0,0,22/01/2025 13:00,22/01/2025 14:00,24/05/2025 06:36
Nederland,ElectricityLoad,Hour,16774082,16774082,0,0,22/01/2025 14:00,22/01/2025 15:00,24/05/2025 06:36
Nederland,ElectricityLoad,Hour,16324148,16324148,0,0,22/01/2025 15:00,22/01/2025 16:00,24/05/2025 06:36
Nederland,ElectricityLoad,Hour,16449537,16449537,0,0,22/01/2025 16:00,22/01/2025 17:00,24/05/2025 06:36
Nederland,ElectricityLoad,Hour,15857328,15857328,0,0,22/01/2025 17:00,22/01/2025 18:00,24/05/2025 06:36
Nederland,ElectricityLoad,Hour,15047359,15047359,0,0,22/01/2025 18:00,22/01/2025 19:00,24/05/2025 06:36
Nederland,ElectricityLoad,Hour,14473653,14473653,0,0,22/01/2025 19:00,22/01/2025 20:00,24/05/2025 06:36
Nederland,ElectricityLoad,Hour,13601299,13601299,0,0,22/01/2025 20:00,22/01/2025 21:00,24/05/2025 06:36
Nederland,ElectricityLoad,Hour,12562501,12562501,0,0,22/01/2025 21:00,22/01/2025 22:00,24/05/2025 06:36
Nederland,ElectricityLoad,Hour,11663286,11663286,0,0,22/01/2025 22:00,22/01/2025 23:00,24/05/2025 06:36
Nederland,ElectricityLoad,Hour,10823924,10823924,0,0,22/01/2025 23:00,23/01/2025 00:00,24/05/2025 06:36
Nederland,ElectricityLoad,Hour,10020888,10020888,0,0,23/01/2025 00:00,23/01/2025 01:00,25/05/2025 06:36
Nederland,ElectricityLoad,Hour,9796861,9796861,0,0,23/01/2025 01:00,23/01/2025 02:00,25/05/2025 06:36
Nederland,ElectricityLoad,Hour,9226298,9226298,0,0,23/01/2025 02:00,23/01/2025 03:00,25/05/2025 06:36
Nederland,ElectricityLoad,Hour,9155901,9155901,0,0,23/01/2025 03:00,23/01/2025 04:00,25/05/2025 06:36
Nederland,ElectricityLoad,Hour,9681123,9681123,0,0,23/01/2025 04:00,23/01/2025 05:00,25/05/2025 06:36
Nederland,ElectricityLoad,Hour,10936563,10936563,0,0,23/01/2025 05:00,23/01/2025 06:00,25/05/2025 06:36
Nederland,ElectricityLoad,Hour,12994207,12994207,0,0,23/01/2025 06:00,23/01/2025 07:00,25/05/2025 06:36
Nederland,ElectricityLoad,Hour,14350789,14350789,0,0,23/01/2025 07:00,23/01/2025 08:00,25/05/2025 06:36
Nederland,ElectricityLoad,Hour,15312414,15312414,0,0,23/01/2025 08:00,23/01/2025 09:00,25/05/2025 06:36
Nederland,ElectricityLoad,Hour,17123830,17123830,0,0,23/01/2025 09:00,23/01/2025 10:00,25/05/2025 06:36
Nederland,ElectricityLoad,Hour,18006233,18006233,0,0,23/01/2025 10:00,23/01/2025 11:00,25/05/2025 06:36
Nederland,ElectricityLoad,Hour,17965991,17965991,0,0,23/01/2025 11:00,23/01/2025 12:00,25/05/2025 06:36
Nederland,ElectricityLoad,Hour,17956367,17956367,0,0,23/01/2025 12:00,23/01/2025 13:00,25/05/2025 06:36
Nederland,ElectricityLoad,Hour,17628554,17628554,0,0,23/01/2025 13:00,23/01/2025 14:00,25/05/2025 06:36
Nederland,ElectricityLoad,Hour,17191239,17191239,0,0,23/01/2025 14:00,23/01/2025 15:00,25/05/2025 06:36
Nederland,ElectricityLoad,Hour,16350860,16350860,0,0,23/01/2025 15:00,23/01/2025 16:00,25/05/2025 06:36
Nederland,ElectricityLoad,Hour,16073265,16073265,0,0,23/01/2025 16:00,23/01/2025 17:00,25/05/2025 06:36
Nederland,ElectricityLoad,Hour,15504814,15504814,0,0,23/01/2025 17:00,23/01/2025 18:00,25/05/2025 06:36
Nederland,ElectricityLoad,Hour,14996214,14996214,0,0,23/01/2025 18:00,23/01/2025 19:00,25/05/2025 06:36
Nederland,ElectricityLoad,Hour,14557551,14557551,0,0,23/01/2025 19:00,23/01/2025 20:00,25/05/2025 06:36
Nederland,ElectricityLoad,Hour,13941470,13941470,0,0,23/01/2025 20:00,23/01/2025 21:00,25/05/2025 06:36
Nederland,ElectricityLoad,Hour,12944068,12944068,0,0,23/01/2025 21:00,23/01/2025 22:00,25/05/2025 06:36
Nederland,ElectricityLoad,Hour,12013024,12013024,0,0,23/01/2025 22:00,23/01/2025 23:00,25/05/2025 06:36
Nederland,ElectricityLoad,Hour,11355252,11355252,0,0,23/01/2025 23:00,24/01/2025 00:00,25/05/2025 06:36
Nederland,ElectricityLoad,Hour,10567095,10567095,0,0,24/01/2025 00:00,24/01/2025 01:00,26/05/2025 06:36
Nederland,ElectricityLoad,Hour,10226401,10226401,0,0,24/01/2025 01:00,24/01/2025 02:00,26/05/2025 06:36
Nederland,ElectricityLoad,Hour,10186451,10186451,0,0,24/01/2025 02:00,24/01/2025 03:00,26/05/2025 06:36
Nederland,ElectricityLoad,Hour,10076024,10076024,0,0,24/01/2025 03:00,24/01/2025 04:00,26/05/2025 06:36
Nederland,ElectricityLoad,Hour,10081016,10081016,0,0,24/01/2025 04:00,24/01/2025 05:00,26/05/2025 06:36
Nederland,ElectricityLoad,Hour,11308550,11308550,0,0,24/01/2025 05:00,24/01/2025 06:00,26/05/2025 06:36
Nederland,ElectricityLoad,Hour,13019068,13019068,0,0,24/01/2025 06:00,24/01/2025 07:00,26/05/2025 06:36
Nederland,ElectricityLoad,Hour,14674854,14674854,0,0,24/01/2025 07:00,24/01/2025 08:00,26/05/2025 06:36
Nederland,ElectricityLoad,Hour,16059534,16059534,0,0,24/01/2025 08:00,24/01/2025 09:00,26/05/2025 06:36
Nederland,ElectricityLoad,Hour,16874940,16874940,0,0,24/01/2025 09:00,24/01/2025 10:00,26/05/2025 06:36
Nederland,ElectricityLoad,Hour,17459051,17459051,0,0,24/01/2025 10:00,24/01/2025 11:00,26/05/2025 06:36
Nederland,ElectricityLoad,Hour,17223280,17223280,0,0,24/01/2025 11:00,24/01/2025 12:00,26/05/2025 06:36
Nederland,ElectricityLoad,Hour,17076501,17076501,0,0,24/01/2025 12:00,24/01/2025 13:00,26/05/2025 06:36
Nederland,ElectricityLoad,Hour,16807640,16807640,0,0,24/01/2025 13:00,24/01/2025 14:00,26/05/2025 06:36
Nederland,ElectricityLoad,Hour,16752113,16752113,0,0,24/01/2025 14:00,24/01/2025 15:00,26/05/2025 06:36
Nederland,ElectricityLoad,Hour,16399008,16399008,0,0,24/01/2025 15:00,24/01/2025 16:00,26/05/2025 06:36
Nederland,ElectricityLoad,Hour,16039129,16039129,0,0,24/01/2025 16:00,24/01/2025 17:00,26/05/2025 06:36
Nederland,ElectricityLoad,Hour,15486577,15486577,0,0,24/01/2025 17:00,24/01/2025 18:00,26/05/2025 06:36
Nederland,ElectricityLoad,Hour,14547975,14547975,0,0,24/01/2025 18:00,24/01/2025 19:00,26/05/2025 06:36
Nederland,ElectricityLoad,Hour,13334572,13334572,0,0,24/01/2025 19:00,24/01/2025 20:00,26/05/2025 06:36
Nederland,ElectricityLoad,Hour,12177832,12177832,0,0,24/01/2025 20:00,24/01/2025 21:00,26/05/2025 06:36
Nederland,ElectricityLoad,Hour,10814596,10814596,0,0,24/01/2025 21:00,24/01/2025 22:00,26/05/2025 06:36
Nederland,ElectricityLoad,Hour,9897740,9897740,0,0,24/01/2025 22:00,24/01/2025 23:00,26/05/2025 06:36
Nederland,ElectricityLoad,Hour,9746333,9746333,0,0,24/01/2025 23:00,25/01/2025 00:00,26/05/2025 06:36
Nederland,ElectricityLoad,Hour,9523575,9523575,0,0,25/01/2025 00:00,25/01/2025 01:00,27/05/2025 06:36
Nederland,ElectricityLoad,Hour,9346755,9346755,0,0,25/01/2025 01:00,25/01/2025 02:00,27/05/2025 06:36
Nederland,ElectricityLoad,Hour,8954745,8954745,0,0,25/01/2025 02:00,25/01/2025 03:00,27/05/2025 06:36
Nederland,ElectricityLoad,Hour,9168838,9168838,0,0,25/01/2025 03:00,25/01/2025 04:00,27/05/2025 06:36
Nederland,ElectricityLoad,Hour,9742684,9742684,0,0,25/01/2025 04:00,25/01/2025 05:00,27/05/2025 06:36
Nederland,ElectricityLoad,Hour,10208505,10208505,0,0,25/01/2025 05:00,25/01/2025 06:00,27/05/2025 06:36
Nederland,ElectricityLoad,Hour,11128119,11128119,0,0,25/01/2025 06:00,25/01/2025 07:00,27/05/2025 06:36
Nederland,ElectricityLoad,Hour,12139120,12139120,0,0,25/01/2025 07:00,25/01/2025 08:00,27/05/2025 06:36
Nederland,ElectricityLoad,Hour,13136666,13136666,0,0,25/01/2025 08:00,25/01/2025 09:00,27/05/2025 06:36
Nederland,ElectricityLoad,Hour,14547181,14547181,0,0,25/01/2025 09:00,25/01/2025 10:00,27/05/2025 06:36
Nederland,ElectricityLoad,Hour,15413712,15413712,0,0,25/01/2025 10:00,25/01/2025 11:00,27/05/2025 06:36
Nederland,ElectricityLoad,Hour,15904687,15904687,0,0,25/01/2025 11:00,25/01/2025 12:00,27/05/2025 06:36
Nederland,ElectricityLoad,Hour,16241784,16241784,0,0,25/01/2025 12:00,25/01/2025 13:00,27/05/2025 06:36
Nederland,ElectricityLoad,Hour,16262752,16262752,0,0,25/01/2025 13:00,25/01/2025 14:00,27/05/2025 06:36
Nederland,ElectricityLoad,Hour,15038249,15038249,0,0,25/01/2025 14:00,25/01/2025 15:00,27/05/2025 06:36
Nederland,ElectricityLoad,Hour,13772898,13772898,0,0,25/01/2025 15:00,25/01/2025 16:00,27/05/2025 06:36
Nederland,ElectricityLoad,Hour,13174047,13174047,0,0,25/01/2025 16:00,25/01/2025 17:00,27/05/2025 06:36
Nederland,ElectricityLoad,Hour,12968686,12968686,0,0,25/01/2025 17:00,25/01/2025 18:00,27/05/2025 06:36
Nederland,ElectricityLoad,Hour,12409420,12409420,0,0,25/01/2025 18:00,25/01/2025 19:00,27/05/2025 06:36
Nederland,ElectricityLoad,Hour,12106373,12106373,0,0,25/01/2025 19:00,25/01/2025 20:00,27/05/2025 06:36
Nederland,ElectricityLoad,Hour,11620864,11620864,0,0,25/01/2025 20:00,25/01/2025 21:00,27/05/2025 06:36
Nederland,ElectricityLoad,Hour,11021478,11021478,0,0,25/01/2025 21:00,25/01/2025 22:00,27/05/2025 06:36
Nederland,ElectricityLoad,Hour,10356988,10356988,0,0,25/01/2025 22:00,25/01/2025 23:00,27/05/2025 06:36
Nederland,ElectricityLoad,Hour,9935238,9935238,0,0,25/01/2025 23:00,26/01/2025 00:00,27/05/2025 06:36
Nederland,ElectricityLoad,Hour,9690330,9690330,0,0,26/01/2025 00:00,26/01/2025 01:00,28/05/2025 06:36
Nederland,ElectricityLoad,Hour,9549121,9549121,0,0,26/01/2025 01:00,26/01/2025 02:00,28/05/2025 06:36
Nederland,ElectricityLoad,Hour,9418487,9418487,0,0,26/01/2025 02:00,26/01/2025 03:00,28/05/2025 06:36
Nederland,ElectricityLoad,Hour,9377923,9377923,0,0,26/01/2025 03:00,26/01/2025 04:00,28/05/2025 06:36
Nederland,ElectricityLoad,Hour,9472520,9472520,0,0,26/01/2025 04:00,26/01/2025 05:00,28/05/2025 06:36
Nederland,ElectricityLoad,Hour,9735722,9735722,0,0,26/01/2025 05:00,26/01/2025 06:00,28/05/2025 06:36
Nederland,ElectricityLoad,Hour,10254950,10254950,0,0,26/01/2025 06:00,26/01/2025 07:00,28/05/2025 06:36
Nederland,ElectricityLoad,Hour,10963764,10963764,0,0,26/01/2025 07:00,26/01/2025 08:00,28/05/2025 06:36
Nederland,ElectricityLoad,Hour,11564119,11564119,0,0,26/01/2025 08:00,26/01/2025 09:00,28/05/2025 06:36
Nederland,ElectricityLoad,Hour,13476231,13476231,0,0,26/01/2025 09:00,26/01/2025 10:00,28/05/2025 06:36
Nederland,ElectricityLoad,Hour,14717856,14717856,0,0,26/01/2025 10:00,26/01/2025 11:00,28/05/2025 06:36
Nederland,ElectricityLoad,Hour,15974246,15974246,0,0,26/01/2025 11:00,26/01/2025 12:00,28/05/2025 06:36
Nederland,ElectricityLoad,Hour,16318098,16318098,0,0,26/01/2025 12:00,26/01/2025 13:00,28/05/2025 06:36
Nederland,ElectricityLoad,Hour,15291981,15291981,0,0,26/01/2025 13:00,26/01/2025 14:00,28/05/2025 06:36
Nederland,ElectricityLoad,Hour,13902431,13902431,0,0,26/01/2025 14:00,26/01/2025 15:00,28/05/2025 06:36
Nederland,ElectricityLoad,Hour,13568966,13568966,0,0,26/01/2025 15:00,26/01/2025 16:00,28/05/2025 06:36
Nederland,ElectricityLoad,Hour,13316564,13316564,0,0,26/01/2025 16:00,26/01/2025 17:00,28/05/2025 06:36
Nederland,ElectricityLoad,Hour,13223460,13223460,0,0,26/01/2025 17:00,26/01/2025 18:00,28/05/2025 06:36
Nederland,ElectricityLoad,Hour,13316711,13316711,0,0,26/01/2025 18:00,26/01/2025 19:00,28/05/2025 06:36
Nederland,ElectricityLoad,Hour,13157931,13157931,0,0,26/01/2025 19:00,26/01/2025 20:00,28/05/2025 06:36
Nederland,ElectricityLoad,Hour,12497445,12497445,0,0,26/01/2025 20:00,26/01/2025 21:00,28/05/2025 06:36
Nederland,ElectricityLoad,Hour,11972309,11972309,0,0,26/01/2025 21:00,26/01/2025 22:00,28/05/2025 06:36
Nederland,ElectricityLoad,Hour,11090257,11090257,0,0,26/01/2025 22:00,26/01/2025 23:00,28/05/2025 06:36
Nederland,ElectricityLoad,Hour,10280297,10280297,0,0,26/01/2025 23:00,27/01/2025 00:00,28/05/2025 06:36
Nederland,ElectricityLoad,Hour,9585597,9585597,0,0,27/01/2025 00:00,27/01/2025 01:00,29/05/2025 06:36
Nederland,ElectricityLoad,Hour,9747024,9747024,0,0,27/01/2025 01:00,27/01/2025 02:00,29/05/2025 06:36
Nederland,ElectricityLoad,Hour,9657318,9657318,0,0,27/01/2025 02:00,27/01/2025 03:00,29/05/2025 06:36
Nederland,ElectricityLoad,Hour,10162132,10162132,0,0,27/01/2025 03:00,27/01/2025 04:00,29/05/2025 06:36
Nederland,ElectricityLoad,Hour,10968236,10968236,0,0,27/01/2025 04:00,27/01/2025 05:00,29/05/2025 06:36
Nederland,ElectricityLoad,Hour,12127782,12127782,0,0,27/01/2025 05:00,27/01/2025 06:00,29/05/2025 06:36
Nederland,ElectricityLoad,Hour,14152887,14152887,0,0,27/01/2025 06:00,27/01/2025 07:00,29/05/2025 06:36
Nederland,ElectricityLoad,Hour,15375478,15375478,0,0,27/01/2025 07:00,27/01/2025 08:00,29/05/2025 06:36
Nederland,ElectricityLoad,Hour,16323705,16323705,0,0,27/01/2025 08:00,27/01/2025 09:00,29/05/2025 06:36
Nederland,ElectricityLoad,Hour,18590856,18590856,0,0,27/01/2025 09:00,27/01/2025 10:00,29/05/2025 06:36
Nederland,ElectricityLoad,Hour,19077094,19077094,0,0,27/01/2025 10:00,27/01/2025 11:00,29/05/2025 06:36
Nederland,ElectricityLoad,Hour,18422231,18422231,0,0,27/01/2025 11:00,27/01/2025 12:00,29/05/2025 06:36
Nederland,ElectricityLoad,Hour,18557212,18557212,0,0,27/01/2025 12:00,27/01/2025 13:00,29/05/2025 06:36
Nederland,ElectricityLoad,Hour,17247341,17247341,0,0,27/01/2025 13:00,27/01/2025 14:00,29/05/2025 06:36
Nederland,ElectricityLoad,Hour,17166388,17166388,0,0,27/01/2025 14:00,27/01/2025 15:00,29/05/2025 06:36
Nederland,ElectricityLoad,Hour,15988507,15988507,0,0,27/01/2025 15:00,27/01/2025 16:00,29/05/2025 06:36
Nederland,ElectricityLoad,Hour,14479779,14479779,0,0,27/01/2025 16:00,27/01/2025 17:00,29/05/2025 06:36
Nederland,ElectricityLoad,Hour,13066247,13066247,0,0,27/01/2025 17:00,27/01/2025 18:00,29/05/2025 06:36
Nederland,ElectricityLoad,Hour,12878514,12878514,0,0,27/01/2025 18:00,27/01/2025 19:00,29/05/2025 06:36
Nederland,ElectricityLoad,Hour,12128990,12128990,0,0,27/01/2025 19:00,27/01/2025 20:00,29/05/2025 06:36
Nederland,ElectricityLoad,Hour,11584508,11584508,0,0,27/01/2025 20:00,27/01/2025 21:00,29/05/2025 06:36
Nederland,ElectricityLoad,Hour,10757024,10757024,0,0,27/01/2025 21:00,27/01/2025 22:00,29/05/2025 06:36
Nederland,ElectricityLoad,Hour,9801443,9801443,0,0,27/01/2025 22:00,27/01/2025 23:00,29/05/2025 06:36
Nederland,ElectricityLoad,Hour,9629156,9629156,0,0,27/01/2025 23:00,28/01/2025 00:00,29/05/2025 06:36
Nederland,ElectricityLoad,Hour,9973791,9973791,0,0,28/01/2025 00:00,28/01/2025 01:00,30/05/2025 06:40
Nederland,ElectricityLoad,Hour,9936667,9936667,0,0,28/01/2025 01:00,28/01/2025 02:00,30/05/2025 06:40
Nederland,ElectricityLoad,Hour,9195704,9195704,0,0,28/01/2025 02:00,28/01/2025 03:00,30/05/2025 06:40
Nederland,ElectricityLoad,Hour,9074293,9074293,0,0,28/01/2025 03:00,28/01/2025 04:00,30/05/2025 06:40
Nederland,ElectricityLoad,Hour,9258111,9258111,0,0,28/01/2025 04:00,28/01/2025 05:00,30/05/2025 06:40
Nederland,ElectricityLoad,Hour,11063849,11063849,0,0,28/01/2025 05:00,28/01/2025 06:00,30/05/2025 06:40
Nederland,ElectricityLoad,Hour,13034828,13034828,0,0,28/01/2025 06:00,28/01/2025 07:00,30/05/2025 06:40
Nederland,ElectricityLoad,Hour,13899759,13899759,0,0,28/01/2025 07:00,28/01/2025 08:00,30/05/2025 06:40
Nederland,ElectricityLoad,Hour,14762550,14762550,0,0,28/01/2025 08:00,28/01/2025 09:00,30/05/2025 06:40
Nederland,ElectricityLoad,Hour,16664488,16664488,0,0,28/01/2025 09:00,28/01/2025 10:00,30/05/2025 06:40
Nederland,ElectricityLoad,Hour,18108086,18108086,0,0,28/01/2025 10:00,28/01/2025 11:00,30/05/2025 06:40
Nederland,ElectricityLoad,Hour,17639275,17639275,0,0,28/01/2025 11:00,28/01/2025 12:00,30/05/2025 06:40
Nederland,ElectricityLoad,Hour,17032414,17032414,0,0,28/01/2025 12:00,28/01/2025 13:00,30/05/2025 06:40
Nederland,ElectricityLoad,Hour,16401370,16401370,0,0,28/01/2025 13:00,28/01/2025 14:00,30/05/2025 06:40
Nederland,ElectricityLoad,Hour,12709865,12709865,0,0,28/01/2025 14:00,28/01/2025 15:00,30/05/2025 06:40
Nederland,ElectricityLoad,Hour,14729588,14729588,0,0,28/01/2025 15:00,28/01/2025 16:00,30/05/2025 06:40
Nederland,ElectricityLoad,Hour,14239876,14239876,0,0,28/01/2025 16:00,28/01/2025 17:00,30/05/2025 06:40
Nederland,ElectricityLoad,Hour,13994967,13994967,0,0,28/01/2025 17:00,28/01/2025 18:00,30/05/2025 06:40
Nederland,ElectricityLoad,Hour,13482371,13482371,0,0,28/01/2025 18:00,28/01/2025 19:00,30/05/2025 06:40
Nederland,ElectricityLoad,Hour,13015294,13015294,0,0,28/01/2025 19:00,28/01/2025 20:00,30/05/2025 06:40
Nederland,ElectricityLoad,Hour,12569604,12569604,0,0,28/01/2025 20:00,28/01/2025 21:00,30/05/2025 06:40
Nederland,ElectricityLoad,Hour,11717215,11717215,0,0,28/01/2025 21:00,28/01/2025 22:00,30/05/2025 06:40
Nederland,ElectricityLoad,Hour,10947755,10947755,0,0,28/01/2025 22:00,28/01/2025 23:00,30/05/2025 06:40
Nederland,ElectricityLoad,Hour,10553469,10553469,0,0,28/01/2025 23:00,29/01/2025 00:00,30/05/2025 06:40
Nederland,ElectricityLoad,Hour,10215707,10215707,0,0,29/01/2025 00:00,29/01/2025 01:00,31/05/2025 06:40
Nederland,ElectricityLoad,Hour,10109551,10109551,0,0,29/01/2025 01:00,29/01/2025 02:00,31/05/2025 06:40
Nederland,ElectricityLoad,Hour,9858524,9858524,0,0,29/01/2025 02:00,29/01/2025 03:00,31/05/2025 06:40
Nederland,ElectricityLoad,Hour,10019127,10019127,0,0,29/01/2025 03:00,29/01/2025 04:00,31/05/2025 06:40
Nederland,ElectricityLoad,Hour,10965594,10965594,0,0,29/01/2025 04:00,29/01/2025 05:00,31/05/2025 06:40
Nederland,ElectricityLoad,Hour,12124292,12124292,0,0,29/01/2025 05:00,29/01/2025 06:00,31/05/2025 06:40
Nederland,ElectricityLoad,Hour,13723977,13723977,0,0,29/01/2025 06:00,29/01/2025 07:00,31/05/2025 06:40
Nederland,ElectricityLoad,Hour,14917180,14917180,0,0,29/01/2025 07:00,29/01/2025 08:00,31/05/2025 06:40
Nederland,ElectricityLoad,Hour,15681816,15681816,0,0,29/01/2025 08:00,29/01/2025 09:00,31/05/2025 06:40
Nederland,ElectricityLoad,Hour,16760549,16760549,0,0,29/01/2025 09:00,29/01/2025 10:00,31/05/2025 06:40
Nederland,ElectricityLoad,Hour,17267911,17267911,0,0,29/01/2025 10:00,29/01/2025 11:00,31/05/2025 06:40
Nederland,ElectricityLoad,Hour,18118288,18118288,0,0,29/01/2025 11:00,29/01/2025 12:00,31/05/2025 06:40
Nederland,ElectricityLoad,Hour,17402700,17402700,0,0,29/01/2025 12:00,29/01/2025 13:00,31/05/2025 06:40
Nederland,ElectricityLoad,Hour,17858356,17858356,0,0,29/01/2025 13:00,29/01/2025 14:00,31/05/2025 06:40
Nederland,ElectricityLoad,Hour,16933320,16933320,0,0,29/01/2025 14:00,29/01/2025 15:00,31/05/2025 06:40
Nederland,ElectricityLoad,Hour,15705405,15705405,0,0,29/01/2025 15:00,29/01/2025 16:00,31/05/2025 06:40
Nederland,ElectricityLoad,Hour,14458951,14458951,0,0,29/01/2025 16:00,29/01/2025 17:00,31/05/2025 06:40
Nederland,ElectricityLoad,Hour,13699222,13699222,0,0,29/01/2025 17:00,29/01/2025 18:00,31/05/2025 06:40
Nederland,ElectricityLoad,Hour,12632473,12632473,0,0,29/01/2025 18:00,29/01/2025 19:00,31/05/2025 06:40
Nederland,ElectricityLoad,Hour,11825843,11825843,0,0,29/01/2025 19:00,29/01/2025 20:00,31/05/2025 06:40
Nederland,ElectricityLoad,Hour,11239144,11239144,0,0,29/01/2025 20:00,29/01/2025 21:00,31/05/2025 06:40
Nederland,ElectricityLoad,Hour,10807655,10807655,0,0,29/01/2025 21:00,29/01/2025 22:00,31/05/2025 06:40
Nederland,ElectricityLoad,Hour,10230900,10230900,0,0,29/01/2025 22:00,29/01/2025 23:00,31/05/2025 06:40
Nederland,ElectricityLoad,Hour,10013391,10013391,0,0,29/01/2025 23:00,30/01/2025 00:00,31/05/2025 06:40
Nederland,ElectricityLoad,Hour,9744016,9744016,0,0,30/01/2025 00:00,30/01/2025 01:00,01/06/2025 06:39
Nederland,ElectricityLoad,Hour,9624074,9624074,0,0,30/01/2025 01:00,30/01/2025 02:00,01/06/2025 06:39
Nederland,ElectricityLoad,Hour,9609502,9609502,0,0,30/01/2025 02:00,30/01/2025 03:00,01/06/2025 06:39
Nederland,ElectricityLoad,Hour,9719928,9719928,0,0,30/01/2025 03:00,30/01/2025 04:00,01/06/2025 06:39
Nederland,ElectricityLoad,Hour,10123689,10123689,0,0,30/01/2025 04:00,30/01/2025 05:00,01/06/2025 06:39
Nederland,ElectricityLoad,Hour,11272802,11272802,0,0,30/01/2025 05:00,30/01/2025 06:00,01/06/2025 06:39
Nederland,ElectricityLoad,Hour,13119719,13119719,0,0,30/01/2025 06:00,30/01/2025 07:00,01/06/2025 06:39
Nederland,ElectricityLoad,Hour,14069275,14069275,0,0,30/01/2025 07:00,30/01/2025 08:00,01/06/2025 06:39
Nederland,ElectricityLoad,Hour,14777357,14777357,0,0,30/01/2025 08:00,30/01/2025 09:00,01/06/2025 06:39
Nederland,ElectricityLoad,Hour,15429690,15429690,0,0,30/01/2025 09:00,30/01/2025 10:00,01/06/2025 06:39
Nederland,ElectricityLoad,Hour,16028972,16028972,0,0,30/01/2025 10:00,30/01/2025 11:00,01/06/2025 06:39
Nederland,ElectricityLoad,Hour,16607071,16607071,0,0,30/01/2025 11:00,30/01/2025 12:00,01/06/2025 06:39
Nederland,ElectricityLoad,Hour,16627391,16627391,0,0,30/01/2025 12:00,30/01/2025 13:00,01/06/2025 06:39
Nederland,ElectricityLoad,Hour,16440144,16440144,0,0,30/01/2025 13:00,30/01/2025 14:00,01/06/2025 06:39
Nederland,ElectricityLoad,Hour,16418222,16418222,0,0,30/01/2025 14:00,30/01/2025 15:00,01/06/2025 06:39
Nederland,ElectricityLoad,Hour,16068665,16068665,0,0,30/01/2025 15:00,30/01/2025 16:00,01/06/2025 06:39
Nederland,ElectricityLoad,Hour,14770583,14770583,0,0,30/01/2025 16:00,30/01/2025 17:00,01/06/2025 06:39
Nederland,ElectricityLoad,Hour,14047896,14047896,0,0,30/01/2025 17:00,30/01/2025 18:00,01/06/2025 06:39
Nederland,ElectricityLoad,Hour,13228962,13228962,0,0,30/01/2025 18:00,30/01/2025 19:00,01/06/2025 06:39
Nederland,ElectricityLoad,Hour,12895756,12895756,0,0,30/01/2025 19:00,30/01/2025 20:00,01/06/2025 06:39
Nederland,ElectricityLoad,Hour,12150348,12150348,0,0,30/01/2025 20:00,30/01/2025 21:00,01/06/2025 06:39
Nederland,ElectricityLoad,Hour,11396823,11396823,0,0,30/01/2025 21:00,30/01/2025 22:00,01/06/2025 06:39
Nederland,ElectricityLoad,Hour,10428162,10428162,0,0,30/01/2025 22:00,30/01/2025 23:00,01/06/2025 06:39
Nederland,ElectricityLoad,Hour,10483260,10483260,0,0,30/01/2025 23:00,31/01/2025 00:00,01/06/2025 06:39
Nederland,ElectricityLoad,Hour,10334217,10334217,0,0,31/01/2025 00:00,31/01/2025 01:00,02/06/2025 06:40
Nederland,ElectricityLoad,Hour,10214601,10214601,0,0,31/01/2025 01:00,31/01/2025 02:00,02/06/2025 06:40
Nederland,ElectricityLoad,Hour,10074482,10074482,0,0,31/01/2025 02:00,31/01/2025 03:00,02/06/2025 06:40
Nederland,ElectricityLoad,Hour,10052709,10052709,0,0,31/01/2025 03:00,31/01/2025 04:00,02/06/2025 06:40
Nederland,ElectricityLoad,Hour,10256280,10256280,0,0,31/01/2025 04:00,31/01/2025 05:00,02/06/2025 06:40
Nederland,ElectricityLoad,Hour,11186814,11186814,0,0,31/01/2025 05:00,31/01/2025 06:00,02/06/2025 06:40
Nederland,ElectricityLoad,Hour,12898760,12898760,0,0,31/01/2025 06:00,31/01/2025 07:00,02/06/2025 06:40
Nederland,ElectricityLoad,Hour,14115275,14115275,0,0,31/01/2025 07:00,31/01/2025 08:00,02/06/2025 06:40
Nederland,ElectricityLoad,Hour,15173846,15173846,0,0,31/01/2025 08:00,31/01/2025 09:00,02/06/2025 06:40
Nederland,ElectricityLoad,Hour,16195196,16195196,0,0,31/01/2025 09:00,31/01/2025 10:00,02/06/2025 06:40
Nederland,ElectricityLoad,Hour,17550304,17550304,0,0,31/01/2025 10:00,31/01/2025 11:00,02/06/2025 06:40
Nederland,ElectricityLoad,Hour,17697390,17697390,0,0,31/01/2025 11:00,31/01/2025 12:00,02/06/2025 06:40
Nederland,ElectricityLoad,Hour,17812127,17812127,0,0,31/01/2025 12:00,31/01/2025 13:00,02/06/2025 06:40
Nederland,ElectricityLoad,Hour,18066744,18066744,0,0,31/01/2025 13:00,31/01/2025 14:00,02/06/2025 06:40
Nederland,ElectricityLoad,Hour,17331123,17331123,0,0,31/01/2025 14:00,31/01/2025 15:00,02/06/2025 06:40
Nederland,ElectricityLoad,Hour,15204941,15204941,0,0,31/01/2025 15:00,31/01/2025 16:00,02/06/2025 06:40
Nederland,ElectricityLoad,Hour,14291567,14291567,0,0,31/01/2025 16:00,31/01/2025 17:00,02/06/2025 06:40
Nederland,ElectricityLoad,Hour,13942726,13942726,0,0,31/01/2025 17:00,31/01/2025 18:00,02/06/2025 06:40
Nederland,ElectricityLoad,Hour,13440966,13440966,0,0,31/01/2025 18:00,31/01/2025 19:00,02/06/2025 06:40
Nederland,ElectricityLoad,Hour,12847245,12847245,0,0,31/01/2025 19:00,31/01/2025 20:00,02/06/2025 06:40
Nederland,ElectricityLoad,Hour,12370516,12370516,0,0,31/01/2025 20:00,31/01/2025 21:00,02/06/2025 06:40
Nederland,ElectricityLoad,Hour,11724344,11724344,0,0,31/01/2025 21:00,31/01/2025 22:00,02/06/2025 06:40
Nederland,ElectricityLoad,Hour,10979835,10979835,0,0,31/01/2025 22:00,31/01/2025 23:00,02/06/2025 06:40
Nederland,ElectricityLoad,Hour,10630590,10630590,0,0,31/01/2025 23:00,01/02/2025 00:00,02/06/2025 06:40
Nederland,ElectricityLoad,Hour,10266492,10266492,0,0,01/02/2025 00:00,01/02/2025 01:00,03/06/2025 06:40
Nederland,ElectricityLoad,Hour,10193251,10193251,0,0,01/02/2025 01:00,01/02/2025 02:00,03/06/2025 06:40
Nederland,ElectricityLoad,Hour,10187781,10187781,0,0,01/02/2025 02:00,01/02/2025 03:00,03/06/2025 06:40
Nederland,ElectricityLoad,Hour,10309501,10309501,0,0,01/02/2025 03:00,01/02/2025 04:00,03/06/2025 06:40
Nederland,ElectricityLoad,Hour,10459372,10459372,0,0,01/02/2025 04:00,01/02/2025 05:00,03/06/2025 06:40
Nederland,ElectricityLoad,Hour,10949929,10949929,0,0,01/02/2025 05:00,01/02/2025 06:00,03/06/2025 06:40
Nederland,ElectricityLoad,Hour,11692583,11692583,0,0,01/02/2025 06:00,01/02/2025 07:00,03/06/2025 06:40
Nederland,ElectricityLoad,Hour,12534854,12534854,0,0,01/02/2025 07:00,01/02/2025 08:00,03/06/2025 06:40
Nederland,ElectricityLoad,Hour,14333727,14333727,0,0,01/02/2025 08:00,01/02/2025 09:00,03/06/2025 06:40
Nederland,ElectricityLoad,Hour,16771240,16771240,0,0,01/02/2025 09:00,01/02/2025 10:00,03/06/2025 06:40
Nederland,ElectricityLoad,Hour,16327758,16327758,0,0,01/02/2025 10:00,01/02/2025 11:00,03/06/2025 06:40
Nederland,ElectricityLoad,Hour,15979334,15979334,0,0,01/02/2025 11:00,01/02/2025 12:00,03/06/2025 06:40
Nederland,ElectricityLoad,Hour,15950339,15950339,0,0,01/02/2025 12:00,01/02/2025 13:00,03/06/2025 06:40
Nederland,ElectricityLoad,Hour,15715855,15715855,0,0,01/02/2025 13:00,01/02/2025 14:00,03/06/2025 06:40
Nederland,ElectricityLoad,Hour,14836492,14836492,0,0,01/02/2025 14:00,01/02/2025 15:00,03/06/2025 06:40
Nederland,ElectricityLoad,Hour,13880035,13880035,0,0,01/02/2025 15:00,01/02/2025 16:00,03/06/2025 06:40
Nederland,ElectricityLoad,Hour,12703372,12703372,0,0,01/02/2025 16:00,01/02/2025 17:00,03/06/2025 06:40
Nederland,ElectricityLoad,Hour,12815139,12815139,0,0,01/02/2025 17:00,01/02/2025 18:00,03/06/2025 06:40
Nederland,ElectricityLoad,Hour,12428780,12428780,0,0,01/02/2025 18:00,01/02/2025 19:00,03/06/2025 06:40
Nederland,ElectricityLoad,Hour,11827501,11827501,0,0,01/02/2025 19:00,01/02/2025 20:00,03/06/2025 06:40
Nederland,ElectricityLoad,Hour,11372772,11372772,0,0,01/02/2025 20:00,01/02/2025 21:00,03/06/2025 06:40
Nederland,ElectricityLoad,Hour,10766672,10766672,0,0,01/02/2025 21:00,01/02/2025 22:00,03/06/2025 06:40
Nederland,ElectricityLoad,Hour,10281192,10281192,0,0,01/02/2025 22:00,01/02/2025 23:00,03/06/2025 06:40
Nederland,ElectricityLoad,Hour,10100832,10100832,0,0,01/02/2025 23:00,02/02/2025 00:00,03/06/2025 06:40
Nederland,ElectricityLoad,Hour,9627892,9627892,0,0,02/02/2025 00:00,02/02/2025 01:00,04/06/2025 06:40
Nederland,ElectricityLoad,Hour,9387971,9387971,0,0,02/02/2025 01:00,02/02/2025 02:00,04/06/2025 06:40
Nederland,ElectricityLoad,Hour,9325117,9325117,0,0,02/02/2025 02:00,02/02/2025 03:00,04/06/2025 06:40
Nederland,ElectricityLoad,Hour,9416463,9416463,0,0,02/02/2025 03:00,02/02/2025 04:00,04/06/2025 06:40
Nederland,ElectricityLoad,Hour,9652697,9652697,0,0,02/02/2025 04:00,02/02/2025 05:00,04/06/2025 06:40
Nederland,ElectricityLoad,Hour,10010618,10010618,0,0,02/02/2025 05:00,02/02/2025 06:00,04/06/2025 06:40
Nederland,ElectricityLoad,Hour,10577924,10577924,0,0,02/02/2025 06:00,02/02/2025 07:00,04/06/2025 06:40
Nederland,ElectricityLoad,Hour,11473920,11473920,0,0,02/02/2025 07:00,02/02/2025 08:00,04/06/2025 06:40
Nederland,ElectricityLoad,Hour,14418284,14418284,0,0,02/02/2025 08:00,02/02/2025 09:00,04/06/2025 06:40
Nederland,ElectricityLoad,Hour,16603942,16603942,0,0,02/02/2025 09:00,02/02/2025 10:00,04/06/2025 06:40
Nederland,ElectricityLoad,Hour,18058643,18058643,0,0,02/02/2025 10:00,02/02/2025 11:00,04/06/2025 06:40
Nederland,ElectricityLoad,Hour,16845251,16845251,0,0,02/02/2025 11:00,02/02/2025 12:00,04/06/2025 06:40
Nederland,ElectricityLoad,Hour,16308610,16308610,0,0,02/02/2025 12:00,02/02/2025 13:00,04/06/2025 06:40
Nederland,ElectricityLoad,Hour,15627031,15627031,0,0,02/02/2025 13:00,02/02/2025 14:00,04/06/2025 06:40
Nederland,ElectricityLoad,Hour,14687279,14687279,0,0,02/02/2025 14:00,02/02/2025 15:00,04/06/2025 06:40
Nederland,ElectricityLoad,Hour,13676443,13676443,0,0,02/02/2025 15:00,02/02/2025 16:00,04/06/2025 06:40
Nederland,ElectricityLoad,Hour,13137299,13137299,0,0,02/02/2025 16:00,02/02/2025 17:00,04/06/2025 06:40
Nederland,ElectricityLoad,Hour,13533434,13533434,0,0,02/02/2025 17:00,02/02/2025 18:00,04/06/2025 06:40
Nederland,ElectricityLoad,Hour,13340734,13340734,0,0,02/02/2025 18:00,02/02/2025 19:00,04/06/2025 06:40
Nederland,ElectricityLoad,Hour,12920703,12920703,0,0,02/02/2025 19:00,02/02/2025 20:00,04/06/2025 06:40
Nederland,ElectricityLoad,Hour,12540705,12540705,0,0,02/02/2025 20:00,02/02/2025 21:00,04/06/2025 06:40
Nederland,ElectricityLoad,Hour,11865800,11865800,0,0,02/02/2025 21:00,02/02/2025 22:00,04/06/2025 06:40
Nederland,ElectricityLoad,Hour,10999986,10999986,0,0,02/02/2025 22:00,02/02/2025 23:00,04/06/2025 06:40
Nederland,ElectricityLoad,Hour,10587789,10587789,0,0,02/02/2025 23:00,03/02/2025 00:00,04/06/2025 06:40
Nederland,ElectricityLoad,Hour,10565583,10565583,0,0,03/02/2025 00:00,03/02/2025 01:00,05/06/2025 06:40
Nederland,ElectricityLoad,Hour,10488658,10488658,0,0,03/02/2025 01:00,03/02/2025 02:00,05/06/2025 06:40
Nederland,ElectricityLoad,Hour,10491925,10491925,0,0,03/02/2025 02:00,03/02/2025 03:00,05/06/2025 06:40
Nederland,ElectricityLoad,Hour,10457222,10457222,0,0,03/02/2025 03:00,03/02/2025 04:00,05/06/2025 06:40
Nederland,ElectricityLoad,Hour,11198749,11198749,0,0,03/02/2025 04:00,03/02/2025 05:00,05/06/2025 06:40
Nederland,ElectricityLoad,Hour,12788574,12788574,0,0,03/02/2025 05:00,03/02/2025 06:00,05/06/2025 06:40
Nederland,ElectricityLoad,Hour,14790200,14790200,0,0,03/02/2025 06:00,03/02/2025 07:00,05/06/2025 06:40
Nederland,ElectricityLoad,Hour,16016147,16016147,0,0,03/02/2025 07:00,03/02/2025 08:00,05/06/2025 06:40
Nederland,ElectricityLoad,Hour,18077662,18077662,0,0,03/02/2025 08:00,03/02/2025 09:00,05/06/2025 06:40
Nederland,ElectricityLoad,Hour,19542670,19542670,0,0,03/02/2025 09:00,03/02/2025 10:00,05/06/2025 06:40
Nederland,ElectricityLoad,Hour,20132667,20132667,0,0,03/02/2025 10:00,03/02/2025 11:00,05/06/2025 06:40
Nederland,ElectricityLoad,Hour,19127118,19127118,0,0,03/02/2025 11:00,03/02/2025 12:00,05/06/2025 06:40
Nederland,ElectricityLoad,Hour,19036040,19036040,0,0,03/02/2025 12:00,03/02/2025 13:00,05/06/2025 06:40
Nederland,ElectricityLoad,Hour,18914301,18914301,0,0,03/02/2025 13:00,03/02/2025 14:00,05/06/2025 06:40
Nederland,ElectricityLoad,Hour,18123024,18123024,0,0,03/02/2025 14:00,03/02/2025 15:00,05/06/2025 06:40
Nederland,ElectricityLoad,Hour,16688948,16688948,0,0,03/02/2025 15:00,03/02/2025 16:00,05/06/2025 06:40
Nederland,ElectricityLoad,Hour,15441528,15441528,0,0,03/02/2025 16:00,03/02/2025 17:00,05/06/2025 06:40
Nederland,ElectricityLoad,Hour,14973262,14973262,0,0,03/02/2025 17:00,03/02/2025 18:00,05/06/2025 06:40
Nederland,ElectricityLoad,Hour,14307730,14307730,0,0,03/02/2025 18:00,03/02/2025 19:00,05/06/2025 06:40
Nederland,ElectricityLoad,Hour,13636913,13636913,0,0,03/02/2025 19:00,03/02/2025 20:00,05/06/2025 06:40
Nederland,ElectricityLoad,Hour,12994512,12994512,0,0,03/02/2025 20:00,03/02/2025 21:00,05/06/2025 06:40
Nederland,ElectricityLoad,Hour,12220146,12220146,0,0,03/02/2025 21:00,03/02/2025 22:00,05/06/2025 06:40
Nederland,ElectricityLoad,Hour,10831965,10831965,0,0,03/02/2025 22:00,03/02/2025 23:00,05/06/2025 06:40
Nederland,ElectricityLoad,Hour,10266758,10266758,0,0,03/02/2025 23:00,04/02/2025 00:00,05/06/2025 06:40
Nederland,ElectricityLoad,Hour,9980894,9980894,0,0,04/02/2025 00:00,04/02/2025 01:00,06/06/2025 06:40
Nederland,ElectricityLoad,Hour,9970652,9970652,0,0,04/02/2025 01:00,04/02/2025 02:00,06/06/2025 06:40
Nederland,ElectricityLoad,Hour,9945337,9945337,0,0,04/02/2025 02:00,04/02/2025 03:00,06/06/2025 06:40
Nederland,ElectricityLoad,Hour,10079046,10079046,0,0,04/02/2025 03:00,04/02/2025 04:00,06/06/2025 06:40
Nederland,ElectricityLoad,Hour,10575077,10575077,0,0,04/02/2025 04:00,04/02/2025 05:00,06/06/2025 06:40
Nederland,ElectricityLoad,Hour,11916712,11916712,0,0,04/02/2025 05:00,04/02/2025 06:00,06/06/2025 06:40
Nederland,ElectricityLoad,Hour,13994922,13994922,0,0,04/02/2025 06:00,04/02/2025 07:00,06/06/2025 06:40
Nederland,ElectricityLoad,Hour,15348574,15348574,0,0,04/02/2025 07:00,04/02/2025 08:00,06/06/2025 06:40
Nederland,ElectricityLoad,Hour,16249374,16249374,0,0,04/02/2025 08:00,04/02/2025 09:00,06/06/2025 06:40
Nederland,ElectricityLoad,Hour,16721144,16721144,0,0,04/02/2025 09:00,04/02/2025 10:00,06/06/2025 06:40
Nederland,ElectricityLoad,Hour,17474115,17474115,0,0,04/02/2025 10:00,04/02/2025 11:00,06/06/2025 06:40
Nederland,ElectricityLoad,Hour,17709175,17709175,0,0,04/02/2025 11:00,04/02/2025 12:00,06/06/2025 06:40
Nederland,ElectricityLoad,Hour,17960156,17960156,0,0,04/02/2025 12:00,04/02/2025 13:00,06/06/2025 06:40
Nederland,ElectricityLoad,Hour,17749841,17749841,0,0,04/02/2025 13:00,04/02/2025 14:00,06/06/2025 06:40
Nederland,ElectricityLoad,Hour,17027304,17027304,0,0,04/02/2025 14:00,04/02/2025 15:00,06/06/2025 06:40
Nederland,ElectricityLoad,Hour,16952321,16952321,0,0,04/02/2025 15:00,04/02/2025 16:00,06/06/2025 06:40
Nederland,ElectricityLoad,Hour,16200827,16200827,0,0,04/02/2025 16:00,04/02/2025 17:00,06/06/2025 06:40
Nederland,ElectricityLoad,Hour,14971683,14971683,0,0,04/02/2025 17:00,04/02/2025 18:00,06/06/2025 06:40
Nederland,ElectricityLoad,Hour,14263677,14263677,0,0,04/02/2025 18:00,04/02/2025 19:00,06/06/2025 06:40
Nederland,ElectricityLoad,Hour,13683250,13683250,0,0,04/02/2025 19:00,04/02/2025 20:00,06/06/2025 06:40
Nederland,ElectricityLoad,Hour,12985154,12985154,0,0,04/02/2025 20:00,04/02/2025 21:00,06/06/2025 06:40
Nederland,ElectricityLoad,Hour,12643591,12643591,0,0,04/02/2025 21:00,04/02/2025 22:00,06/06/2025 06:40
Nederland,ElectricityLoad,Hour,11810671,11810671,0,0,04/02/2025 22:00,04/02/2025 23:00,06/06/2025 06:40
Nederland,ElectricityLoad,Hour,11118629,11118629,0,0,04/02/2025 23:00,05/02/2025 00:00,06/06/2025 06:40
Nederland,ElectricityLoad,Hour,10977666,10977666,0,0,05/02/2025 00:00,05/02/2025 01:00,07/06/2025 06:42
Nederland,ElectricityLoad,Hour,10903329,10903329,0,0,05/02/2025 01:00,05/02/2025 02:00,07/06/2025 06:42
Nederland,ElectricityLoad,Hour,10561904,10561904,0,0,05/02/2025 02:00,05/02/2025 03:00,07/06/2025 06:42
Nederland,ElectricityLoad,Hour,10456804,10456804,0,0,05/02/2025 03:00,05/02/2025 04:00,07/06/2025 06:42
Nederland,ElectricityLoad,Hour,10290722,10290722,0,0,05/02/2025 04:00,05/02/2025 05:00,07/06/2025 06:42
Nederland,ElectricityLoad,Hour,11628071,11628071,0,0,05/02/2025 05:00,05/02/2025 06:00,07/06/2025 06:42
Nederland,ElectricityLoad,Hour,13279500,13279500,0,0,05/02/2025 06:00,05/02/2025 07:00,07/06/2025 06:42
Nederland,ElectricityLoad,Hour,14408610,14408610,0,0,05/02/2025 07:00,05/02/2025 08:00,07/06/2025 06:42
Nederland,ElectricityLoad,Hour,15447452,15447452,0,0,05/02/2025 08:00,05/02/2025 09:00,07/06/2025 06:42
Nederland,ElectricityLoad,Hour,16643342,16643342,0,0,05/02/2025 09:00,05/02/2025 10:00,07/06/2025 06:42
Nederland,ElectricityLoad,Hour,17571521,17571521,0,0,05/02/2025 10:00,05/02/2025 11:00,07/06/2025 06:42
Nederland,ElectricityLoad,Hour,18204265,18204265,0,0,05/02/2025 11:00,05/02/2025 12:00,07/06/2025 06:42
Nederland,ElectricityLoad,Hour,18432577,18432577,0,0,05/02/2025 12:00,05/02/2025 13:00,07/06/2025 06:42
Nederland,ElectricityLoad,Hour,18223251,18223251,0,0,05/02/2025 13:00,05/02/2025 14:00,07/06/2025 06:42
Nederland,ElectricityLoad,Hour,17356285,17356285,0,0,05/02/2025 14:00,05/02/2025 15:00,07/06/2025 06:42
Nederland,ElectricityLoad,Hour,15816936,15816936,0,0,05/02/2025 15:00,05/02/2025 16:00,07/06/2025 06:42
Nederland,ElectricityLoad,Hour,15046439,15046439,0,0,05/02/2025 16:00,05/02/2025 17:00,07/06/2025 06:42
Nederland,ElectricityLoad,Hour,14803723,14803723,0,0,05/02/2025 17:00,05/02/2025 18:00,07/06/2025 06:42
Nederland,ElectricityLoad,Hour,14275976,14275976,0,0,05/02/2025 18:00,05/02/2025 19:00,07/06/2025 06:42
Nederland,ElectricityLoad,Hour,13651981,13651981,0,0,05/02/2025 19:00,05/02/2025 20:00,07/06/2025 06:42
Nederland,ElectricityLoad,Hour,12914427,12914427,0,0,05/02/2025 20:00,05/02/2025 21:00,07/06/2025 06:42
Nederland,ElectricityLoad,Hour,12361560,12361560,0,0,05/02/2025 21:00,05/02/2025 22:00,07/06/2025 06:42
Nederland,ElectricityLoad,Hour,11614626,11614626,0,0,05/02/2025 22:00,05/02/2025 23:00,07/06/2025 06:42
Nederland,ElectricityLoad,Hour,11340675,11340675,0,0,05/02/2025 23:00,06/02/2025 00:00,07/06/2025 06:42
Nederland,ElectricityLoad,Hour,10923653,10923653,0,0,06/02/2025 00:00,06/02/2025 01:00,08/06/2025 06:42
Nederland,ElectricityLoad,Hour,10726074,10726074,0,0,06/02/2025 01:00,06/02/2025 02:00,08/06/2025 06:42
Nederland,ElectricityLoad,Hour,10579333,10579333,0,0,06/02/2025 02:00,06/02/2025 03:00,08/06/2025 06:42
Nederland,ElectricityLoad,Hour,10590176,10590176,0,0,06/02/2025 03:00,06/02/2025 04:00,08/06/2025 06:42
Nederland,ElectricityLoad,Hour,10785992,10785992,0,0,06/02/2025 04:00,06/02/2025 05:00,08/06/2025 06:42
Nederland,ElectricityLoad,Hour,11725519,11725519,0,0,06/02/2025 05:00,06/02/2025 06:00,08/06/2025 06:42
Nederland,ElectricityLoad,Hour,13314989,13314989,0,0,06/02/2025 06:00,06/02/2025 07:00,08/06/2025 06:42
Nederland,ElectricityLoad,Hour,14679895,14679895,0,0,06/02/2025 07:00,06/02/2025 08:00,08/06/2025 06:42
Nederland,ElectricityLoad,Hour,15730622,15730622,0,0,06/02/2025 08:00,06/02/2025 09:00,08/06/2025 06:42
Nederland,ElectricityLoad,Hour,16620872,16620872,0,0,06/02/2025 09:00,06/02/2025 10:00,08/06/2025 06:42
Nederland,ElectricityLoad,Hour,17280892,17280892,0,0,06/02/2025 10:00,06/02/2025 11:00,08/06/2025 06:42
Nederland,ElectricityLoad,Hour,18512661,18512661,0,0,06/02/2025 11:00,06/02/2025 12:00,08/06/2025 06:42
Nederland,ElectricityLoad,Hour,18831869,18831869,0,0,06/02/2025 12:00,06/02/2025 13:00,08/06/2025 06:42
Nederland,ElectricityLoad,Hour,17948775,17948775,0,0,06/02/2025 13:00,06/02/2025 14:00,08/06/2025 06:42
Nederland,ElectricityLoad,Hour,18591781,18591781,0,0,06/02/2025 14:00,06/02/2025 15:00,08/06/2025 06:42
Nederland,ElectricityLoad,Hour,17132182,17132182,0,0,06/02/2025 15:00,06/02/2025 16:00,08/06/2025 06:42
Nederland,ElectricityLoad,Hour,15500841,15500841,0,0,06/02/2025 16:00,06/02/2025 17:00,08/06/2025 06:42
Nederland,ElectricityLoad,Hour,14392479,14392479,0,0,06/02/2025 17:00,06/02/2025 18:00,08/06/2025 06:42
Nederland,ElectricityLoad,Hour,13476540,13476540,0,0,06/02/2025 18:00,06/02/2025 19:00,08/06/2025 06:42
Nederland,ElectricityLoad,Hour,12366395,12366395,0,0,06/02/2025 19:00,06/02/2025 20:00,08/06/2025 06:42
Nederland,ElectricityLoad,Hour,11938254,11938254,0,0,06/02/2025 20:00,06/02/2025 21:00,08/06/2025 06:42
Nederland,ElectricityLoad,Hour,11512885,11512885,0,0,06/02/2025 21:00,06/02/2025 22:00,08/06/2025 06:42
Nederland,ElectricityLoad,Hour,10755140,10755140,0,0,06/02/2025 22:00,06/02/2025 23:00,08/06/2025 06:42
Nederland,ElectricityLoad,Hour,10223141,10223141,0,0,06/02/2025 23:00,07/02/2025 00:00,08/06/2025 06:42
Nederland,ElectricityLoad,Hour,9928977,9928977,0,0,07/02/2025 00:00,07/02/2025 01:00,09/06/2025 06:42
Nederland,ElectricityLoad,Hour,10055817,10055817,0,0,07/02/2025 01:00,07/02/2025 02:00,09/06/2025 06:42
Nederland,ElectricityLoad,Hour,10546682,10546682,0,0,07/02/2025 02:00,07/02/2025 03:00,09/06/2025 06:42
Nederland,ElectricityLoad,Hour,10669526,10669526,0,0,07/02/2025 03:00,07/02/2025 04:00,09/06/2025 06:42
Nederland,ElectricityLoad,Hour,11242554,11242554,0,0,07/02/2025 04:00,07/02/2025 05:00,09/06/2025 06:42
Nederland,ElectricityLoad,Hour,12864904,12864904,0,0,07/02/2025 05:00,07/02/2025 06:00,09/06/2025 06:42
Nederland,ElectricityLoad,Hour,14477914,14477914,0,0,07/02/2025 06:00,07/02/2025 07:00,09/06/2025 06:42
Nederland,ElectricityLoad,Hour,15753530,15753530,0,0,07/02/2025 07:00,07/02/2025 08:00,09/06/2025 06:42
Nederland,ElectricityLoad,Hour,16869087,16869087,0,0,07/02/2025 08:00,07/02/2025 09:00,09/06/2025 06:42
Nederland,ElectricityLoad,Hour,17629892,17629892,0,0,07/02/2025 09:00,07/02/2025 10:00,09/06/2025 06:42
Nederland,ElectricityLoad,Hour,18363090,18363090,0,0,07/02/2025 10:00,07/02/2025 11:00,09/06/2025 06:42
Nederland,ElectricityLoad,Hour,19153604,19153604,0,0,07/02/2025 11:00,07/02/2025 12:00,09/06/2025 06:42
Nederland,ElectricityLoad,Hour,18766085,18766085,0,0,07/02/2025 12:00,07/02/2025 13:00,09/06/2025 06:42
Nederland,ElectricityLoad,Hour,17812020,17812020,0,0,07/02/2025 13:00,07/02/2025 14:00,09/06/2025 06:42
Nederland,ElectricityLoad,Hour,17530583,17530583,0,0,07/02/2025 14:00,07/02/2025 15:00,09/06/2025 06:42
Nederland,ElectricityLoad,Hour,16745780,16745780,0,0,07/02/2025 15:00,07/02/2025 16:00,09/06/2025 06:42
Nederland,ElectricityLoad,Hour,16024010,16024010,0,0,07/02/2025 16:00,07/02/2025 17:00,09/06/2025 06:42
Nederland,ElectricityLoad,Hour,15383997,15383997,0,0,07/02/2025 17:00,07/02/2025 18:00,09/06/2025 06:42
Nederland,ElectricityLoad,Hour,15016837,15016837,0,0,07/02/2025 18:00,07/02/2025 19:00,09/06/2025 06:42
Nederland,ElectricityLoad,Hour,14515322,14515322,0,0,07/02/2025 19:00,07/02/2025 20:00,09/06/2025 06:42
Nederland,ElectricityLoad,Hour,13818478,13818478,0,0,07/02/2025 20:00,07/02/2025 21:00,09/06/2025 06:42
Nederland,ElectricityLoad,Hour,12984120,12984120,0,0,07/02/2025 21:00,07/02/2025 22:00,09/06/2025 06:42
Nederland,ElectricityLoad,Hour,12303248,12303248,0,0,07/02/2025 22:00,07/02/2025 23:00,09/06/2025 06:42
Nederland,ElectricityLoad,Hour,11975716,11975716,0,0,07/02/2025 23:00,08/02/2025 00:00,09/06/2025 06:42
Nederland,ElectricityLoad,Hour,11483855,11483855,0,0,08/02/2025 00:00,08/02/2025 01:00,10/06/2025 06:42
Nederland,ElectricityLoad,Hour,11154056,11154056,0,0,08/02/2025 01:00,08/02/2025 02:00,10/06/2025 06:42
Nederland,ElectricityLoad,Hour,10915667,10915667,0,0,08/02/2025 02:00,08/02/2025 03:00,10/06/2025 06:42
Nederland,ElectricityLoad,Hour,10747668,10747668,0,0,08/02/2025 03:00,08/02/2025 04:00,10/06/2025 06:42
Nederland,ElectricityLoad,Hour,10881456,10881456,0,0,08/02/2025 04:00,08/02/2025 05:00,10/06/2025 06:42
Nederland,ElectricityLoad,Hour,11386354,11386354,0,0,08/02/2025 05:00,08/02/2025 06:00,10/06/2025 06:42
Nederland,ElectricityLoad,Hour,12334824,12334824,0,0,08/02/2025 06:00,08/02/2025 07:00,10/06/2025 06:42
Nederland,ElectricityLoad,Hour,13159972,13159972,0,0,08/02/2025 07:00,08/02/2025 08:00,10/06/2025 06:42
Nederland,ElectricityLoad,Hour,14128541,14128541,0,0,08/02/2025 08:00,08/02/2025 09:00,10/06/2025 06:42
Nederland,ElectricityLoad,Hour,14758892,14758892,0,0,08/02/2025 09:00,08/02/2025 10:00,10/06/2025 06:42
Nederland,ElectricityLoad,Hour,15499259,15499259,0,0,08/02/2025 10:00,08/02/2025 11:00,10/06/2025 06:42
Nederland,ElectricityLoad,Hour,15943697,15943697,0,0,08/02/2025 11:00,08/02/2025 12:00,10/06/2025 06:42
Nederland,ElectricityLoad,Hour,15828035,15828035,0,0,08/02/2025 12:00,08/02/2025 13:00,10/06/2025 06:42
Nederland,ElectricityLoad,Hour,15458789,15458789,0,0,08/02/2025 13:00,08/02/2025 14:00,10/06/2025 06:42
Nederland,ElectricityLoad,Hour,14857043,14857043,0,0,08/02/2025 14:00,08/02/2025 15:00,10/06/2025 06:42
Nederland,ElectricityLoad,Hour,13750271,13750271,0,0,08/02/2025 15:00,08/02/2025 16:00,10/06/2025 06:42
Nederland,ElectricityLoad,Hour,13098600,13098600,0,0,08/02/2025 16:00,08/02/2025 17:00,10/06/2025 06:42
Nederland,ElectricityLoad,Hour,12942737,12942737,0,0,08/02/2025 17:00,08/02/2025 18:00,10/06/2025 06:42
Nederland,ElectricityLoad,Hour,12264297,12264297,0,0,08/02/2025 18:00,08/02/2025 19:00,10/06/2025 06:42
Nederland,ElectricityLoad,Hour,11492141,11492141,0,0,08/02/2025 19:00,08/02/2025 20:00,10/06/2025 06:42
Nederland,ElectricityLoad,Hour,10948132,10948132,0,0,08/02/2025 20:00,08/02/2025 21:00,10/06/2025 06:42
Nederland,ElectricityLoad,Hour,10416114,10416114,0,0,08/02/2025 21:00,08/02/2025 22:00,10/06/2025 06:42
Nederland,ElectricityLoad,Hour,9978050,9978050,0,0,08/02/2025 22:00,08/02/2025 23:00,10/06/2025 06:42
Nederland,ElectricityLoad,Hour,9412502,9412502,0,0,08/02/2025 23:00,09/02/2025 00:00,10/06/2025 06:42
Nederland,ElectricityLoad,Hour,9113823,9113823,0,0,09/02/2025 00:00,09/02/2025 01:00,11/06/2025 06:43
Nederland,ElectricityLoad,Hour,8847001,8847001,0,0,09/02/2025 01:00,09/02/2025 02:00,11/06/2025 06:43
Nederland,ElectricityLoad,Hour,8745774,8745774,0,0,09/02/2025 02:00,09/02/2025 03:00,11/06/2025 06:43
Nederland,ElectricityLoad,Hour,8650774,8650774,0,0,09/02/2025 03:00,09/02/2025 04:00,11/06/2025 06:43
Nederland,ElectricityLoad,Hour,8684656,8684656,0,0,09/02/2025 04:00,09/02/2025 05:00,11/06/2025 06:43
Nederland,ElectricityLoad,Hour,8848188,8848188,0,0,09/02/2025 05:00,09/02/2025 06:00,11/06/2025 06:43
Nederland,ElectricityLoad,Hour,9552043,9552043,0,0,09/02/2025 06:00,09/02/2025 07:00,11/06/2025 06:43
Nederland,ElectricityLoad,Hour,10548566,10548566,0,0,09/02/2025 07:00,09/02/2025 08:00,11/06/2025 06:43
Nederland,ElectricityLoad,Hour,11994202,11994202,0,0,09/02/2025 08:00,09/02/2025 09:00,11/06/2025 06:43
Nederland,ElectricityLoad,Hour,13463817,13463817,0,0,09/02/2025 09:00,09/02/2025 10:00,11/06/2025 06:43
Nederland,ElectricityLoad,Hour,14686174,14686174,0,0,09/02/2025 10:00,09/02/2025 11:00,11/06/2025 06:43
Nederland,ElectricityLoad,Hour,15058700,15058700,0,0,09/02/2025 11:00,09/02/2025 12:00,11/06/2025 06:43
Nederland,ElectricityLoad,Hour,15873990,15873990,0,0,09/02/2025 12:00,09/02/2025 13:00,11/06/2025 06:43
Nederland,ElectricityLoad,Hour,15460257,15460257,0,0,09/02/2025 13:00,09/02/2025 14:00,11/06/2025 06:43
Nederland,ElectricityLoad,Hour,14766731,14766731,0,0,09/02/2025 14:00,09/02/2025 15:00,11/06/2025 06:43
Nederland,ElectricityLoad,Hour,14221239,14221239,0,0,09/02/2025 15:00,09/02/2025 16:00,11/06/2025 06:43
Nederland,ElectricityLoad,Hour,13065331,13065331,0,0,09/02/2025 16:00,09/02/2025 17:00,11/06/2025 06:43
Nederland,ElectricityLoad,Hour,12904077,12904077,0,0,09/02/2025 17:00,09/02/2025 18:00,11/06/2025 06:43
Nederland,ElectricityLoad,Hour,12228040,12228040,0,0,09/02/2025 18:00,09/02/2025 19:00,11/06/2025 06:43
Nederland,ElectricityLoad,Hour,12139226,12139226,0,0,09/02/2025 19:00,09/02/2025 20:00,11/06/2025 06:43
Nederland,ElectricityLoad,Hour,11772564,11772564,0,0,09/02/2025 20:00,09/02/2025 21:00,11/06/2025 06:43
Nederland,ElectricityLoad,Hour,11320093,11320093,0,0,09/02/2025 21:00,09/02/2025 22:00,11/06/2025 06:43
Nederland,ElectricityLoad,Hour,10812316,10812316,0,0,09/02/2025 22:00,09/02/2025 23:00,11/06/2025 06:43
Nederland,ElectricityLoad,Hour,10923162,10923162,0,0,09/02/2025 23:00,10/02/2025 00:00,11/06/2025 06:43
Nederland,ElectricityLoad,Hour,11095535,11095535,0,0,10/02/2025 00:00,10/02/2025 01:00,12/06/2025 06:43
Nederland,ElectricityLoad,Hour,11007932,11007932,0,0,10/02/2025 01:00,10/02/2025 02:00,12/06/2025 06:43
Nederland,ElectricityLoad,Hour,11083190,11083190,0,0,10/02/2025 02:00,10/02/2025 03:00,12/06/2025 06:43
Nederland,ElectricityLoad,Hour,11122071,11122071,0,0,10/02/2025 03:00,10/02/2025 04:00,12/06/2025 06:43
Nederland,ElectricityLoad,Hour,11747074,11747074,0,0,10/02/2025 04:00,10/02/2025 05:00,12/06/2025 06:43
Nederland,ElectricityLoad,Hour,12722950,12722950,0,0,10/02/2025 05:00,10/02/2025 06:00,12/06/2025 06:43
Nederland,ElectricityLoad,Hour,14511034,14511034,0,0,10/02/2025 06:00,10/02/2025 07:00,12/06/2025 06:43
Nederland,ElectricityLoad,Hour,16169282,16169282,0,0,10/02/2025 07:00,10/02/2025 08:00,12/06/2025 06:43
Nederland,ElectricityLoad,Hour,17376393,17376393,0,0,10/02/2025 08:00,10/02/2025 09:00,12/06/2025 06:43
Nederland,ElectricityLoad,Hour,18205018,18205018,0,0,10/02/2025 09:00,10/02/2025 10:00,12/06/2025 06:43
Nederland,ElectricityLoad,Hour,18961537,18961537,0,0,10/02/2025 10:00,10/02/2025 11:00,12/06/2025 06:43
Nederland,ElectricityLoad,Hour,19450855,19450855,0,0,10/02/2025 11:00,10/02/2025 12:00,12/06/2025 06:43
Nederland,ElectricityLoad,Hour,19284281,19284281,0,0,10/02/2025 12:00,10/02/2025 13:00,12/06/2025 06:43
Nederland,ElectricityLoad,Hour,18596882,18596882,0,0,10/02/2025 13:00,10/02/2025 14:00,12/06/2025 06:43
Nederland,ElectricityLoad,Hour,17753175,17753175,0,0,10/02/2025 14:00,10/02/2025 15:00,12/06/2025 06:43
Nederland,ElectricityLoad,Hour,17188067,17188067,0,0,10/02/2025 15:00,10/02/2025 16:00,12/06/2025 06:43
Nederland,ElectricityLoad,Hour,16578448,16578448,0,0,10/02/2025 16:00,10/02/2025 17:00,12/06/2025 06:43
Nederland,ElectricityLoad,Hour,16084616,16084616,0,0,10/02/2025 17:00,10/02/2025 18:00,12/06/2025 06:43
Nederland,ElectricityLoad,Hour,15533551,15533551,0,0,10/02/2025 18:00,10/02/2025 19:00,12/06/2025 06:43
Nederland,ElectricityLoad,Hour,15139988,15139988,0,0,10/02/2025 19:00,10/02/2025 20:00,12/06/2025 06:43
Nederland,ElectricityLoad,Hour,14321943,14321943,0,0,10/02/2025 20:00,10/02/2025 21:00,12/06/2025 06:43
Nederland,ElectricityLoad,Hour,13229002,13229002,0,0,10/02/2025 21:00,10/02/2025 22:00,12/06/2025 06:43
Nederland,ElectricityLoad,Hour,12704765,12704765,0,0,10/02/2025 22:00,10/02/2025 23:00,12/06/2025 06:43
Nederland,ElectricityLoad,Hour,12478752,12478752,0,0,10/02/2025 23:00,11/02/2025 00:00,12/06/2025 06:43
Nederland,ElectricityLoad,Hour,12174421,12174421,0,0,11/02/2025 00:00,11/02/2025 01:00,13/06/2025 06:43
Nederland,ElectricityLoad,Hour,11848669,11848669,0,0,11/02/2025 01:00,11/02/2025 02:00,13/06/2025 06:43
Nederland,ElectricityLoad,Hour,11763873,11763873,0,0,11/02/2025 02:00,11/02/2025 03:00,13/06/2025 06:43
Nederland,ElectricityLoad,Hour,11935460,11935460,0,0,11/02/2025 03:00,11/02/2025 04:00,13/06/2025 06:43
Nederland,ElectricityLoad,Hour,12390534,12390534,0,0,11/02/2025 04:00,11/02/2025 05:00,13/06/2025 06:43
Nederland,ElectricityLoad,Hour,13413797,13413797,0,0,11/02/2025 05:00,11/02/2025 06:00,13/06/2025 06:43
Nederland,ElectricityLoad,Hour,15389108,15389108,0,0,11/02/2025 06:00,11/02/2025 07:00,13/06/2025 06:43
Nederland,ElectricityLoad,Hour,16971558,16971558,0,0,11/02/2025 07:00,11/02/2025 08:00,13/06/2025 06:43
Nederland,ElectricityLoad,Hour,17744229,17744229,0,0,11/02/2025 08:00,11/02/2025 09:00,13/06/2025 06:43
Nederland,ElectricityLoad,Hour,17950937,17950937,0,0,11/02/2025 09:00,11/02/2025 10:00,13/06/2025 06:43
Nederland,ElectricityLoad,Hour,17801394,17801394,0,0,11/02/2025 10:00,11/02/2025 11:00,13/06/2025 06:43
Nederland,ElectricityLoad,Hour,17869810,17869810,0,0,11/02/2025 11:00,11/02/2025 12:00,13/06/2025 06:43
Nederland,ElectricityLoad,Hour,17745594,17745594,0,0,11/02/2025 12:00,11/02/2025 13:00,13/06/2025 06:43
Nederland,ElectricityLoad,Hour,17194054,17194054,0,0,11/02/2025 13:00,11/02/2025 14:00,13/06/2025 06:43
Nederland,ElectricityLoad,Hour,16678973,16678973,0,0,11/02/2025 14:00,11/02/2025 15:00,13/06/2025 06:43
Nederland,ElectricityLoad,Hour,15954338,15954338,0,0,11/02/2025 15:00,11/02/2025 16:00,13/06/2025 06:43
Nederland,ElectricityLoad,Hour,15636083,15636083,0,0,11/02/2025 16:00,11/02/2025 17:00,13/06/2025 06:43
Nederland,ElectricityLoad,Hour,14889845,14889845,0,0,11/02/2025 17:00,11/02/2025 18:00,13/06/2025 06:43
Nederland,ElectricityLoad,Hour,14232343,14232343,0,0,11/02/2025 18:00,11/02/2025 19:00,13/06/2025 06:43
Nederland,ElectricityLoad,Hour,13554294,13554294,0,0,11/02/2025 19:00,11/02/2025 20:00,13/06/2025 06:43
Nederland,ElectricityLoad,Hour,12874261,12874261,0,0,11/02/2025 20:00,11/02/2025 21:00,13/06/2025 06:43
Nederland,ElectricityLoad,Hour,11919214,11919214,0,0,11/02/2025 21:00,11/02/2025 22:00,13/06/2025 06:43
Nederland,ElectricityLoad,Hour,11195162,11195162,0,0,11/02/2025 22:00,11/02/2025 23:00,13/06/2025 06:43
Nederland,ElectricityLoad,Hour,10694587,10694587,0,0,11/02/2025 23:00,12/02/2025 00:00,13/06/2025 06:43
Nederland,ElectricityLoad,Hour,10432481,10432481,0,0,12/02/2025 00:00,12/02/2025 01:00,14/06/2025 06:43
Nederland,ElectricityLoad,Hour,9975708,9975708,0,0,12/02/2025 01:00,12/02/2025 02:00,14/06/2025 06:43
Nederland,ElectricityLoad,Hour,9923535,9923535,0,0,12/02/2025 02:00,12/02/2025 03:00,14/06/2025 06:43
Nederland,ElectricityLoad,Hour,10004184,10004184,0,0,12/02/2025 03:00,12/02/2025 04:00,14/06/2025 06:43
Nederland,ElectricityLoad,Hour,10368370,10368370,0,0,12/02/2025 04:00,12/02/2025 05:00,14/06/2025 06:43
Nederland,ElectricityLoad,Hour,11518315,11518315,0,0,12/02/2025 05:00,12/02/2025 06:00,14/06/2025 06:43
Nederland,ElectricityLoad,Hour,13226137,13226137,0,0,12/02/2025 06:00,12/02/2025 07:00,14/06/2025 06:43
Nederland,ElectricityLoad,Hour,14795734,14795734,0,0,12/02/2025 07:00,12/02/2025 08:00,14/06/2025 06:43
Nederland,ElectricityLoad,Hour,15938631,15938631,0,0,12/02/2025 08:00,12/02/2025 09:00,14/06/2025 06:43
Nederland,ElectricityLoad,Hour,16563530,16563530,0,0,12/02/2025 09:00,12/02/2025 10:00,14/06/2025 06:43
Nederland,ElectricityLoad,Hour,17081610,17081610,0,0,12/02/2025 10:00,12/02/2025 11:00,14/06/2025 06:43
Nederland,ElectricityLoad,Hour,17257361,17257361,0,0,12/02/2025 11:00,12/02/2025 12:00,14/06/2025 06:43
Nederland,ElectricityLoad,Hour,17425856,17425856,0,0,12/02/2025 12:00,12/02/2025 13:00,14/06/2025 06:43
Nederland,ElectricityLoad,Hour,17156264,17156264,0,0,12/02/2025 13:00,12/02/2025 14:00,14/06/2025 06:43
Nederland,ElectricityLoad,Hour,16115203,16115203,0,0,12/02/2025 14:00,12/02/2025 15:00,14/06/2025 06:43
Nederland,ElectricityLoad,Hour,15641573,15641573,0,0,12/02/2025 15:00,12/02/2025 16:00,14/06/2025 06:43
Nederland,ElectricityLoad,Hour,15228056,15228056,0,0,12/02/2025 16:00,12/02/2025 17:00,14/06/2025 06:43
Nederland,ElectricityLoad,Hour,14780499,14780499,0,0,12/02/2025 17:00,12/02/2025 18:00,14/06/2025 06:43
Nederland,ElectricityLoad,Hour,14063462,14063462,0,0,12/02/2025 18:00,12/02/2025 19:00,14/06/2025 06:43
Nederland,ElectricityLoad,Hour,13545591,13545591,0,0,12/02/2025 19:00,12/02/2025 20:00,14/06/2025 06:43
Nederland,ElectricityLoad,Hour,12991754,12991754,0,0,12/02/2025 20:00,12/02/2025 21:00,14/06/2025 06:43
Nederland,ElectricityLoad,Hour,12218437,12218437,0,0,12/02/2025 21:00,12/02/2025 22:00,14/06/2025 06:43
Nederland,ElectricityLoad,Hour,11528072,11528072,0,0,12/02/2025 22:00,12/02/2025 23:00,14/06/2025 06:43
Nederland,ElectricityLoad,Hour,11099125,11099125,0,0,12/02/2025 23:00,13/02/2025 00:00,14/06/2025 06:43
Nederland,ElectricityLoad,Hour,11062864,11062864,0,0,13/02/2025 00:00,13/02/2025 01:00,15/06/2025 06:43
Nederland,ElectricityLoad,Hour,10906587,10906587,0,0,13/02/2025 01:00,13/02/2025 02:00,15/06/2025 06:43
Nederland,ElectricityLoad,Hour,10938076,10938076,0,0,13/02/2025 02:00,13/02/2025 03:00,15/06/2025 06:43
Nederland,ElectricityLoad,Hour,11205336,11205336,0,0,13/02/2025 03:00,13/02/2025 04:00,15/06/2025 06:43
Nederland,ElectricityLoad,Hour,11830414,11830414,0,0,13/02/2025 04:00,13/02/2025 05:00,15/06/2025 06:43
Nederland,ElectricityLoad,Hour,13259522,13259522,0,0,13/02/2025 05:00,13/02/2025 06:00,15/06/2025 06:43
Nederland,ElectricityLoad,Hour,15272689,15272689,0,0,13/02/2025 06:00,13/02/2025 07:00,15/06/2025 06:43
Nederland,ElectricityLoad,Hour,16285693,16285693,0,0,13/02/2025 07:00,13/02/2025 08:00,15/06/2025 06:43
Nederland,ElectricityLoad,Hour,16916206,16916206,0,0,13/02/2025 08:00,13/02/2025 09:00,15/06/2025 06:43
Nederland,ElectricityLoad,Hour,17037682,17037682,0,0,13/02/2025 09:00,13/02/2025 10:00,15/06/2025 06:43
Nederland,ElectricityLoad,Hour,18378359,18378359,0,0,13/02/2025 10:00,13/02/2025 11:00,15/06/2025 06:43
Nederland,ElectricityLoad,Hour,18810079,18810079,0,0,13/02/2025 11:00,13/02/2025 12:00,15/06/2025 06:43
Nederland,ElectricityLoad,Hour,18071481,18071481,0,0,13/02/2025 12:00,13/02/2025 13:00,15/06/2025 06:43
Nederland,ElectricityLoad,Hour,17902719,17902719,0,0,13/02/2025 13:00,13/02/2025 14:00,15/06/2025 06:43
Nederland,ElectricityLoad,Hour,17767374,17767374,0,0,13/02/2025 14:00,13/02/2025 15:00,15/06/2025 06:43
Nederland,ElectricityLoad,Hour,16905074,16905074,0,0,13/02/2025 15:00,13/02/2025 16:00,15/06/2025 06:43
Nederland,ElectricityLoad,Hour,15902230,15902230,0,0,13/02/2025 16:00,13/02/2025 17:00,15/06/2025 06:43
Nederland,ElectricityLoad,Hour,15566206,15566206,0,0,13/02/2025 17:00,13/02/2025 18:00,15/06/2025 06:43
Nederland,ElectricityLoad,Hour,14918851,14918851,0,0,13/02/2025 18:00,13/02/2025 19:00,15/06/2025 06:43
Nederland,ElectricityLoad,Hour,14149208,14149208,0,0,13/02/2025 19:00,13/02/2025 20:00,15/06/2025 06:43
Nederland,ElectricityLoad,Hour,13466684,13466684,0,0,13/02/2025 20:00,13/02/2025 21:00,15/06/2025 06:43
Nederland,ElectricityLoad,Hour,12752250,12752250,0,0,13/02/2025 21:00,13/02/2025 22:00,15/06/2025 06:43
Nederland,ElectricityLoad,Hour,11804399,11804399,0,0,13/02/2025 22:00,13/02/2025 23:00,15/06/2025 06:43
Nederland,ElectricityLoad,Hour,11381404,11381404,0,0,13/02/2025 23:00,14/02/2025 00:00,15/06/2025 06:43
Nederland,ElectricityLoad,Hour,11153952,11153952,0,0,14/02/2025 00:00,14/02/2025 01:00,16/06/2025 06:43
Nederland,ElectricityLoad,Hour,10985472,10985472,0,0,14/02/2025 01:00,14/02/2025 02:00,16/06/2025 06:43
Nederland,ElectricityLoad,Hour,11059773,11059773,0,0,14/02/2025 02:00,14/02/2025 03:00,16/06/2025 06:43
Nederland,ElectricityLoad,Hour,11104417,11104417,0,0,14/02/2025 03:00,14/02/2025 04:00,16/06/2025 06:43
Nederland,ElectricityLoad,Hour,11463457,11463457,0,0,14/02/2025 04:00,14/02/2025 05:00,16/06/2025 06:43
Nederland,ElectricityLoad,Hour,12452932,12452932,0,0,14/02/2025 05:00,14/02/2025 06:00,16/06/2025 06:43
Nederland,ElectricityLoad,Hour,13821907,13821907,0,0,14/02/2025 06:00,14/02/2025 07:00,16/06/2025 06:43
Nederland,ElectricityLoad,Hour,15025314,15025314,0,0,14/02/2025 07:00,14/02/2025 08:00,16/06/2025 06:43
Nederland,ElectricityLoad,Hour,16615202,16615202,0,0,14/02/2025 08:00,14/02/2025 09:00,16/06/2025 06:43
Nederland,ElectricityLoad,Hour,18279895,18279895,0,0,14/02/2025 09:00,14/02/2025 10:00,16/06/2025 06:43
Nederland,ElectricityLoad,Hour,18269279,18269279,0,0,14/02/2025 10:00,14/02/2025 11:00,16/06/2025 06:43
Nederland,ElectricityLoad,Hour,18171631,18171631,0,0,14/02/2025 11:00,14/02/2025 12:00,16/06/2025 06:43
Nederland,ElectricityLoad,Hour,17716457,17716457,0,0,14/02/2025 12:00,14/02/2025 13:00,16/06/2025 06:43
Nederland,ElectricityLoad,Hour,17211139,17211139,0,0,14/02/2025 13:00,14/02/2025 14:00,16/06/2025 06:43
Nederland,ElectricityLoad,Hour,16346940,16346940,0,0,14/02/2025 14:00,14/02/2025 15:00,16/06/2025 06:43
Nederland,ElectricityLoad,Hour,15755595,15755595,0,0,14/02/2025 15:00,14/02/2025 16:00,16/06/2025 06:43
Nederland,ElectricityLoad,Hour,14981896,14981896,0,0,14/02/2025 16:00,14/02/2025 17:00,16/06/2025 06:43
Nederland,ElectricityLoad,Hour,14652973,14652973,0,0,14/02/2025 17:00,14/02/2025 18:00,16/06/2025 06:43
Nederland,ElectricityLoad,Hour,14083298,14083298,0,0,14/02/2025 18:00,14/02/2025 19:00,16/06/2025 06:43
Nederland,ElectricityLoad,Hour,13546079,13546079,0,0,14/02/2025 19:00,14/02/2025 20:00,16/06/2025 06:43
Nederland,ElectricityLoad,Hour,12872012,12872012,0,0,14/02/2025 20:00,14/02/2025 21:00,16/06/2025 06:43
Nederland,ElectricityLoad,Hour,12073824,12073824,0,0,14/02/2025 21:00,14/02/2025 22:00,16/06/2025 06:43
Nederland,ElectricityLoad,Hour,11241794,11241794,0,0,14/02/2025 22:00,14/02/2025 23:00,16/06/2025 06:43
Nederland,ElectricityLoad,Hour,10887585,10887585,0,0,14/02/2025 23:00,15/02/2025 00:00,16/06/2025 06:43
Nederland,ElectricityLoad,Hour,10678140,10678140,0,0,15/02/2025 00:00,15/02/2025 01:00,17/06/2025 06:43
Nederland,ElectricityLoad,Hour,10422626,10422626,0,0,15/02/2025 01:00,15/02/2025 02:00,17/06/2025 06:43
Nederland,ElectricityLoad,Hour,10362695,10362695,0,0,15/02/2025 02:00,15/02/2025 03:00,17/06/2025 06:43
Nederland,ElectricityLoad,Hour,10388102,10388102,0,0,15/02/2025 03:00,15/02/2025 04:00,17/06/2025 06:43
Nederland,ElectricityLoad,Hour,10508774,10508774,0,0,15/02/2025 04:00,15/02/2025 05:00,17/06/2025 06:43
Nederland,ElectricityLoad,Hour,11011966,11011966,0,0,15/02/2025 05:00,15/02/2025 06:00,17/06/2025 06:43
Nederland,ElectricityLoad,Hour,11762963,11762963,0,0,15/02/2025 06:00,15/02/2025 07:00,17/06/2025 06:43
Nederland,ElectricityLoad,Hour,12753145,12753145,0,0,15/02/2025 07:00,15/02/2025 08:00,17/06/2025 06:43
Nederland,ElectricityLoad,Hour,14016620,14016620,0,0,15/02/2025 08:00,15/02/2025 09:00,17/06/2025 06:43
Nederland,ElectricityLoad,Hour,15149450,15149450,0,0,15/02/2025 09:00,15/02/2025 10:00,17/06/2025 06:43
Nederland,ElectricityLoad,Hour,16091217,16091217,0,0,15/02/2025 10:00,15/02/2025 11:00,17/06/2025 06:43
Nederland,ElectricityLoad,Hour,16110315,16110315,0,0,15/02/2025 11:00,15/02/2025 12:00,17/06/2025 06:43
Nederland,ElectricityLoad,Hour,15633003,15633003,0,0,15/02/2025 12:00,15/02/2025 13:00,17/06/2025 06:43
Nederland,ElectricityLoad,Hour,15290987,15290987,0,0,15/02/2025 13:00,15/02/2025 14:00,17/06/2025 06:43
Nederland,ElectricityLoad,Hour,14889851,14889851,0,0,15/02/2025 14:00,15/02/2025 15:00,17/06/2025 06:43
Nederland,ElectricityLoad,Hour,14336426,14336426,0,0,15/02/2025 15:00,15/02/2025 16:00,17/06/2025 06:43
Nederland,ElectricityLoad,Hour,13852256,13852256,0,0,15/02/2025 16:00,15/02/2025 17:00,17/06/2025 06:43
Nederland,ElectricityLoad,Hour,13755840,13755840,0,0,15/02/2025 17:00,15/02/2025 18:00,17/06/2025 06:43
Nederland,ElectricityLoad,Hour,13103023,13103023,0,0,15/02/2025 18:00,15/02/2025 19:00,17/06/2025 06:43
Nederland,ElectricityLoad,Hour,12546156,12546156,0,0,15/02/2025 19:00,15/02/2025 20:00,17/06/2025 06:43
Nederland,ElectricityLoad,Hour,11812202,11812202,0,0,15/02/2025 20:00,15/02/2025 21:00,17/06/2025 06:43
Nederland,ElectricityLoad,Hour,11053042,11053042,0,0,15/02/2025 21:00,15/02/2025 22:00,17/06/2025 06:43
Nederland,ElectricityLoad,Hour,10450062,10450062,0,0,15/02/2025 22:00,15/02/2025 23:00,17/06/2025 06:43
Nederland,ElectricityLoad,Hour,10090325,10090325,0,0,15/02/2025 23:00,16/02/2025 00:00,17/06/2025 06:43
Nederland,ElectricityLoad,Hour,9696806,9696806,0,0,16/02/2025 00:00,16/02/2025 01:00,18/06/2025 06:43
Nederland,ElectricityLoad,Hour,9440620,9440620,0,0,16/02/2025 01:00,16/02/2025 02:00,18/06/2025 06:43
Nederland,ElectricityLoad,Hour,9361023,9361023,0,0,16/02/2025 02:00,16/02/2025 03:00,18/06/2025 06:43
Nederland,ElectricityLoad,Hour,9552730,9552730,0,0,16/02/2025 03:00,16/02/2025 04:00,18/06/2025 06:43
Nederland,ElectricityLoad,Hour,9599643,9599643,0,0,16/02/2025 04:00,16/02/2025 05:00,18/06/2025 06:43
Nederland,ElectricityLoad,Hour,9926402,9926402,0,0,16/02/2025 05:00,16/02/2025 06:00,18/06/2025 06:43
Nederland,ElectricityLoad,Hour,10447774,10447774,0,0,16/02/2025 06:00,16/02/2025 07:00,18/06/2025 06:43
Nederland,ElectricityLoad,Hour,11613600,11613600,0,0,16/02/2025 07:00,16/02/2025 08:00,18/06/2025 06:43
Nederland,ElectricityLoad,Hour,13838891,13838891,0,0,16/02/2025 08:00,16/02/2025 09:00,18/06/2025 06:43
Nederland,ElectricityLoad,Hour,15841208,15841208,0,0,16/02/2025 09:00,16/02/2025 10:00,18/06/2025 06:43
Nederland,ElectricityLoad,Hour,17469151,17469151,0,0,16/02/2025 10:00,16/02/2025 11:00,18/06/2025 06:43
Nederland,ElectricityLoad,Hour,18767696,18767696,0,0,16/02/2025 11:00,16/02/2025 12:00,18/06/2025 06:43
Nederland,ElectricityLoad,Hour,19120006,19120006,0,0,16/02/2025 12:00,16/02/2025 13:00,18/06/2025 06:43
Nederland,ElectricityLoad,Hour,18486820,18486820,0,0,16/02/2025 13:00,16/02/2025 14:00,18/06/2025 06:43
Nederland,ElectricityLoad,Hour,17700663,17700663,0,0,16/02/2025 14:00,16/02/2025 15:00,18/06/2025 06:43
Nederland,ElectricityLoad,Hour,16205579,16205579,0,0,16/02/2025 15:00,16/02/2025 16:00,18/06/2025 06:43
Nederland,ElectricityLoad,Hour,14235490,14235490,0,0,16/02/2025 16:00,16/02/2025 17:00,18/06/2025 06:43
Nederland,ElectricityLoad,Hour,13078706,13078706,0,0,16/02/2025 17:00,16/02/2025 18:00,18/06/2025 06:43
Nederland,ElectricityLoad,Hour,12272941,12272941,0,0,16/02/2025 18:00,16/02/2025 19:00,18/06/2025 06:43
Nederland,ElectricityLoad,Hour,11933962,11933962,0,0,16/02/2025 19:00,16/02/2025 20:00,18/06/2025 06:43
Nederland,ElectricityLoad,Hour,11374439,11374439,0,0,16/02/2025 20:00,16/02/2025 21:00,18/06/2025 06:43
Nederland,ElectricityLoad,Hour,10775893,10775893,0,0,16/02/2025 21:00,16/02/2025 22:00,18/06/2025 06:43
Nederland,ElectricityLoad,Hour,9952228,9952228,0,0,16/02/2025 22:00,16/02/2025 23:00,18/06/2025 06:43
Nederland,ElectricityLoad,Hour,9687606,9687606,0,0,16/02/2025 23:00,17/02/2025 00:00,18/06/2025 06:43
Nederland,ElectricityLoad,Hour,9698813,9698813,0,0,17/02/2025 00:00,17/02/2025 01:00,19/06/2025 06:44
Nederland,ElectricityLoad,Hour,9684540,9684540,0,0,17/02/2025 01:00,17/02/2025 02:00,19/06/2025 06:44
Nederland,ElectricityLoad,Hour,9919868,9919868,0,0,17/02/2025 02:00,17/02/2025 03:00,19/06/2025 06:44
Nederland,ElectricityLoad,Hour,10230094,10230094,0,0,17/02/2025 03:00,17/02/2025 04:00,19/06/2025 06:44
Nederland,ElectricityLoad,Hour,10827704,10827704,0,0,17/02/2025 04:00,17/02/2025 05:00,19/06/2025 06:44
Nederland,ElectricityLoad,Hour,12094502,12094502,0,0,17/02/2025 05:00,17/02/2025 06:00,19/06/2025 06:44
Nederland,ElectricityLoad,Hour,13489823,13489823,0,0,17/02/2025 06:00,17/02/2025 07:00,19/06/2025 06:44
Nederland,ElectricityLoad,Hour,15513260,15513260,0,0,17/02/2025 07:00,17/02/2025 08:00,19/06/2025 06:44
Nederland,ElectricityLoad,Hour,19325157,19325157,0,0,17/02/2025 08:00,17/02/2025 09:00,19/06/2025 06:44
Nederland,ElectricityLoad,Hour,21269403,21269403,0,0,17/02/2025 09:00,17/02/2025 10:00,19/06/2025 06:44
Nederland,ElectricityLoad,Hour,21080726,21080726,0,0,17/02/2025 10:00,17/02/2025 11:00,19/06/2025 06:44
Nederland,ElectricityLoad,Hour,20913748,20913748,0,0,17/02/2025 11:00,17/02/2025 12:00,19/06/2025 06:44
Nederland,ElectricityLoad,Hour,20216094,20216094,0,0,17/02/2025 12:00,17/02/2025 13:00,19/06/2025 06:44
Nederland,ElectricityLoad,Hour,19161953,19161953,0,0,17/02/2025 13:00,17/02/2025 14:00,19/06/2025 06:44
Nederland,ElectricityLoad,Hour,18136095,18136095,0,0,17/02/2025 14:00,17/02/2025 15:00,19/06/2025 06:44
Nederland,ElectricityLoad,Hour,17039633,17039633,0,0,17/02/2025 15:00,17/02/2025 16:00,19/06/2025 06:44
Nederland,ElectricityLoad,Hour,15532017,15532017,0,0,17/02/2025 16:00,17/02/2025 17:00,19/06/2025 06:44
Nederland,ElectricityLoad,Hour,14506551,14506551,0,0,17/02/2025 17:00,17/02/2025 18:00,19/06/2025 06:44
Nederland,ElectricityLoad,Hour,13844697,13844697,0,0,17/02/2025 18:00,17/02/2025 19:00,19/06/2025 06:44
Nederland,ElectricityLoad,Hour,13408177,13408177,0,0,17/02/2025 19:00,17/02/2025 20:00,19/06/2025 06:44
Nederland,ElectricityLoad,Hour,12579087,12579087,0,0,17/02/2025 20:00,17/02/2025 21:00,19/06/2025 06:44
Nederland,ElectricityLoad,Hour,11489069,11489069,0,0,17/02/2025 21:00,17/02/2025 22:00,19/06/2025 06:44
Nederland,ElectricityLoad,Hour,10490228,10490228,0,0,17/02/2025 22:00,17/02/2025 23:00,19/06/2025 06:44
Nederland,ElectricityLoad,Hour,9990749,9990749,0,0,17/02/2025 23:00,18/02/2025 00:00,19/06/2025 06:44
Nederland,ElectricityLoad,Hour,9691031,9691031,0,0,18/02/2025 00:00,18/02/2025 01:00,20/06/2025 06:44
Nederland,ElectricityLoad,Hour,9624077,9624077,0,0,18/02/2025 01:00,18/02/2025 02:00,20/06/2025 06:44
Nederland,ElectricityLoad,Hour,9678479,9678479,0,0,18/02/2025 02:00,18/02/2025 03:00,20/06/2025 06:44
Nederland,ElectricityLoad,Hour,9938093,9938093,0,0,18/02/2025 03:00,18/02/2025 04:00,20/06/2025 06:44
Nederland,ElectricityLoad,Hour,10627810,10627810,0,0,18/02/2025 04:00,18/02/2025 05:00,20/06/2025 06:44
Nederland,ElectricityLoad,Hour,11933975,11933975,0,0,18/02/2025 05:00,18/02/2025 06:00,20/06/2025 06:44
Nederland,ElectricityLoad,Hour,13749570,13749570,0,0,18/02/2025 06:00,18/02/2025 07:00,20/06/2025 06:44
Nederland,ElectricityLoad,Hour,15270583,15270583,0,0,18/02/2025 07:00,18/02/2025 08:00,20/06/2025 06:44
Nederland,ElectricityLoad,Hour,17317272,17317272,0,0,18/02/2025 08:00,18/02/2025 09:00,20/06/2025 06:44
Nederland,ElectricityLoad,Hour,18892735,18892735,0,0,18/02/2025 09:00,18/02/2025 10:00,20/06/2025 06:44
Nederland,ElectricityLoad,Hour,19236157,19236157,0,0,18/02/2025 10:00,18/02/2025 11:00,20/06/2025 06:44
Nederland,ElectricityLoad,Hour,19835487,19835487,0,0,18/02/2025 11:00,18/02/2025 12:00,20/06/2025 06:44
Nederland,ElectricityLoad,Hour,19938176,19938176,0,0,18/02/2025 12:00,18/02/2025 13:00,20/06/2025 06:44
Nederland,ElectricityLoad,Hour,19962856,19962856,0,0,18/02/2025 13:00,18/02/2025 14:00,20/06/2025 06:44
Nederland,ElectricityLoad,Hour,19442070,19442070,0,0,18/02/2025 14:00,18/02/2025 15:00,20/06/2025 06:44
Nederland,ElectricityLoad,Hour,17667468,17667468,0,0,18/02/2025 15:00,18/02/2025 16:00,20/06/2025 06:44
Nederland,ElectricityLoad,Hour,16168024,16168024,0,0,18/02/2025 16:00,18/02/2025 17:00,20/06/2025 06:44
Nederland,ElectricityLoad,Hour,14865127,14865127,0,0,18/02/2025 17:00,18/02/2025 18:00,20/06/2025 06:44
Nederland,ElectricityLoad,Hour,13823519,13823519,0,0,18/02/2025 18:00,18/02/2025 19:00,20/06/2025 06:44
Nederland,ElectricityLoad,Hour,13135580,13135580,0,0,18/02/2025 19:00,18/02/2025 20:00,20/06/2025 06:44
Nederland,ElectricityLoad,Hour,10723705,10723705,0,0,18/02/2025 20:00,18/02/2025 21:00,20/06/2025 06:44
Nederland,ElectricityLoad,Hour,11471477,11471477,0,0,18/02/2025 21:00,18/02/2025 22:00,20/06/2025 06:44
Nederland,ElectricityLoad,Hour,10538355,10538355,0,0,18/02/2025 22:00,18/02/2025 23:00,20/06/2025 06:44
Nederland,ElectricityLoad,Hour,10003320,10003320,0,0,18/02/2025 23:00,19/02/2025 00:00,20/06/2025 06:44
Nederland,ElectricityLoad,Hour,9746621,9746621,0,0,19/02/2025 00:00,19/02/2025 01:00,21/06/2025 06:45
Nederland,ElectricityLoad,Hour,9775722,9775722,0,0,19/02/2025 01:00,19/02/2025 02:00,21/06/2025 06:45
Nederland,ElectricityLoad,Hour,9852143,9852143,0,0,19/02/2025 02:00,19/02/2025 03:00,21/06/2025 06:45
Nederland,ElectricityLoad,Hour,9802313,9802313,0,0,19/02/2025 03:00,19/02/2025 04:00,21/06/2025 06:45
Nederland,ElectricityLoad,Hour,10343623,10343623,0,0,19/02/2025 04:00,19/02/2025 05:00,21/06/2025 06:45
Nederland,ElectricityLoad,Hour,11629137,11629137,0,0,19/02/2025 05:00,19/02/2025 06:00,21/06/2025 06:45
Nederland,ElectricityLoad,Hour,13351038,13351038,0,0,19/02/2025 06:00,19/02/2025 07:00,21/06/2025 06:45
Nederland,ElectricityLoad,Hour,15123043,15123043,0,0,19/02/2025 07:00,19/02/2025 08:00,21/06/2025 06:45
Nederland,ElectricityLoad,Hour,17552345,17552345,0,0,19/02/2025 08:00,19/02/2025 09:00,21/06/2025 06:45
Nederland,ElectricityLoad,Hour,18829778,18829778,0,0,19/02/2025 09:00,19/02/2025 10:00,21/06/2025 06:45
Nederland,ElectricityLoad,Hour,19515209,19515209,0,0,19/02/2025 10:00,19/02/2025 11:00,21/06/2025 06:45
Nederland,ElectricityLoad,Hour,19252851,19252851,0,0,19/02/2025 11:00,19/02/2025 12:00,21/06/2025 06:45
Nederland,ElectricityLoad,Hour,19299966,19299966,0,0,19/02/2025 12:00,19/02/2025 13:00,21/06/2025 06:45
Nederland,ElectricityLoad,Hour,19516410,19516410,0,0,19/02/2025 13:00,19/02/2025 14:00,21/06/2025 06:45
Nederland,ElectricityLoad,Hour,18077390,18077390,0,0,19/02/2025 14:00,19/02/2025 15:00,21/06/2025 06:45
Nederland,ElectricityLoad,Hour,15620159,15620159,0,0,19/02/2025 15:00,19/02/2025 16:00,21/06/2025 06:45
Nederland,ElectricityLoad,Hour,14084603,14084603,0,0,19/02/2025 16:00,19/02/2025 17:00,21/06/2025 06:45
Nederland,ElectricityLoad,Hour,13075768,13075768,0,0,19/02/2025 17:00,19/02/2025 18:00,21/06/2025 06:45
Nederland,ElectricityLoad,Hour,12652328,12652328,0,0,19/02/2025 18:00,19/02/2025 19:00,21/06/2025 06:45
Nederland,ElectricityLoad,Hour,12016406,12016406,0,0,19/02/2025 19:00,19/02/2025 20:00,21/06/2025 06:45
Nederland,ElectricityLoad,Hour,11178726,11178726,0,0,19/02/2025 20:00,19/02/2025 21:00,21/06/2025 06:45
Nederland,ElectricityLoad,Hour,10180226,10180226,0,0,19/02/2025 21:00,19/02/2025 22:00,21/06/2025 06:45
Nederland,ElectricityLoad,Hour,9166648,9166648,0,0,19/02/2025 22:00,19/02/2025 23:00,21/06/2025 06:45
Nederland,ElectricityLoad,Hour,8673888,8673888,0,0,19/02/2025 23:00,20/02/2025 00:00,21/06/2025 06:45
Nederland,ElectricityLoad,Hour,8199955,8199955,0,0,20/02/2025 00:00,20/02/2025 01:00,22/06/2025 06:45
Nederland,ElectricityLoad,Hour,8284718,8284718,0,0,20/02/2025 01:00,20/02/2025 02:00,22/06/2025 06:45
Nederland,ElectricityLoad,Hour,8316860,8316860,0,0,20/02/2025 02:00,20/02/2025 03:00,22/06/2025 06:45
Nederland,ElectricityLoad,Hour,8146478,8146478,0,0,20/02/2025 03:00,20/02/2025 04:00,22/06/2025 06:45
Nederland,ElectricityLoad,Hour,8439437,8439437,0,0,20/02/2025 04:00,20/02/2025 05:00,22/06/2025 06:45
Nederland,ElectricityLoad,Hour,9540909,9540909,0,0,20/02/2025 05:00,20/02/2025 06:00,22/06/2025 06:45
Nederland,ElectricityLoad,Hour,11053589,11053589,0,0,20/02/2025 06:00,20/02/2025 07:00,22/06/2025 06:45
Nederland,ElectricityLoad,Hour,12208809,12208809,0,0,20/02/2025 07:00,20/02/2025 08:00,22/06/2025 06:45
Nederland,ElectricityLoad,Hour,13507008,13507008,0,0,20/02/2025 08:00,20/02/2025 09:00,22/06/2025 06:45
Nederland,ElectricityLoad,Hour,15030159,15030159,0,0,20/02/2025 09:00,20/02/2025 10:00,22/06/2025 06:45
Nederland,ElectricityLoad,Hour,16289873,16289873,0,0,20/02/2025 10:00,20/02/2025 11:00,22/06/2025 06:45
Nederland,ElectricityLoad,Hour,17046003,17046003,0,0,20/02/2025 11:00,20/02/2025 12:00,22/06/2025 06:45
Nederland,ElectricityLoad,Hour,16475066,16475066,0,0,20/02/2025 12:00,20/02/2025 13:00,22/06/2025 06:45
Nederland,ElectricityLoad,Hour,15768659,15768659,0,0,20/02/2025 13:00,20/02/2025 14:00,22/06/2025 06:45
Nederland,ElectricityLoad,Hour,14842905,14842905,0,0,20/02/2025 14:00,20/02/2025 15:00,22/06/2025 06:45
Nederland,ElectricityLoad,Hour,13921057,13921057,0,0,20/02/2025 15:00,20/02/2025 16:00,22/06/2025 06:45
Nederland,ElectricityLoad,Hour,12470714,12470714,0,0,20/02/2025 16:00,20/02/2025 17:00,22/06/2025 06:45
Nederland,ElectricityLoad,Hour,12530892,12530892,0,0,20/02/2025 17:00,20/02/2025 18:00,22/06/2025 06:45
Nederland,ElectricityLoad,Hour,11935380,11935380,0,0,20/02/2025 18:00,20/02/2025 19:00,22/06/2025 06:45
Nederland,ElectricityLoad,Hour,11239357,11239357,0,0,20/02/2025 19:00,20/02/2025 20:00,22/06/2025 06:45
Nederland,ElectricityLoad,Hour,10391237,10391237,0,0,20/02/2025 20:00,20/02/2025 21:00,22/06/2025 06:45
Nederland,ElectricityLoad,Hour,9882990,9882990,0,0,20/02/2025 21:00,20/02/2025 22:00,22/06/2025 06:45
Nederland,ElectricityLoad,Hour,9416426,9416426,0,0,20/02/2025 22:00,20/02/2025 23:00,22/06/2025 06:45
Nederland,ElectricityLoad,Hour,9533966,9533966,0,0,20/02/2025 23:00,21/02/2025 00:00,22/06/2025 06:45
Nederland,ElectricityLoad,Hour,9286658,9286658,0,0,21/02/2025 00:00,21/02/2025 01:00,23/06/2025 06:45
Nederland,ElectricityLoad,Hour,8729899,8729899,0,0,21/02/2025 01:00,21/02/2025 02:00,23/06/2025 06:45
Nederland,ElectricityLoad,Hour,8164873,8164873,0,0,21/02/2025 02:00,21/02/2025 03:00,23/06/2025 06:45
Nederland,ElectricityLoad,Hour,7936897,7936897,0,0,21/02/2025 03:00,21/02/2025 04:00,23/06/2025 06:45
Nederland,ElectricityLoad,Hour,8012174,8012174,0,0,21/02/2025 04:00,21/02/2025 05:00,23/06/2025 06:45
Nederland,ElectricityLoad,Hour,8690007,8690007,0,0,21/02/2025 05:00,21/02/2025 06:00,23/06/2025 06:45
Nederland,ElectricityLoad,Hour,9698900,9698900,0,0,21/02/2025 06:00,21/02/2025 07:00,23/06/2025 06:45
Nederland,ElectricityLoad,Hour,10921735,10921735,0,0,21/02/2025 07:00,21/02/2025 08:00,23/06/2025 06:45
Nederland,ElectricityLoad,Hour,12601816,12601816,0,0,21/02/2025 08:00,21/02/2025 09:00,23/06/2025 06:45
Nederland,ElectricityLoad,Hour,14654705,14654705,0,0,21/02/2025 09:00,21/02/2025 10:00,23/06/2025 06:45
Nederland,ElectricityLoad,Hour,16353835,16353835,0,0,21/02/2025 10:00,21/02/2025 11:00,23/06/2025 06:45
Nederland,ElectricityLoad,Hour,17543888,17543888,0,0,21/02/2025 11:00,21/02/2025 12:00,23/06/2025 06:45
Nederland,ElectricityLoad,Hour,17615812,17615812,0,0,21/02/2025 12:00,21/02/2025 13:00,23/06/2025 06:45
Nederland,ElectricityLoad,Hour,16909911,16909911,0,0,21/02/2025 13:00,21/02/2025 14:00,23/06/2025 06:45
Nederland,ElectricityLoad,Hour,15385022,15385022,0,0,21/02/2025 14:00,21/02/2025 15:00,23/06/2025 06:45
Nederland,ElectricityLoad,Hour,13353622,13353622,0,0,21/02/2025 15:00,21/02/2025 16:00,23/06/2025 06:45
Nederland,ElectricityLoad,Hour,12289988,12289988,0,0,21/02/2025 16:00,21/02/2025 17:00,23/06/2025 06:45
Nederland,ElectricityLoad,Hour,11385295,11385295,0,0,21/02/2025 17:00,21/02/2025 18:00,23/06/2025 06:45
Nederland,ElectricityLoad,Hour,10595820,10595820,0,0,21/02/2025 18:00,21/02/2025 19:00,23/06/2025 06:45
Nederland,ElectricityLoad,Hour,10255996,10255996,0,0,21/02/2025 19:00,21/02/2025 20:00,23/06/2025 06:45
Nederland,ElectricityLoad,Hour,10080804,10080804,0,0,21/02/2025 20:00,21/02/2025 21:00,23/06/2025 06:45
Nederland,ElectricityLoad,Hour,9366009,9366009,0,0,21/02/2025 21:00,21/02/2025 22:00,23/06/2025 06:45
Nederland,ElectricityLoad,Hour,8680500,8680500,0,0,21/02/2025 22:00,21/02/2025 23:00,23/06/2025 06:45
Nederland,ElectricityLoad,Hour,7859557,7859557,0,0,21/02/2025 23:00,22/02/2025 00:00,23/06/2025 06:45
Nederland,ElectricityLoad,Hour,7315790,7315790,0,0,22/02/2025 00:00,22/02/2025 01:00,24/06/2025 06:45
Nederland,ElectricityLoad,Hour,7289920,7289920,0,0,22/02/2025 01:00,22/02/2025 02:00,24/06/2025 06:45
Nederland,ElectricityLoad,Hour,7320002,7320002,0,0,22/02/2025 02:00,22/02/2025 03:00,24/06/2025 06:45
Nederland,ElectricityLoad,Hour,7309683,7309683,0,0,22/02/2025 03:00,22/02/2025 04:00,24/06/2025 06:45
Nederland,ElectricityLoad,Hour,7184922,7184922,0,0,22/02/2025 04:00,22/02/2025 05:00,24/06/2025 06:45
Nederland,ElectricityLoad,Hour,7590972,7590972,0,0,22/02/2025 05:00,22/02/2025 06:00,24/06/2025 06:45
Nederland,ElectricityLoad,Hour,8308704,8308704,0,0,22/02/2025 06:00,22/02/2025 07:00,24/06/2025 06:45
Nederland,ElectricityLoad,Hour,9251543,9251543,0,0,22/02/2025 07:00,22/02/2025 08:00,24/06/2025 06:45
Nederland,ElectricityLoad,Hour,10620974,10620974,0,0,22/02/2025 08:00,22/02/2025 09:00,24/06/2025 06:45
Nederland,ElectricityLoad,Hour,11733615,11733615,0,0,22/02/2025 09:00,22/02/2025 10:00,24/06/2025 06:45
Nederland,ElectricityLoad,Hour,12403317,12403317,0,0,22/02/2025 10:00,22/02/2025 11:00,24/06/2025 06:45
Nederland,ElectricityLoad,Hour,13705558,13705558,0,0,22/02/2025 11:00,22/02/2025 12:00,24/06/2025 06:45
Nederland,ElectricityLoad,Hour,13897034,13897034,0,0,22/02/2025 12:00,22/02/2025 13:00,24/06/2025 06:45
Nederland,ElectricityLoad,Hour,13119812,13119812,0,0,22/02/2025 13:00,22/02/2025 14:00,24/06/2025 06:45
Nederland,ElectricityLoad,Hour,12198183,12198183,0,0,22/02/2025 14:00,22/02/2025 15:00,24/06/2025 06:45
Nederland,ElectricityLoad,Hour,11941297,11941297,0,0,22/02/2025 15:00,22/02/2025 16:00,24/06/2025 06:45
Nederland,ElectricityLoad,Hour,11401274,11401274,0,0,22/02/2025 16:00,22/02/2025 17:00,24/06/2025 06:45
Nederland,ElectricityLoad,Hour,10702796,10702796,0,0,22/02/2025 17:00,22/02/2025 18:00,24/06/2025 06:45
Nederland,ElectricityLoad,Hour,10476369,10476369,0,0,22/02/2025 18:00,22/02/2025 19:00,24/06/2025 06:45
Nederland,ElectricityLoad,Hour,9851226,9851226,0,0,22/02/2025 19:00,22/02/2025 20:00,24/06/2025 06:45
Nederland,ElectricityLoad,Hour,9210765,9210765,0,0,22/02/2025 20:00,22/02/2025 21:00,24/06/2025 06:45
Nederland,ElectricityLoad,Hour,9030740,9030740,0,0,22/02/2025 21:00,22/02/2025 22:00,24/06/2025 06:45
Nederland,ElectricityLoad,Hour,8470008,8470008,0,0,22/02/2025 22:00,22/02/2025 23:00,24/06/2025 06:45
Nederland,ElectricityLoad,Hour,8188666,8188666,0,0,22/02/2025 23:00,23/02/2025 00:00,24/06/2025 06:45
Nederland,ElectricityLoad,Hour,8057260,8057260,0,0,23/02/2025 00:00,23/02/2025 01:00,25/06/2025 06:44
Nederland,ElectricityLoad,Hour,7883062,7883062,0,0,23/02/2025 01:00,23/02/2025 02:00,25/06/2025 06:44
Nederland,ElectricityLoad,Hour,8217837,8217837,0,0,23/02/2025 02:00,23/02/2025 03:00,25/06/2025 06:44
Nederland,ElectricityLoad,Hour,8384367,8384367,0,0,23/02/2025 03:00,23/02/2025 04:00,25/06/2025 06:44
Nederland,ElectricityLoad,Hour,8374516,8374516,0,0,23/02/2025 04:00,23/02/2025 05:00,25/06/2025 06:44
Nederland,ElectricityLoad,Hour,8778104,8778104,0,0,23/02/2025 05:00,23/02/2025 06:00,25/06/2025 06:44
Nederland,ElectricityLoad,Hour,9565796,9565796,0,0,23/02/2025 06:00,23/02/2025 07:00,25/06/2025 06:44
Nederland,ElectricityLoad,Hour,10236129,10236129,0,0,23/02/2025 07:00,23/02/2025 08:00,25/06/2025 06:44
Nederland,ElectricityLoad,Hour,11711967,11711967,0,0,23/02/2025 08:00,23/02/2025 09:00,25/06/2025 06:44
Nederland,ElectricityLoad,Hour,13723501,13723501,0,0,23/02/2025 09:00,23/02/2025 10:00,25/06/2025 06:44
Nederland,ElectricityLoad,Hour,15330351,15330351,0,0,23/02/2025 10:00,23/02/2025 11:00,25/06/2025 06:44
Nederland,ElectricityLoad,Hour,16909368,16909368,0,0,23/02/2025 11:00,23/02/2025 12:00,25/06/2025 06:44
Nederland,ElectricityLoad,Hour,17197053,17197053,0,0,23/02/2025 12:00,23/02/2025 13:00,25/06/2025 06:44
Nederland,ElectricityLoad,Hour,16609465,16609465,0,0,23/02/2025 13:00,23/02/2025 14:00,25/06/2025 06:44
Nederland,ElectricityLoad,Hour,15106873,15106873,0,0,23/02/2025 14:00,23/02/2025 15:00,25/06/2025 06:44
Nederland,ElectricityLoad,Hour,13342871,13342871,0,0,23/02/2025 15:00,23/02/2025 16:00,25/06/2025 06:44
Nederland,ElectricityLoad,Hour,10973298,10973298,0,0,23/02/2025 16:00,23/02/2025 17:00,25/06/2025 06:44
Nederland,ElectricityLoad,Hour,9657447,9657447,0,0,23/02/2025 17:00,23/02/2025 18:00,25/06/2025 06:44
Nederland,ElectricityLoad,Hour,9179083,9179083,0,0,23/02/2025 18:00,23/02/2025 19:00,25/06/2025 06:44
Nederland,ElectricityLoad,Hour,9148570,9148570,0,0,23/02/2025 19:00,23/02/2025 20:00,25/06/2025 06:44
Nederland,ElectricityLoad,Hour,9552091,9552091,0,0,23/02/2025 20:00,23/02/2025 21:00,25/06/2025 06:44
Nederland,ElectricityLoad,Hour,9644423,9644423,0,0,23/02/2025 21:00,23/02/2025 22:00,25/06/2025 06:44
Nederland,ElectricityLoad,Hour,9366256,9366256,0,0,23/02/2025 22:00,23/02/2025 23:00,25/06/2025 06:44
Nederland,ElectricityLoad,Hour,9076362,9076362,0,0,23/02/2025 23:00,24/02/2025 00:00,25/06/2025 06:44
Nederland,ElectricityLoad,Hour,8894108,8894108,0,0,24/02/2025 00:00,24/02/2025 01:00,26/06/2025 06:46
Nederland,ElectricityLoad,Hour,8909822,8909822,0,0,24/02/2025 01:00,24/02/2025 02:00,26/06/2025 06:46
Nederland,ElectricityLoad,Hour,8923179,8923179,0,0,24/02/2025 02:00,24/02/2025 03:00,26/06/2025 06:46
Nederland,ElectricityLoad,Hour,9061287,9061287,0,0,24/02/2025 03:00,24/02/2025 04:00,26/06/2025 06:46
Nederland,ElectricityLoad,Hour,9545182,9545182,0,0,24/02/2025 04:00,24/02/2025 05:00,26/06/2025 06:46
Nederland,ElectricityLoad,Hour,10469565,10469565,0,0,24/02/2025 05:00,24/02/2025 06:00,26/06/2025 06:46
Nederland,ElectricityLoad,Hour,11812824,11812824,0,0,24/02/2025 06:00,24/02/2025 07:00,26/06/2025 06:46
Nederland,ElectricityLoad,Hour,13123778,13123778,0,0,24/02/2025 07:00,24/02/2025 08:00,26/06/2025 06:46
Nederland,ElectricityLoad,Hour,14301022,14301022,0,0,24/02/2025 08:00,24/02/2025 09:00,26/06/2025 06:46
Nederland,ElectricityLoad,Hour,15610558,15610558,0,0,24/02/2025 09:00,24/02/2025 10:00,26/06/2025 06:46
Nederland,ElectricityLoad,Hour,16118337,16118337,0,0,24/02/2025 10:00,24/02/2025 11:00,26/06/2025 06:46
Nederland,ElectricityLoad,Hour,15941664,15941664,0,0,24/02/2025 11:00,24/02/2025 12:00,26/06/2025 06:46
Nederland,ElectricityLoad,Hour,14663884,14663884,0,0,24/02/2025 12:00,24/02/2025 13:00,26/06/2025 06:46
Nederland,ElectricityLoad,Hour,15440717,15440717,0,0,24/02/2025 13:00,24/02/2025 14:00,26/06/2025 06:46
Nederland,ElectricityLoad,Hour,15211845,15211845,0,0,24/02/2025 14:00,24/02/2025 15:00,26/06/2025 06:46
Nederland,ElectricityLoad,Hour,15290571,15290571,0,0,24/02/2025 15:00,24/02/2025 16:00,26/06/2025 06:46
Nederland,ElectricityLoad,Hour,14727115,14727115,0,0,24/02/2025 16:00,24/02/2025 17:00,26/06/2025 06:46
Nederland,ElectricityLoad,Hour,13462749,13462749,0,0,24/02/2025 17:00,24/02/2025 18:00,26/06/2025 06:46
Nederland,ElectricityLoad,Hour,12568872,12568872,0,0,24/02/2025 18:00,24/02/2025 19:00,26/06/2025 06:46
Nederland,ElectricityLoad,Hour,11716880,11716880,0,0,24/02/2025 19:00,24/02/2025 20:00,26/06/2025 06:46
Nederland,ElectricityLoad,Hour,11043636,11043636,0,0,24/02/2025 20:00,24/02/2025 21:00,26/06/2025 06:46
Nederland,ElectricityLoad,Hour,10165770,10165770,0,0,24/02/2025 21:00,24/02/2025 22:00,26/06/2025 06:46
Nederland,ElectricityLoad,Hour,9538256,9538256,0,0,24/02/2025 22:00,24/02/2025 23:00,26/06/2025 06:46
Nederland,ElectricityLoad,Hour,9326967,9326967,0,0,24/02/2025 23:00,25/02/2025 00:00,26/06/2025 06:46
Nederland,ElectricityLoad,Hour,8832374,8832374,0,0,25/02/2025 00:00,25/02/2025 01:00,27/06/2025 06:45
Nederland,ElectricityLoad,Hour,8671955,8671955,0,0,25/02/2025 01:00,25/02/2025 02:00,27/06/2025 06:45
Nederland,ElectricityLoad,Hour,8543108,8543108,0,0,25/02/2025 02:00,25/02/2025 03:00,27/06/2025 06:45
Nederland,ElectricityLoad,Hour,8781952,8781952,0,0,25/02/2025 03:00,25/02/2025 04:00,27/06/2025 06:45
Nederland,ElectricityLoad,Hour,9562100,9562100,0,0,25/02/2025 04:00,25/02/2025 05:00,27/06/2025 06:45
Nederland,ElectricityLoad,Hour,10614431,10614431,0,0,25/02/2025 05:00,25/02/2025 06:00,27/06/2025 06:45
Nederland,ElectricityLoad,Hour,11390269,11390269,0,0,25/02/2025 06:00,25/02/2025 07:00,27/06/2025 06:45
Nederland,ElectricityLoad,Hour,12914909,12914909,0,0,25/02/2025 07:00,25/02/2025 08:00,27/06/2025 06:45
Nederland,ElectricityLoad,Hour,14717843,14717843,0,0,25/02/2025 08:00,25/02/2025 09:00,27/06/2025 06:45
Nederland,ElectricityLoad,Hour,16047457,16047457,0,0,25/02/2025 09:00,25/02/2025 10:00,27/06/2025 06:45
Nederland,ElectricityLoad,Hour,16813571,16813571,0,0,25/02/2025 10:00,25/02/2025 11:00,27/06/2025 06:45
Nederland,ElectricityLoad,Hour,16696149,16696149,0,0,25/02/2025 11:00,25/02/2025 12:00,27/06/2025 06:45
Nederland,ElectricityLoad,Hour,16852354,16852354,0,0,25/02/2025 12:00,25/02/2025 13:00,27/06/2025 06:45
Nederland,ElectricityLoad,Hour,16140925,16140925,0,0,25/02/2025 13:00,25/02/2025 14:00,27/06/2025 06:45
Nederland,ElectricityLoad,Hour,15294277,15294277,0,0,25/02/2025 14:00,25/02/2025 15:00,27/06/2025 06:45
Nederland,ElectricityLoad,Hour,14637638,14637638,0,0,25/02/2025 15:00,25/02/2025 16:00,27/06/2025 06:45
Nederland,ElectricityLoad,Hour,13923034,13923034,0,0,25/02/2025 16:00,25/02/2025 17:00,27/06/2025 06:45
Nederland,ElectricityLoad,Hour,13349544,13349544,0,0,25/02/2025 17:00,25/02/2025 18:00,27/06/2025 06:45
Nederland,ElectricityLoad,Hour,12972475,12972475,0,0,25/02/2025 18:00,25/02/2025 19:00,27/06/2025 06:45
Nederland,ElectricityLoad,Hour,12490148,12490148,0,0,25/02/2025 19:00,25/02/2025 20:00,27/06/2025 06:45
Nederland,ElectricityLoad,Hour,12132518,12132518,0,0,25/02/2025 20:00,25/02/2025 21:00,27/06/2025 06:45
Nederland,ElectricityLoad,Hour,11519609,11519609,0,0,25/02/2025 21:00,25/02/2025 22:00,27/06/2025 06:45
Nederland,ElectricityLoad,Hour,10867802,10867802,0,0,25/02/2025 22:00,25/02/2025 23:00,27/06/2025 06:45
Nederland,ElectricityLoad,Hour,10720792,10720792,0,0,25/02/2025 23:00,26/02/2025 00:00,27/06/2025 06:45
Nederland,ElectricityLoad,Hour,10348980,10348980,0,0,26/02/2025 00:00,26/02/2025 01:00,28/06/2025 06:46
Nederland,ElectricityLoad,Hour,10312140,10312140,0,0,26/02/2025 01:00,26/02/2025 02:00,28/06/2025 06:46
Nederland,ElectricityLoad,Hour,10206791,10206791,0,0,26/02/2025 02:00,26/02/2025 03:00,28/06/2025 06:46
Nederland,ElectricityLoad,Hour,10092316,10092316,0,0,26/02/2025 03:00,26/02/2025 04:00,28/06/2025 06:46
Nederland,ElectricityLoad,Hour,10196803,10196803,0,0,26/02/2025 04:00,26/02/2025 05:00,28/06/2025 06:46
Nederland,ElectricityLoad,Hour,10958401,10958401,0,0,26/02/2025 05:00,26/02/2025 06:00,28/06/2025 06:46
Nederland,ElectricityLoad,Hour,12511818,12511818,0,0,26/02/2025 06:00,26/02/2025 07:00,28/06/2025 06:46
Nederland,ElectricityLoad,Hour,13653924,13653924,0,0,26/02/2025 07:00,26/02/2025 08:00,28/06/2025 06:46
Nederland,ElectricityLoad,Hour,15127128,15127128,0,0,26/02/2025 08:00,26/02/2025 09:00,28/06/2025 06:46
Nederland,ElectricityLoad,Hour,15724803,15724803,0,0,26/02/2025 09:00,26/02/2025 10:00,28/06/2025 06:46
Nederland,ElectricityLoad,Hour,16938081,16938081,0,0,26/02/2025 10:00,26/02/2025 11:00,28/06/2025 06:46
Nederland,ElectricityLoad,Hour,18065771,18065771,0,0,26/02/2025 11:00,26/02/2025 12:00,28/06/2025 06:46
Nederland,ElectricityLoad,Hour,17980403,17980403,0,0,26/02/2025 12:00,26/02/2025 13:00,28/06/2025 06:46
Nederland,ElectricityLoad,Hour,16747012,16747012,0,0,26/02/2025 13:00,26/02/2025 14:00,28/06/2025 06:46
Nederland,ElectricityLoad,Hour,17233051,17233051,0,0,26/02/2025 14:00,26/02/2025 15:00,28/06/2025 06:46
Nederland,ElectricityLoad,Hour,15827394,15827394,0,0,26/02/2025 15:00,26/02/2025 16:00,28/06/2025 06:46
Nederland,ElectricityLoad,Hour,14280223,14280223,0,0,26/02/2025 16:00,26/02/2025 17:00,28/06/2025 06:46
Nederland,ElectricityLoad,Hour,13039021,13039021,0,0,26/02/2025 17:00,26/02/2025 18:00,28/06/2025 06:46
Nederland,ElectricityLoad,Hour,12561413,12561413,0,0,26/02/2025 18:00,26/02/2025 19:00,28/06/2025 06:46
Nederland,ElectricityLoad,Hour,12452208,12452208,0,0,26/02/2025 19:00,26/02/2025 20:00,28/06/2025 06:46
Nederland,ElectricityLoad,Hour,11858785,11858785,0,0,26/02/2025 20:00,26/02/2025 21:00,28/06/2025 06:46
Nederland,ElectricityLoad,Hour,11130843,11130843,0,0,26/02/2025 21:00,26/02/2025 22:00,28/06/2025 06:46
Nederland,ElectricityLoad,Hour,10698743,10698743,0,0,26/02/2025 22:00,26/02/2025 23:00,28/06/2025 06:46
Nederland,ElectricityLoad,Hour,10727082,10727082,0,0,26/02/2025 23:00,27/02/2025 00:00,28/06/2025 06:46
Nederland,ElectricityLoad,Hour,10443093,10443093,0,0,27/02/2025 00:00,27/02/2025 01:00,29/06/2025 06:46
Nederland,ElectricityLoad,Hour,10070924,10070924,0,0,27/02/2025 01:00,27/02/2025 02:00,29/06/2025 06:46
Nederland,ElectricityLoad,Hour,9507475,9507475,0,0,27/02/2025 02:00,27/02/2025 03:00,29/06/2025 06:46
Nederland,ElectricityLoad,Hour,9671425,9671425,0,0,27/02/2025 03:00,27/02/2025 04:00,29/06/2025 06:46
Nederland,ElectricityLoad,Hour,9917227,9917227,0,0,27/02/2025 04:00,27/02/2025 05:00,29/06/2025 06:46
Nederland,ElectricityLoad,Hour,11181965,11181965,0,0,27/02/2025 05:00,27/02/2025 06:00,29/06/2025 06:46
Nederland,ElectricityLoad,Hour,12588946,12588946,0,0,27/02/2025 06:00,27/02/2025 07:00,29/06/2025 06:46
Nederland,ElectricityLoad,Hour,13717607,13717607,0,0,27/02/2025 07:00,27/02/2025 08:00,29/06/2025 06:46
Nederland,ElectricityLoad,Hour,15148301,15148301,0,0,27/02/2025 08:00,27/02/2025 09:00,29/06/2025 06:46
Nederland,ElectricityLoad,Hour,16295437,16295437,0,0,27/02/2025 09:00,27/02/2025 10:00,29/06/2025 06:46
Nederland,ElectricityLoad,Hour,17623763,17623763,0,0,27/02/2025 10:00,27/02/2025 11:00,29/06/2025 06:46
Nederland,ElectricityLoad,Hour,18319074,18319074,0,0,27/02/2025 11:00,27/02/2025 12:00,29/06/2025 06:46
Nederland,ElectricityLoad,Hour,17258339,17258339,0,0,27/02/2025 12:00,27/02/2025 13:00,29/06/2025 06:46
Nederland,ElectricityLoad,Hour,18083028,18083028,0,0,27/02/2025 13:00,27/02/2025 14:00,29/06/2025 06:46
Nederland,ElectricityLoad,Hour,17662383,17662383,0,0,27/02/2025 14:00,27/02/2025 15:00,29/06/2025 06:46
Nederland,ElectricityLoad,Hour,16167777,16167777,0,0,27/02/2025 15:00,27/02/2025 16:00,29/06/2025 06:46
Nederland,ElectricityLoad,Hour,15117040,15117040,0,0,27/02/2025 16:00,27/02/2025 17:00,29/06/2025 06:46
Nederland,ElectricityLoad,Hour,13953920,13953920,0,0,27/02/2025 17:00,27/02/2025 18:00,29/06/2025 06:46
Nederland,ElectricityLoad,Hour,13321899,13321899,0,0,27/02/2025 18:00,27/02/2025 19:00,29/06/2025 06:46
Nederland,ElectricityLoad,Hour,12934098,12934098,0,0,27/02/2025 19:00,27/02/2025 20:00,29/06/2025 06:46
Nederland,ElectricityLoad,Hour,12498004,12498004,0,0,27/02/2025 20:00,27/02/2025 21:00,29/06/2025 06:46
Nederland,ElectricityLoad,Hour,12548578,12548578,0,0,27/02/2025 21:00,27/02/2025 22:00,29/06/2025 06:46
Nederland,ElectricityLoad,Hour,12038812,12038812,0,0,27/02/2025 22:00,27/02/2025 23:00,29/06/2025 06:46
Nederland,ElectricityLoad,Hour,11134502,11134502,0,0,27/02/2025 23:00,28/02/2025 00:00,29/06/2025 06:46
Nederland,ElectricityLoad,Hour,10759512,10759512,0,0,28/02/2025 00:00,28/02/2025 01:00,30/06/2025 06:46
Nederland,ElectricityLoad,Hour,10447642,10447642,0,0,28/02/2025 01:00,28/02/2025 02:00,30/06/2025 06:46
Nederland,ElectricityLoad,Hour,10355313,10355313,0,0,28/02/2025 02:00,28/02/2025 03:00,30/06/2025 06:46
Nederland,ElectricityLoad,Hour,10366617,10366617,0,0,28/02/2025 03:00,28/02/2025 04:00,30/06/2025 06:46
Nederland,ElectricityLoad,Hour,10749411,10749411,0,0,28/02/2025 04:00,28/02/2025 05:00,30/06/2025 06:46
Nederland,ElectricityLoad,Hour,11520087,11520087,0,0,28/02/2025 05:00,28/02/2025 06:00,30/06/2025 06:46
Nederland,ElectricityLoad,Hour,12752885,12752885,0,0,28/02/2025 06:00,28/02/2025 07:00,30/06/2025 06:46
Nederland,ElectricityLoad,Hour,14188622,14188622,0,0,28/02/2025 07:00,28/02/2025 08:00,30/06/2025 06:46
Nederland,ElectricityLoad,Hour,15850873,15850873,0,0,28/02/2025 08:00,28/02/2025 09:00,30/06/2025 06:46
Nederland,ElectricityLoad,Hour,17642567,17642567,0,0,28/02/2025 09:00,28/02/2025 10:00,30/06/2025 06:46
Nederland,ElectricityLoad,Hour,18056140,18056140,0,0,28/02/2025 10:00,28/02/2025 11:00,30/06/2025 06:46
Nederland,ElectricityLoad,Hour,18873524,18873524,0,0,28/02/2025 11:00,28/02/2025 12:00,30/06/2025 06:46
Nederland,ElectricityLoad,Hour,19037504,19037504,0,0,28/02/2025 12:00,28/02/2025 13:00,30/06/2025 06:46
Nederland,ElectricityLoad,Hour,18068504,18068504,0,0,28/02/2025 13:00,28/02/2025 14:00,30/06/2025 06:46
Nederland,ElectricityLoad,Hour,17731535,17731535,0,0,28/02/2025 14:00,28/02/2025 15:00,30/06/2025 06:46
Nederland,ElectricityLoad,Hour,16641784,16641784,0,0,28/02/2025 15:00,28/02/2025 16:00,30/06/2025 06:46
Nederland,ElectricityLoad,Hour,15303945,15303945,0,0,28/02/2025 16:00,28/02/2025 17:00,30/06/2025 06:46
Nederland,ElectricityLoad,Hour,13657607,13657607,0,0,28/02/2025 17:00,28/02/2025 18:00,30/06/2025 06:46
Nederland,ElectricityLoad,Hour,13052937,13052937,0,0,28/02/2025 18:00,28/02/2025 19:00,30/06/2025 06:46
Nederland,ElectricityLoad,Hour,12593593,12593593,0,0,28/02/2025 19:00,28/02/2025 20:00,30/06/2025 06:46
Nederland,ElectricityLoad,Hour,12028280,12028280,0,0,28/02/2025 20:00,28/02/2025 21:00,30/06/2025 06:46
Nederland,ElectricityLoad,Hour,11510387,11510387,0,0,28/02/2025 21:00,28/02/2025 22:00,30/06/2025 06:46
Nederland,ElectricityLoad,Hour,10845447,10845447,0,0,28/02/2025 22:00,28/02/2025 23:00,30/06/2025 06:46
Nederland,ElectricityLoad,Hour,10622962,10622962,0,0,28/02/2025 23:00,01/03/2025 00:00,30/06/2025 06:46
Nederland,ElectricityLoad,Hour,10453323,10453323,0,0,01/03/2025 00:00,01/03/2025 01:00,01/07/2025 06:46
Nederland,ElectricityLoad,Hour,10412261,10412261,0,0,01/03/2025 01:00,01/03/2025 02:00,01/07/2025 06:46
Nederland,ElectricityLoad,Hour,10345235,10345235,0,0,01/03/2025 02:00,01/03/2025 03:00,01/07/2025 06:46
Nederland,ElectricityLoad,Hour,10368598,10368598,0,0,01/03/2025 03:00,01/03/2025 04:00,01/07/2025 06:46
Nederland,ElectricityLoad,Hour,10472768,10472768,0,0,01/03/2025 04:00,01/03/2025 05:00,01/07/2025 06:46
Nederland,ElectricityLoad,Hour,10662729,10662729,0,0,01/03/2025 05:00,01/03/2025 06:00,01/07/2025 06:46
Nederland,ElectricityLoad,Hour,11324480,11324480,0,0,01/03/2025 06:00,01/03/2025 07:00,01/07/2025 06:46
Nederland,ElectricityLoad,Hour,12293854,12293854,0,0,01/03/2025 07:00,01/03/2025 08:00,01/07/2025 06:46
Nederland,ElectricityLoad,Hour,13846114,13846114,0,0,01/03/2025 08:00,01/03/2025 09:00,01/07/2025 06:46
Nederland,ElectricityLoad,Hour,15076679,15076679,0,0,01/03/2025 09:00,01/03/2025 10:00,01/07/2025 06:46
Nederland,ElectricityLoad,Hour,15253560,15253560,0,0,01/03/2025 10:00,01/03/2025 11:00,01/07/2025 06:46
Nederland,ElectricityLoad,Hour,15884093,15884093,0,0,01/03/2025 11:00,01/03/2025 12:00,01/07/2025 06:46
Nederland,ElectricityLoad,Hour,15757702,15757702,0,0,01/03/2025 12:00,01/03/2025 13:00,01/07/2025 06:46
Nederland,ElectricityLoad,Hour,14898236,14898236,0,0,01/03/2025 13:00,01/03/2025 14:00,01/07/2025 06:46
Nederland,ElectricityLoad,Hour,13731796,13731796,0,0,01/03/2025 14:00,01/03/2025 15:00,01/07/2025 06:46
Nederland,ElectricityLoad,Hour,13501444,13501444,0,0,01/03/2025 15:00,01/03/2025 16:00,01/07/2025 06:46
Nederland,ElectricityLoad,Hour,13717331,13717331,0,0,01/03/2025 16:00,01/03/2025 17:00,01/07/2025 06:46
Nederland,ElectricityLoad,Hour,12600645,12600645,0,0,01/03/2025 17:00,01/03/2025 18:00,01/07/2025 06:46
Nederland,ElectricityLoad,Hour,12091302,12091302,0,0,01/03/2025 18:00,01/03/2025 19:00,01/07/2025 06:46
Nederland,ElectricityLoad,Hour,11749855,11749855,0,0,01/03/2025 19:00,01/03/2025 20:00,01/07/2025 06:46
Nederland,ElectricityLoad,Hour,11339343,11339343,0,0,01/03/2025 20:00,01/03/2025 21:00,01/07/2025 06:46
Nederland,ElectricityLoad,Hour,4552315,4552315,0,0,01/03/2025 21:00,01/03/2025 22:00,01/07/2025 06:46
Nederland,ElectricityLoad,Hour,10140603,10140603,0,0,01/03/2025 22:00,01/03/2025 23:00,01/07/2025 06:46
Nederland,ElectricityLoad,Hour,9453651,9453651,0,0,01/03/2025 23:00,02/03/2025 00:00,01/07/2025 06:46
Nederland,ElectricityLoad,Hour,9218815,9218815,0,0,02/03/2025 00:00,02/03/2025 01:00,02/07/2025 06:45
Nederland,ElectricityLoad,Hour,9293337,9293337,0,0,02/03/2025 01:00,02/03/2025 02:00,02/07/2025 06:45
Nederland,ElectricityLoad,Hour,9321145,9321145,0,0,02/03/2025 02:00,02/03/2025 03:00,02/07/2025 06:45
Nederland,ElectricityLoad,Hour,9158145,9158145,0,0,02/03/2025 03:00,02/03/2025 04:00,02/07/2025 06:45
Nederland,ElectricityLoad,Hour,9279068,9279068,0,0,02/03/2025 04:00,02/03/2025 05:00,02/07/2025 06:45
Nederland,ElectricityLoad,Hour,9685308,9685308,0,0,02/03/2025 05:00,02/03/2025 06:00,02/07/2025 06:45
Nederland,ElectricityLoad,Hour,10131908,10131908,0,0,02/03/2025 06:00,02/03/2025 07:00,02/07/2025 06:45
Nederland,ElectricityLoad,Hour,11344367,11344367,0,0,02/03/2025 07:00,02/03/2025 08:00,02/07/2025 06:45
Nederland,ElectricityLoad,Hour,13542223,13542223,0,0,02/03/2025 08:00,02/03/2025 09:00,02/07/2025 06:45
Nederland,ElectricityLoad,Hour,14128753,14128753,0,0,02/03/2025 09:00,02/03/2025 10:00,02/07/2025 06:45
Nederland,ElectricityLoad,Hour,15270662,15270662,0,0,02/03/2025 10:00,02/03/2025 11:00,02/07/2025 06:45
Nederland,ElectricityLoad,Hour,16022172,16022172,0,0,02/03/2025 11:00,02/03/2025 12:00,02/07/2025 06:45
Nederland,ElectricityLoad,Hour,16924650,16924650,0,0,02/03/2025 12:00,02/03/2025 13:00,02/07/2025 06:45
Nederland,ElectricityLoad,Hour,15892130,15892130,0,0,02/03/2025 13:00,02/03/2025 14:00,02/07/2025 06:45
Nederland,ElectricityLoad,Hour,14387025,14387025,0,0,02/03/2025 14:00,02/03/2025 15:00,02/07/2025 06:45
Nederland,ElectricityLoad,Hour,13282083,13282083,0,0,02/03/2025 15:00,02/03/2025 16:00,02/07/2025 06:45
Nederland,ElectricityLoad,Hour,12661857,12661857,0,0,02/03/2025 16:00,02/03/2025 17:00,02/07/2025 06:45
Nederland,ElectricityLoad,Hour,11727816,11727816,0,0,02/03/2025 17:00,02/03/2025 18:00,02/07/2025 06:45
Nederland,ElectricityLoad,Hour,11479042,11479042,0,0,02/03/2025 18:00,02/03/2025 19:00,02/07/2025 06:45
Nederland,ElectricityLoad,Hour,11008171,11008171,0,0,02/03/2025 19:00,02/03/2025 20:00,02/07/2025 06:45
Nederland,ElectricityLoad,Hour,10570931,10570931,0,0,02/03/2025 20:00,02/03/2025 21:00,02/07/2025 06:45
Nederland,ElectricityLoad,Hour,10034849,10034849,0,0,02/03/2025 21:00,02/03/2025 22:00,02/07/2025 06:45
Nederland,ElectricityLoad,Hour,9528317,9528317,0,0,02/03/2025 22:00,02/03/2025 23:00,02/07/2025 06:45
Nederland,ElectricityLoad,Hour,9412492,9412492,0,0,02/03/2025 23:00,03/03/2025 00:00,02/07/2025 06:45
Nederland,ElectricityLoad,Hour,9352366,9352366,0,0,03/03/2025 00:00,03/03/2025 01:00,03/07/2025 06:45
Nederland,ElectricityLoad,Hour,9324192,9324192,0,0,03/03/2025 01:00,03/03/2025 02:00,03/07/2025 06:45
Nederland,ElectricityLoad,Hour,9431473,9431473,0,0,03/03/2025 02:00,03/03/2025 03:00,03/07/2025 06:45
Nederland,ElectricityLoad,Hour,9579440,9579440,0,0,03/03/2025 03:00,03/03/2025 04:00,03/07/2025 06:45
Nederland,ElectricityLoad,Hour,9958841,9958841,0,0,03/03/2025 04:00,03/03/2025 05:00,03/07/2025 06:45
Nederland,ElectricityLoad,Hour,11085079,11085079,0,0,03/03/2025 05:00,03/03/2025 06:00,03/07/2025 06:45
Nederland,ElectricityLoad,Hour,12504236,12504236,0,0,03/03/2025 06:00,03/03/2025 07:00,03/07/2025 06:45
Nederland,ElectricityLoad,Hour,15311258,15311258,0,0,03/03/2025 07:00,03/03/2025 08:00,03/07/2025 06:45
Nederland,ElectricityLoad,Hour,17897473,17897473,0,0,03/03/2025 08:00,03/03/2025 09:00,03/07/2025 06:45
Nederland,ElectricityLoad,Hour,16947723,16947723,0,0,03/03/2025 09:00,03/03/2025 10:00,03/07/2025 06:45
Nederland,ElectricityLoad,Hour,17607038,17607038,0,0,03/03/2025 10:00,03/03/2025 11:00,03/07/2025 06:45
Nederland,ElectricityLoad,Hour,18495665,18495665,0,0,03/03/2025 11:00,03/03/2025 12:00,03/07/2025 06:45
Nederland,ElectricityLoad,Hour,18219221,18219221,0,0,03/03/2025 12:00,03/03/2025 13:00,03/07/2025 06:45
Nederland,ElectricityLoad,Hour,17676022,17676022,0,0,03/03/2025 13:00,03/03/2025 14:00,03/07/2025 06:45
Nederland,ElectricityLoad,Hour,16614448,16614448,0,0,03/03/2025 14:00,03/03/2025 15:00,03/07/2025 06:45
Nederland,ElectricityLoad,Hour,15468796,15468796,0,0,03/03/2025 15:00,03/03/2025 16:00,03/07/2025 06:45
Nederland,ElectricityLoad,Hour,14326205,14326205,0,0,03/03/2025 16:00,03/03/2025 17:00,03/07/2025 06:45
Nederland,ElectricityLoad,Hour,13143829,13143829,0,0,03/03/2025 17:00,03/03/2025 18:00,03/07/2025 06:45
Nederland,ElectricityLoad,Hour,12696216,12696216,0,0,03/03/2025 18:00,03/03/2025 19:00,03/07/2025 06:45
Nederland,ElectricityLoad,Hour,12339644,12339644,0,0,03/03/2025 19:00,03/03/2025 20:00,03/07/2025 06:45
Nederland,ElectricityLoad,Hour,11899579,11899579,0,0,03/03/2025 20:00,03/03/2025 21:00,03/07/2025 06:45
Nederland,ElectricityLoad,Hour,11159680,11159680,0,0,03/03/2025 21:00,03/03/2025 22:00,03/07/2025 06:45
Nederland,ElectricityLoad,Hour,10243398,10243398,0,0,03/03/2025 22:00,03/03/2025 23:00,03/07/2025 06:45
Nederland,ElectricityLoad,Hour,9767095,9767095,0,0,03/03/2025 23:00,04/03/2025 00:00,03/07/2025 06:45
Nederland,ElectricityLoad,Hour,9561442,9561442,0,0,04/03/2025 00:00,04/03/2025 01:00,04/07/2025 06:45
Nederland,ElectricityLoad,Hour,9457938,9457938,0,0,04/03/2025 01:00,04/03/2025 02:00,04/07/2025 06:45
Nederland,ElectricityLoad,Hour,9438539,9438539,0,0,04/03/2025 02:00,04/03/2025 03:00,04/07/2025 06:45
Nederland,ElectricityLoad,Hour,9606506,9606506,0,0,04/03/2025 03:00,04/03/2025 04:00,04/07/2025 06:45
Nederland,ElectricityLoad,Hour,10229761,10229761,0,0,04/03/2025 04:00,04/03/2025 05:00,04/07/2025 06:45
Nederland,ElectricityLoad,Hour,11410252,11410252,0,0,04/03/2025 05:00,04/03/2025 06:00,04/07/2025 06:45
Nederland,ElectricityLoad,Hour,12699448,12699448,0,0,04/03/2025 06:00,04/03/2025 07:00,04/07/2025 06:45
Nederland,ElectricityLoad,Hour,14153660,14153660,0,0,04/03/2025 07:00,04/03/2025 08:00,04/07/2025 06:45
Nederland,ElectricityLoad,Hour,15845226,15845226,0,0,04/03/2025 08:00,04/03/2025 09:00,04/07/2025 06:45
Nederland,ElectricityLoad,Hour,16120751,16120751,0,0,04/03/2025 09:00,04/03/2025 10:00,04/07/2025 06:45
Nederland,ElectricityLoad,Hour,17440066,17440066,0,0,04/03/2025 10:00,04/03/2025 11:00,04/07/2025 06:45
Nederland,ElectricityLoad,Hour,18492432,18492432,0,0,04/03/2025 11:00,04/03/2025 12:00,04/07/2025 06:45
Nederland,ElectricityLoad,Hour,18473123,18473123,0,0,04/03/2025 12:00,04/03/2025 13:00,04/07/2025 06:45
Nederland,ElectricityLoad,Hour,17540801,17540801,0,0,04/03/2025 13:00,04/03/2025 14:00,04/07/2025 06:45
Nederland,ElectricityLoad,Hour,16509146,16509146,0,0,04/03/2025 14:00,04/03/2025 15:00,04/07/2025 06:45
Nederland,ElectricityLoad,Hour,15180823,15180823,0,0,04/03/2025 15:00,04/03/2025 16:00,04/07/2025 06:45
Nederland,ElectricityLoad,Hour,14396065,14396065,0,0,04/03/2025 16:00,04/03/2025 17:00,04/07/2025 06:45
Nederland,ElectricityLoad,Hour,13034183,13034183,0,0,04/03/2025 17:00,04/03/2025 18:00,04/07/2025 06:45
Nederland,ElectricityLoad,Hour,12138909,12138909,0,0,04/03/2025 18:00,04/03/2025 19:00,04/07/2025 06:45
Nederland,ElectricityLoad,Hour,11718333,11718333,0,0,04/03/2025 19:00,04/03/2025 20:00,04/07/2025 06:45
Nederland,ElectricityLoad,Hour,10683809,10683809,0,0,04/03/2025 20:00,04/03/2025 21:00,04/07/2025 06:45
Nederland,ElectricityLoad,Hour,9671031,9671031,0,0,04/03/2025 21:00,04/03/2025 22:00,04/07/2025 06:45
Nederland,ElectricityLoad,Hour,8917797,8917797,0,0,04/03/2025 22:00,04/03/2025 23:00,04/07/2025 06:45
Nederland,ElectricityLoad,Hour,8323165,8323165,0,0,04/03/2025 23:00,05/03/2025 00:00,04/07/2025 06:45
Nederland,ElectricityLoad,Hour,8207311,8207311,0,0,05/03/2025 00:00,05/03/2025 01:00,05/07/2025 06:47
Nederland,ElectricityLoad,Hour,7972001,7972001,0,0,05/03/2025 01:00,05/03/2025 02:00,05/07/2025 06:47
Nederland,ElectricityLoad,Hour,7670683,7670683,0,0,05/03/2025 02:00,05/03/2025 03:00,05/07/2025 06:47
Nederland,ElectricityLoad,Hour,7965342,7965342,0,0,05/03/2025 03:00,05/03/2025 04:00,05/07/2025 06:47
Nederland,ElectricityLoad,Hour,8217213,8217213,0,0,05/03/2025 04:00,05/03/2025 05:00,05/07/2025 06:47
Nederland,ElectricityLoad,Hour,8846185,8846185,0,0,05/03/2025 05:00,05/03/2025 06:00,05/07/2025 06:47
Nederland,ElectricityLoad,Hour,10326586,10326586,0,0,05/03/2025 06:00,05/03/2025 07:00,05/07/2025 06:47
Nederland,ElectricityLoad,Hour,12545709,12545709,0,0,05/03/2025 07:00,05/03/2025 08:00,05/07/2025 06:47
Nederland,ElectricityLoad,Hour,15145183,15145183,0,0,05/03/2025 08:00,05/03/2025 09:00,05/07/2025 06:47
Nederland,ElectricityLoad,Hour,15523478,15523478,0,0,05/03/2025 09:00,05/03/2025 10:00,05/07/2025 06:47
Nederland,ElectricityLoad,Hour,13086146,13086146,0,0,05/03/2025 10:00,05/03/2025 11:00,05/07/2025 06:47
Nederland,ElectricityLoad,Hour,11351841,11351841,0,0,05/03/2025 11:00,05/03/2025 12:00,05/07/2025 06:47
Nederland,ElectricityLoad,Hour,10859209,10859209,0,0,05/03/2025 12:00,05/03/2025 13:00,05/07/2025 06:47
Nederland,ElectricityLoad,Hour,11369380,11369380,0,0,05/03/2025 13:00,05/03/2025 14:00,05/07/2025 06:47
Nederland,ElectricityLoad,Hour,12895051,12895051,0,0,05/03/2025 14:00,05/03/2025 15:00,05/07/2025 06:47
Nederland,ElectricityLoad,Hour,15529583,15529583,0,0,05/03/2025 15:00,05/03/2025 16:00,05/07/2025 06:47
Nederland,ElectricityLoad,Hour,18378074,18378074,0,0,05/03/2025 16:00,05/03/2025 17:00,05/07/2025 06:47
Nederland,ElectricityLoad,Hour,15670727,15670727,0,0,05/03/2025 17:00,05/03/2025 18:00,05/07/2025 06:47
Nederland,ElectricityLoad,Hour,11994309,11994309,0,0,05/03/2025 18:00,05/03/2025 19:00,05/07/2025 06:47
Nederland,ElectricityLoad,Hour,11549872,11549872,0,0,05/03/2025 19:00,05/03/2025 20:00,05/07/2025 06:47
Nederland,ElectricityLoad,Hour,10692324,10692324,0,0,05/03/2025 20:00,05/03/2025 21:00,05/07/2025 06:47
Nederland,ElectricityLoad,Hour,9906851,9906851,0,0,05/03/2025 21:00,05/03/2025 22:00,05/07/2025 06:47
Nederland,ElectricityLoad,Hour,9219903,9219903,0,0,05/03/2025 22:00,05/03/2025 23:00,05/07/2025 06:47
Nederland,ElectricityLoad,Hour,8784364,8784364,0,0,05/03/2025 23:00,06/03/2025 00:00,05/07/2025 06:47
Nederland,ElectricityLoad,Hour,8328350,8328350,0,0,06/03/2025 00:00,06/03/2025 01:00,06/07/2025 06:46
Nederland,ElectricityLoad,Hour,7928175,7928175,0,0,06/03/2025 01:00,06/03/2025 02:00,06/07/2025 06:46
Nederland,ElectricityLoad,Hour,7679244,7679244,0,0,06/03/2025 02:00,06/03/2025 03:00,06/07/2025 06:46
Nederland,ElectricityLoad,Hour,7655369,7655369,0,0,06/03/2025 03:00,06/03/2025 04:00,06/07/2025 06:46
Nederland,ElectricityLoad,Hour,8106473,8106473,0,0,06/03/2025 04:00,06/03/2025 05:00,06/07/2025 06:46
Nederland,ElectricityLoad,Hour,9178249,9178249,0,0,06/03/2025 05:00,06/03/2025 06:00,06/07/2025 06:46
Nederland,ElectricityLoad,Hour,10632565,10632565,0,0,06/03/2025 06:00,06/03/2025 07:00,06/07/2025 06:46
Nederland,ElectricityLoad,Hour,12370962,12370962,0,0,06/03/2025 07:00,06/03/2025 08:00,06/07/2025 06:46
Nederland,ElectricityLoad,Hour,13999558,13999558,0,0,06/03/2025 08:00,06/03/2025 09:00,06/07/2025 06:46
Nederland,ElectricityLoad,Hour,15324748,15324748,0,0,06/03/2025 09:00,06/03/2025 10:00,06/07/2025 06:46
Nederland,ElectricityLoad,Hour,16590504,16590504,0,0,06/03/2025 10:00,06/03/2025 11:00,06/07/2025 06:46
Nederland,ElectricityLoad,Hour,17373401,17373401,0,0,06/03/2025 11:00,06/03/2025 12:00,06/07/2025 06:46
Nederland,ElectricityLoad,Hour,17982577,17982577,0,0,06/03/2025 12:00,06/03/2025 13:00,06/07/2025 06:46
Nederland,ElectricityLoad,Hour,17462435,17462435,0,0,06/03/2025 13:00,06/03/2025 14:00,06/07/2025 06:46
Nederland,ElectricityLoad,Hour,16460392,16460392,0,0,06/03/2025 14:00,06/03/2025 15:00,06/07/2025 06:46
Nederland,ElectricityLoad,Hour,14748080,14748080,0,0,06/03/2025 15:00,06/03/2025 16:00,06/07/2025 06:46
Nederland,ElectricityLoad,Hour,13160967,13160967,0,0,06/03/2025 16:00,06/03/2025 17:00,06/07/2025 06:46
Nederland,ElectricityLoad,Hour,11373968,11373968,0,0,06/03/2025 17:00,06/03/2025 18:00,06/07/2025 06:46
Nederland,ElectricityLoad,Hour,10756888,10756888,0,0,06/03/2025 18:00,06/03/2025 19:00,06/07/2025 06:46
Nederland,ElectricityLoad,Hour,10084029,10084029,0,0,06/03/2025 19:00,06/03/2025 20:00,06/07/2025 06:46
Nederland,ElectricityLoad,Hour,9329897,9329897,0,0,06/03/2025 20:00,06/03/2025 21:00,06/07/2025 06:46
Nederland,ElectricityLoad,Hour,8426951,8426951,0,0,06/03/2025 21:00,06/03/2025 22:00,06/07/2025 06:46
Nederland,ElectricityLoad,Hour,7730562,7730562,0,0,06/03/2025 22:00,06/03/2025 23:00,06/07/2025 06:46
Nederland,ElectricityLoad,Hour,7085763,7085763,0,0,06/03/2025 23:00,07/03/2025 00:00,06/07/2025 06:46
Nederland,ElectricityLoad,Hour,6772418,6772418,0,0,07/03/2025 00:00,07/03/2025 01:00,07/07/2025 06:47
Nederland,ElectricityLoad,Hour,6508309,6508309,0,0,07/03/2025 01:00,07/03/2025 02:00,07/07/2025 06:47
Nederland,ElectricityLoad,Hour,6652836,6652836,0,0,07/03/2025 02:00,07/03/2025 03:00,07/07/2025 06:47
Nederland,ElectricityLoad,Hour,7109404,7109404,0,0,07/03/2025 03:00,07/03/2025 04:00,07/07/2025 06:47
Nederland,ElectricityLoad,Hour,7657650,7657650,0,0,07/03/2025 04:00,07/03/2025 05:00,07/07/2025 06:47
Nederland,ElectricityLoad,Hour,8758250,8758250,0,0,07/03/2025 05:00,07/03/2025 06:00,07/07/2025 06:47
Nederland,ElectricityLoad,Hour,9690002,9690002,0,0,07/03/2025 06:00,07/03/2025 07:00,07/07/2025 06:47
Nederland,ElectricityLoad,Hour,11540212,11540212,0,0,07/03/2025 07:00,07/03/2025 08:00,07/07/2025 06:47
Nederland,ElectricityLoad,Hour,14007896,14007896,0,0,07/03/2025 08:00,07/03/2025 09:00,07/07/2025 06:47
Nederland,ElectricityLoad,Hour,15384994,15384994,0,0,07/03/2025 09:00,07/03/2025 10:00,07/07/2025 06:47
Nederland,ElectricityLoad,Hour,16690193,16690193,0,0,07/03/2025 10:00,07/03/2025 11:00,07/07/2025 06:47
Nederland,ElectricityLoad,Hour,17230153,17230153,0,0,07/03/2025 11:00,07/03/2025 12:00,07/07/2025 06:47
Nederland,ElectricityLoad,Hour,17165021,17165021,0,0,07/03/2025 12:00,07/03/2025 13:00,07/07/2025 06:47
Nederland,ElectricityLoad,Hour,17157939,17157939,0,0,07/03/2025 13:00,07/03/2025 14:00,07/07/2025 06:47
Nederland,ElectricityLoad,Hour,16254818,16254818,0,0,07/03/2025 14:00,07/03/2025 15:00,07/07/2025 06:47
Nederland,ElectricityLoad,Hour,14647129,14647129,0,0,07/03/2025 15:00,07/03/2025 16:00,07/07/2025 06:47
Nederland,ElectricityLoad,Hour,13141653,13141653,0,0,07/03/2025 16:00,07/03/2025 17:00,07/07/2025 06:47
Nederland,ElectricityLoad,Hour,11673649,11673649,0,0,07/03/2025 17:00,07/03/2025 18:00,07/07/2025 06:47
Nederland,ElectricityLoad,Hour,11517252,11517252,0,0,07/03/2025 18:00,07/03/2025 19:00,07/07/2025 06:47
Nederland,ElectricityLoad,Hour,11067399,11067399,0,0,07/03/2025 19:00,07/03/2025 20:00,07/07/2025 06:47
Nederland,ElectricityLoad,Hour,10621807,10621807,0,0,07/03/2025 20:00,07/03/2025 21:00,07/07/2025 06:47
Nederland,ElectricityLoad,Hour,10160937,10160937,0,0,07/03/2025 21:00,07/03/2025 22:00,07/07/2025 06:47
Nederland,ElectricityLoad,Hour,9444900,9444900,0,0,07/03/2025 22:00,07/03/2025 23:00,07/07/2025 06:47
Nederland,ElectricityLoad,Hour,9079089,9079089,0,0,07/03/2025 23:00,08/03/2025 00:00,07/07/2025 06:47
Nederland,ElectricityLoad,Hour,8558555,8558555,0,0,08/03/2025 00:00,08/03/2025 01:00,08/07/2025 06:47
Nederland,ElectricityLoad,Hour,8294430,8294430,0,0,08/03/2025 01:00,08/03/2025 02:00,08/07/2025 06:47
Nederland,ElectricityLoad,Hour,8242465,8242465,0,0,08/03/2025 02:00,08/03/2025 03:00,08/07/2025 06:47
Nederland,ElectricityLoad,Hour,8212063,8212063,0,0,08/03/2025 03:00,08/03/2025 04:00,08/07/2025 06:47
Nederland,ElectricityLoad,Hour,8256213,8256213,0,0,08/03/2025 04:00,08/03/2025 05:00,08/07/2025 06:47
Nederland,ElectricityLoad,Hour,8625452,8625452,0,0,08/03/2025 05:00,08/03/2025 06:00,08/07/2025 06:47
Nederland,ElectricityLoad,Hour,9135587,9135587,0,0,08/03/2025 06:00,08/03/2025 07:00,08/07/2025 06:47
Nederland,ElectricityLoad,Hour,10200393,10200393,0,0,08/03/2025 07:00,08/03/2025 08:00,08/07/2025 06:47
Nederland,ElectricityLoad,Hour,11695543,11695543,0,0,08/03/2025 08:00,08/03/2025 09:00,08/07/2025 06:47
Nederland,ElectricityLoad,Hour,13340296,13340296,0,0,08/03/2025 09:00,08/03/2025 10:00,08/07/2025 06:47
Nederland,ElectricityLoad,Hour,14918901,14918901,0,0,08/03/2025 10:00,08/03/2025 11:00,08/07/2025 06:47
Nederland,ElectricityLoad,Hour,16138909,16138909,0,0,08/03/2025 11:00,08/03/2025 12:00,08/07/2025 06:47
Nederland,ElectricityLoad,Hour,16075431,16075431,0,0,08/03/2025 12:00,08/03/2025 13:00,08/07/2025 06:47
Nederland,ElectricityLoad,Hour,15589844,15589844,0,0,08/03/2025 13:00,08/03/2025 14:00,08/07/2025 06:47
Nederland,ElectricityLoad,Hour,14633760,14633760,0,0,08/03/2025 14:00,08/03/2025 15:00,08/07/2025 06:47
Nederland,ElectricityLoad,Hour,13352678,13352678,0,0,08/03/2025 15:00,08/03/2025 16:00,08/07/2025 06:47
Nederland,ElectricityLoad,Hour,11762587,11762587,0,0,08/03/2025 16:00,08/03/2025 17:00,08/07/2025 06:47
Nederland,ElectricityLoad,Hour,9709967,9709967,0,0,08/03/2025 17:00,08/03/2025 18:00,08/07/2025 06:47
Nederland,ElectricityLoad,Hour,8769137,8769137,0,0,08/03/2025 18:00,08/03/2025 19:00,08/07/2025 06:47
Nederland,ElectricityLoad,Hour,8018103,8018103,0,0,08/03/2025 19:00,08/03/2025 20:00,08/07/2025 06:47
Nederland,ElectricityLoad,Hour,7342885,7342885,0,0,08/03/2025 20:00,08/03/2025 21:00,08/07/2025 06:47
Nederland,ElectricityLoad,Hour,7194394,7194394,0,0,08/03/2025 21:00,08/03/2025 22:00,08/07/2025 06:47
Nederland,ElectricityLoad,Hour,6932325,6932325,0,0,08/03/2025 22:00,08/03/2025 23:00,08/07/2025 06:47
Nederland,ElectricityLoad,Hour,6740873,6740873,0,0,08/03/2025 23:00,09/03/2025 00:00,08/07/2025 06:47
Nederland,ElectricityLoad,Hour,6557333,6557333,0,0,09/03/2025 00:00,09/03/2025 01:00,09/07/2025 06:47
Nederland,ElectricityLoad,Hour,6721644,6721644,0,0,09/03/2025 01:00,09/03/2025 02:00,09/07/2025 06:47
Nederland,ElectricityLoad,Hour,6767782,6767782,0,0,09/03/2025 02:00,09/03/2025 03:00,09/07/2025 06:47
Nederland,ElectricityLoad,Hour,6888638,6888638,0,0,09/03/2025 03:00,09/03/2025 04:00,09/07/2025 06:47
Nederland,ElectricityLoad,Hour,7115783,7115783,0,0,09/03/2025 04:00,09/03/2025 05:00,09/07/2025 06:47
Nederland,ElectricityLoad,Hour,7369929,7369929,0,0,09/03/2025 05:00,09/03/2025 06:00,09/07/2025 06:47
Nederland,ElectricityLoad,Hour,7616689,7616689,0,0,09/03/2025 06:00,09/03/2025 07:00,09/07/2025 06:47
Nederland,ElectricityLoad,Hour,9187446,9187446,0,0,09/03/2025 07:00,09/03/2025 08:00,09/07/2025 06:47
Nederland,ElectricityLoad,Hour,11610985,11610985,0,0,09/03/2025 08:00,09/03/2025 09:00,09/07/2025 06:47
Nederland,ElectricityLoad,Hour,13180262,13180262,0,0,09/03/2025 09:00,09/03/2025 10:00,09/07/2025 06:47
Nederland,ElectricityLoad,Hour,14705038,14705038,0,0,09/03/2025 10:00,09/03/2025 11:00,09/07/2025 06:47
Nederland,ElectricityLoad,Hour,15338282,15338282,0,0,09/03/2025 11:00,09/03/2025 12:00,09/07/2025 06:47
Nederland,ElectricityLoad,Hour,15565020,15565020,0,0,09/03/2025 12:00,09/03/2025 13:00,09/07/2025 06:47
Nederland,ElectricityLoad,Hour,14894751,14894751,0,0,09/03/2025 13:00,09/03/2025 14:00,09/07/2025 06:47
Nederland,ElectricityLoad,Hour,13589661,13589661,0,0,09/03/2025 14:00,09/03/2025 15:00,09/07/2025 06:47
Nederland,ElectricityLoad,Hour,12132246,12132246,0,0,09/03/2025 15:00,09/03/2025 16:00,09/07/2025 06:47
Nederland,ElectricityLoad,Hour,11057529,11057529,0,0,09/03/2025 16:00,09/03/2025 17:00,09/07/2025 06:47
Nederland,ElectricityLoad,Hour,10446760,10446760,0,0,09/03/2025 17:00,09/03/2025 18:00,09/07/2025 06:47
Nederland,ElectricityLoad,Hour,10210803,10210803,0,0,09/03/2025 18:00,09/03/2025 19:00,09/07/2025 06:47
Nederland,ElectricityLoad,Hour,9712342,9712342,0,0,09/03/2025 19:00,09/03/2025 20:00,09/07/2025 06:47
Nederland,ElectricityLoad,Hour,9224145,9224145,0,0,09/03/2025 20:00,09/03/2025 21:00,09/07/2025 06:47
Nederland,ElectricityLoad,Hour,8755385,8755385,0,0,09/03/2025 21:00,09/03/2025 22:00,09/07/2025 06:47
Nederland,ElectricityLoad,Hour,8407838,8407838,0,0,09/03/2025 22:00,09/03/2025 23:00,09/07/2025 06:47
Nederland,ElectricityLoad,Hour,8251275,8251275,0,0,09/03/2025 23:00,10/03/2025 00:00,09/07/2025 06:47
Nederland,ElectricityLoad,Hour,8140714,8140714,0,0,10/03/2025 00:00,10/03/2025 01:00,10/07/2025 06:46
Nederland,ElectricityLoad,Hour,8162457,8162457,0,0,10/03/2025 01:00,10/03/2025 02:00,10/07/2025 06:46
Nederland,ElectricityLoad,Hour,8421192,8421192,0,0,10/03/2025 02:00,10/03/2025 03:00,10/07/2025 06:46
Nederland,ElectricityLoad,Hour,8653845,8653845,0,0,10/03/2025 03:00,10/03/2025 04:00,10/07/2025 06:46
Nederland,ElectricityLoad,Hour,9107172,9107172,0,0,10/03/2025 04:00,10/03/2025 05:00,10/07/2025 06:46
Nederland,ElectricityLoad,Hour,10080388,10080388,0,0,10/03/2025 05:00,10/03/2025 06:00,10/07/2025 06:46
Nederland,ElectricityLoad,Hour,11498673,11498673,0,0,10/03/2025 06:00,10/03/2025 07:00,10/07/2025 06:46
Nederland,ElectricityLoad,Hour,13137154,13137154,0,0,10/03/2025 07:00,10/03/2025 08:00,10/07/2025 06:46
Nederland,ElectricityLoad,Hour,14597618,14597618,0,0,10/03/2025 08:00,10/03/2025 09:00,10/07/2025 06:46
Nederland,ElectricityLoad,Hour,15576564,15576564,0,0,10/03/2025 09:00,10/03/2025 10:00,10/07/2025 06:46
Nederland,ElectricityLoad,Hour,16387362,16387362,0,0,10/03/2025 10:00,10/03/2025 11:00,10/07/2025 06:46
Nederland,ElectricityLoad,Hour,17033672,17033672,0,0,10/03/2025 11:00,10/03/2025 12:00,10/07/2025 06:46
Nederland,ElectricityLoad,Hour,16711356,16711356,0,0,10/03/2025 12:00,10/03/2025 13:00,10/07/2025 06:46
Nederland,ElectricityLoad,Hour,16149008,16149008,0,0,10/03/2025 13:00,10/03/2025 14:00,10/07/2025 06:46
Nederland,ElectricityLoad,Hour,15806841,15806841,0,0,10/03/2025 14:00,10/03/2025 15:00,10/07/2025 06:46
Nederland,ElectricityLoad,Hour,14922122,14922122,0,0,10/03/2025 15:00,10/03/2025 16:00,10/07/2025 06:46
Nederland,ElectricityLoad,Hour,14005260,14005260,0,0,10/03/2025 16:00,10/03/2025 17:00,10/07/2025 06:46
Nederland,ElectricityLoad,Hour,12466909,12466909,0,0,10/03/2025 17:00,10/03/2025 18:00,10/07/2025 06:46
Nederland,ElectricityLoad,Hour,11809033,11809033,0,0,10/03/2025 18:00,10/03/2025 19:00,10/07/2025 06:46
Nederland,ElectricityLoad,Hour,11205102,11205102,0,0,10/03/2025 19:00,10/03/2025 20:00,10/07/2025 06:46
Nederland,ElectricityLoad,Hour,10642334,10642334,0,0,10/03/2025 20:00,10/03/2025 21:00,10/07/2025 06:46
Nederland,ElectricityLoad,Hour,10308401,10308401,0,0,10/03/2025 21:00,10/03/2025 22:00,10/07/2025 06:46
Nederland,ElectricityLoad,Hour,9948267,9948267,0,0,10/03/2025 22:00,10/03/2025 23:00,10/07/2025 06:46
Nederland,ElectricityLoad,Hour,9844724,9844724,0,0,10/03/2025 23:00,11/03/2025 00:00,10/07/2025 06:46
Nederland,ElectricityLoad,Hour,9889852,9889852,0,0,11/03/2025 00:00,11/03/2025 01:00,11/07/2025 06:47
Nederland,ElectricityLoad,Hour,10030351,10030351,0,0,11/03/2025 01:00,11/03/2025 02:00,11/07/2025 06:47
Nederland,ElectricityLoad,Hour,9961322,9961322,0,0,11/03/2025 02:00,11/03/2025 03:00,11/07/2025 06:47
Nederland,ElectricityLoad,Hour,10166331,10166331,0,0,11/03/2025 03:00,11/03/2025 04:00,11/07/2025 06:47
Nederland,ElectricityLoad,Hour,9975344,9975344,0,0,11/03/2025 04:00,11/03/2025 05:00,11/07/2025 06:47
Nederland,ElectricityLoad,Hour,11514299,11514299,0,0,11/03/2025 05:00,11/03/2025 06:00,11/07/2025 06:47
Nederland,ElectricityLoad,Hour,12969047,12969047,0,0,11/03/2025 06:00,11/03/2025 07:00,11/07/2025 06:47
Nederland,ElectricityLoad,Hour,14244704,14244704,0,0,11/03/2025 07:00,11/03/2025 08:00,11/07/2025 06:47
Nederland,ElectricityLoad,Hour,15524024,15524024,0,0,11/03/2025 08:00,11/03/2025 09:00,11/07/2025 06:47
Nederland,ElectricityLoad,Hour,16210261,16210261,0,0,11/03/2025 09:00,11/03/2025 10:00,11/07/2025 06:47
Nederland,ElectricityLoad,Hour,16673244,16673244,0,0,11/03/2025 10:00,11/03/2025 11:00,11/07/2025 06:47
Nederland,ElectricityLoad,Hour,16804424,16804424,0,0,11/03/2025 11:00,11/03/2025 12:00,11/07/2025 06:47
Nederland,ElectricityLoad,Hour,17846059,17846059,0,0,11/03/2025 12:00,11/03/2025 13:00,11/07/2025 06:47
Nederland,ElectricityLoad,Hour,16703391,16703391,0,0,11/03/2025 13:00,11/03/2025 14:00,11/07/2025 06:47
Nederland,ElectricityLoad,Hour,16666431,16666431,0,0,11/03/2025 14:00,11/03/2025 15:00,11/07/2025 06:47
Nederland,ElectricityLoad,Hour,17303029,17303029,0,0,11/03/2025 15:00,11/03/2025 16:00,11/07/2025 06:47
Nederland,ElectricityLoad,Hour,16191932,16191932,0,0,11/03/2025 16:00,11/03/2025 17:00,11/07/2025 06:47
Nederland,ElectricityLoad,Hour,14645397,14645397,0,0,11/03/2025 17:00,11/03/2025 18:00,11/07/2025 06:47
Nederland,ElectricityLoad,Hour,13578215,13578215,0,0,11/03/2025 18:00,11/03/2025 19:00,11/07/2025 06:47
Nederland,ElectricityLoad,Hour,13006603,13006603,0,0,11/03/2025 19:00,11/03/2025 20:00,11/07/2025 06:47
Nederland,ElectricityLoad,Hour,12215501,12215501,0,0,11/03/2025 20:00,11/03/2025 21:00,11/07/2025 06:47
Nederland,ElectricityLoad,Hour,11538201,11538201,0,0,11/03/2025 21:00,11/03/2025 22:00,11/07/2025 06:47
Nederland,ElectricityLoad,Hour,10811687,10811687,0,0,11/03/2025 22:00,11/03/2025 23:00,11/07/2025 06:47
Nederland,ElectricityLoad,Hour,10459392,10459392,0,0,11/03/2025 23:00,12/03/2025 00:00,11/07/2025 06:47
Nederland,ElectricityLoad,Hour,10232744,10232744,0,0,12/03/2025 00:00,12/03/2025 01:00,12/07/2025 06:47
Nederland,ElectricityLoad,Hour,10116588,10116588,0,0,12/03/2025 01:00,12/03/2025 02:00,12/07/2025 06:47
Nederland,ElectricityLoad,Hour,10131682,10131682,0,0,12/03/2025 02:00,12/03/2025 03:00,12/07/2025 06:47
Nederland,ElectricityLoad,Hour,10195881,10195881,0,0,12/03/2025 03:00,12/03/2025 04:00,12/07/2025 06:47
Nederland,ElectricityLoad,Hour,10604509,10604509,0,0,12/03/2025 04:00,12/03/2025 05:00,12/07/2025 06:47
Nederland,ElectricityLoad,Hour,11426701,11426701,0,0,12/03/2025 05:00,12/03/2025 06:00,12/07/2025 06:47
Nederland,ElectricityLoad,Hour,12639125,12639125,0,0,12/03/2025 06:00,12/03/2025 07:00,12/07/2025 06:47
Nederland,ElectricityLoad,Hour,14195856,14195856,0,0,12/03/2025 07:00,12/03/2025 08:00,12/07/2025 06:47
Nederland,ElectricityLoad,Hour,16579350,16579350,0,0,12/03/2025 08:00,12/03/2025 09:00,12/07/2025 06:47
Nederland,ElectricityLoad,Hour,17744042,17744042,0,0,12/03/2025 09:00,12/03/2025 10:00,12/07/2025 06:47
Nederland,ElectricityLoad,Hour,18295322,18295322,0,0,12/03/2025 10:00,12/03/2025 11:00,12/07/2025 06:47
Nederland,ElectricityLoad,Hour,19025666,19025666,0,0,12/03/2025 11:00,12/03/2025 12:00,12/07/2025 06:47
Nederland,ElectricityLoad,Hour,18159825,18159825,0,0,12/03/2025 12:00,12/03/2025 13:00,12/07/2025 06:47
Nederland,ElectricityLoad,Hour,17636969,17636969,0,0,12/03/2025 13:00,12/03/2025 14:00,12/07/2025 06:47
Nederland,ElectricityLoad,Hour,16855442,16855442,0,0,12/03/2025 14:00,12/03/2025 15:00,12/07/2025 06:47
Nederland,ElectricityLoad,Hour,16661547,16661547,0,0,12/03/2025 15:00,12/03/2025 16:00,12/07/2025 06:47
Nederland,ElectricityLoad,Hour,15838246,15838246,0,0,12/03/2025 16:00,12/03/2025 17:00,12/07/2025 06:47
Nederland,ElectricityLoad,Hour,13977754,13977754,0,0,12/03/2025 17:00,12/03/2025 18:00,12/07/2025 06:47
Nederland,ElectricityLoad,Hour,13387607,13387607,0,0,12/03/2025 18:00,12/03/2025 19:00,12/07/2025 06:47
Nederland,ElectricityLoad,Hour,12837355,12837355,0,0,12/03/2025 19:00,12/03/2025 20:00,12/07/2025 06:47
Nederland,ElectricityLoad,Hour,12210299,12210299,0,0,12/03/2025 20:00,12/03/2025 21:00,12/07/2025 06:47
Nederland,ElectricityLoad,Hour,11663615,11663615,0,0,12/03/2025 21:00,12/03/2025 22:00,12/07/2025 06:47
Nederland,ElectricityLoad,Hour,10954527,10954527,0,0,12/03/2025 22:00,12/03/2025 23:00,12/07/2025 06:47
Nederland,ElectricityLoad,Hour,10581513,10581513,0,0,12/03/2025 23:00,13/03/2025 00:00,12/07/2025 06:47
Nederland,ElectricityLoad,Hour,10159467,10159467,0,0,13/03/2025 00:00,13/03/2025 01:00,13/07/2025 06:48
Nederland,ElectricityLoad,Hour,9918766,9918766,0,0,13/03/2025 01:00,13/03/2025 02:00,13/07/2025 06:48
Nederland,ElectricityLoad,Hour,10272526,10272526,0,0,13/03/2025 02:00,13/03/2025 03:00,13/07/2025 06:48
Nederland,ElectricityLoad,Hour,10459833,10459833,0,0,13/03/2025 03:00,13/03/2025 04:00,13/07/2025 06:48
Nederland,ElectricityLoad,Hour,10908903,10908903,0,0,13/03/2025 04:00,13/03/2025 05:00,13/07/2025 06:48
Nederland,ElectricityLoad,Hour,11794436,11794436,0,0,13/03/2025 05:00,13/03/2025 06:00,13/07/2025 06:48
Nederland,ElectricityLoad,Hour,13200244,13200244,0,0,13/03/2025 06:00,13/03/2025 07:00,13/07/2025 06:48
Nederland,ElectricityLoad,Hour,15073756,15073756,0,0,13/03/2025 07:00,13/03/2025 08:00,13/07/2025 06:48
Nederland,ElectricityLoad,Hour,15943236,15943236,0,0,13/03/2025 08:00,13/03/2025 09:00,13/07/2025 06:48
Nederland,ElectricityLoad,Hour,17050887,17050887,0,0,13/03/2025 09:00,13/03/2025 10:00,13/07/2025 06:48
Nederland,ElectricityLoad,Hour,17240238,17240238,0,0,13/03/2025 10:00,13/03/2025 11:00,13/07/2025 06:48
Nederland,ElectricityLoad,Hour,17909739,17909739,0,0,13/03/2025 11:00,13/03/2025 12:00,13/07/2025 06:48
Nederland,ElectricityLoad,Hour,17998401,17998401,0,0,13/03/2025 12:00,13/03/2025 13:00,13/07/2025 06:48
Nederland,ElectricityLoad,Hour,17947419,17947419,0,0,13/03/2025 13:00,13/03/2025 14:00,13/07/2025 06:48
Nederland,ElectricityLoad,Hour,16970444,16970444,0,0,13/03/2025 14:00,13/03/2025 15:00,13/07/2025 06:48
Nederland,ElectricityLoad,Hour,17435501,17435501,0,0,13/03/2025 15:00,13/03/2025 16:00,13/07/2025 06:48
Nederland,ElectricityLoad,Hour,16270316,16270316,0,0,13/03/2025 16:00,13/03/2025 17:00,13/07/2025 06:48
Nederland,ElectricityLoad,Hour,15074897,15074897,0,0,13/03/2025 17:00,13/03/2025 18:00,13/07/2025 06:48
Nederland,ElectricityLoad,Hour,13975525,13975525,0,0,13/03/2025 18:00,13/03/2025 19:00,13/07/2025 06:48
Nederland,ElectricityLoad,Hour,13122988,13122988,0,0,13/03/2025 19:00,13/03/2025 20:00,13/07/2025 06:48
Nederland,ElectricityLoad,Hour,12486345,12486345,0,0,13/03/2025 20:00,13/03/2025 21:00,13/07/2025 06:48
Nederland,ElectricityLoad,Hour,11915689,11915689,0,0,13/03/2025 21:00,13/03/2025 22:00,13/07/2025 06:48
Nederland,ElectricityLoad,Hour,11427920,11427920,0,0,13/03/2025 22:00,13/03/2025 23:00,13/07/2025 06:48
Nederland,ElectricityLoad,Hour,10942597,10942597,0,0,13/03/2025 23:00,14/03/2025 00:00,13/07/2025 06:48
Nederland,ElectricityLoad,Hour,10739034,10739034,0,0,14/03/2025 00:00,14/03/2025 01:00,14/07/2025 06:47
Nederland,ElectricityLoad,Hour,10702740,10702740,0,0,14/03/2025 01:00,14/03/2025 02:00,14/07/2025 06:47
Nederland,ElectricityLoad,Hour,10712911,10712911,0,0,14/03/2025 02:00,14/03/2025 03:00,14/07/2025 06:47
Nederland,ElectricityLoad,Hour,10798728,10798728,0,0,14/03/2025 03:00,14/03/2025 04:00,14/07/2025 06:47
Nederland,ElectricityLoad,Hour,11180993,11180993,0,0,14/03/2025 04:00,14/03/2025 05:00,14/07/2025 06:47
Nederland,ElectricityLoad,Hour,11904269,11904269,0,0,14/03/2025 05:00,14/03/2025 06:00,14/07/2025 06:47
Nederland,ElectricityLoad,Hour,13341866,13341866,0,0,14/03/2025 06:00,14/03/2025 07:00,14/07/2025 06:47
Nederland,ElectricityLoad,Hour,15737184,15737184,0,0,14/03/2025 07:00,14/03/2025 08:00,14/07/2025 06:47
Nederland,ElectricityLoad,Hour,16476986,16476986,0,0,14/03/2025 08:00,14/03/2025 09:00,14/07/2025 06:47
Nederland,ElectricityLoad,Hour,16668551,16668551,0,0,14/03/2025 09:00,14/03/2025 10:00,14/07/2025 06:47
Nederland,ElectricityLoad,Hour,17378284,17378284,0,0,14/03/2025 10:00,14/03/2025 11:00,14/07/2025 06:47
Nederland,ElectricityLoad,Hour,16975268,16975268,0,0,14/03/2025 11:00,14/03/2025 12:00,14/07/2025 06:47
Nederland,ElectricityLoad,Hour,17779041,17779041,0,0,14/03/2025 12:00,14/03/2025 13:00,14/07/2025 06:47
Nederland,ElectricityLoad,Hour,17079417,17079417,0,0,14/03/2025 13:00,14/03/2025 14:00,14/07/2025 06:47
Nederland,ElectricityLoad,Hour,17048372,17048372,0,0,14/03/2025 14:00,14/03/2025 15:00,14/07/2025 06:47
Nederland,ElectricityLoad,Hour,17154470,17154470,0,0,14/03/2025 15:00,14/03/2025 16:00,14/07/2025 06:47
Nederland,ElectricityLoad,Hour,16503747,16503747,0,0,14/03/2025 16:00,14/03/2025 17:00,14/07/2025 06:47
Nederland,ElectricityLoad,Hour,14994063,14994063,0,0,14/03/2025 17:00,14/03/2025 18:00,14/07/2025 06:47
Nederland,ElectricityLoad,Hour,13818383,13818383,0,0,14/03/2025 18:00,14/03/2025 19:00,14/07/2025 06:47
Nederland,ElectricityLoad,Hour,12898963,12898963,0,0,14/03/2025 19:00,14/03/2025 20:00,14/07/2025 06:47
Nederland,ElectricityLoad,Hour,11952256,11952256,0,0,14/03/2025 20:00,14/03/2025 21:00,14/07/2025 06:47
Nederland,ElectricityLoad,Hour,10896360,10896360,0,0,14/03/2025 21:00,14/03/2025 22:00,14/07/2025 06:47
Nederland,ElectricityLoad,Hour,9984568,9984568,0,0,14/03/2025 22:00,14/03/2025 23:00,14/07/2025 06:47
Nederland,ElectricityLoad,Hour,9540218,9540218,0,0,14/03/2025 23:00,15/03/2025 00:00,14/07/2025 06:47
Nederland,ElectricityLoad,Hour,8638074,8638074,0,0,15/03/2025 00:00,15/03/2025 01:00,15/07/2025 06:48
Nederland,ElectricityLoad,Hour,8558281,8558281,0,0,15/03/2025 01:00,15/03/2025 02:00,15/07/2025 06:48
Nederland,ElectricityLoad,Hour,8526618,8526618,0,0,15/03/2025 02:00,15/03/2025 03:00,15/07/2025 06:48
Nederland,ElectricityLoad,Hour,8633764,8633764,0,0,15/03/2025 03:00,15/03/2025 04:00,15/07/2025 06:48
Nederland,ElectricityLoad,Hour,8608848,8608848,0,0,15/03/2025 04:00,15/03/2025 05:00,15/07/2025 06:48
Nederland,ElectricityLoad,Hour,9111923,9111923,0,0,15/03/2025 05:00,15/03/2025 06:00,15/07/2025 06:48
Nederland,ElectricityLoad,Hour,9810933,9810933,0,0,15/03/2025 06:00,15/03/2025 07:00,15/07/2025 06:48
Nederland,ElectricityLoad,Hour,11855463,11855463,0,0,15/03/2025 07:00,15/03/2025 08:00,15/07/2025 06:48
Nederland,ElectricityLoad,Hour,15298960,15298960,0,0,15/03/2025 08:00,15/03/2025 09:00,15/07/2025 06:48
Nederland,ElectricityLoad,Hour,16758110,16758110,0,0,15/03/2025 09:00,15/03/2025 10:00,15/07/2025 06:48
Nederland,ElectricityLoad,Hour,18159816,18159816,0,0,15/03/2025 10:00,15/03/2025 11:00,15/07/2025 06:48
Nederland,ElectricityLoad,Hour,18036988,18036988,0,0,15/03/2025 11:00,15/03/2025 12:00,15/07/2025 06:48
Nederland,ElectricityLoad,Hour,17729322,17729322,0,0,15/03/2025 12:00,15/03/2025 13:00,15/07/2025 06:48
Nederland,ElectricityLoad,Hour,16044135,16044135,0,0,15/03/2025 13:00,15/03/2025 14:00,15/07/2025 06:48
Nederland,ElectricityLoad,Hour,16273096,16273096,0,0,15/03/2025 14:00,15/03/2025 15:00,15/07/2025 06:48
Nederland,ElectricityLoad,Hour,15547123,15547123,0,0,15/03/2025 15:00,15/03/2025 16:00,15/07/2025 06:48
Nederland,ElectricityLoad,Hour,14629336,14629336,0,0,15/03/2025 16:00,15/03/2025 17:00,15/07/2025 06:48
Nederland,ElectricityLoad,Hour,13528248,13528248,0,0,15/03/2025 17:00,15/03/2025 18:00,15/07/2025 06:48
Nederland,ElectricityLoad,Hour,12052604,12052604,0,0,15/03/2025 18:00,15/03/2025 19:00,15/07/2025 06:48
Nederland,ElectricityLoad,Hour,11219531,11219531,0,0,15/03/2025 19:00,15/03/2025 20:00,15/07/2025 06:48
Nederland,ElectricityLoad,Hour,10490915,10490915,0,0,15/03/2025 20:00,15/03/2025 21:00,15/07/2025 06:48
Nederland,ElectricityLoad,Hour,9692899,9692899,0,0,15/03/2025 21:00,15/03/2025 22:00,15/07/2025 06:48
Nederland,ElectricityLoad,Hour,9077249,9077249,0,0,15/03/2025 22:00,15/03/2025 23:00,15/07/2025 06:48
Nederland,ElectricityLoad,Hour,8336828,8336828,0,0,15/03/2025 23:00,16/03/2025 00:00,15/07/2025 06:48
Nederland,ElectricityLoad,Hour,7726874,7726874,0,0,16/03/2025 00:00,16/03/2025 01:00,16/07/2025 06:47
Nederland,ElectricityLoad,Hour,7562033,7562033,0,0,16/03/2025 01:00,16/03/2025 02:00,16/07/2025 06:47
Nederland,ElectricityLoad,Hour,7790047,7790047,0,0,16/03/2025 02:00,16/03/2025 03:00,16/07/2025 06:47
Nederland,ElectricityLoad,Hour,7870078,7870078,0,0,16/03/2025 03:00,16/03/2025 04:00,16/07/2025 06:47
Nederland,ElectricityLoad,Hour,7831398,7831398,0,0,16/03/2025 04:00,16/03/2025 05:00,16/07/2025 06:47
Nederland,ElectricityLoad,Hour,8301378,8301378,0,0,16/03/2025 05:00,16/03/2025 06:00,16/07/2025 06:47
Nederland,ElectricityLoad,Hour,9481699,9481699,0,0,16/03/2025 06:00,16/03/2025 07:00,16/07/2025 06:47
Nederland,ElectricityLoad,Hour,12026987,12026987,0,0,16/03/2025 07:00,16/03/2025 08:00,16/07/2025 06:47
Nederland,ElectricityLoad,Hour,13370076,13370076,0,0,16/03/2025 08:00,16/03/2025 09:00,16/07/2025 06:47
Nederland,ElectricityLoad,Hour,14282153,14282153,0,0,16/03/2025 09:00,16/03/2025 10:00,16/07/2025 06:47
Nederland,ElectricityLoad,Hour,16074899,16074899,0,0,16/03/2025 10:00,16/03/2025 11:00,16/07/2025 06:47
Nederland,ElectricityLoad,Hour,17172263,17172263,0,0,16/03/2025 11:00,16/03/2025 12:00,16/07/2025 06:47
Nederland,ElectricityLoad,Hour,16696189,16696189,0,0,16/03/2025 12:00,16/03/2025 13:00,16/07/2025 06:47
Nederland,ElectricityLoad,Hour,16301740,16301740,0,0,16/03/2025 13:00,16/03/2025 14:00,16/07/2025 06:47
Nederland,ElectricityLoad,Hour,15161044,15161044,0,0,16/03/2025 14:00,16/03/2025 15:00,16/07/2025 06:47
Nederland,ElectricityLoad,Hour,13997567,13997567,0,0,16/03/2025 15:00,16/03/2025 16:00,16/07/2025 06:47
Nederland,ElectricityLoad,Hour,13504653,13504653,0,0,16/03/2025 16:00,16/03/2025 17:00,16/07/2025 06:47
Nederland,ElectricityLoad,Hour,12371520,12371520,0,0,16/03/2025 17:00,16/03/2025 18:00,16/07/2025 06:47
Nederland,ElectricityLoad,Hour,11283154,11283154,0,0,16/03/2025 18:00,16/03/2025 19:00,16/07/2025 06:47
Nederland,ElectricityLoad,Hour,10735709,10735709,0,0,16/03/2025 19:00,16/03/2025 20:00,16/07/2025 06:47
Nederland,ElectricityLoad,Hour,10356468,10356468,0,0,16/03/2025 20:00,16/03/2025 21:00,16/07/2025 06:47
Nederland,ElectricityLoad,Hour,9541344,9541344,0,0,16/03/2025 21:00,16/03/2025 22:00,16/07/2025 06:47
Nederland,ElectricityLoad,Hour,8612249,8612249,0,0,16/03/2025 22:00,16/03/2025 23:00,16/07/2025 06:47
Nederland,ElectricityLoad,Hour,8608175,8608175,0,0,16/03/2025 23:00,17/03/2025 00:00,16/07/2025 06:47
Nederland,ElectricityLoad,Hour,8074652,8074652,0,0,17/03/2025 00:00,17/03/2025 01:00,17/07/2025 06:48
Nederland,ElectricityLoad,Hour,7810487,7810487,0,0,17/03/2025 01:00,17/03/2025 02:00,17/07/2025 06:48
Nederland,ElectricityLoad,Hour,7664174,7664174,0,0,17/03/2025 02:00,17/03/2025 03:00,17/07/2025 06:48
Nederland,ElectricityLoad,Hour,7987802,7987802,0,0,17/03/2025 03:00,17/03/2025 04:00,17/07/2025 06:48
Nederland,ElectricityLoad,Hour,8770991,8770991,0,0,17/03/2025 04:00,17/03/2025 05:00,17/07/2025 06:48
Nederland,ElectricityLoad,Hour,10191576,10191576,0,0,17/03/2025 05:00,17/03/2025 06:00,17/07/2025 06:48
Nederland,ElectricityLoad,Hour,11720375,11720375,0,0,17/03/2025 06:00,17/03/2025 07:00,17/07/2025 06:48
Nederland,ElectricityLoad,Hour,14168271,14168271,0,0,17/03/2025 07:00,17/03/2025 08:00,17/07/2025 06:48
Nederland,ElectricityLoad,Hour,17081471,17081471,0,0,17/03/2025 08:00,17/03/2025 09:00,17/07/2025 06:48
Nederland,ElectricityLoad,Hour,19663329,19663329,0,0,17/03/2025 09:00,17/03/2025 10:00,17/07/2025 06:48
Nederland,ElectricityLoad,Hour,19884736,19884736,0,0,17/03/2025 10:00,17/03/2025 11:00,17/07/2025 06:48
Nederland,ElectricityLoad,Hour,19284717,19284717,0,0,17/03/2025 11:00,17/03/2025 12:00,17/07/2025 06:48
Nederland,ElectricityLoad,Hour,19935680,19935680,0,0,17/03/2025 12:00,17/03/2025 13:00,17/07/2025 06:48
Nederland,ElectricityLoad,Hour,20248274,20248274,0,0,17/03/2025 13:00,17/03/2025 14:00,17/07/2025 06:48
Nederland,ElectricityLoad,Hour,18469755,18469755,0,0,17/03/2025 14:00,17/03/2025 15:00,17/07/2025 06:48
Nederland,ElectricityLoad,Hour,17651627,17651627,0,0,17/03/2025 15:00,17/03/2025 16:00,17/07/2025 06:48
Nederland,ElectricityLoad,Hour,16902551,16902551,0,0,17/03/2025 16:00,17/03/2025 17:00,17/07/2025 06:48
Nederland,ElectricityLoad,Hour,14588204,14588204,0,0,17/03/2025 17:00,17/03/2025 18:00,17/07/2025 06:48
Nederland,ElectricityLoad,Hour,12575520,12575520,0,0,17/03/2025 18:00,17/03/2025 19:00,17/07/2025 06:48
Nederland,ElectricityLoad,Hour,11480594,11480594,0,0,17/03/2025 19:00,17/03/2025 20:00,17/07/2025 06:48
Nederland,ElectricityLoad,Hour,10690913,10690913,0,0,17/03/2025 20:00,17/03/2025 21:00,17/07/2025 06:48
Nederland,ElectricityLoad,Hour,9513468,9513468,0,0,17/03/2025 21:00,17/03/2025 22:00,17/07/2025 06:48
Nederland,ElectricityLoad,Hour,8872526,8872526,0,0,17/03/2025 22:00,17/03/2025 23:00,17/07/2025 06:48
Nederland,ElectricityLoad,Hour,8704097,8704097,0,0,17/03/2025 23:00,18/03/2025 00:00,17/07/2025 06:48
Nederland,ElectricityLoad,Hour,8522935,8522935,0,0,18/03/2025 00:00,18/03/2025 01:00,18/07/2025 06:48
Nederland,ElectricityLoad,Hour,8487360,8487360,0,0,18/03/2025 01:00,18/03/2025 02:00,18/07/2025 06:48
Nederland,ElectricityLoad,Hour,8520045,8520045,0,0,18/03/2025 02:00,18/03/2025 03:00,18/07/2025 06:48
Nederland,ElectricityLoad,Hour,8399464,8399464,0,0,18/03/2025 03:00,18/03/2025 04:00,18/07/2025 06:48
Nederland,ElectricityLoad,Hour,8854674,8854674,0,0,18/03/2025 04:00,18/03/2025 05:00,18/07/2025 06:48
Nederland,ElectricityLoad,Hour,10069878,10069878,0,0,18/03/2025 05:00,18/03/2025 06:00,18/07/2025 06:48
Nederland,ElectricityLoad,Hour,11792337,11792337,0,0,18/03/2025 06:00,18/03/2025 07:00,18/07/2025 06:48
Nederland,ElectricityLoad,Hour,14041984,14041984,0,0,18/03/2025 07:00,18/03/2025 08:00,18/07/2025 06:48
Nederland,ElectricityLoad,Hour,16034488,16034488,0,0,18/03/2025 08:00,18/03/2025 09:00,18/07/2025 06:48
Nederland,ElectricityLoad,Hour,17460996,17460996,0,0,18/03/2025 09:00,18/03/2025 10:00,18/07/2025 06:48
Nederland,ElectricityLoad,Hour,19016501,19016501,0,0,18/03/2025 10:00,18/03/2025 11:00,18/07/2025 06:48
Nederland,ElectricityLoad,Hour,20139913,20139913,0,0,18/03/2025 11:00,18/03/2025 12:00,18/07/2025 06:48
Nederland,ElectricityLoad,Hour,19910295,19910295,0,0,18/03/2025 12:00,18/03/2025 13:00,18/07/2025 06:48
Nederland,ElectricityLoad,Hour,18935587,18935587,0,0,18/03/2025 13:00,18/03/2025 14:00,18/07/2025 06:48
Nederland,ElectricityLoad,Hour,17988588,17988588,0,0,18/03/2025 14:00,18/03/2025 15:00,18/07/2025 06:48
Nederland,ElectricityLoad,Hour,16910110,16910110,0,0,18/03/2025 15:00,18/03/2025 16:00,18/07/2025 06:48
Nederland,ElectricityLoad,Hour,16103782,16103782,0,0,18/03/2025 16:00,18/03/2025 17:00,18/07/2025 06:48
Nederland,ElectricityLoad,Hour,14013279,14013279,0,0,18/03/2025 17:00,18/03/2025 18:00,18/07/2025 06:48
Nederland,ElectricityLoad,Hour,12115350,12115350,0,0,18/03/2025 18:00,18/03/2025 19:00,18/07/2025 06:48
Nederland,ElectricityLoad,Hour,10781500,10781500,0,0,18/03/2025 19:00,18/03/2025 20:00,18/07/2025 06:48
Nederland,ElectricityLoad,Hour,9789738,9789738,0,0,18/03/2025 20:00,18/03/2025 21:00,18/07/2025 06:48
Nederland,ElectricityLoad,Hour,9200730,9200730,0,0,18/03/2025 21:00,18/03/2025 22:00,18/07/2025 06:48
Nederland,ElectricityLoad,Hour,8369815,8369815,0,0,18/03/2025 22:00,18/03/2025 23:00,18/07/2025 06:48
Nederland,ElectricityLoad,Hour,8077838,8077838,0,0,18/03/2025 23:00,19/03/2025 00:00,18/07/2025 06:48
Nederland,ElectricityLoad,Hour,8231769,8231769,0,0,19/03/2025 00:00,19/03/2025 01:00,19/07/2025 06:48
Nederland,ElectricityLoad,Hour,8235768,8235768,0,0,19/03/2025 01:00,19/03/2025 02:00,19/07/2025 06:48
Nederland,ElectricityLoad,Hour,8378157,8378157,0,0,19/03/2025 02:00,19/03/2025 03:00,19/07/2025 06:48
Nederland,ElectricityLoad,Hour,8734766,8734766,0,0,19/03/2025 03:00,19/03/2025 04:00,19/07/2025 06:48
Nederland,ElectricityLoad,Hour,9244908,9244908,0,0,19/03/2025 04:00,19/03/2025 05:00,19/07/2025 06:48
Nederland,ElectricityLoad,Hour,10275269,10275269,0,0,19/03/2025 05:00,19/03/2025 06:00,19/07/2025 06:48
Nederland,ElectricityLoad,Hour,11873265,11873265,0,0,19/03/2025 06:00,19/03/2025 07:00,19/07/2025 06:48
Nederland,ElectricityLoad,Hour,14033622,14033622,0,0,19/03/2025 07:00,19/03/2025 08:00,19/07/2025 06:48
Nederland,ElectricityLoad,Hour,15274312,15274312,0,0,19/03/2025 08:00,19/03/2025 09:00,19/07/2025 06:48
Nederland,ElectricityLoad,Hour,16357714,16357714,0,0,19/03/2025 09:00,19/03/2025 10:00,19/07/2025 06:48
Nederland,ElectricityLoad,Hour,17417570,17417570,0,0,19/03/2025 10:00,19/03/2025 11:00,19/07/2025 06:48
Nederland,ElectricityLoad,Hour,17910676,17910676,0,0,19/03/2025 11:00,19/03/2025 12:00,19/07/2025 06:48
Nederland,ElectricityLoad,Hour,17913663,17913663,0,0,19/03/2025 12:00,19/03/2025 13:00,19/07/2025 06:48
Nederland,ElectricityLoad,Hour,16964408,16964408,0,0,19/03/2025 13:00,19/03/2025 14:00,19/07/2025 06:48
Nederland,ElectricityLoad,Hour,15699301,15699301,0,0,19/03/2025 14:00,19/03/2025 15:00,19/07/2025 06:48
Nederland,ElectricityLoad,Hour,14644323,14644323,0,0,19/03/2025 15:00,19/03/2025 16:00,19/07/2025 06:48
Nederland,ElectricityLoad,Hour,13991122,13991122,0,0,19/03/2025 16:00,19/03/2025 17:00,19/07/2025 06:48
Nederland,ElectricityLoad,Hour,12686952,12686952,0,0,19/03/2025 17:00,19/03/2025 18:00,19/07/2025 06:48
Nederland,ElectricityLoad,Hour,12277531,12277531,0,0,19/03/2025 18:00,19/03/2025 19:00,19/07/2025 06:48
Nederland,ElectricityLoad,Hour,12033154,12033154,0,0,19/03/2025 19:00,19/03/2025 20:00,19/07/2025 06:48
Nederland,ElectricityLoad,Hour,11310557,11310557,0,0,19/03/2025 20:00,19/03/2025 21:00,19/07/2025 06:48
Nederland,ElectricityLoad,Hour,10419396,10419396,0,0,19/03/2025 21:00,19/03/2025 22:00,19/07/2025 06:48
Nederland,ElectricityLoad,Hour,9591949,9591949,0,0,19/03/2025 22:00,19/03/2025 23:00,19/07/2025 06:48
Nederland,ElectricityLoad,Hour,8951685,8951685,0,0,19/03/2025 23:00,20/03/2025 00:00,19/07/2025 06:48
Nederland,ElectricityLoad,Hour,8569731,8569731,0,0,20/03/2025 00:00,20/03/2025 01:00,20/07/2025 06:49
Nederland,ElectricityLoad,Hour,8449438,8449438,0,0,20/03/2025 01:00,20/03/2025 02:00,20/07/2025 06:49
Nederland,ElectricityLoad,Hour,8499003,8499003,0,0,20/03/2025 02:00,20/03/2025 03:00,20/07/2025 06:49
Nederland,ElectricityLoad,Hour,8612070,8612070,0,0,20/03/2025 03:00,20/03/2025 04:00,20/07/2025 06:49
Nederland,ElectricityLoad,Hour,9136647,9136647,0,0,20/03/2025 04:00,20/03/2025 05:00,20/07/2025 06:49
Nederland,ElectricityLoad,Hour,10039253,10039253,0,0,20/03/2025 05:00,20/03/2025 06:00,20/07/2025 06:49
Nederland,ElectricityLoad,Hour,11572531,11572531,0,0,20/03/2025 06:00,20/03/2025 07:00,20/07/2025 06:49
Nederland,ElectricityLoad,Hour,13302052,13302052,0,0,20/03/2025 07:00,20/03/2025 08:00,20/07/2025 06:49
Nederland,ElectricityLoad,Hour,14426723,14426723,0,0,20/03/2025 08:00,20/03/2025 09:00,20/07/2025 06:49
Nederland,ElectricityLoad,Hour,15566683,15566683,0,0,20/03/2025 09:00,20/03/2025 10:00,20/07/2025 06:49
Nederland,ElectricityLoad,Hour,16426823,16426823,0,0,20/03/2025 10:00,20/03/2025 11:00,20/07/2025 06:49
Nederland,ElectricityLoad,Hour,16720508,16720508,0,0,20/03/2025 11:00,20/03/2025 12:00,20/07/2025 06:49
Nederland,ElectricityLoad,Hour,16817539,16817539,0,0,20/03/2025 12:00,20/03/2025 13:00,20/07/2025 06:49
Nederland,ElectricityLoad,Hour,16059259,16059259,0,0,20/03/2025 13:00,20/03/2025 14:00,20/07/2025 06:49
Nederland,ElectricityLoad,Hour,14802858,14802858,0,0,20/03/2025 14:00,20/03/2025 15:00,20/07/2025 06:49
Nederland,ElectricityLoad,Hour,14391171,14391171,0,0,20/03/2025 15:00,20/03/2025 16:00,20/07/2025 06:49
Nederland,ElectricityLoad,Hour,13504898,13504898,0,0,20/03/2025 16:00,20/03/2025 17:00,20/07/2025 06:49
Nederland,ElectricityLoad,Hour,12755370,12755370,0,0,20/03/2025 17:00,20/03/2025 18:00,20/07/2025 06:49
Nederland,ElectricityLoad,Hour,12389223,12389223,0,0,20/03/2025 18:00,20/03/2025 19:00,20/07/2025 06:49
Nederland,ElectricityLoad,Hour,11894403,11894403,0,0,20/03/2025 19:00,20/03/2025 20:00,20/07/2025 06:49
Nederland,ElectricityLoad,Hour,11087353,11087353,0,0,20/03/2025 20:00,20/03/2025 21:00,20/07/2025 06:49
Nederland,ElectricityLoad,Hour,10158347,10158347,0,0,20/03/2025 21:00,20/03/2025 22:00,20/07/2025 06:49
Nederland,ElectricityLoad,Hour,9284782,9284782,0,0,20/03/2025 22:00,20/03/2025 23:00,20/07/2025 06:49
Nederland,ElectricityLoad,Hour,8218458,8218458,0,0,20/03/2025 23:00,21/03/2025 00:00,20/07/2025 06:49
Nederland,ElectricityLoad,Hour,7337079,7337079,0,0,21/03/2025 00:00,21/03/2025 01:00,21/07/2025 06:49
Nederland,ElectricityLoad,Hour,7092431,7092431,0,0,21/03/2025 01:00,21/03/2025 02:00,21/07/2025 06:49
Nederland,ElectricityLoad,Hour,7015949,7015949,0,0,21/03/2025 02:00,21/03/2025 03:00,21/07/2025 06:49
Nederland,ElectricityLoad,Hour,7171123,7171123,0,0,21/03/2025 03:00,21/03/2025 04:00,21/07/2025 06:49
Nederland,ElectricityLoad,Hour,7322361,7322361,0,0,21/03/2025 04:00,21/03/2025 05:00,21/07/2025 06:49
Nederland,ElectricityLoad,Hour,7921152,7921152,0,0,21/03/2025 05:00,21/03/2025 06:00,21/07/2025 06:49
Nederland,ElectricityLoad,Hour,9596013,9596013,0,0,21/03/2025 06:00,21/03/2025 07:00,21/07/2025 06:49
Nederland,ElectricityLoad,Hour,12135373,12135373,0,0,21/03/2025 07:00,21/03/2025 08:00,21/07/2025 06:49
Nederland,ElectricityLoad,Hour,14193728,14193728,0,0,21/03/2025 08:00,21/03/2025 09:00,21/07/2025 06:49
Nederland,ElectricityLoad,Hour,15858133,15858133,0,0,21/03/2025 09:00,21/03/2025 10:00,21/07/2025 06:49
Nederland,ElectricityLoad,Hour,17806531,17806531,0,0,21/03/2025 10:00,21/03/2025 11:00,21/07/2025 06:49
Nederland,ElectricityLoad,Hour,18742540,18742540,0,0,21/03/2025 11:00,21/03/2025 12:00,21/07/2025 06:49
Nederland,ElectricityLoad,Hour,19064598,19064598,0,0,21/03/2025 12:00,21/03/2025 13:00,21/07/2025 06:49
Nederland,ElectricityLoad,Hour,18219010,18219010,0,0,21/03/2025 13:00,21/03/2025 14:00,21/07/2025 06:49
Nederland,ElectricityLoad,Hour,16805620,16805620,0,0,21/03/2025 14:00,21/03/2025 15:00,21/07/2025 06:49
Nederland,ElectricityLoad,Hour,14744835,14744835,0,0,21/03/2025 15:00,21/03/2025 16:00,21/07/2025 06:49
Nederland,ElectricityLoad,Hour,13210350,13210350,0,0,21/03/2025 16:00,21/03/2025 17:00,21/07/2025 06:49
Nederland,ElectricityLoad,Hour,11000977,11000977,0,0,21/03/2025 17:00,21/03/2025 18:00,21/07/2025 06:49
Nederland,ElectricityLoad,Hour,10254973,10254973,0,0,21/03/2025 18:00,21/03/2025 19:00,21/07/2025 06:49
Nederland,ElectricityLoad,Hour,9738994,9738994,0,0,21/03/2025 19:00,21/03/2025 20:00,21/07/2025 06:49
Nederland,ElectricityLoad,Hour,9615568,9615568,0,0,21/03/2025 20:00,21/03/2025 21:00,21/07/2025 06:49
Nederland,ElectricityLoad,Hour,9046084,9046084,0,0,21/03/2025 21:00,21/03/2025 22:00,21/07/2025 06:49
Nederland,ElectricityLoad,Hour,8573907,8573907,0,0,21/03/2025 22:00,21/03/2025 23:00,21/07/2025 06:49
Nederland,ElectricityLoad,Hour,6278404,6278404,0,0,21/03/2025 23:00,22/03/2025 00:00,21/07/2025 06:49
Nederland,ElectricityLoad,Hour,0,0,0,0,22/03/2025 00:00,22/03/2025 01:00,21/07/2025 06:49
Nederland,ElectricityLoad,Hour,5935556,5935556,0,0,22/03/2025 01:00,22/03/2025 02:00,22/07/2025 06:49
Nederland,ElectricityLoad,Hour,8020195,8020195,0,0,22/03/2025 02:00,22/03/2025 03:00,22/07/2025 06:49
Nederland,ElectricityLoad,Hour,7899744,7899744,0,0,22/03/2025 03:00,22/03/2025 04:00,22/07/2025 06:49
Nederland,ElectricityLoad,Hour,7833170,7833170,0,0,22/03/2025 04:00,22/03/2025 05:00,22/07/2025 06:49
Nederland,ElectricityLoad,Hour,8005840,8005840,0,0,22/03/2025 05:00,22/03/2025 06:00,22/07/2025 06:49
Nederland,ElectricityLoad,Hour,9070997,9070997,0,0,22/03/2025 06:00,22/03/2025 07:00,22/07/2025 06:49
Nederland,ElectricityLoad,Hour,11511402,11511402,0,0,22/03/2025 07:00,22/03/2025 08:00,22/07/2025 06:49
Nederland,ElectricityLoad,Hour,13678903,13678903,0,0,22/03/2025 08:00,22/03/2025 09:00,22/07/2025 06:49
Nederland,ElectricityLoad,Hour,15748065,15748065,0,0,22/03/2025 09:00,22/03/2025 10:00,22/07/2025 06:49
Nederland,ElectricityLoad,Hour,17803019,17803019,0,0,22/03/2025 10:00,22/03/2025 11:00,22/07/2025 06:49
Nederland,ElectricityLoad,Hour,20250962,20250962,0,0,22/03/2025 11:00,22/03/2025 12:00,22/07/2025 06:49
Nederland,ElectricityLoad,Hour,19181149,19181149,0,0,22/03/2025 12:00,22/03/2025 13:00,22/07/2025 06:49
Nederland,ElectricityLoad,Hour,15852967,15852967,0,0,22/03/2025 13:00,22/03/2025 14:00,22/07/2025 06:49
Nederland,ElectricityLoad,Hour,14205991,14205991,0,0,22/03/2025 14:00,22/03/2025 15:00,22/07/2025 06:49
Nederland,ElectricityLoad,Hour,12952053,12952053,0,0,22/03/2025 15:00,22/03/2025 16:00,22/07/2025 06:49
Nederland,ElectricityLoad,Hour,11342317,11342317,0,0,22/03/2025 16:00,22/03/2025 17:00,22/07/2025 06:49
Nederland,ElectricityLoad,Hour,10294286,10294286,0,0,22/03/2025 17:00,22/03/2025 18:00,22/07/2025 06:49
Nederland,ElectricityLoad,Hour,9657890,9657890,0,0,22/03/2025 18:00,22/03/2025 19:00,22/07/2025 06:49
Nederland,ElectricityLoad,Hour,9250105,9250105,0,0,22/03/2025 19:00,22/03/2025 20:00,22/07/2025 06:49
Nederland,ElectricityLoad,Hour,8836070,8836070,0,0,22/03/2025 20:00,22/03/2025 21:00,22/07/2025 06:49
Nederland,ElectricityLoad,Hour,8142982,8142982,0,0,22/03/2025 21:00,22/03/2025 22:00,22/07/2025 06:49
Nederland,ElectricityLoad,Hour,8369327,8369327,0,0,22/03/2025 22:00,22/03/2025 23:00,22/07/2025 06:49
Nederland,ElectricityLoad,Hour,8026991,8026991,0,0,22/03/2025 23:00,23/03/2025 00:00,22/07/2025 06:49
Nederland,ElectricityLoad,Hour,7653898,7653898,0,0,23/03/2025 00:00,23/03/2025 01:00,23/07/2025 06:50
Nederland,ElectricityLoad,Hour,7279415,7279415,0,0,23/03/2025 01:00,23/03/2025 02:00,23/07/2025 06:50
Nederland,ElectricityLoad,Hour,7392919,7392919,0,0,23/03/2025 02:00,23/03/2025 03:00,23/07/2025 06:50
Nederland,ElectricityLoad,Hour,7514971,7514971,0,0,23/03/2025 03:00,23/03/2025 04:00,23/07/2025 06:50
Nederland,ElectricityLoad,Hour,7176897,7176897,0,0,23/03/2025 04:00,23/03/2025 05:00,23/07/2025 06:50
Nederland,ElectricityLoad,Hour,7189297,7189297,0,0,23/03/2025 05:00,23/03/2025 06:00,23/07/2025 06:50
Nederland,ElectricityLoad,Hour,7752123,7752123,0,0,23/03/2025 06:00,23/03/2025 07:00,23/07/2025 06:50
Nederland,ElectricityLoad,Hour,9000145,9000145,0,0,23/03/2025 07:00,23/03/2025 08:00,23/07/2025 06:50
Nederland,ElectricityLoad,Hour,10792426,10792426,0,0,23/03/2025 08:00,23/03/2025 09:00,23/07/2025 06:50
Nederland,ElectricityLoad,Hour,12350868,12350868,0,0,23/03/2025 09:00,23/03/2025 10:00,23/07/2025 06:50
Nederland,ElectricityLoad,Hour,12428494,12428494,0,0,23/03/2025 10:00,23/03/2025 11:00,23/07/2025 06:50
Nederland,ElectricityLoad,Hour,13760769,13760769,0,0,23/03/2025 11:00,23/03/2025 12:00,23/07/2025 06:50
Nederland,ElectricityLoad,Hour,14383805,14383805,0,0,23/03/2025 12:00,23/03/2025 13:00,23/07/2025 06:50
Nederland,ElectricityLoad,Hour,13572989,13572989,0,0,23/03/2025 13:00,23/03/2025 14:00,23/07/2025 06:50
Nederland,ElectricityLoad,Hour,12864653,12864653,0,0,23/03/2025 14:00,23/03/2025 15:00,23/07/2025 06:50
Nederland,ElectricityLoad,Hour,12082532,12082532,0,0,23/03/2025 15:00,23/03/2025 16:00,23/07/2025 06:50
Nederland,ElectricityLoad,Hour,11242380,11242380,0,0,23/03/2025 16:00,23/03/2025 17:00,23/07/2025 06:50
Nederland,ElectricityLoad,Hour,10607647,10607647,0,0,23/03/2025 17:00,23/03/2025 18:00,23/07/2025 06:50
Nederland,ElectricityLoad,Hour,10213989,10213989,0,0,23/03/2025 18:00,23/03/2025 19:00,23/07/2025 06:50
Nederland,ElectricityLoad,Hour,10035567,10035567,0,0,23/03/2025 19:00,23/03/2025 20:00,23/07/2025 06:50
Nederland,ElectricityLoad,Hour,9761345,9761345,0,0,23/03/2025 20:00,23/03/2025 21:00,23/07/2025 06:50
Nederland,ElectricityLoad,Hour,9418639,9418639,0,0,23/03/2025 21:00,23/03/2025 22:00,23/07/2025 06:50
Nederland,ElectricityLoad,Hour,9026234,9026234,0,0,23/03/2025 22:00,23/03/2025 23:00,23/07/2025 06:50
Nederland,ElectricityLoad,Hour,8888296,8888296,0,0,23/03/2025 23:00,24/03/2025 00:00,23/07/2025 06:50
Nederland,ElectricityLoad,Hour,8735297,8735297,0,0,24/03/2025 00:00,24/03/2025 01:00,24/07/2025 06:50
Nederland,ElectricityLoad,Hour,8712282,8712282,0,0,24/03/2025 01:00,24/03/2025 02:00,24/07/2025 06:50
Nederland,ElectricityLoad,Hour,8783364,8783364,0,0,24/03/2025 02:00,24/03/2025 03:00,24/07/2025 06:50
Nederland,ElectricityLoad,Hour,8873860,8873860,0,0,24/03/2025 03:00,24/03/2025 04:00,24/07/2025 06:50
Nederland,ElectricityLoad,Hour,9276657,9276657,0,0,24/03/2025 04:00,24/03/2025 05:00,24/07/2025 06:50
Nederland,ElectricityLoad,Hour,9569036,9569036,0,0,24/03/2025 05:00,24/03/2025 06:00,24/07/2025 06:50
Nederland,ElectricityLoad,Hour,10849004,10849004,0,0,24/03/2025 06:00,24/03/2025 07:00,24/07/2025 06:50
Nederland,ElectricityLoad,Hour,12662233,12662233,0,0,24/03/2025 07:00,24/03/2025 08:00,24/07/2025 06:50
Nederland,ElectricityLoad,Hour,13945993,13945993,0,0,24/03/2025 08:00,24/03/2025 09:00,24/07/2025 06:50
Nederland,ElectricityLoad,Hour,15630888,15630888,0,0,24/03/2025 09:00,24/03/2025 10:00,24/07/2025 06:50
Nederland,ElectricityLoad,Hour,18188835,18188835,0,0,24/03/2025 10:00,24/03/2025 11:00,24/07/2025 06:50
Nederland,ElectricityLoad,Hour,17531048,17531048,0,0,24/03/2025 11:00,24/03/2025 12:00,24/07/2025 06:50
Nederland,ElectricityLoad,Hour,17316091,17316091,0,0,24/03/2025 12:00,24/03/2025 13:00,24/07/2025 06:50
Nederland,ElectricityLoad,Hour,16590878,16590878,0,0,24/03/2025 13:00,24/03/2025 14:00,24/07/2025 06:50
Nederland,ElectricityLoad,Hour,16572299,16572299,0,0,24/03/2025 14:00,24/03/2025 15:00,24/07/2025 06:50
Nederland,ElectricityLoad,Hour,15960242,15960242,0,0,24/03/2025 15:00,24/03/2025 16:00,24/07/2025 06:50
Nederland,ElectricityLoad,Hour,14778044,14778044,0,0,24/03/2025 16:00,24/03/2025 17:00,24/07/2025 06:50
Nederland,ElectricityLoad,Hour,13610815,13610815,0,0,24/03/2025 17:00,24/03/2025 18:00,24/07/2025 06:50
Nederland,ElectricityLoad,Hour,12788266,12788266,0,0,24/03/2025 18:00,24/03/2025 19:00,24/07/2025 06:50
Nederland,ElectricityLoad,Hour,12291034,12291034,0,0,24/03/2025 19:00,24/03/2025 20:00,24/07/2025 06:50
Nederland,ElectricityLoad,Hour,11649600,11649600,0,0,24/03/2025 20:00,24/03/2025 21:00,24/07/2025 06:50
Nederland,ElectricityLoad,Hour,10985669,10985669,0,0,24/03/2025 21:00,24/03/2025 22:00,24/07/2025 06:50
Nederland,ElectricityLoad,Hour,10401035,10401035,0,0,24/03/2025 22:00,24/03/2025 23:00,24/07/2025 06:50
Nederland,ElectricityLoad,Hour,10198160,10198160,0,0,24/03/2025 23:00,25/03/2025 00:00,24/07/2025 06:50
Nederland,ElectricityLoad,Hour,9747397,9747397,0,0,25/03/2025 00:00,25/03/2025 01:00,25/07/2025 06:50
Nederland,ElectricityLoad,Hour,9568828,9568828,0,0,25/03/2025 01:00,25/03/2025 02:00,25/07/2025 06:50
Nederland,ElectricityLoad,Hour,9635374,9635374,0,0,25/03/2025 02:00,25/03/2025 03:00,25/07/2025 06:50
Nederland,ElectricityLoad,Hour,9661941,9661941,0,0,25/03/2025 03:00,25/03/2025 04:00,25/07/2025 06:50
Nederland,ElectricityLoad,Hour,9814245,9814245,0,0,25/03/2025 04:00,25/03/2025 05:00,25/07/2025 06:50
Nederland,ElectricityLoad,Hour,10555373,10555373,0,0,25/03/2025 05:00,25/03/2025 06:00,25/07/2025 06:50
Nederland,ElectricityLoad,Hour,12077911,12077911,0,0,25/03/2025 06:00,25/03/2025 07:00,25/07/2025 06:50
Nederland,ElectricityLoad,Hour,14107698,14107698,0,0,25/03/2025 07:00,25/03/2025 08:00,25/07/2025 06:50
Nederland,ElectricityLoad,Hour,15836729,15836729,0,0,25/03/2025 08:00,25/03/2025 09:00,25/07/2025 06:50
Nederland,ElectricityLoad,Hour,16753685,16753685,0,0,25/03/2025 09:00,25/03/2025 10:00,25/07/2025 06:50
Nederland,ElectricityLoad,Hour,18044293,18044293,0,0,25/03/2025 10:00,25/03/2025 11:00,25/07/2025 06:50
Nederland,ElectricityLoad,Hour,18767422,18767422,0,0,25/03/2025 11:00,25/03/2025 12:00,25/07/2025 06:50
Nederland,ElectricityLoad,Hour,18407363,18407363,0,0,25/03/2025 12:00,25/03/2025 13:00,25/07/2025 06:50
Nederland,ElectricityLoad,Hour,17016741,17016741,0,0,25/03/2025 13:00,25/03/2025 14:00,25/07/2025 06:50
Nederland,ElectricityLoad,Hour,15697409,15697409,0,0,25/03/2025 14:00,25/03/2025 15:00,25/07/2025 06:50
Nederland,ElectricityLoad,Hour,14947950,14947950,0,0,25/03/2025 15:00,25/03/2025 16:00,25/07/2025 06:50
Nederland,ElectricityLoad,Hour,14159344,14159344,0,0,25/03/2025 16:00,25/03/2025 17:00,25/07/2025 06:50
Nederland,ElectricityLoad,Hour,13364956,13364956,0,0,25/03/2025 17:00,25/03/2025 18:00,25/07/2025 06:50
Nederland,ElectricityLoad,Hour,13067013,13067013,0,0,25/03/2025 18:00,25/03/2025 19:00,25/07/2025 06:50
Nederland,ElectricityLoad,Hour,12296840,12296840,0,0,25/03/2025 19:00,25/03/2025 20:00,25/07/2025 06:50
Nederland,ElectricityLoad,Hour,11759043,11759043,0,0,25/03/2025 20:00,25/03/2025 21:00,25/07/2025 06:50
Nederland,ElectricityLoad,Hour,10697317,10697317,0,0,25/03/2025 21:00,25/03/2025 22:00,25/07/2025 06:50
Nederland,ElectricityLoad,Hour,9623592,9623592,0,0,25/03/2025 22:00,25/03/2025 23:00,25/07/2025 06:50
Nederland,ElectricityLoad,Hour,9233272,9233272,0,0,25/03/2025 23:00,26/03/2025 00:00,25/07/2025 06:50
Nederland,ElectricityLoad,Hour,8916256,8916256,0,0,26/03/2025 00:00,26/03/2025 01:00,26/07/2025 06:50
Nederland,ElectricityLoad,Hour,8965652,8965652,0,0,26/03/2025 01:00,26/03/2025 02:00,26/07/2025 06:50
Nederland,ElectricityLoad,Hour,8797395,8797395,0,0,26/03/2025 02:00,26/03/2025 03:00,26/07/2025 06:50
Nederland,ElectricityLoad,Hour,8819656,8819656,0,0,26/03/2025 03:00,26/03/2025 04:00,26/07/2025 06:50
Nederland,ElectricityLoad,Hour,9192603,9192603,0,0,26/03/2025 04:00,26/03/2025 05:00,26/07/2025 06:50
Nederland,ElectricityLoad,Hour,10025747,10025747,0,0,26/03/2025 05:00,26/03/2025 06:00,26/07/2025 06:50
Nederland,ElectricityLoad,Hour,11457604,11457604,0,0,26/03/2025 06:00,26/03/2025 07:00,26/07/2025 06:50
Nederland,ElectricityLoad,Hour,12788576,12788576,0,0,26/03/2025 07:00,26/03/2025 08:00,26/07/2025 06:50
Nederland,ElectricityLoad,Hour,14144149,14144149,0,0,26/03/2025 08:00,26/03/2025 09:00,26/07/2025 06:50
Nederland,ElectricityLoad,Hour,14715128,14715128,0,0,26/03/2025 09:00,26/03/2025 10:00,26/07/2025 06:50
Nederland,ElectricityLoad,Hour,14617304,14617304,0,0,26/03/2025 10:00,26/03/2025 11:00,26/07/2025 06:50
Nederland,ElectricityLoad,Hour,15256571,15256571,0,0,26/03/2025 11:00,26/03/2025 12:00,26/07/2025 06:50
Nederland,ElectricityLoad,Hour,15821288,15821288,0,0,26/03/2025 12:00,26/03/2025 13:00,26/07/2025 06:50
Nederland,ElectricityLoad,Hour,14824068,14824068,0,0,26/03/2025 13:00,26/03/2025 14:00,26/07/2025 06:50
Nederland,ElectricityLoad,Hour,14373756,14373756,0,0,26/03/2025 14:00,26/03/2025 15:00,26/07/2025 06:50
Nederland,ElectricityLoad,Hour,14369313,14369313,0,0,26/03/2025 15:00,26/03/2025 16:00,26/07/2025 06:50
Nederland,ElectricityLoad,Hour,14402267,14402267,0,0,26/03/2025 16:00,26/03/2025 17:00,26/07/2025 06:50
Nederland,ElectricityLoad,Hour,13407122,13407122,0,0,26/03/2025 17:00,26/03/2025 18:00,26/07/2025 06:50
Nederland,ElectricityLoad,Hour,12289087,12289087,0,0,26/03/2025 18:00,26/03/2025 19:00,26/07/2025 06:50
Nederland,ElectricityLoad,Hour,11906988,11906988,0,0,26/03/2025 19:00,26/03/2025 20:00,26/07/2025 06:50
Nederland,ElectricityLoad,Hour,11445296,11445296,0,0,26/03/2025 20:00,26/03/2025 21:00,26/07/2025 06:50
Nederland,ElectricityLoad,Hour,10986669,10986669,0,0,26/03/2025 21:00,26/03/2025 22:00,26/07/2025 06:50
Nederland,ElectricityLoad,Hour,10299725,10299725,0,0,26/03/2025 22:00,26/03/2025 23:00,26/07/2025 06:50
Nederland,ElectricityLoad,Hour,9620599,9620599,0,0,26/03/2025 23:00,27/03/2025 00:00,26/07/2025 06:50
Nederland,ElectricityLoad,Hour,9040043,9040043,0,0,27/03/2025 00:00,27/03/2025 01:00,27/07/2025 06:50
Nederland,ElectricityLoad,Hour,8827769,8827769,0,0,27/03/2025 01:00,27/03/2025 02:00,27/07/2025 06:50
Nederland,ElectricityLoad,Hour,8891342,8891342,0,0,27/03/2025 02:00,27/03/2025 03:00,27/07/2025 06:50
Nederland,ElectricityLoad,Hour,8986165,8986165,0,0,27/03/2025 03:00,27/03/2025 04:00,27/07/2025 06:50
Nederland,ElectricityLoad,Hour,9359885,9359885,0,0,27/03/2025 04:00,27/03/2025 05:00,27/07/2025 06:50
Nederland,ElectricityLoad,Hour,10133757,10133757,0,0,27/03/2025 05:00,27/03/2025 06:00,27/07/2025 06:50
Nederland,ElectricityLoad,Hour,11713122,11713122,0,0,27/03/2025 06:00,27/03/2025 07:00,27/07/2025 06:50
Nederland,ElectricityLoad,Hour,13402874,13402874,0,0,27/03/2025 07:00,27/03/2025 08:00,27/07/2025 06:50
Nederland,ElectricityLoad,Hour,15447533,15447533,0,0,27/03/2025 08:00,27/03/2025 09:00,27/07/2025 06:50
Nederland,ElectricityLoad,Hour,16443633,16443633,0,0,27/03/2025 09:00,27/03/2025 10:00,27/07/2025 06:50
Nederland,ElectricityLoad,Hour,17211598,17211598,0,0,27/03/2025 10:00,27/03/2025 11:00,27/07/2025 06:50
Nederland,ElectricityLoad,Hour,17585994,17585994,0,0,27/03/2025 11:00,27/03/2025 12:00,27/07/2025 06:50
Nederland,ElectricityLoad,Hour,17708331,17708331,0,0,27/03/2025 12:00,27/03/2025 13:00,27/07/2025 06:50
Nederland,ElectricityLoad,Hour,17028063,17028063,0,0,27/03/2025 13:00,27/03/2025 14:00,27/07/2025 06:50
Nederland,ElectricityLoad,Hour,16208550,16208550,0,0,27/03/2025 14:00,27/03/2025 15:00,27/07/2025 06:50
Nederland,ElectricityLoad,Hour,15103256,15103256,0,0,27/03/2025 15:00,27/03/2025 16:00,27/07/2025 06:50
Nederland,ElectricityLoad,Hour,14144360,14144360,0,0,27/03/2025 16:00,27/03/2025 17:00,27/07/2025 06:50
Nederland,ElectricityLoad,Hour,12377551,12377551,0,0,27/03/2025 17:00,27/03/2025 18:00,27/07/2025 06:50
Nederland,ElectricityLoad,Hour,11637764,11637764,0,0,27/03/2025 18:00,27/03/2025 19:00,27/07/2025 06:50
Nederland,ElectricityLoad,Hour,11467958,11467958,0,0,27/03/2025 19:00,27/03/2025 20:00,27/07/2025 06:50
Nederland,ElectricityLoad,Hour,10839761,10839761,0,0,27/03/2025 20:00,27/03/2025 21:00,27/07/2025 06:50
Nederland,ElectricityLoad,Hour,9891313,9891313,0,0,27/03/2025 21:00,27/03/2025 22:00,27/07/2025 06:50
Nederland,ElectricityLoad,Hour,8843273,8843273,0,0,27/03/2025 22:00,27/03/2025 23:00,27/07/2025 06:50
Nederland,ElectricityLoad,Hour,7985898,7985898,0,0,27/03/2025 23:00,28/03/2025 00:00,27/07/2025 06:50
Nederland,ElectricityLoad,Hour,7367860,7367860,0,0,28/03/2025 00:00,28/03/2025 01:00,28/07/2025 06:50
Nederland,ElectricityLoad,Hour,6888702,6888702,0,0,28/03/2025 01:00,28/03/2025 02:00,28/07/2025 06:50
Nederland,ElectricityLoad,Hour,6701298,6701298,0,0,28/03/2025 02:00,28/03/2025 03:00,28/07/2025 06:50
Nederland,ElectricityLoad,Hour,6893784,6893784,0,0,28/03/2025 03:00,28/03/2025 04:00,28/07/2025 06:50
Nederland,ElectricityLoad,Hour,7682197,7682197,0,0,28/03/2025 04:00,28/03/2025 05:00,28/07/2025 06:50
Nederland,ElectricityLoad,Hour,9134498,9134498,0,0,28/03/2025 05:00,28/03/2025 06:00,28/07/2025 06:50
Nederland,ElectricityLoad,Hour,10587355,10587355,0,0,28/03/2025 06:00,28/03/2025 07:00,28/07/2025 06:50
Nederland,ElectricityLoad,Hour,12599413,12599413,0,0,28/03/2025 07:00,28/03/2025 08:00,28/07/2025 06:50
Nederland,ElectricityLoad,Hour,14467538,14467538,0,0,28/03/2025 08:00,28/03/2025 09:00,28/07/2025 06:50
Nederland,ElectricityLoad,Hour,15136900,15136900,0,0,28/03/2025 09:00,28/03/2025 10:00,28/07/2025 06:50
Nederland,ElectricityLoad,Hour,16241358,16241358,0,0,28/03/2025 10:00,28/03/2025 11:00,28/07/2025 06:50
Nederland,ElectricityLoad,Hour,17955258,17955258,0,0,28/03/2025 11:00,28/03/2025 12:00,28/07/2025 06:50
Nederland,ElectricityLoad,Hour,18083135,18083135,0,0,28/03/2025 12:00,28/03/2025 13:00,28/07/2025 06:50
Nederland,ElectricityLoad,Hour,17288548,17288548,0,0,28/03/2025 13:00,28/03/2025 14:00,28/07/2025 06:50
Nederland,ElectricityLoad,Hour,16305929,16305929,0,0,28/03/2025 14:00,28/03/2025 15:00,28/07/2025 06:50
Nederland,ElectricityLoad,Hour,14565975,14565975,0,0,28/03/2025 15:00,28/03/2025 16:00,28/07/2025 06:50
Nederland,ElectricityLoad,Hour,13260288,13260288,0,0,28/03/2025 16:00,28/03/2025 17:00,28/07/2025 06:50
Nederland,ElectricityLoad,Hour,12025741,12025741,0,0,28/03/2025 17:00,28/03/2025 18:00,28/07/2025 06:50
Nederland,ElectricityLoad,Hour,11281095,11281095,0,0,28/03/2025 18:00,28/03/2025 19:00,28/07/2025 06:50
Nederland,ElectricityLoad,Hour,10571000,10571000,0,0,28/03/2025 19:00,28/03/2025 20:00,28/07/2025 06:50
Nederland,ElectricityLoad,Hour,9931521,9931521,0,0,28/03/2025 20:00,28/03/2025 21:00,28/07/2025 06:50
Nederland,ElectricityLoad,Hour,9241804,9241804,0,0,28/03/2025 21:00,28/03/2025 22:00,28/07/2025 06:50
Nederland,ElectricityLoad,Hour,8422696,8422696,0,0,28/03/2025 22:00,28/03/2025 23:00,28/07/2025 06:50
Nederland,ElectricityLoad,Hour,7706382,7706382,0,0,28/03/2025 23:00,29/03/2025 00:00,28/07/2025 06:50
Nederland,ElectricityLoad,Hour,7287846,7287846,0,0,29/03/2025 00:00,29/03/2025 01:00,29/07/2025 06:50
Nederland,ElectricityLoad,Hour,6860446,6860446,0,0,29/03/2025 01:00,29/03/2025 02:00,29/07/2025 06:50
Nederland,ElectricityLoad,Hour,6841437,6841437,0,0,29/03/2025 02:00,29/03/2025 03:00,29/07/2025 06:50
Nederland,ElectricityLoad,Hour,6818397,6818397,0,0,29/03/2025 03:00,29/03/2025 04:00,29/07/2025 06:50
Nederland,ElectricityLoad,Hour,6793720,6793720,0,0,29/03/2025 04:00,29/03/2025 05:00,29/07/2025 06:50
Nederland,ElectricityLoad,Hour,7154141,7154141,0,0,29/03/2025 05:00,29/03/2025 06:00,29/07/2025 06:50
Nederland,ElectricityLoad,Hour,8191357,8191357,0,0,29/03/2025 06:00,29/03/2025 07:00,29/07/2025 06:50
Nederland,ElectricityLoad,Hour,10504278,10504278,0,0,29/03/2025 07:00,29/03/2025 08:00,29/07/2025 06:50
Nederland,ElectricityLoad,Hour,13488660,13488660,0,0,29/03/2025 08:00,29/03/2025 09:00,29/07/2025 06:50
Nederland,ElectricityLoad,Hour,14734096,14734096,0,0,29/03/2025 09:00,29/03/2025 10:00,29/07/2025 06:50
Nederland,ElectricityLoad,Hour,16408977,16408977,0,0,29/03/2025 10:00,29/03/2025 11:00,29/07/2025 06:50
Nederland,ElectricityLoad,Hour,15404499,15404499,0,0,29/03/2025 11:00,29/03/2025 12:00,29/07/2025 06:50
Nederland,ElectricityLoad,Hour,17480669,17480669,0,0,29/03/2025 12:00,29/03/2025 13:00,29/07/2025 06:50
Nederland,ElectricityLoad,Hour,17520451,17520451,0,0,29/03/2025 13:00,29/03/2025 14:00,29/07/2025 06:50
Nederland,ElectricityLoad,Hour,16017810,16017810,0,0,29/03/2025 14:00,29/03/2025 15:00,29/07/2025 06:50
Nederland,ElectricityLoad,Hour,14072542,14072542,0,0,29/03/2025 15:00,29/03/2025 16:00,29/07/2025 06:50
Nederland,ElectricityLoad,Hour,12798172,12798172,0,0,29/03/2025 16:00,29/03/2025 17:00,29/07/2025 06:50
Nederland,ElectricityLoad,Hour,10974904,10974904,0,0,29/03/2025 17:00,29/03/2025 18:00,29/07/2025 06:50
Nederland,ElectricityLoad,Hour,9719069,9719069,0,0,29/03/2025 18:00,29/03/2025 19:00,29/07/2025 06:50
Nederland,ElectricityLoad,Hour,9203408,9203408,0,0,29/03/2025 19:00,29/03/2025 20:00,29/07/2025 06:50
Nederland,ElectricityLoad,Hour,8601919,8601919,0,0,29/03/2025 20:00,29/03/2025 21:00,29/07/2025 06:50
Nederland,ElectricityLoad,Hour,7773434,7773434,0,0,29/03/2025 21:00,29/03/2025 22:00,29/07/2025 06:50
Nederland,ElectricityLoad,Hour,8093451,8093451,0,0,29/03/2025 22:00,29/03/2025 23:00,29/07/2025 06:50
Nederland,ElectricityLoad,Hour,8446997,8446997,0,0,29/03/2025 23:00,30/03/2025 00:00,29/07/2025 06:50
Nederland,ElectricityLoad,Hour,8669682,8669682,0,0,30/03/2025 00:00,30/03/2025 01:00,30/07/2025 06:45
Nederland,ElectricityLoad,Hour,7714609,7714609,0,0,30/03/2025 01:00,30/03/2025 02:00,30/07/2025 06:45
Nederland,ElectricityLoad,Hour,9055957,9055957,0,0,30/03/2025 02:00,30/03/2025 03:00,30/07/2025 06:45
Nederland,ElectricityLoad,Hour,9131021,9131021,0,0,30/03/2025 03:00,30/03/2025 04:00,30/07/2025 06:45
Nederland,ElectricityLoad,Hour,10269994,10269994,0,0,30/03/2025 04:00,30/03/2025 05:00,30/07/2025 06:45
Nederland,ElectricityLoad,Hour,10579530,10579530,0,0,30/03/2025 05:00,30/03/2025 06:00,30/07/2025 06:45
Nederland,ElectricityLoad,Hour,10990480,10990480,0,0,30/03/2025 06:00,30/03/2025 07:00,30/07/2025 06:45
Nederland,ElectricityLoad,Hour,12315124,12315124,0,0,30/03/2025 07:00,30/03/2025 08:00,30/07/2025 06:45
Nederland,ElectricityLoad,Hour,14366458,14366458,0,0,30/03/2025 08:00,30/03/2025 09:00,30/07/2025 06:45
Nederland,ElectricityLoad,Hour,16256092,16256092,0,0,30/03/2025 09:00,30/03/2025 10:00,30/07/2025 06:45
Nederland,ElectricityLoad,Hour,17793318,17793318,0,0,30/03/2025 10:00,30/03/2025 11:00,30/07/2025 06:45
Nederland,ElectricityLoad,Hour,18712422,18712422,0,0,30/03/2025 11:00,30/03/2025 12:00,30/07/2025 06:45
Nederland,ElectricityLoad,Hour,19143941,19143941,0,0,30/03/2025 12:00,30/03/2025 13:00,30/07/2025 06:45
Nederland,ElectricityLoad,Hour,17446632,17446632,0,0,30/03/2025 13:00,30/03/2025 14:00,30/07/2025 06:45
Nederland,ElectricityLoad,Hour,15781384,15781384,0,0,30/03/2025 14:00,30/03/2025 15:00,30/07/2025 06:45
Nederland,ElectricityLoad,Hour,14486206,14486206,0,0,30/03/2025 15:00,30/03/2025 16:00,30/07/2025 06:45
Nederland,ElectricityLoad,Hour,12837331,12837331,0,0,30/03/2025 16:00,30/03/2025 17:00,30/07/2025 06:45
Nederland,ElectricityLoad,Hour,11663097,11663097,0,0,30/03/2025 17:00,30/03/2025 18:00,30/07/2025 06:45
Nederland,ElectricityLoad,Hour,10624267,10624267,0,0,30/03/2025 18:00,30/03/2025 19:00,30/07/2025 06:45
Nederland,ElectricityLoad,Hour,9963548,9963548,0,0,30/03/2025 19:00,30/03/2025 20:00,30/07/2025 06:45
Nederland,ElectricityLoad,Hour,9814686,9814686,0,0,30/03/2025 20:00,30/03/2025 21:00,30/07/2025 06:45
Nederland,ElectricityLoad,Hour,9346659,9346659,0,0,30/03/2025 21:00,30/03/2025 22:00,30/07/2025 06:45
Nederland,ElectricityLoad,Hour,9147822,9147822,0,0,30/03/2025 22:00,30/03/2025 23:00,30/07/2025 06:45
Nederland,ElectricityLoad,Hour,8633831,8633831,0,0,30/03/2025 23:00,31/03/2025 00:00,30/07/2025 06:45
Nederland,ElectricityLoad,Hour,8208401,8208401,0,0,31/03/2025 00:00,31/03/2025 01:00,31/07/2025 06:46
Nederland,ElectricityLoad,Hour,8367715,8367715,0,0,31/03/2025 01:00,31/03/2025 02:00,31/07/2025 06:46
Nederland,ElectricityLoad,Hour,8709498,8709498,0,0,31/03/2025 02:00,31/03/2025 03:00,31/07/2025 06:46
Nederland,ElectricityLoad,Hour,9009081,9009081,0,0,31/03/2025 03:00,31/03/2025 04:00,31/07/2025 06:46
Nederland,ElectricityLoad,Hour,9671355,9671355,0,0,31/03/2025 04:00,31/03/2025 05:00,31/07/2025 06:46
Nederland,ElectricityLoad,Hour,11130510,11130510,0,0,31/03/2025 05:00,31/03/2025 06:00,31/07/2025 06:46
Nederland,ElectricityLoad,Hour,12317647,12317647,0,0,31/03/2025 06:00,31/03/2025 07:00,31/07/2025 06:46
Nederland,ElectricityLoad,Hour,13818798,13818798,0,0,31/03/2025 07:00,31/03/2025 08:00,31/07/2025 06:46
Nederland,ElectricityLoad,Hour,15627438,15627438,0,0,31/03/2025 08:00,31/03/2025 09:00,31/07/2025 06:46
Nederland,ElectricityLoad,Hour,16748838,16748838,0,0,31/03/2025 09:00,31/03/2025 10:00,31/07/2025 06:46
Nederland,ElectricityLoad,Hour,17620693,17620693,0,0,31/03/2025 10:00,31/03/2025 11:00,31/07/2025 06:46
Nederland,ElectricityLoad,Hour,19001495,19001495,0,0,31/03/2025 11:00,31/03/2025 12:00,31/07/2025 06:46
Nederland,ElectricityLoad,Hour,18913799,18913799,0,0,31/03/2025 12:00,31/03/2025 13:00,31/07/2025 06:46
Nederland,ElectricityLoad,Hour,18574706,18574706,0,0,31/03/2025 13:00,31/03/2025 14:00,31/07/2025 06:46
Nederland,ElectricityLoad,Hour,17545901,17545901,0,0,31/03/2025 14:00,31/03/2025 15:00,31/07/2025 06:46
Nederland,ElectricityLoad,Hour,16373489,16373489,0,0,31/03/2025 15:00,31/03/2025 16:00,31/07/2025 06:46
Nederland,ElectricityLoad,Hour,14771311,14771311,0,0,31/03/2025 16:00,31/03/2025 17:00,31/07/2025 06:46
Nederland,ElectricityLoad,Hour,12829909,12829909,0,0,31/03/2025 17:00,31/03/2025 18:00,31/07/2025 06:46
Nederland,ElectricityLoad,Hour,10926591,10926591,0,0,31/03/2025 18:00,31/03/2025 19:00,31/07/2025 06:46
Nederland,ElectricityLoad,Hour,10430191,10430191,0,0,31/03/2025 19:00,31/03/2025 20:00,31/07/2025 06:46
Nederland,ElectricityLoad,Hour,9516281,9516281,0,0,31/03/2025 20:00,31/03/2025 21:00,31/07/2025 06:46
Nederland,ElectricityLoad,Hour,8673000,8673000,0,0,31/03/2025 21:00,31/03/2025 22:00,31/07/2025 06:46
Nederland,ElectricityLoad,Hour,8202832,8202832,0,0,31/03/2025 22:00,31/03/2025 23:00,31/07/2025 06:46
Nederland,ElectricityLoad,Hour,8082168,8082168,0,0,31/03/2025 23:00,01/04/2025 00:00,31/07/2025 06:46
Nederland,ElectricityLoad,Hour,7844522,7844522,0,0,01/04/2025 00:00,01/04/2025 01:00,01/08/2025 06:46
Nederland,ElectricityLoad,Hour,7717611,7717611,0,0,01/04/2025 01:00,01/04/2025 02:00,01/08/2025 06:46
Nederland,ElectricityLoad,Hour,7930609,7930609,0,0,01/04/2025 02:00,01/04/2025 03:00,01/08/2025 06:46
Nederland,ElectricityLoad,Hour,8530319,8530319,0,0,01/04/2025 03:00,01/04/2025 04:00,01/08/2025 06:46
Nederland,ElectricityLoad,Hour,9781748,9781748,0,0,01/04/2025 04:00,01/04/2025 05:00,01/08/2025 06:46
Nederland,ElectricityLoad,Hour,11288599,11288599,0,0,01/04/2025 05:00,01/04/2025 06:00,01/08/2025 06:46
Nederland,ElectricityLoad,Hour,12729553,12729553,0,0,01/04/2025 06:00,01/04/2025 07:00,01/08/2025 06:46
Nederland,ElectricityLoad,Hour,14101911,14101911,0,0,01/04/2025 07:00,01/04/2025 08:00,01/08/2025 06:46
Nederland,ElectricityLoad,Hour,15481421,15481421,0,0,01/04/2025 08:00,01/04/2025 09:00,01/08/2025 06:46
Nederland,ElectricityLoad,Hour,17017796,17017796,0,0,01/04/2025 09:00,01/04/2025 10:00,01/08/2025 06:46
Nederland,ElectricityLoad,Hour,18470004,18470004,0,0,01/04/2025 10:00,01/04/2025 11:00,01/08/2025 06:46
Nederland,ElectricityLoad,Hour,20454766,20454766,0,0,01/04/2025 11:00,01/04/2025 12:00,01/08/2025 06:46
Nederland,ElectricityLoad,Hour,21324258,21324258,0,0,01/04/2025 12:00,01/04/2025 13:00,01/08/2025 06:46
Nederland,ElectricityLoad,Hour,20556933,20556933,0,0,01/04/2025 13:00,01/04/2025 14:00,01/08/2025 06:46
Nederland,ElectricityLoad,Hour,18749596,18749596,0,0,01/04/2025 14:00,01/04/2025 15:00,01/08/2025 06:46
Nederland,ElectricityLoad,Hour,17539959,17539959,0,0,01/04/2025 15:00,01/04/2025 16:00,01/08/2025 06:46
Nederland,ElectricityLoad,Hour,15762035,15762035,0,0,01/04/2025 16:00,01/04/2025 17:00,01/08/2025 06:46
Nederland,ElectricityLoad,Hour,13512578,13512578,0,0,01/04/2025 17:00,01/04/2025 18:00,01/08/2025 06:46
Nederland,ElectricityLoad,Hour,11048778,11048778,0,0,01/04/2025 18:00,01/04/2025 19:00,01/08/2025 06:46
Nederland,ElectricityLoad,Hour,9453637,9453637,0,0,01/04/2025 19:00,01/04/2025 20:00,01/08/2025 06:46
Nederland,ElectricityLoad,Hour,8401562,8401562,0,0,01/04/2025 20:00,01/04/2025 21:00,01/08/2025 06:46
Nederland,ElectricityLoad,Hour,7602539,7602539,0,0,01/04/2025 21:00,01/04/2025 22:00,01/08/2025 06:46
Nederland,ElectricityLoad,Hour,7185915,7185915,0,0,01/04/2025 22:00,01/04/2025 23:00,01/08/2025 06:46
Nederland,ElectricityLoad,Hour,6790770,6790770,0,0,01/04/2025 23:00,02/04/2025 00:00,01/08/2025 06:46
Nederland,ElectricityLoad,Hour,6492903,6492903,0,0,02/04/2025 00:00,02/04/2025 01:00,02/08/2025 06:45
Nederland,ElectricityLoad,Hour,6451239,6451239,0,0,02/04/2025 01:00,02/04/2025 02:00,02/08/2025 06:45
Nederland,ElectricityLoad,Hour,6627551,6627551,0,0,02/04/2025 02:00,02/04/2025 03:00,02/08/2025 06:45
Nederland,ElectricityLoad,Hour,6639558,6639558,0,0,02/04/2025 03:00,02/04/2025 04:00,02/08/2025 06:45
Nederland,ElectricityLoad,Hour,8201610,8201610,0,0,02/04/2025 04:00,02/04/2025 05:00,02/08/2025 06:45
Nederland,ElectricityLoad,Hour,9639322,9639322,0,0,02/04/2025 05:00,02/04/2025 06:00,02/08/2025 06:45
Nederland,ElectricityLoad,Hour,11153024,11153024,0,0,02/04/2025 06:00,02/04/2025 07:00,02/08/2025 06:45
Nederland,ElectricityLoad,Hour,14267873,14267873,0,0,02/04/2025 07:00,02/04/2025 08:00,02/08/2025 06:45
Nederland,ElectricityLoad,Hour,17434745,17434745,0,0,02/04/2025 08:00,02/04/2025 09:00,02/08/2025 06:45
Nederland,ElectricityLoad,Hour,20363533,20363533,0,0,02/04/2025 09:00,02/04/2025 10:00,02/08/2025 06:45
Nederland,ElectricityLoad,Hour,22618217,22618217,0,0,02/04/2025 10:00,02/04/2025 11:00,02/08/2025 06:45
Nederland,ElectricityLoad,Hour,23370788,23370788,0,0,02/04/2025 11:00,02/04/2025 12:00,02/08/2025 06:45
Nederland,ElectricityLoad,Hour,23067648,23067648,0,0,02/04/2025 12:00,02/04/2025 13:00,02/08/2025 06:45
Nederland,ElectricityLoad,Hour,22186135,22186135,0,0,02/04/2025 13:00,02/04/2025 14:00,02/08/2025 06:45
Nederland,ElectricityLoad,Hour,20972030,20972030,0,0,02/04/2025 14:00,02/04/2025 15:00,02/08/2025 06:45
Nederland,ElectricityLoad,Hour,18433904,18433904,0,0,02/04/2025 15:00,02/04/2025 16:00,02/08/2025 06:45
Nederland,ElectricityLoad,Hour,15304087,15304087,0,0,02/04/2025 16:00,02/04/2025 17:00,02/08/2025 06:45
Nederland,ElectricityLoad,Hour,12730415,12730415,0,0,02/04/2025 17:00,02/04/2025 18:00,02/08/2025 06:45
Nederland,ElectricityLoad,Hour,10299089,10299089,0,0,02/04/2025 18:00,02/04/2025 19:00,02/08/2025 06:45
Nederland,ElectricityLoad,Hour,9507432,9507432,0,0,02/04/2025 19:00,02/04/2025 20:00,02/08/2025 06:45
Nederland,ElectricityLoad,Hour,8994585,8994585,0,0,02/04/2025 20:00,02/04/2025 21:00,02/08/2025 06:45
Nederland,ElectricityLoad,Hour,8083995,8083995,0,0,02/04/2025 21:00,02/04/2025 22:00,02/08/2025 06:45
Nederland,ElectricityLoad,Hour,7833011,7833011,0,0,02/04/2025 22:00,02/04/2025 23:00,02/08/2025 06:45
Nederland,ElectricityLoad,Hour,7363628,7363628,0,0,02/04/2025 23:00,03/04/2025 00:00,02/08/2025 06:45
Nederland,ElectricityLoad,Hour,6893890,6893890,0,0,03/04/2025 00:00,03/04/2025 01:00,03/08/2025 06:46
Nederland,ElectricityLoad,Hour,6815540,6815540,0,0,03/04/2025 01:00,03/04/2025 02:00,03/08/2025 06:46
Nederland,ElectricityLoad,Hour,6818539,6818539,0,0,03/04/2025 02:00,03/04/2025 03:00,03/08/2025 06:46
Nederland,ElectricityLoad,Hour,6875715,6875715,0,0,03/04/2025 03:00,03/04/2025 04:00,03/08/2025 06:46
Nederland,ElectricityLoad,Hour,7890166,7890166,0,0,03/04/2025 04:00,03/04/2025 05:00,03/08/2025 06:46
Nederland,ElectricityLoad,Hour,9133822,9133822,0,0,03/04/2025 05:00,03/04/2025 06:00,03/08/2025 06:46
Nederland,ElectricityLoad,Hour,10944095,10944095,0,0,03/04/2025 06:00,03/04/2025 07:00,03/08/2025 06:46
Nederland,ElectricityLoad,Hour,13179620,13179620,0,0,03/04/2025 07:00,03/04/2025 08:00,03/08/2025 06:46
Nederland,ElectricityLoad,Hour,16045582,16045582,0,0,03/04/2025 08:00,03/04/2025 09:00,03/08/2025 06:46
Nederland,ElectricityLoad,Hour,18316378,18316378,0,0,03/04/2025 09:00,03/04/2025 10:00,03/08/2025 06:46
Nederland,ElectricityLoad,Hour,19849269,19849269,0,0,03/04/2025 10:00,03/04/2025 11:00,03/08/2025 06:46
Nederland,ElectricityLoad,Hour,21113980,21113980,0,0,03/04/2025 11:00,03/04/2025 12:00,03/08/2025 06:46
Nederland,ElectricityLoad,Hour,20992690,20992690,0,0,03/04/2025 12:00,03/04/2025 13:00,03/08/2025 06:46
Nederland,ElectricityLoad,Hour,20219195,20219195,0,0,03/04/2025 13:00,03/04/2025 14:00,03/08/2025 06:46
Nederland,ElectricityLoad,Hour,18837777,18837777,0,0,03/04/2025 14:00,03/04/2025 15:00,03/08/2025 06:46
Nederland,ElectricityLoad,Hour,17138373,17138373,0,0,03/04/2025 15:00,03/04/2025 16:00,03/08/2025 06:46
Nederland,ElectricityLoad,Hour,14793549,14793549,0,0,03/04/2025 16:00,03/04/2025 17:00,03/08/2025 06:46
Nederland,ElectricityLoad,Hour,11847946,11847946,0,0,03/04/2025 17:00,03/04/2025 18:00,03/08/2025 06:46
Nederland,ElectricityLoad,Hour,9558766,9558766,0,0,03/04/2025 18:00,03/04/2025 19:00,03/08/2025 06:46
Nederland,ElectricityLoad,Hour,8767510,8767510,0,0,03/04/2025 19:00,03/04/2025 20:00,03/08/2025 06:46
Nederland,ElectricityLoad,Hour,7869270,7869270,0,0,03/04/2025 20:00,03/04/2025 21:00,03/08/2025 06:46
Nederland,ElectricityLoad,Hour,6950449,6950449,0,0,03/04/2025 21:00,03/04/2025 22:00,03/08/2025 06:46
Nederland,ElectricityLoad,Hour,6860867,6860867,0,0,03/04/2025 22:00,03/04/2025 23:00,03/08/2025 06:46
Nederland,ElectricityLoad,Hour,7057291,7057291,0,0,03/04/2025 23:00,04/04/2025 00:00,03/08/2025 06:46
Nederland,ElectricityLoad,Hour,6961440,6961440,0,0,04/04/2025 00:00,04/04/2025 01:00,04/08/2025 06:47
Nederland,ElectricityLoad,Hour,7082500,7082500,0,0,04/04/2025 01:00,04/04/2025 02:00,04/08/2025 06:47
Nederland,ElectricityLoad,Hour,7150596,7150596,0,0,04/04/2025 02:00,04/04/2025 03:00,04/08/2025 06:47
Nederland,ElectricityLoad,Hour,7657665,7657665,0,0,04/04/2025 03:00,04/04/2025 04:00,04/08/2025 06:47
Nederland,ElectricityLoad,Hour,8580427,8580427,0,0,04/04/2025 04:00,04/04/2025 05:00,04/08/2025 06:47
Nederland,ElectricityLoad,Hour,9679277,9679277,0,0,04/04/2025 05:00,04/04/2025 06:00,04/08/2025 06:47
Nederland,ElectricityLoad,Hour,10997874,10997874,0,0,04/04/2025 06:00,04/04/2025 07:00,04/08/2025 06:47
Nederland,ElectricityLoad,Hour,12258321,12258321,0,0,04/04/2025 07:00,04/04/2025 08:00,04/08/2025 06:47
Nederland,ElectricityLoad,Hour,14147331,14147331,0,0,04/04/2025 08:00,04/04/2025 09:00,04/08/2025 06:47
Nederland,ElectricityLoad,Hour,16145515,16145515,0,0,04/04/2025 09:00,04/04/2025 10:00,04/08/2025 06:47
Nederland,ElectricityLoad,Hour,18021457,18021457,0,0,04/04/2025 10:00,04/04/2025 11:00,04/08/2025 06:47
Nederland,ElectricityLoad,Hour,19371723,19371723,0,0,04/04/2025 11:00,04/04/2025 12:00,04/08/2025 06:47
Nederland,ElectricityLoad,Hour,19136603,19136603,0,0,04/04/2025 12:00,04/04/2025 13:00,04/08/2025 06:47
Nederland,ElectricityLoad,Hour,18310654,18310654,0,0,04/04/2025 13:00,04/04/2025 14:00,04/08/2025 06:47
Nederland,ElectricityLoad,Hour,17678130,17678130,0,0,04/04/2025 14:00,04/04/2025 15:00,04/08/2025 06:47
Nederland,ElectricityLoad,Hour,16626600,16626600,0,0,04/04/2025 15:00,04/04/2025 16:00,04/08/2025 06:47
Nederland,ElectricityLoad,Hour,14926667,14926667,0,0,04/04/2025 16:00,04/04/2025 17:00,04/08/2025 06:47
Nederland,ElectricityLoad,Hour,12241398,12241398,0,0,04/04/2025 17:00,04/04/2025 18:00,04/08/2025 06:47
Nederland,ElectricityLoad,Hour,9480815,9480815,0,0,04/04/2025 18:00,04/04/2025 19:00,04/08/2025 06:47
Nederland,ElectricityLoad,Hour,8715961,8715961,0,0,04/04/2025 19:00,04/04/2025 20:00,04/08/2025 06:47
Nederland,ElectricityLoad,Hour,8277937,8277937,0,0,04/04/2025 20:00,04/04/2025 21:00,04/08/2025 06:47
Nederland,ElectricityLoad,Hour,7762841,7762841,0,0,04/04/2025 21:00,04/04/2025 22:00,04/08/2025 06:47
Nederland,ElectricityLoad,Hour,7258735,7258735,0,0,04/04/2025 22:00,04/04/2025 23:00,04/08/2025 06:47
Nederland,ElectricityLoad,Hour,6969449,6969449,0,0,04/04/2025 23:00,05/04/2025 00:00,04/08/2025 06:47
Nederland,ElectricityLoad,Hour,6511651,6511651,0,0,05/04/2025 00:00,05/04/2025 01:00,05/08/2025 06:47
Nederland,ElectricityLoad,Hour,6140893,6140893,0,0,05/04/2025 01:00,05/04/2025 02:00,05/08/2025 06:47
Nederland,ElectricityLoad,Hour,6103943,6103943,0,0,05/04/2025 02:00,05/04/2025 03:00,05/08/2025 06:47
Nederland,ElectricityLoad,Hour,6098507,6098507,0,0,05/04/2025 03:00,05/04/2025 04:00,05/08/2025 06:47
Nederland,ElectricityLoad,Hour,6331188,6331188,0,0,05/04/2025 04:00,05/04/2025 05:00,05/08/2025 06:47
Nederland,ElectricityLoad,Hour,7025462,7025462,0,0,05/04/2025 05:00,05/04/2025 06:00,05/08/2025 06:47
Nederland,ElectricityLoad,Hour,8970820,8970820,0,0,05/04/2025 06:00,05/04/2025 07:00,05/08/2025 06:47
Nederland,ElectricityLoad,Hour,12726351,12726351,0,0,05/04/2025 07:00,05/04/2025 08:00,05/08/2025 06:47
Nederland,ElectricityLoad,Hour,16159595,16159595,0,0,05/04/2025 08:00,05/04/2025 09:00,05/08/2025 06:47
Nederland,ElectricityLoad,Hour,19326740,19326740,0,0,05/04/2025 09:00,05/04/2025 10:00,05/08/2025 06:47
Nederland,ElectricityLoad,Hour,21568106,21568106,0,0,05/04/2025 10:00,05/04/2025 11:00,05/08/2025 06:47
Nederland,ElectricityLoad,Hour,22873399,22873399,0,0,05/04/2025 11:00,05/04/2025 12:00,05/08/2025 06:47
Nederland,ElectricityLoad,Hour,22729517,22729517,0,0,05/04/2025 12:00,05/04/2025 13:00,05/08/2025 06:47
Nederland,ElectricityLoad,Hour,21666500,21666500,0,0,05/04/2025 13:00,05/04/2025 14:00,05/08/2025 06:47
Nederland,ElectricityLoad,Hour,19548674,19548674,0,0,05/04/2025 14:00,05/04/2025 15:00,05/08/2025 06:47
Nederland,ElectricityLoad,Hour,16936293,16936293,0,0,05/04/2025 15:00,05/04/2025 16:00,05/08/2025 06:47
Nederland,ElectricityLoad,Hour,14554483,14554483,0,0,05/04/2025 16:00,05/04/2025 17:00,05/08/2025 06:47
Nederland,ElectricityLoad,Hour,12553301,12553301,0,0,05/04/2025 17:00,05/04/2025 18:00,05/08/2025 06:47
Nederland,ElectricityLoad,Hour,9983685,9983685,0,0,05/04/2025 18:00,05/04/2025 19:00,05/08/2025 06:47
Nederland,ElectricityLoad,Hour,9047125,9047125,0,0,05/04/2025 19:00,05/04/2025 20:00,05/08/2025 06:47
Nederland,ElectricityLoad,Hour,8135716,8135716,0,0,05/04/2025 20:00,05/04/2025 21:00,05/08/2025 06:47
Nederland,ElectricityLoad,Hour,8017554,8017554,0,0,05/04/2025 21:00,05/04/2025 22:00,05/08/2025 06:47
Nederland,ElectricityLoad,Hour,7824075,7824075,0,0,05/04/2025 22:00,05/04/2025 23:00,05/08/2025 06:47
Nederland,ElectricityLoad,Hour,7535703,7535703,0,0,05/04/2025 23:00,06/04/2025 00:00,05/08/2025 06:47
Nederland,ElectricityLoad,Hour,7241355,7241355,0,0,06/04/2025 00:00,06/04/2025 01:00,06/08/2025 06:47
Nederland,ElectricityLoad,Hour,6857178,6857178,0,0,06/04/2025 01:00,06/04/2025 02:00,06/08/2025 06:47
Nederland,ElectricityLoad,Hour,6830183,6830183,0,0,06/04/2025 02:00,06/04/2025 03:00,06/08/2025 06:47
Nederland,ElectricityLoad,Hour,7332837,7332837,0,0,06/04/2025 03:00,06/04/2025 04:00,06/08/2025 06:47
Nederland,ElectricityLoad,Hour,7589351,7589351,0,0,06/04/2025 04:00,06/04/2025 05:00,06/08/2025 06:47
Nederland,ElectricityLoad,Hour,7793792,7793792,0,0,06/04/2025 05:00,06/04/2025 06:00,06/08/2025 06:47
Nederland,ElectricityLoad,Hour,9768914,9768914,0,0,06/04/2025 06:00,06/04/2025 07:00,06/08/2025 06:47
Nederland,ElectricityLoad,Hour,12829991,12829991,0,0,06/04/2025 07:00,06/04/2025 08:00,06/08/2025 06:47
Nederland,ElectricityLoad,Hour,16498317,16498317,0,0,06/04/2025 08:00,06/04/2025 09:00,06/08/2025 06:47
Nederland,ElectricityLoad,Hour,18928635,18928635,0,0,06/04/2025 09:00,06/04/2025 10:00,06/08/2025 06:47
Nederland,ElectricityLoad,Hour,20787234,20787234,0,0,06/04/2025 10:00,06/04/2025 11:00,06/08/2025 06:47
Nederland,ElectricityLoad,Hour,22236346,22236346,0,0,06/04/2025 11:00,06/04/2025 12:00,06/08/2025 06:47
Nederland,ElectricityLoad,Hour,22330593,22330593,0,0,06/04/2025 12:00,06/04/2025 13:00,06/08/2025 06:47
Nederland,ElectricityLoad,Hour,20981517,20981517,0,0,06/04/2025 13:00,06/04/2025 14:00,06/08/2025 06:47
Nederland,ElectricityLoad,Hour,18656344,18656344,0,0,06/04/2025 14:00,06/04/2025 15:00,06/08/2025 06:47
Nederland,ElectricityLoad,Hour,16434058,16434058,0,0,06/04/2025 15:00,06/04/2025 16:00,06/08/2025 06:47
Nederland,ElectricityLoad,Hour,14409038,14409038,0,0,06/04/2025 16:00,06/04/2025 17:00,06/08/2025 06:47
Nederland,ElectricityLoad,Hour,12218325,12218325,0,0,06/04/2025 17:00,06/04/2025 18:00,06/08/2025 06:47
Nederland,ElectricityLoad,Hour,10183360,10183360,0,0,06/04/2025 18:00,06/04/2025 19:00,06/08/2025 06:47
Nederland,ElectricityLoad,Hour,8898851,8898851,0,0,06/04/2025 19:00,06/04/2025 20:00,06/08/2025 06:47
Nederland,ElectricityLoad,Hour,8391523,8391523,0,0,06/04/2025 20:00,06/04/2025 21:00,06/08/2025 06:47
Nederland,ElectricityLoad,Hour,7722469,7722469,0,0,06/04/2025 21:00,06/04/2025 22:00,06/08/2025 06:47
Nederland,ElectricityLoad,Hour,7356273,7356273,0,0,06/04/2025 22:00,06/04/2025 23:00,06/08/2025 06:47
Nederland,ElectricityLoad,Hour,7207108,7207108,0,0,06/04/2025 23:00,07/04/2025 00:00,06/08/2025 06:47
Nederland,ElectricityLoad,Hour,7150551,7150551,0,0,07/04/2025 00:00,07/04/2025 01:00,07/08/2025 06:36
Nederland,ElectricityLoad,Hour,7056585,7056585,0,0,07/04/2025 01:00,07/04/2025 02:00,07/08/2025 06:36
Nederland,ElectricityLoad,Hour,7352547,7352547,0,0,07/04/2025 02:00,07/04/2025 03:00,07/08/2025 06:36
Nederland,ElectricityLoad,Hour,7999406,7999406,0,0,07/04/2025 03:00,07/04/2025 04:00,07/08/2025 06:36
Nederland,ElectricityLoad,Hour,9265937,9265937,0,0,07/04/2025 04:00,07/04/2025 05:00,07/08/2025 06:36
Nederland,ElectricityLoad,Hour,10863347,10863347,0,0,07/04/2025 05:00,07/04/2025 06:00,07/08/2025 06:36
Nederland,ElectricityLoad,Hour,12409723,12409723,0,0,07/04/2025 06:00,07/04/2025 07:00,07/08/2025 06:36
Nederland,ElectricityLoad,Hour,13881599,13881599,0,0,07/04/2025 07:00,07/04/2025 08:00,07/08/2025 06:36
Nederland,ElectricityLoad,Hour,15560294,15560294,0,0,07/04/2025 08:00,07/04/2025 09:00,07/08/2025 06:36
Nederland,ElectricityLoad,Hour,16429936,16429936,0,0,07/04/2025 09:00,07/04/2025 10:00,07/08/2025 06:36
Nederland,ElectricityLoad,Hour,17925965,17925965,0,0,07/04/2025 10:00,07/04/2025 11:00,07/08/2025 06:36
Nederland,ElectricityLoad,Hour,18609985,18609985,0,0,07/04/2025 11:00,07/04/2025 12:00,07/08/2025 06:36
Nederland,ElectricityLoad,Hour,18324175,18324175,0,0,07/04/2025 12:00,07/04/2025 13:00,07/08/2025 06:36
Nederland,ElectricityLoad,Hour,17515137,17515137,0,0,07/04/2025 13:00,07/04/2025 14:00,07/08/2025 06:36
Nederland,ElectricityLoad,Hour,16273068,16273068,0,0,07/04/2025 14:00,07/04/2025 15:00,07/08/2025 06:36
Nederland,ElectricityLoad,Hour,15810281,15810281,0,0,07/04/2025 15:00,07/04/2025 16:00,07/08/2025 06:36
Nederland,ElectricityLoad,Hour,14651035,14651035,0,0,07/04/2025 16:00,07/04/2025 17:00,07/08/2025 06:36
Nederland,ElectricityLoad,Hour,13212195,13212195,0,0,07/04/2025 17:00,07/04/2025 18:00,07/08/2025 06:36
Nederland,ElectricityLoad,Hour,11378110,11378110,0,0,07/04/2025 18:00,07/04/2025 19:00,07/08/2025 06:36
Nederland,ElectricityLoad,Hour,10351886,10351886,0,0,07/04/2025 19:00,07/04/2025 20:00,07/08/2025 06:36
Nederland,ElectricityLoad,Hour,9401543,9401543,0,0,07/04/2025 20:00,07/04/2025 21:00,07/08/2025 06:36
Nederland,ElectricityLoad,Hour,8782234,8782234,0,0,07/04/2025 21:00,07/04/2025 22:00,07/08/2025 06:36
Nederland,ElectricityLoad,Hour,8538905,8538905,0,0,07/04/2025 22:00,07/04/2025 23:00,07/08/2025 06:36
Nederland,ElectricityLoad,Hour,8347122,8347122,0,0,07/04/2025 23:00,08/04/2025 00:00,07/08/2025 06:36
Nederland,ElectricityLoad,Hour,8048297,8048297,0,0,08/04/2025 00:00,08/04/2025 01:00,08/08/2025 06:35
Nederland,ElectricityLoad,Hour,8124681,8124681,0,0,08/04/2025 01:00,08/04/2025 02:00,08/08/2025 06:35
Nederland,ElectricityLoad,Hour,8332545,8332545,0,0,08/04/2025 02:00,08/04/2025 03:00,08/08/2025 06:35
Nederland,ElectricityLoad,Hour,8875940,8875940,0,0,08/04/2025 03:00,08/04/2025 04:00,08/08/2025 06:35
Nederland,ElectricityLoad,Hour,9631138,9631138,0,0,08/04/2025 04:00,08/04/2025 05:00,08/08/2025 06:35
Nederland,ElectricityLoad,Hour,11015913,11015913,0,0,08/04/2025 05:00,08/04/2025 06:00,08/08/2025 06:35
Nederland,ElectricityLoad,Hour,12638586,12638586,0,0,08/04/2025 06:00,08/04/2025 07:00,08/08/2025 06:35
Nederland,ElectricityLoad,Hour,14263039,14263039,0,0,08/04/2025 07:00,08/04/2025 08:00,08/08/2025 06:35
Nederland,ElectricityLoad,Hour,15886725,15886725,0,0,08/04/2025 08:00,08/04/2025 09:00,08/08/2025 06:35
Nederland,ElectricityLoad,Hour,16797735,16797735,0,0,08/04/2025 09:00,08/04/2025 10:00,08/08/2025 06:35
Nederland,ElectricityLoad,Hour,17888613,17888613,0,0,08/04/2025 10:00,08/04/2025 11:00,08/08/2025 06:35
Nederland,ElectricityLoad,Hour,18084938,18084938,0,0,08/04/2025 11:00,08/04/2025 12:00,08/08/2025 06:35
Nederland,ElectricityLoad,Hour,17690483,17690483,0,0,08/04/2025 12:00,08/04/2025 13:00,08/08/2025 06:35
Nederland,ElectricityLoad,Hour,16769804,16769804,0,0,08/04/2025 13:00,08/04/2025 14:00,08/08/2025 06:35
Nederland,ElectricityLoad,Hour,16021743,16021743,0,0,08/04/2025 14:00,08/04/2025 15:00,08/08/2025 06:35
Nederland,ElectricityLoad,Hour,15357176,15357176,0,0,08/04/2025 15:00,08/04/2025 16:00,08/08/2025 06:35
Nederland,ElectricityLoad,Hour,14142310,14142310,0,0,08/04/2025 16:00,08/04/2025 17:00,08/08/2025 06:35
Nederland,ElectricityLoad,Hour,12801427,12801427,0,0,08/04/2025 17:00,08/04/2025 18:00,08/08/2025 06:35
Nederland,ElectricityLoad,Hour,11393176,11393176,0,0,08/04/2025 18:00,08/04/2025 19:00,08/08/2025 06:35
Nederland,ElectricityLoad,Hour,10542941,10542941,0,0,08/04/2025 19:00,08/04/2025 20:00,08/08/2025 06:35
Nederland,ElectricityLoad,Hour,9623685,9623685,0,0,08/04/2025 20:00,08/04/2025 21:00,08/08/2025 06:35
Nederland,ElectricityLoad,Hour,8858171,8858171,0,0,08/04/2025 21:00,08/04/2025 22:00,08/08/2025 06:35
Nederland,ElectricityLoad,Hour,8320105,8320105,0,0,08/04/2025 22:00,08/04/2025 23:00,08/08/2025 06:35
Nederland,ElectricityLoad,Hour,7971905,7971905,0,0,08/04/2025 23:00,09/04/2025 00:00,08/08/2025 06:35
Nederland,ElectricityLoad,Hour,7914906,7914906,0,0,09/04/2025 00:00,09/04/2025 01:00,09/08/2025 06:40
Nederland,ElectricityLoad,Hour,7799617,7799617,0,0,09/04/2025 01:00,09/04/2025 02:00,09/08/2025 06:40
Nederland,ElectricityLoad,Hour,7791663,7791663,0,0,09/04/2025 02:00,09/04/2025 03:00,09/08/2025 06:40
Nederland,ElectricityLoad,Hour,8097577,8097577,0,0,09/04/2025 03:00,09/04/2025 04:00,09/08/2025 06:40
Nederland,ElectricityLoad,Hour,9297495,9297495,0,0,09/04/2025 04:00,09/04/2025 05:00,09/08/2025 06:40
Nederland,ElectricityLoad,Hour,10967762,10967762,0,0,09/04/2025 05:00,09/04/2025 06:00,09/08/2025 06:40
Nederland,ElectricityLoad,Hour,12441662,12441662,0,0,09/04/2025 06:00,09/04/2025 07:00,09/08/2025 06:40
Nederland,ElectricityLoad,Hour,14476849,14476849,0,0,09/04/2025 07:00,09/04/2025 08:00,09/08/2025 06:40
Nederland,ElectricityLoad,Hour,15810478,15810478,0,0,09/04/2025 08:00,09/04/2025 09:00,09/08/2025 06:40
Nederland,ElectricityLoad,Hour,16839900,16839900,0,0,09/04/2025 09:00,09/04/2025 10:00,09/08/2025 06:40
Nederland,ElectricityLoad,Hour,17651201,17651201,0,0,09/04/2025 10:00,09/04/2025 11:00,09/08/2025 06:40
Nederland,ElectricityLoad,Hour,18535593,18535593,0,0,09/04/2025 11:00,09/04/2025 12:00,09/08/2025 06:40
Nederland,ElectricityLoad,Hour,18671129,18671129,0,0,09/04/2025 12:00,09/04/2025 13:00,09/08/2025 06:40
Nederland,ElectricityLoad,Hour,18236339,18236339,0,0,09/04/2025 13:00,09/04/2025 14:00,09/08/2025 06:40
Nederland,ElectricityLoad,Hour,17355265,17355265,0,0,09/04/2025 14:00,09/04/2025 15:00,09/08/2025 06:40
Nederland,ElectricityLoad,Hour,16155408,16155408,0,0,09/04/2025 15:00,09/04/2025 16:00,09/08/2025 06:40
Nederland,ElectricityLoad,Hour,14794240,14794240,0,0,09/04/2025 16:00,09/04/2025 17:00,09/08/2025 06:40
Nederland,ElectricityLoad,Hour,13209533,13209533,0,0,09/04/2025 17:00,09/04/2025 18:00,09/08/2025 06:40
Nederland,ElectricityLoad,Hour,12265578,12265578,0,0,09/04/2025 18:00,09/04/2025 19:00,09/08/2025 06:40
Nederland,ElectricityLoad,Hour,11311038,11311038,0,0,09/04/2025 19:00,09/04/2025 20:00,09/08/2025 06:40
Nederland,ElectricityLoad,Hour,10582798,10582798,0,0,09/04/2025 20:00,09/04/2025 21:00,09/08/2025 06:40
Nederland,ElectricityLoad,Hour,9814738,9814738,0,0,09/04/2025 21:00,09/04/2025 22:00,09/08/2025 06:40
Nederland,ElectricityLoad,Hour,8959423,8959423,0,0,09/04/2025 22:00,09/04/2025 23:00,09/08/2025 06:40
Nederland,ElectricityLoad,Hour,8578866,8578866,0,0,09/04/2025 23:00,10/04/2025 00:00,09/08/2025 06:40
Nederland,ElectricityLoad,Hour,8403799,8403799,0,0,10/04/2025 00:00,10/04/2025 01:00,10/08/2025 06:40
Nederland,ElectricityLoad,Hour,8181172,8181172,0,0,10/04/2025 01:00,10/04/2025 02:00,10/08/2025 06:40
Nederland,ElectricityLoad,Hour,8377992,8377992,0,0,10/04/2025 02:00,10/04/2025 03:00,10/08/2025 06:40
Nederland,ElectricityLoad,Hour,8821115,8821115,0,0,10/04/2025 03:00,10/04/2025 04:00,10/08/2025 06:40
Nederland,ElectricityLoad,Hour,9644460,9644460,0,0,10/04/2025 04:00,10/04/2025 05:00,10/08/2025 06:40
Nederland,ElectricityLoad,Hour,10819737,10819737,0,0,10/04/2025 05:00,10/04/2025 06:00,10/08/2025 06:40
Nederland,ElectricityLoad,Hour,12192347,12192347,0,0,10/04/2025 06:00,10/04/2025 07:00,10/08/2025 06:40
Nederland,ElectricityLoad,Hour,0,0,0,0,10/04/2025 07:00,10/04/2025 08:00,10/08/2025 06:40
Nederland,ElectricityLoad,Hour,14466442,14466442,0,0,10/04/2025 08:00,10/04/2025 09:00,10/08/2025 06:40
Nederland,ElectricityLoad,Hour,15338423,15338423,0,0,10/04/2025 09:00,10/04/2025 10:00,10/08/2025 06:40
Nederland,ElectricityLoad,Hour,16167564,16167564,0,0,10/04/2025 10:00,10/04/2025 11:00,10/08/2025 06:40
Nederland,ElectricityLoad,Hour,16738073,16738073,0,0,10/04/2025 11:00,10/04/2025 12:00,10/08/2025 06:40
Nederland,ElectricityLoad,Hour,17678157,17678157,0,0,10/04/2025 12:00,10/04/2025 13:00,10/08/2025 06:40
Nederland,ElectricityLoad,Hour,17271308,17271308,0,0,10/04/2025 13:00,10/04/2025 14:00,10/08/2025 06:40
Nederland,ElectricityLoad,Hour,17247864,17247864,0,0,10/04/2025 14:00,10/04/2025 15:00,10/08/2025 06:40
Nederland,ElectricityLoad,Hour,16042840,16042840,0,0,10/04/2025 15:00,10/04/2025 16:00,10/08/2025 06:40
Nederland,ElectricityLoad,Hour,14333644,14333644,0,0,10/04/2025 16:00,10/04/2025 17:00,10/08/2025 06:40
Nederland,ElectricityLoad,Hour,12281599,12281599,0,0,10/04/2025 17:00,10/04/2025 18:00,10/08/2025 06:40
Nederland,ElectricityLoad,Hour,10591023,10591023,0,0,10/04/2025 18:00,10/04/2025 19:00,10/08/2025 06:40
Nederland,ElectricityLoad,Hour,10147121,10147121,0,0,10/04/2025 19:00,10/04/2025 20:00,10/08/2025 06:40
Nederland,ElectricityLoad,Hour,9434026,9434026,0,0,10/04/2025 20:00,10/04/2025 21:00,10/08/2025 06:40
Nederland,ElectricityLoad,Hour,9363316,9363316,0,0,10/04/2025 21:00,10/04/2025 22:00,10/08/2025 06:40
Nederland,ElectricityLoad,Hour,8964669,8964669,0,0,10/04/2025 22:00,10/04/2025 23:00,10/08/2025 06:40
Nederland,ElectricityLoad,Hour,8401507,8401507,0,0,10/04/2025 23:00,11/04/2025 00:00,10/08/2025 06:40
Nederland,ElectricityLoad,Hour,8330991,8330991,0,0,11/04/2025 00:00,11/04/2025 01:00,11/08/2025 06:40
Nederland,ElectricityLoad,Hour,8122702,8122702,0,0,11/04/2025 01:00,11/04/2025 02:00,11/08/2025 06:40
Nederland,ElectricityLoad,Hour,8144037,8144037,0,0,11/04/2025 02:00,11/04/2025 03:00,11/08/2025 06:40
Nederland,ElectricityLoad,Hour,8163961,8163961,0,0,11/04/2025 03:00,11/04/2025 04:00,11/08/2025 06:40
Nederland,ElectricityLoad,Hour,8744075,8744075,0,0,11/04/2025 04:00,11/04/2025 05:00,11/08/2025 06:40
Nederland,ElectricityLoad,Hour,10121995,10121995,0,0,11/04/2025 05:00,11/04/2025 06:00,11/08/2025 06:40
Nederland,ElectricityLoad,Hour,11588636,11588636,0,0,11/04/2025 06:00,11/04/2025 07:00,11/08/2025 06:40
Nederland,ElectricityLoad,Hour,13480684,13480684,0,0,11/04/2025 07:00,11/04/2025 08:00,11/08/2025 06:40
Nederland,ElectricityLoad,Hour,15973410,15973410,0,0,11/04/2025 08:00,11/04/2025 09:00,11/08/2025 06:40
Nederland,ElectricityLoad,Hour,18305390,18305390,0,0,11/04/2025 09:00,11/04/2025 10:00,11/08/2025 06:40
Nederland,ElectricityLoad,Hour,20347243,20347243,0,0,11/04/2025 10:00,11/04/2025 11:00,11/08/2025 06:40
Nederland,ElectricityLoad,Hour,21347567,21347567,0,0,11/04/2025 11:00,11/04/2025 12:00,11/08/2025 06:40
Nederland,ElectricityLoad,Hour,21060991,21060991,0,0,11/04/2025 12:00,11/04/2025 13:00,11/08/2025 06:40
Nederland,ElectricityLoad,Hour,19485487,19485487,0,0,11/04/2025 13:00,11/04/2025 14:00,11/08/2025 06:40
Nederland,ElectricityLoad,Hour,17425110,17425110,0,0,11/04/2025 14:00,11/04/2025 15:00,11/08/2025 06:40
Nederland,ElectricityLoad,Hour,15120610,15120610,0,0,11/04/2025 15:00,11/04/2025 16:00,11/08/2025 06:40
Nederland,ElectricityLoad,Hour,13061984,13061984,0,0,11/04/2025 16:00,11/04/2025 17:00,11/08/2025 06:40
Nederland,ElectricityLoad,Hour,10768277,10768277,0,0,11/04/2025 17:00,11/04/2025 18:00,11/08/2025 06:40
Nederland,ElectricityLoad,Hour,9095529,9095529,0,0,11/04/2025 18:00,11/04/2025 19:00,11/08/2025 06:40
Nederland,ElectricityLoad,Hour,8781030,8781030,0,0,11/04/2025 19:00,11/04/2025 20:00,11/08/2025 06:40
Nederland,ElectricityLoad,Hour,8497673,8497673,0,0,11/04/2025 20:00,11/04/2025 21:00,11/08/2025 06:40
Nederland,ElectricityLoad,Hour,8007419,8007419,0,0,11/04/2025 21:00,11/04/2025 22:00,11/08/2025 06:40
Nederland,ElectricityLoad,Hour,7492382,7492382,0,0,11/04/2025 22:00,11/04/2025 23:00,11/08/2025 06:40
Nederland,ElectricityLoad,Hour,7274532,7274532,0,0,11/04/2025 23:00,12/04/2025 00:00,11/08/2025 06:40
Nederland,ElectricityLoad,Hour,7071442,7071442,0,0,12/04/2025 00:00,12/04/2025 01:00,12/08/2025 06:40
Nederland,ElectricityLoad,Hour,6973980,6973980,0,0,12/04/2025 01:00,12/04/2025 02:00,12/08/2025 06:40
Nederland,ElectricityLoad,Hour,6998663,6998663,0,0,12/04/2025 02:00,12/04/2025 03:00,12/08/2025 06:40
Nederland,ElectricityLoad,Hour,6857277,6857277,0,0,12/04/2025 03:00,12/04/2025 04:00,12/08/2025 06:40
Nederland,ElectricityLoad,Hour,6988014,6988014,0,0,12/04/2025 04:00,12/04/2025 05:00,12/08/2025 06:40
Nederland,ElectricityLoad,Hour,7475878,7475878,0,0,12/04/2025 05:00,12/04/2025 06:00,12/08/2025 06:40
Nederland,ElectricityLoad,Hour,8681948,8681948,0,0,12/04/2025 06:00,12/04/2025 07:00,12/08/2025 06:40
Nederland,ElectricityLoad,Hour,10591848,10591848,0,0,12/04/2025 07:00,12/04/2025 08:00,12/08/2025 06:40
Nederland,ElectricityLoad,Hour,12964331,12964331,0,0,12/04/2025 08:00,12/04/2025 09:00,12/08/2025 06:40
Nederland,ElectricityLoad,Hour,15260478,15260478,0,0,12/04/2025 09:00,12/04/2025 10:00,12/08/2025 06:40
Nederland,ElectricityLoad,Hour,17498809,17498809,0,0,12/04/2025 10:00,12/04/2025 11:00,12/08/2025 06:40
Nederland,ElectricityLoad,Hour,19506689,19506689,0,0,12/04/2025 11:00,12/04/2025 12:00,12/08/2025 06:40
Nederland,ElectricityLoad,Hour,20280188,20280188,0,0,12/04/2025 12:00,12/04/2025 13:00,12/08/2025 06:40
Nederland,ElectricityLoad,Hour,18858371,18858371,0,0,12/04/2025 13:00,12/04/2025 14:00,12/08/2025 06:40
Nederland,ElectricityLoad,Hour,16979688,16979688,0,0,12/04/2025 14:00,12/04/2025 15:00,12/08/2025 06:40
Nederland,ElectricityLoad,Hour,15196917,15196917,0,0,12/04/2025 15:00,12/04/2025 16:00,12/08/2025 06:40
Nederland,ElectricityLoad,Hour,13407280,13407280,0,0,12/04/2025 16:00,12/04/2025 17:00,12/08/2025 06:40
Nederland,ElectricityLoad,Hour,10872480,10872480,0,0,12/04/2025 17:00,12/04/2025 18:00,12/08/2025 06:40
Nederland,ElectricityLoad,Hour,7588721,7588721,0,0,12/04/2025 18:00,12/04/2025 19:00,12/08/2025 06:40
Nederland,ElectricityLoad,Hour,7031251,7031251,0,0,12/04/2025 19:00,12/04/2025 20:00,12/08/2025 06:40
Nederland,ElectricityLoad,Hour,6850390,6850390,0,0,12/04/2025 20:00,12/04/2025 21:00,12/08/2025 06:40
Nederland,ElectricityLoad,Hour,6504060,6504060,0,0,12/04/2025 21:00,12/04/2025 22:00,12/08/2025 06:40
Nederland,ElectricityLoad,Hour,6504948,6504948,0,0,12/04/2025 22:00,12/04/2025 23:00,12/08/2025 06:40
Nederland,ElectricityLoad,Hour,6705001,6705001,0,0,12/04/2025 23:00,13/04/2025 00:00,12/08/2025 06:40
Nederland,ElectricityLoad,Hour,6444028,6444028,0,0,13/04/2025 00:00,13/04/2025 01:00,13/08/2025 06:39
Nederland,ElectricityLoad,Hour,6112607,6112607,0,0,13/04/2025 01:00,13/04/2025 02:00,13/08/2025 06:39
Nederland,ElectricityLoad,Hour,6264338,6264338,0,0,13/04/2025 02:00,13/04/2025 03:00,13/08/2025 06:39
Nederland,ElectricityLoad,Hour,6915702,6915702,0,0,13/04/2025 03:00,13/04/2025 04:00,13/08/2025 06:39
Nederland,ElectricityLoad,Hour,6987551,6987551,0,0,13/04/2025 04:00,13/04/2025 05:00,13/08/2025 06:39
Nederland,ElectricityLoad,Hour,7602366,7602366,0,0,13/04/2025 05:00,13/04/2025 06:00,13/08/2025 06:39
Nederland,ElectricityLoad,Hour,8796037,8796037,0,0,13/04/2025 06:00,13/04/2025 07:00,13/08/2025 06:39
Nederland,ElectricityLoad,Hour,10431704,10431704,0,0,13/04/2025 07:00,13/04/2025 08:00,13/08/2025 06:39
Nederland,ElectricityLoad,Hour,12115457,12115457,0,0,13/04/2025 08:00,13/04/2025 09:00,13/08/2025 06:39
Nederland,ElectricityLoad,Hour,15176957,15176957,0,0,13/04/2025 09:00,13/04/2025 10:00,13/08/2025 06:39
Nederland,ElectricityLoad,Hour,16169894,16169894,0,0,13/04/2025 10:00,13/04/2025 11:00,13/08/2025 06:39
Nederland,ElectricityLoad,Hour,17710897,17710897,0,0,13/04/2025 11:00,13/04/2025 12:00,13/08/2025 06:39
Nederland,ElectricityLoad,Hour,18456241,18456241,0,0,13/04/2025 12:00,13/04/2025 13:00,13/08/2025 06:39
Nederland,ElectricityLoad,Hour,17572062,17572062,0,0,13/04/2025 13:00,13/04/2025 14:00,13/08/2025 06:39
Nederland,ElectricityLoad,Hour,15277914,15277914,0,0,13/04/2025 14:00,13/04/2025 15:00,13/08/2025 06:39
Nederland,ElectricityLoad,Hour,14372250,14372250,0,0,13/04/2025 15:00,13/04/2025 16:00,13/08/2025 06:39
Nederland,ElectricityLoad,Hour,12775130,12775130,0,0,13/04/2025 16:00,13/04/2025 17:00,13/08/2025 06:39
Nederland,ElectricityLoad,Hour,10612806,10612806,0,0,13/04/2025 17:00,13/04/2025 18:00,13/08/2025 06:39
Nederland,ElectricityLoad,Hour,9704406,9704406,0,0,13/04/2025 18:00,13/04/2025 19:00,13/08/2025 06:39
Nederland,ElectricityLoad,Hour,9126979,9126979,0,0,13/04/2025 19:00,13/04/2025 20:00,13/08/2025 06:39
Nederland,ElectricityLoad,Hour,8046219,8046219,0,0,13/04/2025 20:00,13/04/2025 21:00,13/08/2025 06:39
Nederland,ElectricityLoad,Hour,7554274,7554274,0,0,13/04/2025 21:00,13/04/2025 22:00,13/08/2025 06:39
Nederland,ElectricityLoad,Hour,7319451,7319451,0,0,13/04/2025 22:00,13/04/2025 23:00,13/08/2025 06:39
Nederland,ElectricityLoad,Hour,7340012,7340012,0,0,13/04/2025 23:00,14/04/2025 00:00,13/08/2025 06:39
Nederland,ElectricityLoad,Hour,7332432,7332432,0,0,14/04/2025 00:00,14/04/2025 01:00,14/08/2025 06:39
Nederland,ElectricityLoad,Hour,7344026,7344026,0,0,14/04/2025 01:00,14/04/2025 02:00,14/08/2025 06:39
Nederland,ElectricityLoad,Hour,7449681,7449681,0,0,14/04/2025 02:00,14/04/2025 03:00,14/08/2025 06:39
Nederland,ElectricityLoad,Hour,7654657,7654657,0,0,14/04/2025 03:00,14/04/2025 04:00,14/08/2025 06:39
Nederland,ElectricityLoad,Hour,8065669,8065669,0,0,14/04/2025 04:00,14/04/2025 05:00,14/08/2025 06:39
Nederland,ElectricityLoad,Hour,9497674,9497674,0,0,14/04/2025 05:00,14/04/2025 06:00,14/08/2025 06:39
Nederland,ElectricityLoad,Hour,11393371,11393371,0,0,14/04/2025 06:00,14/04/2025 07:00,14/08/2025 06:39
Nederland,ElectricityLoad,Hour,12827349,12827349,0,0,14/04/2025 07:00,14/04/2025 08:00,14/08/2025 06:39
Nederland,ElectricityLoad,Hour,14815522,14815522,0,0,14/04/2025 08:00,14/04/2025 09:00,14/08/2025 06:39
Nederland,ElectricityLoad,Hour,16350838,16350838,0,0,14/04/2025 09:00,14/04/2025 10:00,14/08/2025 06:39
Nederland,ElectricityLoad,Hour,17210301,17210301,0,0,14/04/2025 10:00,14/04/2025 11:00,14/08/2025 06:39
Nederland,ElectricityLoad,Hour,17096954,17096954,0,0,14/04/2025 11:00,14/04/2025 12:00,14/08/2025 06:39
Nederland,ElectricityLoad,Hour,17690670,17690670,0,0,14/04/2025 12:00,14/04/2025 13:00,14/08/2025 06:39
Nederland,ElectricityLoad,Hour,16008822,16008822,0,0,14/04/2025 13:00,14/04/2025 14:00,14/08/2025 06:39
Nederland,ElectricityLoad,Hour,14819081,14819081,0,0,14/04/2025 14:00,14/04/2025 15:00,14/08/2025 06:39
Nederland,ElectricityLoad,Hour,14293524,14293524,0,0,14/04/2025 15:00,14/04/2025 16:00,14/08/2025 06:39
Nederland,ElectricityLoad,Hour,12948104,12948104,0,0,14/04/2025 16:00,14/04/2025 17:00,14/08/2025 06:39
Nederland,ElectricityLoad,Hour,10910491,10910491,0,0,14/04/2025 17:00,14/04/2025 18:00,14/08/2025 06:39
Nederland,ElectricityLoad,Hour,9440772,9440772,0,0,14/04/2025 18:00,14/04/2025 19:00,14/08/2025 06:39
Nederland,ElectricityLoad,Hour,8601500,8601500,0,0,14/04/2025 19:00,14/04/2025 20:00,14/08/2025 06:39
Nederland,ElectricityLoad,Hour,7919543,7919543,0,0,14/04/2025 20:00,14/04/2025 21:00,14/08/2025 06:39
Nederland,ElectricityLoad,Hour,7052021,7052021,0,0,14/04/2025 21:00,14/04/2025 22:00,14/08/2025 06:39
Nederland,ElectricityLoad,Hour,7058225,7058225,0,0,14/04/2025 22:00,14/04/2025 23:00,14/08/2025 06:39
Nederland,ElectricityLoad,Hour,6949135,6949135,0,0,14/04/2025 23:00,15/04/2025 00:00,14/08/2025 06:39
Nederland,ElectricityLoad,Hour,6935107,6935107,0,0,15/04/2025 00:00,15/04/2025 01:00,15/08/2025 06:39
Nederland,ElectricityLoad,Hour,6891296,6891296,0,0,15/04/2025 01:00,15/04/2025 02:00,15/08/2025 06:39
Nederland,ElectricityLoad,Hour,6891316,6891316,0,0,15/04/2025 02:00,15/04/2025 03:00,15/08/2025 06:39
Nederland,ElectricityLoad,Hour,7297944,7297944,0,0,15/04/2025 03:00,15/04/2025 04:00,15/08/2025 06:39
Nederland,ElectricityLoad,Hour,7894664,7894664,0,0,15/04/2025 04:00,15/04/2025 05:00,15/08/2025 06:39
Nederland,ElectricityLoad,Hour,9224612,9224612,0,0,15/04/2025 05:00,15/04/2025 06:00,15/08/2025 06:39
Nederland,ElectricityLoad,Hour,11239639,11239639,0,0,15/04/2025 06:00,15/04/2025 07:00,15/08/2025 06:39
Nederland,ElectricityLoad,Hour,13913044,13913044,0,0,15/04/2025 07:00,15/04/2025 08:00,15/08/2025 06:39
Nederland,ElectricityLoad,Hour,16142276,16142276,0,0,15/04/2025 08:00,15/04/2025 09:00,15/08/2025 06:39
Nederland,ElectricityLoad,Hour,17338877,17338877,0,0,15/04/2025 09:00,15/04/2025 10:00,15/08/2025 06:39
Nederland,ElectricityLoad,Hour,18781003,18781003,0,0,15/04/2025 10:00,15/04/2025 11:00,15/08/2025 06:39
Nederland,ElectricityLoad,Hour,17847255,17847255,0,0,15/04/2025 11:00,15/04/2025 12:00,15/08/2025 06:39
Nederland,ElectricityLoad,Hour,17281771,17281771,0,0,15/04/2025 12:00,15/04/2025 13:00,15/08/2025 06:39
Nederland,ElectricityLoad,Hour,14959215,14959215,0,0,15/04/2025 13:00,15/04/2025 14:00,15/08/2025 06:39
Nederland,ElectricityLoad,Hour,15085112,15085112,0,0,15/04/2025 14:00,15/04/2025 15:00,15/08/2025 06:39
Nederland,ElectricityLoad,Hour,13840992,13840992,0,0,15/04/2025 15:00,15/04/2025 16:00,15/08/2025 06:39
Nederland,ElectricityLoad,Hour,11803485,11803485,0,0,15/04/2025 16:00,15/04/2025 17:00,15/08/2025 06:39
Nederland,ElectricityLoad,Hour,11109990,11109990,0,0,15/04/2025 17:00,15/04/2025 18:00,15/08/2025 06:39
Nederland,ElectricityLoad,Hour,9924357,9924357,0,0,15/04/2025 18:00,15/04/2025 19:00,15/08/2025 06:39
Nederland,ElectricityLoad,Hour,9282085,9282085,0,0,15/04/2025 19:00,15/04/2025 20:00,15/08/2025 06:39
Nederland,ElectricityLoad,Hour,9011390,9011390,0,0,15/04/2025 20:00,15/04/2025 21:00,15/08/2025 06:39
Nederland,ElectricityLoad,Hour,8412439,8412439,0,0,15/04/2025 21:00,15/04/2025 22:00,15/08/2025 06:39
Nederland,ElectricityLoad,Hour,7863111,7863111,0,0,15/04/2025 22:00,15/04/2025 23:00,15/08/2025 06:39
Nederland,ElectricityLoad,Hour,7307523,7307523,0,0,15/04/2025 23:00,16/04/2025 00:00,15/08/2025 06:39
Nederland,ElectricityLoad,Hour,7265730,7265730,0,0,16/04/2025 00:00,16/04/2025 01:00,16/08/2025 06:40
Nederland,ElectricityLoad,Hour,7167506,7167506,0,0,16/04/2025 01:00,16/04/2025 02:00,16/08/2025 06:40
Nederland,ElectricityLoad,Hour,7231812,7231812,0,0,16/04/2025 02:00,16/04/2025 03:00,16/08/2025 06:40
Nederland,ElectricityLoad,Hour,7611132,7611132,0,0,16/04/2025 03:00,16/04/2025 04:00,16/08/2025 06:40
Nederland,ElectricityLoad,Hour,8105251,8105251,0,0,16/04/2025 04:00,16/04/2025 05:00,16/08/2025 06:40
Nederland,ElectricityLoad,Hour,9701460,9701460,0,0,16/04/2025 05:00,16/04/2025 06:00,16/08/2025 06:40
Nederland,ElectricityLoad,Hour,11020866,11020866,0,0,16/04/2025 06:00,16/04/2025 07:00,16/08/2025 06:40
Nederland,ElectricityLoad,Hour,12164793,12164793,0,0,16/04/2025 07:00,16/04/2025 08:00,16/08/2025 06:40
Nederland,ElectricityLoad,Hour,13172093,13172093,0,0,16/04/2025 08:00,16/04/2025 09:00,16/08/2025 06:40
Nederland,ElectricityLoad,Hour,13475747,13475747,0,0,16/04/2025 09:00,16/04/2025 10:00,16/08/2025 06:40
Nederland,ElectricityLoad,Hour,14233563,14233563,0,0,16/04/2025 10:00,16/04/2025 11:00,16/08/2025 06:40
Nederland,ElectricityLoad,Hour,14672573,14672573,0,0,16/04/2025 11:00,16/04/2025 12:00,16/08/2025 06:40
Nederland,ElectricityLoad,Hour,14928339,14928339,0,0,16/04/2025 12:00,16/04/2025 13:00,16/08/2025 06:40
Nederland,ElectricityLoad,Hour,14149151,14149151,0,0,16/04/2025 13:00,16/04/2025 14:00,16/08/2025 06:40
Nederland,ElectricityLoad,Hour,14286848,14286848,0,0,16/04/2025 14:00,16/04/2025 15:00,16/08/2025 06:40
Nederland,ElectricityLoad,Hour,12959662,12959662,0,0,16/04/2025 15:00,16/04/2025 16:00,16/08/2025 06:40
Nederland,ElectricityLoad,Hour,12140614,12140614,0,0,16/04/2025 16:00,16/04/2025 17:00,16/08/2025 06:40
Nederland,ElectricityLoad,Hour,11297332,11297332,0,0,16/04/2025 17:00,16/04/2025 18:00,16/08/2025 06:40
Nederland,ElectricityLoad,Hour,10695383,10695383,0,0,16/04/2025 18:00,16/04/2025 19:00,16/08/2025 06:40
Nederland,ElectricityLoad,Hour,10243515,10243515,0,0,16/04/2025 19:00,16/04/2025 20:00,16/08/2025 06:40
Nederland,ElectricityLoad,Hour,9616189,9616189,0,0,16/04/2025 20:00,16/04/2025 21:00,16/08/2025 06:40
Nederland,ElectricityLoad,Hour,9134429,9134429,0,0,16/04/2025 21:00,16/04/2025 22:00,16/08/2025 06:40
Nederland,ElectricityLoad,Hour,8835972,8835972,0,0,16/04/2025 22:00,16/04/2025 23:00,16/08/2025 06:40
Nederland,ElectricityLoad,Hour,8505025,8505025,0,0,16/04/2025 23:00,17/04/2025 00:00,16/08/2025 06:40
Nederland,ElectricityLoad,Hour,8230312,8230312,0,0,17/04/2025 00:00,17/04/2025 01:00,17/08/2025 06:40
Nederland,ElectricityLoad,Hour,8117854,8117854,0,0,17/04/2025 01:00,17/04/2025 02:00,17/08/2025 06:40
Nederland,ElectricityLoad,Hour,8041676,8041676,0,0,17/04/2025 02:00,17/04/2025 03:00,17/08/2025 06:40
Nederland,ElectricityLoad,Hour,8301498,8301498,0,0,17/04/2025 03:00,17/04/2025 04:00,17/08/2025 06:40
Nederland,ElectricityLoad,Hour,9045324,9045324,0,0,17/04/2025 04:00,17/04/2025 05:00,17/08/2025 06:40
Nederland,ElectricityLoad,Hour,10182249,10182249,0,0,17/04/2025 05:00,17/04/2025 06:00,17/08/2025 06:40
Nederland,ElectricityLoad,Hour,11063744,11063744,0,0,17/04/2025 06:00,17/04/2025 07:00,17/08/2025 06:40
Nederland,ElectricityLoad,Hour,11768577,11768577,0,0,17/04/2025 07:00,17/04/2025 08:00,17/08/2025 06:40
Nederland,ElectricityLoad,Hour,12621627,12621627,0,0,17/04/2025 08:00,17/04/2025 09:00,17/08/2025 06:40
Nederland,ElectricityLoad,Hour,13261043,13261043,0,0,17/04/2025 09:00,17/04/2025 10:00,17/08/2025 06:40
Nederland,ElectricityLoad,Hour,13985786,13985786,0,0,17/04/2025 10:00,17/04/2025 11:00,17/08/2025 06:40
Nederland,ElectricityLoad,Hour,14004044,14004044,0,0,17/04/2025 11:00,17/04/2025 12:00,17/08/2025 06:40
Nederland,ElectricityLoad,Hour,14039745,14039745,0,0,17/04/2025 12:00,17/04/2025 13:00,17/08/2025 06:40
Nederland,ElectricityLoad,Hour,13706895,13706895,0,0,17/04/2025 13:00,17/04/2025 14:00,17/08/2025 06:40
Nederland,ElectricityLoad,Hour,13097228,13097228,0,0,17/04/2025 14:00,17/04/2025 15:00,17/08/2025 06:40
Nederland,ElectricityLoad,Hour,13380074,13380074,0,0,17/04/2025 15:00,17/04/2025 16:00,17/08/2025 06:40
Nederland,ElectricityLoad,Hour,12289367,12289367,0,0,17/04/2025 16:00,17/04/2025 17:00,17/08/2025 06:40
Nederland,ElectricityLoad,Hour,11204954,11204954,0,0,17/04/2025 17:00,17/04/2025 18:00,17/08/2025 06:40
Nederland,ElectricityLoad,Hour,10575114,10575114,0,0,17/04/2025 18:00,17/04/2025 19:00,17/08/2025 06:40
Nederland,ElectricityLoad,Hour,10096992,10096992,0,0,17/04/2025 19:00,17/04/2025 20:00,17/08/2025 06:40
Nederland,ElectricityLoad,Hour,9730400,9730400,0,0,17/04/2025 20:00,17/04/2025 21:00,17/08/2025 06:40
Nederland,ElectricityLoad,Hour,8977255,8977255,0,0,17/04/2025 21:00,17/04/2025 22:00,17/08/2025 06:40
Nederland,ElectricityLoad,Hour,8674465,8674465,0,0,17/04/2025 22:00,17/04/2025 23:00,17/08/2025 06:40
Nederland,ElectricityLoad,Hour,8393931,8393931,0,0,17/04/2025 23:00,18/04/2025 00:00,17/08/2025 06:40
Nederland,ElectricityLoad,Hour,8157808,8157808,0,0,18/04/2025 00:00,18/04/2025 01:00,18/08/2025 06:40
Nederland,ElectricityLoad,Hour,8018522,8018522,0,0,18/04/2025 01:00,18/04/2025 02:00,18/08/2025 06:40
Nederland,ElectricityLoad,Hour,7853130,7853130,0,0,18/04/2025 02:00,18/04/2025 03:00,18/08/2025 06:40
Nederland,ElectricityLoad,Hour,8298037,8298037,0,0,18/04/2025 03:00,18/04/2025 04:00,18/08/2025 06:40
Nederland,ElectricityLoad,Hour,9136774,9136774,0,0,18/04/2025 04:00,18/04/2025 05:00,18/08/2025 06:40
Nederland,ElectricityLoad,Hour,10178289,10178289,0,0,18/04/2025 05:00,18/04/2025 06:00,18/08/2025 06:40
Nederland,ElectricityLoad,Hour,10978224,10978224,0,0,18/04/2025 06:00,18/04/2025 07:00,18/08/2025 06:40
Nederland,ElectricityLoad,Hour,11927885,11927885,0,0,18/04/2025 07:00,18/04/2025 08:00,18/08/2025 06:40
Nederland,ElectricityLoad,Hour,12669498,12669498,0,0,18/04/2025 08:00,18/04/2025 09:00,18/08/2025 06:40
Nederland,ElectricityLoad,Hour,13162219,13162219,0,0,18/04/2025 09:00,18/04/2025 10:00,18/08/2025 06:40
Nederland,ElectricityLoad,Hour,14454304,14454304,0,0,18/04/2025 10:00,18/04/2025 11:00,18/08/2025 06:40
Nederland,ElectricityLoad,Hour,16366401,16366401,0,0,18/04/2025 11:00,18/04/2025 12:00,18/08/2025 06:40
Nederland,ElectricityLoad,Hour,16819160,16819160,0,0,18/04/2025 12:00,18/04/2025 13:00,18/08/2025 06:40
Nederland,ElectricityLoad,Hour,16091595,16091595,0,0,18/04/2025 13:00,18/04/2025 14:00,18/08/2025 06:40
Nederland,ElectricityLoad,Hour,15515100,15515100,0,0,18/04/2025 14:00,18/04/2025 15:00,18/08/2025 06:40
Nederland,ElectricityLoad,Hour,15031784,15031784,0,0,18/04/2025 15:00,18/04/2025 16:00,18/08/2025 06:40
Nederland,ElectricityLoad,Hour,13768685,13768685,0,0,18/04/2025 16:00,18/04/2025 17:00,18/08/2025 06:40
Nederland,ElectricityLoad,Hour,11772645,11772645,0,0,18/04/2025 17:00,18/04/2025 18:00,18/08/2025 06:40
Nederland,ElectricityLoad,Hour,10221860,10221860,0,0,18/04/2025 18:00,18/04/2025 19:00,18/08/2025 06:40
Nederland,ElectricityLoad,Hour,9553551,9553551,0,0,18/04/2025 19:00,18/04/2025 20:00,18/08/2025 06:40
Nederland,ElectricityLoad,Hour,9244884,9244884,0,0,18/04/2025 20:00,18/04/2025 21:00,18/08/2025 06:40
Nederland,ElectricityLoad,Hour,8802598,8802598,0,0,18/04/2025 21:00,18/04/2025 22:00,18/08/2025 06:40
Nederland,ElectricityLoad,Hour,8088529,8088529,0,0,18/04/2025 22:00,18/04/2025 23:00,18/08/2025 06:40
Nederland,ElectricityLoad,Hour,7634764,7634764,0,0,18/04/2025 23:00,19/04/2025 00:00,18/08/2025 06:40
Nederland,ElectricityLoad,Hour,7611586,7611586,0,0,19/04/2025 00:00,19/04/2025 01:00,19/08/2025 06:39
Nederland,ElectricityLoad,Hour,7508633,7508633,0,0,19/04/2025 01:00,19/04/2025 02:00,19/08/2025 06:39
Nederland,ElectricityLoad,Hour,7365373,7365373,0,0,19/04/2025 02:00,19/04/2025 03:00,19/08/2025 06:39
Nederland,ElectricityLoad,Hour,7417767,7417767,0,0,19/04/2025 03:00,19/04/2025 04:00,19/08/2025 06:39
Nederland,ElectricityLoad,Hour,7686197,7686197,0,0,19/04/2025 04:00,19/04/2025 05:00,19/08/2025 06:39
Nederland,ElectricityLoad,Hour,8362505,8362505,0,0,19/04/2025 05:00,19/04/2025 06:00,19/08/2025 06:39
Nederland,ElectricityLoad,Hour,10173448,10173448,0,0,19/04/2025 06:00,19/04/2025 07:00,19/08/2025 06:39
Nederland,ElectricityLoad,Hour,11838183,11838183,0,0,19/04/2025 07:00,19/04/2025 08:00,19/08/2025 06:39
Nederland,ElectricityLoad,Hour,13495764,13495764,0,0,19/04/2025 08:00,19/04/2025 09:00,19/08/2025 06:39
Nederland,ElectricityLoad,Hour,14294834,14294834,0,0,19/04/2025 09:00,19/04/2025 10:00,19/08/2025 06:39
Nederland,ElectricityLoad,Hour,15538952,15538952,0,0,19/04/2025 10:00,19/04/2025 11:00,19/08/2025 06:39
Nederland,ElectricityLoad,Hour,16954957,16954957,0,0,19/04/2025 11:00,19/04/2025 12:00,19/08/2025 06:39
Nederland,ElectricityLoad,Hour,18069072,18069072,0,0,19/04/2025 12:00,19/04/2025 13:00,19/08/2025 06:39
Nederland,ElectricityLoad,Hour,17049139,17049139,0,0,19/04/2025 13:00,19/04/2025 14:00,19/08/2025 06:39
Nederland,ElectricityLoad,Hour,16067055,16067055,0,0,19/04/2025 14:00,19/04/2025 15:00,19/08/2025 06:39
Nederland,ElectricityLoad,Hour,14875177,14875177,0,0,19/04/2025 15:00,19/04/2025 16:00,19/08/2025 06:39
Nederland,ElectricityLoad,Hour,13475835,13475835,0,0,19/04/2025 16:00,19/04/2025 17:00,19/08/2025 06:39
Nederland,ElectricityLoad,Hour,11583789,11583789,0,0,19/04/2025 17:00,19/04/2025 18:00,19/08/2025 06:39
Nederland,ElectricityLoad,Hour,9797400,9797400,0,0,19/04/2025 18:00,19/04/2025 19:00,19/08/2025 06:39
Nederland,ElectricityLoad,Hour,9019359,9019359,0,0,19/04/2025 19:00,19/04/2025 20:00,19/08/2025 06:39
Nederland,ElectricityLoad,Hour,8425609,8425609,0,0,19/04/2025 20:00,19/04/2025 21:00,19/08/2025 06:39
Nederland,ElectricityLoad,Hour,7766622,7766622,0,0,19/04/2025 21:00,19/04/2025 22:00,19/08/2025 06:39
Nederland,ElectricityLoad,Hour,7568018,7568018,0,0,19/04/2025 22:00,19/04/2025 23:00,19/08/2025 06:39
Nederland,ElectricityLoad,Hour,7317853,7317853,0,0,19/04/2025 23:00,20/04/2025 00:00,19/08/2025 06:39
Nederland,ElectricityLoad,Hour,7173703,7173703,0,0,20/04/2025 00:00,20/04/2025 01:00,20/08/2025 06:39
Nederland,ElectricityLoad,Hour,7231526,7231526,0,0,20/04/2025 01:00,20/04/2025 02:00,20/08/2025 06:39
Nederland,ElectricityLoad,Hour,7136488,7136488,0,0,20/04/2025 02:00,20/04/2025 03:00,20/08/2025 06:39
Nederland,ElectricityLoad,Hour,7174591,7174591,0,0,20/04/2025 03:00,20/04/2025 04:00,20/08/2025 06:39
Nederland,ElectricityLoad,Hour,7293788,7293788,0,0,20/04/2025 04:00,20/04/2025 05:00,20/08/2025 06:39
Nederland,ElectricityLoad,Hour,7775115,7775115,0,0,20/04/2025 05:00,20/04/2025 06:00,20/08/2025 06:39
Nederland,ElectricityLoad,Hour,8782635,8782635,0,0,20/04/2025 06:00,20/04/2025 07:00,20/08/2025 06:39
Nederland,ElectricityLoad,Hour,10442847,10442847,0,0,20/04/2025 07:00,20/04/2025 08:00,20/08/2025 06:39
Nederland,ElectricityLoad,Hour,13036111,13036111,0,0,20/04/2025 08:00,20/04/2025 09:00,20/08/2025 06:39
Nederland,ElectricityLoad,Hour,14124687,14124687,0,0,20/04/2025 09:00,20/04/2025 10:00,20/08/2025 06:39
Nederland,ElectricityLoad,Hour,15217871,15217871,0,0,20/04/2025 10:00,20/04/2025 11:00,20/08/2025 06:39
Nederland,ElectricityLoad,Hour,17288485,17288485,0,0,20/04/2025 11:00,20/04/2025 12:00,20/08/2025 06:39
Nederland,ElectricityLoad,Hour,16770594,16770594,0,0,20/04/2025 12:00,20/04/2025 13:00,20/08/2025 06:39
Nederland,ElectricityLoad,Hour,15556918,15556918,0,0,20/04/2025 13:00,20/04/2025 14:00,20/08/2025 06:39
Nederland,ElectricityLoad,Hour,12607649,12607649,0,0,20/04/2025 14:00,20/04/2025 15:00,20/08/2025 06:39
Nederland,ElectricityLoad,Hour,12236764,12236764,0,0,20/04/2025 15:00,20/04/2025 16:00,20/08/2025 06:39
Nederland,ElectricityLoad,Hour,10892699,10892699,0,0,20/04/2025 16:00,20/04/2025 17:00,20/08/2025 06:39
Nederland,ElectricityLoad,Hour,9957123,9957123,0,0,20/04/2025 17:00,20/04/2025 18:00,20/08/2025 06:39
Nederland,ElectricityLoad,Hour,9119920,9119920,0,0,20/04/2025 18:00,20/04/2025 19:00,20/08/2025 06:39
Nederland,ElectricityLoad,Hour,8387656,8387656,0,0,20/04/2025 19:00,20/04/2025 20:00,20/08/2025 06:39
Nederland,ElectricityLoad,Hour,8118148,8118148,0,0,20/04/2025 20:00,20/04/2025 21:00,20/08/2025 06:39
Nederland,ElectricityLoad,Hour,7725023,7725023,0,0,20/04/2025 21:00,20/04/2025 22:00,20/08/2025 06:39
Nederland,ElectricityLoad,Hour,7558906,7558906,0,0,20/04/2025 22:00,20/04/2025 23:00,20/08/2025 06:39
Nederland,ElectricityLoad,Hour,7330670,7330670,0,0,20/04/2025 23:00,21/04/2025 00:00,20/08/2025 06:39
Nederland,ElectricityLoad,Hour,7154645,7154645,0,0,21/04/2025 00:00,21/04/2025 01:00,21/08/2025 06:39
Nederland,ElectricityLoad,Hour,7125888,7125888,0,0,21/04/2025 01:00,21/04/2025 02:00,21/08/2025 06:39
Nederland,ElectricityLoad,Hour,7145041,7145041,0,0,21/04/2025 02:00,21/04/2025 03:00,21/08/2025 06:39
Nederland,ElectricityLoad,Hour,7222451,7222451,0,0,21/04/2025 03:00,21/04/2025 04:00,21/08/2025 06:39
Nederland,ElectricityLoad,Hour,7523295,7523295,0,0,21/04/2025 04:00,21/04/2025 05:00,21/08/2025 06:39
Nederland,ElectricityLoad,Hour,7988882,7988882,0,0,21/04/2025 05:00,21/04/2025 06:00,21/08/2025 06:39
Nederland,ElectricityLoad,Hour,8706292,8706292,0,0,21/04/2025 06:00,21/04/2025 07:00,21/08/2025 06:39
Nederland,ElectricityLoad,Hour,9554886,9554886,0,0,21/04/2025 07:00,21/04/2025 08:00,21/08/2025 06:39
Nederland,ElectricityLoad,Hour,10758223,10758223,0,0,21/04/2025 08:00,21/04/2025 09:00,21/08/2025 06:39
Nederland,ElectricityLoad,Hour,12306751,12306751,0,0,21/04/2025 09:00,21/04/2025 10:00,21/08/2025 06:39
Nederland,ElectricityLoad,Hour,13230832,13230832,0,0,21/04/2025 10:00,21/04/2025 11:00,21/08/2025 06:39
Nederland,ElectricityLoad,Hour,11554783,11554783,0,0,21/04/2025 11:00,21/04/2025 12:00,21/08/2025 06:39
Nederland,ElectricityLoad,Hour,11259671,11259671,0,0,21/04/2025 12:00,21/04/2025 13:00,21/08/2025 06:39
Nederland,ElectricityLoad,Hour,10171740,10171740,0,0,21/04/2025 13:00,21/04/2025 14:00,21/08/2025 06:39
Nederland,ElectricityLoad,Hour,10318402,10318402,0,0,21/04/2025 14:00,21/04/2025 15:00,21/08/2025 06:39
Nederland,ElectricityLoad,Hour,11544996,11544996,0,0,21/04/2025 15:00,21/04/2025 16:00,21/08/2025 06:39
Nederland,ElectricityLoad,Hour,10429635,10429635,0,0,21/04/2025 16:00,21/04/2025 17:00,21/08/2025 06:39
Nederland,ElectricityLoad,Hour,9341238,9341238,0,0,21/04/2025 17:00,21/04/2025 18:00,21/08/2025 06:39
Nederland,ElectricityLoad,Hour,9203872,9203872,0,0,21/04/2025 18:00,21/04/2025 19:00,21/08/2025 06:39
Nederland,ElectricityLoad,Hour,9008882,9008882,0,0,21/04/2025 19:00,21/04/2025 20:00,21/08/2025 06:39
Nederland,ElectricityLoad,Hour,8697395,8697395,0,0,21/04/2025 20:00,21/04/2025 21:00,21/08/2025 06:39
Nederland,ElectricityLoad,Hour,8141982,8141982,0,0,21/04/2025 21:00,21/04/2025 22:00,21/08/2025 06:39
Nederland,ElectricityLoad,Hour,8077825,8077825,0,0,21/04/2025 22:00,21/04/2025 23:00,21/08/2025 06:39
Nederland,ElectricityLoad,Hour,7773249,7773249,0,0,21/04/2025 23:00,22/04/2025 00:00,21/08/2025 06:39
Nederland,ElectricityLoad,Hour,7592463,7592463,0,0,22/04/2025 00:00,22/04/2025 01:00,22/08/2025 06:39
Nederland,ElectricityLoad,Hour,7511943,7511943,0,0,22/04/2025 01:00,22/04/2025 02:00,22/08/2025 06:39
Nederland,ElectricityLoad,Hour,7599559,7599559,0,0,22/04/2025 02:00,22/04/2025 03:00,22/08/2025 06:39
Nederland,ElectricityLoad,Hour,7887402,7887402,0,0,22/04/2025 03:00,22/04/2025 04:00,22/08/2025 06:39
Nederland,ElectricityLoad,Hour,8607798,8607798,0,0,22/04/2025 04:00,22/04/2025 05:00,22/08/2025 06:39
Nederland,ElectricityLoad,Hour,9919933,9919933,0,0,22/04/2025 05:00,22/04/2025 06:00,22/08/2025 06:39
Nederland,ElectricityLoad,Hour,11327070,11327070,0,0,22/04/2025 06:00,22/04/2025 07:00,22/08/2025 06:39
Nederland,ElectricityLoad,Hour,12377873,12377873,0,0,22/04/2025 07:00,22/04/2025 08:00,22/08/2025 06:39
Nederland,ElectricityLoad,Hour,13546898,13546898,0,0,22/04/2025 08:00,22/04/2025 09:00,22/08/2025 06:39
Nederland,ElectricityLoad,Hour,14598635,14598635,0,0,22/04/2025 09:00,22/04/2025 10:00,22/08/2025 06:39
Nederland,ElectricityLoad,Hour,16294921,16294921,0,0,22/04/2025 10:00,22/04/2025 11:00,22/08/2025 06:39
Nederland,ElectricityLoad,Hour,16812698,16812698,0,0,22/04/2025 11:00,22/04/2025 12:00,22/08/2025 06:39
Nederland,ElectricityLoad,Hour,17981786,17981786,0,0,22/04/2025 12:00,22/04/2025 13:00,22/08/2025 06:39
Nederland,ElectricityLoad,Hour,17152759,17152759,0,0,22/04/2025 13:00,22/04/2025 14:00,22/08/2025 06:39
Nederland,ElectricityLoad,Hour,15987099,15987099,0,0,22/04/2025 14:00,22/04/2025 15:00,22/08/2025 06:39
Nederland,ElectricityLoad,Hour,15355703,15355703,0,0,22/04/2025 15:00,22/04/2025 16:00,22/08/2025 06:39
Nederland,ElectricityLoad,Hour,13109676,13109676,0,0,22/04/2025 16:00,22/04/2025 17:00,22/08/2025 06:39
Nederland,ElectricityLoad,Hour,11362219,11362219,0,0,22/04/2025 17:00,22/04/2025 18:00,22/08/2025 06:39
Nederland,ElectricityLoad,Hour,10099984,10099984,0,0,22/04/2025 18:00,22/04/2025 19:00,22/08/2025 06:39
Nederland,ElectricityLoad,Hour,9863961,9863961,0,0,22/04/2025 19:00,22/04/2025 20:00,22/08/2025 06:39
Nederland,ElectricityLoad,Hour,9422794,9422794,0,0,22/04/2025 20:00,22/04/2025 21:00,22/08/2025 06:39
Nederland,ElectricityLoad,Hour,8946492,8946492,0,0,22/04/2025 21:00,22/04/2025 22:00,22/08/2025 06:39
Nederland,ElectricityLoad,Hour,8778981,8778981,0,0,22/04/2025 22:00,22/04/2025 23:00,22/08/2025 06:39
Nederland,ElectricityLoad,Hour,8443734,8443734,0,0,22/04/2025 23:00,23/04/2025 00:00,22/08/2025 06:39
Nederland,ElectricityLoad,Hour,8348971,8348971,0,0,23/04/2025 00:00,23/04/2025 01:00,23/08/2025 06:39
Nederland,ElectricityLoad,Hour,8273317,8273317,0,0,23/04/2025 01:00,23/04/2025 02:00,23/08/2025 06:39
Nederland,ElectricityLoad,Hour,8224442,8224442,0,0,23/04/2025 02:00,23/04/2025 03:00,23/08/2025 06:39
Nederland,ElectricityLoad,Hour,8401276,8401276,0,0,23/04/2025 03:00,23/04/2025 04:00,23/08/2025 06:39
Nederland,ElectricityLoad,Hour,8845331,8845331,0,0,23/04/2025 04:00,23/04/2025 05:00,23/08/2025 06:39
Nederland,ElectricityLoad,Hour,9904734,9904734,0,0,23/04/2025 05:00,23/04/2025 06:00,23/08/2025 06:39
Nederland,ElectricityLoad,Hour,11353234,11353234,0,0,23/04/2025 06:00,23/04/2025 07:00,23/08/2025 06:39
Nederland,ElectricityLoad,Hour,11000417,11000417,0,0,23/04/2025 07:00,23/04/2025 08:00,23/08/2025 06:39
Nederland,ElectricityLoad,Hour,14151109,14151109,0,0,23/04/2025 08:00,23/04/2025 09:00,23/08/2025 06:39
Nederland,ElectricityLoad,Hour,14530236,14530236,0,0,23/04/2025 09:00,23/04/2025 10:00,23/08/2025 06:39
Nederland,ElectricityLoad,Hour,14757575,14757575,0,0,23/04/2025 10:00,23/04/2025 11:00,23/08/2025 06:39
Nederland,ElectricityLoad,Hour,14539423,14539423,0,0,23/04/2025 11:00,23/04/2025 12:00,23/08/2025 06:39
Nederland,ElectricityLoad,Hour,14636259,14636259,0,0,23/04/2025 12:00,23/04/2025 13:00,23/08/2025 06:39
Nederland,ElectricityLoad,Hour,14981987,14981987,0,0,23/04/2025 13:00,23/04/2025 14:00,23/08/2025 06:39
Nederland,ElectricityLoad,Hour,14143364,14143364,0,0,23/04/2025 14:00,23/04/2025 15:00,23/08/2025 06:39
Nederland,ElectricityLoad,Hour,14305669,14305669,0,0,23/04/2025 15:00,23/04/2025 16:00,23/08/2025 06:39
Nederland,ElectricityLoad,Hour,12965001,12965001,0,0,23/04/2025 16:00,23/04/2025 17:00,23/08/2025 06:39
Nederland,ElectricityLoad,Hour,12102007,12102007,0,0,23/04/2025 17:00,23/04/2025 18:00,23/08/2025 06:39
Nederland,ElectricityLoad,Hour,11340416,11340416,0,0,23/04/2025 18:00,23/04/2025 19:00,23/08/2025 06:39
Nederland,ElectricityLoad,Hour,10678536,10678536,0,0,23/04/2025 19:00,23/04/2025 20:00,23/08/2025 06:39
Nederland,ElectricityLoad,Hour,9982974,9982974,0,0,23/04/2025 20:00,23/04/2025 21:00,23/08/2025 06:39
Nederland,ElectricityLoad,Hour,9680856,9680856,0,0,23/04/2025 21:00,23/04/2025 22:00,23/08/2025 06:39
Nederland,ElectricityLoad,Hour,9210455,9210455,0,0,23/04/2025 22:00,23/04/2025 23:00,23/08/2025 06:39
Nederland,ElectricityLoad,Hour,8629563,8629563,0,0,23/04/2025 23:00,24/04/2025 00:00,23/08/2025 06:39
Nederland,ElectricityLoad,Hour,8392976,8392976,0,0,24/04/2025 00:00,24/04/2025 01:00,24/08/2025 06:39
Nederland,ElectricityLoad,Hour,8293412,8293412,0,0,24/04/2025 01:00,24/04/2025 02:00,24/08/2025 06:39
Nederland,ElectricityLoad,Hour,8533955,8533955,0,0,24/04/2025 02:00,24/04/2025 03:00,24/08/2025 06:39
Nederland,ElectricityLoad,Hour,8757343,8757343,0,0,24/04/2025 03:00,24/04/2025 04:00,24/08/2025 06:39
Nederland,ElectricityLoad,Hour,9449718,9449718,0,0,24/04/2025 04:00,24/04/2025 05:00,24/08/2025 06:39
Nederland,ElectricityLoad,Hour,10759868,10759868,0,0,24/04/2025 05:00,24/04/2025 06:00,24/08/2025 06:39
Nederland,ElectricityLoad,Hour,11851056,11851056,0,0,24/04/2025 06:00,24/04/2025 07:00,24/08/2025 06:39
Nederland,ElectricityLoad,Hour,13031968,13031968,0,0,24/04/2025 07:00,24/04/2025 08:00,24/08/2025 06:39
Nederland,ElectricityLoad,Hour,13898154,13898154,0,0,24/04/2025 08:00,24/04/2025 09:00,24/08/2025 06:39
Nederland,ElectricityLoad,Hour,14696222,14696222,0,0,24/04/2025 09:00,24/04/2025 10:00,24/08/2025 06:39
Nederland,ElectricityLoad,Hour,15093290,15093290,0,0,24/04/2025 10:00,24/04/2025 11:00,24/08/2025 06:39
Nederland,ElectricityLoad,Hour,14550984,14550984,0,0,24/04/2025 11:00,24/04/2025 12:00,24/08/2025 06:39
Nederland,ElectricityLoad,Hour,14984934,14984934,0,0,24/04/2025 12:00,24/04/2025 13:00,24/08/2025 06:39
Nederland,ElectricityLoad,Hour,15300952,15300952,0,0,24/04/2025 13:00,24/04/2025 14:00,24/08/2025 06:39
Nederland,ElectricityLoad,Hour,15165195,15165195,0,0,24/04/2025 14:00,24/04/2025 15:00,24/08/2025 06:39
Nederland,ElectricityLoad,Hour,14676484,14676484,0,0,24/04/2025 15:00,24/04/2025 16:00,24/08/2025 06:39
Nederland,ElectricityLoad,Hour,14321547,14321547,0,0,24/04/2025 16:00,24/04/2025 17:00,24/08/2025 06:39
Nederland,ElectricityLoad,Hour,12867854,12867854,0,0,24/04/2025 17:00,24/04/2025 18:00,24/08/2025 06:39
Nederland,ElectricityLoad,Hour,11721682,11721682,0,0,24/04/2025 18:00,24/04/2025 19:00,24/08/2025 06:39
Nederland,ElectricityLoad,Hour,10781654,10781654,0,0,24/04/2025 19:00,24/04/2025 20:00,24/08/2025 06:39
Nederland,ElectricityLoad,Hour,10171251,10171251,0,0,24/04/2025 20:00,24/04/2025 21:00,24/08/2025 06:39
Nederland,ElectricityLoad,Hour,9520651,9520651,0,0,24/04/2025 21:00,24/04/2025 22:00,24/08/2025 06:39
Nederland,ElectricityLoad,Hour,9240200,9240200,0,0,24/04/2025 22:00,24/04/2025 23:00,24/08/2025 06:39
Nederland,ElectricityLoad,Hour,8788810,8788810,0,0,24/04/2025 23:00,25/04/2025 00:00,24/08/2025 06:39
Nederland,ElectricityLoad,Hour,8526821,8526821,0,0,25/04/2025 00:00,25/04/2025 01:00,25/08/2025 06:39
Nederland,ElectricityLoad,Hour,8271847,8271847,0,0,25/04/2025 01:00,25/04/2025 02:00,25/08/2025 06:39
Nederland,ElectricityLoad,Hour,8454047,8454047,0,0,25/04/2025 02:00,25/04/2025 03:00,25/08/2025 06:39
Nederland,ElectricityLoad,Hour,8569718,8569718,0,0,25/04/2025 03:00,25/04/2025 04:00,25/08/2025 06:39
Nederland,ElectricityLoad,Hour,9520385,9520385,0,0,25/04/2025 04:00,25/04/2025 05:00,25/08/2025 06:39
Nederland,ElectricityLoad,Hour,10571376,10571376,0,0,25/04/2025 05:00,25/04/2025 06:00,25/08/2025 06:39
Nederland,ElectricityLoad,Hour,12167635,12167635,0,0,25/04/2025 06:00,25/04/2025 07:00,25/08/2025 06:39
Nederland,ElectricityLoad,Hour,13235940,13235940,0,0,25/04/2025 07:00,25/04/2025 08:00,25/08/2025 06:39
Nederland,ElectricityLoad,Hour,14148161,14148161,0,0,25/04/2025 08:00,25/04/2025 09:00,25/08/2025 06:39
Nederland,ElectricityLoad,Hour,14767173,14767173,0,0,25/04/2025 09:00,25/04/2025 10:00,25/08/2025 06:39
Nederland,ElectricityLoad,Hour,15594421,15594421,0,0,25/04/2025 10:00,25/04/2025 11:00,25/08/2025 06:39
Nederland,ElectricityLoad,Hour,16013934,16013934,0,0,25/04/2025 11:00,25/04/2025 12:00,25/08/2025 06:39
Nederland,ElectricityLoad,Hour,16320330,16320330,0,0,25/04/2025 12:00,25/04/2025 13:00,25/08/2025 06:39
Nederland,ElectricityLoad,Hour,15260837,15260837,0,0,25/04/2025 13:00,25/04/2025 14:00,25/08/2025 06:39
Nederland,ElectricityLoad,Hour,14854769,14854769,0,0,25/04/2025 14:00,25/04/2025 15:00,25/08/2025 06:39
Nederland,ElectricityLoad,Hour,14292288,14292288,0,0,25/04/2025 15:00,25/04/2025 16:00,25/08/2025 06:39
Nederland,ElectricityLoad,Hour,13980310,13980310,0,0,25/04/2025 16:00,25/04/2025 17:00,25/08/2025 06:39
Nederland,ElectricityLoad,Hour,12684905,12684905,0,0,25/04/2025 17:00,25/04/2025 18:00,25/08/2025 06:39
Nederland,ElectricityLoad,Hour,10677658,10677658,0,0,25/04/2025 18:00,25/04/2025 19:00,25/08/2025 06:39
Nederland,ElectricityLoad,Hour,9881800,9881800,0,0,25/04/2025 19:00,25/04/2025 20:00,25/08/2025 06:39
Nederland,ElectricityLoad,Hour,9318728,9318728,0,0,25/04/2025 20:00,25/04/2025 21:00,25/08/2025 06:39
Nederland,ElectricityLoad,Hour,8725776,8725776,0,0,25/04/2025 21:00,25/04/2025 22:00,25/08/2025 06:39
Nederland,ElectricityLoad,Hour,8315618,8315618,0,0,25/04/2025 22:00,25/04/2025 23:00,25/08/2025 06:39
Nederland,ElectricityLoad,Hour,7848629,7848629,0,0,25/04/2025 23:00,26/04/2025 00:00,25/08/2025 06:39
Nederland,ElectricityLoad,Hour,7490117,7490117,0,0,26/04/2025 00:00,26/04/2025 01:00,26/08/2025 06:39
Nederland,ElectricityLoad,Hour,7322694,7322694,0,0,26/04/2025 01:00,26/04/2025 02:00,26/08/2025 06:39
Nederland,ElectricityLoad,Hour,7142964,7142964,0,0,26/04/2025 02:00,26/04/2025 03:00,26/08/2025 06:39
Nederland,ElectricityLoad,Hour,7229667,7229667,0,0,26/04/2025 03:00,26/04/2025 04:00,26/08/2025 06:39
Nederland,ElectricityLoad,Hour,7406560,7406560,0,0,26/04/2025 04:00,26/04/2025 05:00,26/08/2025 06:39
Nederland,ElectricityLoad,Hour,8040534,8040534,0,0,26/04/2025 05:00,26/04/2025 06:00,26/08/2025 06:39
Nederland,ElectricityLoad,Hour,9167687,9167687,0,0,26/04/2025 06:00,26/04/2025 07:00,26/08/2025 06:39
Nederland,ElectricityLoad,Hour,10918166,10918166,0,0,26/04/2025 07:00,26/04/2025 08:00,26/08/2025 06:39
Nederland,ElectricityLoad,Hour,12754925,12754925,0,0,26/04/2025 08:00,26/04/2025 09:00,26/08/2025 06:39
Nederland,ElectricityLoad,Hour,15451654,15451654,0,0,26/04/2025 09:00,26/04/2025 10:00,26/08/2025 06:39
Nederland,ElectricityLoad,Hour,17489800,17489800,0,0,26/04/2025 10:00,26/04/2025 11:00,26/08/2025 06:39
Nederland,ElectricityLoad,Hour,18966114,18966114,0,0,26/04/2025 11:00,26/04/2025 12:00,26/08/2025 06:39
Nederland,ElectricityLoad,Hour,18173767,18173767,0,0,26/04/2025 12:00,26/04/2025 13:00,26/08/2025 06:39
Nederland,ElectricityLoad,Hour,16751385,16751385,0,0,26/04/2025 13:00,26/04/2025 14:00,26/08/2025 06:39
Nederland,ElectricityLoad,Hour,15272453,15272453,0,0,26/04/2025 14:00,26/04/2025 15:00,26/08/2025 06:39
Nederland,ElectricityLoad,Hour,13806388,13806388,0,0,26/04/2025 15:00,26/04/2025 16:00,26/08/2025 06:39
Nederland,ElectricityLoad,Hour,11959462,11959462,0,0,26/04/2025 16:00,26/04/2025 17:00,26/08/2025 06:39
Nederland,ElectricityLoad,Hour,10051926,10051926,0,0,26/04/2025 17:00,26/04/2025 18:00,26/08/2025 06:39
Nederland,ElectricityLoad,Hour,8146307,8146307,0,0,26/04/2025 18:00,26/04/2025 19:00,26/08/2025 06:39
Nederland,ElectricityLoad,Hour,7455557,7455557,0,0,26/04/2025 19:00,26/04/2025 20:00,26/08/2025 06:39
Nederland,ElectricityLoad,Hour,7211895,7211895,0,0,26/04/2025 20:00,26/04/2025 21:00,26/08/2025 06:39
Nederland,ElectricityLoad,Hour,6766131,6766131,0,0,26/04/2025 21:00,26/04/2025 22:00,26/08/2025 06:39
Nederland,ElectricityLoad,Hour,6297417,6297417,0,0,26/04/2025 22:00,26/04/2025 23:00,26/08/2025 06:39
Nederland,ElectricityLoad,Hour,5813436,5813436,0,0,26/04/2025 23:00,27/04/2025 00:00,26/08/2025 06:39
Nederland,ElectricityLoad,Hour,5511911,5511911,0,0,27/04/2025 00:00,27/04/2025 01:00,27/08/2025 06:40
Nederland,ElectricityLoad,Hour,5448915,5448915,0,0,27/04/2025 01:00,27/04/2025 02:00,27/08/2025 06:40
Nederland,ElectricityLoad,Hour,5575073,5575073,0,0,27/04/2025 02:00,27/04/2025 03:00,27/08/2025 06:40
Nederland,ElectricityLoad,Hour,5827398,5827398,0,0,27/04/2025 03:00,27/04/2025 04:00,27/08/2025 06:40
Nederland,ElectricityLoad,Hour,6067332,6067332,0,0,27/04/2025 04:00,27/04/2025 05:00,27/08/2025 06:40
Nederland,ElectricityLoad,Hour,7045328,7045328,0,0,27/04/2025 05:00,27/04/2025 06:00,27/08/2025 06:40
Nederland,ElectricityLoad,Hour,9021219,9021219,0,0,27/04/2025 06:00,27/04/2025 07:00,27/08/2025 06:40
Nederland,ElectricityLoad,Hour,11251269,11251269,0,0,27/04/2025 07:00,27/04/2025 08:00,27/08/2025 06:40
Nederland,ElectricityLoad,Hour,14240454,14240454,0,0,27/04/2025 08:00,27/04/2025 09:00,27/08/2025 06:40
Nederland,ElectricityLoad,Hour,16710637,16710637,0,0,27/04/2025 09:00,27/04/2025 10:00,27/08/2025 06:40
Nederland,ElectricityLoad,Hour,18925258,18925258,0,0,27/04/2025 10:00,27/04/2025 11:00,27/08/2025 06:40
Nederland,ElectricityLoad,Hour,20108891,20108891,0,0,27/04/2025 11:00,27/04/2025 12:00,27/08/2025 06:40
Nederland,ElectricityLoad,Hour,19449248,19449248,0,0,27/04/2025 12:00,27/04/2025 13:00,27/08/2025 06:40
Nederland,ElectricityLoad,Hour,17708664,17708664,0,0,27/04/2025 13:00,27/04/2025 14:00,27/08/2025 06:40
Nederland,ElectricityLoad,Hour,16268419,16268419,0,0,27/04/2025 14:00,27/04/2025 15:00,27/08/2025 06:40
Nederland,ElectricityLoad,Hour,13686243,13686243,0,0,27/04/2025 15:00,27/04/2025 16:00,27/08/2025 06:40
Nederland,ElectricityLoad,Hour,11799326,11799326,0,0,27/04/2025 16:00,27/04/2025 17:00,27/08/2025 06:40
Nederland,ElectricityLoad,Hour,10171141,10171141,0,0,27/04/2025 17:00,27/04/2025 18:00,27/08/2025 06:40
Nederland,ElectricityLoad,Hour,8558003,8558003,0,0,27/04/2025 18:00,27/04/2025 19:00,27/08/2025 06:40
Nederland,ElectricityLoad,Hour,7829805,7829805,0,0,27/04/2025 19:00,27/04/2025 20:00,27/08/2025 06:40
Nederland,ElectricityLoad,Hour,7801013,7801013,0,0,27/04/2025 20:00,27/04/2025 21:00,27/08/2025 06:40
Nederland,ElectricityLoad,Hour,7470007,7470007,0,0,27/04/2025 21:00,27/04/2025 22:00,27/08/2025 06:40
Nederland,ElectricityLoad,Hour,7381919,7381919,0,0,27/04/2025 22:00,27/04/2025 23:00,27/08/2025 06:40
Nederland,ElectricityLoad,Hour,7239741,7239741,0,0,27/04/2025 23:00,28/04/2025 00:00,27/08/2025 06:40
Nederland,ElectricityLoad,Hour,7205266,7205266,0,0,28/04/2025 00:00,28/04/2025 01:00,28/08/2025 06:39
Nederland,ElectricityLoad,Hour,7333687,7333687,0,0,28/04/2025 01:00,28/04/2025 02:00,28/08/2025 06:39
Nederland,ElectricityLoad,Hour,7491338,7491338,0,0,28/04/2025 02:00,28/04/2025 03:00,28/08/2025 06:39
Nederland,ElectricityLoad,Hour,7550900,7550900,0,0,28/04/2025 03:00,28/04/2025 04:00,28/08/2025 06:39
Nederland,ElectricityLoad,Hour,7956410,7956410,0,0,28/04/2025 04:00,28/04/2025 05:00,28/08/2025 06:39
Nederland,ElectricityLoad,Hour,9544024,9544024,0,0,28/04/2025 05:00,28/04/2025 06:00,28/08/2025 06:39
Nederland,ElectricityLoad,Hour,11601580,11601580,0,0,28/04/2025 06:00,28/04/2025 07:00,28/08/2025 06:39
Nederland,ElectricityLoad,Hour,13191873,13191873,0,0,28/04/2025 07:00,28/04/2025 08:00,28/08/2025 06:39
Nederland,ElectricityLoad,Hour,15088101,15088101,0,0,28/04/2025 08:00,28/04/2025 09:00,28/08/2025 06:39
Nederland,ElectricityLoad,Hour,16578185,16578185,0,0,28/04/2025 09:00,28/04/2025 10:00,28/08/2025 06:39
Nederland,ElectricityLoad,Hour,17621130,17621130,0,0,28/04/2025 10:00,28/04/2025 11:00,28/08/2025 06:39
Nederland,ElectricityLoad,Hour,18749154,18749154,0,0,28/04/2025 11:00,28/04/2025 12:00,28/08/2025 06:39
Nederland,ElectricityLoad,Hour,18594228,18594228,0,0,28/04/2025 12:00,28/04/2025 13:00,28/08/2025 06:39
Nederland,ElectricityLoad,Hour,17695512,17695512,0,0,28/04/2025 13:00,28/04/2025 14:00,28/08/2025 06:39
Nederland,ElectricityLoad,Hour,16435321,16435321,0,0,28/04/2025 14:00,28/04/2025 15:00,28/08/2025 06:39
Nederland,ElectricityLoad,Hour,14958824,14958824,0,0,28/04/2025 15:00,28/04/2025 16:00,28/08/2025 06:39
Nederland,ElectricityLoad,Hour,13384155,13384155,0,0,28/04/2025 16:00,28/04/2025 17:00,28/08/2025 06:39
Nederland,ElectricityLoad,Hour,11730382,11730382,0,0,28/04/2025 17:00,28/04/2025 18:00,28/08/2025 06:39
Nederland,ElectricityLoad,Hour,9736027,9736027,0,0,28/04/2025 18:00,28/04/2025 19:00,28/08/2025 06:39
Nederland,ElectricityLoad,Hour,9010909,9010909,0,0,28/04/2025 19:00,28/04/2025 20:00,28/08/2025 06:39
Nederland,ElectricityLoad,Hour,8719551,8719551,0,0,28/04/2025 20:00,28/04/2025 21:00,28/08/2025 06:39
Nederland,ElectricityLoad,Hour,8386627,8386627,0,0,28/04/2025 21:00,28/04/2025 22:00,28/08/2025 06:39
Nederland,ElectricityLoad,Hour,7923997,7923997,0,0,28/04/2025 22:00,28/04/2025 23:00,28/08/2025 06:39
Nederland,ElectricityLoad,Hour,7685776,7685776,0,0,28/04/2025 23:00,29/04/2025 00:00,28/08/2025 06:39
Nederland,ElectricityLoad,Hour,7467454,7467454,0,0,29/04/2025 00:00,29/04/2025 01:00,29/08/2025 06:39
Nederland,ElectricityLoad,Hour,7403603,7403603,0,0,29/04/2025 01:00,29/04/2025 02:00,29/08/2025 06:39
Nederland,ElectricityLoad,Hour,7335092,7335092,0,0,29/04/2025 02:00,29/04/2025 03:00,29/08/2025 06:39
Nederland,ElectricityLoad,Hour,7520655,7520655,0,0,29/04/2025 03:00,29/04/2025 04:00,29/08/2025 06:39
Nederland,ElectricityLoad,Hour,7942511,7942511,0,0,29/04/2025 04:00,29/04/2025 05:00,29/08/2025 06:39
Nederland,ElectricityLoad,Hour,9282177,9282177,0,0,29/04/2025 05:00,29/04/2025 06:00,29/08/2025 06:39
Nederland,ElectricityLoad,Hour,11259462,11259462,0,0,29/04/2025 06:00,29/04/2025 07:00,29/08/2025 06:39
Nederland,ElectricityLoad,Hour,13342149,13342149,0,0,29/04/2025 07:00,29/04/2025 08:00,29/08/2025 06:39
Nederland,ElectricityLoad,Hour,15142822,15142822,0,0,29/04/2025 08:00,29/04/2025 09:00,29/08/2025 06:39
Nederland,ElectricityLoad,Hour,16875852,16875852,0,0,29/04/2025 09:00,29/04/2025 10:00,29/08/2025 06:39
Nederland,ElectricityLoad,Hour,17826171,17826171,0,0,29/04/2025 10:00,29/04/2025 11:00,29/08/2025 06:39
Nederland,ElectricityLoad,Hour,18438795,18438795,0,0,29/04/2025 11:00,29/04/2025 12:00,29/08/2025 06:39
Nederland,ElectricityLoad,Hour,18382904,18382904,0,0,29/04/2025 12:00,29/04/2025 13:00,29/08/2025 06:39
Nederland,ElectricityLoad,Hour,17761721,17761721,0,0,29/04/2025 13:00,29/04/2025 14:00,29/08/2025 06:39
Nederland,ElectricityLoad,Hour,16590142,16590142,0,0,29/04/2025 14:00,29/04/2025 15:00,29/08/2025 06:39
Nederland,ElectricityLoad,Hour,15448361,15448361,0,0,29/04/2025 15:00,29/04/2025 16:00,29/08/2025 06:39
Nederland,ElectricityLoad,Hour,14079390,14079390,0,0,29/04/2025 16:00,29/04/2025 17:00,29/08/2025 06:39
Nederland,ElectricityLoad,Hour,12049801,12049801,0,0,29/04/2025 17:00,29/04/2025 18:00,29/08/2025 06:39
Nederland,ElectricityLoad,Hour,9782280,9782280,0,0,29/04/2025 18:00,29/04/2025 19:00,29/08/2025 06:39
Nederland,ElectricityLoad,Hour,8882835,8882835,0,0,29/04/2025 19:00,29/04/2025 20:00,29/08/2025 06:39
Nederland,ElectricityLoad,Hour,8725814,8725814,0,0,29/04/2025 20:00,29/04/2025 21:00,29/08/2025 06:39
Nederland,ElectricityLoad,Hour,8427170,8427170,0,0,29/04/2025 21:00,29/04/2025 22:00,29/08/2025 06:39
Nederland,ElectricityLoad,Hour,8024328,8024328,0,0,29/04/2025 22:00,29/04/2025 23:00,29/08/2025 06:39
Nederland,ElectricityLoad,Hour,7611003,7611003,0,0,29/04/2025 23:00,30/04/2025 00:00,29/08/2025 06:39
Nederland,ElectricityLoad,Hour,7350663,7350663,0,0,30/04/2025 00:00,30/04/2025 01:00,30/08/2025 06:39
Nederland,ElectricityLoad,Hour,7191051,7191051,0,0,30/04/2025 01:00,30/04/2025 02:00,30/08/2025 06:39
Nederland,ElectricityLoad,Hour,7191478,7191478,0,0,30/04/2025 02:00,30/04/2025 03:00,30/08/2025 06:39
Nederland,ElectricityLoad,Hour,7371007,7371007,0,0,30/04/2025 03:00,30/04/2025 04:00,30/08/2025 06:39
Nederland,ElectricityLoad,Hour,7766568,7766568,0,0,30/04/2025 04:00,30/04/2025 05:00,30/08/2025 06:39
Nederland,ElectricityLoad,Hour,9203973,9203973,0,0,30/04/2025 05:00,30/04/2025 06:00,30/08/2025 06:39
Nederland,ElectricityLoad,Hour,11433205,11433205,0,0,30/04/2025 06:00,30/04/2025 07:00,30/08/2025 06:39
Nederland,ElectricityLoad,Hour,12984448,12984448,0,0,30/04/2025 07:00,30/04/2025 08:00,30/08/2025 06:39
Nederland,ElectricityLoad,Hour,14820600,14820600,0,0,30/04/2025 08:00,30/04/2025 09:00,30/08/2025 06:39
Nederland,ElectricityLoad,Hour,16897389,16897389,0,0,30/04/2025 09:00,30/04/2025 10:00,30/08/2025 06:39
Nederland,ElectricityLoad,Hour,18157208,18157208,0,0,30/04/2025 10:00,30/04/2025 11:00,30/08/2025 06:39
Nederland,ElectricityLoad,Hour,19207469,19207469,0,0,30/04/2025 11:00,30/04/2025 12:00,30/08/2025 06:39
Nederland,ElectricityLoad,Hour,18844762,18844762,0,0,30/04/2025 12:00,30/04/2025 13:00,30/08/2025 06:39
Nederland,ElectricityLoad,Hour,18243096,18243096,0,0,30/04/2025 13:00,30/04/2025 14:00,30/08/2025 06:39
Nederland,ElectricityLoad,Hour,17010575,17010575,0,0,30/04/2025 14:00,30/04/2025 15:00,30/08/2025 06:39
Nederland,ElectricityLoad,Hour,15689431,15689431,0,0,30/04/2025 15:00,30/04/2025 16:00,30/08/2025 06:39
Nederland,ElectricityLoad,Hour,14297832,14297832,0,0,30/04/2025 16:00,30/04/2025 17:00,30/08/2025 06:39
Nederland,ElectricityLoad,Hour,12440503,12440503,0,0,30/04/2025 17:00,30/04/2025 18:00,30/08/2025 06:39
Nederland,ElectricityLoad,Hour,10451310,10451310,0,0,30/04/2025 18:00,30/04/2025 19:00,30/08/2025 06:39
Nederland,ElectricityLoad,Hour,9285428,9285428,0,0,30/04/2025 19:00,30/04/2025 20:00,30/08/2025 06:39
Nederland,ElectricityLoad,Hour,8925257,8925257,0,0,30/04/2025 20:00,30/04/2025 21:00,30/08/2025 06:39
Nederland,ElectricityLoad,Hour,8504118,8504118,0,0,30/04/2025 21:00,30/04/2025 22:00,30/08/2025 06:39
Nederland,ElectricityLoad,Hour,7854547,7854547,0,0,30/04/2025 22:00,30/04/2025 23:00,30/08/2025 06:39
Nederland,ElectricityLoad,Hour,7429969,7429969,0,0,30/04/2025 23:00,01/05/2025 00:00,30/08/2025 06:39
Nederland,ElectricityLoad,Hour,7440584,7440584,0,0,01/05/2025 00:00,01/05/2025 01:00,31/08/2025 06:39
Nederland,ElectricityLoad,Hour,7355258,7355258,0,0,01/05/2025 01:00,01/05/2025 02:00,31/08/2025 06:39
Nederland,ElectricityLoad,Hour,7389364,7389364,0,0,01/05/2025 02:00,01/05/2025 03:00,31/08/2025 06:39
Nederland,ElectricityLoad,Hour,7542524,7542524,0,0,01/05/2025 03:00,01/05/2025 04:00,31/08/2025 06:39
Nederland,ElectricityLoad,Hour,8016601,8016601,0,0,01/05/2025 04:00,01/05/2025 05:00,31/08/2025 06:39
Nederland,ElectricityLoad,Hour,9234043,9234043,0,0,01/05/2025 05:00,01/05/2025 06:00,31/08/2025 06:39
Nederland,ElectricityLoad,Hour,11098692,11098692,0,0,01/05/2025 06:00,01/05/2025 07:00,31/08/2025 06:39
Nederland,ElectricityLoad,Hour,13651094,13651094,0,0,01/05/2025 07:00,01/05/2025 08:00,31/08/2025 06:39
Nederland,ElectricityLoad,Hour,16436791,16436791,0,0,01/05/2025 08:00,01/05/2025 09:00,31/08/2025 06:39
Nederland,ElectricityLoad,Hour,18856750,18856750,0,0,01/05/2025 09:00,01/05/2025 10:00,31/08/2025 06:39
Nederland,ElectricityLoad,Hour,20998753,20998753,0,0,01/05/2025 10:00,01/05/2025 11:00,31/08/2025 06:39
Nederland,ElectricityLoad,Hour,22090833,22090833,0,0,01/05/2025 11:00,01/05/2025 12:00,31/08/2025 06:39
Nederland,ElectricityLoad,Hour,21975923,21975923,0,0,01/05/2025 12:00,01/05/2025 13:00,31/08/2025 06:39
Nederland,ElectricityLoad,Hour,20546968,20546968,0,0,01/05/2025 13:00,01/05/2025 14:00,31/08/2025 06:39
Nederland,ElectricityLoad,Hour,18283593,18283593,0,0,01/05/2025 14:00,01/05/2025 15:00,31/08/2025 06:39
Nederland,ElectricityLoad,Hour,15832104,15832104,0,0,01/05/2025 15:00,01/05/2025 16:00,31/08/2025 06:39
Nederland,ElectricityLoad,Hour,13414267,13414267,0,0,01/05/2025 16:00,01/05/2025 17:00,31/08/2025 06:39
Nederland,ElectricityLoad,Hour,11778452,11778452,0,0,01/05/2025 17:00,01/05/2025 18:00,31/08/2025 06:39
Nederland,ElectricityLoad,Hour,9988029,9988029,0,0,01/05/2025 18:00,01/05/2025 19:00,31/08/2025 06:39
Nederland,ElectricityLoad,Hour,9629286,9629286,0,0,01/05/2025 19:00,01/05/2025 20:00,31/08/2025 06:39
Nederland,ElectricityLoad,Hour,9443203,9443203,0,0,01/05/2025 20:00,01/05/2025 21:00,31/08/2025 06:39
Nederland,ElectricityLoad,Hour,9212914,9212914,0,0,01/05/2025 21:00,01/05/2025 22:00,31/08/2025 06:39
Nederland,ElectricityLoad,Hour,8585805,8585805,0,0,01/05/2025 22:00,01/05/2025 23:00,31/08/2025 06:39
Nederland,ElectricityLoad,Hour,8105541,8105541,0,0,01/05/2025 23:00,02/05/2025 00:00,31/08/2025 06:39
Nederland,ElectricityLoad,Hour,7795112,7795112,0,0,02/05/2025 00:00,02/05/2025 01:00,01/09/2025 06:39
Nederland,ElectricityLoad,Hour,7692062,7692062,0,0,02/05/2025 01:00,02/05/2025 02:00,01/09/2025 06:39
Nederland,ElectricityLoad,Hour,7620084,7620084,0,0,02/05/2025 02:00,02/05/2025 03:00,01/09/2025 06:39
Nederland,ElectricityLoad,Hour,7693128,7693128,0,0,02/05/2025 03:00,02/05/2025 04:00,01/09/2025 06:39
Nederland,ElectricityLoad,Hour,7976670,7976670,0,0,02/05/2025 04:00,02/05/2025 05:00,01/09/2025 06:39
Nederland,ElectricityLoad,Hour,8865021,8865021,0,0,02/05/2025 05:00,02/05/2025 06:00,01/09/2025 06:39
Nederland,ElectricityLoad,Hour,10749727,10749727,0,0,02/05/2025 06:00,02/05/2025 07:00,01/09/2025 06:39
Nederland,ElectricityLoad,Hour,12210272,12210272,0,0,02/05/2025 07:00,02/05/2025 08:00,01/09/2025 06:39
Nederland,ElectricityLoad,Hour,14247849,14247849,0,0,02/05/2025 08:00,02/05/2025 09:00,01/09/2025 06:39
Nederland,ElectricityLoad,Hour,15460208,15460208,0,0,02/05/2025 09:00,02/05/2025 10:00,01/09/2025 06:39
Nederland,ElectricityLoad,Hour,14501140,14501140,0,0,02/05/2025 10:00,02/05/2025 11:00,01/09/2025 06:39
Nederland,ElectricityLoad,Hour,15478729,15478729,0,0,02/05/2025 11:00,02/05/2025 12:00,01/09/2025 06:39
Nederland,ElectricityLoad,Hour,18398437,18398437,0,0,02/05/2025 12:00,02/05/2025 13:00,01/09/2025 06:39
Nederland,ElectricityLoad,Hour,18890510,18890510,0,0,02/05/2025 13:00,02/05/2025 14:00,01/09/2025 06:39
Nederland,ElectricityLoad,Hour,17467792,17467792,0,0,02/05/2025 14:00,02/05/2025 15:00,01/09/2025 06:39
Nederland,ElectricityLoad,Hour,16150843,16150843,0,0,02/05/2025 15:00,02/05/2025 16:00,01/09/2025 06:39
Nederland,ElectricityLoad,Hour,14624588,14624588,0,0,02/05/2025 16:00,02/05/2025 17:00,01/09/2025 06:39
Nederland,ElectricityLoad,Hour,12710057,12710057,0,0,02/05/2025 17:00,02/05/2025 18:00,01/09/2025 06:39
Nederland,ElectricityLoad,Hour,10313015,10313015,0,0,02/05/2025 18:00,02/05/2025 19:00,01/09/2025 06:39
Nederland,ElectricityLoad,Hour,9001361,9001361,0,0,02/05/2025 19:00,02/05/2025 20:00,01/09/2025 06:39
Nederland,ElectricityLoad,Hour,8867902,8867902,0,0,02/05/2025 20:00,02/05/2025 21:00,01/09/2025 06:39
Nederland,ElectricityLoad,Hour,8425074,8425074,0,0,02/05/2025 21:00,02/05/2025 22:00,01/09/2025 06:39
Nederland,ElectricityLoad,Hour,7883831,7883831,0,0,02/05/2025 22:00,02/05/2025 23:00,01/09/2025 06:39
Nederland,ElectricityLoad,Hour,7468008,7468008,0,0,02/05/2025 23:00,03/05/2025 00:00,01/09/2025 06:39
Nederland,ElectricityLoad,Hour,7148014,7148014,0,0,03/05/2025 00:00,03/05/2025 01:00,02/09/2025 06:39
Nederland,ElectricityLoad,Hour,7010062,7010062,0,0,03/05/2025 01:00,03/05/2025 02:00,02/09/2025 06:39
Nederland,ElectricityLoad,Hour,6888363,6888363,0,0,03/05/2025 02:00,03/05/2025 03:00,02/09/2025 06:39
Nederland,ElectricityLoad,Hour,6804004,6804004,0,0,03/05/2025 03:00,03/05/2025 04:00,02/09/2025 06:39
Nederland,ElectricityLoad,Hour,6858950,6858950,0,0,03/05/2025 04:00,03/05/2025 05:00,02/09/2025 06:39
Nederland,ElectricityLoad,Hour,7720557,7720557,0,0,03/05/2025 05:00,03/05/2025 06:00,02/09/2025 06:39
Nederland,ElectricityLoad,Hour,9356081,9356081,0,0,03/05/2025 06:00,03/05/2025 07:00,02/09/2025 06:39
Nederland,ElectricityLoad,Hour,11053675,11053675,0,0,03/05/2025 07:00,03/05/2025 08:00,02/09/2025 06:39
Nederland,ElectricityLoad,Hour,12734745,12734745,0,0,03/05/2025 08:00,03/05/2025 09:00,02/09/2025 06:39
Nederland,ElectricityLoad,Hour,15430524,15430524,0,0,03/05/2025 09:00,03/05/2025 10:00,02/09/2025 06:39
Nederland,ElectricityLoad,Hour,15610590,15610590,0,0,03/05/2025 10:00,03/05/2025 11:00,02/09/2025 06:39
Nederland,ElectricityLoad,Hour,16206325,16206325,0,0,03/05/2025 11:00,03/05/2025 12:00,02/09/2025 06:39
Nederland,ElectricityLoad,Hour,16976829,16976829,0,0,03/05/2025 12:00,03/05/2025 13:00,02/09/2025 06:39
Nederland,ElectricityLoad,Hour,14271692,14271692,0,0,03/05/2025 13:00,03/05/2025 14:00,02/09/2025 06:39
Nederland,ElectricityLoad,Hour,13277377,13277377,0,0,03/05/2025 14:00,03/05/2025 15:00,02/09/2025 06:39
Nederland,ElectricityLoad,Hour,13743233,13743233,0,0,03/05/2025 15:00,03/05/2025 16:00,02/09/2025 06:39
Nederland,ElectricityLoad,Hour,12749482,12749482,0,0,03/05/2025 16:00,03/05/2025 17:00,02/09/2025 06:39
Nederland,ElectricityLoad,Hour,11152480,11152480,0,0,03/05/2025 17:00,03/05/2025 18:00,02/09/2025 06:39
Nederland,ElectricityLoad,Hour,9983984,9983984,0,0,03/05/2025 18:00,03/05/2025 19:00,02/09/2025 06:39
Nederland,ElectricityLoad,Hour,8903738,8903738,0,0,03/05/2025 19:00,03/05/2025 20:00,02/09/2025 06:39
Nederland,ElectricityLoad,Hour,8272919,8272919,0,0,03/05/2025 20:00,03/05/2025 21:00,02/09/2025 06:39
Nederland,ElectricityLoad,Hour,8023961,8023961,0,0,03/05/2025 21:00,03/05/2025 22:00,02/09/2025 06:39
Nederland,ElectricityLoad,Hour,7597649,7597649,0,0,03/05/2025 22:00,03/05/2025 23:00,02/09/2025 06:39
Nederland,ElectricityLoad,Hour,7176270,7176270,0,0,03/05/2025 23:00,04/05/2025 00:00,02/09/2025 06:39
Nederland,ElectricityLoad,Hour,6823773,6823773,0,0,04/05/2025 00:00,04/05/2025 01:00,03/09/2025 06:39
Nederland,ElectricityLoad,Hour,7045633,7045633,0,0,04/05/2025 01:00,04/05/2025 02:00,03/09/2025 06:39
Nederland,ElectricityLoad,Hour,6964858,6964858,0,0,04/05/2025 02:00,04/05/2025 03:00,03/09/2025 06:39
Nederland,ElectricityLoad,Hour,7471267,7471267,0,0,04/05/2025 03:00,04/05/2025 04:00,03/09/2025 06:39
Nederland,ElectricityLoad,Hour,7451894,7451894,0,0,04/05/2025 04:00,04/05/2025 05:00,03/09/2025 06:39
Nederland,ElectricityLoad,Hour,7464854,7464854,0,0,04/05/2025 05:00,04/05/2025 06:00,03/09/2025 06:39
Nederland,ElectricityLoad,Hour,9409201,9409201,0,0,04/05/2025 06:00,04/05/2025 07:00,03/09/2025 06:39
Nederland,ElectricityLoad,Hour,11812178,11812178,0,0,04/05/2025 07:00,04/05/2025 08:00,03/09/2025 06:39
Nederland,ElectricityLoad,Hour,12802466,12802466,0,0,04/05/2025 08:00,04/05/2025 09:00,03/09/2025 06:39
Nederland,ElectricityLoad,Hour,15599594,15599594,0,0,04/05/2025 09:00,04/05/2025 10:00,03/09/2025 06:39
Nederland,ElectricityLoad,Hour,16642507,16642507,0,0,04/05/2025 10:00,04/05/2025 11:00,03/09/2025 06:39
Nederland,ElectricityLoad,Hour,18470316,18470316,0,0,04/05/2025 11:00,04/05/2025 12:00,03/09/2025 06:39
Nederland,ElectricityLoad,Hour,15952381,15952381,0,0,04/05/2025 12:00,04/05/2025 13:00,03/09/2025 06:39
Nederland,ElectricityLoad,Hour,16848595,16848595,0,0,04/05/2025 13:00,04/05/2025 14:00,03/09/2025 06:39
Nederland,ElectricityLoad,Hour,16440825,16440825,0,0,04/05/2025 14:00,04/05/2025 15:00,03/09/2025 06:39
Nederland,ElectricityLoad,Hour,14191673,14191673,0,0,04/05/2025 15:00,04/05/2025 16:00,03/09/2025 06:39
Nederland,ElectricityLoad,Hour,12781732,12781732,0,0,04/05/2025 16:00,04/05/2025 17:00,03/09/2025 06:39
Nederland,ElectricityLoad,Hour,11332475,11332475,0,0,04/05/2025 17:00,04/05/2025 18:00,03/09/2025 06:39
Nederland,ElectricityLoad,Hour,9422573,9422573,0,0,04/05/2025 18:00,04/05/2025 19:00,03/09/2025 06:39
Nederland,ElectricityLoad,Hour,8175488,8175488,0,0,04/05/2025 19:00,04/05/2025 20:00,03/09/2025 06:39
Nederland,ElectricityLoad,Hour,7743501,7743501,0,0,04/05/2025 20:00,04/05/2025 21:00,03/09/2025 06:39
Nederland,ElectricityLoad,Hour,7336546,7336546,0,0,04/05/2025 21:00,04/05/2025 22:00,03/09/2025 06:39
Nederland,ElectricityLoad,Hour,7227907,7227907,0,0,04/05/2025 22:00,04/05/2025 23:00,03/09/2025 06:39
Nederland,ElectricityLoad,Hour,7118864,7118864,0,0,04/05/2025 23:00,05/05/2025 00:00,03/09/2025 06:39
Nederland,ElectricityLoad,Hour,6964132,6964132,0,0,05/05/2025 00:00,05/05/2025 01:00,04/09/2025 06:40
Nederland,ElectricityLoad,Hour,6894937,6894937,0,0,05/05/2025 01:00,05/05/2025 02:00,04/09/2025 06:40
Nederland,ElectricityLoad,Hour,6841707,6841707,0,0,05/05/2025 02:00,05/05/2025 03:00,04/09/2025 06:40
Nederland,ElectricityLoad,Hour,7146837,7146837,0,0,05/05/2025 03:00,05/05/2025 04:00,04/09/2025 06:40
Nederland,ElectricityLoad,Hour,6902253,6902253,0,0,05/05/2025 04:00,05/05/2025 05:00,04/09/2025 06:40
Nederland,ElectricityLoad,Hour,7588476,7588476,0,0,05/05/2025 05:00,05/05/2025 06:00,04/09/2025 06:40
Nederland,ElectricityLoad,Hour,9390414,9390414,0,0,05/05/2025 06:00,05/05/2025 07:00,04/09/2025 06:40
Nederland,ElectricityLoad,Hour,13409475,13409475,0,0,05/05/2025 07:00,05/05/2025 08:00,04/09/2025 06:40
Nederland,ElectricityLoad,Hour,16022556,16022556,0,0,05/05/2025 08:00,05/05/2025 09:00,04/09/2025 06:40
Nederland,ElectricityLoad,Hour,16859376,16859376,0,0,05/05/2025 09:00,05/05/2025 10:00,04/09/2025 06:40
Nederland,ElectricityLoad,Hour,18061395,18061395,0,0,05/05/2025 10:00,05/05/2025 11:00,04/09/2025 06:40
Nederland,ElectricityLoad,Hour,18373391,18373391,0,0,05/05/2025 11:00,05/05/2025 12:00,04/09/2025 06:40
Nederland,ElectricityLoad,Hour,17383793,17383793,0,0,05/05/2025 12:00,05/05/2025 13:00,04/09/2025 06:40
Nederland,ElectricityLoad,Hour,17274590,17274590,0,0,05/05/2025 13:00,05/05/2025 14:00,04/09/2025 06:40
Nederland,ElectricityLoad,Hour,16055420,16055420,0,0,05/05/2025 14:00,05/05/2025 15:00,04/09/2025 06:40
Nederland,ElectricityLoad,Hour,14903773,14903773,0,0,05/05/2025 15:00,05/05/2025 16:00,04/09/2025 06:40
Nederland,ElectricityLoad,Hour,13738674,13738674,0,0,05/05/2025 16:00,05/05/2025 17:00,04/09/2025 06:40
Nederland,ElectricityLoad,Hour,11879923,11879923,0,0,05/05/2025 17:00,05/05/2025 18:00,04/09/2025 06:40
Nederland,ElectricityLoad,Hour,10922152,10922152,0,0,05/05/2025 18:00,05/05/2025 19:00,04/09/2025 06:40
Nederland,ElectricityLoad,Hour,9363166,9363166,0,0,05/05/2025 19:00,05/05/2025 20:00,04/09/2025 06:40
Nederland,ElectricityLoad,Hour,8283182,8283182,0,0,05/05/2025 20:00,05/05/2025 21:00,04/09/2025 06:40
Nederland,ElectricityLoad,Hour,7571416,7571416,0,0,05/05/2025 21:00,05/05/2025 22:00,04/09/2025 06:40
Nederland,ElectricityLoad,Hour,7478762,7478762,0,0,05/05/2025 22:00,05/05/2025 23:00,04/09/2025 06:40
Nederland,ElectricityLoad,Hour,7098316,7098316,0,0,05/05/2025 23:00,06/05/2025 00:00,04/09/2025 06:40
Nederland,ElectricityLoad,Hour,6881987,6881987,0,0,06/05/2025 00:00,06/05/2025 01:00,05/09/2025 06:39
Nederland,ElectricityLoad,Hour,6874036,6874036,0,0,06/05/2025 01:00,06/05/2025 02:00,05/09/2025 06:39
Nederland,ElectricityLoad,Hour,7022340,7022340,0,0,06/05/2025 02:00,06/05/2025 03:00,05/09/2025 06:39
Nederland,ElectricityLoad,Hour,6980753,6980753,0,0,06/05/2025 03:00,06/05/2025 04:00,05/09/2025 06:39
Nederland,ElectricityLoad,Hour,7891684,7891684,0,0,06/05/2025 04:00,06/05/2025 05:00,05/09/2025 06:39
Nederland,ElectricityLoad,Hour,9843341,9843341,0,0,06/05/2025 05:00,06/05/2025 06:00,05/09/2025 06:39
Nederland,ElectricityLoad,Hour,12042583,12042583,0,0,06/05/2025 06:00,06/05/2025 07:00,05/09/2025 06:39
Nederland,ElectricityLoad,Hour,15006398,15006398,0,0,06/05/2025 07:00,06/05/2025 08:00,05/09/2025 06:39
Nederland,ElectricityLoad,Hour,15881830,15881830,0,0,06/05/2025 08:00,06/05/2025 09:00,05/09/2025 06:39
Nederland,ElectricityLoad,Hour,17158241,17158241,0,0,06/05/2025 09:00,06/05/2025 10:00,05/09/2025 06:39
Nederland,ElectricityLoad,Hour,17664028,17664028,0,0,06/05/2025 10:00,06/05/2025 11:00,05/09/2025 06:39
Nederland,ElectricityLoad,Hour,17699601,17699601,0,0,06/05/2025 11:00,06/05/2025 12:00,05/09/2025 06:39
Nederland,ElectricityLoad,Hour,18087621,18087621,0,0,06/05/2025 12:00,06/05/2025 13:00,05/09/2025 06:39
Nederland,ElectricityLoad,Hour,16914256,16914256,0,0,06/05/2025 13:00,06/05/2025 14:00,05/09/2025 06:39
Nederland,ElectricityLoad,Hour,15499375,15499375,0,0,06/05/2025 14:00,06/05/2025 15:00,05/09/2025 06:39
Nederland,ElectricityLoad,Hour,14858186,14858186,0,0,06/05/2025 15:00,06/05/2025 16:00,05/09/2025 06:39
Nederland,ElectricityLoad,Hour,13734981,13734981,0,0,06/05/2025 16:00,06/05/2025 17:00,05/09/2025 06:39
Nederland,ElectricityLoad,Hour,12837104,12837104,0,0,06/05/2025 17:00,06/05/2025 18:00,05/09/2025 06:39
Nederland,ElectricityLoad,Hour,11957857,11957857,0,0,06/05/2025 18:00,06/05/2025 19:00,05/09/2025 06:39
Nederland,ElectricityLoad,Hour,10909457,10909457,0,0,06/05/2025 19:00,06/05/2025 20:00,05/09/2025 06:39
Nederland,ElectricityLoad,Hour,9912528,9912528,0,0,06/05/2025 20:00,06/05/2025 21:00,05/09/2025 06:39
Nederland,ElectricityLoad,Hour,9344979,9344979,0,0,06/05/2025 21:00,06/05/2025 22:00,05/09/2025 06:39
Nederland,ElectricityLoad,Hour,8863675,8863675,0,0,06/05/2025 22:00,06/05/2025 23:00,05/09/2025 06:39
Nederland,ElectricityLoad,Hour,8403459,8403459,0,0,06/05/2025 23:00,07/05/2025 00:00,05/09/2025 06:39
Nederland,ElectricityLoad,Hour,7871610,7871610,0,0,07/05/2025 00:00,07/05/2025 01:00,06/09/2025 06:39
Nederland,ElectricityLoad,Hour,7752070,7752070,0,0,07/05/2025 01:00,07/05/2025 02:00,06/09/2025 06:39
Nederland,ElectricityLoad,Hour,7796619,7796619,0,0,07/05/2025 02:00,07/05/2025 03:00,06/09/2025 06:39
Nederland,ElectricityLoad,Hour,7757602,7757602,0,0,07/05/2025 03:00,07/05/2025 04:00,06/09/2025 06:39
Nederland,ElectricityLoad,Hour,8383200,8383200,0,0,07/05/2025 04:00,07/05/2025 05:00,06/09/2025 06:39
Nederland,ElectricityLoad,Hour,9670399,9670399,0,0,07/05/2025 05:00,07/05/2025 06:00,06/09/2025 06:39
Nederland,ElectricityLoad,Hour,11687415,11687415,0,0,07/05/2025 06:00,07/05/2025 07:00,06/09/2025 06:39
Nederland,ElectricityLoad,Hour,14368553,14368553,0,0,07/05/2025 07:00,07/05/2025 08:00,06/09/2025 06:39
Nederland,ElectricityLoad,Hour,15239502,15239502,0,0,07/05/2025 08:00,07/05/2025 09:00,06/09/2025 06:39
Nederland,ElectricityLoad,Hour,16020963,16020963,0,0,07/05/2025 09:00,07/05/2025 10:00,06/09/2025 06:39
Nederland,ElectricityLoad,Hour,15334505,15334505,0,0,07/05/2025 10:00,07/05/2025 11:00,06/09/2025 06:39
Nederland,ElectricityLoad,Hour,17952126,17952126,0,0,07/05/2025 11:00,07/05/2025 12:00,06/09/2025 06:39
Nederland,ElectricityLoad,Hour,18038992,18038992,0,0,07/05/2025 12:00,07/05/2025 13:00,06/09/2025 06:39
Nederland,ElectricityLoad,Hour,16545586,16545586,0,0,07/05/2025 13:00,07/05/2025 14:00,06/09/2025 06:39
Nederland,ElectricityLoad,Hour,16237448,16237448,0,0,07/05/2025 14:00,07/05/2025 15:00,06/09/2025 06:39
Nederland,ElectricityLoad,Hour,15307564,15307564,0,0,07/05/2025 15:00,07/05/2025 16:00,06/09/2025 06:39
Nederland,ElectricityLoad,Hour,15107184,15107184,0,0,07/05/2025 16:00,07/05/2025 17:00,06/09/2025 06:39
Nederland,ElectricityLoad,Hour,13343761,13343761,0,0,07/05/2025 17:00,07/05/2025 18:00,06/09/2025 06:39
Nederland,ElectricityLoad,Hour,11753370,11753370,0,0,07/05/2025 18:00,07/05/2025 19:00,06/09/2025 06:39
Nederland,ElectricityLoad,Hour,10384111,10384111,0,0,07/05/2025 19:00,07/05/2025 20:00,06/09/2025 06:39
Nederland,ElectricityLoad,Hour,9741868,9741868,0,0,07/05/2025 20:00,07/05/2025 21:00,06/09/2025 06:39
Nederland,ElectricityLoad,Hour,9416851,9416851,0,0,07/05/2025 21:00,07/05/2025 22:00,06/09/2025 06:39
Nederland,ElectricityLoad,Hour,8797370,8797370,0,0,07/05/2025 22:00,07/05/2025 23:00,06/09/2025 06:39
Nederland,ElectricityLoad,Hour,8290190,8290190,0,0,07/05/2025 23:00,08/05/2025 00:00,06/09/2025 06:39
Nederland,ElectricityLoad,Hour,7916672,7916672,0,0,08/05/2025 00:00,08/05/2025 01:00,07/09/2025 06:39
Nederland,ElectricityLoad,Hour,7466962,7466962,0,0,08/05/2025 01:00,08/05/2025 02:00,07/09/2025 06:39
Nederland,ElectricityLoad,Hour,7510388,7510388,0,0,08/05/2025 02:00,08/05/2025 03:00,07/09/2025 06:39
Nederland,ElectricityLoad,Hour,7695239,7695239,0,0,08/05/2025 03:00,08/05/2025 04:00,07/09/2025 06:39
Nederland,ElectricityLoad,Hour,8467908,8467908,0,0,08/05/2025 04:00,08/05/2025 05:00,07/09/2025 06:39
Nederland,ElectricityLoad,Hour,10619983,10619983,0,0,08/05/2025 05:00,08/05/2025 06:00,07/09/2025 06:39
Nederland,ElectricityLoad,Hour,12379498,12379498,0,0,08/05/2025 06:00,08/05/2025 07:00,07/09/2025 06:39
Nederland,ElectricityLoad,Hour,14425976,14425976,0,0,08/05/2025 07:00,08/05/2025 08:00,07/09/2025 06:39
Nederland,ElectricityLoad,Hour,15365759,15365759,0,0,08/05/2025 08:00,08/05/2025 09:00,07/09/2025 06:39
Nederland,ElectricityLoad,Hour,17141229,17141229,0,0,08/05/2025 09:00,08/05/2025 10:00,07/09/2025 06:39
Nederland,ElectricityLoad,Hour,19136061,19136061,0,0,08/05/2025 10:00,08/05/2025 11:00,07/09/2025 06:39
Nederland,ElectricityLoad,Hour,18883804,18883804,0,0,08/05/2025 11:00,08/05/2025 12:00,07/09/2025 06:39
Nederland,ElectricityLoad,Hour,18836302,18836302,0,0,08/05/2025 12:00,08/05/2025 13:00,07/09/2025 06:39
Nederland,ElectricityLoad,Hour,16894406,16894406,0,0,08/05/2025 13:00,08/05/2025 14:00,07/09/2025 06:39
Nederland,ElectricityLoad,Hour,16121761,16121761,0,0,08/05/2025 14:00,08/05/2025 15:00,07/09/2025 06:39
Nederland,ElectricityLoad,Hour,15513870,15513870,0,0,08/05/2025 15:00,08/05/2025 16:00,07/09/2025 06:39
Nederland,ElectricityLoad,Hour,14622188,14622188,0,0,08/05/2025 16:00,08/05/2025 17:00,07/09/2025 06:39
Nederland,ElectricityLoad,Hour,13028820,13028820,0,0,08/05/2025 17:00,08/05/2025 18:00,07/09/2025 06:39
Nederland,ElectricityLoad,Hour,11260319,11260319,0,0,08/05/2025 18:00,08/05/2025 19:00,07/09/2025 06:39
Nederland,ElectricityLoad,Hour,9973653,9973653,0,0,08/05/2025 19:00,08/05/2025 20:00,07/09/2025 06:39
Nederland,ElectricityLoad,Hour,8750194,8750194,0,0,08/05/2025 20:00,08/05/2025 21:00,07/09/2025 06:39
Nederland,ElectricityLoad,Hour,8292834,8292834,0,0,08/05/2025 21:00,08/05/2025 22:00,07/09/2025 06:39
Nederland,ElectricityLoad,Hour,7696777,7696777,0,0,08/05/2025 22:00,08/05/2025 23:00,07/09/2025 06:39
Nederland,ElectricityLoad,Hour,7358928,7358928,0,0,08/05/2025 23:00,09/05/2025 00:00,07/09/2025 06:39
Nederland,ElectricityLoad,Hour,7294267,7294267,0,0,09/05/2025 00:00,09/05/2025 01:00,08/09/2025 06:40
Nederland,ElectricityLoad,Hour,7333262,7333262,0,0,09/05/2025 01:00,09/05/2025 02:00,08/09/2025 06:40
Nederland,ElectricityLoad,Hour,7419643,7419643,0,0,09/05/2025 02:00,09/05/2025 03:00,08/09/2025 06:40
Nederland,ElectricityLoad,Hour,7390257,7390257,0,0,09/05/2025 03:00,09/05/2025 04:00,08/09/2025 06:40
Nederland,ElectricityLoad,Hour,7801117,7801117,0,0,09/05/2025 04:00,09/05/2025 05:00,08/09/2025 06:40
Nederland,ElectricityLoad,Hour,9758811,9758811,0,0,09/05/2025 05:00,09/05/2025 06:00,08/09/2025 06:40
Nederland,ElectricityLoad,Hour,12033235,12033235,0,0,09/05/2025 06:00,09/05/2025 07:00,08/09/2025 06:40
Nederland,ElectricityLoad,Hour,13980044,13980044,0,0,09/05/2025 07:00,09/05/2025 08:00,08/09/2025 06:40
Nederland,ElectricityLoad,Hour,16317379,16317379,0,0,09/05/2025 08:00,09/05/2025 09:00,08/09/2025 06:40
Nederland,ElectricityLoad,Hour,18605422,18605422,0,0,09/05/2025 09:00,09/05/2025 10:00,08/09/2025 06:40
Nederland,ElectricityLoad,Hour,20812229,20812229,0,0,09/05/2025 10:00,09/05/2025 11:00,08/09/2025 06:40
Nederland,ElectricityLoad,Hour,22552763,22552763,0,0,09/05/2025 11:00,09/05/2025 12:00,08/09/2025 06:40
Nederland,ElectricityLoad,Hour,20769684,20769684,0,0,09/05/2025 12:00,09/05/2025 13:00,08/09/2025 06:40
Nederland,ElectricityLoad,Hour,19729382,19729382,0,0,09/05/2025 13:00,09/05/2025 14:00,08/09/2025 06:40
Nederland,ElectricityLoad,Hour,17641707,17641707,0,0,09/05/2025 14:00,09/05/2025 15:00,08/09/2025 06:40
Nederland,ElectricityLoad,Hour,16620623,16620623,0,0,09/05/2025 15:00,09/05/2025 16:00,08/09/2025 06:40
Nederland,ElectricityLoad,Hour,15815341,15815341,0,0,09/05/2025 16:00,09/05/2025 17:00,08/09/2025 06:40
Nederland,ElectricityLoad,Hour,14344798,14344798,0,0,09/05/2025 17:00,09/05/2025 18:00,08/09/2025 06:40
Nederland,ElectricityLoad,Hour,11984438,11984438,0,0,09/05/2025 18:00,09/05/2025 19:00,08/09/2025 06:40
Nederland,ElectricityLoad,Hour,9627581,9627581,0,0,09/05/2025 19:00,09/05/2025 20:00,08/09/2025 06:40
Nederland,ElectricityLoad,Hour,8841450,8841450,0,0,09/05/2025 20:00,09/05/2025 21:00,08/09/2025 06:40
Nederland,ElectricityLoad,Hour,8460746,8460746,0,0,09/05/2025 21:00,09/05/2025 22:00,08/09/2025 06:40
Nederland,ElectricityLoad,Hour,7948025,7948025,0,0,09/05/2025 22:00,09/05/2025 23:00,08/09/2025 06:40
Nederland,ElectricityLoad,Hour,7319484,7319484,0,0,09/05/2025 23:00,10/05/2025 00:00,08/09/2025 06:40
Nederland,ElectricityLoad,Hour,7051932,7051932,0,0,10/05/2025 00:00,10/05/2025 01:00,09/09/2025 06:39
Nederland,ElectricityLoad,Hour,6742271,6742271,0,0,10/05/2025 01:00,10/05/2025 02:00,09/09/2025 06:39
Nederland,ElectricityLoad,Hour,6686621,6686621,0,0,10/05/2025 02:00,10/05/2025 03:00,09/09/2025 06:39
Nederland,ElectricityLoad,Hour,6694201,6694201,0,0,10/05/2025 03:00,10/05/2025 04:00,09/09/2025 06:39
Nederland,ElectricityLoad,Hour,6931953,6931953,0,0,10/05/2025 04:00,10/05/2025 05:00,09/09/2025 06:39
Nederland,ElectricityLoad,Hour,8067564,8067564,0,0,10/05/2025 05:00,10/05/2025 06:00,09/09/2025 06:39
Nederland,ElectricityLoad,Hour,10042799,10042799,0,0,10/05/2025 06:00,10/05/2025 07:00,09/09/2025 06:39
Nederland,ElectricityLoad,Hour,12191010,12191010,0,0,10/05/2025 07:00,10/05/2025 08:00,09/09/2025 06:39
Nederland,ElectricityLoad,Hour,15004965,15004965,0,0,10/05/2025 08:00,10/05/2025 09:00,09/09/2025 06:39
Nederland,ElectricityLoad,Hour,17732845,17732845,0,0,10/05/2025 09:00,10/05/2025 10:00,09/09/2025 06:39
Nederland,ElectricityLoad,Hour,20314590,20314590,0,0,10/05/2025 10:00,10/05/2025 11:00,09/09/2025 06:39
Nederland,ElectricityLoad,Hour,21798528,21798528,0,0,10/05/2025 11:00,10/05/2025 12:00,09/09/2025 06:39
Nederland,ElectricityLoad,Hour,21858410,21858410,0,0,10/05/2025 12:00,10/05/2025 13:00,09/09/2025 06:39
Nederland,ElectricityLoad,Hour,20412078,20412078,0,0,10/05/2025 13:00,10/05/2025 14:00,09/09/2025 06:39
Nederland,ElectricityLoad,Hour,17979290,17979290,0,0,10/05/2025 14:00,10/05/2025 15:00,09/09/2025 06:39
Nederland,ElectricityLoad,Hour,15508801,15508801,0,0,10/05/2025 15:00,10/05/2025 16:00,09/09/2025 06:39
Nederland,ElectricityLoad,Hour,14735732,14735732,0,0,10/05/2025 16:00,10/05/2025 17:00,09/09/2025 06:39
Nederland,ElectricityLoad,Hour,12708677,12708677,0,0,10/05/2025 17:00,10/05/2025 18:00,09/09/2025 06:39
Nederland,ElectricityLoad,Hour,10961262,10961262,0,0,10/05/2025 18:00,10/05/2025 19:00,09/09/2025 06:39
Nederland,ElectricityLoad,Hour,8810281,8810281,0,0,10/05/2025 19:00,10/05/2025 20:00,09/09/2025 06:39
Nederland,ElectricityLoad,Hour,7756759,7756759,0,0,10/05/2025 20:00,10/05/2025 21:00,09/09/2025 06:39
Nederland,ElectricityLoad,Hour,7432086,7432086,0,0,10/05/2025 21:00,10/05/2025 22:00,09/09/2025 06:39
Nederland,ElectricityLoad,Hour,7068094,7068094,0,0,10/05/2025 22:00,10/05/2025 23:00,09/09/2025 06:39
Nederland,ElectricityLoad,Hour,6732285,6732285,0,0,10/05/2025 23:00,11/05/2025 00:00,09/09/2025 06:39
Nederland,ElectricityLoad,Hour,6394074,6394074,0,0,11/05/2025 00:00,11/05/2025 01:00,10/09/2025 06:39
Nederland,ElectricityLoad,Hour,6264850,6264850,0,0,11/05/2025 01:00,11/05/2025 02:00,10/09/2025 06:39
Nederland,ElectricityLoad,Hour,5898900,5898900,0,0,11/05/2025 02:00,11/05/2025 03:00,10/09/2025 06:39
Nederland,ElectricityLoad,Hour,5855244,5855244,0,0,11/05/2025 03:00,11/05/2025 04:00,10/09/2025 06:39
Nederland,ElectricityLoad,Hour,5797510,5797510,0,0,11/05/2025 04:00,11/05/2025 05:00,10/09/2025 06:39
Nederland,ElectricityLoad,Hour,6999946,6999946,0,0,11/05/2025 05:00,11/05/2025 06:00,10/09/2025 06:39
Nederland,ElectricityLoad,Hour,9921144,9921144,0,0,11/05/2025 06:00,11/05/2025 07:00,10/09/2025 06:39
Nederland,ElectricityLoad,Hour,13476710,13476710,0,0,11/05/2025 07:00,11/05/2025 08:00,10/09/2025 06:39
Nederland,ElectricityLoad,Hour,16536209,16536209,0,0,11/05/2025 08:00,11/05/2025 09:00,10/09/2025 06:39
Nederland,ElectricityLoad,Hour,19377615,19377615,0,0,11/05/2025 09:00,11/05/2025 10:00,10/09/2025 06:39
Nederland,ElectricityLoad,Hour,22002441,22002441,0,0,11/05/2025 10:00,11/05/2025 11:00,10/09/2025 06:39
Nederland,ElectricityLoad,Hour,23429742,23429742,0,0,11/05/2025 11:00,11/05/2025 12:00,10/09/2025 06:39
Nederland,ElectricityLoad,Hour,22944093,22944093,0,0,11/05/2025 12:00,11/05/2025 13:00,10/09/2025 06:39
Nederland,ElectricityLoad,Hour,21237270,21237270,0,0,11/05/2025 13:00,11/05/2025 14:00,10/09/2025 06:39
Nederland,ElectricityLoad,Hour,18337433,18337433,0,0,11/05/2025 14:00,11/05/2025 15:00,10/09/2025 06:39
Nederland,ElectricityLoad,Hour,16104948,16104948,0,0,11/05/2025 15:00,11/05/2025 16:00,10/09/2025 06:39
Nederland,ElectricityLoad,Hour,13414510,13414510,0,0,11/05/2025 16:00,11/05/2025 17:00,10/09/2025 06:39
Nederland,ElectricityLoad,Hour,11499344,11499344,0,0,11/05/2025 17:00,11/05/2025 18:00,10/09/2025 06:39
Nederland,ElectricityLoad,Hour,9591222,9591222,0,0,11/05/2025 18:00,11/05/2025 19:00,10/09/2025 06:39
Nederland,ElectricityLoad,Hour,7931195,7931195,0,0,11/05/2025 19:00,11/05/2025 20:00,10/09/2025 06:39
Nederland,ElectricityLoad,Hour,7517577,7517577,0,0,11/05/2025 20:00,11/05/2025 21:00,10/09/2025 06:39
Nederland,ElectricityLoad,Hour,6774298,6774298,0,0,11/05/2025 21:00,11/05/2025 22:00,10/09/2025 06:39
Nederland,ElectricityLoad,Hour,6598052,6598052,0,0,11/05/2025 22:00,11/05/2025 23:00,10/09/2025 06:39
Nederland,ElectricityLoad,Hour,6558438,6558438,0,0,11/05/2025 23:00,12/05/2025 00:00,10/09/2025 06:39
Nederland,ElectricityLoad,Hour,6369155,6369155,0,0,12/05/2025 00:00,12/05/2025 01:00,11/09/2025 06:39
Nederland,ElectricityLoad,Hour,6323118,6323118,0,0,12/05/2025 01:00,12/05/2025 02:00,11/09/2025 06:39
Nederland,ElectricityLoad,Hour,6458340,6458340,0,0,12/05/2025 02:00,12/05/2025 03:00,11/09/2025 06:39
Nederland,ElectricityLoad,Hour,6482076,6482076,0,0,12/05/2025 03:00,12/05/2025 04:00,11/09/2025 06:39
Nederland,ElectricityLoad,Hour,7140244,7140244,0,0,12/05/2025 04:00,12/05/2025 05:00,11/09/2025 06:39
Nederland,ElectricityLoad,Hour,9584985,9584985,0,0,12/05/2025 05:00,12/05/2025 06:00,11/09/2025 06:39
Nederland,ElectricityLoad,Hour,13052722,13052722,0,0,12/05/2025 06:00,12/05/2025 07:00,11/09/2025 06:39
Nederland,ElectricityLoad,Hour,15828164,15828164,0,0,12/05/2025 07:00,12/05/2025 08:00,11/09/2025 06:39
Nederland,ElectricityLoad,Hour,18697926,18697926,0,0,12/05/2025 08:00,12/05/2025 09:00,11/09/2025 06:39
Nederland,ElectricityLoad,Hour,21145293,21145293,0,0,12/05/2025 09:00,12/05/2025 10:00,11/09/2025 06:39
Nederland,ElectricityLoad,Hour,23535351,23535351,0,0,12/05/2025 10:00,12/05/2025 11:00,11/09/2025 06:39
Nederland,ElectricityLoad,Hour,24827023,24827023,0,0,12/05/2025 11:00,12/05/2025 12:00,11/09/2025 06:39
Nederland,ElectricityLoad,Hour,24805671,24805671,0,0,12/05/2025 12:00,12/05/2025 13:00,11/09/2025 06:39
Nederland,ElectricityLoad,Hour,23218695,23218695,0,0,12/05/2025 13:00,12/05/2025 14:00,11/09/2025 06:39
Nederland,ElectricityLoad,Hour,20877336,20877336,0,0,12/05/2025 14:00,12/05/2025 15:00,11/09/2025 06:39
Nederland,ElectricityLoad,Hour,18482652,18482652,0,0,12/05/2025 15:00,12/05/2025 16:00,11/09/2025 06:39
Nederland,ElectricityLoad,Hour,16643339,16643339,0,0,12/05/2025 16:00,12/05/2025 17:00,11/09/2025 06:39
Nederland,ElectricityLoad,Hour,14693941,14693941,0,0,12/05/2025 17:00,12/05/2025 18:00,11/09/2025 06:39
Nederland,ElectricityLoad,Hour,12137767,12137767,0,0,12/05/2025 18:00,12/05/2025 19:00,11/09/2025 06:39
Nederland,ElectricityLoad,Hour,9377719,9377719,0,0,12/05/2025 19:00,12/05/2025 20:00,11/09/2025 06:39
Nederland,ElectricityLoad,Hour,8063425,8063425,0,0,12/05/2025 20:00,12/05/2025 21:00,11/09/2025 06:39
Nederland,ElectricityLoad,Hour,7518839,7518839,0,0,12/05/2025 21:00,12/05/2025 22:00,11/09/2025 06:39
Nederland,ElectricityLoad,Hour,7426651,7426651,0,0,12/05/2025 22:00,12/05/2025 23:00,11/09/2025 06:39
Nederland,ElectricityLoad,Hour,7142453,7142453,0,0,12/05/2025 23:00,13/05/2025 00:00,11/09/2025 06:39
Nederland,ElectricityLoad,Hour,7000272,7000272,0,0,13/05/2025 00:00,13/05/2025 01:00,12/09/2025 06:39
Nederland,ElectricityLoad,Hour,7015161,7015161,0,0,13/05/2025 01:00,13/05/2025 02:00,12/09/2025 06:39
Nederland,ElectricityLoad,Hour,7168729,7168729,0,0,13/05/2025 02:00,13/05/2025 03:00,12/09/2025 06:39
Nederland,ElectricityLoad,Hour,7337296,7337296,0,0,13/05/2025 03:00,13/05/2025 04:00,12/09/2025 06:39
Nederland,ElectricityLoad,Hour,7736098,7736098,0,0,13/05/2025 04:00,13/05/2025 05:00,12/09/2025 06:39
Nederland,ElectricityLoad,Hour,10389202,10389202,0,0,13/05/2025 05:00,13/05/2025 06:00,12/09/2025 06:39
Nederland,ElectricityLoad,Hour,13408598,13408598,0,0,13/05/2025 06:00,13/05/2025 07:00,12/09/2025 06:39
Nederland,ElectricityLoad,Hour,15572932,15572932,0,0,13/05/2025 07:00,13/05/2025 08:00,12/09/2025 06:39
Nederland,ElectricityLoad,Hour,17540120,17540120,0,0,13/05/2025 08:00,13/05/2025 09:00,12/09/2025 06:39
Nederland,ElectricityLoad,Hour,19795076,19795076,0,0,13/05/2025 09:00,13/05/2025 10:00,12/09/2025 06:39
Nederland,ElectricityLoad,Hour,22361576,22361576,0,0,13/05/2025 10:00,13/05/2025 11:00,12/09/2025 06:39
Nederland,ElectricityLoad,Hour,23492125,23492125,0,0,13/05/2025 11:00,13/05/2025 12:00,12/09/2025 06:39
Nederland,ElectricityLoad,Hour,22604947,22604947,0,0,13/05/2025 12:00,13/05/2025 13:00,12/09/2025 06:39
Nederland,ElectricityLoad,Hour,21377450,21377450,0,0,13/05/2025 13:00,13/05/2025 14:00,12/09/2025 06:39
Nederland,ElectricityLoad,Hour,19204981,19204981,0,0,13/05/2025 14:00,13/05/2025 15:00,12/09/2025 06:39
Nederland,ElectricityLoad,Hour,17526675,17526675,0,0,13/05/2025 15:00,13/05/2025 16:00,12/09/2025 06:39
Nederland,ElectricityLoad,Hour,15706503,15706503,0,0,13/05/2025 16:00,13/05/2025 17:00,12/09/2025 06:39
Nederland,ElectricityLoad,Hour,14066121,14066121,0,0,13/05/2025 17:00,13/05/2025 18:00,12/09/2025 06:39
Nederland,ElectricityLoad,Hour,11982141,11982141,0,0,13/05/2025 18:00,13/05/2025 19:00,12/09/2025 06:39
Nederland,ElectricityLoad,Hour,9826320,9826320,0,0,13/05/2025 19:00,13/05/2025 20:00,12/09/2025 06:39
Nederland,ElectricityLoad,Hour,9032670,9032670,0,0,13/05/2025 20:00,13/05/2025 21:00,12/09/2025 06:39
Nederland,ElectricityLoad,Hour,8457415,8457415,0,0,13/05/2025 21:00,13/05/2025 22:00,12/09/2025 06:39
Nederland,ElectricityLoad,Hour,8095207,8095207,0,0,13/05/2025 22:00,13/05/2025 23:00,12/09/2025 06:39
Nederland,ElectricityLoad,Hour,7839645,7839645,0,0,13/05/2025 23:00,14/05/2025 00:00,12/09/2025 06:39
Nederland,ElectricityLoad,Hour,7635174,7635174,0,0,14/05/2025 00:00,14/05/2025 01:00,13/09/2025 06:39
Nederland,ElectricityLoad,Hour,7425652,7425652,0,0,14/05/2025 01:00,14/05/2025 02:00,13/09/2025 06:39
Nederland,ElectricityLoad,Hour,7294413,7294413,0,0,14/05/2025 02:00,14/05/2025 03:00,13/09/2025 06:39
Nederland,ElectricityLoad,Hour,7266454,7266454,0,0,14/05/2025 03:00,14/05/2025 04:00,13/09/2025 06:39
Nederland,ElectricityLoad,Hour,7638401,7638401,0,0,14/05/2025 04:00,14/05/2025 05:00,13/09/2025 06:39
Nederland,ElectricityLoad,Hour,9551202,9551202,0,0,14/05/2025 05:00,14/05/2025 06:00,13/09/2025 06:39
Nederland,ElectricityLoad,Hour,11988919,11988919,0,0,14/05/2025 06:00,14/05/2025 07:00,13/09/2025 06:39
Nederland,ElectricityLoad,Hour,14420600,14420600,0,0,14/05/2025 07:00,14/05/2025 08:00,13/09/2025 06:39
Nederland,ElectricityLoad,Hour,16216151,16216151,0,0,14/05/2025 08:00,14/05/2025 09:00,13/09/2025 06:39
Nederland,ElectricityLoad,Hour,19391537,19391537,0,0,14/05/2025 09:00,14/05/2025 10:00,13/09/2025 06:39
Nederland,ElectricityLoad,Hour,21882697,21882697,0,0,14/05/2025 10:00,14/05/2025 11:00,13/09/2025 06:39
Nederland,ElectricityLoad,Hour,23319323,23319323,0,0,14/05/2025 11:00,14/05/2025 12:00,13/09/2025 06:39
Nederland,ElectricityLoad,Hour,23423036,23423036,0,0,14/05/2025 12:00,14/05/2025 13:00,13/09/2025 06:39
Nederland,ElectricityLoad,Hour,23176935,23176935,0,0,14/05/2025 13:00,14/05/2025 14:00,13/09/2025 06:39
Nederland,ElectricityLoad,Hour,21864371,21864371,0,0,14/05/2025 14:00,14/05/2025 15:00,13/09/2025 06:39
Nederland,ElectricityLoad,Hour,18528202,18528202,0,0,14/05/2025 15:00,14/05/2025 16:00,13/09/2025 06:39
Nederland,ElectricityLoad,Hour,16778147,16778147,0,0,14/05/2025 16:00,14/05/2025 17:00,13/09/2025 06:39
Nederland,ElectricityLoad,Hour,14979907,14979907,0,0,14/05/2025 17:00,14/05/2025 18:00,13/09/2025 06:39
Nederland,ElectricityLoad,Hour,12658317,12658317,0,0,14/05/2025 18:00,14/05/2025 19:00,13/09/2025 06:39
Nederland,ElectricityLoad,Hour,11017644,11017644,0,0,14/05/2025 19:00,14/05/2025 20:00,13/09/2025 06:39
Nederland,ElectricityLoad,Hour,10493564,10493564,0,0,14/05/2025 20:00,14/05/2025 21:00,13/09/2025 06:39
Nederland,ElectricityLoad,Hour,9743568,9743568,0,0,14/05/2025 21:00,14/05/2025 22:00,13/09/2025 06:39
Nederland,ElectricityLoad,Hour,8956544,8956544,0,0,14/05/2025 22:00,14/05/2025 23:00,13/09/2025 06:39
Nederland,ElectricityLoad,Hour,8446839,8446839,0,0,14/05/2025 23:00,15/05/2025 00:00,13/09/2025 06:39
Nederland,ElectricityLoad,Hour,8010509,8010509,0,0,15/05/2025 00:00,15/05/2025 01:00,14/09/2025 06:39
Nederland,ElectricityLoad,Hour,7914669,7914669,0,0,15/05/2025 01:00,15/05/2025 02:00,14/09/2025 06:39
Nederland,ElectricityLoad,Hour,8192297,8192297,0,0,15/05/2025 02:00,15/05/2025 03:00,14/09/2025 06:39
Nederland,ElectricityLoad,Hour,8138516,8138516,0,0,15/05/2025 03:00,15/05/2025 04:00,14/09/2025 06:39
Nederland,ElectricityLoad,Hour,8678098,8678098,0,0,15/05/2025 04:00,15/05/2025 05:00,14/09/2025 06:39
Nederland,ElectricityLoad,Hour,10423679,10423679,0,0,15/05/2025 05:00,15/05/2025 06:00,14/09/2025 06:39
Nederland,ElectricityLoad,Hour,12601064,12601064,0,0,15/05/2025 06:00,15/05/2025 07:00,14/09/2025 06:39
Nederland,ElectricityLoad,Hour,14299546,14299546,0,0,15/05/2025 07:00,15/05/2025 08:00,14/09/2025 06:39
Nederland,ElectricityLoad,Hour,16931692,16931692,0,0,15/05/2025 08:00,15/05/2025 09:00,14/09/2025 06:39
Nederland,ElectricityLoad,Hour,20582454,20582454,0,0,15/05/2025 09:00,15/05/2025 10:00,14/09/2025 06:39
Nederland,ElectricityLoad,Hour,22742652,22742652,0,0,15/05/2025 10:00,15/05/2025 11:00,14/09/2025 06:39
Nederland,ElectricityLoad,Hour,24731733,24731733,0,0,15/05/2025 11:00,15/05/2025 12:00,14/09/2025 06:39
Nederland,ElectricityLoad,Hour,24641227,24641227,0,0,15/05/2025 12:00,15/05/2025 13:00,14/09/2025 06:39
Nederland,ElectricityLoad,Hour,23575233,23575233,0,0,15/05/2025 13:00,15/05/2025 14:00,14/09/2025 06:39
Nederland,ElectricityLoad,Hour,21359943,21359943,0,0,15/05/2025 14:00,15/05/2025 15:00,14/09/2025 06:39
Nederland,ElectricityLoad,Hour,19180917,19180917,0,0,15/05/2025 15:00,15/05/2025 16:00,14/09/2025 06:39
Nederland,ElectricityLoad,Hour,16911574,16911574,0,0,15/05/2025 16:00,15/05/2025 17:00,14/09/2025 06:39
Nederland,ElectricityLoad,Hour,14887743,14887743,0,0,15/05/2025 17:00,15/05/2025 18:00,14/09/2025 06:39
Nederland,ElectricityLoad,Hour,12765931,12765931,0,0,15/05/2025 18:00,15/05/2025 19:00,14/09/2025 06:39
Nederland,ElectricityLoad,Hour,10226723,10226723,0,0,15/05/2025 19:00,15/05/2025 20:00,14/09/2025 06:39
Nederland,ElectricityLoad,Hour,9139840,9139840,0,0,15/05/2025 20:00,15/05/2025 21:00,14/09/2025 06:39
Nederland,ElectricityLoad,Hour,8593346,8593346,0,0,15/05/2025 21:00,15/05/2025 22:00,14/09/2025 06:39
Nederland,ElectricityLoad,Hour,8088727,8088727,0,0,15/05/2025 22:00,15/05/2025 23:00,14/09/2025 06:39
Nederland,ElectricityLoad,Hour,7483730,7483730,0,0,15/05/2025 23:00,16/05/2025 00:00,14/09/2025 06:39
Nederland,ElectricityLoad,Hour,7031585,7031585,0,0,16/05/2025 00:00,16/05/2025 01:00,15/09/2025 06:39
Nederland,ElectricityLoad,Hour,7071250,7071250,0,0,16/05/2025 01:00,16/05/2025 02:00,15/09/2025 06:39
Nederland,ElectricityLoad,Hour,7078961,7078961,0,0,16/05/2025 02:00,16/05/2025 03:00,15/09/2025 06:39
Nederland,ElectricityLoad,Hour,7003382,7003382,0,0,16/05/2025 03:00,16/05/2025 04:00,15/09/2025 06:39
Nederland,ElectricityLoad,Hour,7524953,7524953,0,0,16/05/2025 04:00,16/05/2025 05:00,15/09/2025 06:39
Nederland,ElectricityLoad,Hour,9383879,9383879,0,0,16/05/2025 05:00,16/05/2025 06:00,15/09/2025 06:39
Nederland,ElectricityLoad,Hour,11734377,11734377,0,0,16/05/2025 06:00,16/05/2025 07:00,15/09/2025 06:39
Nederland,ElectricityLoad,Hour,14768387,14768387,0,0,16/05/2025 07:00,16/05/2025 08:00,15/09/2025 06:39
Nederland,ElectricityLoad,Hour,16507910,16507910,0,0,16/05/2025 08:00,16/05/2025 09:00,15/09/2025 06:39
Nederland,ElectricityLoad,Hour,18551021,18551021,0,0,16/05/2025 09:00,16/05/2025 10:00,15/09/2025 06:39
Nederland,ElectricityLoad,Hour,20727804,20727804,0,0,16/05/2025 10:00,16/05/2025 11:00,15/09/2025 06:39
Nederland,ElectricityLoad,Hour,22121178,22121178,0,0,16/05/2025 11:00,16/05/2025 12:00,15/09/2025 06:39
Nederland,ElectricityLoad,Hour,21568767,21568767,0,0,16/05/2025 12:00,16/05/2025 13:00,15/09/2025 06:39
Nederland,ElectricityLoad,Hour,19931999,19931999,0,0,16/05/2025 13:00,16/05/2025 14:00,15/09/2025 06:39
Nederland,ElectricityLoad,Hour,18068317,18068317,0,0,16/05/2025 14:00,16/05/2025 15:00,15/09/2025 06:39
Nederland,ElectricityLoad,Hour,15376202,15376202,0,0,16/05/2025 15:00,16/05/2025 16:00,15/09/2025 06:39
Nederland,ElectricityLoad,Hour,13764011,13764011,0,0,16/05/2025 16:00,16/05/2025 17:00,15/09/2025 06:39
Nederland,ElectricityLoad,Hour,11858511,11858511,0,0,16/05/2025 17:00,16/05/2025 18:00,15/09/2025 06:39
Nederland,ElectricityLoad,Hour,10872277,10872277,0,0,16/05/2025 18:00,16/05/2025 19:00,15/09/2025 06:39
Nederland,ElectricityLoad,Hour,9599626,9599626,0,0,16/05/2025 19:00,16/05/2025 20:00,15/09/2025 06:39
Nederland,ElectricityLoad,Hour,8658272,8658272,0,0,16/05/2025 20:00,16/05/2025 21:00,15/09/2025 06:39
Nederland,ElectricityLoad,Hour,8137122,8137122,0,0,16/05/2025 21:00,16/05/2025 22:00,15/09/2025 06:39
Nederland,ElectricityLoad,Hour,7700866,7700866,0,0,16/05/2025 22:00,16/05/2025 23:00,15/09/2025 06:39
Nederland,ElectricityLoad,Hour,7079197,7079197,0,0,16/05/2025 23:00,17/05/2025 00:00,15/09/2025 06:39
Nederland,ElectricityLoad,Hour,6642597,6642597,0,0,17/05/2025 00:00,17/05/2025 01:00,16/09/2025 06:39
Nederland,ElectricityLoad,Hour,6556713,6556713,0,0,17/05/2025 01:00,17/05/2025 02:00,16/09/2025 06:39
Nederland,ElectricityLoad,Hour,6522788,6522788,0,0,17/05/2025 02:00,17/05/2025 03:00,16/09/2025 06:39
Nederland,ElectricityLoad,Hour,6644368,6644368,0,0,17/05/2025 03:00,17/05/2025 04:00,16/09/2025 06:39
Nederland,ElectricityLoad,Hour,6730105,6730105,0,0,17/05/2025 04:00,17/05/2025 05:00,16/09/2025 06:39
Nederland,ElectricityLoad,Hour,7821127,7821127,0,0,17/05/2025 05:00,17/05/2025 06:00,16/09/2025 06:39
Nederland,ElectricityLoad,Hour,10526894,10526894,0,0,17/05/2025 06:00,17/05/2025 07:00,16/09/2025 06:39
Nederland,ElectricityLoad,Hour,13830787,13830787,0,0,17/05/2025 07:00,17/05/2025 08:00,16/09/2025 06:39
Nederland,ElectricityLoad,Hour,17075369,17075369,0,0,17/05/2025 08:00,17/05/2025 09:00,16/09/2025 06:39
Nederland,ElectricityLoad,Hour,18668651,18668651,0,0,17/05/2025 09:00,17/05/2025 10:00,16/09/2025 06:39
Nederland,ElectricityLoad,Hour,20076393,20076393,0,0,17/05/2025 10:00,17/05/2025 11:00,16/09/2025 06:39
Nederland,ElectricityLoad,Hour,21710652,21710652,0,0,17/05/2025 11:00,17/05/2025 12:00,16/09/2025 06:39
Nederland,ElectricityLoad,Hour,21437469,21437469,0,0,17/05/2025 12:00,17/05/2025 13:00,16/09/2025 06:39
Nederland,ElectricityLoad,Hour,21405799,21405799,0,0,17/05/2025 13:00,17/05/2025 14:00,16/09/2025 06:39
Nederland,ElectricityLoad,Hour,19539601,19539601,0,0,17/05/2025 14:00,17/05/2025 15:00,16/09/2025 06:39
Nederland,ElectricityLoad,Hour,16282629,16282629,0,0,17/05/2025 15:00,17/05/2025 16:00,16/09/2025 06:39
Nederland,ElectricityLoad,Hour,14544948,14544948,0,0,17/05/2025 16:00,17/05/2025 17:00,16/09/2025 06:39
Nederland,ElectricityLoad,Hour,12582107,12582107,0,0,17/05/2025 17:00,17/05/2025 18:00,16/09/2025 06:39
Nederland,ElectricityLoad,Hour,10427659,10427659,0,0,17/05/2025 18:00,17/05/2025 19:00,16/09/2025 06:39
Nederland,ElectricityLoad,Hour,8837294,8837294,0,0,17/05/2025 19:00,17/05/2025 20:00,16/09/2025 06:39
Nederland,ElectricityLoad,Hour,8125385,8125385,0,0,17/05/2025 20:00,17/05/2025 21:00,16/09/2025 06:39
Nederland,ElectricityLoad,Hour,7793670,7793670,0,0,17/05/2025 21:00,17/05/2025 22:00,16/09/2025 06:39
Nederland,ElectricityLoad,Hour,7746991,7746991,0,0,17/05/2025 22:00,17/05/2025 23:00,16/09/2025 06:39
Nederland,ElectricityLoad,Hour,7315562,7315562,0,0,17/05/2025 23:00,18/05/2025 00:00,16/09/2025 06:39
Nederland,ElectricityLoad,Hour,6839939,6839939,0,0,18/05/2025 00:00,18/05/2025 01:00,17/09/2025 06:39
Nederland,ElectricityLoad,Hour,6596182,6596182,0,0,18/05/2025 01:00,18/05/2025 02:00,17/09/2025 06:39
Nederland,ElectricityLoad,Hour,6556245,6556245,0,0,18/05/2025 02:00,18/05/2025 03:00,17/09/2025 06:39
Nederland,ElectricityLoad,Hour,6548130,6548130,0,0,18/05/2025 03:00,18/05/2025 04:00,17/09/2025 06:39
Nederland,ElectricityLoad,Hour,6452088,6452088,0,0,18/05/2025 04:00,18/05/2025 05:00,17/09/2025 06:39
Nederland,ElectricityLoad,Hour,6919161,6919161,0,0,18/05/2025 05:00,18/05/2025 06:00,17/09/2025 06:39
Nederland,ElectricityLoad,Hour,8188423,8188423,0,0,18/05/2025 06:00,18/05/2025 07:00,17/09/2025 06:39
Nederland,ElectricityLoad,Hour,9889472,9889472,0,0,18/05/2025 07:00,18/05/2025 08:00,17/09/2025 06:39
Nederland,ElectricityLoad,Hour,11009581,11009581,0,0,18/05/2025 08:00,18/05/2025 09:00,17/09/2025 06:39
Nederland,ElectricityLoad,Hour,13179434,13179434,0,0,18/05/2025 09:00,18/05/2025 10:00,17/09/2025 06:39
Nederland,ElectricityLoad,Hour,14236191,14236191,0,0,18/05/2025 10:00,18/05/2025 11:00,17/09/2025 06:39
Nederland,ElectricityLoad,Hour,14268948,14268948,0,0,18/05/2025 11:00,18/05/2025 12:00,17/09/2025 06:39
Nederland,ElectricityLoad,Hour,15657822,15657822,0,0,18/05/2025 12:00,18/05/2025 13:00,17/09/2025 06:39
Nederland,ElectricityLoad,Hour,18135405,18135405,0,0,18/05/2025 13:00,18/05/2025 14:00,17/09/2025 06:39
Nederland,ElectricityLoad,Hour,14302362,14302362,0,0,18/05/2025 14:00,18/05/2025 15:00,17/09/2025 06:39
Nederland,ElectricityLoad,Hour,14863179,14863179,0,0,18/05/2025 15:00,18/05/2025 16:00,17/09/2025 06:39
Nederland,ElectricityLoad,Hour,13196932,13196932,0,0,18/05/2025 16:00,18/05/2025 17:00,17/09/2025 06:39
Nederland,ElectricityLoad,Hour,12036329,12036329,0,0,18/05/2025 17:00,18/05/2025 18:00,17/09/2025 06:39
Nederland,ElectricityLoad,Hour,10298325,10298325,0,0,18/05/2025 18:00,18/05/2025 19:00,17/09/2025 06:39
Nederland,ElectricityLoad,Hour,8473683,8473683,0,0,18/05/2025 19:00,18/05/2025 20:00,17/09/2025 06:39
Nederland,ElectricityLoad,Hour,7920337,7920337,0,0,18/05/2025 20:00,18/05/2025 21:00,17/09/2025 06:39
Nederland,ElectricityLoad,Hour,7430126,7430126,0,0,18/05/2025 21:00,18/05/2025 22:00,17/09/2025 06:39
Nederland,ElectricityLoad,Hour,7326141,7326141,0,0,18/05/2025 22:00,18/05/2025 23:00,17/09/2025 06:39
Nederland,ElectricityLoad,Hour,7131799,7131799,0,0,18/05/2025 23:00,19/05/2025 00:00,17/09/2025 06:39
Nederland,ElectricityLoad,Hour,7126848,7126848,0,0,19/05/2025 00:00,19/05/2025 01:00,18/09/2025 06:39
Nederland,ElectricityLoad,Hour,7164410,7164410,0,0,19/05/2025 01:00,19/05/2025 02:00,18/09/2025 06:39
Nederland,ElectricityLoad,Hour,7020386,7020386,0,0,19/05/2025 02:00,19/05/2025 03:00,18/09/2025 06:39
Nederland,ElectricityLoad,Hour,7027508,7027508,0,0,19/05/2025 03:00,19/05/2025 04:00,18/09/2025 06:39
Nederland,ElectricityLoad,Hour,7813509,7813509,0,0,19/05/2025 04:00,19/05/2025 05:00,18/09/2025 06:39
Nederland,ElectricityLoad,Hour,10054779,10054779,0,0,19/05/2025 05:00,19/05/2025 06:00,18/09/2025 06:39
Nederland,ElectricityLoad,Hour,12720995,12720995,0,0,19/05/2025 06:00,19/05/2025 07:00,18/09/2025 06:39
Nederland,ElectricityLoad,Hour,14891670,14891670,0,0,19/05/2025 07:00,19/05/2025 08:00,18/09/2025 06:39
Nederland,ElectricityLoad,Hour,16151252,16151252,0,0,19/05/2025 08:00,19/05/2025 09:00,18/09/2025 06:39
Nederland,ElectricityLoad,Hour,17516019,17516019,0,0,19/05/2025 09:00,19/05/2025 10:00,18/09/2025 06:39
Nederland,ElectricityLoad,Hour,19434129,19434129,0,0,19/05/2025 10:00,19/05/2025 11:00,18/09/2025 06:39
Nederland,ElectricityLoad,Hour,20075199,20075199,0,0,19/05/2025 11:00,19/05/2025 12:00,18/09/2025 06:39
Nederland,ElectricityLoad,Hour,20095104,20095104,0,0,19/05/2025 12:00,19/05/2025 13:00,18/09/2025 06:39
Nederland,ElectricityLoad,Hour,19744486,19744486,0,0,19/05/2025 13:00,19/05/2025 14:00,18/09/2025 06:39
Nederland,ElectricityLoad,Hour,18314444,18314444,0,0,19/05/2025 14:00,19/05/2025 15:00,18/09/2025 06:39
Nederland,ElectricityLoad,Hour,17718087,17718087,0,0,19/05/2025 15:00,19/05/2025 16:00,18/09/2025 06:39
Nederland,ElectricityLoad,Hour,15822276,15822276,0,0,19/05/2025 16:00,19/05/2025 17:00,18/09/2025 06:39
Nederland,ElectricityLoad,Hour,14255350,14255350,0,0,19/05/2025 17:00,19/05/2025 18:00,18/09/2025 06:39
Nederland,ElectricityLoad,Hour,12361078,12361078,0,0,19/05/2025 18:00,19/05/2025 19:00,18/09/2025 06:39
Nederland,ElectricityLoad,Hour,10015292,10015292,0,0,19/05/2025 19:00,19/05/2025 20:00,18/09/2025 06:39
Nederland,ElectricityLoad,Hour,8839494,8839494,0,0,19/05/2025 20:00,19/05/2025 21:00,18/09/2025 06:39
Nederland,ElectricityLoad,Hour,8223537,8223537,0,0,19/05/2025 21:00,19/05/2025 22:00,18/09/2025 06:39
Nederland,ElectricityLoad,Hour,7964909,7964909,0,0,19/05/2025 22:00,19/05/2025 23:00,18/09/2025 06:39
Nederland,ElectricityLoad,Hour,7703683,7703683,0,0,19/05/2025 23:00,20/05/2025 00:00,18/09/2025 06:39
Nederland,ElectricityLoad,Hour,7768040,7768040,0,0,20/05/2025 00:00,20/05/2025 01:00,19/09/2025 06:39
Nederland,ElectricityLoad,Hour,7719867,7719867,0,0,20/05/2025 01:00,20/05/2025 02:00,19/09/2025 06:39
Nederland,ElectricityLoad,Hour,7746648,7746648,0,0,20/05/2025 02:00,20/05/2025 03:00,19/09/2025 06:39
Nederland,ElectricityLoad,Hour,7727724,7727724,0,0,20/05/2025 03:00,20/05/2025 04:00,19/09/2025 06:39
Nederland,ElectricityLoad,Hour,8244357,8244357,0,0,20/05/2025 04:00,20/05/2025 05:00,19/09/2025 06:39
Nederland,ElectricityLoad,Hour,10378398,10378398,0,0,20/05/2025 05:00,20/05/2025 06:00,19/09/2025 06:39
Nederland,ElectricityLoad,Hour,12607343,12607343,0,0,20/05/2025 06:00,20/05/2025 07:00,19/09/2025 06:39
Nederland,ElectricityLoad,Hour,14417226,14417226,0,0,20/05/2025 07:00,20/05/2025 08:00,19/09/2025 06:39
Nederland,ElectricityLoad,Hour,16417092,16417092,0,0,20/05/2025 08:00,20/05/2025 09:00,19/09/2025 06:39
Nederland,ElectricityLoad,Hour,18694807,18694807,0,0,20/05/2025 09:00,20/05/2025 10:00,19/09/2025 06:39
Nederland,ElectricityLoad,Hour,19224018,19224018,0,0,20/05/2025 10:00,20/05/2025 11:00,19/09/2025 06:39
Nederland,ElectricityLoad,Hour,20089761,20089761,0,0,20/05/2025 11:00,20/05/2025 12:00,19/09/2025 06:39
Nederland,ElectricityLoad,Hour,20551720,20551720,0,0,20/05/2025 12:00,20/05/2025 13:00,19/09/2025 06:39
Nederland,ElectricityLoad,Hour,20041088,20041088,0,0,20/05/2025 13:00,20/05/2025 14:00,19/09/2025 06:39
Nederland,ElectricityLoad,Hour,18748217,18748217,0,0,20/05/2025 14:00,20/05/2025 15:00,19/09/2025 06:39
Nederland,ElectricityLoad,Hour,18240270,18240270,0,0,20/05/2025 15:00,20/05/2025 16:00,19/09/2025 06:39
Nederland,ElectricityLoad,Hour,16425421,16425421,0,0,20/05/2025 16:00,20/05/2025 17:00,19/09/2025 06:39
Nederland,ElectricityLoad,Hour,14169028,14169028,0,0,20/05/2025 17:00,20/05/2025 18:00,19/09/2025 06:39
Nederland,ElectricityLoad,Hour,12108646,12108646,0,0,20/05/2025 18:00,20/05/2025 19:00,19/09/2025 06:39
Nederland,ElectricityLoad,Hour,10072750,10072750,0,0,20/05/2025 19:00,20/05/2025 20:00,19/09/2025 06:39
Nederland,ElectricityLoad,Hour,9309019,9309019,0,0,20/05/2025 20:00,20/05/2025 21:00,19/09/2025 06:39
Nederland,ElectricityLoad,Hour,8748149,8748149,0,0,20/05/2025 21:00,20/05/2025 22:00,19/09/2025 06:39
Nederland,ElectricityLoad,Hour,8027214,8027214,0,0,20/05/2025 22:00,20/05/2025 23:00,19/09/2025 06:39
Nederland,ElectricityLoad,Hour,7700593,7700593,0,0,20/05/2025 23:00,21/05/2025 00:00,19/09/2025 06:39
Nederland,ElectricityLoad,Hour,7595091,7595091,0,0,21/05/2025 00:00,21/05/2025 01:00,20/09/2025 06:39
Nederland,ElectricityLoad,Hour,7584998,7584998,0,0,21/05/2025 01:00,21/05/2025 02:00,20/09/2025 06:39
Nederland,ElectricityLoad,Hour,7571650,7571650,0,0,21/05/2025 02:00,21/05/2025 03:00,20/09/2025 06:39
Nederland,ElectricityLoad,Hour,7592593,7592593,0,0,21/05/2025 03:00,21/05/2025 04:00,20/09/2025 06:39
Nederland,ElectricityLoad,Hour,8191189,8191189,0,0,21/05/2025 04:00,21/05/2025 05:00,20/09/2025 06:39
Nederland,ElectricityLoad,Hour,10100501,10100501,0,0,21/05/2025 05:00,21/05/2025 06:00,20/09/2025 06:39
Nederland,ElectricityLoad,Hour,12776373,12776373,0,0,21/05/2025 06:00,21/05/2025 07:00,20/09/2025 06:39
Nederland,ElectricityLoad,Hour,15452239,15452239,0,0,21/05/2025 07:00,21/05/2025 08:00,20/09/2025 06:39
Nederland,ElectricityLoad,Hour,16716429,16716429,0,0,21/05/2025 08:00,21/05/2025 09:00,20/09/2025 06:39
Nederland,ElectricityLoad,Hour,18246931,18246931,0,0,21/05/2025 09:00,21/05/2025 10:00,20/09/2025 06:39
Nederland,ElectricityLoad,Hour,18092168,18092168,0,0,21/05/2025 10:00,21/05/2025 11:00,20/09/2025 06:39
Nederland,ElectricityLoad,Hour,19676621,19676621,0,0,21/05/2025 11:00,21/05/2025 12:00,20/09/2025 06:39
Nederland,ElectricityLoad,Hour,19681517,19681517,0,0,21/05/2025 12:00,21/05/2025 13:00,20/09/2025 06:39
Nederland,ElectricityLoad,Hour,18533010,18533010,0,0,21/05/2025 13:00,21/05/2025 14:00,20/09/2025 06:39
Nederland,ElectricityLoad,Hour,17120691,17120691,0,0,21/05/2025 14:00,21/05/2025 15:00,20/09/2025 06:39
Nederland,ElectricityLoad,Hour,17634456,17634456,0,0,21/05/2025 15:00,21/05/2025 16:00,20/09/2025 06:39
Nederland,ElectricityLoad,Hour,15243808,15243808,0,0,21/05/2025 16:00,21/05/2025 17:00,20/09/2025 06:39
Nederland,ElectricityLoad,Hour,13266599,13266599,0,0,21/05/2025 17:00,21/05/2025 18:00,20/09/2025 06:39
Nederland,ElectricityLoad,Hour,11867220,11867220,0,0,21/05/2025 18:00,21/05/2025 19:00,20/09/2025 06:39
Nederland,ElectricityLoad,Hour,10422373,10422373,0,0,21/05/2025 19:00,21/05/2025 20:00,20/09/2025 06:39
Nederland,ElectricityLoad,Hour,9068388,9068388,0,0,21/05/2025 20:00,21/05/2025 21:00,20/09/2025 06:39
Nederland,ElectricityLoad,Hour,8146332,8146332,0,0,21/05/2025 21:00,21/05/2025 22:00,20/09/2025 06:39
Nederland,ElectricityLoad,Hour,7654789,7654789,0,0,21/05/2025 22:00,21/05/2025 23:00,20/09/2025 06:39
Nederland,ElectricityLoad,Hour,7450499,7450499,0,0,21/05/2025 23:00,22/05/2025 00:00,20/09/2025 06:39
Nederland,ElectricityLoad,Hour,7217113,7217113,0,0,22/05/2025 00:00,22/05/2025 01:00,21/09/2025 06:38
Nederland,ElectricityLoad,Hour,7204599,7204599,0,0,22/05/2025 01:00,22/05/2025 02:00,21/09/2025 06:38
Nederland,ElectricityLoad,Hour,7402727,7402727,0,0,22/05/2025 02:00,22/05/2025 03:00,21/09/2025 06:38
Nederland,ElectricityLoad,Hour,7871197,7871197,0,0,22/05/2025 03:00,22/05/2025 04:00,21/09/2025 06:38
Nederland,ElectricityLoad,Hour,8176543,8176543,0,0,22/05/2025 04:00,22/05/2025 05:00,21/09/2025 06:38
Nederland,ElectricityLoad,Hour,9981571,9981571,0,0,22/05/2025 05:00,22/05/2025 06:00,21/09/2025 06:38
Nederland,ElectricityLoad,Hour,12318756,12318756,0,0,22/05/2025 06:00,22/05/2025 07:00,21/09/2025 06:38
Nederland,ElectricityLoad,Hour,15255385,15255385,0,0,22/05/2025 07:00,22/05/2025 08:00,21/09/2025 06:38
Nederland,ElectricityLoad,Hour,17490834,17490834,0,0,22/05/2025 08:00,22/05/2025 09:00,21/09/2025 06:38
Nederland,ElectricityLoad,Hour,19742397,19742397,0,0,22/05/2025 09:00,22/05/2025 10:00,21/09/2025 06:38
Nederland,ElectricityLoad,Hour,21549462,21549462,0,0,22/05/2025 10:00,22/05/2025 11:00,21/09/2025 06:38
Nederland,ElectricityLoad,Hour,23308326,23308326,0,0,22/05/2025 11:00,22/05/2025 12:00,21/09/2025 06:38
Nederland,ElectricityLoad,Hour,23111823,23111823,0,0,22/05/2025 12:00,22/05/2025 13:00,21/09/2025 06:38
Nederland,ElectricityLoad,Hour,21989381,21989381,0,0,22/05/2025 13:00,22/05/2025 14:00,21/09/2025 06:38
Nederland,ElectricityLoad,Hour,19950764,19950764,0,0,22/05/2025 14:00,22/05/2025 15:00,21/09/2025 06:38
Nederland,ElectricityLoad,Hour,18390640,18390640,0,0,22/05/2025 15:00,22/05/2025 16:00,21/09/2025 06:38
Nederland,ElectricityLoad,Hour,15594315,15594315,0,0,22/05/2025 16:00,22/05/2025 17:00,21/09/2025 06:38
Nederland,ElectricityLoad,Hour,13615935,13615935,0,0,22/05/2025 17:00,22/05/2025 18:00,21/09/2025 06:38
Nederland,ElectricityLoad,Hour,12291691,12291691,0,0,22/05/2025 18:00,22/05/2025 19:00,21/09/2025 06:38
Nederland,ElectricityLoad,Hour,9662187,9662187,0,0,22/05/2025 19:00,22/05/2025 20:00,21/09/2025 06:38
Nederland,ElectricityLoad,Hour,8469967,8469967,0,0,22/05/2025 20:00,22/05/2025 21:00,21/09/2025 06:38
Nederland,ElectricityLoad,Hour,7871553,7871553,0,0,22/05/2025 21:00,22/05/2025 22:00,21/09/2025 06:38
Nederland,ElectricityLoad,Hour,7619580,7619580,0,0,22/05/2025 22:00,22/05/2025 23:00,21/09/2025 06:38
Nederland,ElectricityLoad,Hour,7008781,7008781,0,0,22/05/2025 23:00,23/05/2025 00:00,21/09/2025 06:38
Nederland,ElectricityLoad,Hour,6739369,6739369,0,0,23/05/2025 00:00,23/05/2025 01:00,22/09/2025 06:39
Nederland,ElectricityLoad,Hour,6619220,6619220,0,0,23/05/2025 01:00,23/05/2025 02:00,22/09/2025 06:39
Nederland,ElectricityLoad,Hour,6568021,6568021,0,0,23/05/2025 02:00,23/05/2025 03:00,22/09/2025 06:39
Nederland,ElectricityLoad,Hour,7004371,7004371,0,0,23/05/2025 03:00,23/05/2025 04:00,22/09/2025 06:39
Nederland,ElectricityLoad,Hour,7651742,7651742,0,0,23/05/2025 04:00,23/05/2025 05:00,22/09/2025 06:39
Nederland,ElectricityLoad,Hour,9477369,9477369,0,0,23/05/2025 05:00,23/05/2025 06:00,22/09/2025 06:39
Nederland,ElectricityLoad,Hour,12141007,12141007,0,0,23/05/2025 06:00,23/05/2025 07:00,22/09/2025 06:39
Nederland,ElectricityLoad,Hour,14808319,14808319,0,0,23/05/2025 07:00,23/05/2025 08:00,22/09/2025 06:39
Nederland,ElectricityLoad,Hour,15656687,15656687,0,0,23/05/2025 08:00,23/05/2025 09:00,22/09/2025 06:39
Nederland,ElectricityLoad,Hour,16572597,16572597,0,0,23/05/2025 09:00,23/05/2025 10:00,22/09/2025 06:39
Nederland,ElectricityLoad,Hour,19186153,19186153,0,0,23/05/2025 10:00,23/05/2025 11:00,22/09/2025 06:39
Nederland,ElectricityLoad,Hour,19969704,19969704,0,0,23/05/2025 11:00,23/05/2025 12:00,22/09/2025 06:39
Nederland,ElectricityLoad,Hour,20725543,20725543,0,0,23/05/2025 12:00,23/05/2025 13:00,22/09/2025 06:39
Nederland,ElectricityLoad,Hour,18881584,18881584,0,0,23/05/2025 13:00,23/05/2025 14:00,22/09/2025 06:39
Nederland,ElectricityLoad,Hour,18229018,18229018,0,0,23/05/2025 14:00,23/05/2025 15:00,22/09/2025 06:39
Nederland,ElectricityLoad,Hour,15680393,15680393,0,0,23/05/2025 15:00,23/05/2025 16:00,22/09/2025 06:39
Nederland,ElectricityLoad,Hour,15571357,15571357,0,0,23/05/2025 16:00,23/05/2025 17:00,22/09/2025 06:39
Nederland,ElectricityLoad,Hour,12923027,12923027,0,0,23/05/2025 17:00,23/05/2025 18:00,22/09/2025 06:39
Nederland,ElectricityLoad,Hour,11161626,11161626,0,0,23/05/2025 18:00,23/05/2025 19:00,22/09/2025 06:39
Nederland,ElectricityLoad,Hour,9180220,9180220,0,0,23/05/2025 19:00,23/05/2025 20:00,22/09/2025 06:39
Nederland,ElectricityLoad,Hour,8310956,8310956,0,0,23/05/2025 20:00,23/05/2025 21:00,22/09/2025 06:39
Nederland,ElectricityLoad,Hour,7422649,7422649,0,0,23/05/2025 21:00,23/05/2025 22:00,22/09/2025 06:39
Nederland,ElectricityLoad,Hour,6853503,6853503,0,0,23/05/2025 22:00,23/05/2025 23:00,22/09/2025 06:39
Nederland,ElectricityLoad,Hour,6387375,6387375,0,0,23/05/2025 23:00,24/05/2025 00:00,22/09/2025 06:39
Nederland,ElectricityLoad,Hour,5951322,5951322,0,0,24/05/2025 00:00,24/05/2025 01:00,23/09/2025 06:39
Nederland,ElectricityLoad,Hour,5856468,5856468,0,0,24/05/2025 01:00,24/05/2025 02:00,23/09/2025 06:39
Nederland,ElectricityLoad,Hour,5874946,5874946,0,0,24/05/2025 02:00,24/05/2025 03:00,23/09/2025 06:39
Nederland,ElectricityLoad,Hour,5976776,5976776,0,0,24/05/2025 03:00,24/05/2025 04:00,23/09/2025 06:39
Nederland,ElectricityLoad,Hour,6575769,6575769,0,0,24/05/2025 04:00,24/05/2025 05:00,23/09/2025 06:39
Nederland,ElectricityLoad,Hour,8169160,8169160,0,0,24/05/2025 05:00,24/05/2025 06:00,23/09/2025 06:39
Nederland,ElectricityLoad,Hour,10647258,10647258,0,0,24/05/2025 06:00,24/05/2025 07:00,23/09/2025 06:39
Nederland,ElectricityLoad,Hour,12483389,12483389,0,0,24/05/2025 07:00,24/05/2025 08:00,23/09/2025 06:39
Nederland,ElectricityLoad,Hour,14534474,14534474,0,0,24/05/2025 08:00,24/05/2025 09:00,23/09/2025 06:39
Nederland,ElectricityLoad,Hour,14584241,14584241,0,0,24/05/2025 09:00,24/05/2025 10:00,23/09/2025 06:39
Nederland,ElectricityLoad,Hour,14593405,14593405,0,0,24/05/2025 10:00,24/05/2025 11:00,23/09/2025 06:39
Nederland,ElectricityLoad,Hour,14716039,14716039,0,0,24/05/2025 11:00,24/05/2025 12:00,23/09/2025 06:39
Nederland,ElectricityLoad,Hour,13106650,13106650,0,0,24/05/2025 12:00,24/05/2025 13:00,23/09/2025 06:39
Nederland,ElectricityLoad,Hour,12662883,12662883,0,0,24/05/2025 13:00,24/05/2025 14:00,23/09/2025 06:39
Nederland,ElectricityLoad,Hour,12631487,12631487,0,0,24/05/2025 14:00,24/05/2025 15:00,23/09/2025 06:39
Nederland,ElectricityLoad,Hour,12269699,12269699,0,0,24/05/2025 15:00,24/05/2025 16:00,23/09/2025 06:39
Nederland,ElectricityLoad,Hour,11441207,11441207,0,0,24/05/2025 16:00,24/05/2025 17:00,23/09/2025 06:39
Nederland,ElectricityLoad,Hour,9628245,9628245,0,0,24/05/2025 17:00,24/05/2025 18:00,23/09/2025 06:39
Nederland,ElectricityLoad,Hour,9010068,9010068,0,0,24/05/2025 18:00,24/05/2025 19:00,23/09/2025 06:39
Nederland,ElectricityLoad,Hour,8560720,8560720,0,0,24/05/2025 19:00,24/05/2025 20:00,23/09/2025 06:39
Nederland,ElectricityLoad,Hour,8293964,8293964,0,0,24/05/2025 20:00,24/05/2025 21:00,23/09/2025 06:39
Nederland,ElectricityLoad,Hour,8296373,8296373,0,0,24/05/2025 21:00,24/05/2025 22:00,23/09/2025 06:39
Nederland,ElectricityLoad,Hour,8248342,8248342,0,0,24/05/2025 22:00,24/05/2025 23:00,23/09/2025 06:39
Nederland,ElectricityLoad,Hour,7905136,7905136,0,0,24/05/2025 23:00,25/05/2025 00:00,23/09/2025 06:39
Nederland,ElectricityLoad,Hour,7685988,7685988,0,0,25/05/2025 00:00,25/05/2025 01:00,24/09/2025 06:39
Nederland,ElectricityLoad,Hour,7791689,7791689,0,0,25/05/2025 01:00,25/05/2025 02:00,24/09/2025 06:39
Nederland,ElectricityLoad,Hour,7555837,7555837,0,0,25/05/2025 02:00,25/05/2025 03:00,24/09/2025 06:39
Nederland,ElectricityLoad,Hour,7677946,7677946,0,0,25/05/2025 03:00,25/05/2025 04:00,24/09/2025 06:39
Nederland,ElectricityLoad,Hour,7413355,7413355,0,0,25/05/2025 04:00,25/05/2025 05:00,24/09/2025 06:39
Nederland,ElectricityLoad,Hour,8049399,8049399,0,0,25/05/2025 05:00,25/05/2025 06:00,24/09/2025 06:39
Nederland,ElectricityLoad,Hour,9524099,9524099,0,0,25/05/2025 06:00,25/05/2025 07:00,24/09/2025 06:39
Nederland,ElectricityLoad,Hour,11627975,11627975,0,0,25/05/2025 07:00,25/05/2025 08:00,24/09/2025 06:39
Nederland,ElectricityLoad,Hour,12096608,12096608,0,0,25/05/2025 08:00,25/05/2025 09:00,24/09/2025 06:39
Nederland,ElectricityLoad,Hour,14559768,14559768,0,0,25/05/2025 09:00,25/05/2025 10:00,24/09/2025 06:39
Nederland,ElectricityLoad,Hour,18629020,18629020,0,0,25/05/2025 10:00,25/05/2025 11:00,24/09/2025 06:39
Nederland,ElectricityLoad,Hour,18564477,18564477,0,0,25/05/2025 11:00,25/05/2025 12:00,24/09/2025 06:39
Nederland,ElectricityLoad,Hour,18175791,18175791,0,0,25/05/2025 12:00,25/05/2025 13:00,24/09/2025 06:39
Nederland,ElectricityLoad,Hour,17617460,17617460,0,0,25/05/2025 13:00,25/05/2025 14:00,24/09/2025 06:39
Nederland,ElectricityLoad,Hour,15773122,15773122,0,0,25/05/2025 14:00,25/05/2025 15:00,24/09/2025 06:39
Nederland,ElectricityLoad,Hour,15086681,15086681,0,0,25/05/2025 15:00,25/05/2025 16:00,24/09/2025 06:39
Nederland,ElectricityLoad,Hour,12823133,12823133,0,0,25/05/2025 16:00,25/05/2025 17:00,24/09/2025 06:39
Nederland,ElectricityLoad,Hour,10442680,10442680,0,0,25/05/2025 17:00,25/05/2025 18:00,24/09/2025 06:39
Nederland,ElectricityLoad,Hour,9026248,9026248,0,0,25/05/2025 18:00,25/05/2025 19:00,24/09/2025 06:39
Nederland,ElectricityLoad,Hour,8070940,8070940,0,0,25/05/2025 19:00,25/05/2025 20:00,24/09/2025 06:39
Nederland,ElectricityLoad,Hour,7596480,7596480,0,0,25/05/2025 20:00,25/05/2025 21:00,24/09/2025 06:39
Nederland,ElectricityLoad,Hour,7026457,7026457,0,0,25/05/2025 21:00,25/05/2025 22:00,24/09/2025 06:39
Nederland,ElectricityLoad,Hour,6288403,6288403,0,0,25/05/2025 22:00,25/05/2025 23:00,24/09/2025 06:39
Nederland,ElectricityLoad,Hour,6051951,6051951,0,0,25/05/2025 23:00,26/05/2025 00:00,24/09/2025 06:39
Nederland,ElectricityLoad,Hour,5925225,5925225,0,0,26/05/2025 00:00,26/05/2025 01:00,25/09/2025 06:39
Nederland,ElectricityLoad,Hour,6083435,6083435,0,0,26/05/2025 01:00,26/05/2025 02:00,25/09/2025 06:39
Nederland,ElectricityLoad,Hour,5997888,5997888,0,0,26/05/2025 02:00,26/05/2025 03:00,25/09/2025 06:39
Nederland,ElectricityLoad,Hour,6123466,6123466,0,0,26/05/2025 03:00,26/05/2025 04:00,25/09/2025 06:39
Nederland,ElectricityLoad,Hour,6680646,6680646,0,0,26/05/2025 04:00,26/05/2025 05:00,25/09/2025 06:39
Nederland,ElectricityLoad,Hour,8867744,8867744,0,0,26/05/2025 05:00,26/05/2025 06:00,25/09/2025 06:39
Nederland,ElectricityLoad,Hour,11451090,11451090,0,0,26/05/2025 06:00,26/05/2025 07:00,25/09/2025 06:39
Nederland,ElectricityLoad,Hour,15205071,15205071,0,0,26/05/2025 07:00,26/05/2025 08:00,25/09/2025 06:39
Nederland,ElectricityLoad,Hour,16916230,16916230,0,0,26/05/2025 08:00,26/05/2025 09:00,25/09/2025 06:39
Nederland,ElectricityLoad,Hour,18422801,18422801,0,0,26/05/2025 09:00,26/05/2025 10:00,25/09/2025 06:39
Nederland,ElectricityLoad,Hour,20517217,20517217,0,0,26/05/2025 10:00,26/05/2025 11:00,25/09/2025 06:39
Nederland,ElectricityLoad,Hour,21594855,21594855,0,0,26/05/2025 11:00,26/05/2025 12:00,25/09/2025 06:39
Nederland,ElectricityLoad,Hour,20724458,20724458,0,0,26/05/2025 12:00,26/05/2025 13:00,25/09/2025 06:39
Nederland,ElectricityLoad,Hour,21039128,21039128,0,0,26/05/2025 13:00,26/05/2025 14:00,25/09/2025 06:39
Nederland,ElectricityLoad,Hour,18840579,18840579,0,0,26/05/2025 14:00,26/05/2025 15:00,25/09/2025 06:39
Nederland,ElectricityLoad,Hour,17167144,17167144,0,0,26/05/2025 15:00,26/05/2025 16:00,25/09/2025 06:39
Nederland,ElectricityLoad,Hour,15141991,15141991,0,0,26/05/2025 16:00,26/05/2025 17:00,25/09/2025 06:39
Nederland,ElectricityLoad,Hour,13075918,13075918,0,0,26/05/2025 17:00,26/05/2025 18:00,25/09/2025 06:39
Nederland,ElectricityLoad,Hour,10399344,10399344,0,0,26/05/2025 18:00,26/05/2025 19:00,25/09/2025 06:39
Nederland,ElectricityLoad,Hour,9197039,9197039,0,0,26/05/2025 19:00,26/05/2025 20:00,25/09/2025 06:39
Nederland,ElectricityLoad,Hour,8606579,8606579,0,0,26/05/2025 20:00,26/05/2025 21:00,25/09/2025 06:39
Nederland,ElectricityLoad,Hour,8339735,8339735,0,0,26/05/2025 21:00,26/05/2025 22:00,25/09/2025 06:39
Nederland,ElectricityLoad,Hour,7929138,7929138,0,0,26/05/2025 22:00,26/05/2025 23:00,25/09/2025 06:39
Nederland,ElectricityLoad,Hour,7609272,7609272,0,0,26/05/2025 23:00,27/05/2025 00:00,25/09/2025 06:39
Nederland,ElectricityLoad,Hour,7696806,7696806,0,0,27/05/2025 00:00,27/05/2025 01:00,26/09/2025 06:38
Nederland,ElectricityLoad,Hour,8033940,8033940,0,0,27/05/2025 01:00,27/05/2025 02:00,26/09/2025 06:38
Nederland,ElectricityLoad,Hour,8377242,8377242,0,0,27/05/2025 02:00,27/05/2025 03:00,26/09/2025 06:38
Nederland,ElectricityLoad,Hour,8657933,8657933,0,0,27/05/2025 03:00,27/05/2025 04:00,26/09/2025 06:38
Nederland,ElectricityLoad,Hour,9462521,9462521,0,0,27/05/2025 04:00,27/05/2025 05:00,26/09/2025 06:38
Nederland,ElectricityLoad,Hour,10819253,10819253,0,0,27/05/2025 05:00,27/05/2025 06:00,26/09/2025 06:38
Nederland,ElectricityLoad,Hour,12036207,12036207,0,0,27/05/2025 06:00,27/05/2025 07:00,26/09/2025 06:38
Nederland,ElectricityLoad,Hour,13134743,13134743,0,0,27/05/2025 07:00,27/05/2025 08:00,26/09/2025 06:38
Nederland,ElectricityLoad,Hour,14337486,14337486,0,0,27/05/2025 08:00,27/05/2025 09:00,26/09/2025 06:38
Nederland,ElectricityLoad,Hour,15749385,15749385,0,0,27/05/2025 09:00,27/05/2025 10:00,26/09/2025 06:38
Nederland,ElectricityLoad,Hour,16467576,16467576,0,0,27/05/2025 10:00,27/05/2025 11:00,26/09/2025 06:38
Nederland,ElectricityLoad,Hour,19469954,19469954,0,0,27/05/2025 11:00,27/05/2025 12:00,26/09/2025 06:38
Nederland,ElectricityLoad,Hour,18938738,18938738,0,0,27/05/2025 12:00,27/05/2025 13:00,26/09/2025 06:38
Nederland,ElectricityLoad,Hour,18050658,18050658,0,0,27/05/2025 13:00,27/05/2025 14:00,26/09/2025 06:38
Nederland,ElectricityLoad,Hour,14355763,14355763,0,0,27/05/2025 14:00,27/05/2025 15:00,26/09/2025 06:38
Nederland,ElectricityLoad,Hour,12630739,12630739,0,0,27/05/2025 15:00,27/05/2025 16:00,26/09/2025 06:38
Nederland,ElectricityLoad,Hour,11567591,11567591,0,0,27/05/2025 16:00,27/05/2025 17:00,26/09/2025 06:38
Nederland,ElectricityLoad,Hour,10816516,10816516,0,0,27/05/2025 17:00,27/05/2025 18:00,26/09/2025 06:38
Nederland,ElectricityLoad,Hour,9872273,9872273,0,0,27/05/2025 18:00,27/05/2025 19:00,26/09/2025 06:38
Nederland,ElectricityLoad,Hour,9082891,9082891,0,0,27/05/2025 19:00,27/05/2025 20:00,26/09/2025 06:38
Nederland,ElectricityLoad,Hour,8893529,8893529,0,0,27/05/2025 20:00,27/05/2025 21:00,26/09/2025 06:38
Nederland,ElectricityLoad,Hour,8703844,8703844,0,0,27/05/2025 21:00,27/05/2025 22:00,26/09/2025 06:38
Nederland,ElectricityLoad,Hour,8642307,8642307,0,0,27/05/2025 22:00,27/05/2025 23:00,26/09/2025 06:38
Nederland,ElectricityLoad,Hour,8587524,8587524,0,0,27/05/2025 23:00,28/05/2025 00:00,26/09/2025 06:38
Nederland,ElectricityLoad,Hour,8473433,8473433,0,0,28/05/2025 00:00,28/05/2025 01:00,27/09/2025 06:38
Nederland,ElectricityLoad,Hour,8334718,8334718,0,0,28/05/2025 01:00,28/05/2025 02:00,27/09/2025 06:38
Nederland,ElectricityLoad,Hour,8157583,8157583,0,0,28/05/2025 02:00,28/05/2025 03:00,27/09/2025 06:38
Nederland,ElectricityLoad,Hour,8578197,8578197,0,0,28/05/2025 03:00,28/05/2025 04:00,27/09/2025 06:38
Nederland,ElectricityLoad,Hour,9660085,9660085,0,0,28/05/2025 04:00,28/05/2025 05:00,27/09/2025 06:38
Nederland,ElectricityLoad,Hour,10762985,10762985,0,0,28/05/2025 05:00,28/05/2025 06:00,27/09/2025 06:38
Nederland,ElectricityLoad,Hour,12479876,12479876,0,0,28/05/2025 06:00,28/05/2025 07:00,27/09/2025 06:38
Nederland,ElectricityLoad,Hour,13322188,13322188,0,0,28/05/2025 07:00,28/05/2025 08:00,27/09/2025 06:38
Nederland,ElectricityLoad,Hour,13734507,13734507,0,0,28/05/2025 08:00,28/05/2025 09:00,27/09/2025 06:38
Nederland,ElectricityLoad,Hour,15659927,15659927,0,0,28/05/2025 09:00,28/05/2025 10:00,27/09/2025 06:38
Nederland,ElectricityLoad,Hour,15566588,15566588,0,0,28/05/2025 10:00,28/05/2025 11:00,27/09/2025 06:38
Nederland,ElectricityLoad,Hour,16997948,16997948,0,0,28/05/2025 11:00,28/05/2025 12:00,27/09/2025 06:38
Nederland,ElectricityLoad,Hour,16182207,16182207,0,0,28/05/2025 12:00,28/05/2025 13:00,27/09/2025 06:38
Nederland,ElectricityLoad,Hour,17116175,17116175,0,0,28/05/2025 13:00,28/05/2025 14:00,27/09/2025 06:38
Nederland,ElectricityLoad,Hour,16937744,16937744,0,0,28/05/2025 14:00,28/05/2025 15:00,27/09/2025 06:38
Nederland,ElectricityLoad,Hour,17647693,17647693,0,0,28/05/2025 15:00,28/05/2025 16:00,27/09/2025 06:38
Nederland,ElectricityLoad,Hour,15579607,15579607,0,0,28/05/2025 16:00,28/05/2025 17:00,27/09/2025 06:38
Nederland,ElectricityLoad,Hour,13463679,13463679,0,0,28/05/2025 17:00,28/05/2025 18:00,27/09/2025 06:38
Nederland,ElectricityLoad,Hour,11091755,11091755,0,0,28/05/2025 18:00,28/05/2025 19:00,27/09/2025 06:38
Nederland,ElectricityLoad,Hour,9099042,9099042,0,0,28/05/2025 19:00,28/05/2025 20:00,27/09/2025 06:38
Nederland,ElectricityLoad,Hour,8507633,8507633,0,0,28/05/2025 20:00,28/05/2025 21:00,27/09/2025 06:38
Nederland,ElectricityLoad,Hour,8067667,8067667,0,0,28/05/2025 21:00,28/05/2025 22:00,27/09/2025 06:38
Nederland,ElectricityLoad,Hour,7489282,7489282,0,0,28/05/2025 22:00,28/05/2025 23:00,27/09/2025 06:38
Nederland,ElectricityLoad,Hour,7131548,7131548,0,0,28/05/2025 23:00,29/05/2025 00:00,27/09/2025 06:38
Nederland,ElectricityLoad,Hour,6869905,6869905,0,0,29/05/2025 00:00,29/05/2025 01:00,28/09/2025 06:38
Nederland,ElectricityLoad,Hour,6591086,6591086,0,0,29/05/2025 01:00,29/05/2025 02:00,28/09/2025 06:38
Nederland,ElectricityLoad,Hour,6443244,6443244,0,0,29/05/2025 02:00,29/05/2025 03:00,28/09/2025 06:38
Nederland,ElectricityLoad,Hour,6579489,6579489,0,0,29/05/2025 03:00,29/05/2025 04:00,28/09/2025 06:38
Nederland,ElectricityLoad,Hour,6748359,6748359,0,0,29/05/2025 04:00,29/05/2025 05:00,28/09/2025 06:38
Nederland,ElectricityLoad,Hour,7298036,7298036,0,0,29/05/2025 05:00,29/05/2025 06:00,28/09/2025 06:38
Nederland,ElectricityLoad,Hour,7862080,7862080,0,0,29/05/2025 06:00,29/05/2025 07:00,28/09/2025 06:38
Nederland,ElectricityLoad,Hour,9157053,9157053,0,0,29/05/2025 07:00,29/05/2025 08:00,28/09/2025 06:38
Nederland,ElectricityLoad,Hour,10925657,10925657,0,0,29/05/2025 08:00,29/05/2025 09:00,28/09/2025 06:38
Nederland,ElectricityLoad,Hour,12731080,12731080,0,0,29/05/2025 09:00,29/05/2025 10:00,28/09/2025 06:38
Nederland,ElectricityLoad,Hour,13488735,13488735,0,0,29/05/2025 10:00,29/05/2025 11:00,28/09/2025 06:38
Nederland,ElectricityLoad,Hour,13341893,13341893,0,0,29/05/2025 11:00,29/05/2025 12:00,28/09/2025 06:38
Nederland,ElectricityLoad,Hour,13635846,13635846,0,0,29/05/2025 12:00,29/05/2025 13:00,28/09/2025 06:38
Nederland,ElectricityLoad,Hour,15035271,15035271,0,0,29/05/2025 13:00,29/05/2025 14:00,28/09/2025 06:38
Nederland,ElectricityLoad,Hour,14185161,14185161,0,0,29/05/2025 14:00,29/05/2025 15:00,28/09/2025 06:38
Nederland,ElectricityLoad,Hour,13562564,13562564,0,0,29/05/2025 15:00,29/05/2025 16:00,28/09/2025 06:38
Nederland,ElectricityLoad,Hour,12717909,12717909,0,0,29/05/2025 16:00,29/05/2025 17:00,28/09/2025 06:38
Nederland,ElectricityLoad,Hour,10532273,10532273,0,0,29/05/2025 17:00,29/05/2025 18:00,28/09/2025 06:38
Nederland,ElectricityLoad,Hour,9758463,9758463,0,0,29/05/2025 18:00,29/05/2025 19:00,28/09/2025 06:38
Nederland,ElectricityLoad,Hour,8860660,8860660,0,0,29/05/2025 19:00,29/05/2025 20:00,28/09/2025 06:38
Nederland,ElectricityLoad,Hour,8541278,8541278,0,0,29/05/2025 20:00,29/05/2025 21:00,28/09/2025 06:38
Nederland,ElectricityLoad,Hour,8488008,8488008,0,0,29/05/2025 21:00,29/05/2025 22:00,28/09/2025 06:38
Nederland,ElectricityLoad,Hour,8623532,8623532,0,0,29/05/2025 22:00,29/05/2025 23:00,28/09/2025 06:38
Nederland,ElectricityLoad,Hour,8360424,8360424,0,0,29/05/2025 23:00,30/05/2025 00:00,28/09/2025 06:38
Nederland,ElectricityLoad,Hour,8090790,8090790,0,0,30/05/2025 00:00,30/05/2025 01:00,29/09/2025 06:38
Nederland,ElectricityLoad,Hour,7744927,7744927,0,0,30/05/2025 01:00,30/05/2025 02:00,29/09/2025 06:38
Nederland,ElectricityLoad,Hour,7307103,7307103,0,0,30/05/2025 02:00,30/05/2025 03:00,29/09/2025 06:38
Nederland,ElectricityLoad,Hour,7265610,7265610,0,0,30/05/2025 03:00,30/05/2025 04:00,29/09/2025 06:38
Nederland,ElectricityLoad,Hour,8036129,8036129,0,0,30/05/2025 04:00,30/05/2025 05:00,29/09/2025 06:38
Nederland,ElectricityLoad,Hour,9749795,9749795,0,0,30/05/2025 05:00,30/05/2025 06:00,29/09/2025 06:38
Nederland,ElectricityLoad,Hour,11942100,11942100,0,0,30/05/2025 06:00,30/05/2025 07:00,29/09/2025 06:38
Nederland,ElectricityLoad,Hour,14604813,14604813,0,0,30/05/2025 07:00,30/05/2025 08:00,29/09/2025 06:38
Nederland,ElectricityLoad,Hour,15712352,15712352,0,0,30/05/2025 08:00,30/05/2025 09:00,29/09/2025 06:38
Nederland,ElectricityLoad,Hour,18685514,18685514,0,0,30/05/2025 09:00,30/05/2025 10:00,29/09/2025 06:38
Nederland,ElectricityLoad,Hour,20599077,20599077,0,0,30/05/2025 10:00,30/05/2025 11:00,29/09/2025 06:38
Nederland,ElectricityLoad,Hour,22042385,22042385,0,0,30/05/2025 11:00,30/05/2025 12:00,29/09/2025 06:38
Nederland,ElectricityLoad,Hour,22408652,22408652,0,0,30/05/2025 12:00,30/05/2025 13:00,29/09/2025 06:38
Nederland,ElectricityLoad,Hour,21337931,21337931,0,0,30/05/2025 13:00,30/05/2025 14:00,29/09/2025 06:38
Nederland,ElectricityLoad,Hour,18514303,18514303,0,0,30/05/2025 14:00,30/05/2025 15:00,29/09/2025 06:38
Nederland,ElectricityLoad,Hour,16497639,16497639,0,0,30/05/2025 15:00,30/05/2025 16:00,29/09/2025 06:38
Nederland,ElectricityLoad,Hour,14883781,14883781,0,0,30/05/2025 16:00,30/05/2025 17:00,29/09/2025 06:38
Nederland,ElectricityLoad,Hour,12805267,12805267,0,0,30/05/2025 17:00,30/05/2025 18:00,29/09/2025 06:38
Nederland,ElectricityLoad,Hour,10321891,10321891,0,0,30/05/2025 18:00,30/05/2025 19:00,29/09/2025 06:38
Nederland,ElectricityLoad,Hour,8470345,8470345,0,0,30/05/2025 19:00,30/05/2025 20:00,29/09/2025 06:38
Nederland,ElectricityLoad,Hour,8072047,8072047,0,0,30/05/2025 20:00,30/05/2025 21:00,29/09/2025 06:38
Nederland,ElectricityLoad,Hour,7826277,7826277,0,0,30/05/2025 21:00,30/05/2025 22:00,29/09/2025 06:38
Nederland,ElectricityLoad,Hour,7379452,7379452,0,0,30/05/2025 22:00,30/05/2025 23:00,29/09/2025 06:38
Nederland,ElectricityLoad,Hour,7213757,7213757,0,0,30/05/2025 23:00,31/05/2025 00:00,29/09/2025 06:38
Nederland,ElectricityLoad,Hour,7015272,7015272,0,0,31/05/2025 00:00,31/05/2025 01:00,30/09/2025 06:38
Nederland,ElectricityLoad,Hour,6917351,6917351,0,0,31/05/2025 01:00,31/05/2025 02:00,30/09/2025 06:38
Nederland,ElectricityLoad,Hour,6810165,6810165,0,0,31/05/2025 02:00,31/05/2025 03:00,30/09/2025 06:38
Nederland,ElectricityLoad,Hour,6630005,6630005,0,0,31/05/2025 03:00,31/05/2025 04:00,30/09/2025 06:38
Nederland,ElectricityLoad,Hour,6641980,6641980,0,0,31/05/2025 04:00,31/05/2025 05:00,30/09/2025 06:38
Nederland,ElectricityLoad,Hour,7390296,7390296,0,0,31/05/2025 05:00,31/05/2025 06:00,30/09/2025 06:38
Nederland,ElectricityLoad,Hour,9531238,9531238,0,0,31/05/2025 06:00,31/05/2025 07:00,30/09/2025 06:38
Nederland,ElectricityLoad,Hour,12027329,12027329,0,0,31/05/2025 07:00,31/05/2025 08:00,30/09/2025 06:38
Nederland,ElectricityLoad,Hour,14424085,14424085,0,0,31/05/2025 08:00,31/05/2025 09:00,30/09/2025 06:38
Nederland,ElectricityLoad,Hour,15232905,15232905,0,0,31/05/2025 09:00,31/05/2025 10:00,30/09/2025 06:38
Nederland,ElectricityLoad,Hour,16123281,16123281,0,0,31/05/2025 10:00,31/05/2025 11:00,30/09/2025 06:38
Nederland,ElectricityLoad,Hour,16378285,16378285,0,0,31/05/2025 11:00,31/05/2025 12:00,30/09/2025 06:38
Nederland,ElectricityLoad,Hour,17899353,17899353,0,0,31/05/2025 12:00,31/05/2025 13:00,30/09/2025 06:38
Nederland,ElectricityLoad,Hour,17578833,17578833,0,0,31/05/2025 13:00,31/05/2025 14:00,30/09/2025 06:38
Nederland,ElectricityLoad,Hour,16778297,16778297,0,0,31/05/2025 14:00,31/05/2025 15:00,30/09/2025 06:38
Nederland,ElectricityLoad,Hour,13665613,13665613,0,0,31/05/2025 15:00,31/05/2025 16:00,30/09/2025 06:38
Nederland,ElectricityLoad,Hour,12211384,12211384,0,0,31/05/2025 16:00,31/05/2025 17:00,30/09/2025 06:38
Nederland,ElectricityLoad,Hour,9982151,9982151,0,0,31/05/2025 17:00,31/05/2025 18:00,30/09/2025 06:38
Nederland,ElectricityLoad,Hour,8805944,8805944,0,0,31/05/2025 18:00,31/05/2025 19:00,30/09/2025 06:38
Nederland,ElectricityLoad,Hour,7845724,7845724,0,0,31/05/2025 19:00,31/05/2025 20:00,30/09/2025 06:38
Nederland,ElectricityLoad,Hour,7808787,7808787,0,0,31/05/2025 20:00,31/05/2025 21:00,30/09/2025 06:38
Nederland,ElectricityLoad,Hour,7522649,7522649,0,0,31/05/2025 21:00,31/05/2025 22:00,30/09/2025 06:38
Nederland,ElectricityLoad,Hour,7071642,7071642,0,0,31/05/2025 22:00,31/05/2025 23:00,30/09/2025 06:38
Nederland,ElectricityLoad,Hour,6783567,6783567,0,0,31/05/2025 23:00,01/06/2025 00:00,30/09/2025 06:38
Nederland,ElectricityLoad,Hour,6714965,6714965,0,0,01/06/2025 00:00,01/06/2025 01:00,01/10/2025 06:38
Nederland,ElectricityLoad,Hour,6692178,6692178,0,0,01/06/2025 01:00,01/06/2025 02:00,01/10/2025 06:38
Nederland,ElectricityLoad,Hour,6576978,6576978,0,0,01/06/2025 02:00,01/06/2025 03:00,01/10/2025 06:38
Nederland,ElectricityLoad,Hour,6599581,6599581,0,0,01/06/2025 03:00,01/06/2025 04:00,01/10/2025 06:38
Nederland,ElectricityLoad,Hour,6972520,6972520,0,0,01/06/2025 04:00,01/06/2025 05:00,01/10/2025 06:38
Nederland,ElectricityLoad,Hour,8220821,8220821,0,0,01/06/2025 05:00,01/06/2025 06:00,01/10/2025 06:38
Nederland,ElectricityLoad,Hour,9934548,9934548,0,0,01/06/2025 06:00,01/06/2025 07:00,01/10/2025 06:38
Nederland,ElectricityLoad,Hour,12198743,12198743,0,0,01/06/2025 07:00,01/06/2025 08:00,01/10/2025 06:38
Nederland,ElectricityLoad,Hour,14461476,14461476,0,0,01/06/2025 08:00,01/06/2025 09:00,01/10/2025 06:38
Nederland,ElectricityLoad,Hour,15233287,15233287,0,0,01/06/2025 09:00,01/06/2025 10:00,01/10/2025 06:38
Nederland,ElectricityLoad,Hour,16483602,16483602,0,0,01/06/2025 10:00,01/06/2025 11:00,01/10/2025 06:38
Nederland,ElectricityLoad,Hour,16738327,16738327,0,0,01/06/2025 11:00,01/06/2025 12:00,01/10/2025 06:38
Nederland,ElectricityLoad,Hour,17074666,17074666,0,0,01/06/2025 12:00,01/06/2025 13:00,01/10/2025 06:38
Nederland,ElectricityLoad,Hour,16716529,16716529,0,0,01/06/2025 13:00,01/06/2025 14:00,01/10/2025 06:38
Nederland,ElectricityLoad,Hour,16554823,16554823,0,0,01/06/2025 14:00,01/06/2025 15:00,01/10/2025 06:38
Nederland,ElectricityLoad,Hour,16492530,16492530,0,0,01/06/2025 15:00,01/06/2025 16:00,01/10/2025 06:38
Nederland,ElectricityLoad,Hour,14878866,14878866,0,0,01/06/2025 16:00,01/06/2025 17:00,01/10/2025 06:38
Nederland,ElectricityLoad,Hour,13028831,13028831,0,0,01/06/2025 17:00,01/06/2025 18:00,01/10/2025 06:38
Nederland,ElectricityLoad,Hour,10554278,10554278,0,0,01/06/2025 18:00,01/06/2025 19:00,01/10/2025 06:38
Nederland,ElectricityLoad,Hour,8771627,8771627,0,0,01/06/2025 19:00,01/06/2025 20:00,01/10/2025 06:38
Nederland,ElectricityLoad,Hour,7702618,7702618,0,0,01/06/2025 20:00,01/06/2025 21:00,01/10/2025 06:38
Nederland,ElectricityLoad,Hour,7518118,7518118,0,0,01/06/2025 21:00,01/06/2025 22:00,01/10/2025 06:38
Nederland,ElectricityLoad,Hour,7301894,7301894,0,0,01/06/2025 22:00,01/06/2025 23:00,01/10/2025 06:38
Nederland,ElectricityLoad,Hour,7186199,7186199,0,0,01/06/2025 23:00,02/06/2025 00:00,01/10/2025 06:38
Nederland,ElectricityLoad,Hour,6939781,6939781,0,0,02/06/2025 00:00,02/06/2025 01:00,02/10/2025 06:38
Nederland,ElectricityLoad,Hour,6635061,6635061,0,0,02/06/2025 01:00,02/06/2025 02:00,02/10/2025 06:38
Nederland,ElectricityLoad,Hour,6692529,6692529,0,0,02/06/2025 02:00,02/06/2025 03:00,02/10/2025 06:38
Nederland,ElectricityLoad,Hour,6957397,6957397,0,0,02/06/2025 03:00,02/06/2025 04:00,02/10/2025 06:38
Nederland,ElectricityLoad,Hour,7335371,7335371,0,0,02/06/2025 04:00,02/06/2025 05:00,02/10/2025 06:38
Nederland,ElectricityLoad,Hour,9067038,9067038,0,0,02/06/2025 05:00,02/06/2025 06:00,02/10/2025 06:38
Nederland,ElectricityLoad,Hour,11602083,11602083,0,0,02/06/2025 06:00,02/06/2025 07:00,02/10/2025 06:38
Nederland,ElectricityLoad,Hour,13549958,13549958,0,0,02/06/2025 07:00,02/06/2025 08:00,02/10/2025 06:38
Nederland,ElectricityLoad,Hour,15766862,15766862,0,0,02/06/2025 08:00,02/06/2025 09:00,02/10/2025 06:38
Nederland,ElectricityLoad,Hour,16818461,16818461,0,0,02/06/2025 09:00,02/06/2025 10:00,02/10/2025 06:38
Nederland,ElectricityLoad,Hour,18235838,18235838,0,0,02/06/2025 10:00,02/06/2025 11:00,02/10/2025 06:38
Nederland,ElectricityLoad,Hour,17899078,17899078,0,0,02/06/2025 11:00,02/06/2025 12:00,02/10/2025 06:38
Nederland,ElectricityLoad,Hour,18006973,18006973,0,0,02/06/2025 12:00,02/06/2025 13:00,02/10/2025 06:38
Nederland,ElectricityLoad,Hour,19158479,19158479,0,0,02/06/2025 13:00,02/06/2025 14:00,02/10/2025 06:38
Nederland,ElectricityLoad,Hour,18654348,18654348,0,0,02/06/2025 14:00,02/06/2025 15:00,02/10/2025 06:38
Nederland,ElectricityLoad,Hour,17358920,17358920,0,0,02/06/2025 15:00,02/06/2025 16:00,02/10/2025 06:38
Nederland,ElectricityLoad,Hour,14617588,14617588,0,0,02/06/2025 16:00,02/06/2025 17:00,02/10/2025 06:38
Nederland,ElectricityLoad,Hour,13026370,13026370,0,0,02/06/2025 17:00,02/06/2025 18:00,02/10/2025 06:38
Nederland,ElectricityLoad,Hour,10689432,10689432,0,0,02/06/2025 18:00,02/06/2025 19:00,02/10/2025 06:38
Nederland,ElectricityLoad,Hour,8879483,8879483,0,0,02/06/2025 19:00,02/06/2025 20:00,02/10/2025 06:38
Nederland,ElectricityLoad,Hour,8423735,8423735,0,0,02/06/2025 20:00,02/06/2025 21:00,02/10/2025 06:38
Nederland,ElectricityLoad,Hour,8177983,8177983,0,0,02/06/2025 21:00,02/06/2025 22:00,02/10/2025 06:38
Nederland,ElectricityLoad,Hour,7932300,7932300,0,0,02/06/2025 22:00,02/06/2025 23:00,02/10/2025 06:38
Nederland,ElectricityLoad,Hour,7484523,7484523,0,0,02/06/2025 23:00,03/06/2025 00:00,02/10/2025 06:38
Nederland,ElectricityLoad,Hour,6895602,6895602,0,0,03/06/2025 00:00,03/06/2025 01:00,03/10/2025 06:38
Nederland,ElectricityLoad,Hour,6447168,6447168,0,0,03/06/2025 01:00,03/06/2025 02:00,03/10/2025 06:38
Nederland,ElectricityLoad,Hour,3166159,3166159,0,0,03/06/2025 02:00,03/06/2025 03:00,03/10/2025 06:38
Nederland,ElectricityLoad,Hour,6558136,6558136,0,0,03/06/2025 03:00,03/06/2025 04:00,03/10/2025 06:38
Nederland,ElectricityLoad,Hour,7191728,7191728,0,0,03/06/2025 04:00,03/06/2025 05:00,03/10/2025 06:38
Nederland,ElectricityLoad,Hour,9542845,9542845,0,0,03/06/2025 05:00,03/06/2025 06:00,03/10/2025 06:38
Nederland,ElectricityLoad,Hour,12077997,12077997,0,0,03/06/2025 06:00,03/06/2025 07:00,03/10/2025 06:38
Nederland,ElectricityLoad,Hour,13912125,13912125,0,0,03/06/2025 07:00,03/06/2025 08:00,03/10/2025 06:38
Nederland,ElectricityLoad,Hour,17612650,17612650,0,0,03/06/2025 08:00,03/06/2025 09:00,03/10/2025 06:38
Nederland,ElectricityLoad,Hour,20263790,20263790,0,0,03/06/2025 09:00,03/06/2025 10:00,03/10/2025 06:38
Nederland,ElectricityLoad,Hour,21507006,21507006,0,0,03/06/2025 10:00,03/06/2025 11:00,03/10/2025 06:38
Nederland,ElectricityLoad,Hour,23115770,23115770,0,0,03/06/2025 11:00,03/06/2025 12:00,03/10/2025 06:38
Nederland,ElectricityLoad,Hour,23850449,23850449,0,0,03/06/2025 12:00,03/06/2025 13:00,03/10/2025 06:38
Nederland,ElectricityLoad,Hour,21804807,21804807,0,0,03/06/2025 13:00,03/06/2025 14:00,03/10/2025 06:38
Nederland,ElectricityLoad,Hour,19425301,19425301,0,0,03/06/2025 14:00,03/06/2025 15:00,03/10/2025 06:38
Nederland,ElectricityLoad,Hour,16481603,16481603,0,0,03/06/2025 15:00,03/06/2025 16:00,03/10/2025 06:38
Nederland,ElectricityLoad,Hour,14112562,14112562,0,0,03/06/2025 16:00,03/06/2025 17:00,03/10/2025 06:38
Nederland,ElectricityLoad,Hour,12459618,12459618,0,0,03/06/2025 17:00,03/06/2025 18:00,03/10/2025 06:38
Nederland,ElectricityLoad,Hour,10544334,10544334,0,0,03/06/2025 18:00,03/06/2025 19:00,03/10/2025 06:38
Nederland,ElectricityLoad,Hour,9858595,9858595,0,0,03/06/2025 19:00,03/06/2025 20:00,03/10/2025 06:38
Nederland,ElectricityLoad,Hour,9310652,9310652,0,0,03/06/2025 20:00,03/06/2025 21:00,03/10/2025 06:38
Nederland,ElectricityLoad,Hour,8730804,8730804,0,0,03/06/2025 21:00,03/06/2025 22:00,03/10/2025 06:38
Nederland,ElectricityLoad,Hour,8418356,8418356,0,0,03/06/2025 22:00,03/06/2025 23:00,03/10/2025 06:38
Nederland,ElectricityLoad,Hour,7843036,7843036,0,0,03/06/2025 23:00,04/06/2025 00:00,03/10/2025 06:38
Nederland,ElectricityLoad,Hour,7732253,7732253,0,0,04/06/2025 00:00,04/06/2025 01:00,04/10/2025 06:38
Nederland,ElectricityLoad,Hour,7672307,7672307,0,0,04/06/2025 01:00,04/06/2025 02:00,04/10/2025 06:38
Nederland,ElectricityLoad,Hour,7493181,7493181,0,0,04/06/2025 02:00,04/06/2025 03:00,04/10/2025 06:38
Nederland,ElectricityLoad,Hour,7702655,7702655,0,0,04/06/2025 03:00,04/06/2025 04:00,04/10/2025 06:38
Nederland,ElectricityLoad,Hour,8114077,8114077,0,0,04/06/2025 04:00,04/06/2025 05:00,04/10/2025 06:38
Nederland,ElectricityLoad,Hour,9221563,9221563,0,0,04/06/2025 05:00,04/06/2025 06:00,04/10/2025 06:38
Nederland,ElectricityLoad,Hour,11056277,11056277,0,0,04/06/2025 06:00,04/06/2025 07:00,04/10/2025 06:38
Nederland,ElectricityLoad,Hour,12476807,12476807,0,0,04/06/2025 07:00,04/06/2025 08:00,04/10/2025 06:38
Nederland,ElectricityLoad,Hour,15136707,15136707,0,0,04/06/2025 08:00,04/06/2025 09:00,04/10/2025 06:38
Nederland,ElectricityLoad,Hour,15926882,15926882,0,0,04/06/2025 09:00,04/06/2025 10:00,04/10/2025 06:38
Nederland,ElectricityLoad,Hour,16651840,16651840,0,0,04/06/2025 10:00,04/06/2025 11:00,04/10/2025 06:38
Nederland,ElectricityLoad,Hour,16728801,16728801,0,0,04/06/2025 11:00,04/06/2025 12:00,04/10/2025 06:38
Nederland,ElectricityLoad,Hour,17265654,17265654,0,0,04/06/2025 12:00,04/06/2025 13:00,04/10/2025 06:38
Nederland,ElectricityLoad,Hour,18658888,18658888,0,0,04/06/2025 13:00,04/06/2025 14:00,04/10/2025 06:38
Nederland,ElectricityLoad,Hour,17963277,17963277,0,0,04/06/2025 14:00,04/06/2025 15:00,04/10/2025 06:38
Nederland,ElectricityLoad,Hour,15812925,15812925,0,0,04/06/2025 15:00,04/06/2025 16:00,04/10/2025 06:38
Nederland,ElectricityLoad,Hour,15039147,15039147,0,0,04/06/2025 16:00,04/06/2025 17:00,04/10/2025 06:38
Nederland,ElectricityLoad,Hour,12761498,12761498,0,0,04/06/2025 17:00,04/06/2025 18:00,04/10/2025 06:38
Nederland,ElectricityLoad,Hour,11192281,11192281,0,0,04/06/2025 18:00,04/06/2025 19:00,04/10/2025 06:38
Nederland,ElectricityLoad,Hour,10076628,10076628,0,0,04/06/2025 19:00,04/06/2025 20:00,04/10/2025 06:38
Nederland,ElectricityLoad,Hour,9111008,9111008,0,0,04/06/2025 20:00,04/06/2025 21:00,04/10/2025 06:38
Nederland,ElectricityLoad,Hour,8336219,8336219,0,0,04/06/2025 21:00,04/06/2025 22:00,04/10/2025 06:38
Nederland,ElectricityLoad,Hour,8178960,8178960,0,0,04/06/2025 22:00,04/06/2025 23:00,04/10/2025 06:38
Nederland,ElectricityLoad,Hour,7623855,7623855,0,0,04/06/2025 23:00,05/06/2025 00:00,04/10/2025 06:38
Nederland,ElectricityLoad,Hour,7166227,7166227,0,0,05/06/2025 00:00,05/06/2025 01:00,05/10/2025 06:38
Nederland,ElectricityLoad,Hour,7041387,7041387,0,0,05/06/2025 01:00,05/06/2025 02:00,05/10/2025 06:38
Nederland,ElectricityLoad,Hour,7395097,7395097,0,0,05/06/2025 02:00,05/06/2025 03:00,05/10/2025 06:38
Nederland,ElectricityLoad,Hour,7453443,7453443,0,0,05/06/2025 03:00,05/06/2025 04:00,05/10/2025 06:38
Nederland,ElectricityLoad,Hour,7981648,7981648,0,0,05/06/2025 04:00,05/06/2025 05:00,05/10/2025 06:38
Nederland,ElectricityLoad,Hour,9782058,9782058,0,0,05/06/2025 05:00,05/06/2025 06:00,05/10/2025 06:38
Nederland,ElectricityLoad,Hour,12229796,12229796,0,0,05/06/2025 06:00,05/06/2025 07:00,05/10/2025 06:38
Nederland,ElectricityLoad,Hour,14828461,14828461,0,0,05/06/2025 07:00,05/06/2025 08:00,05/10/2025 06:38
Nederland,ElectricityLoad,Hour,17131537,17131537,0,0,05/06/2025 08:00,05/06/2025 09:00,05/10/2025 06:38
Nederland,ElectricityLoad,Hour,17451846,17451846,0,0,05/06/2025 09:00,05/06/2025 10:00,05/10/2025 06:38
Nederland,ElectricityLoad,Hour,15935039,15935039,0,0,05/06/2025 10:00,05/06/2025 11:00,05/10/2025 06:38
Nederland,ElectricityLoad,Hour,15579166,15579166,0,0,05/06/2025 11:00,05/06/2025 12:00,05/10/2025 06:38
Nederland,ElectricityLoad,Hour,16796699,16796699,0,0,05/06/2025 12:00,05/06/2025 13:00,05/10/2025 06:38
Nederland,ElectricityLoad,Hour,17960885,17960885,0,0,05/06/2025 13:00,05/06/2025 14:00,05/10/2025 06:38
Nederland,ElectricityLoad,Hour,17958110,17958110,0,0,05/06/2025 14:00,05/06/2025 15:00,05/10/2025 06:38
Nederland,ElectricityLoad,Hour,15587958,15587958,0,0,05/06/2025 15:00,05/06/2025 16:00,05/10/2025 06:38
Nederland,ElectricityLoad,Hour,14053759,14053759,0,0,05/06/2025 16:00,05/06/2025 17:00,05/10/2025 06:38
Nederland,ElectricityLoad,Hour,11966668,11966668,0,0,05/06/2025 17:00,05/06/2025 18:00,05/10/2025 06:38
Nederland,ElectricityLoad,Hour,10774278,10774278,0,0,05/06/2025 18:00,05/06/2025 19:00,05/10/2025 06:38
Nederland,ElectricityLoad,Hour,9554735,9554735,0,0,05/06/2025 19:00,05/06/2025 20:00,05/10/2025 06:38
Nederland,ElectricityLoad,Hour,9381654,9381654,0,0,05/06/2025 20:00,05/06/2025 21:00,05/10/2025 06:38
Nederland,ElectricityLoad,Hour,8836868,8836868,0,0,05/06/2025 21:00,05/06/2025 22:00,05/10/2025 06:38
Nederland,ElectricityLoad,Hour,8590406,8590406,0,0,05/06/2025 22:00,05/06/2025 23:00,05/10/2025 06:38
Nederland,ElectricityLoad,Hour,8514857,8514857,0,0,05/06/2025 23:00,06/06/2025 00:00,05/10/2025 06:38
Nederland,ElectricityLoad,Hour,8726991,8726991,0,0,06/06/2025 00:00,06/06/2025 01:00,06/10/2025 06:38
Nederland,ElectricityLoad,Hour,8553844,8553844,0,0,06/06/2025 01:00,06/06/2025 02:00,06/10/2025 06:38
Nederland,ElectricityLoad,Hour,8405964,8405964,0,0,06/06/2025 02:00,06/06/2025 03:00,06/10/2025 06:38
Nederland,ElectricityLoad,Hour,8422791,8422791,0,0,06/06/2025 03:00,06/06/2025 04:00,06/10/2025 06:38
Nederland,ElectricityLoad,Hour,9489881,9489881,0,0,06/06/2025 04:00,06/06/2025 05:00,06/10/2025 06:38
Nederland,ElectricityLoad,Hour,10834498,10834498,0,0,06/06/2025 05:00,06/06/2025 06:00,06/10/2025 06:38
Nederland,ElectricityLoad,Hour,13824943,13824943,0,0,06/06/2025 06:00,06/06/2025 07:00,06/10/2025 06:38
Nederland,ElectricityLoad,Hour,16540407,16540407,0,0,06/06/2025 07:00,06/06/2025 08:00,06/10/2025 06:38
Nederland,ElectricityLoad,Hour,19453460,19453460,0,0,06/06/2025 08:00,06/06/2025 09:00,06/10/2025 06:38
Nederland,ElectricityLoad,Hour,20857962,20857962,0,0,06/06/2025 09:00,06/06/2025 10:00,06/10/2025 06:38
Nederland,ElectricityLoad,Hour,22474289,22474289,0,0,06/06/2025 10:00,06/06/2025 11:00,06/10/2025 06:38
Nederland,ElectricityLoad,Hour,22975421,22975421,0,0,06/06/2025 11:00,06/06/2025 12:00,06/10/2025 06:38
Nederland,ElectricityLoad,Hour,23465348,23465348,0,0,06/06/2025 12:00,06/06/2025 13:00,06/10/2025 06:38
Nederland,ElectricityLoad,Hour,20564036,20564036,0,0,06/06/2025 13:00,06/06/2025 14:00,06/10/2025 06:38
Nederland,ElectricityLoad,Hour,17981446,17981446,0,0,06/06/2025 14:00,06/06/2025 15:00,06/10/2025 06:38
Nederland,ElectricityLoad,Hour,15793044,15793044,0,0,06/06/2025 15:00,06/06/2025 16:00,06/10/2025 06:38
Nederland,ElectricityLoad,Hour,14111431,14111431,0,0,06/06/2025 16:00,06/06/2025 17:00,06/10/2025 06:38
Nederland,ElectricityLoad,Hour,12379253,12379253,0,0,06/06/2025 17:00,06/06/2025 18:00,06/10/2025 06:38
Nederland,ElectricityLoad,Hour,10774788,10774788,0,0,06/06/2025 18:00,06/06/2025 19:00,06/10/2025 06:38
Nederland,ElectricityLoad,Hour,8853981,8853981,0,0,06/06/2025 19:00,06/06/2025 20:00,06/10/2025 06:38
Nederland,ElectricityLoad,Hour,7891981,7891981,0,0,06/06/2025 20:00,06/06/2025 21:00,06/10/2025 06:38
Nederland,ElectricityLoad,Hour,7789812,7789812,0,0,06/06/2025 21:00,06/06/2025 22:00,06/10/2025 06:38
Nederland,ElectricityLoad,Hour,7122375,7122375,0,0,06/06/2025 22:00,06/06/2025 23:00,06/10/2025 06:38
Nederland,ElectricityLoad,Hour,6872207,6872207,0,0,06/06/2025 23:00,07/06/2025 00:00,06/10/2025 06:38
Nederland,ElectricityLoad,Hour,6239671,6239671,0,0,07/06/2025 00:00,07/06/2025 01:00,07/10/2025 06:38
Nederland,ElectricityLoad,Hour,6098316,6098316,0,0,07/06/2025 01:00,07/06/2025 02:00,07/10/2025 06:38
Nederland,ElectricityLoad,Hour,6204613,6204613,0,0,07/06/2025 02:00,07/06/2025 03:00,07/10/2025 06:38
Nederland,ElectricityLoad,Hour,6375703,6375703,0,0,07/06/2025 03:00,07/06/2025 04:00,07/10/2025 06:38
Nederland,ElectricityLoad,Hour,6760330,6760330,0,0,07/06/2025 04:00,07/06/2025 05:00,07/10/2025 06:38
Nederland,ElectricityLoad,Hour,7070592,7070592,0,0,07/06/2025 05:00,07/06/2025 06:00,07/10/2025 06:38
Nederland,ElectricityLoad,Hour,8833050,8833050,0,0,07/06/2025 06:00,07/06/2025 07:00,07/10/2025 06:38
Nederland,ElectricityLoad,Hour,10936739,10936739,0,0,07/06/2025 07:00,07/06/2025 08:00,07/10/2025 06:38
Nederland,ElectricityLoad,Hour,12294654,12294654,0,0,07/06/2025 08:00,07/06/2025 09:00,07/10/2025 06:38
Nederland,ElectricityLoad,Hour,14419743,14419743,0,0,07/06/2025 09:00,07/06/2025 10:00,07/10/2025 06:38
Nederland,ElectricityLoad,Hour,14826985,14826985,0,0,07/06/2025 10:00,07/06/2025 11:00,07/10/2025 06:38
Nederland,ElectricityLoad,Hour,14535395,14535395,0,0,07/06/2025 11:00,07/06/2025 12:00,07/10/2025 06:38
Nederland,ElectricityLoad,Hour,15709445,15709445,0,0,07/06/2025 12:00,07/06/2025 13:00,07/10/2025 06:38
Nederland,ElectricityLoad,Hour,15500696,15500696,0,0,07/06/2025 13:00,07/06/2025 14:00,07/10/2025 06:38
Nederland,ElectricityLoad,Hour,13634065,13634065,0,0,07/06/2025 14:00,07/06/2025 15:00,07/10/2025 06:38
Nederland,ElectricityLoad,Hour,13598649,13598649,0,0,07/06/2025 15:00,07/06/2025 16:00,07/10/2025 06:38
Nederland,ElectricityLoad,Hour,12572031,12572031,0,0,07/06/2025 16:00,07/06/2025 17:00,07/10/2025 06:38
Nederland,ElectricityLoad,Hour,11732653,11732653,0,0,07/06/2025 17:00,07/06/2025 18:00,07/10/2025 06:38
Nederland,ElectricityLoad,Hour,10049028,10049028,0,0,07/06/2025 18:00,07/06/2025 19:00,07/10/2025 06:38
Nederland,ElectricityLoad,Hour,8391432,8391432,0,0,07/06/2025 19:00,07/06/2025 20:00,07/10/2025 06:38
Nederland,ElectricityLoad,Hour,7686362,7686362,0,0,07/06/2025 20:00,07/06/2025 21:00,07/10/2025 06:38
Nederland,ElectricityLoad,Hour,7471026,7471026,0,0,07/06/2025 21:00,07/06/2025 22:00,07/10/2025 06:38
Nederland,ElectricityLoad,Hour,6832636,6832636,0,0,07/06/2025 22:00,07/06/2025 23:00,07/10/2025 06:38
Nederland,ElectricityLoad,Hour,7426492,7426492,0,0,07/06/2025 23:00,08/06/2025 00:00,07/10/2025 06:38
Nederland,ElectricityLoad,Hour,7343800,7343800,0,0,08/06/2025 00:00,08/06/2025 01:00,08/10/2025 06:38
Nederland,ElectricityLoad,Hour,7650765,7650765,0,0,08/06/2025 01:00,08/06/2025 02:00,08/10/2025 06:38
Nederland,ElectricityLoad,Hour,8049938,8049938,0,0,08/06/2025 02:00,08/06/2025 03:00,08/10/2025 06:38
Nederland,ElectricityLoad,Hour,8225218,8225218,0,0,08/06/2025 03:00,08/06/2025 04:00,08/10/2025 06:38
Nederland,ElectricityLoad,Hour,7940660,7940660,0,0,08/06/2025 04:00,08/06/2025 05:00,08/10/2025 06:38
Nederland,ElectricityLoad,Hour,7680915,7680915,0,0,08/06/2025 05:00,08/06/2025 06:00,08/10/2025 06:38
Nederland,ElectricityLoad,Hour,8858601,8858601,0,0,08/06/2025 06:00,08/06/2025 07:00,08/10/2025 06:38
Nederland,ElectricityLoad,Hour,10754242,10754242,0,0,08/06/2025 07:00,08/06/2025 08:00,08/10/2025 06:38
Nederland,ElectricityLoad,Hour,12080344,12080344,0,0,08/06/2025 08:00,08/06/2025 09:00,08/10/2025 06:38
Nederland,ElectricityLoad,Hour,14664175,14664175,0,0,08/06/2025 09:00,08/06/2025 10:00,08/10/2025 06:38
Nederland,ElectricityLoad,Hour,17359460,17359460,0,0,08/06/2025 10:00,08/06/2025 11:00,08/10/2025 06:38
Nederland,ElectricityLoad,Hour,17118007,17118007,0,0,08/06/2025 11:00,08/06/2025 12:00,08/10/2025 06:38
Nederland,ElectricityLoad,Hour,17809754,17809754,0,0,08/06/2025 12:00,08/06/2025 13:00,08/10/2025 06:38
Nederland,ElectricityLoad,Hour,18123435,18123435,0,0,08/06/2025 13:00,08/06/2025 14:00,08/10/2025 06:38
Nederland,ElectricityLoad,Hour,16948225,16948225,0,0,08/06/2025 14:00,08/06/2025 15:00,08/10/2025 06:38
Nederland,ElectricityLoad,Hour,15744665,15744665,0,0,08/06/2025 15:00,08/06/2025 16:00,08/10/2025 06:38
Nederland,ElectricityLoad,Hour,13745684,13745684,0,0,08/06/2025 16:00,08/06/2025 17:00,08/10/2025 06:38
Nederland,ElectricityLoad,Hour,13159405,13159405,0,0,08/06/2025 17:00,08/06/2025 18:00,08/10/2025 06:38
Nederland,ElectricityLoad,Hour,10803153,10803153,0,0,08/06/2025 18:00,08/06/2025 19:00,08/10/2025 06:38
Nederland,ElectricityLoad,Hour,8859615,8859615,0,0,08/06/2025 19:00,08/06/2025 20:00,08/10/2025 06:38
Nederland,ElectricityLoad,Hour,7677387,7677387,0,0,08/06/2025 20:00,08/06/2025 21:00,08/10/2025 06:38
Nederland,ElectricityLoad,Hour,7070540,7070540,0,0,08/06/2025 21:00,08/06/2025 22:00,08/10/2025 06:38
Nederland,ElectricityLoad,Hour,6767364,6767364,0,0,08/06/2025 22:00,08/06/2025 23:00,08/10/2025 06:38
Nederland,ElectricityLoad,Hour,6524220,6524220,0,0,08/06/2025 23:00,09/06/2025 00:00,08/10/2025 06:38
Nederland,ElectricityLoad,Hour,6254386,6254386,0,0,09/06/2025 00:00,09/06/2025 01:00,09/10/2025 06:38
Nederland,ElectricityLoad,Hour,6070580,6070580,0,0,09/06/2025 01:00,09/06/2025 02:00,09/10/2025 06:38
Nederland,ElectricityLoad,Hour,6007483,6007483,0,0,09/06/2025 02:00,09/06/2025 03:00,09/10/2025 06:38
Nederland,ElectricityLoad,Hour,6088218,6088218,0,0,09/06/2025 03:00,09/06/2025 04:00,09/10/2025 06:38
Nederland,ElectricityLoad,Hour,6358566,6358566,0,0,09/06/2025 04:00,09/06/2025 05:00,09/10/2025 06:38
Nederland,ElectricityLoad,Hour,7304700,7304700,0,0,09/06/2025 05:00,09/06/2025 06:00,09/10/2025 06:38
Nederland,ElectricityLoad,Hour,9509647,9509647,0,0,09/06/2025 06:00,09/06/2025 07:00,09/10/2025 06:38
Nederland,ElectricityLoad,Hour,11907892,11907892,0,0,09/06/2025 07:00,09/06/2025 08:00,09/10/2025 06:38
Nederland,ElectricityLoad,Hour,14766180,14766180,0,0,09/06/2025 08:00,09/06/2025 09:00,09/10/2025 06:38
Nederland,ElectricityLoad,Hour,16847466,16847466,0,0,09/06/2025 09:00,09/06/2025 10:00,09/10/2025 06:38
Nederland,ElectricityLoad,Hour,16551010,16551010,0,0,09/06/2025 10:00,09/06/2025 11:00,09/10/2025 06:38
Nederland,ElectricityLoad,Hour,17245835,17245835,0,0,09/06/2025 11:00,09/06/2025 12:00,09/10/2025 06:38
Nederland,ElectricityLoad,Hour,16723218,16723218,0,0,09/06/2025 12:00,09/06/2025 13:00,09/10/2025 06:38
Nederland,ElectricityLoad,Hour,17221709,17221709,0,0,09/06/2025 13:00,09/06/2025 14:00,09/10/2025 06:38
Nederland,ElectricityLoad,Hour,16143996,16143996,0,0,09/06/2025 14:00,09/06/2025 15:00,09/10/2025 06:38
Nederland,ElectricityLoad,Hour,14902619,14902619,0,0,09/06/2025 15:00,09/06/2025 16:00,09/10/2025 06:38
Nederland,ElectricityLoad,Hour,13988080,13988080,0,0,09/06/2025 16:00,09/06/2025 17:00,09/10/2025 06:38
Nederland,ElectricityLoad,Hour,11282492,11282492,0,0,09/06/2025 17:00,09/06/2025 18:00,09/10/2025 06:38
Nederland,ElectricityLoad,Hour,9579471,9579471,0,0,09/06/2025 18:00,09/06/2025 19:00,09/10/2025 06:38
Nederland,ElectricityLoad,Hour,8625189,8625189,0,0,09/06/2025 19:00,09/06/2025 20:00,09/10/2025 06:38
Nederland,ElectricityLoad,Hour,7953309,7953309,0,0,09/06/2025 20:00,09/06/2025 21:00,09/10/2025 06:38
Nederland,ElectricityLoad,Hour,7784674,7784674,0,0,09/06/2025 21:00,09/06/2025 22:00,09/10/2025 06:38
Nederland,ElectricityLoad,Hour,7425274,7425274,0,0,09/06/2025 22:00,09/06/2025 23:00,09/10/2025 06:38
Nederland,ElectricityLoad,Hour,6997971,6997971,0,0,09/06/2025 23:00,10/06/2025 00:00,09/10/2025 06:38
Nederland,ElectricityLoad,Hour,6959465,6959465,0,0,10/06/2025 00:00,10/06/2025 01:00,10/10/2025 06:38
Nederland,ElectricityLoad,Hour,7135999,7135999,0,0,10/06/2025 01:00,10/06/2025 02:00,10/10/2025 06:38
Nederland,ElectricityLoad,Hour,7093474,7093474,0,0,10/06/2025 02:00,10/06/2025 03:00,10/10/2025 06:38
Nederland,ElectricityLoad,Hour,7196472,7196472,0,0,10/06/2025 03:00,10/06/2025 04:00,10/10/2025 06:38
Nederland,ElectricityLoad,Hour,8184573,8184573,0,0,10/06/2025 04:00,10/06/2025 05:00,10/10/2025 06:38
Nederland,ElectricityLoad,Hour,9400167,9400167,0,0,10/06/2025 05:00,10/06/2025 06:00,10/10/2025 06:38
Nederland,ElectricityLoad,Hour,10853601,10853601,0,0,10/06/2025 06:00,10/06/2025 07:00,10/10/2025 06:38
Nederland,ElectricityLoad,Hour,12277131,12277131,0,0,10/06/2025 07:00,10/06/2025 08:00,10/10/2025 06:38
Nederland,ElectricityLoad,Hour,13499561,13499561,0,0,10/06/2025 08:00,10/06/2025 09:00,10/10/2025 06:38
Nederland,ElectricityLoad,Hour,13679179,13679179,0,0,10/06/2025 09:00,10/06/2025 10:00,10/10/2025 06:38
Nederland,ElectricityLoad,Hour,14374548,14374548,0,0,10/06/2025 10:00,10/06/2025 11:00,10/10/2025 06:38
Nederland,ElectricityLoad,Hour,14125654,14125654,0,0,10/06/2025 11:00,10/06/2025 12:00,10/10/2025 06:38
Nederland,ElectricityLoad,Hour,14995829,14995829,0,0,10/06/2025 12:00,10/06/2025 13:00,10/10/2025 06:38
Nederland,ElectricityLoad,Hour,15810481,15810481,0,0,10/06/2025 13:00,10/06/2025 14:00,10/10/2025 06:38
Nederland,ElectricityLoad,Hour,16203402,16203402,0,0,10/06/2025 14:00,10/06/2025 15:00,10/10/2025 06:38
Nederland,ElectricityLoad,Hour,16629918,16629918,0,0,10/06/2025 15:00,10/06/2025 16:00,10/10/2025 06:38
Nederland,ElectricityLoad,Hour,15512776,15512776,0,0,10/06/2025 16:00,10/06/2025 17:00,10/10/2025 06:38
Nederland,ElectricityLoad,Hour,13968694,13968694,0,0,10/06/2025 17:00,10/06/2025 18:00,10/10/2025 06:38
Nederland,ElectricityLoad,Hour,12077038,12077038,0,0,10/06/2025 18:00,10/06/2025 19:00,10/10/2025 06:38
Nederland,ElectricityLoad,Hour,10136675,10136675,0,0,10/06/2025 19:00,10/06/2025 20:00,10/10/2025 06:38
Nederland,ElectricityLoad,Hour,8741697,8741697,0,0,10/06/2025 20:00,10/06/2025 21:00,10/10/2025 06:38
Nederland,ElectricityLoad,Hour,8111607,8111607,0,0,10/06/2025 21:00,10/06/2025 22:00,10/10/2025 06:38
Nederland,ElectricityLoad,Hour,7652760,7652760,0,0,10/06/2025 22:00,10/06/2025 23:00,10/10/2025 06:38
Nederland,ElectricityLoad,Hour,7427653,7427653,0,0,10/06/2025 23:00,11/06/2025 00:00,10/10/2025 06:38
Nederland,ElectricityLoad,Hour,7253639,7253639,0,0,11/06/2025 00:00,11/06/2025 01:00,11/10/2025 06:37
Nederland,ElectricityLoad,Hour,7177344,7177344,0,0,11/06/2025 01:00,11/06/2025 02:00,11/10/2025 06:37
Nederland,ElectricityLoad,Hour,7226600,7226600,0,0,11/06/2025 02:00,11/06/2025 03:00,11/10/2025 06:37
Nederland,ElectricityLoad,Hour,7394275,7394275,0,0,11/06/2025 03:00,11/06/2025 04:00,11/10/2025 06:37
Nederland,ElectricityLoad,Hour,8133693,8133693,0,0,11/06/2025 04:00,11/06/2025 05:00,11/10/2025 06:37
Nederland,ElectricityLoad,Hour,9809111,9809111,0,0,11/06/2025 05:00,11/06/2025 06:00,11/10/2025 06:37
Nederland,ElectricityLoad,Hour,12060581,12060581,0,0,11/06/2025 06:00,11/06/2025 07:00,11/10/2025 06:37
Nederland,ElectricityLoad,Hour,12890898,12890898,0,0,11/06/2025 07:00,11/06/2025 08:00,11/10/2025 06:37
Nederland,ElectricityLoad,Hour,14232437,14232437,0,0,11/06/2025 08:00,11/06/2025 09:00,11/10/2025 06:37
Nederland,ElectricityLoad,Hour,14880304,14880304,0,0,11/06/2025 09:00,11/06/2025 10:00,11/10/2025 06:37
Nederland,ElectricityLoad,Hour,15880133,15880133,0,0,11/06/2025 10:00,11/06/2025 11:00,11/10/2025 06:37
Nederland,ElectricityLoad,Hour,17516347,17516347,0,0,11/06/2025 11:00,11/06/2025 12:00,11/10/2025 06:37
Nederland,ElectricityLoad,Hour,19096068,19096068,0,0,11/06/2025 12:00,11/06/2025 13:00,11/10/2025 06:37
Nederland,ElectricityLoad,Hour,19236092,19236092,0,0,11/06/2025 13:00,11/06/2025 14:00,11/10/2025 06:37
Nederland,ElectricityLoad,Hour,17816432,17816432,0,0,11/06/2025 14:00,11/06/2025 15:00,11/10/2025 06:37
Nederland,ElectricityLoad,Hour,16547453,16547453,0,0,11/06/2025 15:00,11/06/2025 16:00,11/10/2025 06:37
Nederland,ElectricityLoad,Hour,15199752,15199752,0,0,11/06/2025 16:00,11/06/2025 17:00,11/10/2025 06:37
Nederland,ElectricityLoad,Hour,13476627,13476627,0,0,11/06/2025 17:00,11/06/2025 18:00,11/10/2025 06:37
Nederland,ElectricityLoad,Hour,11211092,11211092,0,0,11/06/2025 18:00,11/06/2025 19:00,11/10/2025 06:37
Nederland,ElectricityLoad,Hour,9465435,9465435,0,0,11/06/2025 19:00,11/06/2025 20:00,11/10/2025 06:37
Nederland,ElectricityLoad,Hour,8779267,8779267,0,0,11/06/2025 20:00,11/06/2025 21:00,11/10/2025 06:37
Nederland,ElectricityLoad,Hour,8488733,8488733,0,0,11/06/2025 21:00,11/06/2025 22:00,11/10/2025 06:37
Nederland,ElectricityLoad,Hour,7878076,7878076,0,0,11/06/2025 22:00,11/06/2025 23:00,11/10/2025 06:37
Nederland,ElectricityLoad,Hour,7474443,7474443,0,0,11/06/2025 23:00,12/06/2025 00:00,11/10/2025 06:37
Nederland,ElectricityLoad,Hour,7464420,7464420,0,0,12/06/2025 00:00,12/06/2025 01:00,12/10/2025 06:38
Nederland,ElectricityLoad,Hour,7293451,7293451,0,0,12/06/2025 01:00,12/06/2025 02:00,12/10/2025 06:38
Nederland,ElectricityLoad,Hour,7061518,7061518,0,0,12/06/2025 02:00,12/06/2025 03:00,12/10/2025 06:38
Nederland,ElectricityLoad,Hour,7139451,7139451,0,0,12/06/2025 03:00,12/06/2025 04:00,12/10/2025 06:38
Nederland,ElectricityLoad,Hour,7997975,7997975,0,0,12/06/2025 04:00,12/06/2025 05:00,12/10/2025 06:38
Nederland,ElectricityLoad,Hour,10674753,10674753,0,0,12/06/2025 05:00,12/06/2025 06:00,12/10/2025 06:38
Nederland,ElectricityLoad,Hour,13814458,13814458,0,0,12/06/2025 06:00,12/06/2025 07:00,12/10/2025 06:38
Nederland,ElectricityLoad,Hour,16836141,16836141,0,0,12/06/2025 07:00,12/06/2025 08:00,12/10/2025 06:38
Nederland,ElectricityLoad,Hour,19311910,19311910,0,0,12/06/2025 08:00,12/06/2025 09:00,12/10/2025 06:38
Nederland,ElectricityLoad,Hour,21940555,21940555,0,0,12/06/2025 09:00,12/06/2025 10:00,12/10/2025 06:38
Nederland,ElectricityLoad,Hour,24853776,24853776,0,0,12/06/2025 10:00,12/06/2025 11:00,12/10/2025 06:38
Nederland,ElectricityLoad,Hour,26438216,26438216,0,0,12/06/2025 11:00,12/06/2025 12:00,12/10/2025 06:38
Nederland,ElectricityLoad,Hour,26532014,26532014,0,0,12/06/2025 12:00,12/06/2025 13:00,12/10/2025 06:38
Nederland,ElectricityLoad,Hour,24776633,24776633,0,0,12/06/2025 13:00,12/06/2025 14:00,12/10/2025 06:38
Nederland,ElectricityLoad,Hour,22947573,22947573,0,0,12/06/2025 14:00,12/06/2025 15:00,12/10/2025 06:38
Nederland,ElectricityLoad,Hour,19534755,19534755,0,0,12/06/2025 15:00,12/06/2025 16:00,12/10/2025 06:38
Nederland,ElectricityLoad,Hour,17164597,17164597,0,0,12/06/2025 16:00,12/06/2025 17:00,12/10/2025 06:38
Nederland,ElectricityLoad,Hour,14530918,14530918,0,0,12/06/2025 17:00,12/06/2025 18:00,12/10/2025 06:38
Nederland,ElectricityLoad,Hour,11635096,11635096,0,0,12/06/2025 18:00,12/06/2025 19:00,12/10/2025 06:38
Nederland,ElectricityLoad,Hour,9122953,9122953,0,0,12/06/2025 19:00,12/06/2025 20:00,12/10/2025 06:38
Nederland,ElectricityLoad,Hour,8273628,8273628,0,0,12/06/2025 20:00,12/06/2025 21:00,12/10/2025 06:38
Nederland,ElectricityLoad,Hour,7963273,7963273,0,0,12/06/2025 21:00,12/06/2025 22:00,12/10/2025 06:38
Nederland,ElectricityLoad,Hour,7567070,7567070,0,0,12/06/2025 22:00,12/06/2025 23:00,12/10/2025 06:38
Nederland,ElectricityLoad,Hour,7416200,7416200,0,0,12/06/2025 23:00,13/06/2025 00:00,12/10/2025 06:38
Nederland,ElectricityLoad,Hour,7431666,7431666,0,0,13/06/2025 00:00,13/06/2025 01:00,13/10/2025 06:39
Nederland,ElectricityLoad,Hour,7430251,7430251,0,0,13/06/2025 01:00,13/06/2025 02:00,13/10/2025 06:39
Nederland,ElectricityLoad,Hour,7449217,7449217,0,0,13/06/2025 02:00,13/06/2025 03:00,13/10/2025 06:39
Nederland,ElectricityLoad,Hour,7376932,7376932,0,0,13/06/2025 03:00,13/06/2025 04:00,13/10/2025 06:39
Nederland,ElectricityLoad,Hour,8000970,8000970,0,0,13/06/2025 04:00,13/06/2025 05:00,13/10/2025 06:39
Nederland,ElectricityLoad,Hour,10038907,10038907,0,0,13/06/2025 05:00,13/06/2025 06:00,13/10/2025 06:39
Nederland,ElectricityLoad,Hour,12667101,12667101,0,0,13/06/2025 06:00,13/06/2025 07:00,13/10/2025 06:39
Nederland,ElectricityLoad,Hour,15134275,15134275,0,0,13/06/2025 07:00,13/06/2025 08:00,13/10/2025 06:39
Nederland,ElectricityLoad,Hour,16702789,16702789,0,0,13/06/2025 08:00,13/06/2025 09:00,13/10/2025 06:39
Nederland,ElectricityLoad,Hour,18229617,18229617,0,0,13/06/2025 09:00,13/06/2025 10:00,13/10/2025 06:39
Nederland,ElectricityLoad,Hour,19670669,19670669,0,0,13/06/2025 10:00,13/06/2025 11:00,13/10/2025 06:39
Nederland,ElectricityLoad,Hour,20793298,20793298,0,0,13/06/2025 11:00,13/06/2025 12:00,13/10/2025 06:39
Nederland,ElectricityLoad,Hour,20987870,20987870,0,0,13/06/2025 12:00,13/06/2025 13:00,13/10/2025 06:39
Nederland,ElectricityLoad,Hour,20398920,20398920,0,0,13/06/2025 13:00,13/06/2025 14:00,13/10/2025 06:39
Nederland,ElectricityLoad,Hour,18677634,18677634,0,0,13/06/2025 14:00,13/06/2025 15:00,13/10/2025 06:39
Nederland,ElectricityLoad,Hour,17612806,17612806,0,0,13/06/2025 15:00,13/06/2025 16:00,13/10/2025 06:39
Nederland,ElectricityLoad,Hour,15518995,15518995,0,0,13/06/2025 16:00,13/06/2025 17:00,13/10/2025 06:39
Nederland,ElectricityLoad,Hour,13244234,13244234,0,0,13/06/2025 17:00,13/06/2025 18:00,13/10/2025 06:39
Nederland,ElectricityLoad,Hour,10651720,10651720,0,0,13/06/2025 18:00,13/06/2025 19:00,13/10/2025 06:39
Nederland,ElectricityLoad,Hour,8911314,8911314,0,0,13/06/2025 19:00,13/06/2025 20:00,13/10/2025 06:39
Nederland,ElectricityLoad,Hour,7880241,7880241,0,0,13/06/2025 20:00,13/06/2025 21:00,13/10/2025 06:39
Nederland,ElectricityLoad,Hour,7827722,7827722,0,0,13/06/2025 21:00,13/06/2025 22:00,13/10/2025 06:39
Nederland,ElectricityLoad,Hour,7693268,7693268,0,0,13/06/2025 22:00,13/06/2025 23:00,13/10/2025 06:39
Nederland,ElectricityLoad,Hour,7585695,7585695,0,0,13/06/2025 23:00,14/06/2025 00:00,13/10/2025 06:39
Nederland,ElectricityLoad,Hour,7382739,7382739,0,0,14/06/2025 00:00,14/06/2025 01:00,14/10/2025 06:39
Nederland,ElectricityLoad,Hour,7319941,7319941,0,0,14/06/2025 01:00,14/06/2025 02:00,14/10/2025 06:39
Nederland,ElectricityLoad,Hour,6899864,6899864,0,0,14/06/2025 02:00,14/06/2025 03:00,14/10/2025 06:39
Nederland,ElectricityLoad,Hour,6536323,6536323,0,0,14/06/2025 03:00,14/06/2025 04:00,14/10/2025 06:39
Nederland,ElectricityLoad,Hour,6601700,6601700,0,0,14/06/2025 04:00,14/06/2025 05:00,14/10/2025 06:39
Nederland,ElectricityLoad,Hour,8030034,8030034,0,0,14/06/2025 05:00,14/06/2025 06:00,14/10/2025 06:39
Nederland,ElectricityLoad,Hour,9906491,9906491,0,0,14/06/2025 06:00,14/06/2025 07:00,14/10/2025 06:39
Nederland,ElectricityLoad,Hour,12643629,12643629,0,0,14/06/2025 07:00,14/06/2025 08:00,14/10/2025 06:39
Nederland,ElectricityLoad,Hour,15995016,15995016,0,0,14/06/2025 08:00,14/06/2025 09:00,14/10/2025 06:39
Nederland,ElectricityLoad,Hour,17128741,17128741,0,0,14/06/2025 09:00,14/06/2025 10:00,14/10/2025 06:39
Nederland,ElectricityLoad,Hour,17344493,17344493,0,0,14/06/2025 10:00,14/06/2025 11:00,14/10/2025 06:39
Nederland,ElectricityLoad,Hour,17737939,17737939,0,0,14/06/2025 11:00,14/06/2025 12:00,14/10/2025 06:39
Nederland,ElectricityLoad,Hour,15216672,15216672,0,0,14/06/2025 12:00,14/06/2025 13:00,14/10/2025 06:39
Nederland,ElectricityLoad,Hour,14417074,14417074,0,0,14/06/2025 13:00,14/06/2025 14:00,14/10/2025 06:39
Nederland,ElectricityLoad,Hour,13190191,13190191,0,0,14/06/2025 14:00,14/06/2025 15:00,14/10/2025 06:39
Nederland,ElectricityLoad,Hour,13995634,13995634,0,0,14/06/2025 15:00,14/06/2025 16:00,14/10/2025 06:39
Nederland,ElectricityLoad,Hour,13138405,13138405,0,0,14/06/2025 16:00,14/06/2025 17:00,14/10/2025 06:39
Nederland,ElectricityLoad,Hour,11841401,11841401,0,0,14/06/2025 17:00,14/06/2025 18:00,14/10/2025 06:39
Nederland,ElectricityLoad,Hour,10474317,10474317,0,0,14/06/2025 18:00,14/06/2025 19:00,14/10/2025 06:39
Nederland,ElectricityLoad,Hour,9187450,9187450,0,0,14/06/2025 19:00,14/06/2025 20:00,14/10/2025 06:39
Nederland,ElectricityLoad,Hour,8728537,8728537,0,0,14/06/2025 20:00,14/06/2025 21:00,14/10/2025 06:39
Nederland,ElectricityLoad,Hour,8270422,8270422,0,0,14/06/2025 21:00,14/06/2025 22:00,14/10/2025 06:39
Nederland,ElectricityLoad,Hour,8133349,8133349,0,0,14/06/2025 22:00,14/06/2025 23:00,14/10/2025 06:39
Nederland,ElectricityLoad,Hour,7943108,7943108,0,0,14/06/2025 23:00,15/06/2025 00:00,14/10/2025 06:39
Nederland,ElectricityLoad,Hour,7558288,7558288,0,0,15/06/2025 00:00,15/06/2025 01:00,15/10/2025 06:38
Nederland,ElectricityLoad,Hour,7272394,7272394,0,0,15/06/2025 01:00,15/06/2025 02:00,15/10/2025 06:38
Nederland,ElectricityLoad,Hour,7186748,7186748,0,0,15/06/2025 02:00,15/06/2025 03:00,15/10/2025 06:38
Nederland,ElectricityLoad,Hour,7212099,7212099,0,0,15/06/2025 03:00,15/06/2025 04:00,15/10/2025 06:38
Nederland,ElectricityLoad,Hour,6916447,6916447,0,0,15/06/2025 04:00,15/06/2025 05:00,15/10/2025 06:38
Nederland,ElectricityLoad,Hour,7348585,7348585,0,0,15/06/2025 05:00,15/06/2025 06:00,15/10/2025 06:38
Nederland,ElectricityLoad,Hour,9505061,9505061,0,0,15/06/2025 06:00,15/06/2025 07:00,15/10/2025 06:38
Nederland,ElectricityLoad,Hour,12162879,12162879,0,0,15/06/2025 07:00,15/06/2025 08:00,15/10/2025 06:38
Nederland,ElectricityLoad,Hour,13416779,13416779,0,0,15/06/2025 08:00,15/06/2025 09:00,15/10/2025 06:38
Nederland,ElectricityLoad,Hour,16153804,16153804,0,0,15/06/2025 09:00,15/06/2025 10:00,15/10/2025 06:38
Nederland,ElectricityLoad,Hour,18627200,18627200,0,0,15/06/2025 10:00,15/06/2025 11:00,15/10/2025 06:38
Nederland,ElectricityLoad,Hour,19525727,19525727,0,0,15/06/2025 11:00,15/06/2025 12:00,15/10/2025 06:38
Nederland,ElectricityLoad,Hour,20964662,20964662,0,0,15/06/2025 12:00,15/06/2025 13:00,15/10/2025 06:38
Nederland,ElectricityLoad,Hour,18318157,18318157,0,0,15/06/2025 13:00,15/06/2025 14:00,15/10/2025 06:38
Nederland,ElectricityLoad,Hour,17394269,17394269,0,0,15/06/2025 14:00,15/06/2025 15:00,15/10/2025 06:38
Nederland,ElectricityLoad,Hour,16801237,16801237,0,0,15/06/2025 15:00,15/06/2025 16:00,15/10/2025 06:38
Nederland,ElectricityLoad,Hour,15228921,15228921,0,0,15/06/2025 16:00,15/06/2025 17:00,15/10/2025 06:38
Nederland,ElectricityLoad,Hour,13427696,13427696,0,0,15/06/2025 17:00,15/06/2025 18:00,15/10/2025 06:38
Nederland,ElectricityLoad,Hour,11445730,11445730,0,0,15/06/2025 18:00,15/06/2025 19:00,15/10/2025 06:38
Nederland,ElectricityLoad,Hour,9234124,9234124,0,0,15/06/2025 19:00,15/06/2025 20:00,15/10/2025 06:38
Nederland,ElectricityLoad,Hour,8080034,8080034,0,0,15/06/2025 20:00,15/06/2025 21:00,15/10/2025 06:38
Nederland,ElectricityLoad,Hour,7811245,7811245,0,0,15/06/2025 21:00,15/06/2025 22:00,15/10/2025 06:38
Nederland,ElectricityLoad,Hour,7519438,7519438,0,0,15/06/2025 22:00,15/06/2025 23:00,15/10/2025 06:38
Nederland,ElectricityLoad,Hour,7262358,7262358,0,0,15/06/2025 23:00,16/06/2025 00:00,15/10/2025 06:38
Nederland,ElectricityLoad,Hour,7103478,7103478,0,0,16/06/2025 00:00,16/06/2025 01:00,16/10/2025 06:39
Nederland,ElectricityLoad,Hour,6974178,6974178,0,0,16/06/2025 01:00,16/06/2025 02:00,16/10/2025 06:39
Nederland,ElectricityLoad,Hour,7105322,7105322,0,0,16/06/2025 02:00,16/06/2025 03:00,16/10/2025 06:39
Nederland,ElectricityLoad,Hour,7357868,7357868,0,0,16/06/2025 03:00,16/06/2025 04:00,16/10/2025 06:39
Nederland,ElectricityLoad,Hour,8187570,8187570,0,0,16/06/2025 04:00,16/06/2025 05:00,16/10/2025 06:39
Nederland,ElectricityLoad,Hour,10118634,10118634,0,0,16/06/2025 05:00,16/06/2025 06:00,16/10/2025 06:39
Nederland,ElectricityLoad,Hour,12381075,12381075,0,0,16/06/2025 06:00,16/06/2025 07:00,16/10/2025 06:39
Nederland,ElectricityLoad,Hour,14282810,14282810,0,0,16/06/2025 07:00,16/06/2025 08:00,16/10/2025 06:39
Nederland,ElectricityLoad,Hour,15098393,15098393,0,0,16/06/2025 08:00,16/06/2025 09:00,16/10/2025 06:39
Nederland,ElectricityLoad,Hour,16190293,16190293,0,0,16/06/2025 09:00,16/06/2025 10:00,16/10/2025 06:39
Nederland,ElectricityLoad,Hour,17575934,17575934,0,0,16/06/2025 10:00,16/06/2025 11:00,16/10/2025 06:39
Nederland,ElectricityLoad,Hour,17444278,17444278,0,0,16/06/2025 11:00,16/06/2025 12:00,16/10/2025 06:39
Nederland,ElectricityLoad,Hour,19737243,19737243,0,0,16/06/2025 12:00,16/06/2025 13:00,16/10/2025 06:39
Nederland,ElectricityLoad,Hour,19770600,19770600,0,0,16/06/2025 13:00,16/06/2025 14:00,16/10/2025 06:39
Nederland,ElectricityLoad,Hour,19201137,19201137,0,0,16/06/2025 14:00,16/06/2025 15:00,16/10/2025 06:39
Nederland,ElectricityLoad,Hour,17385241,17385241,0,0,16/06/2025 15:00,16/06/2025 16:00,16/10/2025 06:39
Nederland,ElectricityLoad,Hour,15915091,15915091,0,0,16/06/2025 16:00,16/06/2025 17:00,16/10/2025 06:39
Nederland,ElectricityLoad,Hour,13589880,13589880,0,0,16/06/2025 17:00,16/06/2025 18:00,16/10/2025 06:39
Nederland,ElectricityLoad,Hour,11446209,11446209,0,0,16/06/2025 18:00,16/06/2025 19:00,16/10/2025 06:39
Nederland,ElectricityLoad,Hour,9701420,9701420,0,0,16/06/2025 19:00,16/06/2025 20:00,16/10/2025 06:39
Nederland,ElectricityLoad,Hour,9243399,9243399,0,0,16/06/2025 20:00,16/06/2025 21:00,16/10/2025 06:39
Nederland,ElectricityLoad,Hour,9065643,9065643,0,0,16/06/2025 21:00,16/06/2025 22:00,16/10/2025 06:39
Nederland,ElectricityLoad,Hour,8594827,8594827,0,0,16/06/2025 22:00,16/06/2025 23:00,16/10/2025 06:39
Nederland,ElectricityLoad,Hour,8065852,8065852,0,0,16/06/2025 23:00,17/06/2025 00:00,16/10/2025 06:39
Nederland,ElectricityLoad,Hour,7796580,7796580,0,0,17/06/2025 00:00,17/06/2025 01:00,17/10/2025 06:37
Nederland,ElectricityLoad,Hour,7716702,7716702,0,0,17/06/2025 01:00,17/06/2025 02:00,17/10/2025 06:37
Nederland,ElectricityLoad,Hour,7635162,7635162,0,0,17/06/2025 02:00,17/06/2025 03:00,17/10/2025 06:37
Nederland,ElectricityLoad,Hour,7519193,7519193,0,0,17/06/2025 03:00,17/06/2025 04:00,17/10/2025 06:37
Nederland,ElectricityLoad,Hour,8290178,8290178,0,0,17/06/2025 04:00,17/06/2025 05:00,17/10/2025 06:37
Nederland,ElectricityLoad,Hour,10117837,10117837,0,0,17/06/2025 05:00,17/06/2025 06:00,17/10/2025 06:37
Nederland,ElectricityLoad,Hour,12571963,12571963,0,0,17/06/2025 06:00,17/06/2025 07:00,17/10/2025 06:37
Nederland,ElectricityLoad,Hour,15614955,15614955,0,0,17/06/2025 07:00,17/06/2025 08:00,17/10/2025 06:37
Nederland,ElectricityLoad,Hour,17811668,17811668,0,0,17/06/2025 08:00,17/06/2025 09:00,17/10/2025 06:37
Nederland,ElectricityLoad,Hour,19902453,19902453,0,0,17/06/2025 09:00,17/06/2025 10:00,17/10/2025 06:37
Nederland,ElectricityLoad,Hour,21462463,21462463,0,0,17/06/2025 10:00,17/06/2025 11:00,17/10/2025 06:37
Nederland,ElectricityLoad,Hour,22394072,22394072,0,0,17/06/2025 11:00,17/06/2025 12:00,17/10/2025 06:37
Nederland,ElectricityLoad,Hour,22073547,22073547,0,0,17/06/2025 12:00,17/06/2025 13:00,17/10/2025 06:37
Nederland,ElectricityLoad,Hour,19829732,19829732,0,0,17/06/2025 13:00,17/06/2025 14:00,17/10/2025 06:37
Nederland,ElectricityLoad,Hour,17805564,17805564,0,0,17/06/2025 14:00,17/06/2025 15:00,17/10/2025 06:37
Nederland,ElectricityLoad,Hour,16968966,16968966,0,0,17/06/2025 15:00,17/06/2025 16:00,17/10/2025 06:37
Nederland,ElectricityLoad,Hour,15215338,15215338,0,0,17/06/2025 16:00,17/06/2025 17:00,17/10/2025 06:37
Nederland,ElectricityLoad,Hour,13186706,13186706,0,0,17/06/2025 17:00,17/06/2025 18:00,17/10/2025 06:37
Nederland,ElectricityLoad,Hour,11448745,11448745,0,0,17/06/2025 18:00,17/06/2025 19:00,17/10/2025 06:37
Nederland,ElectricityLoad,Hour,9781474,9781474,0,0,17/06/2025 19:00,17/06/2025 20:00,17/10/2025 06:37
Nederland,ElectricityLoad,Hour,9076550,9076550,0,0,17/06/2025 20:00,17/06/2025 21:00,17/10/2025 06:37
Nederland,ElectricityLoad,Hour,9124286,9124286,0,0,17/06/2025 21:00,17/06/2025 22:00,17/10/2025 06:37
Nederland,ElectricityLoad,Hour,8638389,8638389,0,0,17/06/2025 22:00,17/06/2025 23:00,17/10/2025 06:37
Nederland,ElectricityLoad,Hour,8269022,8269022,0,0,17/06/2025 23:00,18/06/2025 00:00,17/10/2025 06:37
Nederland,ElectricityLoad,Hour,7980663,7980663,0,0,18/06/2025 00:00,18/06/2025 01:00,18/10/2025 06:37
Nederland,ElectricityLoad,Hour,7832178,7832178,0,0,18/06/2025 01:00,18/06/2025 02:00,18/10/2025 06:37
Nederland,ElectricityLoad,Hour,7755199,7755199,0,0,18/06/2025 02:00,18/06/2025 03:00,18/10/2025 06:37
Nederland,ElectricityLoad,Hour,7571250,7571250,0,0,18/06/2025 03:00,18/06/2025 04:00,18/10/2025 06:37
Nederland,ElectricityLoad,Hour,8102690,8102690,0,0,18/06/2025 04:00,18/06/2025 05:00,18/10/2025 06:37
Nederland,ElectricityLoad,Hour,9812409,9812409,0,0,18/06/2025 05:00,18/06/2025 06:00,18/10/2025 06:37
Nederland,ElectricityLoad,Hour,12088971,12088971,0,0,18/06/2025 06:00,18/06/2025 07:00,18/10/2025 06:37
Nederland,ElectricityLoad,Hour,14293485,14293485,0,0,18/06/2025 07:00,18/06/2025 08:00,18/10/2025 06:37
Nederland,ElectricityLoad,Hour,16347381,16347381,0,0,18/06/2025 08:00,18/06/2025 09:00,18/10/2025 06:37
Nederland,ElectricityLoad,Hour,18393019,18393019,0,0,18/06/2025 09:00,18/06/2025 10:00,18/10/2025 06:37
Nederland,ElectricityLoad,Hour,19440036,19440036,0,0,18/06/2025 10:00,18/06/2025 11:00,18/10/2025 06:37
Nederland,ElectricityLoad,Hour,20193470,20193470,0,0,18/06/2025 11:00,18/06/2025 12:00,18/10/2025 06:37
Nederland,ElectricityLoad,Hour,19633092,19633092,0,0,18/06/2025 12:00,18/06/2025 13:00,18/10/2025 06:37
Nederland,ElectricityLoad,Hour,20456176,20456176,0,0,18/06/2025 13:00,18/06/2025 14:00,18/10/2025 06:37
Nederland,ElectricityLoad,Hour,19025551,19025551,0,0,18/06/2025 14:00,18/06/2025 15:00,18/10/2025 06:37
Nederland,ElectricityLoad,Hour,18051294,18051294,0,0,18/06/2025 15:00,18/06/2025 16:00,18/10/2025 06:37
Nederland,ElectricityLoad,Hour,16911682,16911682,0,0,18/06/2025 16:00,18/06/2025 17:00,18/10/2025 06:37
Nederland,ElectricityLoad,Hour,14919951,14919951,0,0,18/06/2025 17:00,18/06/2025 18:00,18/10/2025 06:37
Nederland,ElectricityLoad,Hour,12200310,12200310,0,0,18/06/2025 18:00,18/06/2025 19:00,18/10/2025 06:37
Nederland,ElectricityLoad,Hour,9803448,9803448,0,0,18/06/2025 19:00,18/06/2025 20:00,18/10/2025 06:37
Nederland,ElectricityLoad,Hour,9161879,9161879,0,0,18/06/2025 20:00,18/06/2025 21:00,18/10/2025 06:37
Nederland,ElectricityLoad,Hour,8833399,8833399,0,0,18/06/2025 21:00,18/06/2025 22:00,18/10/2025 06:37
Nederland,ElectricityLoad,Hour,8463837,8463837,0,0,18/06/2025 22:00,18/06/2025 23:00,18/10/2025 06:37
Nederland,ElectricityLoad,Hour,8114271,8114271,0,0,18/06/2025 23:00,19/06/2025 00:00,18/10/2025 06:37
Nederland,ElectricityLoad,Hour,7894480,7894480,0,0,19/06/2025 00:00,19/06/2025 01:00,19/10/2025 06:38
Nederland,ElectricityLoad,Hour,7658443,7658443,0,0,19/06/2025 01:00,19/06/2025 02:00,19/10/2025 06:38
Nederland,ElectricityLoad,Hour,7670122,7670122,0,0,19/06/2025 02:00,19/06/2025 03:00,19/10/2025 06:38
Nederland,ElectricityLoad,Hour,7677246,7677246,0,0,19/06/2025 03:00,19/06/2025 04:00,19/10/2025 06:38
Nederland,ElectricityLoad,Hour,8448592,8448592,0,0,19/06/2025 04:00,19/06/2025 05:00,19/10/2025 06:38
Nederland,ElectricityLoad,Hour,10245400,10245400,0,0,19/06/2025 05:00,19/06/2025 06:00,19/10/2025 06:38
Nederland,ElectricityLoad,Hour,12443870,12443870,0,0,19/06/2025 06:00,19/06/2025 07:00,19/10/2025 06:38
Nederland,ElectricityLoad,Hour,15246583,15246583,0,0,19/06/2025 07:00,19/06/2025 08:00,19/10/2025 06:38
Nederland,ElectricityLoad,Hour,17718999,17718999,0,0,19/06/2025 08:00,19/06/2025 09:00,19/10/2025 06:38
Nederland,ElectricityLoad,Hour,19447457,19447457,0,0,19/06/2025 09:00,19/06/2025 10:00,19/10/2025 06:38
Nederland,ElectricityLoad,Hour,19424550,19424550,0,0,19/06/2025 10:00,19/06/2025 11:00,19/10/2025 06:38
Nederland,ElectricityLoad,Hour,20747025,20747025,0,0,19/06/2025 11:00,19/06/2025 12:00,19/10/2025 06:38
Nederland,ElectricityLoad,Hour,21096435,21096435,0,0,19/06/2025 12:00,19/06/2025 13:00,19/10/2025 06:38
Nederland,ElectricityLoad,Hour,19598010,19598010,0,0,19/06/2025 13:00,19/06/2025 14:00,19/10/2025 06:38
Nederland,ElectricityLoad,Hour,19319037,19319037,0,0,19/06/2025 14:00,19/06/2025 15:00,19/10/2025 06:38
Nederland,ElectricityLoad,Hour,17383076,17383076,0,0,19/06/2025 15:00,19/06/2025 16:00,19/10/2025 06:38
Nederland,ElectricityLoad,Hour,15815251,15815251,0,0,19/06/2025 16:00,19/06/2025 17:00,19/10/2025 06:38
Nederland,ElectricityLoad,Hour,14015350,14015350,0,0,19/06/2025 17:00,19/06/2025 18:00,19/10/2025 06:38
Nederland,ElectricityLoad,Hour,12626234,12626234,0,0,19/06/2025 18:00,19/06/2025 19:00,19/10/2025 06:38
Nederland,ElectricityLoad,Hour,11114115,11114115,0,0,19/06/2025 19:00,19/06/2025 20:00,19/10/2025 06:38
Nederland,ElectricityLoad,Hour,10027390,10027390,0,0,19/06/2025 20:00,19/06/2025 21:00,19/10/2025 06:38
Nederland,ElectricityLoad,Hour,9584042,9584042,0,0,19/06/2025 21:00,19/06/2025 22:00,19/10/2025 06:38
Nederland,ElectricityLoad,Hour,8943539,8943539,0,0,19/06/2025 22:00,19/06/2025 23:00,19/10/2025 06:38
Nederland,ElectricityLoad,Hour,8543303,8543303,0,0,19/06/2025 23:00,20/06/2025 00:00,19/10/2025 06:38
Nederland,ElectricityLoad,Hour,8317275,8317275,0,0,20/06/2025 00:00,20/06/2025 01:00,20/10/2025 06:37
Nederland,ElectricityLoad,Hour,8154504,8154504,0,0,20/06/2025 01:00,20/06/2025 02:00,20/10/2025 06:37
Nederland,ElectricityLoad,Hour,8218409,8218409,0,0,20/06/2025 02:00,20/06/2025 03:00,20/10/2025 06:37
Nederland,ElectricityLoad,Hour,8202177,8202177,0,0,20/06/2025 03:00,20/06/2025 04:00,20/10/2025 06:37
Nederland,ElectricityLoad,Hour,8948355,8948355,0,0,20/06/2025 04:00,20/06/2025 05:00,20/10/2025 06:37
Nederland,ElectricityLoad,Hour,10536920,10536920,0,0,20/06/2025 05:00,20/06/2025 06:00,20/10/2025 06:37
Nederland,ElectricityLoad,Hour,12991535,12991535,0,0,20/06/2025 06:00,20/06/2025 07:00,20/10/2025 06:37
Nederland,ElectricityLoad,Hour,15310765,15310765,0,0,20/06/2025 07:00,20/06/2025 08:00,20/10/2025 06:37
Nederland,ElectricityLoad,Hour,16982693,16982693,0,0,20/06/2025 08:00,20/06/2025 09:00,20/10/2025 06:37
Nederland,ElectricityLoad,Hour,18640026,18640026,0,0,20/06/2025 09:00,20/06/2025 10:00,20/10/2025 06:37
Nederland,ElectricityLoad,Hour,19789145,19789145,0,0,20/06/2025 10:00,20/06/2025 11:00,20/10/2025 06:37
Nederland,ElectricityLoad,Hour,20146520,20146520,0,0,20/06/2025 11:00,20/06/2025 12:00,20/10/2025 06:37
Nederland,ElectricityLoad,Hour,20842517,20842517,0,0,20/06/2025 12:00,20/06/2025 13:00,20/10/2025 06:37
Nederland,ElectricityLoad,Hour,19639503,19639503,0,0,20/06/2025 13:00,20/06/2025 14:00,20/10/2025 06:37
Nederland,ElectricityLoad,Hour,18437317,18437317,0,0,20/06/2025 14:00,20/06/2025 15:00,20/10/2025 06:37
Nederland,ElectricityLoad,Hour,17557449,17557449,0,0,20/06/2025 15:00,20/06/2025 16:00,20/10/2025 06:37
Nederland,ElectricityLoad,Hour,15521938,15521938,0,0,20/06/2025 16:00,20/06/2025 17:00,20/10/2025 06:37
Nederland,ElectricityLoad,Hour,12961031,12961031,0,0,20/06/2025 17:00,20/06/2025 18:00,20/10/2025 06:37
Nederland,ElectricityLoad,Hour,11892659,11892659,0,0,20/06/2025 18:00,20/06/2025 19:00,20/10/2025 06:37
Nederland,ElectricityLoad,Hour,10338151,10338151,0,0,20/06/2025 19:00,20/06/2025 20:00,20/10/2025 06:37
Nederland,ElectricityLoad,Hour,9701566,9701566,0,0,20/06/2025 20:00,20/06/2025 21:00,20/10/2025 06:37
Nederland,ElectricityLoad,Hour,9421641,9421641,0,0,20/06/2025 21:00,20/06/2025 22:00,20/10/2025 06:37
Nederland,ElectricityLoad,Hour,8723643,8723643,0,0,20/06/2025 22:00,20/06/2025 23:00,20/10/2025 06:37
Nederland,ElectricityLoad,Hour,8313029,8313029,0,0,20/06/2025 23:00,21/06/2025 00:00,20/10/2025 06:37
Nederland,ElectricityLoad,Hour,7950589,7950589,0,0,21/06/2025 00:00,21/06/2025 01:00,21/10/2025 06:39
Nederland,ElectricityLoad,Hour,7723119,7723119,0,0,21/06/2025 01:00,21/06/2025 02:00,21/10/2025 06:39
Nederland,ElectricityLoad,Hour,7423540,7423540,0,0,21/06/2025 02:00,21/06/2025 03:00,21/10/2025 06:39
Nederland,ElectricityLoad,Hour,7247372,7247372,0,0,21/06/2025 03:00,21/06/2025 04:00,21/10/2025 06:39
Nederland,ElectricityLoad,Hour,7722665,7722665,0,0,21/06/2025 04:00,21/06/2025 05:00,21/10/2025 06:39
Nederland,ElectricityLoad,Hour,8740394,8740394,0,0,21/06/2025 05:00,21/06/2025 06:00,21/10/2025 06:39
Nederland,ElectricityLoad,Hour,10745781,10745781,0,0,21/06/2025 06:00,21/06/2025 07:00,21/10/2025 06:39
Nederland,ElectricityLoad,Hour,13434159,13434159,0,0,21/06/2025 07:00,21/06/2025 08:00,21/10/2025 06:39
Nederland,ElectricityLoad,Hour,15695855,15695855,0,0,21/06/2025 08:00,21/06/2025 09:00,21/10/2025 06:39
Nederland,ElectricityLoad,Hour,18461283,18461283,0,0,21/06/2025 09:00,21/06/2025 10:00,21/10/2025 06:39
Nederland,ElectricityLoad,Hour,20918081,20918081,0,0,21/06/2025 10:00,21/06/2025 11:00,21/10/2025 06:39
Nederland,ElectricityLoad,Hour,22262844,22262844,0,0,21/06/2025 11:00,21/06/2025 12:00,21/10/2025 06:39
Nederland,ElectricityLoad,Hour,22084465,22084465,0,0,21/06/2025 12:00,21/06/2025 13:00,21/10/2025 06:39
Nederland,ElectricityLoad,Hour,20412226,20412226,0,0,21/06/2025 13:00,21/06/2025 14:00,21/10/2025 06:39
Nederland,ElectricityLoad,Hour,18117794,18117794,0,0,21/06/2025 14:00,21/06/2025 15:00,21/10/2025 06:39
Nederland,ElectricityLoad,Hour,15956099,15956099,0,0,21/06/2025 15:00,21/06/2025 16:00,21/10/2025 06:39
Nederland,ElectricityLoad,Hour,14334788,14334788,0,0,21/06/2025 16:00,21/06/2025 17:00,21/10/2025 06:39
Nederland,ElectricityLoad,Hour,12595441,12595441,0,0,21/06/2025 17:00,21/06/2025 18:00,21/10/2025 06:39
Nederland,ElectricityLoad,Hour,10741803,10741803,0,0,21/06/2025 18:00,21/06/2025 19:00,21/10/2025 06:39
Nederland,ElectricityLoad,Hour,9222297,9222297,0,0,21/06/2025 19:00,21/06/2025 20:00,21/10/2025 06:39
Nederland,ElectricityLoad,Hour,8518318,8518318,0,0,21/06/2025 20:00,21/06/2025 21:00,21/10/2025 06:39
Nederland,ElectricityLoad,Hour,8260621,8260621,0,0,21/06/2025 21:00,21/06/2025 22:00,21/10/2025 06:39
Nederland,ElectricityLoad,Hour,7305231,7305231,0,0,21/06/2025 22:00,21/06/2025 23:00,21/10/2025 06:39
Nederland,ElectricityLoad,Hour,6618970,6618970,0,0,21/06/2025 23:00,22/06/2025 00:00,21/10/2025 06:39
Nederland,ElectricityLoad,Hour,6233365,6233365,0,0,22/06/2025 00:00,22/06/2025 01:00,22/10/2025 06:37
Nederland,ElectricityLoad,Hour,5813633,5813633,0,0,22/06/2025 01:00,22/06/2025 02:00,22/10/2025 06:37
Nederland,ElectricityLoad,Hour,5858804,5858804,0,0,22/06/2025 02:00,22/06/2025 03:00,22/10/2025 06:37
Nederland,ElectricityLoad,Hour,5609717,5609717,0,0,22/06/2025 03:00,22/06/2025 04:00,22/10/2025 06:37
Nederland,ElectricityLoad,Hour,5658388,5658388,0,0,22/06/2025 04:00,22/06/2025 05:00,22/10/2025 06:37
Nederland,ElectricityLoad,Hour,7563539,7563539,0,0,22/06/2025 05:00,22/06/2025 06:00,22/10/2025 06:37
Nederland,ElectricityLoad,Hour,10590955,10590955,0,0,22/06/2025 06:00,22/06/2025 07:00,22/10/2025 06:37
Nederland,ElectricityLoad,Hour,14445486,14445486,0,0,22/06/2025 07:00,22/06/2025 08:00,22/10/2025 06:37
Nederland,ElectricityLoad,Hour,17448598,17448598,0,0,22/06/2025 08:00,22/06/2025 09:00,22/10/2025 06:37
Nederland,ElectricityLoad,Hour,17459311,17459311,0,0,22/06/2025 09:00,22/06/2025 10:00,22/10/2025 06:37
Nederland,ElectricityLoad,Hour,15160082,15160082,0,0,22/06/2025 10:00,22/06/2025 11:00,22/10/2025 06:37
Nederland,ElectricityLoad,Hour,14182217,14182217,0,0,22/06/2025 11:00,22/06/2025 12:00,22/10/2025 06:37
Nederland,ElectricityLoad,Hour,13820018,13820018,0,0,22/06/2025 12:00,22/06/2025 13:00,22/10/2025 06:37
Nederland,ElectricityLoad,Hour,15208388,15208388,0,0,22/06/2025 13:00,22/06/2025 14:00,22/10/2025 06:37
Nederland,ElectricityLoad,Hour,18358988,18358988,0,0,22/06/2025 14:00,22/06/2025 15:00,22/10/2025 06:37
Nederland,ElectricityLoad,Hour,18987325,18987325,0,0,22/06/2025 15:00,22/06/2025 16:00,22/10/2025 06:37
Nederland,ElectricityLoad,Hour,14140017,14140017,0,0,22/06/2025 16:00,22/06/2025 17:00,22/10/2025 06:37
Nederland,ElectricityLoad,Hour,12384068,12384068,0,0,22/06/2025 17:00,22/06/2025 18:00,22/10/2025 06:37
Nederland,ElectricityLoad,Hour,10822984,10822984,0,0,22/06/2025 18:00,22/06/2025 19:00,22/10/2025 06:37
Nederland,ElectricityLoad,Hour,9607396,9607396,0,0,22/06/2025 19:00,22/06/2025 20:00,22/10/2025 06:37
Nederland,ElectricityLoad,Hour,8969070,8969070,0,0,22/06/2025 20:00,22/06/2025 21:00,22/10/2025 06:37
Nederland,ElectricityLoad,Hour,8587667,8587667,0,0,22/06/2025 21:00,22/06/2025 22:00,22/10/2025 06:37
Nederland,ElectricityLoad,Hour,8608252,8608252,0,0,22/06/2025 22:00,22/06/2025 23:00,22/10/2025 06:37
Nederland,ElectricityLoad,Hour,8352325,8352325,0,0,22/06/2025 23:00,23/06/2025 00:00,22/10/2025 06:37
Nederland,ElectricityLoad,Hour,9289329,9289329,0,0,23/06/2025 00:00,23/06/2025 01:00,23/10/2025 06:37
Nederland,ElectricityLoad,Hour,8715952,8715952,0,0,23/06/2025 01:00,23/06/2025 02:00,23/10/2025 06:37
Nederland,ElectricityLoad,Hour,8584344,8584344,0,0,23/06/2025 02:00,23/06/2025 03:00,23/10/2025 06:37
Nederland,ElectricityLoad,Hour,8889674,8889674,0,0,23/06/2025 03:00,23/06/2025 04:00,23/10/2025 06:37
Nederland,ElectricityLoad,Hour,9611248,9611248,0,0,23/06/2025 04:00,23/06/2025 05:00,23/10/2025 06:37
Nederland,ElectricityLoad,Hour,11947997,11947997,0,0,23/06/2025 05:00,23/06/2025 06:00,23/10/2025 06:37
Nederland,ElectricityLoad,Hour,13365140,13365140,0,0,23/06/2025 06:00,23/06/2025 07:00,23/10/2025 06:37
Nederland,ElectricityLoad,Hour,15194421,15194421,0,0,23/06/2025 07:00,23/06/2025 08:00,23/10/2025 06:37
Nederland,ElectricityLoad,Hour,16851274,16851274,0,0,23/06/2025 08:00,23/06/2025 09:00,23/10/2025 06:37
Nederland,ElectricityLoad,Hour,18108481,18108481,0,0,23/06/2025 09:00,23/06/2025 10:00,23/10/2025 06:37
Nederland,ElectricityLoad,Hour,21185803,21185803,0,0,23/06/2025 10:00,23/06/2025 11:00,23/10/2025 06:37
Nederland,ElectricityLoad,Hour,24202097,24202097,0,0,23/06/2025 11:00,23/06/2025 12:00,23/10/2025 06:37
Nederland,ElectricityLoad,Hour,24975431,24975431,0,0,23/06/2025 12:00,23/06/2025 13:00,23/10/2025 06:37
Nederland,ElectricityLoad,Hour,24965110,24965110,0,0,23/06/2025 13:00,23/06/2025 14:00,23/10/2025 06:37
Nederland,ElectricityLoad,Hour,22917909,22917909,0,0,23/06/2025 14:00,23/06/2025 15:00,23/10/2025 06:37
Nederland,ElectricityLoad,Hour,19948511,19948511,0,0,23/06/2025 15:00,23/06/2025 16:00,23/10/2025 06:37
Nederland,ElectricityLoad,Hour,17345789,17345789,0,0,23/06/2025 16:00,23/06/2025 17:00,23/10/2025 06:37
Nederland,ElectricityLoad,Hour,14893606,14893606,0,0,23/06/2025 17:00,23/06/2025 18:00,23/10/2025 06:37
Nederland,ElectricityLoad,Hour,12550748,12550748,0,0,23/06/2025 18:00,23/06/2025 19:00,23/10/2025 06:37
Nederland,ElectricityLoad,Hour,10917359,10917359,0,0,23/06/2025 19:00,23/06/2025 20:00,23/10/2025 06:37
Nederland,ElectricityLoad,Hour,9780604,9780604,0,0,23/06/2025 20:00,23/06/2025 21:00,23/10/2025 06:37
Nederland,ElectricityLoad,Hour,8828218,8828218,0,0,23/06/2025 21:00,23/06/2025 22:00,23/10/2025 06:37
Nederland,ElectricityLoad,Hour,8250476,8250476,0,0,23/06/2025 22:00,23/06/2025 23:00,23/10/2025 06:37
Nederland,ElectricityLoad,Hour,7958960,7958960,0,0,23/06/2025 23:00,24/06/2025 00:00,23/10/2025 06:37
Nederland,ElectricityLoad,Hour,7508357,7508357,0,0,24/06/2025 00:00,24/06/2025 01:00,23/10/2025 06:37
Nederland,ElectricityLoad,Hour,7391923,7391923,0,0,24/06/2025 01:00,24/06/2025 02:00,23/10/2025 06:37
Nederland,ElectricityLoad,Hour,7177180,7177180,0,0,24/06/2025 02:00,24/06/2025 03:00,23/10/2025 06:37
Nederland,ElectricityLoad,Hour,7303497,7303497,0,0,24/06/2025 03:00,24/06/2025 04:00,23/10/2025 06:37
Nederland,ElectricityLoad,Hour,8253384,8253384,0,0,24/06/2025 04:00,24/06/2025 05:00,23/10/2025 06:37
Nederland,ElectricityLoad,Hour,10230894,10230894,0,0,24/06/2025 05:00,24/06/2025 06:00,23/10/2025 06:37
Nederland,ElectricityLoad,Hour,12439329,12439329,0,0,24/06/2025 06:00,24/06/2025 07:00,23/10/2025 06:37
Nederland,ElectricityLoad,Hour,15251737,15251737,0,0,24/06/2025 07:00,24/06/2025 08:00,23/10/2025 06:37
Nederland,ElectricityLoad,Hour,16937185,16937185,0,0,24/06/2025 08:00,24/06/2025 09:00,23/10/2025 06:37
Nederland,ElectricityLoad,Hour,19368497,19368497,0,0,24/06/2025 09:00,24/06/2025 10:00,23/10/2025 06:37
Nederland,ElectricityLoad,Hour,19005203,19005203,0,0,24/06/2025 10:00,24/06/2025 11:00,23/10/2025 06:37
Nederland,ElectricityLoad,Hour,18321395,18321395,0,0,24/06/2025 11:00,24/06/2025 12:00,23/10/2025 06:37
Nederland,ElectricityLoad,Hour,15931062,15931062,0,0,24/06/2025 12:00,24/06/2025 13:00,23/10/2025 06:37
Nederland,ElectricityLoad,Hour,15653243,15653243,0,0,24/06/2025 13:00,24/06/2025 14:00,23/10/2025 06:37
Nederland,ElectricityLoad,Hour,16211906,16211906,0,0,24/06/2025 14:00,24/06/2025 15:00,23/10/2025 06:37
Nederland,ElectricityLoad,Hour,16029460,16029460,0,0,24/06/2025 15:00,24/06/2025 16:00,23/10/2025 06:37
Nederland,ElectricityLoad,Hour,15927233,15927233,0,0,24/06/2025 16:00,24/06/2025 17:00,23/10/2025 06:37
Nederland,ElectricityLoad,Hour,14328533,14328533,0,0,24/06/2025 17:00,24/06/2025 18:00,23/10/2025 06:37
Nederland,ElectricityLoad,Hour,12519977,12519977,0,0,24/06/2025 18:00,24/06/2025 19:00,23/10/2025 06:37
Nederland,ElectricityLoad,Hour,10809912,10809912,0,0,24/06/2025 19:00,24/06/2025 20:00,23/10/2025 06:37
Nederland,ElectricityLoad,Hour,10349125,10349125,0,0,24/06/2025 20:00,24/06/2025 21:00,23/10/2025 06:37
Nederland,ElectricityLoad,Hour,9683412,9683412,0,0,24/06/2025 21:00,24/06/2025 22:00,23/10/2025 06:37
Nederland,ElectricityLoad,Hour,9105112,9105112,0,0,24/06/2025 22:00,24/06/2025 23:00,23/10/2025 06:37
Nederland,ElectricityLoad,Hour,8657638,8657638,0,0,24/06/2025 23:00,25/06/2025 00:00,23/10/2025 06:37
Nederland,ElectricityLoad,Hour,8405863,8405863,0,0,25/06/2025 00:00,25/06/2025 01:00,25/10/2025 06:40
Nederland,ElectricityLoad,Hour,8168915,8168915,0,0,25/06/2025 01:00,25/06/2025 02:00,25/10/2025 06:40
Nederland,ElectricityLoad,Hour,8384786,8384786,0,0,25/06/2025 02:00,25/06/2025 03:00,25/10/2025 06:40
Nederland,ElectricityLoad,Hour,8165461,8165461,0,0,25/06/2025 03:00,25/06/2025 04:00,25/10/2025 06:40
Nederland,ElectricityLoad,Hour,8967475,8967475,0,0,25/06/2025 04:00,25/06/2025 05:00,25/10/2025 06:40
Nederland,ElectricityLoad,Hour,10931442,10931442,0,0,25/06/2025 05:00,25/06/2025 06:00,25/10/2025 06:40
Nederland,ElectricityLoad,Hour,12989745,12989745,0,0,25/06/2025 06:00,25/06/2025 07:00,25/10/2025 06:40
Nederland,ElectricityLoad,Hour,14176466,14176466,0,0,25/06/2025 07:00,25/06/2025 08:00,25/10/2025 06:40
Nederland,ElectricityLoad,Hour,15148908,15148908,0,0,25/06/2025 08:00,25/06/2025 09:00,25/10/2025 06:40
Nederland,ElectricityLoad,Hour,15912204,15912204,0,0,25/06/2025 09:00,25/06/2025 10:00,25/10/2025 06:40
Nederland,ElectricityLoad,Hour,16825330,16825330,0,0,25/06/2025 10:00,25/06/2025 11:00,25/10/2025 06:40
Nederland,ElectricityLoad,Hour,18927632,18927632,0,0,25/06/2025 11:00,25/06/2025 12:00,25/10/2025 06:40
Nederland,ElectricityLoad,Hour,19249040,19249040,0,0,25/06/2025 12:00,25/06/2025 13:00,25/10/2025 06:40
Nederland,ElectricityLoad,Hour,19334324,19334324,0,0,25/06/2025 13:00,25/06/2025 14:00,25/10/2025 06:40
Nederland,ElectricityLoad,Hour,18954315,18954315,0,0,25/06/2025 14:00,25/06/2025 15:00,25/10/2025 06:40
Nederland,ElectricityLoad,Hour,17981717,17981717,0,0,25/06/2025 15:00,25/06/2025 16:00,25/10/2025 06:40
Nederland,ElectricityLoad,Hour,14857047,14857047,0,0,25/06/2025 16:00,25/06/2025 17:00,25/10/2025 06:40
Nederland,ElectricityLoad,Hour,12800563,12800563,0,0,25/06/2025 17:00,25/06/2025 18:00,25/10/2025 06:40
Nederland,ElectricityLoad,Hour,11118992,11118992,0,0,25/06/2025 18:00,25/06/2025 19:00,25/10/2025 06:40
Nederland,ElectricityLoad,Hour,9797146,9797146,0,0,25/06/2025 19:00,25/06/2025 20:00,25/10/2025 06:40
Nederland,ElectricityLoad,Hour,9208697,9208697,0,0,25/06/2025 20:00,25/06/2025 21:00,25/10/2025 06:40
Nederland,ElectricityLoad,Hour,8706057,8706057,0,0,25/06/2025 21:00,25/06/2025 22:00,25/10/2025 06:40
Nederland,ElectricityLoad,Hour,8168076,8168076,0,0,25/06/2025 22:00,25/06/2025 23:00,25/10/2025 06:40
Nederland,ElectricityLoad,Hour,7866559,7866559,0,0,25/06/2025 23:00,26/06/2025 00:00,25/10/2025 06:40
Nederland,ElectricityLoad,Hour,7715447,7715447,0,0,26/06/2025 00:00,26/06/2025 01:00,25/10/2025 06:40
Nederland,ElectricityLoad,Hour,7639972,7639972,0,0,26/06/2025 01:00,26/06/2025 02:00,25/10/2025 06:40
Nederland,ElectricityLoad,Hour,7549660,7549660,0,0,26/06/2025 02:00,26/06/2025 03:00,25/10/2025 06:40
Nederland,ElectricityLoad,Hour,7851455,7851455,0,0,26/06/2025 03:00,26/06/2025 04:00,25/10/2025 06:40
Nederland,ElectricityLoad,Hour,8221284,8221284,0,0,26/06/2025 04:00,26/06/2025 05:00,25/10/2025 06:40
Nederland,ElectricityLoad,Hour,9506822,9506822,0,0,26/06/2025 05:00,26/06/2025 06:00,25/10/2025 06:40
Nederland,ElectricityLoad,Hour,11044252,11044252,0,0,26/06/2025 06:00,26/06/2025 07:00,25/10/2025 06:40
Nederland,ElectricityLoad,Hour,12515856,12515856,0,0,26/06/2025 07:00,26/06/2025 08:00,25/10/2025 06:40
Nederland,ElectricityLoad,Hour,13221660,13221660,0,0,26/06/2025 08:00,26/06/2025 09:00,25/10/2025 06:40
Nederland,ElectricityLoad,Hour,14204618,14204618,0,0,26/06/2025 09:00,26/06/2025 10:00,25/10/2025 06:40
Nederland,ElectricityLoad,Hour,15852160,15852160,0,0,26/06/2025 10:00,26/06/2025 11:00,25/10/2025 06:40
Nederland,ElectricityLoad,Hour,17437402,17437402,0,0,26/06/2025 11:00,26/06/2025 12:00,25/10/2025 06:40
Nederland,ElectricityLoad,Hour,16612510,16612510,0,0,26/06/2025 12:00,26/06/2025 13:00,25/10/2025 06:40
Nederland,ElectricityLoad,Hour,16749861,16749861,0,0,26/06/2025 13:00,26/06/2025 14:00,25/10/2025 06:40
Nederland,ElectricityLoad,Hour,16130181,16130181,0,0,26/06/2025 14:00,26/06/2025 15:00,25/10/2025 06:40
Nederland,ElectricityLoad,Hour,16132901,16132901,0,0,26/06/2025 15:00,26/06/2025 16:00,25/10/2025 06:40
Nederland,ElectricityLoad,Hour,14511877,14511877,0,0,26/06/2025 16:00,26/06/2025 17:00,25/10/2025 06:40
Nederland,ElectricityLoad,Hour,13045798,13045798,0,0,26/06/2025 17:00,26/06/2025 18:00,25/10/2025 06:40
Nederland,ElectricityLoad,Hour,13068075,13068075,0,0,26/06/2025 18:00,26/06/2025 19:00,25/10/2025 06:40
Nederland,ElectricityLoad,Hour,11990196,11990196,0,0,26/06/2025 19:00,26/06/2025 20:00,25/10/2025 06:40
Nederland,ElectricityLoad,Hour,10916209,10916209,0,0,26/06/2025 20:00,26/06/2025 21:00,25/10/2025 06:40
Nederland,ElectricityLoad,Hour,10253906,10253906,0,0,26/06/2025 21:00,26/06/2025 22:00,25/10/2025 06:40
Nederland,ElectricityLoad,Hour,9463083,9463083,0,0,26/06/2025 22:00,26/06/2025 23:00,25/10/2025 06:40
Nederland,ElectricityLoad,Hour,8755318,8755318,0,0,26/06/2025 23:00,27/06/2025 00:00,25/10/2025 06:40
Nederland,ElectricityLoad,Hour,8175151,8175151,0,0,27/06/2025 00:00,27/06/2025 01:00,27/10/2025 06:39
Nederland,ElectricityLoad,Hour,7960533,7960533,0,0,27/06/2025 01:00,27/06/2025 02:00,27/10/2025 06:39
Nederland,ElectricityLoad,Hour,7901880,7901880,0,0,27/06/2025 02:00,27/06/2025 03:00,27/10/2025 06:39
Nederland,ElectricityLoad,Hour,7907799,7907799,0,0,27/06/2025 03:00,27/06/2025 04:00,27/10/2025 06:39
Nederland,ElectricityLoad,Hour,8132844,8132844,0,0,27/06/2025 04:00,27/06/2025 05:00,27/10/2025 06:39
Nederland,ElectricityLoad,Hour,9041460,9041460,0,0,27/06/2025 05:00,27/06/2025 06:00,27/10/2025 06:39
Nederland,ElectricityLoad,Hour,10677825,10677825,0,0,27/06/2025 06:00,27/06/2025 07:00,27/10/2025 06:39
Nederland,ElectricityLoad,Hour,12593597,12593597,0,0,27/06/2025 07:00,27/06/2025 08:00,27/10/2025 06:39
Nederland,ElectricityLoad,Hour,14329419,14329419,0,0,27/06/2025 08:00,27/06/2025 09:00,27/10/2025 06:39
Nederland,ElectricityLoad,Hour,16702416,16702416,0,0,27/06/2025 09:00,27/06/2025 10:00,27/10/2025 06:39
Nederland,ElectricityLoad,Hour,14957309,14957309,0,0,27/06/2025 10:00,27/06/2025 11:00,27/10/2025 06:39
Nederland,ElectricityLoad,Hour,16238402,16238402,0,0,27/06/2025 11:00,27/06/2025 12:00,27/10/2025 06:39
Nederland,ElectricityLoad,Hour,17558511,17558511,0,0,27/06/2025 12:00,27/06/2025 13:00,27/10/2025 06:39
Nederland,ElectricityLoad,Hour,17502411,17502411,0,0,27/06/2025 13:00,27/06/2025 14:00,27/10/2025 06:39
Nederland,ElectricityLoad,Hour,17043548,17043548,0,0,27/06/2025 14:00,27/06/2025 15:00,27/10/2025 06:39
Nederland,ElectricityLoad,Hour,18141423,18141423,0,0,27/06/2025 15:00,27/06/2025 16:00,27/10/2025 06:39
Nederland,ElectricityLoad,Hour,15846611,15846611,0,0,27/06/2025 16:00,27/06/2025 17:00,27/10/2025 06:39
Nederland,ElectricityLoad,Hour,13462570,13462570,0,0,27/06/2025 17:00,27/06/2025 18:00,27/10/2025 06:39
Nederland,ElectricityLoad,Hour,12156677,12156677,0,0,27/06/2025 18:00,27/06/2025 19:00,27/10/2025 06:39
Nederland,ElectricityLoad,Hour,10592203,10592203,0,0,27/06/2025 19:00,27/06/2025 20:00,27/10/2025 06:39
Nederland,ElectricityLoad,Hour,9384729,9384729,0,0,27/06/2025 20:00,27/06/2025 21:00,27/10/2025 06:39
Nederland,ElectricityLoad,Hour,8899790,8899790,0,0,27/06/2025 21:00,27/06/2025 22:00,27/10/2025 06:39
Nederland,ElectricityLoad,Hour,8372201,8372201,0,0,27/06/2025 22:00,27/06/2025 23:00,27/10/2025 06:39
Nederland,ElectricityLoad,Hour,7835824,7835824,0,0,27/06/2025 23:00,28/06/2025 00:00,27/10/2025 06:39
Nederland,ElectricityLoad,Hour,7370845,7370845,0,0,28/06/2025 00:00,28/06/2025 01:00,28/10/2025 06:38
Nederland,ElectricityLoad,Hour,7203507,7203507,0,0,28/06/2025 01:00,28/06/2025 02:00,28/10/2025 06:38
Nederland,ElectricityLoad,Hour,7260740,7260740,0,0,28/06/2025 02:00,28/06/2025 03:00,28/10/2025 06:38
Nederland,ElectricityLoad,Hour,7175103,7175103,0,0,28/06/2025 03:00,28/06/2025 04:00,28/10/2025 06:38
Nederland,ElectricityLoad,Hour,7832505,7832505,0,0,28/06/2025 04:00,28/06/2025 05:00,28/10/2025 06:38
Nederland,ElectricityLoad,Hour,9991191,9991191,0,0,28/06/2025 05:00,28/06/2025 06:00,28/10/2025 06:38
Nederland,ElectricityLoad,Hour,13242933,13242933,0,0,28/06/2025 06:00,28/06/2025 07:00,28/10/2025 06:38
Nederland,ElectricityLoad,Hour,15938056,15938056,0,0,28/06/2025 07:00,28/06/2025 08:00,28/10/2025 06:38
Nederland,ElectricityLoad,Hour,16813627,16813627,0,0,28/06/2025 08:00,28/06/2025 09:00,28/10/2025 06:38
Nederland,ElectricityLoad,Hour,18382196,18382196,0,0,28/06/2025 09:00,28/06/2025 10:00,28/10/2025 06:38
Nederland,ElectricityLoad,Hour,17930634,17930634,0,0,28/06/2025 10:00,28/06/2025 11:00,28/10/2025 06:38
Nederland,ElectricityLoad,Hour,19123408,19123408,0,0,28/06/2025 11:00,28/06/2025 12:00,28/10/2025 06:38
Nederland,ElectricityLoad,Hour,19694739,19694739,0,0,28/06/2025 12:00,28/06/2025 13:00,28/10/2025 06:38
Nederland,ElectricityLoad,Hour,18472676,18472676,0,0,28/06/2025 13:00,28/06/2025 14:00,28/10/2025 06:38
Nederland,ElectricityLoad,Hour,17702388,17702388,0,0,28/06/2025 14:00,28/06/2025 15:00,28/10/2025 06:38
Nederland,ElectricityLoad,Hour,16417530,16417530,0,0,28/06/2025 15:00,28/06/2025 16:00,28/10/2025 06:38
Nederland,ElectricityLoad,Hour,15564120,15564120,0,0,28/06/2025 16:00,28/06/2025 17:00,28/10/2025 06:38
Nederland,ElectricityLoad,Hour,13321425,13321425,0,0,28/06/2025 17:00,28/06/2025 18:00,28/10/2025 06:38
Nederland,ElectricityLoad,Hour,11654210,11654210,0,0,28/06/2025 18:00,28/06/2025 19:00,28/10/2025 06:38
Nederland,ElectricityLoad,Hour,9884381,9884381,0,0,28/06/2025 19:00,28/06/2025 20:00,28/10/2025 06:38
Nederland,ElectricityLoad,Hour,8919506,8919506,0,0,28/06/2025 20:00,28/06/2025 21:00,28/10/2025 06:38
Nederland,ElectricityLoad,Hour,8401417,8401417,0,0,28/06/2025 21:00,28/06/2025 22:00,28/10/2025 06:38
Nederland,ElectricityLoad,Hour,8054722,8054722,0,0,28/06/2025 22:00,28/06/2025 23:00,28/10/2025 06:38
Nederland,ElectricityLoad,Hour,7637255,7637255,0,0,28/06/2025 23:00,29/06/2025 00:00,28/10/2025 06:38
Nederland,ElectricityLoad,Hour,7552616,7552616,0,0,29/06/2025 00:00,29/06/2025 01:00,29/10/2025 06:39
Nederland,ElectricityLoad,Hour,7287171,7287171,0,0,29/06/2025 01:00,29/06/2025 02:00,29/10/2025 06:39
Nederland,ElectricityLoad,Hour,7079174,7079174,0,0,29/06/2025 02:00,29/06/2025 03:00,29/10/2025 06:39
Nederland,ElectricityLoad,Hour,7166920,7166920,0,0,29/06/2025 03:00,29/06/2025 04:00,29/10/2025 06:39
Nederland,ElectricityLoad,Hour,7621016,7621016,0,0,29/06/2025 04:00,29/06/2025 05:00,29/10/2025 06:39
Nederland,ElectricityLoad,Hour,8707018,8707018,0,0,29/06/2025 05:00,29/06/2025 06:00,29/10/2025 06:39
Nederland,ElectricityLoad,Hour,10884783,10884783,0,0,29/06/2025 06:00,29/06/2025 07:00,29/10/2025 06:39
Nederland,ElectricityLoad,Hour,13183598,13183598,0,0,29/06/2025 07:00,29/06/2025 08:00,29/10/2025 06:39
Nederland,ElectricityLoad,Hour,15147613,15147613,0,0,29/06/2025 08:00,29/06/2025 09:00,29/10/2025 06:39
Nederland,ElectricityLoad,Hour,17990999,17990999,0,0,29/06/2025 09:00,29/06/2025 10:00,29/10/2025 06:39
Nederland,ElectricityLoad,Hour,19636393,19636393,0,0,29/06/2025 10:00,29/06/2025 11:00,29/10/2025 06:39
Nederland,ElectricityLoad,Hour,20829423,20829423,0,0,29/06/2025 11:00,29/06/2025 12:00,29/10/2025 06:39
Nederland,ElectricityLoad,Hour,21243749,21243749,0,0,29/06/2025 12:00,29/06/2025 13:00,29/10/2025 06:39
Nederland,ElectricityLoad,Hour,20257611,20257611,0,0,29/06/2025 13:00,29/06/2025 14:00,29/10/2025 06:39
Nederland,ElectricityLoad,Hour,19670316,19670316,0,0,29/06/2025 14:00,29/06/2025 15:00,29/10/2025 06:39
Nederland,ElectricityLoad,Hour,17662961,17662961,0,0,29/06/2025 15:00,29/06/2025 16:00,29/10/2025 06:39
Nederland,ElectricityLoad,Hour,15354438,15354438,0,0,29/06/2025 16:00,29/06/2025 17:00,29/10/2025 06:39
Nederland,ElectricityLoad,Hour,13684534,13684534,0,0,29/06/2025 17:00,29/06/2025 18:00,29/10/2025 06:39
Nederland,ElectricityLoad,Hour,11918738,11918738,0,0,29/06/2025 18:00,29/06/2025 19:00,29/10/2025 06:39
Nederland,ElectricityLoad,Hour,9988122,9988122,0,0,29/06/2025 19:00,29/06/2025 20:00,29/10/2025 06:39
Nederland,ElectricityLoad,Hour,9078040,9078040,0,0,29/06/2025 20:00,29/06/2025 21:00,29/10/2025 06:39
Nederland,ElectricityLoad,Hour,8727112,8727112,0,0,29/06/2025 21:00,29/06/2025 22:00,29/10/2025 06:39
Nederland,ElectricityLoad,Hour,8293019,8293019,0,0,29/06/2025 22:00,29/06/2025 23:00,29/10/2025 06:39
Nederland,ElectricityLoad,Hour,8008525,8008525,0,0,29/06/2025 23:00,30/06/2025 00:00,29/10/2025 06:39
Nederland,ElectricityLoad,Hour,7764612,7764612,0,0,30/06/2025 00:00,30/06/2025 01:00,30/10/2025 06:38
Nederland,ElectricityLoad,Hour,7571226,7571226,0,0,30/06/2025 01:00,30/06/2025 02:00,30/10/2025 06:38
Nederland,ElectricityLoad,Hour,7576581,7576581,0,0,30/06/2025 02:00,30/06/2025 03:00,30/10/2025 06:38
Nederland,ElectricityLoad,Hour,7635845,7635845,0,0,30/06/2025 03:00,30/06/2025 04:00,30/10/2025 06:38
Nederland,ElectricityLoad,Hour,8379914,8379914,0,0,30/06/2025 04:00,30/06/2025 05:00,30/10/2025 06:38
Nederland,ElectricityLoad,Hour,10428150,10428150,0,0,30/06/2025 05:00,30/06/2025 06:00,30/10/2025 06:38
Nederland,ElectricityLoad,Hour,13044354,13044354,0,0,30/06/2025 06:00,30/06/2025 07:00,30/10/2025 06:38
Nederland,ElectricityLoad,Hour,15643223,15643223,0,0,30/06/2025 07:00,30/06/2025 08:00,30/10/2025 06:38
Nederland,ElectricityLoad,Hour,17517443,17517443,0,0,30/06/2025 08:00,30/06/2025 09:00,30/10/2025 06:38
Nederland,ElectricityLoad,Hour,19241417,19241417,0,0,30/06/2025 09:00,30/06/2025 10:00,30/10/2025 06:38
Nederland,ElectricityLoad,Hour,21031781,21031781,0,0,30/06/2025 10:00,30/06/2025 11:00,30/10/2025 06:38
Nederland,ElectricityLoad,Hour,22195040,22195040,0,0,30/06/2025 11:00,30/06/2025 12:00,30/10/2025 06:38
Nederland,ElectricityLoad,Hour,22024200,22024200,0,0,30/06/2025 12:00,30/06/2025 13:00,30/10/2025 06:38
Nederland,ElectricityLoad,Hour,21127865,21127865,0,0,30/06/2025 13:00,30/06/2025 14:00,30/10/2025 06:38
Nederland,ElectricityLoad,Hour,20236947,20236947,0,0,30/06/2025 14:00,30/06/2025 15:00,30/10/2025 06:38
Nederland,ElectricityLoad,Hour,19493771,19493771,0,0,30/06/2025 15:00,30/06/2025 16:00,30/10/2025 06:38
Nederland,ElectricityLoad,Hour,17760222,17760222,0,0,30/06/2025 16:00,30/06/2025 17:00,30/10/2025 06:38
Nederland,ElectricityLoad,Hour,15114528,15114528,0,0,30/06/2025 17:00,30/06/2025 18:00,30/10/2025 06:38
Nederland,ElectricityLoad,Hour,12711551,12711551,0,0,30/06/2025 18:00,30/06/2025 19:00,30/10/2025 06:38
Nederland,ElectricityLoad,Hour,10558682,10558682,0,0,30/06/2025 19:00,30/06/2025 20:00,30/10/2025 06:38
Nederland,ElectricityLoad,Hour,9819988,9819988,0,0,30/06/2025 20:00,30/06/2025 21:00,30/10/2025 06:38
Nederland,ElectricityLoad,Hour,9079709,9079709,0,0,30/06/2025 21:00,30/06/2025 22:00,30/10/2025 06:38
Nederland,ElectricityLoad,Hour,8317483,8317483,0,0,30/06/2025 22:00,30/06/2025 23:00,30/10/2025 06:38
Nederland,ElectricityLoad,Hour,7935043,7935043,0,0,30/06/2025 23:00,01/07/2025 00:00,30/10/2025 06:38
Nederland,ElectricityLoad,Hour,7748183,7748183,0,0,01/07/2025 00:00,01/07/2025 01:00,31/10/2025 06:39
Nederland,ElectricityLoad,Hour,7539679,7539679,0,0,01/07/2025 01:00,01/07/2025 02:00,31/10/2025 06:39
Nederland,ElectricityLoad,Hour,7541469,7541469,0,0,01/07/2025 02:00,01/07/2025 03:00,31/10/2025 06:39
Nederland,ElectricityLoad,Hour,7769016,7769016,0,0,01/07/2025 03:00,01/07/2025 04:00,31/10/2025 06:39
Nederland,ElectricityLoad,Hour,8926114,8926114,0,0,01/07/2025 04:00,01/07/2025 05:00,31/10/2025 06:39
Nederland,ElectricityLoad,Hour,11202880,11202880,0,0,01/07/2025 05:00,01/07/2025 06:00,31/10/2025 06:39
Nederland,ElectricityLoad,Hour,13518722,13518722,0,0,01/07/2025 06:00,01/07/2025 07:00,31/10/2025 06:39
Nederland,ElectricityLoad,Hour,15923025,15923025,0,0,01/07/2025 07:00,01/07/2025 08:00,31/10/2025 06:39
Nederland,ElectricityLoad,Hour,17946105,17946105,0,0,01/07/2025 08:00,01/07/2025 09:00,31/10/2025 06:39
Nederland,ElectricityLoad,Hour,19600144,19600144,0,0,01/07/2025 09:00,01/07/2025 10:00,31/10/2025 06:39
Nederland,ElectricityLoad,Hour,21296999,21296999,0,0,01/07/2025 10:00,01/07/2025 11:00,31/10/2025 06:39
Nederland,ElectricityLoad,Hour,22402155,22402155,0,0,01/07/2025 11:00,01/07/2025 12:00,31/10/2025 06:39
Nederland,ElectricityLoad,Hour,22066027,22066027,0,0,01/07/2025 12:00,01/07/2025 13:00,31/10/2025 06:39
Nederland,ElectricityLoad,Hour,21207718,21207718,0,0,01/07/2025 13:00,01/07/2025 14:00,31/10/2025 06:39
Nederland,ElectricityLoad,Hour,20399271,20399271,0,0,01/07/2025 14:00,01/07/2025 15:00,31/10/2025 06:39
Nederland,ElectricityLoad,Hour,19611625,19611625,0,0,01/07/2025 15:00,01/07/2025 16:00,31/10/2025 06:39
Nederland,ElectricityLoad,Hour,18103911,18103911,0,0,01/07/2025 16:00,01/07/2025 17:00,31/10/2025 06:39
Nederland,ElectricityLoad,Hour,15719415,15719415,0,0,01/07/2025 17:00,01/07/2025 18:00,31/10/2025 06:39
Nederland,ElectricityLoad,Hour,13104630,13104630,0,0,01/07/2025 18:00,01/07/2025 19:00,31/10/2025 06:39
Nederland,ElectricityLoad,Hour,11621949,11621949,0,0,01/07/2025 19:00,01/07/2025 20:00,31/10/2025 06:39
Nederland,ElectricityLoad,Hour,11062979,11062979,0,0,01/07/2025 20:00,01/07/2025 21:00,31/10/2025 06:39
Nederland,ElectricityLoad,Hour,10502741,10502741,0,0,01/07/2025 21:00,01/07/2025 22:00,31/10/2025 06:39
Nederland,ElectricityLoad,Hour,9803161,9803161,0,0,01/07/2025 22:00,01/07/2025 23:00,31/10/2025 06:39
Nederland,ElectricityLoad,Hour,9348415,9348415,0,0,01/07/2025 23:00,02/07/2025 00:00,31/10/2025 06:39
Nederland,ElectricityLoad,Hour,8978985,8978985,0,0,02/07/2025 00:00,02/07/2025 01:00,31/10/2025 06:39
Nederland,ElectricityLoad,Hour,8747262,8747262,0,0,02/07/2025 01:00,02/07/2025 02:00,31/10/2025 06:39
Nederland,ElectricityLoad,Hour,8758615,8758615,0,0,02/07/2025 02:00,02/07/2025 03:00,31/10/2025 06:39
Nederland,ElectricityLoad,Hour,8796501,8796501,0,0,02/07/2025 03:00,02/07/2025 04:00,31/10/2025 06:39
Nederland,ElectricityLoad,Hour,9594678,9594678,0,0,02/07/2025 04:00,02/07/2025 05:00,31/10/2025 06:39
Nederland,ElectricityLoad,Hour,11643173,11643173,0,0,02/07/2025 05:00,02/07/2025 06:00,31/10/2025 06:39
Nederland,ElectricityLoad,Hour,13608698,13608698,0,0,02/07/2025 06:00,02/07/2025 07:00,31/10/2025 06:39
Nederland,ElectricityLoad,Hour,16118006,16118006,0,0,02/07/2025 07:00,02/07/2025 08:00,31/10/2025 06:39
Nederland,ElectricityLoad,Hour,17657611,17657611,0,0,02/07/2025 08:00,02/07/2025 09:00,31/10/2025 06:39
Nederland,ElectricityLoad,Hour,18627474,18627474,0,0,02/07/2025 09:00,02/07/2025 10:00,31/10/2025 06:39
Nederland,ElectricityLoad,Hour,20877391,20877391,0,0,02/07/2025 10:00,02/07/2025 11:00,31/10/2025 06:39
Nederland,ElectricityLoad,Hour,22167167,22167167,0,0,02/07/2025 11:00,02/07/2025 12:00,31/10/2025 06:39
Nederland,ElectricityLoad,Hour,22200387,22200387,0,0,02/07/2025 12:00,02/07/2025 13:00,31/10/2025 06:39
Nederland,ElectricityLoad,Hour,21579873,21579873,0,0,02/07/2025 13:00,02/07/2025 14:00,31/10/2025 06:39
Nederland,ElectricityLoad,Hour,19902588,19902588,0,0,02/07/2025 14:00,02/07/2025 15:00,31/10/2025 06:39
Nederland,ElectricityLoad,Hour,19506735,19506735,0,0,02/07/2025 15:00,02/07/2025 16:00,31/10/2025 06:39
Nederland,ElectricityLoad,Hour,16939322,16939322,0,0,02/07/2025 16:00,02/07/2025 17:00,31/10/2025 06:39
Nederland,ElectricityLoad,Hour,14046261,14046261,0,0,02/07/2025 17:00,02/07/2025 18:00,31/10/2025 06:39
Nederland,ElectricityLoad,Hour,12937189,12937189,0,0,02/07/2025 18:00,02/07/2025 19:00,31/10/2025 06:39
Nederland,ElectricityLoad,Hour,11645110,11645110,0,0,02/07/2025 19:00,02/07/2025 20:00,31/10/2025 06:39
Nederland,ElectricityLoad,Hour,10877661,10877661,0,0,02/07/2025 20:00,02/07/2025 21:00,31/10/2025 06:39
Nederland,ElectricityLoad,Hour,10630334,10630334,0,0,02/07/2025 21:00,02/07/2025 22:00,31/10/2025 06:39
Nederland,ElectricityLoad,Hour,10092535,10092535,0,0,02/07/2025 22:00,02/07/2025 23:00,31/10/2025 06:39
Nederland,ElectricityLoad,Hour,9584099,9584099,0,0,02/07/2025 23:00,03/07/2025 00:00,31/10/2025 06:39
Nederland,ElectricityLoad,Hour,9261237,9261237,0,0,03/07/2025 00:00,03/07/2025 01:00,31/10/2025 06:39
Nederland,ElectricityLoad,Hour,8750038,8750038,0,0,03/07/2025 01:00,03/07/2025 02:00,31/10/2025 06:39
Nederland,ElectricityLoad,Hour,8493423,8493423,0,0,03/07/2025 02:00,03/07/2025 03:00,31/10/2025 06:39
Nederland,ElectricityLoad,Hour,8393141,8393141,0,0,03/07/2025 03:00,03/07/2025 04:00,31/10/2025 06:39
Nederland,ElectricityLoad,Hour,9314452,9314452,0,0,03/07/2025 04:00,03/07/2025 05:00,31/10/2025 06:39
Nederland,ElectricityLoad,Hour,11665155,11665155,0,0,03/07/2025 05:00,03/07/2025 06:00,31/10/2025 06:39
Nederland,ElectricityLoad,Hour,13951854,13951854,0,0,03/07/2025 06:00,03/07/2025 07:00,31/10/2025 06:39
Nederland,ElectricityLoad,Hour,15727455,15727455,0,0,03/07/2025 07:00,03/07/2025 08:00,31/10/2025 06:39
Nederland,ElectricityLoad,Hour,18037705,18037705,0,0,03/07/2025 08:00,03/07/2025 09:00,31/10/2025 06:39
Nederland,ElectricityLoad,Hour,19087461,19087461,0,0,03/07/2025 09:00,03/07/2025 10:00,31/10/2025 06:39
Nederland,ElectricityLoad,Hour,20316536,20316536,0,0,03/07/2025 10:00,03/07/2025 11:00,31/10/2025 06:39
Nederland,ElectricityLoad,Hour,21121703,21121703,0,0,03/07/2025 11:00,03/07/2025 12:00,31/10/2025 06:39
Nederland,ElectricityLoad,Hour,21118521,21118521,0,0,03/07/2025 12:00,03/07/2025 13:00,31/10/2025 06:39
Nederland,ElectricityLoad,Hour,21650649,21650649,0,0,03/07/2025 13:00,03/07/2025 14:00,31/10/2025 06:39
Nederland,ElectricityLoad,Hour,20089672,20089672,0,0,03/07/2025 14:00,03/07/2025 15:00,31/10/2025 06:39
Nederland,ElectricityLoad,Hour,17483678,17483678,0,0,03/07/2025 15:00,03/07/2025 16:00,31/10/2025 06:39
Nederland,ElectricityLoad,Hour,16535828,16535828,0,0,03/07/2025 16:00,03/07/2025 17:00,31/10/2025 06:39
Nederland,ElectricityLoad,Hour,15019749,15019749,0,0,03/07/2025 17:00,03/07/2025 18:00,31/10/2025 06:39
Nederland,ElectricityLoad,Hour,12875263,12875263,0,0,03/07/2025 18:00,03/07/2025 19:00,31/10/2025 06:39
Nederland,ElectricityLoad,Hour,10595999,10595999,0,0,03/07/2025 19:00,03/07/2025 20:00,31/10/2025 06:39
Nederland,ElectricityLoad,Hour,10276820,10276820,0,0,03/07/2025 20:00,03/07/2025 21:00,31/10/2025 06:39
Nederland,ElectricityLoad,Hour,9921502,9921502,0,0,03/07/2025 21:00,03/07/2025 22:00,31/10/2025 06:39
Nederland,ElectricityLoad,Hour,9306230,9306230,0,0,03/07/2025 22:00,03/07/2025 23:00,31/10/2025 06:39
Nederland,ElectricityLoad,Hour,8959252,8959252,0,0,03/07/2025 23:00,04/07/2025 00:00,31/10/2025 06:39
Nederland,ElectricityLoad,Hour,8698904,8698904,0,0,04/07/2025 00:00,04/07/2025 01:00,31/10/2025 06:39
Nederland,ElectricityLoad,Hour,8580419,8580419,0,0,04/07/2025 01:00,04/07/2025 02:00,31/10/2025 06:39
Nederland,ElectricityLoad,Hour,8467122,8467122,0,0,04/07/2025 02:00,04/07/2025 03:00,31/10/2025 06:39
Nederland,ElectricityLoad,Hour,8469062,8469062,0,0,04/07/2025 03:00,04/07/2025 04:00,31/10/2025 06:39
Nederland,ElectricityLoad,Hour,9147347,9147347,0,0,04/07/2025 04:00,04/07/2025 05:00,31/10/2025 06:39
Nederland,ElectricityLoad,Hour,11048116,11048116,0,0,04/07/2025 05:00,04/07/2025 06:00,31/10/2025 06:39
Nederland,ElectricityLoad,Hour,13627315,13627315,0,0,04/07/2025 06:00,04/07/2025 07:00,31/10/2025 06:39
Nederland,ElectricityLoad,Hour,16103070,16103070,0,0,04/07/2025 07:00,04/07/2025 08:00,31/10/2025 06:39
Nederland,ElectricityLoad,Hour,18465626,18465626,0,0,04/07/2025 08:00,04/07/2025 09:00,31/10/2025 06:39
Nederland,ElectricityLoad,Hour,20755498,20755498,0,0,04/07/2025 09:00,04/07/2025 10:00,31/10/2025 06:39
Nederland,ElectricityLoad,Hour,22729419,22729419,0,0,04/07/2025 10:00,04/07/2025 11:00,31/10/2025 06:39
Nederland,ElectricityLoad,Hour,22369962,22369962,0,0,04/07/2025 11:00,04/07/2025 12:00,31/10/2025 06:39
Nederland,ElectricityLoad,Hour,21538775,21538775,0,0,04/07/2025 12:00,04/07/2025 13:00,31/10/2025 06:39
Nederland,ElectricityLoad,Hour,20895119,20895119,0,0,04/07/2025 13:00,04/07/2025 14:00,31/10/2025 06:39
Nederland,ElectricityLoad,Hour,19959352,19959352,0,0,04/07/2025 14:00,04/07/2025 15:00,31/10/2025 06:39
Nederland,ElectricityLoad,Hour,18435031,18435031,0,0,04/07/2025 15:00,04/07/2025 16:00,31/10/2025 06:39
Nederland,ElectricityLoad,Hour,17631506,17631506,0,0,04/07/2025 16:00,04/07/2025 17:00,31/10/2025 06:39
Nederland,ElectricityLoad,Hour,15871270,15871270,0,0,04/07/2025 17:00,04/07/2025 18:00,31/10/2025 06:39
Nederland,ElectricityLoad,Hour,13363757,13363757,0,0,04/07/2025 18:00,04/07/2025 19:00,31/10/2025 06:39
Nederland,ElectricityLoad,Hour,10877407,10877407,0,0,04/07/2025 19:00,04/07/2025 20:00,31/10/2025 06:39
Nederland,ElectricityLoad,Hour,9655573,9655573,0,0,04/07/2025 20:00,04/07/2025 21:00,31/10/2025 06:39
Nederland,ElectricityLoad,Hour,8891101,8891101,0,0,04/07/2025 21:00,04/07/2025 22:00,31/10/2025 06:39
Nederland,ElectricityLoad,Hour,7955295,7955295,0,0,04/07/2025 22:00,04/07/2025 23:00,31/10/2025 06:39
Nederland,ElectricityLoad,Hour,7477166,7477166,0,0,04/07/2025 23:00,05/07/2025 00:00,31/10/2025 06:39
Nederland,ElectricityLoad,Hour,7173434,7173434,0,0,05/07/2025 00:00,05/07/2025 01:00,04/11/2025 06:39
Nederland,ElectricityLoad,Hour,7134271,7134271,0,0,05/07/2025 01:00,05/07/2025 02:00,04/11/2025 06:39
Nederland,ElectricityLoad,Hour,7368760,7368760,0,0,05/07/2025 02:00,05/07/2025 03:00,04/11/2025 06:39
Nederland,ElectricityLoad,Hour,7565975,7565975,0,0,05/07/2025 03:00,05/07/2025 04:00,04/11/2025 06:39
Nederland,ElectricityLoad,Hour,7810438,7810438,0,0,05/07/2025 04:00,05/07/2025 05:00,04/11/2025 06:39
Nederland,ElectricityLoad,Hour,9251376,9251376,0,0,05/07/2025 05:00,05/07/2025 06:00,04/11/2025 06:39
Nederland,ElectricityLoad,Hour,10650419,10650419,0,0,05/07/2025 06:00,05/07/2025 07:00,04/11/2025 06:39
Nederland,ElectricityLoad,Hour,11898215,11898215,0,0,05/07/2025 07:00,05/07/2025 08:00,04/11/2025 06:39
Nederland,ElectricityLoad,Hour,13760599,13760599,0,0,05/07/2025 08:00,05/07/2025 09:00,04/11/2025 06:39
Nederland,ElectricityLoad,Hour,17213466,17213466,0,0,05/07/2025 09:00,05/07/2025 10:00,04/11/2025 06:39
Nederland,ElectricityLoad,Hour,18994620,18994620,0,0,05/07/2025 10:00,05/07/2025 11:00,04/11/2025 06:39
Nederland,ElectricityLoad,Hour,17104178,17104178,0,0,05/07/2025 11:00,05/07/2025 12:00,04/11/2025 06:39
Nederland,ElectricityLoad,Hour,16593576,16593576,0,0,05/07/2025 12:00,05/07/2025 13:00,04/11/2025 06:39
Nederland,ElectricityLoad,Hour,17678651,17678651,0,0,05/07/2025 13:00,05/07/2025 14:00,04/11/2025 06:39
Nederland,ElectricityLoad,Hour,16650457,16650457,0,0,05/07/2025 14:00,05/07/2025 15:00,04/11/2025 06:39
Nederland,ElectricityLoad,Hour,15653610,15653610,0,0,05/07/2025 15:00,05/07/2025 16:00,04/11/2025 06:39
Nederland,ElectricityLoad,Hour,13474073,13474073,0,0,05/07/2025 16:00,05/07/2025 17:00,04/11/2025 06:39
Nederland,ElectricityLoad,Hour,11544119,11544119,0,0,05/07/2025 17:00,05/07/2025 18:00,04/11/2025 06:39
Nederland,ElectricityLoad,Hour,10697171,10697171,0,0,05/07/2025 18:00,05/07/2025 19:00,04/11/2025 06:39
Nederland,ElectricityLoad,Hour,9846570,9846570,0,0,05/07/2025 19:00,05/07/2025 20:00,04/11/2025 06:39
Nederland,ElectricityLoad,Hour,9493810,9493810,0,0,05/07/2025 20:00,05/07/2025 21:00,04/11/2025 06:39
Nederland,ElectricityLoad,Hour,9169593,9169593,0,0,05/07/2025 21:00,05/07/2025 22:00,04/11/2025 06:39
Nederland,ElectricityLoad,Hour,9138847,9138847,0,0,05/07/2025 22:00,05/07/2025 23:00,04/11/2025 06:39
Nederland,ElectricityLoad,Hour,8815433,8815433,0,0,05/07/2025 23:00,06/07/2025 00:00,04/11/2025 06:39
Nederland,ElectricityLoad,Hour,8651458,8651458,0,0,06/07/2025 00:00,06/07/2025 01:00,05/11/2025 06:38
Nederland,ElectricityLoad,Hour,8220529,8220529,0,0,06/07/2025 01:00,06/07/2025 02:00,05/11/2025 06:38
Nederland,ElectricityLoad,Hour,8004188,8004188,0,0,06/07/2025 02:00,06/07/2025 03:00,05/11/2025 06:38
Nederland,ElectricityLoad,Hour,7697374,7697374,0,0,06/07/2025 03:00,06/07/2025 04:00,05/11/2025 06:38
Nederland,ElectricityLoad,Hour,7666780,7666780,0,0,06/07/2025 04:00,06/07/2025 05:00,05/11/2025 06:38
Nederland,ElectricityLoad,Hour,8546299,8546299,0,0,06/07/2025 05:00,06/07/2025 06:00,05/11/2025 06:38
Nederland,ElectricityLoad,Hour,9942527,9942527,0,0,06/07/2025 06:00,06/07/2025 07:00,05/11/2025 06:38
Nederland,ElectricityLoad,Hour,11725357,11725357,0,0,06/07/2025 07:00,06/07/2025 08:00,05/11/2025 06:38
Nederland,ElectricityLoad,Hour,12347206,12347206,0,0,06/07/2025 08:00,06/07/2025 09:00,05/11/2025 06:38
Nederland,ElectricityLoad,Hour,12514860,12514860,0,0,06/07/2025 09:00,06/07/2025 10:00,05/11/2025 06:38
Nederland,ElectricityLoad,Hour,12893886,12893886,0,0,06/07/2025 10:00,06/07/2025 11:00,05/11/2025 06:38
Nederland,ElectricityLoad,Hour,11051924,11051924,0,0,06/07/2025 11:00,06/07/2025 12:00,05/11/2025 06:38
Nederland,ElectricityLoad,Hour,11793540,11793540,0,0,06/07/2025 12:00,06/07/2025 13:00,05/11/2025 06:38
Nederland,ElectricityLoad,Hour,12034115,12034115,0,0,06/07/2025 13:00,06/07/2025 14:00,05/11/2025 06:38
Nederland,ElectricityLoad,Hour,12236035,12236035,0,0,06/07/2025 14:00,06/07/2025 15:00,05/11/2025 06:38
Nederland,ElectricityLoad,Hour,12439265,12439265,0,0,06/07/2025 15:00,06/07/2025 16:00,05/11/2025 06:38
Nederland,ElectricityLoad,Hour,11581589,11581589,0,0,06/07/2025 16:00,06/07/2025 17:00,05/11/2025 06:38
Nederland,ElectricityLoad,Hour,10407311,10407311,0,0,06/07/2025 17:00,06/07/2025 18:00,05/11/2025 06:38
Nederland,ElectricityLoad,Hour,10135857,10135857,0,0,06/07/2025 18:00,06/07/2025 19:00,05/11/2025 06:38
Nederland,ElectricityLoad,Hour,9198194,9198194,0,0,06/07/2025 19:00,06/07/2025 20:00,05/11/2025 06:38
Nederland,ElectricityLoad,Hour,8482751,8482751,0,0,06/07/2025 20:00,06/07/2025 21:00,05/11/2025 06:38
Nederland,ElectricityLoad,Hour,8164280,8164280,0,0,06/07/2025 21:00,06/07/2025 22:00,05/11/2025 06:38
Nederland,ElectricityLoad,Hour,8410078,8410078,0,0,06/07/2025 22:00,06/07/2025 23:00,05/11/2025 06:38
Nederland,ElectricityLoad,Hour,8397134,8397134,0,0,06/07/2025 23:00,07/07/2025 00:00,05/11/2025 06:38
Nederland,ElectricityLoad,Hour,0,0,0,0,07/07/2025 00:00,07/07/2025 01:00,05/11/2025 06:38
Nederland,ElectricityLoad,Hour,7957948,7957948,0,0,07/07/2025 01:00,07/07/2025 02:00,06/11/2025 06:38
Nederland,ElectricityLoad,Hour,8138128,8138128,0,0,07/07/2025 02:00,07/07/2025 03:00,06/11/2025 06:38
Nederland,ElectricityLoad,Hour,8366088,8366088,0,0,07/07/2025 03:00,07/07/2025 04:00,06/11/2025 06:38
Nederland,ElectricityLoad,Hour,8707173,8707173,0,0,07/07/2025 04:00,07/07/2025 05:00,06/11/2025 06:38
Nederland,ElectricityLoad,Hour,10265858,10265858,0,0,07/07/2025 05:00,07/07/2025 06:00,06/11/2025 06:38
Nederland,ElectricityLoad,Hour,11734519,11734519,0,0,07/07/2025 06:00,07/07/2025 07:00,06/11/2025 06:38
Nederland,ElectricityLoad,Hour,13393947,13393947,0,0,07/07/2025 07:00,07/07/2025 08:00,06/11/2025 06:38
Nederland,ElectricityLoad,Hour,15715607,15715607,0,0,07/07/2025 08:00,07/07/2025 09:00,06/11/2025 06:38
Nederland,ElectricityLoad,Hour,16512157,16512157,0,0,07/07/2025 09:00,07/07/2025 10:00,06/11/2025 06:38
Nederland,ElectricityLoad,Hour,16475568,16475568,0,0,07/07/2025 10:00,07/07/2025 11:00,06/11/2025 06:38
Nederland,ElectricityLoad,Hour,18015733,18015733,0,0,07/07/2025 11:00,07/07/2025 12:00,06/11/2025 06:38
Nederland,ElectricityLoad,Hour,18512464,18512464,0,0,07/07/2025 12:00,07/07/2025 13:00,06/11/2025 06:38
Nederland,ElectricityLoad,Hour,19704847,19704847,0,0,07/07/2025 13:00,07/07/2025 14:00,06/11/2025 06:38
Nederland,ElectricityLoad,Hour,18157986,18157986,0,0,07/07/2025 14:00,07/07/2025 15:00,06/11/2025 06:38
Nederland,ElectricityLoad,Hour,16820297,16820297,0,0,07/07/2025 15:00,07/07/2025 16:00,06/11/2025 06:38
Nederland,ElectricityLoad,Hour,15584077,15584077,0,0,07/07/2025 16:00,07/07/2025 17:00,06/11/2025 06:38
Nederland,ElectricityLoad,Hour,13426600,13426600,0,0,07/07/2025 17:00,07/07/2025 18:00,06/11/2025 06:38
Nederland,ElectricityLoad,Hour,12874441,12874441,0,0,07/07/2025 18:00,07/07/2025 19:00,06/11/2025 06:38
Nederland,ElectricityLoad,Hour,11050827,11050827,0,0,07/07/2025 19:00,07/07/2025 20:00,06/11/2025 06:38
Nederland,ElectricityLoad,Hour,9795302,9795302,0,0,07/07/2025 20:00,07/07/2025 21:00,06/11/2025 06:38
Nederland,ElectricityLoad,Hour,8921795,8921795,0,0,07/07/2025 21:00,07/07/2025 22:00,06/11/2025 06:38
Nederland,ElectricityLoad,Hour,8470536,8470536,0,0,07/07/2025 22:00,07/07/2025 23:00,06/11/2025 06:38
Nederland,ElectricityLoad,Hour,8035090,8035090,0,0,07/07/2025 23:00,08/07/2025 00:00,06/11/2025 06:38
Nederland,ElectricityLoad,Hour,8256226,8256226,0,0,08/07/2025 00:00,08/07/2025 01:00,07/11/2025 06:39
Nederland,ElectricityLoad,Hour,8218627,8218627,0,0,08/07/2025 01:00,08/07/2025 02:00,07/11/2025 06:39
Nederland,ElectricityLoad,Hour,7893536,7893536,0,0,08/07/2025 02:00,08/07/2025 03:00,07/11/2025 06:39
Nederland,ElectricityLoad,Hour,7934647,7934647,0,0,08/07/2025 03:00,08/07/2025 04:00,07/11/2025 06:39
Nederland,ElectricityLoad,Hour,8792480,8792480,0,0,08/07/2025 04:00,08/07/2025 05:00,07/11/2025 06:39
Nederland,ElectricityLoad,Hour,10495486,10495486,0,0,08/07/2025 05:00,08/07/2025 06:00,07/11/2025 06:39
Nederland,ElectricityLoad,Hour,11638761,11638761,0,0,08/07/2025 06:00,08/07/2025 07:00,07/11/2025 06:39
Nederland,ElectricityLoad,Hour,14272232,14272232,0,0,08/07/2025 07:00,08/07/2025 08:00,07/11/2025 06:39
Nederland,ElectricityLoad,Hour,14784899,14784899,0,0,08/07/2025 08:00,08/07/2025 09:00,07/11/2025 06:39
Nederland,ElectricityLoad,Hour,17491460,17491460,0,0,08/07/2025 09:00,08/07/2025 10:00,07/11/2025 06:39
Nederland,ElectricityLoad,Hour,18841694,18841694,0,0,08/07/2025 10:00,08/07/2025 11:00,07/11/2025 06:39
Nederland,ElectricityLoad,Hour,19227441,19227441,0,0,08/07/2025 11:00,08/07/2025 12:00,07/11/2025 06:39
Nederland,ElectricityLoad,Hour,20451199,20451199,0,0,08/07/2025 12:00,08/07/2025 13:00,07/11/2025 06:39
Nederland,ElectricityLoad,Hour,18508603,18508603,0,0,08/07/2025 13:00,08/07/2025 14:00,07/11/2025 06:39
Nederland,ElectricityLoad,Hour,17760583,17760583,0,0,08/07/2025 14:00,08/07/2025 15:00,07/11/2025 06:39
Nederland,ElectricityLoad,Hour,17176835,17176835,0,0,08/07/2025 15:00,08/07/2025 16:00,07/11/2025 06:39
Nederland,ElectricityLoad,Hour,14989036,14989036,0,0,08/07/2025 16:00,08/07/2025 17:00,07/11/2025 06:39
Nederland,ElectricityLoad,Hour,13149668,13149668,0,0,08/07/2025 17:00,08/07/2025 18:00,07/11/2025 06:39
Nederland,ElectricityLoad,Hour,11662481,11662481,0,0,08/07/2025 18:00,08/07/2025 19:00,07/11/2025 06:39
Nederland,ElectricityLoad,Hour,10266982,10266982,0,0,08/07/2025 19:00,08/07/2025 20:00,07/11/2025 06:39
Nederland,ElectricityLoad,Hour,9389209,9389209,0,0,08/07/2025 20:00,08/07/2025 21:00,07/11/2025 06:39
Nederland,ElectricityLoad,Hour,8800945,8800945,0,0,08/07/2025 21:00,08/07/2025 22:00,07/11/2025 06:39
Nederland,ElectricityLoad,Hour,8372831,8372831,0,0,08/07/2025 22:00,08/07/2025 23:00,07/11/2025 06:39
Nederland,ElectricityLoad,Hour,8085549,8085549,0,0,08/07/2025 23:00,09/07/2025 00:00,07/11/2025 06:39
Nederland,ElectricityLoad,Hour,7867665,7867665,0,0,09/07/2025 00:00,09/07/2025 01:00,08/11/2025 06:38
Nederland,ElectricityLoad,Hour,7798808,7798808,0,0,09/07/2025 01:00,09/07/2025 02:00,08/11/2025 06:38
Nederland,ElectricityLoad,Hour,7650297,7650297,0,0,09/07/2025 02:00,09/07/2025 03:00,08/11/2025 06:38
Nederland,ElectricityLoad,Hour,7709063,7709063,0,0,09/07/2025 03:00,09/07/2025 04:00,08/11/2025 06:38
Nederland,ElectricityLoad,Hour,8086608,8086608,0,0,09/07/2025 04:00,09/07/2025 05:00,08/11/2025 06:38
Nederland,ElectricityLoad,Hour,9560275,9560275,0,0,09/07/2025 05:00,09/07/2025 06:00,08/11/2025 06:38
Nederland,ElectricityLoad,Hour,11926578,11926578,0,0,09/07/2025 06:00,09/07/2025 07:00,08/11/2025 06:38
Nederland,ElectricityLoad,Hour,14852162,14852162,0,0,09/07/2025 07:00,09/07/2025 08:00,08/11/2025 06:38
Nederland,ElectricityLoad,Hour,16069730,16069730,0,0,09/07/2025 08:00,09/07/2025 09:00,08/11/2025 06:38
Nederland,ElectricityLoad,Hour,16623102,16623102,0,0,09/07/2025 09:00,09/07/2025 10:00,08/11/2025 06:38
Nederland,ElectricityLoad,Hour,18201174,18201174,0,0,09/07/2025 10:00,09/07/2025 11:00,08/11/2025 06:38
Nederland,ElectricityLoad,Hour,18420471,18420471,0,0,09/07/2025 11:00,09/07/2025 12:00,08/11/2025 06:38
Nederland,ElectricityLoad,Hour,20468812,20468812,0,0,09/07/2025 12:00,09/07/2025 13:00,08/11/2025 06:38
Nederland,ElectricityLoad,Hour,19999254,19999254,0,0,09/07/2025 13:00,09/07/2025 14:00,08/11/2025 06:38
Nederland,ElectricityLoad,Hour,18411317,18411317,0,0,09/07/2025 14:00,09/07/2025 15:00,08/11/2025 06:38
Nederland,ElectricityLoad,Hour,17389019,17389019,0,0,09/07/2025 15:00,09/07/2025 16:00,08/11/2025 06:38
Nederland,ElectricityLoad,Hour,16234845,16234845,0,0,09/07/2025 16:00,09/07/2025 17:00,08/11/2025 06:38
Nederland,ElectricityLoad,Hour,13910521,13910521,0,0,09/07/2025 17:00,09/07/2025 18:00,08/11/2025 06:38
Nederland,ElectricityLoad,Hour,11484800,11484800,0,0,09/07/2025 18:00,09/07/2025 19:00,08/11/2025 06:38
Nederland,ElectricityLoad,Hour,9814107,9814107,0,0,09/07/2025 19:00,09/07/2025 20:00,08/11/2025 06:38
Nederland,ElectricityLoad,Hour,9382287,9382287,0,0,09/07/2025 20:00,09/07/2025 21:00,08/11/2025 06:38
Nederland,ElectricityLoad,Hour,9272545,9272545,0,0,09/07/2025 21:00,09/07/2025 22:00,08/11/2025 06:38
Nederland,ElectricityLoad,Hour,8971694,8971694,0,0,09/07/2025 22:00,09/07/2025 23:00,08/11/2025 06:38
Nederland,ElectricityLoad,Hour,8521847,8521847,0,0,09/07/2025 23:00,10/07/2025 00:00,08/11/2025 06:38
Nederland,ElectricityLoad,Hour,8302397,8302397,0,0,10/07/2025 00:00,10/07/2025 01:00,09/11/2025 06:39
Nederland,ElectricityLoad,Hour,8164346,8164346,0,0,10/07/2025 01:00,10/07/2025 02:00,09/11/2025 06:39
Nederland,ElectricityLoad,Hour,8030067,8030067,0,0,10/07/2025 02:00,10/07/2025 03:00,09/11/2025 06:39
Nederland,ElectricityLoad,Hour,8000130,8000130,0,0,10/07/2025 03:00,10/07/2025 04:00,09/11/2025 06:39
Nederland,ElectricityLoad,Hour,8437135,8437135,0,0,10/07/2025 04:00,10/07/2025 05:00,09/11/2025 06:39
Nederland,ElectricityLoad,Hour,9803077,9803077,0,0,10/07/2025 05:00,10/07/2025 06:00,09/11/2025 06:39
Nederland,ElectricityLoad,Hour,11528385,11528385,0,0,10/07/2025 06:00,10/07/2025 07:00,09/11/2025 06:39
Nederland,ElectricityLoad,Hour,13290606,13290606,0,0,10/07/2025 07:00,10/07/2025 08:00,09/11/2025 06:39
Nederland,ElectricityLoad,Hour,13406816,13406816,0,0,10/07/2025 08:00,10/07/2025 09:00,09/11/2025 06:39
Nederland,ElectricityLoad,Hour,15185682,15185682,0,0,10/07/2025 09:00,10/07/2025 10:00,09/11/2025 06:39
Nederland,ElectricityLoad,Hour,18176939,18176939,0,0,10/07/2025 10:00,10/07/2025 11:00,09/11/2025 06:39
Nederland,ElectricityLoad,Hour,17329852,17329852,0,0,10/07/2025 11:00,10/07/2025 12:00,09/11/2025 06:39
Nederland,ElectricityLoad,Hour,17087661,17087661,0,0,10/07/2025 12:00,10/07/2025 13:00,09/11/2025 06:39
Nederland,ElectricityLoad,Hour,18389066,18389066,0,0,10/07/2025 13:00,10/07/2025 14:00,09/11/2025 06:39
Nederland,ElectricityLoad,Hour,17764844,17764844,0,0,10/07/2025 14:00,10/07/2025 15:00,09/11/2025 06:39
Nederland,ElectricityLoad,Hour,17581276,17581276,0,0,10/07/2025 15:00,10/07/2025 16:00,09/11/2025 06:39
Nederland,ElectricityLoad,Hour,16245434,16245434,0,0,10/07/2025 16:00,10/07/2025 17:00,09/11/2025 06:39
Nederland,ElectricityLoad,Hour,14062389,14062389,0,0,10/07/2025 17:00,10/07/2025 18:00,09/11/2025 06:39
Nederland,ElectricityLoad,Hour,12095745,12095745,0,0,10/07/2025 18:00,10/07/2025 19:00,09/11/2025 06:39
Nederland,ElectricityLoad,Hour,10227510,10227510,0,0,10/07/2025 19:00,10/07/2025 20:00,09/11/2025 06:39
Nederland,ElectricityLoad,Hour,9427445,9427445,0,0,10/07/2025 20:00,10/07/2025 21:00,09/11/2025 06:39
Nederland,ElectricityLoad,Hour,8977599,8977599,0,0,10/07/2025 21:00,10/07/2025 22:00,09/11/2025 06:39
Nederland,ElectricityLoad,Hour,8455809,8455809,0,0,10/07/2025 22:00,10/07/2025 23:00,09/11/2025 06:39
Nederland,ElectricityLoad,Hour,8320448,8320448,0,0,10/07/2025 23:00,11/07/2025 00:00,09/11/2025 06:39
Nederland,ElectricityLoad,Hour,8327707,8327707,0,0,11/07/2025 00:00,11/07/2025 01:00,10/11/2025 06:37
Nederland,ElectricityLoad,Hour,8266631,8266631,0,0,11/07/2025 01:00,11/07/2025 02:00,10/11/2025 06:37
Nederland,ElectricityLoad,Hour,8147935,8147935,0,0,11/07/2025 02:00,11/07/2025 03:00,10/11/2025 06:37
Nederland,ElectricityLoad,Hour,8102432,8102432,0,0,11/07/2025 03:00,11/07/2025 04:00,10/11/2025 06:37
Nederland,ElectricityLoad,Hour,8524347,8524347,0,0,11/07/2025 04:00,11/07/2025 05:00,10/11/2025 06:37
Nederland,ElectricityLoad,Hour,10186136,10186136,0,0,11/07/2025 05:00,11/07/2025 06:00,10/11/2025 06:37
Nederland,ElectricityLoad,Hour,11762393,11762393,0,0,11/07/2025 06:00,11/07/2025 07:00,10/11/2025 06:37
Nederland,ElectricityLoad,Hour,13255519,13255519,0,0,11/07/2025 07:00,11/07/2025 08:00,10/11/2025 06:37
Nederland,ElectricityLoad,Hour,14648011,14648011,0,0,11/07/2025 08:00,11/07/2025 09:00,10/11/2025 06:37
Nederland,ElectricityLoad,Hour,15415991,15415991,0,0,11/07/2025 09:00,11/07/2025 10:00,10/11/2025 06:37
Nederland,ElectricityLoad,Hour,16106475,16106475,0,0,11/07/2025 10:00,11/07/2025 11:00,10/11/2025 06:37
Nederland,ElectricityLoad,Hour,17474176,17474176,0,0,11/07/2025 11:00,11/07/2025 12:00,10/11/2025 06:37
Nederland,ElectricityLoad,Hour,18450041,18450041,0,0,11/07/2025 12:00,11/07/2025 13:00,10/11/2025 06:37
Nederland,ElectricityLoad,Hour,18276028,18276028,0,0,11/07/2025 13:00,11/07/2025 14:00,10/11/2025 06:37
Nederland,ElectricityLoad,Hour,18159836,18159836,0,0,11/07/2025 14:00,11/07/2025 15:00,10/11/2025 06:37
Nederland,ElectricityLoad,Hour,17115145,17115145,0,0,11/07/2025 15:00,11/07/2025 16:00,10/11/2025 06:37
Nederland,ElectricityLoad,Hour,15291898,15291898,0,0,11/07/2025 16:00,11/07/2025 17:00,10/11/2025 06:37
Nederland,ElectricityLoad,Hour,13921650,13921650,0,0,11/07/2025 17:00,11/07/2025 18:00,10/11/2025 06:37
Nederland,ElectricityLoad,Hour,12308582,12308582,0,0,11/07/2025 18:00,11/07/2025 19:00,10/11/2025 06:37
Nederland,ElectricityLoad,Hour,10077625,10077625,0,0,11/07/2025 19:00,11/07/2025 20:00,10/11/2025 06:37
Nederland,ElectricityLoad,Hour,9122906,9122906,0,0,11/07/2025 20:00,11/07/2025 21:00,10/11/2025 06:37
Nederland,ElectricityLoad,Hour,8978712,8978712,0,0,11/07/2025 21:00,11/07/2025 22:00,10/11/2025 06:37
Nederland,ElectricityLoad,Hour,8561091,8561091,0,0,11/07/2025 22:00,11/07/2025 23:00,10/11/2025 06:37
Nederland,ElectricityLoad,Hour,8205093,8205093,0,0,11/07/2025 23:00,12/07/2025 00:00,10/11/2025 06:37
Nederland,ElectricityLoad,Hour,7847769,7847769,0,0,12/07/2025 00:00,12/07/2025 01:00,11/11/2025 06:39
Nederland,ElectricityLoad,Hour,7780709,7780709,0,0,12/07/2025 01:00,12/07/2025 02:00,11/11/2025 06:39
Nederland,ElectricityLoad,Hour,7809832,7809832,0,0,12/07/2025 02:00,12/07/2025 03:00,11/11/2025 06:39
Nederland,ElectricityLoad,Hour,7784949,7784949,0,0,12/07/2025 03:00,12/07/2025 04:00,11/11/2025 06:39
Nederland,ElectricityLoad,Hour,7898274,7898274,0,0,12/07/2025 04:00,12/07/2025 05:00,11/11/2025 06:39
Nederland,ElectricityLoad,Hour,8369290,8369290,0,0,12/07/2025 05:00,12/07/2025 06:00,11/11/2025 06:39
Nederland,ElectricityLoad,Hour,9678806,9678806,0,0,12/07/2025 06:00,12/07/2025 07:00,11/11/2025 06:39
Nederland,ElectricityLoad,Hour,12046547,12046547,0,0,12/07/2025 07:00,12/07/2025 08:00,11/11/2025 06:39
Nederland,ElectricityLoad,Hour,14590243,14590243,0,0,12/07/2025 08:00,12/07/2025 09:00,11/11/2025 06:39
Nederland,ElectricityLoad,Hour,17675997,17675997,0,0,12/07/2025 09:00,12/07/2025 10:00,11/11/2025 06:39
Nederland,ElectricityLoad,Hour,19196627,19196627,0,0,12/07/2025 10:00,12/07/2025 11:00,11/11/2025 06:39
Nederland,ElectricityLoad,Hour,19880590,19880590,0,0,12/07/2025 11:00,12/07/2025 12:00,11/11/2025 06:39
Nederland,ElectricityLoad,Hour,19549125,19549125,0,0,12/07/2025 12:00,12/07/2025 13:00,11/11/2025 06:39
Nederland,ElectricityLoad,Hour,19171520,19171520,0,0,12/07/2025 13:00,12/07/2025 14:00,11/11/2025 06:39
Nederland,ElectricityLoad,Hour,17156233,17156233,0,0,12/07/2025 14:00,12/07/2025 15:00,11/11/2025 06:39
Nederland,ElectricityLoad,Hour,16585505,16585505,0,0,12/07/2025 15:00,12/07/2025 16:00,11/11/2025 06:39
Nederland,ElectricityLoad,Hour,15241121,15241121,0,0,12/07/2025 16:00,12/07/2025 17:00,11/11/2025 06:39
Nederland,ElectricityLoad,Hour,13108725,13108725,0,0,12/07/2025 17:00,12/07/2025 18:00,11/11/2025 06:39
Nederland,ElectricityLoad,Hour,10982036,10982036,0,0,12/07/2025 18:00,12/07/2025 19:00,11/11/2025 06:39
Nederland,ElectricityLoad,Hour,9217189,9217189,0,0,12/07/2025 19:00,12/07/2025 20:00,11/11/2025 06:39
Nederland,ElectricityLoad,Hour,8422223,8422223,0,0,12/07/2025 20:00,12/07/2025 21:00,11/11/2025 06:39
Nederland,ElectricityLoad,Hour,8148197,8148197,0,0,12/07/2025 21:00,12/07/2025 22:00,11/11/2025 06:39
Nederland,ElectricityLoad,Hour,7819283,7819283,0,0,12/07/2025 22:00,12/07/2025 23:00,11/11/2025 06:39
Nederland,ElectricityLoad,Hour,7399860,7399860,0,0,12/07/2025 23:00,13/07/2025 00:00,11/11/2025 06:39
Nederland,ElectricityLoad,Hour,7164821,7164821,0,0,13/07/2025 00:00,13/07/2025 01:00,12/11/2025 06:38
Nederland,ElectricityLoad,Hour,7224688,7224688,0,0,13/07/2025 01:00,13/07/2025 02:00,12/11/2025 06:38
Nederland,ElectricityLoad,Hour,7195087,7195087,0,0,13/07/2025 02:00,13/07/2025 03:00,12/11/2025 06:38
Nederland,ElectricityLoad,Hour,7048386,7048386,0,0,13/07/2025 03:00,13/07/2025 04:00,12/11/2025 06:38
Nederland,ElectricityLoad,Hour,7013617,7013617,0,0,13/07/2025 04:00,13/07/2025 05:00,12/11/2025 06:38
Nederland,ElectricityLoad,Hour,7528088,7528088,0,0,13/07/2025 05:00,13/07/2025 06:00,12/11/2025 06:38
Nederland,ElectricityLoad,Hour,8512890,8512890,0,0,13/07/2025 06:00,13/07/2025 07:00,12/11/2025 06:38
Nederland,ElectricityLoad,Hour,10206015,10206015,0,0,13/07/2025 07:00,13/07/2025 08:00,12/11/2025 06:38
Nederland,ElectricityLoad,Hour,10817214,10817214,0,0,13/07/2025 08:00,13/07/2025 09:00,12/11/2025 06:38
Nederland,ElectricityLoad,Hour,13106770,13106770,0,0,13/07/2025 09:00,13/07/2025 10:00,12/11/2025 06:38
Nederland,ElectricityLoad,Hour,14500755,14500755,0,0,13/07/2025 10:00,13/07/2025 11:00,12/11/2025 06:38
Nederland,ElectricityLoad,Hour,13950982,13950982,0,0,13/07/2025 11:00,13/07/2025 12:00,12/11/2025 06:38
Nederland,ElectricityLoad,Hour,15654531,15654531,0,0,13/07/2025 12:00,13/07/2025 13:00,12/11/2025 06:38
Nederland,ElectricityLoad,Hour,15798925,15798925,0,0,13/07/2025 13:00,13/07/2025 14:00,12/11/2025 06:38
Nederland,ElectricityLoad,Hour,14622552,14622552,0,0,13/07/2025 14:00,13/07/2025 15:00,12/11/2025 06:38
Nederland,ElectricityLoad,Hour,13461679,13461679,0,0,13/07/2025 15:00,13/07/2025 16:00,12/11/2025 06:38
Nederland,ElectricityLoad,Hour,12065037,12065037,0,0,13/07/2025 16:00,13/07/2025 17:00,12/11/2025 06:38
Nederland,ElectricityLoad,Hour,11239379,11239379,0,0,13/07/2025 17:00,13/07/2025 18:00,12/11/2025 06:38
Nederland,ElectricityLoad,Hour,9932096,9932096,0,0,13/07/2025 18:00,13/07/2025 19:00,12/11/2025 06:38
Nederland,ElectricityLoad,Hour,9184613,9184613,0,0,13/07/2025 19:00,13/07/2025 20:00,12/11/2025 06:38
Nederland,ElectricityLoad,Hour,8721837,8721837,0,0,13/07/2025 20:00,13/07/2025 21:00,12/11/2025 06:38
Nederland,ElectricityLoad,Hour,8287706,8287706,0,0,13/07/2025 21:00,13/07/2025 22:00,12/11/2025 06:38
Nederland,ElectricityLoad,Hour,8265429,8265429,0,0,13/07/2025 22:00,13/07/2025 23:00,12/11/2025 06:38
Nederland,ElectricityLoad,Hour,8161802,8161802,0,0,13/07/2025 23:00,14/07/2025 00:00,12/11/2025 06:38
Nederland,ElectricityLoad,Hour,8036359,8036359,0,0,14/07/2025 00:00,14/07/2025 01:00,13/11/2025 06:39
Nederland,ElectricityLoad,Hour,7919800,7919800,0,0,14/07/2025 01:00,14/07/2025 02:00,13/11/2025 06:39
Nederland,ElectricityLoad,Hour,7942686,7942686,0,0,14/07/2025 02:00,14/07/2025 03:00,13/11/2025 06:39
Nederland,ElectricityLoad,Hour,8062813,8062813,0,0,14/07/2025 03:00,14/07/2025 04:00,13/11/2025 06:39
Nederland,ElectricityLoad,Hour,8453504,8453504,0,0,14/07/2025 04:00,14/07/2025 05:00,13/11/2025 06:39
Nederland,ElectricityLoad,Hour,9889088,9889088,0,0,14/07/2025 05:00,14/07/2025 06:00,13/11/2025 06:39
Nederland,ElectricityLoad,Hour,11590945,11590945,0,0,14/07/2025 06:00,14/07/2025 07:00,13/11/2025 06:39
Nederland,ElectricityLoad,Hour,13698980,13698980,0,0,14/07/2025 07:00,14/07/2025 08:00,13/11/2025 06:39
Nederland,ElectricityLoad,Hour,14737636,14737636,0,0,14/07/2025 08:00,14/07/2025 09:00,13/11/2025 06:39
Nederland,ElectricityLoad,Hour,16912926,16912926,0,0,14/07/2025 09:00,14/07/2025 10:00,13/11/2025 06:39
Nederland,ElectricityLoad,Hour,16976093,16976093,0,0,14/07/2025 10:00,14/07/2025 11:00,13/11/2025 06:39
Nederland,ElectricityLoad,Hour,17967579,17967579,0,0,14/07/2025 11:00,14/07/2025 12:00,13/11/2025 06:39
Nederland,ElectricityLoad,Hour,16721569,16721569,0,0,14/07/2025 12:00,14/07/2025 13:00,13/11/2025 06:39
Nederland,ElectricityLoad,Hour,17774037,17774037,0,0,14/07/2025 13:00,14/07/2025 14:00,13/11/2025 06:39
Nederland,ElectricityLoad,Hour,17531716,17531716,0,0,14/07/2025 14:00,14/07/2025 15:00,13/11/2025 06:39
Nederland,ElectricityLoad,Hour,17333143,17333143,0,0,14/07/2025 15:00,14/07/2025 16:00,13/11/2025 06:39
Nederland,ElectricityLoad,Hour,17212364,17212364,0,0,14/07/2025 16:00,14/07/2025 17:00,13/11/2025 06:39
Nederland,ElectricityLoad,Hour,15359352,15359352,0,0,14/07/2025 17:00,14/07/2025 18:00,13/11/2025 06:39
Nederland,ElectricityLoad,Hour,13619727,13619727,0,0,14/07/2025 18:00,14/07/2025 19:00,13/11/2025 06:39
Nederland,ElectricityLoad,Hour,11698557,11698557,0,0,14/07/2025 19:00,14/07/2025 20:00,13/11/2025 06:39
Nederland,ElectricityLoad,Hour,10653668,10653668,0,0,14/07/2025 20:00,14/07/2025 21:00,13/11/2025 06:39
Nederland,ElectricityLoad,Hour,10194129,10194129,0,0,14/07/2025 21:00,14/07/2025 22:00,13/11/2025 06:39
Nederland,ElectricityLoad,Hour,9534422,9534422,0,0,14/07/2025 22:00,14/07/2025 23:00,13/11/2025 06:39
Nederland,ElectricityLoad,Hour,8932988,8932988,0,0,14/07/2025 23:00,15/07/2025 00:00,13/11/2025 06:39
Nederland,ElectricityLoad,Hour,8625283,8625283,0,0,15/07/2025 00:00,15/07/2025 01:00,14/11/2025 06:39
Nederland,ElectricityLoad,Hour,8282130,8282130,0,0,15/07/2025 01:00,15/07/2025 02:00,14/11/2025 06:39
Nederland,ElectricityLoad,Hour,8457021,8457021,0,0,15/07/2025 02:00,15/07/2025 03:00,14/11/2025 06:39
Nederland,ElectricityLoad,Hour,8357213,8357213,0,0,15/07/2025 03:00,15/07/2025 04:00,14/11/2025 06:39
Nederland,ElectricityLoad,Hour,8488264,8488264,0,0,15/07/2025 04:00,15/07/2025 05:00,14/11/2025 06:39
Nederland,ElectricityLoad,Hour,10154992,10154992,0,0,15/07/2025 05:00,15/07/2025 06:00,14/11/2025 06:39
Nederland,ElectricityLoad,Hour,12552935,12552935,0,0,15/07/2025 06:00,15/07/2025 07:00,14/11/2025 06:39
Nederland,ElectricityLoad,Hour,15384829,15384829,0,0,15/07/2025 07:00,15/07/2025 08:00,14/11/2025 06:39
Nederland,ElectricityLoad,Hour,16951445,16951445,0,0,15/07/2025 08:00,15/07/2025 09:00,14/11/2025 06:39
Nederland,ElectricityLoad,Hour,18442591,18442591,0,0,15/07/2025 09:00,15/07/2025 10:00,14/11/2025 06:39
Nederland,ElectricityLoad,Hour,19180611,19180611,0,0,15/07/2025 10:00,15/07/2025 11:00,14/11/2025 06:39
Nederland,ElectricityLoad,Hour,17986652,17986652,0,0,15/07/2025 11:00,15/07/2025 12:00,14/11/2025 06:39
Nederland,ElectricityLoad,Hour,21358357,21358357,0,0,15/07/2025 12:00,15/07/2025 13:00,14/11/2025 06:39
Nederland,ElectricityLoad,Hour,20826405,20826405,0,0,15/07/2025 13:00,15/07/2025 14:00,14/11/2025 06:39
Nederland,ElectricityLoad,Hour,17257406,17257406,0,0,15/07/2025 14:00,15/07/2025 15:00,14/11/2025 06:39
Nederland,ElectricityLoad,Hour,16994690,16994690,0,0,15/07/2025 15:00,15/07/2025 16:00,14/11/2025 06:39
Nederland,ElectricityLoad,Hour,16267679,16267679,0,0,15/07/2025 16:00,15/07/2025 17:00,14/11/2025 06:39
Nederland,ElectricityLoad,Hour,14798900,14798900,0,0,15/07/2025 17:00,15/07/2025 18:00,14/11/2025 06:39
Nederland,ElectricityLoad,Hour,12870656,12870656,0,0,15/07/2025 18:00,15/07/2025 19:00,14/11/2025 06:39
Nederland,ElectricityLoad,Hour,11285234,11285234,0,0,15/07/2025 19:00,15/07/2025 20:00,14/11/2025 06:39
Nederland,ElectricityLoad,Hour,10582500,10582500,0,0,15/07/2025 20:00,15/07/2025 21:00,14/11/2025 06:39
Nederland,ElectricityLoad,Hour,9966503,9966503,0,0,15/07/2025 21:00,15/07/2025 22:00,14/11/2025 06:39
Nederland,ElectricityLoad,Hour,9495975,9495975,0,0,15/07/2025 22:00,15/07/2025 23:00,14/11/2025 06:39
Nederland,ElectricityLoad,Hour,9288955,9288955,0,0,15/07/2025 23:00,16/07/2025 00:00,14/11/2025 06:39
Nederland,ElectricityLoad,Hour,9477667,9477667,0,0,16/07/2025 00:00,16/07/2025 01:00,15/11/2025 06:39
Nederland,ElectricityLoad,Hour,8878712,8878712,0,0,16/07/2025 01:00,16/07/2025 02:00,15/11/2025 06:39
Nederland,ElectricityLoad,Hour,8754418,8754418,0,0,16/07/2025 02:00,16/07/2025 03:00,15/11/2025 06:39
Nederland,ElectricityLoad,Hour,8811871,8811871,0,0,16/07/2025 03:00,16/07/2025 04:00,15/11/2025 06:39
Nederland,ElectricityLoad,Hour,9226570,9226570,0,0,16/07/2025 04:00,16/07/2025 05:00,15/11/2025 06:39
Nederland,ElectricityLoad,Hour,10390897,10390897,0,0,16/07/2025 05:00,16/07/2025 06:00,15/11/2025 06:39
Nederland,ElectricityLoad,Hour,12503927,12503927,0,0,16/07/2025 06:00,16/07/2025 07:00,15/11/2025 06:39
Nederland,ElectricityLoad,Hour,14477664,14477664,0,0,16/07/2025 07:00,16/07/2025 08:00,15/11/2025 06:39
Nederland,ElectricityLoad,Hour,15802893,15802893,0,0,16/07/2025 08:00,16/07/2025 09:00,15/11/2025 06:39
Nederland,ElectricityLoad,Hour,16208429,16208429,0,0,16/07/2025 09:00,16/07/2025 10:00,15/11/2025 06:39
Nederland,ElectricityLoad,Hour,16049314,16049314,0,0,16/07/2025 10:00,16/07/2025 11:00,15/11/2025 06:39
Nederland,ElectricityLoad,Hour,17040867,17040867,0,0,16/07/2025 11:00,16/07/2025 12:00,15/11/2025 06:39
Nederland,ElectricityLoad,Hour,18271510,18271510,0,0,16/07/2025 12:00,16/07/2025 13:00,15/11/2025 06:39
Nederland,ElectricityLoad,Hour,17024810,17024810,0,0,16/07/2025 13:00,16/07/2025 14:00,15/11/2025 06:39
Nederland,ElectricityLoad,Hour,17797550,17797550,0,0,16/07/2025 14:00,16/07/2025 15:00,15/11/2025 06:39
Nederland,ElectricityLoad,Hour,16816797,16816797,0,0,16/07/2025 15:00,16/07/2025 16:00,15/11/2025 06:39
Nederland,ElectricityLoad,Hour,15877812,15877812,0,0,16/07/2025 16:00,16/07/2025 17:00,15/11/2025 06:39
Nederland,ElectricityLoad,Hour,14402954,14402954,0,0,16/07/2025 17:00,16/07/2025 18:00,15/11/2025 06:39
Nederland,ElectricityLoad,Hour,12037027,12037027,0,0,16/07/2025 18:00,16/07/2025 19:00,15/11/2025 06:39
Nederland,ElectricityLoad,Hour,9974374,9974374,0,0,16/07/2025 19:00,16/07/2025 20:00,15/11/2025 06:39
Nederland,ElectricityLoad,Hour,9105236,9105236,0,0,16/07/2025 20:00,16/07/2025 21:00,15/11/2025 06:39
Nederland,ElectricityLoad,Hour,8591786,8591786,0,0,16/07/2025 21:00,16/07/2025 22:00,15/11/2025 06:39
Nederland,ElectricityLoad,Hour,8130280,8130280,0,0,16/07/2025 22:00,16/07/2025 23:00,15/11/2025 06:39
Nederland,ElectricityLoad,Hour,7711042,7711042,0,0,16/07/2025 23:00,17/07/2025 00:00,15/11/2025 06:39
Nederland,ElectricityLoad,Hour,7524573,7524573,0,0,17/07/2025 00:00,17/07/2025 01:00,16/11/2025 06:39
Nederland,ElectricityLoad,Hour,7397269,7397269,0,0,17/07/2025 01:00,17/07/2025 02:00,16/11/2025 06:39
Nederland,ElectricityLoad,Hour,7343923,7343923,0,0,17/07/2025 02:00,17/07/2025 03:00,16/11/2025 06:39
Nederland,ElectricityLoad,Hour,7512364,7512364,0,0,17/07/2025 03:00,17/07/2025 04:00,16/11/2025 06:39
Nederland,ElectricityLoad,Hour,7952525,7952525,0,0,17/07/2025 04:00,17/07/2025 05:00,16/11/2025 06:39
Nederland,ElectricityLoad,Hour,9266500,9266500,0,0,17/07/2025 05:00,17/07/2025 06:00,16/11/2025 06:39
Nederland,ElectricityLoad,Hour,11478598,11478598,0,0,17/07/2025 06:00,17/07/2025 07:00,16/11/2025 06:39
Nederland,ElectricityLoad,Hour,13122311,13122311,0,0,17/07/2025 07:00,17/07/2025 08:00,16/11/2025 06:39
Nederland,ElectricityLoad,Hour,15561113,15561113,0,0,17/07/2025 08:00,17/07/2025 09:00,16/11/2025 06:39
Nederland,ElectricityLoad,Hour,17803267,17803267,0,0,17/07/2025 09:00,17/07/2025 10:00,16/11/2025 06:39
Nederland,ElectricityLoad,Hour,18382607,18382607,0,0,17/07/2025 10:00,17/07/2025 11:00,16/11/2025 06:39
Nederland,ElectricityLoad,Hour,20360346,20360346,0,0,17/07/2025 11:00,17/07/2025 12:00,16/11/2025 06:39
Nederland,ElectricityLoad,Hour,19000830,19000830,0,0,17/07/2025 12:00,17/07/2025 13:00,16/11/2025 06:39
Nederland,ElectricityLoad,Hour,18386665,18386665,0,0,17/07/2025 13:00,17/07/2025 14:00,16/11/2025 06:39
Nederland,ElectricityLoad,Hour,17765914,17765914,0,0,17/07/2025 14:00,17/07/2025 15:00,16/11/2025 06:39
Nederland,ElectricityLoad,Hour,16627426,16627426,0,0,17/07/2025 15:00,17/07/2025 16:00,16/11/2025 06:39
Nederland,ElectricityLoad,Hour,15284066,15284066,0,0,17/07/2025 16:00,17/07/2025 17:00,16/11/2025 06:39
Nederland,ElectricityLoad,Hour,12810917,12810917,0,0,17/07/2025 17:00,17/07/2025 18:00,16/11/2025 06:39
Nederland,ElectricityLoad,Hour,10950693,10950693,0,0,17/07/2025 18:00,17/07/2025 19:00,16/11/2025 06:39
Nederland,ElectricityLoad,Hour,9504489,9504489,0,0,17/07/2025 19:00,17/07/2025 20:00,16/11/2025 06:39
Nederland,ElectricityLoad,Hour,8962699,8962699,0,0,17/07/2025 20:00,17/07/2025 21:00,16/11/2025 06:39
Nederland,ElectricityLoad,Hour,8600721,8600721,0,0,17/07/2025 21:00,17/07/2025 22:00,16/11/2025 06:39
Nederland,ElectricityLoad,Hour,8304715,8304715,0,0,17/07/2025 22:00,17/07/2025 23:00,16/11/2025 06:39
Nederland,ElectricityLoad,Hour,7999773,7999773,0,0,17/07/2025 23:00,18/07/2025 00:00,16/11/2025 06:39
Nederland,ElectricityLoad,Hour,7871499,7871499,0,0,18/07/2025 00:00,18/07/2025 01:00,17/11/2025 06:39
Nederland,ElectricityLoad,Hour,7684939,7684939,0,0,18/07/2025 01:00,18/07/2025 02:00,17/11/2025 06:39
Nederland,ElectricityLoad,Hour,7652069,7652069,0,0,18/07/2025 02:00,18/07/2025 03:00,17/11/2025 06:39
Nederland,ElectricityLoad,Hour,7680848,7680848,0,0,18/07/2025 03:00,18/07/2025 04:00,17/11/2025 06:39
Nederland,ElectricityLoad,Hour,8136006,8136006,0,0,18/07/2025 04:00,18/07/2025 05:00,17/11/2025 06:39
Nederland,ElectricityLoad,Hour,9380922,9380922,0,0,18/07/2025 05:00,18/07/2025 06:00,17/11/2025 06:39
Nederland,ElectricityLoad,Hour,10882132,10882132,0,0,18/07/2025 06:00,18/07/2025 07:00,17/11/2025 06:39
Nederland,ElectricityLoad,Hour,12614240,12614240,0,0,18/07/2025 07:00,18/07/2025 08:00,17/11/2025 06:39
Nederland,ElectricityLoad,Hour,14372768,14372768,0,0,18/07/2025 08:00,18/07/2025 09:00,17/11/2025 06:39
Nederland,ElectricityLoad,Hour,15930274,15930274,0,0,18/07/2025 09:00,18/07/2025 10:00,17/11/2025 06:39
Nederland,ElectricityLoad,Hour,17960349,17960349,0,0,18/07/2025 10:00,18/07/2025 11:00,17/11/2025 06:39
Nederland,ElectricityLoad,Hour,18992502,18992502,0,0,18/07/2025 11:00,18/07/2025 12:00,17/11/2025 06:39
Nederland,ElectricityLoad,Hour,17926916,17926916,0,0,18/07/2025 12:00,18/07/2025 13:00,17/11/2025 06:39
Nederland,ElectricityLoad,Hour,15850524,15850524,0,0,18/07/2025 13:00,18/07/2025 14:00,17/11/2025 06:39
Nederland,ElectricityLoad,Hour,16574973,16574973,0,0,18/07/2025 14:00,18/07/2025 15:00,17/11/2025 06:39
Nederland,ElectricityLoad,Hour,16079856,16079856,0,0,18/07/2025 15:00,18/07/2025 16:00,17/11/2025 06:39
Nederland,ElectricityLoad,Hour,14699811,14699811,0,0,18/07/2025 16:00,18/07/2025 17:00,17/11/2025 06:39
Nederland,ElectricityLoad,Hour,12799177,12799177,0,0,18/07/2025 17:00,18/07/2025 18:00,17/11/2025 06:39
Nederland,ElectricityLoad,Hour,11429090,11429090,0,0,18/07/2025 18:00,18/07/2025 19:00,17/11/2025 06:39
Nederland,ElectricityLoad,Hour,9940890,9940890,0,0,18/07/2025 19:00,18/07/2025 20:00,17/11/2025 06:39
Nederland,ElectricityLoad,Hour,9496591,9496591,0,0,18/07/2025 20:00,18/07/2025 21:00,17/11/2025 06:39
Nederland,ElectricityLoad,Hour,8974790,8974790,0,0,18/07/2025 21:00,18/07/2025 22:00,17/11/2025 06:39
Nederland,ElectricityLoad,Hour,8592207,8592207,0,0,18/07/2025 22:00,18/07/2025 23:00,17/11/2025 06:39
Nederland,ElectricityLoad,Hour,7876723,7876723,0,0,18/07/2025 23:00,19/07/2025 00:00,17/11/2025 06:39
Nederland,ElectricityLoad,Hour,7544612,7544612,0,0,19/07/2025 00:00,19/07/2025 01:00,17/11/2025 06:39
Nederland,ElectricityLoad,Hour,7297761,7297761,0,0,19/07/2025 01:00,19/07/2025 02:00,17/11/2025 06:39
Nederland,ElectricityLoad,Hour,7330409,7330409,0,0,19/07/2025 02:00,19/07/2025 03:00,17/11/2025 06:39
Nederland,ElectricityLoad,Hour,7385844,7385844,0,0,19/07/2025 03:00,19/07/2025 04:00,17/11/2025 06:39
Nederland,ElectricityLoad,Hour,7455815,7455815,0,0,19/07/2025 04:00,19/07/2025 05:00,17/11/2025 06:39
Nederland,ElectricityLoad,Hour,8750579,8750579,0,0,19/07/2025 05:00,19/07/2025 06:00,17/11/2025 06:39
Nederland,ElectricityLoad,Hour,10941678,10941678,0,0,19/07/2025 06:00,19/07/2025 07:00,17/11/2025 06:39
Nederland,ElectricityLoad,Hour,12944735,12944735,0,0,19/07/2025 07:00,19/07/2025 08:00,17/11/2025 06:39
Nederland,ElectricityLoad,Hour,14321391,14321391,0,0,19/07/2025 08:00,19/07/2025 09:00,17/11/2025 06:39
Nederland,ElectricityLoad,Hour,17284049,17284049,0,0,19/07/2025 09:00,19/07/2025 10:00,17/11/2025 06:39
Nederland,ElectricityLoad,Hour,18927412,18927412,0,0,19/07/2025 10:00,19/07/2025 11:00,17/11/2025 06:39
Nederland,ElectricityLoad,Hour,20325435,20325435,0,0,19/07/2025 11:00,19/07/2025 12:00,17/11/2025 06:39
Nederland,ElectricityLoad,Hour,20355385,20355385,0,0,19/07/2025 12:00,19/07/2025 13:00,17/11/2025 06:39
Nederland,ElectricityLoad,Hour,18450747,18450747,0,0,19/07/2025 13:00,19/07/2025 14:00,17/11/2025 06:39
Nederland,ElectricityLoad,Hour,15236178,15236178,0,0,19/07/2025 14:00,19/07/2025 15:00,17/11/2025 06:39
Nederland,ElectricityLoad,Hour,13396732,13396732,0,0,19/07/2025 15:00,19/07/2025 16:00,17/11/2025 06:39
Nederland,ElectricityLoad,Hour,11976081,11976081,0,0,19/07/2025 16:00,19/07/2025 17:00,17/11/2025 06:39
Nederland,ElectricityLoad,Hour,10946072,10946072,0,0,19/07/2025 17:00,19/07/2025 18:00,17/11/2025 06:39
Nederland,ElectricityLoad,Hour,9880805,9880805,0,0,19/07/2025 18:00,19/07/2025 19:00,17/11/2025 06:39
Nederland,ElectricityLoad,Hour,9214665,9214665,0,0,19/07/2025 19:00,19/07/2025 20:00,17/11/2025 06:39
Nederland,ElectricityLoad,Hour,8533274,8533274,0,0,19/07/2025 20:00,19/07/2025 21:00,17/11/2025 06:39
Nederland,ElectricityLoad,Hour,8523695,8523695,0,0,19/07/2025 21:00,19/07/2025 22:00,17/11/2025 06:39
Nederland,ElectricityLoad,Hour,8258070,8258070,0,0,19/07/2025 22:00,19/07/2025 23:00,17/11/2025 06:39
Nederland,ElectricityLoad,Hour,7884109,7884109,0,0,19/07/2025 23:00,20/07/2025 00:00,17/11/2025 06:39
Nederland,ElectricityLoad,Hour,7808193,7808193,0,0,20/07/2025 00:00,20/07/2025 01:00,19/11/2025 06:40
Nederland,ElectricityLoad,Hour,7867578,7867578,0,0,20/07/2025 01:00,20/07/2025 02:00,19/11/2025 06:40
Nederland,ElectricityLoad,Hour,7514616,7514616,0,0,20/07/2025 02:00,20/07/2025 03:00,19/11/2025 06:40
Nederland,ElectricityLoad,Hour,7526662,7526662,0,0,20/07/2025 03:00,20/07/2025 04:00,19/11/2025 06:40
Nederland,ElectricityLoad,Hour,7563928,7563928,0,0,20/07/2025 04:00,20/07/2025 05:00,19/11/2025 06:40
Nederland,ElectricityLoad,Hour,7693874,7693874,0,0,20/07/2025 05:00,20/07/2025 06:00,19/11/2025 06:40
Nederland,ElectricityLoad,Hour,8564941,8564941,0,0,20/07/2025 06:00,20/07/2025 07:00,19/11/2025 06:40
Nederland,ElectricityLoad,Hour,10365227,10365227,0,0,20/07/2025 07:00,20/07/2025 08:00,19/11/2025 06:40
Nederland,ElectricityLoad,Hour,14391570,14391570,0,0,20/07/2025 08:00,20/07/2025 09:00,19/11/2025 06:40
Nederland,ElectricityLoad,Hour,16641814,16641814,0,0,20/07/2025 09:00,20/07/2025 10:00,19/11/2025 06:40
Nederland,ElectricityLoad,Hour,18179432,18179432,0,0,20/07/2025 10:00,20/07/2025 11:00,19/11/2025 06:40
Nederland,ElectricityLoad,Hour,18657245,18657245,0,0,20/07/2025 11:00,20/07/2025 12:00,19/11/2025 06:40
Nederland,ElectricityLoad,Hour,15528849,15528849,0,0,20/07/2025 12:00,20/07/2025 13:00,19/11/2025 06:40
Nederland,ElectricityLoad,Hour,14761873,14761873,0,0,20/07/2025 13:00,20/07/2025 14:00,19/11/2025 06:40
Nederland,ElectricityLoad,Hour,13016861,13016861,0,0,20/07/2025 14:00,20/07/2025 15:00,19/11/2025 06:40
Nederland,ElectricityLoad,Hour,11877851,11877851,0,0,20/07/2025 15:00,20/07/2025 16:00,19/11/2025 06:40
Nederland,ElectricityLoad,Hour,11979410,11979410,0,0,20/07/2025 16:00,20/07/2025 17:00,19/11/2025 06:40
Nederland,ElectricityLoad,Hour,10195614,10195614,0,0,20/07/2025 17:00,20/07/2025 18:00,19/11/2025 06:40
Nederland,ElectricityLoad,Hour,9957858,9957858,0,0,20/07/2025 18:00,20/07/2025 19:00,19/11/2025 06:40
Nederland,ElectricityLoad,Hour,9178678,9178678,0,0,20/07/2025 19:00,20/07/2025 20:00,19/11/2025 06:40
Nederland,ElectricityLoad,Hour,8607018,8607018,0,0,20/07/2025 20:00,20/07/2025 21:00,19/11/2025 06:40
Nederland,ElectricityLoad,Hour,8355191,8355191,0,0,20/07/2025 21:00,20/07/2025 22:00,19/11/2025 06:40
Nederland,ElectricityLoad,Hour,8131422,8131422,0,0,20/07/2025 22:00,20/07/2025 23:00,19/11/2025 06:40
Nederland,ElectricityLoad,Hour,7737116,7737116,0,0,20/07/2025 23:00,21/07/2025 00:00,19/11/2025 06:40
Nederland,ElectricityLoad,Hour,7426752,7426752,0,0,21/07/2025 00:00,21/07/2025 01:00,20/11/2025 06:40
Nederland,ElectricityLoad,Hour,7179947,7179947,0,0,21/07/2025 01:00,21/07/2025 02:00,20/11/2025 06:40
Nederland,ElectricityLoad,Hour,7244178,7244178,0,0,21/07/2025 02:00,21/07/2025 03:00,20/11/2025 06:40
Nederland,ElectricityLoad,Hour,7450745,7450745,0,0,21/07/2025 03:00,21/07/2025 04:00,20/11/2025 06:40
Nederland,ElectricityLoad,Hour,7874883,7874883,0,0,21/07/2025 04:00,21/07/2025 05:00,20/11/2025 06:40
Nederland,ElectricityLoad,Hour,9445376,9445376,0,0,21/07/2025 05:00,21/07/2025 06:00,20/11/2025 06:40
Nederland,ElectricityLoad,Hour,11571283,11571283,0,0,21/07/2025 06:00,21/07/2025 07:00,20/11/2025 06:40
Nederland,ElectricityLoad,Hour,14504150,14504150,0,0,21/07/2025 07:00,21/07/2025 08:00,20/11/2025 06:40
Nederland,ElectricityLoad,Hour,17194377,17194377,0,0,21/07/2025 08:00,21/07/2025 09:00,20/11/2025 06:40
Nederland,ElectricityLoad,Hour,18031473,18031473,0,0,21/07/2025 09:00,21/07/2025 10:00,20/11/2025 06:40
Nederland,ElectricityLoad,Hour,18053760,18053760,0,0,21/07/2025 10:00,21/07/2025 11:00,20/11/2025 06:40
Nederland,ElectricityLoad,Hour,18368298,18368298,0,0,21/07/2025 11:00,21/07/2025 12:00,20/11/2025 06:40
Nederland,ElectricityLoad,Hour,17604885,17604885,0,0,21/07/2025 12:00,21/07/2025 13:00,20/11/2025 06:40
Nederland,ElectricityLoad,Hour,16110235,16110235,0,0,21/07/2025 13:00,21/07/2025 14:00,20/11/2025 06:40
Nederland,ElectricityLoad,Hour,18064979,18064979,0,0,21/07/2025 14:00,21/07/2025 15:00,20/11/2025 06:40
Nederland,ElectricityLoad,Hour,14239649,14239649,0,0,21/07/2025 15:00,21/07/2025 16:00,20/11/2025 06:40
Nederland,ElectricityLoad,Hour,15100045,15100045,0,0,21/07/2025 16:00,21/07/2025 17:00,20/11/2025 06:40
Nederland,ElectricityLoad,Hour,12532453,12532453,0,0,21/07/2025 17:00,21/07/2025 18:00,20/11/2025 06:40
Nederland,ElectricityLoad,Hour,9951467,9951467,0,0,21/07/2025 18:00,21/07/2025 19:00,20/11/2025 06:40
Nederland,ElectricityLoad,Hour,9264975,9264975,0,0,21/07/2025 19:00,21/07/2025 20:00,20/11/2025 06:40
Nederland,ElectricityLoad,Hour,8892816,8892816,0,0,21/07/2025 20:00,21/07/2025 21:00,20/11/2025 06:40
Nederland,ElectricityLoad,Hour,8938845,8938845,0,0,21/07/2025 21:00,21/07/2025 22:00,20/11/2025 06:40
Nederland,ElectricityLoad,Hour,8483375,8483375,0,0,21/07/2025 22:00,21/07/2025 23:00,20/11/2025 06:40
Nederland,ElectricityLoad,Hour,8265535,8265535,0,0,21/07/2025 23:00,22/07/2025 00:00,20/11/2025 06:40
Nederland,ElectricityLoad,Hour,8000428,8000428,0,0,22/07/2025 00:00,22/07/2025 01:00,21/11/2025 06:39
Nederland,ElectricityLoad,Hour,7831238,7831238,0,0,22/07/2025 01:00,22/07/2025 02:00,21/11/2025 06:39
Nederland,ElectricityLoad,Hour,7824709,7824709,0,0,22/07/2025 02:00,22/07/2025 03:00,21/11/2025 06:39
Nederland,ElectricityLoad,Hour,8052212,8052212,0,0,22/07/2025 03:00,22/07/2025 04:00,21/11/2025 06:39
Nederland,ElectricityLoad,Hour,8375894,8375894,0,0,22/07/2025 04:00,22/07/2025 05:00,21/11/2025 06:39
Nederland,ElectricityLoad,Hour,9281973,9281973,0,0,22/07/2025 05:00,22/07/2025 06:00,21/11/2025 06:39
Nederland,ElectricityLoad,Hour,10899017,10899017,0,0,22/07/2025 06:00,22/07/2025 07:00,21/11/2025 06:39
Nederland,ElectricityLoad,Hour,12955816,12955816,0,0,22/07/2025 07:00,22/07/2025 08:00,21/11/2025 06:39
Nederland,ElectricityLoad,Hour,14965699,14965699,0,0,22/07/2025 08:00,22/07/2025 09:00,21/11/2025 06:39
Nederland,ElectricityLoad,Hour,16228862,16228862,0,0,22/07/2025 09:00,22/07/2025 10:00,21/11/2025 06:39
Nederland,ElectricityLoad,Hour,17914464,17914464,0,0,22/07/2025 10:00,22/07/2025 11:00,21/11/2025 06:39
Nederland,ElectricityLoad,Hour,18418151,18418151,0,0,22/07/2025 11:00,22/07/2025 12:00,21/11/2025 06:39
Nederland,ElectricityLoad,Hour,15538196,15538196,0,0,22/07/2025 12:00,22/07/2025 13:00,21/11/2025 06:39
Nederland,ElectricityLoad,Hour,17471828,17471828,0,0,22/07/2025 13:00,22/07/2025 14:00,21/11/2025 06:39
Nederland,ElectricityLoad,Hour,17257581,17257581,0,0,22/07/2025 14:00,22/07/2025 15:00,21/11/2025 06:39
Nederland,ElectricityLoad,Hour,16902003,16902003,0,0,22/07/2025 15:00,22/07/2025 16:00,21/11/2025 06:39
Nederland,ElectricityLoad,Hour,15527563,15527563,0,0,22/07/2025 16:00,22/07/2025 17:00,21/11/2025 06:39
Nederland,ElectricityLoad,Hour,13660160,13660160,0,0,22/07/2025 17:00,22/07/2025 18:00,21/11/2025 06:39
Nederland,ElectricityLoad,Hour,12183502,12183502,0,0,22/07/2025 18:00,22/07/2025 19:00,21/11/2025 06:39
Nederland,ElectricityLoad,Hour,10473427,10473427,0,0,22/07/2025 19:00,22/07/2025 20:00,21/11/2025 06:39
Nederland,ElectricityLoad,Hour,9433229,9433229,0,0,22/07/2025 20:00,22/07/2025 21:00,21/11/2025 06:39
Nederland,ElectricityLoad,Hour,8747232,8747232,0,0,22/07/2025 21:00,22/07/2025 22:00,21/11/2025 06:39
Nederland,ElectricityLoad,Hour,8695385,8695385,0,0,22/07/2025 22:00,22/07/2025 23:00,21/11/2025 06:39
Nederland,ElectricityLoad,Hour,8298230,8298230,0,0,22/07/2025 23:00,23/07/2025 00:00,21/11/2025 06:39
Nederland,ElectricityLoad,Hour,8114003,8114003,0,0,23/07/2025 00:00,23/07/2025 01:00,22/11/2025 06:39
Nederland,ElectricityLoad,Hour,7993276,7993276,0,0,23/07/2025 01:00,23/07/2025 02:00,22/11/2025 06:39
Nederland,ElectricityLoad,Hour,7999515,7999515,0,0,23/07/2025 02:00,23/07/2025 03:00,22/11/2025 06:39
Nederland,ElectricityLoad,Hour,8029005,8029005,0,0,23/07/2025 03:00,23/07/2025 04:00,22/11/2025 06:39
Nederland,ElectricityLoad,Hour,8410424,8410424,0,0,23/07/2025 04:00,23/07/2025 05:00,22/11/2025 06:39
Nederland,ElectricityLoad,Hour,9641693,9641693,0,0,23/07/2025 05:00,23/07/2025 06:00,22/11/2025 06:39
Nederland,ElectricityLoad,Hour,11619831,11619831,0,0,23/07/2025 06:00,23/07/2025 07:00,22/11/2025 06:39
Nederland,ElectricityLoad,Hour,13268600,13268600,0,0,23/07/2025 07:00,23/07/2025 08:00,22/11/2025 06:39
Nederland,ElectricityLoad,Hour,13880562,13880562,0,0,23/07/2025 08:00,23/07/2025 09:00,22/11/2025 06:39
Nederland,ElectricityLoad,Hour,16050038,16050038,0,0,23/07/2025 09:00,23/07/2025 10:00,22/11/2025 06:39
Nederland,ElectricityLoad,Hour,16443416,16443416,0,0,23/07/2025 10:00,23/07/2025 11:00,22/11/2025 06:39
Nederland,ElectricityLoad,Hour,17678081,17678081,0,0,23/07/2025 11:00,23/07/2025 12:00,22/11/2025 06:39
Nederland,ElectricityLoad,Hour,18416101,18416101,0,0,23/07/2025 12:00,23/07/2025 13:00,22/11/2025 06:39
Nederland,ElectricityLoad,Hour,18219545,18219545,0,0,23/07/2025 13:00,23/07/2025 14:00,22/11/2025 06:39
Nederland,ElectricityLoad,Hour,17488671,17488671,0,0,23/07/2025 14:00,23/07/2025 15:00,22/11/2025 06:39
Nederland,ElectricityLoad,Hour,16348385,16348385,0,0,23/07/2025 15:00,23/07/2025 16:00,22/11/2025 06:39
Nederland,ElectricityLoad,Hour,14898946,14898946,0,0,23/07/2025 16:00,23/07/2025 17:00,22/11/2025 06:39
Nederland,ElectricityLoad,Hour,13436320,13436320,0,0,23/07/2025 17:00,23/07/2025 18:00,22/11/2025 06:39
Nederland,ElectricityLoad,Hour,11198575,11198575,0,0,23/07/2025 18:00,23/07/2025 19:00,22/11/2025 06:39
Nederland,ElectricityLoad,Hour,9565619,9565619,0,0,23/07/2025 19:00,23/07/2025 20:00,22/11/2025 06:39
Nederland,ElectricityLoad,Hour,9481537,9481537,0,0,23/07/2025 20:00,23/07/2025 21:00,22/11/2025 06:39
Nederland,ElectricityLoad,Hour,9385446,9385446,0,0,23/07/2025 21:00,23/07/2025 22:00,22/11/2025 06:39
Nederland,ElectricityLoad,Hour,9249916,9249916,0,0,23/07/2025 22:00,23/07/2025 23:00,22/11/2025 06:39
Nederland,ElectricityLoad,Hour,8818700,8818700,0,0,23/07/2025 23:00,24/07/2025 00:00,22/11/2025 06:39
Nederland,ElectricityLoad,Hour,8432873,8432873,0,0,24/07/2025 00:00,24/07/2025 01:00,23/11/2025 06:39
Nederland,ElectricityLoad,Hour,8366658,8366658,0,0,24/07/2025 01:00,24/07/2025 02:00,23/11/2025 06:39
Nederland,ElectricityLoad,Hour,8443081,8443081,0,0,24/07/2025 02:00,24/07/2025 03:00,23/11/2025 06:39
Nederland,ElectricityLoad,Hour,8308113,8308113,0,0,24/07/2025 03:00,24/07/2025 04:00,23/11/2025 06:39
Nederland,ElectricityLoad,Hour,8550024,8550024,0,0,24/07/2025 04:00,24/07/2025 05:00,23/11/2025 06:39
Nederland,ElectricityLoad,Hour,9700943,9700943,0,0,24/07/2025 05:00,24/07/2025 06:00,23/11/2025 06:39
Nederland,ElectricityLoad,Hour,11481541,11481541,0,0,24/07/2025 06:00,24/07/2025 07:00,23/11/2025 06:39
Nederland,ElectricityLoad,Hour,13599239,13599239,0,0,24/07/2025 07:00,24/07/2025 08:00,23/11/2025 06:39
Nederland,ElectricityLoad,Hour,14122889,14122889,0,0,24/07/2025 08:00,24/07/2025 09:00,23/11/2025 06:39
Nederland,ElectricityLoad,Hour,15775539,15775539,0,0,24/07/2025 09:00,24/07/2025 10:00,23/11/2025 06:39
Nederland,ElectricityLoad,Hour,17744622,17744622,0,0,24/07/2025 10:00,24/07/2025 11:00,23/11/2025 06:39
Nederland,ElectricityLoad,Hour,19146432,19146432,0,0,24/07/2025 11:00,24/07/2025 12:00,23/11/2025 06:39
Nederland,ElectricityLoad,Hour,18009668,18009668,0,0,24/07/2025 12:00,24/07/2025 13:00,23/11/2025 06:39
Nederland,ElectricityLoad,Hour,18284208,18284208,0,0,24/07/2025 13:00,24/07/2025 14:00,23/11/2025 06:39
Nederland,ElectricityLoad,Hour,16531012,16531012,0,0,24/07/2025 14:00,24/07/2025 15:00,23/11/2025 06:39
Nederland,ElectricityLoad,Hour,16748719,16748719,0,0,24/07/2025 15:00,24/07/2025 16:00,23/11/2025 06:39
Nederland,ElectricityLoad,Hour,15957342,15957342,0,0,24/07/2025 16:00,24/07/2025 17:00,23/11/2025 06:39
Nederland,ElectricityLoad,Hour,13116532,13116532,0,0,24/07/2025 17:00,24/07/2025 18:00,23/11/2025 06:39
Nederland,ElectricityLoad,Hour,11555647,11555647,0,0,24/07/2025 18:00,24/07/2025 19:00,23/11/2025 06:39
Nederland,ElectricityLoad,Hour,9825519,9825519,0,0,24/07/2025 19:00,24/07/2025 20:00,23/11/2025 06:39
Nederland,ElectricityLoad,Hour,9648904,9648904,0,0,24/07/2025 20:00,24/07/2025 21:00,23/11/2025 06:39
Nederland,ElectricityLoad,Hour,9219416,9219416,0,0,24/07/2025 21:00,24/07/2025 22:00,23/11/2025 06:39
Nederland,ElectricityLoad,Hour,8874016,8874016,0,0,24/07/2025 22:00,24/07/2025 23:00,23/11/2025 06:39
Nederland,ElectricityLoad,Hour,8723516,8723516,0,0,24/07/2025 23:00,25/07/2025 00:00,23/11/2025 06:39
Nederland,ElectricityLoad,Hour,8650692,8650692,0,0,25/07/2025 00:00,25/07/2025 01:00,24/11/2025 06:39
Nederland,ElectricityLoad,Hour,8694625,8694625,0,0,25/07/2025 01:00,25/07/2025 02:00,24/11/2025 06:39
Nederland,ElectricityLoad,Hour,8687714,8687714,0,0,25/07/2025 02:00,25/07/2025 03:00,24/11/2025 06:39
Nederland,ElectricityLoad,Hour,8613213,8613213,0,0,25/07/2025 03:00,25/07/2025 04:00,24/11/2025 06:39
Nederland,ElectricityLoad,Hour,8728420,8728420,0,0,25/07/2025 04:00,25/07/2025 05:00,24/11/2025 06:39
Nederland,ElectricityLoad,Hour,9492762,9492762,0,0,25/07/2025 05:00,25/07/2025 06:00,24/11/2025 06:39
Nederland,ElectricityLoad,Hour,10960597,10960597,0,0,25/07/2025 06:00,25/07/2025 07:00,24/11/2025 06:39
Nederland,ElectricityLoad,Hour,12181667,12181667,0,0,25/07/2025 07:00,25/07/2025 08:00,24/11/2025 06:39
Nederland,ElectricityLoad,Hour,13030659,13030659,0,0,25/07/2025 08:00,25/07/2025 09:00,24/11/2025 06:39
Nederland,ElectricityLoad,Hour,13128304,13128304,0,0,25/07/2025 09:00,25/07/2025 10:00,24/11/2025 06:39
Nederland,ElectricityLoad,Hour,12911151,12911151,0,0,25/07/2025 10:00,25/07/2025 11:00,24/11/2025 06:39
Nederland,ElectricityLoad,Hour,13691013,13691013,0,0,25/07/2025 11:00,25/07/2025 12:00,24/11/2025 06:39
Nederland,ElectricityLoad,Hour,15202095,15202095,0,0,25/07/2025 12:00,25/07/2025 13:00,24/11/2025 06:39
Nederland,ElectricityLoad,Hour,14443265,14443265,0,0,25/07/2025 13:00,25/07/2025 14:00,24/11/2025 06:39
Nederland,ElectricityLoad,Hour,14197802,14197802,0,0,25/07/2025 14:00,25/07/2025 15:00,24/11/2025 06:39
Nederland,ElectricityLoad,Hour,13511032,13511032,0,0,25/07/2025 15:00,25/07/2025 16:00,24/11/2025 06:39
Nederland,ElectricityLoad,Hour,12666870,12666870,0,0,25/07/2025 16:00,25/07/2025 17:00,24/11/2025 06:39
Nederland,ElectricityLoad,Hour,12691945,12691945,0,0,25/07/2025 17:00,25/07/2025 18:00,24/11/2025 06:39
Nederland,ElectricityLoad,Hour,11062404,11062404,0,0,25/07/2025 18:00,25/07/2025 19:00,24/11/2025 06:39
Nederland,ElectricityLoad,Hour,9399060,9399060,0,0,25/07/2025 19:00,25/07/2025 20:00,24/11/2025 06:39
Nederland,ElectricityLoad,Hour,9037407,9037407,0,0,25/07/2025 20:00,25/07/2025 21:00,24/11/2025 06:39
Nederland,ElectricityLoad,Hour,8910296,8910296,0,0,25/07/2025 21:00,25/07/2025 22:00,24/11/2025 06:39
Nederland,ElectricityLoad,Hour,8690485,8690485,0,0,25/07/2025 22:00,25/07/2025 23:00,24/11/2025 06:39
Nederland,ElectricityLoad,Hour,8339803,8339803,0,0,25/07/2025 23:00,26/07/2025 00:00,24/11/2025 06:39
Nederland,ElectricityLoad,Hour,8203363,8203363,0,0,26/07/2025 00:00,26/07/2025 01:00,25/11/2025 06:40
Nederland,ElectricityLoad,Hour,7975044,7975044,0,0,26/07/2025 01:00,26/07/2025 02:00,25/11/2025 06:40
Nederland,ElectricityLoad,Hour,7686450,7686450,0,0,26/07/2025 02:00,26/07/2025 03:00,25/11/2025 06:40
Nederland,ElectricityLoad,Hour,7673324,7673324,0,0,26/07/2025 03:00,26/07/2025 04:00,25/11/2025 06:40
Nederland,ElectricityLoad,Hour,7559549,7559549,0,0,26/07/2025 04:00,26/07/2025 05:00,25/11/2025 06:40
Nederland,ElectricityLoad,Hour,7769622,7769622,0,0,26/07/2025 05:00,26/07/2025 06:00,25/11/2025 06:40
Nederland,ElectricityLoad,Hour,8781782,8781782,0,0,26/07/2025 06:00,26/07/2025 07:00,25/11/2025 06:40
Nederland,ElectricityLoad,Hour,11278813,11278813,0,0,26/07/2025 07:00,26/07/2025 08:00,25/11/2025 06:40
Nederland,ElectricityLoad,Hour,13882518,13882518,0,0,26/07/2025 08:00,26/07/2025 09:00,25/11/2025 06:40
Nederland,ElectricityLoad,Hour,15029546,15029546,0,0,26/07/2025 09:00,26/07/2025 10:00,25/11/2025 06:40
Nederland,ElectricityLoad,Hour,15045063,15045063,0,0,26/07/2025 10:00,26/07/2025 11:00,25/11/2025 06:40
Nederland,ElectricityLoad,Hour,16374879,16374879,0,0,26/07/2025 11:00,26/07/2025 12:00,25/11/2025 06:40
Nederland,ElectricityLoad,Hour,14968637,14968637,0,0,26/07/2025 12:00,26/07/2025 13:00,25/11/2025 06:40
Nederland,ElectricityLoad,Hour,14144395,14144395,0,0,26/07/2025 13:00,26/07/2025 14:00,25/11/2025 06:40
Nederland,ElectricityLoad,Hour,11834618,11834618,0,0,26/07/2025 14:00,26/07/2025 15:00,25/11/2025 06:40
Nederland,ElectricityLoad,Hour,12044021,12044021,0,0,26/07/2025 15:00,26/07/2025 16:00,25/11/2025 06:40
Nederland,ElectricityLoad,Hour,11537137,11537137,0,0,26/07/2025 16:00,26/07/2025 17:00,25/11/2025 06:40
Nederland,ElectricityLoad,Hour,11410770,11410770,0,0,26/07/2025 17:00,26/07/2025 18:00,25/11/2025 06:40
Nederland,ElectricityLoad,Hour,10309126,10309126,0,0,26/07/2025 18:00,26/07/2025 19:00,25/11/2025 06:40
Nederland,ElectricityLoad,Hour,8974141,8974141,0,0,26/07/2025 19:00,26/07/2025 20:00,25/11/2025 06:40
Nederland,ElectricityLoad,Hour,8780696,8780696,0,0,26/07/2025 20:00,26/07/2025 21:00,25/11/2025 06:40
Nederland,ElectricityLoad,Hour,8573798,8573798,0,0,26/07/2025 21:00,26/07/2025 22:00,25/11/2025 06:40
Nederland,ElectricityLoad,Hour,8381578,8381578,0,0,26/07/2025 22:00,26/07/2025 23:00,25/11/2025 06:40
Nederland,ElectricityLoad,Hour,8156932,8156932,0,0,26/07/2025 23:00,27/07/2025 00:00,25/11/2025 06:40
Nederland,ElectricityLoad,Hour,7960439,7960439,0,0,27/07/2025 00:00,27/07/2025 01:00,26/11/2025 06:39
Nederland,ElectricityLoad,Hour,7106255,7106255,0,0,27/07/2025 01:00,27/07/2025 02:00,26/11/2025 06:39
Nederland,ElectricityLoad,Hour,7029045,7029045,0,0,27/07/2025 02:00,27/07/2025 03:00,26/11/2025 06:39
Nederland,ElectricityLoad,Hour,7055030,7055030,0,0,27/07/2025 03:00,27/07/2025 04:00,26/11/2025 06:39
Nederland,ElectricityLoad,Hour,6853119,6853119,0,0,27/07/2025 04:00,27/07/2025 05:00,26/11/2025 06:39
Nederland,ElectricityLoad,Hour,7156182,7156182,0,0,27/07/2025 05:00,27/07/2025 06:00,26/11/2025 06:39
Nederland,ElectricityLoad,Hour,8572892,8572892,0,0,27/07/2025 06:00,27/07/2025 07:00,26/11/2025 06:39
Nederland,ElectricityLoad,Hour,9786156,9786156,0,0,27/07/2025 07:00,27/07/2025 08:00,26/11/2025 06:39
Nederland,ElectricityLoad,Hour,11347556,11347556,0,0,27/07/2025 08:00,27/07/2025 09:00,26/11/2025 06:39
Nederland,ElectricityLoad,Hour,12792313,12792313,0,0,27/07/2025 09:00,27/07/2025 10:00,26/11/2025 06:39
Nederland,ElectricityLoad,Hour,13265911,13265911,0,0,27/07/2025 10:00,27/07/2025 11:00,26/11/2025 06:39
Nederland,ElectricityLoad,Hour,13878433,13878433,0,0,27/07/2025 11:00,27/07/2025 12:00,26/11/2025 06:39
Nederland,ElectricityLoad,Hour,13496820,13496820,0,0,27/07/2025 12:00,27/07/2025 13:00,26/11/2025 06:39
Nederland,ElectricityLoad,Hour,12717129,12717129,0,0,27/07/2025 13:00,27/07/2025 14:00,26/11/2025 06:39
Nederland,ElectricityLoad,Hour,13080475,13080475,0,0,27/07/2025 14:00,27/07/2025 15:00,26/11/2025 06:39
Nederland,ElectricityLoad,Hour,11691771,11691771,0,0,27/07/2025 15:00,27/07/2025 16:00,26/11/2025 06:39
Nederland,ElectricityLoad,Hour,12003670,12003670,0,0,27/07/2025 16:00,27/07/2025 17:00,26/11/2025 06:39
Nederland,ElectricityLoad,Hour,10924128,10924128,0,0,27/07/2025 17:00,27/07/2025 18:00,26/11/2025 06:39
Nederland,ElectricityLoad,Hour,9470701,9470701,0,0,27/07/2025 18:00,27/07/2025 19:00,26/11/2025 06:39
Nederland,ElectricityLoad,Hour,8730590,8730590,0,0,27/07/2025 19:00,27/07/2025 20:00,26/11/2025 06:39
Nederland,ElectricityLoad,Hour,8250052,8250052,0,0,27/07/2025 20:00,27/07/2025 21:00,26/11/2025 06:39
Nederland,ElectricityLoad,Hour,7908687,7908687,0,0,27/07/2025 21:00,27/07/2025 22:00,26/11/2025 06:39
Nederland,ElectricityLoad,Hour,7694502,7694502,0,0,27/07/2025 22:00,27/07/2025 23:00,26/11/2025 06:39
Nederland,ElectricityLoad,Hour,7451790,7451790,0,0,27/07/2025 23:00,28/07/2025 00:00,26/11/2025 06:39
Nederland,ElectricityLoad,Hour,7223970,7223970,0,0,28/07/2025 00:00,28/07/2025 01:00,27/11/2025 06:39
Nederland,ElectricityLoad,Hour,6881585,6881585,0,0,28/07/2025 01:00,28/07/2025 02:00,27/11/2025 06:39
Nederland,ElectricityLoad,Hour,6935707,6935707,0,0,28/07/2025 02:00,28/07/2025 03:00,27/11/2025 06:39
Nederland,ElectricityLoad,Hour,7221005,7221005,0,0,28/07/2025 03:00,28/07/2025 04:00,27/11/2025 06:39
Nederland,ElectricityLoad,Hour,7498044,7498044,0,0,28/07/2025 04:00,28/07/2025 05:00,27/11/2025 06:39
Nederland,ElectricityLoad,Hour,8504348,8504348,0,0,28/07/2025 05:00,28/07/2025 06:00,27/11/2025 06:39
Nederland,ElectricityLoad,Hour,9766529,9766529,0,0,28/07/2025 06:00,28/07/2025 07:00,27/11/2025 06:39
Nederland,ElectricityLoad,Hour,12412043,12412043,0,0,28/07/2025 07:00,28/07/2025 08:00,27/11/2025 06:39
Nederland,ElectricityLoad,Hour,14501770,14501770,0,0,28/07/2025 08:00,28/07/2025 09:00,27/11/2025 06:39
Nederland,ElectricityLoad,Hour,15989899,15989899,0,0,28/07/2025 09:00,28/07/2025 10:00,27/11/2025 06:39
Nederland,ElectricityLoad,Hour,16232064,16232064,0,0,28/07/2025 10:00,28/07/2025 11:00,27/11/2025 06:39
Nederland,ElectricityLoad,Hour,16728730,16728730,0,0,28/07/2025 11:00,28/07/2025 12:00,27/11/2025 06:39
Nederland,ElectricityLoad,Hour,17343155,17343155,0,0,28/07/2025 12:00,28/07/2025 13:00,27/11/2025 06:39
Nederland,ElectricityLoad,Hour,17581757,17581757,0,0,28/07/2025 13:00,28/07/2025 14:00,27/11/2025 06:39
Nederland,ElectricityLoad,Hour,17940164,17940164,0,0,28/07/2025 14:00,28/07/2025 15:00,27/11/2025 06:39
Nederland,ElectricityLoad,Hour,16024356,16024356,0,0,28/07/2025 15:00,28/07/2025 16:00,27/11/2025 06:39
Nederland,ElectricityLoad,Hour,16239517,16239517,0,0,28/07/2025 16:00,28/07/2025 17:00,27/11/2025 06:39
Nederland,ElectricityLoad,Hour,13956011,13956011,0,0,28/07/2025 17:00,28/07/2025 18:00,27/11/2025 06:39
Nederland,ElectricityLoad,Hour,11472784,11472784,0,0,28/07/2025 18:00,28/07/2025 19:00,27/11/2025 06:39
Nederland,ElectricityLoad,Hour,9295754,9295754,0,0,28/07/2025 19:00,28/07/2025 20:00,27/11/2025 06:39
Nederland,ElectricityLoad,Hour,8455186,8455186,0,0,28/07/2025 20:00,28/07/2025 21:00,27/11/2025 06:39
Nederland,ElectricityLoad,Hour,8210018,8210018,0,0,28/07/2025 21:00,28/07/2025 22:00,27/11/2025 06:39
Nederland,ElectricityLoad,Hour,7917992,7917992,0,0,28/07/2025 22:00,28/07/2025 23:00,27/11/2025 06:39
Nederland,ElectricityLoad,Hour,7707604,7707604,0,0,28/07/2025 23:00,29/07/2025 00:00,27/11/2025 06:39
Nederland,ElectricityLoad,Hour,7250603,7250603,0,0,29/07/2025 00:00,29/07/2025 01:00,28/11/2025 06:39
Nederland,ElectricityLoad,Hour,7127618,7127618,0,0,29/07/2025 01:00,29/07/2025 02:00,28/11/2025 06:39
Nederland,ElectricityLoad,Hour,7198822,7198822,0,0,29/07/2025 02:00,29/07/2025 03:00,28/11/2025 06:39
Nederland,ElectricityLoad,Hour,7413055,7413055,0,0,29/07/2025 03:00,29/07/2025 04:00,28/11/2025 06:39
Nederland,ElectricityLoad,Hour,7585759,7585759,0,0,29/07/2025 04:00,29/07/2025 05:00,28/11/2025 06:39
Nederland,ElectricityLoad,Hour,8487351,8487351,0,0,29/07/2025 05:00,29/07/2025 06:00,28/11/2025 06:39
Nederland,ElectricityLoad,Hour,10418845,10418845,0,0,29/07/2025 06:00,29/07/2025 07:00,28/11/2025 06:39
Nederland,ElectricityLoad,Hour,13375021,13375021,0,0,29/07/2025 07:00,29/07/2025 08:00,28/11/2025 06:39
Nederland,ElectricityLoad,Hour,14820556,14820556,0,0,29/07/2025 08:00,29/07/2025 09:00,28/11/2025 06:39
Nederland,ElectricityLoad,Hour,16663524,16663524,0,0,29/07/2025 09:00,29/07/2025 10:00,28/11/2025 06:39
Nederland,ElectricityLoad,Hour,17803966,17803966,0,0,29/07/2025 10:00,29/07/2025 11:00,28/11/2025 06:39
Nederland,ElectricityLoad,Hour,18601944,18601944,0,0,29/07/2025 11:00,29/07/2025 12:00,28/11/2025 06:39
Nederland,ElectricityLoad,Hour,18891426,18891426,0,0,29/07/2025 12:00,29/07/2025 13:00,28/11/2025 06:39
Nederland,ElectricityLoad,Hour,18387613,18387613,0,0,29/07/2025 13:00,29/07/2025 14:00,28/11/2025 06:39
Nederland,ElectricityLoad,Hour,15563938,15563938,0,0,29/07/2025 14:00,29/07/2025 15:00,28/11/2025 06:39
Nederland,ElectricityLoad,Hour,14956442,14956442,0,0,29/07/2025 15:00,29/07/2025 16:00,28/11/2025 06:39
Nederland,ElectricityLoad,Hour,14742982,14742982,0,0,29/07/2025 16:00,29/07/2025 17:00,28/11/2025 06:39
Nederland,ElectricityLoad,Hour,12253683,12253683,0,0,29/07/2025 17:00,29/07/2025 18:00,28/11/2025 06:39
Nederland,ElectricityLoad,Hour,10673857,10673857,0,0,29/07/2025 18:00,29/07/2025 19:00,28/11/2025 06:39
Nederland,ElectricityLoad,Hour,9648316,9648316,0,0,29/07/2025 19:00,29/07/2025 20:00,28/11/2025 06:39
Nederland,ElectricityLoad,Hour,9194513,9194513,0,0,29/07/2025 20:00,29/07/2025 21:00,28/11/2025 06:39
Nederland,ElectricityLoad,Hour,8777722,8777722,0,0,29/07/2025 21:00,29/07/2025 22:00,28/11/2025 06:39
Nederland,ElectricityLoad,Hour,8574419,8574419,0,0,29/07/2025 22:00,29/07/2025 23:00,28/11/2025 06:39
Nederland,ElectricityLoad,Hour,8332938,8332938,0,0,29/07/2025 23:00,30/07/2025 00:00,28/11/2025 06:39
Nederland,ElectricityLoad,Hour,8074381,8074381,0,0,30/07/2025 00:00,30/07/2025 01:00,29/11/2025 06:39
Nederland,ElectricityLoad,Hour,7992199,7992199,0,0,30/07/2025 01:00,30/07/2025 02:00,29/11/2025 06:39
Nederland,ElectricityLoad,Hour,7917490,7917490,0,0,30/07/2025 02:00,30/07/2025 03:00,29/11/2025 06:39
Nederland,ElectricityLoad,Hour,7904925,7904925,0,0,30/07/2025 03:00,30/07/2025 04:00,29/11/2025 06:39
Nederland,ElectricityLoad,Hour,8174964,8174964,0,0,30/07/2025 04:00,30/07/2025 05:00,29/11/2025 06:39
Nederland,ElectricityLoad,Hour,9340329,9340329,0,0,30/07/2025 05:00,30/07/2025 06:00,29/11/2025 06:39
Nederland,ElectricityLoad,Hour,10995801,10995801,0,0,30/07/2025 06:00,30/07/2025 07:00,29/11/2025 06:39
Nederland,ElectricityLoad,Hour,13060706,13060706,0,0,30/07/2025 07:00,30/07/2025 08:00,29/11/2025 06:39
Nederland,ElectricityLoad,Hour,13649857,13649857,0,0,30/07/2025 08:00,30/07/2025 09:00,29/11/2025 06:39
Nederland,ElectricityLoad,Hour,16614600,16614600,0,0,30/07/2025 09:00,30/07/2025 10:00,29/11/2025 06:39
Nederland,ElectricityLoad,Hour,17875129,17875129,0,0,30/07/2025 10:00,30/07/2025 11:00,29/11/2025 06:39
Nederland,ElectricityLoad,Hour,18195214,18195214,0,0,30/07/2025 11:00,30/07/2025 12:00,29/11/2025 06:39
Nederland,ElectricityLoad,Hour,19073905,19073905,0,0,30/07/2025 12:00,30/07/2025 13:00,29/11/2025 06:39
Nederland,ElectricityLoad,Hour,19086078,19086078,0,0,30/07/2025 13:00,30/07/2025 14:00,29/11/2025 06:39
Nederland,ElectricityLoad,Hour,16764873,16764873,0,0,30/07/2025 14:00,30/07/2025 15:00,29/11/2025 06:39
Nederland,ElectricityLoad,Hour,16588198,16588198,0,0,30/07/2025 15:00,30/07/2025 16:00,29/11/2025 06:39
Nederland,ElectricityLoad,Hour,14723977,14723977,0,0,30/07/2025 16:00,30/07/2025 17:00,29/11/2025 06:39
Nederland,ElectricityLoad,Hour,12908130,12908130,0,0,30/07/2025 17:00,30/07/2025 18:00,29/11/2025 06:39
Nederland,ElectricityLoad,Hour,11455363,11455363,0,0,30/07/2025 18:00,30/07/2025 19:00,29/11/2025 06:39
Nederland,ElectricityLoad,Hour,9949950,9949950,0,0,30/07/2025 19:00,30/07/2025 20:00,29/11/2025 06:39
Nederland,ElectricityLoad,Hour,9434701,9434701,0,0,30/07/2025 20:00,30/07/2025 21:00,29/11/2025 06:39
Nederland,ElectricityLoad,Hour,8652653,8652653,0,0,30/07/2025 21:00,30/07/2025 22:00,29/11/2025 06:39
Nederland,ElectricityLoad,Hour,8201704,8201704,0,0,30/07/2025 22:00,30/07/2025 23:00,29/11/2025 06:39
Nederland,ElectricityLoad,Hour,8041761,8041761,0,0,30/07/2025 23:00,31/07/2025 00:00,29/11/2025 06:39
Nederland,ElectricityLoad,Hour,7711830,7711830,0,0,31/07/2025 00:00,31/07/2025 01:00,30/11/2025 06:39
Nederland,ElectricityLoad,Hour,7670052,7670052,0,0,31/07/2025 01:00,31/07/2025 02:00,30/11/2025 06:39
Nederland,ElectricityLoad,Hour,7401476,7401476,0,0,31/07/2025 02:00,31/07/2025 03:00,30/11/2025 06:39
Nederland,ElectricityLoad,Hour,7460780,7460780,0,0,31/07/2025 03:00,31/07/2025 04:00,30/11/2025 06:39
Nederland,ElectricityLoad,Hour,7703614,7703614,0,0,31/07/2025 04:00,31/07/2025 05:00,30/11/2025 06:39
Nederland,ElectricityLoad,Hour,8539492,8539492,0,0,31/07/2025 05:00,31/07/2025 06:00,30/11/2025 06:39
Nederland,ElectricityLoad,Hour,10235639,10235639,0,0,31/07/2025 06:00,31/07/2025 07:00,30/11/2025 06:39
Nederland,ElectricityLoad,Hour,12226894,12226894,0,0,31/07/2025 07:00,31/07/2025 08:00,30/11/2025 06:39
Nederland,ElectricityLoad,Hour,14120529,14120529,0,0,31/07/2025 08:00,31/07/2025 09:00,30/11/2025 06:39
Nederland,ElectricityLoad,Hour,15025252,15025252,0,0,31/07/2025 09:00,31/07/2025 10:00,30/11/2025 06:39
Nederland,ElectricityLoad,Hour,17443955,17443955,0,0,31/07/2025 10:00,31/07/2025 11:00,30/11/2025 06:39
Nederland,ElectricityLoad,Hour,16576820,16576820,0,0,31/07/2025 11:00,31/07/2025 12:00,30/11/2025 06:39
Nederland,ElectricityLoad,Hour,16398908,16398908,0,0,31/07/2025 12:00,31/07/2025 13:00,30/11/2025 06:39
Nederland,ElectricityLoad,Hour,14190392,14190392,0,0,31/07/2025 13:00,31/07/2025 14:00,30/11/2025 06:39
Nederland,ElectricityLoad,Hour,12944777,12944777,0,0,31/07/2025 14:00,31/07/2025 15:00,30/11/2025 06:39
Nederland,ElectricityLoad,Hour,12848157,12848157,0,0,31/07/2025 15:00,31/07/2025 16:00,30/11/2025 06:39
Nederland,ElectricityLoad,Hour,12967957,12967957,0,0,31/07/2025 16:00,31/07/2025 17:00,30/11/2025 06:39
Nederland,ElectricityLoad,Hour,11525410,11525410,0,0,31/07/2025 17:00,31/07/2025 18:00,30/11/2025 06:39
Nederland,ElectricityLoad,Hour,10660985,10660985,0,0,31/07/2025 18:00,31/07/2025 19:00,30/11/2025 06:39
Nederland,ElectricityLoad,Hour,9324848,9324848,0,0,31/07/2025 19:00,31/07/2025 20:00,30/11/2025 06:39
Nederland,ElectricityLoad,Hour,8727823,8727823,0,0,31/07/2025 20:00,31/07/2025 21:00,30/11/2025 06:39
Nederland,ElectricityLoad,Hour,8474224,8474224,0,0,31/07/2025 21:00,31/07/2025 22:00,30/11/2025 06:39
Nederland,ElectricityLoad,Hour,8111998,8111998,0,0,31/07/2025 22:00,31/07/2025 23:00,30/11/2025 06:39
Nederland,ElectricityLoad,Hour,8015015,8015015,0,0,31/07/2025 23:00,01/08/2025 00:00,30/11/2025 06:39
Nederland,ElectricityLoad,Hour,7944761,7944761,0,0,01/08/2025 00:00,01/08/2025 01:00,01/12/2025 06:39
Nederland,ElectricityLoad,Hour,7845714,7845714,0,0,01/08/2025 01:00,01/08/2025 02:00,01/12/2025 06:39
Nederland,ElectricityLoad,Hour,7801786,7801786,0,0,01/08/2025 02:00,01/08/2025 03:00,01/12/2025 06:39
Nederland,ElectricityLoad,Hour,7951620,7951620,0,0,01/08/2025 03:00,01/08/2025 04:00,01/12/2025 06:39
Nederland,ElectricityLoad,Hour,7978258,7978258,0,0,01/08/2025 04:00,01/08/2025 05:00,01/12/2025 06:39
Nederland,ElectricityLoad,Hour,8829327,8829327,0,0,01/08/2025 05:00,01/08/2025 06:00,01/12/2025 06:39
Nederland,ElectricityLoad,Hour,10474688,10474688,0,0,01/08/2025 06:00,01/08/2025 07:00,01/12/2025 06:39
Nederland,ElectricityLoad,Hour,11877246,11877246,0,0,01/08/2025 07:00,01/08/2025 08:00,01/12/2025 06:39
Nederland,ElectricityLoad,Hour,13144617,13144617,0,0,01/08/2025 08:00,01/08/2025 09:00,01/12/2025 06:39
Nederland,ElectricityLoad,Hour,15352903,15352903,0,0,01/08/2025 09:00,01/08/2025 10:00,01/12/2025 06:39
Nederland,ElectricityLoad,Hour,16317770,16317770,0,0,01/08/2025 10:00,01/08/2025 11:00,01/12/2025 06:39
Nederland,ElectricityLoad,Hour,16556423,16556423,0,0,01/08/2025 11:00,01/08/2025 12:00,01/12/2025 06:39
Nederland,ElectricityLoad,Hour,16437224,16437224,0,0,01/08/2025 12:00,01/08/2025 13:00,01/12/2025 06:39
Nederland,ElectricityLoad,Hour,16890477,16890477,0,0,01/08/2025 13:00,01/08/2025 14:00,01/12/2025 06:39
Nederland,ElectricityLoad,Hour,15885738,15885738,0,0,01/08/2025 14:00,01/08/2025 15:00,01/12/2025 06:39
Nederland,ElectricityLoad,Hour,16153213,16153213,0,0,01/08/2025 15:00,01/08/2025 16:00,01/12/2025 06:39
Nederland,ElectricityLoad,Hour,14348823,14348823,0,0,01/08/2025 16:00,01/08/2025 17:00,01/12/2025 06:39
Nederland,ElectricityLoad,Hour,12353673,12353673,0,0,01/08/2025 17:00,01/08/2025 18:00,01/12/2025 06:39
Nederland,ElectricityLoad,Hour,10334797,10334797,0,0,01/08/2025 18:00,01/08/2025 19:00,01/12/2025 06:39
Nederland,ElectricityLoad,Hour,8806162,8806162,0,0,01/08/2025 19:00,01/08/2025 20:00,01/12/2025 06:39
Nederland,ElectricityLoad,Hour,8097908,8097908,0,0,01/08/2025 20:00,01/08/2025 21:00,01/12/2025 06:39
Nederland,ElectricityLoad,Hour,8093448,8093448,0,0,01/08/2025 21:00,01/08/2025 22:00,01/12/2025 06:39
Nederland,ElectricityLoad,Hour,7703765,7703765,0,0,01/08/2025 22:00,01/08/2025 23:00,01/12/2025 06:39
Nederland,ElectricityLoad,Hour,7467648,7467648,0,0,01/08/2025 23:00,02/08/2025 00:00,01/12/2025 06:39
Nederland,ElectricityLoad,Hour,7212847,7212847,0,0,02/08/2025 00:00,02/08/2025 01:00,02/12/2025 06:38
Nederland,ElectricityLoad,Hour,7040306,7040306,0,0,02/08/2025 01:00,02/08/2025 02:00,02/12/2025 06:38
Nederland,ElectricityLoad,Hour,7048452,7048452,0,0,02/08/2025 02:00,02/08/2025 03:00,02/12/2025 06:38
Nederland,ElectricityLoad,Hour,7412662,7412662,0,0,02/08/2025 03:00,02/08/2025 04:00,02/12/2025 06:38
Nederland,ElectricityLoad,Hour,7118003,7118003,0,0,02/08/2025 04:00,02/08/2025 05:00,02/12/2025 06:38
Nederland,ElectricityLoad,Hour,7536834,7536834,0,0,02/08/2025 05:00,02/08/2025 06:00,02/12/2025 06:38
Nederland,ElectricityLoad,Hour,8593158,8593158,0,0,02/08/2025 06:00,02/08/2025 07:00,02/12/2025 06:38
Nederland,ElectricityLoad,Hour,9087603,9087603,0,0,02/08/2025 07:00,02/08/2025 08:00,02/12/2025 06:38
Nederland,ElectricityLoad,Hour,10119605,10119605,0,0,02/08/2025 08:00,02/08/2025 09:00,02/12/2025 06:38
Nederland,ElectricityLoad,Hour,11449096,11449096,0,0,02/08/2025 09:00,02/08/2025 10:00,02/12/2025 06:38
Nederland,ElectricityLoad,Hour,12769614,12769614,0,0,02/08/2025 10:00,02/08/2025 11:00,02/12/2025 06:38
Nederland,ElectricityLoad,Hour,14183242,14183242,0,0,02/08/2025 11:00,02/08/2025 12:00,02/12/2025 06:38
Nederland,ElectricityLoad,Hour,13175735,13175735,0,0,02/08/2025 12:00,02/08/2025 13:00,02/12/2025 06:38
Nederland,ElectricityLoad,Hour,11914545,11914545,0,0,02/08/2025 13:00,02/08/2025 14:00,02/12/2025 06:38
Nederland,ElectricityLoad,Hour,12108074,12108074,0,0,02/08/2025 14:00,02/08/2025 15:00,02/12/2025 06:38
Nederland,ElectricityLoad,Hour,11189747,11189747,0,0,02/08/2025 15:00,02/08/2025 16:00,02/12/2025 06:38
Nederland,ElectricityLoad,Hour,9955252,9955252,0,0,02/08/2025 16:00,02/08/2025 17:00,02/12/2025 06:38
Nederland,ElectricityLoad,Hour,9313853,9313853,0,0,02/08/2025 17:00,02/08/2025 18:00,02/12/2025 06:38
Nederland,ElectricityLoad,Hour,8446819,8446819,0,0,02/08/2025 18:00,02/08/2025 19:00,02/12/2025 06:38
Nederland,ElectricityLoad,Hour,7623726,7623726,0,0,02/08/2025 19:00,02/08/2025 20:00,02/12/2025 06:38
Nederland,ElectricityLoad,Hour,7632993,7632993,0,0,02/08/2025 20:00,02/08/2025 21:00,02/12/2025 06:38
Nederland,ElectricityLoad,Hour,7507043,7507043,0,0,02/08/2025 21:00,02/08/2025 22:00,02/12/2025 06:38
Nederland,ElectricityLoad,Hour,7206070,7206070,0,0,02/08/2025 22:00,02/08/2025 23:00,02/12/2025 06:38
Nederland,ElectricityLoad,Hour,6667487,6667487,0,0,02/08/2025 23:00,03/08/2025 00:00,02/12/2025 06:38
Nederland,ElectricityLoad,Hour,6195811,6195811,0,0,03/08/2025 00:00,03/08/2025 01:00,03/12/2025 06:39
Nederland,ElectricityLoad,Hour,6184935,6184935,0,0,03/08/2025 01:00,03/08/2025 02:00,03/12/2025 06:39
Nederland,ElectricityLoad,Hour,6389319,6389319,0,0,03/08/2025 02:00,03/08/2025 03:00,03/12/2025 06:39
Nederland,ElectricityLoad,Hour,6548417,6548417,0,0,03/08/2025 03:00,03/08/2025 04:00,03/12/2025 06:39
Nederland,ElectricityLoad,Hour,6687855,6687855,0,0,03/08/2025 04:00,03/08/2025 05:00,03/12/2025 06:39
Nederland,ElectricityLoad,Hour,7047425,7047425,0,0,03/08/2025 05:00,03/08/2025 06:00,03/12/2025 06:39
Nederland,ElectricityLoad,Hour,8616689,8616689,0,0,03/08/2025 06:00,03/08/2025 07:00,03/12/2025 06:39
Nederland,ElectricityLoad,Hour,10453237,10453237,0,0,03/08/2025 07:00,03/08/2025 08:00,03/12/2025 06:39
Nederland,ElectricityLoad,Hour,13233554,13233554,0,0,03/08/2025 08:00,03/08/2025 09:00,03/12/2025 06:39
Nederland,ElectricityLoad,Hour,15159929,15159929,0,0,03/08/2025 09:00,03/08/2025 10:00,03/12/2025 06:39
Nederland,ElectricityLoad,Hour,16767230,16767230,0,0,03/08/2025 10:00,03/08/2025 11:00,03/12/2025 06:39
Nederland,ElectricityLoad,Hour,17813491,17813491,0,0,03/08/2025 11:00,03/08/2025 12:00,03/12/2025 06:39
Nederland,ElectricityLoad,Hour,17970599,17970599,0,0,03/08/2025 12:00,03/08/2025 13:00,03/12/2025 06:39
Nederland,ElectricityLoad,Hour,16776658,16776658,0,0,03/08/2025 13:00,03/08/2025 14:00,03/12/2025 06:39
Nederland,ElectricityLoad,Hour,14649570,14649570,0,0,03/08/2025 14:00,03/08/2025 15:00,03/12/2025 06:39
Nederland,ElectricityLoad,Hour,14096597,14096597,0,0,03/08/2025 15:00,03/08/2025 16:00,03/12/2025 06:39
Nederland,ElectricityLoad,Hour,12815867,12815867,0,0,03/08/2025 16:00,03/08/2025 17:00,03/12/2025 06:39
Nederland,ElectricityLoad,Hour,9996290,9996290,0,0,03/08/2025 17:00,03/08/2025 18:00,03/12/2025 06:39
Nederland,ElectricityLoad,Hour,8642297,8642297,0,0,03/08/2025 18:00,03/08/2025 19:00,03/12/2025 06:39
Nederland,ElectricityLoad,Hour,8230426,8230426,0,0,03/08/2025 19:00,03/08/2025 20:00,03/12/2025 06:39
Nederland,ElectricityLoad,Hour,7670550,7670550,0,0,03/08/2025 20:00,03/08/2025 21:00,03/12/2025 06:39
Nederland,ElectricityLoad,Hour,7474223,7474223,0,0,03/08/2025 21:00,03/08/2025 22:00,03/12/2025 06:39
Nederland,ElectricityLoad,Hour,7322922,7322922,0,0,03/08/2025 22:00,03/08/2025 23:00,03/12/2025 06:39
Nederland,ElectricityLoad,Hour,7003850,7003850,0,0,03/08/2025 23:00,04/08/2025 00:00,03/12/2025 06:39
Nederland,ElectricityLoad,Hour,6956877,6956877,0,0,04/08/2025 00:00,04/08/2025 01:00,04/12/2025 06:39
Nederland,ElectricityLoad,Hour,6814608,6814608,0,0,04/08/2025 01:00,04/08/2025 02:00,04/12/2025 06:39
Nederland,ElectricityLoad,Hour,6635787,6635787,0,0,04/08/2025 02:00,04/08/2025 03:00,04/12/2025 06:39
Nederland,ElectricityLoad,Hour,6793178,6793178,0,0,04/08/2025 03:00,04/08/2025 04:00,04/12/2025 06:39
Nederland,ElectricityLoad,Hour,7110593,7110593,0,0,04/08/2025 04:00,04/08/2025 05:00,04/12/2025 06:39
Nederland,ElectricityLoad,Hour,8198379,8198379,0,0,04/08/2025 05:00,04/08/2025 06:00,04/12/2025 06:39
Nederland,ElectricityLoad,Hour,9782686,9782686,0,0,04/08/2025 06:00,04/08/2025 07:00,04/12/2025 06:39
Nederland,ElectricityLoad,Hour,11113563,11113563,0,0,04/08/2025 07:00,04/08/2025 08:00,04/12/2025 06:39
Nederland,ElectricityLoad,Hour,13674066,13674066,0,0,04/08/2025 08:00,04/08/2025 09:00,04/12/2025 06:39
Nederland,ElectricityLoad,Hour,15295206,15295206,0,0,04/08/2025 09:00,04/08/2025 10:00,04/12/2025 06:39
Nederland,ElectricityLoad,Hour,16064385,16064385,0,0,04/08/2025 10:00,04/08/2025 11:00,04/12/2025 06:39
Nederland,ElectricityLoad,Hour,18085838,18085838,0,0,04/08/2025 11:00,04/08/2025 12:00,04/12/2025 06:39
Nederland,ElectricityLoad,Hour,17166116,17166116,0,0,04/08/2025 12:00,04/08/2025 13:00,04/12/2025 06:39
Nederland,ElectricityLoad,Hour,15482412,15482412,0,0,04/08/2025 13:00,04/08/2025 14:00,04/12/2025 06:39
Nederland,ElectricityLoad,Hour,13800889,13800889,0,0,04/08/2025 14:00,04/08/2025 15:00,04/12/2025 06:39
Nederland,ElectricityLoad,Hour,13500059,13500059,0,0,04/08/2025 15:00,04/08/2025 16:00,04/12/2025 06:39
Nederland,ElectricityLoad,Hour,12603819,12603819,0,0,04/08/2025 16:00,04/08/2025 17:00,04/12/2025 06:39
Nederland,ElectricityLoad,Hour,11440786,11440786,0,0,04/08/2025 17:00,04/08/2025 18:00,04/12/2025 06:39
Nederland,ElectricityLoad,Hour,10637129,10637129,0,0,04/08/2025 18:00,04/08/2025 19:00,04/12/2025 06:39
Nederland,ElectricityLoad,Hour,10759316,10759316,0,0,04/08/2025 19:00,04/08/2025 20:00,04/12/2025 06:39
Nederland,ElectricityLoad,Hour,10987903,10987903,0,0,04/08/2025 20:00,04/08/2025 21:00,04/12/2025 06:39
Nederland,ElectricityLoad,Hour,9997199,9997199,0,0,04/08/2025 21:00,04/08/2025 22:00,04/12/2025 06:39
Nederland,ElectricityLoad,Hour,8679576,8679576,0,0,04/08/2025 22:00,04/08/2025 23:00,04/12/2025 06:39
Nederland,ElectricityLoad,Hour,8105594,8105594,0,0,04/08/2025 23:00,05/08/2025 00:00,04/12/2025 06:39
Nederland,ElectricityLoad,Hour,7254318,7254318,0,0,05/08/2025 00:00,05/08/2025 01:00,05/12/2025 06:39
Nederland,ElectricityLoad,Hour,6922085,6922085,0,0,05/08/2025 01:00,05/08/2025 02:00,05/12/2025 06:39
Nederland,ElectricityLoad,Hour,6774074,6774074,0,0,05/08/2025 02:00,05/08/2025 03:00,05/12/2025 06:39
Nederland,ElectricityLoad,Hour,6730737,6730737,0,0,05/08/2025 03:00,05/08/2025 04:00,05/12/2025 06:39
Nederland,ElectricityLoad,Hour,7043290,7043290,0,0,05/08/2025 04:00,05/08/2025 05:00,05/12/2025 06:39
Nederland,ElectricityLoad,Hour,8129918,8129918,0,0,05/08/2025 05:00,05/08/2025 06:00,05/12/2025 06:39
Nederland,ElectricityLoad,Hour,10539526,10539526,0,0,05/08/2025 06:00,05/08/2025 07:00,05/12/2025 06:39
Nederland,ElectricityLoad,Hour,14423253,14423253,0,0,05/08/2025 07:00,05/08/2025 08:00,05/12/2025 06:39
Nederland,ElectricityLoad,Hour,16833681,16833681,0,0,05/08/2025 08:00,05/08/2025 09:00,05/12/2025 06:39
Nederland,ElectricityLoad,Hour,17895730,17895730,0,0,05/08/2025 09:00,05/08/2025 10:00,05/12/2025 06:39
Nederland,ElectricityLoad,Hour,18869570,18869570,0,0,05/08/2025 10:00,05/08/2025 11:00,05/12/2025 06:39
Nederland,ElectricityLoad,Hour,19467188,19467188,0,0,05/08/2025 11:00,05/08/2025 12:00,05/12/2025 06:39
Nederland,ElectricityLoad,Hour,19214502,19214502,0,0,05/08/2025 12:00,05/08/2025 13:00,05/12/2025 06:39
Nederland,ElectricityLoad,Hour,17978852,17978852,0,0,05/08/2025 13:00,05/08/2025 14:00,05/12/2025 06:39
Nederland,ElectricityLoad,Hour,17168108,17168108,0,0,05/08/2025 14:00,05/08/2025 15:00,05/12/2025 06:39
Nederland,ElectricityLoad,Hour,17111785,17111785,0,0,05/08/2025 15:00,05/08/2025 16:00,05/12/2025 06:39
Nederland,ElectricityLoad,Hour,15124770,15124770,0,0,05/08/2025 16:00,05/08/2025 17:00,05/12/2025 06:39
Nederland,ElectricityLoad,Hour,12632793,12632793,0,0,05/08/2025 17:00,05/08/2025 18:00,05/12/2025 06:39
Nederland,ElectricityLoad,Hour,10626851,10626851,0,0,05/08/2025 18:00,05/08/2025 19:00,05/12/2025 06:39
Nederland,ElectricityLoad,Hour,8787432,8787432,0,0,05/08/2025 19:00,05/08/2025 20:00,05/12/2025 06:39
Nederland,ElectricityLoad,Hour,8492813,8492813,0,0,05/08/2025 20:00,05/08/2025 21:00,05/12/2025 06:39
Nederland,ElectricityLoad,Hour,8056708,8056708,0,0,05/08/2025 21:00,05/08/2025 22:00,05/12/2025 06:39
Nederland,ElectricityLoad,Hour,7365956,7365956,0,0,05/08/2025 22:00,05/08/2025 23:00,05/12/2025 06:39
Nederland,ElectricityLoad,Hour,6863242,6863242,0,0,05/08/2025 23:00,06/08/2025 00:00,05/12/2025 06:39
Nederland,ElectricityLoad,Hour,6701587,6701587,0,0,06/08/2025 00:00,06/08/2025 01:00,06/12/2025 06:39
Nederland,ElectricityLoad,Hour,6761674,6761674,0,0,06/08/2025 01:00,06/08/2025 02:00,06/12/2025 06:39
Nederland,ElectricityLoad,Hour,6748849,6748849,0,0,06/08/2025 02:00,06/08/2025 03:00,06/12/2025 06:39
Nederland,ElectricityLoad,Hour,6895693,6895693,0,0,06/08/2025 03:00,06/08/2025 04:00,06/12/2025 06:39
Nederland,ElectricityLoad,Hour,6754003,6754003,0,0,06/08/2025 04:00,06/08/2025 05:00,06/12/2025 06:39
Nederland,ElectricityLoad,Hour,8089465,8089465,0,0,06/08/2025 05:00,06/08/2025 06:00,06/12/2025 06:39
Nederland,ElectricityLoad,Hour,9909321,9909321,0,0,06/08/2025 06:00,06/08/2025 07:00,06/12/2025 06:39
Nederland,ElectricityLoad,Hour,12496427,12496427,0,0,06/08/2025 07:00,06/08/2025 08:00,06/12/2025 06:39
Nederland,ElectricityLoad,Hour,14230233,14230233,0,0,06/08/2025 08:00,06/08/2025 09:00,06/12/2025 06:39
Nederland,ElectricityLoad,Hour,14969249,14969249,0,0,06/08/2025 09:00,06/08/2025 10:00,06/12/2025 06:39
Nederland,ElectricityLoad,Hour,15073127,15073127,0,0,06/08/2025 10:00,06/08/2025 11:00,06/12/2025 06:39
Nederland,ElectricityLoad,Hour,16722112,16722112,0,0,06/08/2025 11:00,06/08/2025 12:00,06/12/2025 06:39
Nederland,ElectricityLoad,Hour,16944259,16944259,0,0,06/08/2025 12:00,06/08/2025 13:00,06/12/2025 06:39
Nederland,ElectricityLoad,Hour,17224819,17224819,0,0,06/08/2025 13:00,06/08/2025 14:00,06/12/2025 06:39
Nederland,ElectricityLoad,Hour,17478484,17478484,0,0,06/08/2025 14:00,06/08/2025 15:00,06/12/2025 06:39
Nederland,ElectricityLoad,Hour,15573846,15573846,0,0,06/08/2025 15:00,06/08/2025 16:00,06/12/2025 06:39
Nederland,ElectricityLoad,Hour,12800285,12800285,0,0,06/08/2025 16:00,06/08/2025 17:00,06/12/2025 06:39
Nederland,ElectricityLoad,Hour,10604601,10604601,0,0,06/08/2025 17:00,06/08/2025 18:00,06/12/2025 06:39
Nederland,ElectricityLoad,Hour,8834887,8834887,0,0,06/08/2025 18:00,06/08/2025 19:00,06/12/2025 06:39
Nederland,ElectricityLoad,Hour,8302207,8302207,0,0,06/08/2025 19:00,06/08/2025 20:00,06/12/2025 06:39
Nederland,ElectricityLoad,Hour,8223449,8223449,0,0,06/08/2025 20:00,06/08/2025 21:00,06/12/2025 06:39
Nederland,ElectricityLoad,Hour,7830682,7830682,0,0,06/08/2025 21:00,06/08/2025 22:00,06/12/2025 06:39
Nederland,ElectricityLoad,Hour,7381948,7381948,0,0,06/08/2025 22:00,06/08/2025 23:00,06/12/2025 06:39
Nederland,ElectricityLoad,Hour,7076894,7076894,0,0,06/08/2025 23:00,07/08/2025 00:00,06/12/2025 06:39
Nederland,ElectricityLoad,Hour,6798247,6798247,0,0,07/08/2025 00:00,07/08/2025 01:00,07/12/2025 06:39
Nederland,ElectricityLoad,Hour,6702458,6702458,0,0,07/08/2025 01:00,07/08/2025 02:00,07/12/2025 06:39
Nederland,ElectricityLoad,Hour,6384396,6384396,0,0,07/08/2025 02:00,07/08/2025 03:00,07/12/2025 06:39
Nederland,ElectricityLoad,Hour,6366582,6366582,0,0,07/08/2025 03:00,07/08/2025 04:00,07/12/2025 06:39
Nederland,ElectricityLoad,Hour,6554590,6554590,0,0,07/08/2025 04:00,07/08/2025 05:00,07/12/2025 06:39
Nederland,ElectricityLoad,Hour,7457241,7457241,0,0,07/08/2025 05:00,07/08/2025 06:00,07/12/2025 06:39
Nederland,ElectricityLoad,Hour,9474881,9474881,0,0,07/08/2025 06:00,07/08/2025 07:00,07/12/2025 06:39
Nederland,ElectricityLoad,Hour,11592226,11592226,0,0,07/08/2025 07:00,07/08/2025 08:00,07/12/2025 06:39
Nederland,ElectricityLoad,Hour,14615789,14615789,0,0,07/08/2025 08:00,07/08/2025 09:00,07/12/2025 06:39
Nederland,ElectricityLoad,Hour,16524397,16524397,0,0,07/08/2025 09:00,07/08/2025 10:00,07/12/2025 06:39
Nederland,ElectricityLoad,Hour,16738975,16738975,0,0,07/08/2025 10:00,07/08/2025 11:00,07/12/2025 06:39
Nederland,ElectricityLoad,Hour,17540521,17540521,0,0,07/08/2025 11:00,07/08/2025 12:00,07/12/2025 06:39
Nederland,ElectricityLoad,Hour,16171991,16171991,0,0,07/08/2025 12:00,07/08/2025 13:00,07/12/2025 06:39
Nederland,ElectricityLoad,Hour,15413872,15413872,0,0,07/08/2025 13:00,07/08/2025 14:00,07/12/2025 06:39
Nederland,ElectricityLoad,Hour,15157303,15157303,0,0,07/08/2025 14:00,07/08/2025 15:00,07/12/2025 06:39
Nederland,ElectricityLoad,Hour,14976060,14976060,0,0,07/08/2025 15:00,07/08/2025 16:00,07/12/2025 06:39
Nederland,ElectricityLoad,Hour,12957822,12957822,0,0,07/08/2025 16:00,07/08/2025 17:00,07/12/2025 06:39
Nederland,ElectricityLoad,Hour,11145266,11145266,0,0,07/08/2025 17:00,07/08/2025 18:00,07/12/2025 06:39
Nederland,ElectricityLoad,Hour,9754546,9754546,0,0,07/08/2025 18:00,07/08/2025 19:00,07/12/2025 06:39
Nederland,ElectricityLoad,Hour,8985144,8985144,0,0,07/08/2025 19:00,07/08/2025 20:00,07/12/2025 06:39
Nederland,ElectricityLoad,Hour,8498359,8498359,0,0,07/08/2025 20:00,07/08/2025 21:00,07/12/2025 06:39
Nederland,ElectricityLoad,Hour,7981042,7981042,0,0,07/08/2025 21:00,07/08/2025 22:00,07/12/2025 06:39
Nederland,ElectricityLoad,Hour,7821136,7821136,0,0,07/08/2025 22:00,07/08/2025 23:00,07/12/2025 06:39
Nederland,ElectricityLoad,Hour,7254887,7254887,0,0,07/08/2025 23:00,08/08/2025 00:00,07/12/2025 06:39
Nederland,ElectricityLoad,Hour,7058601,7058601,0,0,08/08/2025 00:00,08/08/2025 01:00,08/12/2025 06:39
Nederland,ElectricityLoad,Hour,6956398,6956398,0,0,08/08/2025 01:00,08/08/2025 02:00,08/12/2025 06:39
Nederland,ElectricityLoad,Hour,6876820,6876820,0,0,08/08/2025 02:00,08/08/2025 03:00,08/12/2025 06:39
Nederland,ElectricityLoad,Hour,7046080,7046080,0,0,08/08/2025 03:00,08/08/2025 04:00,08/12/2025 06:39
Nederland,ElectricityLoad,Hour,7341950,7341950,0,0,08/08/2025 04:00,08/08/2025 05:00,08/12/2025 06:39
Nederland,ElectricityLoad,Hour,8081048,8081048,0,0,08/08/2025 05:00,08/08/2025 06:00,08/12/2025 06:39
Nederland,ElectricityLoad,Hour,9769791,9769791,0,0,08/08/2025 06:00,08/08/2025 07:00,08/12/2025 06:39
Nederland,ElectricityLoad,Hour,12130903,12130903,0,0,08/08/2025 07:00,08/08/2025 08:00,08/12/2025 06:39
Nederland,ElectricityLoad,Hour,13980919,13980919,0,0,08/08/2025 08:00,08/08/2025 09:00,08/12/2025 06:39
Nederland,ElectricityLoad,Hour,14042187,14042187,0,0,08/08/2025 09:00,08/08/2025 10:00,08/12/2025 06:39
Nederland,ElectricityLoad,Hour,15117364,15117364,0,0,08/08/2025 10:00,08/08/2025 11:00,08/12/2025 06:39
Nederland,ElectricityLoad,Hour,15477149,15477149,0,0,08/08/2025 11:00,08/08/2025 12:00,08/12/2025 06:39
Nederland,ElectricityLoad,Hour,14841305,14841305,0,0,08/08/2025 12:00,08/08/2025 13:00,08/12/2025 06:39
Nederland,ElectricityLoad,Hour,13551149,13551149,0,0,08/08/2025 13:00,08/08/2025 14:00,08/12/2025 06:39
Nederland,ElectricityLoad,Hour,14018153,14018153,0,0,08/08/2025 14:00,08/08/2025 15:00,08/12/2025 06:39
Nederland,ElectricityLoad,Hour,13813110,13813110,0,0,08/08/2025 15:00,08/08/2025 16:00,08/12/2025 06:39
Nederland,ElectricityLoad,Hour,13274751,13274751,0,0,08/08/2025 16:00,08/08/2025 17:00,08/12/2025 06:39
Nederland,ElectricityLoad,Hour,12498840,12498840,0,0,08/08/2025 17:00,08/08/2025 18:00,08/12/2025 06:39
Nederland,ElectricityLoad,Hour,10964412,10964412,0,0,08/08/2025 18:00,08/08/2025 19:00,08/12/2025 06:39
Nederland,ElectricityLoad,Hour,9911939,9911939,0,0,08/08/2025 19:00,08/08/2025 20:00,08/12/2025 06:39
Nederland,ElectricityLoad,Hour,9649961,9649961,0,0,08/08/2025 20:00,08/08/2025 21:00,08/12/2025 06:39
Nederland,ElectricityLoad,Hour,9346919,9346919,0,0,08/08/2025 21:00,08/08/2025 22:00,08/12/2025 06:39
Nederland,ElectricityLoad,Hour,9160398,9160398,0,0,08/08/2025 22:00,08/08/2025 23:00,08/12/2025 06:39
Nederland,ElectricityLoad,Hour,8824294,8824294,0,0,08/08/2025 23:00,09/08/2025 00:00,08/12/2025 06:39
Nederland,ElectricityLoad,Hour,8267057,8267057,0,0,09/08/2025 00:00,09/08/2025 01:00,09/12/2025 06:39
Nederland,ElectricityLoad,Hour,7231545,7231545,0,0,09/08/2025 01:00,09/08/2025 02:00,09/12/2025 06:39
Nederland,ElectricityLoad,Hour,7022131,7022131,0,0,09/08/2025 02:00,09/08/2025 03:00,09/12/2025 06:39
Nederland,ElectricityLoad,Hour,6968833,6968833,0,0,09/08/2025 03:00,09/08/2025 04:00,09/12/2025 06:39
Nederland,ElectricityLoad,Hour,6871005,6871005,0,0,09/08/2025 04:00,09/08/2025 05:00,09/12/2025 06:39
Nederland,ElectricityLoad,Hour,7554629,7554629,0,0,09/08/2025 05:00,09/08/2025 06:00,09/12/2025 06:39
Nederland,ElectricityLoad,Hour,8484924,8484924,0,0,09/08/2025 06:00,09/08/2025 07:00,09/12/2025 06:39
Nederland,ElectricityLoad,Hour,10354492,10354492,0,0,09/08/2025 07:00,09/08/2025 08:00,09/12/2025 06:39
Nederland,ElectricityLoad,Hour,13198670,13198670,0,0,09/08/2025 08:00,09/08/2025 09:00,09/12/2025 06:39
Nederland,ElectricityLoad,Hour,15248868,15248868,0,0,09/08/2025 09:00,09/08/2025 10:00,09/12/2025 06:39
Nederland,ElectricityLoad,Hour,16860461,16860461,0,0,09/08/2025 10:00,09/08/2025 11:00,09/12/2025 06:39
Nederland,ElectricityLoad,Hour,17857710,17857710,0,0,09/08/2025 11:00,09/08/2025 12:00,09/12/2025 06:39
Nederland,ElectricityLoad,Hour,18925315,18925315,0,0,09/08/2025 12:00,09/08/2025 13:00,09/12/2025 06:39
Nederland,ElectricityLoad,Hour,17506491,17506491,0,0,09/08/2025 13:00,09/08/2025 14:00,09/12/2025 06:39
Nederland,ElectricityLoad,Hour,16257017,16257017,0,0,09/08/2025 14:00,09/08/2025 15:00,09/12/2025 06:39
Nederland,ElectricityLoad,Hour,16175428,16175428,0,0,09/08/2025 15:00,09/08/2025 16:00,09/12/2025 06:39
Nederland,ElectricityLoad,Hour,14089763,14089763,0,0,09/08/2025 16:00,09/08/2025 17:00,09/12/2025 06:39
Nederland,ElectricityLoad,Hour,11798309,11798309,0,0,09/08/2025 17:00,09/08/2025 18:00,09/12/2025 06:39
Nederland,ElectricityLoad,Hour,9525507,9525507,0,0,09/08/2025 18:00,09/08/2025 19:00,09/12/2025 06:39
Nederland,ElectricityLoad,Hour,7593101,7593101,0,0,09/08/2025 19:00,09/08/2025 20:00,09/12/2025 06:39
Nederland,ElectricityLoad,Hour,7260795,7260795,0,0,09/08/2025 20:00,09/08/2025 21:00,09/12/2025 06:39
Nederland,ElectricityLoad,Hour,6986599,6986599,0,0,09/08/2025 21:00,09/08/2025 22:00,09/12/2025 06:39
Nederland,ElectricityLoad,Hour,6575314,6575314,0,0,09/08/2025 22:00,09/08/2025 23:00,09/12/2025 06:39
Nederland,ElectricityLoad,Hour,6392454,6392454,0,0,09/08/2025 23:00,10/08/2025 00:00,09/12/2025 06:39
Nederland,ElectricityLoad,Hour,6200777,6200777,0,0,10/08/2025 00:00,10/08/2025 01:00,10/12/2025 06:39
Nederland,ElectricityLoad,Hour,6135407,6135407,0,0,10/08/2025 01:00,10/08/2025 02:00,10/12/2025 06:39
Nederland,ElectricityLoad,Hour,6159719,6159719,0,0,10/08/2025 02:00,10/08/2025 03:00,10/12/2025 06:39
Nederland,ElectricityLoad,Hour,6221697,6221697,0,0,10/08/2025 03:00,10/08/2025 04:00,10/12/2025 06:39
Nederland,ElectricityLoad,Hour,6250565,6250565,0,0,10/08/2025 04:00,10/08/2025 05:00,10/12/2025 06:39
Nederland,ElectricityLoad,Hour,7041616,7041616,0,0,10/08/2025 05:00,10/08/2025 06:00,10/12/2025 06:39
Nederland,ElectricityLoad,Hour,8573185,8573185,0,0,10/08/2025 06:00,10/08/2025 07:00,10/12/2025 06:39
Nederland,ElectricityLoad,Hour,10410782,10410782,0,0,10/08/2025 07:00,10/08/2025 08:00,10/12/2025 06:39
Nederland,ElectricityLoad,Hour,12573934,12573934,0,0,10/08/2025 08:00,10/08/2025 09:00,10/12/2025 06:39
Nederland,ElectricityLoad,Hour,14001385,14001385,0,0,10/08/2025 09:00,10/08/2025 10:00,10/12/2025 06:39
Nederland,ElectricityLoad,Hour,15828561,15828561,0,0,10/08/2025 10:00,10/08/2025 11:00,10/12/2025 06:39
Nederland,ElectricityLoad,Hour,15818705,15818705,0,0,10/08/2025 11:00,10/08/2025 12:00,10/12/2025 06:39
Nederland,ElectricityLoad,Hour,16139477,16139477,0,0,10/08/2025 12:00,10/08/2025 13:00,10/12/2025 06:39
Nederland,ElectricityLoad,Hour,15420478,15420478,0,0,10/08/2025 13:00,10/08/2025 14:00,10/12/2025 06:39
Nederland,ElectricityLoad,Hour,14725492,14725492,0,0,10/08/2025 14:00,10/08/2025 15:00,10/12/2025 06:39
Nederland,ElectricityLoad,Hour,14235550,14235550,0,0,10/08/2025 15:00,10/08/2025 16:00,10/12/2025 06:39
Nederland,ElectricityLoad,Hour,12540473,12540473,0,0,10/08/2025 16:00,10/08/2025 17:00,10/12/2025 06:39
Nederland,ElectricityLoad,Hour,10418573,10418573,0,0,10/08/2025 17:00,10/08/2025 18:00,10/12/2025 06:39
Nederland,ElectricityLoad,Hour,9103249,9103249,0,0,10/08/2025 18:00,10/08/2025 19:00,10/12/2025 06:39
Nederland,ElectricityLoad,Hour,8307415,8307415,0,0,10/08/2025 19:00,10/08/2025 20:00,10/12/2025 06:39
Nederland,ElectricityLoad,Hour,8120027,8120027,0,0,10/08/2025 20:00,10/08/2025 21:00,10/12/2025 06:39
Nederland,ElectricityLoad,Hour,7853756,7853756,0,0,10/08/2025 21:00,10/08/2025 22:00,10/12/2025 06:39
Nederland,ElectricityLoad,Hour,7504083,7504083,0,0,10/08/2025 22:00,10/08/2025 23:00,10/12/2025 06:39
Nederland,ElectricityLoad,Hour,7316825,7316825,0,0,10/08/2025 23:00,11/08/2025 00:00,10/12/2025 06:39
Nederland,ElectricityLoad,Hour,7174576,7174576,0,0,11/08/2025 00:00,11/08/2025 01:00,11/12/2025 06:39
Nederland,ElectricityLoad,Hour,7147012,7147012,0,0,11/08/2025 01:00,11/08/2025 02:00,11/12/2025 06:39
Nederland,ElectricityLoad,Hour,7210607,7210607,0,0,11/08/2025 02:00,11/08/2025 03:00,11/12/2025 06:39
Nederland,ElectricityLoad,Hour,7318987,7318987,0,0,11/08/2025 03:00,11/08/2025 04:00,11/12/2025 06:39
Nederland,ElectricityLoad,Hour,7627703,7627703,0,0,11/08/2025 04:00,11/08/2025 05:00,11/12/2025 06:39
Nederland,ElectricityLoad,Hour,8752638,8752638,0,0,11/08/2025 05:00,11/08/2025 06:00,11/12/2025 06:39
Nederland,ElectricityLoad,Hour,10315713,10315713,0,0,11/08/2025 06:00,11/08/2025 07:00,11/12/2025 06:39
Nederland,ElectricityLoad,Hour,11464526,11464526,0,0,11/08/2025 07:00,11/08/2025 08:00,11/12/2025 06:39
Nederland,ElectricityLoad,Hour,12914284,12914284,0,0,11/08/2025 08:00,11/08/2025 09:00,11/12/2025 06:39
Nederland,ElectricityLoad,Hour,14140761,14140761,0,0,11/08/2025 09:00,11/08/2025 10:00,11/12/2025 06:39
Nederland,ElectricityLoad,Hour,15539416,15539416,0,0,11/08/2025 10:00,11/08/2025 11:00,11/12/2025 06:39
Nederland,ElectricityLoad,Hour,15856531,15856531,0,0,11/08/2025 11:00,11/08/2025 12:00,11/12/2025 06:39
Nederland,ElectricityLoad,Hour,15573405,15573405,0,0,11/08/2025 12:00,11/08/2025 13:00,11/12/2025 06:39
Nederland,ElectricityLoad,Hour,15252896,15252896,0,0,11/08/2025 13:00,11/08/2025 14:00,11/12/2025 06:39
Nederland,ElectricityLoad,Hour,14682282,14682282,0,0,11/08/2025 14:00,11/08/2025 15:00,11/12/2025 06:39
Nederland,ElectricityLoad,Hour,14061193,14061193,0,0,11/08/2025 15:00,11/08/2025 16:00,11/12/2025 06:39
Nederland,ElectricityLoad,Hour,13941612,13941612,0,0,11/08/2025 16:00,11/08/2025 17:00,11/12/2025 06:39
Nederland,ElectricityLoad,Hour,12677062,12677062,0,0,11/08/2025 17:00,11/08/2025 18:00,11/12/2025 06:39
Nederland,ElectricityLoad,Hour,11165769,11165769,0,0,11/08/2025 18:00,11/08/2025 19:00,11/12/2025 06:39
Nederland,ElectricityLoad,Hour,10604439,10604439,0,0,11/08/2025 19:00,11/08/2025 20:00,11/12/2025 06:39
Nederland,ElectricityLoad,Hour,10157562,10157562,0,0,11/08/2025 20:00,11/08/2025 21:00,11/12/2025 06:39
Nederland,ElectricityLoad,Hour,9212149,9212149,0,0,11/08/2025 21:00,11/08/2025 22:00,11/12/2025 06:39
Nederland,ElectricityLoad,Hour,8504053,8504053,0,0,11/08/2025 22:00,11/08/2025 23:00,11/12/2025 06:39
Nederland,ElectricityLoad,Hour,8042586,8042586,0,0,11/08/2025 23:00,12/08/2025 00:00,11/12/2025 06:39
Nederland,ElectricityLoad,Hour,8043262,8043262,0,0,12/08/2025 00:00,12/08/2025 01:00,12/12/2025 06:39
Nederland,ElectricityLoad,Hour,7848875,7848875,0,0,12/08/2025 01:00,12/08/2025 02:00,12/12/2025 06:39
Nederland,ElectricityLoad,Hour,7704107,7704107,0,0,12/08/2025 02:00,12/08/2025 03:00,12/12/2025 06:39
Nederland,ElectricityLoad,Hour,7295915,7295915,0,0,12/08/2025 03:00,12/08/2025 04:00,12/12/2025 06:39
Nederland,ElectricityLoad,Hour,7554796,7554796,0,0,12/08/2025 04:00,12/08/2025 05:00,12/12/2025 06:39
Nederland,ElectricityLoad,Hour,8482464,8482464,0,0,12/08/2025 05:00,12/08/2025 06:00,12/12/2025 06:39
Nederland,ElectricityLoad,Hour,10614306,10614306,0,0,12/08/2025 06:00,12/08/2025 07:00,12/12/2025 06:39
Nederland,ElectricityLoad,Hour,11458732,11458732,0,0,12/08/2025 07:00,12/08/2025 08:00,12/12/2025 06:39
Nederland,ElectricityLoad,Hour,13621337,13621337,0,0,12/08/2025 08:00,12/08/2025 09:00,12/12/2025 06:39
Nederland,ElectricityLoad,Hour,15198103,15198103,0,0,12/08/2025 09:00,12/08/2025 10:00,12/12/2025 06:39
Nederland,ElectricityLoad,Hour,16047869,16047869,0,0,12/08/2025 10:00,12/08/2025 11:00,12/12/2025 06:39
Nederland,ElectricityLoad,Hour,17239836,17239836,0,0,12/08/2025 11:00,12/08/2025 12:00,12/12/2025 06:39
Nederland,ElectricityLoad,Hour,18081532,18081532,0,0,12/08/2025 12:00,12/08/2025 13:00,12/12/2025 06:39
Nederland,ElectricityLoad,Hour,17730584,17730584,0,0,12/08/2025 13:00,12/08/2025 14:00,12/12/2025 06:39
Nederland,ElectricityLoad,Hour,16821797,16821797,0,0,12/08/2025 14:00,12/08/2025 15:00,12/12/2025 06:39
Nederland,ElectricityLoad,Hour,16011158,16011158,0,0,12/08/2025 15:00,12/08/2025 16:00,12/12/2025 06:39
Nederland,ElectricityLoad,Hour,15103736,15103736,0,0,12/08/2025 16:00,12/08/2025 17:00,12/12/2025 06:39
Nederland,ElectricityLoad,Hour,12990525,12990525,0,0,12/08/2025 17:00,12/08/2025 18:00,12/12/2025 06:39
Nederland,ElectricityLoad,Hour,11398907,11398907,0,0,12/08/2025 18:00,12/08/2025 19:00,12/12/2025 06:39
Nederland,ElectricityLoad,Hour,10908983,10908983,0,0,12/08/2025 19:00,12/08/2025 20:00,12/12/2025 06:39
Nederland,ElectricityLoad,Hour,10408959,10408959,0,0,12/08/2025 20:00,12/08/2025 21:00,12/12/2025 06:39
Nederland,ElectricityLoad,Hour,9783710,9783710,0,0,12/08/2025 21:00,12/08/2025 22:00,12/12/2025 06:39
Nederland,ElectricityLoad,Hour,8466389,8466389,0,0,12/08/2025 22:00,12/08/2025 23:00,12/12/2025 06:39
Nederland,ElectricityLoad,Hour,7939808,7939808,0,0,12/08/2025 23:00,13/08/2025 00:00,12/12/2025 06:39
Nederland,ElectricityLoad,Hour,7945631,7945631,0,0,13/08/2025 00:00,13/08/2025 01:00,13/12/2025 06:39
Nederland,ElectricityLoad,Hour,7989850,7989850,0,0,13/08/2025 01:00,13/08/2025 02:00,13/12/2025 06:39
Nederland,ElectricityLoad,Hour,8071541,8071541,0,0,13/08/2025 02:00,13/08/2025 03:00,13/12/2025 06:39
Nederland,ElectricityLoad,Hour,8297370,8297370,0,0,13/08/2025 03:00,13/08/2025 04:00,13/12/2025 06:39
Nederland,ElectricityLoad,Hour,8572080,8572080,0,0,13/08/2025 04:00,13/08/2025 05:00,13/12/2025 06:39
Nederland,ElectricityLoad,Hour,9954478,9954478,0,0,13/08/2025 05:00,13/08/2025 06:00,13/12/2025 06:39
Nederland,ElectricityLoad,Hour,11571545,11571545,0,0,13/08/2025 06:00,13/08/2025 07:00,13/12/2025 06:39
Nederland,ElectricityLoad,Hour,13081452,13081452,0,0,13/08/2025 07:00,13/08/2025 08:00,13/12/2025 06:39
Nederland,ElectricityLoad,Hour,14470479,14470479,0,0,13/08/2025 08:00,13/08/2025 09:00,13/12/2025 06:39
Nederland,ElectricityLoad,Hour,15983429,15983429,0,0,13/08/2025 09:00,13/08/2025 10:00,13/12/2025 06:39
Nederland,ElectricityLoad,Hour,17007778,17007778,0,0,13/08/2025 10:00,13/08/2025 11:00,13/12/2025 06:39
Nederland,ElectricityLoad,Hour,17425260,17425260,0,0,13/08/2025 11:00,13/08/2025 12:00,13/12/2025 06:39
Nederland,ElectricityLoad,Hour,17349169,17349169,0,0,13/08/2025 12:00,13/08/2025 13:00,13/12/2025 06:39
Nederland,ElectricityLoad,Hour,16547240,16547240,0,0,13/08/2025 13:00,13/08/2025 14:00,13/12/2025 06:39
Nederland,ElectricityLoad,Hour,15495623,15495623,0,0,13/08/2025 14:00,13/08/2025 15:00,13/12/2025 06:39
Nederland,ElectricityLoad,Hour,14797048,14797048,0,0,13/08/2025 15:00,13/08/2025 16:00,13/12/2025 06:39
Nederland,ElectricityLoad,Hour,14080607,14080607,0,0,13/08/2025 16:00,13/08/2025 17:00,13/12/2025 06:39
Nederland,ElectricityLoad,Hour,12810475,12810475,0,0,13/08/2025 17:00,13/08/2025 18:00,13/12/2025 06:39
Nederland,ElectricityLoad,Hour,11832095,11832095,0,0,13/08/2025 18:00,13/08/2025 19:00,13/12/2025 06:39
Nederland,ElectricityLoad,Hour,11466039,11466039,0,0,13/08/2025 19:00,13/08/2025 20:00,13/12/2025 06:39
Nederland,ElectricityLoad,Hour,11211707,11211707,0,0,13/08/2025 20:00,13/08/2025 21:00,13/12/2025 06:39
Nederland,ElectricityLoad,Hour,10769739,10769739,0,0,13/08/2025 21:00,13/08/2025 22:00,13/12/2025 06:39
Nederland,ElectricityLoad,Hour,10333520,10333520,0,0,13/08/2025 22:00,13/08/2025 23:00,13/12/2025 06:39
Nederland,ElectricityLoad,Hour,9962398,9962398,0,0,13/08/2025 23:00,14/08/2025 00:00,13/12/2025 06:39
Nederland,ElectricityLoad,Hour,9429834,9429834,0,0,14/08/2025 00:00,14/08/2025 01:00,14/12/2025 06:39
Nederland,ElectricityLoad,Hour,9335473,9335473,0,0,14/08/2025 01:00,14/08/2025 02:00,14/12/2025 06:39
Nederland,ElectricityLoad,Hour,9286169,9286169,0,0,14/08/2025 02:00,14/08/2025 03:00,14/12/2025 06:39
Nederland,ElectricityLoad,Hour,9294861,9294861,0,0,14/08/2025 03:00,14/08/2025 04:00,14/12/2025 06:39
Nederland,ElectricityLoad,Hour,9926927,9926927,0,0,14/08/2025 04:00,14/08/2025 05:00,14/12/2025 06:39
Nederland,ElectricityLoad,Hour,10679044,10679044,0,0,14/08/2025 05:00,14/08/2025 06:00,14/12/2025 06:39
Nederland,ElectricityLoad,Hour,11656390,11656390,0,0,14/08/2025 06:00,14/08/2025 07:00,14/12/2025 06:39
Nederland,ElectricityLoad,Hour,12788804,12788804,0,0,14/08/2025 07:00,14/08/2025 08:00,14/12/2025 06:39
Nederland,ElectricityLoad,Hour,14747459,14747459,0,0,14/08/2025 08:00,14/08/2025 09:00,14/12/2025 06:39
Nederland,ElectricityLoad,Hour,16751094,16751094,0,0,14/08/2025 09:00,14/08/2025 10:00,14/12/2025 06:39
Nederland,ElectricityLoad,Hour,18084981,18084981,0,0,14/08/2025 10:00,14/08/2025 11:00,14/12/2025 06:39
Nederland,ElectricityLoad,Hour,18729258,18729258,0,0,14/08/2025 11:00,14/08/2025 12:00,14/12/2025 06:39
Nederland,ElectricityLoad,Hour,18799872,18799872,0,0,14/08/2025 12:00,14/08/2025 13:00,14/12/2025 06:39
Nederland,ElectricityLoad,Hour,18379653,18379653,0,0,14/08/2025 13:00,14/08/2025 14:00,14/12/2025 06:39
Nederland,ElectricityLoad,Hour,17244505,17244505,0,0,14/08/2025 14:00,14/08/2025 15:00,14/12/2025 06:39
Nederland,ElectricityLoad,Hour,17252546,17252546,0,0,14/08/2025 15:00,14/08/2025 16:00,14/12/2025 06:39
Nederland,ElectricityLoad,Hour,16676035,16676035,0,0,14/08/2025 16:00,14/08/2025 17:00,14/12/2025 06:39
Nederland,ElectricityLoad,Hour,15155131,15155131,0,0,14/08/2025 17:00,14/08/2025 18:00,14/12/2025 06:39
Nederland,ElectricityLoad,Hour,13268250,13268250,0,0,14/08/2025 18:00,14/08/2025 19:00,14/12/2025 06:39
Nederland,ElectricityLoad,Hour,11892307,11892307,0,0,14/08/2025 19:00,14/08/2025 20:00,14/12/2025 06:39
Nederland,ElectricityLoad,Hour,11158814,11158814,0,0,14/08/2025 20:00,14/08/2025 21:00,14/12/2025 06:39
Nederland,ElectricityLoad,Hour,10843957,10843957,0,0,14/08/2025 21:00,14/08/2025 22:00,14/12/2025 06:39
Nederland,ElectricityLoad,Hour,10214020,10214020,0,0,14/08/2025 22:00,14/08/2025 23:00,14/12/2025 06:39
Nederland,ElectricityLoad,Hour,9957245,9957245,0,0,14/08/2025 23:00,15/08/2025 00:00,14/12/2025 06:39
Nederland,ElectricityLoad,Hour,9794655,9794655,0,0,15/08/2025 00:00,15/08/2025 01:00,15/12/2025 06:39
Nederland,ElectricityLoad,Hour,9567505,9567505,0,0,15/08/2025 01:00,15/08/2025 02:00,15/12/2025 06:39
Nederland,ElectricityLoad,Hour,9469613,9469613,0,0,15/08/2025 02:00,15/08/2025 03:00,15/12/2025 06:39
Nederland,ElectricityLoad,Hour,9511370,9511370,0,0,15/08/2025 03:00,15/08/2025 04:00,15/12/2025 06:39
Nederland,ElectricityLoad,Hour,9801049,9801049,0,0,15/08/2025 04:00,15/08/2025 05:00,15/12/2025 06:39
Nederland,ElectricityLoad,Hour,10778477,10778477,0,0,15/08/2025 05:00,15/08/2025 06:00,15/12/2025 06:39
Nederland,ElectricityLoad,Hour,12192937,12192937,0,0,15/08/2025 06:00,15/08/2025 07:00,15/12/2025 06:39
Nederland,ElectricityLoad,Hour,12755610,12755610,0,0,15/08/2025 07:00,15/08/2025 08:00,15/12/2025 06:39
Nederland,ElectricityLoad,Hour,14087823,14087823,0,0,15/08/2025 08:00,15/08/2025 09:00,15/12/2025 06:39
Nederland,ElectricityLoad,Hour,15553600,15553600,0,0,15/08/2025 09:00,15/08/2025 10:00,15/12/2025 06:39
Nederland,ElectricityLoad,Hour,16385707,16385707,0,0,15/08/2025 10:00,15/08/2025 11:00,15/12/2025 06:39
Nederland,ElectricityLoad,Hour,16336155,16336155,0,0,15/08/2025 11:00,15/08/2025 12:00,15/12/2025 06:39
Nederland,ElectricityLoad,Hour,16724841,16724841,0,0,15/08/2025 12:00,15/08/2025 13:00,15/12/2025 06:39
Nederland,ElectricityLoad,Hour,16518390,16518390,0,0,15/08/2025 13:00,15/08/2025 14:00,15/12/2025 06:39
Nederland,ElectricityLoad,Hour,16420974,16420974,0,0,15/08/2025 14:00,15/08/2025 15:00,15/12/2025 06:39
Nederland,ElectricityLoad,Hour,15242342,15242342,0,0,15/08/2025 15:00,15/08/2025 16:00,15/12/2025 06:39
Nederland,ElectricityLoad,Hour,15452590,15452590,0,0,15/08/2025 16:00,15/08/2025 17:00,15/12/2025 06:39
Nederland,ElectricityLoad,Hour,13424655,13424655,0,0,15/08/2025 17:00,15/08/2025 18:00,15/12/2025 06:39
Nederland,ElectricityLoad,Hour,11308701,11308701,0,0,15/08/2025 18:00,15/08/2025 19:00,15/12/2025 06:39
Nederland,ElectricityLoad,Hour,10297981,10297981,0,0,15/08/2025 19:00,15/08/2025 20:00,15/12/2025 06:39
Nederland,ElectricityLoad,Hour,10126247,10126247,0,0,15/08/2025 20:00,15/08/2025 21:00,15/12/2025 06:39
Nederland,ElectricityLoad,Hour,9987002,9987002,0,0,15/08/2025 21:00,15/08/2025 22:00,15/12/2025 06:39
Nederland,ElectricityLoad,Hour,9244842,9244842,0,0,15/08/2025 22:00,15/08/2025 23:00,15/12/2025 06:39
Nederland,ElectricityLoad,Hour,8679948,8679948,0,0,15/08/2025 23:00,16/08/2025 00:00,15/12/2025 06:39
Nederland,ElectricityLoad,Hour,8406215,8406215,0,0,16/08/2025 00:00,16/08/2025 01:00,16/12/2025 06:39
Nederland,ElectricityLoad,Hour,8402217,8402217,0,0,16/08/2025 01:00,16/08/2025 02:00,16/12/2025 06:39
Nederland,ElectricityLoad,Hour,8340358,8340358,0,0,16/08/2025 02:00,16/08/2025 03:00,16/12/2025 06:39
Nederland,ElectricityLoad,Hour,8288123,8288123,0,0,16/08/2025 03:00,16/08/2025 04:00,16/12/2025 06:39
Nederland,ElectricityLoad,Hour,8319437,8319437,0,0,16/08/2025 04:00,16/08/2025 05:00,16/12/2025 06:39
Nederland,ElectricityLoad,Hour,8184888,8184888,0,0,16/08/2025 05:00,16/08/2025 06:00,16/12/2025 06:39
Nederland,ElectricityLoad,Hour,8744581,8744581,0,0,16/08/2025 06:00,16/08/2025 07:00,16/12/2025 06:39
Nederland,ElectricityLoad,Hour,9905313,9905313,0,0,16/08/2025 07:00,16/08/2025 08:00,16/12/2025 06:39
Nederland,ElectricityLoad,Hour,10762435,10762435,0,0,16/08/2025 08:00,16/08/2025 09:00,16/12/2025 06:39
Nederland,ElectricityLoad,Hour,11175865,11175865,0,0,16/08/2025 09:00,16/08/2025 10:00,16/12/2025 06:39
Nederland,ElectricityLoad,Hour,11828077,11828077,0,0,16/08/2025 10:00,16/08/2025 11:00,16/12/2025 06:39
Nederland,ElectricityLoad,Hour,13073728,13073728,0,0,16/08/2025 11:00,16/08/2025 12:00,16/12/2025 06:39
Nederland,ElectricityLoad,Hour,12947211,12947211,0,0,16/08/2025 12:00,16/08/2025 13:00,16/12/2025 06:39
Nederland,ElectricityLoad,Hour,12920131,12920131,0,0,16/08/2025 13:00,16/08/2025 14:00,16/12/2025 06:39
Nederland,ElectricityLoad,Hour,12960903,12960903,0,0,16/08/2025 14:00,16/08/2025 15:00,16/12/2025 06:39
Nederland,ElectricityLoad,Hour,13117875,13117875,0,0,16/08/2025 15:00,16/08/2025 16:00,16/12/2025 06:39
Nederland,ElectricityLoad,Hour,12121378,12121378,0,0,16/08/2025 16:00,16/08/2025 17:00,16/12/2025 06:39
Nederland,ElectricityLoad,Hour,11080094,11080094,0,0,16/08/2025 17:00,16/08/2025 18:00,16/12/2025 06:39
Nederland,ElectricityLoad,Hour,9625453,9625453,0,0,16/08/2025 18:00,16/08/2025 19:00,16/12/2025 06:39
Nederland,ElectricityLoad,Hour,8393344,8393344,0,0,16/08/2025 19:00,16/08/2025 20:00,16/12/2025 06:39
Nederland,ElectricityLoad,Hour,8205234,8205234,0,0,16/08/2025 20:00,16/08/2025 21:00,16/12/2025 06:39
Nederland,ElectricityLoad,Hour,7896484,7896484,0,0,16/08/2025 21:00,16/08/2025 22:00,16/12/2025 06:39
Nederland,ElectricityLoad,Hour,7581250,7581250,0,0,16/08/2025 22:00,16/08/2025 23:00,16/12/2025 06:39
Nederland,ElectricityLoad,Hour,7244662,7244662,0,0,16/08/2025 23:00,17/08/2025 00:00,16/12/2025 06:39
Nederland,ElectricityLoad,Hour,7024288,7024288,0,0,17/08/2025 00:00,17/08/2025 01:00,17/12/2025 06:38
Nederland,ElectricityLoad,Hour,6876924,6876924,0,0,17/08/2025 01:00,17/08/2025 02:00,17/12/2025 06:38
Nederland,ElectricityLoad,Hour,6780524,6780524,0,0,17/08/2025 02:00,17/08/2025 03:00,17/12/2025 06:38
Nederland,ElectricityLoad,Hour,6879140,6879140,0,0,17/08/2025 03:00,17/08/2025 04:00,17/12/2025 06:38
Nederland,ElectricityLoad,Hour,6883996,6883996,0,0,17/08/2025 04:00,17/08/2025 05:00,17/12/2025 06:38
Nederland,ElectricityLoad,Hour,7123768,7123768,0,0,17/08/2025 05:00,17/08/2025 06:00,17/12/2025 06:38
Nederland,ElectricityLoad,Hour,7816437,7816437,0,0,17/08/2025 06:00,17/08/2025 07:00,17/12/2025 06:38
Nederland,ElectricityLoad,Hour,9692778,9692778,0,0,17/08/2025 07:00,17/08/2025 08:00,17/12/2025 06:38
Nederland,ElectricityLoad,Hour,11046856,11046856,0,0,17/08/2025 08:00,17/08/2025 09:00,17/12/2025 06:38
Nederland,ElectricityLoad,Hour,10494525,10494525,0,0,17/08/2025 09:00,17/08/2025 10:00,17/12/2025 06:38
Nederland,ElectricityLoad,Hour,11420469,11420469,0,0,17/08/2025 10:00,17/08/2025 11:00,17/12/2025 06:38
Nederland,ElectricityLoad,Hour,12444159,12444159,0,0,17/08/2025 11:00,17/08/2025 12:00,17/12/2025 06:38
Nederland,ElectricityLoad,Hour,11481997,11481997,0,0,17/08/2025 12:00,17/08/2025 13:00,17/12/2025 06:38
Nederland,ElectricityLoad,Hour,11008423,11008423,0,0,17/08/2025 13:00,17/08/2025 14:00,17/12/2025 06:38
Nederland,ElectricityLoad,Hour,10667456,10667456,0,0,17/08/2025 14:00,17/08/2025 15:00,17/12/2025 06:38
Nederland,ElectricityLoad,Hour,10537705,10537705,0,0,17/08/2025 15:00,17/08/2025 16:00,17/12/2025 06:38
Nederland,ElectricityLoad,Hour,10520689,10520689,0,0,17/08/2025 16:00,17/08/2025 17:00,17/12/2025 06:38
Nederland,ElectricityLoad,Hour,9930112,9930112,0,0,17/08/2025 17:00,17/08/2025 18:00,17/12/2025 06:38
Nederland,ElectricityLoad,Hour,9025522,9025522,0,0,17/08/2025 18:00,17/08/2025 19:00,17/12/2025 06:38
Nederland,ElectricityLoad,Hour,8903211,8903211,0,0,17/08/2025 19:00,17/08/2025 20:00,17/12/2025 06:38
Nederland,ElectricityLoad,Hour,8697127,8697127,0,0,17/08/2025 20:00,17/08/2025 21:00,17/12/2025 06:38
Nederland,ElectricityLoad,Hour,8429645,8429645,0,0,17/08/2025 21:00,17/08/2025 22:00,17/12/2025 06:38
Nederland,ElectricityLoad,Hour,8338485,8338485,0,0,17/08/2025 22:00,17/08/2025 23:00,17/12/2025 06:38
Nederland,ElectricityLoad,Hour,8086471,8086471,0,0,17/08/2025 23:00,18/08/2025 00:00,17/12/2025 06:38
Nederland,ElectricityLoad,Hour,7970762,7970762,0,0,18/08/2025 00:00,18/08/2025 01:00,18/12/2025 06:37
Nederland,ElectricityLoad,Hour,7945383,7945383,0,0,18/08/2025 01:00,18/08/2025 02:00,18/12/2025 06:37
Nederland,ElectricityLoad,Hour,7964017,7964017,0,0,18/08/2025 02:00,18/08/2025 03:00,18/12/2025 06:37
Nederland,ElectricityLoad,Hour,8157349,8157349,0,0,18/08/2025 03:00,18/08/2025 04:00,18/12/2025 06:37
Nederland,ElectricityLoad,Hour,8327473,8327473,0,0,18/08/2025 04:00,18/08/2025 05:00,18/12/2025 06:37
Nederland,ElectricityLoad,Hour,9060459,9060459,0,0,18/08/2025 05:00,18/08/2025 06:00,18/12/2025 06:37
Nederland,ElectricityLoad,Hour,10778225,10778225,0,0,18/08/2025 06:00,18/08/2025 07:00,18/12/2025 06:37
Nederland,ElectricityLoad,Hour,11946701,11946701,0,0,18/08/2025 07:00,18/08/2025 08:00,18/12/2025 06:37
Nederland,ElectricityLoad,Hour,13144772,13144772,0,0,18/08/2025 08:00,18/08/2025 09:00,18/12/2025 06:37
Nederland,ElectricityLoad,Hour,14612430,14612430,0,0,18/08/2025 09:00,18/08/2025 10:00,18/12/2025 06:37
Nederland,ElectricityLoad,Hour,15055279,15055279,0,0,18/08/2025 10:00,18/08/2025 11:00,18/12/2025 06:37
Nederland,ElectricityLoad,Hour,16195340,16195340,0,0,18/08/2025 11:00,18/08/2025 12:00,18/12/2025 06:37
Nederland,ElectricityLoad,Hour,15134000,15134000,0,0,18/08/2025 12:00,18/08/2025 13:00,18/12/2025 06:37
Nederland,ElectricityLoad,Hour,15652561,15652561,0,0,18/08/2025 13:00,18/08/2025 14:00,18/12/2025 06:37
Nederland,ElectricityLoad,Hour,15391587,15391587,0,0,18/08/2025 14:00,18/08/2025 15:00,18/12/2025 06:37
Nederland,ElectricityLoad,Hour,15147943,15147943,0,0,18/08/2025 15:00,18/08/2025 16:00,18/12/2025 06:37
Nederland,ElectricityLoad,Hour,14332833,14332833,0,0,18/08/2025 16:00,18/08/2025 17:00,18/12/2025 06:37
Nederland,ElectricityLoad,Hour,12949226,12949226,0,0,18/08/2025 17:00,18/08/2025 18:00,18/12/2025 06:37
Nederland,ElectricityLoad,Hour,11427927,11427927,0,0,18/08/2025 18:00,18/08/2025 19:00,18/12/2025 06:37
Nederland,ElectricityLoad,Hour,10428467,10428467,0,0,18/08/2025 19:00,18/08/2025 20:00,18/12/2025 06:37
Nederland,ElectricityLoad,Hour,9813683,9813683,0,0,18/08/2025 20:00,18/08/2025 21:00,18/12/2025 06:37
Nederland,ElectricityLoad,Hour,9387221,9387221,0,0,18/08/2025 21:00,18/08/2025 22:00,18/12/2025 06:37
Nederland,ElectricityLoad,Hour,8927457,8927457,0,0,18/08/2025 22:00,18/08/2025 23:00,18/12/2025 06:37
Nederland,ElectricityLoad,Hour,8310937,8310937,0,0,18/08/2025 23:00,19/08/2025 00:00,18/12/2025 06:37
Nederland,ElectricityLoad,Hour,8075859,8075859,0,0,19/08/2025 00:00,19/08/2025 01:00,19/12/2025 06:37
Nederland,ElectricityLoad,Hour,7892322,7892322,0,0,19/08/2025 01:00,19/08/2025 02:00,19/12/2025 06:37
Nederland,ElectricityLoad,Hour,7891726,7891726,0,0,19/08/2025 02:00,19/08/2025 03:00,19/12/2025 06:37
Nederland,ElectricityLoad,Hour,8115637,8115637,0,0,19/08/2025 03:00,19/08/2025 04:00,19/12/2025 06:37
Nederland,ElectricityLoad,Hour,8421576,8421576,0,0,19/08/2025 04:00,19/08/2025 05:00,19/12/2025 06:37
Nederland,ElectricityLoad,Hour,9579769,9579769,0,0,19/08/2025 05:00,19/08/2025 06:00,19/12/2025 06:37
Nederland,ElectricityLoad,Hour,11867568,11867568,0,0,19/08/2025 06:00,19/08/2025 07:00,19/12/2025 06:37
Nederland,ElectricityLoad,Hour,13836811,13836811,0,0,19/08/2025 07:00,19/08/2025 08:00,19/12/2025 06:37
Nederland,ElectricityLoad,Hour,14833316,14833316,0,0,19/08/2025 08:00,19/08/2025 09:00,19/12/2025 06:37
Nederland,ElectricityLoad,Hour,16089850,16089850,0,0,19/08/2025 09:00,19/08/2025 10:00,19/12/2025 06:37
Nederland,ElectricityLoad,Hour,16937216,16937216,0,0,19/08/2025 10:00,19/08/2025 11:00,19/12/2025 06:37
Nederland,ElectricityLoad,Hour,16928788,16928788,0,0,19/08/2025 11:00,19/08/2025 12:00,19/12/2025 06:37
Nederland,ElectricityLoad,Hour,17592577,17592577,0,0,19/08/2025 12:00,19/08/2025 13:00,19/12/2025 06:37
Nederland,ElectricityLoad,Hour,17554092,17554092,0,0,19/08/2025 13:00,19/08/2025 14:00,19/12/2025 06:37
Nederland,ElectricityLoad,Hour,16899280,16899280,0,0,19/08/2025 14:00,19/08/2025 15:00,19/12/2025 06:37
Nederland,ElectricityLoad,Hour,16287783,16287783,0,0,19/08/2025 15:00,19/08/2025 16:00,19/12/2025 06:37
Nederland,ElectricityLoad,Hour,15297590,15297590,0,0,19/08/2025 16:00,19/08/2025 17:00,19/12/2025 06:37
Nederland,ElectricityLoad,Hour,13565597,13565597,0,0,19/08/2025 17:00,19/08/2025 18:00,19/12/2025 06:37
Nederland,ElectricityLoad,Hour,11540624,11540624,0,0,19/08/2025 18:00,19/08/2025 19:00,19/12/2025 06:37
Nederland,ElectricityLoad,Hour,10487669,10487669,0,0,19/08/2025 19:00,19/08/2025 20:00,19/12/2025 06:37
Nederland,ElectricityLoad,Hour,9983196,9983196,0,0,19/08/2025 20:00,19/08/2025 21:00,19/12/2025 06:37
Nederland,ElectricityLoad,Hour,9532398,9532398,0,0,19/08/2025 21:00,19/08/2025 22:00,19/12/2025 06:37
Nederland,ElectricityLoad,Hour,9243546,9243546,0,0,19/08/2025 22:00,19/08/2025 23:00,19/12/2025 06:37
Nederland,ElectricityLoad,Hour,8976803,8976803,0,0,19/08/2025 23:00,20/08/2025 00:00,19/12/2025 06:37
Nederland,ElectricityLoad,Hour,8777551,8777551,0,0,20/08/2025 00:00,20/08/2025 01:00,20/12/2025 06:37
Nederland,ElectricityLoad,Hour,8956492,8956492,0,0,20/08/2025 01:00,20/08/2025 02:00,20/12/2025 06:37
Nederland,ElectricityLoad,Hour,8686690,8686690,0,0,20/08/2025 02:00,20/08/2025 03:00,20/12/2025 06:37
Nederland,ElectricityLoad,Hour,8575491,8575491,0,0,20/08/2025 03:00,20/08/2025 04:00,20/12/2025 06:37
Nederland,ElectricityLoad,Hour,8747624,8747624,0,0,20/08/2025 04:00,20/08/2025 05:00,20/12/2025 06:37
Nederland,ElectricityLoad,Hour,9616111,9616111,0,0,20/08/2025 05:00,20/08/2025 06:00,20/12/2025 06:37
Nederland,ElectricityLoad,Hour,11062393,11062393,0,0,20/08/2025 06:00,20/08/2025 07:00,20/12/2025 06:37
Nederland,ElectricityLoad,Hour,12370028,12370028,0,0,20/08/2025 07:00,20/08/2025 08:00,20/12/2025 06:37
Nederland,ElectricityLoad,Hour,14373213,14373213,0,0,20/08/2025 08:00,20/08/2025 09:00,20/12/2025 06:37
Nederland,ElectricityLoad,Hour,14718285,14718285,0,0,20/08/2025 09:00,20/08/2025 10:00,20/12/2025 06:37
Nederland,ElectricityLoad,Hour,16814647,16814647,0,0,20/08/2025 10:00,20/08/2025 11:00,20/12/2025 06:37
Nederland,ElectricityLoad,Hour,17787578,17787578,0,0,20/08/2025 11:00,20/08/2025 12:00,20/12/2025 06:37
Nederland,ElectricityLoad,Hour,17039487,17039487,0,0,20/08/2025 12:00,20/08/2025 13:00,20/12/2025 06:37
Nederland,ElectricityLoad,Hour,16454464,16454464,0,0,20/08/2025 13:00,20/08/2025 14:00,20/12/2025 06:37
Nederland,ElectricityLoad,Hour,16025063,16025063,0,0,20/08/2025 14:00,20/08/2025 15:00,20/12/2025 06:37
Nederland,ElectricityLoad,Hour,15566472,15566472,0,0,20/08/2025 15:00,20/08/2025 16:00,20/12/2025 06:37
Nederland,ElectricityLoad,Hour,15143382,15143382,0,0,20/08/2025 16:00,20/08/2025 17:00,20/12/2025 06:37
Nederland,ElectricityLoad,Hour,13998215,13998215,0,0,20/08/2025 17:00,20/08/2025 18:00,20/12/2025 06:37
Nederland,ElectricityLoad,Hour,12240716,12240716,0,0,20/08/2025 18:00,20/08/2025 19:00,20/12/2025 06:37
Nederland,ElectricityLoad,Hour,10742792,10742792,0,0,20/08/2025 19:00,20/08/2025 20:00,20/12/2025 06:37
Nederland,ElectricityLoad,Hour,9884521,9884521,0,0,20/08/2025 20:00,20/08/2025 21:00,20/12/2025 06:37
Nederland,ElectricityLoad,Hour,9514932,9514932,0,0,20/08/2025 21:00,20/08/2025 22:00,20/12/2025 06:37
Nederland,ElectricityLoad,Hour,9201236,9201236,0,0,20/08/2025 22:00,20/08/2025 23:00,20/12/2025 06:37
Nederland,ElectricityLoad,Hour,8647308,8647308,0,0,20/08/2025 23:00,21/08/2025 00:00,20/12/2025 06:37
Nederland,ElectricityLoad,Hour,8342068,8342068,0,0,21/08/2025 00:00,21/08/2025 01:00,21/12/2025 06:37
Nederland,ElectricityLoad,Hour,8360851,8360851,0,0,21/08/2025 01:00,21/08/2025 02:00,21/12/2025 06:37
Nederland,ElectricityLoad,Hour,8306112,8306112,0,0,21/08/2025 02:00,21/08/2025 03:00,21/12/2025 06:37
Nederland,ElectricityLoad,Hour,8283526,8283526,0,0,21/08/2025 03:00,21/08/2025 04:00,21/12/2025 06:37
Nederland,ElectricityLoad,Hour,8698288,8698288,0,0,21/08/2025 04:00,21/08/2025 05:00,21/12/2025 06:37
Nederland,ElectricityLoad,Hour,9672783,9672783,0,0,21/08/2025 05:00,21/08/2025 06:00,21/12/2025 06:37
Nederland,ElectricityLoad,Hour,11274810,11274810,0,0,21/08/2025 06:00,21/08/2025 07:00,21/12/2025 06:37
Nederland,ElectricityLoad,Hour,13538711,13538711,0,0,21/08/2025 07:00,21/08/2025 08:00,21/12/2025 06:37
Nederland,ElectricityLoad,Hour,16647696,16647696,0,0,21/08/2025 08:00,21/08/2025 09:00,21/12/2025 06:37
Nederland,ElectricityLoad,Hour,17361692,17361692,0,0,21/08/2025 09:00,21/08/2025 10:00,21/12/2025 06:37
Nederland,ElectricityLoad,Hour,18743709,18743709,0,0,21/08/2025 10:00,21/08/2025 11:00,21/12/2025 06:37
Nederland,ElectricityLoad,Hour,19241792,19241792,0,0,21/08/2025 11:00,21/08/2025 12:00,21/12/2025 06:37
Nederland,ElectricityLoad,Hour,19292674,19292674,0,0,21/08/2025 12:00,21/08/2025 13:00,21/12/2025 06:37
Nederland,ElectricityLoad,Hour,17437417,17437417,0,0,21/08/2025 13:00,21/08/2025 14:00,21/12/2025 06:37
Nederland,ElectricityLoad,Hour,16469092,16469092,0,0,21/08/2025 14:00,21/08/2025 15:00,21/12/2025 06:37
Nederland,ElectricityLoad,Hour,16350448,16350448,0,0,21/08/2025 15:00,21/08/2025 16:00,21/12/2025 06:37
Nederland,ElectricityLoad,Hour,15651161,15651161,0,0,21/08/2025 16:00,21/08/2025 17:00,21/12/2025 06:37
Nederland,ElectricityLoad,Hour,13276847,13276847,0,0,21/08/2025 17:00,21/08/2025 18:00,21/12/2025 06:37
Nederland,ElectricityLoad,Hour,11859841,11859841,0,0,21/08/2025 18:00,21/08/2025 19:00,21/12/2025 06:37
Nederland,ElectricityLoad,Hour,11047785,11047785,0,0,21/08/2025 19:00,21/08/2025 20:00,21/12/2025 06:37
Nederland,ElectricityLoad,Hour,10442223,10442223,0,0,21/08/2025 20:00,21/08/2025 21:00,21/12/2025 06:37
Nederland,ElectricityLoad,Hour,9721947,9721947,0,0,21/08/2025 21:00,21/08/2025 22:00,21/12/2025 06:37
Nederland,ElectricityLoad,Hour,9441102,9441102,0,0,21/08/2025 22:00,21/08/2025 23:00,21/12/2025 06:37
Nederland,ElectricityLoad,Hour,8816877,8816877,0,0,21/08/2025 23:00,22/08/2025 00:00,21/12/2025 06:37
Nederland,ElectricityLoad,Hour,8703027,8703027,0,0,22/08/2025 00:00,22/08/2025 01:00,22/12/2025 06:37
Nederland,ElectricityLoad,Hour,8542075,8542075,0,0,22/08/2025 01:00,22/08/2025 02:00,22/12/2025 06:37
Nederland,ElectricityLoad,Hour,8579798,8579798,0,0,22/08/2025 02:00,22/08/2025 03:00,22/12/2025 06:37
Nederland,ElectricityLoad,Hour,8313228,8313228,0,0,22/08/2025 03:00,22/08/2025 04:00,22/12/2025 06:37
Nederland,ElectricityLoad,Hour,8726225,8726225,0,0,22/08/2025 04:00,22/08/2025 05:00,22/12/2025 06:37
Nederland,ElectricityLoad,Hour,9417438,9417438,0,0,22/08/2025 05:00,22/08/2025 06:00,22/12/2025 06:37
Nederland,ElectricityLoad,Hour,10469321,10469321,0,0,22/08/2025 06:00,22/08/2025 07:00,22/12/2025 06:37
Nederland,ElectricityLoad,Hour,12135328,12135328,0,0,22/08/2025 07:00,22/08/2025 08:00,22/12/2025 06:37
Nederland,ElectricityLoad,Hour,13432633,13432633,0,0,22/08/2025 08:00,22/08/2025 09:00,22/12/2025 06:37
Nederland,ElectricityLoad,Hour,13754519,13754519,0,0,22/08/2025 09:00,22/08/2025 10:00,22/12/2025 06:37
Nederland,ElectricityLoad,Hour,13134577,13134577,0,0,22/08/2025 10:00,22/08/2025 11:00,22/12/2025 06:37
Nederland,ElectricityLoad,Hour,14196610,14196610,0,0,22/08/2025 11:00,22/08/2025 12:00,22/12/2025 06:37
Nederland,ElectricityLoad,Hour,14514804,14514804,0,0,22/08/2025 12:00,22/08/2025 13:00,22/12/2025 06:37
Nederland,ElectricityLoad,Hour,14239427,14239427,0,0,22/08/2025 13:00,22/08/2025 14:00,22/12/2025 06:37
Nederland,ElectricityLoad,Hour,13221251,13221251,0,0,22/08/2025 14:00,22/08/2025 15:00,22/12/2025 06:37
Nederland,ElectricityLoad,Hour,13923725,13923725,0,0,22/08/2025 15:00,22/08/2025 16:00,22/12/2025 06:37
Nederland,ElectricityLoad,Hour,12256414,12256414,0,0,22/08/2025 16:00,22/08/2025 17:00,22/12/2025 06:37
Nederland,ElectricityLoad,Hour,11129285,11129285,0,0,22/08/2025 17:00,22/08/2025 18:00,22/12/2025 06:37
Nederland,ElectricityLoad,Hour,10410131,10410131,0,0,22/08/2025 18:00,22/08/2025 19:00,22/12/2025 06:37
Nederland,ElectricityLoad,Hour,9626550,9626550,0,0,22/08/2025 19:00,22/08/2025 20:00,22/12/2025 06:37
Nederland,ElectricityLoad,Hour,9537942,9537942,0,0,22/08/2025 20:00,22/08/2025 21:00,22/12/2025 06:37
Nederland,ElectricityLoad,Hour,9281854,9281854,0,0,22/08/2025 21:00,22/08/2025 22:00,22/12/2025 06:37
Nederland,ElectricityLoad,Hour,8821454,8821454,0,0,22/08/2025 22:00,22/08/2025 23:00,22/12/2025 06:37
Nederland,ElectricityLoad,Hour,8242425,8242425,0,0,22/08/2025 23:00,23/08/2025 00:00,22/12/2025 06:37
Nederland,ElectricityLoad,Hour,7901932,7901932,0,0,23/08/2025 00:00,23/08/2025 01:00,23/12/2025 06:37
Nederland,ElectricityLoad,Hour,7440159,7440159,0,0,23/08/2025 01:00,23/08/2025 02:00,23/12/2025 06:37
Nederland,ElectricityLoad,Hour,7257248,7257248,0,0,23/08/2025 02:00,23/08/2025 03:00,23/12/2025 06:37
Nederland,ElectricityLoad,Hour,7282402,7282402,0,0,23/08/2025 03:00,23/08/2025 04:00,23/12/2025 06:37
Nederland,ElectricityLoad,Hour,7585793,7585793,0,0,23/08/2025 04:00,23/08/2025 05:00,23/12/2025 06:37
Nederland,ElectricityLoad,Hour,7697810,7697810,0,0,23/08/2025 05:00,23/08/2025 06:00,23/12/2025 06:37
Nederland,ElectricityLoad,Hour,8877874,8877874,0,0,23/08/2025 06:00,23/08/2025 07:00,23/12/2025 06:37
Nederland,ElectricityLoad,Hour,10192285,10192285,0,0,23/08/2025 07:00,23/08/2025 08:00,23/12/2025 06:37
Nederland,ElectricityLoad,Hour,11602803,11602803,0,0,23/08/2025 08:00,23/08/2025 09:00,23/12/2025 06:37
Nederland,ElectricityLoad,Hour,12990326,12990326,0,0,23/08/2025 09:00,23/08/2025 10:00,23/12/2025 06:37
Nederland,ElectricityLoad,Hour,14469295,14469295,0,0,23/08/2025 10:00,23/08/2025 11:00,23/12/2025 06:37
Nederland,ElectricityLoad,Hour,14364422,14364422,0,0,23/08/2025 11:00,23/08/2025 12:00,23/12/2025 06:37
Nederland,ElectricityLoad,Hour,14986064,14986064,0,0,23/08/2025 12:00,23/08/2025 13:00,23/12/2025 06:37
Nederland,ElectricityLoad,Hour,13472337,13472337,0,0,23/08/2025 13:00,23/08/2025 14:00,23/12/2025 06:37
Nederland,ElectricityLoad,Hour,13360263,13360263,0,0,23/08/2025 14:00,23/08/2025 15:00,23/12/2025 06:37
Nederland,ElectricityLoad,Hour,12561504,12561504,0,0,23/08/2025 15:00,23/08/2025 16:00,23/12/2025 06:37
Nederland,ElectricityLoad,Hour,11834255,11834255,0,0,23/08/2025 16:00,23/08/2025 17:00,23/12/2025 06:37
Nederland,ElectricityLoad,Hour,10373282,10373282,0,0,23/08/2025 17:00,23/08/2025 18:00,23/12/2025 06:37
Nederland,ElectricityLoad,Hour,8725980,8725980,0,0,23/08/2025 18:00,23/08/2025 19:00,23/12/2025 06:37
Nederland,ElectricityLoad,Hour,8205824,8205824,0,0,23/08/2025 19:00,23/08/2025 20:00,23/12/2025 06:37
Nederland,ElectricityLoad,Hour,7917058,7917058,0,0,23/08/2025 20:00,23/08/2025 21:00,23/12/2025 06:37
Nederland,ElectricityLoad,Hour,7736633,7736633,0,0,23/08/2025 21:00,23/08/2025 22:00,23/12/2025 06:37
Nederland,ElectricityLoad,Hour,7536354,7536354,0,0,23/08/2025 22:00,23/08/2025 23:00,23/12/2025 06:37
Nederland,ElectricityLoad,Hour,7165854,7165854,0,0,23/08/2025 23:00,24/08/2025 00:00,23/12/2025 06:37
Nederland,ElectricityLoad,Hour,6960347,6960347,0,0,24/08/2025 00:00,24/08/2025 01:00,24/12/2025 06:37
Nederland,ElectricityLoad,Hour,6732864,6732864,0,0,24/08/2025 01:00,24/08/2025 02:00,24/12/2025 06:37
Nederland,ElectricityLoad,Hour,6544551,6544551,0,0,24/08/2025 02:00,24/08/2025 03:00,24/12/2025 06:37
Nederland,ElectricityLoad,Hour,6530895,6530895,0,0,24/08/2025 03:00,24/08/2025 04:00,24/12/2025 06:37
Nederland,ElectricityLoad,Hour,6439513,6439513,0,0,24/08/2025 04:00,24/08/2025 05:00,24/12/2025 06:37
Nederland,ElectricityLoad,Hour,6571688,6571688,0,0,24/08/2025 05:00,24/08/2025 06:00,24/12/2025 06:37
Nederland,ElectricityLoad,Hour,7799238,7799238,0,0,24/08/2025 06:00,24/08/2025 07:00,24/12/2025 06:37
Nederland,ElectricityLoad,Hour,9864666,9864666,0,0,24/08/2025 07:00,24/08/2025 08:00,24/12/2025 06:37
Nederland,ElectricityLoad,Hour,11132102,11132102,0,0,24/08/2025 08:00,24/08/2025 09:00,24/12/2025 06:37
Nederland,ElectricityLoad,Hour,12288989,12288989,0,0,24/08/2025 09:00,24/08/2025 10:00,24/12/2025 06:37
Nederland,ElectricityLoad,Hour,12923737,12923737,0,0,24/08/2025 10:00,24/08/2025 11:00,24/12/2025 06:37
Nederland,ElectricityLoad,Hour,13477872,13477872,0,0,24/08/2025 11:00,24/08/2025 12:00,24/12/2025 06:37
Nederland,ElectricityLoad,Hour,12219855,12219855,0,0,24/08/2025 12:00,24/08/2025 13:00,24/12/2025 06:37
Nederland,ElectricityLoad,Hour,13675876,13675876,0,0,24/08/2025 13:00,24/08/2025 14:00,24/12/2025 06:37
Nederland,ElectricityLoad,Hour,11667152,11667152,0,0,24/08/2025 14:00,24/08/2025 15:00,24/12/2025 06:37
Nederland,ElectricityLoad,Hour,12682439,12682439,0,0,24/08/2025 15:00,24/08/2025 16:00,24/12/2025 06:37
Nederland,ElectricityLoad,Hour,11324748,11324748,0,0,24/08/2025 16:00,24/08/2025 17:00,24/12/2025 06:37
Nederland,ElectricityLoad,Hour,9776835,9776835,0,0,24/08/2025 17:00,24/08/2025 18:00,24/12/2025 06:37
Nederland,ElectricityLoad,Hour,8642590,8642590,0,0,24/08/2025 18:00,24/08/2025 19:00,24/12/2025 06:37
Nederland,ElectricityLoad,Hour,8178280,8178280,0,0,24/08/2025 19:00,24/08/2025 20:00,24/12/2025 06:37
Nederland,ElectricityLoad,Hour,7973925,7973925,0,0,24/08/2025 20:00,24/08/2025 21:00,24/12/2025 06:37
Nederland,ElectricityLoad,Hour,7672402,7672402,0,0,24/08/2025 21:00,24/08/2025 22:00,24/12/2025 06:37
Nederland,ElectricityLoad,Hour,7599630,7599630,0,0,24/08/2025 22:00,24/08/2025 23:00,24/12/2025 06:37
Nederland,ElectricityLoad,Hour,7383448,7383448,0,0,24/08/2025 23:00,25/08/2025 00:00,24/12/2025 06:37
Nederland,ElectricityLoad,Hour,7302143,7302143,0,0,25/08/2025 00:00,25/08/2025 01:00,25/12/2025 06:37
Nederland,ElectricityLoad,Hour,7297697,7297697,0,0,25/08/2025 01:00,25/08/2025 02:00,25/12/2025 06:37
Nederland,ElectricityLoad,Hour,7372229,7372229,0,0,25/08/2025 02:00,25/08/2025 03:00,25/12/2025 06:37
Nederland,ElectricityLoad,Hour,7415165,7415165,0,0,25/08/2025 03:00,25/08/2025 04:00,25/12/2025 06:37
Nederland,ElectricityLoad,Hour,7846038,7846038,0,0,25/08/2025 04:00,25/08/2025 05:00,25/12/2025 06:37
Nederland,ElectricityLoad,Hour,8718070,8718070,0,0,25/08/2025 05:00,25/08/2025 06:00,25/12/2025 06:37
Nederland,ElectricityLoad,Hour,10419414,10419414,0,0,25/08/2025 06:00,25/08/2025 07:00,25/12/2025 06:37
Nederland,ElectricityLoad,Hour,11577271,11577271,0,0,25/08/2025 07:00,25/08/2025 08:00,25/12/2025 06:37
Nederland,ElectricityLoad,Hour,13867232,13867232,0,0,25/08/2025 08:00,25/08/2025 09:00,25/12/2025 06:37
Nederland,ElectricityLoad,Hour,14973050,14973050,0,0,25/08/2025 09:00,25/08/2025 10:00,25/12/2025 06:37
Nederland,ElectricityLoad,Hour,15801812,15801812,0,0,25/08/2025 10:00,25/08/2025 11:00,25/12/2025 06:37
Nederland,ElectricityLoad,Hour,16051681,16051681,0,0,25/08/2025 11:00,25/08/2025 12:00,25/12/2025 06:37
Nederland,ElectricityLoad,Hour,16115422,16115422,0,0,25/08/2025 12:00,25/08/2025 13:00,25/12/2025 06:37
Nederland,ElectricityLoad,Hour,16088406,16088406,0,0,25/08/2025 13:00,25/08/2025 14:00,25/12/2025 06:37
Nederland,ElectricityLoad,Hour,14686532,14686532,0,0,25/08/2025 14:00,25/08/2025 15:00,25/12/2025 06:37
Nederland,ElectricityLoad,Hour,14163140,14163140,0,0,25/08/2025 15:00,25/08/2025 16:00,25/12/2025 06:37
Nederland,ElectricityLoad,Hour,13272796,13272796,0,0,25/08/2025 16:00,25/08/2025 17:00,25/12/2025 06:37
Nederland,ElectricityLoad,Hour,11435247,11435247,0,0,25/08/2025 17:00,25/08/2025 18:00,25/12/2025 06:37
Nederland,ElectricityLoad,Hour,10450077,10450077,0,0,25/08/2025 18:00,25/08/2025 19:00,25/12/2025 06:37
Nederland,ElectricityLoad,Hour,10005186,10005186,0,0,25/08/2025 19:00,25/08/2025 20:00,25/12/2025 06:37
Nederland,ElectricityLoad,Hour,9530506,9530506,0,0,25/08/2025 20:00,25/08/2025 21:00,25/12/2025 06:37
Nederland,ElectricityLoad,Hour,9144981,9144981,0,0,25/08/2025 21:00,25/08/2025 22:00,25/12/2025 06:37
Nederland,ElectricityLoad,Hour,8824017,8824017,0,0,25/08/2025 22:00,25/08/2025 23:00,25/12/2025 06:37
Nederland,ElectricityLoad,Hour,8435741,8435741,0,0,25/08/2025 23:00,26/08/2025 00:00,25/12/2025 06:37
Nederland,ElectricityLoad,Hour,8181304,8181304,0,0,26/08/2025 00:00,26/08/2025 01:00,26/12/2025 06:37
Nederland,ElectricityLoad,Hour,8050435,8050435,0,0,26/08/2025 01:00,26/08/2025 02:00,26/12/2025 06:37
Nederland,ElectricityLoad,Hour,7997752,7997752,0,0,26/08/2025 02:00,26/08/2025 03:00,26/12/2025 06:37
Nederland,ElectricityLoad,Hour,8106634,8106634,0,0,26/08/2025 03:00,26/08/2025 04:00,26/12/2025 06:37
Nederland,ElectricityLoad,Hour,8527454,8527454,0,0,26/08/2025 04:00,26/08/2025 05:00,26/12/2025 06:37
Nederland,ElectricityLoad,Hour,9315168,9315168,0,0,26/08/2025 05:00,26/08/2025 06:00,26/12/2025 06:37
Nederland,ElectricityLoad,Hour,11358901,11358901,0,0,26/08/2025 06:00,26/08/2025 07:00,26/12/2025 06:37
Nederland,ElectricityLoad,Hour,12888904,12888904,0,0,26/08/2025 07:00,26/08/2025 08:00,26/12/2025 06:37
Nederland,ElectricityLoad,Hour,14487423,14487423,0,0,26/08/2025 08:00,26/08/2025 09:00,26/12/2025 06:37
Nederland,ElectricityLoad,Hour,16224257,16224257,0,0,26/08/2025 09:00,26/08/2025 10:00,26/12/2025 06:37
Nederland,ElectricityLoad,Hour,17373003,17373003,0,0,26/08/2025 10:00,26/08/2025 11:00,26/12/2025 06:37
Nederland,ElectricityLoad,Hour,17423487,17423487,0,0,26/08/2025 11:00,26/08/2025 12:00,26/12/2025 06:37
Nederland,ElectricityLoad,Hour,15809780,15809780,0,0,26/08/2025 12:00,26/08/2025 13:00,26/12/2025 06:37
Nederland,ElectricityLoad,Hour,14357693,14357693,0,0,26/08/2025 13:00,26/08/2025 14:00,26/12/2025 06:37
Nederland,ElectricityLoad,Hour,14450509,14450509,0,0,26/08/2025 14:00,26/08/2025 15:00,26/12/2025 06:37
Nederland,ElectricityLoad,Hour,14941221,14941221,0,0,26/08/2025 15:00,26/08/2025 16:00,26/12/2025 06:37
Nederland,ElectricityLoad,Hour,13984446,13984446,0,0,26/08/2025 16:00,26/08/2025 17:00,26/12/2025 06:37
Nederland,ElectricityLoad,Hour,12174185,12174185,0,0,26/08/2025 17:00,26/08/2025 18:00,26/12/2025 06:37
Nederland,ElectricityLoad,Hour,11114701,11114701,0,0,26/08/2025 18:00,26/08/2025 19:00,26/12/2025 06:37
Nederland,ElectricityLoad,Hour,10456501,10456501,0,0,26/08/2025 19:00,26/08/2025 20:00,26/12/2025 06:37
Nederland,ElectricityLoad,Hour,9883424,9883424,0,0,26/08/2025 20:00,26/08/2025 21:00,26/12/2025 06:37
Nederland,ElectricityLoad,Hour,9718255,9718255,0,0,26/08/2025 21:00,26/08/2025 22:00,26/12/2025 06:37
Nederland,ElectricityLoad,Hour,9091872,9091872,0,0,26/08/2025 22:00,26/08/2025 23:00,26/12/2025 06:37
Nederland,ElectricityLoad,Hour,8581488,8581488,0,0,26/08/2025 23:00,27/08/2025 00:00,26/12/2025 06:37
Nederland,ElectricityLoad,Hour,8260210,8260210,0,0,27/08/2025 00:00,27/08/2025 01:00,27/12/2025 06:37
Nederland,ElectricityLoad,Hour,8067253,8067253,0,0,27/08/2025 01:00,27/08/2025 02:00,27/12/2025 06:37
Nederland,ElectricityLoad,Hour,7993188,7993188,0,0,27/08/2025 02:00,27/08/2025 03:00,27/12/2025 06:37
Nederland,ElectricityLoad,Hour,8145865,8145865,0,0,27/08/2025 03:00,27/08/2025 04:00,27/12/2025 06:37
Nederland,ElectricityLoad,Hour,8687433,8687433,0,0,27/08/2025 04:00,27/08/2025 05:00,27/12/2025 06:37
Nederland,ElectricityLoad,Hour,9476475,9476475,0,0,27/08/2025 05:00,27/08/2025 06:00,27/12/2025 06:37
Nederland,ElectricityLoad,Hour,11447957,11447957,0,0,27/08/2025 06:00,27/08/2025 07:00,27/12/2025 06:37
Nederland,ElectricityLoad,Hour,13700998,13700998,0,0,27/08/2025 07:00,27/08/2025 08:00,27/12/2025 06:37
Nederland,ElectricityLoad,Hour,15948717,15948717,0,0,27/08/2025 08:00,27/08/2025 09:00,27/12/2025 06:37
Nederland,ElectricityLoad,Hour,16511714,16511714,0,0,27/08/2025 09:00,27/08/2025 10:00,27/12/2025 06:37
Nederland,ElectricityLoad,Hour,17093183,17093183,0,0,27/08/2025 10:00,27/08/2025 11:00,27/12/2025 06:37
Nederland,ElectricityLoad,Hour,18887254,18887254,0,0,27/08/2025 11:00,27/08/2025 12:00,27/12/2025 06:37
Nederland,ElectricityLoad,Hour,17407723,17407723,0,0,27/08/2025 12:00,27/08/2025 13:00,27/12/2025 06:37
Nederland,ElectricityLoad,Hour,15377924,15377924,0,0,27/08/2025 13:00,27/08/2025 14:00,27/12/2025 06:37
Nederland,ElectricityLoad,Hour,15460769,15460769,0,0,27/08/2025 14:00,27/08/2025 15:00,27/12/2025 06:37
Nederland,ElectricityLoad,Hour,14579729,14579729,0,0,27/08/2025 15:00,27/08/2025 16:00,27/12/2025 06:37
Nederland,ElectricityLoad,Hour,13166642,13166642,0,0,27/08/2025 16:00,27/08/2025 17:00,27/12/2025 06:37
Nederland,ElectricityLoad,Hour,11652708,11652708,0,0,27/08/2025 17:00,27/08/2025 18:00,27/12/2025 06:37
Nederland,ElectricityLoad,Hour,10581916,10581916,0,0,27/08/2025 18:00,27/08/2025 19:00,27/12/2025 06:37
Nederland,ElectricityLoad,Hour,10690755,10690755,0,0,27/08/2025 19:00,27/08/2025 20:00,27/12/2025 06:37
Nederland,ElectricityLoad,Hour,10166032,10166032,0,0,27/08/2025 20:00,27/08/2025 21:00,27/12/2025 06:37
Nederland,ElectricityLoad,Hour,9855388,9855388,0,0,27/08/2025 21:00,27/08/2025 22:00,27/12/2025 06:37
Nederland,ElectricityLoad,Hour,9566329,9566329,0,0,27/08/2025 22:00,27/08/2025 23:00,27/12/2025 06:37
Nederland,ElectricityLoad,Hour,9144664,9144664,0,0,27/08/2025 23:00,28/08/2025 00:00,27/12/2025 06:37
Nederland,ElectricityLoad,Hour,8919326,8919326,0,0,28/08/2025 00:00,28/08/2025 01:00,28/12/2025 06:37
Nederland,ElectricityLoad,Hour,8856976,8856976,0,0,28/08/2025 01:00,28/08/2025 02:00,28/12/2025 06:37
Nederland,ElectricityLoad,Hour,8837921,8837921,0,0,28/08/2025 02:00,28/08/2025 03:00,28/12/2025 06:37
Nederland,ElectricityLoad,Hour,8897457,8897457,0,0,28/08/2025 03:00,28/08/2025 04:00,28/12/2025 06:37
Nederland,ElectricityLoad,Hour,9144648,9144648,0,0,28/08/2025 04:00,28/08/2025 05:00,28/12/2025 06:37
Nederland,ElectricityLoad,Hour,9984460,9984460,0,0,28/08/2025 05:00,28/08/2025 06:00,28/12/2025 06:37
Nederland,ElectricityLoad,Hour,11009584,11009584,0,0,28/08/2025 06:00,28/08/2025 07:00,28/12/2025 06:37
Nederland,ElectricityLoad,Hour,12189632,12189632,0,0,28/08/2025 07:00,28/08/2025 08:00,28/12/2025 06:37
Nederland,ElectricityLoad,Hour,12950075,12950075,0,0,28/08/2025 08:00,28/08/2025 09:00,28/12/2025 06:37
Nederland,ElectricityLoad,Hour,14747110,14747110,0,0,28/08/2025 09:00,28/08/2025 10:00,28/12/2025 06:37
Nederland,ElectricityLoad,Hour,15611330,15611330,0,0,28/08/2025 10:00,28/08/2025 11:00,28/12/2025 06:37
Nederland,ElectricityLoad,Hour,16606298,16606298,0,0,28/08/2025 11:00,28/08/2025 12:00,28/12/2025 06:37
Nederland,ElectricityLoad,Hour,15583398,15583398,0,0,28/08/2025 12:00,28/08/2025 13:00,28/12/2025 06:37
Nederland,ElectricityLoad,Hour,14198910,14198910,0,0,28/08/2025 13:00,28/08/2025 14:00,28/12/2025 06:37
Nederland,ElectricityLoad,Hour,15959551,15959551,0,0,28/08/2025 14:00,28/08/2025 15:00,28/12/2025 06:37
Nederland,ElectricityLoad,Hour,15096839,15096839,0,0,28/08/2025 15:00,28/08/2025 16:00,28/12/2025 06:37
Nederland,ElectricityLoad,Hour,14462197,14462197,0,0,28/08/2025 16:00,28/08/2025 17:00,28/12/2025 06:37
Nederland,ElectricityLoad,Hour,13264579,13264579,0,0,28/08/2025 17:00,28/08/2025 18:00,28/12/2025 06:37
Nederland,ElectricityLoad,Hour,11481844,11481844,0,0,28/08/2025 18:00,28/08/2025 19:00,28/12/2025 06:37
Nederland,ElectricityLoad,Hour,10527834,10527834,0,0,28/08/2025 19:00,28/08/2025 20:00,28/12/2025 06:37
Nederland,ElectricityLoad,Hour,9799171,9799171,0,0,28/08/2025 20:00,28/08/2025 21:00,28/12/2025 06:37
Nederland,ElectricityLoad,Hour,9089705,9089705,0,0,28/08/2025 21:00,28/08/2025 22:00,28/12/2025 06:37
Nederland,ElectricityLoad,Hour,8634893,8634893,0,0,28/08/2025 22:00,28/08/2025 23:00,28/12/2025 06:37
Nederland,ElectricityLoad,Hour,8139425,8139425,0,0,28/08/2025 23:00,29/08/2025 00:00,28/12/2025 06:37
Nederland,ElectricityLoad,Hour,7897740,7897740,0,0,29/08/2025 00:00,29/08/2025 01:00,29/12/2025 06:37
Nederland,ElectricityLoad,Hour,7819100,7819100,0,0,29/08/2025 01:00,29/08/2025 02:00,29/12/2025 06:37
Nederland,ElectricityLoad,Hour,7703311,7703311,0,0,29/08/2025 02:00,29/08/2025 03:00,29/12/2025 06:37
Nederland,ElectricityLoad,Hour,7729153,7729153,0,0,29/08/2025 03:00,29/08/2025 04:00,29/12/2025 06:37
Nederland,ElectricityLoad,Hour,8215479,8215479,0,0,29/08/2025 04:00,29/08/2025 05:00,29/12/2025 06:37
Nederland,ElectricityLoad,Hour,9007489,9007489,0,0,29/08/2025 05:00,29/08/2025 06:00,29/12/2025 06:37
Nederland,ElectricityLoad,Hour,10836902,10836902,0,0,29/08/2025 06:00,29/08/2025 07:00,29/12/2025 06:37
Nederland,ElectricityLoad,Hour,12863287,12863287,0,0,29/08/2025 07:00,29/08/2025 08:00,29/12/2025 06:37
Nederland,ElectricityLoad,Hour,15085856,15085856,0,0,29/08/2025 08:00,29/08/2025 09:00,29/12/2025 06:37
Nederland,ElectricityLoad,Hour,18031674,18031674,0,0,29/08/2025 09:00,29/08/2025 10:00,29/12/2025 06:37
Nederland,ElectricityLoad,Hour,18381183,18381183,0,0,29/08/2025 10:00,29/08/2025 11:00,29/12/2025 06:37
Nederland,ElectricityLoad,Hour,18400054,18400054,0,0,29/08/2025 11:00,29/08/2025 12:00,29/12/2025 06:37
Nederland,ElectricityLoad,Hour,16844152,16844152,0,0,29/08/2025 12:00,29/08/2025 13:00,29/12/2025 06:37
Nederland,ElectricityLoad,Hour,15721054,15721054,0,0,29/08/2025 13:00,29/08/2025 14:00,29/12/2025 06:37
Nederland,ElectricityLoad,Hour,14452941,14452941,0,0,29/08/2025 14:00,29/08/2025 15:00,29/12/2025 06:37
Nederland,ElectricityLoad,Hour,14831820,14831820,0,0,29/08/2025 15:00,29/08/2025 16:00,29/12/2025 06:37
Nederland,ElectricityLoad,Hour,12899910,12899910,0,0,29/08/2025 16:00,29/08/2025 17:00,29/12/2025 06:37
Nederland,ElectricityLoad,Hour,11258402,11258402,0,0,29/08/2025 17:00,29/08/2025 18:00,29/12/2025 06:37
Nederland,ElectricityLoad,Hour,10144743,10144743,0,0,29/08/2025 18:00,29/08/2025 19:00,29/12/2025 06:37
Nederland,ElectricityLoad,Hour,9577404,9577404,0,0,29/08/2025 19:00,29/08/2025 20:00,29/12/2025 06:37
Nederland,ElectricityLoad,Hour,8896024,8896024,0,0,29/08/2025 20:00,29/08/2025 21:00,29/12/2025 06:37
Nederland,ElectricityLoad,Hour,8747320,8747320,0,0,29/08/2025 21:00,29/08/2025 22:00,29/12/2025 06:37
Nederland,ElectricityLoad,Hour,8440973,8440973,0,0,29/08/2025 22:00,29/08/2025 23:00,29/12/2025 06:37
Nederland,ElectricityLoad,Hour,7909450,7909450,0,0,29/08/2025 23:00,30/08/2025 00:00,29/12/2025 06:37
Nederland,ElectricityLoad,Hour,7708662,7708662,0,0,30/08/2025 00:00,30/08/2025 01:00,30/12/2025 06:32
Nederland,ElectricityLoad,Hour,7403822,7403822,0,0,30/08/2025 01:00,30/08/2025 02:00,30/12/2025 06:32
Nederland,ElectricityLoad,Hour,7297533,7297533,0,0,30/08/2025 02:00,30/08/2025 03:00,30/12/2025 06:32
Nederland,ElectricityLoad,Hour,7252673,7252673,0,0,30/08/2025 03:00,30/08/2025 04:00,30/12/2025 06:32
Nederland,ElectricityLoad,Hour,7077460,7077460,0,0,30/08/2025 04:00,30/08/2025 05:00,30/12/2025 06:32
Nederland,ElectricityLoad,Hour,7334631,7334631,0,0,30/08/2025 05:00,30/08/2025 06:00,30/12/2025 06:32
Nederland,ElectricityLoad,Hour,9053795,9053795,0,0,30/08/2025 06:00,30/08/2025 07:00,30/12/2025 06:32
Nederland,ElectricityLoad,Hour,10966236,10966236,0,0,30/08/2025 07:00,30/08/2025 08:00,30/12/2025 06:32
Nederland,ElectricityLoad,Hour,12921579,12921579,0,0,30/08/2025 08:00,30/08/2025 09:00,30/12/2025 06:32
Nederland,ElectricityLoad,Hour,14522411,14522411,0,0,30/08/2025 09:00,30/08/2025 10:00,30/12/2025 06:32
Nederland,ElectricityLoad,Hour,14031221,14031221,0,0,30/08/2025 10:00,30/08/2025 11:00,30/12/2025 06:32
Nederland,ElectricityLoad,Hour,14389155,14389155,0,0,30/08/2025 11:00,30/08/2025 12:00,30/12/2025 06:32
Nederland,ElectricityLoad,Hour,14578039,14578039,0,0,30/08/2025 12:00,30/08/2025 13:00,30/12/2025 06:32
Nederland,ElectricityLoad,Hour,14658287,14658287,0,0,30/08/2025 13:00,30/08/2025 14:00,30/12/2025 06:32
Nederland,ElectricityLoad,Hour,15042823,15042823,0,0,30/08/2025 14:00,30/08/2025 15:00,30/12/2025 06:32
Nederland,ElectricityLoad,Hour,12981007,12981007,0,0,30/08/2025 15:00,30/08/2025 16:00,30/12/2025 06:32
Nederland,ElectricityLoad,Hour,11624993,11624993,0,0,30/08/2025 16:00,30/08/2025 17:00,30/12/2025 06:32
Nederland,ElectricityLoad,Hour,10005772,10005772,0,0,30/08/2025 17:00,30/08/2025 18:00,30/12/2025 06:32
Nederland,ElectricityLoad,Hour,8370095,8370095,0,0,30/08/2025 18:00,30/08/2025 19:00,30/12/2025 06:32
Nederland,ElectricityLoad,Hour,8231742,8231742,0,0,30/08/2025 19:00,30/08/2025 20:00,30/12/2025 06:32
Nederland,ElectricityLoad,Hour,7765810,7765810,0,0,30/08/2025 20:00,30/08/2025 21:00,30/12/2025 06:32
Nederland,ElectricityLoad,Hour,7605082,7605082,0,0,30/08/2025 21:00,30/08/2025 22:00,30/12/2025 06:32
Nederland,ElectricityLoad,Hour,7461477,7461477,0,0,30/08/2025 22:00,30/08/2025 23:00,30/12/2025 06:32
Nederland,ElectricityLoad,Hour,7271298,7271298,0,0,30/08/2025 23:00,31/08/2025 00:00,30/12/2025 06:32
Nederland,ElectricityLoad,Hour,7386332,7386332,0,0,31/08/2025 00:00,31/08/2025 01:00,30/12/2025 06:32
Nederland,ElectricityLoad,Hour,7823715,7823715,0,0,31/08/2025 01:00,31/08/2025 02:00,30/12/2025 06:32
Nederland,ElectricityLoad,Hour,7934419,7934419,0,0,31/08/2025 02:00,31/08/2025 03:00,30/12/2025 06:32
Nederland,ElectricityLoad,Hour,7814151,7814151,0,0,31/08/2025 03:00,31/08/2025 04:00,30/12/2025 06:32
Nederland,ElectricityLoad,Hour,7734711,7734711,0,0,31/08/2025 04:00,31/08/2025 05:00,30/12/2025 06:32
Nederland,ElectricityLoad,Hour,8190920,8190920,0,0,31/08/2025 05:00,31/08/2025 06:00,30/12/2025 06:32
Nederland,ElectricityLoad,Hour,8970262,8970262,0,0,31/08/2025 06:00,31/08/2025 07:00,30/12/2025 06:32
Nederland,ElectricityLoad,Hour,10404250,10404250,0,0,31/08/2025 07:00,31/08/2025 08:00,30/12/2025 06:32
Nederland,ElectricityLoad,Hour,12024289,12024289,0,0,31/08/2025 08:00,31/08/2025 09:00,30/12/2025 06:32
Nederland,ElectricityLoad,Hour,13737246,13737246,0,0,31/08/2025 09:00,31/08/2025 10:00,30/12/2025 06:32
Nederland,ElectricityLoad,Hour,14326231,14326231,0,0,31/08/2025 10:00,31/08/2025 11:00,30/12/2025 06:32
Nederland,ElectricityLoad,Hour,13936010,13936010,0,0,31/08/2025 11:00,31/08/2025 12:00,30/12/2025 06:32
Nederland,ElectricityLoad,Hour,13876051,13876051,0,0,31/08/2025 12:00,31/08/2025 13:00,30/12/2025 06:32
Nederland,ElectricityLoad,Hour,12869643,12869643,0,0,31/08/2025 13:00,31/08/2025 14:00,30/12/2025 06:32
Nederland,ElectricityLoad,Hour,12252777,12252777,0,0,31/08/2025 14:00,31/08/2025 15:00,30/12/2025 06:32
Nederland,ElectricityLoad,Hour,12367063,12367063,0,0,31/08/2025 15:00,31/08/2025 16:00,30/12/2025 06:32
Nederland,ElectricityLoad,Hour,11084886,11084886,0,0,31/08/2025 16:00,31/08/2025 17:00,30/12/2025 06:32
Nederland,ElectricityLoad,Hour,9769287,9769287,0,0,31/08/2025 17:00,31/08/2025 18:00,30/12/2025 06:32
Nederland,ElectricityLoad,Hour,8987643,8987643,0,0,31/08/2025 18:00,31/08/2025 19:00,30/12/2025 06:32
Nederland,ElectricityLoad,Hour,9087545,9087545,0,0,31/08/2025 19:00,31/08/2025 20:00,30/12/2025 06:32
Nederland,ElectricityLoad,Hour,9041561,9041561,0,0,31/08/2025 20:00,31/08/2025 21:00,30/12/2025 06:32
Nederland,ElectricityLoad,Hour,8667110,8667110,0,0,31/08/2025 21:00,31/08/2025 22:00,30/12/2025 06:32
Nederland,ElectricityLoad,Hour,8475574,8475574,0,0,31/08/2025 22:00,31/08/2025 23:00,30/12/2025 06:32
Nederland,ElectricityLoad,Hour,8366288,8366288,0,0,31/08/2025 23:00,01/09/2025 00:00,30/12/2025 06:32
Nederland,ElectricityLoad,Hour,8290473,8290473,0,0,01/09/2025 00:00,01/09/2025 01:00,01/01/2026 06:32
Nederland,ElectricityLoad,Hour,8368485,8368485,0,0,01/09/2025 01:00,01/09/2025 02:00,01/01/2026 06:32
Nederland,ElectricityLoad,Hour,8354039,8354039,0,0,01/09/2025 02:00,01/09/2025 03:00,01/01/2026 06:32
Nederland,ElectricityLoad,Hour,8505673,8505673,0,0,01/09/2025 03:00,01/09/2025 04:00,01/01/2026 06:32
Nederland,ElectricityLoad,Hour,9271990,9271990,0,0,01/09/2025 04:00,01/09/2025 05:00,01/01/2026 06:32
Nederland,ElectricityLoad,Hour,9907588,9907588,0,0,01/09/2025 05:00,01/09/2025 06:00,01/01/2026 06:32
Nederland,ElectricityLoad,Hour,11242598,11242598,0,0,01/09/2025 06:00,01/09/2025 07:00,01/01/2026 06:32
Nederland,ElectricityLoad,Hour,12627911,12627911,0,0,01/09/2025 07:00,01/09/2025 08:00,01/01/2026 06:32
Nederland,ElectricityLoad,Hour,13675463,13675463,0,0,01/09/2025 08:00,01/09/2025 09:00,01/01/2026 06:32
Nederland,ElectricityLoad,Hour,14156239,14156239,0,0,01/09/2025 09:00,01/09/2025 10:00,01/01/2026 06:32
Nederland,ElectricityLoad,Hour,15211356,15211356,0,0,01/09/2025 10:00,01/09/2025 11:00,01/01/2026 06:32
Nederland,ElectricityLoad,Hour,16496298,16496298,0,0,01/09/2025 11:00,01/09/2025 12:00,01/01/2026 06:32
Nederland,ElectricityLoad,Hour,17969962,17969962,0,0,01/09/2025 12:00,01/09/2025 13:00,01/01/2026 06:32
Nederland,ElectricityLoad,Hour,18051551,18051551,0,0,01/09/2025 13:00,01/09/2025 14:00,01/01/2026 06:32
Nederland,ElectricityLoad,Hour,17111747,17111747,0,0,01/09/2025 14:00,01/09/2025 15:00,01/01/2026 06:32
Nederland,ElectricityLoad,Hour,16575369,16575369,0,0,01/09/2025 15:00,01/09/2025 16:00,01/01/2026 06:32
Nederland,ElectricityLoad,Hour,14977550,14977550,0,0,01/09/2025 16:00,01/09/2025 17:00,01/01/2026 06:32
Nederland,ElectricityLoad,Hour,12292732,12292732,0,0,01/09/2025 17:00,01/09/2025 18:00,01/01/2026 06:32
Nederland,ElectricityLoad,Hour,10914782,10914782,0,0,01/09/2025 18:00,01/09/2025 19:00,01/01/2026 06:32
Nederland,ElectricityLoad,Hour,10472612,10472612,0,0,01/09/2025 19:00,01/09/2025 20:00,01/01/2026 06:32
Nederland,ElectricityLoad,Hour,9946480,9946480,0,0,01/09/2025 20:00,01/09/2025 21:00,01/01/2026 06:32
Nederland,ElectricityLoad,Hour,9120815,9120815,0,0,01/09/2025 21:00,01/09/2025 22:00,01/01/2026 06:32
Nederland,ElectricityLoad,Hour,8628970,8628970,0,0,01/09/2025 22:00,01/09/2025 23:00,01/01/2026 06:32
Nederland,ElectricityLoad,Hour,8235651,8235651,0,0,01/09/2025 23:00,02/09/2025 00:00,01/01/2026 06:32
Nederland,ElectricityLoad,Hour,7903295,7903295,0,0,02/09/2025 00:00,02/09/2025 01:00,01/01/2026 06:32
Nederland,ElectricityLoad,Hour,7817825,7817825,0,0,02/09/2025 01:00,02/09/2025 02:00,01/01/2026 06:32
Nederland,ElectricityLoad,Hour,7715441,7715441,0,0,02/09/2025 02:00,02/09/2025 03:00,01/01/2026 06:32
Nederland,ElectricityLoad,Hour,7774162,7774162,0,0,02/09/2025 03:00,02/09/2025 04:00,01/01/2026 06:32
Nederland,ElectricityLoad,Hour,8864892,8864892,0,0,02/09/2025 04:00,02/09/2025 05:00,01/01/2026 06:32
Nederland,ElectricityLoad,Hour,10015769,10015769,0,0,02/09/2025 05:00,02/09/2025 06:00,01/01/2026 06:32
Nederland,ElectricityLoad,Hour,11918747,11918747,0,0,02/09/2025 06:00,02/09/2025 07:00,01/01/2026 06:32
Nederland,ElectricityLoad,Hour,13749315,13749315,0,0,02/09/2025 07:00,02/09/2025 08:00,01/01/2026 06:32
Nederland,ElectricityLoad,Hour,15858880,15858880,0,0,02/09/2025 08:00,02/09/2025 09:00,01/01/2026 06:32
Nederland,ElectricityLoad,Hour,17569011,17569011,0,0,02/09/2025 09:00,02/09/2025 10:00,01/01/2026 06:32
Nederland,ElectricityLoad,Hour,17552390,17552390,0,0,02/09/2025 10:00,02/09/2025 11:00,01/01/2026 06:32
Nederland,ElectricityLoad,Hour,20750136,20750136,0,0,02/09/2025 11:00,02/09/2025 12:00,01/01/2026 06:32
Nederland,ElectricityLoad,Hour,18118001,18118001,0,0,02/09/2025 12:00,02/09/2025 13:00,01/01/2026 06:32
Nederland,ElectricityLoad,Hour,18123353,18123353,0,0,02/09/2025 13:00,02/09/2025 14:00,01/01/2026 06:32
Nederland,ElectricityLoad,Hour,16608035,16608035,0,0,02/09/2025 14:00,02/09/2025 15:00,01/01/2026 06:32
Nederland,ElectricityLoad,Hour,15195319,15195319,0,0,02/09/2025 15:00,02/09/2025 16:00,01/01/2026 06:32
Nederland,ElectricityLoad,Hour,13932686,13932686,0,0,02/09/2025 16:00,02/09/2025 17:00,01/01/2026 06:32
Nederland,ElectricityLoad,Hour,11672229,11672229,0,0,02/09/2025 17:00,02/09/2025 18:00,01/01/2026 06:32
Nederland,ElectricityLoad,Hour,10249630,10249630,0,0,02/09/2025 18:00,02/09/2025 19:00,01/01/2026 06:32
Nederland,ElectricityLoad,Hour,10040064,10040064,0,0,02/09/2025 19:00,02/09/2025 20:00,01/01/2026 06:32
Nederland,ElectricityLoad,Hour,9731312,9731312,0,0,02/09/2025 20:00,02/09/2025 21:00,01/01/2026 06:32
Nederland,ElectricityLoad,Hour,9219212,9219212,0,0,02/09/2025 21:00,02/09/2025 22:00,01/01/2026 06:32
Nederland,ElectricityLoad,Hour,8601958,8601958,0,0,02/09/2025 22:00,02/09/2025 23:00,01/01/2026 06:32
Nederland,ElectricityLoad,Hour,8397967,8397967,0,0,02/09/2025 23:00,03/09/2025 00:00,01/01/2026 06:32
Nederland,ElectricityLoad,Hour,8073270,8073270,0,0,03/09/2025 00:00,03/09/2025 01:00,03/01/2026 06:33
Nederland,ElectricityLoad,Hour,8353152,8353152,0,0,03/09/2025 01:00,03/09/2025 02:00,03/01/2026 06:33
Nederland,ElectricityLoad,Hour,8242572,8242572,0,0,03/09/2025 02:00,03/09/2025 03:00,03/01/2026 06:33
Nederland,ElectricityLoad,Hour,8462926,8462926,0,0,03/09/2025 03:00,03/09/2025 04:00,03/01/2026 06:33
Nederland,ElectricityLoad,Hour,9104548,9104548,0,0,03/09/2025 04:00,03/09/2025 05:00,03/01/2026 06:33
Nederland,ElectricityLoad,Hour,10228559,10228559,0,0,03/09/2025 05:00,03/09/2025 06:00,03/01/2026 06:33
Nederland,ElectricityLoad,Hour,12082987,12082987,0,0,03/09/2025 06:00,03/09/2025 07:00,03/01/2026 06:33
Nederland,ElectricityLoad,Hour,13201800,13201800,0,0,03/09/2025 07:00,03/09/2025 08:00,03/01/2026 06:33
Nederland,ElectricityLoad,Hour,13856696,13856696,0,0,03/09/2025 08:00,03/09/2025 09:00,03/01/2026 06:33
Nederland,ElectricityLoad,Hour,14344986,14344986,0,0,03/09/2025 09:00,03/09/2025 10:00,03/01/2026 06:33
Nederland,ElectricityLoad,Hour,14923506,14923506,0,0,03/09/2025 10:00,03/09/2025 11:00,03/01/2026 06:33
Nederland,ElectricityLoad,Hour,16129337,16129337,0,0,03/09/2025 11:00,03/09/2025 12:00,03/01/2026 06:33
Nederland,ElectricityLoad,Hour,15984891,15984891,0,0,03/09/2025 12:00,03/09/2025 13:00,03/01/2026 06:33
Nederland,ElectricityLoad,Hour,14293025,14293025,0,0,03/09/2025 13:00,03/09/2025 14:00,03/01/2026 06:33
Nederland,ElectricityLoad,Hour,15133622,15133622,0,0,03/09/2025 14:00,03/09/2025 15:00,03/01/2026 06:33
Nederland,ElectricityLoad,Hour,15216697,15216697,0,0,03/09/2025 15:00,03/09/2025 16:00,03/01/2026 06:33
Nederland,ElectricityLoad,Hour,14473528,14473528,0,0,03/09/2025 16:00,03/09/2025 17:00,03/01/2026 06:33
Nederland,ElectricityLoad,Hour,12544419,12544419,0,0,03/09/2025 17:00,03/09/2025 18:00,03/01/2026 06:33
Nederland,ElectricityLoad,Hour,11833962,11833962,0,0,03/09/2025 18:00,03/09/2025 19:00,03/01/2026 06:33
Nederland,ElectricityLoad,Hour,10821515,10821515,0,0,03/09/2025 19:00,03/09/2025 20:00,03/01/2026 06:33
Nederland,ElectricityLoad,Hour,10442436,10442436,0,0,03/09/2025 20:00,03/09/2025 21:00,03/01/2026 06:33
Nederland,ElectricityLoad,Hour,9800297,9800297,0,0,03/09/2025 21:00,03/09/2025 22:00,03/01/2026 06:33
Nederland,ElectricityLoad,Hour,9297314,9297314,0,0,03/09/2025 22:00,03/09/2025 23:00,03/01/2026 06:33
Nederland,ElectricityLoad,Hour,9259387,9259387,0,0,03/09/2025 23:00,04/09/2025 00:00,03/01/2026 06:33
Nederland,ElectricityLoad,Hour,9233238,9233238,0,0,04/09/2025 00:00,04/09/2025 01:00,04/01/2026 06:32
Nederland,ElectricityLoad,Hour,9254693,9254693,0,0,04/09/2025 01:00,04/09/2025 02:00,04/01/2026 06:32
Nederland,ElectricityLoad,Hour,9016678,9016678,0,0,04/09/2025 02:00,04/09/2025 03:00,04/01/2026 06:32
Nederland,ElectricityLoad,Hour,8996126,8996126,0,0,04/09/2025 03:00,04/09/2025 04:00,04/01/2026 06:32
Nederland,ElectricityLoad,Hour,9532425,9532425,0,0,04/09/2025 04:00,04/09/2025 05:00,04/01/2026 06:32
Nederland,ElectricityLoad,Hour,10170983,10170983,0,0,04/09/2025 05:00,04/09/2025 06:00,04/01/2026 06:32
Nederland,ElectricityLoad,Hour,12134712,12134712,0,0,04/09/2025 06:00,04/09/2025 07:00,04/01/2026 06:32
Nederland,ElectricityLoad,Hour,14497912,14497912,0,0,04/09/2025 07:00,04/09/2025 08:00,04/01/2026 06:32
Nederland,ElectricityLoad,Hour,16829027,16829027,0,0,04/09/2025 08:00,04/09/2025 09:00,04/01/2026 06:32
Nederland,ElectricityLoad,Hour,18352301,18352301,0,0,04/09/2025 09:00,04/09/2025 10:00,04/01/2026 06:32
Nederland,ElectricityLoad,Hour,19177504,19177504,0,0,04/09/2025 10:00,04/09/2025 11:00,04/01/2026 06:32
Nederland,ElectricityLoad,Hour,19523461,19523461,0,0,04/09/2025 11:00,04/09/2025 12:00,04/01/2026 06:32
Nederland,ElectricityLoad,Hour,18272954,18272954,0,0,04/09/2025 12:00,04/09/2025 13:00,04/01/2026 06:32
Nederland,ElectricityLoad,Hour,15829015,15829015,0,0,04/09/2025 13:00,04/09/2025 14:00,04/01/2026 06:32
Nederland,ElectricityLoad,Hour,15209006,15209006,0,0,04/09/2025 14:00,04/09/2025 15:00,04/01/2026 06:32
Nederland,ElectricityLoad,Hour,14784780,14784780,0,0,04/09/2025 15:00,04/09/2025 16:00,04/01/2026 06:32
Nederland,ElectricityLoad,Hour,13427759,13427759,0,0,04/09/2025 16:00,04/09/2025 17:00,04/01/2026 06:32
Nederland,ElectricityLoad,Hour,11710307,11710307,0,0,04/09/2025 17:00,04/09/2025 18:00,04/01/2026 06:32
Nederland,ElectricityLoad,Hour,10744454,10744454,0,0,04/09/2025 18:00,04/09/2025 19:00,04/01/2026 06:32
Nederland,ElectricityLoad,Hour,10491288,10491288,0,0,04/09/2025 19:00,04/09/2025 20:00,04/01/2026 06:32
Nederland,ElectricityLoad,Hour,9865066,9865066,0,0,04/09/2025 20:00,04/09/2025 21:00,04/01/2026 06:32
Nederland,ElectricityLoad,Hour,9226573,9226573,0,0,04/09/2025 21:00,04/09/2025 22:00,04/01/2026 06:32
Nederland,ElectricityLoad,Hour,9031884,9031884,0,0,04/09/2025 22:00,04/09/2025 23:00,04/01/2026 06:32
Nederland,ElectricityLoad,Hour,8844906,8844906,0,0,04/09/2025 23:00,05/09/2025 00:00,04/01/2026 06:32
Nederland,ElectricityLoad,Hour,8439112,8439112,0,0,05/09/2025 00:00,05/09/2025 01:00,04/01/2026 06:32
Nederland,ElectricityLoad,Hour,7915571,7915571,0,0,05/09/2025 01:00,05/09/2025 02:00,04/01/2026 06:32
Nederland,ElectricityLoad,Hour,7784911,7784911,0,0,05/09/2025 02:00,05/09/2025 03:00,04/01/2026 06:32
Nederland,ElectricityLoad,Hour,7860906,7860906,0,0,05/09/2025 03:00,05/09/2025 04:00,04/01/2026 06:32
Nederland,ElectricityLoad,Hour,8175719,8175719,0,0,05/09/2025 04:00,05/09/2025 05:00,04/01/2026 06:32
Nederland,ElectricityLoad,Hour,9070563,9070563,0,0,05/09/2025 05:00,05/09/2025 06:00,04/01/2026 06:32
Nederland,ElectricityLoad,Hour,10863373,10863373,0,0,05/09/2025 06:00,05/09/2025 07:00,04/01/2026 06:32
Nederland,ElectricityLoad,Hour,13059924,13059924,0,0,05/09/2025 07:00,05/09/2025 08:00,04/01/2026 06:32
Nederland,ElectricityLoad,Hour,14779463,14779463,0,0,05/09/2025 08:00,05/09/2025 09:00,04/01/2026 06:32
Nederland,ElectricityLoad,Hour,16362492,16362492,0,0,05/09/2025 09:00,05/09/2025 10:00,04/01/2026 06:32
Nederland,ElectricityLoad,Hour,15219787,15219787,0,0,05/09/2025 10:00,05/09/2025 11:00,04/01/2026 06:32
Nederland,ElectricityLoad,Hour,15985496,15985496,0,0,05/09/2025 11:00,05/09/2025 12:00,04/01/2026 06:32
Nederland,ElectricityLoad,Hour,17517857,17517857,0,0,05/09/2025 12:00,05/09/2025 13:00,04/01/2026 06:32
Nederland,ElectricityLoad,Hour,16084691,16084691,0,0,05/09/2025 13:00,05/09/2025 14:00,04/01/2026 06:32
Nederland,ElectricityLoad,Hour,15674800,15674800,0,0,05/09/2025 14:00,05/09/2025 15:00,04/01/2026 06:32
Nederland,ElectricityLoad,Hour,14221842,14221842,0,0,05/09/2025 15:00,05/09/2025 16:00,04/01/2026 06:32
Nederland,ElectricityLoad,Hour,13067623,13067623,0,0,05/09/2025 16:00,05/09/2025 17:00,04/01/2026 06:32
Nederland,ElectricityLoad,Hour,11122565,11122565,0,0,05/09/2025 17:00,05/09/2025 18:00,04/01/2026 06:32
Nederland,ElectricityLoad,Hour,9536588,9536588,0,0,05/09/2025 18:00,05/09/2025 19:00,04/01/2026 06:32
Nederland,ElectricityLoad,Hour,9440820,9440820,0,0,05/09/2025 19:00,05/09/2025 20:00,04/01/2026 06:32
Nederland,ElectricityLoad,Hour,9276108,9276108,0,0,05/09/2025 20:00,05/09/2025 21:00,04/01/2026 06:32
Nederland,ElectricityLoad,Hour,8918281,8918281,0,0,05/09/2025 21:00,05/09/2025 22:00,04/01/2026 06:32
Nederland,ElectricityLoad,Hour,8487050,8487050,0,0,05/09/2025 22:00,05/09/2025 23:00,04/01/2026 06:32
Nederland,ElectricityLoad,Hour,8078007,8078007,0,0,05/09/2025 23:00,06/09/2025 00:00,04/01/2026 06:32
Nederland,ElectricityLoad,Hour,7772126,7772126,0,0,06/09/2025 00:00,06/09/2025 01:00,04/01/2026 06:32
Nederland,ElectricityLoad,Hour,7548834,7548834,0,0,06/09/2025 01:00,06/09/2025 02:00,04/01/2026 06:32
Nederland,ElectricityLoad,Hour,7503214,7503214,0,0,06/09/2025 02:00,06/09/2025 03:00,04/01/2026 06:32
Nederland,ElectricityLoad,Hour,7449178,7449178,0,0,06/09/2025 03:00,06/09/2025 04:00,04/01/2026 06:32
Nederland,ElectricityLoad,Hour,7466431,7466431,0,0,06/09/2025 04:00,06/09/2025 05:00,04/01/2026 06:32
Nederland,ElectricityLoad,Hour,7506130,7506130,0,0,06/09/2025 05:00,06/09/2025 06:00,04/01/2026 06:32
Nederland,ElectricityLoad,Hour,8914181,8914181,0,0,06/09/2025 06:00,06/09/2025 07:00,04/01/2026 06:32
Nederland,ElectricityLoad,Hour,10592429,10592429,0,0,06/09/2025 07:00,06/09/2025 08:00,04/01/2026 06:32
Nederland,ElectricityLoad,Hour,12640129,12640129,0,0,06/09/2025 08:00,06/09/2025 09:00,04/01/2026 06:32
Nederland,ElectricityLoad,Hour,13073293,13073293,0,0,06/09/2025 09:00,06/09/2025 10:00,04/01/2026 06:32
Nederland,ElectricityLoad,Hour,13887920,13887920,0,0,06/09/2025 10:00,06/09/2025 11:00,04/01/2026 06:32
Nederland,ElectricityLoad,Hour,13765021,13765021,0,0,06/09/2025 11:00,06/09/2025 12:00,04/01/2026 06:32
Nederland,ElectricityLoad,Hour,13081355,13081355,0,0,06/09/2025 12:00,06/09/2025 13:00,04/01/2026 06:32
Nederland,ElectricityLoad,Hour,12377724,12377724,0,0,06/09/2025 13:00,06/09/2025 14:00,04/01/2026 06:32
Nederland,ElectricityLoad,Hour,12205222,12205222,0,0,06/09/2025 14:00,06/09/2025 15:00,04/01/2026 06:32
Nederland,ElectricityLoad,Hour,11355031,11355031,0,0,06/09/2025 15:00,06/09/2025 16:00,04/01/2026 06:32
Nederland,ElectricityLoad,Hour,11150317,11150317,0,0,06/09/2025 16:00,06/09/2025 17:00,04/01/2026 06:32
Nederland,ElectricityLoad,Hour,9669214,9669214,0,0,06/09/2025 17:00,06/09/2025 18:00,04/01/2026 06:32
Nederland,ElectricityLoad,Hour,8382696,8382696,0,0,06/09/2025 18:00,06/09/2025 19:00,04/01/2026 06:32
Nederland,ElectricityLoad,Hour,7659239,7659239,0,0,06/09/2025 19:00,06/09/2025 20:00,04/01/2026 06:32
Nederland,ElectricityLoad,Hour,7446461,7446461,0,0,06/09/2025 20:00,06/09/2025 21:00,04/01/2026 06:32
Nederland,ElectricityLoad,Hour,7162672,7162672,0,0,06/09/2025 21:00,06/09/2025 22:00,04/01/2026 06:32
Nederland,ElectricityLoad,Hour,6904070,6904070,0,0,06/09/2025 22:00,06/09/2025 23:00,04/01/2026 06:32
Nederland,ElectricityLoad,Hour,6347224,6347224,0,0,06/09/2025 23:00,07/09/2025 00:00,04/01/2026 06:32
Nederland,ElectricityLoad,Hour,6382189,6382189,0,0,07/09/2025 00:00,07/09/2025 01:00,07/01/2026 06:32
Nederland,ElectricityLoad,Hour,6034805,6034805,0,0,07/09/2025 01:00,07/09/2025 02:00,07/01/2026 06:32
Nederland,ElectricityLoad,Hour,5877522,5877522,0,0,07/09/2025 02:00,07/09/2025 03:00,07/01/2026 06:32
Nederland,ElectricityLoad,Hour,5923834,5923834,0,0,07/09/2025 03:00,07/09/2025 04:00,07/01/2026 06:32
Nederland,ElectricityLoad,Hour,5965211,5965211,0,0,07/09/2025 04:00,07/09/2025 05:00,07/01/2026 06:32
Nederland,ElectricityLoad,Hour,5970102,5970102,0,0,07/09/2025 05:00,07/09/2025 06:00,07/01/2026 06:32
Nederland,ElectricityLoad,Hour,7780696,7780696,0,0,07/09/2025 06:00,07/09/2025 07:00,07/01/2026 06:32
Nederland,ElectricityLoad,Hour,10183164,10183164,0,0,07/09/2025 07:00,07/09/2025 08:00,07/01/2026 06:32
Nederland,ElectricityLoad,Hour,13836558,13836558,0,0,07/09/2025 08:00,07/09/2025 09:00,07/01/2026 06:32
Nederland,ElectricityLoad,Hour,16540644,16540644,0,0,07/09/2025 09:00,07/09/2025 10:00,07/01/2026 06:32
Nederland,ElectricityLoad,Hour,18567018,18567018,0,0,07/09/2025 10:00,07/09/2025 11:00,07/01/2026 06:32
Nederland,ElectricityLoad,Hour,19247291,19247291,0,0,07/09/2025 11:00,07/09/2025 12:00,07/01/2026 06:32
Nederland,ElectricityLoad,Hour,19084297,19084297,0,0,07/09/2025 12:00,07/09/2025 13:00,07/01/2026 06:32
Nederland,ElectricityLoad,Hour,17881653,17881653,0,0,07/09/2025 13:00,07/09/2025 14:00,07/01/2026 06:32
Nederland,ElectricityLoad,Hour,16625243,16625243,0,0,07/09/2025 14:00,07/09/2025 15:00,07/01/2026 06:32
Nederland,ElectricityLoad,Hour,14950440,14950440,0,0,07/09/2025 15:00,07/09/2025 16:00,07/01/2026 06:32
Nederland,ElectricityLoad,Hour,13231811,13231811,0,0,07/09/2025 16:00,07/09/2025 17:00,07/01/2026 06:32
Nederland,ElectricityLoad,Hour,10181732,10181732,0,0,07/09/2025 17:00,07/09/2025 18:00,07/01/2026 06:32
Nederland,ElectricityLoad,Hour,8089883,8089883,0,0,07/09/2025 18:00,07/09/2025 19:00,07/01/2026 06:32
Nederland,ElectricityLoad,Hour,7895968,7895968,0,0,07/09/2025 19:00,07/09/2025 20:00,07/01/2026 06:32
Nederland,ElectricityLoad,Hour,7638179,7638179,0,0,07/09/2025 20:00,07/09/2025 21:00,07/01/2026 06:32
Nederland,ElectricityLoad,Hour,7023685,7023685,0,0,07/09/2025 21:00,07/09/2025 22:00,07/01/2026 06:32
Nederland,ElectricityLoad,Hour,6690572,6690572,0,0,07/09/2025 22:00,07/09/2025 23:00,07/01/2026 06:32
Nederland,ElectricityLoad,Hour,6528439,6528439,0,0,07/09/2025 23:00,08/09/2025 00:00,07/01/2026 06:32
Nederland,ElectricityLoad,Hour,6729026,6729026,0,0,08/09/2025 00:00,08/09/2025 01:00,08/01/2026 06:33
Nederland,ElectricityLoad,Hour,6600814,6600814,0,0,08/09/2025 01:00,08/09/2025 02:00,08/01/2026 06:33
Nederland,ElectricityLoad,Hour,6899518,6899518,0,0,08/09/2025 02:00,08/09/2025 03:00,08/01/2026 06:33
Nederland,ElectricityLoad,Hour,7532922,7532922,0,0,08/09/2025 03:00,08/09/2025 04:00,08/01/2026 06:33
Nederland,ElectricityLoad,Hour,8251080,8251080,0,0,08/09/2025 04:00,08/09/2025 05:00,08/01/2026 06:33
Nederland,ElectricityLoad,Hour,8909445,8909445,0,0,08/09/2025 05:00,08/09/2025 06:00,08/01/2026 06:33
Nederland,ElectricityLoad,Hour,10346246,10346246,0,0,08/09/2025 06:00,08/09/2025 07:00,08/01/2026 06:33
Nederland,ElectricityLoad,Hour,11220922,11220922,0,0,08/09/2025 07:00,08/09/2025 08:00,08/01/2026 06:33
Nederland,ElectricityLoad,Hour,12512486,12512486,0,0,08/09/2025 08:00,08/09/2025 09:00,08/01/2026 06:33
Nederland,ElectricityLoad,Hour,13601509,13601509,0,0,08/09/2025 09:00,08/09/2025 10:00,08/01/2026 06:33
Nederland,ElectricityLoad,Hour,15498842,15498842,0,0,08/09/2025 10:00,08/09/2025 11:00,08/01/2026 06:33
Nederland,ElectricityLoad,Hour,16286481,16286481,0,0,08/09/2025 11:00,08/09/2025 12:00,08/01/2026 06:33
Nederland,ElectricityLoad,Hour,15187316,15187316,0,0,08/09/2025 12:00,08/09/2025 13:00,08/01/2026 06:33
Nederland,ElectricityLoad,Hour,15309782,15309782,0,0,08/09/2025 13:00,08/09/2025 14:00,08/01/2026 06:33
Nederland,ElectricityLoad,Hour,14488801,14488801,0,0,08/09/2025 14:00,08/09/2025 15:00,08/01/2026 06:33
Nederland,ElectricityLoad,Hour,13810553,13810553,0,0,08/09/2025 15:00,08/09/2025 16:00,08/01/2026 06:33
Nederland,ElectricityLoad,Hour,12095394,12095394,0,0,08/09/2025 16:00,08/09/2025 17:00,08/01/2026 06:33
Nederland,ElectricityLoad,Hour,9907552,9907552,0,0,08/09/2025 17:00,08/09/2025 18:00,08/01/2026 06:33
Nederland,ElectricityLoad,Hour,9538557,9538557,0,0,08/09/2025 18:00,08/09/2025 19:00,08/01/2026 06:33
Nederland,ElectricityLoad,Hour,9745904,9745904,0,0,08/09/2025 19:00,08/09/2025 20:00,08/01/2026 06:33
Nederland,ElectricityLoad,Hour,9646689,9646689,0,0,08/09/2025 20:00,08/09/2025 21:00,08/01/2026 06:33
Nederland,ElectricityLoad,Hour,9104713,9104713,0,0,08/09/2025 21:00,08/09/2025 22:00,08/01/2026 06:33
Nederland,ElectricityLoad,Hour,8926509,8926509,0,0,08/09/2025 22:00,08/09/2025 23:00,08/01/2026 06:33
Nederland,ElectricityLoad,Hour,8760541,8760541,0,0,08/09/2025 23:00,09/09/2025 00:00,08/01/2026 06:33
Nederland,ElectricityLoad,Hour,8681853,8681853,0,0,09/09/2025 00:00,09/09/2025 01:00,09/01/2026 06:31
Nederland,ElectricityLoad,Hour,8539654,8539654,0,0,09/09/2025 01:00,09/09/2025 02:00,09/01/2026 06:31
Nederland,ElectricityLoad,Hour,8439876,8439876,0,0,09/09/2025 02:00,09/09/2025 03:00,09/01/2026 06:31
Nederland,ElectricityLoad,Hour,8555474,8555474,0,0,09/09/2025 03:00,09/09/2025 04:00,09/01/2026 06:31
Nederland,ElectricityLoad,Hour,8703059,8703059,0,0,09/09/2025 04:00,09/09/2025 05:00,09/01/2026 06:31
Nederland,ElectricityLoad,Hour,9147698,9147698,0,0,09/09/2025 05:00,09/09/2025 06:00,09/01/2026 06:31
Nederland,ElectricityLoad,Hour,10054547,10054547,0,0,09/09/2025 06:00,09/09/2025 07:00,09/01/2026 06:31
Nederland,ElectricityLoad,Hour,10791923,10791923,0,0,09/09/2025 07:00,09/09/2025 08:00,09/01/2026 06:31
Nederland,ElectricityLoad,Hour,11499618,11499618,0,0,09/09/2025 08:00,09/09/2025 09:00,09/01/2026 06:31
Nederland,ElectricityLoad,Hour,11883616,11883616,0,0,09/09/2025 09:00,09/09/2025 10:00,09/01/2026 06:31
Nederland,ElectricityLoad,Hour,12410926,12410926,0,0,09/09/2025 10:00,09/09/2025 11:00,09/01/2026 06:31
Nederland,ElectricityLoad,Hour,12881138,12881138,0,0,09/09/2025 11:00,09/09/2025 12:00,09/01/2026 06:31
Nederland,ElectricityLoad,Hour,12976244,12976244,0,0,09/09/2025 12:00,09/09/2025 13:00,09/01/2026 06:31
Nederland,ElectricityLoad,Hour,13412439,13412439,0,0,09/09/2025 13:00,09/09/2025 14:00,09/01/2026 06:31
Nederland,ElectricityLoad,Hour,13750509,13750509,0,0,09/09/2025 14:00,09/09/2025 15:00,09/01/2026 06:31
Nederland,ElectricityLoad,Hour,12955695,12955695,0,0,09/09/2025 15:00,09/09/2025 16:00,09/01/2026 06:31
Nederland,ElectricityLoad,Hour,11779890,11779890,0,0,09/09/2025 16:00,09/09/2025 17:00,09/01/2026 06:31
Nederland,ElectricityLoad,Hour,10208820,10208820,0,0,09/09/2025 17:00,09/09/2025 18:00,09/01/2026 06:31
Nederland,ElectricityLoad,Hour,10274330,10274330,0,0,09/09/2025 18:00,09/09/2025 19:00,09/01/2026 06:31
Nederland,ElectricityLoad,Hour,9964314,9964314,0,0,09/09/2025 19:00,09/09/2025 20:00,09/01/2026 06:31
Nederland,ElectricityLoad,Hour,9666353,9666353,0,0,09/09/2025 20:00,09/09/2025 21:00,09/01/2026 06:31
Nederland,ElectricityLoad,Hour,9400288,9400288,0,0,09/09/2025 21:00,09/09/2025 22:00,09/01/2026 06:31
Nederland,ElectricityLoad,Hour,9040959,9040959,0,0,09/09/2025 22:00,09/09/2025 23:00,09/01/2026 06:31
Nederland,ElectricityLoad,Hour,8680326,8680326,0,0,09/09/2025 23:00,10/09/2025 00:00,09/01/2026 06:31
Nederland,ElectricityLoad,Hour,8480674,8480674,0,0,10/09/2025 00:00,10/09/2025 01:00,10/01/2026 06:32
Nederland,ElectricityLoad,Hour,8353950,8353950,0,0,10/09/2025 01:00,10/09/2025 02:00,10/01/2026 06:32
Nederland,ElectricityLoad,Hour,8211798,8211798,0,0,10/09/2025 02:00,10/09/2025 03:00,10/01/2026 06:32
Nederland,ElectricityLoad,Hour,8336472,8336472,0,0,10/09/2025 03:00,10/09/2025 04:00,10/01/2026 06:32
Nederland,ElectricityLoad,Hour,8643640,8643640,0,0,10/09/2025 04:00,10/09/2025 05:00,10/01/2026 06:32
Nederland,ElectricityLoad,Hour,9333012,9333012,0,0,10/09/2025 05:00,10/09/2025 06:00,10/01/2026 06:32
Nederland,ElectricityLoad,Hour,10791345,10791345,0,0,10/09/2025 06:00,10/09/2025 07:00,10/01/2026 06:32
Nederland,ElectricityLoad,Hour,12174647,12174647,0,0,10/09/2025 07:00,10/09/2025 08:00,10/01/2026 06:32
Nederland,ElectricityLoad,Hour,13142013,13142013,0,0,10/09/2025 08:00,10/09/2025 09:00,10/01/2026 06:32
Nederland,ElectricityLoad,Hour,14105654,14105654,0,0,10/09/2025 09:00,10/09/2025 10:00,10/01/2026 06:32
Nederland,ElectricityLoad,Hour,16559371,16559371,0,0,10/09/2025 10:00,10/09/2025 11:00,10/01/2026 06:32
Nederland,ElectricityLoad,Hour,17764670,17764670,0,0,10/09/2025 11:00,10/09/2025 12:00,10/01/2026 06:32
Nederland,ElectricityLoad,Hour,17967644,17967644,0,0,10/09/2025 12:00,10/09/2025 13:00,10/01/2026 06:32
Nederland,ElectricityLoad,Hour,17270914,17270914,0,0,10/09/2025 13:00,10/09/2025 14:00,10/01/2026 06:32
Nederland,ElectricityLoad,Hour,14908832,14908832,0,0,10/09/2025 14:00,10/09/2025 15:00,10/01/2026 06:32
Nederland,ElectricityLoad,Hour,13514454,13514454,0,0,10/09/2025 15:00,10/09/2025 16:00,10/01/2026 06:32
Nederland,ElectricityLoad,Hour,11774043,11774043,0,0,10/09/2025 16:00,10/09/2025 17:00,10/01/2026 06:32
Nederland,ElectricityLoad,Hour,10348006,10348006,0,0,10/09/2025 17:00,10/09/2025 18:00,10/01/2026 06:32
Nederland,ElectricityLoad,Hour,9658514,9658514,0,0,10/09/2025 18:00,10/09/2025 19:00,10/01/2026 06:32
Nederland,ElectricityLoad,Hour,9462535,9462535,0,0,10/09/2025 19:00,10/09/2025 20:00,10/01/2026 06:32
Nederland,ElectricityLoad,Hour,9243957,9243957,0,0,10/09/2025 20:00,10/09/2025 21:00,10/01/2026 06:32
Nederland,ElectricityLoad,Hour,8614645,8614645,0,0,10/09/2025 21:00,10/09/2025 22:00,10/01/2026 06:32
Nederland,ElectricityLoad,Hour,8255258,8255258,0,0,10/09/2025 22:00,10/09/2025 23:00,10/01/2026 06:32
Nederland,ElectricityLoad,Hour,7583928,7583928,0,0,10/09/2025 23:00,11/09/2025 00:00,10/01/2026 06:32
Nederland,ElectricityLoad,Hour,7127269,7127269,0,0,11/09/2025 00:00,11/09/2025 01:00,11/01/2026 06:32
Nederland,ElectricityLoad,Hour,7320050,7320050,0,0,11/09/2025 01:00,11/09/2025 02:00,11/01/2026 06:32
Nederland,ElectricityLoad,Hour,7566913,7566913,0,0,11/09/2025 02:00,11/09/2025 03:00,11/01/2026 06:32
Nederland,ElectricityLoad,Hour,7825061,7825061,0,0,11/09/2025 03:00,11/09/2025 04:00,11/01/2026 06:32
Nederland,ElectricityLoad,Hour,9028192,9028192,0,0,11/09/2025 04:00,11/09/2025 05:00,11/01/2026 06:32
Nederland,ElectricityLoad,Hour,10400954,10400954,0,0,11/09/2025 05:00,11/09/2025 06:00,11/01/2026 06:32
Nederland,ElectricityLoad,Hour,11307801,11307801,0,0,11/09/2025 06:00,11/09/2025 07:00,11/01/2026 06:32
Nederland,ElectricityLoad,Hour,12750719,12750719,0,0,11/09/2025 07:00,11/09/2025 08:00,11/01/2026 06:32
Nederland,ElectricityLoad,Hour,14187689,14187689,0,0,11/09/2025 08:00,11/09/2025 09:00,11/01/2026 06:32
Nederland,ElectricityLoad,Hour,16708293,16708293,0,0,11/09/2025 09:00,11/09/2025 10:00,11/01/2026 06:32
Nederland,ElectricityLoad,Hour,16742152,16742152,0,0,11/09/2025 10:00,11/09/2025 11:00,11/01/2026 06:32
Nederland,ElectricityLoad,Hour,15596670,15596670,0,0,11/09/2025 11:00,11/09/2025 12:00,11/01/2026 06:32
Nederland,ElectricityLoad,Hour,16834112,16834112,0,0,11/09/2025 12:00,11/09/2025 13:00,11/01/2026 06:32
Nederland,ElectricityLoad,Hour,14415146,14415146,0,0,11/09/2025 13:00,11/09/2025 14:00,11/01/2026 06:32
Nederland,ElectricityLoad,Hour,14494014,14494014,0,0,11/09/2025 14:00,11/09/2025 15:00,11/01/2026 06:32
Nederland,ElectricityLoad,Hour,13556809,13556809,0,0,11/09/2025 15:00,11/09/2025 16:00,11/01/2026 06:32
Nederland,ElectricityLoad,Hour,12994042,12994042,0,0,11/09/2025 16:00,11/09/2025 17:00,11/01/2026 06:32
Nederland,ElectricityLoad,Hour,11120490,11120490,0,0,11/09/2025 17:00,11/09/2025 18:00,11/01/2026 06:32
Nederland,ElectricityLoad,Hour,9846454,9846454,0,0,11/09/2025 18:00,11/09/2025 19:00,11/01/2026 06:32
Nederland,ElectricityLoad,Hour,9568263,9568263,0,0,11/09/2025 19:00,11/09/2025 20:00,11/01/2026 06:32
Nederland,ElectricityLoad,Hour,9018696,9018696,0,0,11/09/2025 20:00,11/09/2025 21:00,11/01/2026 06:32
Nederland,ElectricityLoad,Hour,8741574,8741574,0,0,11/09/2025 21:00,11/09/2025 22:00,11/01/2026 06:32
Nederland,ElectricityLoad,Hour,8928885,8928885,0,0,11/09/2025 22:00,11/09/2025 23:00,11/01/2026 06:32
Nederland,ElectricityLoad,Hour,8261002,8261002,0,0,11/09/2025 23:00,12/09/2025 00:00,11/01/2026 06:32
Nederland,ElectricityLoad,Hour,8339471,8339471,0,0,12/09/2025 00:00,12/09/2025 01:00,12/01/2026 06:32
Nederland,ElectricityLoad,Hour,8349964,8349964,0,0,12/09/2025 01:00,12/09/2025 02:00,12/01/2026 06:32
Nederland,ElectricityLoad,Hour,8142093,8142093,0,0,12/09/2025 02:00,12/09/2025 03:00,12/01/2026 06:32
Nederland,ElectricityLoad,Hour,8717850,8717850,0,0,12/09/2025 03:00,12/09/2025 04:00,12/01/2026 06:32
Nederland,ElectricityLoad,Hour,8841698,8841698,0,0,12/09/2025 04:00,12/09/2025 05:00,12/01/2026 06:32
Nederland,ElectricityLoad,Hour,9457959,9457959,0,0,12/09/2025 05:00,12/09/2025 06:00,12/01/2026 06:32
Nederland,ElectricityLoad,Hour,11598374,11598374,0,0,12/09/2025 06:00,12/09/2025 07:00,12/01/2026 06:32
Nederland,ElectricityLoad,Hour,15068818,15068818,0,0,12/09/2025 07:00,12/09/2025 08:00,12/01/2026 06:32
Nederland,ElectricityLoad,Hour,17392956,17392956,0,0,12/09/2025 08:00,12/09/2025 09:00,12/01/2026 06:32
Nederland,ElectricityLoad,Hour,18884397,18884397,0,0,12/09/2025 09:00,12/09/2025 10:00,12/01/2026 06:32
Nederland,ElectricityLoad,Hour,18146608,18146608,0,0,12/09/2025 10:00,12/09/2025 11:00,12/01/2026 06:32
Nederland,ElectricityLoad,Hour,16448533,16448533,0,0,12/09/2025 11:00,12/09/2025 12:00,12/01/2026 06:32
Nederland,ElectricityLoad,Hour,18681051,18681051,0,0,12/09/2025 12:00,12/09/2025 13:00,12/01/2026 06:32
Nederland,ElectricityLoad,Hour,19695758,19695758,0,0,12/09/2025 13:00,12/09/2025 14:00,12/01/2026 06:32
Nederland,ElectricityLoad,Hour,17757558,17757558,0,0,12/09/2025 14:00,12/09/2025 15:00,12/01/2026 06:32
Nederland,ElectricityLoad,Hour,14862846,14862846,0,0,12/09/2025 15:00,12/09/2025 16:00,12/01/2026 06:32
Nederland,ElectricityLoad,Hour,12021224,12021224,0,0,12/09/2025 16:00,12/09/2025 17:00,12/01/2026 06:32
Nederland,ElectricityLoad,Hour,10641805,10641805,0,0,12/09/2025 17:00,12/09/2025 18:00,12/01/2026 06:32
Nederland,ElectricityLoad,Hour,9620049,9620049,0,0,12/09/2025 18:00,12/09/2025 19:00,12/01/2026 06:32
Nederland,ElectricityLoad,Hour,8825731,8825731,0,0,12/09/2025 19:00,12/09/2025 20:00,12/01/2026 06:32
Nederland,ElectricityLoad,Hour,8185544,8185544,0,0,12/09/2025 20:00,12/09/2025 21:00,12/01/2026 06:32
Nederland,ElectricityLoad,Hour,7212407,7212407,0,0,12/09/2025 21:00,12/09/2025 22:00,12/01/2026 06:32
Nederland,ElectricityLoad,Hour,6655648,6655648,0,0,12/09/2025 22:00,12/09/2025 23:00,12/01/2026 06:32
Nederland,ElectricityLoad,Hour,6854550,6854550,0,0,12/09/2025 23:00,13/09/2025 00:00,12/01/2026 06:32
Nederland,ElectricityLoad,Hour,6923736,6923736,0,0,13/09/2025 00:00,13/09/2025 01:00,13/01/2026 06:33
Nederland,ElectricityLoad,Hour,6450550,6450550,0,0,13/09/2025 01:00,13/09/2025 02:00,13/01/2026 06:33
Nederland,ElectricityLoad,Hour,6471690,6471690,0,0,13/09/2025 02:00,13/09/2025 03:00,13/01/2026 06:33
Nederland,ElectricityLoad,Hour,6789084,6789084,0,0,13/09/2025 03:00,13/09/2025 04:00,13/01/2026 06:33
Nederland,ElectricityLoad,Hour,7141420,7141420,0,0,13/09/2025 04:00,13/09/2025 05:00,13/01/2026 06:33
Nederland,ElectricityLoad,Hour,7685157,7685157,0,0,13/09/2025 05:00,13/09/2025 06:00,13/01/2026 06:33
Nederland,ElectricityLoad,Hour,8844598,8844598,0,0,13/09/2025 06:00,13/09/2025 07:00,13/01/2026 06:33
Nederland,ElectricityLoad,Hour,10785015,10785015,0,0,13/09/2025 07:00,13/09/2025 08:00,13/01/2026 06:33
Nederland,ElectricityLoad,Hour,13534157,13534157,0,0,13/09/2025 08:00,13/09/2025 09:00,13/01/2026 06:33
Nederland,ElectricityLoad,Hour,14669182,14669182,0,0,13/09/2025 09:00,13/09/2025 10:00,13/01/2026 06:33
Nederland,ElectricityLoad,Hour,15363837,15363837,0,0,13/09/2025 10:00,13/09/2025 11:00,13/01/2026 06:33
Nederland,ElectricityLoad,Hour,15782576,15782576,0,0,13/09/2025 11:00,13/09/2025 12:00,13/01/2026 06:33
Nederland,ElectricityLoad,Hour,13810537,13810537,0,0,13/09/2025 12:00,13/09/2025 13:00,13/01/2026 06:33
Nederland,ElectricityLoad,Hour,13747325,13747325,0,0,13/09/2025 13:00,13/09/2025 14:00,13/01/2026 06:33
Nederland,ElectricityLoad,Hour,13422406,13422406,0,0,13/09/2025 14:00,13/09/2025 15:00,13/01/2026 06:33
Nederland,ElectricityLoad,Hour,11092462,11092462,0,0,13/09/2025 15:00,13/09/2025 16:00,13/01/2026 06:33
Nederland,ElectricityLoad,Hour,10198162,10198162,0,0,13/09/2025 16:00,13/09/2025 17:00,13/01/2026 06:33
Nederland,ElectricityLoad,Hour,9317694,9317694,0,0,13/09/2025 17:00,13/09/2025 18:00,13/01/2026 06:33
Nederland,ElectricityLoad,Hour,8419597,8419597,0,0,13/09/2025 18:00,13/09/2025 19:00,13/01/2026 06:33
Nederland,ElectricityLoad,Hour,7677650,7677650,0,0,13/09/2025 19:00,13/09/2025 20:00,13/01/2026 06:33
Nederland,ElectricityLoad,Hour,7369397,7369397,0,0,13/09/2025 20:00,13/09/2025 21:00,13/01/2026 06:33
Nederland,ElectricityLoad,Hour,7189236,7189236,0,0,13/09/2025 21:00,13/09/2025 22:00,13/01/2026 06:33
Nederland,ElectricityLoad,Hour,7083369,7083369,0,0,13/09/2025 22:00,13/09/2025 23:00,13/01/2026 06:33
Nederland,ElectricityLoad,Hour,6793859,6793859,0,0,13/09/2025 23:00,14/09/2025 00:00,13/01/2026 06:33
Nederland,ElectricityLoad,Hour,6642775,6642775,0,0,14/09/2025 00:00,14/09/2025 01:00,14/01/2026 06:32
Nederland,ElectricityLoad,Hour,6664653,6664653,0,0,14/09/2025 01:00,14/09/2025 02:00,14/01/2026 06:32
Nederland,ElectricityLoad,Hour,6732876,6732876,0,0,14/09/2025 02:00,14/09/2025 03:00,14/01/2026 06:32
Nederland,ElectricityLoad,Hour,6421028,6421028,0,0,14/09/2025 03:00,14/09/2025 04:00,14/01/2026 06:32
Nederland,ElectricityLoad,Hour,6058464,6058464,0,0,14/09/2025 04:00,14/09/2025 05:00,14/01/2026 06:32
Nederland,ElectricityLoad,Hour,6090506,6090506,0,0,14/09/2025 05:00,14/09/2025 06:00,14/01/2026 06:32
Nederland,ElectricityLoad,Hour,7489814,7489814,0,0,14/09/2025 06:00,14/09/2025 07:00,14/01/2026 06:32
Nederland,ElectricityLoad,Hour,9564022,9564022,0,0,14/09/2025 07:00,14/09/2025 08:00,14/01/2026 06:32
Nederland,ElectricityLoad,Hour,12288609,12288609,0,0,14/09/2025 08:00,14/09/2025 09:00,14/01/2026 06:32
Nederland,ElectricityLoad,Hour,14277453,14277453,0,0,14/09/2025 09:00,14/09/2025 10:00,14/01/2026 06:32
Nederland,ElectricityLoad,Hour,15877125,15877125,0,0,14/09/2025 10:00,14/09/2025 11:00,14/01/2026 06:32
Nederland,ElectricityLoad,Hour,14883939,14883939,0,0,14/09/2025 11:00,14/09/2025 12:00,14/01/2026 06:32
Nederland,ElectricityLoad,Hour,14896138,14896138,0,0,14/09/2025 12:00,14/09/2025 13:00,14/01/2026 06:32
Nederland,ElectricityLoad,Hour,13211219,13211219,0,0,14/09/2025 13:00,14/09/2025 14:00,14/01/2026 06:32
Nederland,ElectricityLoad,Hour,12622232,12622232,0,0,14/09/2025 14:00,14/09/2025 15:00,14/01/2026 06:32
Nederland,ElectricityLoad,Hour,11634285,11634285,0,0,14/09/2025 15:00,14/09/2025 16:00,14/01/2026 06:32
Nederland,ElectricityLoad,Hour,9315731,9315731,0,0,14/09/2025 16:00,14/09/2025 17:00,14/01/2026 06:32
Nederland,ElectricityLoad,Hour,7813125,7813125,0,0,14/09/2025 17:00,14/09/2025 18:00,14/01/2026 06:32
Nederland,ElectricityLoad,Hour,7405203,7405203,0,0,14/09/2025 18:00,14/09/2025 19:00,14/01/2026 06:32
Nederland,ElectricityLoad,Hour,7547997,7547997,0,0,14/09/2025 19:00,14/09/2025 20:00,14/01/2026 06:32
Nederland,ElectricityLoad,Hour,7435023,7435023,0,0,14/09/2025 20:00,14/09/2025 21:00,14/01/2026 06:32
Nederland,ElectricityLoad,Hour,8013677,8013677,0,0,14/09/2025 21:00,14/09/2025 22:00,14/01/2026 06:32
Nederland,ElectricityLoad,Hour,8037968,8037968,0,0,14/09/2025 22:00,14/09/2025 23:00,14/01/2026 06:32
Nederland,ElectricityLoad,Hour,8214517,8214517,0,0,14/09/2025 23:00,15/09/2025 00:00,14/01/2026 06:32
Nederland,ElectricityLoad,Hour,8241685,8241685,0,0,15/09/2025 00:00,15/09/2025 01:00,15/01/2026 06:32
Nederland,ElectricityLoad,Hour,8251822,8251822,0,0,15/09/2025 01:00,15/09/2025 02:00,15/01/2026 06:32
Nederland,ElectricityLoad,Hour,8910096,8910096,0,0,15/09/2025 02:00,15/09/2025 03:00,15/01/2026 06:32
Nederland,ElectricityLoad,Hour,8894705,8894705,0,0,15/09/2025 03:00,15/09/2025 04:00,15/01/2026 06:32
Nederland,ElectricityLoad,Hour,9003729,9003729,0,0,15/09/2025 04:00,15/09/2025 05:00,15/01/2026 06:32
Nederland,ElectricityLoad,Hour,9973567,9973567,0,0,15/09/2025 05:00,15/09/2025 06:00,15/01/2026 06:32
Nederland,ElectricityLoad,Hour,12072430,12072430,0,0,15/09/2025 06:00,15/09/2025 07:00,15/01/2026 06:32
Nederland,ElectricityLoad,Hour,14461764,14461764,0,0,15/09/2025 07:00,15/09/2025 08:00,15/01/2026 06:32
Nederland,ElectricityLoad,Hour,16617119,16617119,0,0,15/09/2025 08:00,15/09/2025 09:00,15/01/2026 06:32
Nederland,ElectricityLoad,Hour,16771206,16771206,0,0,15/09/2025 09:00,15/09/2025 10:00,15/01/2026 06:32
Nederland,ElectricityLoad,Hour,17051053,17051053,0,0,15/09/2025 10:00,15/09/2025 11:00,15/01/2026 06:32
Nederland,ElectricityLoad,Hour,17646756,17646756,0,0,15/09/2025 11:00,15/09/2025 12:00,15/01/2026 06:32
Nederland,ElectricityLoad,Hour,16983795,16983795,0,0,15/09/2025 12:00,15/09/2025 13:00,15/01/2026 06:32
Nederland,ElectricityLoad,Hour,17913833,17913833,0,0,15/09/2025 13:00,15/09/2025 14:00,15/01/2026 06:32
Nederland,ElectricityLoad,Hour,16663882,16663882,0,0,15/09/2025 14:00,15/09/2025 15:00,15/01/2026 06:32
Nederland,ElectricityLoad,Hour,14446048,14446048,0,0,15/09/2025 15:00,15/09/2025 16:00,15/01/2026 06:32
Nederland,ElectricityLoad,Hour,13426021,13426021,0,0,15/09/2025 16:00,15/09/2025 17:00,15/01/2026 06:32
Nederland,ElectricityLoad,Hour,11791917,11791917,0,0,15/09/2025 17:00,15/09/2025 18:00,15/01/2026 06:32
Nederland,ElectricityLoad,Hour,11422526,11422526,0,0,15/09/2025 18:00,15/09/2025 19:00,15/01/2026 06:32
Nederland,ElectricityLoad,Hour,11426972,11426972,0,0,15/09/2025 19:00,15/09/2025 20:00,15/01/2026 06:32
Nederland,ElectricityLoad,Hour,11184394,11184394,0,0,15/09/2025 20:00,15/09/2025 21:00,15/01/2026 06:32
Nederland,ElectricityLoad,Hour,10637577,10637577,0,0,15/09/2025 21:00,15/09/2025 22:00,15/01/2026 06:32
Nederland,ElectricityLoad,Hour,11044013,11044013,0,0,15/09/2025 22:00,15/09/2025 23:00,15/01/2026 06:32
Nederland,ElectricityLoad,Hour,10658921,10658921,0,0,15/09/2025 23:00,16/09/2025 00:00,15/01/2026 06:32
Nederland,ElectricityLoad,Hour,10149014,10149014,0,0,16/09/2025 00:00,16/09/2025 01:00,16/01/2026 06:32
Nederland,ElectricityLoad,Hour,10294019,10294019,0,0,16/09/2025 01:00,16/09/2025 02:00,16/01/2026 06:32
Nederland,ElectricityLoad,Hour,10274338,10274338,0,0,16/09/2025 02:00,16/09/2025 03:00,16/01/2026 06:32
Nederland,ElectricityLoad,Hour,10617610,10617610,0,0,16/09/2025 03:00,16/09/2025 04:00,16/01/2026 06:32
Nederland,ElectricityLoad,Hour,10401225,10401225,0,0,16/09/2025 04:00,16/09/2025 05:00,16/01/2026 06:32
Nederland,ElectricityLoad,Hour,11254059,11254059,0,0,16/09/2025 05:00,16/09/2025 06:00,16/01/2026 06:32
Nederland,ElectricityLoad,Hour,12150593,12150593,0,0,16/09/2025 06:00,16/09/2025 07:00,16/01/2026 06:32
Nederland,ElectricityLoad,Hour,13439752,13439752,0,0,16/09/2025 07:00,16/09/2025 08:00,16/01/2026 06:32
Nederland,ElectricityLoad,Hour,15234597,15234597,0,0,16/09/2025 08:00,16/09/2025 09:00,16/01/2026 06:32
Nederland,ElectricityLoad,Hour,17815495,17815495,0,0,16/09/2025 09:00,16/09/2025 10:00,16/01/2026 06:32
Nederland,ElectricityLoad,Hour,17397077,17397077,0,0,16/09/2025 10:00,16/09/2025 11:00,16/01/2026 06:32
Nederland,ElectricityLoad,Hour,17668717,17668717,0,0,16/09/2025 11:00,16/09/2025 12:00,16/01/2026 06:32
Nederland,ElectricityLoad,Hour,15764846,15764846,0,0,16/09/2025 12:00,16/09/2025 13:00,16/01/2026 06:32
Nederland,ElectricityLoad,Hour,15528095,15528095,0,0,16/09/2025 13:00,16/09/2025 14:00,16/01/2026 06:32
Nederland,ElectricityLoad,Hour,15731135,15731135,0,0,16/09/2025 14:00,16/09/2025 15:00,16/01/2026 06:32
Nederland,ElectricityLoad,Hour,14657988,14657988,0,0,16/09/2025 15:00,16/09/2025 16:00,16/01/2026 06:32
Nederland,ElectricityLoad,Hour,13012479,13012479,0,0,16/09/2025 16:00,16/09/2025 17:00,16/01/2026 06:32
Nederland,ElectricityLoad,Hour,11175997,11175997,0,0,16/09/2025 17:00,16/09/2025 18:00,16/01/2026 06:32
Nederland,ElectricityLoad,Hour,10301409,10301409,0,0,16/09/2025 18:00,16/09/2025 19:00,16/01/2026 06:32
Nederland,ElectricityLoad,Hour,10296022,10296022,0,0,16/09/2025 19:00,16/09/2025 20:00,16/01/2026 06:32
Nederland,ElectricityLoad,Hour,9311638,9311638,0,0,16/09/2025 20:00,16/09/2025 21:00,16/01/2026 06:32
Nederland,ElectricityLoad,Hour,8327548,8327548,0,0,16/09/2025 21:00,16/09/2025 22:00,16/01/2026 06:32
Nederland,ElectricityLoad,Hour,7865177,7865177,0,0,16/09/2025 22:00,16/09/2025 23:00,16/01/2026 06:32
Nederland,ElectricityLoad,Hour,7298338,7298338,0,0,16/09/2025 23:00,17/09/2025 00:00,16/01/2026 06:32
Nederland,ElectricityLoad,Hour,7077950,7077950,0,0,17/09/2025 00:00,17/09/2025 01:00,17/01/2026 06:32
Nederland,ElectricityLoad,Hour,7144330,7144330,0,0,17/09/2025 01:00,17/09/2025 02:00,17/01/2026 06:32
Nederland,ElectricityLoad,Hour,7045621,7045621,0,0,17/09/2025 02:00,17/09/2025 03:00,17/01/2026 06:32
Nederland,ElectricityLoad,Hour,7087192,7087192,0,0,17/09/2025 03:00,17/09/2025 04:00,17/01/2026 06:32
Nederland,ElectricityLoad,Hour,7527480,7527480,0,0,17/09/2025 04:00,17/09/2025 05:00,17/01/2026 06:32
Nederland,ElectricityLoad,Hour,8996509,8996509,0,0,17/09/2025 05:00,17/09/2025 06:00,17/01/2026 06:32
Nederland,ElectricityLoad,Hour,10666478,10666478,0,0,17/09/2025 06:00,17/09/2025 07:00,17/01/2026 06:32
Nederland,ElectricityLoad,Hour,11650737,11650737,0,0,17/09/2025 07:00,17/09/2025 08:00,17/01/2026 06:32
Nederland,ElectricityLoad,Hour,12492123,12492123,0,0,17/09/2025 08:00,17/09/2025 09:00,17/01/2026 06:32
Nederland,ElectricityLoad,Hour,14492215,14492215,0,0,17/09/2025 09:00,17/09/2025 10:00,17/01/2026 06:32
Nederland,ElectricityLoad,Hour,15558532,15558532,0,0,17/09/2025 10:00,17/09/2025 11:00,17/01/2026 06:32
Nederland,ElectricityLoad,Hour,15377644,15377644,0,0,17/09/2025 11:00,17/09/2025 12:00,17/01/2026 06:32
Nederland,ElectricityLoad,Hour,14892544,14892544,0,0,17/09/2025 12:00,17/09/2025 13:00,17/01/2026 06:32
Nederland,ElectricityLoad,Hour,14187978,14187978,0,0,17/09/2025 13:00,17/09/2025 14:00,17/01/2026 06:32
Nederland,ElectricityLoad,Hour,13140851,13140851,0,0,17/09/2025 14:00,17/09/2025 15:00,17/01/2026 06:32
Nederland,ElectricityLoad,Hour,12511823,12511823,0,0,17/09/2025 15:00,17/09/2025 16:00,17/01/2026 06:32
Nederland,ElectricityLoad,Hour,11855651,11855651,0,0,17/09/2025 16:00,17/09/2025 17:00,17/01/2026 06:32
Nederland,ElectricityLoad,Hour,11064082,11064082,0,0,17/09/2025 17:00,17/09/2025 18:00,17/01/2026 06:32
Nederland,ElectricityLoad,Hour,10927426,10927426,0,0,17/09/2025 18:00,17/09/2025 19:00,17/01/2026 06:32
Nederland,ElectricityLoad,Hour,10582951,10582951,0,0,17/09/2025 19:00,17/09/2025 20:00,17/01/2026 06:32
Nederland,ElectricityLoad,Hour,10069855,10069855,0,0,17/09/2025 20:00,17/09/2025 21:00,17/01/2026 06:32
Nederland,ElectricityLoad,Hour,9725065,9725065,0,0,17/09/2025 21:00,17/09/2025 22:00,17/01/2026 06:32
Nederland,ElectricityLoad,Hour,9347050,9347050,0,0,17/09/2025 22:00,17/09/2025 23:00,17/01/2026 06:32
Nederland,ElectricityLoad,Hour,8990013,8990013,0,0,17/09/2025 23:00,18/09/2025 00:00,17/01/2026 06:32
Nederland,ElectricityLoad,Hour,8736914,8736914,0,0,18/09/2025 00:00,18/09/2025 01:00,18/01/2026 06:31
Nederland,ElectricityLoad,Hour,8526838,8526838,0,0,18/09/2025 01:00,18/09/2025 02:00,18/01/2026 06:31
Nederland,ElectricityLoad,Hour,8104759,8104759,0,0,18/09/2025 02:00,18/09/2025 03:00,18/01/2026 06:31
Nederland,ElectricityLoad,Hour,8101209,8101209,0,0,18/09/2025 03:00,18/09/2025 04:00,18/01/2026 06:31
Nederland,ElectricityLoad,Hour,8951683,8951683,0,0,18/09/2025 04:00,18/09/2025 05:00,18/01/2026 06:31
Nederland,ElectricityLoad,Hour,9827490,9827490,0,0,18/09/2025 05:00,18/09/2025 06:00,18/01/2026 06:31
Nederland,ElectricityLoad,Hour,10698152,10698152,0,0,18/09/2025 06:00,18/09/2025 07:00,18/01/2026 06:31
Nederland,ElectricityLoad,Hour,11892509,11892509,0,0,18/09/2025 07:00,18/09/2025 08:00,18/01/2026 06:31
Nederland,ElectricityLoad,Hour,13326624,13326624,0,0,18/09/2025 08:00,18/09/2025 09:00,18/01/2026 06:31
Nederland,ElectricityLoad,Hour,13817333,13817333,0,0,18/09/2025 09:00,18/09/2025 10:00,18/01/2026 06:31
Nederland,ElectricityLoad,Hour,14703611,14703611,0,0,18/09/2025 10:00,18/09/2025 11:00,18/01/2026 06:31
Nederland,ElectricityLoad,Hour,13850281,13850281,0,0,18/09/2025 11:00,18/09/2025 12:00,18/01/2026 06:31
Nederland,ElectricityLoad,Hour,13705185,13705185,0,0,18/09/2025 12:00,18/09/2025 13:00,18/01/2026 06:31
Nederland,ElectricityLoad,Hour,14149961,14149961,0,0,18/09/2025 13:00,18/09/2025 14:00,18/01/2026 06:31
Nederland,ElectricityLoad,Hour,13700881,13700881,0,0,18/09/2025 14:00,18/09/2025 15:00,18/01/2026 06:31
Nederland,ElectricityLoad,Hour,13094751,13094751,0,0,18/09/2025 15:00,18/09/2025 16:00,18/01/2026 06:31
Nederland,ElectricityLoad,Hour,12789089,12789089,0,0,18/09/2025 16:00,18/09/2025 17:00,18/01/2026 06:31
Nederland,ElectricityLoad,Hour,12264483,12264483,0,0,18/09/2025 17:00,18/09/2025 18:00,18/01/2026 06:31
Nederland,ElectricityLoad,Hour,11701858,11701858,0,0,18/09/2025 18:00,18/09/2025 19:00,18/01/2026 06:31
Nederland,ElectricityLoad,Hour,10854386,10854386,0,0,18/09/2025 19:00,18/09/2025 20:00,18/01/2026 06:31
Nederland,ElectricityLoad,Hour,9871796,9871796,0,0,18/09/2025 20:00,18/09/2025 21:00,18/01/2026 06:31
Nederland,ElectricityLoad,Hour,9116669,9116669,0,0,18/09/2025 21:00,18/09/2025 22:00,18/01/2026 06:31
Nederland,ElectricityLoad,Hour,8853650,8853650,0,0,18/09/2025 22:00,18/09/2025 23:00,18/01/2026 06:31
Nederland,ElectricityLoad,Hour,8282334,8282334,0,0,18/09/2025 23:00,19/09/2025 00:00,18/01/2026 06:31
Nederland,ElectricityLoad,Hour,7766017,7766017,0,0,19/09/2025 00:00,19/09/2025 01:00,19/01/2026 06:32
Nederland,ElectricityLoad,Hour,7469799,7469799,0,0,19/09/2025 01:00,19/09/2025 02:00,19/01/2026 06:32
Nederland,ElectricityLoad,Hour,7566458,7566458,0,0,19/09/2025 02:00,19/09/2025 03:00,19/01/2026 06:32
Nederland,ElectricityLoad,Hour,7820561,7820561,0,0,19/09/2025 03:00,19/09/2025 04:00,19/01/2026 06:32
Nederland,ElectricityLoad,Hour,8167021,8167021,0,0,19/09/2025 04:00,19/09/2025 05:00,19/01/2026 06:32
Nederland,ElectricityLoad,Hour,8736186,8736186,0,0,19/09/2025 05:00,19/09/2025 06:00,19/01/2026 06:32
Nederland,ElectricityLoad,Hour,10438794,10438794,0,0,19/09/2025 06:00,19/09/2025 07:00,19/01/2026 06:32
Nederland,ElectricityLoad,Hour,12228253,12228253,0,0,19/09/2025 07:00,19/09/2025 08:00,19/01/2026 06:32
Nederland,ElectricityLoad,Hour,14039313,14039313,0,0,19/09/2025 08:00,19/09/2025 09:00,19/01/2026 06:32
Nederland,ElectricityLoad,Hour,16647669,16647669,0,0,19/09/2025 09:00,19/09/2025 10:00,19/01/2026 06:32
Nederland,ElectricityLoad,Hour,18257677,18257677,0,0,19/09/2025 10:00,19/09/2025 11:00,19/01/2026 06:32
Nederland,ElectricityLoad,Hour,16826690,16826690,0,0,19/09/2025 11:00,19/09/2025 12:00,19/01/2026 06:32
Nederland,ElectricityLoad,Hour,16334894,16334894,0,0,19/09/2025 12:00,19/09/2025 13:00,19/01/2026 06:32
Nederland,ElectricityLoad,Hour,16804702,16804702,0,0,19/09/2025 13:00,19/09/2025 14:00,19/01/2026 06:32
Nederland,ElectricityLoad,Hour,15517547,15517547,0,0,19/09/2025 14:00,19/09/2025 15:00,19/01/2026 06:32
Nederland,ElectricityLoad,Hour,14363903,14363903,0,0,19/09/2025 15:00,19/09/2025 16:00,19/01/2026 06:32
Nederland,ElectricityLoad,Hour,12092949,12092949,0,0,19/09/2025 16:00,19/09/2025 17:00,19/01/2026 06:32
Nederland,ElectricityLoad,Hour,9357308,9357308,0,0,19/09/2025 17:00,19/09/2025 18:00,19/01/2026 06:32
Nederland,ElectricityLoad,Hour,8607254,8607254,0,0,19/09/2025 18:00,19/09/2025 19:00,19/01/2026 06:32
Nederland,ElectricityLoad,Hour,7967998,7967998,0,0,19/09/2025 19:00,19/09/2025 20:00,19/01/2026 06:32
Nederland,ElectricityLoad,Hour,7449082,7449082,0,0,19/09/2025 20:00,19/09/2025 21:00,19/01/2026 06:32
Nederland,ElectricityLoad,Hour,6843593,6843593,0,0,19/09/2025 21:00,19/09/2025 22:00,19/01/2026 06:32
Nederland,ElectricityLoad,Hour,6506501,6506501,0,0,19/09/2025 22:00,19/09/2025 23:00,19/01/2026 06:32
Nederland,ElectricityLoad,Hour,5852098,5852098,0,0,19/09/2025 23:00,20/09/2025 00:00,19/01/2026 06:32
Nederland,ElectricityLoad,Hour,5834181,5834181,0,0,20/09/2025 00:00,20/09/2025 01:00,20/01/2026 06:31
Nederland,ElectricityLoad,Hour,5706738,5706738,0,0,20/09/2025 01:00,20/09/2025 02:00,20/01/2026 06:31
Nederland,ElectricityLoad,Hour,5917643,5917643,0,0,20/09/2025 02:00,20/09/2025 03:00,20/01/2026 06:31
Nederland,ElectricityLoad,Hour,6004945,6004945,0,0,20/09/2025 03:00,20/09/2025 04:00,20/01/2026 06:31
Nederland,ElectricityLoad,Hour,6299931,6299931,0,0,20/09/2025 04:00,20/09/2025 05:00,20/01/2026 06:31
Nederland,ElectricityLoad,Hour,6709380,6709380,0,0,20/09/2025 05:00,20/09/2025 06:00,20/01/2026 06:31
Nederland,ElectricityLoad,Hour,7579904,7579904,0,0,20/09/2025 06:00,20/09/2025 07:00,20/01/2026 06:31
Nederland,ElectricityLoad,Hour,9191700,9191700,0,0,20/09/2025 07:00,20/09/2025 08:00,20/01/2026 06:31
Nederland,ElectricityLoad,Hour,11191604,11191604,0,0,20/09/2025 08:00,20/09/2025 09:00,20/01/2026 06:31
Nederland,ElectricityLoad,Hour,13797521,13797521,0,0,20/09/2025 09:00,20/09/2025 10:00,20/01/2026 06:31
Nederland,ElectricityLoad,Hour,12342288,12342288,0,0,20/09/2025 10:00,20/09/2025 11:00,20/01/2026 06:31
Nederland,ElectricityLoad,Hour,11443132,11443132,0,0,20/09/2025 11:00,20/09/2025 12:00,20/01/2026 06:31
Nederland,ElectricityLoad,Hour,10398734,10398734,0,0,20/09/2025 12:00,20/09/2025 13:00,20/01/2026 06:31
Nederland,ElectricityLoad,Hour,10836768,10836768,0,0,20/09/2025 13:00,20/09/2025 14:00,20/01/2026 06:31
Nederland,ElectricityLoad,Hour,10941024,10941024,0,0,20/09/2025 14:00,20/09/2025 15:00,20/01/2026 06:31
Nederland,ElectricityLoad,Hour,11017878,11017878,0,0,20/09/2025 15:00,20/09/2025 16:00,20/01/2026 06:31
Nederland,ElectricityLoad,Hour,10104321,10104321,0,0,20/09/2025 16:00,20/09/2025 17:00,20/01/2026 06:31
Nederland,ElectricityLoad,Hour,8525008,8525008,0,0,20/09/2025 17:00,20/09/2025 18:00,20/01/2026 06:31
Nederland,ElectricityLoad,Hour,7776154,7776154,0,0,20/09/2025 18:00,20/09/2025 19:00,20/01/2026 06:31
Nederland,ElectricityLoad,Hour,7531829,7531829,0,0,20/09/2025 19:00,20/09/2025 20:00,20/01/2026 06:31
Nederland,ElectricityLoad,Hour,7597068,7597068,0,0,20/09/2025 20:00,20/09/2025 21:00,20/01/2026 06:31
Nederland,ElectricityLoad,Hour,8070044,8070044,0,0,20/09/2025 21:00,20/09/2025 22:00,20/01/2026 06:31
Nederland,ElectricityLoad,Hour,8060627,8060627,0,0,20/09/2025 22:00,20/09/2025 23:00,20/01/2026 06:31
Nederland,ElectricityLoad,Hour,7693111,7693111,0,0,20/09/2025 23:00,21/09/2025 00:00,20/01/2026 06:31
Nederland,ElectricityLoad,Hour,8310809,8310809,0,0,21/09/2025 00:00,21/09/2025 01:00,21/01/2026 06:31
Nederland,ElectricityLoad,Hour,8507093,8507093,0,0,21/09/2025 01:00,21/09/2025 02:00,21/01/2026 06:31
Nederland,ElectricityLoad,Hour,8522259,8522259,0,0,21/09/2025 02:00,21/09/2025 03:00,21/01/2026 06:31
Nederland,ElectricityLoad,Hour,8211555,8211555,0,0,21/09/2025 03:00,21/09/2025 04:00,21/01/2026 06:31
Nederland,ElectricityLoad,Hour,8685328,8685328,0,0,21/09/2025 04:00,21/09/2025 05:00,21/01/2026 06:31
Nederland,ElectricityLoad,Hour,9079622,9079622,0,0,21/09/2025 05:00,21/09/2025 06:00,21/01/2026 06:31
Nederland,ElectricityLoad,Hour,9971738,9971738,0,0,21/09/2025 06:00,21/09/2025 07:00,21/01/2026 06:31
Nederland,ElectricityLoad,Hour,10992722,10992722,0,0,21/09/2025 07:00,21/09/2025 08:00,21/01/2026 06:31
Nederland,ElectricityLoad,Hour,12002596,12002596,0,0,21/09/2025 08:00,21/09/2025 09:00,21/01/2026 06:31
Nederland,ElectricityLoad,Hour,13090583,13090583,0,0,21/09/2025 09:00,21/09/2025 10:00,21/01/2026 06:31
Nederland,ElectricityLoad,Hour,12921729,12921729,0,0,21/09/2025 10:00,21/09/2025 11:00,21/01/2026 06:31
Nederland,ElectricityLoad,Hour,12947318,12947318,0,0,21/09/2025 11:00,21/09/2025 12:00,21/01/2026 06:31
Nederland,ElectricityLoad,Hour,13573807,13573807,0,0,21/09/2025 12:00,21/09/2025 13:00,21/01/2026 06:31
Nederland,ElectricityLoad,Hour,13239734,13239734,0,0,21/09/2025 13:00,21/09/2025 14:00,21/01/2026 06:31
Nederland,ElectricityLoad,Hour,13761628,13761628,0,0,21/09/2025 14:00,21/09/2025 15:00,21/01/2026 06:31
Nederland,ElectricityLoad,Hour,13396512,13396512,0,0,21/09/2025 15:00,21/09/2025 16:00,21/01/2026 06:31
Nederland,ElectricityLoad,Hour,11943484,11943484,0,0,21/09/2025 16:00,21/09/2025 17:00,21/01/2026 06:31
Nederland,ElectricityLoad,Hour,9419703,9419703,0,0,21/09/2025 17:00,21/09/2025 18:00,21/01/2026 06:31
Nederland,ElectricityLoad,Hour,8499093,8499093,0,0,21/09/2025 18:00,21/09/2025 19:00,21/01/2026 06:31
Nederland,ElectricityLoad,Hour,8205184,8205184,0,0,21/09/2025 19:00,21/09/2025 20:00,21/01/2026 06:31
Nederland,ElectricityLoad,Hour,8318834,8318834,0,0,21/09/2025 20:00,21/09/2025 21:00,21/01/2026 06:31
Nederland,ElectricityLoad,Hour,8032851,8032851,0,0,21/09/2025 21:00,21/09/2025 22:00,21/01/2026 06:31
Nederland,ElectricityLoad,Hour,7389849,7389849,0,0,21/09/2025 22:00,21/09/2025 23:00,21/01/2026 06:31
Nederland,ElectricityLoad,Hour,7033370,7033370,0,0,21/09/2025 23:00,22/09/2025 00:00,21/01/2026 06:31
Nederland,ElectricityLoad,Hour,6937237,6937237,0,0,22/09/2025 00:00,22/09/2025 01:00,22/01/2026 06:32
Nederland,ElectricityLoad,Hour,6590354,6590354,0,0,22/09/2025 01:00,22/09/2025 02:00,22/01/2026 06:32
Nederland,ElectricityLoad,Hour,6347978,6347978,0,0,22/09/2025 02:00,22/09/2025 03:00,22/01/2026 06:32
Nederland,ElectricityLoad,Hour,6665808,6665808,0,0,22/09/2025 03:00,22/09/2025 04:00,22/01/2026 06:32
Nederland,ElectricityLoad,Hour,7558957,7558957,0,0,22/09/2025 04:00,22/09/2025 05:00,22/01/2026 06:32
Nederland,ElectricityLoad,Hour,8699157,8699157,0,0,22/09/2025 05:00,22/09/2025 06:00,22/01/2026 06:32
Nederland,ElectricityLoad,Hour,9438561,9438561,0,0,22/09/2025 06:00,22/09/2025 07:00,22/01/2026 06:32
Nederland,ElectricityLoad,Hour,11176654,11176654,0,0,22/09/2025 07:00,22/09/2025 08:00,22/01/2026 06:32
Nederland,ElectricityLoad,Hour,14325592,14325592,0,0,22/09/2025 08:00,22/09/2025 09:00,22/01/2026 06:32
Nederland,ElectricityLoad,Hour,16968228,16968228,0,0,22/09/2025 09:00,22/09/2025 10:00,22/01/2026 06:32
Nederland,ElectricityLoad,Hour,15725081,15725081,0,0,22/09/2025 10:00,22/09/2025 11:00,22/01/2026 06:32
Nederland,ElectricityLoad,Hour,17178823,17178823,0,0,22/09/2025 11:00,22/09/2025 12:00,22/01/2026 06:32
Nederland,ElectricityLoad,Hour,17839770,17839770,0,0,22/09/2025 12:00,22/09/2025 13:00,22/01/2026 06:32
Nederland,ElectricityLoad,Hour,16789057,16789057,0,0,22/09/2025 13:00,22/09/2025 14:00,22/01/2026 06:32
Nederland,ElectricityLoad,Hour,15798590,15798590,0,0,22/09/2025 14:00,22/09/2025 15:00,22/01/2026 06:32
Nederland,ElectricityLoad,Hour,14615903,14615903,0,0,22/09/2025 15:00,22/09/2025 16:00,22/01/2026 06:32
Nederland,ElectricityLoad,Hour,13309059,13309059,0,0,22/09/2025 16:00,22/09/2025 17:00,22/01/2026 06:32
Nederland,ElectricityLoad,Hour,10659915,10659915,0,0,22/09/2025 17:00,22/09/2025 18:00,22/01/2026 06:32
Nederland,ElectricityLoad,Hour,9933715,9933715,0,0,22/09/2025 18:00,22/09/2025 19:00,22/01/2026 06:32
Nederland,ElectricityLoad,Hour,9236479,9236479,0,0,22/09/2025 19:00,22/09/2025 20:00,22/01/2026 06:32
Nederland,ElectricityLoad,Hour,8497070,8497070,0,0,22/09/2025 20:00,22/09/2025 21:00,22/01/2026 06:32
Nederland,ElectricityLoad,Hour,8255227,8255227,0,0,22/09/2025 21:00,22/09/2025 22:00,22/01/2026 06:32
Nederland,ElectricityLoad,Hour,8242136,8242136,0,0,22/09/2025 22:00,22/09/2025 23:00,22/01/2026 06:32
Nederland,ElectricityLoad,Hour,7930962,7930962,0,0,22/09/2025 23:00,23/09/2025 00:00,22/01/2026 06:32
Nederland,ElectricityLoad,Hour,7727758,7727758,0,0,23/09/2025 00:00,23/09/2025 01:00,23/01/2026 06:32
Nederland,ElectricityLoad,Hour,7793535,7793535,0,0,23/09/2025 01:00,23/09/2025 02:00,23/01/2026 06:32
Nederland,ElectricityLoad,Hour,7907962,7907962,0,0,23/09/2025 02:00,23/09/2025 03:00,23/01/2026 06:32
Nederland,ElectricityLoad,Hour,7969502,7969502,0,0,23/09/2025 03:00,23/09/2025 04:00,23/01/2026 06:32
Nederland,ElectricityLoad,Hour,8378153,8378153,0,0,23/09/2025 04:00,23/09/2025 05:00,23/01/2026 06:32
Nederland,ElectricityLoad,Hour,9482254,9482254,0,0,23/09/2025 05:00,23/09/2025 06:00,23/01/2026 06:32
Nederland,ElectricityLoad,Hour,10926503,10926503,0,0,23/09/2025 06:00,23/09/2025 07:00,23/01/2026 06:32
Nederland,ElectricityLoad,Hour,12486483,12486483,0,0,23/09/2025 07:00,23/09/2025 08:00,23/01/2026 06:32
Nederland,ElectricityLoad,Hour,14599493,14599493,0,0,23/09/2025 08:00,23/09/2025 09:00,23/01/2026 06:32
Nederland,ElectricityLoad,Hour,15668147,15668147,0,0,23/09/2025 09:00,23/09/2025 10:00,23/01/2026 06:32
Nederland,ElectricityLoad,Hour,15524688,15524688,0,0,23/09/2025 10:00,23/09/2025 11:00,23/01/2026 06:32
Nederland,ElectricityLoad,Hour,15412915,15412915,0,0,23/09/2025 11:00,23/09/2025 12:00,23/01/2026 06:32
Nederland,ElectricityLoad,Hour,13819873,13819873,0,0,23/09/2025 12:00,23/09/2025 13:00,23/01/2026 06:32
Nederland,ElectricityLoad,Hour,13985573,13985573,0,0,23/09/2025 13:00,23/09/2025 14:00,23/01/2026 06:32
Nederland,ElectricityLoad,Hour,14620394,14620394,0,0,23/09/2025 14:00,23/09/2025 15:00,23/01/2026 06:32
Nederland,ElectricityLoad,Hour,13494510,13494510,0,0,23/09/2025 15:00,23/09/2025 16:00,23/01/2026 06:32
Nederland,ElectricityLoad,Hour,12411096,12411096,0,0,23/09/2025 16:00,23/09/2025 17:00,23/01/2026 06:32
Nederland,ElectricityLoad,Hour,10352247,10352247,0,0,23/09/2025 17:00,23/09/2025 18:00,23/01/2026 06:32
Nederland,ElectricityLoad,Hour,9835499,9835499,0,0,23/09/2025 18:00,23/09/2025 19:00,23/01/2026 06:32
Nederland,ElectricityLoad,Hour,8731665,8731665,0,0,23/09/2025 19:00,23/09/2025 20:00,23/01/2026 06:32
Nederland,ElectricityLoad,Hour,8041444,8041444,0,0,23/09/2025 20:00,23/09/2025 21:00,23/01/2026 06:32
Nederland,ElectricityLoad,Hour,7506543,7506543,0,0,23/09/2025 21:00,23/09/2025 22:00,23/01/2026 06:32
Nederland,ElectricityLoad,Hour,7352887,7352887,0,0,23/09/2025 22:00,23/09/2025 23:00,23/01/2026 06:32
Nederland,ElectricityLoad,Hour,6815198,6815198,0,0,23/09/2025 23:00,24/09/2025 00:00,23/01/2026 06:32
Nederland,ElectricityLoad,Hour,6498062,6498062,0,0,24/09/2025 00:00,24/09/2025 01:00,24/01/2026 06:32
Nederland,ElectricityLoad,Hour,6419976,6419976,0,0,24/09/2025 01:00,24/09/2025 02:00,24/01/2026 06:32
Nederland,ElectricityLoad,Hour,6569925,6569925,0,0,24/09/2025 02:00,24/09/2025 03:00,24/01/2026 06:32
Nederland,ElectricityLoad,Hour,6751854,6751854,0,0,24/09/2025 03:00,24/09/2025 04:00,24/01/2026 06:32
Nederland,ElectricityLoad,Hour,7460127,7460127,0,0,24/09/2025 04:00,24/09/2025 05:00,24/01/2026 06:32
Nederland,ElectricityLoad,Hour,8498594,8498594,0,0,24/09/2025 05:00,24/09/2025 06:00,24/01/2026 06:32
Nederland,ElectricityLoad,Hour,9774462,9774462,0,0,24/09/2025 06:00,24/09/2025 07:00,24/01/2026 06:32
Nederland,ElectricityLoad,Hour,11563403,11563403,0,0,24/09/2025 07:00,24/09/2025 08:00,24/01/2026 06:32
Nederland,ElectricityLoad,Hour,14136133,14136133,0,0,24/09/2025 08:00,24/09/2025 09:00,24/01/2026 06:32
Nederland,ElectricityLoad,Hour,16340621,16340621,0,0,24/09/2025 09:00,24/09/2025 10:00,24/01/2026 06:32
Nederland,ElectricityLoad,Hour,17293564,17293564,0,0,24/09/2025 10:00,24/09/2025 11:00,24/01/2026 06:32
Nederland,ElectricityLoad,Hour,16622327,16622327,0,0,24/09/2025 11:00,24/09/2025 12:00,24/01/2026 06:32
Nederland,ElectricityLoad,Hour,17043457,17043457,0,0,24/09/2025 12:00,24/09/2025 13:00,24/01/2026 06:32
Nederland,ElectricityLoad,Hour,17240966,17240966,0,0,24/09/2025 13:00,24/09/2025 14:00,24/01/2026 06:32
Nederland,ElectricityLoad,Hour,15879808,15879808,0,0,24/09/2025 14:00,24/09/2025 15:00,24/01/2026 06:32
Nederland,ElectricityLoad,Hour,14882968,14882968,0,0,24/09/2025 15:00,24/09/2025 16:00,24/01/2026 06:32
Nederland,ElectricityLoad,Hour,12974101,12974101,0,0,24/09/2025 16:00,24/09/2025 17:00,24/01/2026 06:32
Nederland,ElectricityLoad,Hour,10501338,10501338,0,0,24/09/2025 17:00,24/09/2025 18:00,24/01/2026 06:32
Nederland,ElectricityLoad,Hour,9140373,9140373,0,0,24/09/2025 18:00,24/09/2025 19:00,24/01/2026 06:32
Nederland,ElectricityLoad,Hour,8104445,8104445,0,0,24/09/2025 19:00,24/09/2025 20:00,24/01/2026 06:32
Nederland,ElectricityLoad,Hour,7688905,7688905,0,0,24/09/2025 20:00,24/09/2025 21:00,24/01/2026 06:32
Nederland,ElectricityLoad,Hour,7685095,7685095,0,0,24/09/2025 21:00,24/09/2025 22:00,24/01/2026 06:32
Nederland,ElectricityLoad,Hour,7583427,7583427,0,0,24/09/2025 22:00,24/09/2025 23:00,24/01/2026 06:32
Nederland,ElectricityLoad,Hour,7102010,7102010,0,0,24/09/2025 23:00,25/09/2025 00:00,24/01/2026 06:32
Nederland,ElectricityLoad,Hour,7109518,7109518,0,0,25/09/2025 00:00,25/09/2025 01:00,25/01/2026 06:33
Nederland,ElectricityLoad,Hour,7052856,7052856,0,0,25/09/2025 01:00,25/09/2025 02:00,25/01/2026 06:33
Nederland,ElectricityLoad,Hour,6936578,6936578,0,0,25/09/2025 02:00,25/09/2025 03:00,25/01/2026 06:33
Nederland,ElectricityLoad,Hour,7113522,7113522,0,0,25/09/2025 03:00,25/09/2025 04:00,25/01/2026 06:33
Nederland,ElectricityLoad,Hour,7982062,7982062,0,0,25/09/2025 04:00,25/09/2025 05:00,25/01/2026 06:33
Nederland,ElectricityLoad,Hour,9250188,9250188,0,0,25/09/2025 05:00,25/09/2025 06:00,25/01/2026 06:33
Nederland,ElectricityLoad,Hour,10635995,10635995,0,0,25/09/2025 06:00,25/09/2025 07:00,25/01/2026 06:33
Nederland,ElectricityLoad,Hour,13525064,13525064,0,0,25/09/2025 07:00,25/09/2025 08:00,25/01/2026 06:33
Nederland,ElectricityLoad,Hour,15006034,15006034,0,0,25/09/2025 08:00,25/09/2025 09:00,25/01/2026 06:33
Nederland,ElectricityLoad,Hour,15876731,15876731,0,0,25/09/2025 09:00,25/09/2025 10:00,25/01/2026 06:33
Nederland,ElectricityLoad,Hour,16430046,16430046,0,0,25/09/2025 10:00,25/09/2025 11:00,25/01/2026 06:33
Nederland,ElectricityLoad,Hour,17474943,17474943,0,0,25/09/2025 11:00,25/09/2025 12:00,25/01/2026 06:33
Nederland,ElectricityLoad,Hour,17315171,17315171,0,0,25/09/2025 12:00,25/09/2025 13:00,25/01/2026 06:33
Nederland,ElectricityLoad,Hour,15974451,15974451,0,0,25/09/2025 13:00,25/09/2025 14:00,25/01/2026 06:33
Nederland,ElectricityLoad,Hour,15323115,15323115,0,0,25/09/2025 14:00,25/09/2025 15:00,25/01/2026 06:33
Nederland,ElectricityLoad,Hour,14031773,14031773,0,0,25/09/2025 15:00,25/09/2025 16:00,25/01/2026 06:33
Nederland,ElectricityLoad,Hour,12151796,12151796,0,0,25/09/2025 16:00,25/09/2025 17:00,25/01/2026 06:33
Nederland,ElectricityLoad,Hour,11148915,11148915,0,0,25/09/2025 17:00,25/09/2025 18:00,25/01/2026 06:33
Nederland,ElectricityLoad,Hour,10013027,10013027,0,0,25/09/2025 18:00,25/09/2025 19:00,25/01/2026 06:33
Nederland,ElectricityLoad,Hour,9493341,9493341,0,0,25/09/2025 19:00,25/09/2025 20:00,25/01/2026 06:33
Nederland,ElectricityLoad,Hour,8781424,8781424,0,0,25/09/2025 20:00,25/09/2025 21:00,25/01/2026 06:33
Nederland,ElectricityLoad,Hour,8623972,8623972,0,0,25/09/2025 21:00,25/09/2025 22:00,25/01/2026 06:33
Nederland,ElectricityLoad,Hour,8588338,8588338,0,0,25/09/2025 22:00,25/09/2025 23:00,25/01/2026 06:33
Nederland,ElectricityLoad,Hour,7946361,7946361,0,0,25/09/2025 23:00,26/09/2025 00:00,25/01/2026 06:33
Nederland,ElectricityLoad,Hour,8156901,8156901,0,0,26/09/2025 00:00,26/09/2025 01:00,26/01/2026 06:32
Nederland,ElectricityLoad,Hour,8425754,8425754,0,0,26/09/2025 01:00,26/09/2025 02:00,26/01/2026 06:32
Nederland,ElectricityLoad,Hour,8091504,8091504,0,0,26/09/2025 02:00,26/09/2025 03:00,26/01/2026 06:32
Nederland,ElectricityLoad,Hour,8343370,8343370,0,0,26/09/2025 03:00,26/09/2025 04:00,26/01/2026 06:32
Nederland,ElectricityLoad,Hour,8765926,8765926,0,0,26/09/2025 04:00,26/09/2025 05:00,26/01/2026 06:32
Nederland,ElectricityLoad,Hour,10172578,10172578,0,0,26/09/2025 05:00,26/09/2025 06:00,26/01/2026 06:32
Nederland,ElectricityLoad,Hour,11287844,11287844,0,0,26/09/2025 06:00,26/09/2025 07:00,26/01/2026 06:32
Nederland,ElectricityLoad,Hour,12230702,12230702,0,0,26/09/2025 07:00,26/09/2025 08:00,26/01/2026 06:32
Nederland,ElectricityLoad,Hour,13720500,13720500,0,0,26/09/2025 08:00,26/09/2025 09:00,26/01/2026 06:32
Nederland,ElectricityLoad,Hour,14371733,14371733,0,0,26/09/2025 09:00,26/09/2025 10:00,26/01/2026 06:32
Nederland,ElectricityLoad,Hour,16266394,16266394,0,0,26/09/2025 10:00,26/09/2025 11:00,26/01/2026 06:32
Nederland,ElectricityLoad,Hour,11987326,11987326,0,0,26/09/2025 11:00,26/09/2025 12:00,26/01/2026 06:32
Nederland,ElectricityLoad,Hour,0,0,0,0,26/09/2025 12:00,26/09/2025 13:00,26/01/2026 06:32
Nederland,ElectricityLoad,Hour,0,0,0,0,26/09/2025 13:00,26/09/2025 14:00,26/01/2026 06:32
Nederland,ElectricityLoad,Hour,0,0,0,0,26/09/2025 14:00,26/09/2025 15:00,26/01/2026 06:32
Nederland,ElectricityLoad,Hour,0,0,0,0,26/09/2025 15:00,26/09/2025 16:00,26/01/2026 06:32
Nederland,ElectricityLoad,Hour,0,0,0,0,26/09/2025 16:00,26/09/2025 17:00,26/01/2026 06:32
Nederland,ElectricityLoad,Hour,0,0,0,0,26/09/2025 17:00,26/09/2025 18:00,26/01/2026 06:32
Nederland,ElectricityLoad,Hour,0,0,0,0,26/09/2025 18:00,26/09/2025 19:00,26/01/2026 06:32
Nederland,ElectricityLoad,Hour,0,0,0,0,26/09/2025 19:00,26/09/2025 20:00,26/01/2026 06:32
Nederland,ElectricityLoad,Hour,0,0,0,0,26/09/2025 20:00,26/09/2025 21:00,26/01/2026 06:32
Nederland,ElectricityLoad,Hour,0,0,0,0,26/09/2025 21:00,26/09/2025 22:00,26/01/2026 06:32
Nederland,ElectricityLoad,Hour,0,0,0,0,26/09/2025 22:00,26/09/2025 23:00,26/01/2026 06:32
Nederland,ElectricityLoad,Hour,0,0,0,0,26/09/2025 23:00,27/09/2025 00:00,26/01/2026 06:32
Nederland,ElectricityLoad,Hour,0,0,0,0,27/09/2025 00:00,27/09/2025 01:00,26/01/2026 06:32
Nederland,ElectricityLoad,Hour,0,0,0,0,27/09/2025 01:00,27/09/2025 02:00,26/01/2026 06:32
Nederland,ElectricityLoad,Hour,0,0,0,0,27/09/2025 02:00,27/09/2025 03:00,26/01/2026 06:32
Nederland,ElectricityLoad,Hour,0,0,0,0,27/09/2025 03:00,27/09/2025 04:00,26/01/2026 06:32
Nederland,ElectricityLoad,Hour,0,0,0,0,27/09/2025 04:00,27/09/2025 05:00,26/01/2026 06:32
Nederland,ElectricityLoad,Hour,0,0,0,0,27/09/2025 05:00,27/09/2025 06:00,26/01/2026 06:32
Nederland,ElectricityLoad,Hour,0,0,0,0,27/09/2025 06:00,27/09/2025 07:00,26/01/2026 06:32
Nederland,ElectricityLoad,Hour,0,0,0,0,27/09/2025 07:00,27/09/2025 08:00,26/01/2026 06:32
Nederland,ElectricityLoad,Hour,0,0,0,0,27/09/2025 08:00,27/09/2025 09:00,26/01/2026 06:32
Nederland,ElectricityLoad,Hour,11889377,11889377,0,0,27/09/2025 09:00,27/09/2025 10:00,27/01/2026 06:32
Nederland,ElectricityLoad,Hour,13007470,13007470,0,0,27/09/2025 10:00,27/09/2025 11:00,27/01/2026 06:32
Nederland,ElectricityLoad,Hour,12820449,12820449,0,0,27/09/2025 11:00,27/09/2025 12:00,27/01/2026 06:32
Nederland,ElectricityLoad,Hour,11731343,11731343,0,0,27/09/2025 12:00,27/09/2025 13:00,27/01/2026 06:32
Nederland,ElectricityLoad,Hour,11091432,11091432,0,0,27/09/2025 13:00,27/09/2025 14:00,27/01/2026 06:32
Nederland,ElectricityLoad,Hour,11239251,11239251,0,0,27/09/2025 14:00,27/09/2025 15:00,27/01/2026 06:32
Nederland,ElectricityLoad,Hour,11708301,11708301,0,0,27/09/2025 15:00,27/09/2025 16:00,27/01/2026 06:32
Nederland,ElectricityLoad,Hour,10421824,10421824,0,0,27/09/2025 16:00,27/09/2025 17:00,27/01/2026 06:32
Nederland,ElectricityLoad,Hour,9704571,9704571,0,0,27/09/2025 17:00,27/09/2025 18:00,27/01/2026 06:32
Nederland,ElectricityLoad,Hour,9353437,9353437,0,0,27/09/2025 18:00,27/09/2025 19:00,27/01/2026 06:32
Nederland,ElectricityLoad,Hour,8906772,8906772,0,0,27/09/2025 19:00,27/09/2025 20:00,27/01/2026 06:32
Nederland,ElectricityLoad,Hour,8514818,8514818,0,0,27/09/2025 20:00,27/09/2025 21:00,27/01/2026 06:32
Nederland,ElectricityLoad,Hour,8259035,8259035,0,0,27/09/2025 21:00,27/09/2025 22:00,27/01/2026 06:32
Nederland,ElectricityLoad,Hour,8176085,8176085,0,0,27/09/2025 22:00,27/09/2025 23:00,27/01/2026 06:32
Nederland,ElectricityLoad,Hour,7947139,7947139,0,0,27/09/2025 23:00,28/09/2025 00:00,27/01/2026 06:32
Nederland,ElectricityLoad,Hour,7745934,7745934,0,0,28/09/2025 00:00,28/09/2025 01:00,28/01/2026 06:33
Nederland,ElectricityLoad,Hour,7510155,7510155,0,0,28/09/2025 01:00,28/09/2025 02:00,28/01/2026 06:33
Nederland,ElectricityLoad,Hour,7609746,7609746,0,0,28/09/2025 02:00,28/09/2025 03:00,28/01/2026 06:33
Nederland,ElectricityLoad,Hour,7627908,7627908,0,0,28/09/2025 03:00,28/09/2025 04:00,28/01/2026 06:33
Nederland,ElectricityLoad,Hour,7688910,7688910,0,0,28/09/2025 04:00,28/09/2025 05:00,28/01/2026 06:33
Nederland,ElectricityLoad,Hour,8060123,8060123,0,0,28/09/2025 05:00,28/09/2025 06:00,28/01/2026 06:33
Nederland,ElectricityLoad,Hour,8713220,8713220,0,0,28/09/2025 06:00,28/09/2025 07:00,28/01/2026 06:33
Nederland,ElectricityLoad,Hour,9932805,9932805,0,0,28/09/2025 07:00,28/09/2025 08:00,28/01/2026 06:33
Nederland,ElectricityLoad,Hour,11390001,11390001,0,0,28/09/2025 08:00,28/09/2025 09:00,28/01/2026 06:33
Nederland,ElectricityLoad,Hour,12408485,12408485,0,0,28/09/2025 09:00,28/09/2025 10:00,28/01/2026 06:33
Nederland,ElectricityLoad,Hour,13916861,13916861,0,0,28/09/2025 10:00,28/09/2025 11:00,28/01/2026 06:33
Nederland,ElectricityLoad,Hour,14005075,14005075,0,0,28/09/2025 11:00,28/09/2025 12:00,28/01/2026 06:33
Nederland,ElectricityLoad,Hour,12667145,12667145,0,0,28/09/2025 12:00,28/09/2025 13:00,28/01/2026 06:33
Nederland,ElectricityLoad,Hour,12404303,12404303,0,0,28/09/2025 13:00,28/09/2025 14:00,28/01/2026 06:33
Nederland,ElectricityLoad,Hour,10734813,10734813,0,0,28/09/2025 14:00,28/09/2025 15:00,28/01/2026 06:33
Nederland,ElectricityLoad,Hour,11485759,11485759,0,0,28/09/2025 15:00,28/09/2025 16:00,28/01/2026 06:33
Nederland,ElectricityLoad,Hour,10375123,10375123,0,0,28/09/2025 16:00,28/09/2025 17:00,28/01/2026 06:33
Nederland,ElectricityLoad,Hour,9613519,9613519,0,0,28/09/2025 17:00,28/09/2025 18:00,28/01/2026 06:33
Nederland,ElectricityLoad,Hour,9808528,9808528,0,0,28/09/2025 18:00,28/09/2025 19:00,28/01/2026 06:33
Nederland,ElectricityLoad,Hour,9288528,9288528,0,0,28/09/2025 19:00,28/09/2025 20:00,28/01/2026 06:33
Nederland,ElectricityLoad,Hour,8961939,8961939,0,0,28/09/2025 20:00,28/09/2025 21:00,28/01/2026 06:33
Nederland,ElectricityLoad,Hour,8586734,8586734,0,0,28/09/2025 21:00,28/09/2025 22:00,28/01/2026 06:33
Nederland,ElectricityLoad,Hour,8132153,8132153,0,0,28/09/2025 22:00,28/09/2025 23:00,28/01/2026 06:33
Nederland,ElectricityLoad,Hour,7963446,7963446,0,0,28/09/2025 23:00,29/09/2025 00:00,28/01/2026 06:33
Nederland,ElectricityLoad,Hour,7843998,7843998,0,0,29/09/2025 00:00,29/09/2025 01:00,29/01/2026 06:33
Nederland,ElectricityLoad,Hour,7834918,7834918,0,0,29/09/2025 01:00,29/09/2025 02:00,29/01/2026 06:33
Nederland,ElectricityLoad,Hour,7879549,7879549,0,0,29/09/2025 02:00,29/09/2025 03:00,29/01/2026 06:33
Nederland,ElectricityLoad,Hour,8093843,8093843,0,0,29/09/2025 03:00,29/09/2025 04:00,29/01/2026 06:33
Nederland,ElectricityLoad,Hour,8658616,8658616,0,0,29/09/2025 04:00,29/09/2025 05:00,29/01/2026 06:33
Nederland,ElectricityLoad,Hour,9702998,9702998,0,0,29/09/2025 05:00,29/09/2025 06:00,29/01/2026 06:33
Nederland,ElectricityLoad,Hour,10693287,10693287,0,0,29/09/2025 06:00,29/09/2025 07:00,29/01/2026 06:33
Nederland,ElectricityLoad,Hour,11915081,11915081,0,0,29/09/2025 07:00,29/09/2025 08:00,29/01/2026 06:33
Nederland,ElectricityLoad,Hour,13305039,13305039,0,0,29/09/2025 08:00,29/09/2025 09:00,29/01/2026 06:33
Nederland,ElectricityLoad,Hour,14582932,14582932,0,0,29/09/2025 09:00,29/09/2025 10:00,29/01/2026 06:33
Nederland,ElectricityLoad,Hour,15602030,15602030,0,0,29/09/2025 10:00,29/09/2025 11:00,29/01/2026 06:33
Nederland,ElectricityLoad,Hour,15306209,15306209,0,0,29/09/2025 11:00,29/09/2025 12:00,29/01/2026 06:33
Nederland,ElectricityLoad,Hour,15570373,15570373,0,0,29/09/2025 12:00,29/09/2025 13:00,29/01/2026 06:33
Nederland,ElectricityLoad,Hour,14688272,14688272,0,0,29/09/2025 13:00,29/09/2025 14:00,29/01/2026 06:33
Nederland,ElectricityLoad,Hour,14154711,14154711,0,0,29/09/2025 14:00,29/09/2025 15:00,29/01/2026 06:33
Nederland,ElectricityLoad,Hour,13503034,13503034,0,0,29/09/2025 15:00,29/09/2025 16:00,29/01/2026 06:33
Nederland,ElectricityLoad,Hour,12084785,12084785,0,0,29/09/2025 16:00,29/09/2025 17:00,29/01/2026 06:33
Nederland,ElectricityLoad,Hour,11008904,11008904,0,0,29/09/2025 17:00,29/09/2025 18:00,29/01/2026 06:33
Nederland,ElectricityLoad,Hour,10833388,10833388,0,0,29/09/2025 18:00,29/09/2025 19:00,29/01/2026 06:33
Nederland,ElectricityLoad,Hour,10441121,10441121,0,0,29/09/2025 19:00,29/09/2025 20:00,29/01/2026 06:33
Nederland,ElectricityLoad,Hour,9963191,9963191,0,0,29/09/2025 20:00,29/09/2025 21:00,29/01/2026 06:33
Nederland,ElectricityLoad,Hour,9421375,9421375,0,0,29/09/2025 21:00,29/09/2025 22:00,29/01/2026 06:33
Nederland,ElectricityLoad,Hour,8926017,8926017,0,0,29/09/2025 22:00,29/09/2025 23:00,29/01/2026 06:33
Nederland,ElectricityLoad,Hour,8565276,8565276,0,0,29/09/2025 23:00,30/09/2025 00:00,29/01/2026 06:33
Nederland,ElectricityLoad,Hour,8307525,8307525,0,0,30/09/2025 00:00,30/09/2025 01:00,30/01/2026 06:32
Nederland,ElectricityLoad,Hour,8236927,8236927,0,0,30/09/2025 01:00,30/09/2025 02:00,30/01/2026 06:32
Nederland,ElectricityLoad,Hour,8085133,8085133,0,0,30/09/2025 02:00,30/09/2025 03:00,30/01/2026 06:32
Nederland,ElectricityLoad,Hour,8199857,8199857,0,0,30/09/2025 03:00,30/09/2025 04:00,30/01/2026 06:32
Nederland,ElectricityLoad,Hour,8837643,8837643,0,0,30/09/2025 04:00,30/09/2025 05:00,30/01/2026 06:32
Nederland,ElectricityLoad,Hour,9958314,9958314,0,0,30/09/2025 05:00,30/09/2025 06:00,30/01/2026 06:32
Nederland,ElectricityLoad,Hour,10965552,10965552,0,0,30/09/2025 06:00,30/09/2025 07:00,30/01/2026 06:32
Nederland,ElectricityLoad,Hour,12225124,12225124,0,0,30/09/2025 07:00,30/09/2025 08:00,30/01/2026 06:32
Nederland,ElectricityLoad,Hour,13325353,13325353,0,0,30/09/2025 08:00,30/09/2025 09:00,30/01/2026 06:32
Nederland,ElectricityLoad,Hour,14048350,14048350,0,0,30/09/2025 09:00,30/09/2025 10:00,30/01/2026 06:32
Nederland,ElectricityLoad,Hour,14784905,14784905,0,0,30/09/2025 10:00,30/09/2025 11:00,30/01/2026 06:32
Nederland,ElectricityLoad,Hour,15411927,15411927,0,0,30/09/2025 11:00,30/09/2025 12:00,30/01/2026 06:32
Nederland,ElectricityLoad,Hour,14868180,14868180,0,0,30/09/2025 12:00,30/09/2025 13:00,30/01/2026 06:32
Nederland,ElectricityLoad,Hour,14125603,14125603,0,0,30/09/2025 13:00,30/09/2025 14:00,30/01/2026 06:32
Nederland,ElectricityLoad,Hour,15046754,15046754,0,0,30/09/2025 14:00,30/09/2025 15:00,30/01/2026 06:32
Nederland,ElectricityLoad,Hour,14407910,14407910,0,0,30/09/2025 15:00,30/09/2025 16:00,30/01/2026 06:32
Nederland,ElectricityLoad,Hour,11805860,11805860,0,0,30/09/2025 16:00,30/09/2025 17:00,30/01/2026 06:32
Nederland,ElectricityLoad,Hour,10782747,10782747,0,0,30/09/2025 17:00,30/09/2025 18:00,30/01/2026 06:32
Nederland,ElectricityLoad,Hour,10691009,10691009,0,0,30/09/2025 18:00,30/09/2025 19:00,30/01/2026 06:32
Nederland,ElectricityLoad,Hour,10411933,10411933,0,0,30/09/2025 19:00,30/09/2025 20:00,30/01/2026 06:32
Nederland,ElectricityLoad,Hour,10068722,10068722,0,0,30/09/2025 20:00,30/09/2025 21:00,30/01/2026 06:32
Nederland,ElectricityLoad,Hour,9499303,9499303,0,0,30/09/2025 21:00,30/09/2025 22:00,30/01/2026 06:32
Nederland,ElectricityLoad,Hour,8965022,8965022,0,0,30/09/2025 22:00,30/09/2025 23:00,30/01/2026 06:32
Nederland,ElectricityLoad,Hour,8553982,8553982,0,0,30/09/2025 23:00,01/10/2025 00:00,30/01/2026 06:32
Nederland,ElectricityLoad,Hour,8375220,8375220,0,0,01/10/2025 00:00,01/10/2025 01:00,31/01/2026 06:33
Nederland,ElectricityLoad,Hour,8312382,8312382,0,0,01/10/2025 01:00,01/10/2025 02:00,31/01/2026 06:33
Nederland,ElectricityLoad,Hour,8251363,8251363,0,0,01/10/2025 02:00,01/10/2025 03:00,31/01/2026 06:33
Nederland,ElectricityLoad,Hour,8494442,8494442,0,0,01/10/2025 03:00,01/10/2025 04:00,31/01/2026 06:33
Nederland,ElectricityLoad,Hour,8919591,8919591,0,0,01/10/2025 04:00,01/10/2025 05:00,31/01/2026 06:33
Nederland,ElectricityLoad,Hour,10183608,10183608,0,0,01/10/2025 05:00,01/10/2025 06:00,31/01/2026 06:33
Nederland,ElectricityLoad,Hour,11311457,11311457,0,0,01/10/2025 06:00,01/10/2025 07:00,31/01/2026 06:33
Nederland,ElectricityLoad,Hour,12767529,12767529,0,0,01/10/2025 07:00,01/10/2025 08:00,31/01/2026 06:33
Nederland,ElectricityLoad,Hour,14245091,14245091,0,0,01/10/2025 08:00,01/10/2025 09:00,31/01/2026 06:33
Nederland,ElectricityLoad,Hour,15613945,15613945,0,0,01/10/2025 09:00,01/10/2025 10:00,31/01/2026 06:33
Nederland,ElectricityLoad,Hour,16429992,16429992,0,0,01/10/2025 10:00,01/10/2025 11:00,31/01/2026 06:33
Nederland,ElectricityLoad,Hour,17150304,17150304,0,0,01/10/2025 11:00,01/10/2025 12:00,31/01/2026 06:33
Nederland,ElectricityLoad,Hour,16375674,16375674,0,0,01/10/2025 12:00,01/10/2025 13:00,31/01/2026 06:33
Nederland,ElectricityLoad,Hour,15325093,15325093,0,0,01/10/2025 13:00,01/10/2025 14:00,31/01/2026 06:33
Nederland,ElectricityLoad,Hour,13970127,13970127,0,0,01/10/2025 14:00,01/10/2025 15:00,31/01/2026 06:33
Nederland,ElectricityLoad,Hour,13810014,13810014,0,0,01/10/2025 15:00,01/10/2025 16:00,31/01/2026 06:33
Nederland,ElectricityLoad,Hour,11662812,11662812,0,0,01/10/2025 16:00,01/10/2025 17:00,31/01/2026 06:33
Nederland,ElectricityLoad,Hour,10799694,10799694,0,0,01/10/2025 17:00,01/10/2025 18:00,31/01/2026 06:33
Nederland,ElectricityLoad,Hour,10346028,10346028,0,0,01/10/2025 18:00,01/10/2025 19:00,31/01/2026 06:33
Nederland,ElectricityLoad,Hour,9891543,9891543,0,0,01/10/2025 19:00,01/10/2025 20:00,31/01/2026 06:33
Nederland,ElectricityLoad,Hour,9428672,9428672,0,0,01/10/2025 20:00,01/10/2025 21:00,31/01/2026 06:33
Nederland,ElectricityLoad,Hour,8786753,8786753,0,0,01/10/2025 21:00,01/10/2025 22:00,31/01/2026 06:33
Nederland,ElectricityLoad,Hour,8548577,8548577,0,0,01/10/2025 22:00,01/10/2025 23:00,31/01/2026 06:33
Nederland,ElectricityLoad,Hour,8232663,8232663,0,0,01/10/2025 23:00,02/10/2025 00:00,31/01/2026 06:33
Nederland,ElectricityLoad,Hour,8037590,8037590,0,0,02/10/2025 00:00,02/10/2025 01:00,01/02/2026 06:36
Nederland,ElectricityLoad,Hour,7913987,7913987,0,0,02/10/2025 01:00,02/10/2025 02:00,01/02/2026 06:36
Nederland,ElectricityLoad,Hour,7811815,7811815,0,0,02/10/2025 02:00,02/10/2025 03:00,01/02/2026 06:36
Nederland,ElectricityLoad,Hour,8158224,8158224,0,0,02/10/2025 03:00,02/10/2025 04:00,01/02/2026 06:36
Nederland,ElectricityLoad,Hour,9022527,9022527,0,0,02/10/2025 04:00,02/10/2025 05:00,01/02/2026 06:36
Nederland,ElectricityLoad,Hour,10324915,10324915,0,0,02/10/2025 05:00,02/10/2025 06:00,01/02/2026 06:36
Nederland,ElectricityLoad,Hour,11378012,11378012,0,0,02/10/2025 06:00,02/10/2025 07:00,01/02/2026 06:36
Nederland,ElectricityLoad,Hour,13044778,13044778,0,0,02/10/2025 07:00,02/10/2025 08:00,01/02/2026 06:36
Nederland,ElectricityLoad,Hour,13827757,13827757,0,0,02/10/2025 08:00,02/10/2025 09:00,01/02/2026 06:36
Nederland,ElectricityLoad,Hour,14737025,14737025,0,0,02/10/2025 09:00,02/10/2025 10:00,01/02/2026 06:36
Nederland,ElectricityLoad,Hour,15531281,15531281,0,0,02/10/2025 10:00,02/10/2025 11:00,01/02/2026 06:36
Nederland,ElectricityLoad,Hour,16368837,16368837,0,0,02/10/2025 11:00,02/10/2025 12:00,01/02/2026 06:36
Nederland,ElectricityLoad,Hour,16684374,16684374,0,0,02/10/2025 12:00,02/10/2025 13:00,01/02/2026 06:36
Nederland,ElectricityLoad,Hour,16500397,16500397,0,0,02/10/2025 13:00,02/10/2025 14:00,01/02/2026 06:36
Nederland,ElectricityLoad,Hour,14920953,14920953,0,0,02/10/2025 14:00,02/10/2025 15:00,01/02/2026 06:36
Nederland,ElectricityLoad,Hour,14451980,14451980,0,0,02/10/2025 15:00,02/10/2025 16:00,01/02/2026 06:36
Nederland,ElectricityLoad,Hour,11543617,11543617,0,0,02/10/2025 16:00,02/10/2025 17:00,01/02/2026 06:36
Nederland,ElectricityLoad,Hour,10101640,10101640,0,0,02/10/2025 17:00,02/10/2025 18:00,01/02/2026 06:36
Nederland,ElectricityLoad,Hour,9704383,9704383,0,0,02/10/2025 18:00,02/10/2025 19:00,01/02/2026 06:36
Nederland,ElectricityLoad,Hour,8807464,8807464,0,0,02/10/2025 19:00,02/10/2025 20:00,01/02/2026 06:36
Nederland,ElectricityLoad,Hour,7999616,7999616,0,0,02/10/2025 20:00,02/10/2025 21:00,01/02/2026 06:36
Nederland,ElectricityLoad,Hour,7904600,7904600,0,0,02/10/2025 21:00,02/10/2025 22:00,01/02/2026 06:36
Nederland,ElectricityLoad,Hour,7837875,7837875,0,0,02/10/2025 22:00,02/10/2025 23:00,01/02/2026 06:36
Nederland,ElectricityLoad,Hour,7577304,7577304,0,0,02/10/2025 23:00,03/10/2025 00:00,01/02/2026 06:36
Nederland,ElectricityLoad,Hour,7380158,7380158,0,0,03/10/2025 00:00,03/10/2025 01:00,02/02/2026 06:36
Nederland,ElectricityLoad,Hour,7231611,7231611,0,0,03/10/2025 01:00,03/10/2025 02:00,02/02/2026 06:36
Nederland,ElectricityLoad,Hour,7115363,7115363,0,0,03/10/2025 02:00,03/10/2025 03:00,02/02/2026 06:36
Nederland,ElectricityLoad,Hour,7409376,7409376,0,0,03/10/2025 03:00,03/10/2025 04:00,02/02/2026 06:36
Nederland,ElectricityLoad,Hour,8402575,8402575,0,0,03/10/2025 04:00,03/10/2025 05:00,02/02/2026 06:36
Nederland,ElectricityLoad,Hour,9618674,9618674,0,0,03/10/2025 05:00,03/10/2025 06:00,02/02/2026 06:36
Nederland,ElectricityLoad,Hour,10637256,10637256,0,0,03/10/2025 06:00,03/10/2025 07:00,02/02/2026 06:36
Nederland,ElectricityLoad,Hour,11697083,11697083,0,0,03/10/2025 07:00,03/10/2025 08:00,02/02/2026 06:36
Nederland,ElectricityLoad,Hour,12333443,12333443,0,0,03/10/2025 08:00,03/10/2025 09:00,02/02/2026 06:36
Nederland,ElectricityLoad,Hour,13403225,13403225,0,0,03/10/2025 09:00,03/10/2025 10:00,02/02/2026 06:36
Nederland,ElectricityLoad,Hour,13801479,13801479,0,0,03/10/2025 10:00,03/10/2025 11:00,02/02/2026 06:36
Nederland,ElectricityLoad,Hour,14143085,14143085,0,0,03/10/2025 11:00,03/10/2025 12:00,02/02/2026 06:36
Nederland,ElectricityLoad,Hour,14218314,14218314,0,0,03/10/2025 12:00,03/10/2025 13:00,02/02/2026 06:36
Nederland,ElectricityLoad,Hour,13602209,13602209,0,0,03/10/2025 13:00,03/10/2025 14:00,02/02/2026 06:36
Nederland,ElectricityLoad,Hour,13341987,13341987,0,0,03/10/2025 14:00,03/10/2025 15:00,02/02/2026 06:36
Nederland,ElectricityLoad,Hour,13013233,13013233,0,0,03/10/2025 15:00,03/10/2025 16:00,02/02/2026 06:36
Nederland,ElectricityLoad,Hour,11848368,11848368,0,0,03/10/2025 16:00,03/10/2025 17:00,02/02/2026 06:36
Nederland,ElectricityLoad,Hour,11263134,11263134,0,0,03/10/2025 17:00,03/10/2025 18:00,02/02/2026 06:36
Nederland,ElectricityLoad,Hour,11256498,11256498,0,0,03/10/2025 18:00,03/10/2025 19:00,02/02/2026 06:36
Nederland,ElectricityLoad,Hour,11232857,11232857,0,0,03/10/2025 19:00,03/10/2025 20:00,02/02/2026 06:36
Nederland,ElectricityLoad,Hour,10832120,10832120,0,0,03/10/2025 20:00,03/10/2025 21:00,02/02/2026 06:36
Nederland,ElectricityLoad,Hour,10548796,10548796,0,0,03/10/2025 21:00,03/10/2025 22:00,02/02/2026 06:36
Nederland,ElectricityLoad,Hour,11006272,11006272,0,0,03/10/2025 22:00,03/10/2025 23:00,02/02/2026 06:36
Nederland,ElectricityLoad,Hour,10977886,10977886,0,0,03/10/2025 23:00,04/10/2025 00:00,02/02/2026 06:36
Nederland,ElectricityLoad,Hour,10771883,10771883,0,0,04/10/2025 00:00,04/10/2025 01:00,03/02/2026 06:36
Nederland,ElectricityLoad,Hour,10494583,10494583,0,0,04/10/2025 01:00,04/10/2025 02:00,03/02/2026 06:36
Nederland,ElectricityLoad,Hour,10694520,10694520,0,0,04/10/2025 02:00,04/10/2025 03:00,03/02/2026 06:36
Nederland,ElectricityLoad,Hour,10727944,10727944,0,0,04/10/2025 03:00,04/10/2025 04:00,03/02/2026 06:36
Nederland,ElectricityLoad,Hour,11243822,11243822,0,0,04/10/2025 04:00,04/10/2025 05:00,03/02/2026 06:36
Nederland,ElectricityLoad,Hour,11789221,11789221,0,0,04/10/2025 05:00,04/10/2025 06:00,03/02/2026 06:36
Nederland,ElectricityLoad,Hour,11090641,11090641,0,0,04/10/2025 06:00,04/10/2025 07:00,03/02/2026 06:36
Nederland,ElectricityLoad,Hour,10305460,10305460,0,0,04/10/2025 07:00,04/10/2025 08:00,03/02/2026 06:36
Nederland,ElectricityLoad,Hour,11342776,11342776,0,0,04/10/2025 08:00,04/10/2025 09:00,03/02/2026 06:36
Nederland,ElectricityLoad,Hour,13365130,13365130,0,0,04/10/2025 09:00,04/10/2025 10:00,03/02/2026 06:36
Nederland,ElectricityLoad,Hour,16484646,16484646,0,0,04/10/2025 10:00,04/10/2025 11:00,03/02/2026 06:36
Nederland,ElectricityLoad,Hour,16811608,16811608,0,0,04/10/2025 11:00,04/10/2025 12:00,03/02/2026 06:36
Nederland,ElectricityLoad,Hour,15301300,15301300,0,0,04/10/2025 12:00,04/10/2025 13:00,03/02/2026 06:36
Nederland,ElectricityLoad,Hour,14690994,14690994,0,0,04/10/2025 13:00,04/10/2025 14:00,03/02/2026 06:36
Nederland,ElectricityLoad,Hour,14061394,14061394,0,0,04/10/2025 14:00,04/10/2025 15:00,03/02/2026 06:36
Nederland,ElectricityLoad,Hour,12946001,12946001,0,0,04/10/2025 15:00,04/10/2025 16:00,03/02/2026 06:36
Nederland,ElectricityLoad,Hour,11967005,11967005,0,0,04/10/2025 16:00,04/10/2025 17:00,03/02/2026 06:36
Nederland,ElectricityLoad,Hour,12425439,12425439,0,0,04/10/2025 17:00,04/10/2025 18:00,03/02/2026 06:36
Nederland,ElectricityLoad,Hour,11736737,11736737,0,0,04/10/2025 18:00,04/10/2025 19:00,03/02/2026 06:36
Nederland,ElectricityLoad,Hour,11204230,11204230,0,0,04/10/2025 19:00,04/10/2025 20:00,03/02/2026 06:36
Nederland,ElectricityLoad,Hour,10769781,10769781,0,0,04/10/2025 20:00,04/10/2025 21:00,03/02/2026 06:36
Nederland,ElectricityLoad,Hour,10976798,10976798,0,0,04/10/2025 21:00,04/10/2025 22:00,03/02/2026 06:36
Nederland,ElectricityLoad,Hour,10741614,10741614,0,0,04/10/2025 22:00,04/10/2025 23:00,03/02/2026 06:36
Nederland,ElectricityLoad,Hour,10513955,10513955,0,0,04/10/2025 23:00,05/10/2025 00:00,03/02/2026 06:36
Nederland,ElectricityLoad,Hour,10477841,10477841,0,0,05/10/2025 00:00,05/10/2025 01:00,04/02/2026 06:36
Nederland,ElectricityLoad,Hour,10009511,10009511,0,0,05/10/2025 01:00,05/10/2025 02:00,04/02/2026 06:36
Nederland,ElectricityLoad,Hour,10249786,10249786,0,0,05/10/2025 02:00,05/10/2025 03:00,04/02/2026 06:36
Nederland,ElectricityLoad,Hour,10138716,10138716,0,0,05/10/2025 03:00,05/10/2025 04:00,04/02/2026 06:36
Nederland,ElectricityLoad,Hour,9962302,9962302,0,0,05/10/2025 04:00,05/10/2025 05:00,04/02/2026 06:36
Nederland,ElectricityLoad,Hour,10047395,10047395,0,0,05/10/2025 05:00,05/10/2025 06:00,04/02/2026 06:36
Nederland,ElectricityLoad,Hour,10615284,10615284,0,0,05/10/2025 06:00,05/10/2025 07:00,04/02/2026 06:36
Nederland,ElectricityLoad,Hour,11656082,11656082,0,0,05/10/2025 07:00,05/10/2025 08:00,04/02/2026 06:36
Nederland,ElectricityLoad,Hour,13540713,13540713,0,0,05/10/2025 08:00,05/10/2025 09:00,04/02/2026 06:36
Nederland,ElectricityLoad,Hour,14006170,14006170,0,0,05/10/2025 09:00,05/10/2025 10:00,04/02/2026 06:36
Nederland,ElectricityLoad,Hour,13066014,13066014,0,0,05/10/2025 10:00,05/10/2025 11:00,04/02/2026 06:36
Nederland,ElectricityLoad,Hour,13498313,13498313,0,0,05/10/2025 11:00,05/10/2025 12:00,04/02/2026 06:36
Nederland,ElectricityLoad,Hour,13694801,13694801,0,0,05/10/2025 12:00,05/10/2025 13:00,04/02/2026 06:36
Nederland,ElectricityLoad,Hour,13616685,13616685,0,0,05/10/2025 13:00,05/10/2025 14:00,04/02/2026 06:36
Nederland,ElectricityLoad,Hour,13131180,13131180,0,0,05/10/2025 14:00,05/10/2025 15:00,04/02/2026 06:36
Nederland,ElectricityLoad,Hour,12341206,12341206,0,0,05/10/2025 15:00,05/10/2025 16:00,04/02/2026 06:36
Nederland,ElectricityLoad,Hour,11867147,11867147,0,0,05/10/2025 16:00,05/10/2025 17:00,04/02/2026 06:36
Nederland,ElectricityLoad,Hour,10765963,10765963,0,0,05/10/2025 17:00,05/10/2025 18:00,04/02/2026 06:36
Nederland,ElectricityLoad,Hour,9836313,9836313,0,0,05/10/2025 18:00,05/10/2025 19:00,04/02/2026 06:36
Nederland,ElectricityLoad,Hour,8834698,8834698,0,0,05/10/2025 19:00,05/10/2025 20:00,04/02/2026 06:36
Nederland,ElectricityLoad,Hour,8394433,8394433,0,0,05/10/2025 20:00,05/10/2025 21:00,04/02/2026 06:36
Nederland,ElectricityLoad,Hour,7903367,7903367,0,0,05/10/2025 21:00,05/10/2025 22:00,04/02/2026 06:36
Nederland,ElectricityLoad,Hour,7808424,7808424,0,0,05/10/2025 22:00,05/10/2025 23:00,04/02/2026 06:36
Nederland,ElectricityLoad,Hour,7512535,7512535,0,0,05/10/2025 23:00,06/10/2025 00:00,04/02/2026 06:36
Nederland,ElectricityLoad,Hour,7427142,7427142,0,0,06/10/2025 00:00,06/10/2025 01:00,05/02/2026 06:36
Nederland,ElectricityLoad,Hour,7321007,7321007,0,0,06/10/2025 01:00,06/10/2025 02:00,05/02/2026 06:36
Nederland,ElectricityLoad,Hour,7508154,7508154,0,0,06/10/2025 02:00,06/10/2025 03:00,05/02/2026 06:36
Nederland,ElectricityLoad,Hour,8206257,8206257,0,0,06/10/2025 03:00,06/10/2025 04:00,05/02/2026 06:36
Nederland,ElectricityLoad,Hour,9043550,9043550,0,0,06/10/2025 04:00,06/10/2025 05:00,05/02/2026 06:36
Nederland,ElectricityLoad,Hour,10344783,10344783,0,0,06/10/2025 05:00,06/10/2025 06:00,05/02/2026 06:36
Nederland,ElectricityLoad,Hour,11284972,11284972,0,0,06/10/2025 06:00,06/10/2025 07:00,05/02/2026 06:36
Nederland,ElectricityLoad,Hour,12275722,12275722,0,0,06/10/2025 07:00,06/10/2025 08:00,05/02/2026 06:36
Nederland,ElectricityLoad,Hour,12461052,12461052,0,0,06/10/2025 08:00,06/10/2025 09:00,05/02/2026 06:36
Nederland,ElectricityLoad,Hour,13731551,13731551,0,0,06/10/2025 09:00,06/10/2025 10:00,05/02/2026 06:36
Nederland,ElectricityLoad,Hour,13891786,13891786,0,0,06/10/2025 10:00,06/10/2025 11:00,05/02/2026 06:36
Nederland,ElectricityLoad,Hour,14162620,14162620,0,0,06/10/2025 11:00,06/10/2025 12:00,05/02/2026 06:36
Nederland,ElectricityLoad,Hour,14540763,14540763,0,0,06/10/2025 12:00,06/10/2025 13:00,05/02/2026 06:36
Nederland,ElectricityLoad,Hour,13858346,13858346,0,0,06/10/2025 13:00,06/10/2025 14:00,05/02/2026 06:36
Nederland,ElectricityLoad,Hour,13977427,13977427,0,0,06/10/2025 14:00,06/10/2025 15:00,05/02/2026 06:36
Nederland,ElectricityLoad,Hour,13264604,13264604,0,0,06/10/2025 15:00,06/10/2025 16:00,05/02/2026 06:36
Nederland,ElectricityLoad,Hour,12136675,12136675,0,0,06/10/2025 16:00,06/10/2025 17:00,05/02/2026 06:36
Nederland,ElectricityLoad,Hour,11445246,11445246,0,0,06/10/2025 17:00,06/10/2025 18:00,05/02/2026 06:36
Nederland,ElectricityLoad,Hour,10813852,10813852,0,0,06/10/2025 18:00,06/10/2025 19:00,05/02/2026 06:36
Nederland,ElectricityLoad,Hour,10225324,10225324,0,0,06/10/2025 19:00,06/10/2025 20:00,05/02/2026 06:36
Nederland,ElectricityLoad,Hour,9565677,9565677,0,0,06/10/2025 20:00,06/10/2025 21:00,05/02/2026 06:36
Nederland,ElectricityLoad,Hour,8943478,8943478,0,0,06/10/2025 21:00,06/10/2025 22:00,05/02/2026 06:36
Nederland,ElectricityLoad,Hour,8629747,8629747,0,0,06/10/2025 22:00,06/10/2025 23:00,05/02/2026 06:36
Nederland,ElectricityLoad,Hour,8217392,8217392,0,0,06/10/2025 23:00,07/10/2025 00:00,05/02/2026 06:36
Nederland,ElectricityLoad,Hour,8084976,8084976,0,0,07/10/2025 00:00,07/10/2025 01:00,06/02/2026 06:35
Nederland,ElectricityLoad,Hour,7972782,7972782,0,0,07/10/2025 01:00,07/10/2025 02:00,06/02/2026 06:35
Nederland,ElectricityLoad,Hour,7970031,7970031,0,0,07/10/2025 02:00,07/10/2025 03:00,06/02/2026 06:35
Nederland,ElectricityLoad,Hour,8268671,8268671,0,0,07/10/2025 03:00,07/10/2025 04:00,06/02/2026 06:35
Nederland,ElectricityLoad,Hour,8730389,8730389,0,0,07/10/2025 04:00,07/10/2025 05:00,06/02/2026 06:35
Nederland,ElectricityLoad,Hour,9984916,9984916,0,0,07/10/2025 05:00,07/10/2025 06:00,06/02/2026 06:35
Nederland,ElectricityLoad,Hour,11049100,11049100,0,0,07/10/2025 06:00,07/10/2025 07:00,06/02/2026 06:35
Nederland,ElectricityLoad,Hour,12096036,12096036,0,0,07/10/2025 07:00,07/10/2025 08:00,06/02/2026 06:35
Nederland,ElectricityLoad,Hour,13138537,13138537,0,0,07/10/2025 08:00,07/10/2025 09:00,06/02/2026 06:35
Nederland,ElectricityLoad,Hour,13920207,13920207,0,0,07/10/2025 09:00,07/10/2025 10:00,06/02/2026 06:35
Nederland,ElectricityLoad,Hour,14940546,14940546,0,0,07/10/2025 10:00,07/10/2025 11:00,06/02/2026 06:35
Nederland,ElectricityLoad,Hour,14929167,14929167,0,0,07/10/2025 11:00,07/10/2025 12:00,06/02/2026 06:35
Nederland,ElectricityLoad,Hour,13896751,13896751,0,0,07/10/2025 12:00,07/10/2025 13:00,06/02/2026 06:35
Nederland,ElectricityLoad,Hour,13460415,13460415,0,0,07/10/2025 13:00,07/10/2025 14:00,06/02/2026 06:35
Nederland,ElectricityLoad,Hour,13733431,13733431,0,0,07/10/2025 14:00,07/10/2025 15:00,06/02/2026 06:35
Nederland,ElectricityLoad,Hour,13523787,13523787,0,0,07/10/2025 15:00,07/10/2025 16:00,06/02/2026 06:35
Nederland,ElectricityLoad,Hour,12412709,12412709,0,0,07/10/2025 16:00,07/10/2025 17:00,06/02/2026 06:35
Nederland,ElectricityLoad,Hour,11882644,11882644,0,0,07/10/2025 17:00,07/10/2025 18:00,06/02/2026 06:35
Nederland,ElectricityLoad,Hour,11183268,11183268,0,0,07/10/2025 18:00,07/10/2025 19:00,06/02/2026 06:35
Nederland,ElectricityLoad,Hour,10673144,10673144,0,0,07/10/2025 19:00,07/10/2025 20:00,06/02/2026 06:35
Nederland,ElectricityLoad,Hour,10008110,10008110,0,0,07/10/2025 20:00,07/10/2025 21:00,06/02/2026 06:35
Nederland,ElectricityLoad,Hour,9469086,9469086,0,0,07/10/2025 21:00,07/10/2025 22:00,06/02/2026 06:35
Nederland,ElectricityLoad,Hour,8924275,8924275,0,0,07/10/2025 22:00,07/10/2025 23:00,06/02/2026 06:35
Nederland,ElectricityLoad,Hour,8687725,8687725,0,0,07/10/2025 23:00,08/10/2025 00:00,06/02/2026 06:35
Nederland,ElectricityLoad,Hour,8425028,8425028,0,0,08/10/2025 00:00,08/10/2025 01:00,07/02/2026 06:35
Nederland,ElectricityLoad,Hour,8200863,8200863,0,0,08/10/2025 01:00,08/10/2025 02:00,07/02/2026 06:35
Nederland,ElectricityLoad,Hour,8203574,8203574,0,0,08/10/2025 02:00,08/10/2025 03:00,07/02/2026 06:35
Nederland,ElectricityLoad,Hour,8499908,8499908,0,0,08/10/2025 03:00,08/10/2025 04:00,07/02/2026 06:35
Nederland,ElectricityLoad,Hour,9146751,9146751,0,0,08/10/2025 04:00,08/10/2025 05:00,07/02/2026 06:35
Nederland,ElectricityLoad,Hour,10519645,10519645,0,0,08/10/2025 05:00,08/10/2025 06:00,07/02/2026 06:35
Nederland,ElectricityLoad,Hour,11400402,11400402,0,0,08/10/2025 06:00,08/10/2025 07:00,07/02/2026 06:35
Nederland,ElectricityLoad,Hour,12263030,12263030,0,0,08/10/2025 07:00,08/10/2025 08:00,07/02/2026 06:35
Nederland,ElectricityLoad,Hour,13101014,13101014,0,0,08/10/2025 08:00,08/10/2025 09:00,07/02/2026 06:35
Nederland,ElectricityLoad,Hour,13546563,13546563,0,0,08/10/2025 09:00,08/10/2025 10:00,07/02/2026 06:35
Nederland,ElectricityLoad,Hour,13860650,13860650,0,0,08/10/2025 10:00,08/10/2025 11:00,07/02/2026 06:35
Nederland,ElectricityLoad,Hour,14208013,14208013,0,0,08/10/2025 11:00,08/10/2025 12:00,07/02/2026 06:35
Nederland,ElectricityLoad,Hour,13946667,13946667,0,0,08/10/2025 12:00,08/10/2025 13:00,07/02/2026 06:35
Nederland,ElectricityLoad,Hour,13267573,13267573,0,0,08/10/2025 13:00,08/10/2025 14:00,07/02/2026 06:35
Nederland,ElectricityLoad,Hour,13260661,13260661,0,0,08/10/2025 14:00,08/10/2025 15:00,07/02/2026 06:35
Nederland,ElectricityLoad,Hour,13016455,13016455,0,0,08/10/2025 15:00,08/10/2025 16:00,07/02/2026 06:35
Nederland,ElectricityLoad,Hour,12085632,12085632,0,0,08/10/2025 16:00,08/10/2025 17:00,07/02/2026 06:35
Nederland,ElectricityLoad,Hour,11544677,11544677,0,0,08/10/2025 17:00,08/10/2025 18:00,07/02/2026 06:35
Nederland,ElectricityLoad,Hour,11212213,11212213,0,0,08/10/2025 18:00,08/10/2025 19:00,07/02/2026 06:35
Nederland,ElectricityLoad,Hour,11018047,11018047,0,0,08/10/2025 19:00,08/10/2025 20:00,07/02/2026 06:35
Nederland,ElectricityLoad,Hour,10328556,10328556,0,0,08/10/2025 20:00,08/10/2025 21:00,07/02/2026 06:35
Nederland,ElectricityLoad,Hour,9727628,9727628,0,0,08/10/2025 21:00,08/10/2025 22:00,07/02/2026 06:35
Nederland,ElectricityLoad,Hour,8931147,8931147,0,0,08/10/2025 22:00,08/10/2025 23:00,07/02/2026 06:35
Nederland,ElectricityLoad,Hour,8461301,8461301,0,0,08/10/2025 23:00,09/10/2025 00:00,07/02/2026 06:35
Nederland,ElectricityLoad,Hour,8231998,8231998,0,0,09/10/2025 00:00,09/10/2025 01:00,08/02/2026 06:35
Nederland,ElectricityLoad,Hour,8213492,8213492,0,0,09/10/2025 01:00,09/10/2025 02:00,08/02/2026 06:35
Nederland,ElectricityLoad,Hour,8249363,8249363,0,0,09/10/2025 02:00,09/10/2025 03:00,08/02/2026 06:35
Nederland,ElectricityLoad,Hour,8458545,8458545,0,0,09/10/2025 03:00,09/10/2025 04:00,08/02/2026 06:35
Nederland,ElectricityLoad,Hour,9066199,9066199,0,0,09/10/2025 04:00,09/10/2025 05:00,08/02/2026 06:35
Nederland,ElectricityLoad,Hour,10412173,10412173,0,0,09/10/2025 05:00,09/10/2025 06:00,08/02/2026 06:35
Nederland,ElectricityLoad,Hour,11084254,11084254,0,0,09/10/2025 06:00,09/10/2025 07:00,08/02/2026 06:35
Nederland,ElectricityLoad,Hour,11910031,11910031,0,0,09/10/2025 07:00,09/10/2025 08:00,08/02/2026 06:35
Nederland,ElectricityLoad,Hour,12261277,12261277,0,0,09/10/2025 08:00,09/10/2025 09:00,08/02/2026 06:35
Nederland,ElectricityLoad,Hour,14508868,14508868,0,0,09/10/2025 09:00,09/10/2025 10:00,08/02/2026 06:35
Nederland,ElectricityLoad,Hour,15415659,15415659,0,0,09/10/2025 10:00,09/10/2025 11:00,08/02/2026 06:35
Nederland,ElectricityLoad,Hour,15261467,15261467,0,0,09/10/2025 11:00,09/10/2025 12:00,08/02/2026 06:35
Nederland,ElectricityLoad,Hour,14036438,14036438,0,0,09/10/2025 12:00,09/10/2025 13:00,08/02/2026 06:35
Nederland,ElectricityLoad,Hour,13264000,13264000,0,0,09/10/2025 13:00,09/10/2025 14:00,08/02/2026 06:35
Nederland,ElectricityLoad,Hour,13815055,13815055,0,0,09/10/2025 14:00,09/10/2025 15:00,08/02/2026 06:35
Nederland,ElectricityLoad,Hour,14497042,14497042,0,0,09/10/2025 15:00,09/10/2025 16:00,08/02/2026 06:35
Nederland,ElectricityLoad,Hour,12573559,12573559,0,0,09/10/2025 16:00,09/10/2025 17:00,08/02/2026 06:35
Nederland,ElectricityLoad,Hour,11577923,11577923,0,0,09/10/2025 17:00,09/10/2025 18:00,08/02/2026 06:35
Nederland,ElectricityLoad,Hour,11081668,11081668,0,0,09/10/2025 18:00,09/10/2025 19:00,08/02/2026 06:35
Nederland,ElectricityLoad,Hour,10632213,10632213,0,0,09/10/2025 19:00,09/10/2025 20:00,08/02/2026 06:35
Nederland,ElectricityLoad,Hour,9869202,9869202,0,0,09/10/2025 20:00,09/10/2025 21:00,08/02/2026 06:35
Nederland,ElectricityLoad,Hour,9196886,9196886,0,0,09/10/2025 21:00,09/10/2025 22:00,08/02/2026 06:35
Nederland,ElectricityLoad,Hour,8703548,8703548,0,0,09/10/2025 22:00,09/10/2025 23:00,08/02/2026 06:35
Nederland,ElectricityLoad,Hour,8011698,8011698,0,0,09/10/2025 23:00,10/10/2025 00:00,08/02/2026 06:35
Nederland,ElectricityLoad,Hour,7561936,7561936,0,0,10/10/2025 00:00,10/10/2025 01:00,08/02/2026 06:35
Nederland,ElectricityLoad,Hour,7551852,7551852,0,0,10/10/2025 01:00,10/10/2025 02:00,08/02/2026 06:35
Nederland,ElectricityLoad,Hour,7553469,7553469,0,0,10/10/2025 02:00,10/10/2025 03:00,08/02/2026 06:35
Nederland,ElectricityLoad,Hour,7773830,7773830,0,0,10/10/2025 03:00,10/10/2025 04:00,08/02/2026 06:35
Nederland,ElectricityLoad,Hour,8499829,8499829,0,0,10/10/2025 04:00,10/10/2025 05:00,08/02/2026 06:35
Nederland,ElectricityLoad,Hour,9884773,9884773,0,0,10/10/2025 05:00,10/10/2025 06:00,08/02/2026 06:35
Nederland,ElectricityLoad,Hour,10664239,10664239,0,0,10/10/2025 06:00,10/10/2025 07:00,08/02/2026 06:35
Nederland,ElectricityLoad,Hour,11948102,11948102,0,0,10/10/2025 07:00,10/10/2025 08:00,08/02/2026 06:35
Nederland,ElectricityLoad,Hour,14104933,14104933,0,0,10/10/2025 08:00,10/10/2025 09:00,08/02/2026 06:35
Nederland,ElectricityLoad,Hour,15096085,15096085,0,0,10/10/2025 09:00,10/10/2025 10:00,08/02/2026 06:35
Nederland,ElectricityLoad,Hour,15688725,15688725,0,0,10/10/2025 10:00,10/10/2025 11:00,08/02/2026 06:35
Nederland,ElectricityLoad,Hour,14358715,14358715,0,0,10/10/2025 11:00,10/10/2025 12:00,08/02/2026 06:35
Nederland,ElectricityLoad,Hour,13965855,13965855,0,0,10/10/2025 12:00,10/10/2025 13:00,08/02/2026 06:35
Nederland,ElectricityLoad,Hour,13010061,13010061,0,0,10/10/2025 13:00,10/10/2025 14:00,08/02/2026 06:35
Nederland,ElectricityLoad,Hour,12667313,12667313,0,0,10/10/2025 14:00,10/10/2025 15:00,08/02/2026 06:35
Nederland,ElectricityLoad,Hour,12746868,12746868,0,0,10/10/2025 15:00,10/10/2025 16:00,08/02/2026 06:35
Nederland,ElectricityLoad,Hour,11708616,11708616,0,0,10/10/2025 16:00,10/10/2025 17:00,08/02/2026 06:35
Nederland,ElectricityLoad,Hour,10991835,10991835,0,0,10/10/2025 17:00,10/10/2025 18:00,08/02/2026 06:35
Nederland,ElectricityLoad,Hour,10356319,10356319,0,0,10/10/2025 18:00,10/10/2025 19:00,08/02/2026 06:35
Nederland,ElectricityLoad,Hour,9778133,9778133,0,0,10/10/2025 19:00,10/10/2025 20:00,08/02/2026 06:35
Nederland,ElectricityLoad,Hour,9275747,9275747,0,0,10/10/2025 20:00,10/10/2025 21:00,08/02/2026 06:35
Nederland,ElectricityLoad,Hour,8713315,8713315,0,0,10/10/2025 21:00,10/10/2025 22:00,08/02/2026 06:35
Nederland,ElectricityLoad,Hour,8294811,8294811,0,0,10/10/2025 22:00,10/10/2025 23:00,08/02/2026 06:35
Nederland,ElectricityLoad,Hour,7990804,7990804,0,0,10/10/2025 23:00,11/10/2025 00:00,08/02/2026 06:35
Nederland,ElectricityLoad,Hour,7698779,7698779,0,0,11/10/2025 00:00,11/10/2025 01:00,10/02/2026 06:36
Nederland,ElectricityLoad,Hour,7604548,7604548,0,0,11/10/2025 01:00,11/10/2025 02:00,10/02/2026 06:36
Nederland,ElectricityLoad,Hour,7727864,7727864,0,0,11/10/2025 02:00,11/10/2025 03:00,10/02/2026 06:36
Nederland,ElectricityLoad,Hour,7764532,7764532,0,0,11/10/2025 03:00,11/10/2025 04:00,10/02/2026 06:36
Nederland,ElectricityLoad,Hour,7936519,7936519,0,0,11/10/2025 04:00,11/10/2025 05:00,10/02/2026 06:36
Nederland,ElectricityLoad,Hour,8478148,8478148,0,0,11/10/2025 05:00,11/10/2025 06:00,10/02/2026 06:36
Nederland,ElectricityLoad,Hour,9157208,9157208,0,0,11/10/2025 06:00,11/10/2025 07:00,10/02/2026 06:36
Nederland,ElectricityLoad,Hour,9885621,9885621,0,0,11/10/2025 07:00,11/10/2025 08:00,10/02/2026 06:36
Nederland,ElectricityLoad,Hour,10432006,10432006,0,0,11/10/2025 08:00,11/10/2025 09:00,10/02/2026 06:36
Nederland,ElectricityLoad,Hour,10867100,10867100,0,0,11/10/2025 09:00,11/10/2025 10:00,10/02/2026 06:36
Nederland,ElectricityLoad,Hour,11301688,11301688,0,0,11/10/2025 10:00,11/10/2025 11:00,10/02/2026 06:36
Nederland,ElectricityLoad,Hour,11464672,11464672,0,0,11/10/2025 11:00,11/10/2025 12:00,10/02/2026 06:36
Nederland,ElectricityLoad,Hour,11231286,11231286,0,0,11/10/2025 12:00,11/10/2025 13:00,10/02/2026 06:36
Nederland,ElectricityLoad,Hour,10774261,10774261,0,0,11/10/2025 13:00,11/10/2025 14:00,10/02/2026 06:36
Nederland,ElectricityLoad,Hour,10757411,10757411,0,0,11/10/2025 14:00,11/10/2025 15:00,10/02/2026 06:36
Nederland,ElectricityLoad,Hour,10923601,10923601,0,0,11/10/2025 15:00,11/10/2025 16:00,10/02/2026 06:36
Nederland,ElectricityLoad,Hour,10165101,10165101,0,0,11/10/2025 16:00,11/10/2025 17:00,10/02/2026 06:36
Nederland,ElectricityLoad,Hour,9820453,9820453,0,0,11/10/2025 17:00,11/10/2025 18:00,10/02/2026 06:36
Nederland,ElectricityLoad,Hour,9570938,9570938,0,0,11/10/2025 18:00,11/10/2025 19:00,10/02/2026 06:36
Nederland,ElectricityLoad,Hour,9001317,9001317,0,0,11/10/2025 19:00,11/10/2025 20:00,10/02/2026 06:36
Nederland,ElectricityLoad,Hour,8664918,8664918,0,0,11/10/2025 20:00,11/10/2025 21:00,10/02/2026 06:36
Nederland,ElectricityLoad,Hour,8475779,8475779,0,0,11/10/2025 21:00,11/10/2025 22:00,10/02/2026 06:36
Nederland,ElectricityLoad,Hour,8211861,8211861,0,0,11/10/2025 22:00,11/10/2025 23:00,10/02/2026 06:36
Nederland,ElectricityLoad,Hour,7794698,7794698,0,0,11/10/2025 23:00,12/10/2025 00:00,10/02/2026 06:36
Nederland,ElectricityLoad,Hour,7587400,7587400,0,0,12/10/2025 00:00,12/10/2025 01:00,11/02/2026 06:36
Nederland,ElectricityLoad,Hour,7549727,7549727,0,0,12/10/2025 01:00,12/10/2025 02:00,11/02/2026 06:36
Nederland,ElectricityLoad,Hour,7419359,7419359,0,0,12/10/2025 02:00,12/10/2025 03:00,11/02/2026 06:36
Nederland,ElectricityLoad,Hour,7298682,7298682,0,0,12/10/2025 03:00,12/10/2025 04:00,11/02/2026 06:36
Nederland,ElectricityLoad,Hour,7492735,7492735,0,0,12/10/2025 04:00,12/10/2025 05:00,11/02/2026 06:36
Nederland,ElectricityLoad,Hour,8036895,8036895,0,0,12/10/2025 05:00,12/10/2025 06:00,11/02/2026 06:36
Nederland,ElectricityLoad,Hour,8445813,8445813,0,0,12/10/2025 06:00,12/10/2025 07:00,11/02/2026 06:36
Nederland,ElectricityLoad,Hour,9250839,9250839,0,0,12/10/2025 07:00,12/10/2025 08:00,11/02/2026 06:36
Nederland,ElectricityLoad,Hour,10775122,10775122,0,0,12/10/2025 08:00,12/10/2025 09:00,11/02/2026 06:36
Nederland,ElectricityLoad,Hour,12113872,12113872,0,0,12/10/2025 09:00,12/10/2025 10:00,11/02/2026 06:36
Nederland,ElectricityLoad,Hour,11766335,11766335,0,0,12/10/2025 10:00,12/10/2025 11:00,11/02/2026 06:36
Nederland,ElectricityLoad,Hour,11371408,11371408,0,0,12/10/2025 11:00,12/10/2025 12:00,11/02/2026 06:36
Nederland,ElectricityLoad,Hour,11685615,11685615,0,0,12/10/2025 12:00,12/10/2025 13:00,11/02/2026 06:36
Nederland,ElectricityLoad,Hour,11600922,11600922,0,0,12/10/2025 13:00,12/10/2025 14:00,11/02/2026 06:36
Nederland,ElectricityLoad,Hour,11836327,11836327,0,0,12/10/2025 14:00,12/10/2025 15:00,11/02/2026 06:36
Nederland,ElectricityLoad,Hour,11285277,11285277,0,0,12/10/2025 15:00,12/10/2025 16:00,11/02/2026 06:36
Nederland,ElectricityLoad,Hour,10459992,10459992,0,0,12/10/2025 16:00,12/10/2025 17:00,11/02/2026 06:36
Nederland,ElectricityLoad,Hour,10028908,10028908,0,0,12/10/2025 17:00,12/10/2025 18:00,11/02/2026 06:36
Nederland,ElectricityLoad,Hour,9762776,9762776,0,0,12/10/2025 18:00,12/10/2025 19:00,11/02/2026 06:36
Nederland,ElectricityLoad,Hour,9574738,9574738,0,0,12/10/2025 19:00,12/10/2025 20:00,11/02/2026 06:36
Nederland,ElectricityLoad,Hour,9266000,9266000,0,0,12/10/2025 20:00,12/10/2025 21:00,11/02/2026 06:36
Nederland,ElectricityLoad,Hour,8931577,8931577,0,0,12/10/2025 21:00,12/10/2025 22:00,11/02/2026 06:36
Nederland,ElectricityLoad,Hour,8691787,8691787,0,0,12/10/2025 22:00,12/10/2025 23:00,11/02/2026 06:36
Nederland,ElectricityLoad,Hour,8458274,8458274,0,0,12/10/2025 23:00,13/10/2025 00:00,11/02/2026 06:36
Nederland,ElectricityLoad,Hour,8319968,8319968,0,0,13/10/2025 00:00,13/10/2025 01:00,12/02/2026 06:35
Nederland,ElectricityLoad,Hour,8520581,8520581,0,0,13/10/2025 01:00,13/10/2025 02:00,12/02/2026 06:35
Nederland,ElectricityLoad,Hour,8555519,8555519,0,0,13/10/2025 02:00,13/10/2025 03:00,12/02/2026 06:35
Nederland,ElectricityLoad,Hour,8854627,8854627,0,0,13/10/2025 03:00,13/10/2025 04:00,12/02/2026 06:35
Nederland,ElectricityLoad,Hour,9409986,9409986,0,0,13/10/2025 04:00,13/10/2025 05:00,12/02/2026 06:35
Nederland,ElectricityLoad,Hour,10758744,10758744,0,0,13/10/2025 05:00,13/10/2025 06:00,12/02/2026 06:35
Nederland,ElectricityLoad,Hour,11914443,11914443,0,0,13/10/2025 06:00,13/10/2025 07:00,12/02/2026 06:35
Nederland,ElectricityLoad,Hour,12981318,12981318,0,0,13/10/2025 07:00,13/10/2025 08:00,12/02/2026 06:35
Nederland,ElectricityLoad,Hour,13866259,13866259,0,0,13/10/2025 08:00,13/10/2025 09:00,12/02/2026 06:35
Nederland,ElectricityLoad,Hour,14054415,14054415,0,0,13/10/2025 09:00,13/10/2025 10:00,12/02/2026 06:35
Nederland,ElectricityLoad,Hour,13848804,13848804,0,0,13/10/2025 10:00,13/10/2025 11:00,12/02/2026 06:35
Nederland,ElectricityLoad,Hour,14277062,14277062,0,0,13/10/2025 11:00,13/10/2025 12:00,12/02/2026 06:35
Nederland,ElectricityLoad,Hour,14424261,14424261,0,0,13/10/2025 12:00,13/10/2025 13:00,12/02/2026 06:35
Nederland,ElectricityLoad,Hour,14059007,14059007,0,0,13/10/2025 13:00,13/10/2025 14:00,12/02/2026 06:35
Nederland,ElectricityLoad,Hour,14586553,14586553,0,0,13/10/2025 14:00,13/10/2025 15:00,12/02/2026 06:35
Nederland,ElectricityLoad,Hour,14006428,14006428,0,0,13/10/2025 15:00,13/10/2025 16:00,12/02/2026 06:35
Nederland,ElectricityLoad,Hour,12329739,12329739,0,0,13/10/2025 16:00,13/10/2025 17:00,12/02/2026 06:35
Nederland,ElectricityLoad,Hour,11727779,11727779,0,0,13/10/2025 17:00,13/10/2025 18:00,12/02/2026 06:35
Nederland,ElectricityLoad,Hour,11375315,11375315,0,0,13/10/2025 18:00,13/10/2025 19:00,12/02/2026 06:35
Nederland,ElectricityLoad,Hour,10989996,10989996,0,0,13/10/2025 19:00,13/10/2025 20:00,12/02/2026 06:35
Nederland,ElectricityLoad,Hour,10449187,10449187,0,0,13/10/2025 20:00,13/10/2025 21:00,12/02/2026 06:35
Nederland,ElectricityLoad,Hour,9974255,9974255,0,0,13/10/2025 21:00,13/10/2025 22:00,12/02/2026 06:35
Nederland,ElectricityLoad,Hour,9650938,9650938,0,0,13/10/2025 22:00,13/10/2025 23:00,12/02/2026 06:35
Nederland,ElectricityLoad,Hour,9365223,9365223,0,0,13/10/2025 23:00,14/10/2025 00:00,12/02/2026 06:35
Nederland,ElectricityLoad,Hour,9146440,9146440,0,0,14/10/2025 00:00,14/10/2025 01:00,13/02/2026 06:36
Nederland,ElectricityLoad,Hour,9091140,9091140,0,0,14/10/2025 01:00,14/10/2025 02:00,13/02/2026 06:36
Nederland,ElectricityLoad,Hour,9234594,9234594,0,0,14/10/2025 02:00,14/10/2025 03:00,13/02/2026 06:36
Nederland,ElectricityLoad,Hour,9346020,9346020,0,0,14/10/2025 03:00,14/10/2025 04:00,13/02/2026 06:36
Nederland,ElectricityLoad,Hour,9847150,9847150,0,0,14/10/2025 04:00,14/10/2025 05:00,13/02/2026 06:36
Nederland,ElectricityLoad,Hour,11162465,11162465,0,0,14/10/2025 05:00,14/10/2025 06:00,13/02/2026 06:36
Nederland,ElectricityLoad,Hour,12317882,12317882,0,0,14/10/2025 06:00,14/10/2025 07:00,13/02/2026 06:36
Nederland,ElectricityLoad,Hour,13231863,13231863,0,0,14/10/2025 07:00,14/10/2025 08:00,13/02/2026 06:36
Nederland,ElectricityLoad,Hour,13906283,13906283,0,0,14/10/2025 08:00,14/10/2025 09:00,13/02/2026 06:36
Nederland,ElectricityLoad,Hour,15094822,15094822,0,0,14/10/2025 09:00,14/10/2025 10:00,13/02/2026 06:36
Nederland,ElectricityLoad,Hour,18472617,18472617,0,0,14/10/2025 10:00,14/10/2025 11:00,13/02/2026 06:36
Nederland,ElectricityLoad,Hour,18581590,18581590,0,0,14/10/2025 11:00,14/10/2025 12:00,13/02/2026 06:36
Nederland,ElectricityLoad,Hour,18969737,18969737,0,0,14/10/2025 12:00,14/10/2025 13:00,13/02/2026 06:36
Nederland,ElectricityLoad,Hour,17583014,17583014,0,0,14/10/2025 13:00,14/10/2025 14:00,13/02/2026 06:36
Nederland,ElectricityLoad,Hour,17298406,17298406,0,0,14/10/2025 14:00,14/10/2025 15:00,13/02/2026 06:36
Nederland,ElectricityLoad,Hour,16530996,16530996,0,0,14/10/2025 15:00,14/10/2025 16:00,13/02/2026 06:36
Nederland,ElectricityLoad,Hour,15159024,15159024,0,0,14/10/2025 16:00,14/10/2025 17:00,13/02/2026 06:36
Nederland,ElectricityLoad,Hour,14532035,14532035,0,0,14/10/2025 17:00,14/10/2025 18:00,13/02/2026 06:36
Nederland,ElectricityLoad,Hour,13579845,13579845,0,0,14/10/2025 18:00,14/10/2025 19:00,13/02/2026 06:36
Nederland,ElectricityLoad,Hour,12607344,12607344,0,0,14/10/2025 19:00,14/10/2025 20:00,13/02/2026 06:36
Nederland,ElectricityLoad,Hour,11612283,11612283,0,0,14/10/2025 20:00,14/10/2025 21:00,13/02/2026 06:36
Nederland,ElectricityLoad,Hour,10684156,10684156,0,0,14/10/2025 21:00,14/10/2025 22:00,13/02/2026 06:36
Nederland,ElectricityLoad,Hour,9787453,9787453,0,0,14/10/2025 22:00,14/10/2025 23:00,13/02/2026 06:36
Nederland,ElectricityLoad,Hour,9216347,9216347,0,0,14/10/2025 23:00,15/10/2025 00:00,13/02/2026 06:36
Nederland,ElectricityLoad,Hour,9019859,9019859,0,0,15/10/2025 00:00,15/10/2025 01:00,14/02/2026 06:35
Nederland,ElectricityLoad,Hour,9031728,9031728,0,0,15/10/2025 01:00,15/10/2025 02:00,14/02/2026 06:35
Nederland,ElectricityLoad,Hour,9062640,9062640,0,0,15/10/2025 02:00,15/10/2025 03:00,14/02/2026 06:35
Nederland,ElectricityLoad,Hour,9376219,9376219,0,0,15/10/2025 03:00,15/10/2025 04:00,14/02/2026 06:35
Nederland,ElectricityLoad,Hour,10952400,10952400,0,0,15/10/2025 04:00,15/10/2025 05:00,14/02/2026 06:35
Nederland,ElectricityLoad,Hour,12927832,12927832,0,0,15/10/2025 05:00,15/10/2025 06:00,14/02/2026 06:35
Nederland,ElectricityLoad,Hour,14097834,14097834,0,0,15/10/2025 06:00,15/10/2025 07:00,14/02/2026 06:35
Nederland,ElectricityLoad,Hour,14837513,14837513,0,0,15/10/2025 07:00,15/10/2025 08:00,14/02/2026 06:35
Nederland,ElectricityLoad,Hour,15633231,15633231,0,0,15/10/2025 08:00,15/10/2025 09:00,14/02/2026 06:35
Nederland,ElectricityLoad,Hour,16396191,16396191,0,0,15/10/2025 09:00,15/10/2025 10:00,14/02/2026 06:35
Nederland,ElectricityLoad,Hour,16953280,16953280,0,0,15/10/2025 10:00,15/10/2025 11:00,14/02/2026 06:35
Nederland,ElectricityLoad,Hour,17508071,17508071,0,0,15/10/2025 11:00,15/10/2025 12:00,14/02/2026 06:35
Nederland,ElectricityLoad,Hour,17260212,17260212,0,0,15/10/2025 12:00,15/10/2025 13:00,14/02/2026 06:35
Nederland,ElectricityLoad,Hour,16242842,16242842,0,0,15/10/2025 13:00,15/10/2025 14:00,14/02/2026 06:35
Nederland,ElectricityLoad,Hour,16311481,16311481,0,0,15/10/2025 14:00,15/10/2025 15:00,14/02/2026 06:35
Nederland,ElectricityLoad,Hour,16559121,16559121,0,0,15/10/2025 15:00,15/10/2025 16:00,14/02/2026 06:35
Nederland,ElectricityLoad,Hour,15249900,15249900,0,0,15/10/2025 16:00,15/10/2025 17:00,14/02/2026 06:35
Nederland,ElectricityLoad,Hour,14511503,14511503,0,0,15/10/2025 17:00,15/10/2025 18:00,14/02/2026 06:35
Nederland,ElectricityLoad,Hour,13655793,13655793,0,0,15/10/2025 18:00,15/10/2025 19:00,14/02/2026 06:35
Nederland,ElectricityLoad,Hour,12696060,12696060,0,0,15/10/2025 19:00,15/10/2025 20:00,14/02/2026 06:35
Nederland,ElectricityLoad,Hour,11604655,11604655,0,0,15/10/2025 20:00,15/10/2025 21:00,14/02/2026 06:35
Nederland,ElectricityLoad,Hour,10649257,10649257,0,0,15/10/2025 21:00,15/10/2025 22:00,14/02/2026 06:35
Nederland,ElectricityLoad,Hour,9790444,9790444,0,0,15/10/2025 22:00,15/10/2025 23:00,14/02/2026 06:35
Nederland,ElectricityLoad,Hour,9223536,9223536,0,0,15/10/2025 23:00,16/10/2025 00:00,14/02/2026 06:35
Nederland,ElectricityLoad,Hour,8811416,8811416,0,0,16/10/2025 00:00,16/10/2025 01:00,15/02/2026 06:35
Nederland,ElectricityLoad,Hour,8925358,8925358,0,0,16/10/2025 01:00,16/10/2025 02:00,15/02/2026 06:35
Nederland,ElectricityLoad,Hour,8982834,8982834,0,0,16/10/2025 02:00,16/10/2025 03:00,15/02/2026 06:35
Nederland,ElectricityLoad,Hour,9418484,9418484,0,0,16/10/2025 03:00,16/10/2025 04:00,15/02/2026 06:35
Nederland,ElectricityLoad,Hour,11285841,11285841,0,0,16/10/2025 04:00,16/10/2025 05:00,15/02/2026 06:35
Nederland,ElectricityLoad,Hour,13260149,13260149,0,0,16/10/2025 05:00,16/10/2025 06:00,15/02/2026 06:35
Nederland,ElectricityLoad,Hour,14265982,14265982,0,0,16/10/2025 06:00,16/10/2025 07:00,15/02/2026 06:35
Nederland,ElectricityLoad,Hour,15216034,15216034,0,0,16/10/2025 07:00,16/10/2025 08:00,15/02/2026 06:35
Nederland,ElectricityLoad,Hour,16817390,16817390,0,0,16/10/2025 08:00,16/10/2025 09:00,15/02/2026 06:35
Nederland,ElectricityLoad,Hour,18762123,18762123,0,0,16/10/2025 09:00,16/10/2025 10:00,15/02/2026 06:35
Nederland,ElectricityLoad,Hour,19633235,19633235,0,0,16/10/2025 10:00,16/10/2025 11:00,15/02/2026 06:35
Nederland,ElectricityLoad,Hour,18698706,18698706,0,0,16/10/2025 11:00,16/10/2025 12:00,15/02/2026 06:35
Nederland,ElectricityLoad,Hour,18466739,18466739,0,0,16/10/2025 12:00,16/10/2025 13:00,15/02/2026 06:35
Nederland,ElectricityLoad,Hour,18652510,18652510,0,0,16/10/2025 13:00,16/10/2025 14:00,15/02/2026 06:35
Nederland,ElectricityLoad,Hour,18050230,18050230,0,0,16/10/2025 14:00,16/10/2025 15:00,15/02/2026 06:35
Nederland,ElectricityLoad,Hour,16853643,16853643,0,0,16/10/2025 15:00,16/10/2025 16:00,15/02/2026 06:35
Nederland,ElectricityLoad,Hour,15061426,15061426,0,0,16/10/2025 16:00,16/10/2025 17:00,15/02/2026 06:35
Nederland,ElectricityLoad,Hour,14676866,14676866,0,0,16/10/2025 17:00,16/10/2025 18:00,15/02/2026 06:35
Nederland,ElectricityLoad,Hour,13876476,13876476,0,0,16/10/2025 18:00,16/10/2025 19:00,15/02/2026 06:35
Nederland,ElectricityLoad,Hour,12948609,12948609,0,0,16/10/2025 19:00,16/10/2025 20:00,15/02/2026 06:35
Nederland,ElectricityLoad,Hour,11724626,11724626,0,0,16/10/2025 20:00,16/10/2025 21:00,15/02/2026 06:35
Nederland,ElectricityLoad,Hour,10798037,10798037,0,0,16/10/2025 21:00,16/10/2025 22:00,15/02/2026 06:35
Nederland,ElectricityLoad,Hour,10089358,10089358,0,0,16/10/2025 22:00,16/10/2025 23:00,15/02/2026 06:35
Nederland,ElectricityLoad,Hour,9467754,9467754,0,0,16/10/2025 23:00,17/10/2025 00:00,15/02/2026 06:35
Nederland,ElectricityLoad,Hour,9187691,9187691,0,0,17/10/2025 00:00,17/10/2025 01:00,16/02/2026 06:35
Nederland,ElectricityLoad,Hour,8835093,8835093,0,0,17/10/2025 01:00,17/10/2025 02:00,16/02/2026 06:35
Nederland,ElectricityLoad,Hour,8757069,8757069,0,0,17/10/2025 02:00,17/10/2025 03:00,16/02/2026 06:35
Nederland,ElectricityLoad,Hour,9236117,9236117,0,0,17/10/2025 03:00,17/10/2025 04:00,16/02/2026 06:35
Nederland,ElectricityLoad,Hour,10863783,10863783,0,0,17/10/2025 04:00,17/10/2025 05:00,16/02/2026 06:35
Nederland,ElectricityLoad,Hour,12893098,12893098,0,0,17/10/2025 05:00,17/10/2025 06:00,16/02/2026 06:35
Nederland,ElectricityLoad,Hour,13981403,13981403,0,0,17/10/2025 06:00,17/10/2025 07:00,16/02/2026 06:35
Nederland,ElectricityLoad,Hour,14858974,14858974,0,0,17/10/2025 07:00,17/10/2025 08:00,16/02/2026 06:35
Nederland,ElectricityLoad,Hour,15822970,15822970,0,0,17/10/2025 08:00,17/10/2025 09:00,16/02/2026 06:35
Nederland,ElectricityLoad,Hour,16928400,16928400,0,0,17/10/2025 09:00,17/10/2025 10:00,16/02/2026 06:35
Nederland,ElectricityLoad,Hour,18220102,18220102,0,0,17/10/2025 10:00,17/10/2025 11:00,16/02/2026 06:35
Nederland,ElectricityLoad,Hour,19065087,19065087,0,0,17/10/2025 11:00,17/10/2025 12:00,16/02/2026 06:35
Nederland,ElectricityLoad,Hour,17979519,17979519,0,0,17/10/2025 12:00,17/10/2025 13:00,16/02/2026 06:35
Nederland,ElectricityLoad,Hour,17079708,17079708,0,0,17/10/2025 13:00,17/10/2025 14:00,16/02/2026 06:35
Nederland,ElectricityLoad,Hour,16377204,16377204,0,0,17/10/2025 14:00,17/10/2025 15:00,16/02/2026 06:35
Nederland,ElectricityLoad,Hour,16228588,16228588,0,0,17/10/2025 15:00,17/10/2025 16:00,16/02/2026 06:35
Nederland,ElectricityLoad,Hour,14596761,14596761,0,0,17/10/2025 16:00,17/10/2025 17:00,16/02/2026 06:35
Nederland,ElectricityLoad,Hour,13856670,13856670,0,0,17/10/2025 17:00,17/10/2025 18:00,16/02/2026 06:35
Nederland,ElectricityLoad,Hour,12925654,12925654,0,0,17/10/2025 18:00,17/10/2025 19:00,16/02/2026 06:35
Nederland,ElectricityLoad,Hour,12085929,12085929,0,0,17/10/2025 19:00,17/10/2025 20:00,16/02/2026 06:35
Nederland,ElectricityLoad,Hour,11063225,11063225,0,0,17/10/2025 20:00,17/10/2025 21:00,16/02/2026 06:35
Nederland,ElectricityLoad,Hour,10180151,10180151,0,0,17/10/2025 21:00,17/10/2025 22:00,16/02/2026 06:35
Nederland,ElectricityLoad,Hour,9271918,9271918,0,0,17/10/2025 22:00,17/10/2025 23:00,16/02/2026 06:35
Nederland,ElectricityLoad,Hour,8831125,8831125,0,0,17/10/2025 23:00,18/10/2025 00:00,16/02/2026 06:35
Nederland,ElectricityLoad,Hour,8468253,8468253,0,0,18/10/2025 00:00,18/10/2025 01:00,17/02/2026 06:36
Nederland,ElectricityLoad,Hour,8283108,8283108,0,0,18/10/2025 01:00,18/10/2025 02:00,17/02/2026 06:36
Nederland,ElectricityLoad,Hour,8264707,8264707,0,0,18/10/2025 02:00,18/10/2025 03:00,17/02/2026 06:36
Nederland,ElectricityLoad,Hour,8428058,8428058,0,0,18/10/2025 03:00,18/10/2025 04:00,17/02/2026 06:36
Nederland,ElectricityLoad,Hour,9042491,9042491,0,0,18/10/2025 04:00,18/10/2025 05:00,17/02/2026 06:36
Nederland,ElectricityLoad,Hour,10027077,10027077,0,0,18/10/2025 05:00,18/10/2025 06:00,17/02/2026 06:36
Nederland,ElectricityLoad,Hour,10937522,10937522,0,0,18/10/2025 06:00,18/10/2025 07:00,17/02/2026 06:36
Nederland,ElectricityLoad,Hour,12809033,12809033,0,0,18/10/2025 07:00,18/10/2025 08:00,17/02/2026 06:36
Nederland,ElectricityLoad,Hour,15447005,15447005,0,0,18/10/2025 08:00,18/10/2025 09:00,17/02/2026 06:36
Nederland,ElectricityLoad,Hour,18650230,18650230,0,0,18/10/2025 09:00,18/10/2025 10:00,17/02/2026 06:36
Nederland,ElectricityLoad,Hour,21125183,21125183,0,0,18/10/2025 10:00,18/10/2025 11:00,17/02/2026 06:36
Nederland,ElectricityLoad,Hour,20655726,20655726,0,0,18/10/2025 11:00,18/10/2025 12:00,17/02/2026 06:36
Nederland,ElectricityLoad,Hour,20332762,20332762,0,0,18/10/2025 12:00,18/10/2025 13:00,17/02/2026 06:36
Nederland,ElectricityLoad,Hour,18170650,18170650,0,0,18/10/2025 13:00,18/10/2025 14:00,17/02/2026 06:36
Nederland,ElectricityLoad,Hour,16133371,16133371,0,0,18/10/2025 14:00,18/10/2025 15:00,17/02/2026 06:36
Nederland,ElectricityLoad,Hour,14345573,14345573,0,0,18/10/2025 15:00,18/10/2025 16:00,17/02/2026 06:36
Nederland,ElectricityLoad,Hour,13173625,13173625,0,0,18/10/2025 16:00,18/10/2025 17:00,17/02/2026 06:36
Nederland,ElectricityLoad,Hour,12712825,12712825,0,0,18/10/2025 17:00,18/10/2025 18:00,17/02/2026 06:36
Nederland,ElectricityLoad,Hour,12046502,12046502,0,0,18/10/2025 18:00,18/10/2025 19:00,17/02/2026 06:36
Nederland,ElectricityLoad,Hour,11487776,11487776,0,0,18/10/2025 19:00,18/10/2025 20:00,17/02/2026 06:36
Nederland,ElectricityLoad,Hour,10759644,10759644,0,0,18/10/2025 20:00,18/10/2025 21:00,17/02/2026 06:36
Nederland,ElectricityLoad,Hour,10127796,10127796,0,0,18/10/2025 21:00,18/10/2025 22:00,17/02/2026 06:36
Nederland,ElectricityLoad,Hour,9474187,9474187,0,0,18/10/2025 22:00,18/10/2025 23:00,17/02/2026 06:36
Nederland,ElectricityLoad,Hour,8941414,8941414,0,0,18/10/2025 23:00,19/10/2025 00:00,17/02/2026 06:36
Nederland,ElectricityLoad,Hour,8755319,8755319,0,0,19/10/2025 00:00,19/10/2025 01:00,18/02/2026 06:35
Nederland,ElectricityLoad,Hour,8454481,8454481,0,0,19/10/2025 01:00,19/10/2025 02:00,18/02/2026 06:35
Nederland,ElectricityLoad,Hour,8408532,8408532,0,0,19/10/2025 02:00,19/10/2025 03:00,18/02/2026 06:35
Nederland,ElectricityLoad,Hour,8850472,8850472,0,0,19/10/2025 03:00,19/10/2025 04:00,18/02/2026 06:35
Nederland,ElectricityLoad,Hour,9390570,9390570,0,0,19/10/2025 04:00,19/10/2025 05:00,18/02/2026 06:35
Nederland,ElectricityLoad,Hour,10223694,10223694,0,0,19/10/2025 05:00,19/10/2025 06:00,18/02/2026 06:35
Nederland,ElectricityLoad,Hour,10873811,10873811,0,0,19/10/2025 06:00,19/10/2025 07:00,18/02/2026 06:35
Nederland,ElectricityLoad,Hour,12298731,12298731,0,0,19/10/2025 07:00,19/10/2025 08:00,18/02/2026 06:35
Nederland,ElectricityLoad,Hour,14677244,14677244,0,0,19/10/2025 08:00,19/10/2025 09:00,18/02/2026 06:35
Nederland,ElectricityLoad,Hour,16551335,16551335,0,0,19/10/2025 09:00,19/10/2025 10:00,18/02/2026 06:35
Nederland,ElectricityLoad,Hour,18302910,18302910,0,0,19/10/2025 10:00,19/10/2025 11:00,18/02/2026 06:35
Nederland,ElectricityLoad,Hour,19886069,19886069,0,0,19/10/2025 11:00,19/10/2025 12:00,18/02/2026 06:35
Nederland,ElectricityLoad,Hour,21475494,21475494,0,0,19/10/2025 12:00,19/10/2025 13:00,18/02/2026 06:35
Nederland,ElectricityLoad,Hour,19470879,19470879,0,0,19/10/2025 13:00,19/10/2025 14:00,18/02/2026 06:35
Nederland,ElectricityLoad,Hour,16551684,16551684,0,0,19/10/2025 14:00,19/10/2025 15:00,18/02/2026 06:35
Nederland,ElectricityLoad,Hour,14866507,14866507,0,0,19/10/2025 15:00,19/10/2025 16:00,18/02/2026 06:35
Nederland,ElectricityLoad,Hour,13438183,13438183,0,0,19/10/2025 16:00,19/10/2025 17:00,18/02/2026 06:35
Nederland,ElectricityLoad,Hour,12771147,12771147,0,0,19/10/2025 17:00,19/10/2025 18:00,18/02/2026 06:35
Nederland,ElectricityLoad,Hour,12427765,12427765,0,0,19/10/2025 18:00,19/10/2025 19:00,18/02/2026 06:35
Nederland,ElectricityLoad,Hour,11945738,11945738,0,0,19/10/2025 19:00,19/10/2025 20:00,18/02/2026 06:35
Nederland,ElectricityLoad,Hour,11518812,11518812,0,0,19/10/2025 20:00,19/10/2025 21:00,18/02/2026 06:35
Nederland,ElectricityLoad,Hour,10859717,10859717,0,0,19/10/2025 21:00,19/10/2025 22:00,18/02/2026 06:35
Nederland,ElectricityLoad,Hour,10309079,10309079,0,0,19/10/2025 22:00,19/10/2025 23:00,18/02/2026 06:35
Nederland,ElectricityLoad,Hour,9896488,9896488,0,0,19/10/2025 23:00,20/10/2025 00:00,18/02/2026 06:35
Nederland,ElectricityLoad,Hour,9590879,9590879,0,0,20/10/2025 00:00,20/10/2025 01:00,19/02/2026 06:35
Nederland,ElectricityLoad,Hour,9560036,9560036,0,0,20/10/2025 01:00,20/10/2025 02:00,19/02/2026 06:35
Nederland,ElectricityLoad,Hour,9569836,9569836,0,0,20/10/2025 02:00,20/10/2025 03:00,19/02/2026 06:35
Nederland,ElectricityLoad,Hour,10230735,10230735,0,0,20/10/2025 03:00,20/10/2025 04:00,19/02/2026 06:35
Nederland,ElectricityLoad,Hour,11910894,11910894,0,0,20/10/2025 04:00,20/10/2025 05:00,19/02/2026 06:35
Nederland,ElectricityLoad,Hour,13789665,13789665,0,0,20/10/2025 05:00,20/10/2025 06:00,19/02/2026 06:35
Nederland,ElectricityLoad,Hour,15023788,15023788,0,0,20/10/2025 06:00,20/10/2025 07:00,19/02/2026 06:35
Nederland,ElectricityLoad,Hour,15462424,15462424,0,0,20/10/2025 07:00,20/10/2025 08:00,19/02/2026 06:35
Nederland,ElectricityLoad,Hour,16547304,16547304,0,0,20/10/2025 08:00,20/10/2025 09:00,19/02/2026 06:35
Nederland,ElectricityLoad,Hour,17639826,17639826,0,0,20/10/2025 09:00,20/10/2025 10:00,19/02/2026 06:35
Nederland,ElectricityLoad,Hour,18889319,18889319,0,0,20/10/2025 10:00,20/10/2025 11:00,19/02/2026 06:35
Nederland,ElectricityLoad,Hour,19220926,19220926,0,0,20/10/2025 11:00,20/10/2025 12:00,19/02/2026 06:35
Nederland,ElectricityLoad,Hour,19882065,19882065,0,0,20/10/2025 12:00,20/10/2025 13:00,19/02/2026 06:35
Nederland,ElectricityLoad,Hour,18189687,18189687,0,0,20/10/2025 13:00,20/10/2025 14:00,19/02/2026 06:35
Nederland,ElectricityLoad,Hour,17549921,17549921,0,0,20/10/2025 14:00,20/10/2025 15:00,19/02/2026 06:35
Nederland,ElectricityLoad,Hour,17724621,17724621,0,0,20/10/2025 15:00,20/10/2025 16:00,19/02/2026 06:35
Nederland,ElectricityLoad,Hour,15718015,15718015,0,0,20/10/2025 16:00,20/10/2025 17:00,19/02/2026 06:35
Nederland,ElectricityLoad,Hour,14923654,14923654,0,0,20/10/2025 17:00,20/10/2025 18:00,19/02/2026 06:35
Nederland,ElectricityLoad,Hour,14366601,14366601,0,0,20/10/2025 18:00,20/10/2025 19:00,19/02/2026 06:35
Nederland,ElectricityLoad,Hour,13364883,13364883,0,0,20/10/2025 19:00,20/10/2025 20:00,19/02/2026 06:35
Nederland,ElectricityLoad,Hour,12158823,12158823,0,0,20/10/2025 20:00,20/10/2025 21:00,19/02/2026 06:35
Nederland,ElectricityLoad,Hour,11542965,11542965,0,0,20/10/2025 21:00,20/10/2025 22:00,19/02/2026 06:35
Nederland,ElectricityLoad,Hour,10980830,10980830,0,0,20/10/2025 22:00,20/10/2025 23:00,19/02/2026 06:35
Nederland,ElectricityLoad,Hour,10464132,10464132,0,0,20/10/2025 23:00,21/10/2025 00:00,19/02/2026 06:35
Nederland,ElectricityLoad,Hour,10409419,10409419,0,0,21/10/2025 00:00,21/10/2025 01:00,20/02/2026 06:35
Nederland,ElectricityLoad,Hour,10648108,10648108,0,0,21/10/2025 01:00,21/10/2025 02:00,20/02/2026 06:35
Nederland,ElectricityLoad,Hour,10687860,10687860,0,0,21/10/2025 02:00,21/10/2025 03:00,20/02/2026 06:35
Nederland,ElectricityLoad,Hour,11730264,11730264,0,0,21/10/2025 03:00,21/10/2025 04:00,20/02/2026 06:35
Nederland,ElectricityLoad,Hour,13671448,13671448,0,0,21/10/2025 04:00,21/10/2025 05:00,20/02/2026 06:35
Nederland,ElectricityLoad,Hour,15603634,15603634,0,0,21/10/2025 05:00,21/10/2025 06:00,20/02/2026 06:35
Nederland,ElectricityLoad,Hour,17141566,17141566,0,0,21/10/2025 06:00,21/10/2025 07:00,20/02/2026 06:35
Nederland,ElectricityLoad,Hour,17586456,17586456,0,0,21/10/2025 07:00,21/10/2025 08:00,20/02/2026 06:35
Nederland,ElectricityLoad,Hour,18135529,18135529,0,0,21/10/2025 08:00,21/10/2025 09:00,20/02/2026 06:35
Nederland,ElectricityLoad,Hour,18785457,18785457,0,0,21/10/2025 09:00,21/10/2025 10:00,20/02/2026 06:35
Nederland,ElectricityLoad,Hour,19562637,19562637,0,0,21/10/2025 10:00,21/10/2025 11:00,20/02/2026 06:35
Nederland,ElectricityLoad,Hour,20659049,20659049,0,0,21/10/2025 11:00,21/10/2025 12:00,20/02/2026 06:35
Nederland,ElectricityLoad,Hour,20522534,20522534,0,0,21/10/2025 12:00,21/10/2025 13:00,20/02/2026 06:35
Nederland,ElectricityLoad,Hour,19986817,19986817,0,0,21/10/2025 13:00,21/10/2025 14:00,20/02/2026 06:35
Nederland,ElectricityLoad,Hour,19280177,19280177,0,0,21/10/2025 14:00,21/10/2025 15:00,20/02/2026 06:35
Nederland,ElectricityLoad,Hour,18468590,18468590,0,0,21/10/2025 15:00,21/10/2025 16:00,20/02/2026 06:35
Nederland,ElectricityLoad,Hour,16863713,16863713,0,0,21/10/2025 16:00,21/10/2025 17:00,20/02/2026 06:35
Nederland,ElectricityLoad,Hour,15871540,15871540,0,0,21/10/2025 17:00,21/10/2025 18:00,20/02/2026 06:35
Nederland,ElectricityLoad,Hour,15339916,15339916,0,0,21/10/2025 18:00,21/10/2025 19:00,20/02/2026 06:35
Nederland,ElectricityLoad,Hour,14391248,14391248,0,0,21/10/2025 19:00,21/10/2025 20:00,20/02/2026 06:35
Nederland,ElectricityLoad,Hour,13076288,13076288,0,0,21/10/2025 20:00,21/10/2025 21:00,20/02/2026 06:35
Nederland,ElectricityLoad,Hour,11686798,11686798,0,0,21/10/2025 21:00,21/10/2025 22:00,20/02/2026 06:35
Nederland,ElectricityLoad,Hour,10855672,10855672,0,0,21/10/2025 22:00,21/10/2025 23:00,20/02/2026 06:35
Nederland,ElectricityLoad,Hour,10511670,10511670,0,0,21/10/2025 23:00,22/10/2025 00:00,20/02/2026 06:35
Nederland,ElectricityLoad,Hour,10230133,10230133,0,0,22/10/2025 00:00,22/10/2025 01:00,21/02/2026 06:35
Nederland,ElectricityLoad,Hour,9936442,9936442,0,0,22/10/2025 01:00,22/10/2025 02:00,21/02/2026 06:35
Nederland,ElectricityLoad,Hour,9734908,9734908,0,0,22/10/2025 02:00,22/10/2025 03:00,21/02/2026 06:35
Nederland,ElectricityLoad,Hour,10080886,10080886,0,0,22/10/2025 03:00,22/10/2025 04:00,21/02/2026 06:35
Nederland,ElectricityLoad,Hour,11402805,11402805,0,0,22/10/2025 04:00,22/10/2025 05:00,21/02/2026 06:35
Nederland,ElectricityLoad,Hour,13340858,13340858,0,0,22/10/2025 05:00,22/10/2025 06:00,21/02/2026 06:35
Nederland,ElectricityLoad,Hour,14541441,14541441,0,0,22/10/2025 06:00,22/10/2025 07:00,21/02/2026 06:35
Nederland,ElectricityLoad,Hour,15453509,15453509,0,0,22/10/2025 07:00,22/10/2025 08:00,21/02/2026 06:35
Nederland,ElectricityLoad,Hour,16692238,16692238,0,0,22/10/2025 08:00,22/10/2025 09:00,21/02/2026 06:35
Nederland,ElectricityLoad,Hour,18471894,18471894,0,0,22/10/2025 09:00,22/10/2025 10:00,21/02/2026 06:35
Nederland,ElectricityLoad,Hour,19845940,19845940,0,0,22/10/2025 10:00,22/10/2025 11:00,21/02/2026 06:35
Nederland,ElectricityLoad,Hour,20458451,20458451,0,0,22/10/2025 11:00,22/10/2025 12:00,21/02/2026 06:35
Nederland,ElectricityLoad,Hour,19724359,19724359,0,0,22/10/2025 12:00,22/10/2025 13:00,21/02/2026 06:35
Nederland,ElectricityLoad,Hour,17675936,17675936,0,0,22/10/2025 13:00,22/10/2025 14:00,21/02/2026 06:35
Nederland,ElectricityLoad,Hour,16925746,16925746,0,0,22/10/2025 14:00,22/10/2025 15:00,21/02/2026 06:35
Nederland,ElectricityLoad,Hour,16461509,16461509,0,0,22/10/2025 15:00,22/10/2025 16:00,21/02/2026 06:35
Nederland,ElectricityLoad,Hour,14574214,14574214,0,0,22/10/2025 16:00,22/10/2025 17:00,21/02/2026 06:35
Nederland,ElectricityLoad,Hour,13971916,13971916,0,0,22/10/2025 17:00,22/10/2025 18:00,21/02/2026 06:35
Nederland,ElectricityLoad,Hour,13249910,13249910,0,0,22/10/2025 18:00,22/10/2025 19:00,21/02/2026 06:35
Nederland,ElectricityLoad,Hour,12239429,12239429,0,0,22/10/2025 19:00,22/10/2025 20:00,21/02/2026 06:35
Nederland,ElectricityLoad,Hour,11178282,11178282,0,0,22/10/2025 20:00,22/10/2025 21:00,21/02/2026 06:35
Nederland,ElectricityLoad,Hour,10159874,10159874,0,0,22/10/2025 21:00,22/10/2025 22:00,21/02/2026 06:35
Nederland,ElectricityLoad,Hour,9408808,9408808,0,0,22/10/2025 22:00,22/10/2025 23:00,21/02/2026 06:35
Nederland,ElectricityLoad,Hour,9304481,9304481,0,0,22/10/2025 23:00,23/10/2025 00:00,21/02/2026 06:35
Nederland,ElectricityLoad,Hour,9452889,9452889,0,0,23/10/2025 00:00,23/10/2025 01:00,22/02/2026 06:35
Nederland,ElectricityLoad,Hour,10118097,10118097,0,0,23/10/2025 01:00,23/10/2025 02:00,22/02/2026 06:35
Nederland,ElectricityLoad,Hour,11063692,11063692,0,0,23/10/2025 02:00,23/10/2025 03:00,22/02/2026 06:35
Nederland,ElectricityLoad,Hour,12260610,12260610,0,0,23/10/2025 03:00,23/10/2025 04:00,22/02/2026 06:35
Nederland,ElectricityLoad,Hour,14270618,14270618,0,0,23/10/2025 04:00,23/10/2025 05:00,22/02/2026 06:35
Nederland,ElectricityLoad,Hour,16221715,16221715,0,0,23/10/2025 05:00,23/10/2025 06:00,22/02/2026 06:35
Nederland,ElectricityLoad,Hour,16594826,16594826,0,0,23/10/2025 06:00,23/10/2025 07:00,22/02/2026 06:35
Nederland,ElectricityLoad,Hour,17157163,17157163,0,0,23/10/2025 07:00,23/10/2025 08:00,22/02/2026 06:35
Nederland,ElectricityLoad,Hour,19277353,19277353,0,0,23/10/2025 08:00,23/10/2025 09:00,22/02/2026 06:35
Nederland,ElectricityLoad,Hour,20632401,20632401,0,0,23/10/2025 09:00,23/10/2025 10:00,22/02/2026 06:35
Nederland,ElectricityLoad,Hour,21930477,21930477,0,0,23/10/2025 10:00,23/10/2025 11:00,22/02/2026 06:35
Nederland,ElectricityLoad,Hour,21265357,21265357,0,0,23/10/2025 11:00,23/10/2025 12:00,22/02/2026 06:35
Nederland,ElectricityLoad,Hour,18942779,18942779,0,0,23/10/2025 12:00,23/10/2025 13:00,22/02/2026 06:35
Nederland,ElectricityLoad,Hour,18428193,18428193,0,0,23/10/2025 13:00,23/10/2025 14:00,22/02/2026 06:35
Nederland,ElectricityLoad,Hour,18238720,18238720,0,0,23/10/2025 14:00,23/10/2025 15:00,22/02/2026 06:35
Nederland,ElectricityLoad,Hour,18469922,18469922,0,0,23/10/2025 15:00,23/10/2025 16:00,22/02/2026 06:35
Nederland,ElectricityLoad,Hour,17477508,17477508,0,0,23/10/2025 16:00,23/10/2025 17:00,22/02/2026 06:35
Nederland,ElectricityLoad,Hour,17429554,17429554,0,0,23/10/2025 17:00,23/10/2025 18:00,22/02/2026 06:35
Nederland,ElectricityLoad,Hour,16863675,16863675,0,0,23/10/2025 18:00,23/10/2025 19:00,22/02/2026 06:35
Nederland,ElectricityLoad,Hour,15770014,15770014,0,0,23/10/2025 19:00,23/10/2025 20:00,22/02/2026 06:35
Nederland,ElectricityLoad,Hour,15250384,15250384,0,0,23/10/2025 20:00,23/10/2025 21:00,22/02/2026 06:35
Nederland,ElectricityLoad,Hour,14757657,14757657,0,0,23/10/2025 21:00,23/10/2025 22:00,22/02/2026 06:35
Nederland,ElectricityLoad,Hour,13257564,13257564,0,0,23/10/2025 22:00,23/10/2025 23:00,22/02/2026 06:35
Nederland,ElectricityLoad,Hour,12816337,12816337,0,0,23/10/2025 23:00,24/10/2025 00:00,22/02/2026 06:35
Nederland,ElectricityLoad,Hour,12702419,12702419,0,0,24/10/2025 00:00,24/10/2025 01:00,23/02/2026 06:35
Nederland,ElectricityLoad,Hour,12632854,12632854,0,0,24/10/2025 01:00,24/10/2025 02:00,23/02/2026 06:35
Nederland,ElectricityLoad,Hour,12633696,12633696,0,0,24/10/2025 02:00,24/10/2025 03:00,23/02/2026 06:35
Nederland,ElectricityLoad,Hour,13042603,13042603,0,0,24/10/2025 03:00,24/10/2025 04:00,23/02/2026 06:35
Nederland,ElectricityLoad,Hour,14295546,14295546,0,0,24/10/2025 04:00,24/10/2025 05:00,23/02/2026 06:35
Nederland,ElectricityLoad,Hour,16323186,16323186,0,0,24/10/2025 05:00,24/10/2025 06:00,23/02/2026 06:35
Nederland,ElectricityLoad,Hour,17826986,17826986,0,0,24/10/2025 06:00,24/10/2025 07:00,23/02/2026 06:35
Nederland,ElectricityLoad,Hour,18592007,18592007,0,0,24/10/2025 07:00,24/10/2025 08:00,23/02/2026 06:35
Nederland,ElectricityLoad,Hour,20570883,20570883,0,0,24/10/2025 08:00,24/10/2025 09:00,23/02/2026 06:35
Nederland,ElectricityLoad,Hour,22559921,22559921,0,0,24/10/2025 09:00,24/10/2025 10:00,23/02/2026 06:35
Nederland,ElectricityLoad,Hour,24216178,24216178,0,0,24/10/2025 10:00,24/10/2025 11:00,23/02/2026 06:35
Nederland,ElectricityLoad,Hour,24459817,24459817,0,0,24/10/2025 11:00,24/10/2025 12:00,23/02/2026 06:35
Nederland,ElectricityLoad,Hour,24809547,24809547,0,0,24/10/2025 12:00,24/10/2025 13:00,23/02/2026 06:35
Nederland,ElectricityLoad,Hour,22891010,22891010,0,0,24/10/2025 13:00,24/10/2025 14:00,23/02/2026 06:35
Nederland,ElectricityLoad,Hour,21863935,21863935,0,0,24/10/2025 14:00,24/10/2025 15:00,23/02/2026 06:35
Nederland,ElectricityLoad,Hour,20406748,20406748,0,0,24/10/2025 15:00,24/10/2025 16:00,23/02/2026 06:35
Nederland,ElectricityLoad,Hour,18463349,18463349,0,0,24/10/2025 16:00,24/10/2025 17:00,23/02/2026 06:35
Nederland,ElectricityLoad,Hour,17896405,17896405,0,0,24/10/2025 17:00,24/10/2025 18:00,23/02/2026 06:35
Nederland,ElectricityLoad,Hour,17087665,17087665,0,0,24/10/2025 18:00,24/10/2025 19:00,23/02/2026 06:35
Nederland,ElectricityLoad,Hour,16132793,16132793,0,0,24/10/2025 19:00,24/10/2025 20:00,23/02/2026 06:35
Nederland,ElectricityLoad,Hour,15252079,15252079,0,0,24/10/2025 20:00,24/10/2025 21:00,23/02/2026 06:35
Nederland,ElectricityLoad,Hour,14628893,14628893,0,0,24/10/2025 21:00,24/10/2025 22:00,23/02/2026 06:35
Nederland,ElectricityLoad,Hour,11380477,11380477,0,0,24/10/2025 22:00,24/10/2025 23:00,23/02/2026 06:35
Nederland,ElectricityLoad,Hour,10263721,10263721,0,0,24/10/2025 23:00,25/10/2025 00:00,23/02/2026 06:35
Nederland,ElectricityLoad,Hour,10260930,10260930,0,0,25/10/2025 00:00,25/10/2025 01:00,24/02/2026 06:35
Nederland,ElectricityLoad,Hour,10258544,10258544,0,0,25/10/2025 01:00,25/10/2025 02:00,24/02/2026 06:35
Nederland,ElectricityLoad,Hour,10404254,10404254,0,0,25/10/2025 02:00,25/10/2025 03:00,24/02/2026 06:35
Nederland,ElectricityLoad,Hour,10320407,10320407,0,0,25/10/2025 03:00,25/10/2025 04:00,24/02/2026 06:35
Nederland,ElectricityLoad,Hour,10514269,10514269,0,0,25/10/2025 04:00,25/10/2025 05:00,24/02/2026 06:35
Nederland,ElectricityLoad,Hour,11108327,11108327,0,0,25/10/2025 05:00,25/10/2025 06:00,24/02/2026 06:35
Nederland,ElectricityLoad,Hour,12073181,12073181,0,0,25/10/2025 06:00,25/10/2025 07:00,24/02/2026 06:35
Nederland,ElectricityLoad,Hour,12887398,12887398,0,0,25/10/2025 07:00,25/10/2025 08:00,24/02/2026 06:35
Nederland,ElectricityLoad,Hour,13859527,13859527,0,0,25/10/2025 08:00,25/10/2025 09:00,24/02/2026 06:35
Nederland,ElectricityLoad,Hour,13981847,13981847,0,0,25/10/2025 09:00,25/10/2025 10:00,24/02/2026 06:35
Nederland,ElectricityLoad,Hour,12663946,12663946,0,0,25/10/2025 10:00,25/10/2025 11:00,24/02/2026 06:35
Nederland,ElectricityLoad,Hour,13124649,13124649,0,0,25/10/2025 11:00,25/10/2025 12:00,24/02/2026 06:35
Nederland,ElectricityLoad,Hour,13564220,13564220,0,0,25/10/2025 12:00,25/10/2025 13:00,24/02/2026 06:35
Nederland,ElectricityLoad,Hour,14033552,14033552,0,0,25/10/2025 13:00,25/10/2025 14:00,24/02/2026 06:35
Nederland,ElectricityLoad,Hour,13629363,13629363,0,0,25/10/2025 14:00,25/10/2025 15:00,24/02/2026 06:35
Nederland,ElectricityLoad,Hour,13823088,13823088,0,0,25/10/2025 15:00,25/10/2025 16:00,24/02/2026 06:35
Nederland,ElectricityLoad,Hour,12183725,12183725,0,0,25/10/2025 16:00,25/10/2025 17:00,24/02/2026 06:35
Nederland,ElectricityLoad,Hour,11532993,11532993,0,0,25/10/2025 17:00,25/10/2025 18:00,24/02/2026 06:35
Nederland,ElectricityLoad,Hour,10998379,10998379,0,0,25/10/2025 18:00,25/10/2025 19:00,24/02/2026 06:35
Nederland,ElectricityLoad,Hour,10147719,10147719,0,0,25/10/2025 19:00,25/10/2025 20:00,24/02/2026 06:35
Nederland,ElectricityLoad,Hour,9677063,9677063,0,0,25/10/2025 20:00,25/10/2025 21:00,24/02/2026 06:35
Nederland,ElectricityLoad,Hour,9093870,9093870,0,0,25/10/2025 21:00,25/10/2025 22:00,24/02/2026 06:35
Nederland,ElectricityLoad,Hour,9097874,9097874,0,0,25/10/2025 22:00,25/10/2025 23:00,24/02/2026 06:35
Nederland,ElectricityLoad,Hour,8721782,8721782,0,0,25/10/2025 23:00,26/10/2025 00:00,24/02/2026 06:35
Nederland,ElectricityLoad,Hour,0,0,0,0,26/10/2025 00:00,26/10/2025 01:00,24/02/2026 06:35
Nederland,ElectricityLoad,Hour,6636506,6636506,0,0,26/10/2025 01:00,26/10/2025 02:00,25/02/2026 06:34
Nederland,ElectricityLoad,Hour,8400502,8400502,0,0,26/10/2025 02:00,26/10/2025 03:00,25/02/2026 06:34
Nederland,ElectricityLoad,Hour,8672087,8672087,0,0,26/10/2025 03:00,26/10/2025 04:00,25/02/2026 06:34
Nederland,ElectricityLoad,Hour,8872280,8872280,0,0,26/10/2025 04:00,26/10/2025 05:00,25/02/2026 06:34
Nederland,ElectricityLoad,Hour,9442385,9442385,0,0,26/10/2025 05:00,26/10/2025 06:00,25/02/2026 06:34
Nederland,ElectricityLoad,Hour,10171934,10171934,0,0,26/10/2025 06:00,26/10/2025 07:00,25/02/2026 06:34
Nederland,ElectricityLoad,Hour,11415486,11415486,0,0,26/10/2025 07:00,26/10/2025 08:00,25/02/2026 06:34
Nederland,ElectricityLoad,Hour,12877858,12877858,0,0,26/10/2025 08:00,26/10/2025 09:00,25/02/2026 06:34
Nederland,ElectricityLoad,Hour,19727467,19727467,0,0,26/10/2025 09:00,26/10/2025 10:00,25/02/2026 06:34
Nederland,ElectricityLoad,Hour,21377958,21377958,0,0,26/10/2025 10:00,26/10/2025 11:00,25/02/2026 06:34
Nederland,ElectricityLoad,Hour,22321270,22321270,0,0,26/10/2025 11:00,26/10/2025 12:00,25/02/2026 06:34
Nederland,ElectricityLoad,Hour,22927897,22927897,0,0,26/10/2025 12:00,26/10/2025 13:00,25/02/2026 06:34
Nederland,ElectricityLoad,Hour,20832120,20832120,0,0,26/10/2025 13:00,26/10/2025 14:00,25/02/2026 06:34
Nederland,ElectricityLoad,Hour,19253554,19253554,0,0,26/10/2025 14:00,26/10/2025 15:00,25/02/2026 06:34
Nederland,ElectricityLoad,Hour,17852569,17852569,0,0,26/10/2025 15:00,26/10/2025 16:00,25/02/2026 06:34
Nederland,ElectricityLoad,Hour,17677786,17677786,0,0,26/10/2025 16:00,26/10/2025 17:00,25/02/2026 06:34
Nederland,ElectricityLoad,Hour,17113769,17113769,0,0,26/10/2025 17:00,26/10/2025 18:00,25/02/2026 06:34
Nederland,ElectricityLoad,Hour,16223588,16223588,0,0,26/10/2025 18:00,26/10/2025 19:00,25/02/2026 06:34
Nederland,ElectricityLoad,Hour,15608370,15608370,0,0,26/10/2025 19:00,26/10/2025 20:00,25/02/2026 06:34
Nederland,ElectricityLoad,Hour,14536926,14536926,0,0,26/10/2025 20:00,26/10/2025 21:00,25/02/2026 06:34
Nederland,ElectricityLoad,Hour,13939170,13939170,0,0,26/10/2025 21:00,26/10/2025 22:00,25/02/2026 06:34
Nederland,ElectricityLoad,Hour,13230295,13230295,0,0,26/10/2025 22:00,26/10/2025 23:00,25/02/2026 06:34
Nederland,ElectricityLoad,Hour,13207461,13207461,0,0,26/10/2025 23:00,27/10/2025 00:00,25/02/2026 06:34
Nederland,ElectricityLoad,Hour,12999716,12999716,0,0,27/10/2025 00:00,27/10/2025 01:00,26/02/2026 06:34
Nederland,ElectricityLoad,Hour,12335087,12335087,0,0,27/10/2025 01:00,27/10/2025 02:00,26/02/2026 06:34
Nederland,ElectricityLoad,Hour,12276461,12276461,0,0,27/10/2025 02:00,27/10/2025 03:00,26/02/2026 06:34
Nederland,ElectricityLoad,Hour,12525145,12525145,0,0,27/10/2025 03:00,27/10/2025 04:00,26/02/2026 06:34
Nederland,ElectricityLoad,Hour,12904877,12904877,0,0,27/10/2025 04:00,27/10/2025 05:00,26/02/2026 06:34
Nederland,ElectricityLoad,Hour,14616773,14616773,0,0,27/10/2025 05:00,27/10/2025 06:00,26/02/2026 06:34
Nederland,ElectricityLoad,Hour,16943110,16943110,0,0,27/10/2025 06:00,27/10/2025 07:00,26/02/2026 06:34
Nederland,ElectricityLoad,Hour,18572546,18572546,0,0,27/10/2025 07:00,27/10/2025 08:00,26/02/2026 06:34
Nederland,ElectricityLoad,Hour,19434242,19434242,0,0,27/10/2025 08:00,27/10/2025 09:00,26/02/2026 06:34
Nederland,ElectricityLoad,Hour,20479753,20479753,0,0,27/10/2025 09:00,27/10/2025 10:00,26/02/2026 06:34
Nederland,ElectricityLoad,Hour,21417943,21417943,0,0,27/10/2025 10:00,27/10/2025 11:00,26/02/2026 06:34
Nederland,ElectricityLoad,Hour,21792463,21792463,0,0,27/10/2025 11:00,27/10/2025 12:00,26/02/2026 06:34
Nederland,ElectricityLoad,Hour,21872885,21872885,0,0,27/10/2025 12:00,27/10/2025 13:00,26/02/2026 06:34
Nederland,ElectricityLoad,Hour,22035414,22035414,0,0,27/10/2025 13:00,27/10/2025 14:00,26/02/2026 06:34
Nederland,ElectricityLoad,Hour,20747242,20747242,0,0,27/10/2025 14:00,27/10/2025 15:00,26/02/2026 06:34
Nederland,ElectricityLoad,Hour,20146458,20146458,0,0,27/10/2025 15:00,27/10/2025 16:00,26/02/2026 06:34
Nederland,ElectricityLoad,Hour,18955899,18955899,0,0,27/10/2025 16:00,27/10/2025 17:00,26/02/2026 06:34
Nederland,ElectricityLoad,Hour,17868358,17868358,0,0,27/10/2025 17:00,27/10/2025 18:00,26/02/2026 06:34
Nederland,ElectricityLoad,Hour,16931527,16931527,0,0,27/10/2025 18:00,27/10/2025 19:00,26/02/2026 06:34
Nederland,ElectricityLoad,Hour,15873001,15873001,0,0,27/10/2025 19:00,27/10/2025 20:00,26/02/2026 06:34
Nederland,ElectricityLoad,Hour,14688616,14688616,0,0,27/10/2025 20:00,27/10/2025 21:00,26/02/2026 06:34
Nederland,ElectricityLoad,Hour,13190635,13190635,0,0,27/10/2025 21:00,27/10/2025 22:00,26/02/2026 06:34
Nederland,ElectricityLoad,Hour,11809572,11809572,0,0,27/10/2025 22:00,27/10/2025 23:00,26/02/2026 06:34
Nederland,ElectricityLoad,Hour,11029489,11029489,0,0,27/10/2025 23:00,28/10/2025 00:00,26/02/2026 06:34
Nederland,ElectricityLoad,Hour,10337256,10337256,0,0,28/10/2025 00:00,28/10/2025 01:00,27/02/2026 06:34
Nederland,ElectricityLoad,Hour,10059183,10059183,0,0,28/10/2025 01:00,28/10/2025 02:00,27/02/2026 06:34
Nederland,ElectricityLoad,Hour,10170610,10170610,0,0,28/10/2025 02:00,28/10/2025 03:00,27/02/2026 06:34
Nederland,ElectricityLoad,Hour,10792452,10792452,0,0,28/10/2025 03:00,28/10/2025 04:00,27/02/2026 06:34
Nederland,ElectricityLoad,Hour,12146956,12146956,0,0,28/10/2025 04:00,28/10/2025 05:00,27/02/2026 06:34
Nederland,ElectricityLoad,Hour,14319784,14319784,0,0,28/10/2025 05:00,28/10/2025 06:00,27/02/2026 06:34
Nederland,ElectricityLoad,Hour,17015029,17015029,0,0,28/10/2025 06:00,28/10/2025 07:00,27/02/2026 06:34
Nederland,ElectricityLoad,Hour,18342621,18342621,0,0,28/10/2025 07:00,28/10/2025 08:00,27/02/2026 06:34
Nederland,ElectricityLoad,Hour,19535068,19535068,0,0,28/10/2025 08:00,28/10/2025 09:00,27/02/2026 06:34
Nederland,ElectricityLoad,Hour,20609819,20609819,0,0,28/10/2025 09:00,28/10/2025 10:00,27/02/2026 06:34
Nederland,ElectricityLoad,Hour,21129881,21129881,0,0,28/10/2025 10:00,28/10/2025 11:00,27/02/2026 06:34
Nederland,ElectricityLoad,Hour,22383636,22383636,0,0,28/10/2025 11:00,28/10/2025 12:00,27/02/2026 06:34
Nederland,ElectricityLoad,Hour,23281991,23281991,0,0,28/10/2025 12:00,28/10/2025 13:00,27/02/2026 06:34
Nederland,ElectricityLoad,Hour,22657186,22657186,0,0,28/10/2025 13:00,28/10/2025 14:00,27/02/2026 06:34
Nederland,ElectricityLoad,Hour,20322282,20322282,0,0,28/10/2025 14:00,28/10/2025 15:00,27/02/2026 06:34
Nederland,ElectricityLoad,Hour,19036543,19036543,0,0,28/10/2025 15:00,28/10/2025 16:00,27/02/2026 06:34
Nederland,ElectricityLoad,Hour,18455220,18455220,0,0,28/10/2025 16:00,28/10/2025 17:00,27/02/2026 06:34
Nederland,ElectricityLoad,Hour,17172657,17172657,0,0,28/10/2025 17:00,28/10/2025 18:00,27/02/2026 06:34
Nederland,ElectricityLoad,Hour,16172136,16172136,0,0,28/10/2025 18:00,28/10/2025 19:00,27/02/2026 06:34
Nederland,ElectricityLoad,Hour,15147488,15147488,0,0,28/10/2025 19:00,28/10/2025 20:00,27/02/2026 06:34
Nederland,ElectricityLoad,Hour,14067084,14067084,0,0,28/10/2025 20:00,28/10/2025 21:00,27/02/2026 06:34
Nederland,ElectricityLoad,Hour,12770843,12770843,0,0,28/10/2025 21:00,28/10/2025 22:00,27/02/2026 06:34
Nederland,ElectricityLoad,Hour,11641436,11641436,0,0,28/10/2025 22:00,28/10/2025 23:00,27/02/2026 06:34
Nederland,ElectricityLoad,Hour,11074655,11074655,0,0,28/10/2025 23:00,29/10/2025 00:00,27/02/2026 06:34
Nederland,ElectricityLoad,Hour,10528113,10528113,0,0,29/10/2025 00:00,29/10/2025 01:00,28/02/2026 06:34
Nederland,ElectricityLoad,Hour,8751243,8751243,0,0,29/10/2025 01:00,29/10/2025 02:00,28/02/2026 06:34
Nederland,ElectricityLoad,Hour,10147738,10147738,0,0,29/10/2025 02:00,29/10/2025 03:00,28/02/2026 06:34
Nederland,ElectricityLoad,Hour,10245781,10245781,0,0,29/10/2025 03:00,29/10/2025 04:00,28/02/2026 06:34
Nederland,ElectricityLoad,Hour,11365726,11365726,0,0,29/10/2025 04:00,29/10/2025 05:00,28/02/2026 06:34
Nederland,ElectricityLoad,Hour,13056115,13056115,0,0,29/10/2025 05:00,29/10/2025 06:00,28/02/2026 06:34
Nederland,ElectricityLoad,Hour,15276509,15276509,0,0,29/10/2025 06:00,29/10/2025 07:00,28/02/2026 06:34
Nederland,ElectricityLoad,Hour,16809203,16809203,0,0,29/10/2025 07:00,29/10/2025 08:00,28/02/2026 06:34
Nederland,ElectricityLoad,Hour,18108331,18108331,0,0,29/10/2025 08:00,29/10/2025 09:00,28/02/2026 06:34
Nederland,ElectricityLoad,Hour,19028831,19028831,0,0,29/10/2025 09:00,29/10/2025 10:00,28/02/2026 06:34
Nederland,ElectricityLoad,Hour,20645567,20645567,0,0,29/10/2025 10:00,29/10/2025 11:00,28/02/2026 06:34
Nederland,ElectricityLoad,Hour,20741980,20741980,0,0,29/10/2025 11:00,29/10/2025 12:00,28/02/2026 06:34
Nederland,ElectricityLoad,Hour,19781098,19781098,0,0,29/10/2025 12:00,29/10/2025 13:00,28/02/2026 06:34
Nederland,ElectricityLoad,Hour,18349408,18349408,0,0,29/10/2025 13:00,29/10/2025 14:00,28/02/2026 06:34
Nederland,ElectricityLoad,Hour,17165691,17165691,0,0,29/10/2025 14:00,29/10/2025 15:00,28/02/2026 06:34
Nederland,ElectricityLoad,Hour,16490476,16490476,0,0,29/10/2025 15:00,29/10/2025 16:00,28/02/2026 06:34
Nederland,ElectricityLoad,Hour,16673913,16673913,0,0,29/10/2025 16:00,29/10/2025 17:00,28/02/2026 06:34
Nederland,ElectricityLoad,Hour,15768856,15768856,0,0,29/10/2025 17:00,29/10/2025 18:00,28/02/2026 06:34
Nederland,ElectricityLoad,Hour,14727303,14727303,0,0,29/10/2025 18:00,29/10/2025 19:00,28/02/2026 06:34
Nederland,ElectricityLoad,Hour,13823071,13823071,0,0,29/10/2025 19:00,29/10/2025 20:00,28/02/2026 06:34
Nederland,ElectricityLoad,Hour,12715636,12715636,0,0,29/10/2025 20:00,29/10/2025 21:00,28/02/2026 06:34
Nederland,ElectricityLoad,Hour,11610273,11610273,0,0,29/10/2025 21:00,29/10/2025 22:00,28/02/2026 06:34
Nederland,ElectricityLoad,Hour,10634740,10634740,0,0,29/10/2025 22:00,29/10/2025 23:00,28/02/2026 06:34
Nederland,ElectricityLoad,Hour,10234080,10234080,0,0,29/10/2025 23:00,30/10/2025 00:00,28/02/2026 06:34
Nederland,ElectricityLoad,Hour,9895000,9895000,0,0,30/10/2025 00:00,30/10/2025 01:00,01/03/2026 06:34
Nederland,ElectricityLoad,Hour,9125340,9125340,0,0,30/10/2025 01:00,30/10/2025 02:00,01/03/2026 06:34
Nederland,ElectricityLoad,Hour,10947344,10947344,0,0,30/10/2025 02:00,30/10/2025 03:00,01/03/2026 06:34
Nederland,ElectricityLoad,Hour,10990316,10990316,0,0,30/10/2025 03:00,30/10/2025 04:00,01/03/2026 06:34
Nederland,ElectricityLoad,Hour,11225238,11225238,0,0,30/10/2025 04:00,30/10/2025 05:00,01/03/2026 06:34
Nederland,ElectricityLoad,Hour,12611794,12611794,0,0,30/10/2025 05:00,30/10/2025 06:00,01/03/2026 06:34
Nederland,ElectricityLoad,Hour,14668191,14668191,0,0,30/10/2025 06:00,30/10/2025 07:00,01/03/2026 06:34
Nederland,ElectricityLoad,Hour,16333171,16333171,0,0,30/10/2025 07:00,30/10/2025 08:00,01/03/2026 06:34
Nederland,ElectricityLoad,Hour,20098406,20098406,0,0,30/10/2025 08:00,30/10/2025 09:00,01/03/2026 06:34
Nederland,ElectricityLoad,Hour,22633582,22633582,0,0,30/10/2025 09:00,30/10/2025 10:00,01/03/2026 06:34
Nederland,ElectricityLoad,Hour,23733819,23733819,0,0,30/10/2025 10:00,30/10/2025 11:00,01/03/2026 06:34
Nederland,ElectricityLoad,Hour,24767284,24767284,0,0,30/10/2025 11:00,30/10/2025 12:00,01/03/2026 06:34
Nederland,ElectricityLoad,Hour,23879733,23879733,0,0,30/10/2025 12:00,30/10/2025 13:00,01/03/2026 06:34
Nederland,ElectricityLoad,Hour,22450108,22450108,0,0,30/10/2025 13:00,30/10/2025 14:00,01/03/2026 06:34
Nederland,ElectricityLoad,Hour,20063116,20063116,0,0,30/10/2025 14:00,30/10/2025 15:00,01/03/2026 06:34
Nederland,ElectricityLoad,Hour,16968582,16968582,0,0,30/10/2025 15:00,30/10/2025 16:00,01/03/2026 06:34
Nederland,ElectricityLoad,Hour,16484894,16484894,0,0,30/10/2025 16:00,30/10/2025 17:00,01/03/2026 06:34
Nederland,ElectricityLoad,Hour,15955692,15955692,0,0,30/10/2025 17:00,30/10/2025 18:00,01/03/2026 06:34
Nederland,ElectricityLoad,Hour,14966522,14966522,0,0,30/10/2025 18:00,30/10/2025 19:00,01/03/2026 06:34
Nederland,ElectricityLoad,Hour,13954040,13954040,0,0,30/10/2025 19:00,30/10/2025 20:00,01/03/2026 06:34
Nederland,ElectricityLoad,Hour,12841686,12841686,0,0,30/10/2025 20:00,30/10/2025 21:00,01/03/2026 06:34
Nederland,ElectricityLoad,Hour,11698172,11698172,0,0,30/10/2025 21:00,30/10/2025 22:00,01/03/2026 06:34
Nederland,ElectricityLoad,Hour,10626404,10626404,0,0,30/10/2025 22:00,30/10/2025 23:00,01/03/2026 06:34
Nederland,ElectricityLoad,Hour,10044392,10044392,0,0,30/10/2025 23:00,31/10/2025 00:00,01/03/2026 06:34
Nederland,ElectricityLoad,Hour,9613019,9613019,0,0,31/10/2025 00:00,31/10/2025 01:00,02/03/2026 06:34
Nederland,ElectricityLoad,Hour,8093810,8093810,0,0,31/10/2025 01:00,31/10/2025 02:00,02/03/2026 06:34
Nederland,ElectricityLoad,Hour,9509116,9509116,0,0,31/10/2025 02:00,31/10/2025 03:00,02/03/2026 06:34
Nederland,ElectricityLoad,Hour,9890667,9890667,0,0,31/10/2025 03:00,31/10/2025 04:00,02/03/2026 06:34
Nederland,ElectricityLoad,Hour,10495923,10495923,0,0,31/10/2025 04:00,31/10/2025 05:00,02/03/2026 06:34
Nederland,ElectricityLoad,Hour,12141284,12141284,0,0,31/10/2025 05:00,31/10/2025 06:00,02/03/2026 06:34
Nederland,ElectricityLoad,Hour,14496530,14496530,0,0,31/10/2025 06:00,31/10/2025 07:00,02/03/2026 06:34
Nederland,ElectricityLoad,Hour,15443117,15443117,0,0,31/10/2025 07:00,31/10/2025 08:00,02/03/2026 06:34
Nederland,ElectricityLoad,Hour,16862432,16862432,0,0,31/10/2025 08:00,31/10/2025 09:00,02/03/2026 06:34
Nederland,ElectricityLoad,Hour,18752448,18752448,0,0,31/10/2025 09:00,31/10/2025 10:00,02/03/2026 06:34
Nederland,ElectricityLoad,Hour,19263757,19263757,0,0,31/10/2025 10:00,31/10/2025 11:00,02/03/2026 06:34
Nederland,ElectricityLoad,Hour,19495170,19495170,0,0,31/10/2025 11:00,31/10/2025 12:00,02/03/2026 06:34
Nederland,ElectricityLoad,Hour,20061032,20061032,0,0,31/10/2025 12:00,31/10/2025 13:00,02/03/2026 06:34
Nederland,ElectricityLoad,Hour,18868712,18868712,0,0,31/10/2025 13:00,31/10/2025 14:00,02/03/2026 06:34
Nederland,ElectricityLoad,Hour,17354841,17354841,0,0,31/10/2025 14:00,31/10/2025 15:00,02/03/2026 06:34
Nederland,ElectricityLoad,Hour,16472670,16472670,0,0,31/10/2025 15:00,31/10/2025 16:00,02/03/2026 06:34
Nederland,ElectricityLoad,Hour,16627422,16627422,0,0,31/10/2025 16:00,31/10/2025 17:00,02/03/2026 06:34
Nederland,ElectricityLoad,Hour,15990880,15990880,0,0,31/10/2025 17:00,31/10/2025 18:00,02/03/2026 06:34
Nederland,ElectricityLoad,Hour,14744655,14744655,0,0,31/10/2025 18:00,31/10/2025 19:00,02/03/2026 06:34
Nederland,ElectricityLoad,Hour,13897926,13897926,0,0,31/10/2025 19:00,31/10/2025 20:00,02/03/2026 06:34
Nederland,ElectricityLoad,Hour,13082699,13082699,0,0,31/10/2025 20:00,31/10/2025 21:00,02/03/2026 06:34
Nederland,ElectricityLoad,Hour,11920928,11920928,0,0,31/10/2025 21:00,31/10/2025 22:00,02/03/2026 06:34
Nederland,ElectricityLoad,Hour,10954560,10954560,0,0,31/10/2025 22:00,31/10/2025 23:00,02/03/2026 06:34
Nederland,ElectricityLoad,Hour,10245942,10245942,0,0,31/10/2025 23:00,01/11/2025 00:00,02/03/2026 06:34
Nederland,ElectricityLoad,Hour,9760723,9760723,0,0,01/11/2025 00:00,01/11/2025 01:00,03/03/2026 06:34
Nederland,ElectricityLoad,Hour,7863083,7863083,0,0,01/11/2025 01:00,01/11/2025 02:00,03/03/2026 06:34
Nederland,ElectricityLoad,Hour,9791179,9791179,0,0,01/11/2025 02:00,01/11/2025 03:00,03/03/2026 06:34
Nederland,ElectricityLoad,Hour,10386306,10386306,0,0,01/11/2025 03:00,01/11/2025 04:00,03/03/2026 06:34
Nederland,ElectricityLoad,Hour,10929759,10929759,0,0,01/11/2025 04:00,01/11/2025 05:00,03/03/2026 06:34
Nederland,ElectricityLoad,Hour,11032693,11032693,0,0,01/11/2025 05:00,01/11/2025 06:00,03/03/2026 06:34
Nederland,ElectricityLoad,Hour,12374972,12374972,0,0,01/11/2025 06:00,01/11/2025 07:00,03/03/2026 06:34
Nederland,ElectricityLoad,Hour,13643539,13643539,0,0,01/11/2025 07:00,01/11/2025 08:00,03/03/2026 06:34
Nederland,ElectricityLoad,Hour,14831401,14831401,0,0,01/11/2025 08:00,01/11/2025 09:00,03/03/2026 06:34
Nederland,ElectricityLoad,Hour,15909350,15909350,0,0,01/11/2025 09:00,01/11/2025 10:00,03/03/2026 06:34
Nederland,ElectricityLoad,Hour,16468206,16468206,0,0,01/11/2025 10:00,01/11/2025 11:00,03/03/2026 06:34
Nederland,ElectricityLoad,Hour,16625726,16625726,0,0,01/11/2025 11:00,01/11/2025 12:00,03/03/2026 06:34
Nederland,ElectricityLoad,Hour,15963199,15963199,0,0,01/11/2025 12:00,01/11/2025 13:00,03/03/2026 06:34
Nederland,ElectricityLoad,Hour,15329754,15329754,0,0,01/11/2025 13:00,01/11/2025 14:00,03/03/2026 06:34
Nederland,ElectricityLoad,Hour,16272005,16272005,0,0,01/11/2025 14:00,01/11/2025 15:00,03/03/2026 06:34
Nederland,ElectricityLoad,Hour,16732626,16732626,0,0,01/11/2025 15:00,01/11/2025 16:00,03/03/2026 06:34
Nederland,ElectricityLoad,Hour,15586751,15586751,0,0,01/11/2025 16:00,01/11/2025 17:00,03/03/2026 06:34
Nederland,ElectricityLoad,Hour,15218751,15218751,0,0,01/11/2025 17:00,01/11/2025 18:00,03/03/2026 06:34
Nederland,ElectricityLoad,Hour,14051674,14051674,0,0,01/11/2025 18:00,01/11/2025 19:00,03/03/2026 06:34
Nederland,ElectricityLoad,Hour,13199295,13199295,0,0,01/11/2025 19:00,01/11/2025 20:00,03/03/2026 06:34
Nederland,ElectricityLoad,Hour,12488512,12488512,0,0,01/11/2025 20:00,01/11/2025 21:00,03/03/2026 06:34
Nederland,ElectricityLoad,Hour,11666440,11666440,0,0,01/11/2025 21:00,01/11/2025 22:00,03/03/2026 06:34
Nederland,ElectricityLoad,Hour,11094160,11094160,0,0,01/11/2025 22:00,01/11/2025 23:00,03/03/2026 06:34
Nederland,ElectricityLoad,Hour,10518795,10518795,0,0,01/11/2025 23:00,02/11/2025 00:00,03/03/2026 06:34
Nederland,ElectricityLoad,Hour,10224341,10224341,0,0,02/11/2025 00:00,02/11/2025 01:00,04/03/2026 06:34
Nederland,ElectricityLoad,Hour,8519678,8519678,0,0,02/11/2025 01:00,02/11/2025 02:00,04/03/2026 06:34
Nederland,ElectricityLoad,Hour,10504210,10504210,0,0,02/11/2025 02:00,02/11/2025 03:00,04/03/2026 06:34
Nederland,ElectricityLoad,Hour,10200266,10200266,0,0,02/11/2025 03:00,02/11/2025 04:00,04/03/2026 06:34
Nederland,ElectricityLoad,Hour,9678381,9678381,0,0,02/11/2025 04:00,02/11/2025 05:00,04/03/2026 06:34
Nederland,ElectricityLoad,Hour,9934285,9934285,0,0,02/11/2025 05:00,02/11/2025 06:00,04/03/2026 06:34
Nederland,ElectricityLoad,Hour,10482373,10482373,0,0,02/11/2025 06:00,02/11/2025 07:00,04/03/2026 06:34
Nederland,ElectricityLoad,Hour,11532615,11532615,0,0,02/11/2025 07:00,02/11/2025 08:00,04/03/2026 06:34
Nederland,ElectricityLoad,Hour,14062039,14062039,0,0,02/11/2025 08:00,02/11/2025 09:00,04/03/2026 06:34
Nederland,ElectricityLoad,Hour,15945914,15945914,0,0,02/11/2025 09:00,02/11/2025 10:00,04/03/2026 06:34
Nederland,ElectricityLoad,Hour,19893406,19893406,0,0,02/11/2025 10:00,02/11/2025 11:00,04/03/2026 06:34
Nederland,ElectricityLoad,Hour,22045920,22045920,0,0,02/11/2025 11:00,02/11/2025 12:00,04/03/2026 06:34
Nederland,ElectricityLoad,Hour,20855858,20855858,0,0,02/11/2025 12:00,02/11/2025 13:00,04/03/2026 06:34
Nederland,ElectricityLoad,Hour,19151269,19151269,0,0,02/11/2025 13:00,02/11/2025 14:00,04/03/2026 06:34
Nederland,ElectricityLoad,Hour,16363203,16363203,0,0,02/11/2025 14:00,02/11/2025 15:00,04/03/2026 06:34
Nederland,ElectricityLoad,Hour,14919753,14919753,0,0,02/11/2025 15:00,02/11/2025 16:00,04/03/2026 06:34
Nederland,ElectricityLoad,Hour,14860544,14860544,0,0,02/11/2025 16:00,02/11/2025 17:00,04/03/2026 06:34
Nederland,ElectricityLoad,Hour,14453107,14453107,0,0,02/11/2025 17:00,02/11/2025 18:00,04/03/2026 06:34
Nederland,ElectricityLoad,Hour,13676321,13676321,0,0,02/11/2025 18:00,02/11/2025 19:00,04/03/2026 06:34
Nederland,ElectricityLoad,Hour,13033199,13033199,0,0,02/11/2025 19:00,02/11/2025 20:00,04/03/2026 06:34
Nederland,ElectricityLoad,Hour,12057476,12057476,0,0,02/11/2025 20:00,02/11/2025 21:00,04/03/2026 06:34
Nederland,ElectricityLoad,Hour,11008751,11008751,0,0,02/11/2025 21:00,02/11/2025 22:00,04/03/2026 06:34
Nederland,ElectricityLoad,Hour,10072373,10072373,0,0,02/11/2025 22:00,02/11/2025 23:00,04/03/2026 06:34
Nederland,ElectricityLoad,Hour,9325231,9325231,0,0,02/11/2025 23:00,03/11/2025 00:00,04/03/2026 06:34
Nederland,ElectricityLoad,Hour,8804196,8804196,0,0,03/11/2025 00:00,03/11/2025 01:00,05/03/2026 06:34
Nederland,ElectricityLoad,Hour,7761650,7761650,0,0,03/11/2025 01:00,03/11/2025 02:00,05/03/2026 06:34
Nederland,ElectricityLoad,Hour,9212177,9212177,0,0,03/11/2025 02:00,03/11/2025 03:00,05/03/2026 06:34
Nederland,ElectricityLoad,Hour,9675964,9675964,0,0,03/11/2025 03:00,03/11/2025 04:00,05/03/2026 06:34
Nederland,ElectricityLoad,Hour,10487472,10487472,0,0,03/11/2025 04:00,03/11/2025 05:00,05/03/2026 06:34
Nederland,ElectricityLoad,Hour,12327265,12327265,0,0,03/11/2025 05:00,03/11/2025 06:00,05/03/2026 06:34
Nederland,ElectricityLoad,Hour,14535059,14535059,0,0,03/11/2025 06:00,03/11/2025 07:00,05/03/2026 06:34
Nederland,ElectricityLoad,Hour,16708519,16708519,0,0,03/11/2025 07:00,03/11/2025 08:00,05/03/2026 06:34
Nederland,ElectricityLoad,Hour,19290628,19290628,0,0,03/11/2025 08:00,03/11/2025 09:00,05/03/2026 06:34
Nederland,ElectricityLoad,Hour,19349159,19349159,0,0,03/11/2025 09:00,03/11/2025 10:00,05/03/2026 06:34
Nederland,ElectricityLoad,Hour,20329737,20329737,0,0,03/11/2025 10:00,03/11/2025 11:00,05/03/2026 06:34
Nederland,ElectricityLoad,Hour,20404735,20404735,0,0,03/11/2025 11:00,03/11/2025 12:00,05/03/2026 06:34
Nederland,ElectricityLoad,Hour,20243350,20243350,0,0,03/11/2025 12:00,03/11/2025 13:00,05/03/2026 06:34
Nederland,ElectricityLoad,Hour,20256586,20256586,0,0,03/11/2025 13:00,03/11/2025 14:00,05/03/2026 06:34
Nederland,ElectricityLoad,Hour,19870328,19870328,0,0,03/11/2025 14:00,03/11/2025 15:00,05/03/2026 06:34
Nederland,ElectricityLoad,Hour,19698223,19698223,0,0,03/11/2025 15:00,03/11/2025 16:00,05/03/2026 06:34
Nederland,ElectricityLoad,Hour,19920677,19920677,0,0,03/11/2025 16:00,03/11/2025 17:00,05/03/2026 06:34
Nederland,ElectricityLoad,Hour,19199211,19199211,0,0,03/11/2025 17:00,03/11/2025 18:00,05/03/2026 06:34
Nederland,ElectricityLoad,Hour,18192700,18192700,0,0,03/11/2025 18:00,03/11/2025 19:00,05/03/2026 06:34
Nederland,ElectricityLoad,Hour,17252254,17252254,0,0,03/11/2025 19:00,03/11/2025 20:00,05/03/2026 06:34
Nederland,ElectricityLoad,Hour,16160779,16160779,0,0,03/11/2025 20:00,03/11/2025 21:00,05/03/2026 06:34
Nederland,ElectricityLoad,Hour,14980716,14980716,0,0,03/11/2025 21:00,03/11/2025 22:00,05/03/2026 06:34
Nederland,ElectricityLoad,Hour,13819884,13819884,0,0,03/11/2025 22:00,03/11/2025 23:00,05/03/2026 06:34
Nederland,ElectricityLoad,Hour,12975646,12975646,0,0,03/11/2025 23:00,04/11/2025 00:00,05/03/2026 06:34
Nederland,ElectricityLoad,Hour,12566955,12566955,0,0,04/11/2025 00:00,04/11/2025 01:00,06/03/2026 06:34
Nederland,ElectricityLoad,Hour,10415343,10415343,0,0,04/11/2025 01:00,04/11/2025 02:00,06/03/2026 06:34
Nederland,ElectricityLoad,Hour,11822828,11822828,0,0,04/11/2025 02:00,04/11/2025 03:00,06/03/2026 06:34
Nederland,ElectricityLoad,Hour,11386483,11386483,0,0,04/11/2025 03:00,04/11/2025 04:00,06/03/2026 06:34
Nederland,ElectricityLoad,Hour,11429747,11429747,0,0,04/11/2025 04:00,04/11/2025 05:00,06/03/2026 06:34
Nederland,ElectricityLoad,Hour,12740786,12740786,0,0,04/11/2025 05:00,04/11/2025 06:00,06/03/2026 06:34
Nederland,ElectricityLoad,Hour,14840120,14840120,0,0,04/11/2025 06:00,04/11/2025 07:00,06/03/2026 06:34
Nederland,ElectricityLoad,Hour,16283854,16283854,0,0,04/11/2025 07:00,04/11/2025 08:00,06/03/2026 06:34
Nederland,ElectricityLoad,Hour,17383186,17383186,0,0,04/11/2025 08:00,04/11/2025 09:00,06/03/2026 06:34
Nederland,ElectricityLoad,Hour,19590870,19590870,0,0,04/11/2025 09:00,04/11/2025 10:00,06/03/2026 06:34
Nederland,ElectricityLoad,Hour,22696953,22696953,0,0,04/11/2025 10:00,04/11/2025 11:00,06/03/2026 06:34
Nederland,ElectricityLoad,Hour,24495728,24495728,0,0,04/11/2025 11:00,04/11/2025 12:00,06/03/2026 06:34
Nederland,ElectricityLoad,Hour,23977741,23977741,0,0,04/11/2025 12:00,04/11/2025 13:00,06/03/2026 06:34
Nederland,ElectricityLoad,Hour,21508203,21508203,0,0,04/11/2025 13:00,04/11/2025 14:00,06/03/2026 06:34
Nederland,ElectricityLoad,Hour,17822700,17822700,0,0,04/11/2025 14:00,04/11/2025 15:00,06/03/2026 06:34
Nederland,ElectricityLoad,Hour,16368033,16368033,0,0,04/11/2025 15:00,04/11/2025 16:00,06/03/2026 06:34
Nederland,ElectricityLoad,Hour,16781789,16781789,0,0,04/11/2025 16:00,04/11/2025 17:00,06/03/2026 06:34
Nederland,ElectricityLoad,Hour,15917482,15917482,0,0,04/11/2025 17:00,04/11/2025 18:00,06/03/2026 06:34
Nederland,ElectricityLoad,Hour,15214375,15214375,0,0,04/11/2025 18:00,04/11/2025 19:00,06/03/2026 06:34
Nederland,ElectricityLoad,Hour,14664479,14664479,0,0,04/11/2025 19:00,04/11/2025 20:00,06/03/2026 06:34
Nederland,ElectricityLoad,Hour,13694824,13694824,0,0,04/11/2025 20:00,04/11/2025 21:00,06/03/2026 06:34
Nederland,ElectricityLoad,Hour,12630360,12630360,0,0,04/11/2025 21:00,04/11/2025 22:00,06/03/2026 06:34
Nederland,ElectricityLoad,Hour,11384236,11384236,0,0,04/11/2025 22:00,04/11/2025 23:00,06/03/2026 06:34
Nederland,ElectricityLoad,Hour,10649657,10649657,0,0,04/11/2025 23:00,05/11/2025 00:00,06/03/2026 06:34
Nederland,ElectricityLoad,Hour,9834669,9834669,0,0,05/11/2025 00:00,05/11/2025 01:00,07/03/2026 06:34
Nederland,ElectricityLoad,Hour,7960684,7960684,0,0,05/11/2025 01:00,05/11/2025 02:00,07/03/2026 06:34
Nederland,ElectricityLoad,Hour,9122809,9122809,0,0,05/11/2025 02:00,05/11/2025 03:00,07/03/2026 06:34
Nederland,ElectricityLoad,Hour,9130194,9130194,0,0,05/11/2025 03:00,05/11/2025 04:00,07/03/2026 06:34
Nederland,ElectricityLoad,Hour,9894354,9894354,0,0,05/11/2025 04:00,05/11/2025 05:00,07/03/2026 06:34
Nederland,ElectricityLoad,Hour,11593682,11593682,0,0,05/11/2025 05:00,05/11/2025 06:00,07/03/2026 06:34
Nederland,ElectricityLoad,Hour,13563317,13563317,0,0,05/11/2025 06:00,05/11/2025 07:00,07/03/2026 06:34
Nederland,ElectricityLoad,Hour,14614713,14614713,0,0,05/11/2025 07:00,05/11/2025 08:00,07/03/2026 06:34
Nederland,ElectricityLoad,Hour,15868119,15868119,0,0,05/11/2025 08:00,05/11/2025 09:00,07/03/2026 06:34
Nederland,ElectricityLoad,Hour,18220336,18220336,0,0,05/11/2025 09:00,05/11/2025 10:00,07/03/2026 06:34
Nederland,ElectricityLoad,Hour,20271201,20271201,0,0,05/11/2025 10:00,05/11/2025 11:00,07/03/2026 06:34
Nederland,ElectricityLoad,Hour,21667766,21667766,0,0,05/11/2025 11:00,05/11/2025 12:00,07/03/2026 06:34
Nederland,ElectricityLoad,Hour,21346233,21346233,0,0,05/11/2025 12:00,05/11/2025 13:00,07/03/2026 06:34
Nederland,ElectricityLoad,Hour,20683778,20683778,0,0,05/11/2025 13:00,05/11/2025 14:00,07/03/2026 06:34
Nederland,ElectricityLoad,Hour,17916488,17916488,0,0,05/11/2025 14:00,05/11/2025 15:00,07/03/2026 06:34
Nederland,ElectricityLoad,Hour,15566203,15566203,0,0,05/11/2025 15:00,05/11/2025 16:00,07/03/2026 06:34
Nederland,ElectricityLoad,Hour,15915387,15915387,0,0,05/11/2025 16:00,05/11/2025 17:00,07/03/2026 06:34
Nederland,ElectricityLoad,Hour,15551953,15551953,0,0,05/11/2025 17:00,05/11/2025 18:00,07/03/2026 06:34
Nederland,ElectricityLoad,Hour,14676903,14676903,0,0,05/11/2025 18:00,05/11/2025 19:00,07/03/2026 06:34
Nederland,ElectricityLoad,Hour,13538897,13538897,0,0,05/11/2025 19:00,05/11/2025 20:00,07/03/2026 06:34
Nederland,ElectricityLoad,Hour,12134162,12134162,0,0,05/11/2025 20:00,05/11/2025 21:00,07/03/2026 06:34
Nederland,ElectricityLoad,Hour,10956426,10956426,0,0,05/11/2025 21:00,05/11/2025 22:00,07/03/2026 06:34
Nederland,ElectricityLoad,Hour,9957060,9957060,0,0,05/11/2025 22:00,05/11/2025 23:00,07/03/2026 06:34
Nederland,ElectricityLoad,Hour,9268302,9268302,0,0,05/11/2025 23:00,06/11/2025 00:00,07/03/2026 06:34
Nederland,ElectricityLoad,Hour,8822143,8822143,0,0,06/11/2025 00:00,06/11/2025 01:00,08/03/2026 06:34
Nederland,ElectricityLoad,Hour,7588268,7588268,0,0,06/11/2025 01:00,06/11/2025 02:00,08/03/2026 06:34
Nederland,ElectricityLoad,Hour,8562576,8562576,0,0,06/11/2025 02:00,06/11/2025 03:00,08/03/2026 06:34
Nederland,ElectricityLoad,Hour,8610202,8610202,0,0,06/11/2025 03:00,06/11/2025 04:00,08/03/2026 06:34
Nederland,ElectricityLoad,Hour,9565657,9565657,0,0,06/11/2025 04:00,06/11/2025 05:00,08/03/2026 06:34
Nederland,ElectricityLoad,Hour,11337856,11337856,0,0,06/11/2025 05:00,06/11/2025 06:00,08/03/2026 06:34
Nederland,ElectricityLoad,Hour,13485893,13485893,0,0,06/11/2025 06:00,06/11/2025 07:00,08/03/2026 06:34
Nederland,ElectricityLoad,Hour,14674418,14674418,0,0,06/11/2025 07:00,06/11/2025 08:00,08/03/2026 06:34
Nederland,ElectricityLoad,Hour,17034466,17034466,0,0,06/11/2025 08:00,06/11/2025 09:00,08/03/2026 06:34
Nederland,ElectricityLoad,Hour,18676756,18676756,0,0,06/11/2025 09:00,06/11/2025 10:00,08/03/2026 06:34
Nederland,ElectricityLoad,Hour,19824951,19824951,0,0,06/11/2025 10:00,06/11/2025 11:00,08/03/2026 06:34
Nederland,ElectricityLoad,Hour,19358041,19358041,0,0,06/11/2025 11:00,06/11/2025 12:00,08/03/2026 06:34
Nederland,ElectricityLoad,Hour,19830059,19830059,0,0,06/11/2025 12:00,06/11/2025 13:00,08/03/2026 06:34
Nederland,ElectricityLoad,Hour,18587474,18587474,0,0,06/11/2025 13:00,06/11/2025 14:00,08/03/2026 06:34
Nederland,ElectricityLoad,Hour,16503314,16503314,0,0,06/11/2025 14:00,06/11/2025 15:00,08/03/2026 06:34
Nederland,ElectricityLoad,Hour,15553686,15553686,0,0,06/11/2025 15:00,06/11/2025 16:00,08/03/2026 06:34
Nederland,ElectricityLoad,Hour,15602739,15602739,0,0,06/11/2025 16:00,06/11/2025 17:00,08/03/2026 06:34
Nederland,ElectricityLoad,Hour,15209755,15209755,0,0,06/11/2025 17:00,06/11/2025 18:00,08/03/2026 06:34
Nederland,ElectricityLoad,Hour,14588710,14588710,0,0,06/11/2025 18:00,06/11/2025 19:00,08/03/2026 06:34
Nederland,ElectricityLoad,Hour,13780079,13780079,0,0,06/11/2025 19:00,06/11/2025 20:00,08/03/2026 06:34
Nederland,ElectricityLoad,Hour,12775205,12775205,0,0,06/11/2025 20:00,06/11/2025 21:00,08/03/2026 06:34
Nederland,ElectricityLoad,Hour,11530430,11530430,0,0,06/11/2025 21:00,06/11/2025 22:00,08/03/2026 06:34
Nederland,ElectricityLoad,Hour,10532855,10532855,0,0,06/11/2025 22:00,06/11/2025 23:00,08/03/2026 06:34
Nederland,ElectricityLoad,Hour,9790562,9790562,0,0,06/11/2025 23:00,07/11/2025 00:00,08/03/2026 06:34
Nederland,ElectricityLoad,Hour,9468435,9468435,0,0,07/11/2025 00:00,07/11/2025 01:00,09/03/2026 06:34
Nederland,ElectricityLoad,Hour,8859678,8859678,0,0,07/11/2025 01:00,07/11/2025 02:00,09/03/2026 06:34
Nederland,ElectricityLoad,Hour,9040272,9040272,0,0,07/11/2025 02:00,07/11/2025 03:00,09/03/2026 06:34
Nederland,ElectricityLoad,Hour,9197467,9197467,0,0,07/11/2025 03:00,07/11/2025 04:00,09/03/2026 06:34
Nederland,ElectricityLoad,Hour,9821743,9821743,0,0,07/11/2025 04:00,07/11/2025 05:00,09/03/2026 06:34
Nederland,ElectricityLoad,Hour,11344996,11344996,0,0,07/11/2025 05:00,07/11/2025 06:00,09/03/2026 06:34
Nederland,ElectricityLoad,Hour,13480035,13480035,0,0,07/11/2025 06:00,07/11/2025 07:00,09/03/2026 06:34
Nederland,ElectricityLoad,Hour,14773642,14773642,0,0,07/11/2025 07:00,07/11/2025 08:00,09/03/2026 06:34
Nederland,ElectricityLoad,Hour,16617611,16617611,0,0,07/11/2025 08:00,07/11/2025 09:00,09/03/2026 06:34
Nederland,ElectricityLoad,Hour,18770640,18770640,0,0,07/11/2025 09:00,07/11/2025 10:00,09/03/2026 06:34
Nederland,ElectricityLoad,Hour,20373984,20373984,0,0,07/11/2025 10:00,07/11/2025 11:00,09/03/2026 06:34
Nederland,ElectricityLoad,Hour,21106897,21106897,0,0,07/11/2025 11:00,07/11/2025 12:00,09/03/2026 06:34
Nederland,ElectricityLoad,Hour,20817241,20817241,0,0,07/11/2025 12:00,07/11/2025 13:00,09/03/2026 06:34
Nederland,ElectricityLoad,Hour,19735967,19735967,0,0,07/11/2025 13:00,07/11/2025 14:00,09/03/2026 06:34
Nederland,ElectricityLoad,Hour,18012963,18012963,0,0,07/11/2025 14:00,07/11/2025 15:00,09/03/2026 06:34
Nederland,ElectricityLoad,Hour,15795725,15795725,0,0,07/11/2025 15:00,07/11/2025 16:00,09/03/2026 06:34
Nederland,ElectricityLoad,Hour,15229656,15229656,0,0,07/11/2025 16:00,07/11/2025 17:00,09/03/2026 06:34
Nederland,ElectricityLoad,Hour,14706814,14706814,0,0,07/11/2025 17:00,07/11/2025 18:00,09/03/2026 06:34
Nederland,ElectricityLoad,Hour,13963900,13963900,0,0,07/11/2025 18:00,07/11/2025 19:00,09/03/2026 06:34
Nederland,ElectricityLoad,Hour,13132311,13132311,0,0,07/11/2025 19:00,07/11/2025 20:00,09/03/2026 06:34
Nederland,ElectricityLoad,Hour,12212432,12212432,0,0,07/11/2025 20:00,07/11/2025 21:00,09/03/2026 06:34
Nederland,ElectricityLoad,Hour,11335175,11335175,0,0,07/11/2025 21:00,07/11/2025 22:00,09/03/2026 06:34
Nederland,ElectricityLoad,Hour,10546821,10546821,0,0,07/11/2025 22:00,07/11/2025 23:00,09/03/2026 06:34
Nederland,ElectricityLoad,Hour,9871953,9871953,0,0,07/11/2025 23:00,08/11/2025 00:00,09/03/2026 06:34
Nederland,ElectricityLoad,Hour,9378079,9378079,0,0,08/11/2025 00:00,08/11/2025 01:00,10/03/2026 06:34
Nederland,ElectricityLoad,Hour,9185151,9185151,0,0,08/11/2025 01:00,08/11/2025 02:00,10/03/2026 06:34
Nederland,ElectricityLoad,Hour,9040110,9040110,0,0,08/11/2025 02:00,08/11/2025 03:00,10/03/2026 06:34
Nederland,ElectricityLoad,Hour,9030984,9030984,0,0,08/11/2025 03:00,08/11/2025 04:00,10/03/2026 06:34
Nederland,ElectricityLoad,Hour,9214776,9214776,0,0,08/11/2025 04:00,08/11/2025 05:00,10/03/2026 06:34
Nederland,ElectricityLoad,Hour,9860565,9860565,0,0,08/11/2025 05:00,08/11/2025 06:00,10/03/2026 06:34
Nederland,ElectricityLoad,Hour,10849159,10849159,0,0,08/11/2025 06:00,08/11/2025 07:00,10/03/2026 06:34
Nederland,ElectricityLoad,Hour,12005487,12005487,0,0,08/11/2025 07:00,08/11/2025 08:00,10/03/2026 06:34
Nederland,ElectricityLoad,Hour,14270656,14270656,0,0,08/11/2025 08:00,08/11/2025 09:00,10/03/2026 06:34
Nederland,ElectricityLoad,Hour,16427688,16427688,0,0,08/11/2025 09:00,08/11/2025 10:00,10/03/2026 06:34
Nederland,ElectricityLoad,Hour,17141847,17141847,0,0,08/11/2025 10:00,08/11/2025 11:00,10/03/2026 06:34
Nederland,ElectricityLoad,Hour,18105756,18105756,0,0,08/11/2025 11:00,08/11/2025 12:00,10/03/2026 06:34
Nederland,ElectricityLoad,Hour,16947315,16947315,0,0,08/11/2025 12:00,08/11/2025 13:00,10/03/2026 06:34
Nederland,ElectricityLoad,Hour,16185077,16185077,0,0,08/11/2025 13:00,08/11/2025 14:00,10/03/2026 06:34
Nederland,ElectricityLoad,Hour,14344186,14344186,0,0,08/11/2025 14:00,08/11/2025 15:00,10/03/2026 06:34
Nederland,ElectricityLoad,Hour,13253830,13253830,0,0,08/11/2025 15:00,08/11/2025 16:00,10/03/2026 06:34
Nederland,ElectricityLoad,Hour,13924375,13924375,0,0,08/11/2025 16:00,08/11/2025 17:00,10/03/2026 06:34
Nederland,ElectricityLoad,Hour,13533267,13533267,0,0,08/11/2025 17:00,08/11/2025 18:00,10/03/2026 06:34
Nederland,ElectricityLoad,Hour,12802078,12802078,0,0,08/11/2025 18:00,08/11/2025 19:00,10/03/2026 06:34
Nederland,ElectricityLoad,Hour,12056309,12056309,0,0,08/11/2025 19:00,08/11/2025 20:00,10/03/2026 06:34
Nederland,ElectricityLoad,Hour,11320482,11320482,0,0,08/11/2025 20:00,08/11/2025 21:00,10/03/2026 06:34
Nederland,ElectricityLoad,Hour,10534263,10534263,0,0,08/11/2025 21:00,08/11/2025 22:00,10/03/2026 06:34
Nederland,ElectricityLoad,Hour,9798876,9798876,0,0,08/11/2025 22:00,08/11/2025 23:00,10/03/2026 06:34
Nederland,ElectricityLoad,Hour,9268826,9268826,0,0,08/11/2025 23:00,09/11/2025 00:00,10/03/2026 06:34
Nederland,ElectricityLoad,Hour,8778531,8778531,0,0,09/11/2025 00:00,09/11/2025 01:00,11/03/2026 06:33
Nederland,ElectricityLoad,Hour,8513499,8513499,0,0,09/11/2025 01:00,09/11/2025 02:00,11/03/2026 06:33
Nederland,ElectricityLoad,Hour,8305345,8305345,0,0,09/11/2025 02:00,09/11/2025 03:00,11/03/2026 06:33
Nederland,ElectricityLoad,Hour,8175664,8175664,0,0,09/11/2025 03:00,09/11/2025 04:00,11/03/2026 06:33
Nederland,ElectricityLoad,Hour,8394941,8394941,0,0,09/11/2025 04:00,09/11/2025 05:00,11/03/2026 06:33
Nederland,ElectricityLoad,Hour,8810413,8810413,0,0,09/11/2025 05:00,09/11/2025 06:00,11/03/2026 06:33
Nederland,ElectricityLoad,Hour,9546921,9546921,0,0,09/11/2025 06:00,09/11/2025 07:00,11/03/2026 06:33
Nederland,ElectricityLoad,Hour,10376847,10376847,0,0,09/11/2025 07:00,09/11/2025 08:00,11/03/2026 06:33
Nederland,ElectricityLoad,Hour,12054871,12054871,0,0,09/11/2025 08:00,09/11/2025 09:00,11/03/2026 06:33
Nederland,ElectricityLoad,Hour,14379404,14379404,0,0,09/11/2025 09:00,09/11/2025 10:00,11/03/2026 06:33
Nederland,ElectricityLoad,Hour,16697907,16697907,0,0,09/11/2025 10:00,09/11/2025 11:00,11/03/2026 06:33
Nederland,ElectricityLoad,Hour,18250183,18250183,0,0,09/11/2025 11:00,09/11/2025 12:00,11/03/2026 06:33
Nederland,ElectricityLoad,Hour,17407358,17407358,0,0,09/11/2025 12:00,09/11/2025 13:00,11/03/2026 06:33
Nederland,ElectricityLoad,Hour,17202112,17202112,0,0,09/11/2025 13:00,09/11/2025 14:00,11/03/2026 06:33
Nederland,ElectricityLoad,Hour,16496679,16496679,0,0,09/11/2025 14:00,09/11/2025 15:00,11/03/2026 06:33
Nederland,ElectricityLoad,Hour,13770358,13770358,0,0,09/11/2025 15:00,09/11/2025 16:00,11/03/2026 06:33
Nederland,ElectricityLoad,Hour,13609347,13609347,0,0,09/11/2025 16:00,09/11/2025 17:00,11/03/2026 06:33
Nederland,ElectricityLoad,Hour,13420107,13420107,0,0,09/11/2025 17:00,09/11/2025 18:00,11/03/2026 06:33
Nederland,ElectricityLoad,Hour,12809600,12809600,0,0,09/11/2025 18:00,09/11/2025 19:00,11/03/2026 06:33
Nederland,ElectricityLoad,Hour,12407138,12407138,0,0,09/11/2025 19:00,09/11/2025 20:00,11/03/2026 06:33
Nederland,ElectricityLoad,Hour,11860003,11860003,0,0,09/11/2025 20:00,09/11/2025 21:00,11/03/2026 06:33
Nederland,ElectricityLoad,Hour,10896235,10896235,0,0,09/11/2025 21:00,09/11/2025 22:00,11/03/2026 06:33
Nederland,ElectricityLoad,Hour,10265709,10265709,0,0,09/11/2025 22:00,09/11/2025 23:00,11/03/2026 06:33
Nederland,ElectricityLoad,Hour,9537410,9537410,0,0,09/11/2025 23:00,10/11/2025 00:00,11/03/2026 06:33
Nederland,ElectricityLoad,Hour,9211643,9211643,0,0,10/11/2025 00:00,10/11/2025 01:00,11/03/2026 06:33
Nederland,ElectricityLoad,Hour,8840279,8840279,0,0,10/11/2025 01:00,10/11/2025 02:00,11/03/2026 06:33
Nederland,ElectricityLoad,Hour,9250341,9250341,0,0,10/11/2025 02:00,10/11/2025 03:00,11/03/2026 06:33
Nederland,ElectricityLoad,Hour,9595187,9595187,0,0,10/11/2025 03:00,10/11/2025 04:00,11/03/2026 06:33
Nederland,ElectricityLoad,Hour,10364563,10364563,0,0,10/11/2025 04:00,10/11/2025 05:00,11/03/2026 06:33
Nederland,ElectricityLoad,Hour,12502595,12502595,0,0,10/11/2025 05:00,10/11/2025 06:00,11/03/2026 06:33
Nederland,ElectricityLoad,Hour,15083137,15083137,0,0,10/11/2025 06:00,10/11/2025 07:00,11/03/2026 06:33
Nederland,ElectricityLoad,Hour,16513442,16513442,0,0,10/11/2025 07:00,10/11/2025 08:00,11/03/2026 06:33
Nederland,ElectricityLoad,Hour,17756414,17756414,0,0,10/11/2025 08:00,10/11/2025 09:00,11/03/2026 06:33
Nederland,ElectricityLoad,Hour,18712541,18712541,0,0,10/11/2025 09:00,10/11/2025 10:00,11/03/2026 06:33
Nederland,ElectricityLoad,Hour,20393491,20393491,0,0,10/11/2025 10:00,10/11/2025 11:00,11/03/2026 06:33
Nederland,ElectricityLoad,Hour,20285244,20285244,0,0,10/11/2025 11:00,10/11/2025 12:00,11/03/2026 06:33
Nederland,ElectricityLoad,Hour,21578239,21578239,0,0,10/11/2025 12:00,10/11/2025 13:00,11/03/2026 06:33
Nederland,ElectricityLoad,Hour,20614867,20614867,0,0,10/11/2025 13:00,10/11/2025 14:00,11/03/2026 06:33
Nederland,ElectricityLoad,Hour,18736993,18736993,0,0,10/11/2025 14:00,10/11/2025 15:00,11/03/2026 06:33
Nederland,ElectricityLoad,Hour,17794934,17794934,0,0,10/11/2025 15:00,10/11/2025 16:00,11/03/2026 06:33
Nederland,ElectricityLoad,Hour,18327036,18327036,0,0,10/11/2025 16:00,10/11/2025 17:00,11/03/2026 06:33
Nederland,ElectricityLoad,Hour,17521614,17521614,0,0,10/11/2025 17:00,10/11/2025 18:00,11/03/2026 06:33
Nederland,ElectricityLoad,Hour,16789465,16789465,0,0,10/11/2025 18:00,10/11/2025 19:00,11/03/2026 06:33
Nederland,ElectricityLoad,Hour,15688075,15688075,0,0,10/11/2025 19:00,10/11/2025 20:00,11/03/2026 06:33
Nederland,ElectricityLoad,Hour,14379655,14379655,0,0,10/11/2025 20:00,10/11/2025 21:00,11/03/2026 06:33
Nederland,ElectricityLoad,Hour,13311115,13311115,0,0,10/11/2025 21:00,10/11/2025 22:00,11/03/2026 06:33
Nederland,ElectricityLoad,Hour,12192231,12192231,0,0,10/11/2025 22:00,10/11/2025 23:00,11/03/2026 06:33
Nederland,ElectricityLoad,Hour,11416483,11416483,0,0,10/11/2025 23:00,11/11/2025 00:00,11/03/2026 06:33
Nederland,ElectricityLoad,Hour,11318221,11318221,0,0,11/11/2025 00:00,11/11/2025 01:00,11/03/2026 06:33
Nederland,ElectricityLoad,Hour,9939361,9939361,0,0,11/11/2025 01:00,11/11/2025 02:00,11/03/2026 06:33
Nederland,ElectricityLoad,Hour,11069162,11069162,0,0,11/11/2025 02:00,11/11/2025 03:00,11/03/2026 06:33
Nederland,ElectricityLoad,Hour,11011570,11011570,0,0,11/11/2025 03:00,11/11/2025 04:00,11/03/2026 06:33
Nederland,ElectricityLoad,Hour,11465809,11465809,0,0,11/11/2025 04:00,11/11/2025 05:00,11/03/2026 06:33
Nederland,ElectricityLoad,Hour,13105590,13105590,0,0,11/11/2025 05:00,11/11/2025 06:00,11/03/2026 06:33
Nederland,ElectricityLoad,Hour,15003042,15003042,0,0,11/11/2025 06:00,11/11/2025 07:00,11/03/2026 06:33
Nederland,ElectricityLoad,Hour,15849869,15849869,0,0,11/11/2025 07:00,11/11/2025 08:00,11/03/2026 06:33
Nederland,ElectricityLoad,Hour,17778889,17778889,0,0,11/11/2025 08:00,11/11/2025 09:00,11/03/2026 06:33
Nederland,ElectricityLoad,Hour,19684152,19684152,0,0,11/11/2025 09:00,11/11/2025 10:00,11/03/2026 06:33
Nederland,ElectricityLoad,Hour,21156844,21156844,0,0,11/11/2025 10:00,11/11/2025 11:00,11/03/2026 06:33
Nederland,ElectricityLoad,Hour,20909383,20909383,0,0,11/11/2025 11:00,11/11/2025 12:00,11/03/2026 06:33
Nederland,ElectricityLoad,Hour,20843977,20843977,0,0,11/11/2025 12:00,11/11/2025 13:00,11/03/2026 06:33
Nederland,ElectricityLoad,Hour,19792924,19792924,0,0,11/11/2025 13:00,11/11/2025 14:00,11/03/2026 06:33
Nederland,ElectricityLoad,Hour,18692019,18692019,0,0,11/11/2025 14:00,11/11/2025 15:00,11/03/2026 06:33
Nederland,ElectricityLoad,Hour,17587686,17587686,0,0,11/11/2025 15:00,11/11/2025 16:00,11/03/2026 06:33
Nederland,ElectricityLoad,Hour,17488571,17488571,0,0,11/11/2025 16:00,11/11/2025 17:00,11/03/2026 06:33
Nederland,ElectricityLoad,Hour,16418056,16418056,0,0,11/11/2025 17:00,11/11/2025 18:00,11/03/2026 06:33
Nederland,ElectricityLoad,Hour,15616312,15616312,0,0,11/11/2025 18:00,11/11/2025 19:00,11/03/2026 06:33
Nederland,ElectricityLoad,Hour,14518457,14518457,0,0,11/11/2025 19:00,11/11/2025 20:00,11/03/2026 06:33
Nederland,ElectricityLoad,Hour,13355585,13355585,0,0,11/11/2025 20:00,11/11/2025 21:00,11/03/2026 06:33
Nederland,ElectricityLoad,Hour,12498965,12498965,0,0,11/11/2025 21:00,11/11/2025 22:00,11/03/2026 06:33
Nederland,ElectricityLoad,Hour,11693534,11693534,0,0,11/11/2025 22:00,11/11/2025 23:00,11/03/2026 06:33
Nederland,ElectricityLoad,Hour,11152115,11152115,0,0,11/11/2025 23:00,12/11/2025 00:00,11/03/2026 06:33
Nederland,ElectricityLoad,Hour,10640488,10640488,0,0,12/11/2025 00:00,12/11/2025 01:00,11/03/2026 06:33
Nederland,ElectricityLoad,Hour,9225591,9225591,0,0,12/11/2025 01:00,12/11/2025 02:00,11/03/2026 06:33
Nederland,ElectricityLoad,Hour,10507108,10507108,0,0,12/11/2025 02:00,12/11/2025 03:00,11/03/2026 06:33
Nederland,ElectricityLoad,Hour,10637756,10637756,0,0,12/11/2025 03:00,12/11/2025 04:00,11/03/2026 06:33
Nederland,ElectricityLoad,Hour,11632682,11632682,0,0,12/11/2025 04:00,12/11/2025 05:00,11/03/2026 06:33
Nederland,ElectricityLoad,Hour,13624412,13624412,0,0,12/11/2025 05:00,12/11/2025 06:00,11/03/2026 06:33
Nederland,ElectricityLoad,Hour,15287025,15287025,0,0,12/11/2025 06:00,12/11/2025 07:00,11/03/2026 06:33
Nederland,ElectricityLoad,Hour,16389092,16389092,0,0,12/11/2025 07:00,12/11/2025 08:00,11/03/2026 06:33
Nederland,ElectricityLoad,Hour,17822932,17822932,0,0,12/11/2025 08:00,12/11/2025 09:00,11/03/2026 06:33
Nederland,ElectricityLoad,Hour,19663612,19663612,0,0,12/11/2025 09:00,12/11/2025 10:00,11/03/2026 06:33
Nederland,ElectricityLoad,Hour,22007495,22007495,0,0,12/11/2025 10:00,12/11/2025 11:00,11/03/2026 06:33
Nederland,ElectricityLoad,Hour,22379230,22379230,0,0,12/11/2025 11:00,12/11/2025 12:00,11/03/2026 06:33
Nederland,ElectricityLoad,Hour,21060302,21060302,0,0,12/11/2025 12:00,12/11/2025 13:00,11/03/2026 06:33
Nederland,ElectricityLoad,Hour,20242017,20242017,0,0,12/11/2025 13:00,12/11/2025 14:00,11/03/2026 06:33
Nederland,ElectricityLoad,Hour,18448662,18448662,0,0,12/11/2025 14:00,12/11/2025 15:00,11/03/2026 06:33
Nederland,ElectricityLoad,Hour,17866377,17866377,0,0,12/11/2025 15:00,12/11/2025 16:00,11/03/2026 06:33
Nederland,ElectricityLoad,Hour,17019844,17019844,0,0,12/11/2025 16:00,12/11/2025 17:00,11/03/2026 06:33
Nederland,ElectricityLoad,Hour,16438029,16438029,0,0,12/11/2025 17:00,12/11/2025 18:00,11/03/2026 06:33
Nederland,ElectricityLoad,Hour,15469856,15469856,0,0,12/11/2025 18:00,12/11/2025 19:00,11/03/2026 06:33
Nederland,ElectricityLoad,Hour,14521988,14521988,0,0,12/11/2025 19:00,12/11/2025 20:00,11/03/2026 06:33
Nederland,ElectricityLoad,Hour,13762221,13762221,0,0,12/11/2025 20:00,12/11/2025 21:00,11/03/2026 06:33
Nederland,ElectricityLoad,Hour,12409034,12409034,0,0,12/11/2025 21:00,12/11/2025 22:00,11/03/2026 06:33
Nederland,ElectricityLoad,Hour,10782699,10782699,0,0,12/11/2025 22:00,12/11/2025 23:00,11/03/2026 06:33
Nederland,ElectricityLoad,Hour,9838880,9838880,0,0,12/11/2025 23:00,13/11/2025 00:00,11/03/2026 06:33
Nederland,ElectricityLoad,Hour,9347985,9347985,0,0,13/11/2025 00:00,13/11/2025 01:00,11/03/2026 06:33
Nederland,ElectricityLoad,Hour,7761109,7761109,0,0,13/11/2025 01:00,13/11/2025 02:00,11/03/2026 06:33
Nederland,ElectricityLoad,Hour,9481964,9481964,0,0,13/11/2025 02:00,13/11/2025 03:00,11/03/2026 06:33
Nederland,ElectricityLoad,Hour,9804801,9804801,0,0,13/11/2025 03:00,13/11/2025 04:00,11/03/2026 06:33
Nederland,ElectricityLoad,Hour,10196216,10196216,0,0,13/11/2025 04:00,13/11/2025 05:00,11/03/2026 06:33
Nederland,ElectricityLoad,Hour,12182302,12182302,0,0,13/11/2025 05:00,13/11/2025 06:00,11/03/2026 06:33
Nederland,ElectricityLoad,Hour,14874274,14874274,0,0,13/11/2025 06:00,13/11/2025 07:00,11/03/2026 06:33
Nederland,ElectricityLoad,Hour,16222237,16222237,0,0,13/11/2025 07:00,13/11/2025 08:00,11/03/2026 06:33
Nederland,ElectricityLoad,Hour,17299285,17299285,0,0,13/11/2025 08:00,13/11/2025 09:00,11/03/2026 06:33
Nederland,ElectricityLoad,Hour,18454505,18454505,0,0,13/11/2025 09:00,13/11/2025 10:00,11/03/2026 06:33
Nederland,ElectricityLoad,Hour,19125162,19125162,0,0,13/11/2025 10:00,13/11/2025 11:00,11/03/2026 06:33
Nederland,ElectricityLoad,Hour,19091286,19091286,0,0,13/11/2025 11:00,13/11/2025 12:00,11/03/2026 06:33
Nederland,ElectricityLoad,Hour,18498885,18498885,0,0,13/11/2025 12:00,13/11/2025 13:00,11/03/2026 06:33
Nederland,ElectricityLoad,Hour,17650572,17650572,0,0,13/11/2025 13:00,13/11/2025 14:00,11/03/2026 06:33
Nederland,ElectricityLoad,Hour,17362645,17362645,0,0,13/11/2025 14:00,13/11/2025 15:00,11/03/2026 06:33
Nederland,ElectricityLoad,Hour,16209236,16209236,0,0,13/11/2025 15:00,13/11/2025 16:00,11/03/2026 06:33
Nederland,ElectricityLoad,Hour,16154260,16154260,0,0,13/11/2025 16:00,13/11/2025 17:00,11/03/2026 06:33
Nederland,ElectricityLoad,Hour,15200080,15200080,0,0,13/11/2025 17:00,13/11/2025 18:00,11/03/2026 06:33
Nederland,ElectricityLoad,Hour,14309937,14309937,0,0,13/11/2025 18:00,13/11/2025 19:00,11/03/2026 06:33
Nederland,ElectricityLoad,Hour,13609581,13609581,0,0,13/11/2025 19:00,13/11/2025 20:00,11/03/2026 06:33
Nederland,ElectricityLoad,Hour,12612624,12612624,0,0,13/11/2025 20:00,13/11/2025 21:00,11/03/2026 06:33
Nederland,ElectricityLoad,Hour,11551760,11551760,0,0,13/11/2025 21:00,13/11/2025 22:00,11/03/2026 06:33
Nederland,ElectricityLoad,Hour,10715653,10715653,0,0,13/11/2025 22:00,13/11/2025 23:00,11/03/2026 06:33
Nederland,ElectricityLoad,Hour,9863413,9863413,0,0,13/11/2025 23:00,14/11/2025 00:00,11/03/2026 06:33
Nederland,ElectricityLoad,Hour,9364030,9364030,0,0,14/11/2025 00:00,14/11/2025 01:00,11/03/2026 06:33
Nederland,ElectricityLoad,Hour,9041347,9041347,0,0,14/11/2025 01:00,14/11/2025 02:00,11/03/2026 06:33
Nederland,ElectricityLoad,Hour,9242855,9242855,0,0,14/11/2025 02:00,14/11/2025 03:00,11/03/2026 06:33
Nederland,ElectricityLoad,Hour,9533912,9533912,0,0,14/11/2025 03:00,14/11/2025 04:00,11/03/2026 06:33
Nederland,ElectricityLoad,Hour,10438249,10438249,0,0,14/11/2025 04:00,14/11/2025 05:00,11/03/2026 06:33
Nederland,ElectricityLoad,Hour,12448072,12448072,0,0,14/11/2025 05:00,14/11/2025 06:00,11/03/2026 06:33
Nederland,ElectricityLoad,Hour,14796137,14796137,0,0,14/11/2025 06:00,14/11/2025 07:00,11/03/2026 06:33
Nederland,ElectricityLoad,Hour,16186107,16186107,0,0,14/11/2025 07:00,14/11/2025 08:00,11/03/2026 06:33
Nederland,ElectricityLoad,Hour,17268799,17268799,0,0,14/11/2025 08:00,14/11/2025 09:00,11/03/2026 06:33
Nederland,ElectricityLoad,Hour,18037541,18037541,0,0,14/11/2025 09:00,14/11/2025 10:00,11/03/2026 06:33
Nederland,ElectricityLoad,Hour,18330312,18330312,0,0,14/11/2025 10:00,14/11/2025 11:00,11/03/2026 06:33
Nederland,ElectricityLoad,Hour,18359119,18359119,0,0,14/11/2025 11:00,14/11/2025 12:00,11/03/2026 06:33
Nederland,ElectricityLoad,Hour,18584127,18584127,0,0,14/11/2025 12:00,14/11/2025 13:00,11/03/2026 06:33
Nederland,ElectricityLoad,Hour,18485375,18485375,0,0,14/11/2025 13:00,14/11/2025 14:00,11/03/2026 06:33
Nederland,ElectricityLoad,Hour,18073030,18073030,0,0,14/11/2025 14:00,14/11/2025 15:00,11/03/2026 06:33
Nederland,ElectricityLoad,Hour,17883033,17883033,0,0,14/11/2025 15:00,14/11/2025 16:00,11/03/2026 06:33
Nederland,ElectricityLoad,Hour,18227012,18227012,0,0,14/11/2025 16:00,14/11/2025 17:00,11/03/2026 06:33
Nederland,ElectricityLoad,Hour,17722364,17722364,0,0,14/11/2025 17:00,14/11/2025 18:00,11/03/2026 06:33
Nederland,ElectricityLoad,Hour,16985615,16985615,0,0,14/11/2025 18:00,14/11/2025 19:00,11/03/2026 06:33
Nederland,ElectricityLoad,Hour,16404642,16404642,0,0,14/11/2025 19:00,14/11/2025 20:00,11/03/2026 06:33
Nederland,ElectricityLoad,Hour,15591862,15591862,0,0,14/11/2025 20:00,14/11/2025 21:00,11/03/2026 06:33
Nederland,ElectricityLoad,Hour,14745107,14745107,0,0,14/11/2025 21:00,14/11/2025 22:00,11/03/2026 06:33
Nederland,ElectricityLoad,Hour,13963784,13963784,0,0,14/11/2025 22:00,14/11/2025 23:00,11/03/2026 06:33
Nederland,ElectricityLoad,Hour,13446428,13446428,0,0,14/11/2025 23:00,15/11/2025 00:00,11/03/2026 06:33
Nederland,ElectricityLoad,Hour,12746665,12746665,0,0,15/11/2025 00:00,15/11/2025 01:00,11/03/2026 06:33
Nederland,ElectricityLoad,Hour,11159336,11159336,0,0,15/11/2025 01:00,15/11/2025 02:00,11/03/2026 06:33
Nederland,ElectricityLoad,Hour,12009853,12009853,0,0,15/11/2025 02:00,15/11/2025 03:00,11/03/2026 06:33
Nederland,ElectricityLoad,Hour,12246631,12246631,0,0,15/11/2025 03:00,15/11/2025 04:00,11/03/2026 06:33
Nederland,ElectricityLoad,Hour,12047501,12047501,0,0,15/11/2025 04:00,15/11/2025 05:00,11/03/2026 06:33
Nederland,ElectricityLoad,Hour,12490686,12490686,0,0,15/11/2025 05:00,15/11/2025 06:00,11/03/2026 06:33
Nederland,ElectricityLoad,Hour,13520653,13520653,0,0,15/11/2025 06:00,15/11/2025 07:00,11/03/2026 06:33
Nederland,ElectricityLoad,Hour,14911222,14911222,0,0,15/11/2025 07:00,15/11/2025 08:00,11/03/2026 06:33
Nederland,ElectricityLoad,Hour,15788681,15788681,0,0,15/11/2025 08:00,15/11/2025 09:00,11/03/2026 06:33
Nederland,ElectricityLoad,Hour,16684487,16684487,0,0,15/11/2025 09:00,15/11/2025 10:00,11/03/2026 06:33
Nederland,ElectricityLoad,Hour,17293765,17293765,0,0,15/11/2025 10:00,15/11/2025 11:00,11/03/2026 06:33
Nederland,ElectricityLoad,Hour,17450598,17450598,0,0,15/11/2025 11:00,15/11/2025 12:00,11/03/2026 06:33
Nederland,ElectricityLoad,Hour,17315759,17315759,0,0,15/11/2025 12:00,15/11/2025 13:00,11/03/2026 06:33
Nederland,ElectricityLoad,Hour,16926257,16926257,0,0,15/11/2025 13:00,15/11/2025 14:00,11/03/2026 06:33
Nederland,ElectricityLoad,Hour,16381740,16381740,0,0,15/11/2025 14:00,15/11/2025 15:00,11/03/2026 06:33
Nederland,ElectricityLoad,Hour,15875051,15875051,0,0,15/11/2025 15:00,15/11/2025 16:00,11/03/2026 06:33
Nederland,ElectricityLoad,Hour,16174288,16174288,0,0,15/11/2025 16:00,15/11/2025 17:00,11/03/2026 06:33
Nederland,ElectricityLoad,Hour,15809391,15809391,0,0,15/11/2025 17:00,15/11/2025 18:00,11/03/2026 06:33
Nederland,ElectricityLoad,Hour,15198324,15198324,0,0,15/11/2025 18:00,15/11/2025 19:00,11/03/2026 06:33
Nederland,ElectricityLoad,Hour,14390308,14390308,0,0,15/11/2025 19:00,15/11/2025 20:00,11/03/2026 06:33
Nederland,ElectricityLoad,Hour,13351605,13351605,0,0,15/11/2025 20:00,15/11/2025 21:00,11/03/2026 06:33
Nederland,ElectricityLoad,Hour,12364069,12364069,0,0,15/11/2025 21:00,15/11/2025 22:00,11/03/2026 06:33
Nederland,ElectricityLoad,Hour,11382788,11382788,0,0,15/11/2025 22:00,15/11/2025 23:00,11/03/2026 06:33
Nederland,ElectricityLoad,Hour,10573959,10573959,0,0,15/11/2025 23:00,16/11/2025 00:00,11/03/2026 06:33
Nederland,ElectricityLoad,Hour,9977321,9977321,0,0,16/11/2025 00:00,16/11/2025 01:00,11/03/2026 06:33
Nederland,ElectricityLoad,Hour,9450805,9450805,0,0,16/11/2025 01:00,16/11/2025 02:00,11/03/2026 06:33
Nederland,ElectricityLoad,Hour,9455769,9455769,0,0,16/11/2025 02:00,16/11/2025 03:00,11/03/2026 06:33
Nederland,ElectricityLoad,Hour,9440219,9440219,0,0,16/11/2025 03:00,16/11/2025 04:00,11/03/2026 06:33
Nederland,ElectricityLoad,Hour,9558091,9558091,0,0,16/11/2025 04:00,16/11/2025 05:00,11/03/2026 06:33
Nederland,ElectricityLoad,Hour,10184287,10184287,0,0,16/11/2025 05:00,16/11/2025 06:00,11/03/2026 06:33
Nederland,ElectricityLoad,Hour,10946063,10946063,0,0,16/11/2025 06:00,16/11/2025 07:00,11/03/2026 06:33
Nederland,ElectricityLoad,Hour,12063814,12063814,0,0,16/11/2025 07:00,16/11/2025 08:00,11/03/2026 06:33
Nederland,ElectricityLoad,Hour,13496730,13496730,0,0,16/11/2025 08:00,16/11/2025 09:00,11/03/2026 06:33
Nederland,ElectricityLoad,Hour,14667379,14667379,0,0,16/11/2025 09:00,16/11/2025 10:00,11/03/2026 06:33
Nederland,ElectricityLoad,Hour,15543582,15543582,0,0,16/11/2025 10:00,16/11/2025 11:00,11/03/2026 06:33
Nederland,ElectricityLoad,Hour,15999548,15999548,0,0,16/11/2025 11:00,16/11/2025 12:00,11/03/2026 06:33
Nederland,ElectricityLoad,Hour,16751809,16751809,0,0,16/11/2025 12:00,16/11/2025 13:00,11/03/2026 06:33
Nederland,ElectricityLoad,Hour,16634707,16634707,0,0,16/11/2025 13:00,16/11/2025 14:00,11/03/2026 06:33
Nederland,ElectricityLoad,Hour,16527953,16527953,0,0,16/11/2025 14:00,16/11/2025 15:00,11/03/2026 06:33
Nederland,ElectricityLoad,Hour,15225864,15225864,0,0,16/11/2025 15:00,16/11/2025 16:00,11/03/2026 06:33
Nederland,ElectricityLoad,Hour,15193909,15193909,0,0,16/11/2025 16:00,16/11/2025 17:00,11/03/2026 06:33
Nederland,ElectricityLoad,Hour,14810209,14810209,0,0,16/11/2025 17:00,16/11/2025 18:00,11/03/2026 06:33
Nederland,ElectricityLoad,Hour,14305070,14305070,0,0,16/11/2025 18:00,16/11/2025 19:00,11/03/2026 06:33
Nederland,ElectricityLoad,Hour,13579077,13579077,0,0,16/11/2025 19:00,16/11/2025 20:00,11/03/2026 06:33
Nederland,ElectricityLoad,Hour,12755606,12755606,0,0,16/11/2025 20:00,16/11/2025 21:00,11/03/2026 06:33
Nederland,ElectricityLoad,Hour,11798221,11798221,0,0,16/11/2025 21:00,16/11/2025 22:00,11/03/2026 06:33
Nederland,ElectricityLoad,Hour,10844663,10844663,0,0,16/11/2025 22:00,16/11/2025 23:00,11/03/2026 06:33
Nederland,ElectricityLoad,Hour,10054193,10054193,0,0,16/11/2025 23:00,17/11/2025 00:00,11/03/2026 06:33
Nederland,ElectricityLoad,Hour,9864938,9864938,0,0,17/11/2025 00:00,17/11/2025 01:00,11/03/2026 06:33
Nederland,ElectricityLoad,Hour,8934051,8934051,0,0,17/11/2025 01:00,17/11/2025 02:00,11/03/2026 06:33
Nederland,ElectricityLoad,Hour,9964071,9964071,0,0,17/11/2025 02:00,17/11/2025 03:00,11/03/2026 06:33
Nederland,ElectricityLoad,Hour,10134273,10134273,0,0,17/11/2025 03:00,17/11/2025 04:00,11/03/2026 06:33
Nederland,ElectricityLoad,Hour,11070402,11070402,0,0,17/11/2025 04:00,17/11/2025 05:00,11/03/2026 06:33
Nederland,ElectricityLoad,Hour,12939242,12939242,0,0,17/11/2025 05:00,17/11/2025 06:00,11/03/2026 06:33
Nederland,ElectricityLoad,Hour,16458432,16458432,0,0,17/11/2025 06:00,17/11/2025 07:00,11/03/2026 06:33
Nederland,ElectricityLoad,Hour,18472626,18472626,0,0,17/11/2025 07:00,17/11/2025 08:00,11/03/2026 06:33
Nederland,ElectricityLoad,Hour,19560831,19560831,0,0,17/11/2025 08:00,17/11/2025 09:00,11/03/2026 06:33
Nederland,ElectricityLoad,Hour,21301444,21301444,0,0,17/11/2025 09:00,17/11/2025 10:00,11/03/2026 06:33
Nederland,ElectricityLoad,Hour,23462427,23462427,0,0,17/11/2025 10:00,17/11/2025 11:00,11/03/2026 06:33
Nederland,ElectricityLoad,Hour,25238788,25238788,0,0,17/11/2025 11:00,17/11/2025 12:00,11/03/2026 06:33
Nederland,ElectricityLoad,Hour,25455812,25455812,0,0,17/11/2025 12:00,17/11/2025 13:00,11/03/2026 06:33
Nederland,ElectricityLoad,Hour,23807450,23807450,0,0,17/11/2025 13:00,17/11/2025 14:00,11/03/2026 06:33
Nederland,ElectricityLoad,Hour,21984040,21984040,0,0,17/11/2025 14:00,17/11/2025 15:00,11/03/2026 06:33
Nederland,ElectricityLoad,Hour,18498783,18498783,0,0,17/11/2025 15:00,17/11/2025 16:00,11/03/2026 06:33
Nederland,ElectricityLoad,Hour,18436528,18436528,0,0,17/11/2025 16:00,17/11/2025 17:00,11/03/2026 06:33
Nederland,ElectricityLoad,Hour,17406733,17406733,0,0,17/11/2025 17:00,17/11/2025 18:00,11/03/2026 06:33
Nederland,ElectricityLoad,Hour,16782734,16782734,0,0,17/11/2025 18:00,17/11/2025 19:00,11/03/2026 06:33
Nederland,ElectricityLoad,Hour,15957517,15957517,0,0,17/11/2025 19:00,17/11/2025 20:00,11/03/2026 06:33
Nederland,ElectricityLoad,Hour,14905722,14905722,0,0,17/11/2025 20:00,17/11/2025 21:00,11/03/2026 06:33
Nederland,ElectricityLoad,Hour,13480618,13480618,0,0,17/11/2025 21:00,17/11/2025 22:00,11/03/2026 06:33
Nederland,ElectricityLoad,Hour,12176093,12176093,0,0,17/11/2025 22:00,17/11/2025 23:00,11/03/2026 06:33
Nederland,ElectricityLoad,Hour,11158883,11158883,0,0,17/11/2025 23:00,18/11/2025 00:00,11/03/2026 06:33
Nederland,ElectricityLoad,Hour,10955676,10955676,0,0,18/11/2025 00:00,18/11/2025 01:00,11/03/2026 06:33
Nederland,ElectricityLoad,Hour,10046732,10046732,0,0,18/11/2025 01:00,18/11/2025 02:00,11/03/2026 06:33
Nederland,ElectricityLoad,Hour,10669546,10669546,0,0,18/11/2025 02:00,18/11/2025 03:00,11/03/2026 06:33
Nederland,ElectricityLoad,Hour,10815646,10815646,0,0,18/11/2025 03:00,18/11/2025 04:00,11/03/2026 06:33
Nederland,ElectricityLoad,Hour,11786191,11786191,0,0,18/11/2025 04:00,18/11/2025 05:00,11/03/2026 06:33
Nederland,ElectricityLoad,Hour,13751069,13751069,0,0,18/11/2025 05:00,18/11/2025 06:00,11/03/2026 06:33
Nederland,ElectricityLoad,Hour,16523353,16523353,0,0,18/11/2025 06:00,18/11/2025 07:00,11/03/2026 06:33
Nederland,ElectricityLoad,Hour,17695987,17695987,0,0,18/11/2025 07:00,18/11/2025 08:00,11/03/2026 06:33
Nederland,ElectricityLoad,Hour,18723946,18723946,0,0,18/11/2025 08:00,18/11/2025 09:00,11/03/2026 06:33
Nederland,ElectricityLoad,Hour,20058329,20058329,0,0,18/11/2025 09:00,18/11/2025 10:00,11/03/2026 06:33
Nederland,ElectricityLoad,Hour,20856446,20856446,0,0,18/11/2025 10:00,18/11/2025 11:00,11/03/2026 06:33
Nederland,ElectricityLoad,Hour,21255452,21255452,0,0,18/11/2025 11:00,18/11/2025 12:00,11/03/2026 06:33
Nederland,ElectricityLoad,Hour,22217304,22217304,0,0,18/11/2025 12:00,18/11/2025 13:00,11/03/2026 06:33
Nederland,ElectricityLoad,Hour,21389970,21389970,0,0,18/11/2025 13:00,18/11/2025 14:00,11/03/2026 06:33
Nederland,ElectricityLoad,Hour,20149872,20149872,0,0,18/11/2025 14:00,18/11/2025 15:00,11/03/2026 06:33
Nederland,ElectricityLoad,Hour,19679139,19679139,0,0,18/11/2025 15:00,18/11/2025 16:00,11/03/2026 06:33
Nederland,ElectricityLoad,Hour,19442798,19442798,0,0,18/11/2025 16:00,18/11/2025 17:00,11/03/2026 06:33
Nederland,ElectricityLoad,Hour,19307556,19307556,0,0,18/11/2025 17:00,18/11/2025 18:00,11/03/2026 06:33
Nederland,ElectricityLoad,Hour,18698371,18698371,0,0,18/11/2025 18:00,18/11/2025 19:00,11/03/2026 06:33
Nederland,ElectricityLoad,Hour,17830921,17830921,0,0,18/11/2025 19:00,18/11/2025 20:00,11/03/2026 06:33
Nederland,ElectricityLoad,Hour,16595702,16595702,0,0,18/11/2025 20:00,18/11/2025 21:00,11/03/2026 06:33
Nederland,ElectricityLoad,Hour,14920021,14920021,0,0,18/11/2025 21:00,18/11/2025 22:00,11/03/2026 06:33
Nederland,ElectricityLoad,Hour,13373017,13373017,0,0,18/11/2025 22:00,18/11/2025 23:00,11/03/2026 06:33
Nederland,ElectricityLoad,Hour,12890620,12890620,0,0,18/11/2025 23:00,19/11/2025 00:00,11/03/2026 06:33
Nederland,ElectricityLoad,Hour,12787042,12787042,0,0,19/11/2025 00:00,19/11/2025 01:00,11/03/2026 06:33
Nederland,ElectricityLoad,Hour,11160299,11160299,0,0,19/11/2025 01:00,19/11/2025 02:00,11/03/2026 06:33
Nederland,ElectricityLoad,Hour,12952548,12952548,0,0,19/11/2025 02:00,19/11/2025 03:00,11/03/2026 06:33
Nederland,ElectricityLoad,Hour,13333529,13333529,0,0,19/11/2025 03:00,19/11/2025 04:00,11/03/2026 06:33
Nederland,ElectricityLoad,Hour,13770533,13770533,0,0,19/11/2025 04:00,19/11/2025 05:00,11/03/2026 06:33
Nederland,ElectricityLoad,Hour,15456618,15456618,0,0,19/11/2025 05:00,19/11/2025 06:00,11/03/2026 06:33
Nederland,ElectricityLoad,Hour,17568834,17568834,0,0,19/11/2025 06:00,19/11/2025 07:00,11/03/2026 06:33
Nederland,ElectricityLoad,Hour,18916057,18916057,0,0,19/11/2025 07:00,19/11/2025 08:00,11/03/2026 06:33
Nederland,ElectricityLoad,Hour,19162922,19162922,0,0,19/11/2025 08:00,19/11/2025 09:00,11/03/2026 06:33
Nederland,ElectricityLoad,Hour,19600750,19600750,0,0,19/11/2025 09:00,19/11/2025 10:00,11/03/2026 06:33
Nederland,ElectricityLoad,Hour,19310079,19310079,0,0,19/11/2025 10:00,19/11/2025 11:00,11/03/2026 06:33
Nederland,ElectricityLoad,Hour,19257144,19257144,0,0,19/11/2025 11:00,19/11/2025 12:00,11/03/2026 06:33
Nederland,ElectricityLoad,Hour,19598403,19598403,0,0,19/11/2025 12:00,19/11/2025 13:00,11/03/2026 06:33
Nederland,ElectricityLoad,Hour,19196815,19196815,0,0,19/11/2025 13:00,19/11/2025 14:00,11/03/2026 06:33
Nederland,ElectricityLoad,Hour,19927365,19927365,0,0,19/11/2025 14:00,19/11/2025 15:00,11/03/2026 06:33
Nederland,ElectricityLoad,Hour,19906599,19906599,0,0,19/11/2025 15:00,19/11/2025 16:00,11/03/2026 06:33
Nederland,ElectricityLoad,Hour,20140329,20140329,0,0,19/11/2025 16:00,19/11/2025 17:00,11/03/2026 06:33
Nederland,ElectricityLoad,Hour,19738812,19738812,0,0,19/11/2025 17:00,19/11/2025 18:00,11/03/2026 06:33
Nederland,ElectricityLoad,Hour,19361249,19361249,0,0,19/11/2025 18:00,19/11/2025 19:00,11/03/2026 06:33
Nederland,ElectricityLoad,Hour,18644099,18644099,0,0,19/11/2025 19:00,19/11/2025 20:00,11/03/2026 06:33
Nederland,ElectricityLoad,Hour,16590421,16590421,0,0,19/11/2025 20:00,19/11/2025 21:00,11/03/2026 06:33
Nederland,ElectricityLoad,Hour,14958081,14958081,0,0,19/11/2025 21:00,19/11/2025 22:00,11/03/2026 06:33
Nederland,ElectricityLoad,Hour,13086569,13086569,0,0,19/11/2025 22:00,19/11/2025 23:00,11/03/2026 06:33
Nederland,ElectricityLoad,Hour,11875424,11875424,0,0,19/11/2025 23:00,20/11/2025 00:00,11/03/2026 06:33
Nederland,ElectricityLoad,Hour,11505074,11505074,0,0,20/11/2025 00:00,20/11/2025 01:00,11/03/2026 06:33
Nederland,ElectricityLoad,Hour,10762368,10762368,0,0,20/11/2025 01:00,20/11/2025 02:00,11/03/2026 06:33
Nederland,ElectricityLoad,Hour,11354269,11354269,0,0,20/11/2025 02:00,20/11/2025 03:00,11/03/2026 06:33
Nederland,ElectricityLoad,Hour,11273484,11273484,0,0,20/11/2025 03:00,20/11/2025 04:00,11/03/2026 06:33
Nederland,ElectricityLoad,Hour,11739813,11739813,0,0,20/11/2025 04:00,20/11/2025 05:00,11/03/2026 06:33
Nederland,ElectricityLoad,Hour,14055435,14055435,0,0,20/11/2025 05:00,20/11/2025 06:00,11/03/2026 06:33
Nederland,ElectricityLoad,Hour,16662468,16662468,0,0,20/11/2025 06:00,20/11/2025 07:00,11/03/2026 06:33
Nederland,ElectricityLoad,Hour,18016157,18016157,0,0,20/11/2025 07:00,20/11/2025 08:00,11/03/2026 06:33
Nederland,ElectricityLoad,Hour,20583838,20583838,0,0,20/11/2025 08:00,20/11/2025 09:00,11/03/2026 06:33
Nederland,ElectricityLoad,Hour,20669238,20669238,0,0,20/11/2025 09:00,20/11/2025 10:00,11/03/2026 06:33
Nederland,ElectricityLoad,Hour,21613518,21613518,0,0,20/11/2025 10:00,20/11/2025 11:00,11/03/2026 06:33
Nederland,ElectricityLoad,Hour,20899675,20899675,0,0,20/11/2025 11:00,20/11/2025 12:00,11/03/2026 06:33
Nederland,ElectricityLoad,Hour,20806300,20806300,0,0,20/11/2025 12:00,20/11/2025 13:00,11/03/2026 06:33
Nederland,ElectricityLoad,Hour,20121809,20121809,0,0,20/11/2025 13:00,20/11/2025 14:00,11/03/2026 06:33
Nederland,ElectricityLoad,Hour,19068070,19068070,0,0,20/11/2025 14:00,20/11/2025 15:00,11/03/2026 06:33
Nederland,ElectricityLoad,Hour,18933262,18933262,0,0,20/11/2025 15:00,20/11/2025 16:00,11/03/2026 06:33
Nederland,ElectricityLoad,Hour,19351469,19351469,0,0,20/11/2025 16:00,20/11/2025 17:00,11/03/2026 06:33
Nederland,ElectricityLoad,Hour,18502196,18502196,0,0,20/11/2025 17:00,20/11/2025 18:00,11/03/2026 06:33
Nederland,ElectricityLoad,Hour,17718818,17718818,0,0,20/11/2025 18:00,20/11/2025 19:00,11/03/2026 06:33
Nederland,ElectricityLoad,Hour,16822459,16822459,0,0,20/11/2025 19:00,20/11/2025 20:00,11/03/2026 06:33
Nederland,ElectricityLoad,Hour,15930949,15930949,0,0,20/11/2025 20:00,20/11/2025 21:00,11/03/2026 06:33
Nederland,ElectricityLoad,Hour,14479847,14479847,0,0,20/11/2025 21:00,20/11/2025 22:00,11/03/2026 06:33
Nederland,ElectricityLoad,Hour,13191501,13191501,0,0,20/11/2025 22:00,20/11/2025 23:00,11/03/2026 06:33
Nederland,ElectricityLoad,Hour,12533642,12533642,0,0,20/11/2025 23:00,21/11/2025 00:00,11/03/2026 06:33
Nederland,ElectricityLoad,Hour,11876887,11876887,0,0,21/11/2025 00:00,21/11/2025 01:00,11/03/2026 06:33
Nederland,ElectricityLoad,Hour,11009672,11009672,0,0,21/11/2025 01:00,21/11/2025 02:00,11/03/2026 06:33
Nederland,ElectricityLoad,Hour,11515698,11515698,0,0,21/11/2025 02:00,21/11/2025 03:00,11/03/2026 06:33
Nederland,ElectricityLoad,Hour,11570180,11570180,0,0,21/11/2025 03:00,21/11/2025 04:00,11/03/2026 06:33
Nederland,ElectricityLoad,Hour,12256014,12256014,0,0,21/11/2025 04:00,21/11/2025 05:00,11/03/2026 06:33
Nederland,ElectricityLoad,Hour,14056783,14056783,0,0,21/11/2025 05:00,21/11/2025 06:00,11/03/2026 06:33
Nederland,ElectricityLoad,Hour,16625309,16625309,0,0,21/11/2025 06:00,21/11/2025 07:00,11/03/2026 06:33
Nederland,ElectricityLoad,Hour,18216517,18216517,0,0,21/11/2025 07:00,21/11/2025 08:00,11/03/2026 06:33
Nederland,ElectricityLoad,Hour,22579994,22579994,0,0,21/11/2025 08:00,21/11/2025 09:00,11/03/2026 06:33
Nederland,ElectricityLoad,Hour,25013915,25013915,0,0,21/11/2025 09:00,21/11/2025 10:00,11/03/2026 06:33
Nederland,ElectricityLoad,Hour,24188244,24188244,0,0,21/11/2025 10:00,21/11/2025 11:00,11/03/2026 06:33
Nederland,ElectricityLoad,Hour,23894259,23894259,0,0,21/11/2025 11:00,21/11/2025 12:00,11/03/2026 06:33
Nederland,ElectricityLoad,Hour,23740961,23740961,0,0,21/11/2025 12:00,21/11/2025 13:00,11/03/2026 06:33
Nederland,ElectricityLoad,Hour,22368177,22368177,0,0,21/11/2025 13:00,21/11/2025 14:00,11/03/2026 06:33
Nederland,ElectricityLoad,Hour,21105365,21105365,0,0,21/11/2025 14:00,21/11/2025 15:00,11/03/2026 06:33
Nederland,ElectricityLoad,Hour,18259272,18259272,0,0,21/11/2025 15:00,21/11/2025 16:00,11/03/2026 06:33
Nederland,ElectricityLoad,Hour,18553698,18553698,0,0,21/11/2025 16:00,21/11/2025 17:00,11/03/2026 06:33
Nederland,ElectricityLoad,Hour,17729807,17729807,0,0,21/11/2025 17:00,21/11/2025 18:00,11/03/2026 06:33
Nederland,ElectricityLoad,Hour,16962753,16962753,0,0,21/11/2025 18:00,21/11/2025 19:00,11/03/2026 06:33
Nederland,ElectricityLoad,Hour,16056039,16056039,0,0,21/11/2025 19:00,21/11/2025 20:00,11/03/2026 06:33
Nederland,ElectricityLoad,Hour,15090418,15090418,0,0,21/11/2025 20:00,21/11/2025 21:00,11/03/2026 06:33
Nederland,ElectricityLoad,Hour,13605178,13605178,0,0,21/11/2025 21:00,21/11/2025 22:00,11/03/2026 06:33
Nederland,ElectricityLoad,Hour,12550837,12550837,0,0,21/11/2025 22:00,21/11/2025 23:00,11/03/2026 06:33
Nederland,ElectricityLoad,Hour,11633387,11633387,0,0,21/11/2025 23:00,22/11/2025 00:00,11/03/2026 06:33
Nederland,ElectricityLoad,Hour,11115223,11115223,0,0,22/11/2025 00:00,22/11/2025 01:00,11/03/2026 06:33
Nederland,ElectricityLoad,Hour,9971827,9971827,0,0,22/11/2025 01:00,22/11/2025 02:00,11/03/2026 06:33
Nederland,ElectricityLoad,Hour,10957120,10957120,0,0,22/11/2025 02:00,22/11/2025 03:00,11/03/2026 06:33
Nederland,ElectricityLoad,Hour,11111146,11111146,0,0,22/11/2025 03:00,22/11/2025 04:00,11/03/2026 06:33
Nederland,ElectricityLoad,Hour,11586627,11586627,0,0,22/11/2025 04:00,22/11/2025 05:00,11/03/2026 06:33
Nederland,ElectricityLoad,Hour,12634972,12634972,0,0,22/11/2025 05:00,22/11/2025 06:00,11/03/2026 06:33
Nederland,ElectricityLoad,Hour,13908982,13908982,0,0,22/11/2025 06:00,22/11/2025 07:00,11/03/2026 06:33
Nederland,ElectricityLoad,Hour,15460028,15460028,0,0,22/11/2025 07:00,22/11/2025 08:00,11/03/2026 06:33
Nederland,ElectricityLoad,Hour,18722949,18722949,0,0,22/11/2025 08:00,22/11/2025 09:00,11/03/2026 06:33
Nederland,ElectricityLoad,Hour,20159946,20159946,0,0,22/11/2025 09:00,22/11/2025 10:00,11/03/2026 06:33
Nederland,ElectricityLoad,Hour,21809254,21809254,0,0,22/11/2025 10:00,22/11/2025 11:00,11/03/2026 06:33
Nederland,ElectricityLoad,Hour,22712624,22712624,0,0,22/11/2025 11:00,22/11/2025 12:00,11/03/2026 06:33
Nederland,ElectricityLoad,Hour,23524341,23524341,0,0,22/11/2025 12:00,22/11/2025 13:00,11/03/2026 06:33
Nederland,ElectricityLoad,Hour,22905370,22905370,0,0,22/11/2025 13:00,22/11/2025 14:00,11/03/2026 06:33
Nederland,ElectricityLoad,Hour,21835442,21835442,0,0,22/11/2025 14:00,22/11/2025 15:00,11/03/2026 06:33
Nederland,ElectricityLoad,Hour,19222593,19222593,0,0,22/11/2025 15:00,22/11/2025 16:00,11/03/2026 06:33
Nederland,ElectricityLoad,Hour,19352842,19352842,0,0,22/11/2025 16:00,22/11/2025 17:00,11/03/2026 06:33
Nederland,ElectricityLoad,Hour,18986600,18986600,0,0,22/11/2025 17:00,22/11/2025 18:00,11/03/2026 06:33
Nederland,ElectricityLoad,Hour,18582703,18582703,0,0,22/11/2025 18:00,22/11/2025 19:00,11/03/2026 06:33
Nederland,ElectricityLoad,Hour,17865541,17865541,0,0,22/11/2025 19:00,22/11/2025 20:00,11/03/2026 06:33
Nederland,ElectricityLoad,Hour,17190857,17190857,0,0,22/11/2025 20:00,22/11/2025 21:00,11/03/2026 06:33
Nederland,ElectricityLoad,Hour,16065078,16065078,0,0,22/11/2025 21:00,22/11/2025 22:00,11/03/2026 06:33
Nederland,ElectricityLoad,Hour,15195291,15195291,0,0,22/11/2025 22:00,22/11/2025 23:00,11/03/2026 06:33
Nederland,ElectricityLoad,Hour,14362392,14362392,0,0,22/11/2025 23:00,23/11/2025 00:00,11/03/2026 06:33
Nederland,ElectricityLoad,Hour,13883300,13883300,0,0,23/11/2025 00:00,23/11/2025 01:00,11/03/2026 06:33
Nederland,ElectricityLoad,Hour,11653673,11653673,0,0,23/11/2025 01:00,23/11/2025 02:00,11/03/2026 06:33
Nederland,ElectricityLoad,Hour,13963100,13963100,0,0,23/11/2025 02:00,23/11/2025 03:00,11/03/2026 06:33
Nederland,ElectricityLoad,Hour,14061768,14061768,0,0,23/11/2025 03:00,23/11/2025 04:00,11/03/2026 06:33
Nederland,ElectricityLoad,Hour,14241956,14241956,0,0,23/11/2025 04:00,23/11/2025 05:00,11/03/2026 06:33
Nederland,ElectricityLoad,Hour,14979544,14979544,0,0,23/11/2025 05:00,23/11/2025 06:00,11/03/2026 06:33
Nederland,ElectricityLoad,Hour,16037605,16037605,0,0,23/11/2025 06:00,23/11/2025 07:00,11/03/2026 06:33
Nederland,ElectricityLoad,Hour,17576898,17576898,0,0,23/11/2025 07:00,23/11/2025 08:00,11/03/2026 06:33
Nederland,ElectricityLoad,Hour,18895988,18895988,0,0,23/11/2025 08:00,23/11/2025 09:00,11/03/2026 06:33
Nederland,ElectricityLoad,Hour,20237798,20237798,0,0,23/11/2025 09:00,23/11/2025 10:00,11/03/2026 06:33
Nederland,ElectricityLoad,Hour,21638765,21638765,0,0,23/11/2025 10:00,23/11/2025 11:00,11/03/2026 06:33
Nederland,ElectricityLoad,Hour,21650575,21650575,0,0,23/11/2025 11:00,23/11/2025 12:00,11/03/2026 06:33
Nederland,ElectricityLoad,Hour,20755817,20755817,0,0,23/11/2025 12:00,23/11/2025 13:00,11/03/2026 06:33
Nederland,ElectricityLoad,Hour,20160566,20160566,0,0,23/11/2025 13:00,23/11/2025 14:00,11/03/2026 06:33
Nederland,ElectricityLoad,Hour,19936266,19936266,0,0,23/11/2025 14:00,23/11/2025 15:00,11/03/2026 06:33
Nederland,ElectricityLoad,Hour,20260423,20260423,0,0,23/11/2025 15:00,23/11/2025 16:00,11/03/2026 06:33
Nederland,ElectricityLoad,Hour,20377909,20377909,0,0,23/11/2025 16:00,23/11/2025 17:00,11/03/2026 06:33
Nederland,ElectricityLoad,Hour,19582872,19582872,0,0,23/11/2025 17:00,23/11/2025 18:00,11/03/2026 06:33
Nederland,ElectricityLoad,Hour,18627937,18627937,0,0,23/11/2025 18:00,23/11/2025 19:00,11/03/2026 06:33
Nederland,ElectricityLoad,Hour,17673864,17673864,0,0,23/11/2025 19:00,23/11/2025 20:00,11/03/2026 06:33
Nederland,ElectricityLoad,Hour,16758973,16758973,0,0,23/11/2025 20:00,23/11/2025 21:00,11/03/2026 06:33
Nederland,ElectricityLoad,Hour,15603101,15603101,0,0,23/11/2025 21:00,23/11/2025 22:00,11/03/2026 06:33
Nederland,ElectricityLoad,Hour,13785944,13785944,0,0,23/11/2025 22:00,23/11/2025 23:00,11/03/2026 06:33
Nederland,ElectricityLoad,Hour,13170383,13170383,0,0,23/11/2025 23:00,24/11/2025 00:00,11/03/2026 06:33
Nederland,ElectricityLoad,Hour,12534036,12534036,0,0,24/11/2025 00:00,24/11/2025 01:00,11/03/2026 06:33
Nederland,ElectricityLoad,Hour,10525986,10525986,0,0,24/11/2025 01:00,24/11/2025 02:00,11/03/2026 06:33
Nederland,ElectricityLoad,Hour,11966846,11966846,0,0,24/11/2025 02:00,24/11/2025 03:00,11/03/2026 06:33
Nederland,ElectricityLoad,Hour,11938290,11938290,0,0,24/11/2025 03:00,24/11/2025 04:00,11/03/2026 06:33
Nederland,ElectricityLoad,Hour,13055909,13055909,0,0,24/11/2025 04:00,24/11/2025 05:00,11/03/2026 06:33
Nederland,ElectricityLoad,Hour,14724995,14724995,0,0,24/11/2025 05:00,24/11/2025 06:00,11/03/2026 06:33
Nederland,ElectricityLoad,Hour,17646859,17646859,0,0,24/11/2025 06:00,24/11/2025 07:00,11/03/2026 06:33
Nederland,ElectricityLoad,Hour,19140460,19140460,0,0,24/11/2025 07:00,24/11/2025 08:00,11/03/2026 06:33
Nederland,ElectricityLoad,Hour,19643651,19643651,0,0,24/11/2025 08:00,24/11/2025 09:00,11/03/2026 06:33
Nederland,ElectricityLoad,Hour,20787774,20787774,0,0,24/11/2025 09:00,24/11/2025 10:00,11/03/2026 06:33
Nederland,ElectricityLoad,Hour,22433574,22433574,0,0,24/11/2025 10:00,24/11/2025 11:00,11/03/2026 06:33
Nederland,ElectricityLoad,Hour,22132195,22132195,0,0,24/11/2025 11:00,24/11/2025 12:00,11/03/2026 06:33
Nederland,ElectricityLoad,Hour,21651207,21651207,0,0,24/11/2025 12:00,24/11/2025 13:00,11/03/2026 06:33
Nederland,ElectricityLoad,Hour,20281072,20281072,0,0,24/11/2025 13:00,24/11/2025 14:00,11/03/2026 06:33
Nederland,ElectricityLoad,Hour,18599824,18599824,0,0,24/11/2025 14:00,24/11/2025 15:00,11/03/2026 06:33
Nederland,ElectricityLoad,Hour,18193735,18193735,0,0,24/11/2025 15:00,24/11/2025 16:00,11/03/2026 06:33
Nederland,ElectricityLoad,Hour,18684539,18684539,0,0,24/11/2025 16:00,24/11/2025 17:00,11/03/2026 06:33
Nederland,ElectricityLoad,Hour,17906623,17906623,0,0,24/11/2025 17:00,24/11/2025 18:00,11/03/2026 06:33
Nederland,ElectricityLoad,Hour,17052737,17052737,0,0,24/11/2025 18:00,24/11/2025 19:00,11/03/2026 06:33
Nederland,ElectricityLoad,Hour,16117607,16117607,0,0,24/11/2025 19:00,24/11/2025 20:00,11/03/2026 06:33
Nederland,ElectricityLoad,Hour,15210529,15210529,0,0,24/11/2025 20:00,24/11/2025 21:00,11/03/2026 06:33
Nederland,ElectricityLoad,Hour,13846961,13846961,0,0,24/11/2025 21:00,24/11/2025 22:00,11/03/2026 06:33
Nederland,ElectricityLoad,Hour,12444250,12444250,0,0,24/11/2025 22:00,24/11/2025 23:00,11/03/2026 06:33
Nederland,ElectricityLoad,Hour,11594449,11594449,0,0,24/11/2025 23:00,25/11/2025 00:00,11/03/2026 06:33
Nederland,ElectricityLoad,Hour,11252692,11252692,0,0,25/11/2025 00:00,25/11/2025 01:00,11/03/2026 06:33
Nederland,ElectricityLoad,Hour,10693142,10693142,0,0,25/11/2025 01:00,25/11/2025 02:00,11/03/2026 06:33
Nederland,ElectricityLoad,Hour,10954953,10954953,0,0,25/11/2025 02:00,25/11/2025 03:00,11/03/2026 06:33
Nederland,ElectricityLoad,Hour,11180249,11180249,0,0,25/11/2025 03:00,25/11/2025 04:00,11/03/2026 06:33
Nederland,ElectricityLoad,Hour,11933376,11933376,0,0,25/11/2025 04:00,25/11/2025 05:00,11/03/2026 06:33
Nederland,ElectricityLoad,Hour,13913165,13913165,0,0,25/11/2025 05:00,25/11/2025 06:00,11/03/2026 06:33
Nederland,ElectricityLoad,Hour,16480373,16480373,0,0,25/11/2025 06:00,25/11/2025 07:00,11/03/2026 06:33
Nederland,ElectricityLoad,Hour,18014720,18014720,0,0,25/11/2025 07:00,25/11/2025 08:00,11/03/2026 06:33
Nederland,ElectricityLoad,Hour,18962351,18962351,0,0,25/11/2025 08:00,25/11/2025 09:00,11/03/2026 06:33
Nederland,ElectricityLoad,Hour,19626579,19626579,0,0,25/11/2025 09:00,25/11/2025 10:00,11/03/2026 06:33
Nederland,ElectricityLoad,Hour,20201168,20201168,0,0,25/11/2025 10:00,25/11/2025 11:00,11/03/2026 06:33
Nederland,ElectricityLoad,Hour,20395424,20395424,0,0,25/11/2025 11:00,25/11/2025 12:00,11/03/2026 06:33
Nederland,ElectricityLoad,Hour,20917236,20917236,0,0,25/11/2025 12:00,25/11/2025 13:00,11/03/2026 06:33
Nederland,ElectricityLoad,Hour,19853972,19853972,0,0,25/11/2025 13:00,25/11/2025 14:00,11/03/2026 06:33
Nederland,ElectricityLoad,Hour,19224227,19224227,0,0,25/11/2025 14:00,25/11/2025 15:00,11/03/2026 06:33
Nederland,ElectricityLoad,Hour,18944888,18944888,0,0,25/11/2025 15:00,25/11/2025 16:00,11/03/2026 06:33
Nederland,ElectricityLoad,Hour,19275665,19275665,0,0,25/11/2025 16:00,25/11/2025 17:00,11/03/2026 06:33
Nederland,ElectricityLoad,Hour,18438493,18438493,0,0,25/11/2025 17:00,25/11/2025 18:00,11/03/2026 06:33
Nederland,ElectricityLoad,Hour,17361898,17361898,0,0,25/11/2025 18:00,25/11/2025 19:00,11/03/2026 06:33
Nederland,ElectricityLoad,Hour,16498382,16498382,0,0,25/11/2025 19:00,25/11/2025 20:00,11/03/2026 06:33
Nederland,ElectricityLoad,Hour,15587709,15587709,0,0,25/11/2025 20:00,25/11/2025 21:00,11/03/2026 06:33
Nederland,ElectricityLoad,Hour,14425700,14425700,0,0,25/11/2025 21:00,25/11/2025 22:00,11/03/2026 06:33
Nederland,ElectricityLoad,Hour,13164032,13164032,0,0,25/11/2025 22:00,25/11/2025 23:00,11/03/2026 06:33
Nederland,ElectricityLoad,Hour,12145260,12145260,0,0,25/11/2025 23:00,26/11/2025 00:00,11/03/2026 06:33
Nederland,ElectricityLoad,Hour,11543559,11543559,0,0,26/11/2025 00:00,26/11/2025 01:00,11/03/2026 06:33
Nederland,ElectricityLoad,Hour,10529866,10529866,0,0,26/11/2025 01:00,26/11/2025 02:00,11/03/2026 06:33
Nederland,ElectricityLoad,Hour,10980474,10980474,0,0,26/11/2025 02:00,26/11/2025 03:00,11/03/2026 06:33
Nederland,ElectricityLoad,Hour,11081247,11081247,0,0,26/11/2025 03:00,26/11/2025 04:00,11/03/2026 06:33
Nederland,ElectricityLoad,Hour,11742209,11742209,0,0,26/11/2025 04:00,26/11/2025 05:00,11/03/2026 06:33
Nederland,ElectricityLoad,Hour,13534902,13534902,0,0,26/11/2025 05:00,26/11/2025 06:00,11/03/2026 06:33
Nederland,ElectricityLoad,Hour,16050100,16050100,0,0,26/11/2025 06:00,26/11/2025 07:00,11/03/2026 06:33
Nederland,ElectricityLoad,Hour,17581846,17581846,0,0,26/11/2025 07:00,26/11/2025 08:00,11/03/2026 06:33
Nederland,ElectricityLoad,Hour,18662326,18662326,0,0,26/11/2025 08:00,26/11/2025 09:00,11/03/2026 06:33
Nederland,ElectricityLoad,Hour,19987252,19987252,0,0,26/11/2025 09:00,26/11/2025 10:00,11/03/2026 06:33
Nederland,ElectricityLoad,Hour,20302551,20302551,0,0,26/11/2025 10:00,26/11/2025 11:00,11/03/2026 06:33
Nederland,ElectricityLoad,Hour,20807531,20807531,0,0,26/11/2025 11:00,26/11/2025 12:00,11/03/2026 06:33
Nederland,ElectricityLoad,Hour,21322910,21322910,0,0,26/11/2025 12:00,26/11/2025 13:00,11/03/2026 06:33
Nederland,ElectricityLoad,Hour,20588241,20588241,0,0,26/11/2025 13:00,26/11/2025 14:00,11/03/2026 06:33
Nederland,ElectricityLoad,Hour,19361997,19361997,0,0,26/11/2025 14:00,26/11/2025 15:00,11/03/2026 06:33
Nederland,ElectricityLoad,Hour,18405246,18405246,0,0,26/11/2025 15:00,26/11/2025 16:00,11/03/2026 06:33
Nederland,ElectricityLoad,Hour,19017930,19017930,0,0,26/11/2025 16:00,26/11/2025 17:00,11/03/2026 06:33
Nederland,ElectricityLoad,Hour,18462700,18462700,0,0,26/11/2025 17:00,26/11/2025 18:00,11/03/2026 06:33
Nederland,ElectricityLoad,Hour,17991877,17991877,0,0,26/11/2025 18:00,26/11/2025 19:00,11/03/2026 06:33
Nederland,ElectricityLoad,Hour,17305314,17305314,0,0,26/11/2025 19:00,26/11/2025 20:00,11/03/2026 06:33
Nederland,ElectricityLoad,Hour,16347368,16347368,0,0,26/11/2025 20:00,26/11/2025 21:00,11/03/2026 06:33
Nederland,ElectricityLoad,Hour,14997005,14997005,0,0,26/11/2025 21:00,26/11/2025 22:00,11/03/2026 06:33
Nederland,ElectricityLoad,Hour,13639192,13639192,0,0,26/11/2025 22:00,26/11/2025 23:00,11/03/2026 06:33
Nederland,ElectricityLoad,Hour,12694731,12694731,0,0,26/11/2025 23:00,27/11/2025 00:00,11/03/2026 06:33
Nederland,ElectricityLoad,Hour,12375418,12375418,0,0,27/11/2025 00:00,27/11/2025 01:00,11/03/2026 06:33
Nederland,ElectricityLoad,Hour,10283959,10283959,0,0,27/11/2025 01:00,27/11/2025 02:00,11/03/2026 06:33
Nederland,ElectricityLoad,Hour,11896827,11896827,0,0,27/11/2025 02:00,27/11/2025 03:00,11/03/2026 06:33
Nederland,ElectricityLoad,Hour,12350060,12350060,0,0,27/11/2025 03:00,27/11/2025 04:00,11/03/2026 06:33
Nederland,ElectricityLoad,Hour,13385597,13385597,0,0,27/11/2025 04:00,27/11/2025 05:00,11/03/2026 06:33
Nederland,ElectricityLoad,Hour,15954589,15954589,0,0,27/11/2025 05:00,27/11/2025 06:00,11/03/2026 06:33
Nederland,ElectricityLoad,Hour,19027523,19027523,0,0,27/11/2025 06:00,27/11/2025 07:00,11/03/2026 06:33
Nederland,ElectricityLoad,Hour,21018220,21018220,0,0,27/11/2025 07:00,27/11/2025 08:00,11/03/2026 06:33
Nederland,ElectricityLoad,Hour,22031951,22031951,0,0,27/11/2025 08:00,27/11/2025 09:00,11/03/2026 06:33
Nederland,ElectricityLoad,Hour,22502519,22502519,0,0,27/11/2025 09:00,27/11/2025 10:00,11/03/2026 06:33
Nederland,ElectricityLoad,Hour,22518338,22518338,0,0,27/11/2025 10:00,27/11/2025 11:00,11/03/2026 06:33
Nederland,ElectricityLoad,Hour,22416323,22416323,0,0,27/11/2025 11:00,27/11/2025 12:00,11/03/2026 06:33
Nederland,ElectricityLoad,Hour,22328840,22328840,0,0,27/11/2025 12:00,27/11/2025 13:00,11/03/2026 06:33
Nederland,ElectricityLoad,Hour,21890426,21890426,0,0,27/11/2025 13:00,27/11/2025 14:00,11/03/2026 06:33
Nederland,ElectricityLoad,Hour,21698624,21698624,0,0,27/11/2025 14:00,27/11/2025 15:00,11/03/2026 06:33
Nederland,ElectricityLoad,Hour,21719767,21719767,0,0,27/11/2025 15:00,27/11/2025 16:00,11/03/2026 06:33
Nederland,ElectricityLoad,Hour,21823483,21823483,0,0,27/11/2025 16:00,27/11/2025 17:00,11/03/2026 06:33
Nederland,ElectricityLoad,Hour,21107903,21107903,0,0,27/11/2025 17:00,27/11/2025 18:00,11/03/2026 06:33
Nederland,ElectricityLoad,Hour,20282758,20282758,0,0,27/11/2025 18:00,27/11/2025 19:00,11/03/2026 06:33
Nederland,ElectricityLoad,Hour,19284329,19284329,0,0,27/11/2025 19:00,27/11/2025 20:00,11/03/2026 06:33
Nederland,ElectricityLoad,Hour,18085035,18085035,0,0,27/11/2025 20:00,27/11/2025 21:00,11/03/2026 06:33
Nederland,ElectricityLoad,Hour,16815300,16815300,0,0,27/11/2025 21:00,27/11/2025 22:00,11/03/2026 06:33
Nederland,ElectricityLoad,Hour,15634466,15634466,0,0,27/11/2025 22:00,27/11/2025 23:00,11/03/2026 06:33
Nederland,ElectricityLoad,Hour,14732211,14732211,0,0,27/11/2025 23:00,28/11/2025 00:00,11/03/2026 06:33
Nederland,ElectricityLoad,Hour,14111148,14111148,0,0,28/11/2025 00:00,28/11/2025 01:00,11/03/2026 06:33
Nederland,ElectricityLoad,Hour,11268642,11268642,0,0,28/11/2025 01:00,28/11/2025 02:00,11/03/2026 06:33
Nederland,ElectricityLoad,Hour,13634629,13634629,0,0,28/11/2025 02:00,28/11/2025 03:00,11/03/2026 06:33
Nederland,ElectricityLoad,Hour,13438466,13438466,0,0,28/11/2025 03:00,28/11/2025 04:00,11/03/2026 06:33
Nederland,ElectricityLoad,Hour,14002417,14002417,0,0,28/11/2025 04:00,28/11/2025 05:00,11/03/2026 06:33
Nederland,ElectricityLoad,Hour,15526619,15526619,0,0,28/11/2025 05:00,28/11/2025 06:00,11/03/2026 06:33
Nederland,ElectricityLoad,Hour,17744538,17744538,0,0,28/11/2025 06:00,28/11/2025 07:00,11/03/2026 06:33
Nederland,ElectricityLoad,Hour,19172242,19172242,0,0,28/11/2025 07:00,28/11/2025 08:00,11/03/2026 06:33
Nederland,ElectricityLoad,Hour,19426815,19426815,0,0,28/11/2025 08:00,28/11/2025 09:00,11/03/2026 06:33
Nederland,ElectricityLoad,Hour,20042783,20042783,0,0,28/11/2025 09:00,28/11/2025 10:00,11/03/2026 06:33
Nederland,ElectricityLoad,Hour,20569486,20569486,0,0,28/11/2025 10:00,28/11/2025 11:00,11/03/2026 06:33
Nederland,ElectricityLoad,Hour,20632545,20632545,0,0,28/11/2025 11:00,28/11/2025 12:00,11/03/2026 06:33
Nederland,ElectricityLoad,Hour,20472778,20472778,0,0,28/11/2025 12:00,28/11/2025 13:00,11/03/2026 06:33
Nederland,ElectricityLoad,Hour,20182383,20182383,0,0,28/11/2025 13:00,28/11/2025 14:00,11/03/2026 06:33
Nederland,ElectricityLoad,Hour,19475396,19475396,0,0,28/11/2025 14:00,28/11/2025 15:00,11/03/2026 06:33
Nederland,ElectricityLoad,Hour,18917312,18917312,0,0,28/11/2025 15:00,28/11/2025 16:00,11/03/2026 06:33
Nederland,ElectricityLoad,Hour,19272703,19272703,0,0,28/11/2025 16:00,28/11/2025 17:00,11/03/2026 06:33
Nederland,ElectricityLoad,Hour,18526253,18526253,0,0,28/11/2025 17:00,28/11/2025 18:00,11/03/2026 06:33
Nederland,ElectricityLoad,Hour,17645944,17645944,0,0,28/11/2025 18:00,28/11/2025 19:00,11/03/2026 06:33
Nederland,ElectricityLoad,Hour,16836016,16836016,0,0,28/11/2025 19:00,28/11/2025 20:00,11/03/2026 06:33
Nederland,ElectricityLoad,Hour,16218207,16218207,0,0,28/11/2025 20:00,28/11/2025 21:00,11/03/2026 06:33
Nederland,ElectricityLoad,Hour,15148634,15148634,0,0,28/11/2025 21:00,28/11/2025 22:00,11/03/2026 06:33
Nederland,ElectricityLoad,Hour,13768907,13768907,0,0,28/11/2025 22:00,28/11/2025 23:00,11/03/2026 06:33
Nederland,ElectricityLoad,Hour,12980749,12980749,0,0,28/11/2025 23:00,29/11/2025 00:00,11/03/2026 06:33
Nederland,ElectricityLoad,Hour,12294433,12294433,0,0,29/11/2025 00:00,29/11/2025 01:00,11/03/2026 06:33
Nederland,ElectricityLoad,Hour,9874524,9874524,0,0,29/11/2025 01:00,29/11/2025 02:00,11/03/2026 06:33
Nederland,ElectricityLoad,Hour,10376884,10376884,0,0,29/11/2025 02:00,29/11/2025 03:00,11/03/2026 06:33
Nederland,ElectricityLoad,Hour,10063866,10063866,0,0,29/11/2025 03:00,29/11/2025 04:00,11/03/2026 06:33
Nederland,ElectricityLoad,Hour,10721098,10721098,0,0,29/11/2025 04:00,29/11/2025 05:00,11/03/2026 06:33
Nederland,ElectricityLoad,Hour,11721572,11721572,0,0,29/11/2025 05:00,29/11/2025 06:00,11/03/2026 06:33
Nederland,ElectricityLoad,Hour,13198053,13198053,0,0,29/11/2025 06:00,29/11/2025 07:00,11/03/2026 06:33
Nederland,ElectricityLoad,Hour,14627135,14627135,0,0,29/11/2025 07:00,29/11/2025 08:00,11/03/2026 06:33
Nederland,ElectricityLoad,Hour,16366678,16366678,0,0,29/11/2025 08:00,29/11/2025 09:00,11/03/2026 06:33
Nederland,ElectricityLoad,Hour,17646316,17646316,0,0,29/11/2025 09:00,29/11/2025 10:00,11/03/2026 06:33
Nederland,ElectricityLoad,Hour,18238287,18238287,0,0,29/11/2025 10:00,29/11/2025 11:00,11/03/2026 06:33
Nederland,ElectricityLoad,Hour,18790964,18790964,0,0,29/11/2025 11:00,29/11/2025 12:00,11/03/2026 06:33
Nederland,ElectricityLoad,Hour,18234598,18234598,0,0,29/11/2025 12:00,29/11/2025 13:00,11/03/2026 06:33
Nederland,ElectricityLoad,Hour,18138241,18138241,0,0,29/11/2025 13:00,29/11/2025 14:00,11/03/2026 06:33
Nederland,ElectricityLoad,Hour,17315364,17315364,0,0,29/11/2025 14:00,29/11/2025 15:00,11/03/2026 06:33
Nederland,ElectricityLoad,Hour,16432578,16432578,0,0,29/11/2025 15:00,29/11/2025 16:00,11/03/2026 06:33
Nederland,ElectricityLoad,Hour,16745048,16745048,0,0,29/11/2025 16:00,29/11/2025 17:00,11/03/2026 06:33
Nederland,ElectricityLoad,Hour,16118836,16118836,0,0,29/11/2025 17:00,29/11/2025 18:00,11/03/2026 06:33
Nederland,ElectricityLoad,Hour,15659488,15659488,0,0,29/11/2025 18:00,29/11/2025 19:00,11/03/2026 06:33
Nederland,ElectricityLoad,Hour,15250752,15250752,0,0,29/11/2025 19:00,29/11/2025 20:00,11/03/2026 06:33
Nederland,ElectricityLoad,Hour,14345549,14345549,0,0,29/11/2025 20:00,29/11/2025 21:00,11/03/2026 06:33
Nederland,ElectricityLoad,Hour,13603027,13603027,0,0,29/11/2025 21:00,29/11/2025 22:00,11/03/2026 06:33
Nederland,ElectricityLoad,Hour,12825538,12825538,0,0,29/11/2025 22:00,29/11/2025 23:00,11/03/2026 06:33
Nederland,ElectricityLoad,Hour,12008636,12008636,0,0,29/11/2025 23:00,30/11/2025 00:00,11/03/2026 06:33
Nederland,ElectricityLoad,Hour,11510260,11510260,0,0,30/11/2025 00:00,30/11/2025 01:00,11/03/2026 06:33
Nederland,ElectricityLoad,Hour,9221477,9221477,0,0,30/11/2025 01:00,30/11/2025 02:00,11/03/2026 06:33
Nederland,ElectricityLoad,Hour,10851661,10851661,0,0,30/11/2025 02:00,30/11/2025 03:00,11/03/2026 06:33
Nederland,ElectricityLoad,Hour,11492493,11492493,0,0,30/11/2025 03:00,30/11/2025 04:00,11/03/2026 06:33
Nederland,ElectricityLoad,Hour,11800285,11800285,0,0,30/11/2025 04:00,30/11/2025 05:00,11/03/2026 06:33
Nederland,ElectricityLoad,Hour,12317593,12317593,0,0,30/11/2025 05:00,30/11/2025 06:00,11/03/2026 06:33
Nederland,ElectricityLoad,Hour,12856892,12856892,0,0,30/11/2025 06:00,30/11/2025 07:00,11/03/2026 06:33
Nederland,ElectricityLoad,Hour,13904437,13904437,0,0,30/11/2025 07:00,30/11/2025 08:00,11/03/2026 06:33
Nederland,ElectricityLoad,Hour,14578102,14578102,0,0,30/11/2025 08:00,30/11/2025 09:00,11/03/2026 06:33
Nederland,ElectricityLoad,Hour,16593602,16593602,0,0,30/11/2025 09:00,30/11/2025 10:00,11/03/2026 06:33
Nederland,ElectricityLoad,Hour,20267060,20267060,0,0,30/11/2025 10:00,30/11/2025 11:00,11/03/2026 06:33
Nederland,ElectricityLoad,Hour,20041418,20041418,0,0,30/11/2025 11:00,30/11/2025 12:00,11/03/2026 06:33
Nederland,ElectricityLoad,Hour,20024902,20024902,0,0,30/11/2025 12:00,30/11/2025 13:00,11/03/2026 06:33
Nederland,ElectricityLoad,Hour,19376694,19376694,0,0,30/11/2025 13:00,30/11/2025 14:00,11/03/2026 06:33
Nederland,ElectricityLoad,Hour,18199962,18199962,0,0,30/11/2025 14:00,30/11/2025 15:00,11/03/2026 06:33
Nederland,ElectricityLoad,Hour,16991775,16991775,0,0,30/11/2025 15:00,30/11/2025 16:00,11/03/2026 06:33
Nederland,ElectricityLoad,Hour,17277590,17277590,0,0,30/11/2025 16:00,30/11/2025 17:00,11/03/2026 06:33
Nederland,ElectricityLoad,Hour,16414574,16414574,0,0,30/11/2025 17:00,30/11/2025 18:00,11/03/2026 06:33
Nederland,ElectricityLoad,Hour,15704936,15704936,0,0,30/11/2025 18:00,30/11/2025 19:00,11/03/2026 06:33
Nederland,ElectricityLoad,Hour,14966180,14966180,0,0,30/11/2025 19:00,30/11/2025 20:00,11/03/2026 06:33
Nederland,ElectricityLoad,Hour,14380664,14380664,0,0,30/11/2025 20:00,30/11/2025 21:00,11/03/2026 06:33
Nederland,ElectricityLoad,Hour,12922090,12922090,0,0,30/11/2025 21:00,30/11/2025 22:00,11/03/2026 06:33
Nederland,ElectricityLoad,Hour,11553309,11553309,0,0,30/11/2025 22:00,30/11/2025 23:00,11/03/2026 06:33
Nederland,ElectricityLoad,Hour,10655347,10655347,0,0,30/11/2025 23:00,01/12/2025 00:00,11/03/2026 06:33
Nederland,ElectricityLoad,Hour,10485117,10485117,0,0,01/12/2025 00:00,01/12/2025 01:00,11/03/2026 06:33
Nederland,ElectricityLoad,Hour,7859198,7859198,0,0,01/12/2025 01:00,01/12/2025 02:00,11/03/2026 06:33
Nederland,ElectricityLoad,Hour,10318553,10318553,0,0,01/12/2025 02:00,01/12/2025 03:00,11/03/2026 06:33
Nederland,ElectricityLoad,Hour,10697871,10697871,0,0,01/12/2025 03:00,01/12/2025 04:00,11/03/2026 06:33
Nederland,ElectricityLoad,Hour,12042295,12042295,0,0,01/12/2025 04:00,01/12/2025 05:00,11/03/2026 06:33
Nederland,ElectricityLoad,Hour,14050655,14050655,0,0,01/12/2025 05:00,01/12/2025 06:00,11/03/2026 06:33
Nederland,ElectricityLoad,Hour,16746203,16746203,0,0,01/12/2025 06:00,01/12/2025 07:00,11/03/2026 06:33
Nederland,ElectricityLoad,Hour,18717195,18717195,0,0,01/12/2025 07:00,01/12/2025 08:00,11/03/2026 06:33
Nederland,ElectricityLoad,Hour,20494899,20494899,0,0,01/12/2025 08:00,01/12/2025 09:00,11/03/2026 06:33
Nederland,ElectricityLoad,Hour,22297335,22297335,0,0,01/12/2025 09:00,01/12/2025 10:00,11/03/2026 06:33
Nederland,ElectricityLoad,Hour,22830778,22830778,0,0,01/12/2025 10:00,01/12/2025 11:00,11/03/2026 06:33
Nederland,ElectricityLoad,Hour,23206157,23206157,0,0,01/12/2025 11:00,01/12/2025 12:00,11/03/2026 06:33
Nederland,ElectricityLoad,Hour,23010486,23010486,0,0,01/12/2025 12:00,01/12/2025 13:00,11/03/2026 06:33
Nederland,ElectricityLoad,Hour,22435737,22435737,0,0,01/12/2025 13:00,01/12/2025 14:00,11/03/2026 06:33
Nederland,ElectricityLoad,Hour,21991660,21991660,0,0,01/12/2025 14:00,01/12/2025 15:00,11/03/2026 06:33
Nederland,ElectricityLoad,Hour,22048908,22048908,0,0,01/12/2025 15:00,01/12/2025 16:00,11/03/2026 06:33
Nederland,ElectricityLoad,Hour,22512784,22512784,0,0,01/12/2025 16:00,01/12/2025 17:00,11/03/2026 06:33
Nederland,ElectricityLoad,Hour,21567717,21567717,0,0,01/12/2025 17:00,01/12/2025 18:00,11/03/2026 06:33
Nederland,ElectricityLoad,Hour,20625988,20625988,0,0,01/12/2025 18:00,01/12/2025 19:00,11/03/2026 06:33
Nederland,ElectricityLoad,Hour,19561807,19561807,0,0,01/12/2025 19:00,01/12/2025 20:00,11/03/2026 06:33
Nederland,ElectricityLoad,Hour,18332937,18332937,0,0,01/12/2025 20:00,01/12/2025 21:00,11/03/2026 06:33
Nederland,ElectricityLoad,Hour,16799059,16799059,0,0,01/12/2025 21:00,01/12/2025 22:00,11/03/2026 06:33
Nederland,ElectricityLoad,Hour,15484046,15484046,0,0,01/12/2025 22:00,01/12/2025 23:00,11/03/2026 06:33
Nederland,ElectricityLoad,Hour,14653979,14653979,0,0,01/12/2025 23:00,02/12/2025 00:00,11/03/2026 06:33
Nederland,ElectricityLoad,Hour,14110715,14110715,0,0,02/12/2025 00:00,02/12/2025 01:00,11/03/2026 06:33
Nederland,ElectricityLoad,Hour,11341511,11341511,0,0,02/12/2025 01:00,02/12/2025 02:00,11/03/2026 06:33
Nederland,ElectricityLoad,Hour,13982672,13982672,0,0,02/12/2025 02:00,02/12/2025 03:00,11/03/2026 06:33
Nederland,ElectricityLoad,Hour,14002967,14002967,0,0,02/12/2025 03:00,02/12/2025 04:00,11/03/2026 06:33
Nederland,ElectricityLoad,Hour,14300655,14300655,0,0,02/12/2025 04:00,02/12/2025 05:00,11/03/2026 06:33
Nederland,ElectricityLoad,Hour,16041991,16041991,0,0,02/12/2025 05:00,02/12/2025 06:00,11/03/2026 06:33
Nederland,ElectricityLoad,Hour,18489453,18489453,0,0,02/12/2025 06:00,02/12/2025 07:00,11/03/2026 06:33
Nederland,ElectricityLoad,Hour,19882386,19882386,0,0,02/12/2025 07:00,02/12/2025 08:00,11/03/2026 06:33
Nederland,ElectricityLoad,Hour,20337381,20337381,0,0,02/12/2025 08:00,02/12/2025 09:00,11/03/2026 06:33
Nederland,ElectricityLoad,Hour,20550151,20550151,0,0,02/12/2025 09:00,02/12/2025 10:00,11/03/2026 06:33
Nederland,ElectricityLoad,Hour,20635876,20635876,0,0,02/12/2025 10:00,02/12/2025 11:00,11/03/2026 06:33
Nederland,ElectricityLoad,Hour,20682482,20682482,0,0,02/12/2025 11:00,02/12/2025 12:00,11/03/2026 06:33
Nederland,ElectricityLoad,Hour,20776544,20776544,0,0,02/12/2025 12:00,02/12/2025 13:00,11/03/2026 06:33
Nederland,ElectricityLoad,Hour,19706618,19706618,0,0,02/12/2025 13:00,02/12/2025 14:00,11/03/2026 06:33
Nederland,ElectricityLoad,Hour,18837899,18837899,0,0,02/12/2025 14:00,02/12/2025 15:00,11/03/2026 06:33
Nederland,ElectricityLoad,Hour,18313855,18313855,0,0,02/12/2025 15:00,02/12/2025 16:00,11/03/2026 06:33
Nederland,ElectricityLoad,Hour,18411184,18411184,0,0,02/12/2025 16:00,02/12/2025 17:00,11/03/2026 06:33
Nederland,ElectricityLoad,Hour,17504011,17504011,0,0,02/12/2025 17:00,02/12/2025 18:00,11/03/2026 06:33
Nederland,ElectricityLoad,Hour,16636983,16636983,0,0,02/12/2025 18:00,02/12/2025 19:00,11/03/2026 06:33
Nederland,ElectricityLoad,Hour,15714591,15714591,0,0,02/12/2025 19:00,02/12/2025 20:00,11/03/2026 06:33
Nederland,ElectricityLoad,Hour,14656130,14656130,0,0,02/12/2025 20:00,02/12/2025 21:00,11/03/2026 06:33
Nederland,ElectricityLoad,Hour,13461273,13461273,0,0,02/12/2025 21:00,02/12/2025 22:00,11/03/2026 06:33
Nederland,ElectricityLoad,Hour,12120832,12120832,0,0,02/12/2025 22:00,02/12/2025 23:00,11/03/2026 06:33
Nederland,ElectricityLoad,Hour,11185965,11185965,0,0,02/12/2025 23:00,03/12/2025 00:00,11/03/2026 06:33
Nederland,ElectricityLoad,Hour,10766424,10766424,0,0,03/12/2025 00:00,03/12/2025 01:00,11/03/2026 06:33
Nederland,ElectricityLoad,Hour,9658959,9658959,0,0,03/12/2025 01:00,03/12/2025 02:00,11/03/2026 06:33
Nederland,ElectricityLoad,Hour,10379524,10379524,0,0,03/12/2025 02:00,03/12/2025 03:00,11/03/2026 06:33
Nederland,ElectricityLoad,Hour,10452550,10452550,0,0,03/12/2025 03:00,03/12/2025 04:00,11/03/2026 06:33
Nederland,ElectricityLoad,Hour,11212262,11212262,0,0,03/12/2025 04:00,03/12/2025 05:00,11/03/2026 06:33
Nederland,ElectricityLoad,Hour,12856131,12856131,0,0,03/12/2025 05:00,03/12/2025 06:00,11/03/2026 06:33
Nederland,ElectricityLoad,Hour,15279446,15279446,0,0,03/12/2025 06:00,03/12/2025 07:00,11/03/2026 06:33
Nederland,ElectricityLoad,Hour,16816839,16816839,0,0,03/12/2025 07:00,03/12/2025 08:00,11/03/2026 06:33
Nederland,ElectricityLoad,Hour,17302873,17302873,0,0,03/12/2025 08:00,03/12/2025 09:00,11/03/2026 06:33
Nederland,ElectricityLoad,Hour,17726826,17726826,0,0,03/12/2025 09:00,03/12/2025 10:00,11/03/2026 06:33
Nederland,ElectricityLoad,Hour,18209992,18209992,0,0,03/12/2025 10:00,03/12/2025 11:00,11/03/2026 06:33
Nederland,ElectricityLoad,Hour,18556515,18556515,0,0,03/12/2025 11:00,03/12/2025 12:00,11/03/2026 06:33
Nederland,ElectricityLoad,Hour,19075717,19075717,0,0,03/12/2025 12:00,03/12/2025 13:00,11/03/2026 06:33
Nederland,ElectricityLoad,Hour,18261128,18261128,0,0,03/12/2025 13:00,03/12/2025 14:00,11/03/2026 06:33
Nederland,ElectricityLoad,Hour,17810146,17810146,0,0,03/12/2025 14:00,03/12/2025 15:00,11/03/2026 06:33
Nederland,ElectricityLoad,Hour,17716241,17716241,0,0,03/12/2025 15:00,03/12/2025 16:00,11/03/2026 06:33
Nederland,ElectricityLoad,Hour,18102158,18102158,0,0,03/12/2025 16:00,03/12/2025 17:00,11/03/2026 06:33
Nederland,ElectricityLoad,Hour,17302731,17302731,0,0,03/12/2025 17:00,03/12/2025 18:00,11/03/2026 06:33
Nederland,ElectricityLoad,Hour,16493929,16493929,0,0,03/12/2025 18:00,03/12/2025 19:00,11/03/2026 06:33
Nederland,ElectricityLoad,Hour,15831132,15831132,0,0,03/12/2025 19:00,03/12/2025 20:00,11/03/2026 06:33
Nederland,ElectricityLoad,Hour,14776033,14776033,0,0,03/12/2025 20:00,03/12/2025 21:00,11/03/2026 06:33
Nederland,ElectricityLoad,Hour,13486573,13486573,0,0,03/12/2025 21:00,03/12/2025 22:00,11/03/2026 06:33
Nederland,ElectricityLoad,Hour,12318435,12318435,0,0,03/12/2025 22:00,03/12/2025 23:00,11/03/2026 06:33
Nederland,ElectricityLoad,Hour,11413878,11413878,0,0,03/12/2025 23:00,04/12/2025 00:00,11/03/2026 06:33
Nederland,ElectricityLoad,Hour,10912659,10912659,0,0,04/12/2025 00:00,04/12/2025 01:00,11/03/2026 06:33
Nederland,ElectricityLoad,Hour,9867073,9867073,0,0,04/12/2025 01:00,04/12/2025 02:00,11/03/2026 06:33
Nederland,ElectricityLoad,Hour,10469492,10469492,0,0,04/12/2025 02:00,04/12/2025 03:00,11/03/2026 06:33
Nederland,ElectricityLoad,Hour,10665178,10665178,0,0,04/12/2025 03:00,04/12/2025 04:00,11/03/2026 06:33
Nederland,ElectricityLoad,Hour,11363605,11363605,0,0,04/12/2025 04:00,04/12/2025 05:00,11/03/2026 06:33
Nederland,ElectricityLoad,Hour,13415714,13415714,0,0,04/12/2025 05:00,04/12/2025 06:00,11/03/2026 06:33
Nederland,ElectricityLoad,Hour,15928896,15928896,0,0,04/12/2025 06:00,04/12/2025 07:00,11/03/2026 06:33
Nederland,ElectricityLoad,Hour,17457265,17457265,0,0,04/12/2025 07:00,04/12/2025 08:00,11/03/2026 06:33
Nederland,ElectricityLoad,Hour,18312038,18312038,0,0,04/12/2025 08:00,04/12/2025 09:00,11/03/2026 06:33
Nederland,ElectricityLoad,Hour,19487164,19487164,0,0,04/12/2025 09:00,04/12/2025 10:00,11/03/2026 06:33
Nederland,ElectricityLoad,Hour,21194792,21194792,0,0,04/12/2025 10:00,04/12/2025 11:00,11/03/2026 06:33
Nederland,ElectricityLoad,Hour,22836188,22836188,0,0,04/12/2025 11:00,04/12/2025 12:00,11/03/2026 06:33
Nederland,ElectricityLoad,Hour,23455210,23455210,0,0,04/12/2025 12:00,04/12/2025 13:00,11/03/2026 06:33
Nederland,ElectricityLoad,Hour,22085828,22085828,0,0,04/12/2025 13:00,04/12/2025 14:00,11/03/2026 06:33
Nederland,ElectricityLoad,Hour,19669208,19669208,0,0,04/12/2025 14:00,04/12/2025 15:00,11/03/2026 06:33
Nederland,ElectricityLoad,Hour,19038490,19038490,0,0,04/12/2025 15:00,04/12/2025 16:00,11/03/2026 06:33
Nederland,ElectricityLoad,Hour,19801776,19801776,0,0,04/12/2025 16:00,04/12/2025 17:00,11/03/2026 06:33
Nederland,ElectricityLoad,Hour,19175264,19175264,0,0,04/12/2025 17:00,04/12/2025 18:00,11/03/2026 06:33
Nederland,ElectricityLoad,Hour,18382217,18382217,0,0,04/12/2025 18:00,04/12/2025 19:00,11/03/2026 06:33
Nederland,ElectricityLoad,Hour,17419333,17419333,0,0,04/12/2025 19:00,04/12/2025 20:00,11/03/2026 06:33
Nederland,ElectricityLoad,Hour,15911955,15911955,0,0,04/12/2025 20:00,04/12/2025 21:00,11/03/2026 06:33
Nederland,ElectricityLoad,Hour,14300632,14300632,0,0,04/12/2025 21:00,04/12/2025 22:00,11/03/2026 06:33
Nederland,ElectricityLoad,Hour,13051157,13051157,0,0,04/12/2025 22:00,04/12/2025 23:00,11/03/2026 06:33
Nederland,ElectricityLoad,Hour,12290075,12290075,0,0,04/12/2025 23:00,05/12/2025 00:00,11/03/2026 06:33
Nederland,ElectricityLoad,Hour,11433512,11433512,0,0,05/12/2025 00:00,05/12/2025 01:00,11/03/2026 06:33
Nederland,ElectricityLoad,Hour,10705137,10705137,0,0,05/12/2025 01:00,05/12/2025 02:00,11/03/2026 06:33
Nederland,ElectricityLoad,Hour,10840743,10840743,0,0,05/12/2025 02:00,05/12/2025 03:00,11/03/2026 06:33
Nederland,ElectricityLoad,Hour,10933734,10933734,0,0,05/12/2025 03:00,05/12/2025 04:00,11/03/2026 06:33
Nederland,ElectricityLoad,Hour,11560116,11560116,0,0,05/12/2025 04:00,05/12/2025 05:00,11/03/2026 06:33
Nederland,ElectricityLoad,Hour,13229816,13229816,0,0,05/12/2025 05:00,05/12/2025 06:00,11/03/2026 06:33
Nederland,ElectricityLoad,Hour,15618024,15618024,0,0,05/12/2025 06:00,05/12/2025 07:00,11/03/2026 06:33
Nederland,ElectricityLoad,Hour,17187102,17187102,0,0,05/12/2025 07:00,05/12/2025 08:00,11/03/2026 06:33
Nederland,ElectricityLoad,Hour,18109050,18109050,0,0,05/12/2025 08:00,05/12/2025 09:00,11/03/2026 06:33
Nederland,ElectricityLoad,Hour,19028224,19028224,0,0,05/12/2025 09:00,05/12/2025 10:00,11/03/2026 06:33
Nederland,ElectricityLoad,Hour,19342205,19342205,0,0,05/12/2025 10:00,05/12/2025 11:00,11/03/2026 06:33
Nederland,ElectricityLoad,Hour,19659874,19659874,0,0,05/12/2025 11:00,05/12/2025 12:00,11/03/2026 06:33
Nederland,ElectricityLoad,Hour,19747645,19747645,0,0,05/12/2025 12:00,05/12/2025 13:00,11/03/2026 06:33
Nederland,ElectricityLoad,Hour,19604039,19604039,0,0,05/12/2025 13:00,05/12/2025 14:00,11/03/2026 06:33
Nederland,ElectricityLoad,Hour,19026249,19026249,0,0,05/12/2025 14:00,05/12/2025 15:00,11/03/2026 06:33
Nederland,ElectricityLoad,Hour,18895341,18895341,0,0,05/12/2025 15:00,05/12/2025 16:00,11/03/2026 06:33
Nederland,ElectricityLoad,Hour,19258248,19258248,0,0,05/12/2025 16:00,05/12/2025 17:00,11/03/2026 06:33
Nederland,ElectricityLoad,Hour,18371634,18371634,0,0,05/12/2025 17:00,05/12/2025 18:00,11/03/2026 06:33
Nederland,ElectricityLoad,Hour,17336536,17336536,0,0,05/12/2025 18:00,05/12/2025 19:00,11/03/2026 06:33
Nederland,ElectricityLoad,Hour,16419079,16419079,0,0,05/12/2025 19:00,05/12/2025 20:00,11/03/2026 06:33
Nederland,ElectricityLoad,Hour,15631832,15631832,0,0,05/12/2025 20:00,05/12/2025 21:00,11/03/2026 06:33
Nederland,ElectricityLoad,Hour,14862003,14862003,0,0,05/12/2025 21:00,05/12/2025 22:00,11/03/2026 06:33
Nederland,ElectricityLoad,Hour,13924747,13924747,0,0,05/12/2025 22:00,05/12/2025 23:00,11/03/2026 06:33
Nederland,ElectricityLoad,Hour,13266166,13266166,0,0,05/12/2025 23:00,06/12/2025 00:00,11/03/2026 06:33
Nederland,ElectricityLoad,Hour,13050096,13050096,0,0,06/12/2025 00:00,06/12/2025 01:00,11/03/2026 06:33
Nederland,ElectricityLoad,Hour,9786795,9786795,0,0,06/12/2025 01:00,06/12/2025 02:00,11/03/2026 06:33
Nederland,ElectricityLoad,Hour,13171732,13171732,0,0,06/12/2025 02:00,06/12/2025 03:00,11/03/2026 06:33
Nederland,ElectricityLoad,Hour,13259551,13259551,0,0,06/12/2025 03:00,06/12/2025 04:00,11/03/2026 06:33
Nederland,ElectricityLoad,Hour,13573208,13573208,0,0,06/12/2025 04:00,06/12/2025 05:00,11/03/2026 06:33
Nederland,ElectricityLoad,Hour,14159820,14159820,0,0,06/12/2025 05:00,06/12/2025 06:00,11/03/2026 06:33
Nederland,ElectricityLoad,Hour,15313477,15313477,0,0,06/12/2025 06:00,06/12/2025 07:00,11/03/2026 06:33
Nederland,ElectricityLoad,Hour,16572235,16572235,0,0,06/12/2025 07:00,06/12/2025 08:00,11/03/2026 06:33
Nederland,ElectricityLoad,Hour,17419492,17419492,0,0,06/12/2025 08:00,06/12/2025 09:00,11/03/2026 06:33
Nederland,ElectricityLoad,Hour,18085382,18085382,0,0,06/12/2025 09:00,06/12/2025 10:00,11/03/2026 06:33
Nederland,ElectricityLoad,Hour,18304175,18304175,0,0,06/12/2025 10:00,06/12/2025 11:00,11/03/2026 06:33
Nederland,ElectricityLoad,Hour,18129891,18129891,0,0,06/12/2025 11:00,06/12/2025 12:00,11/03/2026 06:33
Nederland,ElectricityLoad,Hour,17752281,17752281,0,0,06/12/2025 12:00,06/12/2025 13:00,11/03/2026 06:33
Nederland,ElectricityLoad,Hour,17695073,17695073,0,0,06/12/2025 13:00,06/12/2025 14:00,11/03/2026 06:33
Nederland,ElectricityLoad,Hour,17129489,17129489,0,0,06/12/2025 14:00,06/12/2025 15:00,11/03/2026 06:33
Nederland,ElectricityLoad,Hour,17087178,17087178,0,0,06/12/2025 15:00,06/12/2025 16:00,11/03/2026 06:33
Nederland,ElectricityLoad,Hour,17414963,17414963,0,0,06/12/2025 16:00,06/12/2025 17:00,11/03/2026 06:33
Nederland,ElectricityLoad,Hour,16730369,16730369,0,0,06/12/2025 17:00,06/12/2025 18:00,11/03/2026 06:33
Nederland,ElectricityLoad,Hour,16282798,16282798,0,0,06/12/2025 18:00,06/12/2025 19:00,11/03/2026 06:33
Nederland,ElectricityLoad,Hour,15910717,15910717,0,0,06/12/2025 19:00,06/12/2025 20:00,11/03/2026 06:33
Nederland,ElectricityLoad,Hour,15083712,15083712,0,0,06/12/2025 20:00,06/12/2025 21:00,11/03/2026 06:33
Nederland,ElectricityLoad,Hour,13957792,13957792,0,0,06/12/2025 21:00,06/12/2025 22:00,11/03/2026 06:33
Nederland,ElectricityLoad,Hour,13028786,13028786,0,0,06/12/2025 22:00,06/12/2025 23:00,11/03/2026 06:33
Nederland,ElectricityLoad,Hour,12548330,12548330,0,0,06/12/2025 23:00,07/12/2025 00:00,11/03/2026 06:33
Nederland,ElectricityLoad,Hour,11995269,11995269,0,0,07/12/2025 00:00,07/12/2025 01:00,11/03/2026 06:33
Nederland,ElectricityLoad,Hour,9123281,9123281,0,0,07/12/2025 01:00,07/12/2025 02:00,11/03/2026 06:33
Nederland,ElectricityLoad,Hour,11299510,11299510,0,0,07/12/2025 02:00,07/12/2025 03:00,11/03/2026 06:33
Nederland,ElectricityLoad,Hour,10995105,10995105,0,0,07/12/2025 03:00,07/12/2025 04:00,11/03/2026 06:33
Nederland,ElectricityLoad,Hour,10965111,10965111,0,0,07/12/2025 04:00,07/12/2025 05:00,11/03/2026 06:33
Nederland,ElectricityLoad,Hour,10976756,10976756,0,0,07/12/2025 05:00,07/12/2025 06:00,11/03/2026 06:33
Nederland,ElectricityLoad,Hour,11779292,11779292,0,0,07/12/2025 06:00,07/12/2025 07:00,11/03/2026 06:33
Nederland,ElectricityLoad,Hour,12975338,12975338,0,0,07/12/2025 07:00,07/12/2025 08:00,11/03/2026 06:33
Nederland,ElectricityLoad,Hour,13907167,13907167,0,0,07/12/2025 08:00,07/12/2025 09:00,11/03/2026 06:33
Nederland,ElectricityLoad,Hour,14845721,14845721,0,0,07/12/2025 09:00,07/12/2025 10:00,11/03/2026 06:33
Nederland,ElectricityLoad,Hour,15582648,15582648,0,0,07/12/2025 10:00,07/12/2025 11:00,11/03/2026 06:33
Nederland,ElectricityLoad,Hour,15861507,15861507,0,0,07/12/2025 11:00,07/12/2025 12:00,11/03/2026 06:33
Nederland,ElectricityLoad,Hour,15850858,15850858,0,0,07/12/2025 12:00,07/12/2025 13:00,11/03/2026 06:33
Nederland,ElectricityLoad,Hour,15155306,15155306,0,0,07/12/2025 13:00,07/12/2025 14:00,11/03/2026 06:33
Nederland,ElectricityLoad,Hour,14570500,14570500,0,0,07/12/2025 14:00,07/12/2025 15:00,11/03/2026 06:33
Nederland,ElectricityLoad,Hour,15104395,15104395,0,0,07/12/2025 15:00,07/12/2025 16:00,11/03/2026 06:33
Nederland,ElectricityLoad,Hour,15976077,15976077,0,0,07/12/2025 16:00,07/12/2025 17:00,11/03/2026 06:33
Nederland,ElectricityLoad,Hour,16048596,16048596,0,0,07/12/2025 17:00,07/12/2025 18:00,11/03/2026 06:33
Nederland,ElectricityLoad,Hour,16194232,16194232,0,0,07/12/2025 18:00,07/12/2025 19:00,11/03/2026 06:33
Nederland,ElectricityLoad,Hour,15724004,15724004,0,0,07/12/2025 19:00,07/12/2025 20:00,11/03/2026 06:33
Nederland,ElectricityLoad,Hour,15234469,15234469,0,0,07/12/2025 20:00,07/12/2025 21:00,11/03/2026 06:33
Nederland,ElectricityLoad,Hour,14638744,14638744,0,0,07/12/2025 21:00,07/12/2025 22:00,11/03/2026 06:33
Nederland,ElectricityLoad,Hour,14155898,14155898,0,0,07/12/2025 22:00,07/12/2025 23:00,11/03/2026 06:33
Nederland,ElectricityLoad,Hour,13953779,13953779,0,0,07/12/2025 23:00,08/12/2025 00:00,11/03/2026 06:33
Nederland,ElectricityLoad,Hour,13507807,13507807,0,0,08/12/2025 00:00,08/12/2025 01:00,11/03/2026 06:33
Nederland,ElectricityLoad,Hour,10419239,10419239,0,0,08/12/2025 01:00,08/12/2025 02:00,11/03/2026 06:33
Nederland,ElectricityLoad,Hour,11917999,11917999,0,0,08/12/2025 02:00,08/12/2025 03:00,11/03/2026 06:33
Nederland,ElectricityLoad,Hour,11554866,11554866,0,0,08/12/2025 03:00,08/12/2025 04:00,11/03/2026 06:33
Nederland,ElectricityLoad,Hour,11877096,11877096,0,0,08/12/2025 04:00,08/12/2025 05:00,11/03/2026 06:33
Nederland,ElectricityLoad,Hour,13504001,13504001,0,0,08/12/2025 05:00,08/12/2025 06:00,11/03/2026 06:33
Nederland,ElectricityLoad,Hour,15395845,15395845,0,0,08/12/2025 06:00,08/12/2025 07:00,11/03/2026 06:33
Nederland,ElectricityLoad,Hour,16943578,16943578,0,0,08/12/2025 07:00,08/12/2025 08:00,11/03/2026 06:33
Nederland,ElectricityLoad,Hour,17968363,17968363,0,0,08/12/2025 08:00,08/12/2025 09:00,11/03/2026 06:33
Nederland,ElectricityLoad,Hour,18688343,18688343,0,0,08/12/2025 09:00,08/12/2025 10:00,11/03/2026 06:33
Nederland,ElectricityLoad,Hour,19673211,19673211,0,0,08/12/2025 10:00,08/12/2025 11:00,11/03/2026 06:33
Nederland,ElectricityLoad,Hour,19438931,19438931,0,0,08/12/2025 11:00,08/12/2025 12:00,11/03/2026 06:33
Nederland,ElectricityLoad,Hour,19171978,19171978,0,0,08/12/2025 12:00,08/12/2025 13:00,11/03/2026 06:33
Nederland,ElectricityLoad,Hour,18852104,18852104,0,0,08/12/2025 13:00,08/12/2025 14:00,11/03/2026 06:33
Nederland,ElectricityLoad,Hour,19286115,19286115,0,0,08/12/2025 14:00,08/12/2025 15:00,11/03/2026 06:33
Nederland,ElectricityLoad,Hour,18897415,18897415,0,0,08/12/2025 15:00,08/12/2025 16:00,11/03/2026 06:33
Nederland,ElectricityLoad,Hour,18657756,18657756,0,0,08/12/2025 16:00,08/12/2025 17:00,11/03/2026 06:33
Nederland,ElectricityLoad,Hour,17438525,17438525,0,0,08/12/2025 17:00,08/12/2025 18:00,11/03/2026 06:33
Nederland,ElectricityLoad,Hour,16668615,16668615,0,0,08/12/2025 18:00,08/12/2025 19:00,11/03/2026 06:33
Nederland,ElectricityLoad,Hour,15698412,15698412,0,0,08/12/2025 19:00,08/12/2025 20:00,11/03/2026 06:33
Nederland,ElectricityLoad,Hour,14640573,14640573,0,0,08/12/2025 20:00,08/12/2025 21:00,11/03/2026 06:33
Nederland,ElectricityLoad,Hour,13283622,13283622,0,0,08/12/2025 21:00,08/12/2025 22:00,11/03/2026 06:33
Nederland,ElectricityLoad,Hour,12079923,12079923,0,0,08/12/2025 22:00,08/12/2025 23:00,11/03/2026 06:33
Nederland,ElectricityLoad,Hour,11219396,11219396,0,0,08/12/2025 23:00,09/12/2025 00:00,11/03/2026 06:33
Nederland,ElectricityLoad,Hour,10729860,10729860,0,0,09/12/2025 00:00,09/12/2025 01:00,11/03/2026 06:33
Nederland,ElectricityLoad,Hour,8724023,8724023,0,0,09/12/2025 01:00,09/12/2025 02:00,11/03/2026 06:33
Nederland,ElectricityLoad,Hour,10124282,10124282,0,0,09/12/2025 02:00,09/12/2025 03:00,11/03/2026 06:33
Nederland,ElectricityLoad,Hour,9887943,9887943,0,0,09/12/2025 03:00,09/12/2025 04:00,11/03/2026 06:33
Nederland,ElectricityLoad,Hour,10304449,10304449,0,0,09/12/2025 04:00,09/12/2025 05:00,11/03/2026 06:33
Nederland,ElectricityLoad,Hour,12350133,12350133,0,0,09/12/2025 05:00,09/12/2025 06:00,11/03/2026 06:33
Nederland,ElectricityLoad,Hour,14590756,14590756,0,0,09/12/2025 06:00,09/12/2025 07:00,11/03/2026 06:33
Nederland,ElectricityLoad,Hour,16058482,16058482,0,0,09/12/2025 07:00,09/12/2025 08:00,11/03/2026 06:33
Nederland,ElectricityLoad,Hour,16596852,16596852,0,0,09/12/2025 08:00,09/12/2025 09:00,11/03/2026 06:33
Nederland,ElectricityLoad,Hour,16918004,16918004,0,0,09/12/2025 09:00,09/12/2025 10:00,11/03/2026 06:33
Nederland,ElectricityLoad,Hour,18290938,18290938,0,0,09/12/2025 10:00,09/12/2025 11:00,11/03/2026 06:33
Nederland,ElectricityLoad,Hour,18888191,18888191,0,0,09/12/2025 11:00,09/12/2025 12:00,11/03/2026 06:33
Nederland,ElectricityLoad,Hour,18948382,18948382,0,0,09/12/2025 12:00,09/12/2025 13:00,11/03/2026 06:33
Nederland,ElectricityLoad,Hour,18365615,18365615,0,0,09/12/2025 13:00,09/12/2025 14:00,11/03/2026 06:33
Nederland,ElectricityLoad,Hour,18060302,18060302,0,0,09/12/2025 14:00,09/12/2025 15:00,11/03/2026 06:33
Nederland,ElectricityLoad,Hour,18129020,18129020,0,0,09/12/2025 15:00,09/12/2025 16:00,11/03/2026 06:33
Nederland,ElectricityLoad,Hour,18939008,18939008,0,0,09/12/2025 16:00,09/12/2025 17:00,11/03/2026 06:33
Nederland,ElectricityLoad,Hour,18319008,18319008,0,0,09/12/2025 17:00,09/12/2025 18:00,11/03/2026 06:33
Nederland,ElectricityLoad,Hour,17741437,17741437,0,0,09/12/2025 18:00,09/12/2025 19:00,11/03/2026 06:33
Nederland,ElectricityLoad,Hour,16705432,16705432,0,0,09/12/2025 19:00,09/12/2025 20:00,11/03/2026 06:33
Nederland,ElectricityLoad,Hour,15936336,15936336,0,0,09/12/2025 20:00,09/12/2025 21:00,11/03/2026 06:33
Nederland,ElectricityLoad,Hour,14953308,14953308,0,0,09/12/2025 21:00,09/12/2025 22:00,11/03/2026 06:33
Nederland,ElectricityLoad,Hour,14158454,14158454,0,0,09/12/2025 22:00,09/12/2025 23:00,11/03/2026 06:33
Nederland,ElectricityLoad,Hour,13314441,13314441,0,0,09/12/2025 23:00,10/12/2025 00:00,11/03/2026 06:33
Nederland,ElectricityLoad,Hour,12874623,12874623,0,0,10/12/2025 00:00,10/12/2025 01:00,11/03/2026 06:33
Nederland,ElectricityLoad,Hour,10117106,10117106,0,0,10/12/2025 01:00,10/12/2025 02:00,11/03/2026 06:33
Nederland,ElectricityLoad,Hour,11765392,11765392,0,0,10/12/2025 02:00,10/12/2025 03:00,11/03/2026 06:33
Nederland,ElectricityLoad,Hour,11190749,11190749,0,0,10/12/2025 03:00,10/12/2025 04:00,11/03/2026 06:33
Nederland,ElectricityLoad,Hour,11324360,11324360,0,0,10/12/2025 04:00,10/12/2025 05:00,11/03/2026 06:33
Nederland,ElectricityLoad,Hour,12736148,12736148,0,0,10/12/2025 05:00,10/12/2025 06:00,11/03/2026 06:33
Nederland,ElectricityLoad,Hour,14905952,14905952,0,0,10/12/2025 06:00,10/12/2025 07:00,11/03/2026 06:33
Nederland,ElectricityLoad,Hour,16472831,16472831,0,0,10/12/2025 07:00,10/12/2025 08:00,11/03/2026 06:33
Nederland,ElectricityLoad,Hour,14102050,14102050,0,0,10/12/2025 08:00,10/12/2025 09:00,11/03/2026 06:33
Nederland,ElectricityLoad,Hour,14169784,14169784,0,0,10/12/2025 09:00,10/12/2025 10:00,11/03/2026 06:33
Nederland,ElectricityLoad,Hour,14845954,14845954,0,0,10/12/2025 10:00,10/12/2025 11:00,11/03/2026 06:33
Nederland,ElectricityLoad,Hour,17428779,17428779,0,0,10/12/2025 11:00,10/12/2025 12:00,11/03/2026 06:33
Nederland,ElectricityLoad,Hour,20160697,20160697,0,0,10/12/2025 12:00,10/12/2025 13:00,11/03/2026 06:33
Nederland,ElectricityLoad,Hour,20145932,20145932,0,0,10/12/2025 13:00,10/12/2025 14:00,11/03/2026 06:33
Nederland,ElectricityLoad,Hour,19439167,19439167,0,0,10/12/2025 14:00,10/12/2025 15:00,11/03/2026 06:33
Nederland,ElectricityLoad,Hour,19180456,19180456,0,0,10/12/2025 15:00,10/12/2025 16:00,11/03/2026 06:33
Nederland,ElectricityLoad,Hour,19540624,19540624,0,0,10/12/2025 16:00,10/12/2025 17:00,11/03/2026 06:33
Nederland,ElectricityLoad,Hour,18495449,18495449,0,0,10/12/2025 17:00,10/12/2025 18:00,11/03/2026 06:33
Nederland,ElectricityLoad,Hour,17749182,17749182,0,0,10/12/2025 18:00,10/12/2025 19:00,11/03/2026 06:33
Nederland,ElectricityLoad,Hour,16622361,16622361,0,0,10/12/2025 19:00,10/12/2025 20:00,11/03/2026 06:33
Nederland,ElectricityLoad,Hour,14964402,14964402,0,0,10/12/2025 20:00,10/12/2025 21:00,11/03/2026 06:33
Nederland,ElectricityLoad,Hour,13322341,13322341,0,0,10/12/2025 21:00,10/12/2025 22:00,11/03/2026 06:33
Nederland,ElectricityLoad,Hour,12047764,12047764,0,0,10/12/2025 22:00,10/12/2025 23:00,11/03/2026 06:33
Nederland,ElectricityLoad,Hour,11299577,11299577,0,0,10/12/2025 23:00,11/12/2025 00:00,11/03/2026 06:33
Nederland,ElectricityLoad,Hour,10869912,10869912,0,0,11/12/2025 00:00,11/12/2025 01:00,11/03/2026 06:33
Nederland,ElectricityLoad,Hour,9695442,9695442,0,0,11/12/2025 01:00,11/12/2025 02:00,11/03/2026 06:33
Nederland,ElectricityLoad,Hour,10726066,10726066,0,0,11/12/2025 02:00,11/12/2025 03:00,11/03/2026 06:33
Nederland,ElectricityLoad,Hour,10726328,10726328,0,0,11/12/2025 03:00,11/12/2025 04:00,11/03/2026 06:33
Nederland,ElectricityLoad,Hour,11325669,11325669,0,0,11/12/2025 04:00,11/12/2025 05:00,11/03/2026 06:33
Nederland,ElectricityLoad,Hour,13304363,13304363,0,0,11/12/2025 05:00,11/12/2025 06:00,11/03/2026 06:33
Nederland,ElectricityLoad,Hour,15928720,15928720,0,0,11/12/2025 06:00,11/12/2025 07:00,11/03/2026 06:33
Nederland,ElectricityLoad,Hour,17589271,17589271,0,0,11/12/2025 07:00,11/12/2025 08:00,11/03/2026 06:33
Nederland,ElectricityLoad,Hour,18493073,18493073,0,0,11/12/2025 08:00,11/12/2025 09:00,11/03/2026 06:33
Nederland,ElectricityLoad,Hour,19457031,19457031,0,0,11/12/2025 09:00,11/12/2025 10:00,11/03/2026 06:33
Nederland,ElectricityLoad,Hour,20510261,20510261,0,0,11/12/2025 10:00,11/12/2025 11:00,11/03/2026 06:33
Nederland,ElectricityLoad,Hour,21605686,21605686,0,0,11/12/2025 11:00,11/12/2025 12:00,11/03/2026 06:33
Nederland,ElectricityLoad,Hour,21762498,21762498,0,0,11/12/2025 12:00,11/12/2025 13:00,11/03/2026 06:33
Nederland,ElectricityLoad,Hour,20516853,20516853,0,0,11/12/2025 13:00,11/12/2025 14:00,11/03/2026 06:33
Nederland,ElectricityLoad,Hour,19298887,19298887,0,0,11/12/2025 14:00,11/12/2025 15:00,11/03/2026 06:33
Nederland,ElectricityLoad,Hour,18060021,18060021,0,0,11/12/2025 15:00,11/12/2025 16:00,11/03/2026 06:33
Nederland,ElectricityLoad,Hour,18197426,18197426,0,0,11/12/2025 16:00,11/12/2025 17:00,11/03/2026 06:33
Nederland,ElectricityLoad,Hour,17710654,17710654,0,0,11/12/2025 17:00,11/12/2025 18:00,11/03/2026 06:33
Nederland,ElectricityLoad,Hour,17197786,17197786,0,0,11/12/2025 18:00,11/12/2025 19:00,11/03/2026 06:33
Nederland,ElectricityLoad,Hour,16659280,16659280,0,0,11/12/2025 19:00,11/12/2025 20:00,11/03/2026 06:33
Nederland,ElectricityLoad,Hour,15328641,15328641,0,0,11/12/2025 20:00,11/12/2025 21:00,11/03/2026 06:33
Nederland,ElectricityLoad,Hour,13930822,13930822,0,0,11/12/2025 21:00,11/12/2025 22:00,11/03/2026 06:33
Nederland,ElectricityLoad,Hour,12472791,12472791,0,0,11/12/2025 22:00,11/12/2025 23:00,11/03/2026 06:33
Nederland,ElectricityLoad,Hour,11597942,11597942,0,0,11/12/2025 23:00,12/12/2025 00:00,11/03/2026 06:33
Nederland,ElectricityLoad,Hour,10940403,10940403,0,0,12/12/2025 00:00,12/12/2025 01:00,11/03/2026 06:33
Nederland,ElectricityLoad,Hour,10251080,10251080,0,0,12/12/2025 01:00,12/12/2025 02:00,11/03/2026 06:33
Nederland,ElectricityLoad,Hour,10885222,10885222,0,0,12/12/2025 02:00,12/12/2025 03:00,11/03/2026 06:33
Nederland,ElectricityLoad,Hour,11103936,11103936,0,0,12/12/2025 03:00,12/12/2025 04:00,11/03/2026 06:33
Nederland,ElectricityLoad,Hour,11530669,11530669,0,0,12/12/2025 04:00,12/12/2025 05:00,11/03/2026 06:33
Nederland,ElectricityLoad,Hour,13322574,13322574,0,0,12/12/2025 05:00,12/12/2025 06:00,11/03/2026 06:33
Nederland,ElectricityLoad,Hour,15620769,15620769,0,0,12/12/2025 06:00,12/12/2025 07:00,11/03/2026 06:33
Nederland,ElectricityLoad,Hour,16979822,16979822,0,0,12/12/2025 07:00,12/12/2025 08:00,11/03/2026 06:33
Nederland,ElectricityLoad,Hour,17428931,17428931,0,0,12/12/2025 08:00,12/12/2025 09:00,11/03/2026 06:33
Nederland,ElectricityLoad,Hour,17875829,17875829,0,0,12/12/2025 09:00,12/12/2025 10:00,11/03/2026 06:33
Nederland,ElectricityLoad,Hour,18379693,18379693,0,0,12/12/2025 10:00,12/12/2025 11:00,11/03/2026 06:33
Nederland,ElectricityLoad,Hour,18446904,18446904,0,0,12/12/2025 11:00,12/12/2025 12:00,11/03/2026 06:33
Nederland,ElectricityLoad,Hour,18128002,18128002,0,0,12/12/2025 12:00,12/12/2025 13:00,11/03/2026 06:33
Nederland,ElectricityLoad,Hour,17749928,17749928,0,0,12/12/2025 13:00,12/12/2025 14:00,11/03/2026 06:33
Nederland,ElectricityLoad,Hour,17339201,17339201,0,0,12/12/2025 14:00,12/12/2025 15:00,11/03/2026 06:33
Nederland,ElectricityLoad,Hour,17246110,17246110,0,0,12/12/2025 15:00,12/12/2025 16:00,11/03/2026 06:33
Nederland,ElectricityLoad,Hour,17348599,17348599,0,0,12/12/2025 16:00,12/12/2025 17:00,11/03/2026 06:33
Nederland,ElectricityLoad,Hour,16327694,16327694,0,0,12/12/2025 17:00,12/12/2025 18:00,11/03/2026 06:33
Nederland,ElectricityLoad,Hour,15462095,15462095,0,0,12/12/2025 18:00,12/12/2025 19:00,11/03/2026 06:33
Nederland,ElectricityLoad,Hour,14622339,14622339,0,0,12/12/2025 19:00,12/12/2025 20:00,11/03/2026 06:33
Nederland,ElectricityLoad,Hour,13711826,13711826,0,0,12/12/2025 20:00,12/12/2025 21:00,11/03/2026 06:33
Nederland,ElectricityLoad,Hour,12664333,12664333,0,0,12/12/2025 21:00,12/12/2025 22:00,11/03/2026 06:33
Nederland,ElectricityLoad,Hour,11949622,11949622,0,0,12/12/2025 22:00,12/12/2025 23:00,11/03/2026 06:33
Nederland,ElectricityLoad,Hour,11351563,11351563,0,0,12/12/2025 23:00,13/12/2025 00:00,11/03/2026 06:33
Nederland,ElectricityLoad,Hour,11023367,11023367,0,0,13/12/2025 00:00,13/12/2025 01:00,11/03/2026 06:33
Nederland,ElectricityLoad,Hour,10201676,10201676,0,0,13/12/2025 01:00,13/12/2025 02:00,11/03/2026 06:33
Nederland,ElectricityLoad,Hour,10554762,10554762,0,0,13/12/2025 02:00,13/12/2025 03:00,11/03/2026 06:33
Nederland,ElectricityLoad,Hour,10655323,10655323,0,0,13/12/2025 03:00,13/12/2025 04:00,11/03/2026 06:33
Nederland,ElectricityLoad,Hour,10528960,10528960,0,0,13/12/2025 04:00,13/12/2025 05:00,11/03/2026 06:33
Nederland,ElectricityLoad,Hour,11033141,11033141,0,0,13/12/2025 05:00,13/12/2025 06:00,11/03/2026 06:33
Nederland,ElectricityLoad,Hour,12063035,12063035,0,0,13/12/2025 06:00,13/12/2025 07:00,11/03/2026 06:33
Nederland,ElectricityLoad,Hour,13030863,13030863,0,0,13/12/2025 07:00,13/12/2025 08:00,11/03/2026 06:33
Nederland,ElectricityLoad,Hour,13930706,13930706,0,0,13/12/2025 08:00,13/12/2025 09:00,11/03/2026 06:33
Nederland,ElectricityLoad,Hour,14855053,14855053,0,0,13/12/2025 09:00,13/12/2025 10:00,11/03/2026 06:33
Nederland,ElectricityLoad,Hour,16471365,16471365,0,0,13/12/2025 10:00,13/12/2025 11:00,11/03/2026 06:33
Nederland,ElectricityLoad,Hour,17358403,17358403,0,0,13/12/2025 11:00,13/12/2025 12:00,11/03/2026 06:33
Nederland,ElectricityLoad,Hour,18812094,18812094,0,0,13/12/2025 12:00,13/12/2025 13:00,11/03/2026 06:33
Nederland,ElectricityLoad,Hour,18568377,18568377,0,0,13/12/2025 13:00,13/12/2025 14:00,11/03/2026 06:33
Nederland,ElectricityLoad,Hour,16653898,16653898,0,0,13/12/2025 14:00,13/12/2025 15:00,11/03/2026 06:33
Nederland,ElectricityLoad,Hour,14518665,14518665,0,0,13/12/2025 15:00,13/12/2025 16:00,11/03/2026 06:33
Nederland,ElectricityLoad,Hour,15278801,15278801,0,0,13/12/2025 16:00,13/12/2025 17:00,11/03/2026 06:33
Nederland,ElectricityLoad,Hour,14915451,14915451,0,0,13/12/2025 17:00,13/12/2025 18:00,11/03/2026 06:33
Nederland,ElectricityLoad,Hour,14297493,14297493,0,0,13/12/2025 18:00,13/12/2025 19:00,11/03/2026 06:33
Nederland,ElectricityLoad,Hour,13595366,13595366,0,0,13/12/2025 19:00,13/12/2025 20:00,11/03/2026 06:33
Nederland,ElectricityLoad,Hour,12862005,12862005,0,0,13/12/2025 20:00,13/12/2025 21:00,11/03/2026 06:33
Nederland,ElectricityLoad,Hour,11992212,11992212,0,0,13/12/2025 21:00,13/12/2025 22:00,11/03/2026 06:33
Nederland,ElectricityLoad,Hour,11076573,11076573,0,0,13/12/2025 22:00,13/12/2025 23:00,11/03/2026 06:33
Nederland,ElectricityLoad,Hour,10470891,10470891,0,0,13/12/2025 23:00,14/12/2025 00:00,11/03/2026 06:33
Nederland,ElectricityLoad,Hour,9866975,9866975,0,0,14/12/2025 00:00,14/12/2025 01:00,11/03/2026 06:33
Nederland,ElectricityLoad,Hour,8855404,8855404,0,0,14/12/2025 01:00,14/12/2025 02:00,11/03/2026 06:33
Nederland,ElectricityLoad,Hour,9803027,9803027,0,0,14/12/2025 02:00,14/12/2025 03:00,11/03/2026 06:33
Nederland,ElectricityLoad,Hour,10048746,10048746,0,0,14/12/2025 03:00,14/12/2025 04:00,11/03/2026 06:33
Nederland,ElectricityLoad,Hour,10736662,10736662,0,0,14/12/2025 04:00,14/12/2025 05:00,11/03/2026 06:33
Nederland,ElectricityLoad,Hour,11833293,11833293,0,0,14/12/2025 05:00,14/12/2025 06:00,11/03/2026 06:33
Nederland,ElectricityLoad,Hour,13263849,13263849,0,0,14/12/2025 06:00,14/12/2025 07:00,11/03/2026 06:33
Nederland,ElectricityLoad,Hour,14613529,14613529,0,0,14/12/2025 07:00,14/12/2025 08:00,11/03/2026 06:33
Nederland,ElectricityLoad,Hour,15907094,15907094,0,0,14/12/2025 08:00,14/12/2025 09:00,11/03/2026 06:33
Nederland,ElectricityLoad,Hour,17376530,17376530,0,0,14/12/2025 09:00,14/12/2025 10:00,11/03/2026 06:33
Nederland,ElectricityLoad,Hour,19024532,19024532,0,0,14/12/2025 10:00,14/12/2025 11:00,11/03/2026 06:33
Nederland,ElectricityLoad,Hour,19765486,19765486,0,0,14/12/2025 11:00,14/12/2025 12:00,11/03/2026 06:33
Nederland,ElectricityLoad,Hour,19113693,19113693,0,0,14/12/2025 12:00,14/12/2025 13:00,11/03/2026 06:33
Nederland,ElectricityLoad,Hour,17888606,17888606,0,0,14/12/2025 13:00,14/12/2025 14:00,11/03/2026 06:33
Nederland,ElectricityLoad,Hour,17281471,17281471,0,0,14/12/2025 14:00,14/12/2025 15:00,11/03/2026 06:33
Nederland,ElectricityLoad,Hour,17170441,17170441,0,0,14/12/2025 15:00,14/12/2025 16:00,11/03/2026 06:33
Nederland,ElectricityLoad,Hour,17029807,17029807,0,0,14/12/2025 16:00,14/12/2025 17:00,11/03/2026 06:33
Nederland,ElectricityLoad,Hour,16633666,16633666,0,0,14/12/2025 17:00,14/12/2025 18:00,11/03/2026 06:33
Nederland,ElectricityLoad,Hour,15904197,15904197,0,0,14/12/2025 18:00,14/12/2025 19:00,11/03/2026 06:33
Nederland,ElectricityLoad,Hour,15116683,15116683,0,0,14/12/2025 19:00,14/12/2025 20:00,11/03/2026 06:33
Nederland,ElectricityLoad,Hour,14283976,14283976,0,0,14/12/2025 20:00,14/12/2025 21:00,11/03/2026 06:33
Nederland,ElectricityLoad,Hour,13688104,13688104,0,0,14/12/2025 21:00,14/12/2025 22:00,11/03/2026 06:33
Nederland,ElectricityLoad,Hour,13196090,13196090,0,0,14/12/2025 22:00,14/12/2025 23:00,11/03/2026 06:33
Nederland,ElectricityLoad,Hour,12782105,12782105,0,0,14/12/2025 23:00,15/12/2025 00:00,11/03/2026 06:33
Nederland,ElectricityLoad,Hour,12698757,12698757,0,0,15/12/2025 00:00,15/12/2025 01:00,11/03/2026 06:33
Nederland,ElectricityLoad,Hour,10806718,10806718,0,0,15/12/2025 01:00,15/12/2025 02:00,11/03/2026 06:33
Nederland,ElectricityLoad,Hour,12113619,12113619,0,0,15/12/2025 02:00,15/12/2025 03:00,11/03/2026 06:33
Nederland,ElectricityLoad,Hour,12470356,12470356,0,0,15/12/2025 03:00,15/12/2025 04:00,11/03/2026 06:33
Nederland,ElectricityLoad,Hour,13258368,13258368,0,0,15/12/2025 04:00,15/12/2025 05:00,11/03/2026 06:33
Nederland,ElectricityLoad,Hour,14945938,14945938,0,0,15/12/2025 05:00,15/12/2025 06:00,11/03/2026 06:33
Nederland,ElectricityLoad,Hour,17305756,17305756,0,0,15/12/2025 06:00,15/12/2025 07:00,11/03/2026 06:33
Nederland,ElectricityLoad,Hour,19184691,19184691,0,0,15/12/2025 07:00,15/12/2025 08:00,11/03/2026 06:33
Nederland,ElectricityLoad,Hour,20065155,20065155,0,0,15/12/2025 08:00,15/12/2025 09:00,11/03/2026 06:33
Nederland,ElectricityLoad,Hour,21606814,21606814,0,0,15/12/2025 09:00,15/12/2025 10:00,11/03/2026 06:33
Nederland,ElectricityLoad,Hour,22206579,22206579,0,0,15/12/2025 10:00,15/12/2025 11:00,11/03/2026 06:33
Nederland,ElectricityLoad,Hour,23029221,23029221,0,0,15/12/2025 11:00,15/12/2025 12:00,11/03/2026 06:33
Nederland,ElectricityLoad,Hour,22970269,22970269,0,0,15/12/2025 12:00,15/12/2025 13:00,11/03/2026 06:33
Nederland,ElectricityLoad,Hour,21691884,21691884,0,0,15/12/2025 13:00,15/12/2025 14:00,11/03/2026 06:33
Nederland,ElectricityLoad,Hour,20528957,20528957,0,0,15/12/2025 14:00,15/12/2025 15:00,11/03/2026 06:33
Nederland,ElectricityLoad,Hour,17933478,17933478,0,0,15/12/2025 15:00,15/12/2025 16:00,11/03/2026 06:33
Nederland,ElectricityLoad,Hour,18143607,18143607,0,0,15/12/2025 16:00,15/12/2025 17:00,11/03/2026 06:33
Nederland,ElectricityLoad,Hour,17723134,17723134,0,0,15/12/2025 17:00,15/12/2025 18:00,11/03/2026 06:33
Nederland,ElectricityLoad,Hour,17126507,17126507,0,0,15/12/2025 18:00,15/12/2025 19:00,11/03/2026 06:33
Nederland,ElectricityLoad,Hour,16265325,16265325,0,0,15/12/2025 19:00,15/12/2025 20:00,11/03/2026 06:33
Nederland,ElectricityLoad,Hour,14924818,14924818,0,0,15/12/2025 20:00,15/12/2025 21:00,11/03/2026 06:33
Nederland,ElectricityLoad,Hour,13419999,13419999,0,0,15/12/2025 21:00,15/12/2025 22:00,11/03/2026 06:33
Nederland,ElectricityLoad,Hour,11833812,11833812,0,0,15/12/2025 22:00,15/12/2025 23:00,11/03/2026 06:33
Nederland,ElectricityLoad,Hour,10755149,10755149,0,0,15/12/2025 23:00,16/12/2025 00:00,11/03/2026 06:33
Nederland,ElectricityLoad,Hour,10156016,10156016,0,0,16/12/2025 00:00,16/12/2025 01:00,11/03/2026 06:33
Nederland,ElectricityLoad,Hour,8380660,8380660,0,0,16/12/2025 01:00,16/12/2025 02:00,11/03/2026 06:33
Nederland,ElectricityLoad,Hour,10119918,10119918,0,0,16/12/2025 02:00,16/12/2025 03:00,11/03/2026 06:33
Nederland,ElectricityLoad,Hour,10088072,10088072,0,0,16/12/2025 03:00,16/12/2025 04:00,11/03/2026 06:33
Nederland,ElectricityLoad,Hour,10565724,10565724,0,0,16/12/2025 04:00,16/12/2025 05:00,11/03/2026 06:33
Nederland,ElectricityLoad,Hour,12549136,12549136,0,0,16/12/2025 05:00,16/12/2025 06:00,11/03/2026 06:33
Nederland,ElectricityLoad,Hour,15063237,15063237,0,0,16/12/2025 06:00,16/12/2025 07:00,11/03/2026 06:33
Nederland,ElectricityLoad,Hour,16705052,16705052,0,0,16/12/2025 07:00,16/12/2025 08:00,11/03/2026 06:33
Nederland,ElectricityLoad,Hour,17228115,17228115,0,0,16/12/2025 08:00,16/12/2025 09:00,11/03/2026 06:33
Nederland,ElectricityLoad,Hour,18463653,18463653,0,0,16/12/2025 09:00,16/12/2025 10:00,11/03/2026 06:33
Nederland,ElectricityLoad,Hour,18652011,18652011,0,0,16/12/2025 10:00,16/12/2025 11:00,11/03/2026 06:33
Nederland,ElectricityLoad,Hour,18788811,18788811,0,0,16/12/2025 11:00,16/12/2025 12:00,11/03/2026 06:33
Nederland,ElectricityLoad,Hour,18461997,18461997,0,0,16/12/2025 12:00,16/12/2025 13:00,11/03/2026 06:33
Nederland,ElectricityLoad,Hour,18194825,18194825,0,0,16/12/2025 13:00,16/12/2025 14:00,11/03/2026 06:33
Nederland,ElectricityLoad,Hour,17228439,17228439,0,0,16/12/2025 14:00,16/12/2025 15:00,11/03/2026 06:33
Nederland,ElectricityLoad,Hour,16782513,16782513,0,0,16/12/2025 15:00,16/12/2025 16:00,11/03/2026 06:33
Nederland,ElectricityLoad,Hour,17519186,17519186,0,0,16/12/2025 16:00,16/12/2025 17:00,11/03/2026 06:33
Nederland,ElectricityLoad,Hour,16634688,16634688,0,0,16/12/2025 17:00,16/12/2025 18:00,11/03/2026 06:33
Nederland,ElectricityLoad,Hour,15837082,15837082,0,0,16/12/2025 18:00,16/12/2025 19:00,11/03/2026 06:33
Nederland,ElectricityLoad,Hour,15032033,15032033,0,0,16/12/2025 19:00,16/12/2025 20:00,11/03/2026 06:33
Nederland,ElectricityLoad,Hour,14029125,14029125,0,0,16/12/2025 20:00,16/12/2025 21:00,11/03/2026 06:33
Nederland,ElectricityLoad,Hour,12829296,12829296,0,0,16/12/2025 21:00,16/12/2025 22:00,11/03/2026 06:33
Nederland,ElectricityLoad,Hour,11777867,11777867,0,0,16/12/2025 22:00,16/12/2025 23:00,11/03/2026 06:33
Nederland,ElectricityLoad,Hour,11071171,11071171,0,0,16/12/2025 23:00,17/12/2025 00:00,11/03/2026 06:33
Nederland,ElectricityLoad,Hour,10420682,10420682,0,0,17/12/2025 00:00,17/12/2025 01:00,11/03/2026 06:33
Nederland,ElectricityLoad,Hour,9375847,9375847,0,0,17/12/2025 01:00,17/12/2025 02:00,11/03/2026 06:33
Nederland,ElectricityLoad,Hour,10077914,10077914,0,0,17/12/2025 02:00,17/12/2025 03:00,11/03/2026 06:33
Nederland,ElectricityLoad,Hour,10196621,10196621,0,0,17/12/2025 03:00,17/12/2025 04:00,11/03/2026 06:33
Nederland,ElectricityLoad,Hour,10696631,10696631,0,0,17/12/2025 04:00,17/12/2025 05:00,11/03/2026 06:33
Nederland,ElectricityLoad,Hour,12378030,12378030,0,0,17/12/2025 05:00,17/12/2025 06:00,11/03/2026 06:33
Nederland,ElectricityLoad,Hour,14773079,14773079,0,0,17/12/2025 06:00,17/12/2025 07:00,11/03/2026 06:33
Nederland,ElectricityLoad,Hour,16355625,16355625,0,0,17/12/2025 07:00,17/12/2025 08:00,11/03/2026 06:33
Nederland,ElectricityLoad,Hour,16990137,16990137,0,0,17/12/2025 08:00,17/12/2025 09:00,11/03/2026 06:33
Nederland,ElectricityLoad,Hour,17430837,17430837,0,0,17/12/2025 09:00,17/12/2025 10:00,11/03/2026 06:33
Nederland,ElectricityLoad,Hour,17777717,17777717,0,0,17/12/2025 10:00,17/12/2025 11:00,11/03/2026 06:33
Nederland,ElectricityLoad,Hour,18093765,18093765,0,0,17/12/2025 11:00,17/12/2025 12:00,11/03/2026 06:33
Nederland,ElectricityLoad,Hour,18098255,18098255,0,0,17/12/2025 12:00,17/12/2025 13:00,11/03/2026 06:33
Nederland,ElectricityLoad,Hour,17833606,17833606,0,0,17/12/2025 13:00,17/12/2025 14:00,11/03/2026 06:33
Nederland,ElectricityLoad,Hour,17755476,17755476,0,0,17/12/2025 14:00,17/12/2025 15:00,11/03/2026 06:33
Nederland,ElectricityLoad,Hour,17605788,17605788,0,0,17/12/2025 15:00,17/12/2025 16:00,11/03/2026 06:33
Nederland,ElectricityLoad,Hour,18000311,18000311,0,0,17/12/2025 16:00,17/12/2025 17:00,11/03/2026 06:33
Nederland,ElectricityLoad,Hour,17024918,17024918,0,0,17/12/2025 17:00,17/12/2025 18:00,11/03/2026 06:33
Nederland,ElectricityLoad,Hour,16284371,16284371,0,0,17/12/2025 18:00,17/12/2025 19:00,11/03/2026 06:33
Nederland,ElectricityLoad,Hour,15582153,15582153,0,0,17/12/2025 19:00,17/12/2025 20:00,11/03/2026 06:33
Nederland,ElectricityLoad,Hour,14795425,14795425,0,0,17/12/2025 20:00,17/12/2025 21:00,11/03/2026 06:33
Nederland,ElectricityLoad,Hour,13720492,13720492,0,0,17/12/2025 21:00,17/12/2025 22:00,11/03/2026 06:33
Nederland,ElectricityLoad,Hour,13164606,13164606,0,0,17/12/2025 22:00,17/12/2025 23:00,11/03/2026 06:33
Nederland,ElectricityLoad,Hour,13047253,13047253,0,0,17/12/2025 23:00,18/12/2025 00:00,11/03/2026 06:33
Nederland,ElectricityLoad,Hour,13071876,13071876,0,0,18/12/2025 00:00,18/12/2025 01:00,11/03/2026 06:33
Nederland,ElectricityLoad,Hour,10569194,10569194,0,0,18/12/2025 01:00,18/12/2025 02:00,11/03/2026 06:33
Nederland,ElectricityLoad,Hour,13057037,13057037,0,0,18/12/2025 02:00,18/12/2025 03:00,11/03/2026 06:33
Nederland,ElectricityLoad,Hour,13537824,13537824,0,0,18/12/2025 03:00,18/12/2025 04:00,11/03/2026 06:33
Nederland,ElectricityLoad,Hour,14060474,14060474,0,0,18/12/2025 04:00,18/12/2025 05:00,11/03/2026 06:33
Nederland,ElectricityLoad,Hour,15698544,15698544,0,0,18/12/2025 05:00,18/12/2025 06:00,11/03/2026 06:33
Nederland,ElectricityLoad,Hour,18145880,18145880,0,0,18/12/2025 06:00,18/12/2025 07:00,11/03/2026 06:33
Nederland,ElectricityLoad,Hour,19658849,19658849,0,0,18/12/2025 07:00,18/12/2025 08:00,11/03/2026 06:33
Nederland,ElectricityLoad,Hour,20188651,20188651,0,0,18/12/2025 08:00,18/12/2025 09:00,11/03/2026 06:33
Nederland,ElectricityLoad,Hour,20240465,20240465,0,0,18/12/2025 09:00,18/12/2025 10:00,11/03/2026 06:33
Nederland,ElectricityLoad,Hour,20834183,20834183,0,0,18/12/2025 10:00,18/12/2025 11:00,11/03/2026 06:33
Nederland,ElectricityLoad,Hour,21400778,21400778,0,0,18/12/2025 11:00,18/12/2025 12:00,11/03/2026 06:33
Nederland,ElectricityLoad,Hour,21568084,21568084,0,0,18/12/2025 12:00,18/12/2025 13:00,11/03/2026 06:33
Nederland,ElectricityLoad,Hour,19982838,19982838,0,0,18/12/2025 13:00,18/12/2025 14:00,11/03/2026 06:33
Nederland,ElectricityLoad,Hour,18838320,18838320,0,0,18/12/2025 14:00,18/12/2025 15:00,11/03/2026 06:33
Nederland,ElectricityLoad,Hour,18721574,18721574,0,0,18/12/2025 15:00,18/12/2025 16:00,11/03/2026 06:33
Nederland,ElectricityLoad,Hour,19868140,19868140,0,0,18/12/2025 16:00,18/12/2025 17:00,11/03/2026 06:33
Nederland,ElectricityLoad,Hour,19451403,19451403,0,0,18/12/2025 17:00,18/12/2025 18:00,11/03/2026 06:33
Nederland,ElectricityLoad,Hour,18811564,18811564,0,0,18/12/2025 18:00,18/12/2025 19:00,11/03/2026 06:33
Nederland,ElectricityLoad,Hour,17829508,17829508,0,0,18/12/2025 19:00,18/12/2025 20:00,11/03/2026 06:33
Nederland,ElectricityLoad,Hour,16919581,16919581,0,0,18/12/2025 20:00,18/12/2025 21:00,11/03/2026 06:33
Nederland,ElectricityLoad,Hour,15950515,15950515,0,0,18/12/2025 21:00,18/12/2025 22:00,11/03/2026 06:33
Nederland,ElectricityLoad,Hour,15069096,15069096,0,0,18/12/2025 22:00,18/12/2025 23:00,11/03/2026 06:33
Nederland,ElectricityLoad,Hour,14555872,14555872,0,0,18/12/2025 23:00,19/12/2025 00:00,11/03/2026 06:33
Nederland,ElectricityLoad,Hour,13916144,13916144,0,0,19/12/2025 00:00,19/12/2025 01:00,11/03/2026 06:33
Nederland,ElectricityLoad,Hour,11800036,11800036,0,0,19/12/2025 01:00,19/12/2025 02:00,11/03/2026 06:33
Nederland,ElectricityLoad,Hour,13021592,13021592,0,0,19/12/2025 02:00,19/12/2025 03:00,11/03/2026 06:33
Nederland,ElectricityLoad,Hour,12592257,12592257,0,0,19/12/2025 03:00,19/12/2025 04:00,11/03/2026 06:33
Nederland,ElectricityLoad,Hour,12248585,12248585,0,0,19/12/2025 04:00,19/12/2025 05:00,11/03/2026 06:33
Nederland,ElectricityLoad,Hour,13043917,13043917,0,0,19/12/2025 05:00,19/12/2025 06:00,11/03/2026 06:33
Nederland,ElectricityLoad,Hour,15114233,15114233,0,0,19/12/2025 06:00,19/12/2025 07:00,11/03/2026 06:33
Nederland,ElectricityLoad,Hour,16435809,16435809,0,0,19/12/2025 07:00,19/12/2025 08:00,11/03/2026 06:33
Nederland,ElectricityLoad,Hour,16681789,16681789,0,0,19/12/2025 08:00,19/12/2025 09:00,11/03/2026 06:33
Nederland,ElectricityLoad,Hour,16596562,16596562,0,0,19/12/2025 09:00,19/12/2025 10:00,11/03/2026 06:33
Nederland,ElectricityLoad,Hour,17158184,17158184,0,0,19/12/2025 10:00,19/12/2025 11:00,11/03/2026 06:33
Nederland,ElectricityLoad,Hour,17871853,17871853,0,0,19/12/2025 11:00,19/12/2025 12:00,11/03/2026 06:33
Nederland,ElectricityLoad,Hour,18373894,18373894,0,0,19/12/2025 12:00,19/12/2025 13:00,11/03/2026 06:33
Nederland,ElectricityLoad,Hour,17762155,17762155,0,0,19/12/2025 13:00,19/12/2025 14:00,11/03/2026 06:33
Nederland,ElectricityLoad,Hour,17140961,17140961,0,0,19/12/2025 14:00,19/12/2025 15:00,11/03/2026 06:33
Nederland,ElectricityLoad,Hour,16240635,16240635,0,0,19/12/2025 15:00,19/12/2025 16:00,11/03/2026 06:33
Nederland,ElectricityLoad,Hour,16639285,16639285,0,0,19/12/2025 16:00,19/12/2025 17:00,11/03/2026 06:33
Nederland,ElectricityLoad,Hour,15845158,15845158,0,0,19/12/2025 17:00,19/12/2025 18:00,11/03/2026 06:33
Nederland,ElectricityLoad,Hour,14933173,14933173,0,0,19/12/2025 18:00,19/12/2025 19:00,11/03/2026 06:33
Nederland,ElectricityLoad,Hour,14169191,14169191,0,0,19/12/2025 19:00,19/12/2025 20:00,11/03/2026 06:33
Nederland,ElectricityLoad,Hour,13505693,13505693,0,0,19/12/2025 20:00,19/12/2025 21:00,11/03/2026 06:33
Nederland,ElectricityLoad,Hour,12499296,12499296,0,0,19/12/2025 21:00,19/12/2025 22:00,11/03/2026 06:33
Nederland,ElectricityLoad,Hour,11718680,11718680,0,0,19/12/2025 22:00,19/12/2025 23:00,11/03/2026 06:33
Nederland,ElectricityLoad,Hour,11080639,11080639,0,0,19/12/2025 23:00,20/12/2025 00:00,11/03/2026 06:33
Nederland,ElectricityLoad,Hour,10654486,10654486,0,0,20/12/2025 00:00,20/12/2025 01:00,11/03/2026 06:33
Nederland,ElectricityLoad,Hour,9712176,9712176,0,0,20/12/2025 01:00,20/12/2025 02:00,11/03/2026 06:33
Nederland,ElectricityLoad,Hour,10097674,10097674,0,0,20/12/2025 02:00,20/12/2025 03:00,11/03/2026 06:33
Nederland,ElectricityLoad,Hour,10040257,10040257,0,0,20/12/2025 03:00,20/12/2025 04:00,11/03/2026 06:33
Nederland,ElectricityLoad,Hour,10430133,10430133,0,0,20/12/2025 04:00,20/12/2025 05:00,11/03/2026 06:33
Nederland,ElectricityLoad,Hour,11129652,11129652,0,0,20/12/2025 05:00,20/12/2025 06:00,11/03/2026 06:33
Nederland,ElectricityLoad,Hour,12346364,12346364,0,0,20/12/2025 06:00,20/12/2025 07:00,11/03/2026 06:33
Nederland,ElectricityLoad,Hour,13797254,13797254,0,0,20/12/2025 07:00,20/12/2025 08:00,11/03/2026 06:33
Nederland,ElectricityLoad,Hour,14865606,14865606,0,0,20/12/2025 08:00,20/12/2025 09:00,11/03/2026 06:33
Nederland,ElectricityLoad,Hour,16041803,16041803,0,0,20/12/2025 09:00,20/12/2025 10:00,11/03/2026 06:33
Nederland,ElectricityLoad,Hour,17259828,17259828,0,0,20/12/2025 10:00,20/12/2025 11:00,11/03/2026 06:33
Nederland,ElectricityLoad,Hour,16931933,16931933,0,0,20/12/2025 11:00,20/12/2025 12:00,11/03/2026 06:33
Nederland,ElectricityLoad,Hour,16314290,16314290,0,0,20/12/2025 12:00,20/12/2025 13:00,11/03/2026 06:33
Nederland,ElectricityLoad,Hour,15777694,15777694,0,0,20/12/2025 13:00,20/12/2025 14:00,11/03/2026 06:33
Nederland,ElectricityLoad,Hour,15570851,15570851,0,0,20/12/2025 14:00,20/12/2025 15:00,11/03/2026 06:33
Nederland,ElectricityLoad,Hour,15594113,15594113,0,0,20/12/2025 15:00,20/12/2025 16:00,11/03/2026 06:33
Nederland,ElectricityLoad,Hour,16247914,16247914,0,0,20/12/2025 16:00,20/12/2025 17:00,11/03/2026 06:33
Nederland,ElectricityLoad,Hour,15783125,15783125,0,0,20/12/2025 17:00,20/12/2025 18:00,11/03/2026 06:33
Nederland,ElectricityLoad,Hour,15163625,15163625,0,0,20/12/2025 18:00,20/12/2025 19:00,11/03/2026 06:33
Nederland,ElectricityLoad,Hour,14187330,14187330,0,0,20/12/2025 19:00,20/12/2025 20:00,11/03/2026 06:33
Nederland,ElectricityLoad,Hour,13454421,13454421,0,0,20/12/2025 20:00,20/12/2025 21:00,11/03/2026 06:33
Nederland,ElectricityLoad,Hour,12645207,12645207,0,0,20/12/2025 21:00,20/12/2025 22:00,11/03/2026 06:33
Nederland,ElectricityLoad,Hour,11496738,11496738,0,0,20/12/2025 22:00,20/12/2025 23:00,11/03/2026 06:33
Nederland,ElectricityLoad,Hour,10931092,10931092,0,0,20/12/2025 23:00,21/12/2025 00:00,11/03/2026 06:33
Nederland,ElectricityLoad,Hour,10493669,10493669,0,0,21/12/2025 00:00,21/12/2025 01:00,11/03/2026 06:33
Nederland,ElectricityLoad,Hour,9854004,9854004,0,0,21/12/2025 01:00,21/12/2025 02:00,11/03/2026 06:33
Nederland,ElectricityLoad,Hour,9808522,9808522,0,0,21/12/2025 02:00,21/12/2025 03:00,11/03/2026 06:33
Nederland,ElectricityLoad,Hour,9487330,9487330,0,0,21/12/2025 03:00,21/12/2025 04:00,11/03/2026 06:33
Nederland,ElectricityLoad,Hour,9553979,9553979,0,0,21/12/2025 04:00,21/12/2025 05:00,11/03/2026 06:33
Nederland,ElectricityLoad,Hour,9888825,9888825,0,0,21/12/2025 05:00,21/12/2025 06:00,11/03/2026 06:33
Nederland,ElectricityLoad,Hour,10685246,10685246,0,0,21/12/2025 06:00,21/12/2025 07:00,11/03/2026 06:33
Nederland,ElectricityLoad,Hour,11885074,11885074,0,0,21/12/2025 07:00,21/12/2025 08:00,11/03/2026 06:33
Nederland,ElectricityLoad,Hour,12802566,12802566,0,0,21/12/2025 08:00,21/12/2025 09:00,11/03/2026 06:33
Nederland,ElectricityLoad,Hour,14091420,14091420,0,0,21/12/2025 09:00,21/12/2025 10:00,11/03/2026 06:33
Nederland,ElectricityLoad,Hour,15811956,15811956,0,0,21/12/2025 10:00,21/12/2025 11:00,11/03/2026 06:33
Nederland,ElectricityLoad,Hour,17164890,17164890,0,0,21/12/2025 11:00,21/12/2025 12:00,11/03/2026 06:33
Nederland,ElectricityLoad,Hour,16987270,16987270,0,0,21/12/2025 12:00,21/12/2025 13:00,11/03/2026 06:33
Nederland,ElectricityLoad,Hour,16765479,16765479,0,0,21/12/2025 13:00,21/12/2025 14:00,11/03/2026 06:33
Nederland,ElectricityLoad,Hour,15307766,15307766,0,0,21/12/2025 14:00,21/12/2025 15:00,11/03/2026 06:33
Nederland,ElectricityLoad,Hour,13903330,13903330,0,0,21/12/2025 15:00,21/12/2025 16:00,11/03/2026 06:33
Nederland,ElectricityLoad,Hour,14763409,14763409,0,0,21/12/2025 16:00,21/12/2025 17:00,11/03/2026 06:33
Nederland,ElectricityLoad,Hour,14689680,14689680,0,0,21/12/2025 17:00,21/12/2025 18:00,11/03/2026 06:33
Nederland,ElectricityLoad,Hour,14451781,14451781,0,0,21/12/2025 18:00,21/12/2025 19:00,11/03/2026 06:33
Nederland,ElectricityLoad,Hour,14203652,14203652,0,0,21/12/2025 19:00,21/12/2025 20:00,11/03/2026 06:33
Nederland,ElectricityLoad,Hour,14008897,14008897,0,0,21/12/2025 20:00,21/12/2025 21:00,11/03/2026 06:33
Nederland,ElectricityLoad,Hour,13343899,13343899,0,0,21/12/2025 21:00,21/12/2025 22:00,11/03/2026 06:33
Nederland,ElectricityLoad,Hour,12763450,12763450,0,0,21/12/2025 22:00,21/12/2025 23:00,11/03/2026 06:33
Nederland,ElectricityLoad,Hour,12582947,12582947,0,0,21/12/2025 23:00,22/12/2025 00:00,11/03/2026 06:33
Nederland,ElectricityLoad,Hour,11905207,11905207,0,0,22/12/2025 00:00,22/12/2025 01:00,11/03/2026 06:33
Nederland,ElectricityLoad,Hour,10318445,10318445,0,0,22/12/2025 01:00,22/12/2025 02:00,11/03/2026 06:33
Nederland,ElectricityLoad,Hour,11452415,11452415,0,0,22/12/2025 02:00,22/12/2025 03:00,11/03/2026 06:33
Nederland,ElectricityLoad,Hour,11114648,11114648,0,0,22/12/2025 03:00,22/12/2025 04:00,11/03/2026 06:33
Nederland,ElectricityLoad,Hour,11612794,11612794,0,0,22/12/2025 04:00,22/12/2025 05:00,11/03/2026 06:33
Nederland,ElectricityLoad,Hour,13048761,13048761,0,0,22/12/2025 05:00,22/12/2025 06:00,11/03/2026 06:33
Nederland,ElectricityLoad,Hour,14822600,14822600,0,0,22/12/2025 06:00,22/12/2025 07:00,11/03/2026 06:33
Nederland,ElectricityLoad,Hour,16580851,16580851,0,0,22/12/2025 07:00,22/12/2025 08:00,11/03/2026 06:33
Nederland,ElectricityLoad,Hour,17448922,17448922,0,0,22/12/2025 08:00,22/12/2025 09:00,11/03/2026 06:33
Nederland,ElectricityLoad,Hour,19104921,19104921,0,0,22/12/2025 09:00,22/12/2025 10:00,11/03/2026 06:33
Nederland,ElectricityLoad,Hour,19883742,19883742,0,0,22/12/2025 10:00,22/12/2025 11:00,11/03/2026 06:33
Nederland,ElectricityLoad,Hour,20282441,20282441,0,0,22/12/2025 11:00,22/12/2025 12:00,11/03/2026 06:33
Nederland,ElectricityLoad,Hour,20506435,20506435,0,0,22/12/2025 12:00,22/12/2025 13:00,11/03/2026 06:33
Nederland,ElectricityLoad,Hour,19760181,19760181,0,0,22/12/2025 13:00,22/12/2025 14:00,11/03/2026 06:33
Nederland,ElectricityLoad,Hour,18735888,18735888,0,0,22/12/2025 14:00,22/12/2025 15:00,11/03/2026 06:33
Nederland,ElectricityLoad,Hour,18443708,18443708,0,0,22/12/2025 15:00,22/12/2025 16:00,11/03/2026 06:33
Nederland,ElectricityLoad,Hour,19059502,19059502,0,0,22/12/2025 16:00,22/12/2025 17:00,11/03/2026 06:33
Nederland,ElectricityLoad,Hour,18345121,18345121,0,0,22/12/2025 17:00,22/12/2025 18:00,11/03/2026 06:33
Nederland,ElectricityLoad,Hour,17397698,17397698,0,0,22/12/2025 18:00,22/12/2025 19:00,11/03/2026 06:33
Nederland,ElectricityLoad,Hour,16577661,16577661,0,0,22/12/2025 19:00,22/12/2025 20:00,11/03/2026 06:33
Nederland,ElectricityLoad,Hour,15873519,15873519,0,0,22/12/2025 20:00,22/12/2025 21:00,11/03/2026 06:33
Nederland,ElectricityLoad,Hour,15156475,15156475,0,0,22/12/2025 21:00,22/12/2025 22:00,11/03/2026 06:33
Nederland,ElectricityLoad,Hour,14272249,14272249,0,0,22/12/2025 22:00,22/12/2025 23:00,11/03/2026 06:33
Nederland,ElectricityLoad,Hour,13630660,13630660,0,0,22/12/2025 23:00,23/12/2025 00:00,11/03/2026 06:33
Nederland,ElectricityLoad,Hour,13308079,13308079,0,0,23/12/2025 00:00,23/12/2025 01:00,11/03/2026 06:33
Nederland,ElectricityLoad,Hour,11504076,11504076,0,0,23/12/2025 01:00,23/12/2025 02:00,11/03/2026 06:33
Nederland,ElectricityLoad,Hour,13614455,13614455,0,0,23/12/2025 02:00,23/12/2025 03:00,11/03/2026 06:33
Nederland,ElectricityLoad,Hour,13415530,13415530,0,0,23/12/2025 03:00,23/12/2025 04:00,11/03/2026 06:33
Nederland,ElectricityLoad,Hour,13854102,13854102,0,0,23/12/2025 04:00,23/12/2025 05:00,11/03/2026 06:33
Nederland,ElectricityLoad,Hour,15443901,15443901,0,0,23/12/2025 05:00,23/12/2025 06:00,11/03/2026 06:33
Nederland,ElectricityLoad,Hour,17462885,17462885,0,0,23/12/2025 06:00,23/12/2025 07:00,11/03/2026 06:33
Nederland,ElectricityLoad,Hour,19007655,19007655,0,0,23/12/2025 07:00,23/12/2025 08:00,11/03/2026 06:33
Nederland,ElectricityLoad,Hour,19975948,19975948,0,0,23/12/2025 08:00,23/12/2025 09:00,11/03/2026 06:33
Nederland,ElectricityLoad,Hour,20631489,20631489,0,0,23/12/2025 09:00,23/12/2025 10:00,11/03/2026 06:33
Nederland,ElectricityLoad,Hour,21109430,21109430,0,0,23/12/2025 10:00,23/12/2025 11:00,11/03/2026 06:33
Nederland,ElectricityLoad,Hour,21272300,21272300,0,0,23/12/2025 11:00,23/12/2025 12:00,11/03/2026 06:33
Nederland,ElectricityLoad,Hour,21305454,21305454,0,0,23/12/2025 12:00,23/12/2025 13:00,11/03/2026 06:33
Nederland,ElectricityLoad,Hour,21017383,21017383,0,0,23/12/2025 13:00,23/12/2025 14:00,11/03/2026 06:33
Nederland,ElectricityLoad,Hour,20996143,20996143,0,0,23/12/2025 14:00,23/12/2025 15:00,11/03/2026 06:33
Nederland,ElectricityLoad,Hour,21142569,21142569,0,0,23/12/2025 15:00,23/12/2025 16:00,11/03/2026 06:33
Nederland,ElectricityLoad,Hour,21731400,21731400,0,0,23/12/2025 16:00,23/12/2025 17:00,11/03/2026 06:33
Nederland,ElectricityLoad,Hour,20797880,20797880,0,0,23/12/2025 17:00,23/12/2025 18:00,11/03/2026 06:33
Nederland,ElectricityLoad,Hour,19998095,19998095,0,0,23/12/2025 18:00,23/12/2025 19:00,11/03/2026 06:33
Nederland,ElectricityLoad,Hour,18821803,18821803,0,0,23/12/2025 19:00,23/12/2025 20:00,11/03/2026 06:33
Nederland,ElectricityLoad,Hour,17951821,17951821,0,0,23/12/2025 20:00,23/12/2025 21:00,11/03/2026 06:33
Nederland,ElectricityLoad,Hour,16609029,16609029,0,0,23/12/2025 21:00,23/12/2025 22:00,11/03/2026 06:33
Nederland,ElectricityLoad,Hour,15535951,15535951,0,0,23/12/2025 22:00,23/12/2025 23:00,11/03/2026 06:33
Nederland,ElectricityLoad,Hour,14353668,14353668,0,0,23/12/2025 23:00,24/12/2025 00:00,11/03/2026 06:33
Nederland,ElectricityLoad,Hour,13775719,13775719,0,0,24/12/2025 00:00,24/12/2025 01:00,11/03/2026 06:33
Nederland,ElectricityLoad,Hour,11985493,11985493,0,0,24/12/2025 01:00,24/12/2025 02:00,11/03/2026 06:33
Nederland,ElectricityLoad,Hour,13598030,13598030,0,0,24/12/2025 02:00,24/12/2025 03:00,11/03/2026 06:33
Nederland,ElectricityLoad,Hour,13635455,13635455,0,0,24/12/2025 03:00,24/12/2025 04:00,11/03/2026 06:33
Nederland,ElectricityLoad,Hour,14091782,14091782,0,0,24/12/2025 04:00,24/12/2025 05:00,11/03/2026 06:33
Nederland,ElectricityLoad,Hour,15270979,15270979,0,0,24/12/2025 05:00,24/12/2025 06:00,11/03/2026 06:33
Nederland,ElectricityLoad,Hour,17306510,17306510,0,0,24/12/2025 06:00,24/12/2025 07:00,11/03/2026 06:33
Nederland,ElectricityLoad,Hour,18927251,18927251,0,0,24/12/2025 07:00,24/12/2025 08:00,11/03/2026 06:33
Nederland,ElectricityLoad,Hour,19799547,19799547,0,0,24/12/2025 08:00,24/12/2025 09:00,11/03/2026 06:33
Nederland,ElectricityLoad,Hour,23102741,23102741,0,0,24/12/2025 09:00,24/12/2025 10:00,11/03/2026 06:33
Nederland,ElectricityLoad,Hour,26035795,26035795,0,0,24/12/2025 10:00,24/12/2025 11:00,11/03/2026 06:33
Nederland,ElectricityLoad,Hour,27033287,27033287,0,0,24/12/2025 11:00,24/12/2025 12:00,11/03/2026 06:33
Nederland,ElectricityLoad,Hour,27354193,27354193,0,0,24/12/2025 12:00,24/12/2025 13:00,11/03/2026 06:33
Nederland,ElectricityLoad,Hour,26067787,26067787,0,0,24/12/2025 13:00,24/12/2025 14:00,11/03/2026 06:33
Nederland,ElectricityLoad,Hour,24570355,24570355,0,0,24/12/2025 14:00,24/12/2025 15:00,11/03/2026 06:33
Nederland,ElectricityLoad,Hour,20574292,20574292,0,0,24/12/2025 15:00,24/12/2025 16:00,11/03/2026 06:33
Nederland,ElectricityLoad,Hour,19911903,19911903,0,0,24/12/2025 16:00,24/12/2025 17:00,11/03/2026 06:33
Nederland,ElectricityLoad,Hour,19277772,19277772,0,0,24/12/2025 17:00,24/12/2025 18:00,11/03/2026 06:33
Nederland,ElectricityLoad,Hour,18771747,18771747,0,0,24/12/2025 18:00,24/12/2025 19:00,11/03/2026 06:33
Nederland,ElectricityLoad,Hour,18118003,18118003,0,0,24/12/2025 19:00,24/12/2025 20:00,11/03/2026 06:33
Nederland,ElectricityLoad,Hour,17682971,17682971,0,0,24/12/2025 20:00,24/12/2025 21:00,11/03/2026 06:33
Nederland,ElectricityLoad,Hour,16908941,16908941,0,0,24/12/2025 21:00,24/12/2025 22:00,11/03/2026 06:33
Nederland,ElectricityLoad,Hour,16352314,16352314,0,0,24/12/2025 22:00,24/12/2025 23:00,11/03/2026 06:33
Nederland,ElectricityLoad,Hour,15714989,15714989,0,0,24/12/2025 23:00,25/12/2025 00:00,11/03/2026 06:33
Nederland,ElectricityLoad,Hour,15129662,15129662,0,0,25/12/2025 00:00,25/12/2025 01:00,11/03/2026 06:33
Nederland,ElectricityLoad,Hour,12196814,12196814,0,0,25/12/2025 01:00,25/12/2025 02:00,11/03/2026 06:33
Nederland,ElectricityLoad,Hour,14497330,14497330,0,0,25/12/2025 02:00,25/12/2025 03:00,11/03/2026 06:33
Nederland,ElectricityLoad,Hour,14654935,14654935,0,0,25/12/2025 03:00,25/12/2025 04:00,11/03/2026 06:33
Nederland,ElectricityLoad,Hour,14922444,14922444,0,0,25/12/2025 04:00,25/12/2025 05:00,11/03/2026 06:33
Nederland,ElectricityLoad,Hour,15764635,15764635,0,0,25/12/2025 05:00,25/12/2025 06:00,11/03/2026 06:33
Nederland,ElectricityLoad,Hour,16856125,16856125,0,0,25/12/2025 06:00,25/12/2025 07:00,11/03/2026 06:33
Nederland,ElectricityLoad,Hour,17937246,17937246,0,0,25/12/2025 07:00,25/12/2025 08:00,11/03/2026 06:33
Nederland,ElectricityLoad,Hour,19329142,19329142,0,0,25/12/2025 08:00,25/12/2025 09:00,11/03/2026 06:33
Nederland,ElectricityLoad,Hour,23201716,23201716,0,0,25/12/2025 09:00,25/12/2025 10:00,11/03/2026 06:33
Nederland,ElectricityLoad,Hour,26150414,26150414,0,0,25/12/2025 10:00,25/12/2025 11:00,11/03/2026 06:33
Nederland,ElectricityLoad,Hour,27098474,27098474,0,0,25/12/2025 11:00,25/12/2025 12:00,11/03/2026 06:33
Nederland,ElectricityLoad,Hour,26796780,26796780,0,0,25/12/2025 12:00,25/12/2025 13:00,11/03/2026 06:33
Nederland,ElectricityLoad,Hour,24954795,24954795,0,0,25/12/2025 13:00,25/12/2025 14:00,11/03/2026 06:33
Nederland,ElectricityLoad,Hour,23473610,23473610,0,0,25/12/2025 14:00,25/12/2025 15:00,11/03/2026 06:33
Nederland,ElectricityLoad,Hour,19370408,19370408,0,0,25/12/2025 15:00,25/12/2025 16:00,11/03/2026 06:33
Nederland,ElectricityLoad,Hour,19378073,19378073,0,0,25/12/2025 16:00,25/12/2025 17:00,11/03/2026 06:33
Nederland,ElectricityLoad,Hour,19056407,19056407,0,0,25/12/2025 17:00,25/12/2025 18:00,11/03/2026 06:33
Nederland,ElectricityLoad,Hour,18349599,18349599,0,0,25/12/2025 18:00,25/12/2025 19:00,11/03/2026 06:33
Nederland,ElectricityLoad,Hour,17971123,17971123,0,0,25/12/2025 19:00,25/12/2025 20:00,11/03/2026 06:33
Nederland,ElectricityLoad,Hour,17275498,17275498,0,0,25/12/2025 20:00,25/12/2025 21:00,11/03/2026 06:33
Nederland,ElectricityLoad,Hour,16297808,16297808,0,0,25/12/2025 21:00,25/12/2025 22:00,11/03/2026 06:33
Nederland,ElectricityLoad,Hour,15102020,15102020,0,0,25/12/2025 22:00,25/12/2025 23:00,11/03/2026 06:33
Nederland,ElectricityLoad,Hour,14446931,14446931,0,0,25/12/2025 23:00,26/12/2025 00:00,11/03/2026 06:33
Nederland,ElectricityLoad,Hour,13467093,13467093,0,0,26/12/2025 00:00,26/12/2025 01:00,11/03/2026 06:33
Nederland,ElectricityLoad,Hour,12199024,12199024,0,0,26/12/2025 01:00,26/12/2025 02:00,11/03/2026 06:33
Nederland,ElectricityLoad,Hour,12813012,12813012,0,0,26/12/2025 02:00,26/12/2025 03:00,11/03/2026 06:33
Nederland,ElectricityLoad,Hour,12550688,12550688,0,0,26/12/2025 03:00,26/12/2025 04:00,11/03/2026 06:33
Nederland,ElectricityLoad,Hour,13498975,13498975,0,0,26/12/2025 04:00,26/12/2025 05:00,11/03/2026 06:33
Nederland,ElectricityLoad,Hour,14355150,14355150,0,0,26/12/2025 05:00,26/12/2025 06:00,11/03/2026 06:33
Nederland,ElectricityLoad,Hour,15302658,15302658,0,0,26/12/2025 06:00,26/12/2025 07:00,11/03/2026 06:33
Nederland,ElectricityLoad,Hour,16436708,16436708,0,0,26/12/2025 07:00,26/12/2025 08:00,11/03/2026 06:33
Nederland,ElectricityLoad,Hour,16526047,16526047,0,0,26/12/2025 08:00,26/12/2025 09:00,11/03/2026 06:33
Nederland,ElectricityLoad,Hour,20190601,20190601,0,0,26/12/2025 09:00,26/12/2025 10:00,11/03/2026 06:33
Nederland,ElectricityLoad,Hour,23868452,23868452,0,0,26/12/2025 10:00,26/12/2025 11:00,11/03/2026 06:33
Nederland,ElectricityLoad,Hour,25098143,25098143,0,0,26/12/2025 11:00,26/12/2025 12:00,11/03/2026 06:33
Nederland,ElectricityLoad,Hour,24820529,24820529,0,0,26/12/2025 12:00,26/12/2025 13:00,11/03/2026 06:33
Nederland,ElectricityLoad,Hour,23127293,23127293,0,0,26/12/2025 13:00,26/12/2025 14:00,11/03/2026 06:33
Nederland,ElectricityLoad,Hour,20621493,20621493,0,0,26/12/2025 14:00,26/12/2025 15:00,11/03/2026 06:33
Nederland,ElectricityLoad,Hour,16649583,16649583,0,0,26/12/2025 15:00,26/12/2025 16:00,11/03/2026 06:33
Nederland,ElectricityLoad,Hour,16793673,16793673,0,0,26/12/2025 16:00,26/12/2025 17:00,11/03/2026 06:33
Nederland,ElectricityLoad,Hour,16193496,16193496,0,0,26/12/2025 17:00,26/12/2025 18:00,11/03/2026 06:33
Nederland,ElectricityLoad,Hour,15611320,15611320,0,0,26/12/2025 18:00,26/12/2025 19:00,11/03/2026 06:33
Nederland,ElectricityLoad,Hour,15030355,15030355,0,0,26/12/2025 19:00,26/12/2025 20:00,11/03/2026 06:33
Nederland,ElectricityLoad,Hour,14539210,14539210,0,0,26/12/2025 20:00,26/12/2025 21:00,11/03/2026 06:33
Nederland,ElectricityLoad,Hour,13787462,13787462,0,0,26/12/2025 21:00,26/12/2025 22:00,11/03/2026 06:33
Nederland,ElectricityLoad,Hour,12842498,12842498,0,0,26/12/2025 22:00,26/12/2025 23:00,11/03/2026 06:33
Nederland,ElectricityLoad,Hour,12440136,12440136,0,0,26/12/2025 23:00,27/12/2025 00:00,11/03/2026 06:33
Nederland,ElectricityLoad,Hour,12084154,12084154,0,0,27/12/2025 00:00,27/12/2025 01:00,11/03/2026 06:33
Nederland,ElectricityLoad,Hour,10638296,10638296,0,0,27/12/2025 01:00,27/12/2025 02:00,11/03/2026 06:33
Nederland,ElectricityLoad,Hour,11281651,11281651,0,0,27/12/2025 02:00,27/12/2025 03:00,11/03/2026 06:33
Nederland,ElectricityLoad,Hour,11490584,11490584,0,0,27/12/2025 03:00,27/12/2025 04:00,11/03/2026 06:33
Nederland,ElectricityLoad,Hour,11813880,11813880,0,0,27/12/2025 04:00,27/12/2025 05:00,11/03/2026 06:33
Nederland,ElectricityLoad,Hour,12729904,12729904,0,0,27/12/2025 05:00,27/12/2025 06:00,11/03/2026 06:33
Nederland,ElectricityLoad,Hour,13345860,13345860,0,0,27/12/2025 06:00,27/12/2025 07:00,11/03/2026 06:33
Nederland,ElectricityLoad,Hour,14753562,14753562,0,0,27/12/2025 07:00,27/12/2025 08:00,11/03/2026 06:33
Nederland,ElectricityLoad,Hour,16112602,16112602,0,0,27/12/2025 08:00,27/12/2025 09:00,11/03/2026 06:33
Nederland,ElectricityLoad,Hour,17581879,17581879,0,0,27/12/2025 09:00,27/12/2025 10:00,11/03/2026 06:33
Nederland,ElectricityLoad,Hour,18254049,18254049,0,0,27/12/2025 10:00,27/12/2025 11:00,11/03/2026 06:33
Nederland,ElectricityLoad,Hour,18649265,18649265,0,0,27/12/2025 11:00,27/12/2025 12:00,11/03/2026 06:33
Nederland,ElectricityLoad,Hour,18225793,18225793,0,0,27/12/2025 12:00,27/12/2025 13:00,11/03/2026 06:33
Nederland,ElectricityLoad,Hour,17718822,17718822,0,0,27/12/2025 13:00,27/12/2025 14:00,11/03/2026 06:33
Nederland,ElectricityLoad,Hour,16935193,16935193,0,0,27/12/2025 14:00,27/12/2025 15:00,11/03/2026 06:33
Nederland,ElectricityLoad,Hour,16706370,16706370,0,0,27/12/2025 15:00,27/12/2025 16:00,11/03/2026 06:33
Nederland,ElectricityLoad,Hour,16964488,16964488,0,0,27/12/2025 16:00,27/12/2025 17:00,11/03/2026 06:33
Nederland,ElectricityLoad,Hour,16131054,16131054,0,0,27/12/2025 17:00,27/12/2025 18:00,11/03/2026 06:33
Nederland,ElectricityLoad,Hour,15272113,15272113,0,0,27/12/2025 18:00,27/12/2025 19:00,11/03/2026 06:33
Nederland,ElectricityLoad,Hour,14428380,14428380,0,0,27/12/2025 19:00,27/12/2025 20:00,11/03/2026 06:33
Nederland,ElectricityLoad,Hour,13453063,13453063,0,0,27/12/2025 20:00,27/12/2025 21:00,11/03/2026 06:33
Nederland,ElectricityLoad,Hour,12501996,12501996,0,0,27/12/2025 21:00,27/12/2025 22:00,11/03/2026 06:33
Nederland,ElectricityLoad,Hour,11420168,11420168,0,0,27/12/2025 22:00,27/12/2025 23:00,11/03/2026 06:33
Nederland,ElectricityLoad,Hour,10792708,10792708,0,0,27/12/2025 23:00,28/12/2025 00:00,11/03/2026 06:33
Nederland,ElectricityLoad,Hour,10156927,10156927,0,0,28/12/2025 00:00,28/12/2025 01:00,11/03/2026 06:33
Nederland,ElectricityLoad,Hour,9001886,9001886,0,0,28/12/2025 01:00,28/12/2025 02:00,11/03/2026 06:33
Nederland,ElectricityLoad,Hour,9759022,9759022,0,0,28/12/2025 02:00,28/12/2025 03:00,11/03/2026 06:33
Nederland,ElectricityLoad,Hour,9692307,9692307,0,0,28/12/2025 03:00,28/12/2025 04:00,11/03/2026 06:33
Nederland,ElectricityLoad,Hour,9906951,9906951,0,0,28/12/2025 04:00,28/12/2025 05:00,11/03/2026 06:33
Nederland,ElectricityLoad,Hour,10518863,10518863,0,0,28/12/2025 05:00,28/12/2025 06:00,11/03/2026 06:33
Nederland,ElectricityLoad,Hour,11469838,11469838,0,0,28/12/2025 06:00,28/12/2025 07:00,11/03/2026 06:33
Nederland,ElectricityLoad,Hour,12728005,12728005,0,0,28/12/2025 07:00,28/12/2025 08:00,11/03/2026 06:33
Nederland,ElectricityLoad,Hour,13980742,13980742,0,0,28/12/2025 08:00,28/12/2025 09:00,11/03/2026 06:33
Nederland,ElectricityLoad,Hour,16839122,16839122,0,0,28/12/2025 09:00,28/12/2025 10:00,11/03/2026 06:33
Nederland,ElectricityLoad,Hour,19015367,19015367,0,0,28/12/2025 10:00,28/12/2025 11:00,11/03/2026 06:33
Nederland,ElectricityLoad,Hour,20141363,20141363,0,0,28/12/2025 11:00,28/12/2025 12:00,11/03/2026 06:33
Nederland,ElectricityLoad,Hour,20119970,20119970,0,0,28/12/2025 12:00,28/12/2025 13:00,11/03/2026 06:33
Nederland,ElectricityLoad,Hour,19092245,19092245,0,0,28/12/2025 13:00,28/12/2025 14:00,11/03/2026 06:33
Nederland,ElectricityLoad,Hour,17796656,17796656,0,0,28/12/2025 14:00,28/12/2025 15:00,11/03/2026 06:33
Nederland,ElectricityLoad,Hour,15491626,15491626,0,0,28/12/2025 15:00,28/12/2025 16:00,11/03/2026 06:33
Nederland,ElectricityLoad,Hour,16226179,16226179,0,0,28/12/2025 16:00,28/12/2025 17:00,11/03/2026 06:33
Nederland,ElectricityLoad,Hour,15950100,15950100,0,0,28/12/2025 17:00,28/12/2025 18:00,11/03/2026 06:33
Nederland,ElectricityLoad,Hour,15489865,15489865,0,0,28/12/2025 18:00,28/12/2025 19:00,11/03/2026 06:33
Nederland,ElectricityLoad,Hour,14925686,14925686,0,0,28/12/2025 19:00,28/12/2025 20:00,11/03/2026 06:33
Nederland,ElectricityLoad,Hour,14236082,14236082,0,0,28/12/2025 20:00,28/12/2025 21:00,11/03/2026 06:33
Nederland,ElectricityLoad,Hour,13323803,13323803,0,0,28/12/2025 21:00,28/12/2025 22:00,11/03/2026 06:33
Nederland,ElectricityLoad,Hour,12199741,12199741,0,0,28/12/2025 22:00,28/12/2025 23:00,11/03/2026 06:33
Nederland,ElectricityLoad,Hour,11500789,11500789,0,0,28/12/2025 23:00,29/12/2025 00:00,11/03/2026 06:33
Nederland,ElectricityLoad,Hour,11012201,11012201,0,0,29/12/2025 00:00,29/12/2025 01:00,11/03/2026 06:33
Nederland,ElectricityLoad,Hour,10066228,10066228,0,0,29/12/2025 01:00,29/12/2025 02:00,11/03/2026 06:33
Nederland,ElectricityLoad,Hour,10762220,10762220,0,0,29/12/2025 02:00,29/12/2025 03:00,11/03/2026 06:33
Nederland,ElectricityLoad,Hour,10688446,10688446,0,0,29/12/2025 03:00,29/12/2025 04:00,11/03/2026 06:33
Nederland,ElectricityLoad,Hour,11112257,11112257,0,0,29/12/2025 04:00,29/12/2025 05:00,11/03/2026 06:33
Nederland,ElectricityLoad,Hour,12311524,12311524,0,0,29/12/2025 05:00,29/12/2025 06:00,11/03/2026 06:33
Nederland,ElectricityLoad,Hour,14007487,14007487,0,0,29/12/2025 06:00,29/12/2025 07:00,11/03/2026 06:33
Nederland,ElectricityLoad,Hour,15555985,15555985,0,0,29/12/2025 07:00,29/12/2025 08:00,11/03/2026 06:33
Nederland,ElectricityLoad,Hour,16621844,16621844,0,0,29/12/2025 08:00,29/12/2025 09:00,11/03/2026 06:33
Nederland,ElectricityLoad,Hour,17242261,17242261,0,0,29/12/2025 09:00,29/12/2025 10:00,11/03/2026 06:33
Nederland,ElectricityLoad,Hour,17755629,17755629,0,0,29/12/2025 10:00,29/12/2025 11:00,11/03/2026 06:33
Nederland,ElectricityLoad,Hour,18032129,18032129,0,0,29/12/2025 11:00,29/12/2025 12:00,11/03/2026 06:33
Nederland,ElectricityLoad,Hour,18129724,18129724,0,0,29/12/2025 12:00,29/12/2025 13:00,11/03/2026 06:33
Nederland,ElectricityLoad,Hour,18039859,18039859,0,0,29/12/2025 13:00,29/12/2025 14:00,11/03/2026 06:33
Nederland,ElectricityLoad,Hour,17422079,17422079,0,0,29/12/2025 14:00,29/12/2025 15:00,11/03/2026 06:33
Nederland,ElectricityLoad,Hour,17432271,17432271,0,0,29/12/2025 15:00,29/12/2025 16:00,11/03/2026 06:33
Nederland,ElectricityLoad,Hour,18025788,18025788,0,0,29/12/2025 16:00,29/12/2025 17:00,11/03/2026 06:33
Nederland,ElectricityLoad,Hour,16953530,16953530,0,0,29/12/2025 17:00,29/12/2025 18:00,11/03/2026 06:33
Nederland,ElectricityLoad,Hour,16192837,16192837,0,0,29/12/2025 18:00,29/12/2025 19:00,11/03/2026 06:33
Nederland,ElectricityLoad,Hour,15219816,15219816,0,0,29/12/2025 19:00,29/12/2025 20:00,11/03/2026 06:33
Nederland,ElectricityLoad,Hour,14391638,14391638,0,0,29/12/2025 20:00,29/12/2025 21:00,11/03/2026 06:33
Nederland,ElectricityLoad,Hour,12916056,12916056,0,0,29/12/2025 21:00,29/12/2025 22:00,11/03/2026 06:33
Nederland,ElectricityLoad,Hour,12106153,12106153,0,0,29/12/2025 22:00,29/12/2025 23:00,11/03/2026 06:33
Nederland,ElectricityLoad,Hour,11316156,11316156,0,0,29/12/2025 23:00,30/12/2025 00:00,11/03/2026 06:33
Nederland,ElectricityLoad,Hour,10796410,10796410,0,0,30/12/2025 00:00,30/12/2025 01:00,11/03/2026 06:33
Nederland,ElectricityLoad,Hour,8637413,8637413,0,0,30/12/2025 01:00,30/12/2025 02:00,11/03/2026 06:33
Nederland,ElectricityLoad,Hour,10621658,10621658,0,0,30/12/2025 02:00,30/12/2025 03:00,11/03/2026 06:33
Nederland,ElectricityLoad,Hour,10385819,10385819,0,0,30/12/2025 03:00,30/12/2025 04:00,11/03/2026 06:33
Nederland,ElectricityLoad,Hour,10784950,10784950,0,0,30/12/2025 04:00,30/12/2025 05:00,11/03/2026 06:33
Nederland,ElectricityLoad,Hour,12211211,12211211,0,0,30/12/2025 05:00,30/12/2025 06:00,11/03/2026 06:33
Nederland,ElectricityLoad,Hour,13867700,13867700,0,0,30/12/2025 06:00,30/12/2025 07:00,11/03/2026 06:33
Nederland,ElectricityLoad,Hour,15439906,15439906,0,0,30/12/2025 07:00,30/12/2025 08:00,11/03/2026 06:33
Nederland,ElectricityLoad,Hour,16560535,16560535,0,0,30/12/2025 08:00,30/12/2025 09:00,11/03/2026 06:33
Nederland,ElectricityLoad,Hour,19547921,19547921,0,0,30/12/2025 09:00,30/12/2025 10:00,11/03/2026 06:33
Nederland,ElectricityLoad,Hour,20567703,20567703,0,0,30/12/2025 10:00,30/12/2025 11:00,11/03/2026 06:33
Nederland,ElectricityLoad,Hour,21355362,21355362,0,0,30/12/2025 11:00,30/12/2025 12:00,11/03/2026 06:33
Nederland,ElectricityLoad,Hour,21313538,21313538,0,0,30/12/2025 12:00,30/12/2025 13:00,11/03/2026 06:33
Nederland,ElectricityLoad,Hour,20179350,20179350,0,0,30/12/2025 13:00,30/12/2025 14:00,11/03/2026 06:33
Nederland,ElectricityLoad,Hour,19425033,19425033,0,0,30/12/2025 14:00,30/12/2025 15:00,11/03/2026 06:33
Nederland,ElectricityLoad,Hour,16880561,16880561,0,0,30/12/2025 15:00,30/12/2025 16:00,11/03/2026 06:33
Nederland,ElectricityLoad,Hour,17803870,17803870,0,0,30/12/2025 16:00,30/12/2025 17:00,11/03/2026 06:33
Nederland,ElectricityLoad,Hour,16990438,16990438,0,0,30/12/2025 17:00,30/12/2025 18:00,11/03/2026 06:33
Nederland,ElectricityLoad,Hour,16260274,16260274,0,0,30/12/2025 18:00,30/12/2025 19:00,11/03/2026 06:33
Nederland,ElectricityLoad,Hour,15713075,15713075,0,0,30/12/2025 19:00,30/12/2025 20:00,11/03/2026 06:33
Nederland,ElectricityLoad,Hour,14644844,14644844,0,0,30/12/2025 20:00,30/12/2025 21:00,11/03/2026 06:33
Nederland,ElectricityLoad,Hour,13562017,13562017,0,0,30/12/2025 21:00,30/12/2025 22:00,11/03/2026 06:33
Nederland,ElectricityLoad,Hour,12480379,12480379,0,0,30/12/2025 22:00,30/12/2025 23:00,11/03/2026 06:33
Nederland,ElectricityLoad,Hour,11698248,11698248,0,0,30/12/2025 23:00,31/12/2025 00:00,11/03/2026 06:33
Nederland,ElectricityLoad,Hour,11104361,11104361,0,0,31/12/2025 00:00,31/12/2025 01:00,11/03/2026 06:33
Nederland,ElectricityLoad,Hour,9989185,9989185,0,0,31/12/2025 01:00,31/12/2025 02:00,11/03/2026 06:33
Nederland,ElectricityLoad,Hour,10927268,10927268,0,0,31/12/2025 02:00,31/12/2025 03:00,11/03/2026 06:33
Nederland,ElectricityLoad,Hour,10963109,10963109,0,0,31/12/2025 03:00,31/12/2025 04:00,11/03/2026 06:33
Nederland,ElectricityLoad,Hour,11450148,11450148,0,0,31/12/2025 04:00,31/12/2025 05:00,11/03/2026 06:33
Nederland,ElectricityLoad,Hour,12580376,12580376,0,0,31/12/2025 05:00,31/12/2025 06:00,11/03/2026 06:33
Nederland,ElectricityLoad,Hour,14071127,14071127,0,0,31/12/2025 06:00,31/12/2025 07:00,11/03/2026 06:33
Nederland,ElectricityLoad,Hour,15688401,15688401,0,0,31/12/2025 07:00,31/12/2025 08:00,11/03/2026 06:33
Nederland,ElectricityLoad,Hour,16865433,16865433,0,0,31/12/2025 08:00,31/12/2025 09:00,11/03/2026 06:33
Nederland,ElectricityLoad,Hour,19159003,19159003,0,0,31/12/2025 09:00,31/12/2025 10:00,11/03/2026 06:33
Nederland,ElectricityLoad,Hour,20766523,20766523,0,0,31/12/2025 10:00,31/12/2025 11:00,11/03/2026 06:33
Nederland,ElectricityLoad,Hour,21460799,21460799,0,0,31/12/2025 11:00,31/12/2025 12:00,11/03/2026 06:33
Nederland,ElectricityLoad,Hour,21360795,21360795,0,0,31/12/2025 12:00,31/12/2025 13:00,11/03/2026 06:33
Nederland,ElectricityLoad,Hour,20320984,20320984,0,0,31/12/2025 13:00,31/12/2025 14:00,11/03/2026 06:33
Nederland,ElectricityLoad,Hour,19294320,19294320,0,0,31/12/2025 14:00,31/12/2025 15:00,11/03/2026 06:33
Nederland,ElectricityLoad,Hour,18276485,18276485,0,0,31/12/2025 15:00,31/12/2025 16:00,11/03/2026 06:33
Nederland,ElectricityLoad,Hour,17811889,17811889,0,0,31/12/2025 16:00,31/12/2025 17:00,11/03/2026 06:33
Nederland,ElectricityLoad,Hour,16731442,16731442,0,0,31/12/2025 17:00,31/12/2025 18:00,11/03/2026 06:33
Nederland,ElectricityLoad,Hour,15771250,15771250,0,0,31/12/2025 18:00,31/12/2025 19:00,11/03/2026 06:33
Nederland,ElectricityLoad,Hour,14756503,14756503,0,0,31/12/2025 19:00,31/12/2025 20:00,11/03/2026 06:33
Nederland,ElectricityLoad,Hour,14275493,14275493,0,0,31/12/2025 20:00,31/12/2025 21:00,11/03/2026 06:33
Nederland,ElectricityLoad,Hour,13899391,13899391,0,0,31/12/2025 21:00,31/12/2025 22:00,11/03/2026 06:33
Nederland,ElectricityLoad,Hour,13280210,13280210,0,0,31/12/2025 22:00,31/12/2025 23:00,11/03/2026 06:33
