point,type,granularity,"capacity (kW)","volume (kWh)","emission (kg CO2)","emissionfactor (kg CO2/kWh)","validfrom (UTC)","validto (UTC)","lastupdate (UTC)"
Nederland,WindOffshore,Hour,4158000,4158000,0,0,"2024-12-31 23:00:00","2025-01-01 00:00:00","2025-05-02 06:28:19"
Nederland,WindOffshore,Hour,4158000,4158000,0,0,"2025-01-01 00:00:00","2025-01-01 01:00:00","2025-05-03 06:28:24"
Nederland,WindOffshore,Hour,4158000,4158000,0,0,"2025-01-01 01:00:00","2025-01-01 02:00:00","2025-05-03 06:28:24"
Nederland,WindOffshore,Hour,3930300,3930300,0,0,"2025-01-01 02:00:00","2025-01-01 03:00:00","2025-05-03 06:28:24"
Nederland,WindOffshore,Hour,3474900,3474900,0,0,"2025-01-01 03:00:00","2025-01-01 04:00:00","2025-05-03 06:28:24"
Nederland,WindOffshore,Hour,3416850,3416850,0,0,"2025-01-01 04:00:00","2025-01-01 05:00:00","2025-05-03 06:28:24"
Nederland,WindOffshore,Hour,4158000,4158000,0,0,"2025-01-01 05:00:00","2025-01-01 06:00:00","2025-05-03 06:28:24"
Nederland,WindOffshore,Hour,3816450,3816450,0,0,"2025-01-01 06:00:00","2025-01-01 07:00:00","2025-05-03 06:28:24"
Nederland,WindOffshore,Hour,3474900,3474900,0,0,"2025-01-01 07:00:00","2025-01-01 08:00:00","2025-05-03 06:28:24"
Nederland,WindOffshore,Hour,3474900,3474900,0,0,"2025-01-01 08:00:00","2025-01-01 09:00:00","2025-05-03 06:28:24"
Nederland,WindOffshore,Hour,3474900,3474900,0,0,"2025-01-01 09:00:00","2025-01-01 10:00:00","2025-05-03 06:28:24"
Nederland,WindOffshore,Hour,3276000,3276000,0,0,"2025-01-01 10:00:00","2025-01-01 11:00:00","2025-05-03 06:28:24"
Nederland,WindOffshore,Hour,3240000,3240000,0,0,"2025-01-01 11:00:00","2025-01-01 12:00:00","2025-05-03 06:28:24"
Nederland,WindOffshore,Hour,3310200,3310200,0,0,"2025-01-01 12:00:00","2025-01-01 13:00:00","2025-05-03 06:28:24"
Nederland,WindOffshore,Hour,3709800,3709800,0,0,"2025-01-01 13:00:00","2025-01-01 14:00:00","2025-05-03 06:28:24"
Nederland,WindOffshore,Hour,3813909,3813909,0,0,"2025-01-01 14:00:00","2025-01-01 15:00:00","2025-05-03 06:28:24"
Nederland,WindOffshore,Hour,4091776,4091776,0,0,"2025-01-01 15:00:00","2025-01-01 16:00:00","2025-05-03 06:28:24"
Nederland,WindOffshore,Hour,4092114,4092114,0,0,"2025-01-01 16:00:00","2025-01-01 17:00:00","2025-05-03 06:28:24"
Nederland,WindOffshore,Hour,4124295,4124295,0,0,"2025-01-01 17:00:00","2025-01-01 18:00:00","2025-05-03 06:28:24"
Nederland,WindOffshore,Hour,4021390,4021390,0,0,"2025-01-01 18:00:00","2025-01-01 19:00:00","2025-05-03 06:28:24"
Nederland,WindOffshore,Hour,4086760,4086760,0,0,"2025-01-01 19:00:00","2025-01-01 20:00:00","2025-05-03 06:28:24"
Nederland,WindOffshore,Hour,4128129,4128129,0,0,"2025-01-01 20:00:00","2025-01-01 21:00:00","2025-05-03 06:28:24"
Nederland,WindOffshore,Hour,3864645,3864645,0,0,"2025-01-01 21:00:00","2025-01-01 22:00:00","2025-05-03 06:28:24"
Nederland,WindOffshore,Hour,3225989,3225989,0,0,"2025-01-01 22:00:00","2025-01-01 23:00:00","2025-05-03 06:28:24"
Nederland,WindOffshore,Hour,2697479,2697479,0,0,"2025-01-01 23:00:00","2025-01-02 00:00:00","2025-05-03 06:28:24"
Nederland,WindOffshore,Hour,2112182,2112182,0,0,"2025-01-02 00:00:00","2025-01-02 01:00:00","2025-05-04 06:28:41"
Nederland,WindOffshore,Hour,1642805,1642805,0,0,"2025-01-02 01:00:00","2025-01-02 02:00:00","2025-05-04 06:28:41"
Nederland,WindOffshore,Hour,1402407,1402407,0,0,"2025-01-02 02:00:00","2025-01-02 03:00:00","2025-05-04 06:28:41"
Nederland,WindOffshore,Hour,1424156,1424156,0,0,"2025-01-02 03:00:00","2025-01-02 04:00:00","2025-05-04 06:28:41"
Nederland,WindOffshore,Hour,1438036,1438036,0,0,"2025-01-02 04:00:00","2025-01-02 05:00:00","2025-05-04 06:28:41"
Nederland,WindOffshore,Hour,1742631,1742631,0,0,"2025-01-02 05:00:00","2025-01-02 06:00:00","2025-05-04 06:28:41"
Nederland,WindOffshore,Hour,1635310,1635310,0,0,"2025-01-02 06:00:00","2025-01-02 07:00:00","2025-05-04 06:28:41"
Nederland,WindOffshore,Hour,960766,960766,0,0,"2025-01-02 07:00:00","2025-01-02 08:00:00","2025-05-04 06:28:41"
Nederland,WindOffshore,Hour,704524,704524,0,0,"2025-01-02 08:00:00","2025-01-02 09:00:00","2025-05-04 06:28:41"
Nederland,WindOffshore,Hour,735858,735858,0,0,"2025-01-02 09:00:00","2025-01-02 10:00:00","2025-05-04 06:28:41"
Nederland,WindOffshore,Hour,1576614,1576614,0,0,"2025-01-02 10:00:00","2025-01-02 11:00:00","2025-05-04 06:28:41"
Nederland,WindOffshore,Hour,1648124,1648124,0,0,"2025-01-02 11:00:00","2025-01-02 12:00:00","2025-05-04 06:28:41"
Nederland,WindOffshore,Hour,1987632,1987632,0,0,"2025-01-02 12:00:00","2025-01-02 13:00:00","2025-05-04 06:28:41"
Nederland,WindOffshore,Hour,2201377,2201377,0,0,"2025-01-02 13:00:00","2025-01-02 14:00:00","2025-05-04 06:28:41"
Nederland,WindOffshore,Hour,2399989,2399989,0,0,"2025-01-02 14:00:00","2025-01-02 15:00:00","2025-05-04 06:28:41"
Nederland,WindOffshore,Hour,2608803,2608803,0,0,"2025-01-02 15:00:00","2025-01-02 16:00:00","2025-05-04 06:28:41"
Nederland,WindOffshore,Hour,2624250,2624250,0,0,"2025-01-02 16:00:00","2025-01-02 17:00:00","2025-05-04 06:28:41"
Nederland,WindOffshore,Hour,2983871,2983871,0,0,"2025-01-02 17:00:00","2025-01-02 18:00:00","2025-05-04 06:28:41"
Nederland,WindOffshore,Hour,2950816,2950816,0,0,"2025-01-02 18:00:00","2025-01-02 19:00:00","2025-05-04 06:28:41"
Nederland,WindOffshore,Hour,2919603,2919603,0,0,"2025-01-02 19:00:00","2025-01-02 20:00:00","2025-05-04 06:28:41"
Nederland,WindOffshore,Hour,2891618,2891618,0,0,"2025-01-02 20:00:00","2025-01-02 21:00:00","2025-05-04 06:28:41"
Nederland,WindOffshore,Hour,3039891,3039891,0,0,"2025-01-02 21:00:00","2025-01-02 22:00:00","2025-05-04 06:28:41"
Nederland,WindOffshore,Hour,2758775,2758775,0,0,"2025-01-02 22:00:00","2025-01-02 23:00:00","2025-05-04 06:28:41"
Nederland,WindOffshore,Hour,2143983,2143983,0,0,"2025-01-02 23:00:00","2025-01-03 00:00:00","2025-05-04 06:28:41"
Nederland,WindOffshore,Hour,2470978,2470978,0,0,"2025-01-03 00:00:00","2025-01-03 01:00:00","2025-05-05 06:28:29"
Nederland,WindOffshore,Hour,2695539,2695539,0,0,"2025-01-03 01:00:00","2025-01-03 02:00:00","2025-05-05 06:28:29"
Nederland,WindOffshore,Hour,2979568,2979568,0,0,"2025-01-03 02:00:00","2025-01-03 03:00:00","2025-05-05 06:28:29"
Nederland,WindOffshore,Hour,3572962,3572962,0,0,"2025-01-03 03:00:00","2025-01-03 04:00:00","2025-05-05 06:28:29"
Nederland,WindOffshore,Hour,3890606,3890606,0,0,"2025-01-03 04:00:00","2025-01-03 05:00:00","2025-05-05 06:28:29"
Nederland,WindOffshore,Hour,3871436,3871436,0,0,"2025-01-03 05:00:00","2025-01-03 06:00:00","2025-05-05 06:28:29"
Nederland,WindOffshore,Hour,3936532,3936532,0,0,"2025-01-03 06:00:00","2025-01-03 07:00:00","2025-05-05 06:28:29"
Nederland,WindOffshore,Hour,4040731,4040731,0,0,"2025-01-03 07:00:00","2025-01-03 08:00:00","2025-05-05 06:28:29"
Nederland,WindOffshore,Hour,4089545,4089545,0,0,"2025-01-03 08:00:00","2025-01-03 09:00:00","2025-05-05 06:28:29"
Nederland,WindOffshore,Hour,3859896,3859896,0,0,"2025-01-03 09:00:00","2025-01-03 10:00:00","2025-05-05 06:28:29"
Nederland,WindOffshore,Hour,3631919,3631919,0,0,"2025-01-03 10:00:00","2025-01-03 11:00:00","2025-05-05 06:28:29"
Nederland,WindOffshore,Hour,3656425,3656425,0,0,"2025-01-03 11:00:00","2025-01-03 12:00:00","2025-05-05 06:28:29"
Nederland,WindOffshore,Hour,3574073,3574073,0,0,"2025-01-03 12:00:00","2025-01-03 13:00:00","2025-05-05 06:28:29"
Nederland,WindOffshore,Hour,3373940,3373940,0,0,"2025-01-03 13:00:00","2025-01-03 14:00:00","2025-05-05 06:28:29"
Nederland,WindOffshore,Hour,3151227,3151227,0,0,"2025-01-03 14:00:00","2025-01-03 15:00:00","2025-05-05 06:28:29"
Nederland,WindOffshore,Hour,3113579,3113579,0,0,"2025-01-03 15:00:00","2025-01-03 16:00:00","2025-05-05 06:28:29"
Nederland,WindOffshore,Hour,2704569,2704569,0,0,"2025-01-03 16:00:00","2025-01-03 17:00:00","2025-05-05 06:28:29"
Nederland,WindOffshore,Hour,3098753,3098753,0,0,"2025-01-03 17:00:00","2025-01-03 18:00:00","2025-05-05 06:28:29"
Nederland,WindOffshore,Hour,2804880,2804880,0,0,"2025-01-03 18:00:00","2025-01-03 19:00:00","2025-05-05 06:28:29"
Nederland,WindOffshore,Hour,2363902,2363902,0,0,"2025-01-03 19:00:00","2025-01-03 20:00:00","2025-05-05 06:28:29"
Nederland,WindOffshore,Hour,1794998,1794998,0,0,"2025-01-03 20:00:00","2025-01-03 21:00:00","2025-05-05 06:28:29"
Nederland,WindOffshore,Hour,1146775,1146775,0,0,"2025-01-03 21:00:00","2025-01-03 22:00:00","2025-05-05 06:28:29"
Nederland,WindOffshore,Hour,1390059,1390059,0,0,"2025-01-03 22:00:00","2025-01-03 23:00:00","2025-05-05 06:28:29"
Nederland,WindOffshore,Hour,1120355,1120355,0,0,"2025-01-03 23:00:00","2025-01-04 00:00:00","2025-05-05 06:28:29"
Nederland,WindOffshore,Hour,779614,779614,0,0,"2025-01-04 00:00:00","2025-01-04 01:00:00","2025-05-06 06:28:28"
Nederland,WindOffshore,Hour,714201,714201,0,0,"2025-01-04 01:00:00","2025-01-04 02:00:00","2025-05-06 06:28:28"
Nederland,WindOffshore,Hour,454891,454891,0,0,"2025-01-04 02:00:00","2025-01-04 03:00:00","2025-05-06 06:28:28"
Nederland,WindOffshore,Hour,352913,352913,0,0,"2025-01-04 03:00:00","2025-01-04 04:00:00","2025-05-06 06:28:28"
Nederland,WindOffshore,Hour,327252,327252,0,0,"2025-01-04 04:00:00","2025-01-04 05:00:00","2025-05-06 06:28:28"
Nederland,WindOffshore,Hour,539790,539790,0,0,"2025-01-04 05:00:00","2025-01-04 06:00:00","2025-05-06 06:28:28"
Nederland,WindOffshore,Hour,898399,898399,0,0,"2025-01-04 06:00:00","2025-01-04 07:00:00","2025-05-06 06:28:28"
Nederland,WindOffshore,Hour,1277106,1277106,0,0,"2025-01-04 07:00:00","2025-01-04 08:00:00","2025-05-06 06:28:28"
Nederland,WindOffshore,Hour,1468794,1468794,0,0,"2025-01-04 08:00:00","2025-01-04 09:00:00","2025-05-06 06:28:28"
Nederland,WindOffshore,Hour,1682803,1682803,0,0,"2025-01-04 09:00:00","2025-01-04 10:00:00","2025-05-06 06:28:28"
Nederland,WindOffshore,Hour,1868063,1868063,0,0,"2025-01-04 10:00:00","2025-01-04 11:00:00","2025-05-06 06:28:28"
Nederland,WindOffshore,Hour,1885351,1885351,0,0,"2025-01-04 11:00:00","2025-01-04 12:00:00","2025-05-06 06:28:28"
Nederland,WindOffshore,Hour,1367874,1367874,0,0,"2025-01-04 12:00:00","2025-01-04 13:00:00","2025-05-06 06:28:28"
Nederland,WindOffshore,Hour,1156516,1156516,0,0,"2025-01-04 13:00:00","2025-01-04 14:00:00","2025-05-06 06:28:28"
Nederland,WindOffshore,Hour,456800,456800,0,0,"2025-01-04 14:00:00","2025-01-04 15:00:00","2025-05-06 06:28:28"
Nederland,WindOffshore,Hour,378928,378928,0,0,"2025-01-04 15:00:00","2025-01-04 16:00:00","2025-05-06 06:28:28"
Nederland,WindOffshore,Hour,347551,347551,0,0,"2025-01-04 16:00:00","2025-01-04 17:00:00","2025-05-06 06:28:28"
Nederland,WindOffshore,Hour,596415,596415,0,0,"2025-01-04 17:00:00","2025-01-04 18:00:00","2025-05-06 06:28:28"
Nederland,WindOffshore,Hour,915938,915938,0,0,"2025-01-04 18:00:00","2025-01-04 19:00:00","2025-05-06 06:28:28"
Nederland,WindOffshore,Hour,1091718,1091718,0,0,"2025-01-04 19:00:00","2025-01-04 20:00:00","2025-05-06 06:28:28"
Nederland,WindOffshore,Hour,1194025,1194025,0,0,"2025-01-04 20:00:00","2025-01-04 21:00:00","2025-05-06 06:28:28"
Nederland,WindOffshore,Hour,1566483,1566483,0,0,"2025-01-04 21:00:00","2025-01-04 22:00:00","2025-05-06 06:28:28"
Nederland,WindOffshore,Hour,2052281,2052281,0,0,"2025-01-04 22:00:00","2025-01-04 23:00:00","2025-05-06 06:28:28"
Nederland,WindOffshore,Hour,2568128,2568128,0,0,"2025-01-04 23:00:00","2025-01-05 00:00:00","2025-05-06 06:28:28"
Nederland,WindOffshore,Hour,2962068,2962068,0,0,"2025-01-05 00:00:00","2025-01-05 01:00:00","2025-05-07 06:28:38"
Nederland,WindOffshore,Hour,3124321,3124321,0,0,"2025-01-05 01:00:00","2025-01-05 02:00:00","2025-05-07 06:28:38"
Nederland,WindOffshore,Hour,3358515,3358515,0,0,"2025-01-05 02:00:00","2025-01-05 03:00:00","2025-05-07 06:28:38"
Nederland,WindOffshore,Hour,3536544,3536544,0,0,"2025-01-05 03:00:00","2025-01-05 04:00:00","2025-05-07 06:28:38"
Nederland,WindOffshore,Hour,3565840,3565840,0,0,"2025-01-05 04:00:00","2025-01-05 05:00:00","2025-05-07 06:28:38"
Nederland,WindOffshore,Hour,3807352,3807352,0,0,"2025-01-05 05:00:00","2025-01-05 06:00:00","2025-05-07 06:28:38"
Nederland,WindOffshore,Hour,4091180,4091180,0,0,"2025-01-05 06:00:00","2025-01-05 07:00:00","2025-05-07 06:28:38"
Nederland,WindOffshore,Hour,4095944,4095944,0,0,"2025-01-05 07:00:00","2025-01-05 08:00:00","2025-05-07 06:28:38"
Nederland,WindOffshore,Hour,4143621,4143621,0,0,"2025-01-05 08:00:00","2025-01-05 09:00:00","2025-05-07 06:28:38"
Nederland,WindOffshore,Hour,4147996,4147996,0,0,"2025-01-05 09:00:00","2025-01-05 10:00:00","2025-05-07 06:28:38"
Nederland,WindOffshore,Hour,4111911,4111911,0,0,"2025-01-05 10:00:00","2025-01-05 11:00:00","2025-05-07 06:28:38"
Nederland,WindOffshore,Hour,4003352,4003352,0,0,"2025-01-05 11:00:00","2025-01-05 12:00:00","2025-05-07 06:28:38"
Nederland,WindOffshore,Hour,4031074,4031074,0,0,"2025-01-05 12:00:00","2025-01-05 13:00:00","2025-05-07 06:28:38"
Nederland,WindOffshore,Hour,4158000,4158000,0,0,"2025-01-05 13:00:00","2025-01-05 14:00:00","2025-05-07 06:28:38"
Nederland,WindOffshore,Hour,4145821,4145821,0,0,"2025-01-05 14:00:00","2025-01-05 15:00:00","2025-05-07 06:28:38"
Nederland,WindOffshore,Hour,4124567,4124567,0,0,"2025-01-05 15:00:00","2025-01-05 16:00:00","2025-05-07 06:28:38"
Nederland,WindOffshore,Hour,4122620,4122620,0,0,"2025-01-05 16:00:00","2025-01-05 17:00:00","2025-05-07 06:28:38"
Nederland,WindOffshore,Hour,4052753,4052753,0,0,"2025-01-05 17:00:00","2025-01-05 18:00:00","2025-05-07 06:28:38"
Nederland,WindOffshore,Hour,3990151,3990151,0,0,"2025-01-05 18:00:00","2025-01-05 19:00:00","2025-05-07 06:28:38"
Nederland,WindOffshore,Hour,4059704,4059704,0,0,"2025-01-05 19:00:00","2025-01-05 20:00:00","2025-05-07 06:28:38"
Nederland,WindOffshore,Hour,4147374,4147374,0,0,"2025-01-05 20:00:00","2025-01-05 21:00:00","2025-05-07 06:28:38"
Nederland,WindOffshore,Hour,4156152,4156152,0,0,"2025-01-05 21:00:00","2025-01-05 22:00:00","2025-05-07 06:28:38"
Nederland,WindOffshore,Hour,4156179,4156179,0,0,"2025-01-05 22:00:00","2025-01-05 23:00:00","2025-05-07 06:28:38"
Nederland,WindOffshore,Hour,4155607,4155607,0,0,"2025-01-05 23:00:00","2025-01-06 00:00:00","2025-05-07 06:28:38"
Nederland,WindOffshore,Hour,4155354,4155354,0,0,"2025-01-06 00:00:00","2025-01-06 01:00:00","2025-05-08 06:28:33"
Nederland,WindOffshore,Hour,4155885,4155885,0,0,"2025-01-06 01:00:00","2025-01-06 02:00:00","2025-05-08 06:28:33"
Nederland,WindOffshore,Hour,4157835,4157835,0,0,"2025-01-06 02:00:00","2025-01-06 03:00:00","2025-05-08 06:28:33"
Nederland,WindOffshore,Hour,4157956,4157956,0,0,"2025-01-06 03:00:00","2025-01-06 04:00:00","2025-05-08 06:28:33"
Nederland,WindOffshore,Hour,4158000,4158000,0,0,"2025-01-06 04:00:00","2025-01-06 05:00:00","2025-05-08 06:28:33"
Nederland,WindOffshore,Hour,4158000,4158000,0,0,"2025-01-06 05:00:00","2025-01-06 06:00:00","2025-05-08 06:28:33"
Nederland,WindOffshore,Hour,4158000,4158000,0,0,"2025-01-06 06:00:00","2025-01-06 07:00:00","2025-05-08 06:28:33"
Nederland,WindOffshore,Hour,4158000,4158000,0,0,"2025-01-06 07:00:00","2025-01-06 08:00:00","2025-05-08 06:28:33"
Nederland,WindOffshore,Hour,4158000,4158000,0,0,"2025-01-06 08:00:00","2025-01-06 09:00:00","2025-05-08 06:28:33"
Nederland,WindOffshore,Hour,4158000,4158000,0,0,"2025-01-06 09:00:00","2025-01-06 10:00:00","2025-05-08 06:28:33"
Nederland,WindOffshore,Hour,4158000,4158000,0,0,"2025-01-06 10:00:00","2025-01-06 11:00:00","2025-05-08 06:28:33"
Nederland,WindOffshore,Hour,4158000,4158000,0,0,"2025-01-06 11:00:00","2025-01-06 12:00:00","2025-05-08 06:28:33"
Nederland,WindOffshore,Hour,4158000,4158000,0,0,"2025-01-06 12:00:00","2025-01-06 13:00:00","2025-05-08 06:28:33"
Nederland,WindOffshore,Hour,4158000,4158000,0,0,"2025-01-06 13:00:00","2025-01-06 14:00:00","2025-05-08 06:28:33"
Nederland,WindOffshore,Hour,4158000,4158000,0,0,"2025-01-06 14:00:00","2025-01-06 15:00:00","2025-05-08 06:28:33"
Nederland,WindOffshore,Hour,4158000,4158000,0,0,"2025-01-06 15:00:00","2025-01-06 16:00:00","2025-05-08 06:28:33"
Nederland,WindOffshore,Hour,4158000,4158000,0,0,"2025-01-06 16:00:00","2025-01-06 17:00:00","2025-05-08 06:28:33"
Nederland,WindOffshore,Hour,4158000,4158000,0,0,"2025-01-06 17:00:00","2025-01-06 18:00:00","2025-05-08 06:28:33"
Nederland,WindOffshore,Hour,4158000,4158000,0,0,"2025-01-06 18:00:00","2025-01-06 19:00:00","2025-05-08 06:28:33"
Nederland,WindOffshore,Hour,4158000,4158000,0,0,"2025-01-06 19:00:00","2025-01-06 20:00:00","2025-05-08 06:28:33"
Nederland,WindOffshore,Hour,4151755,4151755,0,0,"2025-01-06 20:00:00","2025-01-06 21:00:00","2025-05-08 06:28:33"
Nederland,WindOffshore,Hour,4109491,4109491,0,0,"2025-01-06 21:00:00","2025-01-06 22:00:00","2025-05-08 06:28:33"
Nederland,WindOffshore,Hour,4037904,4037904,0,0,"2025-01-06 22:00:00","2025-01-06 23:00:00","2025-05-08 06:28:33"
Nederland,WindOffshore,Hour,4036684,4036684,0,0,"2025-01-06 23:00:00","2025-01-07 00:00:00","2025-05-08 06:28:33"
Nederland,WindOffshore,Hour,3962707,3962707,0,0,"2025-01-07 00:00:00","2025-01-07 01:00:00","2025-05-09 06:28:44"
Nederland,WindOffshore,Hour,3962002,3962002,0,0,"2025-01-07 01:00:00","2025-01-07 02:00:00","2025-05-09 06:28:44"
Nederland,WindOffshore,Hour,3870631,3870631,0,0,"2025-01-07 02:00:00","2025-01-07 03:00:00","2025-05-09 06:28:44"
Nederland,WindOffshore,Hour,3861819,3861819,0,0,"2025-01-07 03:00:00","2025-01-07 04:00:00","2025-05-09 06:28:44"
Nederland,WindOffshore,Hour,3995576,3995576,0,0,"2025-01-07 04:00:00","2025-01-07 05:00:00","2025-05-09 06:28:44"
Nederland,WindOffshore,Hour,3775008,3775008,0,0,"2025-01-07 05:00:00","2025-01-07 06:00:00","2025-05-09 06:28:44"
Nederland,WindOffshore,Hour,3804286,3804286,0,0,"2025-01-07 06:00:00","2025-01-07 07:00:00","2025-05-09 06:28:44"
Nederland,WindOffshore,Hour,3765827,3765827,0,0,"2025-01-07 07:00:00","2025-01-07 08:00:00","2025-05-09 06:28:44"
Nederland,WindOffshore,Hour,3723486,3723486,0,0,"2025-01-07 08:00:00","2025-01-07 09:00:00","2025-05-09 06:28:44"
Nederland,WindOffshore,Hour,3802185,3802185,0,0,"2025-01-07 09:00:00","2025-01-07 10:00:00","2025-05-09 06:28:44"
Nederland,WindOffshore,Hour,3750602,3750602,0,0,"2025-01-07 10:00:00","2025-01-07 11:00:00","2025-05-09 06:28:44"
Nederland,WindOffshore,Hour,3744481,3744481,0,0,"2025-01-07 11:00:00","2025-01-07 12:00:00","2025-05-09 06:28:44"
Nederland,WindOffshore,Hour,3616891,3616891,0,0,"2025-01-07 12:00:00","2025-01-07 13:00:00","2025-05-09 06:28:44"
Nederland,WindOffshore,Hour,3644352,3644352,0,0,"2025-01-07 13:00:00","2025-01-07 14:00:00","2025-05-09 06:28:44"
Nederland,WindOffshore,Hour,3351297,3351297,0,0,"2025-01-07 14:00:00","2025-01-07 15:00:00","2025-05-09 06:28:44"
Nederland,WindOffshore,Hour,3525666,3525666,0,0,"2025-01-07 15:00:00","2025-01-07 16:00:00","2025-05-09 06:28:44"
Nederland,WindOffshore,Hour,3539054,3539054,0,0,"2025-01-07 16:00:00","2025-01-07 17:00:00","2025-05-09 06:28:44"
Nederland,WindOffshore,Hour,3625528,3625528,0,0,"2025-01-07 17:00:00","2025-01-07 18:00:00","2025-05-09 06:28:44"
Nederland,WindOffshore,Hour,3793407,3793407,0,0,"2025-01-07 18:00:00","2025-01-07 19:00:00","2025-05-09 06:28:44"
Nederland,WindOffshore,Hour,3967383,3967383,0,0,"2025-01-07 19:00:00","2025-01-07 20:00:00","2025-05-09 06:28:44"
Nederland,WindOffshore,Hour,4025072,4025072,0,0,"2025-01-07 20:00:00","2025-01-07 21:00:00","2025-05-09 06:28:44"
Nederland,WindOffshore,Hour,4041057,4041057,0,0,"2025-01-07 21:00:00","2025-01-07 22:00:00","2025-05-09 06:28:44"
Nederland,WindOffshore,Hour,4095663,4095663,0,0,"2025-01-07 22:00:00","2025-01-07 23:00:00","2025-05-09 06:28:44"
Nederland,WindOffshore,Hour,4113747,4113747,0,0,"2025-01-07 23:00:00","2025-01-08 00:00:00","2025-05-09 06:28:44"
Nederland,WindOffshore,Hour,4127408,4127408,0,0,"2025-01-08 00:00:00","2025-01-08 01:00:00","2025-05-10 06:28:23"
Nederland,WindOffshore,Hour,4105001,4105001,0,0,"2025-01-08 01:00:00","2025-01-08 02:00:00","2025-05-10 06:28:23"
Nederland,WindOffshore,Hour,4038596,4038596,0,0,"2025-01-08 02:00:00","2025-01-08 03:00:00","2025-05-10 06:28:23"
Nederland,WindOffshore,Hour,4028986,4028986,0,0,"2025-01-08 03:00:00","2025-01-08 04:00:00","2025-05-10 06:28:23"
Nederland,WindOffshore,Hour,3959276,3959276,0,0,"2025-01-08 04:00:00","2025-01-08 05:00:00","2025-05-10 06:28:23"
Nederland,WindOffshore,Hour,3785571,3785571,0,0,"2025-01-08 05:00:00","2025-01-08 06:00:00","2025-05-10 06:28:23"
Nederland,WindOffshore,Hour,3524212,3524212,0,0,"2025-01-08 06:00:00","2025-01-08 07:00:00","2025-05-10 06:28:23"
Nederland,WindOffshore,Hour,3325303,3325303,0,0,"2025-01-08 07:00:00","2025-01-08 08:00:00","2025-05-10 06:28:23"
Nederland,WindOffshore,Hour,3070466,3070466,0,0,"2025-01-08 08:00:00","2025-01-08 09:00:00","2025-05-10 06:28:23"
Nederland,WindOffshore,Hour,2015252,2015252,0,0,"2025-01-08 09:00:00","2025-01-08 10:00:00","2025-05-10 06:28:23"
Nederland,WindOffshore,Hour,1582506,1582506,0,0,"2025-01-08 10:00:00","2025-01-08 11:00:00","2025-05-10 06:28:23"
Nederland,WindOffshore,Hour,1056889,1056889,0,0,"2025-01-08 11:00:00","2025-01-08 12:00:00","2025-05-10 06:28:23"
Nederland,WindOffshore,Hour,741035,741035,0,0,"2025-01-08 12:00:00","2025-01-08 13:00:00","2025-05-10 06:28:23"
Nederland,WindOffshore,Hour,502740,502740,0,0,"2025-01-08 13:00:00","2025-01-08 14:00:00","2025-05-10 06:28:23"
Nederland,WindOffshore,Hour,418113,418113,0,0,"2025-01-08 14:00:00","2025-01-08 15:00:00","2025-05-10 06:28:23"
Nederland,WindOffshore,Hour,296583,296583,0,0,"2025-01-08 15:00:00","2025-01-08 16:00:00","2025-05-10 06:28:23"
Nederland,WindOffshore,Hour,333029,333029,0,0,"2025-01-08 16:00:00","2025-01-08 17:00:00","2025-05-10 06:28:23"
Nederland,WindOffshore,Hour,109924,109924,0,0,"2025-01-08 17:00:00","2025-01-08 18:00:00","2025-05-10 06:28:23"
Nederland,WindOffshore,Hour,195206,195206,0,0,"2025-01-08 18:00:00","2025-01-08 19:00:00","2025-05-10 06:28:23"
Nederland,WindOffshore,Hour,357048,357048,0,0,"2025-01-08 19:00:00","2025-01-08 20:00:00","2025-05-10 06:28:23"
Nederland,WindOffshore,Hour,376781,376781,0,0,"2025-01-08 20:00:00","2025-01-08 21:00:00","2025-05-10 06:28:23"
Nederland,WindOffshore,Hour,448828,448828,0,0,"2025-01-08 21:00:00","2025-01-08 22:00:00","2025-05-10 06:28:23"
Nederland,WindOffshore,Hour,592911,592911,0,0,"2025-01-08 22:00:00","2025-01-08 23:00:00","2025-05-10 06:28:23"
Nederland,WindOffshore,Hour,352067,352067,0,0,"2025-01-08 23:00:00","2025-01-09 00:00:00","2025-05-10 06:28:23"
Nederland,WindOffshore,Hour,122678,122678,0,0,"2025-01-09 00:00:00","2025-01-09 01:00:00","2025-05-11 06:28:35"
Nederland,WindOffshore,Hour,31564,31564,0,0,"2025-01-09 01:00:00","2025-01-09 02:00:00","2025-05-11 06:28:35"
Nederland,WindOffshore,Hour,33464,33464,0,0,"2025-01-09 02:00:00","2025-01-09 03:00:00","2025-05-11 06:28:35"
Nederland,WindOffshore,Hour,19869,19869,0,0,"2025-01-09 03:00:00","2025-01-09 04:00:00","2025-05-11 06:28:35"
Nederland,WindOffshore,Hour,19195,19195,0,0,"2025-01-09 04:00:00","2025-01-09 05:00:00","2025-05-11 06:28:35"
Nederland,WindOffshore,Hour,364276,364276,0,0,"2025-01-09 05:00:00","2025-01-09 06:00:00","2025-05-11 06:28:35"
Nederland,WindOffshore,Hour,768651,768651,0,0,"2025-01-09 06:00:00","2025-01-09 07:00:00","2025-05-11 06:28:35"
Nederland,WindOffshore,Hour,494318,494318,0,0,"2025-01-09 07:00:00","2025-01-09 08:00:00","2025-05-11 06:28:35"
Nederland,WindOffshore,Hour,596072,596072,0,0,"2025-01-09 08:00:00","2025-01-09 09:00:00","2025-05-11 06:28:35"
Nederland,WindOffshore,Hour,863476,863476,0,0,"2025-01-09 09:00:00","2025-01-09 10:00:00","2025-05-11 06:28:35"
Nederland,WindOffshore,Hour,2419052,2419052,0,0,"2025-01-09 10:00:00","2025-01-09 11:00:00","2025-05-11 06:28:35"
Nederland,WindOffshore,Hour,1600612,1600612,0,0,"2025-01-09 11:00:00","2025-01-09 12:00:00","2025-05-11 06:28:35"
Nederland,WindOffshore,Hour,2171302,2171302,0,0,"2025-01-09 12:00:00","2025-01-09 13:00:00","2025-05-11 06:28:35"
Nederland,WindOffshore,Hour,2787159,2787159,0,0,"2025-01-09 13:00:00","2025-01-09 14:00:00","2025-05-11 06:28:35"
Nederland,WindOffshore,Hour,3339167,3339167,0,0,"2025-01-09 14:00:00","2025-01-09 15:00:00","2025-05-11 06:28:35"
Nederland,WindOffshore,Hour,3420268,3420268,0,0,"2025-01-09 15:00:00","2025-01-09 16:00:00","2025-05-11 06:28:35"
Nederland,WindOffshore,Hour,3438157,3438157,0,0,"2025-01-09 16:00:00","2025-01-09 17:00:00","2025-05-11 06:28:35"
Nederland,WindOffshore,Hour,3462031,3462031,0,0,"2025-01-09 17:00:00","2025-01-09 18:00:00","2025-05-11 06:28:35"
Nederland,WindOffshore,Hour,3550073,3550073,0,0,"2025-01-09 18:00:00","2025-01-09 19:00:00","2025-05-11 06:28:35"
Nederland,WindOffshore,Hour,3779376,3779376,0,0,"2025-01-09 19:00:00","2025-01-09 20:00:00","2025-05-11 06:28:35"
Nederland,WindOffshore,Hour,3637747,3637747,0,0,"2025-01-09 20:00:00","2025-01-09 21:00:00","2025-05-11 06:28:35"
Nederland,WindOffshore,Hour,3938061,3938061,0,0,"2025-01-09 21:00:00","2025-01-09 22:00:00","2025-05-11 06:28:35"
Nederland,WindOffshore,Hour,3515293,3515293,0,0,"2025-01-09 22:00:00","2025-01-09 23:00:00","2025-05-11 06:28:35"
Nederland,WindOffshore,Hour,3209388,3209388,0,0,"2025-01-09 23:00:00","2025-01-10 00:00:00","2025-05-11 06:28:35"
Nederland,WindOffshore,Hour,3458097,3458097,0,0,"2025-01-10 00:00:00","2025-01-10 01:00:00","2025-05-12 06:28:35"
Nederland,WindOffshore,Hour,3812409,3812409,0,0,"2025-01-10 01:00:00","2025-01-10 02:00:00","2025-05-12 06:28:35"
Nederland,WindOffshore,Hour,3222863,3222863,0,0,"2025-01-10 02:00:00","2025-01-10 03:00:00","2025-05-12 06:28:35"
Nederland,WindOffshore,Hour,2775187,2775187,0,0,"2025-01-10 03:00:00","2025-01-10 04:00:00","2025-05-12 06:28:35"
Nederland,WindOffshore,Hour,2256968,2256968,0,0,"2025-01-10 04:00:00","2025-01-10 05:00:00","2025-05-12 06:28:35"
Nederland,WindOffshore,Hour,1996473,1996473,0,0,"2025-01-10 05:00:00","2025-01-10 06:00:00","2025-05-12 06:28:35"
Nederland,WindOffshore,Hour,1924715,1924715,0,0,"2025-01-10 06:00:00","2025-01-10 07:00:00","2025-05-12 06:28:35"
Nederland,WindOffshore,Hour,1447777,1447777,0,0,"2025-01-10 07:00:00","2025-01-10 08:00:00","2025-05-12 06:28:35"
Nederland,WindOffshore,Hour,1768092,1768092,0,0,"2025-01-10 08:00:00","2025-01-10 09:00:00","2025-05-12 06:28:35"
Nederland,WindOffshore,Hour,2148418,2148418,0,0,"2025-01-10 09:00:00","2025-01-10 10:00:00","2025-05-12 06:28:35"
Nederland,WindOffshore,Hour,2072925,2072925,0,0,"2025-01-10 10:00:00","2025-01-10 11:00:00","2025-05-12 06:28:35"
Nederland,WindOffshore,Hour,2031220,2031220,0,0,"2025-01-10 11:00:00","2025-01-10 12:00:00","2025-05-12 06:28:35"
Nederland,WindOffshore,Hour,1537881,1537881,0,0,"2025-01-10 12:00:00","2025-01-10 13:00:00","2025-05-12 06:28:35"
Nederland,WindOffshore,Hour,1364679,1364679,0,0,"2025-01-10 13:00:00","2025-01-10 14:00:00","2025-05-12 06:28:35"
Nederland,WindOffshore,Hour,1087205,1087205,0,0,"2025-01-10 14:00:00","2025-01-10 15:00:00","2025-05-12 06:28:35"
Nederland,WindOffshore,Hour,742076,742076,0,0,"2025-01-10 15:00:00","2025-01-10 16:00:00","2025-05-12 06:28:35"
Nederland,WindOffshore,Hour,743407,743407,0,0,"2025-01-10 16:00:00","2025-01-10 17:00:00","2025-05-12 06:28:35"
Nederland,WindOffshore,Hour,853064,853064,0,0,"2025-01-10 17:00:00","2025-01-10 18:00:00","2025-05-12 06:28:35"
Nederland,WindOffshore,Hour,966011,966011,0,0,"2025-01-10 18:00:00","2025-01-10 19:00:00","2025-05-12 06:28:35"
Nederland,WindOffshore,Hour,613962,613962,0,0,"2025-01-10 19:00:00","2025-01-10 20:00:00","2025-05-12 06:28:35"
Nederland,WindOffshore,Hour,308989,308989,0,0,"2025-01-10 20:00:00","2025-01-10 21:00:00","2025-05-12 06:28:35"
Nederland,WindOffshore,Hour,337261,337261,0,0,"2025-01-10 21:00:00","2025-01-10 22:00:00","2025-05-12 06:28:35"
Nederland,WindOffshore,Hour,220467,220467,0,0,"2025-01-10 22:00:00","2025-01-10 23:00:00","2025-05-12 06:28:35"
Nederland,WindOffshore,Hour,174966,174966,0,0,"2025-01-10 23:00:00","2025-01-11 00:00:00","2025-05-12 06:28:35"
Nederland,WindOffshore,Hour,92742,92742,0,0,"2025-01-11 00:00:00","2025-01-11 01:00:00","2025-05-13 06:28:31"
Nederland,WindOffshore,Hour,183857,183857,0,0,"2025-01-11 01:00:00","2025-01-11 02:00:00","2025-05-13 06:28:31"
Nederland,WindOffshore,Hour,43786,43786,0,0,"2025-01-11 02:00:00","2025-01-11 03:00:00","2025-05-13 06:28:31"
Nederland,WindOffshore,Hour,75672,75672,0,0,"2025-01-11 03:00:00","2025-01-11 04:00:00","2025-05-13 06:28:31"
Nederland,WindOffshore,Hour,88658,88658,0,0,"2025-01-11 04:00:00","2025-01-11 05:00:00","2025-05-13 06:28:31"
Nederland,WindOffshore,Hour,97049,97049,0,0,"2025-01-11 05:00:00","2025-01-11 06:00:00","2025-05-13 06:28:31"
Nederland,WindOffshore,Hour,288699,288699,0,0,"2025-01-11 06:00:00","2025-01-11 07:00:00","2025-05-13 06:28:31"
Nederland,WindOffshore,Hour,349744,349744,0,0,"2025-01-11 07:00:00","2025-01-11 08:00:00","2025-05-13 06:28:31"
Nederland,WindOffshore,Hour,361491,361491,0,0,"2025-01-11 08:00:00","2025-01-11 09:00:00","2025-05-13 06:28:31"
Nederland,WindOffshore,Hour,299420,299420,0,0,"2025-01-11 09:00:00","2025-01-11 10:00:00","2025-05-13 06:28:31"
Nederland,WindOffshore,Hour,232446,232446,0,0,"2025-01-11 10:00:00","2025-01-11 11:00:00","2025-05-13 06:28:31"
Nederland,WindOffshore,Hour,430906,430906,0,0,"2025-01-11 11:00:00","2025-01-11 12:00:00","2025-05-13 06:28:31"
Nederland,WindOffshore,Hour,622813,622813,0,0,"2025-01-11 12:00:00","2025-01-11 13:00:00","2025-05-13 06:28:31"
Nederland,WindOffshore,Hour,1109456,1109456,0,0,"2025-01-11 13:00:00","2025-01-11 14:00:00","2025-05-13 06:28:31"
Nederland,WindOffshore,Hour,1003093,1003093,0,0,"2025-01-11 14:00:00","2025-01-11 15:00:00","2025-05-13 06:28:31"
Nederland,WindOffshore,Hour,1556835,1556835,0,0,"2025-01-11 15:00:00","2025-01-11 16:00:00","2025-05-13 06:28:31"
Nederland,WindOffshore,Hour,1332509,1332509,0,0,"2025-01-11 16:00:00","2025-01-11 17:00:00","2025-05-13 06:28:31"
Nederland,WindOffshore,Hour,1661609,1661609,0,0,"2025-01-11 17:00:00","2025-01-11 18:00:00","2025-05-13 06:28:31"
Nederland,WindOffshore,Hour,1805000,1805000,0,0,"2025-01-11 18:00:00","2025-01-11 19:00:00","2025-05-13 06:28:31"
Nederland,WindOffshore,Hour,1705929,1705929,0,0,"2025-01-11 19:00:00","2025-01-11 20:00:00","2025-05-13 06:28:31"
Nederland,WindOffshore,Hour,1774322,1774322,0,0,"2025-01-11 20:00:00","2025-01-11 21:00:00","2025-05-13 06:28:31"
Nederland,WindOffshore,Hour,1606004,1606004,0,0,"2025-01-11 21:00:00","2025-01-11 22:00:00","2025-05-13 06:28:31"
Nederland,WindOffshore,Hour,1073186,1073186,0,0,"2025-01-11 22:00:00","2025-01-11 23:00:00","2025-05-13 06:28:31"
Nederland,WindOffshore,Hour,762587,762587,0,0,"2025-01-11 23:00:00","2025-01-12 00:00:00","2025-05-13 06:28:31"
Nederland,WindOffshore,Hour,318708,318708,0,0,"2025-01-12 00:00:00","2025-01-12 01:00:00","2025-05-14 06:28:23"
Nederland,WindOffshore,Hour,427919,427919,0,0,"2025-01-12 01:00:00","2025-01-12 02:00:00","2025-05-14 06:28:23"
Nederland,WindOffshore,Hour,466955,466955,0,0,"2025-01-12 02:00:00","2025-01-12 03:00:00","2025-05-14 06:28:23"
Nederland,WindOffshore,Hour,717107,717107,0,0,"2025-01-12 03:00:00","2025-01-12 04:00:00","2025-05-14 06:28:23"
Nederland,WindOffshore,Hour,778862,778862,0,0,"2025-01-12 04:00:00","2025-01-12 05:00:00","2025-05-14 06:28:23"
Nederland,WindOffshore,Hour,653303,653303,0,0,"2025-01-12 05:00:00","2025-01-12 06:00:00","2025-05-14 06:28:23"
Nederland,WindOffshore,Hour,445959,445959,0,0,"2025-01-12 06:00:00","2025-01-12 07:00:00","2025-05-14 06:28:23"
Nederland,WindOffshore,Hour,477208,477208,0,0,"2025-01-12 07:00:00","2025-01-12 08:00:00","2025-05-14 06:28:23"
Nederland,WindOffshore,Hour,613670,613670,0,0,"2025-01-12 08:00:00","2025-01-12 09:00:00","2025-05-14 06:28:23"
Nederland,WindOffshore,Hour,378540,378540,0,0,"2025-01-12 09:00:00","2025-01-12 10:00:00","2025-05-14 06:28:23"
Nederland,WindOffshore,Hour,113687,113687,0,0,"2025-01-12 10:00:00","2025-01-12 11:00:00","2025-05-14 06:28:23"
Nederland,WindOffshore,Hour,108081,108081,0,0,"2025-01-12 11:00:00","2025-01-12 12:00:00","2025-05-14 06:28:23"
Nederland,WindOffshore,Hour,149841,149841,0,0,"2025-01-12 12:00:00","2025-01-12 13:00:00","2025-05-14 06:28:23"
Nederland,WindOffshore,Hour,74663,74663,0,0,"2025-01-12 13:00:00","2025-01-12 14:00:00","2025-05-14 06:28:23"
Nederland,WindOffshore,Hour,51352,51352,0,0,"2025-01-12 14:00:00","2025-01-12 15:00:00","2025-05-14 06:28:23"
Nederland,WindOffshore,Hour,38444,38444,0,0,"2025-01-12 15:00:00","2025-01-12 16:00:00","2025-05-14 06:28:23"
Nederland,WindOffshore,Hour,18336,18336,0,0,"2025-01-12 16:00:00","2025-01-12 17:00:00","2025-05-14 06:28:23"
Nederland,WindOffshore,Hour,57580,57580,0,0,"2025-01-12 17:00:00","2025-01-12 18:00:00","2025-05-14 06:28:23"
Nederland,WindOffshore,Hour,11214,11214,0,0,"2025-01-12 18:00:00","2025-01-12 19:00:00","2025-05-14 06:28:23"
Nederland,WindOffshore,Hour,65052,65052,0,0,"2025-01-12 19:00:00","2025-01-12 20:00:00","2025-05-14 06:28:23"
Nederland,WindOffshore,Hour,79434,79434,0,0,"2025-01-12 20:00:00","2025-01-12 21:00:00","2025-05-14 06:28:23"
Nederland,WindOffshore,Hour,82541,82541,0,0,"2025-01-12 21:00:00","2025-01-12 22:00:00","2025-05-14 06:28:23"
Nederland,WindOffshore,Hour,111702,111702,0,0,"2025-01-12 22:00:00","2025-01-12 23:00:00","2025-05-14 06:28:23"
Nederland,WindOffshore,Hour,295076,295076,0,0,"2025-01-12 23:00:00","2025-01-13 00:00:00","2025-05-14 06:28:23"
Nederland,WindOffshore,Hour,281039,281039,0,0,"2025-01-13 00:00:00","2025-01-13 01:00:00","2025-05-15 06:28:33"
Nederland,WindOffshore,Hour,405623,405623,0,0,"2025-01-13 01:00:00","2025-01-13 02:00:00","2025-05-15 06:28:33"
Nederland,WindOffshore,Hour,610411,610411,0,0,"2025-01-13 02:00:00","2025-01-13 03:00:00","2025-05-15 06:28:33"
Nederland,WindOffshore,Hour,813602,813602,0,0,"2025-01-13 03:00:00","2025-01-13 04:00:00","2025-05-15 06:28:33"
Nederland,WindOffshore,Hour,861114,861114,0,0,"2025-01-13 04:00:00","2025-01-13 05:00:00","2025-05-15 06:28:33"
Nederland,WindOffshore,Hour,899984,899984,0,0,"2025-01-13 05:00:00","2025-01-13 06:00:00","2025-05-15 06:28:33"
Nederland,WindOffshore,Hour,1116203,1116203,0,0,"2025-01-13 06:00:00","2025-01-13 07:00:00","2025-05-15 06:28:33"
Nederland,WindOffshore,Hour,1326509,1326509,0,0,"2025-01-13 07:00:00","2025-01-13 08:00:00","2025-05-15 06:28:33"
Nederland,WindOffshore,Hour,1684209,1684209,0,0,"2025-01-13 08:00:00","2025-01-13 09:00:00","2025-05-15 06:28:33"
Nederland,WindOffshore,Hour,1882811,1882811,0,0,"2025-01-13 09:00:00","2025-01-13 10:00:00","2025-05-15 06:28:33"
Nederland,WindOffshore,Hour,1890587,1890587,0,0,"2025-01-13 10:00:00","2025-01-13 11:00:00","2025-05-15 06:28:33"
Nederland,WindOffshore,Hour,2112587,2112587,0,0,"2025-01-13 11:00:00","2025-01-13 12:00:00","2025-05-15 06:28:33"
Nederland,WindOffshore,Hour,2268077,2268077,0,0,"2025-01-13 12:00:00","2025-01-13 13:00:00","2025-05-15 06:28:33"
Nederland,WindOffshore,Hour,2152562,2152562,0,0,"2025-01-13 13:00:00","2025-01-13 14:00:00","2025-05-15 06:28:33"
Nederland,WindOffshore,Hour,2202289,2202289,0,0,"2025-01-13 14:00:00","2025-01-13 15:00:00","2025-05-15 06:28:33"
Nederland,WindOffshore,Hour,2167616,2167616,0,0,"2025-01-13 15:00:00","2025-01-13 16:00:00","2025-05-15 06:28:33"
Nederland,WindOffshore,Hour,2134298,2134298,0,0,"2025-01-13 16:00:00","2025-01-13 17:00:00","2025-05-15 06:28:33"
Nederland,WindOffshore,Hour,2412776,2412776,0,0,"2025-01-13 17:00:00","2025-01-13 18:00:00","2025-05-15 06:28:33"
Nederland,WindOffshore,Hour,2447963,2447963,0,0,"2025-01-13 18:00:00","2025-01-13 19:00:00","2025-05-15 06:28:33"
Nederland,WindOffshore,Hour,2340062,2340062,0,0,"2025-01-13 19:00:00","2025-01-13 20:00:00","2025-05-15 06:28:33"
Nederland,WindOffshore,Hour,2535744,2535744,0,0,"2025-01-13 20:00:00","2025-01-13 21:00:00","2025-05-15 06:28:33"
Nederland,WindOffshore,Hour,2535319,2535319,0,0,"2025-01-13 21:00:00","2025-01-13 22:00:00","2025-05-15 06:28:33"
Nederland,WindOffshore,Hour,2751485,2751485,0,0,"2025-01-13 22:00:00","2025-01-13 23:00:00","2025-05-15 06:28:33"
Nederland,WindOffshore,Hour,2575477,2575477,0,0,"2025-01-13 23:00:00","2025-01-14 00:00:00","2025-05-15 06:28:33"
Nederland,WindOffshore,Hour,2552017,2552017,0,0,"2025-01-14 00:00:00","2025-01-14 01:00:00","2025-05-16 06:28:40"
Nederland,WindOffshore,Hour,3068717,3068717,0,0,"2025-01-14 01:00:00","2025-01-14 02:00:00","2025-05-16 06:28:40"
Nederland,WindOffshore,Hour,2901734,2901734,0,0,"2025-01-14 02:00:00","2025-01-14 03:00:00","2025-05-16 06:28:40"
Nederland,WindOffshore,Hour,3290050,3290050,0,0,"2025-01-14 03:00:00","2025-01-14 04:00:00","2025-05-16 06:28:40"
Nederland,WindOffshore,Hour,3348395,3348395,0,0,"2025-01-14 04:00:00","2025-01-14 05:00:00","2025-05-16 06:28:40"
Nederland,WindOffshore,Hour,3275367,3275367,0,0,"2025-01-14 05:00:00","2025-01-14 06:00:00","2025-05-16 06:28:40"
Nederland,WindOffshore,Hour,3367212,3367212,0,0,"2025-01-14 06:00:00","2025-01-14 07:00:00","2025-05-16 06:28:40"
Nederland,WindOffshore,Hour,3263089,3263089,0,0,"2025-01-14 07:00:00","2025-01-14 08:00:00","2025-05-16 06:28:40"
Nederland,WindOffshore,Hour,3063158,3063158,0,0,"2025-01-14 08:00:00","2025-01-14 09:00:00","2025-05-16 06:28:40"
Nederland,WindOffshore,Hour,2838774,2838774,0,0,"2025-01-14 09:00:00","2025-01-14 10:00:00","2025-05-16 06:28:40"
Nederland,WindOffshore,Hour,2987913,2987913,0,0,"2025-01-14 10:00:00","2025-01-14 11:00:00","2025-05-16 06:28:40"
Nederland,WindOffshore,Hour,3302896,3302896,0,0,"2025-01-14 11:00:00","2025-01-14 12:00:00","2025-05-16 06:28:40"
Nederland,WindOffshore,Hour,3681300,3681300,0,0,"2025-01-14 12:00:00","2025-01-14 13:00:00","2025-05-16 06:28:40"
Nederland,WindOffshore,Hour,3195665,3195665,0,0,"2025-01-14 13:00:00","2025-01-14 14:00:00","2025-05-16 06:28:40"
Nederland,WindOffshore,Hour,2446708,2446708,0,0,"2025-01-14 14:00:00","2025-01-14 15:00:00","2025-05-16 06:28:40"
Nederland,WindOffshore,Hour,1594924,1594924,0,0,"2025-01-14 15:00:00","2025-01-14 16:00:00","2025-05-16 06:28:40"
Nederland,WindOffshore,Hour,1161859,1161859,0,0,"2025-01-14 16:00:00","2025-01-14 17:00:00","2025-05-16 06:28:40"
Nederland,WindOffshore,Hour,981605,981605,0,0,"2025-01-14 17:00:00","2025-01-14 18:00:00","2025-05-16 06:28:40"
Nederland,WindOffshore,Hour,855586,855586,0,0,"2025-01-14 18:00:00","2025-01-14 19:00:00","2025-05-16 06:28:40"
Nederland,WindOffshore,Hour,648114,648114,0,0,"2025-01-14 19:00:00","2025-01-14 20:00:00","2025-05-16 06:28:40"
Nederland,WindOffshore,Hour,630594,630594,0,0,"2025-01-14 20:00:00","2025-01-14 21:00:00","2025-05-16 06:28:40"
Nederland,WindOffshore,Hour,809514,809514,0,0,"2025-01-14 21:00:00","2025-01-14 22:00:00","2025-05-16 06:28:40"
Nederland,WindOffshore,Hour,703616,703616,0,0,"2025-01-14 22:00:00","2025-01-14 23:00:00","2025-05-16 06:28:40"
Nederland,WindOffshore,Hour,403034,403034,0,0,"2025-01-14 23:00:00","2025-01-15 00:00:00","2025-05-16 06:28:40"
Nederland,WindOffshore,Hour,183756,183756,0,0,"2025-01-15 00:00:00","2025-01-15 01:00:00","2025-05-17 06:28:31"
Nederland,WindOffshore,Hour,164627,164627,0,0,"2025-01-15 01:00:00","2025-01-15 02:00:00","2025-05-17 06:28:31"
Nederland,WindOffshore,Hour,253435,253435,0,0,"2025-01-15 02:00:00","2025-01-15 03:00:00","2025-05-17 06:28:31"
Nederland,WindOffshore,Hour,256583,256583,0,0,"2025-01-15 03:00:00","2025-01-15 04:00:00","2025-05-17 06:28:31"
Nederland,WindOffshore,Hour,145068,145068,0,0,"2025-01-15 04:00:00","2025-01-15 05:00:00","2025-05-17 06:28:31"
Nederland,WindOffshore,Hour,107502,107502,0,0,"2025-01-15 05:00:00","2025-01-15 06:00:00","2025-05-17 06:28:31"
Nederland,WindOffshore,Hour,189744,189744,0,0,"2025-01-15 06:00:00","2025-01-15 07:00:00","2025-05-17 06:28:31"
Nederland,WindOffshore,Hour,251137,251137,0,0,"2025-01-15 07:00:00","2025-01-15 08:00:00","2025-05-17 06:28:31"
Nederland,WindOffshore,Hour,257057,257057,0,0,"2025-01-15 08:00:00","2025-01-15 09:00:00","2025-05-17 06:28:31"
Nederland,WindOffshore,Hour,108850,108850,0,0,"2025-01-15 09:00:00","2025-01-15 10:00:00","2025-05-17 06:28:31"
Nederland,WindOffshore,Hour,57342,57342,0,0,"2025-01-15 10:00:00","2025-01-15 11:00:00","2025-05-17 06:28:31"
Nederland,WindOffshore,Hour,13497,13497,0,0,"2025-01-15 11:00:00","2025-01-15 12:00:00","2025-05-17 06:28:31"
Nederland,WindOffshore,Hour,0,0,0,0,"2025-01-15 12:00:00","2025-01-15 13:00:00","2025-05-17 06:28:31"
Nederland,WindOffshore,Hour,0,0,0,0,"2025-01-15 13:00:00","2025-01-15 14:00:00","2025-05-17 06:28:31"
Nederland,WindOffshore,Hour,0,0,0,0,"2025-01-15 14:00:00","2025-01-15 15:00:00","2025-05-17 06:28:31"
Nederland,WindOffshore,Hour,0,0,0,0,"2025-01-15 15:00:00","2025-01-15 16:00:00","2025-05-17 06:28:31"
Nederland,WindOffshore,Hour,4035,4035,0,0,"2025-01-15 16:00:00","2025-01-15 17:00:00","2025-05-17 06:28:31"
Nederland,WindOffshore,Hour,46722,46722,0,0,"2025-01-15 17:00:00","2025-01-15 18:00:00","2025-05-17 06:28:31"
Nederland,WindOffshore,Hour,28155,28155,0,0,"2025-01-15 18:00:00","2025-01-15 19:00:00","2025-05-17 06:28:31"
Nederland,WindOffshore,Hour,5421,5421,0,0,"2025-01-15 19:00:00","2025-01-15 20:00:00","2025-05-17 06:28:31"
Nederland,WindOffshore,Hour,12962,12962,0,0,"2025-01-15 20:00:00","2025-01-15 21:00:00","2025-05-17 06:28:31"
Nederland,WindOffshore,Hour,16330,16330,0,0,"2025-01-15 21:00:00","2025-01-15 22:00:00","2025-05-17 06:28:31"
Nederland,WindOffshore,Hour,55041,55041,0,0,"2025-01-15 22:00:00","2025-01-15 23:00:00","2025-05-17 06:28:31"
Nederland,WindOffshore,Hour,36812,36812,0,0,"2025-01-15 23:00:00","2025-01-16 00:00:00","2025-05-17 06:28:31"
Nederland,WindOffshore,Hour,45965,45965,0,0,"2025-01-16 00:00:00","2025-01-16 01:00:00","2025-05-18 06:28:31"
Nederland,WindOffshore,Hour,72090,72090,0,0,"2025-01-16 01:00:00","2025-01-16 02:00:00","2025-05-18 06:28:31"
Nederland,WindOffshore,Hour,75396,75396,0,0,"2025-01-16 02:00:00","2025-01-16 03:00:00","2025-05-18 06:28:31"
Nederland,WindOffshore,Hour,46873,46873,0,0,"2025-01-16 03:00:00","2025-01-16 04:00:00","2025-05-18 06:28:31"
Nederland,WindOffshore,Hour,97667,97667,0,0,"2025-01-16 04:00:00","2025-01-16 05:00:00","2025-05-18 06:28:31"
Nederland,WindOffshore,Hour,158223,158223,0,0,"2025-01-16 05:00:00","2025-01-16 06:00:00","2025-05-18 06:28:31"
Nederland,WindOffshore,Hour,184630,184630,0,0,"2025-01-16 06:00:00","2025-01-16 07:00:00","2025-05-18 06:28:31"
Nederland,WindOffshore,Hour,170572,170572,0,0,"2025-01-16 07:00:00","2025-01-16 08:00:00","2025-05-18 06:28:31"
Nederland,WindOffshore,Hour,244525,244525,0,0,"2025-01-16 08:00:00","2025-01-16 09:00:00","2025-05-18 06:28:31"
Nederland,WindOffshore,Hour,448878,448878,0,0,"2025-01-16 09:00:00","2025-01-16 10:00:00","2025-05-18 06:28:31"
Nederland,WindOffshore,Hour,517036,517036,0,0,"2025-01-16 10:00:00","2025-01-16 11:00:00","2025-05-18 06:28:31"
Nederland,WindOffshore,Hour,508031,508031,0,0,"2025-01-16 11:00:00","2025-01-16 12:00:00","2025-05-18 06:28:31"
Nederland,WindOffshore,Hour,765807,765807,0,0,"2025-01-16 12:00:00","2025-01-16 13:00:00","2025-05-18 06:28:31"
Nederland,WindOffshore,Hour,747512,747512,0,0,"2025-01-16 13:00:00","2025-01-16 14:00:00","2025-05-18 06:28:31"
Nederland,WindOffshore,Hour,572247,572247,0,0,"2025-01-16 14:00:00","2025-01-16 15:00:00","2025-05-18 06:28:31"
Nederland,WindOffshore,Hour,616541,616541,0,0,"2025-01-16 15:00:00","2025-01-16 16:00:00","2025-05-18 06:28:31"
Nederland,WindOffshore,Hour,537332,537332,0,0,"2025-01-16 16:00:00","2025-01-16 17:00:00","2025-05-18 06:28:31"
Nederland,WindOffshore,Hour,440497,440497,0,0,"2025-01-16 17:00:00","2025-01-16 18:00:00","2025-05-18 06:28:31"
Nederland,WindOffshore,Hour,370955,370955,0,0,"2025-01-16 18:00:00","2025-01-16 19:00:00","2025-05-18 06:28:31"
Nederland,WindOffshore,Hour,381483,381483,0,0,"2025-01-16 19:00:00","2025-01-16 20:00:00","2025-05-18 06:28:31"
Nederland,WindOffshore,Hour,494193,494193,0,0,"2025-01-16 20:00:00","2025-01-16 21:00:00","2025-05-18 06:28:31"
Nederland,WindOffshore,Hour,397880,397880,0,0,"2025-01-16 21:00:00","2025-01-16 22:00:00","2025-05-18 06:28:31"
Nederland,WindOffshore,Hour,436215,436215,0,0,"2025-01-16 22:00:00","2025-01-16 23:00:00","2025-05-18 06:28:31"
Nederland,WindOffshore,Hour,593762,593762,0,0,"2025-01-16 23:00:00","2025-01-17 00:00:00","2025-05-18 06:28:31"
Nederland,WindOffshore,Hour,625307,625307,0,0,"2025-01-17 00:00:00","2025-01-17 01:00:00","2025-05-19 06:28:23"
Nederland,WindOffshore,Hour,622548,622548,0,0,"2025-01-17 01:00:00","2025-01-17 02:00:00","2025-05-19 06:28:23"
Nederland,WindOffshore,Hour,607374,607374,0,0,"2025-01-17 02:00:00","2025-01-17 03:00:00","2025-05-19 06:28:23"
Nederland,WindOffshore,Hour,591526,591526,0,0,"2025-01-17 03:00:00","2025-01-17 04:00:00","2025-05-19 06:28:23"
Nederland,WindOffshore,Hour,554563,554563,0,0,"2025-01-17 04:00:00","2025-01-17 05:00:00","2025-05-19 06:28:23"
Nederland,WindOffshore,Hour,402301,402301,0,0,"2025-01-17 05:00:00","2025-01-17 06:00:00","2025-05-19 06:28:23"
Nederland,WindOffshore,Hour,342382,342382,0,0,"2025-01-17 06:00:00","2025-01-17 07:00:00","2025-05-19 06:28:23"
Nederland,WindOffshore,Hour,338911,338911,0,0,"2025-01-17 07:00:00","2025-01-17 08:00:00","2025-05-19 06:28:23"
Nederland,WindOffshore,Hour,335728,335728,0,0,"2025-01-17 08:00:00","2025-01-17 09:00:00","2025-05-19 06:28:23"
Nederland,WindOffshore,Hour,373834,373834,0,0,"2025-01-17 09:00:00","2025-01-17 10:00:00","2025-05-19 06:28:23"
Nederland,WindOffshore,Hour,354751,354751,0,0,"2025-01-17 10:00:00","2025-01-17 11:00:00","2025-05-19 06:28:23"
Nederland,WindOffshore,Hour,331257,331257,0,0,"2025-01-17 11:00:00","2025-01-17 12:00:00","2025-05-19 06:28:23"
Nederland,WindOffshore,Hour,400663,400663,0,0,"2025-01-17 12:00:00","2025-01-17 13:00:00","2025-05-19 06:28:23"
Nederland,WindOffshore,Hour,355817,355817,0,0,"2025-01-17 13:00:00","2025-01-17 14:00:00","2025-05-19 06:28:23"
Nederland,WindOffshore,Hour,284344,284344,0,0,"2025-01-17 14:00:00","2025-01-17 15:00:00","2025-05-19 06:28:23"
Nederland,WindOffshore,Hour,156673,156673,0,0,"2025-01-17 15:00:00","2025-01-17 16:00:00","2025-05-19 06:28:23"
Nederland,WindOffshore,Hour,135008,135008,0,0,"2025-01-17 16:00:00","2025-01-17 17:00:00","2025-05-19 06:28:23"
Nederland,WindOffshore,Hour,84807,84807,0,0,"2025-01-17 17:00:00","2025-01-17 18:00:00","2025-05-19 06:28:23"
Nederland,WindOffshore,Hour,38453,38453,0,0,"2025-01-17 18:00:00","2025-01-17 19:00:00","2025-05-19 06:28:23"
Nederland,WindOffshore,Hour,9370,9370,0,0,"2025-01-17 19:00:00","2025-01-17 20:00:00","2025-05-19 06:28:23"
Nederland,WindOffshore,Hour,42534,42534,0,0,"2025-01-17 20:00:00","2025-01-17 21:00:00","2025-05-19 06:28:23"
Nederland,WindOffshore,Hour,51547,51547,0,0,"2025-01-17 21:00:00","2025-01-17 22:00:00","2025-05-19 06:28:23"
Nederland,WindOffshore,Hour,111060,111060,0,0,"2025-01-17 22:00:00","2025-01-17 23:00:00","2025-05-19 06:28:23"
Nederland,WindOffshore,Hour,129531,129531,0,0,"2025-01-17 23:00:00","2025-01-18 00:00:00","2025-05-19 06:28:23"
Nederland,WindOffshore,Hour,67290,67290,0,0,"2025-01-18 00:00:00","2025-01-18 01:00:00","2025-05-20 06:28:42"
Nederland,WindOffshore,Hour,22036,22036,0,0,"2025-01-18 01:00:00","2025-01-18 02:00:00","2025-05-20 06:28:42"
Nederland,WindOffshore,Hour,7566,7566,0,0,"2025-01-18 02:00:00","2025-01-18 03:00:00","2025-05-20 06:28:42"
Nederland,WindOffshore,Hour,1817,1817,0,0,"2025-01-18 03:00:00","2025-01-18 04:00:00","2025-05-20 06:28:42"
Nederland,WindOffshore,Hour,0,0,0,0,"2025-01-18 04:00:00","2025-01-18 05:00:00","2025-05-20 06:28:42"
Nederland,WindOffshore,Hour,0,0,0,0,"2025-01-18 05:00:00","2025-01-18 06:00:00","2025-05-20 06:28:42"
Nederland,WindOffshore,Hour,9266,9266,0,0,"2025-01-18 06:00:00","2025-01-18 07:00:00","2025-05-20 06:28:42"
Nederland,WindOffshore,Hour,67062,67062,0,0,"2025-01-18 07:00:00","2025-01-18 08:00:00","2025-05-20 06:28:42"
Nederland,WindOffshore,Hour,146767,146767,0,0,"2025-01-18 08:00:00","2025-01-18 09:00:00","2025-05-20 06:28:42"
Nederland,WindOffshore,Hour,173076,173076,0,0,"2025-01-18 09:00:00","2025-01-18 10:00:00","2025-05-20 06:28:42"
Nederland,WindOffshore,Hour,112807,112807,0,0,"2025-01-18 10:00:00","2025-01-18 11:00:00","2025-05-20 06:28:42"
Nederland,WindOffshore,Hour,85525,85525,0,0,"2025-01-18 11:00:00","2025-01-18 12:00:00","2025-05-20 06:28:42"
Nederland,WindOffshore,Hour,61379,61379,0,0,"2025-01-18 12:00:00","2025-01-18 13:00:00","2025-05-20 06:28:42"
Nederland,WindOffshore,Hour,41953,41953,0,0,"2025-01-18 13:00:00","2025-01-18 14:00:00","2025-05-20 06:28:42"
Nederland,WindOffshore,Hour,84472,84472,0,0,"2025-01-18 14:00:00","2025-01-18 15:00:00","2025-05-20 06:28:42"
Nederland,WindOffshore,Hour,157301,157301,0,0,"2025-01-18 15:00:00","2025-01-18 16:00:00","2025-05-20 06:28:42"
Nederland,WindOffshore,Hour,226216,226216,0,0,"2025-01-18 16:00:00","2025-01-18 17:00:00","2025-05-20 06:28:42"
Nederland,WindOffshore,Hour,303531,303531,0,0,"2025-01-18 17:00:00","2025-01-18 18:00:00","2025-05-20 06:28:42"
Nederland,WindOffshore,Hour,444226,444226,0,0,"2025-01-18 18:00:00","2025-01-18 19:00:00","2025-05-20 06:28:42"
Nederland,WindOffshore,Hour,606930,606930,0,0,"2025-01-18 19:00:00","2025-01-18 20:00:00","2025-05-20 06:28:42"
Nederland,WindOffshore,Hour,703459,703459,0,0,"2025-01-18 20:00:00","2025-01-18 21:00:00","2025-05-20 06:28:42"
Nederland,WindOffshore,Hour,639326,639326,0,0,"2025-01-18 21:00:00","2025-01-18 22:00:00","2025-05-20 06:28:42"
Nederland,WindOffshore,Hour,521929,521929,0,0,"2025-01-18 22:00:00","2025-01-18 23:00:00","2025-05-20 06:28:42"
Nederland,WindOffshore,Hour,448911,448911,0,0,"2025-01-18 23:00:00","2025-01-19 00:00:00","2025-05-20 06:28:42"
Nederland,WindOffshore,Hour,325799,325799,0,0,"2025-01-19 00:00:00","2025-01-19 01:00:00","2025-05-20 06:28:42"
Nederland,WindOffshore,Hour,113143,113143,0,0,"2025-01-19 01:00:00","2025-01-19 02:00:00","2025-05-20 06:28:42"
Nederland,WindOffshore,Hour,62125,62125,0,0,"2025-01-19 02:00:00","2025-01-19 03:00:00","2025-05-20 06:28:42"
Nederland,WindOffshore,Hour,46484,46484,0,0,"2025-01-19 03:00:00","2025-01-19 04:00:00","2025-05-20 06:28:42"
Nederland,WindOffshore,Hour,36732,36732,0,0,"2025-01-19 04:00:00","2025-01-19 05:00:00","2025-05-20 06:28:42"
Nederland,WindOffshore,Hour,53439,53439,0,0,"2025-01-19 05:00:00","2025-01-19 06:00:00","2025-05-20 06:28:42"
Nederland,WindOffshore,Hour,78901,78901,0,0,"2025-01-19 06:00:00","2025-01-19 07:00:00","2025-05-20 06:28:42"
Nederland,WindOffshore,Hour,87700,87700,0,0,"2025-01-19 07:00:00","2025-01-19 08:00:00","2025-05-20 06:28:42"
Nederland,WindOffshore,Hour,89782,89782,0,0,"2025-01-19 08:00:00","2025-01-19 09:00:00","2025-05-20 06:28:42"
Nederland,WindOffshore,Hour,100927,100927,0,0,"2025-01-19 09:00:00","2025-01-19 10:00:00","2025-05-20 06:28:42"
Nederland,WindOffshore,Hour,128070,128070,0,0,"2025-01-19 10:00:00","2025-01-19 11:00:00","2025-05-20 06:28:42"
Nederland,WindOffshore,Hour,135795,135795,0,0,"2025-01-19 11:00:00","2025-01-19 12:00:00","2025-05-20 06:28:42"
Nederland,WindOffshore,Hour,138343,138343,0,0,"2025-01-19 12:00:00","2025-01-19 13:00:00","2025-05-20 06:28:42"
Nederland,WindOffshore,Hour,82395,82395,0,0,"2025-01-19 13:00:00","2025-01-19 14:00:00","2025-05-20 06:28:42"
Nederland,WindOffshore,Hour,28226,28226,0,0,"2025-01-19 14:00:00","2025-01-19 15:00:00","2025-05-20 06:28:42"
Nederland,WindOffshore,Hour,27701,27701,0,0,"2025-01-19 15:00:00","2025-01-19 16:00:00","2025-05-20 06:28:42"
Nederland,WindOffshore,Hour,32874,32874,0,0,"2025-01-19 16:00:00","2025-01-19 17:00:00","2025-05-20 06:28:42"
Nederland,WindOffshore,Hour,26396,26396,0,0,"2025-01-19 17:00:00","2025-01-19 18:00:00","2025-05-20 06:28:42"
Nederland,WindOffshore,Hour,40906,40906,0,0,"2025-01-19 18:00:00","2025-01-19 19:00:00","2025-05-20 06:28:42"
Nederland,WindOffshore,Hour,77454,77454,0,0,"2025-01-19 19:00:00","2025-01-19 20:00:00","2025-05-20 06:28:42"
Nederland,WindOffshore,Hour,58351,58351,0,0,"2025-01-19 20:00:00","2025-01-19 21:00:00","2025-05-20 06:28:42"
Nederland,WindOffshore,Hour,66720,66720,0,0,"2025-01-19 21:00:00","2025-01-19 22:00:00","2025-05-20 06:28:42"
Nederland,WindOffshore,Hour,36734,36734,0,0,"2025-01-19 22:00:00","2025-01-19 23:00:00","2025-05-20 06:28:42"
Nederland,WindOffshore,Hour,12242,12242,0,0,"2025-01-19 23:00:00","2025-01-20 00:00:00","2025-05-20 06:28:42"
Nederland,WindOffshore,Hour,15027,15027,0,0,"2025-01-20 00:00:00","2025-01-20 01:00:00","2025-05-20 06:28:42"
Nederland,WindOffshore,Hour,23520,23520,0,0,"2025-01-20 01:00:00","2025-01-20 02:00:00","2025-05-20 06:28:42"
Nederland,WindOffshore,Hour,14475,14475,0,0,"2025-01-20 02:00:00","2025-01-20 03:00:00","2025-05-20 06:28:42"
Nederland,WindOffshore,Hour,34147,34147,0,0,"2025-01-20 03:00:00","2025-01-20 04:00:00","2025-05-20 06:28:42"
Nederland,WindOffshore,Hour,158962,158962,0,0,"2025-01-20 04:00:00","2025-01-20 05:00:00","2025-05-20 06:28:42"
Nederland,WindOffshore,Hour,259441,259441,0,0,"2025-01-20 05:00:00","2025-01-20 06:00:00","2025-05-20 06:28:42"
Nederland,WindOffshore,Hour,426896,426896,0,0,"2025-01-20 06:00:00","2025-01-20 07:00:00","2025-05-20 06:28:42"
Nederland,WindOffshore,Hour,847316,847316,0,0,"2025-01-20 07:00:00","2025-01-20 08:00:00","2025-05-20 06:28:42"
Nederland,WindOffshore,Hour,991744,991744,0,0,"2025-01-20 08:00:00","2025-01-20 09:00:00","2025-05-20 06:28:42"
Nederland,WindOffshore,Hour,830374,830374,0,0,"2025-01-20 09:00:00","2025-01-20 10:00:00","2025-05-20 06:28:42"
Nederland,WindOffshore,Hour,768078,768078,0,0,"2025-01-20 10:00:00","2025-01-20 11:00:00","2025-05-20 06:28:42"
Nederland,WindOffshore,Hour,727066,727066,0,0,"2025-01-20 11:00:00","2025-01-20 12:00:00","2025-05-20 06:28:42"
Nederland,WindOffshore,Hour,678214,678214,0,0,"2025-01-20 12:00:00","2025-01-20 13:00:00","2025-05-20 06:28:42"
Nederland,WindOffshore,Hour,752638,752638,0,0,"2025-01-20 13:00:00","2025-01-20 14:00:00","2025-05-20 06:28:42"
Nederland,WindOffshore,Hour,941863,941863,0,0,"2025-01-20 14:00:00","2025-01-20 15:00:00","2025-05-20 06:28:42"
Nederland,WindOffshore,Hour,1130932,1130932,0,0,"2025-01-20 15:00:00","2025-01-20 16:00:00","2025-05-20 06:28:42"
Nederland,WindOffshore,Hour,1367895,1367895,0,0,"2025-01-20 16:00:00","2025-01-20 17:00:00","2025-05-20 06:28:42"
Nederland,WindOffshore,Hour,1679264,1679264,0,0,"2025-01-20 17:00:00","2025-01-20 18:00:00","2025-05-20 06:28:42"
Nederland,WindOffshore,Hour,2026826,2026826,0,0,"2025-01-20 18:00:00","2025-01-20 19:00:00","2025-05-20 06:28:42"
Nederland,WindOffshore,Hour,2279436,2279436,0,0,"2025-01-20 19:00:00","2025-01-20 20:00:00","2025-05-20 06:28:42"
Nederland,WindOffshore,Hour,2429110,2429110,0,0,"2025-01-20 20:00:00","2025-01-20 21:00:00","2025-05-20 06:28:42"
Nederland,WindOffshore,Hour,2223089,2223089,0,0,"2025-01-20 21:00:00","2025-01-20 22:00:00","2025-05-20 06:28:42"
Nederland,WindOffshore,Hour,2154942,2154942,0,0,"2025-01-20 22:00:00","2025-01-20 23:00:00","2025-05-20 06:28:42"
Nederland,WindOffshore,Hour,2115903,2115903,0,0,"2025-01-20 23:00:00","2025-01-21 00:00:00","2025-05-20 06:28:42"
Nederland,WindOffshore,Hour,2063830,2063830,0,0,"2025-01-21 00:00:00","2025-01-21 01:00:00","2025-05-23 06:30:17"
Nederland,WindOffshore,Hour,2046207,2046207,0,0,"2025-01-21 01:00:00","2025-01-21 02:00:00","2025-05-23 06:30:17"
Nederland,WindOffshore,Hour,1806695,1806695,0,0,"2025-01-21 02:00:00","2025-01-21 03:00:00","2025-05-23 06:30:17"
Nederland,WindOffshore,Hour,1764336,1764336,0,0,"2025-01-21 03:00:00","2025-01-21 04:00:00","2025-05-23 06:30:17"
Nederland,WindOffshore,Hour,1831841,1831841,0,0,"2025-01-21 04:00:00","2025-01-21 05:00:00","2025-05-23 06:30:17"
Nederland,WindOffshore,Hour,2284827,2284827,0,0,"2025-01-21 05:00:00","2025-01-21 06:00:00","2025-05-23 06:30:17"
Nederland,WindOffshore,Hour,2565561,2565561,0,0,"2025-01-21 06:00:00","2025-01-21 07:00:00","2025-05-23 06:30:17"
Nederland,WindOffshore,Hour,2593787,2593787,0,0,"2025-01-21 07:00:00","2025-01-21 08:00:00","2025-05-23 06:30:17"
Nederland,WindOffshore,Hour,2288063,2288063,0,0,"2025-01-21 08:00:00","2025-01-21 09:00:00","2025-05-23 06:30:17"
Nederland,WindOffshore,Hour,2016836,2016836,0,0,"2025-01-21 09:00:00","2025-01-21 10:00:00","2025-05-23 06:30:17"
Nederland,WindOffshore,Hour,1863561,1863561,0,0,"2025-01-21 10:00:00","2025-01-21 11:00:00","2025-05-23 06:30:17"
Nederland,WindOffshore,Hour,1450789,1450789,0,0,"2025-01-21 11:00:00","2025-01-21 12:00:00","2025-05-23 06:30:17"
Nederland,WindOffshore,Hour,1217083,1217083,0,0,"2025-01-21 12:00:00","2025-01-21 13:00:00","2025-05-23 06:30:17"
Nederland,WindOffshore,Hour,966480,966480,0,0,"2025-01-21 13:00:00","2025-01-21 14:00:00","2025-05-23 06:30:17"
Nederland,WindOffshore,Hour,647799,647799,0,0,"2025-01-21 14:00:00","2025-01-21 15:00:00","2025-05-23 06:30:17"
Nederland,WindOffshore,Hour,419863,419863,0,0,"2025-01-21 15:00:00","2025-01-21 16:00:00","2025-05-23 06:30:17"
Nederland,WindOffshore,Hour,380155,380155,0,0,"2025-01-21 16:00:00","2025-01-21 17:00:00","2025-05-23 06:30:17"
Nederland,WindOffshore,Hour,567523,567523,0,0,"2025-01-21 17:00:00","2025-01-21 18:00:00","2025-05-23 06:30:17"
Nederland,WindOffshore,Hour,831923,831923,0,0,"2025-01-21 18:00:00","2025-01-21 19:00:00","2025-05-23 06:30:17"
Nederland,WindOffshore,Hour,1058262,1058262,0,0,"2025-01-21 19:00:00","2025-01-21 20:00:00","2025-05-23 06:30:17"
Nederland,WindOffshore,Hour,963606,963606,0,0,"2025-01-21 20:00:00","2025-01-21 21:00:00","2025-05-23 06:30:17"
Nederland,WindOffshore,Hour,984845,984845,0,0,"2025-01-21 21:00:00","2025-01-21 22:00:00","2025-05-23 06:30:17"
Nederland,WindOffshore,Hour,641012,641012,0,0,"2025-01-21 22:00:00","2025-01-21 23:00:00","2025-05-23 06:30:17"
Nederland,WindOffshore,Hour,512341,512341,0,0,"2025-01-21 23:00:00","2025-01-22 00:00:00","2025-05-23 06:30:17"
Nederland,WindOffshore,Hour,305080,305080,0,0,"2025-01-22 00:00:00","2025-01-22 01:00:00","2025-05-24 06:28:28"
Nederland,WindOffshore,Hour,407468,407468,0,0,"2025-01-22 01:00:00","2025-01-22 02:00:00","2025-05-24 06:28:28"
Nederland,WindOffshore,Hour,423128,423128,0,0,"2025-01-22 02:00:00","2025-01-22 03:00:00","2025-05-24 06:28:28"
Nederland,WindOffshore,Hour,329875,329875,0,0,"2025-01-22 03:00:00","2025-01-22 04:00:00","2025-05-24 06:28:28"
Nederland,WindOffshore,Hour,582094,582094,0,0,"2025-01-22 04:00:00","2025-01-22 05:00:00","2025-05-24 06:28:28"
Nederland,WindOffshore,Hour,840497,840497,0,0,"2025-01-22 05:00:00","2025-01-22 06:00:00","2025-05-24 06:28:28"
Nederland,WindOffshore,Hour,831706,831706,0,0,"2025-01-22 06:00:00","2025-01-22 07:00:00","2025-05-24 06:28:28"
Nederland,WindOffshore,Hour,762067,762067,0,0,"2025-01-22 07:00:00","2025-01-22 08:00:00","2025-05-24 06:28:28"
Nederland,WindOffshore,Hour,482612,482612,0,0,"2025-01-22 08:00:00","2025-01-22 09:00:00","2025-05-24 06:28:28"
Nederland,WindOffshore,Hour,473873,473873,0,0,"2025-01-22 09:00:00","2025-01-22 10:00:00","2025-05-24 06:28:28"
Nederland,WindOffshore,Hour,418262,418262,0,0,"2025-01-22 10:00:00","2025-01-22 11:00:00","2025-05-24 06:28:28"
Nederland,WindOffshore,Hour,291097,291097,0,0,"2025-01-22 11:00:00","2025-01-22 12:00:00","2025-05-24 06:28:28"
Nederland,WindOffshore,Hour,237744,237744,0,0,"2025-01-22 12:00:00","2025-01-22 13:00:00","2025-05-24 06:28:28"
Nederland,WindOffshore,Hour,116731,116731,0,0,"2025-01-22 13:00:00","2025-01-22 14:00:00","2025-05-24 06:28:28"
Nederland,WindOffshore,Hour,45842,45842,0,0,"2025-01-22 14:00:00","2025-01-22 15:00:00","2025-05-24 06:28:28"
Nederland,WindOffshore,Hour,35177,35177,0,0,"2025-01-22 15:00:00","2025-01-22 16:00:00","2025-05-24 06:28:28"
Nederland,WindOffshore,Hour,45353,45353,0,0,"2025-01-22 16:00:00","2025-01-22 17:00:00","2025-05-24 06:28:28"
Nederland,WindOffshore,Hour,59253,59253,0,0,"2025-01-22 17:00:00","2025-01-22 18:00:00","2025-05-24 06:28:28"
Nederland,WindOffshore,Hour,80027,80027,0,0,"2025-01-22 18:00:00","2025-01-22 19:00:00","2025-05-24 06:28:28"
Nederland,WindOffshore,Hour,140344,140344,0,0,"2025-01-22 19:00:00","2025-01-22 20:00:00","2025-05-24 06:28:28"
Nederland,WindOffshore,Hour,407405,407405,0,0,"2025-01-22 20:00:00","2025-01-22 21:00:00","2025-05-24 06:28:28"
Nederland,WindOffshore,Hour,762382,762382,0,0,"2025-01-22 21:00:00","2025-01-22 22:00:00","2025-05-24 06:28:28"
Nederland,WindOffshore,Hour,869780,869780,0,0,"2025-01-22 22:00:00","2025-01-22 23:00:00","2025-05-24 06:28:28"
Nederland,WindOffshore,Hour,1103211,1103211,0,0,"2025-01-22 23:00:00","2025-01-23 00:00:00","2025-05-24 06:28:28"
Nederland,WindOffshore,Hour,1422073,1422073,0,0,"2025-01-23 00:00:00","2025-01-23 01:00:00","2025-05-25 06:28:27"
Nederland,WindOffshore,Hour,1719625,1719625,0,0,"2025-01-23 01:00:00","2025-01-23 02:00:00","2025-05-25 06:28:27"
Nederland,WindOffshore,Hour,1694096,1694096,0,0,"2025-01-23 02:00:00","2025-01-23 03:00:00","2025-05-25 06:28:27"
Nederland,WindOffshore,Hour,2391353,2391353,0,0,"2025-01-23 03:00:00","2025-01-23 04:00:00","2025-05-25 06:28:27"
Nederland,WindOffshore,Hour,3023518,3023518,0,0,"2025-01-23 04:00:00","2025-01-23 05:00:00","2025-05-25 06:28:27"
Nederland,WindOffshore,Hour,3203051,3203051,0,0,"2025-01-23 05:00:00","2025-01-23 06:00:00","2025-05-25 06:28:27"
Nederland,WindOffshore,Hour,3244361,3244361,0,0,"2025-01-23 06:00:00","2025-01-23 07:00:00","2025-05-25 06:28:27"
Nederland,WindOffshore,Hour,3061148,3061148,0,0,"2025-01-23 07:00:00","2025-01-23 08:00:00","2025-05-25 06:28:27"
Nederland,WindOffshore,Hour,2674484,2674484,0,0,"2025-01-23 08:00:00","2025-01-23 09:00:00","2025-05-25 06:28:27"
Nederland,WindOffshore,Hour,2996146,2996146,0,0,"2025-01-23 09:00:00","2025-01-23 10:00:00","2025-05-25 06:28:27"
Nederland,WindOffshore,Hour,3727028,3727028,0,0,"2025-01-23 10:00:00","2025-01-23 11:00:00","2025-05-25 06:28:27"
Nederland,WindOffshore,Hour,3924818,3924818,0,0,"2025-01-23 11:00:00","2025-01-23 12:00:00","2025-05-25 06:28:27"
Nederland,WindOffshore,Hour,3864920,3864920,0,0,"2025-01-23 12:00:00","2025-01-23 13:00:00","2025-05-25 06:28:27"
Nederland,WindOffshore,Hour,3875740,3875740,0,0,"2025-01-23 13:00:00","2025-01-23 14:00:00","2025-05-25 06:28:27"
Nederland,WindOffshore,Hour,3936694,3936694,0,0,"2025-01-23 14:00:00","2025-01-23 15:00:00","2025-05-25 06:28:27"
Nederland,WindOffshore,Hour,3985497,3985497,0,0,"2025-01-23 15:00:00","2025-01-23 16:00:00","2025-05-25 06:28:27"
Nederland,WindOffshore,Hour,4107394,4107394,0,0,"2025-01-23 16:00:00","2025-01-23 17:00:00","2025-05-25 06:28:27"
Nederland,WindOffshore,Hour,4157915,4157915,0,0,"2025-01-23 17:00:00","2025-01-23 18:00:00","2025-05-25 06:28:27"
Nederland,WindOffshore,Hour,4158000,4158000,0,0,"2025-01-23 18:00:00","2025-01-23 19:00:00","2025-05-25 06:28:27"
Nederland,WindOffshore,Hour,4158000,4158000,0,0,"2025-01-23 19:00:00","2025-01-23 20:00:00","2025-05-25 06:28:27"
Nederland,WindOffshore,Hour,4157981,4157981,0,0,"2025-01-23 20:00:00","2025-01-23 21:00:00","2025-05-25 06:28:27"
Nederland,WindOffshore,Hour,4133612,4133612,0,0,"2025-01-23 21:00:00","2025-01-23 22:00:00","2025-05-25 06:28:27"
Nederland,WindOffshore,Hour,4062357,4062357,0,0,"2025-01-23 22:00:00","2025-01-23 23:00:00","2025-05-25 06:28:27"
Nederland,WindOffshore,Hour,4026916,4026916,0,0,"2025-01-23 23:00:00","2025-01-24 00:00:00","2025-05-25 06:28:27"
Nederland,WindOffshore,Hour,3953607,3953607,0,0,"2025-01-24 00:00:00","2025-01-24 01:00:00","2025-05-26 06:28:46"
Nederland,WindOffshore,Hour,3867603,3867603,0,0,"2025-01-24 01:00:00","2025-01-24 02:00:00","2025-05-26 06:28:46"
Nederland,WindOffshore,Hour,3462654,3462654,0,0,"2025-01-24 02:00:00","2025-01-24 03:00:00","2025-05-26 06:28:46"
Nederland,WindOffshore,Hour,3687154,3687154,0,0,"2025-01-24 03:00:00","2025-01-24 04:00:00","2025-05-26 06:28:46"
Nederland,WindOffshore,Hour,4078335,4078335,0,0,"2025-01-24 04:00:00","2025-01-24 05:00:00","2025-05-26 06:28:46"
Nederland,WindOffshore,Hour,4146597,4146597,0,0,"2025-01-24 05:00:00","2025-01-24 06:00:00","2025-05-26 06:28:46"
Nederland,WindOffshore,Hour,4158000,4158000,0,0,"2025-01-24 06:00:00","2025-01-24 07:00:00","2025-05-26 06:28:46"
Nederland,WindOffshore,Hour,4158000,4158000,0,0,"2025-01-24 07:00:00","2025-01-24 08:00:00","2025-05-26 06:28:46"
Nederland,WindOffshore,Hour,4158000,4158000,0,0,"2025-01-24 08:00:00","2025-01-24 09:00:00","2025-05-26 06:28:46"
Nederland,WindOffshore,Hour,4158000,4158000,0,0,"2025-01-24 09:00:00","2025-01-24 10:00:00","2025-05-26 06:28:46"
Nederland,WindOffshore,Hour,4158000,4158000,0,0,"2025-01-24 10:00:00","2025-01-24 11:00:00","2025-05-26 06:28:46"
Nederland,WindOffshore,Hour,4158000,4158000,0,0,"2025-01-24 11:00:00","2025-01-24 12:00:00","2025-05-26 06:28:46"
Nederland,WindOffshore,Hour,4158000,4158000,0,0,"2025-01-24 12:00:00","2025-01-24 13:00:00","2025-05-26 06:28:46"
Nederland,WindOffshore,Hour,4158000,4158000,0,0,"2025-01-24 13:00:00","2025-01-24 14:00:00","2025-05-26 06:28:46"
Nederland,WindOffshore,Hour,4157591,4157591,0,0,"2025-01-24 14:00:00","2025-01-24 15:00:00","2025-05-26 06:28:46"
Nederland,WindOffshore,Hour,4152127,4152127,0,0,"2025-01-24 15:00:00","2025-01-24 16:00:00","2025-05-26 06:28:46"
Nederland,WindOffshore,Hour,4141216,4141216,0,0,"2025-01-24 16:00:00","2025-01-24 17:00:00","2025-05-26 06:28:46"
Nederland,WindOffshore,Hour,4128933,4128933,0,0,"2025-01-24 17:00:00","2025-01-24 18:00:00","2025-05-26 06:28:46"
Nederland,WindOffshore,Hour,4078360,4078360,0,0,"2025-01-24 18:00:00","2025-01-24 19:00:00","2025-05-26 06:28:46"
Nederland,WindOffshore,Hour,3692229,3692229,0,0,"2025-01-24 19:00:00","2025-01-24 20:00:00","2025-05-26 06:28:46"
Nederland,WindOffshore,Hour,3394853,3394853,0,0,"2025-01-24 20:00:00","2025-01-24 21:00:00","2025-05-26 06:28:46"
Nederland,WindOffshore,Hour,3216101,3216101,0,0,"2025-01-24 21:00:00","2025-01-24 22:00:00","2025-05-26 06:28:46"
Nederland,WindOffshore,Hour,2766240,2766240,0,0,"2025-01-24 22:00:00","2025-01-24 23:00:00","2025-05-26 06:28:46"
Nederland,WindOffshore,Hour,2471711,2471711,0,0,"2025-01-24 23:00:00","2025-01-25 00:00:00","2025-05-26 06:28:46"
Nederland,WindOffshore,Hour,2390926,2390926,0,0,"2025-01-25 00:00:00","2025-01-25 01:00:00","2025-05-27 06:29:00"
Nederland,WindOffshore,Hour,1930877,1930877,0,0,"2025-01-25 01:00:00","2025-01-25 02:00:00","2025-05-27 06:29:00"
Nederland,WindOffshore,Hour,2030180,2030180,0,0,"2025-01-25 02:00:00","2025-01-25 03:00:00","2025-05-27 06:29:00"
Nederland,WindOffshore,Hour,1951367,1951367,0,0,"2025-01-25 03:00:00","2025-01-25 04:00:00","2025-05-27 06:29:00"
Nederland,WindOffshore,Hour,1317684,1317684,0,0,"2025-01-25 04:00:00","2025-01-25 05:00:00","2025-05-27 06:29:00"
Nederland,WindOffshore,Hour,1287998,1287998,0,0,"2025-01-25 05:00:00","2025-01-25 06:00:00","2025-05-27 06:29:00"
Nederland,WindOffshore,Hour,1588118,1588118,0,0,"2025-01-25 06:00:00","2025-01-25 07:00:00","2025-05-27 06:29:00"
Nederland,WindOffshore,Hour,1859762,1859762,0,0,"2025-01-25 07:00:00","2025-01-25 08:00:00","2025-05-27 06:29:00"
Nederland,WindOffshore,Hour,1972656,1972656,0,0,"2025-01-25 08:00:00","2025-01-25 09:00:00","2025-05-27 06:29:00"
Nederland,WindOffshore,Hour,2001747,2001747,0,0,"2025-01-25 09:00:00","2025-01-25 10:00:00","2025-05-27 06:29:00"
Nederland,WindOffshore,Hour,2125653,2125653,0,0,"2025-01-25 10:00:00","2025-01-25 11:00:00","2025-05-27 06:29:00"
Nederland,WindOffshore,Hour,1815064,1815064,0,0,"2025-01-25 11:00:00","2025-01-25 12:00:00","2025-05-27 06:29:00"
Nederland,WindOffshore,Hour,1209340,1209340,0,0,"2025-01-25 12:00:00","2025-01-25 13:00:00","2025-05-27 06:29:00"
Nederland,WindOffshore,Hour,634287,634287,0,0,"2025-01-25 13:00:00","2025-01-25 14:00:00","2025-05-27 06:29:00"
Nederland,WindOffshore,Hour,466465,466465,0,0,"2025-01-25 14:00:00","2025-01-25 15:00:00","2025-05-27 06:29:00"
Nederland,WindOffshore,Hour,384239,384239,0,0,"2025-01-25 15:00:00","2025-01-25 16:00:00","2025-05-27 06:29:00"
Nederland,WindOffshore,Hour,145104,145104,0,0,"2025-01-25 16:00:00","2025-01-25 17:00:00","2025-05-27 06:29:00"
Nederland,WindOffshore,Hour,80257,80257,0,0,"2025-01-25 17:00:00","2025-01-25 18:00:00","2025-05-27 06:29:00"
Nederland,WindOffshore,Hour,96560,96560,0,0,"2025-01-25 18:00:00","2025-01-25 19:00:00","2025-05-27 06:29:00"
Nederland,WindOffshore,Hour,47183,47183,0,0,"2025-01-25 19:00:00","2025-01-25 20:00:00","2025-05-27 06:29:00"
Nederland,WindOffshore,Hour,28631,28631,0,0,"2025-01-25 20:00:00","2025-01-25 21:00:00","2025-05-27 06:29:00"
Nederland,WindOffshore,Hour,8829,8829,0,0,"2025-01-25 21:00:00","2025-01-25 22:00:00","2025-05-27 06:29:00"
Nederland,WindOffshore,Hour,0,0,0,0,"2025-01-25 22:00:00","2025-01-25 23:00:00","2025-05-27 06:29:00"
Nederland,WindOffshore,Hour,7350,7350,0,0,"2025-01-25 23:00:00","2025-01-26 00:00:00","2025-05-27 06:29:00"
Nederland,WindOffshore,Hour,12110,12110,0,0,"2025-01-26 00:00:00","2025-01-26 01:00:00","2025-05-28 06:28:34"
Nederland,WindOffshore,Hour,7222,7222,0,0,"2025-01-26 01:00:00","2025-01-26 02:00:00","2025-05-28 06:28:34"
Nederland,WindOffshore,Hour,0,0,0,0,"2025-01-26 02:00:00","2025-01-26 03:00:00","2025-05-28 06:28:34"
Nederland,WindOffshore,Hour,0,0,0,0,"2025-01-26 03:00:00","2025-01-26 04:00:00","2025-05-28 06:28:34"
Nederland,WindOffshore,Hour,3619,3619,0,0,"2025-01-26 04:00:00","2025-01-26 05:00:00","2025-05-28 06:28:34"
Nederland,WindOffshore,Hour,108080,108080,0,0,"2025-01-26 05:00:00","2025-01-26 06:00:00","2025-05-28 06:28:34"
Nederland,WindOffshore,Hour,432673,432673,0,0,"2025-01-26 06:00:00","2025-01-26 07:00:00","2025-05-28 06:28:34"
Nederland,WindOffshore,Hour,1614548,1614548,0,0,"2025-01-26 07:00:00","2025-01-26 08:00:00","2025-05-28 06:28:34"
Nederland,WindOffshore,Hour,2567002,2567002,0,0,"2025-01-26 08:00:00","2025-01-26 09:00:00","2025-05-28 06:28:34"
Nederland,WindOffshore,Hour,3363185,3363185,0,0,"2025-01-26 09:00:00","2025-01-26 10:00:00","2025-05-28 06:28:34"
Nederland,WindOffshore,Hour,3403254,3403254,0,0,"2025-01-26 10:00:00","2025-01-26 11:00:00","2025-05-28 06:28:34"
Nederland,WindOffshore,Hour,3595084,3595084,0,0,"2025-01-26 11:00:00","2025-01-26 12:00:00","2025-05-28 06:28:34"
Nederland,WindOffshore,Hour,3797551,3797551,0,0,"2025-01-26 12:00:00","2025-01-26 13:00:00","2025-05-28 06:28:34"
Nederland,WindOffshore,Hour,3907434,3907434,0,0,"2025-01-26 13:00:00","2025-01-26 14:00:00","2025-05-28 06:28:34"
Nederland,WindOffshore,Hour,3898255,3898255,0,0,"2025-01-26 14:00:00","2025-01-26 15:00:00","2025-05-28 06:28:34"
Nederland,WindOffshore,Hour,3961711,3961711,0,0,"2025-01-26 15:00:00","2025-01-26 16:00:00","2025-05-28 06:28:34"
Nederland,WindOffshore,Hour,3969771,3969771,0,0,"2025-01-26 16:00:00","2025-01-26 17:00:00","2025-05-28 06:28:34"
Nederland,WindOffshore,Hour,4099127,4099127,0,0,"2025-01-26 17:00:00","2025-01-26 18:00:00","2025-05-28 06:28:34"
Nederland,WindOffshore,Hour,4137720,4137720,0,0,"2025-01-26 18:00:00","2025-01-26 19:00:00","2025-05-28 06:28:34"
Nederland,WindOffshore,Hour,4158000,4158000,0,0,"2025-01-26 19:00:00","2025-01-26 20:00:00","2025-05-28 06:28:34"
Nederland,WindOffshore,Hour,4157977,4157977,0,0,"2025-01-26 20:00:00","2025-01-26 21:00:00","2025-05-28 06:28:34"
Nederland,WindOffshore,Hour,4157278,4157278,0,0,"2025-01-26 21:00:00","2025-01-26 22:00:00","2025-05-28 06:28:34"
Nederland,WindOffshore,Hour,4156486,4156486,0,0,"2025-01-26 22:00:00","2025-01-26 23:00:00","2025-05-28 06:28:34"
Nederland,WindOffshore,Hour,4155664,4155664,0,0,"2025-01-26 23:00:00","2025-01-27 00:00:00","2025-05-28 06:28:34"
Nederland,WindOffshore,Hour,4154988,4154988,0,0,"2025-01-27 00:00:00","2025-01-27 01:00:00","2025-05-29 06:28:25"
Nederland,WindOffshore,Hour,4153664,4153664,0,0,"2025-01-27 01:00:00","2025-01-27 02:00:00","2025-05-29 06:28:25"
Nederland,WindOffshore,Hour,4155039,4155039,0,0,"2025-01-27 02:00:00","2025-01-27 03:00:00","2025-05-29 06:28:25"
Nederland,WindOffshore,Hour,4157851,4157851,0,0,"2025-01-27 03:00:00","2025-01-27 04:00:00","2025-05-29 06:28:25"
Nederland,WindOffshore,Hour,4158000,4158000,0,0,"2025-01-27 04:00:00","2025-01-27 05:00:00","2025-05-29 06:28:25"
Nederland,WindOffshore,Hour,4158000,4158000,0,0,"2025-01-27 05:00:00","2025-01-27 06:00:00","2025-05-29 06:28:25"
Nederland,WindOffshore,Hour,4158000,4158000,0,0,"2025-01-27 06:00:00","2025-01-27 07:00:00","2025-05-29 06:28:25"
Nederland,WindOffshore,Hour,4157690,4157690,0,0,"2025-01-27 07:00:00","2025-01-27 08:00:00","2025-05-29 06:28:25"
Nederland,WindOffshore,Hour,4157930,4157930,0,0,"2025-01-27 08:00:00","2025-01-27 09:00:00","2025-05-29 06:28:25"
Nederland,WindOffshore,Hour,4158000,4158000,0,0,"2025-01-27 09:00:00","2025-01-27 10:00:00","2025-05-29 06:28:25"
Nederland,WindOffshore,Hour,4158000,4158000,0,0,"2025-01-27 10:00:00","2025-01-27 11:00:00","2025-05-29 06:28:25"
Nederland,WindOffshore,Hour,4133290,4133290,0,0,"2025-01-27 11:00:00","2025-01-27 12:00:00","2025-05-29 06:28:25"
Nederland,WindOffshore,Hour,4129306,4129306,0,0,"2025-01-27 12:00:00","2025-01-27 13:00:00","2025-05-29 06:28:25"
Nederland,WindOffshore,Hour,4112704,4112704,0,0,"2025-01-27 13:00:00","2025-01-27 14:00:00","2025-05-29 06:28:25"
Nederland,WindOffshore,Hour,4075688,4075688,0,0,"2025-01-27 14:00:00","2025-01-27 15:00:00","2025-05-29 06:28:25"
Nederland,WindOffshore,Hour,4060987,4060987,0,0,"2025-01-27 15:00:00","2025-01-27 16:00:00","2025-05-29 06:28:25"
Nederland,WindOffshore,Hour,4005441,4005441,0,0,"2025-01-27 16:00:00","2025-01-27 17:00:00","2025-05-29 06:28:25"
Nederland,WindOffshore,Hour,4031082,4031082,0,0,"2025-01-27 17:00:00","2025-01-27 18:00:00","2025-05-29 06:28:25"
Nederland,WindOffshore,Hour,4131577,4131577,0,0,"2025-01-27 18:00:00","2025-01-27 19:00:00","2025-05-29 06:28:25"
Nederland,WindOffshore,Hour,4128413,4128413,0,0,"2025-01-27 19:00:00","2025-01-27 20:00:00","2025-05-29 06:28:25"
Nederland,WindOffshore,Hour,4111582,4111582,0,0,"2025-01-27 20:00:00","2025-01-27 21:00:00","2025-05-29 06:28:25"
Nederland,WindOffshore,Hour,4109230,4109230,0,0,"2025-01-27 21:00:00","2025-01-27 22:00:00","2025-05-29 06:28:25"
Nederland,WindOffshore,Hour,4135496,4135496,0,0,"2025-01-27 22:00:00","2025-01-27 23:00:00","2025-05-29 06:28:25"
Nederland,WindOffshore,Hour,4156086,4156086,0,0,"2025-01-27 23:00:00","2025-01-28 00:00:00","2025-05-29 06:28:25"
Nederland,WindOffshore,Hour,4157923,4157923,0,0,"2025-01-28 00:00:00","2025-01-28 01:00:00","2025-05-30 06:28:44"
Nederland,WindOffshore,Hour,4157849,4157849,0,0,"2025-01-28 01:00:00","2025-01-28 02:00:00","2025-05-30 06:28:44"
Nederland,WindOffshore,Hour,4153251,4153251,0,0,"2025-01-28 02:00:00","2025-01-28 03:00:00","2025-05-30 06:28:44"
Nederland,WindOffshore,Hour,4139162,4139162,0,0,"2025-01-28 03:00:00","2025-01-28 04:00:00","2025-05-30 06:28:44"
Nederland,WindOffshore,Hour,4117301,4117301,0,0,"2025-01-28 04:00:00","2025-01-28 05:00:00","2025-05-30 06:28:44"
Nederland,WindOffshore,Hour,4136791,4136791,0,0,"2025-01-28 05:00:00","2025-01-28 06:00:00","2025-05-30 06:28:44"
Nederland,WindOffshore,Hour,4157634,4157634,0,0,"2025-01-28 06:00:00","2025-01-28 07:00:00","2025-05-30 06:28:44"
Nederland,WindOffshore,Hour,4158000,4158000,0,0,"2025-01-28 07:00:00","2025-01-28 08:00:00","2025-05-30 06:28:44"
Nederland,WindOffshore,Hour,4151197,4151197,0,0,"2025-01-28 08:00:00","2025-01-28 09:00:00","2025-05-30 06:28:44"
Nederland,WindOffshore,Hour,4145329,4145329,0,0,"2025-01-28 09:00:00","2025-01-28 10:00:00","2025-05-30 06:28:44"
Nederland,WindOffshore,Hour,4155595,4155595,0,0,"2025-01-28 10:00:00","2025-01-28 11:00:00","2025-05-30 06:28:44"
Nederland,WindOffshore,Hour,4144790,4144790,0,0,"2025-01-28 11:00:00","2025-01-28 12:00:00","2025-05-30 06:28:44"
Nederland,WindOffshore,Hour,4137464,4137464,0,0,"2025-01-28 12:00:00","2025-01-28 13:00:00","2025-05-30 06:28:44"
Nederland,WindOffshore,Hour,4048048,4048048,0,0,"2025-01-28 13:00:00","2025-01-28 14:00:00","2025-05-30 06:28:44"
Nederland,WindOffshore,Hour,2878071,2878071,0,0,"2025-01-28 14:00:00","2025-01-28 15:00:00","2025-05-30 06:28:44"
Nederland,WindOffshore,Hour,3865844,3865844,0,0,"2025-01-28 15:00:00","2025-01-28 16:00:00","2025-05-30 06:28:44"
Nederland,WindOffshore,Hour,4115059,4115059,0,0,"2025-01-28 16:00:00","2025-01-28 17:00:00","2025-05-30 06:28:44"
Nederland,WindOffshore,Hour,4105977,4105977,0,0,"2025-01-28 17:00:00","2025-01-28 18:00:00","2025-05-30 06:28:44"
Nederland,WindOffshore,Hour,3956776,3956776,0,0,"2025-01-28 18:00:00","2025-01-28 19:00:00","2025-05-30 06:28:44"
Nederland,WindOffshore,Hour,3830475,3830475,0,0,"2025-01-28 19:00:00","2025-01-28 20:00:00","2025-05-30 06:28:44"
Nederland,WindOffshore,Hour,3694019,3694019,0,0,"2025-01-28 20:00:00","2025-01-28 21:00:00","2025-05-30 06:28:44"
Nederland,WindOffshore,Hour,3663466,3663466,0,0,"2025-01-28 21:00:00","2025-01-28 22:00:00","2025-05-30 06:28:44"
Nederland,WindOffshore,Hour,3912379,3912379,0,0,"2025-01-28 22:00:00","2025-01-28 23:00:00","2025-05-30 06:28:44"
Nederland,WindOffshore,Hour,3993933,3993933,0,0,"2025-01-28 23:00:00","2025-01-29 00:00:00","2025-05-30 06:28:44"
Nederland,WindOffshore,Hour,4033368,4033368,0,0,"2025-01-29 00:00:00","2025-01-29 01:00:00","2025-05-31 06:28:36"
Nederland,WindOffshore,Hour,3994712,3994712,0,0,"2025-01-29 01:00:00","2025-01-29 02:00:00","2025-05-31 06:28:36"
Nederland,WindOffshore,Hour,3925346,3925346,0,0,"2025-01-29 02:00:00","2025-01-29 03:00:00","2025-05-31 06:28:36"
Nederland,WindOffshore,Hour,3818579,3818579,0,0,"2025-01-29 03:00:00","2025-01-29 04:00:00","2025-05-31 06:28:36"
Nederland,WindOffshore,Hour,3691233,3691233,0,0,"2025-01-29 04:00:00","2025-01-29 05:00:00","2025-05-31 06:28:36"
Nederland,WindOffshore,Hour,3811321,3811321,0,0,"2025-01-29 05:00:00","2025-01-29 06:00:00","2025-05-31 06:28:36"
Nederland,WindOffshore,Hour,3971563,3971563,0,0,"2025-01-29 06:00:00","2025-01-29 07:00:00","2025-05-31 06:28:36"
Nederland,WindOffshore,Hour,4019376,4019376,0,0,"2025-01-29 07:00:00","2025-01-29 08:00:00","2025-05-31 06:28:36"
Nederland,WindOffshore,Hour,3886712,3886712,0,0,"2025-01-29 08:00:00","2025-01-29 09:00:00","2025-05-31 06:28:36"
Nederland,WindOffshore,Hour,3764863,3764863,0,0,"2025-01-29 09:00:00","2025-01-29 10:00:00","2025-05-31 06:28:36"
Nederland,WindOffshore,Hour,3382391,3382391,0,0,"2025-01-29 10:00:00","2025-01-29 11:00:00","2025-05-31 06:28:36"
Nederland,WindOffshore,Hour,2887483,2887483,0,0,"2025-01-29 11:00:00","2025-01-29 12:00:00","2025-05-31 06:28:36"
Nederland,WindOffshore,Hour,2850371,2850371,0,0,"2025-01-29 12:00:00","2025-01-29 13:00:00","2025-05-31 06:28:36"
Nederland,WindOffshore,Hour,2682277,2682277,0,0,"2025-01-29 13:00:00","2025-01-29 14:00:00","2025-05-31 06:28:36"
Nederland,WindOffshore,Hour,2224930,2224930,0,0,"2025-01-29 14:00:00","2025-01-29 15:00:00","2025-05-31 06:28:36"
Nederland,WindOffshore,Hour,1742928,1742928,0,0,"2025-01-29 15:00:00","2025-01-29 16:00:00","2025-05-31 06:28:36"
Nederland,WindOffshore,Hour,1419685,1419685,0,0,"2025-01-29 16:00:00","2025-01-29 17:00:00","2025-05-31 06:28:36"
Nederland,WindOffshore,Hour,1105197,1105197,0,0,"2025-01-29 17:00:00","2025-01-29 18:00:00","2025-05-31 06:28:36"
Nederland,WindOffshore,Hour,713556,713556,0,0,"2025-01-29 18:00:00","2025-01-29 19:00:00","2025-05-31 06:28:36"
Nederland,WindOffshore,Hour,283726,283726,0,0,"2025-01-29 19:00:00","2025-01-29 20:00:00","2025-05-31 06:28:36"
Nederland,WindOffshore,Hour,182313,182313,0,0,"2025-01-29 20:00:00","2025-01-29 21:00:00","2025-05-31 06:28:36"
Nederland,WindOffshore,Hour,301716,301716,0,0,"2025-01-29 21:00:00","2025-01-29 22:00:00","2025-05-31 06:28:36"
Nederland,WindOffshore,Hour,257299,257299,0,0,"2025-01-29 22:00:00","2025-01-29 23:00:00","2025-05-31 06:28:36"
Nederland,WindOffshore,Hour,417803,417803,0,0,"2025-01-29 23:00:00","2025-01-30 00:00:00","2025-05-31 06:28:36"
Nederland,WindOffshore,Hour,406738,406738,0,0,"2025-01-30 00:00:00","2025-01-30 01:00:00","2025-06-01 06:28:26"
Nederland,WindOffshore,Hour,290724,290724,0,0,"2025-01-30 01:00:00","2025-01-30 02:00:00","2025-06-01 06:28:26"
Nederland,WindOffshore,Hour,360025,360025,0,0,"2025-01-30 02:00:00","2025-01-30 03:00:00","2025-06-01 06:28:26"
Nederland,WindOffshore,Hour,763181,763181,0,0,"2025-01-30 03:00:00","2025-01-30 04:00:00","2025-06-01 06:28:26"
Nederland,WindOffshore,Hour,658013,658013,0,0,"2025-01-30 04:00:00","2025-01-30 05:00:00","2025-06-01 06:28:26"
Nederland,WindOffshore,Hour,970744,970744,0,0,"2025-01-30 05:00:00","2025-01-30 06:00:00","2025-06-01 06:28:26"
Nederland,WindOffshore,Hour,1399332,1399332,0,0,"2025-01-30 06:00:00","2025-01-30 07:00:00","2025-06-01 06:28:26"
Nederland,WindOffshore,Hour,1593106,1593106,0,0,"2025-01-30 07:00:00","2025-01-30 08:00:00","2025-06-01 06:28:26"
Nederland,WindOffshore,Hour,1590292,1590292,0,0,"2025-01-30 08:00:00","2025-01-30 09:00:00","2025-06-01 06:28:26"
Nederland,WindOffshore,Hour,1800883,1800883,0,0,"2025-01-30 09:00:00","2025-01-30 10:00:00","2025-06-01 06:28:26"
Nederland,WindOffshore,Hour,1993692,1993692,0,0,"2025-01-30 10:00:00","2025-01-30 11:00:00","2025-06-01 06:28:26"
Nederland,WindOffshore,Hour,1914995,1914995,0,0,"2025-01-30 11:00:00","2025-01-30 12:00:00","2025-06-01 06:28:26"
Nederland,WindOffshore,Hour,1722184,1722184,0,0,"2025-01-30 12:00:00","2025-01-30 13:00:00","2025-06-01 06:28:26"
Nederland,WindOffshore,Hour,1442340,1442340,0,0,"2025-01-30 13:00:00","2025-01-30 14:00:00","2025-06-01 06:28:26"
Nederland,WindOffshore,Hour,1307432,1307432,0,0,"2025-01-30 14:00:00","2025-01-30 15:00:00","2025-06-01 06:28:26"
Nederland,WindOffshore,Hour,1285422,1285422,0,0,"2025-01-30 15:00:00","2025-01-30 16:00:00","2025-06-01 06:28:26"
Nederland,WindOffshore,Hour,1144505,1144505,0,0,"2025-01-30 16:00:00","2025-01-30 17:00:00","2025-06-01 06:28:26"
Nederland,WindOffshore,Hour,1461462,1461462,0,0,"2025-01-30 17:00:00","2025-01-30 18:00:00","2025-06-01 06:28:26"
Nederland,WindOffshore,Hour,1968386,1968386,0,0,"2025-01-30 18:00:00","2025-01-30 19:00:00","2025-06-01 06:28:26"
Nederland,WindOffshore,Hour,1846449,1846449,0,0,"2025-01-30 19:00:00","2025-01-30 20:00:00","2025-06-01 06:28:26"
Nederland,WindOffshore,Hour,1563938,1563938,0,0,"2025-01-30 20:00:00","2025-01-30 21:00:00","2025-06-01 06:28:26"
Nederland,WindOffshore,Hour,1429320,1429320,0,0,"2025-01-30 21:00:00","2025-01-30 22:00:00","2025-06-01 06:28:26"
Nederland,WindOffshore,Hour,1119438,1119438,0,0,"2025-01-30 22:00:00","2025-01-30 23:00:00","2025-06-01 06:28:26"
Nederland,WindOffshore,Hour,1307916,1307916,0,0,"2025-01-30 23:00:00","2025-01-31 00:00:00","2025-06-01 06:28:26"
Nederland,WindOffshore,Hour,1474953,1474953,0,0,"2025-01-31 00:00:00","2025-01-31 01:00:00","2025-06-02 06:28:45"
Nederland,WindOffshore,Hour,1377014,1377014,0,0,"2025-01-31 01:00:00","2025-01-31 02:00:00","2025-06-02 06:28:45"
Nederland,WindOffshore,Hour,1354319,1354319,0,0,"2025-01-31 02:00:00","2025-01-31 03:00:00","2025-06-02 06:28:45"
Nederland,WindOffshore,Hour,947595,947595,0,0,"2025-01-31 03:00:00","2025-01-31 04:00:00","2025-06-02 06:28:45"
Nederland,WindOffshore,Hour,973092,973092,0,0,"2025-01-31 04:00:00","2025-01-31 05:00:00","2025-06-02 06:28:45"
Nederland,WindOffshore,Hour,890031,890031,0,0,"2025-01-31 05:00:00","2025-01-31 06:00:00","2025-06-02 06:28:45"
Nederland,WindOffshore,Hour,955652,955652,0,0,"2025-01-31 06:00:00","2025-01-31 07:00:00","2025-06-02 06:28:45"
Nederland,WindOffshore,Hour,1112189,1112189,0,0,"2025-01-31 07:00:00","2025-01-31 08:00:00","2025-06-02 06:28:45"
Nederland,WindOffshore,Hour,1215575,1215575,0,0,"2025-01-31 08:00:00","2025-01-31 09:00:00","2025-06-02 06:28:45"
Nederland,WindOffshore,Hour,891389,891389,0,0,"2025-01-31 09:00:00","2025-01-31 10:00:00","2025-06-02 06:28:45"
Nederland,WindOffshore,Hour,473845,473845,0,0,"2025-01-31 10:00:00","2025-01-31 11:00:00","2025-06-02 06:28:45"
Nederland,WindOffshore,Hour,341482,341482,0,0,"2025-01-31 11:00:00","2025-01-31 12:00:00","2025-06-02 06:28:45"
Nederland,WindOffshore,Hour,502961,502961,0,0,"2025-01-31 12:00:00","2025-01-31 13:00:00","2025-06-02 06:28:45"
Nederland,WindOffshore,Hour,804440,804440,0,0,"2025-01-31 13:00:00","2025-01-31 14:00:00","2025-06-02 06:28:45"
Nederland,WindOffshore,Hour,1023592,1023592,0,0,"2025-01-31 14:00:00","2025-01-31 15:00:00","2025-06-02 06:28:45"
Nederland,WindOffshore,Hour,1101640,1101640,0,0,"2025-01-31 15:00:00","2025-01-31 16:00:00","2025-06-02 06:28:45"
Nederland,WindOffshore,Hour,983101,983101,0,0,"2025-01-31 16:00:00","2025-01-31 17:00:00","2025-06-02 06:28:45"
Nederland,WindOffshore,Hour,935408,935408,0,0,"2025-01-31 17:00:00","2025-01-31 18:00:00","2025-06-02 06:28:45"
Nederland,WindOffshore,Hour,728754,728754,0,0,"2025-01-31 18:00:00","2025-01-31 19:00:00","2025-06-02 06:28:45"
Nederland,WindOffshore,Hour,754650,754650,0,0,"2025-01-31 19:00:00","2025-01-31 20:00:00","2025-06-02 06:28:45"
Nederland,WindOffshore,Hour,527811,527811,0,0,"2025-01-31 20:00:00","2025-01-31 21:00:00","2025-06-02 06:28:45"
Nederland,WindOffshore,Hour,436272,436272,0,0,"2025-01-31 21:00:00","2025-01-31 22:00:00","2025-06-02 06:28:45"
Nederland,WindOffshore,Hour,347802,347802,0,0,"2025-01-31 22:00:00","2025-01-31 23:00:00","2025-06-02 06:28:45"
Nederland,WindOffshore,Hour,366458,366458,0,0,"2025-01-31 23:00:00","2025-02-01 00:00:00","2025-06-02 06:28:45"
Nederland,WindOffshore,Hour,363113,363113,0,0,"2025-02-01 00:00:00","2025-02-01 01:00:00","2025-06-03 06:28:33"
Nederland,WindOffshore,Hour,313690,313690,0,0,"2025-02-01 01:00:00","2025-02-01 02:00:00","2025-06-03 06:28:33"
Nederland,WindOffshore,Hour,253562,253562,0,0,"2025-02-01 02:00:00","2025-02-01 03:00:00","2025-06-03 06:28:33"
Nederland,WindOffshore,Hour,185402,185402,0,0,"2025-02-01 03:00:00","2025-02-01 04:00:00","2025-06-03 06:28:33"
Nederland,WindOffshore,Hour,101704,101704,0,0,"2025-02-01 04:00:00","2025-02-01 05:00:00","2025-06-03 06:28:33"
Nederland,WindOffshore,Hour,80681,80681,0,0,"2025-02-01 05:00:00","2025-02-01 06:00:00","2025-06-03 06:28:33"
Nederland,WindOffshore,Hour,78264,78264,0,0,"2025-02-01 06:00:00","2025-02-01 07:00:00","2025-06-03 06:28:33"
Nederland,WindOffshore,Hour,154643,154643,0,0,"2025-02-01 07:00:00","2025-02-01 08:00:00","2025-06-03 06:28:33"
Nederland,WindOffshore,Hour,271770,271770,0,0,"2025-02-01 08:00:00","2025-02-01 09:00:00","2025-06-03 06:28:33"
Nederland,WindOffshore,Hour,364994,364994,0,0,"2025-02-01 09:00:00","2025-02-01 10:00:00","2025-06-03 06:28:33"
Nederland,WindOffshore,Hour,519334,519334,0,0,"2025-02-01 10:00:00","2025-02-01 11:00:00","2025-06-03 06:28:33"
Nederland,WindOffshore,Hour,529494,529494,0,0,"2025-02-01 11:00:00","2025-02-01 12:00:00","2025-06-03 06:28:33"
Nederland,WindOffshore,Hour,380094,380094,0,0,"2025-02-01 12:00:00","2025-02-01 13:00:00","2025-06-03 06:28:33"
Nederland,WindOffshore,Hour,304649,304649,0,0,"2025-02-01 13:00:00","2025-02-01 14:00:00","2025-06-03 06:28:33"
Nederland,WindOffshore,Hour,181137,181137,0,0,"2025-02-01 14:00:00","2025-02-01 15:00:00","2025-06-03 06:28:33"
Nederland,WindOffshore,Hour,92384,92384,0,0,"2025-02-01 15:00:00","2025-02-01 16:00:00","2025-06-03 06:28:33"
Nederland,WindOffshore,Hour,130201,130201,0,0,"2025-02-01 16:00:00","2025-02-01 17:00:00","2025-06-03 06:28:33"
Nederland,WindOffshore,Hour,476253,476253,0,0,"2025-02-01 17:00:00","2025-02-01 18:00:00","2025-06-03 06:28:33"
Nederland,WindOffshore,Hour,749039,749039,0,0,"2025-02-01 18:00:00","2025-02-01 19:00:00","2025-06-03 06:28:33"
Nederland,WindOffshore,Hour,830055,830055,0,0,"2025-02-01 19:00:00","2025-02-01 20:00:00","2025-06-03 06:28:33"
Nederland,WindOffshore,Hour,869295,869295,0,0,"2025-02-01 20:00:00","2025-02-01 21:00:00","2025-06-03 06:28:33"
Nederland,WindOffshore,Hour,1315300,1315300,0,0,"2025-02-01 21:00:00","2025-02-01 22:00:00","2025-06-03 06:28:33"
Nederland,WindOffshore,Hour,1735407,1735407,0,0,"2025-02-01 22:00:00","2025-02-01 23:00:00","2025-06-03 06:28:33"
Nederland,WindOffshore,Hour,2045122,2045122,0,0,"2025-02-01 23:00:00","2025-02-02 00:00:00","2025-06-03 06:28:33"
Nederland,WindOffshore,Hour,2008324,2008324,0,0,"2025-02-02 00:00:00","2025-02-02 01:00:00","2025-06-04 06:28:55"
Nederland,WindOffshore,Hour,1388460,1388460,0,0,"2025-02-02 01:00:00","2025-02-02 02:00:00","2025-06-04 06:28:55"
Nederland,WindOffshore,Hour,857353,857353,0,0,"2025-02-02 02:00:00","2025-02-02 03:00:00","2025-06-04 06:28:55"
Nederland,WindOffshore,Hour,673607,673607,0,0,"2025-02-02 03:00:00","2025-02-02 04:00:00","2025-06-04 06:28:55"
Nederland,WindOffshore,Hour,532996,532996,0,0,"2025-02-02 04:00:00","2025-02-02 05:00:00","2025-06-04 06:28:55"
Nederland,WindOffshore,Hour,754793,754793,0,0,"2025-02-02 05:00:00","2025-02-02 06:00:00","2025-06-04 06:28:55"
Nederland,WindOffshore,Hour,1021918,1021918,0,0,"2025-02-02 06:00:00","2025-02-02 07:00:00","2025-06-04 06:28:55"
Nederland,WindOffshore,Hour,884657,884657,0,0,"2025-02-02 07:00:00","2025-02-02 08:00:00","2025-06-04 06:28:55"
Nederland,WindOffshore,Hour,941990,941990,0,0,"2025-02-02 08:00:00","2025-02-02 09:00:00","2025-06-04 06:28:55"
Nederland,WindOffshore,Hour,975591,975591,0,0,"2025-02-02 09:00:00","2025-02-02 10:00:00","2025-06-04 06:28:55"
Nederland,WindOffshore,Hour,662885,662885,0,0,"2025-02-02 10:00:00","2025-02-02 11:00:00","2025-06-04 06:28:55"
Nederland,WindOffshore,Hour,448700,448700,0,0,"2025-02-02 11:00:00","2025-02-02 12:00:00","2025-06-04 06:28:55"
Nederland,WindOffshore,Hour,347330,347330,0,0,"2025-02-02 12:00:00","2025-02-02 13:00:00","2025-06-04 06:28:55"
Nederland,WindOffshore,Hour,274762,274762,0,0,"2025-02-02 13:00:00","2025-02-02 14:00:00","2025-06-04 06:28:55"
Nederland,WindOffshore,Hour,184493,184493,0,0,"2025-02-02 14:00:00","2025-02-02 15:00:00","2025-06-04 06:28:55"
Nederland,WindOffshore,Hour,112710,112710,0,0,"2025-02-02 15:00:00","2025-02-02 16:00:00","2025-06-04 06:28:55"
Nederland,WindOffshore,Hour,147905,147905,0,0,"2025-02-02 16:00:00","2025-02-02 17:00:00","2025-06-04 06:28:55"
Nederland,WindOffshore,Hour,389457,389457,0,0,"2025-02-02 17:00:00","2025-02-02 18:00:00","2025-06-04 06:28:55"
Nederland,WindOffshore,Hour,452477,452477,0,0,"2025-02-02 18:00:00","2025-02-02 19:00:00","2025-06-04 06:28:55"
Nederland,WindOffshore,Hour,340347,340347,0,0,"2025-02-02 19:00:00","2025-02-02 20:00:00","2025-06-04 06:28:55"
Nederland,WindOffshore,Hour,274602,274602,0,0,"2025-02-02 20:00:00","2025-02-02 21:00:00","2025-06-04 06:28:55"
Nederland,WindOffshore,Hour,317385,317385,0,0,"2025-02-02 21:00:00","2025-02-02 22:00:00","2025-06-04 06:28:55"
Nederland,WindOffshore,Hour,304966,304966,0,0,"2025-02-02 22:00:00","2025-02-02 23:00:00","2025-06-04 06:28:55"
Nederland,WindOffshore,Hour,280738,280738,0,0,"2025-02-02 23:00:00","2025-02-03 00:00:00","2025-06-04 06:28:55"
Nederland,WindOffshore,Hour,523809,523809,0,0,"2025-02-03 00:00:00","2025-02-03 01:00:00","2025-06-05 06:28:39"
Nederland,WindOffshore,Hour,977217,977217,0,0,"2025-02-03 01:00:00","2025-02-03 02:00:00","2025-06-05 06:28:39"
Nederland,WindOffshore,Hour,996516,996516,0,0,"2025-02-03 02:00:00","2025-02-03 03:00:00","2025-06-05 06:28:39"
Nederland,WindOffshore,Hour,903997,903997,0,0,"2025-02-03 03:00:00","2025-02-03 04:00:00","2025-06-05 06:28:39"
Nederland,WindOffshore,Hour,532752,532752,0,0,"2025-02-03 04:00:00","2025-02-03 05:00:00","2025-06-05 06:28:39"
Nederland,WindOffshore,Hour,353352,353352,0,0,"2025-02-03 05:00:00","2025-02-03 06:00:00","2025-06-05 06:28:39"
Nederland,WindOffshore,Hour,355528,355528,0,0,"2025-02-03 06:00:00","2025-02-03 07:00:00","2025-06-05 06:28:39"
Nederland,WindOffshore,Hour,493959,493959,0,0,"2025-02-03 07:00:00","2025-02-03 08:00:00","2025-06-05 06:28:39"
Nederland,WindOffshore,Hour,694535,694535,0,0,"2025-02-03 08:00:00","2025-02-03 09:00:00","2025-06-05 06:28:39"
Nederland,WindOffshore,Hour,1010260,1010260,0,0,"2025-02-03 09:00:00","2025-02-03 10:00:00","2025-06-05 06:28:39"
Nederland,WindOffshore,Hour,1147937,1147937,0,0,"2025-02-03 10:00:00","2025-02-03 11:00:00","2025-06-05 06:28:39"
Nederland,WindOffshore,Hour,1130975,1130975,0,0,"2025-02-03 11:00:00","2025-02-03 12:00:00","2025-06-05 06:28:39"
Nederland,WindOffshore,Hour,1168411,1168411,0,0,"2025-02-03 12:00:00","2025-02-03 13:00:00","2025-06-05 06:28:39"
Nederland,WindOffshore,Hour,1021422,1021422,0,0,"2025-02-03 13:00:00","2025-02-03 14:00:00","2025-06-05 06:28:39"
Nederland,WindOffshore,Hour,880747,880747,0,0,"2025-02-03 14:00:00","2025-02-03 15:00:00","2025-06-05 06:28:39"
Nederland,WindOffshore,Hour,774806,774806,0,0,"2025-02-03 15:00:00","2025-02-03 16:00:00","2025-06-05 06:28:39"
Nederland,WindOffshore,Hour,965526,965526,0,0,"2025-02-03 16:00:00","2025-02-03 17:00:00","2025-06-05 06:28:39"
Nederland,WindOffshore,Hour,1238437,1238437,0,0,"2025-02-03 17:00:00","2025-02-03 18:00:00","2025-06-05 06:28:39"
Nederland,WindOffshore,Hour,1528153,1528153,0,0,"2025-02-03 18:00:00","2025-02-03 19:00:00","2025-06-05 06:28:39"
Nederland,WindOffshore,Hour,1830194,1830194,0,0,"2025-02-03 19:00:00","2025-02-03 20:00:00","2025-06-05 06:28:39"
Nederland,WindOffshore,Hour,1858267,1858267,0,0,"2025-02-03 20:00:00","2025-02-03 21:00:00","2025-06-05 06:28:39"
Nederland,WindOffshore,Hour,2189381,2189381,0,0,"2025-02-03 21:00:00","2025-02-03 22:00:00","2025-06-05 06:28:39"
Nederland,WindOffshore,Hour,2069538,2069538,0,0,"2025-02-03 22:00:00","2025-02-03 23:00:00","2025-06-05 06:28:39"
Nederland,WindOffshore,Hour,2128806,2128806,0,0,"2025-02-03 23:00:00","2025-02-04 00:00:00","2025-06-05 06:28:39"
Nederland,WindOffshore,Hour,2300673,2300673,0,0,"2025-02-04 00:00:00","2025-02-04 01:00:00","2025-06-06 06:28:40"
Nederland,WindOffshore,Hour,2050609,2050609,0,0,"2025-02-04 01:00:00","2025-02-04 02:00:00","2025-06-06 06:28:40"
Nederland,WindOffshore,Hour,2169367,2169367,0,0,"2025-02-04 02:00:00","2025-02-04 03:00:00","2025-06-06 06:28:40"
Nederland,WindOffshore,Hour,2133494,2133494,0,0,"2025-02-04 03:00:00","2025-02-04 04:00:00","2025-06-06 06:28:40"
Nederland,WindOffshore,Hour,2103849,2103849,0,0,"2025-02-04 04:00:00","2025-02-04 05:00:00","2025-06-06 06:28:40"
Nederland,WindOffshore,Hour,2705734,2705734,0,0,"2025-02-04 05:00:00","2025-02-04 06:00:00","2025-06-06 06:28:40"
Nederland,WindOffshore,Hour,3052250,3052250,0,0,"2025-02-04 06:00:00","2025-02-04 07:00:00","2025-06-06 06:28:40"
Nederland,WindOffshore,Hour,3028322,3028322,0,0,"2025-02-04 07:00:00","2025-02-04 08:00:00","2025-06-06 06:28:40"
Nederland,WindOffshore,Hour,3007289,3007289,0,0,"2025-02-04 08:00:00","2025-02-04 09:00:00","2025-06-06 06:28:40"
Nederland,WindOffshore,Hour,3026435,3026435,0,0,"2025-02-04 09:00:00","2025-02-04 10:00:00","2025-06-06 06:28:40"
Nederland,WindOffshore,Hour,3329570,3329570,0,0,"2025-02-04 10:00:00","2025-02-04 11:00:00","2025-06-06 06:28:40"
Nederland,WindOffshore,Hour,3648308,3648308,0,0,"2025-02-04 11:00:00","2025-02-04 12:00:00","2025-06-06 06:28:40"
Nederland,WindOffshore,Hour,3708789,3708789,0,0,"2025-02-04 12:00:00","2025-02-04 13:00:00","2025-06-06 06:28:40"
Nederland,WindOffshore,Hour,3737844,3737844,0,0,"2025-02-04 13:00:00","2025-02-04 14:00:00","2025-06-06 06:28:40"
Nederland,WindOffshore,Hour,3526414,3526414,0,0,"2025-02-04 14:00:00","2025-02-04 15:00:00","2025-06-06 06:28:40"
Nederland,WindOffshore,Hour,3740060,3740060,0,0,"2025-02-04 15:00:00","2025-02-04 16:00:00","2025-06-06 06:28:40"
Nederland,WindOffshore,Hour,3679504,3679504,0,0,"2025-02-04 16:00:00","2025-02-04 17:00:00","2025-06-06 06:28:40"
Nederland,WindOffshore,Hour,3774041,3774041,0,0,"2025-02-04 17:00:00","2025-02-04 18:00:00","2025-06-06 06:28:40"
Nederland,WindOffshore,Hour,3920773,3920773,0,0,"2025-02-04 18:00:00","2025-02-04 19:00:00","2025-06-06 06:28:40"
Nederland,WindOffshore,Hour,4005779,4005779,0,0,"2025-02-04 19:00:00","2025-02-04 20:00:00","2025-06-06 06:28:40"
Nederland,WindOffshore,Hour,3971150,3971150,0,0,"2025-02-04 20:00:00","2025-02-04 21:00:00","2025-06-06 06:28:40"
Nederland,WindOffshore,Hour,3948320,3948320,0,0,"2025-02-04 21:00:00","2025-02-04 22:00:00","2025-06-06 06:28:40"
Nederland,WindOffshore,Hour,3954305,3954305,0,0,"2025-02-04 22:00:00","2025-02-04 23:00:00","2025-06-06 06:28:40"
Nederland,WindOffshore,Hour,3971268,3971268,0,0,"2025-02-04 23:00:00","2025-02-05 00:00:00","2025-06-06 06:28:40"
Nederland,WindOffshore,Hour,3549790,3549790,0,0,"2025-02-05 00:00:00","2025-02-05 01:00:00","2025-06-07 06:28:43"
Nederland,WindOffshore,Hour,2837338,2837338,0,0,"2025-02-05 01:00:00","2025-02-05 02:00:00","2025-06-07 06:28:43"
Nederland,WindOffshore,Hour,2279764,2279764,0,0,"2025-02-05 02:00:00","2025-02-05 03:00:00","2025-06-07 06:28:43"
Nederland,WindOffshore,Hour,2026689,2026689,0,0,"2025-02-05 03:00:00","2025-02-05 04:00:00","2025-06-07 06:28:43"
Nederland,WindOffshore,Hour,1952904,1952904,0,0,"2025-02-05 04:00:00","2025-02-05 05:00:00","2025-06-07 06:28:43"
Nederland,WindOffshore,Hour,1477621,1477621,0,0,"2025-02-05 05:00:00","2025-02-05 06:00:00","2025-06-07 06:28:43"
Nederland,WindOffshore,Hour,1267302,1267302,0,0,"2025-02-05 06:00:00","2025-02-05 07:00:00","2025-06-07 06:28:43"
Nederland,WindOffshore,Hour,1096378,1096378,0,0,"2025-02-05 07:00:00","2025-02-05 08:00:00","2025-06-07 06:28:43"
Nederland,WindOffshore,Hour,858426,858426,0,0,"2025-02-05 08:00:00","2025-02-05 09:00:00","2025-06-07 06:28:43"
Nederland,WindOffshore,Hour,579210,579210,0,0,"2025-02-05 09:00:00","2025-02-05 10:00:00","2025-06-07 06:28:43"
Nederland,WindOffshore,Hour,581336,581336,0,0,"2025-02-05 10:00:00","2025-02-05 11:00:00","2025-06-07 06:28:43"
Nederland,WindOffshore,Hour,428440,428440,0,0,"2025-02-05 11:00:00","2025-02-05 12:00:00","2025-06-07 06:28:43"
Nederland,WindOffshore,Hour,418127,418127,0,0,"2025-02-05 12:00:00","2025-02-05 13:00:00","2025-06-07 06:28:43"
Nederland,WindOffshore,Hour,293325,293325,0,0,"2025-02-05 13:00:00","2025-02-05 14:00:00","2025-06-07 06:28:43"
Nederland,WindOffshore,Hour,367592,367592,0,0,"2025-02-05 14:00:00","2025-02-05 15:00:00","2025-06-07 06:28:43"
Nederland,WindOffshore,Hour,275714,275714,0,0,"2025-02-05 15:00:00","2025-02-05 16:00:00","2025-06-07 06:28:43"
Nederland,WindOffshore,Hour,175591,175591,0,0,"2025-02-05 16:00:00","2025-02-05 17:00:00","2025-06-07 06:28:43"
Nederland,WindOffshore,Hour,95672,95672,0,0,"2025-02-05 17:00:00","2025-02-05 18:00:00","2025-06-07 06:28:43"
Nederland,WindOffshore,Hour,63958,63958,0,0,"2025-02-05 18:00:00","2025-02-05 19:00:00","2025-06-07 06:28:43"
Nederland,WindOffshore,Hour,50379,50379,0,0,"2025-02-05 19:00:00","2025-02-05 20:00:00","2025-06-07 06:28:43"
Nederland,WindOffshore,Hour,12140,12140,0,0,"2025-02-05 20:00:00","2025-02-05 21:00:00","2025-06-07 06:28:43"
Nederland,WindOffshore,Hour,37021,37021,0,0,"2025-02-05 21:00:00","2025-02-05 22:00:00","2025-06-07 06:28:43"
Nederland,WindOffshore,Hour,145423,145423,0,0,"2025-02-05 22:00:00","2025-02-05 23:00:00","2025-06-07 06:28:43"
Nederland,WindOffshore,Hour,343772,343772,0,0,"2025-02-05 23:00:00","2025-02-06 00:00:00","2025-06-07 06:28:43"
Nederland,WindOffshore,Hour,391581,391581,0,0,"2025-02-06 00:00:00","2025-02-06 01:00:00","2025-06-08 06:28:51"
Nederland,WindOffshore,Hour,290782,290782,0,0,"2025-02-06 01:00:00","2025-02-06 02:00:00","2025-06-08 06:28:51"
Nederland,WindOffshore,Hour,340808,340808,0,0,"2025-02-06 02:00:00","2025-02-06 03:00:00","2025-06-08 06:28:51"
Nederland,WindOffshore,Hour,493549,493549,0,0,"2025-02-06 03:00:00","2025-02-06 04:00:00","2025-06-08 06:28:51"
Nederland,WindOffshore,Hour,694104,694104,0,0,"2025-02-06 04:00:00","2025-02-06 05:00:00","2025-06-08 06:28:51"
Nederland,WindOffshore,Hour,1096116,1096116,0,0,"2025-02-06 05:00:00","2025-02-06 06:00:00","2025-06-08 06:28:51"
Nederland,WindOffshore,Hour,1209029,1209029,0,0,"2025-02-06 06:00:00","2025-02-06 07:00:00","2025-06-08 06:28:51"
Nederland,WindOffshore,Hour,1203632,1203632,0,0,"2025-02-06 07:00:00","2025-02-06 08:00:00","2025-06-08 06:28:51"
Nederland,WindOffshore,Hour,1362913,1362913,0,0,"2025-02-06 08:00:00","2025-02-06 09:00:00","2025-06-08 06:28:51"
Nederland,WindOffshore,Hour,1609561,1609561,0,0,"2025-02-06 09:00:00","2025-02-06 10:00:00","2025-06-08 06:28:51"
Nederland,WindOffshore,Hour,1938581,1938581,0,0,"2025-02-06 10:00:00","2025-02-06 11:00:00","2025-06-08 06:28:51"
Nederland,WindOffshore,Hour,1896796,1896796,0,0,"2025-02-06 11:00:00","2025-02-06 12:00:00","2025-06-08 06:28:51"
Nederland,WindOffshore,Hour,1571372,1571372,0,0,"2025-02-06 12:00:00","2025-02-06 13:00:00","2025-06-08 06:28:51"
Nederland,WindOffshore,Hour,1674731,1674731,0,0,"2025-02-06 13:00:00","2025-02-06 14:00:00","2025-06-08 06:28:51"
Nederland,WindOffshore,Hour,1883958,1883958,0,0,"2025-02-06 14:00:00","2025-02-06 15:00:00","2025-06-08 06:28:51"
Nederland,WindOffshore,Hour,2359230,2359230,0,0,"2025-02-06 15:00:00","2025-02-06 16:00:00","2025-06-08 06:28:51"
Nederland,WindOffshore,Hour,2824190,2824190,0,0,"2025-02-06 16:00:00","2025-02-06 17:00:00","2025-06-08 06:28:51"
Nederland,WindOffshore,Hour,2972698,2972698,0,0,"2025-02-06 17:00:00","2025-02-06 18:00:00","2025-06-08 06:28:51"
Nederland,WindOffshore,Hour,3511688,3511688,0,0,"2025-02-06 18:00:00","2025-02-06 19:00:00","2025-06-08 06:28:51"
Nederland,WindOffshore,Hour,3821602,3821602,0,0,"2025-02-06 19:00:00","2025-02-06 20:00:00","2025-06-08 06:28:51"
Nederland,WindOffshore,Hour,3903011,3903011,0,0,"2025-02-06 20:00:00","2025-02-06 21:00:00","2025-06-08 06:28:51"
Nederland,WindOffshore,Hour,3901318,3901318,0,0,"2025-02-06 21:00:00","2025-02-06 22:00:00","2025-06-08 06:28:51"
Nederland,WindOffshore,Hour,3746277,3746277,0,0,"2025-02-06 22:00:00","2025-02-06 23:00:00","2025-06-08 06:28:51"
Nederland,WindOffshore,Hour,3591747,3591747,0,0,"2025-02-06 23:00:00","2025-02-07 00:00:00","2025-06-08 06:28:51"
Nederland,WindOffshore,Hour,3635245,3635245,0,0,"2025-02-07 00:00:00","2025-02-07 01:00:00","2025-06-09 06:28:34"
Nederland,WindOffshore,Hour,3741681,3741681,0,0,"2025-02-07 01:00:00","2025-02-07 02:00:00","2025-06-09 06:28:34"
Nederland,WindOffshore,Hour,4009502,4009502,0,0,"2025-02-07 02:00:00","2025-02-07 03:00:00","2025-06-09 06:28:34"
Nederland,WindOffshore,Hour,4055273,4055273,0,0,"2025-02-07 03:00:00","2025-02-07 04:00:00","2025-06-09 06:28:34"
Nederland,WindOffshore,Hour,4092802,4092802,0,0,"2025-02-07 04:00:00","2025-02-07 05:00:00","2025-06-09 06:28:34"
Nederland,WindOffshore,Hour,4072977,4072977,0,0,"2025-02-07 05:00:00","2025-02-07 06:00:00","2025-06-09 06:28:34"
Nederland,WindOffshore,Hour,4113611,4113611,0,0,"2025-02-07 06:00:00","2025-02-07 07:00:00","2025-06-09 06:28:34"
Nederland,WindOffshore,Hour,4135950,4135950,0,0,"2025-02-07 07:00:00","2025-02-07 08:00:00","2025-06-09 06:28:34"
Nederland,WindOffshore,Hour,4135249,4135249,0,0,"2025-02-07 08:00:00","2025-02-07 09:00:00","2025-06-09 06:28:34"
Nederland,WindOffshore,Hour,4143758,4143758,0,0,"2025-02-07 09:00:00","2025-02-07 10:00:00","2025-06-09 06:28:34"
Nederland,WindOffshore,Hour,4144438,4144438,0,0,"2025-02-07 10:00:00","2025-02-07 11:00:00","2025-06-09 06:28:34"
Nederland,WindOffshore,Hour,4122168,4122168,0,0,"2025-02-07 11:00:00","2025-02-07 12:00:00","2025-06-09 06:28:34"
Nederland,WindOffshore,Hour,4132905,4132905,0,0,"2025-02-07 12:00:00","2025-02-07 13:00:00","2025-06-09 06:28:34"
Nederland,WindOffshore,Hour,4143497,4143497,0,0,"2025-02-07 13:00:00","2025-02-07 14:00:00","2025-06-09 06:28:34"
Nederland,WindOffshore,Hour,4138902,4138902,0,0,"2025-02-07 14:00:00","2025-02-07 15:00:00","2025-06-09 06:28:34"
Nederland,WindOffshore,Hour,4134251,4134251,0,0,"2025-02-07 15:00:00","2025-02-07 16:00:00","2025-06-09 06:28:34"
Nederland,WindOffshore,Hour,4134739,4134739,0,0,"2025-02-07 16:00:00","2025-02-07 17:00:00","2025-06-09 06:28:34"
Nederland,WindOffshore,Hour,4131095,4131095,0,0,"2025-02-07 17:00:00","2025-02-07 18:00:00","2025-06-09 06:28:34"
Nederland,WindOffshore,Hour,4149199,4149199,0,0,"2025-02-07 18:00:00","2025-02-07 19:00:00","2025-06-09 06:28:34"
Nederland,WindOffshore,Hour,4157875,4157875,0,0,"2025-02-07 19:00:00","2025-02-07 20:00:00","2025-06-09 06:28:34"
Nederland,WindOffshore,Hour,4148750,4148750,0,0,"2025-02-07 20:00:00","2025-02-07 21:00:00","2025-06-09 06:28:34"
Nederland,WindOffshore,Hour,4101365,4101365,0,0,"2025-02-07 21:00:00","2025-02-07 22:00:00","2025-06-09 06:28:34"
Nederland,WindOffshore,Hour,4100985,4100985,0,0,"2025-02-07 22:00:00","2025-02-07 23:00:00","2025-06-09 06:28:34"
Nederland,WindOffshore,Hour,4086659,4086659,0,0,"2025-02-07 23:00:00","2025-02-08 00:00:00","2025-06-09 06:28:34"
Nederland,WindOffshore,Hour,4095941,4095941,0,0,"2025-02-08 00:00:00","2025-02-08 01:00:00","2025-06-10 06:28:32"
Nederland,WindOffshore,Hour,4063401,4063401,0,0,"2025-02-08 01:00:00","2025-02-08 02:00:00","2025-06-10 06:28:32"
Nederland,WindOffshore,Hour,4030227,4030227,0,0,"2025-02-08 02:00:00","2025-02-08 03:00:00","2025-06-10 06:28:32"
Nederland,WindOffshore,Hour,3973316,3973316,0,0,"2025-02-08 03:00:00","2025-02-08 04:00:00","2025-06-10 06:28:32"
Nederland,WindOffshore,Hour,3818246,3818246,0,0,"2025-02-08 04:00:00","2025-02-08 05:00:00","2025-06-10 06:28:32"
Nederland,WindOffshore,Hour,3627784,3627784,0,0,"2025-02-08 05:00:00","2025-02-08 06:00:00","2025-06-10 06:28:32"
Nederland,WindOffshore,Hour,3503199,3503199,0,0,"2025-02-08 06:00:00","2025-02-08 07:00:00","2025-06-10 06:28:32"
Nederland,WindOffshore,Hour,3208052,3208052,0,0,"2025-02-08 07:00:00","2025-02-08 08:00:00","2025-06-10 06:28:32"
Nederland,WindOffshore,Hour,2752875,2752875,0,0,"2025-02-08 08:00:00","2025-02-08 09:00:00","2025-06-10 06:28:32"
Nederland,WindOffshore,Hour,2542752,2542752,0,0,"2025-02-08 09:00:00","2025-02-08 10:00:00","2025-06-10 06:28:32"
Nederland,WindOffshore,Hour,2458926,2458926,0,0,"2025-02-08 10:00:00","2025-02-08 11:00:00","2025-06-10 06:28:32"
Nederland,WindOffshore,Hour,2339672,2339672,0,0,"2025-02-08 11:00:00","2025-02-08 12:00:00","2025-06-10 06:28:32"
Nederland,WindOffshore,Hour,1802925,1802925,0,0,"2025-02-08 12:00:00","2025-02-08 13:00:00","2025-06-10 06:28:32"
Nederland,WindOffshore,Hour,1120143,1120143,0,0,"2025-02-08 13:00:00","2025-02-08 14:00:00","2025-06-10 06:28:32"
Nederland,WindOffshore,Hour,1029289,1029289,0,0,"2025-02-08 14:00:00","2025-02-08 15:00:00","2025-06-10 06:28:32"
Nederland,WindOffshore,Hour,769606,769606,0,0,"2025-02-08 15:00:00","2025-02-08 16:00:00","2025-06-10 06:28:32"
Nederland,WindOffshore,Hour,475618,475618,0,0,"2025-02-08 16:00:00","2025-02-08 17:00:00","2025-06-10 06:28:32"
Nederland,WindOffshore,Hour,457145,457145,0,0,"2025-02-08 17:00:00","2025-02-08 18:00:00","2025-06-10 06:28:32"
Nederland,WindOffshore,Hour,532621,532621,0,0,"2025-02-08 18:00:00","2025-02-08 19:00:00","2025-06-10 06:28:32"
Nederland,WindOffshore,Hour,720011,720011,0,0,"2025-02-08 19:00:00","2025-02-08 20:00:00","2025-06-10 06:28:32"
Nederland,WindOffshore,Hour,658724,658724,0,0,"2025-02-08 20:00:00","2025-02-08 21:00:00","2025-06-10 06:28:32"
Nederland,WindOffshore,Hour,385664,385664,0,0,"2025-02-08 21:00:00","2025-02-08 22:00:00","2025-06-10 06:28:32"
Nederland,WindOffshore,Hour,391723,391723,0,0,"2025-02-08 22:00:00","2025-02-08 23:00:00","2025-06-10 06:28:32"
Nederland,WindOffshore,Hour,365368,365368,0,0,"2025-02-08 23:00:00","2025-02-09 00:00:00","2025-06-10 06:28:32"
Nederland,WindOffshore,Hour,316045,316045,0,0,"2025-02-09 00:00:00","2025-02-09 01:00:00","2025-06-11 06:28:48"
Nederland,WindOffshore,Hour,248438,248438,0,0,"2025-02-09 01:00:00","2025-02-09 02:00:00","2025-06-11 06:28:48"
Nederland,WindOffshore,Hour,114357,114357,0,0,"2025-02-09 02:00:00","2025-02-09 03:00:00","2025-06-11 06:28:48"
Nederland,WindOffshore,Hour,94290,94290,0,0,"2025-02-09 03:00:00","2025-02-09 04:00:00","2025-06-11 06:28:48"
Nederland,WindOffshore,Hour,114696,114696,0,0,"2025-02-09 04:00:00","2025-02-09 05:00:00","2025-06-11 06:28:48"
Nederland,WindOffshore,Hour,370763,370763,0,0,"2025-02-09 05:00:00","2025-02-09 06:00:00","2025-06-11 06:28:48"
Nederland,WindOffshore,Hour,482890,482890,0,0,"2025-02-09 06:00:00","2025-02-09 07:00:00","2025-06-11 06:28:48"
Nederland,WindOffshore,Hour,617396,617396,0,0,"2025-02-09 07:00:00","2025-02-09 08:00:00","2025-06-11 06:28:48"
Nederland,WindOffshore,Hour,600768,600768,0,0,"2025-02-09 08:00:00","2025-02-09 09:00:00","2025-06-11 06:28:48"
Nederland,WindOffshore,Hour,443340,443340,0,0,"2025-02-09 09:00:00","2025-02-09 10:00:00","2025-06-11 06:28:48"
Nederland,WindOffshore,Hour,450723,450723,0,0,"2025-02-09 10:00:00","2025-02-09 11:00:00","2025-06-11 06:28:48"
Nederland,WindOffshore,Hour,513609,513609,0,0,"2025-02-09 11:00:00","2025-02-09 12:00:00","2025-06-11 06:28:48"
Nederland,WindOffshore,Hour,721820,721820,0,0,"2025-02-09 12:00:00","2025-02-09 13:00:00","2025-06-11 06:28:48"
Nederland,WindOffshore,Hour,1007528,1007528,0,0,"2025-02-09 13:00:00","2025-02-09 14:00:00","2025-06-11 06:28:48"
Nederland,WindOffshore,Hour,1293096,1293096,0,0,"2025-02-09 14:00:00","2025-02-09 15:00:00","2025-06-11 06:28:48"
Nederland,WindOffshore,Hour,1773463,1773463,0,0,"2025-02-09 15:00:00","2025-02-09 16:00:00","2025-06-11 06:28:48"
Nederland,WindOffshore,Hour,2365300,2365300,0,0,"2025-02-09 16:00:00","2025-02-09 17:00:00","2025-06-11 06:28:48"
Nederland,WindOffshore,Hour,3197518,3197518,0,0,"2025-02-09 17:00:00","2025-02-09 18:00:00","2025-06-11 06:28:48"
Nederland,WindOffshore,Hour,3772823,3772823,0,0,"2025-02-09 18:00:00","2025-02-09 19:00:00","2025-06-11 06:28:48"
Nederland,WindOffshore,Hour,4016567,4016567,0,0,"2025-02-09 19:00:00","2025-02-09 20:00:00","2025-06-11 06:28:48"
Nederland,WindOffshore,Hour,4000743,4000743,0,0,"2025-02-09 20:00:00","2025-02-09 21:00:00","2025-06-11 06:28:48"
Nederland,WindOffshore,Hour,3889149,3889149,0,0,"2025-02-09 21:00:00","2025-02-09 22:00:00","2025-06-11 06:28:48"
Nederland,WindOffshore,Hour,4015625,4015625,0,0,"2025-02-09 22:00:00","2025-02-09 23:00:00","2025-06-11 06:28:48"
Nederland,WindOffshore,Hour,4004892,4004892,0,0,"2025-02-09 23:00:00","2025-02-10 00:00:00","2025-06-11 06:28:48"
Nederland,WindOffshore,Hour,3947475,3947475,0,0,"2025-02-10 00:00:00","2025-02-10 01:00:00","2025-06-12 06:28:47"
Nederland,WindOffshore,Hour,4013818,4013818,0,0,"2025-02-10 01:00:00","2025-02-10 02:00:00","2025-06-12 06:28:47"
Nederland,WindOffshore,Hour,4000665,4000665,0,0,"2025-02-10 02:00:00","2025-02-10 03:00:00","2025-06-12 06:28:47"
Nederland,WindOffshore,Hour,3997455,3997455,0,0,"2025-02-10 03:00:00","2025-02-10 04:00:00","2025-06-12 06:28:47"
Nederland,WindOffshore,Hour,4019397,4019397,0,0,"2025-02-10 04:00:00","2025-02-10 05:00:00","2025-06-12 06:28:47"
Nederland,WindOffshore,Hour,4075401,4075401,0,0,"2025-02-10 05:00:00","2025-02-10 06:00:00","2025-06-12 06:28:47"
Nederland,WindOffshore,Hour,4127034,4127034,0,0,"2025-02-10 06:00:00","2025-02-10 07:00:00","2025-06-12 06:28:47"
Nederland,WindOffshore,Hour,4132262,4132262,0,0,"2025-02-10 07:00:00","2025-02-10 08:00:00","2025-06-12 06:28:47"
Nederland,WindOffshore,Hour,4132666,4132666,0,0,"2025-02-10 08:00:00","2025-02-10 09:00:00","2025-06-12 06:28:47"
Nederland,WindOffshore,Hour,4134334,4134334,0,0,"2025-02-10 09:00:00","2025-02-10 10:00:00","2025-06-12 06:28:47"
Nederland,WindOffshore,Hour,4127553,4127553,0,0,"2025-02-10 10:00:00","2025-02-10 11:00:00","2025-06-12 06:28:47"
Nederland,WindOffshore,Hour,4112565,4112565,0,0,"2025-02-10 11:00:00","2025-02-10 12:00:00","2025-06-12 06:28:47"
Nederland,WindOffshore,Hour,4101800,4101800,0,0,"2025-02-10 12:00:00","2025-02-10 13:00:00","2025-06-12 06:28:47"
Nederland,WindOffshore,Hour,4095561,4095561,0,0,"2025-02-10 13:00:00","2025-02-10 14:00:00","2025-06-12 06:28:47"
Nederland,WindOffshore,Hour,4097559,4097559,0,0,"2025-02-10 14:00:00","2025-02-10 15:00:00","2025-06-12 06:28:47"
Nederland,WindOffshore,Hour,4120455,4120455,0,0,"2025-02-10 15:00:00","2025-02-10 16:00:00","2025-06-12 06:28:47"
Nederland,WindOffshore,Hour,4139880,4139880,0,0,"2025-02-10 16:00:00","2025-02-10 17:00:00","2025-06-12 06:28:47"
Nederland,WindOffshore,Hour,4157067,4157067,0,0,"2025-02-10 17:00:00","2025-02-10 18:00:00","2025-06-12 06:28:47"
Nederland,WindOffshore,Hour,4150620,4150620,0,0,"2025-02-10 18:00:00","2025-02-10 19:00:00","2025-06-12 06:28:47"
Nederland,WindOffshore,Hour,4154743,4154743,0,0,"2025-02-10 19:00:00","2025-02-10 20:00:00","2025-06-12 06:28:47"
Nederland,WindOffshore,Hour,4148455,4148455,0,0,"2025-02-10 20:00:00","2025-02-10 21:00:00","2025-06-12 06:28:47"
Nederland,WindOffshore,Hour,4136831,4136831,0,0,"2025-02-10 21:00:00","2025-02-10 22:00:00","2025-06-12 06:28:47"
Nederland,WindOffshore,Hour,4129103,4129103,0,0,"2025-02-10 22:00:00","2025-02-10 23:00:00","2025-06-12 06:28:47"
Nederland,WindOffshore,Hour,4115072,4115072,0,0,"2025-02-10 23:00:00","2025-02-11 00:00:00","2025-06-12 06:28:47"
Nederland,WindOffshore,Hour,4110438,4110438,0,0,"2025-02-11 00:00:00","2025-02-11 01:00:00","2025-06-13 06:28:52"
Nederland,WindOffshore,Hour,4038160,4038160,0,0,"2025-02-11 01:00:00","2025-02-11 02:00:00","2025-06-13 06:28:52"
Nederland,WindOffshore,Hour,3677380,3677380,0,0,"2025-02-11 02:00:00","2025-02-11 03:00:00","2025-06-13 06:28:52"
Nederland,WindOffshore,Hour,3626972,3626972,0,0,"2025-02-11 03:00:00","2025-02-11 04:00:00","2025-06-13 06:28:52"
Nederland,WindOffshore,Hour,3306472,3306472,0,0,"2025-02-11 04:00:00","2025-02-11 05:00:00","2025-06-13 06:28:52"
Nederland,WindOffshore,Hour,2264576,2264576,0,0,"2025-02-11 05:00:00","2025-02-11 06:00:00","2025-06-13 06:28:52"
Nederland,WindOffshore,Hour,1695442,1695442,0,0,"2025-02-11 06:00:00","2025-02-11 07:00:00","2025-06-13 06:28:52"
Nederland,WindOffshore,Hour,1543144,1543144,0,0,"2025-02-11 07:00:00","2025-02-11 08:00:00","2025-06-13 06:28:52"
Nederland,WindOffshore,Hour,1658573,1658573,0,0,"2025-02-11 08:00:00","2025-02-11 09:00:00","2025-06-13 06:28:52"
Nederland,WindOffshore,Hour,1596322,1596322,0,0,"2025-02-11 09:00:00","2025-02-11 10:00:00","2025-06-13 06:28:52"
Nederland,WindOffshore,Hour,1159122,1159122,0,0,"2025-02-11 10:00:00","2025-02-11 11:00:00","2025-06-13 06:28:52"
Nederland,WindOffshore,Hour,1132651,1132651,0,0,"2025-02-11 11:00:00","2025-02-11 12:00:00","2025-06-13 06:28:52"
Nederland,WindOffshore,Hour,999981,999981,0,0,"2025-02-11 12:00:00","2025-02-11 13:00:00","2025-06-13 06:28:52"
Nederland,WindOffshore,Hour,1043815,1043815,0,0,"2025-02-11 13:00:00","2025-02-11 14:00:00","2025-06-13 06:28:52"
Nederland,WindOffshore,Hour,1112483,1112483,0,0,"2025-02-11 14:00:00","2025-02-11 15:00:00","2025-06-13 06:28:52"
Nederland,WindOffshore,Hour,1024250,1024250,0,0,"2025-02-11 15:00:00","2025-02-11 16:00:00","2025-06-13 06:28:52"
Nederland,WindOffshore,Hour,1105156,1105156,0,0,"2025-02-11 16:00:00","2025-02-11 17:00:00","2025-06-13 06:28:52"
Nederland,WindOffshore,Hour,1201514,1201514,0,0,"2025-02-11 17:00:00","2025-02-11 18:00:00","2025-06-13 06:28:52"
Nederland,WindOffshore,Hour,918678,918678,0,0,"2025-02-11 18:00:00","2025-02-11 19:00:00","2025-06-13 06:28:52"
Nederland,WindOffshore,Hour,817878,817878,0,0,"2025-02-11 19:00:00","2025-02-11 20:00:00","2025-06-13 06:28:52"
Nederland,WindOffshore,Hour,745448,745448,0,0,"2025-02-11 20:00:00","2025-02-11 21:00:00","2025-06-13 06:28:52"
Nederland,WindOffshore,Hour,742185,742185,0,0,"2025-02-11 21:00:00","2025-02-11 22:00:00","2025-06-13 06:28:52"
Nederland,WindOffshore,Hour,569345,569345,0,0,"2025-02-11 22:00:00","2025-02-11 23:00:00","2025-06-13 06:28:52"
Nederland,WindOffshore,Hour,408384,408384,0,0,"2025-02-11 23:00:00","2025-02-12 00:00:00","2025-06-13 06:28:52"
Nederland,WindOffshore,Hour,345151,345151,0,0,"2025-02-12 00:00:00","2025-02-12 01:00:00","2025-06-14 06:28:41"
Nederland,WindOffshore,Hour,307161,307161,0,0,"2025-02-12 01:00:00","2025-02-12 02:00:00","2025-06-14 06:28:41"
Nederland,WindOffshore,Hour,326757,326757,0,0,"2025-02-12 02:00:00","2025-02-12 03:00:00","2025-06-14 06:28:41"
Nederland,WindOffshore,Hour,264439,264439,0,0,"2025-02-12 03:00:00","2025-02-12 04:00:00","2025-06-14 06:28:41"
Nederland,WindOffshore,Hour,249848,249848,0,0,"2025-02-12 04:00:00","2025-02-12 05:00:00","2025-06-14 06:28:41"
Nederland,WindOffshore,Hour,192358,192358,0,0,"2025-02-12 05:00:00","2025-02-12 06:00:00","2025-06-14 06:28:41"
Nederland,WindOffshore,Hour,142787,142787,0,0,"2025-02-12 06:00:00","2025-02-12 07:00:00","2025-06-14 06:28:41"
Nederland,WindOffshore,Hour,151614,151614,0,0,"2025-02-12 07:00:00","2025-02-12 08:00:00","2025-06-14 06:28:41"
Nederland,WindOffshore,Hour,219957,219957,0,0,"2025-02-12 08:00:00","2025-02-12 09:00:00","2025-06-14 06:28:41"
Nederland,WindOffshore,Hour,224365,224365,0,0,"2025-02-12 09:00:00","2025-02-12 10:00:00","2025-06-14 06:28:41"
Nederland,WindOffshore,Hour,204969,204969,0,0,"2025-02-12 10:00:00","2025-02-12 11:00:00","2025-06-14 06:28:41"
Nederland,WindOffshore,Hour,145720,145720,0,0,"2025-02-12 11:00:00","2025-02-12 12:00:00","2025-06-14 06:28:41"
Nederland,WindOffshore,Hour,153605,153605,0,0,"2025-02-12 12:00:00","2025-02-12 13:00:00","2025-06-14 06:28:41"
Nederland,WindOffshore,Hour,533016,533016,0,0,"2025-02-12 13:00:00","2025-02-12 14:00:00","2025-06-14 06:28:41"
Nederland,WindOffshore,Hour,525020,525020,0,0,"2025-02-12 14:00:00","2025-02-12 15:00:00","2025-06-14 06:28:41"
Nederland,WindOffshore,Hour,387794,387794,0,0,"2025-02-12 15:00:00","2025-02-12 16:00:00","2025-06-14 06:28:41"
Nederland,WindOffshore,Hour,445194,445194,0,0,"2025-02-12 16:00:00","2025-02-12 17:00:00","2025-06-14 06:28:41"
Nederland,WindOffshore,Hour,372609,372609,0,0,"2025-02-12 17:00:00","2025-02-12 18:00:00","2025-06-14 06:28:41"
Nederland,WindOffshore,Hour,264471,264471,0,0,"2025-02-12 18:00:00","2025-02-12 19:00:00","2025-06-14 06:28:41"
Nederland,WindOffshore,Hour,186143,186143,0,0,"2025-02-12 19:00:00","2025-02-12 20:00:00","2025-06-14 06:28:41"
Nederland,WindOffshore,Hour,282854,282854,0,0,"2025-02-12 20:00:00","2025-02-12 21:00:00","2025-06-14 06:28:41"
Nederland,WindOffshore,Hour,512054,512054,0,0,"2025-02-12 21:00:00","2025-02-12 22:00:00","2025-06-14 06:28:41"
Nederland,WindOffshore,Hour,517233,517233,0,0,"2025-02-12 22:00:00","2025-02-12 23:00:00","2025-06-14 06:28:41"
Nederland,WindOffshore,Hour,414215,414215,0,0,"2025-02-12 23:00:00","2025-02-13 00:00:00","2025-06-14 06:28:41"
Nederland,WindOffshore,Hour,372358,372358,0,0,"2025-02-13 00:00:00","2025-02-13 01:00:00","2025-06-15 06:28:32"
Nederland,WindOffshore,Hour,788575,788575,0,0,"2025-02-13 01:00:00","2025-02-13 02:00:00","2025-06-15 06:28:32"
Nederland,WindOffshore,Hour,1374257,1374257,0,0,"2025-02-13 02:00:00","2025-02-13 03:00:00","2025-06-15 06:28:32"
Nederland,WindOffshore,Hour,1195803,1195803,0,0,"2025-02-13 03:00:00","2025-02-13 04:00:00","2025-06-15 06:28:32"
Nederland,WindOffshore,Hour,1546397,1546397,0,0,"2025-02-13 04:00:00","2025-02-13 05:00:00","2025-06-15 06:28:32"
Nederland,WindOffshore,Hour,1970649,1970649,0,0,"2025-02-13 05:00:00","2025-02-13 06:00:00","2025-06-15 06:28:32"
Nederland,WindOffshore,Hour,2479150,2479150,0,0,"2025-02-13 06:00:00","2025-02-13 07:00:00","2025-06-15 06:28:32"
Nederland,WindOffshore,Hour,2677746,2677746,0,0,"2025-02-13 07:00:00","2025-02-13 08:00:00","2025-06-15 06:28:32"
Nederland,WindOffshore,Hour,2577416,2577416,0,0,"2025-02-13 08:00:00","2025-02-13 09:00:00","2025-06-15 06:28:32"
Nederland,WindOffshore,Hour,2048187,2048187,0,0,"2025-02-13 09:00:00","2025-02-13 10:00:00","2025-06-15 06:28:32"
Nederland,WindOffshore,Hour,1458637,1458637,0,0,"2025-02-13 10:00:00","2025-02-13 11:00:00","2025-06-15 06:28:32"
Nederland,WindOffshore,Hour,1360679,1360679,0,0,"2025-02-13 11:00:00","2025-02-13 12:00:00","2025-06-15 06:28:32"
Nederland,WindOffshore,Hour,1344004,1344004,0,0,"2025-02-13 12:00:00","2025-02-13 13:00:00","2025-06-15 06:28:32"
Nederland,WindOffshore,Hour,956781,956781,0,0,"2025-02-13 13:00:00","2025-02-13 14:00:00","2025-06-15 06:28:32"
Nederland,WindOffshore,Hour,1111208,1111208,0,0,"2025-02-13 14:00:00","2025-02-13 15:00:00","2025-06-15 06:28:32"
Nederland,WindOffshore,Hour,1217292,1217292,0,0,"2025-02-13 15:00:00","2025-02-13 16:00:00","2025-06-15 06:28:32"
Nederland,WindOffshore,Hour,1530098,1530098,0,0,"2025-02-13 16:00:00","2025-02-13 17:00:00","2025-06-15 06:28:32"
Nederland,WindOffshore,Hour,1571871,1571871,0,0,"2025-02-13 17:00:00","2025-02-13 18:00:00","2025-06-15 06:28:32"
Nederland,WindOffshore,Hour,1617942,1617942,0,0,"2025-02-13 18:00:00","2025-02-13 19:00:00","2025-06-15 06:28:32"
Nederland,WindOffshore,Hour,1510367,1510367,0,0,"2025-02-13 19:00:00","2025-02-13 20:00:00","2025-06-15 06:28:32"
Nederland,WindOffshore,Hour,949413,949413,0,0,"2025-02-13 20:00:00","2025-02-13 21:00:00","2025-06-15 06:28:32"
Nederland,WindOffshore,Hour,755156,755156,0,0,"2025-02-13 21:00:00","2025-02-13 22:00:00","2025-06-15 06:28:32"
Nederland,WindOffshore,Hour,730686,730686,0,0,"2025-02-13 22:00:00","2025-02-13 23:00:00","2025-06-15 06:28:32"
Nederland,WindOffshore,Hour,485844,485844,0,0,"2025-02-13 23:00:00","2025-02-14 00:00:00","2025-06-15 06:28:32"
Nederland,WindOffshore,Hour,286876,286876,0,0,"2025-02-14 00:00:00","2025-02-14 01:00:00","2025-06-16 06:28:45"
Nederland,WindOffshore,Hour,431595,431595,0,0,"2025-02-14 01:00:00","2025-02-14 02:00:00","2025-06-16 06:28:45"
Nederland,WindOffshore,Hour,431071,431071,0,0,"2025-02-14 02:00:00","2025-02-14 03:00:00","2025-06-16 06:28:45"
Nederland,WindOffshore,Hour,265242,265242,0,0,"2025-02-14 03:00:00","2025-02-14 04:00:00","2025-06-16 06:28:45"
Nederland,WindOffshore,Hour,253539,253539,0,0,"2025-02-14 04:00:00","2025-02-14 05:00:00","2025-06-16 06:28:45"
Nederland,WindOffshore,Hour,274711,274711,0,0,"2025-02-14 05:00:00","2025-02-14 06:00:00","2025-06-16 06:28:45"
Nederland,WindOffshore,Hour,242062,242062,0,0,"2025-02-14 06:00:00","2025-02-14 07:00:00","2025-06-16 06:28:45"
Nederland,WindOffshore,Hour,285098,285098,0,0,"2025-02-14 07:00:00","2025-02-14 08:00:00","2025-06-16 06:28:45"
Nederland,WindOffshore,Hour,358440,358440,0,0,"2025-02-14 08:00:00","2025-02-14 09:00:00","2025-06-16 06:28:45"
Nederland,WindOffshore,Hour,248192,248192,0,0,"2025-02-14 09:00:00","2025-02-14 10:00:00","2025-06-16 06:28:45"
Nederland,WindOffshore,Hour,152773,152773,0,0,"2025-02-14 10:00:00","2025-02-14 11:00:00","2025-06-16 06:28:45"
Nederland,WindOffshore,Hour,92265,92265,0,0,"2025-02-14 11:00:00","2025-02-14 12:00:00","2025-06-16 06:28:45"
Nederland,WindOffshore,Hour,98959,98959,0,0,"2025-02-14 12:00:00","2025-02-14 13:00:00","2025-06-16 06:28:45"
Nederland,WindOffshore,Hour,103882,103882,0,0,"2025-02-14 13:00:00","2025-02-14 14:00:00","2025-06-16 06:28:45"
Nederland,WindOffshore,Hour,253325,253325,0,0,"2025-02-14 14:00:00","2025-02-14 15:00:00","2025-06-16 06:28:45"
Nederland,WindOffshore,Hour,370365,370365,0,0,"2025-02-14 15:00:00","2025-02-14 16:00:00","2025-06-16 06:28:45"
Nederland,WindOffshore,Hour,330484,330484,0,0,"2025-02-14 16:00:00","2025-02-14 17:00:00","2025-06-16 06:28:45"
Nederland,WindOffshore,Hour,461962,461962,0,0,"2025-02-14 17:00:00","2025-02-14 18:00:00","2025-06-16 06:28:45"
Nederland,WindOffshore,Hour,797643,797643,0,0,"2025-02-14 18:00:00","2025-02-14 19:00:00","2025-06-16 06:28:45"
Nederland,WindOffshore,Hour,1173410,1173410,0,0,"2025-02-14 19:00:00","2025-02-14 20:00:00","2025-06-16 06:28:45"
Nederland,WindOffshore,Hour,1515274,1515274,0,0,"2025-02-14 20:00:00","2025-02-14 21:00:00","2025-06-16 06:28:45"
Nederland,WindOffshore,Hour,1668059,1668059,0,0,"2025-02-14 21:00:00","2025-02-14 22:00:00","2025-06-16 06:28:45"
Nederland,WindOffshore,Hour,1526618,1526618,0,0,"2025-02-14 22:00:00","2025-02-14 23:00:00","2025-06-16 06:28:45"
Nederland,WindOffshore,Hour,1327637,1327637,0,0,"2025-02-14 23:00:00","2025-02-15 00:00:00","2025-06-16 06:28:45"
Nederland,WindOffshore,Hour,1099342,1099342,0,0,"2025-02-15 00:00:00","2025-02-15 01:00:00","2025-06-17 06:28:47"
Nederland,WindOffshore,Hour,1065613,1065613,0,0,"2025-02-15 01:00:00","2025-02-15 02:00:00","2025-06-17 06:28:47"
Nederland,WindOffshore,Hour,1069655,1069655,0,0,"2025-02-15 02:00:00","2025-02-15 03:00:00","2025-06-17 06:28:47"
Nederland,WindOffshore,Hour,922464,922464,0,0,"2025-02-15 03:00:00","2025-02-15 04:00:00","2025-06-17 06:28:47"
Nederland,WindOffshore,Hour,792215,792215,0,0,"2025-02-15 04:00:00","2025-02-15 05:00:00","2025-06-17 06:28:47"
Nederland,WindOffshore,Hour,596475,596475,0,0,"2025-02-15 05:00:00","2025-02-15 06:00:00","2025-06-17 06:28:47"
Nederland,WindOffshore,Hour,548955,548955,0,0,"2025-02-15 06:00:00","2025-02-15 07:00:00","2025-06-17 06:28:47"
Nederland,WindOffshore,Hour,746262,746262,0,0,"2025-02-15 07:00:00","2025-02-15 08:00:00","2025-06-17 06:28:47"
Nederland,WindOffshore,Hour,680569,680569,0,0,"2025-02-15 08:00:00","2025-02-15 09:00:00","2025-06-17 06:28:47"
Nederland,WindOffshore,Hour,624255,624255,0,0,"2025-02-15 09:00:00","2025-02-15 10:00:00","2025-06-17 06:28:47"
Nederland,WindOffshore,Hour,705296,705296,0,0,"2025-02-15 10:00:00","2025-02-15 11:00:00","2025-06-17 06:28:47"
Nederland,WindOffshore,Hour,891719,891719,0,0,"2025-02-15 11:00:00","2025-02-15 12:00:00","2025-06-17 06:28:47"
Nederland,WindOffshore,Hour,786390,786390,0,0,"2025-02-15 12:00:00","2025-02-15 13:00:00","2025-06-17 06:28:47"
Nederland,WindOffshore,Hour,627986,627986,0,0,"2025-02-15 13:00:00","2025-02-15 14:00:00","2025-06-17 06:28:47"
Nederland,WindOffshore,Hour,457395,457395,0,0,"2025-02-15 14:00:00","2025-02-15 15:00:00","2025-06-17 06:28:47"
Nederland,WindOffshore,Hour,354030,354030,0,0,"2025-02-15 15:00:00","2025-02-15 16:00:00","2025-06-17 06:28:47"
Nederland,WindOffshore,Hour,400520,400520,0,0,"2025-02-15 16:00:00","2025-02-15 17:00:00","2025-06-17 06:28:47"
Nederland,WindOffshore,Hour,640071,640071,0,0,"2025-02-15 17:00:00","2025-02-15 18:00:00","2025-06-17 06:28:47"
Nederland,WindOffshore,Hour,656908,656908,0,0,"2025-02-15 18:00:00","2025-02-15 19:00:00","2025-06-17 06:28:47"
Nederland,WindOffshore,Hour,622189,622189,0,0,"2025-02-15 19:00:00","2025-02-15 20:00:00","2025-06-17 06:28:47"
Nederland,WindOffshore,Hour,675233,675233,0,0,"2025-02-15 20:00:00","2025-02-15 21:00:00","2025-06-17 06:28:47"
Nederland,WindOffshore,Hour,883463,883463,0,0,"2025-02-15 21:00:00","2025-02-15 22:00:00","2025-06-17 06:28:47"
Nederland,WindOffshore,Hour,1012627,1012627,0,0,"2025-02-15 22:00:00","2025-02-15 23:00:00","2025-06-17 06:28:47"
Nederland,WindOffshore,Hour,1201052,1201052,0,0,"2025-02-15 23:00:00","2025-02-16 00:00:00","2025-06-17 06:28:47"
Nederland,WindOffshore,Hour,1275082,1275082,0,0,"2025-02-16 00:00:00","2025-02-16 01:00:00","2025-06-18 06:28:43"
Nederland,WindOffshore,Hour,1387422,1387422,0,0,"2025-02-16 01:00:00","2025-02-16 02:00:00","2025-06-18 06:28:43"
Nederland,WindOffshore,Hour,1259947,1259947,0,0,"2025-02-16 02:00:00","2025-02-16 03:00:00","2025-06-18 06:28:43"
Nederland,WindOffshore,Hour,957932,957932,0,0,"2025-02-16 03:00:00","2025-02-16 04:00:00","2025-06-18 06:28:43"
Nederland,WindOffshore,Hour,1042726,1042726,0,0,"2025-02-16 04:00:00","2025-02-16 05:00:00","2025-06-18 06:28:43"
Nederland,WindOffshore,Hour,1442453,1442453,0,0,"2025-02-16 05:00:00","2025-02-16 06:00:00","2025-06-18 06:28:43"
Nederland,WindOffshore,Hour,2014498,2014498,0,0,"2025-02-16 06:00:00","2025-02-16 07:00:00","2025-06-18 06:28:43"
Nederland,WindOffshore,Hour,2518035,2518035,0,0,"2025-02-16 07:00:00","2025-02-16 08:00:00","2025-06-18 06:28:43"
Nederland,WindOffshore,Hour,3077077,3077077,0,0,"2025-02-16 08:00:00","2025-02-16 09:00:00","2025-06-18 06:28:43"
Nederland,WindOffshore,Hour,3277707,3277707,0,0,"2025-02-16 09:00:00","2025-02-16 10:00:00","2025-06-18 06:28:43"
Nederland,WindOffshore,Hour,3239107,3239107,0,0,"2025-02-16 10:00:00","2025-02-16 11:00:00","2025-06-18 06:28:43"
Nederland,WindOffshore,Hour,3074393,3074393,0,0,"2025-02-16 11:00:00","2025-02-16 12:00:00","2025-06-18 06:28:43"
Nederland,WindOffshore,Hour,3013416,3013416,0,0,"2025-02-16 12:00:00","2025-02-16 13:00:00","2025-06-18 06:28:43"
Nederland,WindOffshore,Hour,2939862,2939862,0,0,"2025-02-16 13:00:00","2025-02-16 14:00:00","2025-06-18 06:28:43"
Nederland,WindOffshore,Hour,2856943,2856943,0,0,"2025-02-16 14:00:00","2025-02-16 15:00:00","2025-06-18 06:28:43"
Nederland,WindOffshore,Hour,2694229,2694229,0,0,"2025-02-16 15:00:00","2025-02-16 16:00:00","2025-06-18 06:28:43"
Nederland,WindOffshore,Hour,2716404,2716404,0,0,"2025-02-16 16:00:00","2025-02-16 17:00:00","2025-06-18 06:28:43"
Nederland,WindOffshore,Hour,2903934,2903934,0,0,"2025-02-16 17:00:00","2025-02-16 18:00:00","2025-06-18 06:28:43"
Nederland,WindOffshore,Hour,3303373,3303373,0,0,"2025-02-16 18:00:00","2025-02-16 19:00:00","2025-06-18 06:28:43"
Nederland,WindOffshore,Hour,3418945,3418945,0,0,"2025-02-16 19:00:00","2025-02-16 20:00:00","2025-06-18 06:28:43"
Nederland,WindOffshore,Hour,3091548,3091548,0,0,"2025-02-16 20:00:00","2025-02-16 21:00:00","2025-06-18 06:28:43"
Nederland,WindOffshore,Hour,2828912,2828912,0,0,"2025-02-16 21:00:00","2025-02-16 22:00:00","2025-06-18 06:28:43"
Nederland,WindOffshore,Hour,2756921,2756921,0,0,"2025-02-16 22:00:00","2025-02-16 23:00:00","2025-06-18 06:28:43"
Nederland,WindOffshore,Hour,2598262,2598262,0,0,"2025-02-16 23:00:00","2025-02-17 00:00:00","2025-06-18 06:28:43"
Nederland,WindOffshore,Hour,2178453,2178453,0,0,"2025-02-17 00:00:00","2025-02-17 01:00:00","2025-06-19 06:28:56"
Nederland,WindOffshore,Hour,1955513,1955513,0,0,"2025-02-17 01:00:00","2025-02-17 02:00:00","2025-06-19 06:28:56"
Nederland,WindOffshore,Hour,1612148,1612148,0,0,"2025-02-17 02:00:00","2025-02-17 03:00:00","2025-06-19 06:28:56"
Nederland,WindOffshore,Hour,1167741,1167741,0,0,"2025-02-17 03:00:00","2025-02-17 04:00:00","2025-06-19 06:28:56"
Nederland,WindOffshore,Hour,1122929,1122929,0,0,"2025-02-17 04:00:00","2025-02-17 05:00:00","2025-06-19 06:28:56"
Nederland,WindOffshore,Hour,1216752,1216752,0,0,"2025-02-17 05:00:00","2025-02-17 06:00:00","2025-06-19 06:28:56"
Nederland,WindOffshore,Hour,1261493,1261493,0,0,"2025-02-17 06:00:00","2025-02-17 07:00:00","2025-06-19 06:28:56"
Nederland,WindOffshore,Hour,1450248,1450248,0,0,"2025-02-17 07:00:00","2025-02-17 08:00:00","2025-06-19 06:28:56"
Nederland,WindOffshore,Hour,1198960,1198960,0,0,"2025-02-17 08:00:00","2025-02-17 09:00:00","2025-06-19 06:28:56"
Nederland,WindOffshore,Hour,781647,781647,0,0,"2025-02-17 09:00:00","2025-02-17 10:00:00","2025-06-19 06:28:56"
Nederland,WindOffshore,Hour,481390,481390,0,0,"2025-02-17 10:00:00","2025-02-17 11:00:00","2025-06-19 06:28:56"
Nederland,WindOffshore,Hour,277543,277543,0,0,"2025-02-17 11:00:00","2025-02-17 12:00:00","2025-06-19 06:28:56"
Nederland,WindOffshore,Hour,307666,307666,0,0,"2025-02-17 12:00:00","2025-02-17 13:00:00","2025-06-19 06:28:56"
Nederland,WindOffshore,Hour,363266,363266,0,0,"2025-02-17 13:00:00","2025-02-17 14:00:00","2025-06-19 06:28:56"
Nederland,WindOffshore,Hour,377337,377337,0,0,"2025-02-17 14:00:00","2025-02-17 15:00:00","2025-06-19 06:28:56"
Nederland,WindOffshore,Hour,413742,413742,0,0,"2025-02-17 15:00:00","2025-02-17 16:00:00","2025-06-19 06:28:56"
Nederland,WindOffshore,Hour,390409,390409,0,0,"2025-02-17 16:00:00","2025-02-17 17:00:00","2025-06-19 06:28:56"
Nederland,WindOffshore,Hour,429672,429672,0,0,"2025-02-17 17:00:00","2025-02-17 18:00:00","2025-06-19 06:28:56"
Nederland,WindOffshore,Hour,603713,603713,0,0,"2025-02-17 18:00:00","2025-02-17 19:00:00","2025-06-19 06:28:56"
Nederland,WindOffshore,Hour,970587,970587,0,0,"2025-02-17 19:00:00","2025-02-17 20:00:00","2025-06-19 06:28:56"
Nederland,WindOffshore,Hour,1441769,1441769,0,0,"2025-02-17 20:00:00","2025-02-17 21:00:00","2025-06-19 06:28:56"
Nederland,WindOffshore,Hour,1946609,1946609,0,0,"2025-02-17 21:00:00","2025-02-17 22:00:00","2025-06-19 06:28:56"
Nederland,WindOffshore,Hour,2136180,2136180,0,0,"2025-02-17 22:00:00","2025-02-17 23:00:00","2025-06-19 06:28:56"
Nederland,WindOffshore,Hour,2283420,2283420,0,0,"2025-02-17 23:00:00","2025-02-18 00:00:00","2025-06-19 06:28:56"
Nederland,WindOffshore,Hour,1968863,1968863,0,0,"2025-02-18 00:00:00","2025-02-18 01:00:00","2025-06-20 06:28:51"
Nederland,WindOffshore,Hour,1641489,1641489,0,0,"2025-02-18 01:00:00","2025-02-18 02:00:00","2025-06-20 06:28:51"
Nederland,WindOffshore,Hour,2108062,2108062,0,0,"2025-02-18 02:00:00","2025-02-18 03:00:00","2025-06-20 06:28:51"
Nederland,WindOffshore,Hour,2382384,2382384,0,0,"2025-02-18 03:00:00","2025-02-18 04:00:00","2025-06-20 06:28:51"
Nederland,WindOffshore,Hour,2372184,2372184,0,0,"2025-02-18 04:00:00","2025-02-18 05:00:00","2025-06-20 06:28:51"
Nederland,WindOffshore,Hour,2060569,2060569,0,0,"2025-02-18 05:00:00","2025-02-18 06:00:00","2025-06-20 06:28:51"
Nederland,WindOffshore,Hour,2042586,2042586,0,0,"2025-02-18 06:00:00","2025-02-18 07:00:00","2025-06-20 06:28:51"
Nederland,WindOffshore,Hour,2168967,2168967,0,0,"2025-02-18 07:00:00","2025-02-18 08:00:00","2025-06-20 06:28:51"
Nederland,WindOffshore,Hour,2406697,2406697,0,0,"2025-02-18 08:00:00","2025-02-18 09:00:00","2025-06-20 06:28:51"
Nederland,WindOffshore,Hour,2476337,2476337,0,0,"2025-02-18 09:00:00","2025-02-18 10:00:00","2025-06-20 06:28:51"
Nederland,WindOffshore,Hour,2519586,2519586,0,0,"2025-02-18 10:00:00","2025-02-18 11:00:00","2025-06-20 06:28:51"
Nederland,WindOffshore,Hour,2490369,2490369,0,0,"2025-02-18 11:00:00","2025-02-18 12:00:00","2025-06-20 06:28:51"
Nederland,WindOffshore,Hour,2478173,2478173,0,0,"2025-02-18 12:00:00","2025-02-18 13:00:00","2025-06-20 06:28:51"
Nederland,WindOffshore,Hour,2650027,2650027,0,0,"2025-02-18 13:00:00","2025-02-18 14:00:00","2025-06-20 06:28:51"
Nederland,WindOffshore,Hour,2901096,2901096,0,0,"2025-02-18 14:00:00","2025-02-18 15:00:00","2025-06-20 06:28:51"
Nederland,WindOffshore,Hour,3169369,3169369,0,0,"2025-02-18 15:00:00","2025-02-18 16:00:00","2025-06-20 06:28:51"
Nederland,WindOffshore,Hour,3254641,3254641,0,0,"2025-02-18 16:00:00","2025-02-18 17:00:00","2025-06-20 06:28:51"
Nederland,WindOffshore,Hour,3281702,3281702,0,0,"2025-02-18 17:00:00","2025-02-18 18:00:00","2025-06-20 06:28:51"
Nederland,WindOffshore,Hour,3620175,3620175,0,0,"2025-02-18 18:00:00","2025-02-18 19:00:00","2025-06-20 06:28:51"
Nederland,WindOffshore,Hour,3762815,3762815,0,0,"2025-02-18 19:00:00","2025-02-18 20:00:00","2025-06-20 06:28:51"
Nederland,WindOffshore,Hour,3920498,3920498,0,0,"2025-02-18 20:00:00","2025-02-18 21:00:00","2025-06-20 06:28:51"
Nederland,WindOffshore,Hour,4028825,4028825,0,0,"2025-02-18 21:00:00","2025-02-18 22:00:00","2025-06-20 06:28:51"
Nederland,WindOffshore,Hour,4098063,4098063,0,0,"2025-02-18 22:00:00","2025-02-18 23:00:00","2025-06-20 06:28:51"
Nederland,WindOffshore,Hour,4093397,4093397,0,0,"2025-02-18 23:00:00","2025-02-19 00:00:00","2025-06-20 06:28:51"
Nederland,WindOffshore,Hour,4037946,4037946,0,0,"2025-02-19 00:00:00","2025-02-19 01:00:00","2025-06-21 06:28:52"
Nederland,WindOffshore,Hour,3951938,3951938,0,0,"2025-02-19 01:00:00","2025-02-19 02:00:00","2025-06-21 06:28:52"
Nederland,WindOffshore,Hour,3950313,3950313,0,0,"2025-02-19 02:00:00","2025-02-19 03:00:00","2025-06-21 06:28:52"
Nederland,WindOffshore,Hour,3925182,3925182,0,0,"2025-02-19 03:00:00","2025-02-19 04:00:00","2025-06-21 06:28:52"
Nederland,WindOffshore,Hour,3909116,3909116,0,0,"2025-02-19 04:00:00","2025-02-19 05:00:00","2025-06-21 06:28:52"
Nederland,WindOffshore,Hour,3809216,3809216,0,0,"2025-02-19 05:00:00","2025-02-19 06:00:00","2025-06-21 06:28:52"
Nederland,WindOffshore,Hour,3794160,3794160,0,0,"2025-02-19 06:00:00","2025-02-19 07:00:00","2025-06-21 06:28:52"
Nederland,WindOffshore,Hour,3824640,3824640,0,0,"2025-02-19 07:00:00","2025-02-19 08:00:00","2025-06-21 06:28:52"
Nederland,WindOffshore,Hour,3856318,3856318,0,0,"2025-02-19 08:00:00","2025-02-19 09:00:00","2025-06-21 06:28:52"
Nederland,WindOffshore,Hour,3855266,3855266,0,0,"2025-02-19 09:00:00","2025-02-19 10:00:00","2025-06-21 06:28:52"
Nederland,WindOffshore,Hour,3807741,3807741,0,0,"2025-02-19 10:00:00","2025-02-19 11:00:00","2025-06-21 06:28:52"
Nederland,WindOffshore,Hour,3635998,3635998,0,0,"2025-02-19 11:00:00","2025-02-19 12:00:00","2025-06-21 06:28:52"
Nederland,WindOffshore,Hour,3224860,3224860,0,0,"2025-02-19 12:00:00","2025-02-19 13:00:00","2025-06-21 06:28:52"
Nederland,WindOffshore,Hour,3150418,3150418,0,0,"2025-02-19 13:00:00","2025-02-19 14:00:00","2025-06-21 06:28:52"
Nederland,WindOffshore,Hour,3368215,3368215,0,0,"2025-02-19 14:00:00","2025-02-19 15:00:00","2025-06-21 06:28:52"
Nederland,WindOffshore,Hour,3491900,3491900,0,0,"2025-02-19 15:00:00","2025-02-19 16:00:00","2025-06-21 06:28:52"
Nederland,WindOffshore,Hour,3615210,3615210,0,0,"2025-02-19 16:00:00","2025-02-19 17:00:00","2025-06-21 06:28:52"
Nederland,WindOffshore,Hour,3705183,3705183,0,0,"2025-02-19 17:00:00","2025-02-19 18:00:00","2025-06-21 06:28:52"
Nederland,WindOffshore,Hour,3567373,3567373,0,0,"2025-02-19 18:00:00","2025-02-19 19:00:00","2025-06-21 06:28:52"
Nederland,WindOffshore,Hour,3248539,3248539,0,0,"2025-02-19 19:00:00","2025-02-19 20:00:00","2025-06-21 06:28:52"
Nederland,WindOffshore,Hour,2835764,2835764,0,0,"2025-02-19 20:00:00","2025-02-19 21:00:00","2025-06-21 06:28:52"
Nederland,WindOffshore,Hour,2763558,2763558,0,0,"2025-02-19 21:00:00","2025-02-19 22:00:00","2025-06-21 06:28:52"
Nederland,WindOffshore,Hour,2340352,2340352,0,0,"2025-02-19 22:00:00","2025-02-19 23:00:00","2025-06-21 06:28:52"
Nederland,WindOffshore,Hour,1702663,1702663,0,0,"2025-02-19 23:00:00","2025-02-20 00:00:00","2025-06-21 06:28:52"
Nederland,WindOffshore,Hour,1698986,1698986,0,0,"2025-02-20 00:00:00","2025-02-20 01:00:00","2025-06-22 06:28:59"
Nederland,WindOffshore,Hour,1776196,1776196,0,0,"2025-02-20 01:00:00","2025-02-20 02:00:00","2025-06-22 06:28:59"
Nederland,WindOffshore,Hour,1916657,1916657,0,0,"2025-02-20 02:00:00","2025-02-20 03:00:00","2025-06-22 06:28:59"
Nederland,WindOffshore,Hour,2173580,2173580,0,0,"2025-02-20 03:00:00","2025-02-20 04:00:00","2025-06-22 06:28:59"
Nederland,WindOffshore,Hour,2386195,2386195,0,0,"2025-02-20 04:00:00","2025-02-20 05:00:00","2025-06-22 06:28:59"
Nederland,WindOffshore,Hour,2373223,2373223,0,0,"2025-02-20 05:00:00","2025-02-20 06:00:00","2025-06-22 06:28:59"
Nederland,WindOffshore,Hour,2632333,2632333,0,0,"2025-02-20 06:00:00","2025-02-20 07:00:00","2025-06-22 06:28:59"
Nederland,WindOffshore,Hour,2560805,2560805,0,0,"2025-02-20 07:00:00","2025-02-20 08:00:00","2025-06-22 06:28:59"
Nederland,WindOffshore,Hour,2585940,2585940,0,0,"2025-02-20 08:00:00","2025-02-20 09:00:00","2025-06-22 06:28:59"
Nederland,WindOffshore,Hour,2970888,2970888,0,0,"2025-02-20 09:00:00","2025-02-20 10:00:00","2025-06-22 06:28:59"
Nederland,WindOffshore,Hour,3213103,3213103,0,0,"2025-02-20 10:00:00","2025-02-20 11:00:00","2025-06-22 06:28:59"
Nederland,WindOffshore,Hour,3973666,3973666,0,0,"2025-02-20 11:00:00","2025-02-20 12:00:00","2025-06-22 06:28:59"
Nederland,WindOffshore,Hour,4030410,4030410,0,0,"2025-02-20 12:00:00","2025-02-20 13:00:00","2025-06-22 06:28:59"
Nederland,WindOffshore,Hour,3964733,3964733,0,0,"2025-02-20 13:00:00","2025-02-20 14:00:00","2025-06-22 06:28:59"
Nederland,WindOffshore,Hour,3878836,3878836,0,0,"2025-02-20 14:00:00","2025-02-20 15:00:00","2025-06-22 06:28:59"
Nederland,WindOffshore,Hour,3865197,3865197,0,0,"2025-02-20 15:00:00","2025-02-20 16:00:00","2025-06-22 06:28:59"
Nederland,WindOffshore,Hour,4082791,4082791,0,0,"2025-02-20 16:00:00","2025-02-20 17:00:00","2025-06-22 06:28:59"
Nederland,WindOffshore,Hour,4124792,4124792,0,0,"2025-02-20 17:00:00","2025-02-20 18:00:00","2025-06-22 06:28:59"
Nederland,WindOffshore,Hour,4125095,4125095,0,0,"2025-02-20 18:00:00","2025-02-20 19:00:00","2025-06-22 06:28:59"
Nederland,WindOffshore,Hour,4111090,4111090,0,0,"2025-02-20 19:00:00","2025-02-20 20:00:00","2025-06-22 06:28:59"
Nederland,WindOffshore,Hour,3877791,3877791,0,0,"2025-02-20 20:00:00","2025-02-20 21:00:00","2025-06-22 06:28:59"
Nederland,WindOffshore,Hour,3868890,3868890,0,0,"2025-02-20 21:00:00","2025-02-20 22:00:00","2025-06-22 06:28:59"
Nederland,WindOffshore,Hour,3983247,3983247,0,0,"2025-02-20 22:00:00","2025-02-20 23:00:00","2025-06-22 06:28:59"
Nederland,WindOffshore,Hour,3905255,3905255,0,0,"2025-02-20 23:00:00","2025-02-21 00:00:00","2025-06-22 06:28:59"
Nederland,WindOffshore,Hour,3819877,3819877,0,0,"2025-02-21 00:00:00","2025-02-21 01:00:00","2025-06-23 06:28:56"
Nederland,WindOffshore,Hour,3633080,3633080,0,0,"2025-02-21 01:00:00","2025-02-21 02:00:00","2025-06-23 06:28:56"
Nederland,WindOffshore,Hour,3361534,3361534,0,0,"2025-02-21 02:00:00","2025-02-21 03:00:00","2025-06-23 06:28:56"
Nederland,WindOffshore,Hour,3330909,3330909,0,0,"2025-02-21 03:00:00","2025-02-21 04:00:00","2025-06-23 06:28:56"
Nederland,WindOffshore,Hour,3155571,3155571,0,0,"2025-02-21 04:00:00","2025-02-21 05:00:00","2025-06-23 06:28:56"
Nederland,WindOffshore,Hour,3211910,3211910,0,0,"2025-02-21 05:00:00","2025-02-21 06:00:00","2025-06-23 06:28:56"
Nederland,WindOffshore,Hour,3274791,3274791,0,0,"2025-02-21 06:00:00","2025-02-21 07:00:00","2025-06-23 06:28:56"
Nederland,WindOffshore,Hour,3478066,3478066,0,0,"2025-02-21 07:00:00","2025-02-21 08:00:00","2025-06-23 06:28:56"
Nederland,WindOffshore,Hour,3664034,3664034,0,0,"2025-02-21 08:00:00","2025-02-21 09:00:00","2025-06-23 06:28:56"
Nederland,WindOffshore,Hour,3775472,3775472,0,0,"2025-02-21 09:00:00","2025-02-21 10:00:00","2025-06-23 06:28:56"
Nederland,WindOffshore,Hour,3911634,3911634,0,0,"2025-02-21 10:00:00","2025-02-21 11:00:00","2025-06-23 06:28:56"
Nederland,WindOffshore,Hour,4023061,4023061,0,0,"2025-02-21 11:00:00","2025-02-21 12:00:00","2025-06-23 06:28:56"
Nederland,WindOffshore,Hour,3928845,3928845,0,0,"2025-02-21 12:00:00","2025-02-21 13:00:00","2025-06-23 06:28:56"
Nederland,WindOffshore,Hour,3946159,3946159,0,0,"2025-02-21 13:00:00","2025-02-21 14:00:00","2025-06-23 06:28:56"
Nederland,WindOffshore,Hour,4030712,4030712,0,0,"2025-02-21 14:00:00","2025-02-21 15:00:00","2025-06-23 06:28:56"
Nederland,WindOffshore,Hour,4008631,4008631,0,0,"2025-02-21 15:00:00","2025-02-21 16:00:00","2025-06-23 06:28:56"
Nederland,WindOffshore,Hour,4015377,4015377,0,0,"2025-02-21 16:00:00","2025-02-21 17:00:00","2025-06-23 06:28:56"
Nederland,WindOffshore,Hour,3972604,3972604,0,0,"2025-02-21 17:00:00","2025-02-21 18:00:00","2025-06-23 06:28:56"
Nederland,WindOffshore,Hour,4089243,4089243,0,0,"2025-02-21 18:00:00","2025-02-21 19:00:00","2025-06-23 06:28:56"
Nederland,WindOffshore,Hour,3998704,3998704,0,0,"2025-02-21 19:00:00","2025-02-21 20:00:00","2025-06-23 06:28:56"
Nederland,WindOffshore,Hour,4068092,4068092,0,0,"2025-02-21 20:00:00","2025-02-21 21:00:00","2025-06-23 06:28:56"
Nederland,WindOffshore,Hour,3975897,3975897,0,0,"2025-02-21 21:00:00","2025-02-21 22:00:00","2025-06-23 06:28:56"
Nederland,WindOffshore,Hour,3811157,3811157,0,0,"2025-02-21 22:00:00","2025-02-21 23:00:00","2025-06-23 06:28:56"
Nederland,WindOffshore,Hour,3536981,3536981,0,0,"2025-02-21 23:00:00","2025-02-22 00:00:00","2025-06-23 06:28:56"
Nederland,WindOffshore,Hour,3385724,3385724,0,0,"2025-02-22 00:00:00","2025-02-22 01:00:00","2025-06-24 06:29:05"
Nederland,WindOffshore,Hour,3434558,3434558,0,0,"2025-02-22 01:00:00","2025-02-22 02:00:00","2025-06-24 06:29:05"
Nederland,WindOffshore,Hour,3521576,3521576,0,0,"2025-02-22 02:00:00","2025-02-22 03:00:00","2025-06-24 06:29:05"
Nederland,WindOffshore,Hour,3240463,3240463,0,0,"2025-02-22 03:00:00","2025-02-22 04:00:00","2025-06-24 06:29:05"
Nederland,WindOffshore,Hour,3227538,3227538,0,0,"2025-02-22 04:00:00","2025-02-22 05:00:00","2025-06-24 06:29:05"
Nederland,WindOffshore,Hour,3179775,3179775,0,0,"2025-02-22 05:00:00","2025-02-22 06:00:00","2025-06-24 06:29:05"
Nederland,WindOffshore,Hour,3231559,3231559,0,0,"2025-02-22 06:00:00","2025-02-22 07:00:00","2025-06-24 06:29:05"
Nederland,WindOffshore,Hour,3338256,3338256,0,0,"2025-02-22 07:00:00","2025-02-22 08:00:00","2025-06-24 06:29:05"
Nederland,WindOffshore,Hour,3408644,3408644,0,0,"2025-02-22 08:00:00","2025-02-22 09:00:00","2025-06-24 06:29:05"
Nederland,WindOffshore,Hour,3434791,3434791,0,0,"2025-02-22 09:00:00","2025-02-22 10:00:00","2025-06-24 06:29:05"
Nederland,WindOffshore,Hour,3003801,3003801,0,0,"2025-02-22 10:00:00","2025-02-22 11:00:00","2025-06-24 06:29:05"
Nederland,WindOffshore,Hour,2218153,2218153,0,0,"2025-02-22 11:00:00","2025-02-22 12:00:00","2025-06-24 06:29:05"
Nederland,WindOffshore,Hour,1918376,1918376,0,0,"2025-02-22 12:00:00","2025-02-22 13:00:00","2025-06-24 06:29:05"
Nederland,WindOffshore,Hour,1703823,1703823,0,0,"2025-02-22 13:00:00","2025-02-22 14:00:00","2025-06-24 06:29:05"
Nederland,WindOffshore,Hour,1255127,1255127,0,0,"2025-02-22 14:00:00","2025-02-22 15:00:00","2025-06-24 06:29:05"
Nederland,WindOffshore,Hour,1141690,1141690,0,0,"2025-02-22 15:00:00","2025-02-22 16:00:00","2025-06-24 06:29:05"
Nederland,WindOffshore,Hour,1074263,1074263,0,0,"2025-02-22 16:00:00","2025-02-22 17:00:00","2025-06-24 06:29:05"
Nederland,WindOffshore,Hour,1148906,1148906,0,0,"2025-02-22 17:00:00","2025-02-22 18:00:00","2025-06-24 06:29:05"
Nederland,WindOffshore,Hour,1323931,1323931,0,0,"2025-02-22 18:00:00","2025-02-22 19:00:00","2025-06-24 06:29:05"
Nederland,WindOffshore,Hour,1772985,1772985,0,0,"2025-02-22 19:00:00","2025-02-22 20:00:00","2025-06-24 06:29:05"
Nederland,WindOffshore,Hour,2048057,2048057,0,0,"2025-02-22 20:00:00","2025-02-22 21:00:00","2025-06-24 06:29:05"
Nederland,WindOffshore,Hour,1961838,1961838,0,0,"2025-02-22 21:00:00","2025-02-22 22:00:00","2025-06-24 06:29:05"
Nederland,WindOffshore,Hour,2150610,2150610,0,0,"2025-02-22 22:00:00","2025-02-22 23:00:00","2025-06-24 06:29:05"
Nederland,WindOffshore,Hour,2511414,2511414,0,0,"2025-02-22 23:00:00","2025-02-23 00:00:00","2025-06-24 06:29:05"
Nederland,WindOffshore,Hour,2156818,2156818,0,0,"2025-02-23 00:00:00","2025-02-23 01:00:00","2025-06-25 06:28:46"
Nederland,WindOffshore,Hour,2287849,2287849,0,0,"2025-02-23 01:00:00","2025-02-23 02:00:00","2025-06-25 06:28:46"
Nederland,WindOffshore,Hour,2400368,2400368,0,0,"2025-02-23 02:00:00","2025-02-23 03:00:00","2025-06-25 06:28:46"
Nederland,WindOffshore,Hour,2214972,2214972,0,0,"2025-02-23 03:00:00","2025-02-23 04:00:00","2025-06-25 06:28:46"
Nederland,WindOffshore,Hour,1999307,1999307,0,0,"2025-02-23 04:00:00","2025-02-23 05:00:00","2025-06-25 06:28:46"
Nederland,WindOffshore,Hour,2233787,2233787,0,0,"2025-02-23 05:00:00","2025-02-23 06:00:00","2025-06-25 06:28:46"
Nederland,WindOffshore,Hour,2155060,2155060,0,0,"2025-02-23 06:00:00","2025-02-23 07:00:00","2025-06-25 06:28:46"
Nederland,WindOffshore,Hour,2236446,2236446,0,0,"2025-02-23 07:00:00","2025-02-23 08:00:00","2025-06-25 06:28:46"
Nederland,WindOffshore,Hour,2697068,2697068,0,0,"2025-02-23 08:00:00","2025-02-23 09:00:00","2025-06-25 06:28:46"
Nederland,WindOffshore,Hour,2865378,2865378,0,0,"2025-02-23 09:00:00","2025-02-23 10:00:00","2025-06-25 06:28:46"
Nederland,WindOffshore,Hour,2723833,2723833,0,0,"2025-02-23 10:00:00","2025-02-23 11:00:00","2025-06-25 06:28:46"
Nederland,WindOffshore,Hour,2813206,2813206,0,0,"2025-02-23 11:00:00","2025-02-23 12:00:00","2025-06-25 06:28:46"
Nederland,WindOffshore,Hour,3384523,3384523,0,0,"2025-02-23 12:00:00","2025-02-23 13:00:00","2025-06-25 06:28:46"
Nederland,WindOffshore,Hour,3749310,3749310,0,0,"2025-02-23 13:00:00","2025-02-23 14:00:00","2025-06-25 06:28:46"
Nederland,WindOffshore,Hour,3814078,3814078,0,0,"2025-02-23 14:00:00","2025-02-23 15:00:00","2025-06-25 06:28:46"
Nederland,WindOffshore,Hour,3844020,3844020,0,0,"2025-02-23 15:00:00","2025-02-23 16:00:00","2025-06-25 06:28:46"
Nederland,WindOffshore,Hour,3699723,3699723,0,0,"2025-02-23 16:00:00","2025-02-23 17:00:00","2025-06-25 06:28:46"
Nederland,WindOffshore,Hour,3857185,3857185,0,0,"2025-02-23 17:00:00","2025-02-23 18:00:00","2025-06-25 06:28:46"
Nederland,WindOffshore,Hour,4097816,4097816,0,0,"2025-02-23 18:00:00","2025-02-23 19:00:00","2025-06-25 06:28:46"
Nederland,WindOffshore,Hour,4100003,4100003,0,0,"2025-02-23 19:00:00","2025-02-23 20:00:00","2025-06-25 06:28:46"
Nederland,WindOffshore,Hour,4137116,4137116,0,0,"2025-02-23 20:00:00","2025-02-23 21:00:00","2025-06-25 06:28:46"
Nederland,WindOffshore,Hour,4156198,4156198,0,0,"2025-02-23 21:00:00","2025-02-23 22:00:00","2025-06-25 06:28:46"
Nederland,WindOffshore,Hour,4156817,4156817,0,0,"2025-02-23 22:00:00","2025-02-23 23:00:00","2025-06-25 06:28:46"
Nederland,WindOffshore,Hour,4156997,4156997,0,0,"2025-02-23 23:00:00","2025-02-24 00:00:00","2025-06-25 06:28:46"
Nederland,WindOffshore,Hour,4156952,4156952,0,0,"2025-02-24 00:00:00","2025-02-24 01:00:00","2025-06-26 06:29:00"
Nederland,WindOffshore,Hour,4155513,4155513,0,0,"2025-02-24 01:00:00","2025-02-24 02:00:00","2025-06-26 06:29:00"
Nederland,WindOffshore,Hour,4148903,4148903,0,0,"2025-02-24 02:00:00","2025-02-24 03:00:00","2025-06-26 06:29:00"
Nederland,WindOffshore,Hour,4152121,4152121,0,0,"2025-02-24 03:00:00","2025-02-24 04:00:00","2025-06-26 06:29:00"
Nederland,WindOffshore,Hour,4146991,4146991,0,0,"2025-02-24 04:00:00","2025-02-24 05:00:00","2025-06-26 06:29:00"
Nederland,WindOffshore,Hour,4146438,4146438,0,0,"2025-02-24 05:00:00","2025-02-24 06:00:00","2025-06-26 06:29:00"
Nederland,WindOffshore,Hour,4133703,4133703,0,0,"2025-02-24 06:00:00","2025-02-24 07:00:00","2025-06-26 06:29:00"
Nederland,WindOffshore,Hour,4123926,4123926,0,0,"2025-02-24 07:00:00","2025-02-24 08:00:00","2025-06-26 06:29:00"
Nederland,WindOffshore,Hour,4125639,4125639,0,0,"2025-02-24 08:00:00","2025-02-24 09:00:00","2025-06-26 06:29:00"
Nederland,WindOffshore,Hour,4131969,4131969,0,0,"2025-02-24 09:00:00","2025-02-24 10:00:00","2025-06-26 06:29:00"
Nederland,WindOffshore,Hour,4127647,4127647,0,0,"2025-02-24 10:00:00","2025-02-24 11:00:00","2025-06-26 06:29:00"
Nederland,WindOffshore,Hour,4097847,4097847,0,0,"2025-02-24 11:00:00","2025-02-24 12:00:00","2025-06-26 06:29:00"
Nederland,WindOffshore,Hour,4132508,4132508,0,0,"2025-02-24 12:00:00","2025-02-24 13:00:00","2025-06-26 06:29:00"
Nederland,WindOffshore,Hour,4088036,4088036,0,0,"2025-02-24 13:00:00","2025-02-24 14:00:00","2025-06-26 06:29:00"
Nederland,WindOffshore,Hour,3875732,3875732,0,0,"2025-02-24 14:00:00","2025-02-24 15:00:00","2025-06-26 06:29:00"
Nederland,WindOffshore,Hour,3677761,3677761,0,0,"2025-02-24 15:00:00","2025-02-24 16:00:00","2025-06-26 06:29:00"
Nederland,WindOffshore,Hour,3860875,3860875,0,0,"2025-02-24 16:00:00","2025-02-24 17:00:00","2025-06-26 06:29:00"
Nederland,WindOffshore,Hour,3721494,3721494,0,0,"2025-02-24 17:00:00","2025-02-24 18:00:00","2025-06-26 06:29:00"
Nederland,WindOffshore,Hour,3566199,3566199,0,0,"2025-02-24 18:00:00","2025-02-24 19:00:00","2025-06-26 06:29:00"
Nederland,WindOffshore,Hour,3118395,3118395,0,0,"2025-02-24 19:00:00","2025-02-24 20:00:00","2025-06-26 06:29:00"
Nederland,WindOffshore,Hour,3580413,3580413,0,0,"2025-02-24 20:00:00","2025-02-24 21:00:00","2025-06-26 06:29:00"
Nederland,WindOffshore,Hour,3527897,3527897,0,0,"2025-02-24 21:00:00","2025-02-24 22:00:00","2025-06-26 06:29:00"
Nederland,WindOffshore,Hour,3233190,3233190,0,0,"2025-02-24 22:00:00","2025-02-24 23:00:00","2025-06-26 06:29:00"
Nederland,WindOffshore,Hour,2762822,2762822,0,0,"2025-02-24 23:00:00","2025-02-25 00:00:00","2025-06-26 06:29:00"
Nederland,WindOffshore,Hour,2395135,2395135,0,0,"2025-02-25 00:00:00","2025-02-25 01:00:00","2025-06-27 06:28:56"
Nederland,WindOffshore,Hour,2187249,2187249,0,0,"2025-02-25 01:00:00","2025-02-25 02:00:00","2025-06-27 06:28:56"
Nederland,WindOffshore,Hour,2380014,2380014,0,0,"2025-02-25 02:00:00","2025-02-25 03:00:00","2025-06-27 06:28:56"
Nederland,WindOffshore,Hour,2162840,2162840,0,0,"2025-02-25 03:00:00","2025-02-25 04:00:00","2025-06-27 06:28:56"
Nederland,WindOffshore,Hour,1604454,1604454,0,0,"2025-02-25 04:00:00","2025-02-25 05:00:00","2025-06-27 06:28:56"
Nederland,WindOffshore,Hour,1346318,1346318,0,0,"2025-02-25 05:00:00","2025-02-25 06:00:00","2025-06-27 06:28:56"
Nederland,WindOffshore,Hour,1475594,1475594,0,0,"2025-02-25 06:00:00","2025-02-25 07:00:00","2025-06-27 06:28:56"
Nederland,WindOffshore,Hour,1466444,1466444,0,0,"2025-02-25 07:00:00","2025-02-25 08:00:00","2025-06-27 06:28:56"
Nederland,WindOffshore,Hour,1088109,1088109,0,0,"2025-02-25 08:00:00","2025-02-25 09:00:00","2025-06-27 06:28:56"
Nederland,WindOffshore,Hour,859413,859413,0,0,"2025-02-25 09:00:00","2025-02-25 10:00:00","2025-06-27 06:28:56"
Nederland,WindOffshore,Hour,774469,774469,0,0,"2025-02-25 10:00:00","2025-02-25 11:00:00","2025-06-27 06:28:56"
Nederland,WindOffshore,Hour,459403,459403,0,0,"2025-02-25 11:00:00","2025-02-25 12:00:00","2025-06-27 06:28:56"
Nederland,WindOffshore,Hour,151395,151395,0,0,"2025-02-25 12:00:00","2025-02-25 13:00:00","2025-06-27 06:28:56"
Nederland,WindOffshore,Hour,97560,97560,0,0,"2025-02-25 13:00:00","2025-02-25 14:00:00","2025-06-27 06:28:56"
Nederland,WindOffshore,Hour,95957,95957,0,0,"2025-02-25 14:00:00","2025-02-25 15:00:00","2025-06-27 06:28:56"
Nederland,WindOffshore,Hour,136388,136388,0,0,"2025-02-25 15:00:00","2025-02-25 16:00:00","2025-06-27 06:28:56"
Nederland,WindOffshore,Hour,146622,146622,0,0,"2025-02-25 16:00:00","2025-02-25 17:00:00","2025-06-27 06:28:56"
Nederland,WindOffshore,Hour,150340,150340,0,0,"2025-02-25 17:00:00","2025-02-25 18:00:00","2025-06-27 06:28:56"
Nederland,WindOffshore,Hour,233636,233636,0,0,"2025-02-25 18:00:00","2025-02-25 19:00:00","2025-06-27 06:28:56"
Nederland,WindOffshore,Hour,255526,255526,0,0,"2025-02-25 19:00:00","2025-02-25 20:00:00","2025-06-27 06:28:56"
Nederland,WindOffshore,Hour,191544,191544,0,0,"2025-02-25 20:00:00","2025-02-25 21:00:00","2025-06-27 06:28:56"
Nederland,WindOffshore,Hour,99273,99273,0,0,"2025-02-25 21:00:00","2025-02-25 22:00:00","2025-06-27 06:28:56"
Nederland,WindOffshore,Hour,46990,46990,0,0,"2025-02-25 22:00:00","2025-02-25 23:00:00","2025-06-27 06:28:56"
Nederland,WindOffshore,Hour,83549,83549,0,0,"2025-02-25 23:00:00","2025-02-26 00:00:00","2025-06-27 06:28:56"
Nederland,WindOffshore,Hour,162948,162948,0,0,"2025-02-26 00:00:00","2025-02-26 01:00:00","2025-06-28 06:28:59"
Nederland,WindOffshore,Hour,296575,296575,0,0,"2025-02-26 01:00:00","2025-02-26 02:00:00","2025-06-28 06:28:59"
Nederland,WindOffshore,Hour,401557,401557,0,0,"2025-02-26 02:00:00","2025-02-26 03:00:00","2025-06-28 06:28:59"
Nederland,WindOffshore,Hour,402628,402628,0,0,"2025-02-26 03:00:00","2025-02-26 04:00:00","2025-06-28 06:28:59"
Nederland,WindOffshore,Hour,360276,360276,0,0,"2025-02-26 04:00:00","2025-02-26 05:00:00","2025-06-28 06:28:59"
Nederland,WindOffshore,Hour,380161,380161,0,0,"2025-02-26 05:00:00","2025-02-26 06:00:00","2025-06-28 06:28:59"
Nederland,WindOffshore,Hour,213768,213768,0,0,"2025-02-26 06:00:00","2025-02-26 07:00:00","2025-06-28 06:28:59"
Nederland,WindOffshore,Hour,153667,153667,0,0,"2025-02-26 07:00:00","2025-02-26 08:00:00","2025-06-28 06:28:59"
Nederland,WindOffshore,Hour,361081,361081,0,0,"2025-02-26 08:00:00","2025-02-26 09:00:00","2025-06-28 06:28:59"
Nederland,WindOffshore,Hour,472785,472785,0,0,"2025-02-26 09:00:00","2025-02-26 10:00:00","2025-06-28 06:28:59"
Nederland,WindOffshore,Hour,866111,866111,0,0,"2025-02-26 10:00:00","2025-02-26 11:00:00","2025-06-28 06:28:59"
Nederland,WindOffshore,Hour,1528152,1528152,0,0,"2025-02-26 11:00:00","2025-02-26 12:00:00","2025-06-28 06:28:59"
Nederland,WindOffshore,Hour,2016578,2016578,0,0,"2025-02-26 12:00:00","2025-02-26 13:00:00","2025-06-28 06:28:59"
Nederland,WindOffshore,Hour,2411219,2411219,0,0,"2025-02-26 13:00:00","2025-02-26 14:00:00","2025-06-28 06:28:59"
Nederland,WindOffshore,Hour,2905341,2905341,0,0,"2025-02-26 14:00:00","2025-02-26 15:00:00","2025-06-28 06:28:59"
Nederland,WindOffshore,Hour,2753988,2753988,0,0,"2025-02-26 15:00:00","2025-02-26 16:00:00","2025-06-28 06:28:59"
Nederland,WindOffshore,Hour,3078548,3078548,0,0,"2025-02-26 16:00:00","2025-02-26 17:00:00","2025-06-28 06:28:59"
Nederland,WindOffshore,Hour,3314272,3314272,0,0,"2025-02-26 17:00:00","2025-02-26 18:00:00","2025-06-28 06:28:59"
Nederland,WindOffshore,Hour,3482255,3482255,0,0,"2025-02-26 18:00:00","2025-02-26 19:00:00","2025-06-28 06:28:59"
Nederland,WindOffshore,Hour,2997228,2997228,0,0,"2025-02-26 19:00:00","2025-02-26 20:00:00","2025-06-28 06:28:59"
Nederland,WindOffshore,Hour,2619565,2619565,0,0,"2025-02-26 20:00:00","2025-02-26 21:00:00","2025-06-28 06:28:59"
Nederland,WindOffshore,Hour,2329668,2329668,0,0,"2025-02-26 21:00:00","2025-02-26 22:00:00","2025-06-28 06:28:59"
Nederland,WindOffshore,Hour,2417458,2417458,0,0,"2025-02-26 22:00:00","2025-02-26 23:00:00","2025-06-28 06:28:59"
Nederland,WindOffshore,Hour,1925351,1925351,0,0,"2025-02-26 23:00:00","2025-02-27 00:00:00","2025-06-28 06:28:59"
Nederland,WindOffshore,Hour,1887115,1887115,0,0,"2025-02-27 00:00:00","2025-02-27 01:00:00","2025-06-29 06:28:54"
Nederland,WindOffshore,Hour,2113650,2113650,0,0,"2025-02-27 01:00:00","2025-02-27 02:00:00","2025-06-29 06:28:54"
Nederland,WindOffshore,Hour,1711011,1711011,0,0,"2025-02-27 02:00:00","2025-02-27 03:00:00","2025-06-29 06:28:54"
Nederland,WindOffshore,Hour,1798034,1798034,0,0,"2025-02-27 03:00:00","2025-02-27 04:00:00","2025-06-29 06:28:54"
Nederland,WindOffshore,Hour,1962967,1962967,0,0,"2025-02-27 04:00:00","2025-02-27 05:00:00","2025-06-29 06:28:54"
Nederland,WindOffshore,Hour,1629585,1629585,0,0,"2025-02-27 05:00:00","2025-02-27 06:00:00","2025-06-29 06:28:54"
Nederland,WindOffshore,Hour,1303612,1303612,0,0,"2025-02-27 06:00:00","2025-02-27 07:00:00","2025-06-29 06:28:54"
Nederland,WindOffshore,Hour,1078985,1078985,0,0,"2025-02-27 07:00:00","2025-02-27 08:00:00","2025-06-29 06:28:54"
Nederland,WindOffshore,Hour,984272,984272,0,0,"2025-02-27 08:00:00","2025-02-27 09:00:00","2025-06-29 06:28:54"
Nederland,WindOffshore,Hour,1067097,1067097,0,0,"2025-02-27 09:00:00","2025-02-27 10:00:00","2025-06-29 06:28:54"
Nederland,WindOffshore,Hour,1338702,1338702,0,0,"2025-02-27 10:00:00","2025-02-27 11:00:00","2025-06-29 06:28:54"
Nederland,WindOffshore,Hour,1487266,1487266,0,0,"2025-02-27 11:00:00","2025-02-27 12:00:00","2025-06-29 06:28:54"
Nederland,WindOffshore,Hour,1561017,1561017,0,0,"2025-02-27 12:00:00","2025-02-27 13:00:00","2025-06-29 06:28:54"
Nederland,WindOffshore,Hour,2003189,2003189,0,0,"2025-02-27 13:00:00","2025-02-27 14:00:00","2025-06-29 06:28:54"
Nederland,WindOffshore,Hour,2240063,2240063,0,0,"2025-02-27 14:00:00","2025-02-27 15:00:00","2025-06-29 06:28:54"
Nederland,WindOffshore,Hour,1991872,1991872,0,0,"2025-02-27 15:00:00","2025-02-27 16:00:00","2025-06-29 06:28:54"
Nederland,WindOffshore,Hour,2347676,2347676,0,0,"2025-02-27 16:00:00","2025-02-27 17:00:00","2025-06-29 06:28:54"
Nederland,WindOffshore,Hour,3061903,3061903,0,0,"2025-02-27 17:00:00","2025-02-27 18:00:00","2025-06-29 06:28:54"
Nederland,WindOffshore,Hour,3452290,3452290,0,0,"2025-02-27 18:00:00","2025-02-27 19:00:00","2025-06-29 06:28:54"
Nederland,WindOffshore,Hour,3475042,3475042,0,0,"2025-02-27 19:00:00","2025-02-27 20:00:00","2025-06-29 06:28:54"
Nederland,WindOffshore,Hour,3608822,3608822,0,0,"2025-02-27 20:00:00","2025-02-27 21:00:00","2025-06-29 06:28:54"
Nederland,WindOffshore,Hour,3494483,3494483,0,0,"2025-02-27 21:00:00","2025-02-27 22:00:00","2025-06-29 06:28:54"
Nederland,WindOffshore,Hour,3384135,3384135,0,0,"2025-02-27 22:00:00","2025-02-27 23:00:00","2025-06-29 06:28:54"
Nederland,WindOffshore,Hour,3568302,3568302,0,0,"2025-02-27 23:00:00","2025-02-28 00:00:00","2025-06-29 06:28:54"
Nederland,WindOffshore,Hour,3657921,3657921,0,0,"2025-02-28 00:00:00","2025-02-28 01:00:00","2025-06-30 06:28:55"
Nederland,WindOffshore,Hour,3270393,3270393,0,0,"2025-02-28 01:00:00","2025-02-28 02:00:00","2025-06-30 06:28:55"
Nederland,WindOffshore,Hour,2720579,2720579,0,0,"2025-02-28 02:00:00","2025-02-28 03:00:00","2025-06-30 06:28:55"
Nederland,WindOffshore,Hour,1967983,1967983,0,0,"2025-02-28 03:00:00","2025-02-28 04:00:00","2025-06-30 06:28:55"
Nederland,WindOffshore,Hour,1604659,1604659,0,0,"2025-02-28 04:00:00","2025-02-28 05:00:00","2025-06-30 06:28:55"
Nederland,WindOffshore,Hour,2086817,2086817,0,0,"2025-02-28 05:00:00","2025-02-28 06:00:00","2025-06-30 06:28:55"
Nederland,WindOffshore,Hour,1862128,1862128,0,0,"2025-02-28 06:00:00","2025-02-28 07:00:00","2025-06-30 06:28:55"
Nederland,WindOffshore,Hour,1534212,1534212,0,0,"2025-02-28 07:00:00","2025-02-28 08:00:00","2025-06-30 06:28:55"
Nederland,WindOffshore,Hour,1701706,1701706,0,0,"2025-02-28 08:00:00","2025-02-28 09:00:00","2025-06-30 06:28:55"
Nederland,WindOffshore,Hour,1561979,1561979,0,0,"2025-02-28 09:00:00","2025-02-28 10:00:00","2025-06-30 06:28:55"
Nederland,WindOffshore,Hour,925975,925975,0,0,"2025-02-28 10:00:00","2025-02-28 11:00:00","2025-06-30 06:28:55"
Nederland,WindOffshore,Hour,989954,989954,0,0,"2025-02-28 11:00:00","2025-02-28 12:00:00","2025-06-30 06:28:55"
Nederland,WindOffshore,Hour,732977,732977,0,0,"2025-02-28 12:00:00","2025-02-28 13:00:00","2025-06-30 06:28:55"
Nederland,WindOffshore,Hour,637023,637023,0,0,"2025-02-28 13:00:00","2025-02-28 14:00:00","2025-06-30 06:28:55"
Nederland,WindOffshore,Hour,619105,619105,0,0,"2025-02-28 14:00:00","2025-02-28 15:00:00","2025-06-30 06:28:55"
Nederland,WindOffshore,Hour,668275,668275,0,0,"2025-02-28 15:00:00","2025-02-28 16:00:00","2025-06-30 06:28:55"
Nederland,WindOffshore,Hour,621584,621584,0,0,"2025-02-28 16:00:00","2025-02-28 17:00:00","2025-06-30 06:28:55"
Nederland,WindOffshore,Hour,542973,542973,0,0,"2025-02-28 17:00:00","2025-02-28 18:00:00","2025-06-30 06:28:55"
Nederland,WindOffshore,Hour,617967,617967,0,0,"2025-02-28 18:00:00","2025-02-28 19:00:00","2025-06-30 06:28:55"
Nederland,WindOffshore,Hour,622845,622845,0,0,"2025-02-28 19:00:00","2025-02-28 20:00:00","2025-06-30 06:28:55"
Nederland,WindOffshore,Hour,627624,627624,0,0,"2025-02-28 20:00:00","2025-02-28 21:00:00","2025-06-30 06:28:55"
Nederland,WindOffshore,Hour,540122,540122,0,0,"2025-02-28 21:00:00","2025-02-28 22:00:00","2025-06-30 06:28:55"
Nederland,WindOffshore,Hour,580060,580060,0,0,"2025-02-28 22:00:00","2025-02-28 23:00:00","2025-06-30 06:28:55"
Nederland,WindOffshore,Hour,493022,493022,0,0,"2025-02-28 23:00:00","2025-03-01 00:00:00","2025-06-30 06:28:55"
Nederland,WindOffshore,Hour,374013,374013,0,0,"2025-03-01 00:00:00","2025-03-01 01:00:00","2025-07-01 06:28:53"
Nederland,WindOffshore,Hour,323077,323077,0,0,"2025-03-01 01:00:00","2025-03-01 02:00:00","2025-07-01 06:28:53"
Nederland,WindOffshore,Hour,284398,284398,0,0,"2025-03-01 02:00:00","2025-03-01 03:00:00","2025-07-01 06:28:53"
Nederland,WindOffshore,Hour,224062,224062,0,0,"2025-03-01 03:00:00","2025-03-01 04:00:00","2025-07-01 06:28:53"
Nederland,WindOffshore,Hour,176022,176022,0,0,"2025-03-01 04:00:00","2025-03-01 05:00:00","2025-07-01 06:28:53"
Nederland,WindOffshore,Hour,154635,154635,0,0,"2025-03-01 05:00:00","2025-03-01 06:00:00","2025-07-01 06:28:53"
Nederland,WindOffshore,Hour,144336,144336,0,0,"2025-03-01 06:00:00","2025-03-01 07:00:00","2025-07-01 06:28:53"
Nederland,WindOffshore,Hour,171204,171204,0,0,"2025-03-01 07:00:00","2025-03-01 08:00:00","2025-07-01 06:28:53"
Nederland,WindOffshore,Hour,246073,246073,0,0,"2025-03-01 08:00:00","2025-03-01 09:00:00","2025-07-01 06:28:53"
Nederland,WindOffshore,Hour,177522,177522,0,0,"2025-03-01 09:00:00","2025-03-01 10:00:00","2025-07-01 06:28:53"
Nederland,WindOffshore,Hour,84451,84451,0,0,"2025-03-01 10:00:00","2025-03-01 11:00:00","2025-07-01 06:28:53"
Nederland,WindOffshore,Hour,78192,78192,0,0,"2025-03-01 11:00:00","2025-03-01 12:00:00","2025-07-01 06:28:53"
Nederland,WindOffshore,Hour,85069,85069,0,0,"2025-03-01 12:00:00","2025-03-01 13:00:00","2025-07-01 06:28:53"
Nederland,WindOffshore,Hour,95484,95484,0,0,"2025-03-01 13:00:00","2025-03-01 14:00:00","2025-07-01 06:28:53"
Nederland,WindOffshore,Hour,73272,73272,0,0,"2025-03-01 14:00:00","2025-03-01 15:00:00","2025-07-01 06:28:53"
Nederland,WindOffshore,Hour,31008,31008,0,0,"2025-03-01 15:00:00","2025-03-01 16:00:00","2025-07-01 06:28:53"
Nederland,WindOffshore,Hour,85677,85677,0,0,"2025-03-01 16:00:00","2025-03-01 17:00:00","2025-07-01 06:28:53"
Nederland,WindOffshore,Hour,152173,152173,0,0,"2025-03-01 17:00:00","2025-03-01 18:00:00","2025-07-01 06:28:53"
Nederland,WindOffshore,Hour,140859,140859,0,0,"2025-03-01 18:00:00","2025-03-01 19:00:00","2025-07-01 06:28:53"
Nederland,WindOffshore,Hour,120050,120050,0,0,"2025-03-01 19:00:00","2025-03-01 20:00:00","2025-07-01 06:28:53"
Nederland,WindOffshore,Hour,216658,216658,0,0,"2025-03-01 20:00:00","2025-03-01 21:00:00","2025-07-01 06:28:53"
Nederland,WindOffshore,Hour,228773,228773,0,0,"2025-03-01 21:00:00","2025-03-01 22:00:00","2025-07-01 06:28:53"
Nederland,WindOffshore,Hour,147924,147924,0,0,"2025-03-01 22:00:00","2025-03-01 23:00:00","2025-07-01 06:28:53"
Nederland,WindOffshore,Hour,88724,88724,0,0,"2025-03-01 23:00:00","2025-03-02 00:00:00","2025-07-01 06:28:53"
Nederland,WindOffshore,Hour,52605,52605,0,0,"2025-03-02 00:00:00","2025-03-02 01:00:00","2025-07-02 06:28:32"
Nederland,WindOffshore,Hour,31839,31839,0,0,"2025-03-02 01:00:00","2025-03-02 02:00:00","2025-07-02 06:28:32"
Nederland,WindOffshore,Hour,32305,32305,0,0,"2025-03-02 02:00:00","2025-03-02 03:00:00","2025-07-02 06:28:32"
Nederland,WindOffshore,Hour,44811,44811,0,0,"2025-03-02 03:00:00","2025-03-02 04:00:00","2025-07-02 06:28:32"
Nederland,WindOffshore,Hour,61322,61322,0,0,"2025-03-02 04:00:00","2025-03-02 05:00:00","2025-07-02 06:28:32"
Nederland,WindOffshore,Hour,97021,97021,0,0,"2025-03-02 05:00:00","2025-03-02 06:00:00","2025-07-02 06:28:32"
Nederland,WindOffshore,Hour,102583,102583,0,0,"2025-03-02 06:00:00","2025-03-02 07:00:00","2025-07-02 06:28:32"
Nederland,WindOffshore,Hour,106828,106828,0,0,"2025-03-02 07:00:00","2025-03-02 08:00:00","2025-07-02 06:28:32"
Nederland,WindOffshore,Hour,105928,105928,0,0,"2025-03-02 08:00:00","2025-03-02 09:00:00","2025-07-02 06:28:32"
Nederland,WindOffshore,Hour,90306,90306,0,0,"2025-03-02 09:00:00","2025-03-02 10:00:00","2025-07-02 06:28:32"
Nederland,WindOffshore,Hour,99328,99328,0,0,"2025-03-02 10:00:00","2025-03-02 11:00:00","2025-07-02 06:28:32"
Nederland,WindOffshore,Hour,62924,62924,0,0,"2025-03-02 11:00:00","2025-03-02 12:00:00","2025-07-02 06:28:32"
Nederland,WindOffshore,Hour,33498,33498,0,0,"2025-03-02 12:00:00","2025-03-02 13:00:00","2025-07-02 06:28:32"
Nederland,WindOffshore,Hour,30054,30054,0,0,"2025-03-02 13:00:00","2025-03-02 14:00:00","2025-07-02 06:28:32"
Nederland,WindOffshore,Hour,32888,32888,0,0,"2025-03-02 14:00:00","2025-03-02 15:00:00","2025-07-02 06:28:32"
Nederland,WindOffshore,Hour,37545,37545,0,0,"2025-03-02 15:00:00","2025-03-02 16:00:00","2025-07-02 06:28:32"
Nederland,WindOffshore,Hour,36766,36766,0,0,"2025-03-02 16:00:00","2025-03-02 17:00:00","2025-07-02 06:28:32"
Nederland,WindOffshore,Hour,42023,42023,0,0,"2025-03-02 17:00:00","2025-03-02 18:00:00","2025-07-02 06:28:32"
Nederland,WindOffshore,Hour,74058,74058,0,0,"2025-03-02 18:00:00","2025-03-02 19:00:00","2025-07-02 06:28:32"
Nederland,WindOffshore,Hour,91026,91026,0,0,"2025-03-02 19:00:00","2025-03-02 20:00:00","2025-07-02 06:28:32"
Nederland,WindOffshore,Hour,69733,69733,0,0,"2025-03-02 20:00:00","2025-03-02 21:00:00","2025-07-02 06:28:32"
Nederland,WindOffshore,Hour,57793,57793,0,0,"2025-03-02 21:00:00","2025-03-02 22:00:00","2025-07-02 06:28:32"
Nederland,WindOffshore,Hour,74186,74186,0,0,"2025-03-02 22:00:00","2025-03-02 23:00:00","2025-07-02 06:28:32"
Nederland,WindOffshore,Hour,73483,73483,0,0,"2025-03-02 23:00:00","2025-03-03 00:00:00","2025-07-02 06:28:32"
Nederland,WindOffshore,Hour,99593,99593,0,0,"2025-03-03 00:00:00","2025-03-03 01:00:00","2025-07-03 06:28:51"
Nederland,WindOffshore,Hour,121771,121771,0,0,"2025-03-03 01:00:00","2025-03-03 02:00:00","2025-07-03 06:28:51"
Nederland,WindOffshore,Hour,107001,107001,0,0,"2025-03-03 02:00:00","2025-03-03 03:00:00","2025-07-03 06:28:51"
Nederland,WindOffshore,Hour,143017,143017,0,0,"2025-03-03 03:00:00","2025-03-03 04:00:00","2025-07-03 06:28:51"
Nederland,WindOffshore,Hour,133651,133651,0,0,"2025-03-03 04:00:00","2025-03-03 05:00:00","2025-07-03 06:28:51"
Nederland,WindOffshore,Hour,144536,144536,0,0,"2025-03-03 05:00:00","2025-03-03 06:00:00","2025-07-03 06:28:51"
Nederland,WindOffshore,Hour,151025,151025,0,0,"2025-03-03 06:00:00","2025-03-03 07:00:00","2025-07-03 06:28:51"
Nederland,WindOffshore,Hour,138108,138108,0,0,"2025-03-03 07:00:00","2025-03-03 08:00:00","2025-07-03 06:28:51"
Nederland,WindOffshore,Hour,127830,127830,0,0,"2025-03-03 08:00:00","2025-03-03 09:00:00","2025-07-03 06:28:51"
Nederland,WindOffshore,Hour,109068,109068,0,0,"2025-03-03 09:00:00","2025-03-03 10:00:00","2025-07-03 06:28:51"
Nederland,WindOffshore,Hour,107935,107935,0,0,"2025-03-03 10:00:00","2025-03-03 11:00:00","2025-07-03 06:28:51"
Nederland,WindOffshore,Hour,124774,124774,0,0,"2025-03-03 11:00:00","2025-03-03 12:00:00","2025-07-03 06:28:51"
Nederland,WindOffshore,Hour,92088,92088,0,0,"2025-03-03 12:00:00","2025-03-03 13:00:00","2025-07-03 06:28:51"
Nederland,WindOffshore,Hour,157001,157001,0,0,"2025-03-03 13:00:00","2025-03-03 14:00:00","2025-07-03 06:28:51"
Nederland,WindOffshore,Hour,173015,173015,0,0,"2025-03-03 14:00:00","2025-03-03 15:00:00","2025-07-03 06:28:51"
Nederland,WindOffshore,Hour,121867,121867,0,0,"2025-03-03 15:00:00","2025-03-03 16:00:00","2025-07-03 06:28:51"
Nederland,WindOffshore,Hour,89945,89945,0,0,"2025-03-03 16:00:00","2025-03-03 17:00:00","2025-07-03 06:28:51"
Nederland,WindOffshore,Hour,57602,57602,0,0,"2025-03-03 17:00:00","2025-03-03 18:00:00","2025-07-03 06:28:51"
Nederland,WindOffshore,Hour,86643,86643,0,0,"2025-03-03 18:00:00","2025-03-03 19:00:00","2025-07-03 06:28:51"
Nederland,WindOffshore,Hour,109103,109103,0,0,"2025-03-03 19:00:00","2025-03-03 20:00:00","2025-07-03 06:28:51"
Nederland,WindOffshore,Hour,91206,91206,0,0,"2025-03-03 20:00:00","2025-03-03 21:00:00","2025-07-03 06:28:51"
Nederland,WindOffshore,Hour,90361,90361,0,0,"2025-03-03 21:00:00","2025-03-03 22:00:00","2025-07-03 06:28:51"
Nederland,WindOffshore,Hour,79466,79466,0,0,"2025-03-03 22:00:00","2025-03-03 23:00:00","2025-07-03 06:28:51"
Nederland,WindOffshore,Hour,88008,88008,0,0,"2025-03-03 23:00:00","2025-03-04 00:00:00","2025-07-03 06:28:51"
Nederland,WindOffshore,Hour,95794,95794,0,0,"2025-03-04 00:00:00","2025-03-04 01:00:00","2025-07-04 06:28:39"
Nederland,WindOffshore,Hour,113945,113945,0,0,"2025-03-04 01:00:00","2025-03-04 02:00:00","2025-07-04 06:28:39"
Nederland,WindOffshore,Hour,82092,82092,0,0,"2025-03-04 02:00:00","2025-03-04 03:00:00","2025-07-04 06:28:39"
Nederland,WindOffshore,Hour,57975,57975,0,0,"2025-03-04 03:00:00","2025-03-04 04:00:00","2025-07-04 06:28:39"
Nederland,WindOffshore,Hour,100892,100892,0,0,"2025-03-04 04:00:00","2025-03-04 05:00:00","2025-07-04 06:28:39"
Nederland,WindOffshore,Hour,149553,149553,0,0,"2025-03-04 05:00:00","2025-03-04 06:00:00","2025-07-04 06:28:39"
Nederland,WindOffshore,Hour,238507,238507,0,0,"2025-03-04 06:00:00","2025-03-04 07:00:00","2025-07-04 06:28:39"
Nederland,WindOffshore,Hour,459525,459525,0,0,"2025-03-04 07:00:00","2025-03-04 08:00:00","2025-07-04 06:28:39"
Nederland,WindOffshore,Hour,474170,474170,0,0,"2025-03-04 08:00:00","2025-03-04 09:00:00","2025-07-04 06:28:39"
Nederland,WindOffshore,Hour,385679,385679,0,0,"2025-03-04 09:00:00","2025-03-04 10:00:00","2025-07-04 06:28:39"
Nederland,WindOffshore,Hour,282717,282717,0,0,"2025-03-04 10:00:00","2025-03-04 11:00:00","2025-07-04 06:28:39"
Nederland,WindOffshore,Hour,155629,155629,0,0,"2025-03-04 11:00:00","2025-03-04 12:00:00","2025-07-04 06:28:39"
Nederland,WindOffshore,Hour,188099,188099,0,0,"2025-03-04 12:00:00","2025-03-04 13:00:00","2025-07-04 06:28:39"
Nederland,WindOffshore,Hour,155608,155608,0,0,"2025-03-04 13:00:00","2025-03-04 14:00:00","2025-07-04 06:28:39"
Nederland,WindOffshore,Hour,174648,174648,0,0,"2025-03-04 14:00:00","2025-03-04 15:00:00","2025-07-04 06:28:39"
Nederland,WindOffshore,Hour,251077,251077,0,0,"2025-03-04 15:00:00","2025-03-04 16:00:00","2025-07-04 06:28:39"
Nederland,WindOffshore,Hour,455518,455518,0,0,"2025-03-04 16:00:00","2025-03-04 17:00:00","2025-07-04 06:28:39"
Nederland,WindOffshore,Hour,521688,521688,0,0,"2025-03-04 17:00:00","2025-03-04 18:00:00","2025-07-04 06:28:39"
Nederland,WindOffshore,Hour,495811,495811,0,0,"2025-03-04 18:00:00","2025-03-04 19:00:00","2025-07-04 06:28:39"
Nederland,WindOffshore,Hour,560153,560153,0,0,"2025-03-04 19:00:00","2025-03-04 20:00:00","2025-07-04 06:28:39"
Nederland,WindOffshore,Hour,449458,449458,0,0,"2025-03-04 20:00:00","2025-03-04 21:00:00","2025-07-04 06:28:39"
Nederland,WindOffshore,Hour,367748,367748,0,0,"2025-03-04 21:00:00","2025-03-04 22:00:00","2025-07-04 06:28:39"
Nederland,WindOffshore,Hour,513516,513516,0,0,"2025-03-04 22:00:00","2025-03-04 23:00:00","2025-07-04 06:28:39"
Nederland,WindOffshore,Hour,605460,605460,0,0,"2025-03-04 23:00:00","2025-03-05 00:00:00","2025-07-04 06:28:39"
Nederland,WindOffshore,Hour,942932,942932,0,0,"2025-03-05 00:00:00","2025-03-05 01:00:00","2025-07-05 06:28:55"
Nederland,WindOffshore,Hour,1177976,1177976,0,0,"2025-03-05 01:00:00","2025-03-05 02:00:00","2025-07-05 06:28:55"
Nederland,WindOffshore,Hour,1124271,1124271,0,0,"2025-03-05 02:00:00","2025-03-05 03:00:00","2025-07-05 06:28:55"
Nederland,WindOffshore,Hour,1612586,1612586,0,0,"2025-03-05 03:00:00","2025-03-05 04:00:00","2025-07-05 06:28:55"
Nederland,WindOffshore,Hour,1781683,1781683,0,0,"2025-03-05 04:00:00","2025-03-05 05:00:00","2025-07-05 06:28:55"
Nederland,WindOffshore,Hour,1717631,1717631,0,0,"2025-03-05 05:00:00","2025-03-05 06:00:00","2025-07-05 06:28:55"
Nederland,WindOffshore,Hour,1425935,1425935,0,0,"2025-03-05 06:00:00","2025-03-05 07:00:00","2025-07-05 06:28:55"
Nederland,WindOffshore,Hour,1699554,1699554,0,0,"2025-03-05 07:00:00","2025-03-05 08:00:00","2025-07-05 06:28:55"
Nederland,WindOffshore,Hour,1960330,1960330,0,0,"2025-03-05 08:00:00","2025-03-05 09:00:00","2025-07-05 06:28:55"
Nederland,WindOffshore,Hour,1456484,1456484,0,0,"2025-03-05 09:00:00","2025-03-05 10:00:00","2025-07-05 06:28:55"
Nederland,WindOffshore,Hour,1148040,1148040,0,0,"2025-03-05 10:00:00","2025-03-05 11:00:00","2025-07-05 06:28:55"
Nederland,WindOffshore,Hour,1045094,1045094,0,0,"2025-03-05 11:00:00","2025-03-05 12:00:00","2025-07-05 06:28:55"
Nederland,WindOffshore,Hour,950026,950026,0,0,"2025-03-05 12:00:00","2025-03-05 13:00:00","2025-07-05 06:28:55"
Nederland,WindOffshore,Hour,1015934,1015934,0,0,"2025-03-05 13:00:00","2025-03-05 14:00:00","2025-07-05 06:28:55"
Nederland,WindOffshore,Hour,1352296,1352296,0,0,"2025-03-05 14:00:00","2025-03-05 15:00:00","2025-07-05 06:28:55"
Nederland,WindOffshore,Hour,1286393,1286393,0,0,"2025-03-05 15:00:00","2025-03-05 16:00:00","2025-07-05 06:28:55"
Nederland,WindOffshore,Hour,1244883,1244883,0,0,"2025-03-05 16:00:00","2025-03-05 17:00:00","2025-07-05 06:28:55"
Nederland,WindOffshore,Hour,979859,979859,0,0,"2025-03-05 17:00:00","2025-03-05 18:00:00","2025-07-05 06:28:55"
Nederland,WindOffshore,Hour,501868,501868,0,0,"2025-03-05 18:00:00","2025-03-05 19:00:00","2025-07-05 06:28:55"
Nederland,WindOffshore,Hour,503054,503054,0,0,"2025-03-05 19:00:00","2025-03-05 20:00:00","2025-07-05 06:28:55"
Nederland,WindOffshore,Hour,852479,852479,0,0,"2025-03-05 20:00:00","2025-03-05 21:00:00","2025-07-05 06:28:55"
Nederland,WindOffshore,Hour,816730,816730,0,0,"2025-03-05 21:00:00","2025-03-05 22:00:00","2025-07-05 06:28:55"
Nederland,WindOffshore,Hour,860314,860314,0,0,"2025-03-05 22:00:00","2025-03-05 23:00:00","2025-07-05 06:28:55"
Nederland,WindOffshore,Hour,1024963,1024963,0,0,"2025-03-05 23:00:00","2025-03-06 00:00:00","2025-07-05 06:28:55"
Nederland,WindOffshore,Hour,1080843,1080843,0,0,"2025-03-06 00:00:00","2025-03-06 01:00:00","2025-07-06 06:28:44"
Nederland,WindOffshore,Hour,1089404,1089404,0,0,"2025-03-06 01:00:00","2025-03-06 02:00:00","2025-07-06 06:28:44"
Nederland,WindOffshore,Hour,919231,919231,0,0,"2025-03-06 02:00:00","2025-03-06 03:00:00","2025-07-06 06:28:44"
Nederland,WindOffshore,Hour,856955,856955,0,0,"2025-03-06 03:00:00","2025-03-06 04:00:00","2025-07-06 06:28:44"
Nederland,WindOffshore,Hour,831190,831190,0,0,"2025-03-06 04:00:00","2025-03-06 05:00:00","2025-07-06 06:28:44"
Nederland,WindOffshore,Hour,846847,846847,0,0,"2025-03-06 05:00:00","2025-03-06 06:00:00","2025-07-06 06:28:44"
Nederland,WindOffshore,Hour,937736,937736,0,0,"2025-03-06 06:00:00","2025-03-06 07:00:00","2025-07-06 06:28:44"
Nederland,WindOffshore,Hour,993148,993148,0,0,"2025-03-06 07:00:00","2025-03-06 08:00:00","2025-07-06 06:28:44"
Nederland,WindOffshore,Hour,922195,922195,0,0,"2025-03-06 08:00:00","2025-03-06 09:00:00","2025-07-06 06:28:44"
Nederland,WindOffshore,Hour,833132,833132,0,0,"2025-03-06 09:00:00","2025-03-06 10:00:00","2025-07-06 06:28:44"
Nederland,WindOffshore,Hour,761736,761736,0,0,"2025-03-06 10:00:00","2025-03-06 11:00:00","2025-07-06 06:28:44"
Nederland,WindOffshore,Hour,534365,534365,0,0,"2025-03-06 11:00:00","2025-03-06 12:00:00","2025-07-06 06:28:44"
Nederland,WindOffshore,Hour,502967,502967,0,0,"2025-03-06 12:00:00","2025-03-06 13:00:00","2025-07-06 06:28:44"
Nederland,WindOffshore,Hour,825021,825021,0,0,"2025-03-06 13:00:00","2025-03-06 14:00:00","2025-07-06 06:28:44"
Nederland,WindOffshore,Hour,978107,978107,0,0,"2025-03-06 14:00:00","2025-03-06 15:00:00","2025-07-06 06:28:44"
Nederland,WindOffshore,Hour,1135290,1135290,0,0,"2025-03-06 15:00:00","2025-03-06 16:00:00","2025-07-06 06:28:44"
Nederland,WindOffshore,Hour,1333815,1333815,0,0,"2025-03-06 16:00:00","2025-03-06 17:00:00","2025-07-06 06:28:44"
Nederland,WindOffshore,Hour,1624199,1624199,0,0,"2025-03-06 17:00:00","2025-03-06 18:00:00","2025-07-06 06:28:44"
Nederland,WindOffshore,Hour,2148993,2148993,0,0,"2025-03-06 18:00:00","2025-03-06 19:00:00","2025-07-06 06:28:44"
Nederland,WindOffshore,Hour,1870404,1870404,0,0,"2025-03-06 19:00:00","2025-03-06 20:00:00","2025-07-06 06:28:44"
Nederland,WindOffshore,Hour,1846256,1846256,0,0,"2025-03-06 20:00:00","2025-03-06 21:00:00","2025-07-06 06:28:44"
Nederland,WindOffshore,Hour,2082253,2082253,0,0,"2025-03-06 21:00:00","2025-03-06 22:00:00","2025-07-06 06:28:44"
Nederland,WindOffshore,Hour,2375014,2375014,0,0,"2025-03-06 22:00:00","2025-03-06 23:00:00","2025-07-06 06:28:44"
Nederland,WindOffshore,Hour,2445829,2445829,0,0,"2025-03-06 23:00:00","2025-03-07 00:00:00","2025-07-06 06:28:44"
Nederland,WindOffshore,Hour,2526038,2526038,0,0,"2025-03-07 00:00:00","2025-03-07 01:00:00","2025-07-07 06:28:54"
Nederland,WindOffshore,Hour,2398483,2398483,0,0,"2025-03-07 01:00:00","2025-03-07 02:00:00","2025-07-07 06:28:54"
Nederland,WindOffshore,Hour,2019970,2019970,0,0,"2025-03-07 02:00:00","2025-03-07 03:00:00","2025-07-07 06:28:54"
Nederland,WindOffshore,Hour,1617151,1617151,0,0,"2025-03-07 03:00:00","2025-03-07 04:00:00","2025-07-07 06:28:54"
Nederland,WindOffshore,Hour,1774767,1774767,0,0,"2025-03-07 04:00:00","2025-03-07 05:00:00","2025-07-07 06:28:54"
Nederland,WindOffshore,Hour,1763195,1763195,0,0,"2025-03-07 05:00:00","2025-03-07 06:00:00","2025-07-07 06:28:54"
Nederland,WindOffshore,Hour,1728228,1728228,0,0,"2025-03-07 06:00:00","2025-03-07 07:00:00","2025-07-07 06:28:54"
Nederland,WindOffshore,Hour,1797419,1797419,0,0,"2025-03-07 07:00:00","2025-03-07 08:00:00","2025-07-07 06:28:54"
Nederland,WindOffshore,Hour,1891762,1891762,0,0,"2025-03-07 08:00:00","2025-03-07 09:00:00","2025-07-07 06:28:54"
Nederland,WindOffshore,Hour,1967807,1967807,0,0,"2025-03-07 09:00:00","2025-03-07 10:00:00","2025-07-07 06:28:54"
Nederland,WindOffshore,Hour,1642580,1642580,0,0,"2025-03-07 10:00:00","2025-03-07 11:00:00","2025-07-07 06:28:54"
Nederland,WindOffshore,Hour,1595934,1595934,0,0,"2025-03-07 11:00:00","2025-03-07 12:00:00","2025-07-07 06:28:54"
Nederland,WindOffshore,Hour,1342756,1342756,0,0,"2025-03-07 12:00:00","2025-03-07 13:00:00","2025-07-07 06:28:54"
Nederland,WindOffshore,Hour,1007470,1007470,0,0,"2025-03-07 13:00:00","2025-03-07 14:00:00","2025-07-07 06:28:54"
Nederland,WindOffshore,Hour,929924,929924,0,0,"2025-03-07 14:00:00","2025-03-07 15:00:00","2025-07-07 06:28:54"
Nederland,WindOffshore,Hour,555314,555314,0,0,"2025-03-07 15:00:00","2025-03-07 16:00:00","2025-07-07 06:28:54"
Nederland,WindOffshore,Hour,416863,416863,0,0,"2025-03-07 16:00:00","2025-03-07 17:00:00","2025-07-07 06:28:54"
Nederland,WindOffshore,Hour,406352,406352,0,0,"2025-03-07 17:00:00","2025-03-07 18:00:00","2025-07-07 06:28:54"
Nederland,WindOffshore,Hour,535842,535842,0,0,"2025-03-07 18:00:00","2025-03-07 19:00:00","2025-07-07 06:28:54"
Nederland,WindOffshore,Hour,801904,801904,0,0,"2025-03-07 19:00:00","2025-03-07 20:00:00","2025-07-07 06:28:54"
Nederland,WindOffshore,Hour,1066312,1066312,0,0,"2025-03-07 20:00:00","2025-03-07 21:00:00","2025-07-07 06:28:54"
Nederland,WindOffshore,Hour,1371730,1371730,0,0,"2025-03-07 21:00:00","2025-03-07 22:00:00","2025-07-07 06:28:54"
Nederland,WindOffshore,Hour,1749448,1749448,0,0,"2025-03-07 22:00:00","2025-03-07 23:00:00","2025-07-07 06:28:54"
Nederland,WindOffshore,Hour,1908351,1908351,0,0,"2025-03-07 23:00:00","2025-03-08 00:00:00","2025-07-07 06:28:54"
Nederland,WindOffshore,Hour,2060977,2060977,0,0,"2025-03-08 00:00:00","2025-03-08 01:00:00","2025-07-08 06:28:50"
Nederland,WindOffshore,Hour,1933049,1933049,0,0,"2025-03-08 01:00:00","2025-03-08 02:00:00","2025-07-08 06:28:50"
Nederland,WindOffshore,Hour,2269329,2269329,0,0,"2025-03-08 02:00:00","2025-03-08 03:00:00","2025-07-08 06:28:50"
Nederland,WindOffshore,Hour,2142824,2142824,0,0,"2025-03-08 03:00:00","2025-03-08 04:00:00","2025-07-08 06:28:50"
Nederland,WindOffshore,Hour,1818851,1818851,0,0,"2025-03-08 04:00:00","2025-03-08 05:00:00","2025-07-08 06:28:50"
Nederland,WindOffshore,Hour,1695948,1695948,0,0,"2025-03-08 05:00:00","2025-03-08 06:00:00","2025-07-08 06:28:50"
Nederland,WindOffshore,Hour,2204240,2204240,0,0,"2025-03-08 06:00:00","2025-03-08 07:00:00","2025-07-08 06:28:50"
Nederland,WindOffshore,Hour,2184289,2184289,0,0,"2025-03-08 07:00:00","2025-03-08 08:00:00","2025-07-08 06:28:50"
Nederland,WindOffshore,Hour,2135179,2135179,0,0,"2025-03-08 08:00:00","2025-03-08 09:00:00","2025-07-08 06:28:50"
Nederland,WindOffshore,Hour,2145885,2145885,0,0,"2025-03-08 09:00:00","2025-03-08 10:00:00","2025-07-08 06:28:50"
Nederland,WindOffshore,Hour,1428677,1428677,0,0,"2025-03-08 10:00:00","2025-03-08 11:00:00","2025-07-08 06:28:50"
Nederland,WindOffshore,Hour,877286,877286,0,0,"2025-03-08 11:00:00","2025-03-08 12:00:00","2025-07-08 06:28:50"
Nederland,WindOffshore,Hour,975639,975639,0,0,"2025-03-08 12:00:00","2025-03-08 13:00:00","2025-07-08 06:28:50"
Nederland,WindOffshore,Hour,1438903,1438903,0,0,"2025-03-08 13:00:00","2025-03-08 14:00:00","2025-07-08 06:28:50"
Nederland,WindOffshore,Hour,1660828,1660828,0,0,"2025-03-08 14:00:00","2025-03-08 15:00:00","2025-07-08 06:28:50"
Nederland,WindOffshore,Hour,1754851,1754851,0,0,"2025-03-08 15:00:00","2025-03-08 16:00:00","2025-07-08 06:28:50"
Nederland,WindOffshore,Hour,1955852,1955852,0,0,"2025-03-08 16:00:00","2025-03-08 17:00:00","2025-07-08 06:28:50"
Nederland,WindOffshore,Hour,1988787,1988787,0,0,"2025-03-08 17:00:00","2025-03-08 18:00:00","2025-07-08 06:28:50"
Nederland,WindOffshore,Hour,2248439,2248439,0,0,"2025-03-08 18:00:00","2025-03-08 19:00:00","2025-07-08 06:28:50"
Nederland,WindOffshore,Hour,2238462,2238462,0,0,"2025-03-08 19:00:00","2025-03-08 20:00:00","2025-07-08 06:28:50"
Nederland,WindOffshore,Hour,2304622,2304622,0,0,"2025-03-08 20:00:00","2025-03-08 21:00:00","2025-07-08 06:28:50"
Nederland,WindOffshore,Hour,2471224,2471224,0,0,"2025-03-08 21:00:00","2025-03-08 22:00:00","2025-07-08 06:28:50"
Nederland,WindOffshore,Hour,2917762,2917762,0,0,"2025-03-08 22:00:00","2025-03-08 23:00:00","2025-07-08 06:28:50"
Nederland,WindOffshore,Hour,3028523,3028523,0,0,"2025-03-08 23:00:00","2025-03-09 00:00:00","2025-07-08 06:28:50"
Nederland,WindOffshore,Hour,2517912,2517912,0,0,"2025-03-09 00:00:00","2025-03-09 01:00:00","2025-07-09 06:28:58"
Nederland,WindOffshore,Hour,2360108,2360108,0,0,"2025-03-09 01:00:00","2025-03-09 02:00:00","2025-07-09 06:28:58"
Nederland,WindOffshore,Hour,1891792,1891792,0,0,"2025-03-09 02:00:00","2025-03-09 03:00:00","2025-07-09 06:28:58"
Nederland,WindOffshore,Hour,1699459,1699459,0,0,"2025-03-09 03:00:00","2025-03-09 04:00:00","2025-07-09 06:28:58"
Nederland,WindOffshore,Hour,1678599,1678599,0,0,"2025-03-09 04:00:00","2025-03-09 05:00:00","2025-07-09 06:28:58"
Nederland,WindOffshore,Hour,1348943,1348943,0,0,"2025-03-09 05:00:00","2025-03-09 06:00:00","2025-07-09 06:28:58"
Nederland,WindOffshore,Hour,1139401,1139401,0,0,"2025-03-09 06:00:00","2025-03-09 07:00:00","2025-07-09 06:28:58"
Nederland,WindOffshore,Hour,1199781,1199781,0,0,"2025-03-09 07:00:00","2025-03-09 08:00:00","2025-07-09 06:28:58"
Nederland,WindOffshore,Hour,1173499,1173499,0,0,"2025-03-09 08:00:00","2025-03-09 09:00:00","2025-07-09 06:28:58"
Nederland,WindOffshore,Hour,1121828,1121828,0,0,"2025-03-09 09:00:00","2025-03-09 10:00:00","2025-07-09 06:28:58"
Nederland,WindOffshore,Hour,537717,537717,0,0,"2025-03-09 10:00:00","2025-03-09 11:00:00","2025-07-09 06:28:58"
Nederland,WindOffshore,Hour,362237,362237,0,0,"2025-03-09 11:00:00","2025-03-09 12:00:00","2025-07-09 06:28:58"
Nederland,WindOffshore,Hour,471319,471319,0,0,"2025-03-09 12:00:00","2025-03-09 13:00:00","2025-07-09 06:28:58"
Nederland,WindOffshore,Hour,689017,689017,0,0,"2025-03-09 13:00:00","2025-03-09 14:00:00","2025-07-09 06:28:58"
Nederland,WindOffshore,Hour,1298501,1298501,0,0,"2025-03-09 14:00:00","2025-03-09 15:00:00","2025-07-09 06:28:58"
Nederland,WindOffshore,Hour,1691276,1691276,0,0,"2025-03-09 15:00:00","2025-03-09 16:00:00","2025-07-09 06:28:58"
Nederland,WindOffshore,Hour,1872710,1872710,0,0,"2025-03-09 16:00:00","2025-03-09 17:00:00","2025-07-09 06:28:58"
Nederland,WindOffshore,Hour,2012657,2012657,0,0,"2025-03-09 17:00:00","2025-03-09 18:00:00","2025-07-09 06:28:58"
Nederland,WindOffshore,Hour,2094147,2094147,0,0,"2025-03-09 18:00:00","2025-03-09 19:00:00","2025-07-09 06:28:58"
Nederland,WindOffshore,Hour,2215242,2215242,0,0,"2025-03-09 19:00:00","2025-03-09 20:00:00","2025-07-09 06:28:58"
Nederland,WindOffshore,Hour,2373083,2373083,0,0,"2025-03-09 20:00:00","2025-03-09 21:00:00","2025-07-09 06:28:58"
Nederland,WindOffshore,Hour,2158663,2158663,0,0,"2025-03-09 21:00:00","2025-03-09 22:00:00","2025-07-09 06:28:58"
Nederland,WindOffshore,Hour,1811529,1811529,0,0,"2025-03-09 22:00:00","2025-03-09 23:00:00","2025-07-09 06:28:58"
Nederland,WindOffshore,Hour,1403284,1403284,0,0,"2025-03-09 23:00:00","2025-03-10 00:00:00","2025-07-09 06:28:58"
Nederland,WindOffshore,Hour,1076253,1076253,0,0,"2025-03-10 00:00:00","2025-03-10 01:00:00","2025-07-10 06:28:50"
Nederland,WindOffshore,Hour,671665,671665,0,0,"2025-03-10 01:00:00","2025-03-10 02:00:00","2025-07-10 06:28:50"
Nederland,WindOffshore,Hour,552517,552517,0,0,"2025-03-10 02:00:00","2025-03-10 03:00:00","2025-07-10 06:28:50"
Nederland,WindOffshore,Hour,626849,626849,0,0,"2025-03-10 03:00:00","2025-03-10 04:00:00","2025-07-10 06:28:50"
Nederland,WindOffshore,Hour,782936,782936,0,0,"2025-03-10 04:00:00","2025-03-10 05:00:00","2025-07-10 06:28:50"
Nederland,WindOffshore,Hour,1011194,1011194,0,0,"2025-03-10 05:00:00","2025-03-10 06:00:00","2025-07-10 06:28:50"
Nederland,WindOffshore,Hour,1097968,1097968,0,0,"2025-03-10 06:00:00","2025-03-10 07:00:00","2025-07-10 06:28:50"
Nederland,WindOffshore,Hour,962492,962492,0,0,"2025-03-10 07:00:00","2025-03-10 08:00:00","2025-07-10 06:28:50"
Nederland,WindOffshore,Hour,636711,636711,0,0,"2025-03-10 08:00:00","2025-03-10 09:00:00","2025-07-10 06:28:50"
Nederland,WindOffshore,Hour,518106,518106,0,0,"2025-03-10 09:00:00","2025-03-10 10:00:00","2025-07-10 06:28:50"
Nederland,WindOffshore,Hour,531708,531708,0,0,"2025-03-10 10:00:00","2025-03-10 11:00:00","2025-07-10 06:28:50"
Nederland,WindOffshore,Hour,357088,357088,0,0,"2025-03-10 11:00:00","2025-03-10 12:00:00","2025-07-10 06:28:50"
Nederland,WindOffshore,Hour,387051,387051,0,0,"2025-03-10 12:00:00","2025-03-10 13:00:00","2025-07-10 06:28:50"
Nederland,WindOffshore,Hour,529052,529052,0,0,"2025-03-10 13:00:00","2025-03-10 14:00:00","2025-07-10 06:28:50"
Nederland,WindOffshore,Hour,813800,813800,0,0,"2025-03-10 14:00:00","2025-03-10 15:00:00","2025-07-10 06:28:50"
Nederland,WindOffshore,Hour,1084600,1084600,0,0,"2025-03-10 15:00:00","2025-03-10 16:00:00","2025-07-10 06:28:50"
Nederland,WindOffshore,Hour,1215861,1215861,0,0,"2025-03-10 16:00:00","2025-03-10 17:00:00","2025-07-10 06:28:50"
Nederland,WindOffshore,Hour,1360027,1360027,0,0,"2025-03-10 17:00:00","2025-03-10 18:00:00","2025-07-10 06:28:50"
Nederland,WindOffshore,Hour,1934663,1934663,0,0,"2025-03-10 18:00:00","2025-03-10 19:00:00","2025-07-10 06:28:50"
Nederland,WindOffshore,Hour,1999727,1999727,0,0,"2025-03-10 19:00:00","2025-03-10 20:00:00","2025-07-10 06:28:50"
Nederland,WindOffshore,Hour,1776957,1776957,0,0,"2025-03-10 20:00:00","2025-03-10 21:00:00","2025-07-10 06:28:50"
Nederland,WindOffshore,Hour,1557213,1557213,0,0,"2025-03-10 21:00:00","2025-03-10 22:00:00","2025-07-10 06:28:50"
Nederland,WindOffshore,Hour,1072122,1072122,0,0,"2025-03-10 22:00:00","2025-03-10 23:00:00","2025-07-10 06:28:50"
Nederland,WindOffshore,Hour,1414082,1414082,0,0,"2025-03-10 23:00:00","2025-03-11 00:00:00","2025-07-10 06:28:50"
Nederland,WindOffshore,Hour,1764923,1764923,0,0,"2025-03-11 00:00:00","2025-03-11 01:00:00","2025-07-11 06:28:52"
Nederland,WindOffshore,Hour,1581778,1581778,0,0,"2025-03-11 01:00:00","2025-03-11 02:00:00","2025-07-11 06:28:52"
Nederland,WindOffshore,Hour,1629086,1629086,0,0,"2025-03-11 02:00:00","2025-03-11 03:00:00","2025-07-11 06:28:52"
Nederland,WindOffshore,Hour,2172209,2172209,0,0,"2025-03-11 03:00:00","2025-03-11 04:00:00","2025-07-11 06:28:52"
Nederland,WindOffshore,Hour,2424969,2424969,0,0,"2025-03-11 04:00:00","2025-03-11 05:00:00","2025-07-11 06:28:52"
Nederland,WindOffshore,Hour,2483122,2483122,0,0,"2025-03-11 05:00:00","2025-03-11 06:00:00","2025-07-11 06:28:52"
Nederland,WindOffshore,Hour,2493089,2493089,0,0,"2025-03-11 06:00:00","2025-03-11 07:00:00","2025-07-11 06:28:52"
Nederland,WindOffshore,Hour,2282135,2282135,0,0,"2025-03-11 07:00:00","2025-03-11 08:00:00","2025-07-11 06:28:52"
Nederland,WindOffshore,Hour,1940084,1940084,0,0,"2025-03-11 08:00:00","2025-03-11 09:00:00","2025-07-11 06:28:52"
Nederland,WindOffshore,Hour,1872698,1872698,0,0,"2025-03-11 09:00:00","2025-03-11 10:00:00","2025-07-11 06:28:52"
Nederland,WindOffshore,Hour,1795133,1795133,0,0,"2025-03-11 10:00:00","2025-03-11 11:00:00","2025-07-11 06:28:52"
Nederland,WindOffshore,Hour,1555974,1555974,0,0,"2025-03-11 11:00:00","2025-03-11 12:00:00","2025-07-11 06:28:52"
Nederland,WindOffshore,Hour,1195618,1195618,0,0,"2025-03-11 12:00:00","2025-03-11 13:00:00","2025-07-11 06:28:52"
Nederland,WindOffshore,Hour,1533298,1533298,0,0,"2025-03-11 13:00:00","2025-03-11 14:00:00","2025-07-11 06:28:52"
Nederland,WindOffshore,Hour,1735862,1735862,0,0,"2025-03-11 14:00:00","2025-03-11 15:00:00","2025-07-11 06:28:52"
Nederland,WindOffshore,Hour,2056704,2056704,0,0,"2025-03-11 15:00:00","2025-03-11 16:00:00","2025-07-11 06:28:52"
Nederland,WindOffshore,Hour,2154421,2154421,0,0,"2025-03-11 16:00:00","2025-03-11 17:00:00","2025-07-11 06:28:52"
Nederland,WindOffshore,Hour,2051716,2051716,0,0,"2025-03-11 17:00:00","2025-03-11 18:00:00","2025-07-11 06:28:52"
Nederland,WindOffshore,Hour,1862763,1862763,0,0,"2025-03-11 18:00:00","2025-03-11 19:00:00","2025-07-11 06:28:52"
Nederland,WindOffshore,Hour,1377458,1377458,0,0,"2025-03-11 19:00:00","2025-03-11 20:00:00","2025-07-11 06:28:52"
Nederland,WindOffshore,Hour,1255526,1255526,0,0,"2025-03-11 20:00:00","2025-03-11 21:00:00","2025-07-11 06:28:52"
Nederland,WindOffshore,Hour,805464,805464,0,0,"2025-03-11 21:00:00","2025-03-11 22:00:00","2025-07-11 06:28:52"
Nederland,WindOffshore,Hour,1012102,1012102,0,0,"2025-03-11 22:00:00","2025-03-11 23:00:00","2025-07-11 06:28:52"
Nederland,WindOffshore,Hour,1323771,1323771,0,0,"2025-03-11 23:00:00","2025-03-12 00:00:00","2025-07-11 06:28:52"
Nederland,WindOffshore,Hour,1002785,1002785,0,0,"2025-03-12 00:00:00","2025-03-12 01:00:00","2025-07-12 06:28:51"
Nederland,WindOffshore,Hour,1190626,1190626,0,0,"2025-03-12 01:00:00","2025-03-12 02:00:00","2025-07-12 06:28:51"
Nederland,WindOffshore,Hour,1076412,1076412,0,0,"2025-03-12 02:00:00","2025-03-12 03:00:00","2025-07-12 06:28:51"
Nederland,WindOffshore,Hour,1405030,1405030,0,0,"2025-03-12 03:00:00","2025-03-12 04:00:00","2025-07-12 06:28:51"
Nederland,WindOffshore,Hour,1382788,1382788,0,0,"2025-03-12 04:00:00","2025-03-12 05:00:00","2025-07-12 06:28:51"
Nederland,WindOffshore,Hour,1062955,1062955,0,0,"2025-03-12 05:00:00","2025-03-12 06:00:00","2025-07-12 06:28:51"
Nederland,WindOffshore,Hour,1044726,1044726,0,0,"2025-03-12 06:00:00","2025-03-12 07:00:00","2025-07-12 06:28:51"
Nederland,WindOffshore,Hour,868274,868274,0,0,"2025-03-12 07:00:00","2025-03-12 08:00:00","2025-07-12 06:28:51"
Nederland,WindOffshore,Hour,894990,894990,0,0,"2025-03-12 08:00:00","2025-03-12 09:00:00","2025-07-12 06:28:51"
Nederland,WindOffshore,Hour,832472,832472,0,0,"2025-03-12 09:00:00","2025-03-12 10:00:00","2025-07-12 06:28:51"
Nederland,WindOffshore,Hour,1028944,1028944,0,0,"2025-03-12 10:00:00","2025-03-12 11:00:00","2025-07-12 06:28:51"
Nederland,WindOffshore,Hour,852700,852700,0,0,"2025-03-12 11:00:00","2025-03-12 12:00:00","2025-07-12 06:28:51"
Nederland,WindOffshore,Hour,682522,682522,0,0,"2025-03-12 12:00:00","2025-03-12 13:00:00","2025-07-12 06:28:51"
Nederland,WindOffshore,Hour,566081,566081,0,0,"2025-03-12 13:00:00","2025-03-12 14:00:00","2025-07-12 06:28:51"
Nederland,WindOffshore,Hour,541751,541751,0,0,"2025-03-12 14:00:00","2025-03-12 15:00:00","2025-07-12 06:28:51"
Nederland,WindOffshore,Hour,497958,497958,0,0,"2025-03-12 15:00:00","2025-03-12 16:00:00","2025-07-12 06:28:51"
Nederland,WindOffshore,Hour,553991,553991,0,0,"2025-03-12 16:00:00","2025-03-12 17:00:00","2025-07-12 06:28:51"
Nederland,WindOffshore,Hour,314780,314780,0,0,"2025-03-12 17:00:00","2025-03-12 18:00:00","2025-07-12 06:28:51"
Nederland,WindOffshore,Hour,107822,107822,0,0,"2025-03-12 18:00:00","2025-03-12 19:00:00","2025-07-12 06:28:51"
Nederland,WindOffshore,Hour,176880,176880,0,0,"2025-03-12 19:00:00","2025-03-12 20:00:00","2025-07-12 06:28:51"
Nederland,WindOffshore,Hour,327875,327875,0,0,"2025-03-12 20:00:00","2025-03-12 21:00:00","2025-07-12 06:28:51"
Nederland,WindOffshore,Hour,321935,321935,0,0,"2025-03-12 21:00:00","2025-03-12 22:00:00","2025-07-12 06:28:51"
Nederland,WindOffshore,Hour,416086,416086,0,0,"2025-03-12 22:00:00","2025-03-12 23:00:00","2025-07-12 06:28:51"
Nederland,WindOffshore,Hour,746109,746109,0,0,"2025-03-12 23:00:00","2025-03-13 00:00:00","2025-07-12 06:28:51"
Nederland,WindOffshore,Hour,868796,868796,0,0,"2025-03-13 00:00:00","2025-03-13 01:00:00","2025-07-13 06:28:50"
Nederland,WindOffshore,Hour,926266,926266,0,0,"2025-03-13 01:00:00","2025-03-13 02:00:00","2025-07-13 06:28:50"
Nederland,WindOffshore,Hour,693981,693981,0,0,"2025-03-13 02:00:00","2025-03-13 03:00:00","2025-07-13 06:28:50"
Nederland,WindOffshore,Hour,364063,364063,0,0,"2025-03-13 03:00:00","2025-03-13 04:00:00","2025-07-13 06:28:50"
Nederland,WindOffshore,Hour,511647,511647,0,0,"2025-03-13 04:00:00","2025-03-13 05:00:00","2025-07-13 06:28:50"
Nederland,WindOffshore,Hour,480673,480673,0,0,"2025-03-13 05:00:00","2025-03-13 06:00:00","2025-07-13 06:28:50"
Nederland,WindOffshore,Hour,720022,720022,0,0,"2025-03-13 06:00:00","2025-03-13 07:00:00","2025-07-13 06:28:50"
Nederland,WindOffshore,Hour,844861,844861,0,0,"2025-03-13 07:00:00","2025-03-13 08:00:00","2025-07-13 06:28:50"
Nederland,WindOffshore,Hour,906306,906306,0,0,"2025-03-13 08:00:00","2025-03-13 09:00:00","2025-07-13 06:28:50"
Nederland,WindOffshore,Hour,1131787,1131787,0,0,"2025-03-13 09:00:00","2025-03-13 10:00:00","2025-07-13 06:28:50"
Nederland,WindOffshore,Hour,1259533,1259533,0,0,"2025-03-13 10:00:00","2025-03-13 11:00:00","2025-07-13 06:28:50"
Nederland,WindOffshore,Hour,1298956,1298956,0,0,"2025-03-13 11:00:00","2025-03-13 12:00:00","2025-07-13 06:28:50"
Nederland,WindOffshore,Hour,1373969,1373969,0,0,"2025-03-13 12:00:00","2025-03-13 13:00:00","2025-07-13 06:28:50"
Nederland,WindOffshore,Hour,1175898,1175898,0,0,"2025-03-13 13:00:00","2025-03-13 14:00:00","2025-07-13 06:28:50"
Nederland,WindOffshore,Hour,1287696,1287696,0,0,"2025-03-13 14:00:00","2025-03-13 15:00:00","2025-07-13 06:28:50"
Nederland,WindOffshore,Hour,1426857,1426857,0,0,"2025-03-13 15:00:00","2025-03-13 16:00:00","2025-07-13 06:28:50"
Nederland,WindOffshore,Hour,1470825,1470825,0,0,"2025-03-13 16:00:00","2025-03-13 17:00:00","2025-07-13 06:28:50"
Nederland,WindOffshore,Hour,1771373,1771373,0,0,"2025-03-13 17:00:00","2025-03-13 18:00:00","2025-07-13 06:28:50"
Nederland,WindOffshore,Hour,1319153,1319153,0,0,"2025-03-13 18:00:00","2025-03-13 19:00:00","2025-07-13 06:28:50"
Nederland,WindOffshore,Hour,1148752,1148752,0,0,"2025-03-13 19:00:00","2025-03-13 20:00:00","2025-07-13 06:28:50"
Nederland,WindOffshore,Hour,744713,744713,0,0,"2025-03-13 20:00:00","2025-03-13 21:00:00","2025-07-13 06:28:50"
Nederland,WindOffshore,Hour,800135,800135,0,0,"2025-03-13 21:00:00","2025-03-13 22:00:00","2025-07-13 06:28:50"
Nederland,WindOffshore,Hour,889227,889227,0,0,"2025-03-13 22:00:00","2025-03-13 23:00:00","2025-07-13 06:28:50"
Nederland,WindOffshore,Hour,669689,669689,0,0,"2025-03-13 23:00:00","2025-03-14 00:00:00","2025-07-13 06:28:50"
Nederland,WindOffshore,Hour,453935,453935,0,0,"2025-03-14 00:00:00","2025-03-14 01:00:00","2025-07-14 06:28:49"
Nederland,WindOffshore,Hour,488848,488848,0,0,"2025-03-14 01:00:00","2025-03-14 02:00:00","2025-07-14 06:28:49"
Nederland,WindOffshore,Hour,466995,466995,0,0,"2025-03-14 02:00:00","2025-03-14 03:00:00","2025-07-14 06:28:49"
Nederland,WindOffshore,Hour,454394,454394,0,0,"2025-03-14 03:00:00","2025-03-14 04:00:00","2025-07-14 06:28:49"
Nederland,WindOffshore,Hour,359729,359729,0,0,"2025-03-14 04:00:00","2025-03-14 05:00:00","2025-07-14 06:28:49"
Nederland,WindOffshore,Hour,324342,324342,0,0,"2025-03-14 05:00:00","2025-03-14 06:00:00","2025-07-14 06:28:49"
Nederland,WindOffshore,Hour,259618,259618,0,0,"2025-03-14 06:00:00","2025-03-14 07:00:00","2025-07-14 06:28:49"
Nederland,WindOffshore,Hour,382542,382542,0,0,"2025-03-14 07:00:00","2025-03-14 08:00:00","2025-07-14 06:28:49"
Nederland,WindOffshore,Hour,354989,354989,0,0,"2025-03-14 08:00:00","2025-03-14 09:00:00","2025-07-14 06:28:49"
Nederland,WindOffshore,Hour,495557,495557,0,0,"2025-03-14 09:00:00","2025-03-14 10:00:00","2025-07-14 06:28:49"
Nederland,WindOffshore,Hour,476842,476842,0,0,"2025-03-14 10:00:00","2025-03-14 11:00:00","2025-07-14 06:28:49"
Nederland,WindOffshore,Hour,500426,500426,0,0,"2025-03-14 11:00:00","2025-03-14 12:00:00","2025-07-14 06:28:49"
Nederland,WindOffshore,Hour,588804,588804,0,0,"2025-03-14 12:00:00","2025-03-14 13:00:00","2025-07-14 06:28:49"
Nederland,WindOffshore,Hour,773480,773480,0,0,"2025-03-14 13:00:00","2025-03-14 14:00:00","2025-07-14 06:28:49"
Nederland,WindOffshore,Hour,1316628,1316628,0,0,"2025-03-14 14:00:00","2025-03-14 15:00:00","2025-07-14 06:28:49"
Nederland,WindOffshore,Hour,1634498,1634498,0,0,"2025-03-14 15:00:00","2025-03-14 16:00:00","2025-07-14 06:28:49"
Nederland,WindOffshore,Hour,1694648,1694648,0,0,"2025-03-14 16:00:00","2025-03-14 17:00:00","2025-07-14 06:28:49"
Nederland,WindOffshore,Hour,1979761,1979761,0,0,"2025-03-14 17:00:00","2025-03-14 18:00:00","2025-07-14 06:28:49"
Nederland,WindOffshore,Hour,2334947,2334947,0,0,"2025-03-14 18:00:00","2025-03-14 19:00:00","2025-07-14 06:28:49"
Nederland,WindOffshore,Hour,2411491,2411491,0,0,"2025-03-14 19:00:00","2025-03-14 20:00:00","2025-07-14 06:28:49"
Nederland,WindOffshore,Hour,2878022,2878022,0,0,"2025-03-14 20:00:00","2025-03-14 21:00:00","2025-07-14 06:28:49"
Nederland,WindOffshore,Hour,3223279,3223279,0,0,"2025-03-14 21:00:00","2025-03-14 22:00:00","2025-07-14 06:28:49"
Nederland,WindOffshore,Hour,3204003,3204003,0,0,"2025-03-14 22:00:00","2025-03-14 23:00:00","2025-07-14 06:28:49"
Nederland,WindOffshore,Hour,3229210,3229210,0,0,"2025-03-14 23:00:00","2025-03-15 00:00:00","2025-07-14 06:28:49"
Nederland,WindOffshore,Hour,3216709,3216709,0,0,"2025-03-15 00:00:00","2025-03-15 01:00:00","2025-07-15 06:28:55"
Nederland,WindOffshore,Hour,3152755,3152755,0,0,"2025-03-15 01:00:00","2025-03-15 02:00:00","2025-07-15 06:28:55"
Nederland,WindOffshore,Hour,2959413,2959413,0,0,"2025-03-15 02:00:00","2025-03-15 03:00:00","2025-07-15 06:28:55"
Nederland,WindOffshore,Hour,2560393,2560393,0,0,"2025-03-15 03:00:00","2025-03-15 04:00:00","2025-07-15 06:28:55"
Nederland,WindOffshore,Hour,2799375,2799375,0,0,"2025-03-15 04:00:00","2025-03-15 05:00:00","2025-07-15 06:28:55"
Nederland,WindOffshore,Hour,2961679,2961679,0,0,"2025-03-15 05:00:00","2025-03-15 06:00:00","2025-07-15 06:28:55"
Nederland,WindOffshore,Hour,3310046,3310046,0,0,"2025-03-15 06:00:00","2025-03-15 07:00:00","2025-07-15 06:28:55"
Nederland,WindOffshore,Hour,3449317,3449317,0,0,"2025-03-15 07:00:00","2025-03-15 08:00:00","2025-07-15 06:28:55"
Nederland,WindOffshore,Hour,3421892,3421892,0,0,"2025-03-15 08:00:00","2025-03-15 09:00:00","2025-07-15 06:28:55"
Nederland,WindOffshore,Hour,3160690,3160690,0,0,"2025-03-15 09:00:00","2025-03-15 10:00:00","2025-07-15 06:28:55"
Nederland,WindOffshore,Hour,2623117,2623117,0,0,"2025-03-15 10:00:00","2025-03-15 11:00:00","2025-07-15 06:28:55"
Nederland,WindOffshore,Hour,2155379,2155379,0,0,"2025-03-15 11:00:00","2025-03-15 12:00:00","2025-07-15 06:28:55"
Nederland,WindOffshore,Hour,1724153,1724153,0,0,"2025-03-15 12:00:00","2025-03-15 13:00:00","2025-07-15 06:28:55"
Nederland,WindOffshore,Hour,1864226,1864226,0,0,"2025-03-15 13:00:00","2025-03-15 14:00:00","2025-07-15 06:28:55"
Nederland,WindOffshore,Hour,2305171,2305171,0,0,"2025-03-15 14:00:00","2025-03-15 15:00:00","2025-07-15 06:28:55"
Nederland,WindOffshore,Hour,2683170,2683170,0,0,"2025-03-15 15:00:00","2025-03-15 16:00:00","2025-07-15 06:28:55"
Nederland,WindOffshore,Hour,2975943,2975943,0,0,"2025-03-15 16:00:00","2025-03-15 17:00:00","2025-07-15 06:28:55"
Nederland,WindOffshore,Hour,3284686,3284686,0,0,"2025-03-15 17:00:00","2025-03-15 18:00:00","2025-07-15 06:28:55"
Nederland,WindOffshore,Hour,3540885,3540885,0,0,"2025-03-15 18:00:00","2025-03-15 19:00:00","2025-07-15 06:28:55"
Nederland,WindOffshore,Hour,3516605,3516605,0,0,"2025-03-15 19:00:00","2025-03-15 20:00:00","2025-07-15 06:28:55"
Nederland,WindOffshore,Hour,3205917,3205917,0,0,"2025-03-15 20:00:00","2025-03-15 21:00:00","2025-07-15 06:28:55"
Nederland,WindOffshore,Hour,2987861,2987861,0,0,"2025-03-15 21:00:00","2025-03-15 22:00:00","2025-07-15 06:28:55"
Nederland,WindOffshore,Hour,2861340,2861340,0,0,"2025-03-15 22:00:00","2025-03-15 23:00:00","2025-07-15 06:28:55"
Nederland,WindOffshore,Hour,2600680,2600680,0,0,"2025-03-15 23:00:00","2025-03-16 00:00:00","2025-07-15 06:28:55"
Nederland,WindOffshore,Hour,2516335,2516335,0,0,"2025-03-16 00:00:00","2025-03-16 01:00:00","2025-07-16 06:28:51"
Nederland,WindOffshore,Hour,2382920,2382920,0,0,"2025-03-16 01:00:00","2025-03-16 02:00:00","2025-07-16 06:28:51"
Nederland,WindOffshore,Hour,2161423,2161423,0,0,"2025-03-16 02:00:00","2025-03-16 03:00:00","2025-07-16 06:28:51"
Nederland,WindOffshore,Hour,1855009,1855009,0,0,"2025-03-16 03:00:00","2025-03-16 04:00:00","2025-07-16 06:28:51"
Nederland,WindOffshore,Hour,1811433,1811433,0,0,"2025-03-16 04:00:00","2025-03-16 05:00:00","2025-07-16 06:28:51"
Nederland,WindOffshore,Hour,1662935,1662935,0,0,"2025-03-16 05:00:00","2025-03-16 06:00:00","2025-07-16 06:28:51"
Nederland,WindOffshore,Hour,1485381,1485381,0,0,"2025-03-16 06:00:00","2025-03-16 07:00:00","2025-07-16 06:28:51"
Nederland,WindOffshore,Hour,1251286,1251286,0,0,"2025-03-16 07:00:00","2025-03-16 08:00:00","2025-07-16 06:28:51"
Nederland,WindOffshore,Hour,1320483,1320483,0,0,"2025-03-16 08:00:00","2025-03-16 09:00:00","2025-07-16 06:28:51"
Nederland,WindOffshore,Hour,1334552,1334552,0,0,"2025-03-16 09:00:00","2025-03-16 10:00:00","2025-07-16 06:28:51"
Nederland,WindOffshore,Hour,789796,789796,0,0,"2025-03-16 10:00:00","2025-03-16 11:00:00","2025-07-16 06:28:51"
Nederland,WindOffshore,Hour,536998,536998,0,0,"2025-03-16 11:00:00","2025-03-16 12:00:00","2025-07-16 06:28:51"
Nederland,WindOffshore,Hour,452948,452948,0,0,"2025-03-16 12:00:00","2025-03-16 13:00:00","2025-07-16 06:28:51"
Nederland,WindOffshore,Hour,607941,607941,0,0,"2025-03-16 13:00:00","2025-03-16 14:00:00","2025-07-16 06:28:51"
Nederland,WindOffshore,Hour,945319,945319,0,0,"2025-03-16 14:00:00","2025-03-16 15:00:00","2025-07-16 06:28:51"
Nederland,WindOffshore,Hour,974267,974267,0,0,"2025-03-16 15:00:00","2025-03-16 16:00:00","2025-07-16 06:28:51"
Nederland,WindOffshore,Hour,1026511,1026511,0,0,"2025-03-16 16:00:00","2025-03-16 17:00:00","2025-07-16 06:28:51"
Nederland,WindOffshore,Hour,994116,994116,0,0,"2025-03-16 17:00:00","2025-03-16 18:00:00","2025-07-16 06:28:51"
Nederland,WindOffshore,Hour,1114542,1114542,0,0,"2025-03-16 18:00:00","2025-03-16 19:00:00","2025-07-16 06:28:51"
Nederland,WindOffshore,Hour,951336,951336,0,0,"2025-03-16 19:00:00","2025-03-16 20:00:00","2025-07-16 06:28:51"
Nederland,WindOffshore,Hour,963250,963250,0,0,"2025-03-16 20:00:00","2025-03-16 21:00:00","2025-07-16 06:28:51"
Nederland,WindOffshore,Hour,1089109,1089109,0,0,"2025-03-16 21:00:00","2025-03-16 22:00:00","2025-07-16 06:28:51"
Nederland,WindOffshore,Hour,945906,945906,0,0,"2025-03-16 22:00:00","2025-03-16 23:00:00","2025-07-16 06:28:51"
Nederland,WindOffshore,Hour,1306242,1306242,0,0,"2025-03-16 23:00:00","2025-03-17 00:00:00","2025-07-16 06:28:51"
Nederland,WindOffshore,Hour,1957673,1957673,0,0,"2025-03-17 00:00:00","2025-03-17 01:00:00","2025-07-17 06:29:15"
Nederland,WindOffshore,Hour,2157491,2157491,0,0,"2025-03-17 01:00:00","2025-03-17 02:00:00","2025-07-17 06:29:15"
Nederland,WindOffshore,Hour,2138732,2138732,0,0,"2025-03-17 02:00:00","2025-03-17 03:00:00","2025-07-17 06:29:15"
Nederland,WindOffshore,Hour,1693410,1693410,0,0,"2025-03-17 03:00:00","2025-03-17 04:00:00","2025-07-17 06:29:15"
Nederland,WindOffshore,Hour,1292731,1292731,0,0,"2025-03-17 04:00:00","2025-03-17 05:00:00","2025-07-17 06:29:15"
Nederland,WindOffshore,Hour,1476747,1476747,0,0,"2025-03-17 05:00:00","2025-03-17 06:00:00","2025-07-17 06:29:15"
Nederland,WindOffshore,Hour,1743018,1743018,0,0,"2025-03-17 06:00:00","2025-03-17 07:00:00","2025-07-17 06:29:15"
Nederland,WindOffshore,Hour,1680579,1680579,0,0,"2025-03-17 07:00:00","2025-03-17 08:00:00","2025-07-17 06:29:15"
Nederland,WindOffshore,Hour,2337994,2337994,0,0,"2025-03-17 08:00:00","2025-03-17 09:00:00","2025-07-17 06:29:15"
Nederland,WindOffshore,Hour,2087915,2087915,0,0,"2025-03-17 09:00:00","2025-03-17 10:00:00","2025-07-17 06:29:15"
Nederland,WindOffshore,Hour,1832412,1832412,0,0,"2025-03-17 10:00:00","2025-03-17 11:00:00","2025-07-17 06:29:15"
Nederland,WindOffshore,Hour,1613710,1613710,0,0,"2025-03-17 11:00:00","2025-03-17 12:00:00","2025-07-17 06:29:15"
Nederland,WindOffshore,Hour,1839136,1839136,0,0,"2025-03-17 12:00:00","2025-03-17 13:00:00","2025-07-17 06:29:15"
Nederland,WindOffshore,Hour,2374911,2374911,0,0,"2025-03-17 13:00:00","2025-03-17 14:00:00","2025-07-17 06:29:15"
Nederland,WindOffshore,Hour,2622364,2622364,0,0,"2025-03-17 14:00:00","2025-03-17 15:00:00","2025-07-17 06:29:15"
Nederland,WindOffshore,Hour,2965018,2965018,0,0,"2025-03-17 15:00:00","2025-03-17 16:00:00","2025-07-17 06:29:15"
Nederland,WindOffshore,Hour,3370196,3370196,0,0,"2025-03-17 16:00:00","2025-03-17 17:00:00","2025-07-17 06:29:15"
Nederland,WindOffshore,Hour,3499130,3499130,0,0,"2025-03-17 17:00:00","2025-03-17 18:00:00","2025-07-17 06:29:15"
Nederland,WindOffshore,Hour,3460541,3460541,0,0,"2025-03-17 18:00:00","2025-03-17 19:00:00","2025-07-17 06:29:15"
Nederland,WindOffshore,Hour,3353966,3353966,0,0,"2025-03-17 19:00:00","2025-03-17 20:00:00","2025-07-17 06:29:15"
Nederland,WindOffshore,Hour,2842015,2842015,0,0,"2025-03-17 20:00:00","2025-03-17 21:00:00","2025-07-17 06:29:15"
Nederland,WindOffshore,Hour,2318223,2318223,0,0,"2025-03-17 21:00:00","2025-03-17 22:00:00","2025-07-17 06:29:15"
Nederland,WindOffshore,Hour,2627793,2627793,0,0,"2025-03-17 22:00:00","2025-03-17 23:00:00","2025-07-17 06:29:15"
Nederland,WindOffshore,Hour,2994374,2994374,0,0,"2025-03-17 23:00:00","2025-03-18 00:00:00","2025-07-17 06:29:15"
Nederland,WindOffshore,Hour,2964485,2964485,0,0,"2025-03-18 00:00:00","2025-03-18 01:00:00","2025-07-18 06:29:01"
Nederland,WindOffshore,Hour,3022711,3022711,0,0,"2025-03-18 01:00:00","2025-03-18 02:00:00","2025-07-18 06:29:01"
Nederland,WindOffshore,Hour,2654716,2654716,0,0,"2025-03-18 02:00:00","2025-03-18 03:00:00","2025-07-18 06:29:01"
Nederland,WindOffshore,Hour,2105989,2105989,0,0,"2025-03-18 03:00:00","2025-03-18 04:00:00","2025-07-18 06:29:01"
Nederland,WindOffshore,Hour,1970583,1970583,0,0,"2025-03-18 04:00:00","2025-03-18 05:00:00","2025-07-18 06:29:01"
Nederland,WindOffshore,Hour,2071036,2071036,0,0,"2025-03-18 05:00:00","2025-03-18 06:00:00","2025-07-18 06:29:01"
Nederland,WindOffshore,Hour,2230684,2230684,0,0,"2025-03-18 06:00:00","2025-03-18 07:00:00","2025-07-18 06:29:01"
Nederland,WindOffshore,Hour,2368675,2368675,0,0,"2025-03-18 07:00:00","2025-03-18 08:00:00","2025-07-18 06:29:01"
Nederland,WindOffshore,Hour,2508612,2508612,0,0,"2025-03-18 08:00:00","2025-03-18 09:00:00","2025-07-18 06:29:01"
Nederland,WindOffshore,Hour,2455657,2455657,0,0,"2025-03-18 09:00:00","2025-03-18 10:00:00","2025-07-18 06:29:01"
Nederland,WindOffshore,Hour,1546871,1546871,0,0,"2025-03-18 10:00:00","2025-03-18 11:00:00","2025-07-18 06:29:01"
Nederland,WindOffshore,Hour,1269740,1269740,0,0,"2025-03-18 11:00:00","2025-03-18 12:00:00","2025-07-18 06:29:01"
Nederland,WindOffshore,Hour,1652041,1652041,0,0,"2025-03-18 12:00:00","2025-03-18 13:00:00","2025-07-18 06:29:01"
Nederland,WindOffshore,Hour,2669586,2669586,0,0,"2025-03-18 13:00:00","2025-03-18 14:00:00","2025-07-18 06:29:01"
Nederland,WindOffshore,Hour,2380930,2380930,0,0,"2025-03-18 14:00:00","2025-03-18 15:00:00","2025-07-18 06:29:01"
Nederland,WindOffshore,Hour,1853649,1853649,0,0,"2025-03-18 15:00:00","2025-03-18 16:00:00","2025-07-18 06:29:01"
Nederland,WindOffshore,Hour,2179321,2179321,0,0,"2025-03-18 16:00:00","2025-03-18 17:00:00","2025-07-18 06:29:01"
Nederland,WindOffshore,Hour,2427155,2427155,0,0,"2025-03-18 17:00:00","2025-03-18 18:00:00","2025-07-18 06:29:01"
Nederland,WindOffshore,Hour,1778756,1778756,0,0,"2025-03-18 18:00:00","2025-03-18 19:00:00","2025-07-18 06:29:01"
Nederland,WindOffshore,Hour,1499866,1499866,0,0,"2025-03-18 19:00:00","2025-03-18 20:00:00","2025-07-18 06:29:01"
Nederland,WindOffshore,Hour,2039076,2039076,0,0,"2025-03-18 20:00:00","2025-03-18 21:00:00","2025-07-18 06:29:01"
Nederland,WindOffshore,Hour,2559961,2559961,0,0,"2025-03-18 21:00:00","2025-03-18 22:00:00","2025-07-18 06:29:01"
Nederland,WindOffshore,Hour,2431948,2431948,0,0,"2025-03-18 22:00:00","2025-03-18 23:00:00","2025-07-18 06:29:01"
Nederland,WindOffshore,Hour,2198116,2198116,0,0,"2025-03-18 23:00:00","2025-03-19 00:00:00","2025-07-18 06:29:01"
Nederland,WindOffshore,Hour,2044212,2044212,0,0,"2025-03-19 00:00:00","2025-03-19 01:00:00","2025-07-19 06:28:58"
Nederland,WindOffshore,Hour,1611674,1611674,0,0,"2025-03-19 01:00:00","2025-03-19 02:00:00","2025-07-19 06:28:58"
Nederland,WindOffshore,Hour,1301847,1301847,0,0,"2025-03-19 02:00:00","2025-03-19 03:00:00","2025-07-19 06:28:58"
Nederland,WindOffshore,Hour,1187383,1187383,0,0,"2025-03-19 03:00:00","2025-03-19 04:00:00","2025-07-19 06:28:58"
Nederland,WindOffshore,Hour,1131620,1131620,0,0,"2025-03-19 04:00:00","2025-03-19 05:00:00","2025-07-19 06:28:58"
Nederland,WindOffshore,Hour,1257865,1257865,0,0,"2025-03-19 05:00:00","2025-03-19 06:00:00","2025-07-19 06:28:58"
Nederland,WindOffshore,Hour,1280165,1280165,0,0,"2025-03-19 06:00:00","2025-03-19 07:00:00","2025-07-19 06:28:58"
Nederland,WindOffshore,Hour,1178488,1178488,0,0,"2025-03-19 07:00:00","2025-03-19 08:00:00","2025-07-19 06:28:58"
Nederland,WindOffshore,Hour,919352,919352,0,0,"2025-03-19 08:00:00","2025-03-19 09:00:00","2025-07-19 06:28:58"
Nederland,WindOffshore,Hour,691012,691012,0,0,"2025-03-19 09:00:00","2025-03-19 10:00:00","2025-07-19 06:28:58"
Nederland,WindOffshore,Hour,620242,620242,0,0,"2025-03-19 10:00:00","2025-03-19 11:00:00","2025-07-19 06:28:58"
Nederland,WindOffshore,Hour,349029,349029,0,0,"2025-03-19 11:00:00","2025-03-19 12:00:00","2025-07-19 06:28:58"
Nederland,WindOffshore,Hour,319116,319116,0,0,"2025-03-19 12:00:00","2025-03-19 13:00:00","2025-07-19 06:28:58"
Nederland,WindOffshore,Hour,534260,534260,0,0,"2025-03-19 13:00:00","2025-03-19 14:00:00","2025-07-19 06:28:58"
Nederland,WindOffshore,Hour,233853,233853,0,0,"2025-03-19 14:00:00","2025-03-19 15:00:00","2025-07-19 06:28:58"
Nederland,WindOffshore,Hour,129047,129047,0,0,"2025-03-19 15:00:00","2025-03-19 16:00:00","2025-07-19 06:28:58"
Nederland,WindOffshore,Hour,57360,57360,0,0,"2025-03-19 16:00:00","2025-03-19 17:00:00","2025-07-19 06:28:58"
Nederland,WindOffshore,Hour,22537,22537,0,0,"2025-03-19 17:00:00","2025-03-19 18:00:00","2025-07-19 06:28:58"
Nederland,WindOffshore,Hour,12083,12083,0,0,"2025-03-19 18:00:00","2025-03-19 19:00:00","2025-07-19 06:28:58"
Nederland,WindOffshore,Hour,20097,20097,0,0,"2025-03-19 19:00:00","2025-03-19 20:00:00","2025-07-19 06:28:58"
Nederland,WindOffshore,Hour,110859,110859,0,0,"2025-03-19 20:00:00","2025-03-19 21:00:00","2025-07-19 06:28:58"
Nederland,WindOffshore,Hour,195786,195786,0,0,"2025-03-19 21:00:00","2025-03-19 22:00:00","2025-07-19 06:28:58"
Nederland,WindOffshore,Hour,199135,199135,0,0,"2025-03-19 22:00:00","2025-03-19 23:00:00","2025-07-19 06:28:58"
Nederland,WindOffshore,Hour,284971,284971,0,0,"2025-03-19 23:00:00","2025-03-20 00:00:00","2025-07-19 06:28:58"
Nederland,WindOffshore,Hour,427303,427303,0,0,"2025-03-20 00:00:00","2025-03-20 01:00:00","2025-07-20 06:29:06"
Nederland,WindOffshore,Hour,549844,549844,0,0,"2025-03-20 01:00:00","2025-03-20 02:00:00","2025-07-20 06:29:06"
Nederland,WindOffshore,Hour,519359,519359,0,0,"2025-03-20 02:00:00","2025-03-20 03:00:00","2025-07-20 06:29:06"
Nederland,WindOffshore,Hour,559054,559054,0,0,"2025-03-20 03:00:00","2025-03-20 04:00:00","2025-07-20 06:29:06"
Nederland,WindOffshore,Hour,525546,525546,0,0,"2025-03-20 04:00:00","2025-03-20 05:00:00","2025-07-20 06:29:06"
Nederland,WindOffshore,Hour,430535,430535,0,0,"2025-03-20 05:00:00","2025-03-20 06:00:00","2025-07-20 06:29:06"
Nederland,WindOffshore,Hour,415226,415226,0,0,"2025-03-20 06:00:00","2025-03-20 07:00:00","2025-07-20 06:29:06"
Nederland,WindOffshore,Hour,315797,315797,0,0,"2025-03-20 07:00:00","2025-03-20 08:00:00","2025-07-20 06:29:06"
Nederland,WindOffshore,Hour,206885,206885,0,0,"2025-03-20 08:00:00","2025-03-20 09:00:00","2025-07-20 06:29:06"
Nederland,WindOffshore,Hour,125320,125320,0,0,"2025-03-20 09:00:00","2025-03-20 10:00:00","2025-07-20 06:29:06"
Nederland,WindOffshore,Hour,46236,46236,0,0,"2025-03-20 10:00:00","2025-03-20 11:00:00","2025-07-20 06:29:06"
Nederland,WindOffshore,Hour,80592,80592,0,0,"2025-03-20 11:00:00","2025-03-20 12:00:00","2025-07-20 06:29:06"
Nederland,WindOffshore,Hour,13468,13468,0,0,"2025-03-20 12:00:00","2025-03-20 13:00:00","2025-07-20 06:29:06"
Nederland,WindOffshore,Hour,0,0,0,0,"2025-03-20 13:00:00","2025-03-20 14:00:00","2025-07-20 06:29:06"
Nederland,WindOffshore,Hour,0,0,0,0,"2025-03-20 14:00:00","2025-03-20 15:00:00","2025-07-20 06:29:06"
Nederland,WindOffshore,Hour,8140,8140,0,0,"2025-03-20 15:00:00","2025-03-20 16:00:00","2025-07-20 06:29:06"
Nederland,WindOffshore,Hour,61291,61291,0,0,"2025-03-20 16:00:00","2025-03-20 17:00:00","2025-07-20 06:29:06"
Nederland,WindOffshore,Hour,271219,271219,0,0,"2025-03-20 17:00:00","2025-03-20 18:00:00","2025-07-20 06:29:06"
Nederland,WindOffshore,Hour,567688,567688,0,0,"2025-03-20 18:00:00","2025-03-20 19:00:00","2025-07-20 06:29:06"
Nederland,WindOffshore,Hour,730389,730389,0,0,"2025-03-20 19:00:00","2025-03-20 20:00:00","2025-07-20 06:29:06"
Nederland,WindOffshore,Hour,1179172,1179172,0,0,"2025-03-20 20:00:00","2025-03-20 21:00:00","2025-07-20 06:29:06"
Nederland,WindOffshore,Hour,1812884,1812884,0,0,"2025-03-20 21:00:00","2025-03-20 22:00:00","2025-07-20 06:29:06"
Nederland,WindOffshore,Hour,2044329,2044329,0,0,"2025-03-20 22:00:00","2025-03-20 23:00:00","2025-07-20 06:29:06"
Nederland,WindOffshore,Hour,2367105,2367105,0,0,"2025-03-20 23:00:00","2025-03-21 00:00:00","2025-07-20 06:29:06"
Nederland,WindOffshore,Hour,2181982,2181982,0,0,"2025-03-21 00:00:00","2025-03-21 01:00:00","2025-07-21 06:29:03"
Nederland,WindOffshore,Hour,2134210,2134210,0,0,"2025-03-21 01:00:00","2025-03-21 02:00:00","2025-07-21 06:29:03"
Nederland,WindOffshore,Hour,2300011,2300011,0,0,"2025-03-21 02:00:00","2025-03-21 03:00:00","2025-07-21 06:29:03"
Nederland,WindOffshore,Hour,2305022,2305022,0,0,"2025-03-21 03:00:00","2025-03-21 04:00:00","2025-07-21 06:29:03"
Nederland,WindOffshore,Hour,2111794,2111794,0,0,"2025-03-21 04:00:00","2025-03-21 05:00:00","2025-07-21 06:29:03"
Nederland,WindOffshore,Hour,2085878,2085878,0,0,"2025-03-21 05:00:00","2025-03-21 06:00:00","2025-07-21 06:29:03"
Nederland,WindOffshore,Hour,2470741,2470741,0,0,"2025-03-21 06:00:00","2025-03-21 07:00:00","2025-07-21 06:29:03"
Nederland,WindOffshore,Hour,2762174,2762174,0,0,"2025-03-21 07:00:00","2025-03-21 08:00:00","2025-07-21 06:29:03"
Nederland,WindOffshore,Hour,2879749,2879749,0,0,"2025-03-21 08:00:00","2025-03-21 09:00:00","2025-07-21 06:29:03"
Nederland,WindOffshore,Hour,2948337,2948337,0,0,"2025-03-21 09:00:00","2025-03-21 10:00:00","2025-07-21 06:29:03"
Nederland,WindOffshore,Hour,2726034,2726034,0,0,"2025-03-21 10:00:00","2025-03-21 11:00:00","2025-07-21 06:29:03"
Nederland,WindOffshore,Hour,3021185,3021185,0,0,"2025-03-21 11:00:00","2025-03-21 12:00:00","2025-07-21 06:29:03"
Nederland,WindOffshore,Hour,3368291,3368291,0,0,"2025-03-21 12:00:00","2025-03-21 13:00:00","2025-07-21 06:29:03"
Nederland,WindOffshore,Hour,3347120,3347120,0,0,"2025-03-21 13:00:00","2025-03-21 14:00:00","2025-07-21 06:29:03"
Nederland,WindOffshore,Hour,3121819,3121819,0,0,"2025-03-21 14:00:00","2025-03-21 15:00:00","2025-07-21 06:29:03"
Nederland,WindOffshore,Hour,3506703,3506703,0,0,"2025-03-21 15:00:00","2025-03-21 16:00:00","2025-07-21 06:29:03"
Nederland,WindOffshore,Hour,3319710,3319710,0,0,"2025-03-21 16:00:00","2025-03-21 17:00:00","2025-07-21 06:29:03"
Nederland,WindOffshore,Hour,3118658,3118658,0,0,"2025-03-21 17:00:00","2025-03-21 18:00:00","2025-07-21 06:29:03"
Nederland,WindOffshore,Hour,2855747,2855747,0,0,"2025-03-21 18:00:00","2025-03-21 19:00:00","2025-07-21 06:29:03"
Nederland,WindOffshore,Hour,3024417,3024417,0,0,"2025-03-21 19:00:00","2025-03-21 20:00:00","2025-07-21 06:29:03"
Nederland,WindOffshore,Hour,3587082,3587082,0,0,"2025-03-21 20:00:00","2025-03-21 21:00:00","2025-07-21 06:29:03"
Nederland,WindOffshore,Hour,3872333,3872333,0,0,"2025-03-21 21:00:00","2025-03-21 22:00:00","2025-07-21 06:29:03"
Nederland,WindOffshore,Hour,3977702,3977702,0,0,"2025-03-21 22:00:00","2025-03-21 23:00:00","2025-07-21 06:29:03"
Nederland,WindOffshore,Hour,4044919,4044919,0,0,"2025-03-21 23:00:00","2025-03-22 00:00:00","2025-07-21 06:29:03"
Nederland,WindOffshore,Hour,3873779,3873779,0,0,"2025-03-22 00:00:00","2025-03-22 01:00:00","2025-07-22 06:28:59"
Nederland,WindOffshore,Hour,3828367,3828367,0,0,"2025-03-22 01:00:00","2025-03-22 02:00:00","2025-07-22 06:28:59"
Nederland,WindOffshore,Hour,3608156,3608156,0,0,"2025-03-22 02:00:00","2025-03-22 03:00:00","2025-07-22 06:28:59"
Nederland,WindOffshore,Hour,3591261,3591261,0,0,"2025-03-22 03:00:00","2025-03-22 04:00:00","2025-07-22 06:28:59"
Nederland,WindOffshore,Hour,3916333,3916333,0,0,"2025-03-22 04:00:00","2025-03-22 05:00:00","2025-07-22 06:28:59"
Nederland,WindOffshore,Hour,3647488,3647488,0,0,"2025-03-22 05:00:00","2025-03-22 06:00:00","2025-07-22 06:28:59"
Nederland,WindOffshore,Hour,3571609,3571609,0,0,"2025-03-22 06:00:00","2025-03-22 07:00:00","2025-07-22 06:28:59"
Nederland,WindOffshore,Hour,3491226,3491226,0,0,"2025-03-22 07:00:00","2025-03-22 08:00:00","2025-07-22 06:28:59"
Nederland,WindOffshore,Hour,3521809,3521809,0,0,"2025-03-22 08:00:00","2025-03-22 09:00:00","2025-07-22 06:28:59"
Nederland,WindOffshore,Hour,2362326,2362326,0,0,"2025-03-22 09:00:00","2025-03-22 10:00:00","2025-07-22 06:28:59"
Nederland,WindOffshore,Hour,2084818,2084818,0,0,"2025-03-22 10:00:00","2025-03-22 11:00:00","2025-07-22 06:28:59"
Nederland,WindOffshore,Hour,1366612,1366612,0,0,"2025-03-22 11:00:00","2025-03-22 12:00:00","2025-07-22 06:28:59"
Nederland,WindOffshore,Hour,1081944,1081944,0,0,"2025-03-22 12:00:00","2025-03-22 13:00:00","2025-07-22 06:28:59"
Nederland,WindOffshore,Hour,1109380,1109380,0,0,"2025-03-22 13:00:00","2025-03-22 14:00:00","2025-07-22 06:28:59"
Nederland,WindOffshore,Hour,866561,866561,0,0,"2025-03-22 14:00:00","2025-03-22 15:00:00","2025-07-22 06:28:59"
Nederland,WindOffshore,Hour,799676,799676,0,0,"2025-03-22 15:00:00","2025-03-22 16:00:00","2025-07-22 06:28:59"
Nederland,WindOffshore,Hour,966618,966618,0,0,"2025-03-22 16:00:00","2025-03-22 17:00:00","2025-07-22 06:28:59"
Nederland,WindOffshore,Hour,1304480,1304480,0,0,"2025-03-22 17:00:00","2025-03-22 18:00:00","2025-07-22 06:28:59"
Nederland,WindOffshore,Hour,1143229,1143229,0,0,"2025-03-22 18:00:00","2025-03-22 19:00:00","2025-07-22 06:28:59"
Nederland,WindOffshore,Hour,970715,970715,0,0,"2025-03-22 19:00:00","2025-03-22 20:00:00","2025-07-22 06:28:59"
Nederland,WindOffshore,Hour,1003445,1003445,0,0,"2025-03-22 20:00:00","2025-03-22 21:00:00","2025-07-22 06:28:59"
Nederland,WindOffshore,Hour,1062371,1062371,0,0,"2025-03-22 21:00:00","2025-03-22 22:00:00","2025-07-22 06:28:59"
Nederland,WindOffshore,Hour,1186853,1186853,0,0,"2025-03-22 22:00:00","2025-03-22 23:00:00","2025-07-22 06:28:59"
Nederland,WindOffshore,Hour,1221779,1221779,0,0,"2025-03-22 23:00:00","2025-03-23 00:00:00","2025-07-22 06:28:59"
Nederland,WindOffshore,Hour,1510309,1510309,0,0,"2025-03-23 00:00:00","2025-03-23 01:00:00","2025-07-23 06:29:07"
Nederland,WindOffshore,Hour,1725575,1725575,0,0,"2025-03-23 01:00:00","2025-03-23 02:00:00","2025-07-23 06:29:07"
Nederland,WindOffshore,Hour,1920324,1920324,0,0,"2025-03-23 02:00:00","2025-03-23 03:00:00","2025-07-23 06:29:07"
Nederland,WindOffshore,Hour,1720149,1720149,0,0,"2025-03-23 03:00:00","2025-03-23 04:00:00","2025-07-23 06:29:07"
Nederland,WindOffshore,Hour,1390419,1390419,0,0,"2025-03-23 04:00:00","2025-03-23 05:00:00","2025-07-23 06:29:07"
Nederland,WindOffshore,Hour,1175863,1175863,0,0,"2025-03-23 05:00:00","2025-03-23 06:00:00","2025-07-23 06:29:07"
Nederland,WindOffshore,Hour,1220787,1220787,0,0,"2025-03-23 06:00:00","2025-03-23 07:00:00","2025-07-23 06:29:07"
Nederland,WindOffshore,Hour,1350231,1350231,0,0,"2025-03-23 07:00:00","2025-03-23 08:00:00","2025-07-23 06:29:07"
Nederland,WindOffshore,Hour,1779531,1779531,0,0,"2025-03-23 08:00:00","2025-03-23 09:00:00","2025-07-23 06:29:07"
Nederland,WindOffshore,Hour,1679677,1679677,0,0,"2025-03-23 09:00:00","2025-03-23 10:00:00","2025-07-23 06:29:07"
Nederland,WindOffshore,Hour,1232935,1232935,0,0,"2025-03-23 10:00:00","2025-03-23 11:00:00","2025-07-23 06:29:07"
Nederland,WindOffshore,Hour,722368,722368,0,0,"2025-03-23 11:00:00","2025-03-23 12:00:00","2025-07-23 06:29:07"
Nederland,WindOffshore,Hour,395254,395254,0,0,"2025-03-23 12:00:00","2025-03-23 13:00:00","2025-07-23 06:29:07"
Nederland,WindOffshore,Hour,115462,115462,0,0,"2025-03-23 13:00:00","2025-03-23 14:00:00","2025-07-23 06:29:07"
Nederland,WindOffshore,Hour,168978,168978,0,0,"2025-03-23 14:00:00","2025-03-23 15:00:00","2025-07-23 06:29:07"
Nederland,WindOffshore,Hour,97803,97803,0,0,"2025-03-23 15:00:00","2025-03-23 16:00:00","2025-07-23 06:29:07"
Nederland,WindOffshore,Hour,81916,81916,0,0,"2025-03-23 16:00:00","2025-03-23 17:00:00","2025-07-23 06:29:07"
Nederland,WindOffshore,Hour,65320,65320,0,0,"2025-03-23 17:00:00","2025-03-23 18:00:00","2025-07-23 06:29:07"
Nederland,WindOffshore,Hour,65692,65692,0,0,"2025-03-23 18:00:00","2025-03-23 19:00:00","2025-07-23 06:29:07"
Nederland,WindOffshore,Hour,93925,93925,0,0,"2025-03-23 19:00:00","2025-03-23 20:00:00","2025-07-23 06:29:07"
Nederland,WindOffshore,Hour,85310,85310,0,0,"2025-03-23 20:00:00","2025-03-23 21:00:00","2025-07-23 06:29:07"
Nederland,WindOffshore,Hour,107655,107655,0,0,"2025-03-23 21:00:00","2025-03-23 22:00:00","2025-07-23 06:29:07"
Nederland,WindOffshore,Hour,167818,167818,0,0,"2025-03-23 22:00:00","2025-03-23 23:00:00","2025-07-23 06:29:07"
Nederland,WindOffshore,Hour,100564,100564,0,0,"2025-03-23 23:00:00","2025-03-24 00:00:00","2025-07-23 06:29:07"
Nederland,WindOffshore,Hour,43268,43268,0,0,"2025-03-24 00:00:00","2025-03-24 01:00:00","2025-07-24 06:29:06"
Nederland,WindOffshore,Hour,8275,8275,0,0,"2025-03-24 01:00:00","2025-03-24 02:00:00","2025-07-24 06:29:06"
Nederland,WindOffshore,Hour,59196,59196,0,0,"2025-03-24 02:00:00","2025-03-24 03:00:00","2025-07-24 06:29:06"
Nederland,WindOffshore,Hour,397814,397814,0,0,"2025-03-24 03:00:00","2025-03-24 04:00:00","2025-07-24 06:29:06"
Nederland,WindOffshore,Hour,744865,744865,0,0,"2025-03-24 04:00:00","2025-03-24 05:00:00","2025-07-24 06:29:06"
Nederland,WindOffshore,Hour,953758,953758,0,0,"2025-03-24 05:00:00","2025-03-24 06:00:00","2025-07-24 06:29:06"
Nederland,WindOffshore,Hour,738001,738001,0,0,"2025-03-24 06:00:00","2025-03-24 07:00:00","2025-07-24 06:29:06"
Nederland,WindOffshore,Hour,455456,455456,0,0,"2025-03-24 07:00:00","2025-03-24 08:00:00","2025-07-24 06:29:06"
Nederland,WindOffshore,Hour,462957,462957,0,0,"2025-03-24 08:00:00","2025-03-24 09:00:00","2025-07-24 06:29:06"
Nederland,WindOffshore,Hour,565182,565182,0,0,"2025-03-24 09:00:00","2025-03-24 10:00:00","2025-07-24 06:29:06"
Nederland,WindOffshore,Hour,654469,654469,0,0,"2025-03-24 10:00:00","2025-03-24 11:00:00","2025-07-24 06:29:06"
Nederland,WindOffshore,Hour,777060,777060,0,0,"2025-03-24 11:00:00","2025-03-24 12:00:00","2025-07-24 06:29:06"
Nederland,WindOffshore,Hour,1011882,1011882,0,0,"2025-03-24 12:00:00","2025-03-24 13:00:00","2025-07-24 06:29:06"
Nederland,WindOffshore,Hour,981418,981418,0,0,"2025-03-24 13:00:00","2025-03-24 14:00:00","2025-07-24 06:29:06"
Nederland,WindOffshore,Hour,946598,946598,0,0,"2025-03-24 14:00:00","2025-03-24 15:00:00","2025-07-24 06:29:06"
Nederland,WindOffshore,Hour,999091,999091,0,0,"2025-03-24 15:00:00","2025-03-24 16:00:00","2025-07-24 06:29:06"
Nederland,WindOffshore,Hour,949248,949248,0,0,"2025-03-24 16:00:00","2025-03-24 17:00:00","2025-07-24 06:29:06"
Nederland,WindOffshore,Hour,766430,766430,0,0,"2025-03-24 17:00:00","2025-03-24 18:00:00","2025-07-24 06:29:06"
Nederland,WindOffshore,Hour,528162,528162,0,0,"2025-03-24 18:00:00","2025-03-24 19:00:00","2025-07-24 06:29:06"
Nederland,WindOffshore,Hour,249741,249741,0,0,"2025-03-24 19:00:00","2025-03-24 20:00:00","2025-07-24 06:29:06"
Nederland,WindOffshore,Hour,119574,119574,0,0,"2025-03-24 20:00:00","2025-03-24 21:00:00","2025-07-24 06:29:06"
Nederland,WindOffshore,Hour,155912,155912,0,0,"2025-03-24 21:00:00","2025-03-24 22:00:00","2025-07-24 06:29:06"
Nederland,WindOffshore,Hour,106590,106590,0,0,"2025-03-24 22:00:00","2025-03-24 23:00:00","2025-07-24 06:29:06"
Nederland,WindOffshore,Hour,93695,93695,0,0,"2025-03-24 23:00:00","2025-03-25 00:00:00","2025-07-24 06:29:06"
Nederland,WindOffshore,Hour,117482,117482,0,0,"2025-03-25 00:00:00","2025-03-25 01:00:00","2025-07-25 06:29:00"
Nederland,WindOffshore,Hour,220337,220337,0,0,"2025-03-25 01:00:00","2025-03-25 02:00:00","2025-07-25 06:29:00"
Nederland,WindOffshore,Hour,281690,281690,0,0,"2025-03-25 02:00:00","2025-03-25 03:00:00","2025-07-25 06:29:00"
Nederland,WindOffshore,Hour,473568,473568,0,0,"2025-03-25 03:00:00","2025-03-25 04:00:00","2025-07-25 06:29:00"
Nederland,WindOffshore,Hour,938068,938068,0,0,"2025-03-25 04:00:00","2025-03-25 05:00:00","2025-07-25 06:29:00"
Nederland,WindOffshore,Hour,1233121,1233121,0,0,"2025-03-25 05:00:00","2025-03-25 06:00:00","2025-07-25 06:29:00"
Nederland,WindOffshore,Hour,1137746,1137746,0,0,"2025-03-25 06:00:00","2025-03-25 07:00:00","2025-07-25 06:29:00"
Nederland,WindOffshore,Hour,1162857,1162857,0,0,"2025-03-25 07:00:00","2025-03-25 08:00:00","2025-07-25 06:29:00"
Nederland,WindOffshore,Hour,1072896,1072896,0,0,"2025-03-25 08:00:00","2025-03-25 09:00:00","2025-07-25 06:29:00"
Nederland,WindOffshore,Hour,812148,812148,0,0,"2025-03-25 09:00:00","2025-03-25 10:00:00","2025-07-25 06:29:00"
Nederland,WindOffshore,Hour,735410,735410,0,0,"2025-03-25 10:00:00","2025-03-25 11:00:00","2025-07-25 06:29:00"
Nederland,WindOffshore,Hour,599132,599132,0,0,"2025-03-25 11:00:00","2025-03-25 12:00:00","2025-07-25 06:29:00"
Nederland,WindOffshore,Hour,504166,504166,0,0,"2025-03-25 12:00:00","2025-03-25 13:00:00","2025-07-25 06:29:00"
Nederland,WindOffshore,Hour,541133,541133,0,0,"2025-03-25 13:00:00","2025-03-25 14:00:00","2025-07-25 06:29:00"
Nederland,WindOffshore,Hour,426893,426893,0,0,"2025-03-25 14:00:00","2025-03-25 15:00:00","2025-07-25 06:29:00"
Nederland,WindOffshore,Hour,446899,446899,0,0,"2025-03-25 15:00:00","2025-03-25 16:00:00","2025-07-25 06:29:00"
Nederland,WindOffshore,Hour,334604,334604,0,0,"2025-03-25 16:00:00","2025-03-25 17:00:00","2025-07-25 06:29:00"
Nederland,WindOffshore,Hour,486614,486614,0,0,"2025-03-25 17:00:00","2025-03-25 18:00:00","2025-07-25 06:29:00"
Nederland,WindOffshore,Hour,612870,612870,0,0,"2025-03-25 18:00:00","2025-03-25 19:00:00","2025-07-25 06:29:00"
Nederland,WindOffshore,Hour,779901,779901,0,0,"2025-03-25 19:00:00","2025-03-25 20:00:00","2025-07-25 06:29:00"
Nederland,WindOffshore,Hour,821155,821155,0,0,"2025-03-25 20:00:00","2025-03-25 21:00:00","2025-07-25 06:29:00"
Nederland,WindOffshore,Hour,783639,783639,0,0,"2025-03-25 21:00:00","2025-03-25 22:00:00","2025-07-25 06:29:00"
Nederland,WindOffshore,Hour,852607,852607,0,0,"2025-03-25 22:00:00","2025-03-25 23:00:00","2025-07-25 06:29:00"
Nederland,WindOffshore,Hour,649421,649421,0,0,"2025-03-25 23:00:00","2025-03-26 00:00:00","2025-07-25 06:29:00"
Nederland,WindOffshore,Hour,476630,476630,0,0,"2025-03-26 00:00:00","2025-03-26 01:00:00","2025-07-26 06:29:43"
Nederland,WindOffshore,Hour,354931,354931,0,0,"2025-03-26 01:00:00","2025-03-26 02:00:00","2025-07-26 06:29:43"
Nederland,WindOffshore,Hour,582964,582964,0,0,"2025-03-26 02:00:00","2025-03-26 03:00:00","2025-07-26 06:29:43"
Nederland,WindOffshore,Hour,684055,684055,0,0,"2025-03-26 03:00:00","2025-03-26 04:00:00","2025-07-26 06:29:43"
Nederland,WindOffshore,Hour,739817,739817,0,0,"2025-03-26 04:00:00","2025-03-26 05:00:00","2025-07-26 06:29:43"
Nederland,WindOffshore,Hour,806710,806710,0,0,"2025-03-26 05:00:00","2025-03-26 06:00:00","2025-07-26 06:29:43"
Nederland,WindOffshore,Hour,572632,572632,0,0,"2025-03-26 06:00:00","2025-03-26 07:00:00","2025-07-26 06:29:43"
Nederland,WindOffshore,Hour,410661,410661,0,0,"2025-03-26 07:00:00","2025-03-26 08:00:00","2025-07-26 06:29:43"
Nederland,WindOffshore,Hour,374880,374880,0,0,"2025-03-26 08:00:00","2025-03-26 09:00:00","2025-07-26 06:29:43"
Nederland,WindOffshore,Hour,410409,410409,0,0,"2025-03-26 09:00:00","2025-03-26 10:00:00","2025-07-26 06:29:43"
Nederland,WindOffshore,Hour,245560,245560,0,0,"2025-03-26 10:00:00","2025-03-26 11:00:00","2025-07-26 06:29:43"
Nederland,WindOffshore,Hour,138266,138266,0,0,"2025-03-26 11:00:00","2025-03-26 12:00:00","2025-07-26 06:29:43"
Nederland,WindOffshore,Hour,107512,107512,0,0,"2025-03-26 12:00:00","2025-03-26 13:00:00","2025-07-26 06:29:43"
Nederland,WindOffshore,Hour,112775,112775,0,0,"2025-03-26 13:00:00","2025-03-26 14:00:00","2025-07-26 06:29:43"
Nederland,WindOffshore,Hour,58258,58258,0,0,"2025-03-26 14:00:00","2025-03-26 15:00:00","2025-07-26 06:29:43"
Nederland,WindOffshore,Hour,4207,4207,0,0,"2025-03-26 15:00:00","2025-03-26 16:00:00","2025-07-26 06:29:43"
Nederland,WindOffshore,Hour,0,0,0,0,"2025-03-26 16:00:00","2025-03-26 17:00:00","2025-07-26 06:29:43"
Nederland,WindOffshore,Hour,0,0,0,0,"2025-03-26 17:00:00","2025-03-26 18:00:00","2025-07-26 06:29:43"
Nederland,WindOffshore,Hour,0,0,0,0,"2025-03-26 18:00:00","2025-03-26 19:00:00","2025-07-26 06:29:43"
Nederland,WindOffshore,Hour,0,0,0,0,"2025-03-26 19:00:00","2025-03-26 20:00:00","2025-07-26 06:29:43"
Nederland,WindOffshore,Hour,0,0,0,0,"2025-03-26 20:00:00","2025-03-26 21:00:00","2025-07-26 06:29:43"
Nederland,WindOffshore,Hour,3958,3958,0,0,"2025-03-26 21:00:00","2025-03-26 22:00:00","2025-07-26 06:29:43"
Nederland,WindOffshore,Hour,56515,56515,0,0,"2025-03-26 22:00:00","2025-03-26 23:00:00","2025-07-26 06:29:43"
Nederland,WindOffshore,Hour,78802,78802,0,0,"2025-03-26 23:00:00","2025-03-27 00:00:00","2025-07-26 06:29:43"
Nederland,WindOffshore,Hour,109777,109777,0,0,"2025-03-27 00:00:00","2025-03-27 01:00:00","2025-07-27 06:29:00"
Nederland,WindOffshore,Hour,199775,199775,0,0,"2025-03-27 01:00:00","2025-03-27 02:00:00","2025-07-27 06:29:00"
Nederland,WindOffshore,Hour,266129,266129,0,0,"2025-03-27 02:00:00","2025-03-27 03:00:00","2025-07-27 06:29:00"
Nederland,WindOffshore,Hour,420210,420210,0,0,"2025-03-27 03:00:00","2025-03-27 04:00:00","2025-07-27 06:29:00"
Nederland,WindOffshore,Hour,483697,483697,0,0,"2025-03-27 04:00:00","2025-03-27 05:00:00","2025-07-27 06:29:00"
Nederland,WindOffshore,Hour,432936,432936,0,0,"2025-03-27 05:00:00","2025-03-27 06:00:00","2025-07-27 06:29:00"
Nederland,WindOffshore,Hour,440572,440572,0,0,"2025-03-27 06:00:00","2025-03-27 07:00:00","2025-07-27 06:29:00"
Nederland,WindOffshore,Hour,588335,588335,0,0,"2025-03-27 07:00:00","2025-03-27 08:00:00","2025-07-27 06:29:00"
Nederland,WindOffshore,Hour,637941,637941,0,0,"2025-03-27 08:00:00","2025-03-27 09:00:00","2025-07-27 06:29:00"
Nederland,WindOffshore,Hour,816230,816230,0,0,"2025-03-27 09:00:00","2025-03-27 10:00:00","2025-07-27 06:29:00"
Nederland,WindOffshore,Hour,799566,799566,0,0,"2025-03-27 10:00:00","2025-03-27 11:00:00","2025-07-27 06:29:00"
Nederland,WindOffshore,Hour,901502,901502,0,0,"2025-03-27 11:00:00","2025-03-27 12:00:00","2025-07-27 06:29:00"
Nederland,WindOffshore,Hour,982962,982962,0,0,"2025-03-27 12:00:00","2025-03-27 13:00:00","2025-07-27 06:29:00"
Nederland,WindOffshore,Hour,951758,951758,0,0,"2025-03-27 13:00:00","2025-03-27 14:00:00","2025-07-27 06:29:00"
Nederland,WindOffshore,Hour,988832,988832,0,0,"2025-03-27 14:00:00","2025-03-27 15:00:00","2025-07-27 06:29:00"
Nederland,WindOffshore,Hour,1012005,1012005,0,0,"2025-03-27 15:00:00","2025-03-27 16:00:00","2025-07-27 06:29:00"
Nederland,WindOffshore,Hour,898788,898788,0,0,"2025-03-27 16:00:00","2025-03-27 17:00:00","2025-07-27 06:29:00"
Nederland,WindOffshore,Hour,804081,804081,0,0,"2025-03-27 17:00:00","2025-03-27 18:00:00","2025-07-27 06:29:00"
Nederland,WindOffshore,Hour,879468,879468,0,0,"2025-03-27 18:00:00","2025-03-27 19:00:00","2025-07-27 06:29:00"
Nederland,WindOffshore,Hour,957740,957740,0,0,"2025-03-27 19:00:00","2025-03-27 20:00:00","2025-07-27 06:29:00"
Nederland,WindOffshore,Hour,983178,983178,0,0,"2025-03-27 20:00:00","2025-03-27 21:00:00","2025-07-27 06:29:00"
Nederland,WindOffshore,Hour,1092891,1092891,0,0,"2025-03-27 21:00:00","2025-03-27 22:00:00","2025-07-27 06:29:00"
Nederland,WindOffshore,Hour,1662814,1662814,0,0,"2025-03-27 22:00:00","2025-03-27 23:00:00","2025-07-27 06:29:00"
Nederland,WindOffshore,Hour,2150653,2150653,0,0,"2025-03-27 23:00:00","2025-03-28 00:00:00","2025-07-27 06:29:00"
Nederland,WindOffshore,Hour,2392332,2392332,0,0,"2025-03-28 00:00:00","2025-03-28 01:00:00","2025-07-28 06:29:07"
Nederland,WindOffshore,Hour,2783196,2783196,0,0,"2025-03-28 01:00:00","2025-03-28 02:00:00","2025-07-28 06:29:07"
Nederland,WindOffshore,Hour,3132810,3132810,0,0,"2025-03-28 02:00:00","2025-03-28 03:00:00","2025-07-28 06:29:07"
Nederland,WindOffshore,Hour,3176905,3176905,0,0,"2025-03-28 03:00:00","2025-03-28 04:00:00","2025-07-28 06:29:07"
Nederland,WindOffshore,Hour,2842677,2842677,0,0,"2025-03-28 04:00:00","2025-03-28 05:00:00","2025-07-28 06:29:07"
Nederland,WindOffshore,Hour,2972649,2972649,0,0,"2025-03-28 05:00:00","2025-03-28 06:00:00","2025-07-28 06:29:07"
Nederland,WindOffshore,Hour,2973122,2973122,0,0,"2025-03-28 06:00:00","2025-03-28 07:00:00","2025-07-28 06:29:07"
Nederland,WindOffshore,Hour,2738865,2738865,0,0,"2025-03-28 07:00:00","2025-03-28 08:00:00","2025-07-28 06:29:07"
Nederland,WindOffshore,Hour,2296558,2296558,0,0,"2025-03-28 08:00:00","2025-03-28 09:00:00","2025-07-28 06:29:07"
Nederland,WindOffshore,Hour,1780888,1780888,0,0,"2025-03-28 09:00:00","2025-03-28 10:00:00","2025-07-28 06:29:07"
Nederland,WindOffshore,Hour,1415673,1415673,0,0,"2025-03-28 10:00:00","2025-03-28 11:00:00","2025-07-28 06:29:07"
Nederland,WindOffshore,Hour,1538075,1538075,0,0,"2025-03-28 11:00:00","2025-03-28 12:00:00","2025-07-28 06:29:07"
Nederland,WindOffshore,Hour,2213393,2213393,0,0,"2025-03-28 12:00:00","2025-03-28 13:00:00","2025-07-28 06:29:07"
Nederland,WindOffshore,Hour,2533717,2533717,0,0,"2025-03-28 13:00:00","2025-03-28 14:00:00","2025-07-28 06:29:07"
Nederland,WindOffshore,Hour,2402217,2402217,0,0,"2025-03-28 14:00:00","2025-03-28 15:00:00","2025-07-28 06:29:07"
Nederland,WindOffshore,Hour,1206563,1206563,0,0,"2025-03-28 15:00:00","2025-03-28 16:00:00","2025-07-28 06:29:07"
Nederland,WindOffshore,Hour,369907,369907,0,0,"2025-03-28 16:00:00","2025-03-28 17:00:00","2025-07-28 06:29:07"
Nederland,WindOffshore,Hour,139620,139620,0,0,"2025-03-28 17:00:00","2025-03-28 18:00:00","2025-07-28 06:29:07"
Nederland,WindOffshore,Hour,165989,165989,0,0,"2025-03-28 18:00:00","2025-03-28 19:00:00","2025-07-28 06:29:07"
Nederland,WindOffshore,Hour,161425,161425,0,0,"2025-03-28 19:00:00","2025-03-28 20:00:00","2025-07-28 06:29:07"
Nederland,WindOffshore,Hour,319317,319317,0,0,"2025-03-28 20:00:00","2025-03-28 21:00:00","2025-07-28 06:29:07"
Nederland,WindOffshore,Hour,475951,475951,0,0,"2025-03-28 21:00:00","2025-03-28 22:00:00","2025-07-28 06:29:07"
Nederland,WindOffshore,Hour,404159,404159,0,0,"2025-03-28 22:00:00","2025-03-28 23:00:00","2025-07-28 06:29:07"
Nederland,WindOffshore,Hour,462558,462558,0,0,"2025-03-28 23:00:00","2025-03-29 00:00:00","2025-07-28 06:29:07"
Nederland,WindOffshore,Hour,823090,823090,0,0,"2025-03-29 00:00:00","2025-03-29 01:00:00","2025-07-29 06:29:03"
Nederland,WindOffshore,Hour,1071467,1071467,0,0,"2025-03-29 01:00:00","2025-03-29 02:00:00","2025-07-29 06:29:03"
Nederland,WindOffshore,Hour,1404997,1404997,0,0,"2025-03-29 02:00:00","2025-03-29 03:00:00","2025-07-29 06:29:03"
Nederland,WindOffshore,Hour,1533247,1533247,0,0,"2025-03-29 03:00:00","2025-03-29 04:00:00","2025-07-29 06:29:03"
Nederland,WindOffshore,Hour,1615792,1615792,0,0,"2025-03-29 04:00:00","2025-03-29 05:00:00","2025-07-29 06:29:03"
Nederland,WindOffshore,Hour,1419131,1419131,0,0,"2025-03-29 05:00:00","2025-03-29 06:00:00","2025-07-29 06:29:03"
Nederland,WindOffshore,Hour,1031961,1031961,0,0,"2025-03-29 06:00:00","2025-03-29 07:00:00","2025-07-29 06:29:03"
Nederland,WindOffshore,Hour,720159,720159,0,0,"2025-03-29 07:00:00","2025-03-29 08:00:00","2025-07-29 06:29:03"
Nederland,WindOffshore,Hour,532364,532364,0,0,"2025-03-29 08:00:00","2025-03-29 09:00:00","2025-07-29 06:29:03"
Nederland,WindOffshore,Hour,326383,326383,0,0,"2025-03-29 09:00:00","2025-03-29 10:00:00","2025-07-29 06:29:03"
Nederland,WindOffshore,Hour,281858,281858,0,0,"2025-03-29 10:00:00","2025-03-29 11:00:00","2025-07-29 06:29:03"
Nederland,WindOffshore,Hour,350076,350076,0,0,"2025-03-29 11:00:00","2025-03-29 12:00:00","2025-07-29 06:29:03"
Nederland,WindOffshore,Hour,372838,372838,0,0,"2025-03-29 12:00:00","2025-03-29 13:00:00","2025-07-29 06:29:03"
Nederland,WindOffshore,Hour,289152,289152,0,0,"2025-03-29 13:00:00","2025-03-29 14:00:00","2025-07-29 06:29:03"
Nederland,WindOffshore,Hour,194333,194333,0,0,"2025-03-29 14:00:00","2025-03-29 15:00:00","2025-07-29 06:29:03"
Nederland,WindOffshore,Hour,304649,304649,0,0,"2025-03-29 15:00:00","2025-03-29 16:00:00","2025-07-29 06:29:03"
Nederland,WindOffshore,Hour,675394,675394,0,0,"2025-03-29 16:00:00","2025-03-29 17:00:00","2025-07-29 06:29:03"
Nederland,WindOffshore,Hour,1187138,1187138,0,0,"2025-03-29 17:00:00","2025-03-29 18:00:00","2025-07-29 06:29:03"
Nederland,WindOffshore,Hour,1966806,1966806,0,0,"2025-03-29 18:00:00","2025-03-29 19:00:00","2025-07-29 06:29:03"
Nederland,WindOffshore,Hour,2561989,2561989,0,0,"2025-03-29 19:00:00","2025-03-29 20:00:00","2025-07-29 06:29:03"
Nederland,WindOffshore,Hour,3453102,3453102,0,0,"2025-03-29 20:00:00","2025-03-29 21:00:00","2025-07-29 06:29:03"
Nederland,WindOffshore,Hour,4007974,4007974,0,0,"2025-03-29 21:00:00","2025-03-29 22:00:00","2025-07-29 06:29:03"
Nederland,WindOffshore,Hour,4080874,4080874,0,0,"2025-03-29 22:00:00","2025-03-29 23:00:00","2025-07-29 06:29:03"
Nederland,WindOffshore,Hour,4150058,4150058,0,0,"2025-03-29 23:00:00","2025-03-30 00:00:00","2025-07-29 06:29:03"
Nederland,WindOffshore,Hour,4144056,4144056,0,0,"2025-03-30 00:00:00","2025-03-30 01:00:00","2025-07-30 06:28:59"
Nederland,WindOffshore,Hour,4153647,4153647,0,0,"2025-03-30 01:00:00","2025-03-30 02:00:00","2025-07-30 06:28:59"
Nederland,WindOffshore,Hour,4157503,4157503,0,0,"2025-03-30 02:00:00","2025-03-30 03:00:00","2025-07-30 06:28:59"
Nederland,WindOffshore,Hour,4156328,4156328,0,0,"2025-03-30 03:00:00","2025-03-30 04:00:00","2025-07-30 06:28:59"
Nederland,WindOffshore,Hour,4141897,4141897,0,0,"2025-03-30 04:00:00","2025-03-30 05:00:00","2025-07-30 06:28:59"
Nederland,WindOffshore,Hour,4093536,4093536,0,0,"2025-03-30 05:00:00","2025-03-30 06:00:00","2025-07-30 06:28:59"
Nederland,WindOffshore,Hour,3807326,3807326,0,0,"2025-03-30 06:00:00","2025-03-30 07:00:00","2025-07-30 06:28:59"
Nederland,WindOffshore,Hour,3552007,3552007,0,0,"2025-03-30 07:00:00","2025-03-30 08:00:00","2025-07-30 06:28:59"
Nederland,WindOffshore,Hour,3818188,3818188,0,0,"2025-03-30 08:00:00","2025-03-30 09:00:00","2025-07-30 06:28:59"
Nederland,WindOffshore,Hour,3833442,3833442,0,0,"2025-03-30 09:00:00","2025-03-30 10:00:00","2025-07-30 06:28:59"
Nederland,WindOffshore,Hour,3579373,3579373,0,0,"2025-03-30 10:00:00","2025-03-30 11:00:00","2025-07-30 06:28:59"
Nederland,WindOffshore,Hour,3493364,3493364,0,0,"2025-03-30 11:00:00","2025-03-30 12:00:00","2025-07-30 06:28:59"
Nederland,WindOffshore,Hour,3342926,3342926,0,0,"2025-03-30 12:00:00","2025-03-30 13:00:00","2025-07-30 06:28:59"
Nederland,WindOffshore,Hour,3465586,3465586,0,0,"2025-03-30 13:00:00","2025-03-30 14:00:00","2025-07-30 06:28:59"
Nederland,WindOffshore,Hour,3347958,3347958,0,0,"2025-03-30 14:00:00","2025-03-30 15:00:00","2025-07-30 06:28:59"
Nederland,WindOffshore,Hour,3176412,3176412,0,0,"2025-03-30 15:00:00","2025-03-30 16:00:00","2025-07-30 06:28:59"
Nederland,WindOffshore,Hour,2973053,2973053,0,0,"2025-03-30 16:00:00","2025-03-30 17:00:00","2025-07-30 06:28:59"
Nederland,WindOffshore,Hour,2877938,2877938,0,0,"2025-03-30 17:00:00","2025-03-30 18:00:00","2025-07-30 06:28:59"
Nederland,WindOffshore,Hour,2482515,2482515,0,0,"2025-03-30 18:00:00","2025-03-30 19:00:00","2025-07-30 06:28:59"
Nederland,WindOffshore,Hour,2865110,2865110,0,0,"2025-03-30 19:00:00","2025-03-30 20:00:00","2025-07-30 06:28:59"
Nederland,WindOffshore,Hour,3777869,3777869,0,0,"2025-03-30 20:00:00","2025-03-30 21:00:00","2025-07-30 06:28:59"
Nederland,WindOffshore,Hour,3707221,3707221,0,0,"2025-03-30 21:00:00","2025-03-30 22:00:00","2025-07-30 06:28:59"
Nederland,WindOffshore,Hour,3374158,3374158,0,0,"2025-03-30 22:00:00","2025-03-30 23:00:00","2025-07-30 06:28:59"
Nederland,WindOffshore,Hour,3046540,3046540,0,0,"2025-03-30 23:00:00","2025-03-31 00:00:00","2025-07-30 06:28:59"
Nederland,WindOffshore,Hour,2661300,2661300,0,0,"2025-03-31 00:00:00","2025-03-31 01:00:00","2025-07-31 06:29:10"
Nederland,WindOffshore,Hour,2312811,2312811,0,0,"2025-03-31 01:00:00","2025-03-31 02:00:00","2025-07-31 06:29:10"
Nederland,WindOffshore,Hour,2007081,2007081,0,0,"2025-03-31 02:00:00","2025-03-31 03:00:00","2025-07-31 06:29:10"
Nederland,WindOffshore,Hour,1745967,1745967,0,0,"2025-03-31 03:00:00","2025-03-31 04:00:00","2025-07-31 06:29:10"
Nederland,WindOffshore,Hour,1789940,1789940,0,0,"2025-03-31 04:00:00","2025-03-31 05:00:00","2025-07-31 06:29:10"
Nederland,WindOffshore,Hour,1289346,1289346,0,0,"2025-03-31 05:00:00","2025-03-31 06:00:00","2025-07-31 06:29:10"
Nederland,WindOffshore,Hour,1121605,1121605,0,0,"2025-03-31 06:00:00","2025-03-31 07:00:00","2025-07-31 06:29:10"
Nederland,WindOffshore,Hour,1079754,1079754,0,0,"2025-03-31 07:00:00","2025-03-31 08:00:00","2025-07-31 06:29:10"
Nederland,WindOffshore,Hour,831277,831277,0,0,"2025-03-31 08:00:00","2025-03-31 09:00:00","2025-07-31 06:29:10"
Nederland,WindOffshore,Hour,744555,744555,0,0,"2025-03-31 09:00:00","2025-03-31 10:00:00","2025-07-31 06:29:10"
Nederland,WindOffshore,Hour,780484,780484,0,0,"2025-03-31 10:00:00","2025-03-31 11:00:00","2025-07-31 06:29:10"
Nederland,WindOffshore,Hour,704282,704282,0,0,"2025-03-31 11:00:00","2025-03-31 12:00:00","2025-07-31 06:29:10"
Nederland,WindOffshore,Hour,738875,738875,0,0,"2025-03-31 12:00:00","2025-03-31 13:00:00","2025-07-31 06:29:10"
Nederland,WindOffshore,Hour,573822,573822,0,0,"2025-03-31 13:00:00","2025-03-31 14:00:00","2025-07-31 06:29:10"
Nederland,WindOffshore,Hour,375493,375493,0,0,"2025-03-31 14:00:00","2025-03-31 15:00:00","2025-07-31 06:29:10"
Nederland,WindOffshore,Hour,379855,379855,0,0,"2025-03-31 15:00:00","2025-03-31 16:00:00","2025-07-31 06:29:10"
Nederland,WindOffshore,Hour,543393,543393,0,0,"2025-03-31 16:00:00","2025-03-31 17:00:00","2025-07-31 06:29:10"
Nederland,WindOffshore,Hour,648555,648555,0,0,"2025-03-31 17:00:00","2025-03-31 18:00:00","2025-07-31 06:29:10"
Nederland,WindOffshore,Hour,917032,917032,0,0,"2025-03-31 18:00:00","2025-03-31 19:00:00","2025-07-31 06:29:10"
Nederland,WindOffshore,Hour,1185533,1185533,0,0,"2025-03-31 19:00:00","2025-03-31 20:00:00","2025-07-31 06:29:10"
Nederland,WindOffshore,Hour,1415611,1415611,0,0,"2025-03-31 20:00:00","2025-03-31 21:00:00","2025-07-31 06:29:10"
Nederland,WindOffshore,Hour,1205661,1205661,0,0,"2025-03-31 21:00:00","2025-03-31 22:00:00","2025-07-31 06:29:10"
Nederland,WindOffshore,Hour,1128238,1128238,0,0,"2025-03-31 22:00:00","2025-03-31 23:00:00","2025-07-31 06:29:10"
Nederland,WindOffshore,Hour,1298198,1298198,0,0,"2025-03-31 23:00:00","2025-04-01 00:00:00","2025-07-31 06:29:10"
Nederland,WindOffshore,Hour,1164321,1164321,0,0,"2025-04-01 00:00:00","2025-04-01 01:00:00","2025-08-01 06:29:04"
Nederland,WindOffshore,Hour,1020376,1020376,0,0,"2025-04-01 01:00:00","2025-04-01 02:00:00","2025-08-01 06:29:04"
Nederland,WindOffshore,Hour,1116780,1116780,0,0,"2025-04-01 02:00:00","2025-04-01 03:00:00","2025-08-01 06:29:04"
Nederland,WindOffshore,Hour,1305342,1305342,0,0,"2025-04-01 03:00:00","2025-04-01 04:00:00","2025-08-01 06:29:04"
Nederland,WindOffshore,Hour,1253640,1253640,0,0,"2025-04-01 04:00:00","2025-04-01 05:00:00","2025-08-01 06:29:04"
Nederland,WindOffshore,Hour,1093918,1093918,0,0,"2025-04-01 05:00:00","2025-04-01 06:00:00","2025-08-01 06:29:04"
Nederland,WindOffshore,Hour,1119088,1119088,0,0,"2025-04-01 06:00:00","2025-04-01 07:00:00","2025-08-01 06:29:04"
Nederland,WindOffshore,Hour,1128426,1128426,0,0,"2025-04-01 07:00:00","2025-04-01 08:00:00","2025-08-01 06:29:04"
Nederland,WindOffshore,Hour,1136204,1136204,0,0,"2025-04-01 08:00:00","2025-04-01 09:00:00","2025-08-01 06:29:04"
Nederland,WindOffshore,Hour,1225340,1225340,0,0,"2025-04-01 09:00:00","2025-04-01 10:00:00","2025-08-01 06:29:04"
Nederland,WindOffshore,Hour,1221228,1221228,0,0,"2025-04-01 10:00:00","2025-04-01 11:00:00","2025-08-01 06:29:04"
Nederland,WindOffshore,Hour,795489,795489,0,0,"2025-04-01 11:00:00","2025-04-01 12:00:00","2025-08-01 06:29:04"
Nederland,WindOffshore,Hour,795465,795465,0,0,"2025-04-01 12:00:00","2025-04-01 13:00:00","2025-08-01 06:29:04"
Nederland,WindOffshore,Hour,1608821,1608821,0,0,"2025-04-01 13:00:00","2025-04-01 14:00:00","2025-08-01 06:29:04"
Nederland,WindOffshore,Hour,2883120,2883120,0,0,"2025-04-01 14:00:00","2025-04-01 15:00:00","2025-08-01 06:29:04"
Nederland,WindOffshore,Hour,3058861,3058861,0,0,"2025-04-01 15:00:00","2025-04-01 16:00:00","2025-08-01 06:29:04"
Nederland,WindOffshore,Hour,2926957,2926957,0,0,"2025-04-01 16:00:00","2025-04-01 17:00:00","2025-08-01 06:29:04"
Nederland,WindOffshore,Hour,2719104,2719104,0,0,"2025-04-01 17:00:00","2025-04-01 18:00:00","2025-08-01 06:29:04"
Nederland,WindOffshore,Hour,2224972,2224972,0,0,"2025-04-01 18:00:00","2025-04-01 19:00:00","2025-08-01 06:29:04"
Nederland,WindOffshore,Hour,2010714,2010714,0,0,"2025-04-01 19:00:00","2025-04-01 20:00:00","2025-08-01 06:29:04"
Nederland,WindOffshore,Hour,2548615,2548615,0,0,"2025-04-01 20:00:00","2025-04-01 21:00:00","2025-08-01 06:29:04"
Nederland,WindOffshore,Hour,2919919,2919919,0,0,"2025-04-01 21:00:00","2025-04-01 22:00:00","2025-08-01 06:29:04"
Nederland,WindOffshore,Hour,3057939,3057939,0,0,"2025-04-01 22:00:00","2025-04-01 23:00:00","2025-08-01 06:29:04"
Nederland,WindOffshore,Hour,3052379,3052379,0,0,"2025-04-01 23:00:00","2025-04-02 00:00:00","2025-08-01 06:29:04"
Nederland,WindOffshore,Hour,3068867,3068867,0,0,"2025-04-02 00:00:00","2025-04-02 01:00:00","2025-08-02 06:28:56"
Nederland,WindOffshore,Hour,3053755,3053755,0,0,"2025-04-02 01:00:00","2025-04-02 02:00:00","2025-08-02 06:28:56"
Nederland,WindOffshore,Hour,3227108,3227108,0,0,"2025-04-02 02:00:00","2025-04-02 03:00:00","2025-08-02 06:28:56"
Nederland,WindOffshore,Hour,3275870,3275870,0,0,"2025-04-02 03:00:00","2025-04-02 04:00:00","2025-08-02 06:28:56"
Nederland,WindOffshore,Hour,3249133,3249133,0,0,"2025-04-02 04:00:00","2025-04-02 05:00:00","2025-08-02 06:28:56"
Nederland,WindOffshore,Hour,3214323,3214323,0,0,"2025-04-02 05:00:00","2025-04-02 06:00:00","2025-08-02 06:28:56"
Nederland,WindOffshore,Hour,3211956,3211956,0,0,"2025-04-02 06:00:00","2025-04-02 07:00:00","2025-08-02 06:28:56"
Nederland,WindOffshore,Hour,3289897,3289897,0,0,"2025-04-02 07:00:00","2025-04-02 08:00:00","2025-08-02 06:28:56"
Nederland,WindOffshore,Hour,3290861,3290861,0,0,"2025-04-02 08:00:00","2025-04-02 09:00:00","2025-08-02 06:28:56"
Nederland,WindOffshore,Hour,3328299,3328299,0,0,"2025-04-02 09:00:00","2025-04-02 10:00:00","2025-08-02 06:28:56"
Nederland,WindOffshore,Hour,3407767,3407767,0,0,"2025-04-02 10:00:00","2025-04-02 11:00:00","2025-08-02 06:28:56"
Nederland,WindOffshore,Hour,3577722,3577722,0,0,"2025-04-02 11:00:00","2025-04-02 12:00:00","2025-08-02 06:28:56"
Nederland,WindOffshore,Hour,3741053,3741053,0,0,"2025-04-02 12:00:00","2025-04-02 13:00:00","2025-08-02 06:28:56"
Nederland,WindOffshore,Hour,3853114,3853114,0,0,"2025-04-02 13:00:00","2025-04-02 14:00:00","2025-08-02 06:28:56"
Nederland,WindOffshore,Hour,3962439,3962439,0,0,"2025-04-02 14:00:00","2025-04-02 15:00:00","2025-08-02 06:28:56"
Nederland,WindOffshore,Hour,3923768,3923768,0,0,"2025-04-02 15:00:00","2025-04-02 16:00:00","2025-08-02 06:28:56"
Nederland,WindOffshore,Hour,3883332,3883332,0,0,"2025-04-02 16:00:00","2025-04-02 17:00:00","2025-08-02 06:28:56"
Nederland,WindOffshore,Hour,3827924,3827924,0,0,"2025-04-02 17:00:00","2025-04-02 18:00:00","2025-08-02 06:28:56"
Nederland,WindOffshore,Hour,3579587,3579587,0,0,"2025-04-02 18:00:00","2025-04-02 19:00:00","2025-08-02 06:28:56"
Nederland,WindOffshore,Hour,3403874,3403874,0,0,"2025-04-02 19:00:00","2025-04-02 20:00:00","2025-08-02 06:28:56"
Nederland,WindOffshore,Hour,3652277,3652277,0,0,"2025-04-02 20:00:00","2025-04-02 21:00:00","2025-08-02 06:28:56"
Nederland,WindOffshore,Hour,3600046,3600046,0,0,"2025-04-02 21:00:00","2025-04-02 22:00:00","2025-08-02 06:28:56"
Nederland,WindOffshore,Hour,3546361,3546361,0,0,"2025-04-02 22:00:00","2025-04-02 23:00:00","2025-08-02 06:28:56"
Nederland,WindOffshore,Hour,3755741,3755741,0,0,"2025-04-02 23:00:00","2025-04-03 00:00:00","2025-08-02 06:28:56"
Nederland,WindOffshore,Hour,3571613,3571613,0,0,"2025-04-03 00:00:00","2025-04-03 01:00:00","2025-08-03 06:29:13"
Nederland,WindOffshore,Hour,3182033,3182033,0,0,"2025-04-03 01:00:00","2025-04-03 02:00:00","2025-08-03 06:29:13"
Nederland,WindOffshore,Hour,3089449,3089449,0,0,"2025-04-03 02:00:00","2025-04-03 03:00:00","2025-08-03 06:29:13"
Nederland,WindOffshore,Hour,3312191,3312191,0,0,"2025-04-03 03:00:00","2025-04-03 04:00:00","2025-08-03 06:29:13"
Nederland,WindOffshore,Hour,3294801,3294801,0,0,"2025-04-03 04:00:00","2025-04-03 05:00:00","2025-08-03 06:29:13"
Nederland,WindOffshore,Hour,3113683,3113683,0,0,"2025-04-03 05:00:00","2025-04-03 06:00:00","2025-08-03 06:29:13"
Nederland,WindOffshore,Hour,3106203,3106203,0,0,"2025-04-03 06:00:00","2025-04-03 07:00:00","2025-08-03 06:29:13"
Nederland,WindOffshore,Hour,3138833,3138833,0,0,"2025-04-03 07:00:00","2025-04-03 08:00:00","2025-08-03 06:29:13"
Nederland,WindOffshore,Hour,2707621,2707621,0,0,"2025-04-03 08:00:00","2025-04-03 09:00:00","2025-08-03 06:29:13"
Nederland,WindOffshore,Hour,1663314,1663314,0,0,"2025-04-03 09:00:00","2025-04-03 10:00:00","2025-08-03 06:29:13"
Nederland,WindOffshore,Hour,1588107,1588107,0,0,"2025-04-03 10:00:00","2025-04-03 11:00:00","2025-08-03 06:29:13"
Nederland,WindOffshore,Hour,1351377,1351377,0,0,"2025-04-03 11:00:00","2025-04-03 12:00:00","2025-08-03 06:29:13"
Nederland,WindOffshore,Hour,1281932,1281932,0,0,"2025-04-03 12:00:00","2025-04-03 13:00:00","2025-08-03 06:29:13"
Nederland,WindOffshore,Hour,1272941,1272941,0,0,"2025-04-03 13:00:00","2025-04-03 14:00:00","2025-08-03 06:29:13"
Nederland,WindOffshore,Hour,1734555,1734555,0,0,"2025-04-03 14:00:00","2025-04-03 15:00:00","2025-08-03 06:29:13"
Nederland,WindOffshore,Hour,1430482,1430482,0,0,"2025-04-03 15:00:00","2025-04-03 16:00:00","2025-08-03 06:29:13"
Nederland,WindOffshore,Hour,2077983,2077983,0,0,"2025-04-03 16:00:00","2025-04-03 17:00:00","2025-08-03 06:29:13"
Nederland,WindOffshore,Hour,2214367,2214367,0,0,"2025-04-03 17:00:00","2025-04-03 18:00:00","2025-08-03 06:29:13"
Nederland,WindOffshore,Hour,1884676,1884676,0,0,"2025-04-03 18:00:00","2025-04-03 19:00:00","2025-08-03 06:29:13"
Nederland,WindOffshore,Hour,1410945,1410945,0,0,"2025-04-03 19:00:00","2025-04-03 20:00:00","2025-08-03 06:29:13"
Nederland,WindOffshore,Hour,1608239,1608239,0,0,"2025-04-03 20:00:00","2025-04-03 21:00:00","2025-08-03 06:29:13"
Nederland,WindOffshore,Hour,2119877,2119877,0,0,"2025-04-03 21:00:00","2025-04-03 22:00:00","2025-08-03 06:29:13"
Nederland,WindOffshore,Hour,2446999,2446999,0,0,"2025-04-03 22:00:00","2025-04-03 23:00:00","2025-08-03 06:29:13"
Nederland,WindOffshore,Hour,2240268,2240268,0,0,"2025-04-03 23:00:00","2025-04-04 00:00:00","2025-08-03 06:29:13"
Nederland,WindOffshore,Hour,2514437,2514437,0,0,"2025-04-04 00:00:00","2025-04-04 01:00:00","2025-08-04 06:29:09"
Nederland,WindOffshore,Hour,2096237,2096237,0,0,"2025-04-04 01:00:00","2025-04-04 02:00:00","2025-08-04 06:29:09"
Nederland,WindOffshore,Hour,1415557,1415557,0,0,"2025-04-04 02:00:00","2025-04-04 03:00:00","2025-08-04 06:29:09"
Nederland,WindOffshore,Hour,1211821,1211821,0,0,"2025-04-04 03:00:00","2025-04-04 04:00:00","2025-08-04 06:29:09"
Nederland,WindOffshore,Hour,1037323,1037323,0,0,"2025-04-04 04:00:00","2025-04-04 05:00:00","2025-08-04 06:29:09"
Nederland,WindOffshore,Hour,866750,866750,0,0,"2025-04-04 05:00:00","2025-04-04 06:00:00","2025-08-04 06:29:09"
Nederland,WindOffshore,Hour,1061454,1061454,0,0,"2025-04-04 06:00:00","2025-04-04 07:00:00","2025-08-04 06:29:09"
Nederland,WindOffshore,Hour,1016826,1016826,0,0,"2025-04-04 07:00:00","2025-04-04 08:00:00","2025-08-04 06:29:09"
Nederland,WindOffshore,Hour,1408958,1408958,0,0,"2025-04-04 08:00:00","2025-04-04 09:00:00","2025-08-04 06:29:09"
Nederland,WindOffshore,Hour,1433570,1433570,0,0,"2025-04-04 09:00:00","2025-04-04 10:00:00","2025-08-04 06:29:09"
Nederland,WindOffshore,Hour,1747822,1747822,0,0,"2025-04-04 10:00:00","2025-04-04 11:00:00","2025-08-04 06:29:09"
Nederland,WindOffshore,Hour,2388844,2388844,0,0,"2025-04-04 11:00:00","2025-04-04 12:00:00","2025-08-04 06:29:09"
Nederland,WindOffshore,Hour,2667097,2667097,0,0,"2025-04-04 12:00:00","2025-04-04 13:00:00","2025-08-04 06:29:09"
Nederland,WindOffshore,Hour,2573828,2573828,0,0,"2025-04-04 13:00:00","2025-04-04 14:00:00","2025-08-04 06:29:09"
Nederland,WindOffshore,Hour,2733661,2733661,0,0,"2025-04-04 14:00:00","2025-04-04 15:00:00","2025-08-04 06:29:09"
Nederland,WindOffshore,Hour,3159510,3159510,0,0,"2025-04-04 15:00:00","2025-04-04 16:00:00","2025-08-04 06:29:09"
Nederland,WindOffshore,Hour,3238027,3238027,0,0,"2025-04-04 16:00:00","2025-04-04 17:00:00","2025-08-04 06:29:09"
Nederland,WindOffshore,Hour,3291211,3291211,0,0,"2025-04-04 17:00:00","2025-04-04 18:00:00","2025-08-04 06:29:09"
Nederland,WindOffshore,Hour,3456464,3456464,0,0,"2025-04-04 18:00:00","2025-04-04 19:00:00","2025-08-04 06:29:09"
Nederland,WindOffshore,Hour,3636989,3636989,0,0,"2025-04-04 19:00:00","2025-04-04 20:00:00","2025-08-04 06:29:09"
Nederland,WindOffshore,Hour,3580117,3580117,0,0,"2025-04-04 20:00:00","2025-04-04 21:00:00","2025-08-04 06:29:09"
Nederland,WindOffshore,Hour,3589824,3589824,0,0,"2025-04-04 21:00:00","2025-04-04 22:00:00","2025-08-04 06:29:09"
Nederland,WindOffshore,Hour,3622734,3622734,0,0,"2025-04-04 22:00:00","2025-04-04 23:00:00","2025-08-04 06:29:09"
Nederland,WindOffshore,Hour,3255931,3255931,0,0,"2025-04-04 23:00:00","2025-04-05 00:00:00","2025-08-04 06:29:09"
Nederland,WindOffshore,Hour,2555077,2555077,0,0,"2025-04-05 00:00:00","2025-04-05 01:00:00","2025-08-05 06:29:07"
Nederland,WindOffshore,Hour,2409392,2409392,0,0,"2025-04-05 01:00:00","2025-04-05 02:00:00","2025-08-05 06:29:07"
Nederland,WindOffshore,Hour,2264269,2264269,0,0,"2025-04-05 02:00:00","2025-04-05 03:00:00","2025-08-05 06:29:07"
Nederland,WindOffshore,Hour,2610907,2610907,0,0,"2025-04-05 03:00:00","2025-04-05 04:00:00","2025-08-05 06:29:07"
Nederland,WindOffshore,Hour,2502238,2502238,0,0,"2025-04-05 04:00:00","2025-04-05 05:00:00","2025-08-05 06:29:07"
Nederland,WindOffshore,Hour,2757607,2757607,0,0,"2025-04-05 05:00:00","2025-04-05 06:00:00","2025-08-05 06:29:07"
Nederland,WindOffshore,Hour,2523231,2523231,0,0,"2025-04-05 06:00:00","2025-04-05 07:00:00","2025-08-05 06:29:07"
Nederland,WindOffshore,Hour,2412296,2412296,0,0,"2025-04-05 07:00:00","2025-04-05 08:00:00","2025-08-05 06:29:07"
Nederland,WindOffshore,Hour,2949096,2949096,0,0,"2025-04-05 08:00:00","2025-04-05 09:00:00","2025-08-05 06:29:07"
Nederland,WindOffshore,Hour,3060435,3060435,0,0,"2025-04-05 09:00:00","2025-04-05 10:00:00","2025-08-05 06:29:07"
Nederland,WindOffshore,Hour,3035671,3035671,0,0,"2025-04-05 10:00:00","2025-04-05 11:00:00","2025-08-05 06:29:07"
Nederland,WindOffshore,Hour,3257079,3257079,0,0,"2025-04-05 11:00:00","2025-04-05 12:00:00","2025-08-05 06:29:07"
Nederland,WindOffshore,Hour,3507784,3507784,0,0,"2025-04-05 12:00:00","2025-04-05 13:00:00","2025-08-05 06:29:07"
Nederland,WindOffshore,Hour,3565305,3565305,0,0,"2025-04-05 13:00:00","2025-04-05 14:00:00","2025-08-05 06:29:07"
Nederland,WindOffshore,Hour,3732272,3732272,0,0,"2025-04-05 14:00:00","2025-04-05 15:00:00","2025-08-05 06:29:07"
Nederland,WindOffshore,Hour,3903826,3903826,0,0,"2025-04-05 15:00:00","2025-04-05 16:00:00","2025-08-05 06:29:07"
Nederland,WindOffshore,Hour,3991988,3991988,0,0,"2025-04-05 16:00:00","2025-04-05 17:00:00","2025-08-05 06:29:07"
Nederland,WindOffshore,Hour,4067765,4067765,0,0,"2025-04-05 17:00:00","2025-04-05 18:00:00","2025-08-05 06:29:07"
Nederland,WindOffshore,Hour,4055175,4055175,0,0,"2025-04-05 18:00:00","2025-04-05 19:00:00","2025-08-05 06:29:07"
Nederland,WindOffshore,Hour,4046530,4046530,0,0,"2025-04-05 19:00:00","2025-04-05 20:00:00","2025-08-05 06:29:07"
Nederland,WindOffshore,Hour,3964710,3964710,0,0,"2025-04-05 20:00:00","2025-04-05 21:00:00","2025-08-05 06:29:07"
Nederland,WindOffshore,Hour,3843283,3843283,0,0,"2025-04-05 21:00:00","2025-04-05 22:00:00","2025-08-05 06:29:07"
Nederland,WindOffshore,Hour,3880093,3880093,0,0,"2025-04-05 22:00:00","2025-04-05 23:00:00","2025-08-05 06:29:07"
Nederland,WindOffshore,Hour,3848149,3848149,0,0,"2025-04-05 23:00:00","2025-04-06 00:00:00","2025-08-05 06:29:07"
Nederland,WindOffshore,Hour,3703671,3703671,0,0,"2025-04-06 00:00:00","2025-04-06 01:00:00","2025-08-06 06:29:08"
Nederland,WindOffshore,Hour,3563991,3563991,0,0,"2025-04-06 01:00:00","2025-04-06 02:00:00","2025-08-06 06:29:08"
Nederland,WindOffshore,Hour,3626391,3626391,0,0,"2025-04-06 02:00:00","2025-04-06 03:00:00","2025-08-06 06:29:08"
Nederland,WindOffshore,Hour,3621752,3621752,0,0,"2025-04-06 03:00:00","2025-04-06 04:00:00","2025-08-06 06:29:08"
Nederland,WindOffshore,Hour,3530985,3530985,0,0,"2025-04-06 04:00:00","2025-04-06 05:00:00","2025-08-06 06:29:08"
Nederland,WindOffshore,Hour,3195956,3195956,0,0,"2025-04-06 05:00:00","2025-04-06 06:00:00","2025-08-06 06:29:08"
Nederland,WindOffshore,Hour,2808339,2808339,0,0,"2025-04-06 06:00:00","2025-04-06 07:00:00","2025-08-06 06:29:08"
Nederland,WindOffshore,Hour,2997349,2997349,0,0,"2025-04-06 07:00:00","2025-04-06 08:00:00","2025-08-06 06:29:08"
Nederland,WindOffshore,Hour,2081913,2081913,0,0,"2025-04-06 08:00:00","2025-04-06 09:00:00","2025-08-06 06:29:08"
Nederland,WindOffshore,Hour,1303894,1303894,0,0,"2025-04-06 09:00:00","2025-04-06 10:00:00","2025-08-06 06:29:08"
Nederland,WindOffshore,Hour,1123019,1123019,0,0,"2025-04-06 10:00:00","2025-04-06 11:00:00","2025-08-06 06:29:08"
Nederland,WindOffshore,Hour,775114,775114,0,0,"2025-04-06 11:00:00","2025-04-06 12:00:00","2025-08-06 06:29:08"
Nederland,WindOffshore,Hour,768841,768841,0,0,"2025-04-06 12:00:00","2025-04-06 13:00:00","2025-08-06 06:29:08"
Nederland,WindOffshore,Hour,889317,889317,0,0,"2025-04-06 13:00:00","2025-04-06 14:00:00","2025-08-06 06:29:08"
Nederland,WindOffshore,Hour,1607175,1607175,0,0,"2025-04-06 14:00:00","2025-04-06 15:00:00","2025-08-06 06:29:08"
Nederland,WindOffshore,Hour,2786698,2786698,0,0,"2025-04-06 15:00:00","2025-04-06 16:00:00","2025-08-06 06:29:08"
Nederland,WindOffshore,Hour,3020078,3020078,0,0,"2025-04-06 16:00:00","2025-04-06 17:00:00","2025-08-06 06:29:08"
Nederland,WindOffshore,Hour,3172343,3172343,0,0,"2025-04-06 17:00:00","2025-04-06 18:00:00","2025-08-06 06:29:08"
Nederland,WindOffshore,Hour,3124002,3124002,0,0,"2025-04-06 18:00:00","2025-04-06 19:00:00","2025-08-06 06:29:08"
Nederland,WindOffshore,Hour,2750733,2750733,0,0,"2025-04-06 19:00:00","2025-04-06 20:00:00","2025-08-06 06:29:08"
Nederland,WindOffshore,Hour,2683558,2683558,0,0,"2025-04-06 20:00:00","2025-04-06 21:00:00","2025-08-06 06:29:08"
Nederland,WindOffshore,Hour,3030430,3030430,0,0,"2025-04-06 21:00:00","2025-04-06 22:00:00","2025-08-06 06:29:08"
Nederland,WindOffshore,Hour,2874149,2874149,0,0,"2025-04-06 22:00:00","2025-04-06 23:00:00","2025-08-06 06:29:08"
Nederland,WindOffshore,Hour,2859909,2859909,0,0,"2025-04-06 23:00:00","2025-04-07 00:00:00","2025-08-06 06:29:08"
Nederland,WindOffshore,Hour,2871798,2871798,0,0,"2025-04-07 00:00:00","2025-04-07 01:00:00","2025-08-07 06:29:01"
Nederland,WindOffshore,Hour,2124529,2124529,0,0,"2025-04-07 01:00:00","2025-04-07 02:00:00","2025-08-07 06:29:01"
Nederland,WindOffshore,Hour,999059,999059,0,0,"2025-04-07 02:00:00","2025-04-07 03:00:00","2025-08-07 06:29:01"
Nederland,WindOffshore,Hour,646488,646488,0,0,"2025-04-07 03:00:00","2025-04-07 04:00:00","2025-08-07 06:29:01"
Nederland,WindOffshore,Hour,668070,668070,0,0,"2025-04-07 04:00:00","2025-04-07 05:00:00","2025-08-07 06:29:01"
Nederland,WindOffshore,Hour,729246,729246,0,0,"2025-04-07 05:00:00","2025-04-07 06:00:00","2025-08-07 06:29:01"
Nederland,WindOffshore,Hour,757943,757943,0,0,"2025-04-07 06:00:00","2025-04-07 07:00:00","2025-08-07 06:29:01"
Nederland,WindOffshore,Hour,746113,746113,0,0,"2025-04-07 07:00:00","2025-04-07 08:00:00","2025-08-07 06:29:01"
Nederland,WindOffshore,Hour,652025,652025,0,0,"2025-04-07 08:00:00","2025-04-07 09:00:00","2025-08-07 06:29:01"
Nederland,WindOffshore,Hour,443831,443831,0,0,"2025-04-07 09:00:00","2025-04-07 10:00:00","2025-08-07 06:29:01"
Nederland,WindOffshore,Hour,236576,236576,0,0,"2025-04-07 10:00:00","2025-04-07 11:00:00","2025-08-07 06:29:01"
Nederland,WindOffshore,Hour,231910,231910,0,0,"2025-04-07 11:00:00","2025-04-07 12:00:00","2025-08-07 06:29:01"
Nederland,WindOffshore,Hour,382192,382192,0,0,"2025-04-07 12:00:00","2025-04-07 13:00:00","2025-08-07 06:29:01"
Nederland,WindOffshore,Hour,666216,666216,0,0,"2025-04-07 13:00:00","2025-04-07 14:00:00","2025-08-07 06:29:01"
Nederland,WindOffshore,Hour,1146504,1146504,0,0,"2025-04-07 14:00:00","2025-04-07 15:00:00","2025-08-07 06:29:01"
Nederland,WindOffshore,Hour,1520348,1520348,0,0,"2025-04-07 15:00:00","2025-04-07 16:00:00","2025-08-07 06:29:01"
Nederland,WindOffshore,Hour,1810870,1810870,0,0,"2025-04-07 16:00:00","2025-04-07 17:00:00","2025-08-07 06:29:01"
Nederland,WindOffshore,Hour,2170783,2170783,0,0,"2025-04-07 17:00:00","2025-04-07 18:00:00","2025-08-07 06:29:01"
Nederland,WindOffshore,Hour,2524732,2524732,0,0,"2025-04-07 18:00:00","2025-04-07 19:00:00","2025-08-07 06:29:01"
Nederland,WindOffshore,Hour,2469033,2469033,0,0,"2025-04-07 19:00:00","2025-04-07 20:00:00","2025-08-07 06:29:01"
Nederland,WindOffshore,Hour,2350816,2350816,0,0,"2025-04-07 20:00:00","2025-04-07 21:00:00","2025-08-07 06:29:01"
Nederland,WindOffshore,Hour,2105783,2105783,0,0,"2025-04-07 21:00:00","2025-04-07 22:00:00","2025-08-07 06:29:01"
Nederland,WindOffshore,Hour,2034021,2034021,0,0,"2025-04-07 22:00:00","2025-04-07 23:00:00","2025-08-07 06:29:01"
Nederland,WindOffshore,Hour,1890233,1890233,0,0,"2025-04-07 23:00:00","2025-04-08 00:00:00","2025-08-07 06:29:01"
Nederland,WindOffshore,Hour,1626297,1626297,0,0,"2025-04-08 00:00:00","2025-04-08 01:00:00","2025-08-08 06:28:56"
Nederland,WindOffshore,Hour,1170239,1170239,0,0,"2025-04-08 01:00:00","2025-04-08 02:00:00","2025-08-08 06:28:56"
Nederland,WindOffshore,Hour,1052201,1052201,0,0,"2025-04-08 02:00:00","2025-04-08 03:00:00","2025-08-08 06:28:56"
Nederland,WindOffshore,Hour,1074096,1074096,0,0,"2025-04-08 03:00:00","2025-04-08 04:00:00","2025-08-08 06:28:56"
Nederland,WindOffshore,Hour,1059985,1059985,0,0,"2025-04-08 04:00:00","2025-04-08 05:00:00","2025-08-08 06:28:56"
Nederland,WindOffshore,Hour,1043534,1043534,0,0,"2025-04-08 05:00:00","2025-04-08 06:00:00","2025-08-08 06:28:56"
Nederland,WindOffshore,Hour,1090744,1090744,0,0,"2025-04-08 06:00:00","2025-04-08 07:00:00","2025-08-08 06:28:56"
Nederland,WindOffshore,Hour,1239117,1239117,0,0,"2025-04-08 07:00:00","2025-04-08 08:00:00","2025-08-08 06:28:56"
Nederland,WindOffshore,Hour,1108828,1108828,0,0,"2025-04-08 08:00:00","2025-04-08 09:00:00","2025-08-08 06:28:56"
Nederland,WindOffshore,Hour,826260,826260,0,0,"2025-04-08 09:00:00","2025-04-08 10:00:00","2025-08-08 06:28:56"
Nederland,WindOffshore,Hour,654304,654304,0,0,"2025-04-08 10:00:00","2025-04-08 11:00:00","2025-08-08 06:28:56"
Nederland,WindOffshore,Hour,675566,675566,0,0,"2025-04-08 11:00:00","2025-04-08 12:00:00","2025-08-08 06:28:56"
Nederland,WindOffshore,Hour,850009,850009,0,0,"2025-04-08 12:00:00","2025-04-08 13:00:00","2025-08-08 06:28:56"
Nederland,WindOffshore,Hour,841458,841458,0,0,"2025-04-08 13:00:00","2025-04-08 14:00:00","2025-08-08 06:28:56"
Nederland,WindOffshore,Hour,1023086,1023086,0,0,"2025-04-08 14:00:00","2025-04-08 15:00:00","2025-08-08 06:28:56"
Nederland,WindOffshore,Hour,1602152,1602152,0,0,"2025-04-08 15:00:00","2025-04-08 16:00:00","2025-08-08 06:28:56"
Nederland,WindOffshore,Hour,1844206,1844206,0,0,"2025-04-08 16:00:00","2025-04-08 17:00:00","2025-08-08 06:28:56"
Nederland,WindOffshore,Hour,1865387,1865387,0,0,"2025-04-08 17:00:00","2025-04-08 18:00:00","2025-08-08 06:28:56"
Nederland,WindOffshore,Hour,2273541,2273541,0,0,"2025-04-08 18:00:00","2025-04-08 19:00:00","2025-08-08 06:28:56"
Nederland,WindOffshore,Hour,2362619,2362619,0,0,"2025-04-08 19:00:00","2025-04-08 20:00:00","2025-08-08 06:28:56"
Nederland,WindOffshore,Hour,2529359,2529359,0,0,"2025-04-08 20:00:00","2025-04-08 21:00:00","2025-08-08 06:28:56"
Nederland,WindOffshore,Hour,2035153,2035153,0,0,"2025-04-08 21:00:00","2025-04-08 22:00:00","2025-08-08 06:28:56"
Nederland,WindOffshore,Hour,1665564,1665564,0,0,"2025-04-08 22:00:00","2025-04-08 23:00:00","2025-08-08 06:28:56"
Nederland,WindOffshore,Hour,1385495,1385495,0,0,"2025-04-08 23:00:00","2025-04-09 00:00:00","2025-08-08 06:28:56"
Nederland,WindOffshore,Hour,1140821,1140821,0,0,"2025-04-09 00:00:00","2025-04-09 01:00:00","2025-08-09 06:29:11"
Nederland,WindOffshore,Hour,820237,820237,0,0,"2025-04-09 01:00:00","2025-04-09 02:00:00","2025-08-09 06:29:11"
Nederland,WindOffshore,Hour,768134,768134,0,0,"2025-04-09 02:00:00","2025-04-09 03:00:00","2025-08-09 06:29:11"
Nederland,WindOffshore,Hour,761117,761117,0,0,"2025-04-09 03:00:00","2025-04-09 04:00:00","2025-08-09 06:29:11"
Nederland,WindOffshore,Hour,840276,840276,0,0,"2025-04-09 04:00:00","2025-04-09 05:00:00","2025-08-09 06:29:11"
Nederland,WindOffshore,Hour,1058399,1058399,0,0,"2025-04-09 05:00:00","2025-04-09 06:00:00","2025-08-09 06:29:11"
Nederland,WindOffshore,Hour,1375484,1375484,0,0,"2025-04-09 06:00:00","2025-04-09 07:00:00","2025-08-09 06:29:11"
Nederland,WindOffshore,Hour,1501400,1501400,0,0,"2025-04-09 07:00:00","2025-04-09 08:00:00","2025-08-09 06:29:11"
Nederland,WindOffshore,Hour,1821571,1821571,0,0,"2025-04-09 08:00:00","2025-04-09 09:00:00","2025-08-09 06:29:11"
Nederland,WindOffshore,Hour,2054285,2054285,0,0,"2025-04-09 09:00:00","2025-04-09 10:00:00","2025-08-09 06:29:11"
Nederland,WindOffshore,Hour,1934043,1934043,0,0,"2025-04-09 10:00:00","2025-04-09 11:00:00","2025-08-09 06:29:11"
Nederland,WindOffshore,Hour,1881857,1881857,0,0,"2025-04-09 11:00:00","2025-04-09 12:00:00","2025-08-09 06:29:11"
Nederland,WindOffshore,Hour,1335555,1335555,0,0,"2025-04-09 12:00:00","2025-04-09 13:00:00","2025-08-09 06:29:11"
Nederland,WindOffshore,Hour,1842914,1842914,0,0,"2025-04-09 13:00:00","2025-04-09 14:00:00","2025-08-09 06:29:11"
Nederland,WindOffshore,Hour,1784871,1784871,0,0,"2025-04-09 14:00:00","2025-04-09 15:00:00","2025-08-09 06:29:11"
Nederland,WindOffshore,Hour,1655783,1655783,0,0,"2025-04-09 15:00:00","2025-04-09 16:00:00","2025-08-09 06:29:11"
Nederland,WindOffshore,Hour,1703319,1703319,0,0,"2025-04-09 16:00:00","2025-04-09 17:00:00","2025-08-09 06:29:11"
Nederland,WindOffshore,Hour,2225803,2225803,0,0,"2025-04-09 17:00:00","2025-04-09 18:00:00","2025-08-09 06:29:11"
Nederland,WindOffshore,Hour,2275948,2275948,0,0,"2025-04-09 18:00:00","2025-04-09 19:00:00","2025-08-09 06:29:11"
Nederland,WindOffshore,Hour,2077073,2077073,0,0,"2025-04-09 19:00:00","2025-04-09 20:00:00","2025-08-09 06:29:11"
Nederland,WindOffshore,Hour,1959040,1959040,0,0,"2025-04-09 20:00:00","2025-04-09 21:00:00","2025-08-09 06:29:11"
Nederland,WindOffshore,Hour,1898015,1898015,0,0,"2025-04-09 21:00:00","2025-04-09 22:00:00","2025-08-09 06:29:11"
Nederland,WindOffshore,Hour,2103605,2103605,0,0,"2025-04-09 22:00:00","2025-04-09 23:00:00","2025-08-09 06:29:11"
Nederland,WindOffshore,Hour,1803475,1803475,0,0,"2025-04-09 23:00:00","2025-04-10 00:00:00","2025-08-09 06:29:11"
Nederland,WindOffshore,Hour,1530906,1530906,0,0,"2025-04-10 00:00:00","2025-04-10 01:00:00","2025-08-10 06:29:13"
Nederland,WindOffshore,Hour,1586330,1586330,0,0,"2025-04-10 01:00:00","2025-04-10 02:00:00","2025-08-10 06:29:13"
Nederland,WindOffshore,Hour,1544439,1544439,0,0,"2025-04-10 02:00:00","2025-04-10 03:00:00","2025-08-10 06:29:13"
Nederland,WindOffshore,Hour,1574213,1574213,0,0,"2025-04-10 03:00:00","2025-04-10 04:00:00","2025-08-10 06:29:13"
Nederland,WindOffshore,Hour,1625135,1625135,0,0,"2025-04-10 04:00:00","2025-04-10 05:00:00","2025-08-10 06:29:13"
Nederland,WindOffshore,Hour,1885946,1885946,0,0,"2025-04-10 05:00:00","2025-04-10 06:00:00","2025-08-10 06:29:13"
Nederland,WindOffshore,Hour,1887262,1887262,0,0,"2025-04-10 06:00:00","2025-04-10 07:00:00","2025-08-10 06:29:13"
Nederland,WindOffshore,Hour,1820048,1820048,0,0,"2025-04-10 07:00:00","2025-04-10 08:00:00","2025-08-10 06:29:13"
Nederland,WindOffshore,Hour,1644832,1644832,0,0,"2025-04-10 08:00:00","2025-04-10 09:00:00","2025-08-10 06:29:13"
Nederland,WindOffshore,Hour,1505140,1505140,0,0,"2025-04-10 09:00:00","2025-04-10 10:00:00","2025-08-10 06:29:13"
Nederland,WindOffshore,Hour,1374200,1374200,0,0,"2025-04-10 10:00:00","2025-04-10 11:00:00","2025-08-10 06:29:13"
Nederland,WindOffshore,Hour,1041145,1041145,0,0,"2025-04-10 11:00:00","2025-04-10 12:00:00","2025-08-10 06:29:13"
Nederland,WindOffshore,Hour,822984,822984,0,0,"2025-04-10 12:00:00","2025-04-10 13:00:00","2025-08-10 06:29:13"
Nederland,WindOffshore,Hour,606743,606743,0,0,"2025-04-10 13:00:00","2025-04-10 14:00:00","2025-08-10 06:29:13"
Nederland,WindOffshore,Hour,437151,437151,0,0,"2025-04-10 14:00:00","2025-04-10 15:00:00","2025-08-10 06:29:13"
Nederland,WindOffshore,Hour,387140,387140,0,0,"2025-04-10 15:00:00","2025-04-10 16:00:00","2025-08-10 06:29:13"
Nederland,WindOffshore,Hour,329185,329185,0,0,"2025-04-10 16:00:00","2025-04-10 17:00:00","2025-08-10 06:29:13"
Nederland,WindOffshore,Hour,288625,288625,0,0,"2025-04-10 17:00:00","2025-04-10 18:00:00","2025-08-10 06:29:13"
Nederland,WindOffshore,Hour,321955,321955,0,0,"2025-04-10 18:00:00","2025-04-10 19:00:00","2025-08-10 06:29:13"
Nederland,WindOffshore,Hour,338060,338060,0,0,"2025-04-10 19:00:00","2025-04-10 20:00:00","2025-08-10 06:29:13"
Nederland,WindOffshore,Hour,347271,347271,0,0,"2025-04-10 20:00:00","2025-04-10 21:00:00","2025-08-10 06:29:13"
Nederland,WindOffshore,Hour,397174,397174,0,0,"2025-04-10 21:00:00","2025-04-10 22:00:00","2025-08-10 06:29:13"
Nederland,WindOffshore,Hour,437672,437672,0,0,"2025-04-10 22:00:00","2025-04-10 23:00:00","2025-08-10 06:29:13"
Nederland,WindOffshore,Hour,367381,367381,0,0,"2025-04-10 23:00:00","2025-04-11 00:00:00","2025-08-10 06:29:13"
Nederland,WindOffshore,Hour,387905,387905,0,0,"2025-04-11 00:00:00","2025-04-11 01:00:00","2025-08-11 06:29:19"
Nederland,WindOffshore,Hour,477150,477150,0,0,"2025-04-11 01:00:00","2025-04-11 02:00:00","2025-08-11 06:29:19"
Nederland,WindOffshore,Hour,503738,503738,0,0,"2025-04-11 02:00:00","2025-04-11 03:00:00","2025-08-11 06:29:19"
Nederland,WindOffshore,Hour,534688,534688,0,0,"2025-04-11 03:00:00","2025-04-11 04:00:00","2025-08-11 06:29:19"
Nederland,WindOffshore,Hour,693924,693924,0,0,"2025-04-11 04:00:00","2025-04-11 05:00:00","2025-08-11 06:29:19"
Nederland,WindOffshore,Hour,906629,906629,0,0,"2025-04-11 05:00:00","2025-04-11 06:00:00","2025-08-11 06:29:19"
Nederland,WindOffshore,Hour,1075025,1075025,0,0,"2025-04-11 06:00:00","2025-04-11 07:00:00","2025-08-11 06:29:19"
Nederland,WindOffshore,Hour,1183968,1183968,0,0,"2025-04-11 07:00:00","2025-04-11 08:00:00","2025-08-11 06:29:19"
Nederland,WindOffshore,Hour,1170329,1170329,0,0,"2025-04-11 08:00:00","2025-04-11 09:00:00","2025-08-11 06:29:19"
Nederland,WindOffshore,Hour,625215,625215,0,0,"2025-04-11 09:00:00","2025-04-11 10:00:00","2025-08-11 06:29:19"
Nederland,WindOffshore,Hour,425287,425287,0,0,"2025-04-11 10:00:00","2025-04-11 11:00:00","2025-08-11 06:29:19"
Nederland,WindOffshore,Hour,185069,185069,0,0,"2025-04-11 11:00:00","2025-04-11 12:00:00","2025-08-11 06:29:19"
Nederland,WindOffshore,Hour,219074,219074,0,0,"2025-04-11 12:00:00","2025-04-11 13:00:00","2025-08-11 06:29:19"
Nederland,WindOffshore,Hour,191990,191990,0,0,"2025-04-11 13:00:00","2025-04-11 14:00:00","2025-08-11 06:29:19"
Nederland,WindOffshore,Hour,64777,64777,0,0,"2025-04-11 14:00:00","2025-04-11 15:00:00","2025-08-11 06:29:19"
Nederland,WindOffshore,Hour,28334,28334,0,0,"2025-04-11 15:00:00","2025-04-11 16:00:00","2025-08-11 06:29:19"
Nederland,WindOffshore,Hour,63135,63135,0,0,"2025-04-11 16:00:00","2025-04-11 17:00:00","2025-08-11 06:29:19"
Nederland,WindOffshore,Hour,54604,54604,0,0,"2025-04-11 17:00:00","2025-04-11 18:00:00","2025-08-11 06:29:19"
Nederland,WindOffshore,Hour,40455,40455,0,0,"2025-04-11 18:00:00","2025-04-11 19:00:00","2025-08-11 06:29:19"
Nederland,WindOffshore,Hour,0,0,0,0,"2025-04-11 19:00:00","2025-04-11 20:00:00","2025-08-11 06:29:19"
Nederland,WindOffshore,Hour,10030,10030,0,0,"2025-04-11 20:00:00","2025-04-11 21:00:00","2025-08-11 06:29:19"
Nederland,WindOffshore,Hour,15774,15774,0,0,"2025-04-11 21:00:00","2025-04-11 22:00:00","2025-08-11 06:29:19"
Nederland,WindOffshore,Hour,67645,67645,0,0,"2025-04-11 22:00:00","2025-04-11 23:00:00","2025-08-11 06:29:19"
Nederland,WindOffshore,Hour,79464,79464,0,0,"2025-04-11 23:00:00","2025-04-12 00:00:00","2025-08-11 06:29:19"
Nederland,WindOffshore,Hour,68744,68744,0,0,"2025-04-12 00:00:00","2025-04-12 01:00:00","2025-08-12 06:29:07"
Nederland,WindOffshore,Hour,104801,104801,0,0,"2025-04-12 01:00:00","2025-04-12 02:00:00","2025-08-12 06:29:07"
Nederland,WindOffshore,Hour,156520,156520,0,0,"2025-04-12 02:00:00","2025-04-12 03:00:00","2025-08-12 06:29:07"
Nederland,WindOffshore,Hour,251511,251511,0,0,"2025-04-12 03:00:00","2025-04-12 04:00:00","2025-08-12 06:29:07"
Nederland,WindOffshore,Hour,458275,458275,0,0,"2025-04-12 04:00:00","2025-04-12 05:00:00","2025-08-12 06:29:07"
Nederland,WindOffshore,Hour,830015,830015,0,0,"2025-04-12 05:00:00","2025-04-12 06:00:00","2025-08-12 06:29:07"
Nederland,WindOffshore,Hour,1119418,1119418,0,0,"2025-04-12 06:00:00","2025-04-12 07:00:00","2025-08-12 06:29:07"
Nederland,WindOffshore,Hour,1170880,1170880,0,0,"2025-04-12 07:00:00","2025-04-12 08:00:00","2025-08-12 06:29:07"
Nederland,WindOffshore,Hour,1282865,1282865,0,0,"2025-04-12 08:00:00","2025-04-12 09:00:00","2025-08-12 06:29:07"
Nederland,WindOffshore,Hour,1199052,1199052,0,0,"2025-04-12 09:00:00","2025-04-12 10:00:00","2025-08-12 06:29:07"
Nederland,WindOffshore,Hour,728565,728565,0,0,"2025-04-12 10:00:00","2025-04-12 11:00:00","2025-08-12 06:29:07"
Nederland,WindOffshore,Hour,640234,640234,0,0,"2025-04-12 11:00:00","2025-04-12 12:00:00","2025-08-12 06:29:07"
Nederland,WindOffshore,Hour,601434,601434,0,0,"2025-04-12 12:00:00","2025-04-12 13:00:00","2025-08-12 06:29:07"
Nederland,WindOffshore,Hour,568263,568263,0,0,"2025-04-12 13:00:00","2025-04-12 14:00:00","2025-08-12 06:29:07"
Nederland,WindOffshore,Hour,1096076,1096076,0,0,"2025-04-12 14:00:00","2025-04-12 15:00:00","2025-08-12 06:29:07"
Nederland,WindOffshore,Hour,2152002,2152002,0,0,"2025-04-12 15:00:00","2025-04-12 16:00:00","2025-08-12 06:29:07"
Nederland,WindOffshore,Hour,2548489,2548489,0,0,"2025-04-12 16:00:00","2025-04-12 17:00:00","2025-08-12 06:29:07"
Nederland,WindOffshore,Hour,2411975,2411975,0,0,"2025-04-12 17:00:00","2025-04-12 18:00:00","2025-08-12 06:29:07"
Nederland,WindOffshore,Hour,3227448,3227448,0,0,"2025-04-12 18:00:00","2025-04-12 19:00:00","2025-08-12 06:29:07"
Nederland,WindOffshore,Hour,3382690,3382690,0,0,"2025-04-12 19:00:00","2025-04-12 20:00:00","2025-08-12 06:29:07"
Nederland,WindOffshore,Hour,3179097,3179097,0,0,"2025-04-12 20:00:00","2025-04-12 21:00:00","2025-08-12 06:29:07"
Nederland,WindOffshore,Hour,3593170,3593170,0,0,"2025-04-12 21:00:00","2025-04-12 22:00:00","2025-08-12 06:29:07"
Nederland,WindOffshore,Hour,3757968,3757968,0,0,"2025-04-12 22:00:00","2025-04-12 23:00:00","2025-08-12 06:29:07"
Nederland,WindOffshore,Hour,3579975,3579975,0,0,"2025-04-12 23:00:00","2025-04-13 00:00:00","2025-08-12 06:29:07"
Nederland,WindOffshore,Hour,3553533,3553533,0,0,"2025-04-13 00:00:00","2025-04-13 01:00:00","2025-08-13 06:28:45"
Nederland,WindOffshore,Hour,3348920,3348920,0,0,"2025-04-13 01:00:00","2025-04-13 02:00:00","2025-08-13 06:28:45"
Nederland,WindOffshore,Hour,3122848,3122848,0,0,"2025-04-13 02:00:00","2025-04-13 03:00:00","2025-08-13 06:28:45"
Nederland,WindOffshore,Hour,3032475,3032475,0,0,"2025-04-13 03:00:00","2025-04-13 04:00:00","2025-08-13 06:28:45"
Nederland,WindOffshore,Hour,3319156,3319156,0,0,"2025-04-13 04:00:00","2025-04-13 05:00:00","2025-08-13 06:28:45"
Nederland,WindOffshore,Hour,3409400,3409400,0,0,"2025-04-13 05:00:00","2025-04-13 06:00:00","2025-08-13 06:28:45"
Nederland,WindOffshore,Hour,3320954,3320954,0,0,"2025-04-13 06:00:00","2025-04-13 07:00:00","2025-08-13 06:28:45"
Nederland,WindOffshore,Hour,2642558,2642558,0,0,"2025-04-13 07:00:00","2025-04-13 08:00:00","2025-08-13 06:28:45"
Nederland,WindOffshore,Hour,2017500,2017500,0,0,"2025-04-13 08:00:00","2025-04-13 09:00:00","2025-08-13 06:28:45"
Nederland,WindOffshore,Hour,1459909,1459909,0,0,"2025-04-13 09:00:00","2025-04-13 10:00:00","2025-08-13 06:28:45"
Nederland,WindOffshore,Hour,1346172,1346172,0,0,"2025-04-13 10:00:00","2025-04-13 11:00:00","2025-08-13 06:28:45"
Nederland,WindOffshore,Hour,1377968,1377968,0,0,"2025-04-13 11:00:00","2025-04-13 12:00:00","2025-08-13 06:28:45"
Nederland,WindOffshore,Hour,1220104,1220104,0,0,"2025-04-13 12:00:00","2025-04-13 13:00:00","2025-08-13 06:28:45"
Nederland,WindOffshore,Hour,1263083,1263083,0,0,"2025-04-13 13:00:00","2025-04-13 14:00:00","2025-08-13 06:28:45"
Nederland,WindOffshore,Hour,1925403,1925403,0,0,"2025-04-13 14:00:00","2025-04-13 15:00:00","2025-08-13 06:28:45"
Nederland,WindOffshore,Hour,2783953,2783953,0,0,"2025-04-13 15:00:00","2025-04-13 16:00:00","2025-08-13 06:28:45"
Nederland,WindOffshore,Hour,3214883,3214883,0,0,"2025-04-13 16:00:00","2025-04-13 17:00:00","2025-08-13 06:28:45"
Nederland,WindOffshore,Hour,3342891,3342891,0,0,"2025-04-13 17:00:00","2025-04-13 18:00:00","2025-08-13 06:28:45"
Nederland,WindOffshore,Hour,3505014,3505014,0,0,"2025-04-13 18:00:00","2025-04-13 19:00:00","2025-08-13 06:28:45"
Nederland,WindOffshore,Hour,3485977,3485977,0,0,"2025-04-13 19:00:00","2025-04-13 20:00:00","2025-08-13 06:28:45"
Nederland,WindOffshore,Hour,3356021,3356021,0,0,"2025-04-13 20:00:00","2025-04-13 21:00:00","2025-08-13 06:28:45"
Nederland,WindOffshore,Hour,2960101,2960101,0,0,"2025-04-13 21:00:00","2025-04-13 22:00:00","2025-08-13 06:28:45"
Nederland,WindOffshore,Hour,2435329,2435329,0,0,"2025-04-13 22:00:00","2025-04-13 23:00:00","2025-08-13 06:28:45"
Nederland,WindOffshore,Hour,2081693,2081693,0,0,"2025-04-13 23:00:00","2025-04-14 00:00:00","2025-08-13 06:28:45"
Nederland,WindOffshore,Hour,1958818,1958818,0,0,"2025-04-14 00:00:00","2025-04-14 01:00:00","2025-08-14 06:28:59"
Nederland,WindOffshore,Hour,1117984,1117984,0,0,"2025-04-14 01:00:00","2025-04-14 02:00:00","2025-08-14 06:28:59"
Nederland,WindOffshore,Hour,858049,858049,0,0,"2025-04-14 02:00:00","2025-04-14 03:00:00","2025-08-14 06:28:59"
Nederland,WindOffshore,Hour,495322,495322,0,0,"2025-04-14 03:00:00","2025-04-14 04:00:00","2025-08-14 06:28:59"
Nederland,WindOffshore,Hour,596045,596045,0,0,"2025-04-14 04:00:00","2025-04-14 05:00:00","2025-08-14 06:28:59"
Nederland,WindOffshore,Hour,658786,658786,0,0,"2025-04-14 05:00:00","2025-04-14 06:00:00","2025-08-14 06:28:59"
Nederland,WindOffshore,Hour,742763,742763,0,0,"2025-04-14 06:00:00","2025-04-14 07:00:00","2025-08-14 06:28:59"
Nederland,WindOffshore,Hour,247137,247137,0,0,"2025-04-14 07:00:00","2025-04-14 08:00:00","2025-08-14 06:28:59"
Nederland,WindOffshore,Hour,197377,197377,0,0,"2025-04-14 08:00:00","2025-04-14 09:00:00","2025-08-14 06:28:59"
Nederland,WindOffshore,Hour,401763,401763,0,0,"2025-04-14 09:00:00","2025-04-14 10:00:00","2025-08-14 06:28:59"
Nederland,WindOffshore,Hour,487872,487872,0,0,"2025-04-14 10:00:00","2025-04-14 11:00:00","2025-08-14 06:28:59"
Nederland,WindOffshore,Hour,388723,388723,0,0,"2025-04-14 11:00:00","2025-04-14 12:00:00","2025-08-14 06:28:59"
Nederland,WindOffshore,Hour,275362,275362,0,0,"2025-04-14 12:00:00","2025-04-14 13:00:00","2025-08-14 06:28:59"
Nederland,WindOffshore,Hour,187114,187114,0,0,"2025-04-14 13:00:00","2025-04-14 14:00:00","2025-08-14 06:28:59"
Nederland,WindOffshore,Hour,52203,52203,0,0,"2025-04-14 14:00:00","2025-04-14 15:00:00","2025-08-14 06:28:59"
Nederland,WindOffshore,Hour,80215,80215,0,0,"2025-04-14 15:00:00","2025-04-14 16:00:00","2025-08-14 06:28:59"
Nederland,WindOffshore,Hour,215360,215360,0,0,"2025-04-14 16:00:00","2025-04-14 17:00:00","2025-08-14 06:28:59"
Nederland,WindOffshore,Hour,689094,689094,0,0,"2025-04-14 17:00:00","2025-04-14 18:00:00","2025-08-14 06:28:59"
Nederland,WindOffshore,Hour,1516626,1516626,0,0,"2025-04-14 18:00:00","2025-04-14 19:00:00","2025-08-14 06:28:59"
Nederland,WindOffshore,Hour,2151222,2151222,0,0,"2025-04-14 19:00:00","2025-04-14 20:00:00","2025-08-14 06:28:59"
Nederland,WindOffshore,Hour,2540711,2540711,0,0,"2025-04-14 20:00:00","2025-04-14 21:00:00","2025-08-14 06:28:59"
Nederland,WindOffshore,Hour,2665383,2665383,0,0,"2025-04-14 21:00:00","2025-04-14 22:00:00","2025-08-14 06:28:59"
Nederland,WindOffshore,Hour,3193423,3193423,0,0,"2025-04-14 22:00:00","2025-04-14 23:00:00","2025-08-14 06:28:59"
Nederland,WindOffshore,Hour,3144993,3144993,0,0,"2025-04-14 23:00:00","2025-04-15 00:00:00","2025-08-14 06:28:59"
Nederland,WindOffshore,Hour,2990115,2990115,0,0,"2025-04-15 00:00:00","2025-04-15 01:00:00","2025-08-15 06:29:05"
Nederland,WindOffshore,Hour,3006135,3006135,0,0,"2025-04-15 01:00:00","2025-04-15 02:00:00","2025-08-15 06:29:05"
Nederland,WindOffshore,Hour,2836421,2836421,0,0,"2025-04-15 02:00:00","2025-04-15 03:00:00","2025-08-15 06:29:05"
Nederland,WindOffshore,Hour,3004373,3004373,0,0,"2025-04-15 03:00:00","2025-04-15 04:00:00","2025-08-15 06:29:05"
Nederland,WindOffshore,Hour,3365394,3365394,0,0,"2025-04-15 04:00:00","2025-04-15 05:00:00","2025-08-15 06:29:05"
Nederland,WindOffshore,Hour,3577023,3577023,0,0,"2025-04-15 05:00:00","2025-04-15 06:00:00","2025-08-15 06:29:05"
Nederland,WindOffshore,Hour,3645885,3645885,0,0,"2025-04-15 06:00:00","2025-04-15 07:00:00","2025-08-15 06:29:05"
Nederland,WindOffshore,Hour,3508593,3508593,0,0,"2025-04-15 07:00:00","2025-04-15 08:00:00","2025-08-15 06:29:05"
Nederland,WindOffshore,Hour,3471976,3471976,0,0,"2025-04-15 08:00:00","2025-04-15 09:00:00","2025-08-15 06:29:05"
Nederland,WindOffshore,Hour,2995519,2995519,0,0,"2025-04-15 09:00:00","2025-04-15 10:00:00","2025-08-15 06:29:05"
Nederland,WindOffshore,Hour,2200675,2200675,0,0,"2025-04-15 10:00:00","2025-04-15 11:00:00","2025-08-15 06:29:05"
Nederland,WindOffshore,Hour,1451397,1451397,0,0,"2025-04-15 11:00:00","2025-04-15 12:00:00","2025-08-15 06:29:05"
Nederland,WindOffshore,Hour,1070299,1070299,0,0,"2025-04-15 12:00:00","2025-04-15 13:00:00","2025-08-15 06:29:05"
Nederland,WindOffshore,Hour,1612164,1612164,0,0,"2025-04-15 13:00:00","2025-04-15 14:00:00","2025-08-15 06:29:05"
Nederland,WindOffshore,Hour,2110675,2110675,0,0,"2025-04-15 14:00:00","2025-04-15 15:00:00","2025-08-15 06:29:05"
Nederland,WindOffshore,Hour,2032880,2032880,0,0,"2025-04-15 15:00:00","2025-04-15 16:00:00","2025-08-15 06:29:05"
Nederland,WindOffshore,Hour,1221056,1221056,0,0,"2025-04-15 16:00:00","2025-04-15 17:00:00","2025-08-15 06:29:05"
Nederland,WindOffshore,Hour,433877,433877,0,0,"2025-04-15 17:00:00","2025-04-15 18:00:00","2025-08-15 06:29:05"
Nederland,WindOffshore,Hour,35668,35668,0,0,"2025-04-15 18:00:00","2025-04-15 19:00:00","2025-08-15 06:29:05"
Nederland,WindOffshore,Hour,20757,20757,0,0,"2025-04-15 19:00:00","2025-04-15 20:00:00","2025-08-15 06:29:05"
Nederland,WindOffshore,Hour,6009,6009,0,0,"2025-04-15 20:00:00","2025-04-15 21:00:00","2025-08-15 06:29:05"
Nederland,WindOffshore,Hour,148647,148647,0,0,"2025-04-15 21:00:00","2025-04-15 22:00:00","2025-08-15 06:29:05"
Nederland,WindOffshore,Hour,758854,758854,0,0,"2025-04-15 22:00:00","2025-04-15 23:00:00","2025-08-15 06:29:05"
Nederland,WindOffshore,Hour,1478638,1478638,0,0,"2025-04-15 23:00:00","2025-04-16 00:00:00","2025-08-15 06:29:05"
Nederland,WindOffshore,Hour,2184294,2184294,0,0,"2025-04-16 00:00:00","2025-04-16 01:00:00","2025-08-16 06:29:15"
Nederland,WindOffshore,Hour,2723747,2723747,0,0,"2025-04-16 01:00:00","2025-04-16 02:00:00","2025-08-16 06:29:15"
Nederland,WindOffshore,Hour,2934110,2934110,0,0,"2025-04-16 02:00:00","2025-04-16 03:00:00","2025-08-16 06:29:15"
Nederland,WindOffshore,Hour,3127793,3127793,0,0,"2025-04-16 03:00:00","2025-04-16 04:00:00","2025-08-16 06:29:15"
Nederland,WindOffshore,Hour,3001770,3001770,0,0,"2025-04-16 04:00:00","2025-04-16 05:00:00","2025-08-16 06:29:15"
Nederland,WindOffshore,Hour,2758165,2758165,0,0,"2025-04-16 05:00:00","2025-04-16 06:00:00","2025-08-16 06:29:15"
Nederland,WindOffshore,Hour,2436156,2436156,0,0,"2025-04-16 06:00:00","2025-04-16 07:00:00","2025-08-16 06:29:15"
Nederland,WindOffshore,Hour,2226890,2226890,0,0,"2025-04-16 07:00:00","2025-04-16 08:00:00","2025-08-16 06:29:15"
Nederland,WindOffshore,Hour,2092247,2092247,0,0,"2025-04-16 08:00:00","2025-04-16 09:00:00","2025-08-16 06:29:15"
Nederland,WindOffshore,Hour,2260381,2260381,0,0,"2025-04-16 09:00:00","2025-04-16 10:00:00","2025-08-16 06:29:15"
Nederland,WindOffshore,Hour,2464324,2464324,0,0,"2025-04-16 10:00:00","2025-04-16 11:00:00","2025-08-16 06:29:15"
Nederland,WindOffshore,Hour,2192149,2192149,0,0,"2025-04-16 11:00:00","2025-04-16 12:00:00","2025-08-16 06:29:15"
Nederland,WindOffshore,Hour,2073562,2073562,0,0,"2025-04-16 12:00:00","2025-04-16 13:00:00","2025-08-16 06:29:15"
Nederland,WindOffshore,Hour,1931502,1931502,0,0,"2025-04-16 13:00:00","2025-04-16 14:00:00","2025-08-16 06:29:15"
Nederland,WindOffshore,Hour,1631103,1631103,0,0,"2025-04-16 14:00:00","2025-04-16 15:00:00","2025-08-16 06:29:15"
Nederland,WindOffshore,Hour,1565730,1565730,0,0,"2025-04-16 15:00:00","2025-04-16 16:00:00","2025-08-16 06:29:15"
Nederland,WindOffshore,Hour,1785881,1785881,0,0,"2025-04-16 16:00:00","2025-04-16 17:00:00","2025-08-16 06:29:15"
Nederland,WindOffshore,Hour,1308350,1308350,0,0,"2025-04-16 17:00:00","2025-04-16 18:00:00","2025-08-16 06:29:15"
Nederland,WindOffshore,Hour,1086728,1086728,0,0,"2025-04-16 18:00:00","2025-04-16 19:00:00","2025-08-16 06:29:15"
Nederland,WindOffshore,Hour,975545,975545,0,0,"2025-04-16 19:00:00","2025-04-16 20:00:00","2025-08-16 06:29:15"
Nederland,WindOffshore,Hour,891739,891739,0,0,"2025-04-16 20:00:00","2025-04-16 21:00:00","2025-08-16 06:29:15"
Nederland,WindOffshore,Hour,654682,654682,0,0,"2025-04-16 21:00:00","2025-04-16 22:00:00","2025-08-16 06:29:15"
Nederland,WindOffshore,Hour,551134,551134,0,0,"2025-04-16 22:00:00","2025-04-16 23:00:00","2025-08-16 06:29:15"
Nederland,WindOffshore,Hour,516150,516150,0,0,"2025-04-16 23:00:00","2025-04-17 00:00:00","2025-08-16 06:29:15"
Nederland,WindOffshore,Hour,437028,437028,0,0,"2025-04-17 00:00:00","2025-04-17 01:00:00","2025-08-17 06:29:24"
Nederland,WindOffshore,Hour,204583,204583,0,0,"2025-04-17 01:00:00","2025-04-17 02:00:00","2025-08-17 06:29:24"
Nederland,WindOffshore,Hour,195982,195982,0,0,"2025-04-17 02:00:00","2025-04-17 03:00:00","2025-08-17 06:29:24"
Nederland,WindOffshore,Hour,118031,118031,0,0,"2025-04-17 03:00:00","2025-04-17 04:00:00","2025-08-17 06:29:24"
Nederland,WindOffshore,Hour,181982,181982,0,0,"2025-04-17 04:00:00","2025-04-17 05:00:00","2025-08-17 06:29:24"
Nederland,WindOffshore,Hour,164983,164983,0,0,"2025-04-17 05:00:00","2025-04-17 06:00:00","2025-08-17 06:29:24"
Nederland,WindOffshore,Hour,97232,97232,0,0,"2025-04-17 06:00:00","2025-04-17 07:00:00","2025-08-17 06:29:24"
Nederland,WindOffshore,Hour,301875,301875,0,0,"2025-04-17 07:00:00","2025-04-17 08:00:00","2025-08-17 06:29:24"
Nederland,WindOffshore,Hour,330079,330079,0,0,"2025-04-17 08:00:00","2025-04-17 09:00:00","2025-08-17 06:29:24"
Nederland,WindOffshore,Hour,276898,276898,0,0,"2025-04-17 09:00:00","2025-04-17 10:00:00","2025-08-17 06:29:24"
Nederland,WindOffshore,Hour,255697,255697,0,0,"2025-04-17 10:00:00","2025-04-17 11:00:00","2025-08-17 06:29:24"
Nederland,WindOffshore,Hour,263378,263378,0,0,"2025-04-17 11:00:00","2025-04-17 12:00:00","2025-08-17 06:29:24"
Nederland,WindOffshore,Hour,281076,281076,0,0,"2025-04-17 12:00:00","2025-04-17 13:00:00","2025-08-17 06:29:24"
Nederland,WindOffshore,Hour,284484,284484,0,0,"2025-04-17 13:00:00","2025-04-17 14:00:00","2025-08-17 06:29:24"
Nederland,WindOffshore,Hour,271914,271914,0,0,"2025-04-17 14:00:00","2025-04-17 15:00:00","2025-08-17 06:29:24"
Nederland,WindOffshore,Hour,188726,188726,0,0,"2025-04-17 15:00:00","2025-04-17 16:00:00","2025-08-17 06:29:24"
Nederland,WindOffshore,Hour,92782,92782,0,0,"2025-04-17 16:00:00","2025-04-17 17:00:00","2025-08-17 06:29:24"
Nederland,WindOffshore,Hour,38180,38180,0,0,"2025-04-17 17:00:00","2025-04-17 18:00:00","2025-08-17 06:29:24"
Nederland,WindOffshore,Hour,23191,23191,0,0,"2025-04-17 18:00:00","2025-04-17 19:00:00","2025-08-17 06:29:24"
Nederland,WindOffshore,Hour,26800,26800,0,0,"2025-04-17 19:00:00","2025-04-17 20:00:00","2025-08-17 06:29:24"
Nederland,WindOffshore,Hour,31475,31475,0,0,"2025-04-17 20:00:00","2025-04-17 21:00:00","2025-08-17 06:29:24"
Nederland,WindOffshore,Hour,78120,78120,0,0,"2025-04-17 21:00:00","2025-04-17 22:00:00","2025-08-17 06:29:24"
Nederland,WindOffshore,Hour,121169,121169,0,0,"2025-04-17 22:00:00","2025-04-17 23:00:00","2025-08-17 06:29:24"
Nederland,WindOffshore,Hour,143918,143918,0,0,"2025-04-17 23:00:00","2025-04-18 00:00:00","2025-08-17 06:29:24"
Nederland,WindOffshore,Hour,201110,201110,0,0,"2025-04-18 00:00:00","2025-04-18 01:00:00","2025-08-18 06:29:20"
Nederland,WindOffshore,Hour,254697,254697,0,0,"2025-04-18 01:00:00","2025-04-18 02:00:00","2025-08-18 06:29:20"
Nederland,WindOffshore,Hour,175147,175147,0,0,"2025-04-18 02:00:00","2025-04-18 03:00:00","2025-08-18 06:29:20"
Nederland,WindOffshore,Hour,154751,154751,0,0,"2025-04-18 03:00:00","2025-04-18 04:00:00","2025-08-18 06:29:20"
Nederland,WindOffshore,Hour,162923,162923,0,0,"2025-04-18 04:00:00","2025-04-18 05:00:00","2025-08-18 06:29:20"
Nederland,WindOffshore,Hour,114646,114646,0,0,"2025-04-18 05:00:00","2025-04-18 06:00:00","2025-08-18 06:29:20"
Nederland,WindOffshore,Hour,71004,71004,0,0,"2025-04-18 06:00:00","2025-04-18 07:00:00","2025-08-18 06:29:20"
Nederland,WindOffshore,Hour,109266,109266,0,0,"2025-04-18 07:00:00","2025-04-18 08:00:00","2025-08-18 06:29:20"
Nederland,WindOffshore,Hour,81087,81087,0,0,"2025-04-18 08:00:00","2025-04-18 09:00:00","2025-08-18 06:29:20"
Nederland,WindOffshore,Hour,131469,131469,0,0,"2025-04-18 09:00:00","2025-04-18 10:00:00","2025-08-18 06:29:20"
Nederland,WindOffshore,Hour,362506,362506,0,0,"2025-04-18 10:00:00","2025-04-18 11:00:00","2025-08-18 06:29:20"
Nederland,WindOffshore,Hour,362823,362823,0,0,"2025-04-18 11:00:00","2025-04-18 12:00:00","2025-08-18 06:29:20"
Nederland,WindOffshore,Hour,140241,140241,0,0,"2025-04-18 12:00:00","2025-04-18 13:00:00","2025-08-18 06:29:20"
Nederland,WindOffshore,Hour,84412,84412,0,0,"2025-04-18 13:00:00","2025-04-18 14:00:00","2025-08-18 06:29:20"
Nederland,WindOffshore,Hour,226005,226005,0,0,"2025-04-18 14:00:00","2025-04-18 15:00:00","2025-08-18 06:29:20"
Nederland,WindOffshore,Hour,669314,669314,0,0,"2025-04-18 15:00:00","2025-04-18 16:00:00","2025-08-18 06:29:20"
Nederland,WindOffshore,Hour,904275,904275,0,0,"2025-04-18 16:00:00","2025-04-18 17:00:00","2025-08-18 06:29:20"
Nederland,WindOffshore,Hour,933364,933364,0,0,"2025-04-18 17:00:00","2025-04-18 18:00:00","2025-08-18 06:29:20"
Nederland,WindOffshore,Hour,1335590,1335590,0,0,"2025-04-18 18:00:00","2025-04-18 19:00:00","2025-08-18 06:29:20"
Nederland,WindOffshore,Hour,1956787,1956787,0,0,"2025-04-18 19:00:00","2025-04-18 20:00:00","2025-08-18 06:29:20"
Nederland,WindOffshore,Hour,2446393,2446393,0,0,"2025-04-18 20:00:00","2025-04-18 21:00:00","2025-08-18 06:29:20"
Nederland,WindOffshore,Hour,2451242,2451242,0,0,"2025-04-18 21:00:00","2025-04-18 22:00:00","2025-08-18 06:29:20"
Nederland,WindOffshore,Hour,2361917,2361917,0,0,"2025-04-18 22:00:00","2025-04-18 23:00:00","2025-08-18 06:29:20"
Nederland,WindOffshore,Hour,2229719,2229719,0,0,"2025-04-18 23:00:00","2025-04-19 00:00:00","2025-08-18 06:29:20"
Nederland,WindOffshore,Hour,1993907,1993907,0,0,"2025-04-19 00:00:00","2025-04-19 01:00:00","2025-08-19 06:29:00"
Nederland,WindOffshore,Hour,1729321,1729321,0,0,"2025-04-19 01:00:00","2025-04-19 02:00:00","2025-08-19 06:29:00"
Nederland,WindOffshore,Hour,1606121,1606121,0,0,"2025-04-19 02:00:00","2025-04-19 03:00:00","2025-08-19 06:29:00"
Nederland,WindOffshore,Hour,1717309,1717309,0,0,"2025-04-19 03:00:00","2025-04-19 04:00:00","2025-08-19 06:29:00"
Nederland,WindOffshore,Hour,1474458,1474458,0,0,"2025-04-19 04:00:00","2025-04-19 05:00:00","2025-08-19 06:29:00"
Nederland,WindOffshore,Hour,1542603,1542603,0,0,"2025-04-19 05:00:00","2025-04-19 06:00:00","2025-08-19 06:29:00"
Nederland,WindOffshore,Hour,1522392,1522392,0,0,"2025-04-19 06:00:00","2025-04-19 07:00:00","2025-08-19 06:29:00"
Nederland,WindOffshore,Hour,1194226,1194226,0,0,"2025-04-19 07:00:00","2025-04-19 08:00:00","2025-08-19 06:29:00"
Nederland,WindOffshore,Hour,1132051,1132051,0,0,"2025-04-19 08:00:00","2025-04-19 09:00:00","2025-08-19 06:29:00"
Nederland,WindOffshore,Hour,1158751,1158751,0,0,"2025-04-19 09:00:00","2025-04-19 10:00:00","2025-08-19 06:29:00"
Nederland,WindOffshore,Hour,1319368,1319368,0,0,"2025-04-19 10:00:00","2025-04-19 11:00:00","2025-08-19 06:29:00"
Nederland,WindOffshore,Hour,1261018,1261018,0,0,"2025-04-19 11:00:00","2025-04-19 12:00:00","2025-08-19 06:29:00"
Nederland,WindOffshore,Hour,1563106,1563106,0,0,"2025-04-19 12:00:00","2025-04-19 13:00:00","2025-08-19 06:29:00"
Nederland,WindOffshore,Hour,2107987,2107987,0,0,"2025-04-19 13:00:00","2025-04-19 14:00:00","2025-08-19 06:29:00"
Nederland,WindOffshore,Hour,3125325,3125325,0,0,"2025-04-19 14:00:00","2025-04-19 15:00:00","2025-08-19 06:29:00"
Nederland,WindOffshore,Hour,3151338,3151338,0,0,"2025-04-19 15:00:00","2025-04-19 16:00:00","2025-08-19 06:29:00"
Nederland,WindOffshore,Hour,3214447,3214447,0,0,"2025-04-19 16:00:00","2025-04-19 17:00:00","2025-08-19 06:29:00"
Nederland,WindOffshore,Hour,3079307,3079307,0,0,"2025-04-19 17:00:00","2025-04-19 18:00:00","2025-08-19 06:29:00"
Nederland,WindOffshore,Hour,3138604,3138604,0,0,"2025-04-19 18:00:00","2025-04-19 19:00:00","2025-08-19 06:29:00"
Nederland,WindOffshore,Hour,3036587,3036587,0,0,"2025-04-19 19:00:00","2025-04-19 20:00:00","2025-08-19 06:29:00"
Nederland,WindOffshore,Hour,3151189,3151189,0,0,"2025-04-19 20:00:00","2025-04-19 21:00:00","2025-08-19 06:29:00"
Nederland,WindOffshore,Hour,3047080,3047080,0,0,"2025-04-19 21:00:00","2025-04-19 22:00:00","2025-08-19 06:29:00"
Nederland,WindOffshore,Hour,2928319,2928319,0,0,"2025-04-19 22:00:00","2025-04-19 23:00:00","2025-08-19 06:29:00"
Nederland,WindOffshore,Hour,2731991,2731991,0,0,"2025-04-19 23:00:00","2025-04-20 00:00:00","2025-08-19 06:29:00"
Nederland,WindOffshore,Hour,2342135,2342135,0,0,"2025-04-20 00:00:00","2025-04-20 01:00:00","2025-08-20 06:29:08"
Nederland,WindOffshore,Hour,1987037,1987037,0,0,"2025-04-20 01:00:00","2025-04-20 02:00:00","2025-08-20 06:29:08"
Nederland,WindOffshore,Hour,1721732,1721732,0,0,"2025-04-20 02:00:00","2025-04-20 03:00:00","2025-08-20 06:29:08"
Nederland,WindOffshore,Hour,1601479,1601479,0,0,"2025-04-20 03:00:00","2025-04-20 04:00:00","2025-08-20 06:29:08"
Nederland,WindOffshore,Hour,1160484,1160484,0,0,"2025-04-20 04:00:00","2025-04-20 05:00:00","2025-08-20 06:29:08"
Nederland,WindOffshore,Hour,898377,898377,0,0,"2025-04-20 05:00:00","2025-04-20 06:00:00","2025-08-20 06:29:08"
Nederland,WindOffshore,Hour,594616,594616,0,0,"2025-04-20 06:00:00","2025-04-20 07:00:00","2025-08-20 06:29:08"
Nederland,WindOffshore,Hour,457561,457561,0,0,"2025-04-20 07:00:00","2025-04-20 08:00:00","2025-08-20 06:29:08"
Nederland,WindOffshore,Hour,485888,485888,0,0,"2025-04-20 08:00:00","2025-04-20 09:00:00","2025-08-20 06:29:08"
Nederland,WindOffshore,Hour,506342,506342,0,0,"2025-04-20 09:00:00","2025-04-20 10:00:00","2025-08-20 06:29:08"
Nederland,WindOffshore,Hour,417670,417670,0,0,"2025-04-20 10:00:00","2025-04-20 11:00:00","2025-08-20 06:29:08"
Nederland,WindOffshore,Hour,261124,261124,0,0,"2025-04-20 11:00:00","2025-04-20 12:00:00","2025-08-20 06:29:08"
Nederland,WindOffshore,Hour,226140,226140,0,0,"2025-04-20 12:00:00","2025-04-20 13:00:00","2025-08-20 06:29:08"
Nederland,WindOffshore,Hour,507045,507045,0,0,"2025-04-20 13:00:00","2025-04-20 14:00:00","2025-08-20 06:29:08"
Nederland,WindOffshore,Hour,928847,928847,0,0,"2025-04-20 14:00:00","2025-04-20 15:00:00","2025-08-20 06:29:08"
Nederland,WindOffshore,Hour,957179,957179,0,0,"2025-04-20 15:00:00","2025-04-20 16:00:00","2025-08-20 06:29:08"
Nederland,WindOffshore,Hour,775998,775998,0,0,"2025-04-20 16:00:00","2025-04-20 17:00:00","2025-08-20 06:29:08"
Nederland,WindOffshore,Hour,1012083,1012083,0,0,"2025-04-20 17:00:00","2025-04-20 18:00:00","2025-08-20 06:29:08"
Nederland,WindOffshore,Hour,1026853,1026853,0,0,"2025-04-20 18:00:00","2025-04-20 19:00:00","2025-08-20 06:29:08"
Nederland,WindOffshore,Hour,861287,861287,0,0,"2025-04-20 19:00:00","2025-04-20 20:00:00","2025-08-20 06:29:08"
Nederland,WindOffshore,Hour,761960,761960,0,0,"2025-04-20 20:00:00","2025-04-20 21:00:00","2025-08-20 06:29:08"
Nederland,WindOffshore,Hour,646889,646889,0,0,"2025-04-20 21:00:00","2025-04-20 22:00:00","2025-08-20 06:29:08"
Nederland,WindOffshore,Hour,520509,520509,0,0,"2025-04-20 22:00:00","2025-04-20 23:00:00","2025-08-20 06:29:08"
Nederland,WindOffshore,Hour,494246,494246,0,0,"2025-04-20 23:00:00","2025-04-21 00:00:00","2025-08-20 06:29:08"
Nederland,WindOffshore,Hour,448838,448838,0,0,"2025-04-21 00:00:00","2025-04-21 01:00:00","2025-08-21 06:29:17"
Nederland,WindOffshore,Hour,288790,288790,0,0,"2025-04-21 01:00:00","2025-04-21 02:00:00","2025-08-21 06:29:17"
Nederland,WindOffshore,Hour,231995,231995,0,0,"2025-04-21 02:00:00","2025-04-21 03:00:00","2025-08-21 06:29:17"
Nederland,WindOffshore,Hour,206483,206483,0,0,"2025-04-21 03:00:00","2025-04-21 04:00:00","2025-08-21 06:29:17"
Nederland,WindOffshore,Hour,129644,129644,0,0,"2025-04-21 04:00:00","2025-04-21 05:00:00","2025-08-21 06:29:17"
Nederland,WindOffshore,Hour,105478,105478,0,0,"2025-04-21 05:00:00","2025-04-21 06:00:00","2025-08-21 06:29:17"
Nederland,WindOffshore,Hour,103418,103418,0,0,"2025-04-21 06:00:00","2025-04-21 07:00:00","2025-08-21 06:29:17"
Nederland,WindOffshore,Hour,114040,114040,0,0,"2025-04-21 07:00:00","2025-04-21 08:00:00","2025-08-21 06:29:17"
Nederland,WindOffshore,Hour,79205,79205,0,0,"2025-04-21 08:00:00","2025-04-21 09:00:00","2025-08-21 06:29:17"
Nederland,WindOffshore,Hour,58175,58175,0,0,"2025-04-21 09:00:00","2025-04-21 10:00:00","2025-08-21 06:29:17"
Nederland,WindOffshore,Hour,98153,98153,0,0,"2025-04-21 10:00:00","2025-04-21 11:00:00","2025-08-21 06:29:17"
Nederland,WindOffshore,Hour,62052,62052,0,0,"2025-04-21 11:00:00","2025-04-21 12:00:00","2025-08-21 06:29:17"
Nederland,WindOffshore,Hour,23696,23696,0,0,"2025-04-21 12:00:00","2025-04-21 13:00:00","2025-08-21 06:29:17"
Nederland,WindOffshore,Hour,0,0,0,0,"2025-04-21 13:00:00","2025-04-21 14:00:00","2025-08-21 06:29:17"
Nederland,WindOffshore,Hour,0,0,0,0,"2025-04-21 14:00:00","2025-04-21 15:00:00","2025-08-21 06:29:17"
Nederland,WindOffshore,Hour,0,0,0,0,"2025-04-21 15:00:00","2025-04-21 16:00:00","2025-08-21 06:29:17"
Nederland,WindOffshore,Hour,0,0,0,0,"2025-04-21 16:00:00","2025-04-21 17:00:00","2025-08-21 06:29:17"
Nederland,WindOffshore,Hour,0,0,0,0,"2025-04-21 17:00:00","2025-04-21 18:00:00","2025-08-21 06:29:17"
Nederland,WindOffshore,Hour,1815,1815,0,0,"2025-04-21 18:00:00","2025-04-21 19:00:00","2025-08-21 06:29:17"
Nederland,WindOffshore,Hour,20219,20219,0,0,"2025-04-21 19:00:00","2025-04-21 20:00:00","2025-08-21 06:29:17"
Nederland,WindOffshore,Hour,196256,196256,0,0,"2025-04-21 20:00:00","2025-04-21 21:00:00","2025-08-21 06:29:17"
Nederland,WindOffshore,Hour,263600,263600,0,0,"2025-04-21 21:00:00","2025-04-21 22:00:00","2025-08-21 06:29:17"
Nederland,WindOffshore,Hour,171199,171199,0,0,"2025-04-21 22:00:00","2025-04-21 23:00:00","2025-08-21 06:29:17"
Nederland,WindOffshore,Hour,96481,96481,0,0,"2025-04-21 23:00:00","2025-04-22 00:00:00","2025-08-21 06:29:17"
Nederland,WindOffshore,Hour,256840,256840,0,0,"2025-04-22 00:00:00","2025-04-22 01:00:00","2025-08-22 06:29:16"
Nederland,WindOffshore,Hour,456944,456944,0,0,"2025-04-22 01:00:00","2025-04-22 02:00:00","2025-08-22 06:29:16"
Nederland,WindOffshore,Hour,423500,423500,0,0,"2025-04-22 02:00:00","2025-04-22 03:00:00","2025-08-22 06:29:16"
Nederland,WindOffshore,Hour,369377,369377,0,0,"2025-04-22 03:00:00","2025-04-22 04:00:00","2025-08-22 06:29:16"
Nederland,WindOffshore,Hour,371434,371434,0,0,"2025-04-22 04:00:00","2025-04-22 05:00:00","2025-08-22 06:29:16"
Nederland,WindOffshore,Hour,216906,216906,0,0,"2025-04-22 05:00:00","2025-04-22 06:00:00","2025-08-22 06:29:16"
Nederland,WindOffshore,Hour,147730,147730,0,0,"2025-04-22 06:00:00","2025-04-22 07:00:00","2025-08-22 06:29:16"
Nederland,WindOffshore,Hour,121081,121081,0,0,"2025-04-22 07:00:00","2025-04-22 08:00:00","2025-08-22 06:29:16"
Nederland,WindOffshore,Hour,102661,102661,0,0,"2025-04-22 08:00:00","2025-04-22 09:00:00","2025-08-22 06:29:16"
Nederland,WindOffshore,Hour,92609,92609,0,0,"2025-04-22 09:00:00","2025-04-22 10:00:00","2025-08-22 06:29:16"
Nederland,WindOffshore,Hour,68756,68756,0,0,"2025-04-22 10:00:00","2025-04-22 11:00:00","2025-08-22 06:29:16"
Nederland,WindOffshore,Hour,109787,109787,0,0,"2025-04-22 11:00:00","2025-04-22 12:00:00","2025-08-22 06:29:16"
Nederland,WindOffshore,Hour,240508,240508,0,0,"2025-04-22 12:00:00","2025-04-22 13:00:00","2025-08-22 06:29:16"
Nederland,WindOffshore,Hour,224115,224115,0,0,"2025-04-22 13:00:00","2025-04-22 14:00:00","2025-08-22 06:29:16"
Nederland,WindOffshore,Hour,115725,115725,0,0,"2025-04-22 14:00:00","2025-04-22 15:00:00","2025-08-22 06:29:16"
Nederland,WindOffshore,Hour,44987,44987,0,0,"2025-04-22 15:00:00","2025-04-22 16:00:00","2025-08-22 06:29:16"
Nederland,WindOffshore,Hour,4325,4325,0,0,"2025-04-22 16:00:00","2025-04-22 17:00:00","2025-08-22 06:29:16"
Nederland,WindOffshore,Hour,11338,11338,0,0,"2025-04-22 17:00:00","2025-04-22 18:00:00","2025-08-22 06:29:16"
Nederland,WindOffshore,Hour,38280,38280,0,0,"2025-04-22 18:00:00","2025-04-22 19:00:00","2025-08-22 06:29:16"
Nederland,WindOffshore,Hour,80344,80344,0,0,"2025-04-22 19:00:00","2025-04-22 20:00:00","2025-08-22 06:29:16"
Nederland,WindOffshore,Hour,121293,121293,0,0,"2025-04-22 20:00:00","2025-04-22 21:00:00","2025-08-22 06:29:16"
Nederland,WindOffshore,Hour,166365,166365,0,0,"2025-04-22 21:00:00","2025-04-22 22:00:00","2025-08-22 06:29:16"
Nederland,WindOffshore,Hour,359083,359083,0,0,"2025-04-22 22:00:00","2025-04-22 23:00:00","2025-08-22 06:29:16"
Nederland,WindOffshore,Hour,430096,430096,0,0,"2025-04-22 23:00:00","2025-04-23 00:00:00","2025-08-22 06:29:16"
Nederland,WindOffshore,Hour,476344,476344,0,0,"2025-04-23 00:00:00","2025-04-23 01:00:00","2025-08-23 06:29:14"
Nederland,WindOffshore,Hour,633764,633764,0,0,"2025-04-23 01:00:00","2025-04-23 02:00:00","2025-08-23 06:29:14"
Nederland,WindOffshore,Hour,522574,522574,0,0,"2025-04-23 02:00:00","2025-04-23 03:00:00","2025-08-23 06:29:14"
Nederland,WindOffshore,Hour,366984,366984,0,0,"2025-04-23 03:00:00","2025-04-23 04:00:00","2025-08-23 06:29:14"
Nederland,WindOffshore,Hour,271947,271947,0,0,"2025-04-23 04:00:00","2025-04-23 05:00:00","2025-08-23 06:29:14"
Nederland,WindOffshore,Hour,330256,330256,0,0,"2025-04-23 05:00:00","2025-04-23 06:00:00","2025-08-23 06:29:14"
Nederland,WindOffshore,Hour,360435,360435,0,0,"2025-04-23 06:00:00","2025-04-23 07:00:00","2025-08-23 06:29:14"
Nederland,WindOffshore,Hour,447764,447764,0,0,"2025-04-23 07:00:00","2025-04-23 08:00:00","2025-08-23 06:29:14"
Nederland,WindOffshore,Hour,430749,430749,0,0,"2025-04-23 08:00:00","2025-04-23 09:00:00","2025-08-23 06:29:14"
Nederland,WindOffshore,Hour,389173,389173,0,0,"2025-04-23 09:00:00","2025-04-23 10:00:00","2025-08-23 06:29:14"
Nederland,WindOffshore,Hour,589180,589180,0,0,"2025-04-23 10:00:00","2025-04-23 11:00:00","2025-08-23 06:29:14"
Nederland,WindOffshore,Hour,497398,497398,0,0,"2025-04-23 11:00:00","2025-04-23 12:00:00","2025-08-23 06:29:14"
Nederland,WindOffshore,Hour,338883,338883,0,0,"2025-04-23 12:00:00","2025-04-23 13:00:00","2025-08-23 06:29:14"
Nederland,WindOffshore,Hour,393480,393480,0,0,"2025-04-23 13:00:00","2025-04-23 14:00:00","2025-08-23 06:29:14"
Nederland,WindOffshore,Hour,350462,350462,0,0,"2025-04-23 14:00:00","2025-04-23 15:00:00","2025-08-23 06:29:14"
Nederland,WindOffshore,Hour,495849,495849,0,0,"2025-04-23 15:00:00","2025-04-23 16:00:00","2025-08-23 06:29:14"
Nederland,WindOffshore,Hour,591315,591315,0,0,"2025-04-23 16:00:00","2025-04-23 17:00:00","2025-08-23 06:29:14"
Nederland,WindOffshore,Hour,1181098,1181098,0,0,"2025-04-23 17:00:00","2025-04-23 18:00:00","2025-08-23 06:29:14"
Nederland,WindOffshore,Hour,1502378,1502378,0,0,"2025-04-23 18:00:00","2025-04-23 19:00:00","2025-08-23 06:29:14"
Nederland,WindOffshore,Hour,1457801,1457801,0,0,"2025-04-23 19:00:00","2025-04-23 20:00:00","2025-08-23 06:29:14"
Nederland,WindOffshore,Hour,1551255,1551255,0,0,"2025-04-23 20:00:00","2025-04-23 21:00:00","2025-08-23 06:29:14"
Nederland,WindOffshore,Hour,2302334,2302334,0,0,"2025-04-23 21:00:00","2025-04-23 22:00:00","2025-08-23 06:29:14"
Nederland,WindOffshore,Hour,2693968,2693968,0,0,"2025-04-23 22:00:00","2025-04-23 23:00:00","2025-08-23 06:29:14"
Nederland,WindOffshore,Hour,2638641,2638641,0,0,"2025-04-23 23:00:00","2025-04-24 00:00:00","2025-08-23 06:29:14"
Nederland,WindOffshore,Hour,2861408,2861408,0,0,"2025-04-24 00:00:00","2025-04-24 01:00:00","2025-08-24 06:29:13"
Nederland,WindOffshore,Hour,2706305,2706305,0,0,"2025-04-24 01:00:00","2025-04-24 02:00:00","2025-08-24 06:29:13"
Nederland,WindOffshore,Hour,2609898,2609898,0,0,"2025-04-24 02:00:00","2025-04-24 03:00:00","2025-08-24 06:29:13"
Nederland,WindOffshore,Hour,2688769,2688769,0,0,"2025-04-24 03:00:00","2025-04-24 04:00:00","2025-08-24 06:29:13"
Nederland,WindOffshore,Hour,2708123,2708123,0,0,"2025-04-24 04:00:00","2025-04-24 05:00:00","2025-08-24 06:29:13"
Nederland,WindOffshore,Hour,2779549,2779549,0,0,"2025-04-24 05:00:00","2025-04-24 06:00:00","2025-08-24 06:29:13"
Nederland,WindOffshore,Hour,2803337,2803337,0,0,"2025-04-24 06:00:00","2025-04-24 07:00:00","2025-08-24 06:29:13"
Nederland,WindOffshore,Hour,2670066,2670066,0,0,"2025-04-24 07:00:00","2025-04-24 08:00:00","2025-08-24 06:29:13"
Nederland,WindOffshore,Hour,2394067,2394067,0,0,"2025-04-24 08:00:00","2025-04-24 09:00:00","2025-08-24 06:29:13"
Nederland,WindOffshore,Hour,2264215,2264215,0,0,"2025-04-24 09:00:00","2025-04-24 10:00:00","2025-08-24 06:29:13"
Nederland,WindOffshore,Hour,2356485,2356485,0,0,"2025-04-24 10:00:00","2025-04-24 11:00:00","2025-08-24 06:29:13"
Nederland,WindOffshore,Hour,2171778,2171778,0,0,"2025-04-24 11:00:00","2025-04-24 12:00:00","2025-08-24 06:29:13"
Nederland,WindOffshore,Hour,2248837,2248837,0,0,"2025-04-24 12:00:00","2025-04-24 13:00:00","2025-08-24 06:29:13"
Nederland,WindOffshore,Hour,2394165,2394165,0,0,"2025-04-24 13:00:00","2025-04-24 14:00:00","2025-08-24 06:29:13"
Nederland,WindOffshore,Hour,2668877,2668877,0,0,"2025-04-24 14:00:00","2025-04-24 15:00:00","2025-08-24 06:29:13"
Nederland,WindOffshore,Hour,2701809,2701809,0,0,"2025-04-24 15:00:00","2025-04-24 16:00:00","2025-08-24 06:29:13"
Nederland,WindOffshore,Hour,2396049,2396049,0,0,"2025-04-24 16:00:00","2025-04-24 17:00:00","2025-08-24 06:29:13"
Nederland,WindOffshore,Hour,2434747,2434747,0,0,"2025-04-24 17:00:00","2025-04-24 18:00:00","2025-08-24 06:29:13"
Nederland,WindOffshore,Hour,2249616,2249616,0,0,"2025-04-24 18:00:00","2025-04-24 19:00:00","2025-08-24 06:29:13"
Nederland,WindOffshore,Hour,2123213,2123213,0,0,"2025-04-24 19:00:00","2025-04-24 20:00:00","2025-08-24 06:29:13"
Nederland,WindOffshore,Hour,1931567,1931567,0,0,"2025-04-24 20:00:00","2025-04-24 21:00:00","2025-08-24 06:29:13"
Nederland,WindOffshore,Hour,1959641,1959641,0,0,"2025-04-24 21:00:00","2025-04-24 22:00:00","2025-08-24 06:29:13"
Nederland,WindOffshore,Hour,1969591,1969591,0,0,"2025-04-24 22:00:00","2025-04-24 23:00:00","2025-08-24 06:29:13"
Nederland,WindOffshore,Hour,1581076,1581076,0,0,"2025-04-24 23:00:00","2025-04-25 00:00:00","2025-08-24 06:29:13"
Nederland,WindOffshore,Hour,1033915,1033915,0,0,"2025-04-25 00:00:00","2025-04-25 01:00:00","2025-08-25 06:29:17"
Nederland,WindOffshore,Hour,673625,673625,0,0,"2025-04-25 01:00:00","2025-04-25 02:00:00","2025-08-25 06:29:17"
Nederland,WindOffshore,Hour,889594,889594,0,0,"2025-04-25 02:00:00","2025-04-25 03:00:00","2025-08-25 06:29:17"
Nederland,WindOffshore,Hour,1194016,1194016,0,0,"2025-04-25 03:00:00","2025-04-25 04:00:00","2025-08-25 06:29:17"
Nederland,WindOffshore,Hour,1559983,1559983,0,0,"2025-04-25 04:00:00","2025-04-25 05:00:00","2025-08-25 06:29:17"
Nederland,WindOffshore,Hour,1551630,1551630,0,0,"2025-04-25 05:00:00","2025-04-25 06:00:00","2025-08-25 06:29:17"
Nederland,WindOffshore,Hour,1537947,1537947,0,0,"2025-04-25 06:00:00","2025-04-25 07:00:00","2025-08-25 06:29:17"
Nederland,WindOffshore,Hour,1268062,1268062,0,0,"2025-04-25 07:00:00","2025-04-25 08:00:00","2025-08-25 06:29:17"
Nederland,WindOffshore,Hour,1050805,1050805,0,0,"2025-04-25 08:00:00","2025-04-25 09:00:00","2025-08-25 06:29:17"
Nederland,WindOffshore,Hour,1196058,1196058,0,0,"2025-04-25 09:00:00","2025-04-25 10:00:00","2025-08-25 06:29:17"
Nederland,WindOffshore,Hour,1126349,1126349,0,0,"2025-04-25 10:00:00","2025-04-25 11:00:00","2025-08-25 06:29:17"
Nederland,WindOffshore,Hour,679284,679284,0,0,"2025-04-25 11:00:00","2025-04-25 12:00:00","2025-08-25 06:29:17"
Nederland,WindOffshore,Hour,545395,545395,0,0,"2025-04-25 12:00:00","2025-04-25 13:00:00","2025-08-25 06:29:17"
Nederland,WindOffshore,Hour,514882,514882,0,0,"2025-04-25 13:00:00","2025-04-25 14:00:00","2025-08-25 06:29:17"
Nederland,WindOffshore,Hour,767926,767926,0,0,"2025-04-25 14:00:00","2025-04-25 15:00:00","2025-08-25 06:29:17"
Nederland,WindOffshore,Hour,991041,991041,0,0,"2025-04-25 15:00:00","2025-04-25 16:00:00","2025-08-25 06:29:17"
Nederland,WindOffshore,Hour,956938,956938,0,0,"2025-04-25 16:00:00","2025-04-25 17:00:00","2025-08-25 06:29:17"
Nederland,WindOffshore,Hour,1020370,1020370,0,0,"2025-04-25 17:00:00","2025-04-25 18:00:00","2025-08-25 06:29:17"
Nederland,WindOffshore,Hour,987045,987045,0,0,"2025-04-25 18:00:00","2025-04-25 19:00:00","2025-08-25 06:29:17"
Nederland,WindOffshore,Hour,1134125,1134125,0,0,"2025-04-25 19:00:00","2025-04-25 20:00:00","2025-08-25 06:29:17"
Nederland,WindOffshore,Hour,1300875,1300875,0,0,"2025-04-25 20:00:00","2025-04-25 21:00:00","2025-08-25 06:29:17"
Nederland,WindOffshore,Hour,949963,949963,0,0,"2025-04-25 21:00:00","2025-04-25 22:00:00","2025-08-25 06:29:17"
Nederland,WindOffshore,Hour,713326,713326,0,0,"2025-04-25 22:00:00","2025-04-25 23:00:00","2025-08-25 06:29:17"
Nederland,WindOffshore,Hour,559295,559295,0,0,"2025-04-25 23:00:00","2025-04-26 00:00:00","2025-08-25 06:29:17"
Nederland,WindOffshore,Hour,473543,473543,0,0,"2025-04-26 00:00:00","2025-04-26 01:00:00","2025-08-26 06:29:17"
Nederland,WindOffshore,Hour,485160,485160,0,0,"2025-04-26 01:00:00","2025-04-26 02:00:00","2025-08-26 06:29:17"
Nederland,WindOffshore,Hour,441402,441402,0,0,"2025-04-26 02:00:00","2025-04-26 03:00:00","2025-08-26 06:29:17"
Nederland,WindOffshore,Hour,405197,405197,0,0,"2025-04-26 03:00:00","2025-04-26 04:00:00","2025-08-26 06:29:17"
Nederland,WindOffshore,Hour,495576,495576,0,0,"2025-04-26 04:00:00","2025-04-26 05:00:00","2025-08-26 06:29:17"
Nederland,WindOffshore,Hour,510032,510032,0,0,"2025-04-26 05:00:00","2025-04-26 06:00:00","2025-08-26 06:29:17"
Nederland,WindOffshore,Hour,498854,498854,0,0,"2025-04-26 06:00:00","2025-04-26 07:00:00","2025-08-26 06:29:17"
Nederland,WindOffshore,Hour,462464,462464,0,0,"2025-04-26 07:00:00","2025-04-26 08:00:00","2025-08-26 06:29:17"
Nederland,WindOffshore,Hour,430770,430770,0,0,"2025-04-26 08:00:00","2025-04-26 09:00:00","2025-08-26 06:29:17"
Nederland,WindOffshore,Hour,397367,397367,0,0,"2025-04-26 09:00:00","2025-04-26 10:00:00","2025-08-26 06:29:17"
Nederland,WindOffshore,Hour,515697,515697,0,0,"2025-04-26 10:00:00","2025-04-26 11:00:00","2025-08-26 06:29:17"
Nederland,WindOffshore,Hour,715391,715391,0,0,"2025-04-26 11:00:00","2025-04-26 12:00:00","2025-08-26 06:29:17"
Nederland,WindOffshore,Hour,961966,961966,0,0,"2025-04-26 12:00:00","2025-04-26 13:00:00","2025-08-26 06:29:17"
Nederland,WindOffshore,Hour,1271777,1271777,0,0,"2025-04-26 13:00:00","2025-04-26 14:00:00","2025-08-26 06:29:17"
Nederland,WindOffshore,Hour,1147079,1147079,0,0,"2025-04-26 14:00:00","2025-04-26 15:00:00","2025-08-26 06:29:17"
Nederland,WindOffshore,Hour,1570420,1570420,0,0,"2025-04-26 15:00:00","2025-04-26 16:00:00","2025-08-26 06:29:17"
Nederland,WindOffshore,Hour,1672838,1672838,0,0,"2025-04-26 16:00:00","2025-04-26 17:00:00","2025-08-26 06:29:17"
Nederland,WindOffshore,Hour,1609726,1609726,0,0,"2025-04-26 17:00:00","2025-04-26 18:00:00","2025-08-26 06:29:17"
Nederland,WindOffshore,Hour,1771517,1771517,0,0,"2025-04-26 18:00:00","2025-04-26 19:00:00","2025-08-26 06:29:17"
Nederland,WindOffshore,Hour,1703355,1703355,0,0,"2025-04-26 19:00:00","2025-04-26 20:00:00","2025-08-26 06:29:17"
Nederland,WindOffshore,Hour,1485012,1485012,0,0,"2025-04-26 20:00:00","2025-04-26 21:00:00","2025-08-26 06:29:17"
Nederland,WindOffshore,Hour,1235402,1235402,0,0,"2025-04-26 21:00:00","2025-04-26 22:00:00","2025-08-26 06:29:17"
Nederland,WindOffshore,Hour,1008243,1008243,0,0,"2025-04-26 22:00:00","2025-04-26 23:00:00","2025-08-26 06:29:17"
Nederland,WindOffshore,Hour,816789,816789,0,0,"2025-04-26 23:00:00","2025-04-27 00:00:00","2025-08-26 06:29:17"
Nederland,WindOffshore,Hour,632414,632414,0,0,"2025-04-27 00:00:00","2025-04-27 01:00:00","2025-08-27 06:29:29"
Nederland,WindOffshore,Hour,592627,592627,0,0,"2025-04-27 01:00:00","2025-04-27 02:00:00","2025-08-27 06:29:29"
Nederland,WindOffshore,Hour,727640,727640,0,0,"2025-04-27 02:00:00","2025-04-27 03:00:00","2025-08-27 06:29:29"
Nederland,WindOffshore,Hour,668280,668280,0,0,"2025-04-27 03:00:00","2025-04-27 04:00:00","2025-08-27 06:29:29"
Nederland,WindOffshore,Hour,534094,534094,0,0,"2025-04-27 04:00:00","2025-04-27 05:00:00","2025-08-27 06:29:29"
Nederland,WindOffshore,Hour,500816,500816,0,0,"2025-04-27 05:00:00","2025-04-27 06:00:00","2025-08-27 06:29:29"
Nederland,WindOffshore,Hour,455194,455194,0,0,"2025-04-27 06:00:00","2025-04-27 07:00:00","2025-08-27 06:29:29"
Nederland,WindOffshore,Hour,257678,257678,0,0,"2025-04-27 07:00:00","2025-04-27 08:00:00","2025-08-27 06:29:29"
Nederland,WindOffshore,Hour,284146,284146,0,0,"2025-04-27 08:00:00","2025-04-27 09:00:00","2025-08-27 06:29:29"
Nederland,WindOffshore,Hour,154383,154383,0,0,"2025-04-27 09:00:00","2025-04-27 10:00:00","2025-08-27 06:29:29"
Nederland,WindOffshore,Hour,153004,153004,0,0,"2025-04-27 10:00:00","2025-04-27 11:00:00","2025-08-27 06:29:29"
Nederland,WindOffshore,Hour,133864,133864,0,0,"2025-04-27 11:00:00","2025-04-27 12:00:00","2025-08-27 06:29:29"
Nederland,WindOffshore,Hour,80499,80499,0,0,"2025-04-27 12:00:00","2025-04-27 13:00:00","2025-08-27 06:29:29"
Nederland,WindOffshore,Hour,111527,111527,0,0,"2025-04-27 13:00:00","2025-04-27 14:00:00","2025-08-27 06:29:29"
Nederland,WindOffshore,Hour,151729,151729,0,0,"2025-04-27 14:00:00","2025-04-27 15:00:00","2025-08-27 06:29:29"
Nederland,WindOffshore,Hour,245636,245636,0,0,"2025-04-27 15:00:00","2025-04-27 16:00:00","2025-08-27 06:29:29"
Nederland,WindOffshore,Hour,230018,230018,0,0,"2025-04-27 16:00:00","2025-04-27 17:00:00","2025-08-27 06:29:29"
Nederland,WindOffshore,Hour,156242,156242,0,0,"2025-04-27 17:00:00","2025-04-27 18:00:00","2025-08-27 06:29:29"
Nederland,WindOffshore,Hour,153534,153534,0,0,"2025-04-27 18:00:00","2025-04-27 19:00:00","2025-08-27 06:29:29"
Nederland,WindOffshore,Hour,123306,123306,0,0,"2025-04-27 19:00:00","2025-04-27 20:00:00","2025-08-27 06:29:29"
Nederland,WindOffshore,Hour,92510,92510,0,0,"2025-04-27 20:00:00","2025-04-27 21:00:00","2025-08-27 06:29:29"
Nederland,WindOffshore,Hour,68694,68694,0,0,"2025-04-27 21:00:00","2025-04-27 22:00:00","2025-08-27 06:29:29"
Nederland,WindOffshore,Hour,75753,75753,0,0,"2025-04-27 22:00:00","2025-04-27 23:00:00","2025-08-27 06:29:29"
Nederland,WindOffshore,Hour,24621,24621,0,0,"2025-04-27 23:00:00","2025-04-28 00:00:00","2025-08-27 06:29:29"
Nederland,WindOffshore,Hour,725,725,0,0,"2025-04-28 00:00:00","2025-04-28 01:00:00","2025-08-28 06:29:15"
Nederland,WindOffshore,Hour,0,0,0,0,"2025-04-28 01:00:00","2025-04-28 02:00:00","2025-08-28 06:29:15"
Nederland,WindOffshore,Hour,0,0,0,0,"2025-04-28 02:00:00","2025-04-28 03:00:00","2025-08-28 06:29:15"
Nederland,WindOffshore,Hour,0,0,0,0,"2025-04-28 03:00:00","2025-04-28 04:00:00","2025-08-28 06:29:15"
Nederland,WindOffshore,Hour,0,0,0,0,"2025-04-28 04:00:00","2025-04-28 05:00:00","2025-08-28 06:29:15"
Nederland,WindOffshore,Hour,2872,2872,0,0,"2025-04-28 05:00:00","2025-04-28 06:00:00","2025-08-28 06:29:15"
Nederland,WindOffshore,Hour,20073,20073,0,0,"2025-04-28 06:00:00","2025-04-28 07:00:00","2025-08-28 06:29:15"
Nederland,WindOffshore,Hour,4873,4873,0,0,"2025-04-28 07:00:00","2025-04-28 08:00:00","2025-08-28 06:29:15"
Nederland,WindOffshore,Hour,0,0,0,0,"2025-04-28 08:00:00","2025-04-28 09:00:00","2025-08-28 06:29:15"
Nederland,WindOffshore,Hour,0,0,0,0,"2025-04-28 09:00:00","2025-04-28 10:00:00","2025-08-28 06:29:15"
Nederland,WindOffshore,Hour,0,0,0,0,"2025-04-28 10:00:00","2025-04-28 11:00:00","2025-08-28 06:29:15"
Nederland,WindOffshore,Hour,0,0,0,0,"2025-04-28 11:00:00","2025-04-28 12:00:00","2025-08-28 06:29:15"
Nederland,WindOffshore,Hour,0,0,0,0,"2025-04-28 12:00:00","2025-04-28 13:00:00","2025-08-28 06:29:15"
Nederland,WindOffshore,Hour,10662,10662,0,0,"2025-04-28 13:00:00","2025-04-28 14:00:00","2025-08-28 06:29:15"
Nederland,WindOffshore,Hour,89959,89959,0,0,"2025-04-28 14:00:00","2025-04-28 15:00:00","2025-08-28 06:29:15"
Nederland,WindOffshore,Hour,218600,218600,0,0,"2025-04-28 15:00:00","2025-04-28 16:00:00","2025-08-28 06:29:15"
Nederland,WindOffshore,Hour,145498,145498,0,0,"2025-04-28 16:00:00","2025-04-28 17:00:00","2025-08-28 06:29:15"
Nederland,WindOffshore,Hour,180650,180650,0,0,"2025-04-28 17:00:00","2025-04-28 18:00:00","2025-08-28 06:29:15"
Nederland,WindOffshore,Hour,211144,211144,0,0,"2025-04-28 18:00:00","2025-04-28 19:00:00","2025-08-28 06:29:15"
Nederland,WindOffshore,Hour,200834,200834,0,0,"2025-04-28 19:00:00","2025-04-28 20:00:00","2025-08-28 06:29:15"
Nederland,WindOffshore,Hour,248342,248342,0,0,"2025-04-28 20:00:00","2025-04-28 21:00:00","2025-08-28 06:29:15"
Nederland,WindOffshore,Hour,302680,302680,0,0,"2025-04-28 21:00:00","2025-04-28 22:00:00","2025-08-28 06:29:15"
Nederland,WindOffshore,Hour,180661,180661,0,0,"2025-04-28 22:00:00","2025-04-28 23:00:00","2025-08-28 06:29:15"
Nederland,WindOffshore,Hour,184533,184533,0,0,"2025-04-28 23:00:00","2025-04-29 00:00:00","2025-08-28 06:29:15"
Nederland,WindOffshore,Hour,201660,201660,0,0,"2025-04-29 00:00:00","2025-04-29 01:00:00","2025-08-29 06:29:18"
Nederland,WindOffshore,Hour,165212,165212,0,0,"2025-04-29 01:00:00","2025-04-29 02:00:00","2025-08-29 06:29:18"
Nederland,WindOffshore,Hour,153692,153692,0,0,"2025-04-29 02:00:00","2025-04-29 03:00:00","2025-08-29 06:29:18"
Nederland,WindOffshore,Hour,277765,277765,0,0,"2025-04-29 03:00:00","2025-04-29 04:00:00","2025-08-29 06:29:18"
Nederland,WindOffshore,Hour,320961,320961,0,0,"2025-04-29 04:00:00","2025-04-29 05:00:00","2025-08-29 06:29:18"
Nederland,WindOffshore,Hour,283833,283833,0,0,"2025-04-29 05:00:00","2025-04-29 06:00:00","2025-08-29 06:29:18"
Nederland,WindOffshore,Hour,335217,335217,0,0,"2025-04-29 06:00:00","2025-04-29 07:00:00","2025-08-29 06:29:18"
Nederland,WindOffshore,Hour,413614,413614,0,0,"2025-04-29 07:00:00","2025-04-29 08:00:00","2025-08-29 06:29:18"
Nederland,WindOffshore,Hour,378011,378011,0,0,"2025-04-29 08:00:00","2025-04-29 09:00:00","2025-08-29 06:29:18"
Nederland,WindOffshore,Hour,248155,248155,0,0,"2025-04-29 09:00:00","2025-04-29 10:00:00","2025-08-29 06:29:18"
Nederland,WindOffshore,Hour,103210,103210,0,0,"2025-04-29 10:00:00","2025-04-29 11:00:00","2025-08-29 06:29:18"
Nederland,WindOffshore,Hour,114912,114912,0,0,"2025-04-29 11:00:00","2025-04-29 12:00:00","2025-08-29 06:29:18"
Nederland,WindOffshore,Hour,286826,286826,0,0,"2025-04-29 12:00:00","2025-04-29 13:00:00","2025-08-29 06:29:18"
Nederland,WindOffshore,Hour,465808,465808,0,0,"2025-04-29 13:00:00","2025-04-29 14:00:00","2025-08-29 06:29:18"
Nederland,WindOffshore,Hour,883377,883377,0,0,"2025-04-29 14:00:00","2025-04-29 15:00:00","2025-08-29 06:29:18"
Nederland,WindOffshore,Hour,861518,861518,0,0,"2025-04-29 15:00:00","2025-04-29 16:00:00","2025-08-29 06:29:18"
Nederland,WindOffshore,Hour,913383,913383,0,0,"2025-04-29 16:00:00","2025-04-29 17:00:00","2025-08-29 06:29:18"
Nederland,WindOffshore,Hour,1323327,1323327,0,0,"2025-04-29 17:00:00","2025-04-29 18:00:00","2025-08-29 06:29:18"
Nederland,WindOffshore,Hour,1853438,1853438,0,0,"2025-04-29 18:00:00","2025-04-29 19:00:00","2025-08-29 06:29:18"
Nederland,WindOffshore,Hour,1653858,1653858,0,0,"2025-04-29 19:00:00","2025-04-29 20:00:00","2025-08-29 06:29:18"
Nederland,WindOffshore,Hour,1877886,1877886,0,0,"2025-04-29 20:00:00","2025-04-29 21:00:00","2025-08-29 06:29:18"
Nederland,WindOffshore,Hour,2060167,2060167,0,0,"2025-04-29 21:00:00","2025-04-29 22:00:00","2025-08-29 06:29:18"
Nederland,WindOffshore,Hour,1965932,1965932,0,0,"2025-04-29 22:00:00","2025-04-29 23:00:00","2025-08-29 06:29:18"
Nederland,WindOffshore,Hour,1926890,1926890,0,0,"2025-04-29 23:00:00","2025-04-30 00:00:00","2025-08-29 06:29:18"
Nederland,WindOffshore,Hour,1639002,1639002,0,0,"2025-04-30 00:00:00","2025-04-30 01:00:00","2025-08-30 06:29:26"
Nederland,WindOffshore,Hour,1142136,1142136,0,0,"2025-04-30 01:00:00","2025-04-30 02:00:00","2025-08-30 06:29:26"
Nederland,WindOffshore,Hour,690416,690416,0,0,"2025-04-30 02:00:00","2025-04-30 03:00:00","2025-08-30 06:29:26"
Nederland,WindOffshore,Hour,428005,428005,0,0,"2025-04-30 03:00:00","2025-04-30 04:00:00","2025-08-30 06:29:26"
Nederland,WindOffshore,Hour,291664,291664,0,0,"2025-04-30 04:00:00","2025-04-30 05:00:00","2025-08-30 06:29:26"
Nederland,WindOffshore,Hour,295167,295167,0,0,"2025-04-30 05:00:00","2025-04-30 06:00:00","2025-08-30 06:29:26"
Nederland,WindOffshore,Hour,287210,287210,0,0,"2025-04-30 06:00:00","2025-04-30 07:00:00","2025-08-30 06:29:26"
Nederland,WindOffshore,Hour,209233,209233,0,0,"2025-04-30 07:00:00","2025-04-30 08:00:00","2025-08-30 06:29:26"
Nederland,WindOffshore,Hour,133961,133961,0,0,"2025-04-30 08:00:00","2025-04-30 09:00:00","2025-08-30 06:29:26"
Nederland,WindOffshore,Hour,88884,88884,0,0,"2025-04-30 09:00:00","2025-04-30 10:00:00","2025-08-30 06:29:26"
Nederland,WindOffshore,Hour,40087,40087,0,0,"2025-04-30 10:00:00","2025-04-30 11:00:00","2025-08-30 06:29:26"
Nederland,WindOffshore,Hour,33176,33176,0,0,"2025-04-30 11:00:00","2025-04-30 12:00:00","2025-08-30 06:29:26"
Nederland,WindOffshore,Hour,67357,67357,0,0,"2025-04-30 12:00:00","2025-04-30 13:00:00","2025-08-30 06:29:26"
Nederland,WindOffshore,Hour,163086,163086,0,0,"2025-04-30 13:00:00","2025-04-30 14:00:00","2025-08-30 06:29:26"
Nederland,WindOffshore,Hour,510270,510270,0,0,"2025-04-30 14:00:00","2025-04-30 15:00:00","2025-08-30 06:29:26"
Nederland,WindOffshore,Hour,870881,870881,0,0,"2025-04-30 15:00:00","2025-04-30 16:00:00","2025-08-30 06:29:26"
Nederland,WindOffshore,Hour,1000807,1000807,0,0,"2025-04-30 16:00:00","2025-04-30 17:00:00","2025-08-30 06:29:26"
Nederland,WindOffshore,Hour,1210102,1210102,0,0,"2025-04-30 17:00:00","2025-04-30 18:00:00","2025-08-30 06:29:26"
Nederland,WindOffshore,Hour,1535266,1535266,0,0,"2025-04-30 18:00:00","2025-04-30 19:00:00","2025-08-30 06:29:26"
Nederland,WindOffshore,Hour,1029030,1029030,0,0,"2025-04-30 19:00:00","2025-04-30 20:00:00","2025-08-30 06:29:26"
Nederland,WindOffshore,Hour,984501,984501,0,0,"2025-04-30 20:00:00","2025-04-30 21:00:00","2025-08-30 06:29:26"
Nederland,WindOffshore,Hour,1389963,1389963,0,0,"2025-04-30 21:00:00","2025-04-30 22:00:00","2025-08-30 06:29:26"
Nederland,WindOffshore,Hour,1078390,1078390,0,0,"2025-04-30 22:00:00","2025-04-30 23:00:00","2025-08-30 06:29:26"
Nederland,WindOffshore,Hour,891968,891968,0,0,"2025-04-30 23:00:00","2025-05-01 00:00:00","2025-08-30 06:29:26"
Nederland,WindOffshore,Hour,871946,871946,0,0,"2025-05-01 00:00:00","2025-05-01 01:00:00","2025-08-31 06:29:20"
Nederland,WindOffshore,Hour,563970,563970,0,0,"2025-05-01 01:00:00","2025-05-01 02:00:00","2025-08-31 06:29:20"
Nederland,WindOffshore,Hour,409441,409441,0,0,"2025-05-01 02:00:00","2025-05-01 03:00:00","2025-08-31 06:29:20"
Nederland,WindOffshore,Hour,354216,354216,0,0,"2025-05-01 03:00:00","2025-05-01 04:00:00","2025-08-31 06:29:20"
Nederland,WindOffshore,Hour,341874,341874,0,0,"2025-05-01 04:00:00","2025-05-01 05:00:00","2025-08-31 06:29:20"
Nederland,WindOffshore,Hour,485644,485644,0,0,"2025-05-01 05:00:00","2025-05-01 06:00:00","2025-08-31 06:29:20"
Nederland,WindOffshore,Hour,435174,435174,0,0,"2025-05-01 06:00:00","2025-05-01 07:00:00","2025-08-31 06:29:20"
Nederland,WindOffshore,Hour,287640,287640,0,0,"2025-05-01 07:00:00","2025-05-01 08:00:00","2025-08-31 06:29:20"
Nederland,WindOffshore,Hour,154985,154985,0,0,"2025-05-01 08:00:00","2025-05-01 09:00:00","2025-08-31 06:29:20"
Nederland,WindOffshore,Hour,95995,95995,0,0,"2025-05-01 09:00:00","2025-05-01 10:00:00","2025-08-31 06:29:20"
Nederland,WindOffshore,Hour,41021,41021,0,0,"2025-05-01 10:00:00","2025-05-01 11:00:00","2025-08-31 06:29:20"
Nederland,WindOffshore,Hour,9693,9693,0,0,"2025-05-01 11:00:00","2025-05-01 12:00:00","2025-08-31 06:29:20"
Nederland,WindOffshore,Hour,1270,1270,0,0,"2025-05-01 12:00:00","2025-05-01 13:00:00","2025-08-31 06:29:20"
Nederland,WindOffshore,Hour,0,0,0,0,"2025-05-01 13:00:00","2025-05-01 14:00:00","2025-08-31 06:29:20"
Nederland,WindOffshore,Hour,0,0,0,0,"2025-05-01 14:00:00","2025-05-01 15:00:00","2025-08-31 06:29:20"
Nederland,WindOffshore,Hour,0,0,0,0,"2025-05-01 15:00:00","2025-05-01 16:00:00","2025-08-31 06:29:20"
Nederland,WindOffshore,Hour,0,0,0,0,"2025-05-01 16:00:00","2025-05-01 17:00:00","2025-08-31 06:29:20"
Nederland,WindOffshore,Hour,0,0,0,0,"2025-05-01 17:00:00","2025-05-01 18:00:00","2025-08-31 06:29:20"
Nederland,WindOffshore,Hour,0,0,0,0,"2025-05-01 18:00:00","2025-05-01 19:00:00","2025-08-31 06:29:20"
Nederland,WindOffshore,Hour,0,0,0,0,"2025-05-01 19:00:00","2025-05-01 20:00:00","2025-08-31 06:29:20"
Nederland,WindOffshore,Hour,49445,49445,0,0,"2025-05-01 20:00:00","2025-05-01 21:00:00","2025-08-31 06:29:20"
Nederland,WindOffshore,Hour,37527,37527,0,0,"2025-05-01 21:00:00","2025-05-01 22:00:00","2025-08-31 06:29:20"
Nederland,WindOffshore,Hour,105814,105814,0,0,"2025-05-01 22:00:00","2025-05-01 23:00:00","2025-08-31 06:29:20"
Nederland,WindOffshore,Hour,280711,280711,0,0,"2025-05-01 23:00:00","2025-05-02 00:00:00","2025-08-31 06:29:20"
Nederland,WindOffshore,Hour,531197,531197,0,0,"2025-05-02 00:00:00","2025-05-02 01:00:00","2025-09-01 06:29:24"
Nederland,WindOffshore,Hour,811438,811438,0,0,"2025-05-02 01:00:00","2025-05-02 02:00:00","2025-09-01 06:29:24"
Nederland,WindOffshore,Hour,821844,821844,0,0,"2025-05-02 02:00:00","2025-05-02 03:00:00","2025-09-01 06:29:24"
Nederland,WindOffshore,Hour,463865,463865,0,0,"2025-05-02 03:00:00","2025-05-02 04:00:00","2025-09-01 06:29:24"
Nederland,WindOffshore,Hour,631452,631452,0,0,"2025-05-02 04:00:00","2025-05-02 05:00:00","2025-09-01 06:29:24"
Nederland,WindOffshore,Hour,210765,210765,0,0,"2025-05-02 05:00:00","2025-05-02 06:00:00","2025-09-01 06:29:24"
Nederland,WindOffshore,Hour,82468,82468,0,0,"2025-05-02 06:00:00","2025-05-02 07:00:00","2025-09-01 06:29:24"
Nederland,WindOffshore,Hour,167920,167920,0,0,"2025-05-02 07:00:00","2025-05-02 08:00:00","2025-09-01 06:29:24"
Nederland,WindOffshore,Hour,247189,247189,0,0,"2025-05-02 08:00:00","2025-05-02 09:00:00","2025-09-01 06:29:24"
Nederland,WindOffshore,Hour,342051,342051,0,0,"2025-05-02 09:00:00","2025-05-02 10:00:00","2025-09-01 06:29:24"
Nederland,WindOffshore,Hour,371448,371448,0,0,"2025-05-02 10:00:00","2025-05-02 11:00:00","2025-09-01 06:29:24"
Nederland,WindOffshore,Hour,314661,314661,0,0,"2025-05-02 11:00:00","2025-05-02 12:00:00","2025-09-01 06:29:24"
Nederland,WindOffshore,Hour,507156,507156,0,0,"2025-05-02 12:00:00","2025-05-02 13:00:00","2025-09-01 06:29:24"
Nederland,WindOffshore,Hour,783770,783770,0,0,"2025-05-02 13:00:00","2025-05-02 14:00:00","2025-09-01 06:29:24"
Nederland,WindOffshore,Hour,1109131,1109131,0,0,"2025-05-02 14:00:00","2025-05-02 15:00:00","2025-09-01 06:29:24"
Nederland,WindOffshore,Hour,991004,991004,0,0,"2025-05-02 15:00:00","2025-05-02 16:00:00","2025-09-01 06:29:24"
Nederland,WindOffshore,Hour,612416,612416,0,0,"2025-05-02 16:00:00","2025-05-02 17:00:00","2025-09-01 06:29:24"
Nederland,WindOffshore,Hour,530253,530253,0,0,"2025-05-02 17:00:00","2025-05-02 18:00:00","2025-09-01 06:29:24"
Nederland,WindOffshore,Hour,741203,741203,0,0,"2025-05-02 18:00:00","2025-05-02 19:00:00","2025-09-01 06:29:24"
Nederland,WindOffshore,Hour,675124,675124,0,0,"2025-05-02 19:00:00","2025-05-02 20:00:00","2025-09-01 06:29:24"
Nederland,WindOffshore,Hour,756462,756462,0,0,"2025-05-02 20:00:00","2025-05-02 21:00:00","2025-09-01 06:29:24"
Nederland,WindOffshore,Hour,1245917,1245917,0,0,"2025-05-02 21:00:00","2025-05-02 22:00:00","2025-09-01 06:29:24"
Nederland,WindOffshore,Hour,1235452,1235452,0,0,"2025-05-02 22:00:00","2025-05-02 23:00:00","2025-09-01 06:29:24"
Nederland,WindOffshore,Hour,893127,893127,0,0,"2025-05-02 23:00:00","2025-05-03 00:00:00","2025-09-01 06:29:24"
Nederland,WindOffshore,Hour,800379,800379,0,0,"2025-05-03 00:00:00","2025-05-03 01:00:00","2025-09-02 06:29:20"
Nederland,WindOffshore,Hour,777495,777495,0,0,"2025-05-03 01:00:00","2025-05-03 02:00:00","2025-09-02 06:29:20"
Nederland,WindOffshore,Hour,566202,566202,0,0,"2025-05-03 02:00:00","2025-05-03 03:00:00","2025-09-02 06:29:20"
Nederland,WindOffshore,Hour,360670,360670,0,0,"2025-05-03 03:00:00","2025-05-03 04:00:00","2025-09-02 06:29:20"
Nederland,WindOffshore,Hour,214564,214564,0,0,"2025-05-03 04:00:00","2025-05-03 05:00:00","2025-09-02 06:29:20"
Nederland,WindOffshore,Hour,96005,96005,0,0,"2025-05-03 05:00:00","2025-05-03 06:00:00","2025-09-02 06:29:20"
Nederland,WindOffshore,Hour,53344,53344,0,0,"2025-05-03 06:00:00","2025-05-03 07:00:00","2025-09-02 06:29:20"
Nederland,WindOffshore,Hour,34270,34270,0,0,"2025-05-03 07:00:00","2025-05-03 08:00:00","2025-09-02 06:29:20"
Nederland,WindOffshore,Hour,39424,39424,0,0,"2025-05-03 08:00:00","2025-05-03 09:00:00","2025-09-02 06:29:20"
Nederland,WindOffshore,Hour,9603,9603,0,0,"2025-05-03 09:00:00","2025-05-03 10:00:00","2025-09-02 06:29:20"
Nederland,WindOffshore,Hour,5909,5909,0,0,"2025-05-03 10:00:00","2025-05-03 11:00:00","2025-09-02 06:29:20"
Nederland,WindOffshore,Hour,17557,17557,0,0,"2025-05-03 11:00:00","2025-05-03 12:00:00","2025-09-02 06:29:20"
Nederland,WindOffshore,Hour,25801,25801,0,0,"2025-05-03 12:00:00","2025-05-03 13:00:00","2025-09-02 06:29:20"
Nederland,WindOffshore,Hour,77496,77496,0,0,"2025-05-03 13:00:00","2025-05-03 14:00:00","2025-09-02 06:29:20"
Nederland,WindOffshore,Hour,329365,329365,0,0,"2025-05-03 14:00:00","2025-05-03 15:00:00","2025-09-02 06:29:20"
Nederland,WindOffshore,Hour,1226535,1226535,0,0,"2025-05-03 15:00:00","2025-05-03 16:00:00","2025-09-02 06:29:20"
Nederland,WindOffshore,Hour,3018209,3018209,0,0,"2025-05-03 16:00:00","2025-05-03 17:00:00","2025-09-02 06:29:20"
Nederland,WindOffshore,Hour,3519891,3519891,0,0,"2025-05-03 17:00:00","2025-05-03 18:00:00","2025-09-02 06:29:20"
Nederland,WindOffshore,Hour,3707117,3707117,0,0,"2025-05-03 18:00:00","2025-05-03 19:00:00","2025-09-02 06:29:20"
Nederland,WindOffshore,Hour,3702894,3702894,0,0,"2025-05-03 19:00:00","2025-05-03 20:00:00","2025-09-02 06:29:20"
Nederland,WindOffshore,Hour,3625042,3625042,0,0,"2025-05-03 20:00:00","2025-05-03 21:00:00","2025-09-02 06:29:20"
Nederland,WindOffshore,Hour,3351581,3351581,0,0,"2025-05-03 21:00:00","2025-05-03 22:00:00","2025-09-02 06:29:20"
Nederland,WindOffshore,Hour,3163783,3163783,0,0,"2025-05-03 22:00:00","2025-05-03 23:00:00","2025-09-02 06:29:20"
Nederland,WindOffshore,Hour,2916970,2916970,0,0,"2025-05-03 23:00:00","2025-05-04 00:00:00","2025-09-02 06:29:20"
Nederland,WindOffshore,Hour,2709460,2709460,0,0,"2025-05-04 00:00:00","2025-05-04 01:00:00","2025-09-03 06:29:19"
Nederland,WindOffshore,Hour,2817680,2817680,0,0,"2025-05-04 01:00:00","2025-05-04 02:00:00","2025-09-03 06:29:19"
Nederland,WindOffshore,Hour,3282638,3282638,0,0,"2025-05-04 02:00:00","2025-05-04 03:00:00","2025-09-03 06:29:19"
Nederland,WindOffshore,Hour,3440623,3440623,0,0,"2025-05-04 03:00:00","2025-05-04 04:00:00","2025-09-03 06:29:19"
Nederland,WindOffshore,Hour,3274626,3274626,0,0,"2025-05-04 04:00:00","2025-05-04 05:00:00","2025-09-03 06:29:19"
Nederland,WindOffshore,Hour,2846665,2846665,0,0,"2025-05-04 05:00:00","2025-05-04 06:00:00","2025-09-03 06:29:19"
Nederland,WindOffshore,Hour,2860294,2860294,0,0,"2025-05-04 06:00:00","2025-05-04 07:00:00","2025-09-03 06:29:19"
Nederland,WindOffshore,Hour,2774976,2774976,0,0,"2025-05-04 07:00:00","2025-05-04 08:00:00","2025-09-03 06:29:19"
Nederland,WindOffshore,Hour,2616417,2616417,0,0,"2025-05-04 08:00:00","2025-05-04 09:00:00","2025-09-03 06:29:19"
Nederland,WindOffshore,Hour,2072118,2072118,0,0,"2025-05-04 09:00:00","2025-05-04 10:00:00","2025-09-03 06:29:19"
Nederland,WindOffshore,Hour,2278911,2278911,0,0,"2025-05-04 10:00:00","2025-05-04 11:00:00","2025-09-03 06:29:19"
Nederland,WindOffshore,Hour,2367806,2367806,0,0,"2025-05-04 11:00:00","2025-05-04 12:00:00","2025-09-03 06:29:19"
Nederland,WindOffshore,Hour,2457732,2457732,0,0,"2025-05-04 12:00:00","2025-05-04 13:00:00","2025-09-03 06:29:19"
Nederland,WindOffshore,Hour,2382376,2382376,0,0,"2025-05-04 13:00:00","2025-05-04 14:00:00","2025-09-03 06:29:19"
Nederland,WindOffshore,Hour,2460900,2460900,0,0,"2025-05-04 14:00:00","2025-05-04 15:00:00","2025-09-03 06:29:19"
Nederland,WindOffshore,Hour,2523877,2523877,0,0,"2025-05-04 15:00:00","2025-05-04 16:00:00","2025-09-03 06:29:19"
Nederland,WindOffshore,Hour,2484210,2484210,0,0,"2025-05-04 16:00:00","2025-05-04 17:00:00","2025-09-03 06:29:19"
Nederland,WindOffshore,Hour,2568036,2568036,0,0,"2025-05-04 17:00:00","2025-05-04 18:00:00","2025-09-03 06:29:19"
Nederland,WindOffshore,Hour,2448179,2448179,0,0,"2025-05-04 18:00:00","2025-05-04 19:00:00","2025-09-03 06:29:19"
Nederland,WindOffshore,Hour,2456220,2456220,0,0,"2025-05-04 19:00:00","2025-05-04 20:00:00","2025-09-03 06:29:19"
Nederland,WindOffshore,Hour,2246090,2246090,0,0,"2025-05-04 20:00:00","2025-05-04 21:00:00","2025-09-03 06:29:19"
Nederland,WindOffshore,Hour,2032626,2032626,0,0,"2025-05-04 21:00:00","2025-05-04 22:00:00","2025-09-03 06:29:19"
Nederland,WindOffshore,Hour,1960980,1960980,0,0,"2025-05-04 22:00:00","2025-05-04 23:00:00","2025-09-03 06:29:19"
Nederland,WindOffshore,Hour,1856324,1856324,0,0,"2025-05-04 23:00:00","2025-05-05 00:00:00","2025-09-03 06:29:19"
Nederland,WindOffshore,Hour,1268433,1268433,0,0,"2025-05-05 00:00:00","2025-05-05 01:00:00","2025-09-04 06:29:33"
Nederland,WindOffshore,Hour,1010576,1010576,0,0,"2025-05-05 01:00:00","2025-05-05 02:00:00","2025-09-04 06:29:33"
Nederland,WindOffshore,Hour,713123,713123,0,0,"2025-05-05 02:00:00","2025-05-05 03:00:00","2025-09-04 06:29:33"
Nederland,WindOffshore,Hour,593002,593002,0,0,"2025-05-05 03:00:00","2025-05-05 04:00:00","2025-09-04 06:29:33"
Nederland,WindOffshore,Hour,727568,727568,0,0,"2025-05-05 04:00:00","2025-05-05 05:00:00","2025-09-04 06:29:33"
Nederland,WindOffshore,Hour,1102882,1102882,0,0,"2025-05-05 05:00:00","2025-05-05 06:00:00","2025-09-04 06:29:33"
Nederland,WindOffshore,Hour,1233446,1233446,0,0,"2025-05-05 06:00:00","2025-05-05 07:00:00","2025-09-04 06:29:33"
Nederland,WindOffshore,Hour,1397214,1397214,0,0,"2025-05-05 07:00:00","2025-05-05 08:00:00","2025-09-04 06:29:33"
Nederland,WindOffshore,Hour,1889444,1889444,0,0,"2025-05-05 08:00:00","2025-05-05 09:00:00","2025-09-04 06:29:33"
Nederland,WindOffshore,Hour,2841262,2841262,0,0,"2025-05-05 09:00:00","2025-05-05 10:00:00","2025-09-04 06:29:33"
Nederland,WindOffshore,Hour,2871607,2871607,0,0,"2025-05-05 10:00:00","2025-05-05 11:00:00","2025-09-04 06:29:33"
Nederland,WindOffshore,Hour,3079626,3079626,0,0,"2025-05-05 11:00:00","2025-05-05 12:00:00","2025-09-04 06:29:33"
Nederland,WindOffshore,Hour,3454126,3454126,0,0,"2025-05-05 12:00:00","2025-05-05 13:00:00","2025-09-04 06:29:33"
Nederland,WindOffshore,Hour,3778255,3778255,0,0,"2025-05-05 13:00:00","2025-05-05 14:00:00","2025-09-04 06:29:33"
Nederland,WindOffshore,Hour,3816392,3816392,0,0,"2025-05-05 14:00:00","2025-05-05 15:00:00","2025-09-04 06:29:33"
Nederland,WindOffshore,Hour,3827793,3827793,0,0,"2025-05-05 15:00:00","2025-05-05 16:00:00","2025-09-04 06:29:33"
Nederland,WindOffshore,Hour,3854274,3854274,0,0,"2025-05-05 16:00:00","2025-05-05 17:00:00","2025-09-04 06:29:33"
Nederland,WindOffshore,Hour,3866504,3866504,0,0,"2025-05-05 17:00:00","2025-05-05 18:00:00","2025-09-04 06:29:33"
Nederland,WindOffshore,Hour,3781556,3781556,0,0,"2025-05-05 18:00:00","2025-05-05 19:00:00","2025-09-04 06:29:33"
Nederland,WindOffshore,Hour,3694087,3694087,0,0,"2025-05-05 19:00:00","2025-05-05 20:00:00","2025-09-04 06:29:33"
Nederland,WindOffshore,Hour,3543100,3543100,0,0,"2025-05-05 20:00:00","2025-05-05 21:00:00","2025-09-04 06:29:33"
Nederland,WindOffshore,Hour,3271344,3271344,0,0,"2025-05-05 21:00:00","2025-05-05 22:00:00","2025-09-04 06:29:33"
Nederland,WindOffshore,Hour,3033396,3033396,0,0,"2025-05-05 22:00:00","2025-05-05 23:00:00","2025-09-04 06:29:33"
Nederland,WindOffshore,Hour,2922786,2922786,0,0,"2025-05-05 23:00:00","2025-05-06 00:00:00","2025-09-04 06:29:33"
Nederland,WindOffshore,Hour,2716832,2716832,0,0,"2025-05-06 00:00:00","2025-05-06 01:00:00","2025-09-05 06:29:17"
Nederland,WindOffshore,Hour,2566425,2566425,0,0,"2025-05-06 01:00:00","2025-05-06 02:00:00","2025-09-05 06:29:17"
Nederland,WindOffshore,Hour,2389626,2389626,0,0,"2025-05-06 02:00:00","2025-05-06 03:00:00","2025-09-05 06:29:17"
Nederland,WindOffshore,Hour,1925903,1925903,0,0,"2025-05-06 03:00:00","2025-05-06 04:00:00","2025-09-05 06:29:17"
Nederland,WindOffshore,Hour,1491765,1491765,0,0,"2025-05-06 04:00:00","2025-05-06 05:00:00","2025-09-05 06:29:17"
Nederland,WindOffshore,Hour,1608785,1608785,0,0,"2025-05-06 05:00:00","2025-05-06 06:00:00","2025-09-05 06:29:17"
Nederland,WindOffshore,Hour,1500856,1500856,0,0,"2025-05-06 06:00:00","2025-05-06 07:00:00","2025-09-05 06:29:17"
Nederland,WindOffshore,Hour,1565519,1565519,0,0,"2025-05-06 07:00:00","2025-05-06 08:00:00","2025-09-05 06:29:17"
Nederland,WindOffshore,Hour,1227591,1227591,0,0,"2025-05-06 08:00:00","2025-05-06 09:00:00","2025-09-05 06:29:17"
Nederland,WindOffshore,Hour,1332991,1332991,0,0,"2025-05-06 09:00:00","2025-05-06 10:00:00","2025-09-05 06:29:17"
Nederland,WindOffshore,Hour,1081479,1081479,0,0,"2025-05-06 10:00:00","2025-05-06 11:00:00","2025-09-05 06:29:17"
Nederland,WindOffshore,Hour,922941,922941,0,0,"2025-05-06 11:00:00","2025-05-06 12:00:00","2025-09-05 06:29:17"
Nederland,WindOffshore,Hour,1052595,1052595,0,0,"2025-05-06 12:00:00","2025-05-06 13:00:00","2025-09-05 06:29:17"
Nederland,WindOffshore,Hour,1606135,1606135,0,0,"2025-05-06 13:00:00","2025-05-06 14:00:00","2025-09-05 06:29:17"
Nederland,WindOffshore,Hour,1951503,1951503,0,0,"2025-05-06 14:00:00","2025-05-06 15:00:00","2025-09-05 06:29:17"
Nederland,WindOffshore,Hour,2502986,2502986,0,0,"2025-05-06 15:00:00","2025-05-06 16:00:00","2025-09-05 06:29:17"
Nederland,WindOffshore,Hour,2616058,2616058,0,0,"2025-05-06 16:00:00","2025-05-06 17:00:00","2025-09-05 06:29:17"
Nederland,WindOffshore,Hour,2512823,2512823,0,0,"2025-05-06 17:00:00","2025-05-06 18:00:00","2025-09-05 06:29:17"
Nederland,WindOffshore,Hour,2319676,2319676,0,0,"2025-05-06 18:00:00","2025-05-06 19:00:00","2025-09-05 06:29:17"
Nederland,WindOffshore,Hour,2349578,2349578,0,0,"2025-05-06 19:00:00","2025-05-06 20:00:00","2025-09-05 06:29:17"
Nederland,WindOffshore,Hour,2187490,2187490,0,0,"2025-05-06 20:00:00","2025-05-06 21:00:00","2025-09-05 06:29:17"
Nederland,WindOffshore,Hour,2177016,2177016,0,0,"2025-05-06 21:00:00","2025-05-06 22:00:00","2025-09-05 06:29:17"
Nederland,WindOffshore,Hour,2100342,2100342,0,0,"2025-05-06 22:00:00","2025-05-06 23:00:00","2025-09-05 06:29:17"
Nederland,WindOffshore,Hour,1694178,1694178,0,0,"2025-05-06 23:00:00","2025-05-07 00:00:00","2025-09-05 06:29:17"
Nederland,WindOffshore,Hour,1572881,1572881,0,0,"2025-05-07 00:00:00","2025-05-07 01:00:00","2025-09-06 06:29:25"
Nederland,WindOffshore,Hour,1501033,1501033,0,0,"2025-05-07 01:00:00","2025-05-07 02:00:00","2025-09-06 06:29:25"
Nederland,WindOffshore,Hour,1493887,1493887,0,0,"2025-05-07 02:00:00","2025-05-07 03:00:00","2025-09-06 06:29:25"
Nederland,WindOffshore,Hour,1861572,1861572,0,0,"2025-05-07 03:00:00","2025-05-07 04:00:00","2025-09-06 06:29:25"
Nederland,WindOffshore,Hour,1746504,1746504,0,0,"2025-05-07 04:00:00","2025-05-07 05:00:00","2025-09-06 06:29:25"
Nederland,WindOffshore,Hour,2061038,2061038,0,0,"2025-05-07 05:00:00","2025-05-07 06:00:00","2025-09-06 06:29:25"
Nederland,WindOffshore,Hour,2122594,2122594,0,0,"2025-05-07 06:00:00","2025-05-07 07:00:00","2025-09-06 06:29:25"
Nederland,WindOffshore,Hour,2019345,2019345,0,0,"2025-05-07 07:00:00","2025-05-07 08:00:00","2025-09-06 06:29:25"
Nederland,WindOffshore,Hour,1492048,1492048,0,0,"2025-05-07 08:00:00","2025-05-07 09:00:00","2025-09-06 06:29:25"
Nederland,WindOffshore,Hour,1277994,1277994,0,0,"2025-05-07 09:00:00","2025-05-07 10:00:00","2025-09-06 06:29:25"
Nederland,WindOffshore,Hour,1104951,1104951,0,0,"2025-05-07 10:00:00","2025-05-07 11:00:00","2025-09-06 06:29:25"
Nederland,WindOffshore,Hour,1180749,1180749,0,0,"2025-05-07 11:00:00","2025-05-07 12:00:00","2025-09-06 06:29:25"
Nederland,WindOffshore,Hour,1439895,1439895,0,0,"2025-05-07 12:00:00","2025-05-07 13:00:00","2025-09-06 06:29:25"
Nederland,WindOffshore,Hour,1312912,1312912,0,0,"2025-05-07 13:00:00","2025-05-07 14:00:00","2025-09-06 06:29:25"
Nederland,WindOffshore,Hour,1591700,1591700,0,0,"2025-05-07 14:00:00","2025-05-07 15:00:00","2025-09-06 06:29:25"
Nederland,WindOffshore,Hour,2206119,2206119,0,0,"2025-05-07 15:00:00","2025-05-07 16:00:00","2025-09-06 06:29:25"
Nederland,WindOffshore,Hour,2752924,2752924,0,0,"2025-05-07 16:00:00","2025-05-07 17:00:00","2025-09-06 06:29:25"
Nederland,WindOffshore,Hour,2977712,2977712,0,0,"2025-05-07 17:00:00","2025-05-07 18:00:00","2025-09-06 06:29:25"
Nederland,WindOffshore,Hour,2974210,2974210,0,0,"2025-05-07 18:00:00","2025-05-07 19:00:00","2025-09-06 06:29:25"
Nederland,WindOffshore,Hour,3124781,3124781,0,0,"2025-05-07 19:00:00","2025-05-07 20:00:00","2025-09-06 06:29:25"
Nederland,WindOffshore,Hour,3145264,3145264,0,0,"2025-05-07 20:00:00","2025-05-07 21:00:00","2025-09-06 06:29:25"
Nederland,WindOffshore,Hour,2988581,2988581,0,0,"2025-05-07 21:00:00","2025-05-07 22:00:00","2025-09-06 06:29:25"
Nederland,WindOffshore,Hour,3027258,3027258,0,0,"2025-05-07 22:00:00","2025-05-07 23:00:00","2025-09-06 06:29:25"
Nederland,WindOffshore,Hour,2866083,2866083,0,0,"2025-05-07 23:00:00","2025-05-08 00:00:00","2025-09-06 06:29:25"
Nederland,WindOffshore,Hour,3063236,3063236,0,0,"2025-05-08 00:00:00","2025-05-08 01:00:00","2025-09-07 06:29:24"
Nederland,WindOffshore,Hour,2985787,2985787,0,0,"2025-05-08 01:00:00","2025-05-08 02:00:00","2025-09-07 06:29:24"
Nederland,WindOffshore,Hour,2390100,2390100,0,0,"2025-05-08 02:00:00","2025-05-08 03:00:00","2025-09-07 06:29:24"
Nederland,WindOffshore,Hour,2016573,2016573,0,0,"2025-05-08 03:00:00","2025-05-08 04:00:00","2025-09-07 06:29:24"
Nederland,WindOffshore,Hour,1867446,1867446,0,0,"2025-05-08 04:00:00","2025-05-08 05:00:00","2025-09-07 06:29:24"
Nederland,WindOffshore,Hour,1976573,1976573,0,0,"2025-05-08 05:00:00","2025-05-08 06:00:00","2025-09-07 06:29:24"
Nederland,WindOffshore,Hour,2021217,2021217,0,0,"2025-05-08 06:00:00","2025-05-08 07:00:00","2025-09-07 06:29:24"
Nederland,WindOffshore,Hour,2189683,2189683,0,0,"2025-05-08 07:00:00","2025-05-08 08:00:00","2025-09-07 06:29:24"
Nederland,WindOffshore,Hour,2205843,2205843,0,0,"2025-05-08 08:00:00","2025-05-08 09:00:00","2025-09-07 06:29:24"
Nederland,WindOffshore,Hour,2198814,2198814,0,0,"2025-05-08 09:00:00","2025-05-08 10:00:00","2025-09-07 06:29:24"
Nederland,WindOffshore,Hour,2081276,2081276,0,0,"2025-05-08 10:00:00","2025-05-08 11:00:00","2025-09-07 06:29:24"
Nederland,WindOffshore,Hour,1567511,1567511,0,0,"2025-05-08 11:00:00","2025-05-08 12:00:00","2025-09-07 06:29:24"
Nederland,WindOffshore,Hour,1465902,1465902,0,0,"2025-05-08 12:00:00","2025-05-08 13:00:00","2025-09-07 06:29:24"
Nederland,WindOffshore,Hour,1662640,1662640,0,0,"2025-05-08 13:00:00","2025-05-08 14:00:00","2025-09-07 06:29:24"
Nederland,WindOffshore,Hour,1511555,1511555,0,0,"2025-05-08 14:00:00","2025-05-08 15:00:00","2025-09-07 06:29:24"
Nederland,WindOffshore,Hour,1576040,1576040,0,0,"2025-05-08 15:00:00","2025-05-08 16:00:00","2025-09-07 06:29:24"
Nederland,WindOffshore,Hour,1959048,1959048,0,0,"2025-05-08 16:00:00","2025-05-08 17:00:00","2025-09-07 06:29:24"
Nederland,WindOffshore,Hour,2268597,2268597,0,0,"2025-05-08 17:00:00","2025-05-08 18:00:00","2025-09-07 06:29:24"
Nederland,WindOffshore,Hour,2658502,2658502,0,0,"2025-05-08 18:00:00","2025-05-08 19:00:00","2025-09-07 06:29:24"
Nederland,WindOffshore,Hour,2867504,2867504,0,0,"2025-05-08 19:00:00","2025-05-08 20:00:00","2025-09-07 06:29:24"
Nederland,WindOffshore,Hour,2529314,2529314,0,0,"2025-05-08 20:00:00","2025-05-08 21:00:00","2025-09-07 06:29:24"
Nederland,WindOffshore,Hour,1813173,1813173,0,0,"2025-05-08 21:00:00","2025-05-08 22:00:00","2025-09-07 06:29:24"
Nederland,WindOffshore,Hour,1889531,1889531,0,0,"2025-05-08 22:00:00","2025-05-08 23:00:00","2025-09-07 06:29:24"
Nederland,WindOffshore,Hour,1575522,1575522,0,0,"2025-05-08 23:00:00","2025-05-09 00:00:00","2025-09-07 06:29:24"
Nederland,WindOffshore,Hour,1299310,1299310,0,0,"2025-05-09 00:00:00","2025-05-09 01:00:00","2025-09-08 06:29:42"
Nederland,WindOffshore,Hour,1067877,1067877,0,0,"2025-05-09 01:00:00","2025-05-09 02:00:00","2025-09-08 06:29:42"
Nederland,WindOffshore,Hour,1025964,1025964,0,0,"2025-05-09 02:00:00","2025-05-09 03:00:00","2025-09-08 06:29:42"
Nederland,WindOffshore,Hour,979330,979330,0,0,"2025-05-09 03:00:00","2025-05-09 04:00:00","2025-09-08 06:29:42"
Nederland,WindOffshore,Hour,821915,821915,0,0,"2025-05-09 04:00:00","2025-05-09 05:00:00","2025-09-08 06:29:42"
Nederland,WindOffshore,Hour,650826,650826,0,0,"2025-05-09 05:00:00","2025-05-09 06:00:00","2025-09-08 06:29:42"
Nederland,WindOffshore,Hour,440206,440206,0,0,"2025-05-09 06:00:00","2025-05-09 07:00:00","2025-09-08 06:29:42"
Nederland,WindOffshore,Hour,360424,360424,0,0,"2025-05-09 07:00:00","2025-05-09 08:00:00","2025-09-08 06:29:42"
Nederland,WindOffshore,Hour,438812,438812,0,0,"2025-05-09 08:00:00","2025-05-09 09:00:00","2025-09-08 06:29:42"
Nederland,WindOffshore,Hour,505609,505609,0,0,"2025-05-09 09:00:00","2025-05-09 10:00:00","2025-09-08 06:29:42"
Nederland,WindOffshore,Hour,394865,394865,0,0,"2025-05-09 10:00:00","2025-05-09 11:00:00","2025-09-08 06:29:42"
Nederland,WindOffshore,Hour,540195,540195,0,0,"2025-05-09 11:00:00","2025-05-09 12:00:00","2025-09-08 06:29:42"
Nederland,WindOffshore,Hour,828569,828569,0,0,"2025-05-09 12:00:00","2025-05-09 13:00:00","2025-09-08 06:29:42"
Nederland,WindOffshore,Hour,1266457,1266457,0,0,"2025-05-09 13:00:00","2025-05-09 14:00:00","2025-09-08 06:29:42"
Nederland,WindOffshore,Hour,2335098,2335098,0,0,"2025-05-09 14:00:00","2025-05-09 15:00:00","2025-09-08 06:29:42"
Nederland,WindOffshore,Hour,2683269,2683269,0,0,"2025-05-09 15:00:00","2025-05-09 16:00:00","2025-09-08 06:29:42"
Nederland,WindOffshore,Hour,3011538,3011538,0,0,"2025-05-09 16:00:00","2025-05-09 17:00:00","2025-09-08 06:29:42"
Nederland,WindOffshore,Hour,3154308,3154308,0,0,"2025-05-09 17:00:00","2025-05-09 18:00:00","2025-09-08 06:29:42"
Nederland,WindOffshore,Hour,3352954,3352954,0,0,"2025-05-09 18:00:00","2025-05-09 19:00:00","2025-09-08 06:29:42"
Nederland,WindOffshore,Hour,3223718,3223718,0,0,"2025-05-09 19:00:00","2025-05-09 20:00:00","2025-09-08 06:29:42"
Nederland,WindOffshore,Hour,3045312,3045312,0,0,"2025-05-09 20:00:00","2025-05-09 21:00:00","2025-09-08 06:29:42"
Nederland,WindOffshore,Hour,2976030,2976030,0,0,"2025-05-09 21:00:00","2025-05-09 22:00:00","2025-09-08 06:29:42"
Nederland,WindOffshore,Hour,2806733,2806733,0,0,"2025-05-09 22:00:00","2025-05-09 23:00:00","2025-09-08 06:29:42"
Nederland,WindOffshore,Hour,2734958,2734958,0,0,"2025-05-09 23:00:00","2025-05-10 00:00:00","2025-09-08 06:29:42"
Nederland,WindOffshore,Hour,2086953,2086953,0,0,"2025-05-10 00:00:00","2025-05-10 01:00:00","2025-09-09 06:29:43"
Nederland,WindOffshore,Hour,1583844,1583844,0,0,"2025-05-10 01:00:00","2025-05-10 02:00:00","2025-09-09 06:29:43"
Nederland,WindOffshore,Hour,1177289,1177289,0,0,"2025-05-10 02:00:00","2025-05-10 03:00:00","2025-09-09 06:29:43"
Nederland,WindOffshore,Hour,1049515,1049515,0,0,"2025-05-10 03:00:00","2025-05-10 04:00:00","2025-09-09 06:29:43"
Nederland,WindOffshore,Hour,1065753,1065753,0,0,"2025-05-10 04:00:00","2025-05-10 05:00:00","2025-09-09 06:29:43"
Nederland,WindOffshore,Hour,876451,876451,0,0,"2025-05-10 05:00:00","2025-05-10 06:00:00","2025-09-09 06:29:43"
Nederland,WindOffshore,Hour,611207,611207,0,0,"2025-05-10 06:00:00","2025-05-10 07:00:00","2025-09-09 06:29:43"
Nederland,WindOffshore,Hour,442071,442071,0,0,"2025-05-10 07:00:00","2025-05-10 08:00:00","2025-09-09 06:29:43"
Nederland,WindOffshore,Hour,310533,310533,0,0,"2025-05-10 08:00:00","2025-05-10 09:00:00","2025-09-09 06:29:43"
Nederland,WindOffshore,Hour,212652,212652,0,0,"2025-05-10 09:00:00","2025-05-10 10:00:00","2025-09-09 06:29:43"
Nederland,WindOffshore,Hour,156802,156802,0,0,"2025-05-10 10:00:00","2025-05-10 11:00:00","2025-09-09 06:29:43"
Nederland,WindOffshore,Hour,181466,181466,0,0,"2025-05-10 11:00:00","2025-05-10 12:00:00","2025-09-09 06:29:43"
Nederland,WindOffshore,Hour,326014,326014,0,0,"2025-05-10 12:00:00","2025-05-10 13:00:00","2025-09-09 06:29:43"
Nederland,WindOffshore,Hour,642541,642541,0,0,"2025-05-10 13:00:00","2025-05-10 14:00:00","2025-09-09 06:29:43"
Nederland,WindOffshore,Hour,1182705,1182705,0,0,"2025-05-10 14:00:00","2025-05-10 15:00:00","2025-09-09 06:29:43"
Nederland,WindOffshore,Hour,2032208,2032208,0,0,"2025-05-10 15:00:00","2025-05-10 16:00:00","2025-09-09 06:29:43"
Nederland,WindOffshore,Hour,2246365,2246365,0,0,"2025-05-10 16:00:00","2025-05-10 17:00:00","2025-09-09 06:29:43"
Nederland,WindOffshore,Hour,2410293,2410293,0,0,"2025-05-10 17:00:00","2025-05-10 18:00:00","2025-09-09 06:29:43"
Nederland,WindOffshore,Hour,3064866,3064866,0,0,"2025-05-10 18:00:00","2025-05-10 19:00:00","2025-09-09 06:29:43"
Nederland,WindOffshore,Hour,3223901,3223901,0,0,"2025-05-10 19:00:00","2025-05-10 20:00:00","2025-09-09 06:29:43"
Nederland,WindOffshore,Hour,3338679,3338679,0,0,"2025-05-10 20:00:00","2025-05-10 21:00:00","2025-09-09 06:29:43"
Nederland,WindOffshore,Hour,3248865,3248865,0,0,"2025-05-10 21:00:00","2025-05-10 22:00:00","2025-09-09 06:29:43"
Nederland,WindOffshore,Hour,3087144,3087144,0,0,"2025-05-10 22:00:00","2025-05-10 23:00:00","2025-09-09 06:29:43"
Nederland,WindOffshore,Hour,2769478,2769478,0,0,"2025-05-10 23:00:00","2025-05-11 00:00:00","2025-09-09 06:29:43"
Nederland,WindOffshore,Hour,2495790,2495790,0,0,"2025-05-11 00:00:00","2025-05-11 01:00:00","2025-09-10 06:29:30"
Nederland,WindOffshore,Hour,2536518,2536518,0,0,"2025-05-11 01:00:00","2025-05-11 02:00:00","2025-09-10 06:29:30"
Nederland,WindOffshore,Hour,2501931,2501931,0,0,"2025-05-11 02:00:00","2025-05-11 03:00:00","2025-09-10 06:29:30"
Nederland,WindOffshore,Hour,2396799,2396799,0,0,"2025-05-11 03:00:00","2025-05-11 04:00:00","2025-09-10 06:29:30"
Nederland,WindOffshore,Hour,1935373,1935373,0,0,"2025-05-11 04:00:00","2025-05-11 05:00:00","2025-09-10 06:29:30"
Nederland,WindOffshore,Hour,1627305,1627305,0,0,"2025-05-11 05:00:00","2025-05-11 06:00:00","2025-09-10 06:29:30"
Nederland,WindOffshore,Hour,1590277,1590277,0,0,"2025-05-11 06:00:00","2025-05-11 07:00:00","2025-09-10 06:29:30"
Nederland,WindOffshore,Hour,975054,975054,0,0,"2025-05-11 07:00:00","2025-05-11 08:00:00","2025-09-10 06:29:30"
Nederland,WindOffshore,Hour,680645,680645,0,0,"2025-05-11 08:00:00","2025-05-11 09:00:00","2025-09-10 06:29:30"
Nederland,WindOffshore,Hour,590002,590002,0,0,"2025-05-11 09:00:00","2025-05-11 10:00:00","2025-09-10 06:29:30"
Nederland,WindOffshore,Hour,548811,548811,0,0,"2025-05-11 10:00:00","2025-05-11 11:00:00","2025-09-10 06:29:30"
Nederland,WindOffshore,Hour,692889,692889,0,0,"2025-05-11 11:00:00","2025-05-11 12:00:00","2025-09-10 06:29:30"
Nederland,WindOffshore,Hour,753715,753715,0,0,"2025-05-11 12:00:00","2025-05-11 13:00:00","2025-09-10 06:29:30"
Nederland,WindOffshore,Hour,570768,570768,0,0,"2025-05-11 13:00:00","2025-05-11 14:00:00","2025-09-10 06:29:30"
Nederland,WindOffshore,Hour,736622,736622,0,0,"2025-05-11 14:00:00","2025-05-11 15:00:00","2025-09-10 06:29:30"
Nederland,WindOffshore,Hour,841241,841241,0,0,"2025-05-11 15:00:00","2025-05-11 16:00:00","2025-09-10 06:29:30"
Nederland,WindOffshore,Hour,1421036,1421036,0,0,"2025-05-11 16:00:00","2025-05-11 17:00:00","2025-09-10 06:29:30"
Nederland,WindOffshore,Hour,1916188,1916188,0,0,"2025-05-11 17:00:00","2025-05-11 18:00:00","2025-09-10 06:29:30"
Nederland,WindOffshore,Hour,2435731,2435731,0,0,"2025-05-11 18:00:00","2025-05-11 19:00:00","2025-09-10 06:29:30"
Nederland,WindOffshore,Hour,2316839,2316839,0,0,"2025-05-11 19:00:00","2025-05-11 20:00:00","2025-09-10 06:29:30"
Nederland,WindOffshore,Hour,2235364,2235364,0,0,"2025-05-11 20:00:00","2025-05-11 21:00:00","2025-09-10 06:29:30"
Nederland,WindOffshore,Hour,2671871,2671871,0,0,"2025-05-11 21:00:00","2025-05-11 22:00:00","2025-09-10 06:29:30"
Nederland,WindOffshore,Hour,2921291,2921291,0,0,"2025-05-11 22:00:00","2025-05-11 23:00:00","2025-09-10 06:29:30"
Nederland,WindOffshore,Hour,2997223,2997223,0,0,"2025-05-11 23:00:00","2025-05-12 00:00:00","2025-09-10 06:29:30"
Nederland,WindOffshore,Hour,3067784,3067784,0,0,"2025-05-12 00:00:00","2025-05-12 01:00:00","2025-09-11 06:29:37"
Nederland,WindOffshore,Hour,3136406,3136406,0,0,"2025-05-12 01:00:00","2025-05-12 02:00:00","2025-09-11 06:29:37"
Nederland,WindOffshore,Hour,3169519,3169519,0,0,"2025-05-12 02:00:00","2025-05-12 03:00:00","2025-09-11 06:29:37"
Nederland,WindOffshore,Hour,2895839,2895839,0,0,"2025-05-12 03:00:00","2025-05-12 04:00:00","2025-09-11 06:29:37"
Nederland,WindOffshore,Hour,2473099,2473099,0,0,"2025-05-12 04:00:00","2025-05-12 05:00:00","2025-09-11 06:29:37"
Nederland,WindOffshore,Hour,2246666,2246666,0,0,"2025-05-12 05:00:00","2025-05-12 06:00:00","2025-09-11 06:29:37"
Nederland,WindOffshore,Hour,2277862,2277862,0,0,"2025-05-12 06:00:00","2025-05-12 07:00:00","2025-09-11 06:29:37"
Nederland,WindOffshore,Hour,1951897,1951897,0,0,"2025-05-12 07:00:00","2025-05-12 08:00:00","2025-09-11 06:29:37"
Nederland,WindOffshore,Hour,1276877,1276877,0,0,"2025-05-12 08:00:00","2025-05-12 09:00:00","2025-09-11 06:29:37"
Nederland,WindOffshore,Hour,1338903,1338903,0,0,"2025-05-12 09:00:00","2025-05-12 10:00:00","2025-09-11 06:29:37"
Nederland,WindOffshore,Hour,922349,922349,0,0,"2025-05-12 10:00:00","2025-05-12 11:00:00","2025-09-11 06:29:37"
Nederland,WindOffshore,Hour,1039704,1039704,0,0,"2025-05-12 11:00:00","2025-05-12 12:00:00","2025-09-11 06:29:37"
Nederland,WindOffshore,Hour,893199,893199,0,0,"2025-05-12 12:00:00","2025-05-12 13:00:00","2025-09-11 06:29:37"
Nederland,WindOffshore,Hour,1142851,1142851,0,0,"2025-05-12 13:00:00","2025-05-12 14:00:00","2025-09-11 06:29:37"
Nederland,WindOffshore,Hour,1588771,1588771,0,0,"2025-05-12 14:00:00","2025-05-12 15:00:00","2025-09-11 06:29:37"
Nederland,WindOffshore,Hour,2755020,2755020,0,0,"2025-05-12 15:00:00","2025-05-12 16:00:00","2025-09-11 06:29:37"
Nederland,WindOffshore,Hour,3330696,3330696,0,0,"2025-05-12 16:00:00","2025-05-12 17:00:00","2025-09-11 06:29:37"
Nederland,WindOffshore,Hour,3540206,3540206,0,0,"2025-05-12 17:00:00","2025-05-12 18:00:00","2025-09-11 06:29:37"
Nederland,WindOffshore,Hour,3741619,3741619,0,0,"2025-05-12 18:00:00","2025-05-12 19:00:00","2025-09-11 06:29:37"
Nederland,WindOffshore,Hour,3716760,3716760,0,0,"2025-05-12 19:00:00","2025-05-12 20:00:00","2025-09-11 06:29:37"
Nederland,WindOffshore,Hour,3686832,3686832,0,0,"2025-05-12 20:00:00","2025-05-12 21:00:00","2025-09-11 06:29:37"
Nederland,WindOffshore,Hour,3592690,3592690,0,0,"2025-05-12 21:00:00","2025-05-12 22:00:00","2025-09-11 06:29:37"
Nederland,WindOffshore,Hour,3155202,3155202,0,0,"2025-05-12 22:00:00","2025-05-12 23:00:00","2025-09-11 06:29:37"
Nederland,WindOffshore,Hour,2707609,2707609,0,0,"2025-05-12 23:00:00","2025-05-13 00:00:00","2025-09-11 06:29:37"
Nederland,WindOffshore,Hour,2396373,2396373,0,0,"2025-05-13 00:00:00","2025-05-13 01:00:00","2025-09-12 06:29:31"
Nederland,WindOffshore,Hour,2476569,2476569,0,0,"2025-05-13 01:00:00","2025-05-13 02:00:00","2025-09-12 06:29:31"
Nederland,WindOffshore,Hour,2579292,2579292,0,0,"2025-05-13 02:00:00","2025-05-13 03:00:00","2025-09-12 06:29:31"
Nederland,WindOffshore,Hour,2319700,2319700,0,0,"2025-05-13 03:00:00","2025-05-13 04:00:00","2025-09-12 06:29:31"
Nederland,WindOffshore,Hour,2024782,2024782,0,0,"2025-05-13 04:00:00","2025-05-13 05:00:00","2025-09-12 06:29:31"
Nederland,WindOffshore,Hour,1721829,1721829,0,0,"2025-05-13 05:00:00","2025-05-13 06:00:00","2025-09-12 06:29:31"
Nederland,WindOffshore,Hour,1489711,1489711,0,0,"2025-05-13 06:00:00","2025-05-13 07:00:00","2025-09-12 06:29:31"
Nederland,WindOffshore,Hour,1289057,1289057,0,0,"2025-05-13 07:00:00","2025-05-13 08:00:00","2025-09-12 06:29:31"
Nederland,WindOffshore,Hour,1282647,1282647,0,0,"2025-05-13 08:00:00","2025-05-13 09:00:00","2025-09-12 06:29:31"
Nederland,WindOffshore,Hour,1259868,1259868,0,0,"2025-05-13 09:00:00","2025-05-13 10:00:00","2025-09-12 06:29:31"
Nederland,WindOffshore,Hour,1351745,1351745,0,0,"2025-05-13 10:00:00","2025-05-13 11:00:00","2025-09-12 06:29:31"
Nederland,WindOffshore,Hour,1700593,1700593,0,0,"2025-05-13 11:00:00","2025-05-13 12:00:00","2025-09-12 06:29:31"
Nederland,WindOffshore,Hour,1877015,1877015,0,0,"2025-05-13 12:00:00","2025-05-13 13:00:00","2025-09-12 06:29:31"
Nederland,WindOffshore,Hour,1709053,1709053,0,0,"2025-05-13 13:00:00","2025-05-13 14:00:00","2025-09-12 06:29:31"
Nederland,WindOffshore,Hour,2474619,2474619,0,0,"2025-05-13 14:00:00","2025-05-13 15:00:00","2025-09-12 06:29:31"
Nederland,WindOffshore,Hour,2677823,2677823,0,0,"2025-05-13 15:00:00","2025-05-13 16:00:00","2025-09-12 06:29:31"
Nederland,WindOffshore,Hour,2579223,2579223,0,0,"2025-05-13 16:00:00","2025-05-13 17:00:00","2025-09-12 06:29:31"
Nederland,WindOffshore,Hour,2715400,2715400,0,0,"2025-05-13 17:00:00","2025-05-13 18:00:00","2025-09-12 06:29:31"
Nederland,WindOffshore,Hour,2828495,2828495,0,0,"2025-05-13 18:00:00","2025-05-13 19:00:00","2025-09-12 06:29:31"
Nederland,WindOffshore,Hour,3091324,3091324,0,0,"2025-05-13 19:00:00","2025-05-13 20:00:00","2025-09-12 06:29:31"
Nederland,WindOffshore,Hour,3119590,3119590,0,0,"2025-05-13 20:00:00","2025-05-13 21:00:00","2025-09-12 06:29:31"
Nederland,WindOffshore,Hour,2841505,2841505,0,0,"2025-05-13 21:00:00","2025-05-13 22:00:00","2025-09-12 06:29:31"
Nederland,WindOffshore,Hour,2529173,2529173,0,0,"2025-05-13 22:00:00","2025-05-13 23:00:00","2025-09-12 06:29:31"
Nederland,WindOffshore,Hour,2414615,2414615,0,0,"2025-05-13 23:00:00","2025-05-14 00:00:00","2025-09-12 06:29:31"
Nederland,WindOffshore,Hour,2034896,2034896,0,0,"2025-05-14 00:00:00","2025-05-14 01:00:00","2025-09-13 06:29:30"
Nederland,WindOffshore,Hour,1634331,1634331,0,0,"2025-05-14 01:00:00","2025-05-14 02:00:00","2025-09-13 06:29:30"
Nederland,WindOffshore,Hour,1232181,1232181,0,0,"2025-05-14 02:00:00","2025-05-14 03:00:00","2025-09-13 06:29:30"
Nederland,WindOffshore,Hour,800990,800990,0,0,"2025-05-14 03:00:00","2025-05-14 04:00:00","2025-09-13 06:29:30"
Nederland,WindOffshore,Hour,780053,780053,0,0,"2025-05-14 04:00:00","2025-05-14 05:00:00","2025-09-13 06:29:30"
Nederland,WindOffshore,Hour,1002025,1002025,0,0,"2025-05-14 05:00:00","2025-05-14 06:00:00","2025-09-13 06:29:30"
Nederland,WindOffshore,Hour,1121689,1121689,0,0,"2025-05-14 06:00:00","2025-05-14 07:00:00","2025-09-13 06:29:30"
Nederland,WindOffshore,Hour,1369924,1369924,0,0,"2025-05-14 07:00:00","2025-05-14 08:00:00","2025-09-13 06:29:30"
Nederland,WindOffshore,Hour,1902029,1902029,0,0,"2025-05-14 08:00:00","2025-05-14 09:00:00","2025-09-13 06:29:30"
Nederland,WindOffshore,Hour,1209080,1209080,0,0,"2025-05-14 09:00:00","2025-05-14 10:00:00","2025-09-13 06:29:30"
Nederland,WindOffshore,Hour,998003,998003,0,0,"2025-05-14 10:00:00","2025-05-14 11:00:00","2025-09-13 06:29:30"
Nederland,WindOffshore,Hour,1048333,1048333,0,0,"2025-05-14 11:00:00","2025-05-14 12:00:00","2025-09-13 06:29:30"
Nederland,WindOffshore,Hour,1017570,1017570,0,0,"2025-05-14 12:00:00","2025-05-14 13:00:00","2025-09-13 06:29:30"
Nederland,WindOffshore,Hour,1179563,1179563,0,0,"2025-05-14 13:00:00","2025-05-14 14:00:00","2025-09-13 06:29:30"
Nederland,WindOffshore,Hour,1471226,1471226,0,0,"2025-05-14 14:00:00","2025-05-14 15:00:00","2025-09-13 06:29:30"
Nederland,WindOffshore,Hour,2601059,2601059,0,0,"2025-05-14 15:00:00","2025-05-14 16:00:00","2025-09-13 06:29:30"
Nederland,WindOffshore,Hour,2476410,2476410,0,0,"2025-05-14 16:00:00","2025-05-14 17:00:00","2025-09-13 06:29:30"
Nederland,WindOffshore,Hour,2901962,2901962,0,0,"2025-05-14 17:00:00","2025-05-14 18:00:00","2025-09-13 06:29:30"
Nederland,WindOffshore,Hour,2912923,2912923,0,0,"2025-05-14 18:00:00","2025-05-14 19:00:00","2025-09-13 06:29:30"
Nederland,WindOffshore,Hour,2929466,2929466,0,0,"2025-05-14 19:00:00","2025-05-14 20:00:00","2025-09-13 06:29:30"
Nederland,WindOffshore,Hour,3086001,3086001,0,0,"2025-05-14 20:00:00","2025-05-14 21:00:00","2025-09-13 06:29:30"
Nederland,WindOffshore,Hour,3102935,3102935,0,0,"2025-05-14 21:00:00","2025-05-14 22:00:00","2025-09-13 06:29:30"
Nederland,WindOffshore,Hour,3032215,3032215,0,0,"2025-05-14 22:00:00","2025-05-14 23:00:00","2025-09-13 06:29:30"
Nederland,WindOffshore,Hour,2751772,2751772,0,0,"2025-05-14 23:00:00","2025-05-15 00:00:00","2025-09-13 06:29:30"
Nederland,WindOffshore,Hour,2692577,2692577,0,0,"2025-05-15 00:00:00","2025-05-15 01:00:00","2025-09-14 06:29:39"
Nederland,WindOffshore,Hour,2500301,2500301,0,0,"2025-05-15 01:00:00","2025-05-15 02:00:00","2025-09-14 06:29:39"
Nederland,WindOffshore,Hour,2597627,2597627,0,0,"2025-05-15 02:00:00","2025-05-15 03:00:00","2025-09-14 06:29:39"
Nederland,WindOffshore,Hour,2601028,2601028,0,0,"2025-05-15 03:00:00","2025-05-15 04:00:00","2025-09-14 06:29:39"
Nederland,WindOffshore,Hour,2419039,2419039,0,0,"2025-05-15 04:00:00","2025-05-15 05:00:00","2025-09-14 06:29:39"
Nederland,WindOffshore,Hour,2488787,2488787,0,0,"2025-05-15 05:00:00","2025-05-15 06:00:00","2025-09-14 06:29:39"
Nederland,WindOffshore,Hour,2396274,2396274,0,0,"2025-05-15 06:00:00","2025-05-15 07:00:00","2025-09-14 06:29:39"
Nederland,WindOffshore,Hour,1768664,1768664,0,0,"2025-05-15 07:00:00","2025-05-15 08:00:00","2025-09-14 06:29:39"
Nederland,WindOffshore,Hour,1576440,1576440,0,0,"2025-05-15 08:00:00","2025-05-15 09:00:00","2025-09-14 06:29:39"
Nederland,WindOffshore,Hour,1091913,1091913,0,0,"2025-05-15 09:00:00","2025-05-15 10:00:00","2025-09-14 06:29:39"
Nederland,WindOffshore,Hour,921646,921646,0,0,"2025-05-15 10:00:00","2025-05-15 11:00:00","2025-09-14 06:29:39"
Nederland,WindOffshore,Hour,844591,844591,0,0,"2025-05-15 11:00:00","2025-05-15 12:00:00","2025-09-14 06:29:39"
Nederland,WindOffshore,Hour,1038174,1038174,0,0,"2025-05-15 12:00:00","2025-05-15 13:00:00","2025-09-14 06:29:39"
Nederland,WindOffshore,Hour,1593741,1593741,0,0,"2025-05-15 13:00:00","2025-05-15 14:00:00","2025-09-14 06:29:39"
Nederland,WindOffshore,Hour,2083638,2083638,0,0,"2025-05-15 14:00:00","2025-05-15 15:00:00","2025-09-14 06:29:39"
Nederland,WindOffshore,Hour,3122527,3122527,0,0,"2025-05-15 15:00:00","2025-05-15 16:00:00","2025-09-14 06:29:39"
Nederland,WindOffshore,Hour,3217792,3217792,0,0,"2025-05-15 16:00:00","2025-05-15 17:00:00","2025-09-14 06:29:39"
Nederland,WindOffshore,Hour,3133572,3133572,0,0,"2025-05-15 17:00:00","2025-05-15 18:00:00","2025-09-14 06:29:39"
Nederland,WindOffshore,Hour,3565021,3565021,0,0,"2025-05-15 18:00:00","2025-05-15 19:00:00","2025-09-14 06:29:39"
Nederland,WindOffshore,Hour,3560027,3560027,0,0,"2025-05-15 19:00:00","2025-05-15 20:00:00","2025-09-14 06:29:39"
Nederland,WindOffshore,Hour,3491417,3491417,0,0,"2025-05-15 20:00:00","2025-05-15 21:00:00","2025-09-14 06:29:39"
Nederland,WindOffshore,Hour,3250440,3250440,0,0,"2025-05-15 21:00:00","2025-05-15 22:00:00","2025-09-14 06:29:39"
Nederland,WindOffshore,Hour,3041329,3041329,0,0,"2025-05-15 22:00:00","2025-05-15 23:00:00","2025-09-14 06:29:39"
Nederland,WindOffshore,Hour,2587292,2587292,0,0,"2025-05-15 23:00:00","2025-05-16 00:00:00","2025-09-14 06:29:39"
Nederland,WindOffshore,Hour,1837407,1837407,0,0,"2025-05-16 00:00:00","2025-05-16 01:00:00","2025-09-15 06:29:34"
Nederland,WindOffshore,Hour,1455077,1455077,0,0,"2025-05-16 01:00:00","2025-05-16 02:00:00","2025-09-15 06:29:34"
Nederland,WindOffshore,Hour,1123660,1123660,0,0,"2025-05-16 02:00:00","2025-05-16 03:00:00","2025-09-15 06:29:34"
Nederland,WindOffshore,Hour,1005194,1005194,0,0,"2025-05-16 03:00:00","2025-05-16 04:00:00","2025-09-15 06:29:34"
Nederland,WindOffshore,Hour,1113054,1113054,0,0,"2025-05-16 04:00:00","2025-05-16 05:00:00","2025-09-15 06:29:34"
Nederland,WindOffshore,Hour,1384578,1384578,0,0,"2025-05-16 05:00:00","2025-05-16 06:00:00","2025-09-15 06:29:34"
Nederland,WindOffshore,Hour,1652033,1652033,0,0,"2025-05-16 06:00:00","2025-05-16 07:00:00","2025-09-15 06:29:34"
Nederland,WindOffshore,Hour,1560900,1560900,0,0,"2025-05-16 07:00:00","2025-05-16 08:00:00","2025-09-15 06:29:34"
Nederland,WindOffshore,Hour,1494795,1494795,0,0,"2025-05-16 08:00:00","2025-05-16 09:00:00","2025-09-15 06:29:34"
Nederland,WindOffshore,Hour,1242918,1242918,0,0,"2025-05-16 09:00:00","2025-05-16 10:00:00","2025-09-15 06:29:34"
Nederland,WindOffshore,Hour,1167021,1167021,0,0,"2025-05-16 10:00:00","2025-05-16 11:00:00","2025-09-15 06:29:34"
Nederland,WindOffshore,Hour,1033709,1033709,0,0,"2025-05-16 11:00:00","2025-05-16 12:00:00","2025-09-15 06:29:34"
Nederland,WindOffshore,Hour,1158635,1158635,0,0,"2025-05-16 12:00:00","2025-05-16 13:00:00","2025-09-15 06:29:34"
Nederland,WindOffshore,Hour,1168942,1168942,0,0,"2025-05-16 13:00:00","2025-05-16 14:00:00","2025-09-15 06:29:34"
Nederland,WindOffshore,Hour,1459985,1459985,0,0,"2025-05-16 14:00:00","2025-05-16 15:00:00","2025-09-15 06:29:34"
Nederland,WindOffshore,Hour,2401814,2401814,0,0,"2025-05-16 15:00:00","2025-05-16 16:00:00","2025-09-15 06:29:34"
Nederland,WindOffshore,Hour,2642927,2642927,0,0,"2025-05-16 16:00:00","2025-05-16 17:00:00","2025-09-15 06:29:34"
Nederland,WindOffshore,Hour,2668295,2668295,0,0,"2025-05-16 17:00:00","2025-05-16 18:00:00","2025-09-15 06:29:34"
Nederland,WindOffshore,Hour,2759279,2759279,0,0,"2025-05-16 18:00:00","2025-05-16 19:00:00","2025-09-15 06:29:34"
Nederland,WindOffshore,Hour,2664600,2664600,0,0,"2025-05-16 19:00:00","2025-05-16 20:00:00","2025-09-15 06:29:34"
Nederland,WindOffshore,Hour,2550407,2550407,0,0,"2025-05-16 20:00:00","2025-05-16 21:00:00","2025-09-15 06:29:34"
Nederland,WindOffshore,Hour,2114563,2114563,0,0,"2025-05-16 21:00:00","2025-05-16 22:00:00","2025-09-15 06:29:34"
Nederland,WindOffshore,Hour,2278211,2278211,0,0,"2025-05-16 22:00:00","2025-05-16 23:00:00","2025-09-15 06:29:34"
Nederland,WindOffshore,Hour,2591712,2591712,0,0,"2025-05-16 23:00:00","2025-05-17 00:00:00","2025-09-15 06:29:34"
Nederland,WindOffshore,Hour,2263701,2263701,0,0,"2025-05-17 00:00:00","2025-05-17 01:00:00","2025-09-16 06:29:41"
Nederland,WindOffshore,Hour,1976849,1976849,0,0,"2025-05-17 01:00:00","2025-05-17 02:00:00","2025-09-16 06:29:41"
Nederland,WindOffshore,Hour,1848828,1848828,0,0,"2025-05-17 02:00:00","2025-05-17 03:00:00","2025-09-16 06:29:41"
Nederland,WindOffshore,Hour,1864225,1864225,0,0,"2025-05-17 03:00:00","2025-05-17 04:00:00","2025-09-16 06:29:41"
Nederland,WindOffshore,Hour,1712444,1712444,0,0,"2025-05-17 04:00:00","2025-05-17 05:00:00","2025-09-16 06:29:41"
Nederland,WindOffshore,Hour,1729996,1729996,0,0,"2025-05-17 05:00:00","2025-05-17 06:00:00","2025-09-16 06:29:41"
Nederland,WindOffshore,Hour,1778935,1778935,0,0,"2025-05-17 06:00:00","2025-05-17 07:00:00","2025-09-16 06:29:41"
Nederland,WindOffshore,Hour,1636547,1636547,0,0,"2025-05-17 07:00:00","2025-05-17 08:00:00","2025-09-16 06:29:41"
Nederland,WindOffshore,Hour,1184692,1184692,0,0,"2025-05-17 08:00:00","2025-05-17 09:00:00","2025-09-16 06:29:41"
Nederland,WindOffshore,Hour,1314553,1314553,0,0,"2025-05-17 09:00:00","2025-05-17 10:00:00","2025-09-16 06:29:41"
Nederland,WindOffshore,Hour,1338183,1338183,0,0,"2025-05-17 10:00:00","2025-05-17 11:00:00","2025-09-16 06:29:41"
Nederland,WindOffshore,Hour,1178872,1178872,0,0,"2025-05-17 11:00:00","2025-05-17 12:00:00","2025-09-16 06:29:41"
Nederland,WindOffshore,Hour,1224235,1224235,0,0,"2025-05-17 12:00:00","2025-05-17 13:00:00","2025-09-16 06:29:41"
Nederland,WindOffshore,Hour,1546664,1546664,0,0,"2025-05-17 13:00:00","2025-05-17 14:00:00","2025-09-16 06:29:41"
Nederland,WindOffshore,Hour,1692833,1692833,0,0,"2025-05-17 14:00:00","2025-05-17 15:00:00","2025-09-16 06:29:41"
Nederland,WindOffshore,Hour,2297019,2297019,0,0,"2025-05-17 15:00:00","2025-05-17 16:00:00","2025-09-16 06:29:41"
Nederland,WindOffshore,Hour,1968371,1968371,0,0,"2025-05-17 16:00:00","2025-05-17 17:00:00","2025-09-16 06:29:41"
Nederland,WindOffshore,Hour,1791001,1791001,0,0,"2025-05-17 17:00:00","2025-05-17 18:00:00","2025-09-16 06:29:41"
Nederland,WindOffshore,Hour,1628197,1628197,0,0,"2025-05-17 18:00:00","2025-05-17 19:00:00","2025-09-16 06:29:41"
Nederland,WindOffshore,Hour,1471407,1471407,0,0,"2025-05-17 19:00:00","2025-05-17 20:00:00","2025-09-16 06:29:41"
Nederland,WindOffshore,Hour,1461854,1461854,0,0,"2025-05-17 20:00:00","2025-05-17 21:00:00","2025-09-16 06:29:41"
Nederland,WindOffshore,Hour,1783878,1783878,0,0,"2025-05-17 21:00:00","2025-05-17 22:00:00","2025-09-16 06:29:41"
Nederland,WindOffshore,Hour,1807075,1807075,0,0,"2025-05-17 22:00:00","2025-05-17 23:00:00","2025-09-16 06:29:41"
Nederland,WindOffshore,Hour,1665812,1665812,0,0,"2025-05-17 23:00:00","2025-05-18 00:00:00","2025-09-16 06:29:41"
Nederland,WindOffshore,Hour,1544685,1544685,0,0,"2025-05-18 00:00:00","2025-05-18 01:00:00","2025-09-17 06:29:51"
Nederland,WindOffshore,Hour,1363703,1363703,0,0,"2025-05-18 01:00:00","2025-05-18 02:00:00","2025-09-17 06:29:51"
Nederland,WindOffshore,Hour,1246964,1246964,0,0,"2025-05-18 02:00:00","2025-05-18 03:00:00","2025-09-17 06:29:51"
Nederland,WindOffshore,Hour,1158387,1158387,0,0,"2025-05-18 03:00:00","2025-05-18 04:00:00","2025-09-17 06:29:51"
Nederland,WindOffshore,Hour,956517,956517,0,0,"2025-05-18 04:00:00","2025-05-18 05:00:00","2025-09-17 06:29:51"
Nederland,WindOffshore,Hour,766678,766678,0,0,"2025-05-18 05:00:00","2025-05-18 06:00:00","2025-09-17 06:29:51"
Nederland,WindOffshore,Hour,672196,672196,0,0,"2025-05-18 06:00:00","2025-05-18 07:00:00","2025-09-17 06:29:51"
Nederland,WindOffshore,Hour,444003,444003,0,0,"2025-05-18 07:00:00","2025-05-18 08:00:00","2025-09-17 06:29:51"
Nederland,WindOffshore,Hour,433561,433561,0,0,"2025-05-18 08:00:00","2025-05-18 09:00:00","2025-09-17 06:29:51"
Nederland,WindOffshore,Hour,274345,274345,0,0,"2025-05-18 09:00:00","2025-05-18 10:00:00","2025-09-17 06:29:51"
Nederland,WindOffshore,Hour,347662,347662,0,0,"2025-05-18 10:00:00","2025-05-18 11:00:00","2025-09-17 06:29:51"
Nederland,WindOffshore,Hour,353894,353894,0,0,"2025-05-18 11:00:00","2025-05-18 12:00:00","2025-09-17 06:29:51"
Nederland,WindOffshore,Hour,327423,327423,0,0,"2025-05-18 12:00:00","2025-05-18 13:00:00","2025-09-17 06:29:51"
Nederland,WindOffshore,Hour,624496,624496,0,0,"2025-05-18 13:00:00","2025-05-18 14:00:00","2025-09-17 06:29:51"
Nederland,WindOffshore,Hour,1296251,1296251,0,0,"2025-05-18 14:00:00","2025-05-18 15:00:00","2025-09-17 06:29:51"
Nederland,WindOffshore,Hour,1891024,1891024,0,0,"2025-05-18 15:00:00","2025-05-18 16:00:00","2025-09-17 06:29:51"
Nederland,WindOffshore,Hour,1365415,1365415,0,0,"2025-05-18 16:00:00","2025-05-18 17:00:00","2025-09-17 06:29:51"
Nederland,WindOffshore,Hour,1054856,1054856,0,0,"2025-05-18 17:00:00","2025-05-18 18:00:00","2025-09-17 06:29:51"
Nederland,WindOffshore,Hour,758456,758456,0,0,"2025-05-18 18:00:00","2025-05-18 19:00:00","2025-09-17 06:29:51"
Nederland,WindOffshore,Hour,625057,625057,0,0,"2025-05-18 19:00:00","2025-05-18 20:00:00","2025-09-17 06:29:51"
Nederland,WindOffshore,Hour,702410,702410,0,0,"2025-05-18 20:00:00","2025-05-18 21:00:00","2025-09-17 06:29:51"
Nederland,WindOffshore,Hour,541431,541431,0,0,"2025-05-18 21:00:00","2025-05-18 22:00:00","2025-09-17 06:29:51"
Nederland,WindOffshore,Hour,375772,375772,0,0,"2025-05-18 22:00:00","2025-05-18 23:00:00","2025-09-17 06:29:51"
Nederland,WindOffshore,Hour,317219,317219,0,0,"2025-05-18 23:00:00","2025-05-19 00:00:00","2025-09-17 06:29:51"
Nederland,WindOffshore,Hour,448149,448149,0,0,"2025-05-19 00:00:00","2025-05-19 01:00:00","2025-09-18 06:29:48"
Nederland,WindOffshore,Hour,414791,414791,0,0,"2025-05-19 01:00:00","2025-05-19 02:00:00","2025-09-18 06:29:48"
Nederland,WindOffshore,Hour,387378,387378,0,0,"2025-05-19 02:00:00","2025-05-19 03:00:00","2025-09-18 06:29:48"
Nederland,WindOffshore,Hour,427134,427134,0,0,"2025-05-19 03:00:00","2025-05-19 04:00:00","2025-09-18 06:29:48"
Nederland,WindOffshore,Hour,637106,637106,0,0,"2025-05-19 04:00:00","2025-05-19 05:00:00","2025-09-18 06:29:48"
Nederland,WindOffshore,Hour,661312,661312,0,0,"2025-05-19 05:00:00","2025-05-19 06:00:00","2025-09-18 06:29:48"
Nederland,WindOffshore,Hour,598691,598691,0,0,"2025-05-19 06:00:00","2025-05-19 07:00:00","2025-09-18 06:29:48"
Nederland,WindOffshore,Hour,385021,385021,0,0,"2025-05-19 07:00:00","2025-05-19 08:00:00","2025-09-18 06:29:48"
Nederland,WindOffshore,Hour,295033,295033,0,0,"2025-05-19 08:00:00","2025-05-19 09:00:00","2025-09-18 06:29:48"
Nederland,WindOffshore,Hour,284007,284007,0,0,"2025-05-19 09:00:00","2025-05-19 10:00:00","2025-09-18 06:29:48"
Nederland,WindOffshore,Hour,243658,243658,0,0,"2025-05-19 10:00:00","2025-05-19 11:00:00","2025-09-18 06:29:48"
Nederland,WindOffshore,Hour,431417,431417,0,0,"2025-05-19 11:00:00","2025-05-19 12:00:00","2025-09-18 06:29:48"
Nederland,WindOffshore,Hour,956153,956153,0,0,"2025-05-19 12:00:00","2025-05-19 13:00:00","2025-09-18 06:29:48"
Nederland,WindOffshore,Hour,1468997,1468997,0,0,"2025-05-19 13:00:00","2025-05-19 14:00:00","2025-09-18 06:29:48"
Nederland,WindOffshore,Hour,1786174,1786174,0,0,"2025-05-19 14:00:00","2025-05-19 15:00:00","2025-09-18 06:29:48"
Nederland,WindOffshore,Hour,2074445,2074445,0,0,"2025-05-19 15:00:00","2025-05-19 16:00:00","2025-09-18 06:29:48"
Nederland,WindOffshore,Hour,1908904,1908904,0,0,"2025-05-19 16:00:00","2025-05-19 17:00:00","2025-09-18 06:29:48"
Nederland,WindOffshore,Hour,1905082,1905082,0,0,"2025-05-19 17:00:00","2025-05-19 18:00:00","2025-09-18 06:29:48"
Nederland,WindOffshore,Hour,1657811,1657811,0,0,"2025-05-19 18:00:00","2025-05-19 19:00:00","2025-09-18 06:29:48"
Nederland,WindOffshore,Hour,1662165,1662165,0,0,"2025-05-19 19:00:00","2025-05-19 20:00:00","2025-09-18 06:29:48"
Nederland,WindOffshore,Hour,1759209,1759209,0,0,"2025-05-19 20:00:00","2025-05-19 21:00:00","2025-09-18 06:29:48"
Nederland,WindOffshore,Hour,1543358,1543358,0,0,"2025-05-19 21:00:00","2025-05-19 22:00:00","2025-09-18 06:29:48"
Nederland,WindOffshore,Hour,1241884,1241884,0,0,"2025-05-19 22:00:00","2025-05-19 23:00:00","2025-09-18 06:29:48"
Nederland,WindOffshore,Hour,1127549,1127549,0,0,"2025-05-19 23:00:00","2025-05-20 00:00:00","2025-09-18 06:29:48"
Nederland,WindOffshore,Hour,1179212,1179212,0,0,"2025-05-20 00:00:00","2025-05-20 01:00:00","2025-09-19 06:29:39"
Nederland,WindOffshore,Hour,1154986,1154986,0,0,"2025-05-20 01:00:00","2025-05-20 02:00:00","2025-09-19 06:29:39"
Nederland,WindOffshore,Hour,1250421,1250421,0,0,"2025-05-20 02:00:00","2025-05-20 03:00:00","2025-09-19 06:29:39"
Nederland,WindOffshore,Hour,821020,821020,0,0,"2025-05-20 03:00:00","2025-05-20 04:00:00","2025-09-19 06:29:39"
Nederland,WindOffshore,Hour,675215,675215,0,0,"2025-05-20 04:00:00","2025-05-20 05:00:00","2025-09-19 06:29:39"
Nederland,WindOffshore,Hour,435038,435038,0,0,"2025-05-20 05:00:00","2025-05-20 06:00:00","2025-09-19 06:29:39"
Nederland,WindOffshore,Hour,165943,165943,0,0,"2025-05-20 06:00:00","2025-05-20 07:00:00","2025-09-19 06:29:39"
Nederland,WindOffshore,Hour,171851,171851,0,0,"2025-05-20 07:00:00","2025-05-20 08:00:00","2025-09-19 06:29:39"
Nederland,WindOffshore,Hour,236379,236379,0,0,"2025-05-20 08:00:00","2025-05-20 09:00:00","2025-09-19 06:29:39"
Nederland,WindOffshore,Hour,259537,259537,0,0,"2025-05-20 09:00:00","2025-05-20 10:00:00","2025-09-19 06:29:39"
Nederland,WindOffshore,Hour,395813,395813,0,0,"2025-05-20 10:00:00","2025-05-20 11:00:00","2025-09-19 06:29:39"
Nederland,WindOffshore,Hour,560036,560036,0,0,"2025-05-20 11:00:00","2025-05-20 12:00:00","2025-09-19 06:29:39"
Nederland,WindOffshore,Hour,926074,926074,0,0,"2025-05-20 12:00:00","2025-05-20 13:00:00","2025-09-19 06:29:39"
Nederland,WindOffshore,Hour,1416876,1416876,0,0,"2025-05-20 13:00:00","2025-05-20 14:00:00","2025-09-19 06:29:39"
Nederland,WindOffshore,Hour,1535795,1535795,0,0,"2025-05-20 14:00:00","2025-05-20 15:00:00","2025-09-19 06:29:39"
Nederland,WindOffshore,Hour,1501090,1501090,0,0,"2025-05-20 15:00:00","2025-05-20 16:00:00","2025-09-19 06:29:39"
Nederland,WindOffshore,Hour,1382957,1382957,0,0,"2025-05-20 16:00:00","2025-05-20 17:00:00","2025-09-19 06:29:39"
Nederland,WindOffshore,Hour,1400332,1400332,0,0,"2025-05-20 17:00:00","2025-05-20 18:00:00","2025-09-19 06:29:39"
Nederland,WindOffshore,Hour,1346037,1346037,0,0,"2025-05-20 18:00:00","2025-05-20 19:00:00","2025-09-19 06:29:39"
Nederland,WindOffshore,Hour,955895,955895,0,0,"2025-05-20 19:00:00","2025-05-20 20:00:00","2025-09-19 06:29:39"
Nederland,WindOffshore,Hour,621315,621315,0,0,"2025-05-20 20:00:00","2025-05-20 21:00:00","2025-09-19 06:29:39"
Nederland,WindOffshore,Hour,404463,404463,0,0,"2025-05-20 21:00:00","2025-05-20 22:00:00","2025-09-19 06:29:39"
Nederland,WindOffshore,Hour,246806,246806,0,0,"2025-05-20 22:00:00","2025-05-20 23:00:00","2025-09-19 06:29:39"
Nederland,WindOffshore,Hour,274671,274671,0,0,"2025-05-20 23:00:00","2025-05-21 00:00:00","2025-09-19 06:29:39"
Nederland,WindOffshore,Hour,338531,338531,0,0,"2025-05-21 00:00:00","2025-05-21 01:00:00","2025-09-20 06:29:24"
Nederland,WindOffshore,Hour,416590,416590,0,0,"2025-05-21 01:00:00","2025-05-21 02:00:00","2025-09-20 06:29:24"
Nederland,WindOffshore,Hour,658661,658661,0,0,"2025-05-21 02:00:00","2025-05-21 03:00:00","2025-09-20 06:29:24"
Nederland,WindOffshore,Hour,733217,733217,0,0,"2025-05-21 03:00:00","2025-05-21 04:00:00","2025-09-20 06:29:24"
Nederland,WindOffshore,Hour,823863,823863,0,0,"2025-05-21 04:00:00","2025-05-21 05:00:00","2025-09-20 06:29:24"
Nederland,WindOffshore,Hour,723891,723891,0,0,"2025-05-21 05:00:00","2025-05-21 06:00:00","2025-09-20 06:29:24"
Nederland,WindOffshore,Hour,663256,663256,0,0,"2025-05-21 06:00:00","2025-05-21 07:00:00","2025-09-20 06:29:24"
Nederland,WindOffshore,Hour,551239,551239,0,0,"2025-05-21 07:00:00","2025-05-21 08:00:00","2025-09-20 06:29:24"
Nederland,WindOffshore,Hour,618353,618353,0,0,"2025-05-21 08:00:00","2025-05-21 09:00:00","2025-09-20 06:29:24"
Nederland,WindOffshore,Hour,634660,634660,0,0,"2025-05-21 09:00:00","2025-05-21 10:00:00","2025-09-20 06:29:24"
Nederland,WindOffshore,Hour,515194,515194,0,0,"2025-05-21 10:00:00","2025-05-21 11:00:00","2025-09-20 06:29:24"
Nederland,WindOffshore,Hour,701697,701697,0,0,"2025-05-21 11:00:00","2025-05-21 12:00:00","2025-09-20 06:29:24"
Nederland,WindOffshore,Hour,787171,787171,0,0,"2025-05-21 12:00:00","2025-05-21 13:00:00","2025-09-20 06:29:24"
Nederland,WindOffshore,Hour,1017670,1017670,0,0,"2025-05-21 13:00:00","2025-05-21 14:00:00","2025-09-20 06:29:24"
Nederland,WindOffshore,Hour,1858216,1858216,0,0,"2025-05-21 14:00:00","2025-05-21 15:00:00","2025-09-20 06:29:24"
Nederland,WindOffshore,Hour,2195428,2195428,0,0,"2025-05-21 15:00:00","2025-05-21 16:00:00","2025-09-20 06:29:24"
Nederland,WindOffshore,Hour,2408280,2408280,0,0,"2025-05-21 16:00:00","2025-05-21 17:00:00","2025-09-20 06:29:24"
Nederland,WindOffshore,Hour,2538536,2538536,0,0,"2025-05-21 17:00:00","2025-05-21 18:00:00","2025-09-20 06:29:24"
Nederland,WindOffshore,Hour,2650094,2650094,0,0,"2025-05-21 18:00:00","2025-05-21 19:00:00","2025-09-20 06:29:24"
Nederland,WindOffshore,Hour,2412211,2412211,0,0,"2025-05-21 19:00:00","2025-05-21 20:00:00","2025-09-20 06:29:24"
Nederland,WindOffshore,Hour,2057399,2057399,0,0,"2025-05-21 20:00:00","2025-05-21 21:00:00","2025-09-20 06:29:24"
Nederland,WindOffshore,Hour,1791689,1791689,0,0,"2025-05-21 21:00:00","2025-05-21 22:00:00","2025-09-20 06:29:24"
Nederland,WindOffshore,Hour,1893668,1893668,0,0,"2025-05-21 22:00:00","2025-05-21 23:00:00","2025-09-20 06:29:24"
Nederland,WindOffshore,Hour,1918659,1918659,0,0,"2025-05-21 23:00:00","2025-05-22 00:00:00","2025-09-20 06:29:24"
Nederland,WindOffshore,Hour,1942829,1942829,0,0,"2025-05-22 00:00:00","2025-05-22 01:00:00","2025-09-21 06:29:18"
Nederland,WindOffshore,Hour,2022463,2022463,0,0,"2025-05-22 01:00:00","2025-05-22 02:00:00","2025-09-21 06:29:18"
Nederland,WindOffshore,Hour,1942908,1942908,0,0,"2025-05-22 02:00:00","2025-05-22 03:00:00","2025-09-21 06:29:18"
Nederland,WindOffshore,Hour,2080659,2080659,0,0,"2025-05-22 03:00:00","2025-05-22 04:00:00","2025-09-21 06:29:18"
Nederland,WindOffshore,Hour,2008769,2008769,0,0,"2025-05-22 04:00:00","2025-05-22 05:00:00","2025-09-21 06:29:18"
Nederland,WindOffshore,Hour,2540902,2540902,0,0,"2025-05-22 05:00:00","2025-05-22 06:00:00","2025-09-21 06:29:18"
Nederland,WindOffshore,Hour,2920116,2920116,0,0,"2025-05-22 06:00:00","2025-05-22 07:00:00","2025-09-21 06:29:18"
Nederland,WindOffshore,Hour,2813103,2813103,0,0,"2025-05-22 07:00:00","2025-05-22 08:00:00","2025-09-21 06:29:18"
Nederland,WindOffshore,Hour,1645157,1645157,0,0,"2025-05-22 08:00:00","2025-05-22 09:00:00","2025-09-21 06:29:18"
Nederland,WindOffshore,Hour,1799596,1799596,0,0,"2025-05-22 09:00:00","2025-05-22 10:00:00","2025-09-21 06:29:18"
Nederland,WindOffshore,Hour,1625246,1625246,0,0,"2025-05-22 10:00:00","2025-05-22 11:00:00","2025-09-21 06:29:18"
Nederland,WindOffshore,Hour,1292383,1292383,0,0,"2025-05-22 11:00:00","2025-05-22 12:00:00","2025-09-21 06:29:18"
Nederland,WindOffshore,Hour,1402807,1402807,0,0,"2025-05-22 12:00:00","2025-05-22 13:00:00","2025-09-21 06:29:18"
Nederland,WindOffshore,Hour,1366400,1366400,0,0,"2025-05-22 13:00:00","2025-05-22 14:00:00","2025-09-21 06:29:18"
Nederland,WindOffshore,Hour,1265477,1265477,0,0,"2025-05-22 14:00:00","2025-05-22 15:00:00","2025-09-21 06:29:18"
Nederland,WindOffshore,Hour,1579223,1579223,0,0,"2025-05-22 15:00:00","2025-05-22 16:00:00","2025-09-21 06:29:18"
Nederland,WindOffshore,Hour,2140278,2140278,0,0,"2025-05-22 16:00:00","2025-05-22 17:00:00","2025-09-21 06:29:18"
Nederland,WindOffshore,Hour,2230578,2230578,0,0,"2025-05-22 17:00:00","2025-05-22 18:00:00","2025-09-21 06:29:18"
Nederland,WindOffshore,Hour,2400946,2400946,0,0,"2025-05-22 18:00:00","2025-05-22 19:00:00","2025-09-21 06:29:18"
Nederland,WindOffshore,Hour,2244745,2244745,0,0,"2025-05-22 19:00:00","2025-05-22 20:00:00","2025-09-21 06:29:18"
Nederland,WindOffshore,Hour,2201200,2201200,0,0,"2025-05-22 20:00:00","2025-05-22 21:00:00","2025-09-21 06:29:18"
Nederland,WindOffshore,Hour,2314580,2314580,0,0,"2025-05-22 21:00:00","2025-05-22 22:00:00","2025-09-21 06:29:18"
Nederland,WindOffshore,Hour,2178091,2178091,0,0,"2025-05-22 22:00:00","2025-05-22 23:00:00","2025-09-21 06:29:18"
Nederland,WindOffshore,Hour,2480542,2480542,0,0,"2025-05-22 23:00:00","2025-05-23 00:00:00","2025-09-21 06:29:18"
Nederland,WindOffshore,Hour,2560361,2560361,0,0,"2025-05-23 00:00:00","2025-05-23 01:00:00","2025-09-22 06:29:34"
Nederland,WindOffshore,Hour,2633556,2633556,0,0,"2025-05-23 01:00:00","2025-05-23 02:00:00","2025-09-22 06:29:34"
Nederland,WindOffshore,Hour,2798723,2798723,0,0,"2025-05-23 02:00:00","2025-05-23 03:00:00","2025-09-22 06:29:34"
Nederland,WindOffshore,Hour,3063969,3063969,0,0,"2025-05-23 03:00:00","2025-05-23 04:00:00","2025-09-22 06:29:34"
Nederland,WindOffshore,Hour,3314897,3314897,0,0,"2025-05-23 04:00:00","2025-05-23 05:00:00","2025-09-22 06:29:34"
Nederland,WindOffshore,Hour,3301047,3301047,0,0,"2025-05-23 05:00:00","2025-05-23 06:00:00","2025-09-22 06:29:34"
Nederland,WindOffshore,Hour,3073165,3073165,0,0,"2025-05-23 06:00:00","2025-05-23 07:00:00","2025-09-22 06:29:34"
Nederland,WindOffshore,Hour,2937888,2937888,0,0,"2025-05-23 07:00:00","2025-05-23 08:00:00","2025-09-22 06:29:34"
Nederland,WindOffshore,Hour,2639466,2639466,0,0,"2025-05-23 08:00:00","2025-05-23 09:00:00","2025-09-22 06:29:34"
Nederland,WindOffshore,Hour,2342721,2342721,0,0,"2025-05-23 09:00:00","2025-05-23 10:00:00","2025-09-22 06:29:34"
Nederland,WindOffshore,Hour,2138615,2138615,0,0,"2025-05-23 10:00:00","2025-05-23 11:00:00","2025-09-22 06:29:34"
Nederland,WindOffshore,Hour,1362864,1362864,0,0,"2025-05-23 11:00:00","2025-05-23 12:00:00","2025-09-22 06:29:34"
Nederland,WindOffshore,Hour,1366364,1366364,0,0,"2025-05-23 12:00:00","2025-05-23 13:00:00","2025-09-22 06:29:34"
Nederland,WindOffshore,Hour,1347026,1347026,0,0,"2025-05-23 13:00:00","2025-05-23 14:00:00","2025-09-22 06:29:34"
Nederland,WindOffshore,Hour,1848718,1848718,0,0,"2025-05-23 14:00:00","2025-05-23 15:00:00","2025-09-22 06:29:34"
Nederland,WindOffshore,Hour,1462867,1462867,0,0,"2025-05-23 15:00:00","2025-05-23 16:00:00","2025-09-22 06:29:34"
Nederland,WindOffshore,Hour,952484,952484,0,0,"2025-05-23 16:00:00","2025-05-23 17:00:00","2025-09-22 06:29:34"
Nederland,WindOffshore,Hour,648139,648139,0,0,"2025-05-23 17:00:00","2025-05-23 18:00:00","2025-09-22 06:29:34"
Nederland,WindOffshore,Hour,525659,525659,0,0,"2025-05-23 18:00:00","2025-05-23 19:00:00","2025-09-22 06:29:34"
Nederland,WindOffshore,Hour,526820,526820,0,0,"2025-05-23 19:00:00","2025-05-23 20:00:00","2025-09-22 06:29:34"
Nederland,WindOffshore,Hour,609849,609849,0,0,"2025-05-23 20:00:00","2025-05-23 21:00:00","2025-09-22 06:29:34"
Nederland,WindOffshore,Hour,961599,961599,0,0,"2025-05-23 21:00:00","2025-05-23 22:00:00","2025-09-22 06:29:34"
Nederland,WindOffshore,Hour,1843851,1843851,0,0,"2025-05-23 22:00:00","2025-05-23 23:00:00","2025-09-22 06:29:34"
Nederland,WindOffshore,Hour,2720256,2720256,0,0,"2025-05-23 23:00:00","2025-05-24 00:00:00","2025-09-22 06:29:34"
Nederland,WindOffshore,Hour,3182353,3182353,0,0,"2025-05-24 00:00:00","2025-05-24 01:00:00","2025-09-23 06:29:39"
Nederland,WindOffshore,Hour,3266425,3266425,0,0,"2025-05-24 01:00:00","2025-05-24 02:00:00","2025-09-23 06:29:39"
Nederland,WindOffshore,Hour,3256712,3256712,0,0,"2025-05-24 02:00:00","2025-05-24 03:00:00","2025-09-23 06:29:39"
Nederland,WindOffshore,Hour,3384142,3384142,0,0,"2025-05-24 03:00:00","2025-05-24 04:00:00","2025-09-23 06:29:39"
Nederland,WindOffshore,Hour,3568734,3568734,0,0,"2025-05-24 04:00:00","2025-05-24 05:00:00","2025-09-23 06:29:39"
Nederland,WindOffshore,Hour,3496199,3496199,0,0,"2025-05-24 05:00:00","2025-05-24 06:00:00","2025-09-23 06:29:39"
Nederland,WindOffshore,Hour,3148101,3148101,0,0,"2025-05-24 06:00:00","2025-05-24 07:00:00","2025-09-23 06:29:39"
Nederland,WindOffshore,Hour,2493380,2493380,0,0,"2025-05-24 07:00:00","2025-05-24 08:00:00","2025-09-23 06:29:39"
Nederland,WindOffshore,Hour,1730522,1730522,0,0,"2025-05-24 08:00:00","2025-05-24 09:00:00","2025-09-23 06:29:39"
Nederland,WindOffshore,Hour,2134462,2134462,0,0,"2025-05-24 09:00:00","2025-05-24 10:00:00","2025-09-23 06:29:39"
Nederland,WindOffshore,Hour,2570224,2570224,0,0,"2025-05-24 10:00:00","2025-05-24 11:00:00","2025-09-23 06:29:39"
Nederland,WindOffshore,Hour,2673856,2673856,0,0,"2025-05-24 11:00:00","2025-05-24 12:00:00","2025-09-23 06:29:39"
Nederland,WindOffshore,Hour,3608309,3608309,0,0,"2025-05-24 12:00:00","2025-05-24 13:00:00","2025-09-23 06:29:39"
Nederland,WindOffshore,Hour,3419134,3419134,0,0,"2025-05-24 13:00:00","2025-05-24 14:00:00","2025-09-23 06:29:39"
Nederland,WindOffshore,Hour,3517687,3517687,0,0,"2025-05-24 14:00:00","2025-05-24 15:00:00","2025-09-23 06:29:39"
Nederland,WindOffshore,Hour,3355648,3355648,0,0,"2025-05-24 15:00:00","2025-05-24 16:00:00","2025-09-23 06:29:39"
Nederland,WindOffshore,Hour,3504262,3504262,0,0,"2025-05-24 16:00:00","2025-05-24 17:00:00","2025-09-23 06:29:39"
Nederland,WindOffshore,Hour,3669842,3669842,0,0,"2025-05-24 17:00:00","2025-05-24 18:00:00","2025-09-23 06:29:39"
Nederland,WindOffshore,Hour,3594492,3594492,0,0,"2025-05-24 18:00:00","2025-05-24 19:00:00","2025-09-23 06:29:39"
Nederland,WindOffshore,Hour,3376064,3376064,0,0,"2025-05-24 19:00:00","2025-05-24 20:00:00","2025-09-23 06:29:39"
Nederland,WindOffshore,Hour,3253872,3253872,0,0,"2025-05-24 20:00:00","2025-05-24 21:00:00","2025-09-23 06:29:39"
Nederland,WindOffshore,Hour,3483238,3483238,0,0,"2025-05-24 21:00:00","2025-05-24 22:00:00","2025-09-23 06:29:39"
Nederland,WindOffshore,Hour,3734789,3734789,0,0,"2025-05-24 22:00:00","2025-05-24 23:00:00","2025-09-23 06:29:39"
Nederland,WindOffshore,Hour,3911515,3911515,0,0,"2025-05-24 23:00:00","2025-05-25 00:00:00","2025-09-23 06:29:39"
Nederland,WindOffshore,Hour,3863107,3863107,0,0,"2025-05-25 00:00:00","2025-05-25 01:00:00","2025-09-24 06:29:36"
Nederland,WindOffshore,Hour,3851878,3851878,0,0,"2025-05-25 01:00:00","2025-05-25 02:00:00","2025-09-24 06:29:36"
Nederland,WindOffshore,Hour,4013434,4013434,0,0,"2025-05-25 02:00:00","2025-05-25 03:00:00","2025-09-24 06:29:36"
Nederland,WindOffshore,Hour,4013635,4013635,0,0,"2025-05-25 03:00:00","2025-05-25 04:00:00","2025-09-24 06:29:36"
Nederland,WindOffshore,Hour,3953089,3953089,0,0,"2025-05-25 04:00:00","2025-05-25 05:00:00","2025-09-24 06:29:36"
Nederland,WindOffshore,Hour,3953513,3953513,0,0,"2025-05-25 05:00:00","2025-05-25 06:00:00","2025-09-24 06:29:36"
Nederland,WindOffshore,Hour,4072566,4072566,0,0,"2025-05-25 06:00:00","2025-05-25 07:00:00","2025-09-24 06:29:36"
Nederland,WindOffshore,Hour,2865825,2865825,0,0,"2025-05-25 07:00:00","2025-05-25 08:00:00","2025-09-24 06:29:36"
Nederland,WindOffshore,Hour,2877681,2877681,0,0,"2025-05-25 08:00:00","2025-05-25 09:00:00","2025-09-24 06:29:36"
Nederland,WindOffshore,Hour,2448939,2448939,0,0,"2025-05-25 09:00:00","2025-05-25 10:00:00","2025-09-24 06:29:36"
Nederland,WindOffshore,Hour,2440989,2440989,0,0,"2025-05-25 10:00:00","2025-05-25 11:00:00","2025-09-24 06:29:36"
Nederland,WindOffshore,Hour,2039797,2039797,0,0,"2025-05-25 11:00:00","2025-05-25 12:00:00","2025-09-24 06:29:36"
Nederland,WindOffshore,Hour,2031821,2031821,0,0,"2025-05-25 12:00:00","2025-05-25 13:00:00","2025-09-24 06:29:36"
Nederland,WindOffshore,Hour,1986003,1986003,0,0,"2025-05-25 13:00:00","2025-05-25 14:00:00","2025-09-24 06:29:36"
Nederland,WindOffshore,Hour,1840782,1840782,0,0,"2025-05-25 14:00:00","2025-05-25 15:00:00","2025-09-24 06:29:36"
Nederland,WindOffshore,Hour,1018000,1018000,0,0,"2025-05-25 15:00:00","2025-05-25 16:00:00","2025-09-24 06:29:36"
Nederland,WindOffshore,Hour,1049437,1049437,0,0,"2025-05-25 16:00:00","2025-05-25 17:00:00","2025-09-24 06:29:36"
Nederland,WindOffshore,Hour,1139130,1139130,0,0,"2025-05-25 17:00:00","2025-05-25 18:00:00","2025-09-24 06:29:36"
Nederland,WindOffshore,Hour,1331384,1331384,0,0,"2025-05-25 18:00:00","2025-05-25 19:00:00","2025-09-24 06:29:36"
Nederland,WindOffshore,Hour,1292451,1292451,0,0,"2025-05-25 19:00:00","2025-05-25 20:00:00","2025-09-24 06:29:36"
Nederland,WindOffshore,Hour,1359865,1359865,0,0,"2025-05-25 20:00:00","2025-05-25 21:00:00","2025-09-24 06:29:36"
Nederland,WindOffshore,Hour,1436249,1436249,0,0,"2025-05-25 21:00:00","2025-05-25 22:00:00","2025-09-24 06:29:36"
Nederland,WindOffshore,Hour,1482071,1482071,0,0,"2025-05-25 22:00:00","2025-05-25 23:00:00","2025-09-24 06:29:36"
Nederland,WindOffshore,Hour,1833768,1833768,0,0,"2025-05-25 23:00:00","2025-05-26 00:00:00","2025-09-24 06:29:36"
Nederland,WindOffshore,Hour,2366356,2366356,0,0,"2025-05-26 00:00:00","2025-05-26 01:00:00","2025-09-25 06:29:34"
Nederland,WindOffshore,Hour,2668255,2668255,0,0,"2025-05-26 01:00:00","2025-05-26 02:00:00","2025-09-25 06:29:34"
Nederland,WindOffshore,Hour,2657069,2657069,0,0,"2025-05-26 02:00:00","2025-05-26 03:00:00","2025-09-25 06:29:34"
Nederland,WindOffshore,Hour,2397262,2397262,0,0,"2025-05-26 03:00:00","2025-05-26 04:00:00","2025-09-25 06:29:34"
Nederland,WindOffshore,Hour,2125187,2125187,0,0,"2025-05-26 04:00:00","2025-05-26 05:00:00","2025-09-25 06:29:34"
Nederland,WindOffshore,Hour,2231087,2231087,0,0,"2025-05-26 05:00:00","2025-05-26 06:00:00","2025-09-25 06:29:34"
Nederland,WindOffshore,Hour,2061558,2061558,0,0,"2025-05-26 06:00:00","2025-05-26 07:00:00","2025-09-25 06:29:34"
Nederland,WindOffshore,Hour,1800643,1800643,0,0,"2025-05-26 07:00:00","2025-05-26 08:00:00","2025-09-25 06:29:34"
Nederland,WindOffshore,Hour,1702605,1702605,0,0,"2025-05-26 08:00:00","2025-05-26 09:00:00","2025-09-25 06:29:34"
Nederland,WindOffshore,Hour,1873417,1873417,0,0,"2025-05-26 09:00:00","2025-05-26 10:00:00","2025-09-25 06:29:34"
Nederland,WindOffshore,Hour,2303773,2303773,0,0,"2025-05-26 10:00:00","2025-05-26 11:00:00","2025-09-25 06:29:34"
Nederland,WindOffshore,Hour,2698440,2698440,0,0,"2025-05-26 11:00:00","2025-05-26 12:00:00","2025-09-25 06:29:34"
Nederland,WindOffshore,Hour,3228769,3228769,0,0,"2025-05-26 12:00:00","2025-05-26 13:00:00","2025-09-25 06:29:34"
Nederland,WindOffshore,Hour,3478227,3478227,0,0,"2025-05-26 13:00:00","2025-05-26 14:00:00","2025-09-25 06:29:34"
Nederland,WindOffshore,Hour,3786215,3786215,0,0,"2025-05-26 14:00:00","2025-05-26 15:00:00","2025-09-25 06:29:34"
Nederland,WindOffshore,Hour,3923944,3923944,0,0,"2025-05-26 15:00:00","2025-05-26 16:00:00","2025-09-25 06:29:34"
Nederland,WindOffshore,Hour,3996946,3996946,0,0,"2025-05-26 16:00:00","2025-05-26 17:00:00","2025-09-25 06:29:34"
Nederland,WindOffshore,Hour,4069400,4069400,0,0,"2025-05-26 17:00:00","2025-05-26 18:00:00","2025-09-25 06:29:34"
Nederland,WindOffshore,Hour,4027874,4027874,0,0,"2025-05-26 18:00:00","2025-05-26 19:00:00","2025-09-25 06:29:34"
Nederland,WindOffshore,Hour,3920493,3920493,0,0,"2025-05-26 19:00:00","2025-05-26 20:00:00","2025-09-25 06:29:34"
Nederland,WindOffshore,Hour,3905479,3905479,0,0,"2025-05-26 20:00:00","2025-05-26 21:00:00","2025-09-25 06:29:34"
Nederland,WindOffshore,Hour,3915834,3915834,0,0,"2025-05-26 21:00:00","2025-05-26 22:00:00","2025-09-25 06:29:34"
Nederland,WindOffshore,Hour,4020382,4020382,0,0,"2025-05-26 22:00:00","2025-05-26 23:00:00","2025-09-25 06:29:34"
Nederland,WindOffshore,Hour,4073305,4073305,0,0,"2025-05-26 23:00:00","2025-05-27 00:00:00","2025-09-25 06:29:34"
Nederland,WindOffshore,Hour,4094042,4094042,0,0,"2025-05-27 00:00:00","2025-05-27 01:00:00","2025-09-26 06:29:16"
Nederland,WindOffshore,Hour,4106341,4106341,0,0,"2025-05-27 01:00:00","2025-05-27 02:00:00","2025-09-26 06:29:16"
Nederland,WindOffshore,Hour,4125504,4125504,0,0,"2025-05-27 02:00:00","2025-05-27 03:00:00","2025-09-26 06:29:16"
Nederland,WindOffshore,Hour,4152175,4152175,0,0,"2025-05-27 03:00:00","2025-05-27 04:00:00","2025-09-26 06:29:16"
Nederland,WindOffshore,Hour,4158000,4158000,0,0,"2025-05-27 04:00:00","2025-05-27 05:00:00","2025-09-26 06:29:16"
Nederland,WindOffshore,Hour,4158000,4158000,0,0,"2025-05-27 05:00:00","2025-05-27 06:00:00","2025-09-26 06:29:16"
Nederland,WindOffshore,Hour,4156234,4156234,0,0,"2025-05-27 06:00:00","2025-05-27 07:00:00","2025-09-26 06:29:16"
Nederland,WindOffshore,Hour,4136631,4136631,0,0,"2025-05-27 07:00:00","2025-05-27 08:00:00","2025-09-26 06:29:16"
Nederland,WindOffshore,Hour,4054988,4054988,0,0,"2025-05-27 08:00:00","2025-05-27 09:00:00","2025-09-26 06:29:16"
Nederland,WindOffshore,Hour,3761973,3761973,0,0,"2025-05-27 09:00:00","2025-05-27 10:00:00","2025-09-26 06:29:16"
Nederland,WindOffshore,Hour,3468556,3468556,0,0,"2025-05-27 10:00:00","2025-05-27 11:00:00","2025-09-26 06:29:16"
Nederland,WindOffshore,Hour,2358107,2358107,0,0,"2025-05-27 11:00:00","2025-05-27 12:00:00","2025-09-26 06:29:16"
Nederland,WindOffshore,Hour,2450859,2450859,0,0,"2025-05-27 12:00:00","2025-05-27 13:00:00","2025-09-26 06:29:16"
Nederland,WindOffshore,Hour,3676461,3676461,0,0,"2025-05-27 13:00:00","2025-05-27 14:00:00","2025-09-26 06:29:16"
Nederland,WindOffshore,Hour,3613679,3613679,0,0,"2025-05-27 14:00:00","2025-05-27 15:00:00","2025-09-26 06:29:16"
Nederland,WindOffshore,Hour,3114806,3114806,0,0,"2025-05-27 15:00:00","2025-05-27 16:00:00","2025-09-26 06:29:16"
Nederland,WindOffshore,Hour,3003102,3003102,0,0,"2025-05-27 16:00:00","2025-05-27 17:00:00","2025-09-26 06:29:16"
Nederland,WindOffshore,Hour,3969558,3969558,0,0,"2025-05-27 17:00:00","2025-05-27 18:00:00","2025-09-26 06:29:16"
Nederland,WindOffshore,Hour,3995732,3995732,0,0,"2025-05-27 18:00:00","2025-05-27 19:00:00","2025-09-26 06:29:16"
Nederland,WindOffshore,Hour,3813777,3813777,0,0,"2025-05-27 19:00:00","2025-05-27 20:00:00","2025-09-26 06:29:16"
Nederland,WindOffshore,Hour,3746549,3746549,0,0,"2025-05-27 20:00:00","2025-05-27 21:00:00","2025-09-26 06:29:16"
Nederland,WindOffshore,Hour,3766395,3766395,0,0,"2025-05-27 21:00:00","2025-05-27 22:00:00","2025-09-26 06:29:16"
Nederland,WindOffshore,Hour,3755726,3755726,0,0,"2025-05-27 22:00:00","2025-05-27 23:00:00","2025-09-26 06:29:16"
Nederland,WindOffshore,Hour,3822367,3822367,0,0,"2025-05-27 23:00:00","2025-05-28 00:00:00","2025-09-26 06:29:16"
Nederland,WindOffshore,Hour,4003370,4003370,0,0,"2025-05-28 00:00:00","2025-05-28 01:00:00","2025-09-27 06:29:16"
Nederland,WindOffshore,Hour,4049109,4049109,0,0,"2025-05-28 01:00:00","2025-05-28 02:00:00","2025-09-27 06:29:16"
Nederland,WindOffshore,Hour,4058229,4058229,0,0,"2025-05-28 02:00:00","2025-05-28 03:00:00","2025-09-27 06:29:16"
Nederland,WindOffshore,Hour,3774290,3774290,0,0,"2025-05-28 03:00:00","2025-05-28 04:00:00","2025-09-27 06:29:16"
Nederland,WindOffshore,Hour,3597761,3597761,0,0,"2025-05-28 04:00:00","2025-05-28 05:00:00","2025-09-27 06:29:16"
Nederland,WindOffshore,Hour,3713461,3713461,0,0,"2025-05-28 05:00:00","2025-05-28 06:00:00","2025-09-27 06:29:16"
Nederland,WindOffshore,Hour,3274024,3274024,0,0,"2025-05-28 06:00:00","2025-05-28 07:00:00","2025-09-27 06:29:16"
Nederland,WindOffshore,Hour,2935749,2935749,0,0,"2025-05-28 07:00:00","2025-05-28 08:00:00","2025-09-27 06:29:16"
Nederland,WindOffshore,Hour,2785539,2785539,0,0,"2025-05-28 08:00:00","2025-05-28 09:00:00","2025-09-27 06:29:16"
Nederland,WindOffshore,Hour,2138656,2138656,0,0,"2025-05-28 09:00:00","2025-05-28 10:00:00","2025-09-27 06:29:16"
Nederland,WindOffshore,Hour,1507724,1507724,0,0,"2025-05-28 10:00:00","2025-05-28 11:00:00","2025-09-27 06:29:16"
Nederland,WindOffshore,Hour,1292954,1292954,0,0,"2025-05-28 11:00:00","2025-05-28 12:00:00","2025-09-27 06:29:16"
Nederland,WindOffshore,Hour,772381,772381,0,0,"2025-05-28 12:00:00","2025-05-28 13:00:00","2025-09-27 06:29:16"
Nederland,WindOffshore,Hour,251556,251556,0,0,"2025-05-28 13:00:00","2025-05-28 14:00:00","2025-09-27 06:29:16"
Nederland,WindOffshore,Hour,202198,202198,0,0,"2025-05-28 14:00:00","2025-05-28 15:00:00","2025-09-27 06:29:16"
Nederland,WindOffshore,Hour,231490,231490,0,0,"2025-05-28 15:00:00","2025-05-28 16:00:00","2025-09-27 06:29:16"
Nederland,WindOffshore,Hour,213781,213781,0,0,"2025-05-28 16:00:00","2025-05-28 17:00:00","2025-09-27 06:29:16"
Nederland,WindOffshore,Hour,183650,183650,0,0,"2025-05-28 17:00:00","2025-05-28 18:00:00","2025-09-27 06:29:16"
Nederland,WindOffshore,Hour,133101,133101,0,0,"2025-05-28 18:00:00","2025-05-28 19:00:00","2025-09-27 06:29:16"
Nederland,WindOffshore,Hour,157230,157230,0,0,"2025-05-28 19:00:00","2025-05-28 20:00:00","2025-09-27 06:29:16"
Nederland,WindOffshore,Hour,192402,192402,0,0,"2025-05-28 20:00:00","2025-05-28 21:00:00","2025-09-27 06:29:16"
Nederland,WindOffshore,Hour,147081,147081,0,0,"2025-05-28 21:00:00","2025-05-28 22:00:00","2025-09-27 06:29:16"
Nederland,WindOffshore,Hour,165120,165120,0,0,"2025-05-28 22:00:00","2025-05-28 23:00:00","2025-09-27 06:29:16"
Nederland,WindOffshore,Hour,175368,175368,0,0,"2025-05-28 23:00:00","2025-05-29 00:00:00","2025-09-27 06:29:16"
Nederland,WindOffshore,Hour,192556,192556,0,0,"2025-05-29 00:00:00","2025-05-29 01:00:00","2025-09-28 06:29:25"
Nederland,WindOffshore,Hour,253271,253271,0,0,"2025-05-29 01:00:00","2025-05-29 02:00:00","2025-09-28 06:29:25"
Nederland,WindOffshore,Hour,511601,511601,0,0,"2025-05-29 02:00:00","2025-05-29 03:00:00","2025-09-28 06:29:25"
Nederland,WindOffshore,Hour,755786,755786,0,0,"2025-05-29 03:00:00","2025-05-29 04:00:00","2025-09-28 06:29:25"
Nederland,WindOffshore,Hour,972465,972465,0,0,"2025-05-29 04:00:00","2025-05-29 05:00:00","2025-09-28 06:29:25"
Nederland,WindOffshore,Hour,1133313,1133313,0,0,"2025-05-29 05:00:00","2025-05-29 06:00:00","2025-09-28 06:29:25"
Nederland,WindOffshore,Hour,1575076,1575076,0,0,"2025-05-29 06:00:00","2025-05-29 07:00:00","2025-09-28 06:29:25"
Nederland,WindOffshore,Hour,1508475,1508475,0,0,"2025-05-29 07:00:00","2025-05-29 08:00:00","2025-09-28 06:29:25"
Nederland,WindOffshore,Hour,2362981,2362981,0,0,"2025-05-29 08:00:00","2025-05-29 09:00:00","2025-09-28 06:29:25"
Nederland,WindOffshore,Hour,3401270,3401270,0,0,"2025-05-29 09:00:00","2025-05-29 10:00:00","2025-09-28 06:29:25"
Nederland,WindOffshore,Hour,3820472,3820472,0,0,"2025-05-29 10:00:00","2025-05-29 11:00:00","2025-09-28 06:29:25"
Nederland,WindOffshore,Hour,4084464,4084464,0,0,"2025-05-29 11:00:00","2025-05-29 12:00:00","2025-09-28 06:29:25"
Nederland,WindOffshore,Hour,4085385,4085385,0,0,"2025-05-29 12:00:00","2025-05-29 13:00:00","2025-09-28 06:29:25"
Nederland,WindOffshore,Hour,4081958,4081958,0,0,"2025-05-29 13:00:00","2025-05-29 14:00:00","2025-09-28 06:29:25"
Nederland,WindOffshore,Hour,4043980,4043980,0,0,"2025-05-29 14:00:00","2025-05-29 15:00:00","2025-09-28 06:29:25"
Nederland,WindOffshore,Hour,3980512,3980512,0,0,"2025-05-29 15:00:00","2025-05-29 16:00:00","2025-09-28 06:29:25"
Nederland,WindOffshore,Hour,4098637,4098637,0,0,"2025-05-29 16:00:00","2025-05-29 17:00:00","2025-09-28 06:29:25"
Nederland,WindOffshore,Hour,4144210,4144210,0,0,"2025-05-29 17:00:00","2025-05-29 18:00:00","2025-09-28 06:29:25"
Nederland,WindOffshore,Hour,4138601,4138601,0,0,"2025-05-29 18:00:00","2025-05-29 19:00:00","2025-09-28 06:29:25"
Nederland,WindOffshore,Hour,4130046,4130046,0,0,"2025-05-29 19:00:00","2025-05-29 20:00:00","2025-09-28 06:29:25"
Nederland,WindOffshore,Hour,4104913,4104913,0,0,"2025-05-29 20:00:00","2025-05-29 21:00:00","2025-09-28 06:29:25"
Nederland,WindOffshore,Hour,4058338,4058338,0,0,"2025-05-29 21:00:00","2025-05-29 22:00:00","2025-09-28 06:29:25"
Nederland,WindOffshore,Hour,3965478,3965478,0,0,"2025-05-29 22:00:00","2025-05-29 23:00:00","2025-09-28 06:29:25"
Nederland,WindOffshore,Hour,3917612,3917612,0,0,"2025-05-29 23:00:00","2025-05-30 00:00:00","2025-09-28 06:29:25"
Nederland,WindOffshore,Hour,3794376,3794376,0,0,"2025-05-30 00:00:00","2025-05-30 01:00:00","2025-09-29 06:29:24"
Nederland,WindOffshore,Hour,3556004,3556004,0,0,"2025-05-30 01:00:00","2025-05-30 02:00:00","2025-09-29 06:29:24"
Nederland,WindOffshore,Hour,3385863,3385863,0,0,"2025-05-30 02:00:00","2025-05-30 03:00:00","2025-09-29 06:29:24"
Nederland,WindOffshore,Hour,3667668,3667668,0,0,"2025-05-30 03:00:00","2025-05-30 04:00:00","2025-09-29 06:29:24"
Nederland,WindOffshore,Hour,3583420,3583420,0,0,"2025-05-30 04:00:00","2025-05-30 05:00:00","2025-09-29 06:29:24"
Nederland,WindOffshore,Hour,3649498,3649498,0,0,"2025-05-30 05:00:00","2025-05-30 06:00:00","2025-09-29 06:29:24"
Nederland,WindOffshore,Hour,3609655,3609655,0,0,"2025-05-30 06:00:00","2025-05-30 07:00:00","2025-09-29 06:29:24"
Nederland,WindOffshore,Hour,3604311,3604311,0,0,"2025-05-30 07:00:00","2025-05-30 08:00:00","2025-09-29 06:29:24"
Nederland,WindOffshore,Hour,3598277,3598277,0,0,"2025-05-30 08:00:00","2025-05-30 09:00:00","2025-09-29 06:29:24"
Nederland,WindOffshore,Hour,2399849,2399849,0,0,"2025-05-30 09:00:00","2025-05-30 10:00:00","2025-09-29 06:29:24"
Nederland,WindOffshore,Hour,2527184,2527184,0,0,"2025-05-30 10:00:00","2025-05-30 11:00:00","2025-09-29 06:29:24"
Nederland,WindOffshore,Hour,2425667,2425667,0,0,"2025-05-30 11:00:00","2025-05-30 12:00:00","2025-09-29 06:29:24"
Nederland,WindOffshore,Hour,2195509,2195509,0,0,"2025-05-30 12:00:00","2025-05-30 13:00:00","2025-09-29 06:29:24"
Nederland,WindOffshore,Hour,1949732,1949732,0,0,"2025-05-30 13:00:00","2025-05-30 14:00:00","2025-09-29 06:29:24"
Nederland,WindOffshore,Hour,1743081,1743081,0,0,"2025-05-30 14:00:00","2025-05-30 15:00:00","2025-09-29 06:29:24"
Nederland,WindOffshore,Hour,2524095,2524095,0,0,"2025-05-30 15:00:00","2025-05-30 16:00:00","2025-09-29 06:29:24"
Nederland,WindOffshore,Hour,2617317,2617317,0,0,"2025-05-30 16:00:00","2025-05-30 17:00:00","2025-09-29 06:29:24"
Nederland,WindOffshore,Hour,1824816,1824816,0,0,"2025-05-30 17:00:00","2025-05-30 18:00:00","2025-09-29 06:29:24"
Nederland,WindOffshore,Hour,1323225,1323225,0,0,"2025-05-30 18:00:00","2025-05-30 19:00:00","2025-09-29 06:29:24"
Nederland,WindOffshore,Hour,1176933,1176933,0,0,"2025-05-30 19:00:00","2025-05-30 20:00:00","2025-09-29 06:29:24"
Nederland,WindOffshore,Hour,794155,794155,0,0,"2025-05-30 20:00:00","2025-05-30 21:00:00","2025-09-29 06:29:24"
Nederland,WindOffshore,Hour,682851,682851,0,0,"2025-05-30 21:00:00","2025-05-30 22:00:00","2025-09-29 06:29:24"
Nederland,WindOffshore,Hour,564284,564284,0,0,"2025-05-30 22:00:00","2025-05-30 23:00:00","2025-09-29 06:29:24"
Nederland,WindOffshore,Hour,369562,369562,0,0,"2025-05-30 23:00:00","2025-05-31 00:00:00","2025-09-29 06:29:24"
Nederland,WindOffshore,Hour,301682,301682,0,0,"2025-05-31 00:00:00","2025-05-31 01:00:00","2025-09-30 06:29:37"
Nederland,WindOffshore,Hour,291119,291119,0,0,"2025-05-31 01:00:00","2025-05-31 02:00:00","2025-09-30 06:29:37"
Nederland,WindOffshore,Hour,212399,212399,0,0,"2025-05-31 02:00:00","2025-05-31 03:00:00","2025-09-30 06:29:37"
Nederland,WindOffshore,Hour,256144,256144,0,0,"2025-05-31 03:00:00","2025-05-31 04:00:00","2025-09-30 06:29:37"
Nederland,WindOffshore,Hour,297924,297924,0,0,"2025-05-31 04:00:00","2025-05-31 05:00:00","2025-09-30 06:29:37"
Nederland,WindOffshore,Hour,339583,339583,0,0,"2025-05-31 05:00:00","2025-05-31 06:00:00","2025-09-30 06:29:37"
Nederland,WindOffshore,Hour,357870,357870,0,0,"2025-05-31 06:00:00","2025-05-31 07:00:00","2025-09-30 06:29:37"
Nederland,WindOffshore,Hour,714226,714226,0,0,"2025-05-31 07:00:00","2025-05-31 08:00:00","2025-09-30 06:29:37"
Nederland,WindOffshore,Hour,425772,425772,0,0,"2025-05-31 08:00:00","2025-05-31 09:00:00","2025-09-30 06:29:37"
Nederland,WindOffshore,Hour,323237,323237,0,0,"2025-05-31 09:00:00","2025-05-31 10:00:00","2025-09-30 06:29:37"
Nederland,WindOffshore,Hour,207208,207208,0,0,"2025-05-31 10:00:00","2025-05-31 11:00:00","2025-09-30 06:29:37"
Nederland,WindOffshore,Hour,59343,59343,0,0,"2025-05-31 11:00:00","2025-05-31 12:00:00","2025-09-30 06:29:37"
Nederland,WindOffshore,Hour,31575,31575,0,0,"2025-05-31 12:00:00","2025-05-31 13:00:00","2025-09-30 06:29:37"
Nederland,WindOffshore,Hour,73629,73629,0,0,"2025-05-31 13:00:00","2025-05-31 14:00:00","2025-09-30 06:29:37"
Nederland,WindOffshore,Hour,82237,82237,0,0,"2025-05-31 14:00:00","2025-05-31 15:00:00","2025-09-30 06:29:37"
Nederland,WindOffshore,Hour,58506,58506,0,0,"2025-05-31 15:00:00","2025-05-31 16:00:00","2025-09-30 06:29:37"
Nederland,WindOffshore,Hour,30265,30265,0,0,"2025-05-31 16:00:00","2025-05-31 17:00:00","2025-09-30 06:29:37"
Nederland,WindOffshore,Hour,22680,22680,0,0,"2025-05-31 17:00:00","2025-05-31 18:00:00","2025-09-30 06:29:37"
Nederland,WindOffshore,Hour,45414,45414,0,0,"2025-05-31 18:00:00","2025-05-31 19:00:00","2025-09-30 06:29:37"
Nederland,WindOffshore,Hour,435086,435086,0,0,"2025-05-31 19:00:00","2025-05-31 20:00:00","2025-09-30 06:29:37"
Nederland,WindOffshore,Hour,699209,699209,0,0,"2025-05-31 20:00:00","2025-05-31 21:00:00","2025-09-30 06:29:37"
Nederland,WindOffshore,Hour,927534,927534,0,0,"2025-05-31 21:00:00","2025-05-31 22:00:00","2025-09-30 06:29:37"
Nederland,WindOffshore,Hour,1190617,1190617,0,0,"2025-05-31 22:00:00","2025-05-31 23:00:00","2025-09-30 06:29:37"
Nederland,WindOffshore,Hour,1642783,1642783,0,0,"2025-05-31 23:00:00","2025-06-01 00:00:00","2025-09-30 06:29:37"
Nederland,WindOffshore,Hour,1922645,1922645,0,0,"2025-06-01 00:00:00","2025-06-01 01:00:00","2025-10-01 06:29:38"
Nederland,WindOffshore,Hour,2014388,2014388,0,0,"2025-06-01 01:00:00","2025-06-01 02:00:00","2025-10-01 06:29:38"
Nederland,WindOffshore,Hour,2406401,2406401,0,0,"2025-06-01 02:00:00","2025-06-01 03:00:00","2025-10-01 06:29:38"
Nederland,WindOffshore,Hour,1876726,1876726,0,0,"2025-06-01 03:00:00","2025-06-01 04:00:00","2025-10-01 06:29:38"
Nederland,WindOffshore,Hour,1158388,1158388,0,0,"2025-06-01 04:00:00","2025-06-01 05:00:00","2025-10-01 06:29:38"
Nederland,WindOffshore,Hour,1253426,1253426,0,0,"2025-06-01 05:00:00","2025-06-01 06:00:00","2025-10-01 06:29:38"
Nederland,WindOffshore,Hour,1077033,1077033,0,0,"2025-06-01 06:00:00","2025-06-01 07:00:00","2025-10-01 06:29:38"
Nederland,WindOffshore,Hour,835055,835055,0,0,"2025-06-01 07:00:00","2025-06-01 08:00:00","2025-10-01 06:29:38"
Nederland,WindOffshore,Hour,694038,694038,0,0,"2025-06-01 08:00:00","2025-06-01 09:00:00","2025-10-01 06:29:38"
Nederland,WindOffshore,Hour,1053649,1053649,0,0,"2025-06-01 09:00:00","2025-06-01 10:00:00","2025-10-01 06:29:38"
Nederland,WindOffshore,Hour,1392864,1392864,0,0,"2025-06-01 10:00:00","2025-06-01 11:00:00","2025-10-01 06:29:38"
Nederland,WindOffshore,Hour,1055175,1055175,0,0,"2025-06-01 11:00:00","2025-06-01 12:00:00","2025-10-01 06:29:38"
Nederland,WindOffshore,Hour,1292456,1292456,0,0,"2025-06-01 12:00:00","2025-06-01 13:00:00","2025-10-01 06:29:38"
Nederland,WindOffshore,Hour,1531058,1531058,0,0,"2025-06-01 13:00:00","2025-06-01 14:00:00","2025-10-01 06:29:38"
Nederland,WindOffshore,Hour,2098514,2098514,0,0,"2025-06-01 14:00:00","2025-06-01 15:00:00","2025-10-01 06:29:38"
Nederland,WindOffshore,Hour,2049142,2049142,0,0,"2025-06-01 15:00:00","2025-06-01 16:00:00","2025-10-01 06:29:38"
Nederland,WindOffshore,Hour,3012757,3012757,0,0,"2025-06-01 16:00:00","2025-06-01 17:00:00","2025-10-01 06:29:38"
Nederland,WindOffshore,Hour,2859341,2859341,0,0,"2025-06-01 17:00:00","2025-06-01 18:00:00","2025-10-01 06:29:38"
Nederland,WindOffshore,Hour,2934953,2934953,0,0,"2025-06-01 18:00:00","2025-06-01 19:00:00","2025-10-01 06:29:38"
Nederland,WindOffshore,Hour,2807604,2807604,0,0,"2025-06-01 19:00:00","2025-06-01 20:00:00","2025-10-01 06:29:38"
Nederland,WindOffshore,Hour,3049456,3049456,0,0,"2025-06-01 20:00:00","2025-06-01 21:00:00","2025-10-01 06:29:38"
Nederland,WindOffshore,Hour,2872145,2872145,0,0,"2025-06-01 21:00:00","2025-06-01 22:00:00","2025-10-01 06:29:38"
Nederland,WindOffshore,Hour,2906942,2906942,0,0,"2025-06-01 22:00:00","2025-06-01 23:00:00","2025-10-01 06:29:38"
Nederland,WindOffshore,Hour,3060458,3060458,0,0,"2025-06-01 23:00:00","2025-06-02 00:00:00","2025-10-01 06:29:38"
Nederland,WindOffshore,Hour,2690454,2690454,0,0,"2025-06-02 00:00:00","2025-06-02 01:00:00","2025-10-02 06:29:48"
Nederland,WindOffshore,Hour,1623902,1623902,0,0,"2025-06-02 01:00:00","2025-06-02 02:00:00","2025-10-02 06:29:48"
Nederland,WindOffshore,Hour,1033723,1033723,0,0,"2025-06-02 02:00:00","2025-06-02 03:00:00","2025-10-02 06:29:48"
Nederland,WindOffshore,Hour,1088158,1088158,0,0,"2025-06-02 03:00:00","2025-06-02 04:00:00","2025-10-02 06:29:48"
Nederland,WindOffshore,Hour,908826,908826,0,0,"2025-06-02 04:00:00","2025-06-02 05:00:00","2025-10-02 06:29:48"
Nederland,WindOffshore,Hour,759905,759905,0,0,"2025-06-02 05:00:00","2025-06-02 06:00:00","2025-10-02 06:29:48"
Nederland,WindOffshore,Hour,679155,679155,0,0,"2025-06-02 06:00:00","2025-06-02 07:00:00","2025-10-02 06:29:48"
Nederland,WindOffshore,Hour,635315,635315,0,0,"2025-06-02 07:00:00","2025-06-02 08:00:00","2025-10-02 06:29:48"
Nederland,WindOffshore,Hour,753936,753936,0,0,"2025-06-02 08:00:00","2025-06-02 09:00:00","2025-10-02 06:29:48"
Nederland,WindOffshore,Hour,919083,919083,0,0,"2025-06-02 09:00:00","2025-06-02 10:00:00","2025-10-02 06:29:48"
Nederland,WindOffshore,Hour,755298,755298,0,0,"2025-06-02 10:00:00","2025-06-02 11:00:00","2025-10-02 06:29:48"
Nederland,WindOffshore,Hour,711942,711942,0,0,"2025-06-02 11:00:00","2025-06-02 12:00:00","2025-10-02 06:29:48"
Nederland,WindOffshore,Hour,582652,582652,0,0,"2025-06-02 12:00:00","2025-06-02 13:00:00","2025-10-02 06:29:48"
Nederland,WindOffshore,Hour,473559,473559,0,0,"2025-06-02 13:00:00","2025-06-02 14:00:00","2025-10-02 06:29:48"
Nederland,WindOffshore,Hour,364156,364156,0,0,"2025-06-02 14:00:00","2025-06-02 15:00:00","2025-10-02 06:29:48"
Nederland,WindOffshore,Hour,342224,342224,0,0,"2025-06-02 15:00:00","2025-06-02 16:00:00","2025-10-02 06:29:48"
Nederland,WindOffshore,Hour,246241,246241,0,0,"2025-06-02 16:00:00","2025-06-02 17:00:00","2025-10-02 06:29:48"
Nederland,WindOffshore,Hour,89454,89454,0,0,"2025-06-02 17:00:00","2025-06-02 18:00:00","2025-10-02 06:29:48"
Nederland,WindOffshore,Hour,154736,154736,0,0,"2025-06-02 18:00:00","2025-06-02 19:00:00","2025-10-02 06:29:48"
Nederland,WindOffshore,Hour,277537,277537,0,0,"2025-06-02 19:00:00","2025-06-02 20:00:00","2025-10-02 06:29:48"
Nederland,WindOffshore,Hour,378311,378311,0,0,"2025-06-02 20:00:00","2025-06-02 21:00:00","2025-10-02 06:29:48"
Nederland,WindOffshore,Hour,598999,598999,0,0,"2025-06-02 21:00:00","2025-06-02 22:00:00","2025-10-02 06:29:48"
Nederland,WindOffshore,Hour,959984,959984,0,0,"2025-06-02 22:00:00","2025-06-02 23:00:00","2025-10-02 06:29:48"
Nederland,WindOffshore,Hour,1339599,1339599,0,0,"2025-06-02 23:00:00","2025-06-03 00:00:00","2025-10-02 06:29:48"
Nederland,WindOffshore,Hour,1862914,1862914,0,0,"2025-06-03 00:00:00","2025-06-03 01:00:00","2025-10-03 06:29:38"
Nederland,WindOffshore,Hour,2111035,2111035,0,0,"2025-06-03 01:00:00","2025-06-03 02:00:00","2025-10-03 06:29:38"
Nederland,WindOffshore,Hour,1926053,1926053,0,0,"2025-06-03 02:00:00","2025-06-03 03:00:00","2025-10-03 06:29:38"
Nederland,WindOffshore,Hour,2064778,2064778,0,0,"2025-06-03 03:00:00","2025-06-03 04:00:00","2025-10-03 06:29:38"
Nederland,WindOffshore,Hour,2548932,2548932,0,0,"2025-06-03 04:00:00","2025-06-03 05:00:00","2025-10-03 06:29:38"
Nederland,WindOffshore,Hour,2628652,2628652,0,0,"2025-06-03 05:00:00","2025-06-03 06:00:00","2025-10-03 06:29:38"
Nederland,WindOffshore,Hour,2554769,2554769,0,0,"2025-06-03 06:00:00","2025-06-03 07:00:00","2025-10-03 06:29:38"
Nederland,WindOffshore,Hour,2751106,2751106,0,0,"2025-06-03 07:00:00","2025-06-03 08:00:00","2025-10-03 06:29:38"
Nederland,WindOffshore,Hour,2779001,2779001,0,0,"2025-06-03 08:00:00","2025-06-03 09:00:00","2025-10-03 06:29:38"
Nederland,WindOffshore,Hour,2775546,2775546,0,0,"2025-06-03 09:00:00","2025-06-03 10:00:00","2025-10-03 06:29:38"
Nederland,WindOffshore,Hour,3547874,3547874,0,0,"2025-06-03 10:00:00","2025-06-03 11:00:00","2025-10-03 06:29:38"
Nederland,WindOffshore,Hour,3285021,3285021,0,0,"2025-06-03 11:00:00","2025-06-03 12:00:00","2025-10-03 06:29:38"
Nederland,WindOffshore,Hour,3826039,3826039,0,0,"2025-06-03 12:00:00","2025-06-03 13:00:00","2025-10-03 06:29:38"
Nederland,WindOffshore,Hour,4030414,4030414,0,0,"2025-06-03 13:00:00","2025-06-03 14:00:00","2025-10-03 06:29:38"
Nederland,WindOffshore,Hour,4084836,4084836,0,0,"2025-06-03 14:00:00","2025-06-03 15:00:00","2025-10-03 06:29:38"
Nederland,WindOffshore,Hour,4096820,4096820,0,0,"2025-06-03 15:00:00","2025-06-03 16:00:00","2025-10-03 06:29:38"
Nederland,WindOffshore,Hour,4110580,4110580,0,0,"2025-06-03 16:00:00","2025-06-03 17:00:00","2025-10-03 06:29:38"
Nederland,WindOffshore,Hour,4119599,4119599,0,0,"2025-06-03 17:00:00","2025-06-03 18:00:00","2025-10-03 06:29:38"
Nederland,WindOffshore,Hour,4087675,4087675,0,0,"2025-06-03 18:00:00","2025-06-03 19:00:00","2025-10-03 06:29:38"
Nederland,WindOffshore,Hour,4038697,4038697,0,0,"2025-06-03 19:00:00","2025-06-03 20:00:00","2025-10-03 06:29:38"
Nederland,WindOffshore,Hour,4018688,4018688,0,0,"2025-06-03 20:00:00","2025-06-03 21:00:00","2025-10-03 06:29:38"
Nederland,WindOffshore,Hour,4087406,4087406,0,0,"2025-06-03 21:00:00","2025-06-03 22:00:00","2025-10-03 06:29:38"
Nederland,WindOffshore,Hour,4115578,4115578,0,0,"2025-06-03 22:00:00","2025-06-03 23:00:00","2025-10-03 06:29:38"
Nederland,WindOffshore,Hour,4062497,4062497,0,0,"2025-06-03 23:00:00","2025-06-04 00:00:00","2025-10-03 06:29:38"
Nederland,WindOffshore,Hour,3956332,3956332,0,0,"2025-06-04 00:00:00","2025-06-04 01:00:00","2025-10-04 06:29:40"
Nederland,WindOffshore,Hour,3481482,3481482,0,0,"2025-06-04 01:00:00","2025-06-04 02:00:00","2025-10-04 06:29:40"
Nederland,WindOffshore,Hour,3223906,3223906,0,0,"2025-06-04 02:00:00","2025-06-04 03:00:00","2025-10-04 06:29:40"
Nederland,WindOffshore,Hour,2954130,2954130,0,0,"2025-06-04 03:00:00","2025-06-04 04:00:00","2025-10-04 06:29:40"
Nederland,WindOffshore,Hour,2695021,2695021,0,0,"2025-06-04 04:00:00","2025-06-04 05:00:00","2025-10-04 06:29:40"
Nederland,WindOffshore,Hour,2475477,2475477,0,0,"2025-06-04 05:00:00","2025-06-04 06:00:00","2025-10-04 06:29:40"
Nederland,WindOffshore,Hour,2010917,2010917,0,0,"2025-06-04 06:00:00","2025-06-04 07:00:00","2025-10-04 06:29:40"
Nederland,WindOffshore,Hour,1692281,1692281,0,0,"2025-06-04 07:00:00","2025-06-04 08:00:00","2025-10-04 06:29:40"
Nederland,WindOffshore,Hour,1629372,1629372,0,0,"2025-06-04 08:00:00","2025-06-04 09:00:00","2025-10-04 06:29:40"
Nederland,WindOffshore,Hour,1954601,1954601,0,0,"2025-06-04 09:00:00","2025-06-04 10:00:00","2025-10-04 06:29:40"
Nederland,WindOffshore,Hour,2643623,2643623,0,0,"2025-06-04 10:00:00","2025-06-04 11:00:00","2025-10-04 06:29:40"
Nederland,WindOffshore,Hour,2729480,2729480,0,0,"2025-06-04 11:00:00","2025-06-04 12:00:00","2025-10-04 06:29:40"
Nederland,WindOffshore,Hour,2587596,2587596,0,0,"2025-06-04 12:00:00","2025-06-04 13:00:00","2025-10-04 06:29:40"
Nederland,WindOffshore,Hour,2930180,2930180,0,0,"2025-06-04 13:00:00","2025-06-04 14:00:00","2025-10-04 06:29:40"
Nederland,WindOffshore,Hour,2765672,2765672,0,0,"2025-06-04 14:00:00","2025-06-04 15:00:00","2025-10-04 06:29:40"
Nederland,WindOffshore,Hour,3100746,3100746,0,0,"2025-06-04 15:00:00","2025-06-04 16:00:00","2025-10-04 06:29:40"
Nederland,WindOffshore,Hour,3064628,3064628,0,0,"2025-06-04 16:00:00","2025-06-04 17:00:00","2025-10-04 06:29:40"
Nederland,WindOffshore,Hour,3047679,3047679,0,0,"2025-06-04 17:00:00","2025-06-04 18:00:00","2025-10-04 06:29:40"
Nederland,WindOffshore,Hour,2862741,2862741,0,0,"2025-06-04 18:00:00","2025-06-04 19:00:00","2025-10-04 06:29:40"
Nederland,WindOffshore,Hour,2924806,2924806,0,0,"2025-06-04 19:00:00","2025-06-04 20:00:00","2025-10-04 06:29:40"
Nederland,WindOffshore,Hour,2969444,2969444,0,0,"2025-06-04 20:00:00","2025-06-04 21:00:00","2025-10-04 06:29:40"
Nederland,WindOffshore,Hour,3001367,3001367,0,0,"2025-06-04 21:00:00","2025-06-04 22:00:00","2025-10-04 06:29:40"
Nederland,WindOffshore,Hour,3467481,3467481,0,0,"2025-06-04 22:00:00","2025-06-04 23:00:00","2025-10-04 06:29:40"
Nederland,WindOffshore,Hour,3701168,3701168,0,0,"2025-06-04 23:00:00","2025-06-05 00:00:00","2025-10-04 06:29:40"
Nederland,WindOffshore,Hour,3819421,3819421,0,0,"2025-06-05 00:00:00","2025-06-05 01:00:00","2025-10-05 06:29:43"
Nederland,WindOffshore,Hour,3715907,3715907,0,0,"2025-06-05 01:00:00","2025-06-05 02:00:00","2025-10-05 06:29:43"
Nederland,WindOffshore,Hour,3631918,3631918,0,0,"2025-06-05 02:00:00","2025-06-05 03:00:00","2025-10-05 06:29:43"
Nederland,WindOffshore,Hour,3705169,3705169,0,0,"2025-06-05 03:00:00","2025-06-05 04:00:00","2025-10-05 06:29:43"
Nederland,WindOffshore,Hour,3834250,3834250,0,0,"2025-06-05 04:00:00","2025-06-05 05:00:00","2025-10-05 06:29:43"
Nederland,WindOffshore,Hour,3785422,3785422,0,0,"2025-06-05 05:00:00","2025-06-05 06:00:00","2025-10-05 06:29:43"
Nederland,WindOffshore,Hour,3460223,3460223,0,0,"2025-06-05 06:00:00","2025-06-05 07:00:00","2025-10-05 06:29:43"
Nederland,WindOffshore,Hour,3234219,3234219,0,0,"2025-06-05 07:00:00","2025-06-05 08:00:00","2025-10-05 06:29:43"
Nederland,WindOffshore,Hour,3068010,3068010,0,0,"2025-06-05 08:00:00","2025-06-05 09:00:00","2025-10-05 06:29:43"
Nederland,WindOffshore,Hour,2373277,2373277,0,0,"2025-06-05 09:00:00","2025-06-05 10:00:00","2025-10-05 06:29:43"
Nederland,WindOffshore,Hour,2975811,2975811,0,0,"2025-06-05 10:00:00","2025-06-05 11:00:00","2025-10-05 06:29:43"
Nederland,WindOffshore,Hour,3592648,3592648,0,0,"2025-06-05 11:00:00","2025-06-05 12:00:00","2025-10-05 06:29:43"
Nederland,WindOffshore,Hour,3437192,3437192,0,0,"2025-06-05 12:00:00","2025-06-05 13:00:00","2025-10-05 06:29:43"
Nederland,WindOffshore,Hour,3549957,3549957,0,0,"2025-06-05 13:00:00","2025-06-05 14:00:00","2025-10-05 06:29:43"
Nederland,WindOffshore,Hour,3347035,3347035,0,0,"2025-06-05 14:00:00","2025-06-05 15:00:00","2025-10-05 06:29:43"
Nederland,WindOffshore,Hour,2858676,2858676,0,0,"2025-06-05 15:00:00","2025-06-05 16:00:00","2025-10-05 06:29:43"
Nederland,WindOffshore,Hour,2343514,2343514,0,0,"2025-06-05 16:00:00","2025-06-05 17:00:00","2025-10-05 06:29:43"
Nederland,WindOffshore,Hour,2392790,2392790,0,0,"2025-06-05 17:00:00","2025-06-05 18:00:00","2025-10-05 06:29:43"
Nederland,WindOffshore,Hour,2153804,2153804,0,0,"2025-06-05 18:00:00","2025-06-05 19:00:00","2025-10-05 06:29:43"
Nederland,WindOffshore,Hour,2396880,2396880,0,0,"2025-06-05 19:00:00","2025-06-05 20:00:00","2025-10-05 06:29:43"
Nederland,WindOffshore,Hour,3090965,3090965,0,0,"2025-06-05 20:00:00","2025-06-05 21:00:00","2025-10-05 06:29:43"
Nederland,WindOffshore,Hour,3332819,3332819,0,0,"2025-06-05 21:00:00","2025-06-05 22:00:00","2025-10-05 06:29:43"
Nederland,WindOffshore,Hour,3842267,3842267,0,0,"2025-06-05 22:00:00","2025-06-05 23:00:00","2025-10-05 06:29:43"
Nederland,WindOffshore,Hour,3898936,3898936,0,0,"2025-06-05 23:00:00","2025-06-06 00:00:00","2025-10-05 06:29:43"
Nederland,WindOffshore,Hour,3979338,3979338,0,0,"2025-06-06 00:00:00","2025-06-06 01:00:00","2025-10-06 06:29:42"
Nederland,WindOffshore,Hour,3849712,3849712,0,0,"2025-06-06 01:00:00","2025-06-06 02:00:00","2025-10-06 06:29:42"
Nederland,WindOffshore,Hour,3867882,3867882,0,0,"2025-06-06 02:00:00","2025-06-06 03:00:00","2025-10-06 06:29:42"
Nederland,WindOffshore,Hour,3692932,3692932,0,0,"2025-06-06 03:00:00","2025-06-06 04:00:00","2025-10-06 06:29:42"
Nederland,WindOffshore,Hour,3753908,3753908,0,0,"2025-06-06 04:00:00","2025-06-06 05:00:00","2025-10-06 06:29:42"
Nederland,WindOffshore,Hour,3773572,3773572,0,0,"2025-06-06 05:00:00","2025-06-06 06:00:00","2025-10-06 06:29:42"
Nederland,WindOffshore,Hour,3792805,3792805,0,0,"2025-06-06 06:00:00","2025-06-06 07:00:00","2025-10-06 06:29:42"
Nederland,WindOffshore,Hour,3953323,3953323,0,0,"2025-06-06 07:00:00","2025-06-06 08:00:00","2025-10-06 06:29:42"
Nederland,WindOffshore,Hour,2861434,2861434,0,0,"2025-06-06 08:00:00","2025-06-06 09:00:00","2025-10-06 06:29:42"
Nederland,WindOffshore,Hour,2878970,2878970,0,0,"2025-06-06 09:00:00","2025-06-06 10:00:00","2025-10-06 06:29:42"
Nederland,WindOffshore,Hour,2890971,2890971,0,0,"2025-06-06 10:00:00","2025-06-06 11:00:00","2025-10-06 06:29:42"
Nederland,WindOffshore,Hour,2891058,2891058,0,0,"2025-06-06 11:00:00","2025-06-06 12:00:00","2025-10-06 06:29:42"
Nederland,WindOffshore,Hour,2889104,2889104,0,0,"2025-06-06 12:00:00","2025-06-06 13:00:00","2025-10-06 06:29:42"
Nederland,WindOffshore,Hour,2904515,2904515,0,0,"2025-06-06 13:00:00","2025-06-06 14:00:00","2025-10-06 06:29:42"
Nederland,WindOffshore,Hour,2908562,2908562,0,0,"2025-06-06 14:00:00","2025-06-06 15:00:00","2025-10-06 06:29:42"
Nederland,WindOffshore,Hour,4140460,4140460,0,0,"2025-06-06 15:00:00","2025-06-06 16:00:00","2025-10-06 06:29:42"
Nederland,WindOffshore,Hour,3631091,3631091,0,0,"2025-06-06 16:00:00","2025-06-06 17:00:00","2025-10-06 06:29:42"
Nederland,WindOffshore,Hour,2128098,2128098,0,0,"2025-06-06 17:00:00","2025-06-06 18:00:00","2025-10-06 06:29:42"
Nederland,WindOffshore,Hour,1242459,1242459,0,0,"2025-06-06 18:00:00","2025-06-06 19:00:00","2025-10-06 06:29:42"
Nederland,WindOffshore,Hour,1183492,1183492,0,0,"2025-06-06 19:00:00","2025-06-06 20:00:00","2025-10-06 06:29:42"
Nederland,WindOffshore,Hour,1356492,1356492,0,0,"2025-06-06 20:00:00","2025-06-06 21:00:00","2025-10-06 06:29:42"
Nederland,WindOffshore,Hour,1709574,1709574,0,0,"2025-06-06 21:00:00","2025-06-06 22:00:00","2025-10-06 06:29:42"
Nederland,WindOffshore,Hour,2048890,2048890,0,0,"2025-06-06 22:00:00","2025-06-06 23:00:00","2025-10-06 06:29:42"
Nederland,WindOffshore,Hour,1759213,1759213,0,0,"2025-06-06 23:00:00","2025-06-07 00:00:00","2025-10-06 06:29:42"
Nederland,WindOffshore,Hour,1920889,1920889,0,0,"2025-06-07 00:00:00","2025-06-07 01:00:00","2025-10-07 06:29:45"
Nederland,WindOffshore,Hour,2298392,2298392,0,0,"2025-06-07 01:00:00","2025-06-07 02:00:00","2025-10-07 06:29:45"
Nederland,WindOffshore,Hour,2258534,2258534,0,0,"2025-06-07 02:00:00","2025-06-07 03:00:00","2025-10-07 06:29:45"
Nederland,WindOffshore,Hour,2071547,2071547,0,0,"2025-06-07 03:00:00","2025-06-07 04:00:00","2025-10-07 06:29:45"
Nederland,WindOffshore,Hour,1958810,1958810,0,0,"2025-06-07 04:00:00","2025-06-07 05:00:00","2025-10-07 06:29:45"
Nederland,WindOffshore,Hour,1302806,1302806,0,0,"2025-06-07 05:00:00","2025-06-07 06:00:00","2025-10-07 06:29:45"
Nederland,WindOffshore,Hour,620712,620712,0,0,"2025-06-07 06:00:00","2025-06-07 07:00:00","2025-10-07 06:29:45"
Nederland,WindOffshore,Hour,423170,423170,0,0,"2025-06-07 07:00:00","2025-06-07 08:00:00","2025-10-07 06:29:45"
Nederland,WindOffshore,Hour,560342,560342,0,0,"2025-06-07 08:00:00","2025-06-07 09:00:00","2025-10-07 06:29:45"
Nederland,WindOffshore,Hour,673825,673825,0,0,"2025-06-07 09:00:00","2025-06-07 10:00:00","2025-10-07 06:29:45"
Nederland,WindOffshore,Hour,1210942,1210942,0,0,"2025-06-07 10:00:00","2025-06-07 11:00:00","2025-10-07 06:29:45"
Nederland,WindOffshore,Hour,2189987,2189987,0,0,"2025-06-07 11:00:00","2025-06-07 12:00:00","2025-10-07 06:29:45"
Nederland,WindOffshore,Hour,2978300,2978300,0,0,"2025-06-07 12:00:00","2025-06-07 13:00:00","2025-10-07 06:29:45"
Nederland,WindOffshore,Hour,3108197,3108197,0,0,"2025-06-07 13:00:00","2025-06-07 14:00:00","2025-10-07 06:29:45"
Nederland,WindOffshore,Hour,3258314,3258314,0,0,"2025-06-07 14:00:00","2025-06-07 15:00:00","2025-10-07 06:29:45"
Nederland,WindOffshore,Hour,3209236,3209236,0,0,"2025-06-07 15:00:00","2025-06-07 16:00:00","2025-10-07 06:29:45"
Nederland,WindOffshore,Hour,3166968,3166968,0,0,"2025-06-07 16:00:00","2025-06-07 17:00:00","2025-10-07 06:29:45"
Nederland,WindOffshore,Hour,3008261,3008261,0,0,"2025-06-07 17:00:00","2025-06-07 18:00:00","2025-10-07 06:29:45"
Nederland,WindOffshore,Hour,2614926,2614926,0,0,"2025-06-07 18:00:00","2025-06-07 19:00:00","2025-10-07 06:29:45"
Nederland,WindOffshore,Hour,2452692,2452692,0,0,"2025-06-07 19:00:00","2025-06-07 20:00:00","2025-10-07 06:29:45"
Nederland,WindOffshore,Hour,2052932,2052932,0,0,"2025-06-07 20:00:00","2025-06-07 21:00:00","2025-10-07 06:29:45"
Nederland,WindOffshore,Hour,890801,890801,0,0,"2025-06-07 21:00:00","2025-06-07 22:00:00","2025-10-07 06:29:45"
Nederland,WindOffshore,Hour,524746,524746,0,0,"2025-06-07 22:00:00","2025-06-07 23:00:00","2025-10-07 06:29:45"
Nederland,WindOffshore,Hour,837644,837644,0,0,"2025-06-07 23:00:00","2025-06-08 00:00:00","2025-10-07 06:29:45"
Nederland,WindOffshore,Hour,1738306,1738306,0,0,"2025-06-08 00:00:00","2025-06-08 01:00:00","2025-10-08 06:29:49"
Nederland,WindOffshore,Hour,2890029,2890029,0,0,"2025-06-08 01:00:00","2025-06-08 02:00:00","2025-10-08 06:29:49"
Nederland,WindOffshore,Hour,3127692,3127692,0,0,"2025-06-08 02:00:00","2025-06-08 03:00:00","2025-10-08 06:29:49"
Nederland,WindOffshore,Hour,3624104,3624104,0,0,"2025-06-08 03:00:00","2025-06-08 04:00:00","2025-10-08 06:29:49"
Nederland,WindOffshore,Hour,3397046,3397046,0,0,"2025-06-08 04:00:00","2025-06-08 05:00:00","2025-10-08 06:29:49"
Nederland,WindOffshore,Hour,3385843,3385843,0,0,"2025-06-08 05:00:00","2025-06-08 06:00:00","2025-10-08 06:29:49"
Nederland,WindOffshore,Hour,3712488,3712488,0,0,"2025-06-08 06:00:00","2025-06-08 07:00:00","2025-10-08 06:29:49"
Nederland,WindOffshore,Hour,2706639,2706639,0,0,"2025-06-08 07:00:00","2025-06-08 08:00:00","2025-10-08 06:29:49"
Nederland,WindOffshore,Hour,2693787,2693787,0,0,"2025-06-08 08:00:00","2025-06-08 09:00:00","2025-10-08 06:29:49"
Nederland,WindOffshore,Hour,2312693,2312693,0,0,"2025-06-08 09:00:00","2025-06-08 10:00:00","2025-10-08 06:29:49"
Nederland,WindOffshore,Hour,2348249,2348249,0,0,"2025-06-08 10:00:00","2025-06-08 11:00:00","2025-10-08 06:29:49"
Nederland,WindOffshore,Hour,1936456,1936456,0,0,"2025-06-08 11:00:00","2025-06-08 12:00:00","2025-10-08 06:29:49"
Nederland,WindOffshore,Hour,1941131,1941131,0,0,"2025-06-08 12:00:00","2025-06-08 13:00:00","2025-10-08 06:29:49"
Nederland,WindOffshore,Hour,1891803,1891803,0,0,"2025-06-08 13:00:00","2025-06-08 14:00:00","2025-10-08 06:29:49"
Nederland,WindOffshore,Hour,1723116,1723116,0,0,"2025-06-08 14:00:00","2025-06-08 15:00:00","2025-10-08 06:29:49"
Nederland,WindOffshore,Hour,1659192,1659192,0,0,"2025-06-08 15:00:00","2025-06-08 16:00:00","2025-10-08 06:29:49"
Nederland,WindOffshore,Hour,1855369,1855369,0,0,"2025-06-08 16:00:00","2025-06-08 17:00:00","2025-10-08 06:29:49"
Nederland,WindOffshore,Hour,1563983,1563983,0,0,"2025-06-08 17:00:00","2025-06-08 18:00:00","2025-10-08 06:29:49"
Nederland,WindOffshore,Hour,1343806,1343806,0,0,"2025-06-08 18:00:00","2025-06-08 19:00:00","2025-10-08 06:29:49"
Nederland,WindOffshore,Hour,1322753,1322753,0,0,"2025-06-08 19:00:00","2025-06-08 20:00:00","2025-10-08 06:29:49"
Nederland,WindOffshore,Hour,1679142,1679142,0,0,"2025-06-08 20:00:00","2025-06-08 21:00:00","2025-10-08 06:29:49"
Nederland,WindOffshore,Hour,2115140,2115140,0,0,"2025-06-08 21:00:00","2025-06-08 22:00:00","2025-10-08 06:29:49"
Nederland,WindOffshore,Hour,1458127,1458127,0,0,"2025-06-08 22:00:00","2025-06-08 23:00:00","2025-10-08 06:29:49"
Nederland,WindOffshore,Hour,800651,800651,0,0,"2025-06-08 23:00:00","2025-06-09 00:00:00","2025-10-08 06:29:49"
Nederland,WindOffshore,Hour,822983,822983,0,0,"2025-06-09 00:00:00","2025-06-09 01:00:00","2025-10-09 06:29:53"
Nederland,WindOffshore,Hour,1119464,1119464,0,0,"2025-06-09 01:00:00","2025-06-09 02:00:00","2025-10-09 06:29:53"
Nederland,WindOffshore,Hour,1279813,1279813,0,0,"2025-06-09 02:00:00","2025-06-09 03:00:00","2025-10-09 06:29:53"
Nederland,WindOffshore,Hour,989045,989045,0,0,"2025-06-09 03:00:00","2025-06-09 04:00:00","2025-10-09 06:29:53"
Nederland,WindOffshore,Hour,915598,915598,0,0,"2025-06-09 04:00:00","2025-06-09 05:00:00","2025-10-09 06:29:53"
Nederland,WindOffshore,Hour,631996,631996,0,0,"2025-06-09 05:00:00","2025-06-09 06:00:00","2025-10-09 06:29:53"
Nederland,WindOffshore,Hour,368482,368482,0,0,"2025-06-09 06:00:00","2025-06-09 07:00:00","2025-10-09 06:29:53"
Nederland,WindOffshore,Hour,364288,364288,0,0,"2025-06-09 07:00:00","2025-06-09 08:00:00","2025-10-09 06:29:53"
Nederland,WindOffshore,Hour,314710,314710,0,0,"2025-06-09 08:00:00","2025-06-09 09:00:00","2025-10-09 06:29:53"
Nederland,WindOffshore,Hour,480068,480068,0,0,"2025-06-09 09:00:00","2025-06-09 10:00:00","2025-10-09 06:29:53"
Nederland,WindOffshore,Hour,596505,596505,0,0,"2025-06-09 10:00:00","2025-06-09 11:00:00","2025-10-09 06:29:53"
Nederland,WindOffshore,Hour,729820,729820,0,0,"2025-06-09 11:00:00","2025-06-09 12:00:00","2025-10-09 06:29:53"
Nederland,WindOffshore,Hour,715726,715726,0,0,"2025-06-09 12:00:00","2025-06-09 13:00:00","2025-10-09 06:29:53"
Nederland,WindOffshore,Hour,922251,922251,0,0,"2025-06-09 13:00:00","2025-06-09 14:00:00","2025-10-09 06:29:53"
Nederland,WindOffshore,Hour,998380,998380,0,0,"2025-06-09 14:00:00","2025-06-09 15:00:00","2025-10-09 06:29:53"
Nederland,WindOffshore,Hour,1249831,1249831,0,0,"2025-06-09 15:00:00","2025-06-09 16:00:00","2025-10-09 06:29:53"
Nederland,WindOffshore,Hour,1714539,1714539,0,0,"2025-06-09 16:00:00","2025-06-09 17:00:00","2025-10-09 06:29:53"
Nederland,WindOffshore,Hour,1848913,1848913,0,0,"2025-06-09 17:00:00","2025-06-09 18:00:00","2025-10-09 06:29:53"
Nederland,WindOffshore,Hour,1841899,1841899,0,0,"2025-06-09 18:00:00","2025-06-09 19:00:00","2025-10-09 06:29:53"
Nederland,WindOffshore,Hour,2156228,2156228,0,0,"2025-06-09 19:00:00","2025-06-09 20:00:00","2025-10-09 06:29:53"
Nederland,WindOffshore,Hour,2659589,2659589,0,0,"2025-06-09 20:00:00","2025-06-09 21:00:00","2025-10-09 06:29:53"
Nederland,WindOffshore,Hour,3009856,3009856,0,0,"2025-06-09 21:00:00","2025-06-09 22:00:00","2025-10-09 06:29:53"
Nederland,WindOffshore,Hour,3307991,3307991,0,0,"2025-06-09 22:00:00","2025-06-09 23:00:00","2025-10-09 06:29:53"
Nederland,WindOffshore,Hour,3730376,3730376,0,0,"2025-06-09 23:00:00","2025-06-10 00:00:00","2025-10-09 06:29:53"
Nederland,WindOffshore,Hour,3817125,3817125,0,0,"2025-06-10 00:00:00","2025-06-10 01:00:00","2025-10-10 06:30:30"
Nederland,WindOffshore,Hour,3821353,3821353,0,0,"2025-06-10 01:00:00","2025-06-10 02:00:00","2025-10-10 06:30:30"
Nederland,WindOffshore,Hour,3945720,3945720,0,0,"2025-06-10 02:00:00","2025-06-10 03:00:00","2025-10-10 06:30:30"
Nederland,WindOffshore,Hour,4054785,4054785,0,0,"2025-06-10 03:00:00","2025-06-10 04:00:00","2025-10-10 06:30:30"
Nederland,WindOffshore,Hour,4067654,4067654,0,0,"2025-06-10 04:00:00","2025-06-10 05:00:00","2025-10-10 06:30:30"
Nederland,WindOffshore,Hour,4005765,4005765,0,0,"2025-06-10 05:00:00","2025-06-10 06:00:00","2025-10-10 06:30:30"
Nederland,WindOffshore,Hour,4027767,4027767,0,0,"2025-06-10 06:00:00","2025-06-10 07:00:00","2025-10-10 06:30:30"
Nederland,WindOffshore,Hour,4026553,4026553,0,0,"2025-06-10 07:00:00","2025-06-10 08:00:00","2025-10-10 06:30:30"
Nederland,WindOffshore,Hour,4104485,4104485,0,0,"2025-06-10 08:00:00","2025-06-10 09:00:00","2025-10-10 06:30:30"
Nederland,WindOffshore,Hour,4057619,4057619,0,0,"2025-06-10 09:00:00","2025-06-10 10:00:00","2025-10-10 06:30:30"
Nederland,WindOffshore,Hour,4056832,4056832,0,0,"2025-06-10 10:00:00","2025-06-10 11:00:00","2025-10-10 06:30:30"
Nederland,WindOffshore,Hour,4087883,4087883,0,0,"2025-06-10 11:00:00","2025-06-10 12:00:00","2025-10-10 06:30:30"
Nederland,WindOffshore,Hour,3973411,3973411,0,0,"2025-06-10 12:00:00","2025-06-10 13:00:00","2025-10-10 06:30:30"
Nederland,WindOffshore,Hour,3108360,3108360,0,0,"2025-06-10 13:00:00","2025-06-10 14:00:00","2025-10-10 06:30:30"
Nederland,WindOffshore,Hour,2260984,2260984,0,0,"2025-06-10 14:00:00","2025-06-10 15:00:00","2025-10-10 06:30:30"
Nederland,WindOffshore,Hour,2050482,2050482,0,0,"2025-06-10 15:00:00","2025-06-10 16:00:00","2025-10-10 06:30:30"
Nederland,WindOffshore,Hour,1734226,1734226,0,0,"2025-06-10 16:00:00","2025-06-10 17:00:00","2025-10-10 06:30:30"
Nederland,WindOffshore,Hour,1303373,1303373,0,0,"2025-06-10 17:00:00","2025-06-10 18:00:00","2025-10-10 06:30:30"
Nederland,WindOffshore,Hour,1333487,1333487,0,0,"2025-06-10 18:00:00","2025-06-10 19:00:00","2025-10-10 06:30:30"
Nederland,WindOffshore,Hour,1084950,1084950,0,0,"2025-06-10 19:00:00","2025-06-10 20:00:00","2025-10-10 06:30:30"
Nederland,WindOffshore,Hour,1005306,1005306,0,0,"2025-06-10 20:00:00","2025-06-10 21:00:00","2025-10-10 06:30:30"
Nederland,WindOffshore,Hour,695262,695262,0,0,"2025-06-10 21:00:00","2025-06-10 22:00:00","2025-10-10 06:30:30"
Nederland,WindOffshore,Hour,523303,523303,0,0,"2025-06-10 22:00:00","2025-06-10 23:00:00","2025-10-10 06:30:30"
Nederland,WindOffshore,Hour,403516,403516,0,0,"2025-06-10 23:00:00","2025-06-11 00:00:00","2025-10-10 06:30:30"
Nederland,WindOffshore,Hour,337121,337121,0,0,"2025-06-11 00:00:00","2025-06-11 01:00:00","2025-10-11 06:29:41"
Nederland,WindOffshore,Hour,234635,234635,0,0,"2025-06-11 01:00:00","2025-06-11 02:00:00","2025-10-11 06:29:41"
Nederland,WindOffshore,Hour,156312,156312,0,0,"2025-06-11 02:00:00","2025-06-11 03:00:00","2025-10-11 06:29:41"
Nederland,WindOffshore,Hour,152773,152773,0,0,"2025-06-11 03:00:00","2025-06-11 04:00:00","2025-10-11 06:29:41"
Nederland,WindOffshore,Hour,117795,117795,0,0,"2025-06-11 04:00:00","2025-06-11 05:00:00","2025-10-11 06:29:41"
Nederland,WindOffshore,Hour,116800,116800,0,0,"2025-06-11 05:00:00","2025-06-11 06:00:00","2025-10-11 06:29:41"
Nederland,WindOffshore,Hour,63424,63424,0,0,"2025-06-11 06:00:00","2025-06-11 07:00:00","2025-10-11 06:29:41"
Nederland,WindOffshore,Hour,40076,40076,0,0,"2025-06-11 07:00:00","2025-06-11 08:00:00","2025-10-11 06:29:41"
Nederland,WindOffshore,Hour,16058,16058,0,0,"2025-06-11 08:00:00","2025-06-11 09:00:00","2025-10-11 06:29:41"
Nederland,WindOffshore,Hour,58661,58661,0,0,"2025-06-11 09:00:00","2025-06-11 10:00:00","2025-10-11 06:29:41"
Nederland,WindOffshore,Hour,57334,57334,0,0,"2025-06-11 10:00:00","2025-06-11 11:00:00","2025-10-11 06:29:41"
Nederland,WindOffshore,Hour,50033,50033,0,0,"2025-06-11 11:00:00","2025-06-11 12:00:00","2025-10-11 06:29:41"
Nederland,WindOffshore,Hour,39228,39228,0,0,"2025-06-11 12:00:00","2025-06-11 13:00:00","2025-10-11 06:29:41"
Nederland,WindOffshore,Hour,107404,107404,0,0,"2025-06-11 13:00:00","2025-06-11 14:00:00","2025-10-11 06:29:41"
Nederland,WindOffshore,Hour,407603,407603,0,0,"2025-06-11 14:00:00","2025-06-11 15:00:00","2025-10-11 06:29:41"
Nederland,WindOffshore,Hour,729426,729426,0,0,"2025-06-11 15:00:00","2025-06-11 16:00:00","2025-10-11 06:29:41"
Nederland,WindOffshore,Hour,913508,913508,0,0,"2025-06-11 16:00:00","2025-06-11 17:00:00","2025-10-11 06:29:41"
Nederland,WindOffshore,Hour,1244712,1244712,0,0,"2025-06-11 17:00:00","2025-06-11 18:00:00","2025-10-11 06:29:41"
Nederland,WindOffshore,Hour,1687969,1687969,0,0,"2025-06-11 18:00:00","2025-06-11 19:00:00","2025-10-11 06:29:41"
Nederland,WindOffshore,Hour,2275895,2275895,0,0,"2025-06-11 19:00:00","2025-06-11 20:00:00","2025-10-11 06:29:41"
Nederland,WindOffshore,Hour,2549046,2549046,0,0,"2025-06-11 20:00:00","2025-06-11 21:00:00","2025-10-11 06:29:41"
Nederland,WindOffshore,Hour,2809174,2809174,0,0,"2025-06-11 21:00:00","2025-06-11 22:00:00","2025-10-11 06:29:41"
Nederland,WindOffshore,Hour,2430390,2430390,0,0,"2025-06-11 22:00:00","2025-06-11 23:00:00","2025-10-11 06:29:41"
Nederland,WindOffshore,Hour,2421934,2421934,0,0,"2025-06-11 23:00:00","2025-06-12 00:00:00","2025-10-11 06:29:41"
Nederland,WindOffshore,Hour,2269090,2269090,0,0,"2025-06-12 00:00:00","2025-06-12 01:00:00","2025-10-12 06:29:59"
Nederland,WindOffshore,Hour,2153402,2153402,0,0,"2025-06-12 01:00:00","2025-06-12 02:00:00","2025-10-12 06:29:59"
Nederland,WindOffshore,Hour,2309599,2309599,0,0,"2025-06-12 02:00:00","2025-06-12 03:00:00","2025-10-12 06:29:59"
Nederland,WindOffshore,Hour,2652401,2652401,0,0,"2025-06-12 03:00:00","2025-06-12 04:00:00","2025-10-12 06:29:59"
Nederland,WindOffshore,Hour,2753794,2753794,0,0,"2025-06-12 04:00:00","2025-06-12 05:00:00","2025-10-12 06:29:59"
Nederland,WindOffshore,Hour,3177421,3177421,0,0,"2025-06-12 05:00:00","2025-06-12 06:00:00","2025-10-12 06:29:59"
Nederland,WindOffshore,Hour,3137049,3137049,0,0,"2025-06-12 06:00:00","2025-06-12 07:00:00","2025-10-12 06:29:59"
Nederland,WindOffshore,Hour,3048409,3048409,0,0,"2025-06-12 07:00:00","2025-06-12 08:00:00","2025-10-12 06:29:59"
Nederland,WindOffshore,Hour,2565927,2565927,0,0,"2025-06-12 08:00:00","2025-06-12 09:00:00","2025-10-12 06:29:59"
Nederland,WindOffshore,Hour,2501876,2501876,0,0,"2025-06-12 09:00:00","2025-06-12 10:00:00","2025-10-12 06:29:59"
Nederland,WindOffshore,Hour,3111850,3111850,0,0,"2025-06-12 10:00:00","2025-06-12 11:00:00","2025-10-12 06:29:59"
Nederland,WindOffshore,Hour,3399351,3399351,0,0,"2025-06-12 11:00:00","2025-06-12 12:00:00","2025-10-12 06:29:59"
Nederland,WindOffshore,Hour,3175148,3175148,0,0,"2025-06-12 12:00:00","2025-06-12 13:00:00","2025-10-12 06:29:59"
Nederland,WindOffshore,Hour,3343543,3343543,0,0,"2025-06-12 13:00:00","2025-06-12 14:00:00","2025-10-12 06:29:59"
Nederland,WindOffshore,Hour,3527886,3527886,0,0,"2025-06-12 14:00:00","2025-06-12 15:00:00","2025-10-12 06:29:59"
Nederland,WindOffshore,Hour,3578795,3578795,0,0,"2025-06-12 15:00:00","2025-06-12 16:00:00","2025-10-12 06:29:59"
Nederland,WindOffshore,Hour,3324789,3324789,0,0,"2025-06-12 16:00:00","2025-06-12 17:00:00","2025-10-12 06:29:59"
Nederland,WindOffshore,Hour,3287545,3287545,0,0,"2025-06-12 17:00:00","2025-06-12 18:00:00","2025-10-12 06:29:59"
Nederland,WindOffshore,Hour,3432575,3432575,0,0,"2025-06-12 18:00:00","2025-06-12 19:00:00","2025-10-12 06:29:59"
Nederland,WindOffshore,Hour,3070400,3070400,0,0,"2025-06-12 19:00:00","2025-06-12 20:00:00","2025-10-12 06:29:59"
Nederland,WindOffshore,Hour,2569003,2569003,0,0,"2025-06-12 20:00:00","2025-06-12 21:00:00","2025-10-12 06:29:59"
Nederland,WindOffshore,Hour,1668228,1668228,0,0,"2025-06-12 21:00:00","2025-06-12 22:00:00","2025-10-12 06:29:59"
Nederland,WindOffshore,Hour,934831,934831,0,0,"2025-06-12 22:00:00","2025-06-12 23:00:00","2025-10-12 06:29:59"
Nederland,WindOffshore,Hour,838091,838091,0,0,"2025-06-12 23:00:00","2025-06-13 00:00:00","2025-10-12 06:29:59"
Nederland,WindOffshore,Hour,815482,815482,0,0,"2025-06-13 00:00:00","2025-06-13 01:00:00","2025-10-13 06:31:21"
Nederland,WindOffshore,Hour,717135,717135,0,0,"2025-06-13 01:00:00","2025-06-13 02:00:00","2025-10-13 06:31:21"
Nederland,WindOffshore,Hour,607089,607089,0,0,"2025-06-13 02:00:00","2025-06-13 03:00:00","2025-10-13 06:31:21"
Nederland,WindOffshore,Hour,584914,584914,0,0,"2025-06-13 03:00:00","2025-06-13 04:00:00","2025-10-13 06:31:21"
Nederland,WindOffshore,Hour,540492,540492,0,0,"2025-06-13 04:00:00","2025-06-13 05:00:00","2025-10-13 06:31:21"
Nederland,WindOffshore,Hour,587272,587272,0,0,"2025-06-13 05:00:00","2025-06-13 06:00:00","2025-10-13 06:31:21"
Nederland,WindOffshore,Hour,528673,528673,0,0,"2025-06-13 06:00:00","2025-06-13 07:00:00","2025-10-13 06:31:21"
Nederland,WindOffshore,Hour,529257,529257,0,0,"2025-06-13 07:00:00","2025-06-13 08:00:00","2025-10-13 06:31:21"
Nederland,WindOffshore,Hour,359335,359335,0,0,"2025-06-13 08:00:00","2025-06-13 09:00:00","2025-10-13 06:31:21"
Nederland,WindOffshore,Hour,183679,183679,0,0,"2025-06-13 09:00:00","2025-06-13 10:00:00","2025-10-13 06:31:21"
Nederland,WindOffshore,Hour,196916,196916,0,0,"2025-06-13 10:00:00","2025-06-13 11:00:00","2025-10-13 06:31:21"
Nederland,WindOffshore,Hour,252689,252689,0,0,"2025-06-13 11:00:00","2025-06-13 12:00:00","2025-10-13 06:31:21"
Nederland,WindOffshore,Hour,209845,209845,0,0,"2025-06-13 12:00:00","2025-06-13 13:00:00","2025-10-13 06:31:21"
Nederland,WindOffshore,Hour,266039,266039,0,0,"2025-06-13 13:00:00","2025-06-13 14:00:00","2025-10-13 06:31:21"
Nederland,WindOffshore,Hour,478751,478751,0,0,"2025-06-13 14:00:00","2025-06-13 15:00:00","2025-10-13 06:31:21"
Nederland,WindOffshore,Hour,646144,646144,0,0,"2025-06-13 15:00:00","2025-06-13 16:00:00","2025-10-13 06:31:21"
Nederland,WindOffshore,Hour,966518,966518,0,0,"2025-06-13 16:00:00","2025-06-13 17:00:00","2025-10-13 06:31:21"
Nederland,WindOffshore,Hour,1322684,1322684,0,0,"2025-06-13 17:00:00","2025-06-13 18:00:00","2025-10-13 06:31:21"
Nederland,WindOffshore,Hour,1805158,1805158,0,0,"2025-06-13 18:00:00","2025-06-13 19:00:00","2025-10-13 06:31:21"
Nederland,WindOffshore,Hour,2592589,2592589,0,0,"2025-06-13 19:00:00","2025-06-13 20:00:00","2025-10-13 06:31:21"
Nederland,WindOffshore,Hour,3129925,3129925,0,0,"2025-06-13 20:00:00","2025-06-13 21:00:00","2025-10-13 06:31:21"
Nederland,WindOffshore,Hour,3575549,3575549,0,0,"2025-06-13 21:00:00","2025-06-13 22:00:00","2025-10-13 06:31:21"
Nederland,WindOffshore,Hour,3897297,3897297,0,0,"2025-06-13 22:00:00","2025-06-13 23:00:00","2025-10-13 06:31:21"
Nederland,WindOffshore,Hour,3944620,3944620,0,0,"2025-06-13 23:00:00","2025-06-14 00:00:00","2025-10-13 06:31:21"
Nederland,WindOffshore,Hour,3977598,3977598,0,0,"2025-06-14 00:00:00","2025-06-14 01:00:00","2025-10-14 06:31:18"
Nederland,WindOffshore,Hour,3715430,3715430,0,0,"2025-06-14 01:00:00","2025-06-14 02:00:00","2025-10-14 06:31:18"
Nederland,WindOffshore,Hour,1874413,1874413,0,0,"2025-06-14 02:00:00","2025-06-14 03:00:00","2025-10-14 06:31:18"
Nederland,WindOffshore,Hour,659457,659457,0,0,"2025-06-14 03:00:00","2025-06-14 04:00:00","2025-10-14 06:31:18"
Nederland,WindOffshore,Hour,653011,653011,0,0,"2025-06-14 04:00:00","2025-06-14 05:00:00","2025-10-14 06:31:18"
Nederland,WindOffshore,Hour,849496,849496,0,0,"2025-06-14 05:00:00","2025-06-14 06:00:00","2025-10-14 06:31:18"
Nederland,WindOffshore,Hour,1123353,1123353,0,0,"2025-06-14 06:00:00","2025-06-14 07:00:00","2025-10-14 06:31:18"
Nederland,WindOffshore,Hour,1301776,1301776,0,0,"2025-06-14 07:00:00","2025-06-14 08:00:00","2025-10-14 06:31:18"
Nederland,WindOffshore,Hour,942019,942019,0,0,"2025-06-14 08:00:00","2025-06-14 09:00:00","2025-10-14 06:31:18"
Nederland,WindOffshore,Hour,1226438,1226438,0,0,"2025-06-14 09:00:00","2025-06-14 10:00:00","2025-10-14 06:31:18"
Nederland,WindOffshore,Hour,1267960,1267960,0,0,"2025-06-14 10:00:00","2025-06-14 11:00:00","2025-10-14 06:31:18"
Nederland,WindOffshore,Hour,1346514,1346514,0,0,"2025-06-14 11:00:00","2025-06-14 12:00:00","2025-10-14 06:31:18"
Nederland,WindOffshore,Hour,1612944,1612944,0,0,"2025-06-14 12:00:00","2025-06-14 13:00:00","2025-10-14 06:31:18"
Nederland,WindOffshore,Hour,1589125,1589125,0,0,"2025-06-14 13:00:00","2025-06-14 14:00:00","2025-10-14 06:31:18"
Nederland,WindOffshore,Hour,1786403,1786403,0,0,"2025-06-14 14:00:00","2025-06-14 15:00:00","2025-10-14 06:31:18"
Nederland,WindOffshore,Hour,3045619,3045619,0,0,"2025-06-14 15:00:00","2025-06-14 16:00:00","2025-10-14 06:31:18"
Nederland,WindOffshore,Hour,3250122,3250122,0,0,"2025-06-14 16:00:00","2025-06-14 17:00:00","2025-10-14 06:31:18"
Nederland,WindOffshore,Hour,3059500,3059500,0,0,"2025-06-14 17:00:00","2025-06-14 18:00:00","2025-10-14 06:31:18"
Nederland,WindOffshore,Hour,2947024,2947024,0,0,"2025-06-14 18:00:00","2025-06-14 19:00:00","2025-10-14 06:31:18"
Nederland,WindOffshore,Hour,3330471,3330471,0,0,"2025-06-14 19:00:00","2025-06-14 20:00:00","2025-10-14 06:31:18"
Nederland,WindOffshore,Hour,3120375,3120375,0,0,"2025-06-14 20:00:00","2025-06-14 21:00:00","2025-10-14 06:31:18"
Nederland,WindOffshore,Hour,2393122,2393122,0,0,"2025-06-14 21:00:00","2025-06-14 22:00:00","2025-10-14 06:31:18"
Nederland,WindOffshore,Hour,1834806,1834806,0,0,"2025-06-14 22:00:00","2025-06-14 23:00:00","2025-10-14 06:31:18"
Nederland,WindOffshore,Hour,1989982,1989982,0,0,"2025-06-14 23:00:00","2025-06-15 00:00:00","2025-10-14 06:31:18"
Nederland,WindOffshore,Hour,1605432,1605432,0,0,"2025-06-15 00:00:00","2025-06-15 01:00:00","2025-10-15 06:29:47"
Nederland,WindOffshore,Hour,2083249,2083249,0,0,"2025-06-15 01:00:00","2025-06-15 02:00:00","2025-10-15 06:29:47"
Nederland,WindOffshore,Hour,2450774,2450774,0,0,"2025-06-15 02:00:00","2025-06-15 03:00:00","2025-10-15 06:29:47"
Nederland,WindOffshore,Hour,2272362,2272362,0,0,"2025-06-15 03:00:00","2025-06-15 04:00:00","2025-10-15 06:29:47"
Nederland,WindOffshore,Hour,2064848,2064848,0,0,"2025-06-15 04:00:00","2025-06-15 05:00:00","2025-10-15 06:29:47"
Nederland,WindOffshore,Hour,1553890,1553890,0,0,"2025-06-15 05:00:00","2025-06-15 06:00:00","2025-10-15 06:29:47"
Nederland,WindOffshore,Hour,1073839,1073839,0,0,"2025-06-15 06:00:00","2025-06-15 07:00:00","2025-10-15 06:29:47"
Nederland,WindOffshore,Hour,695528,695528,0,0,"2025-06-15 07:00:00","2025-06-15 08:00:00","2025-10-15 06:29:47"
Nederland,WindOffshore,Hour,743975,743975,0,0,"2025-06-15 08:00:00","2025-06-15 09:00:00","2025-10-15 06:29:47"
Nederland,WindOffshore,Hour,532450,532450,0,0,"2025-06-15 09:00:00","2025-06-15 10:00:00","2025-10-15 06:29:47"
Nederland,WindOffshore,Hour,481353,481353,0,0,"2025-06-15 10:00:00","2025-06-15 11:00:00","2025-10-15 06:29:47"
Nederland,WindOffshore,Hour,465284,465284,0,0,"2025-06-15 11:00:00","2025-06-15 12:00:00","2025-10-15 06:29:47"
Nederland,WindOffshore,Hour,531447,531447,0,0,"2025-06-15 12:00:00","2025-06-15 13:00:00","2025-10-15 06:29:47"
Nederland,WindOffshore,Hour,536451,536451,0,0,"2025-06-15 13:00:00","2025-06-15 14:00:00","2025-10-15 06:29:47"
Nederland,WindOffshore,Hour,644567,644567,0,0,"2025-06-15 14:00:00","2025-06-15 15:00:00","2025-10-15 06:29:47"
Nederland,WindOffshore,Hour,1067839,1067839,0,0,"2025-06-15 15:00:00","2025-06-15 16:00:00","2025-10-15 06:29:47"
Nederland,WindOffshore,Hour,1213078,1213078,0,0,"2025-06-15 16:00:00","2025-06-15 17:00:00","2025-10-15 06:29:47"
Nederland,WindOffshore,Hour,1027121,1027121,0,0,"2025-06-15 17:00:00","2025-06-15 18:00:00","2025-10-15 06:29:47"
Nederland,WindOffshore,Hour,836369,836369,0,0,"2025-06-15 18:00:00","2025-06-15 19:00:00","2025-10-15 06:29:47"
Nederland,WindOffshore,Hour,790718,790718,0,0,"2025-06-15 19:00:00","2025-06-15 20:00:00","2025-10-15 06:29:47"
Nederland,WindOffshore,Hour,446158,446158,0,0,"2025-06-15 20:00:00","2025-06-15 21:00:00","2025-10-15 06:29:47"
Nederland,WindOffshore,Hour,395931,395931,0,0,"2025-06-15 21:00:00","2025-06-15 22:00:00","2025-10-15 06:29:47"
Nederland,WindOffshore,Hour,466984,466984,0,0,"2025-06-15 22:00:00","2025-06-15 23:00:00","2025-10-15 06:29:47"
Nederland,WindOffshore,Hour,440773,440773,0,0,"2025-06-15 23:00:00","2025-06-16 00:00:00","2025-10-15 06:29:47"
Nederland,WindOffshore,Hour,377741,377741,0,0,"2025-06-16 00:00:00","2025-06-16 01:00:00","2025-10-16 06:31:09"
Nederland,WindOffshore,Hour,272920,272920,0,0,"2025-06-16 01:00:00","2025-06-16 02:00:00","2025-10-16 06:31:09"
Nederland,WindOffshore,Hour,270810,270810,0,0,"2025-06-16 02:00:00","2025-06-16 03:00:00","2025-10-16 06:31:09"
Nederland,WindOffshore,Hour,235651,235651,0,0,"2025-06-16 03:00:00","2025-06-16 04:00:00","2025-10-16 06:31:09"
Nederland,WindOffshore,Hour,313960,313960,0,0,"2025-06-16 04:00:00","2025-06-16 05:00:00","2025-10-16 06:31:09"
Nederland,WindOffshore,Hour,339796,339796,0,0,"2025-06-16 05:00:00","2025-06-16 06:00:00","2025-10-16 06:31:09"
Nederland,WindOffshore,Hour,295379,295379,0,0,"2025-06-16 06:00:00","2025-06-16 07:00:00","2025-10-16 06:31:09"
Nederland,WindOffshore,Hour,289264,289264,0,0,"2025-06-16 07:00:00","2025-06-16 08:00:00","2025-10-16 06:31:09"
Nederland,WindOffshore,Hour,222370,222370,0,0,"2025-06-16 08:00:00","2025-06-16 09:00:00","2025-10-16 06:31:09"
Nederland,WindOffshore,Hour,69466,69466,0,0,"2025-06-16 09:00:00","2025-06-16 10:00:00","2025-10-16 06:31:09"
Nederland,WindOffshore,Hour,128700,128700,0,0,"2025-06-16 10:00:00","2025-06-16 11:00:00","2025-10-16 06:31:09"
Nederland,WindOffshore,Hour,144357,144357,0,0,"2025-06-16 11:00:00","2025-06-16 12:00:00","2025-10-16 06:31:09"
Nederland,WindOffshore,Hour,86680,86680,0,0,"2025-06-16 12:00:00","2025-06-16 13:00:00","2025-10-16 06:31:09"
Nederland,WindOffshore,Hour,77193,77193,0,0,"2025-06-16 13:00:00","2025-06-16 14:00:00","2025-10-16 06:31:09"
Nederland,WindOffshore,Hour,46438,46438,0,0,"2025-06-16 14:00:00","2025-06-16 15:00:00","2025-10-16 06:31:09"
Nederland,WindOffshore,Hour,37689,37689,0,0,"2025-06-16 15:00:00","2025-06-16 16:00:00","2025-10-16 06:31:09"
Nederland,WindOffshore,Hour,105206,105206,0,0,"2025-06-16 16:00:00","2025-06-16 17:00:00","2025-10-16 06:31:09"
Nederland,WindOffshore,Hour,83516,83516,0,0,"2025-06-16 17:00:00","2025-06-16 18:00:00","2025-10-16 06:31:09"
Nederland,WindOffshore,Hour,76845,76845,0,0,"2025-06-16 18:00:00","2025-06-16 19:00:00","2025-10-16 06:31:09"
Nederland,WindOffshore,Hour,169107,169107,0,0,"2025-06-16 19:00:00","2025-06-16 20:00:00","2025-10-16 06:31:09"
Nederland,WindOffshore,Hour,212732,212732,0,0,"2025-06-16 20:00:00","2025-06-16 21:00:00","2025-10-16 06:31:09"
Nederland,WindOffshore,Hour,202878,202878,0,0,"2025-06-16 21:00:00","2025-06-16 22:00:00","2025-10-16 06:31:09"
Nederland,WindOffshore,Hour,184238,184238,0,0,"2025-06-16 22:00:00","2025-06-16 23:00:00","2025-10-16 06:31:09"
Nederland,WindOffshore,Hour,170094,170094,0,0,"2025-06-16 23:00:00","2025-06-17 00:00:00","2025-10-16 06:31:09"
Nederland,WindOffshore,Hour,298217,298217,0,0,"2025-06-17 00:00:00","2025-06-17 01:00:00","2025-10-17 06:29:44"
Nederland,WindOffshore,Hour,370401,370401,0,0,"2025-06-17 01:00:00","2025-06-17 02:00:00","2025-10-17 06:29:44"
Nederland,WindOffshore,Hour,362767,362767,0,0,"2025-06-17 02:00:00","2025-06-17 03:00:00","2025-10-17 06:29:44"
Nederland,WindOffshore,Hour,370897,370897,0,0,"2025-06-17 03:00:00","2025-06-17 04:00:00","2025-10-17 06:29:44"
Nederland,WindOffshore,Hour,542028,542028,0,0,"2025-06-17 04:00:00","2025-06-17 05:00:00","2025-10-17 06:29:44"
Nederland,WindOffshore,Hour,889565,889565,0,0,"2025-06-17 05:00:00","2025-06-17 06:00:00","2025-10-17 06:29:44"
Nederland,WindOffshore,Hour,1175931,1175931,0,0,"2025-06-17 06:00:00","2025-06-17 07:00:00","2025-10-17 06:29:44"
Nederland,WindOffshore,Hour,1325966,1325966,0,0,"2025-06-17 07:00:00","2025-06-17 08:00:00","2025-10-17 06:29:44"
Nederland,WindOffshore,Hour,1245308,1245308,0,0,"2025-06-17 08:00:00","2025-06-17 09:00:00","2025-10-17 06:29:44"
Nederland,WindOffshore,Hour,952327,952327,0,0,"2025-06-17 09:00:00","2025-06-17 10:00:00","2025-10-17 06:29:44"
Nederland,WindOffshore,Hour,1013835,1013835,0,0,"2025-06-17 10:00:00","2025-06-17 11:00:00","2025-10-17 06:29:44"
Nederland,WindOffshore,Hour,838549,838549,0,0,"2025-06-17 11:00:00","2025-06-17 12:00:00","2025-10-17 06:29:44"
Nederland,WindOffshore,Hour,658852,658852,0,0,"2025-06-17 12:00:00","2025-06-17 13:00:00","2025-10-17 06:29:44"
Nederland,WindOffshore,Hour,535381,535381,0,0,"2025-06-17 13:00:00","2025-06-17 14:00:00","2025-10-17 06:29:44"
Nederland,WindOffshore,Hour,749725,749725,0,0,"2025-06-17 14:00:00","2025-06-17 15:00:00","2025-10-17 06:29:44"
Nederland,WindOffshore,Hour,688601,688601,0,0,"2025-06-17 15:00:00","2025-06-17 16:00:00","2025-10-17 06:29:44"
Nederland,WindOffshore,Hour,399017,399017,0,0,"2025-06-17 16:00:00","2025-06-17 17:00:00","2025-10-17 06:29:44"
Nederland,WindOffshore,Hour,454469,454469,0,0,"2025-06-17 17:00:00","2025-06-17 18:00:00","2025-10-17 06:29:44"
Nederland,WindOffshore,Hour,920868,920868,0,0,"2025-06-17 18:00:00","2025-06-17 19:00:00","2025-10-17 06:29:44"
Nederland,WindOffshore,Hour,905470,905470,0,0,"2025-06-17 19:00:00","2025-06-17 20:00:00","2025-10-17 06:29:44"
Nederland,WindOffshore,Hour,843205,843205,0,0,"2025-06-17 20:00:00","2025-06-17 21:00:00","2025-10-17 06:29:44"
Nederland,WindOffshore,Hour,740980,740980,0,0,"2025-06-17 21:00:00","2025-06-17 22:00:00","2025-10-17 06:29:44"
Nederland,WindOffshore,Hour,864162,864162,0,0,"2025-06-17 22:00:00","2025-06-17 23:00:00","2025-10-17 06:29:44"
Nederland,WindOffshore,Hour,803436,803436,0,0,"2025-06-17 23:00:00","2025-06-18 00:00:00","2025-10-17 06:29:44"
Nederland,WindOffshore,Hour,695316,695316,0,0,"2025-06-18 00:00:00","2025-06-18 01:00:00","2025-10-18 06:29:36"
Nederland,WindOffshore,Hour,677708,677708,0,0,"2025-06-18 01:00:00","2025-06-18 02:00:00","2025-10-18 06:29:36"
Nederland,WindOffshore,Hour,650346,650346,0,0,"2025-06-18 02:00:00","2025-06-18 03:00:00","2025-10-18 06:29:36"
Nederland,WindOffshore,Hour,378353,378353,0,0,"2025-06-18 03:00:00","2025-06-18 04:00:00","2025-10-18 06:29:36"
Nederland,WindOffshore,Hour,270234,270234,0,0,"2025-06-18 04:00:00","2025-06-18 05:00:00","2025-10-18 06:29:36"
Nederland,WindOffshore,Hour,171951,171951,0,0,"2025-06-18 05:00:00","2025-06-18 06:00:00","2025-10-18 06:29:36"
Nederland,WindOffshore,Hour,234384,234384,0,0,"2025-06-18 06:00:00","2025-06-18 07:00:00","2025-10-18 06:29:36"
Nederland,WindOffshore,Hour,285556,285556,0,0,"2025-06-18 07:00:00","2025-06-18 08:00:00","2025-10-18 06:29:36"
Nederland,WindOffshore,Hour,194485,194485,0,0,"2025-06-18 08:00:00","2025-06-18 09:00:00","2025-10-18 06:29:36"
Nederland,WindOffshore,Hour,79232,79232,0,0,"2025-06-18 09:00:00","2025-06-18 10:00:00","2025-10-18 06:29:36"
Nederland,WindOffshore,Hour,64826,64826,0,0,"2025-06-18 10:00:00","2025-06-18 11:00:00","2025-10-18 06:29:36"
Nederland,WindOffshore,Hour,97090,97090,0,0,"2025-06-18 11:00:00","2025-06-18 12:00:00","2025-10-18 06:29:36"
Nederland,WindOffshore,Hour,130297,130297,0,0,"2025-06-18 12:00:00","2025-06-18 13:00:00","2025-10-18 06:29:36"
Nederland,WindOffshore,Hour,161455,161455,0,0,"2025-06-18 13:00:00","2025-06-18 14:00:00","2025-10-18 06:29:36"
Nederland,WindOffshore,Hour,138941,138941,0,0,"2025-06-18 14:00:00","2025-06-18 15:00:00","2025-10-18 06:29:36"
Nederland,WindOffshore,Hour,149483,149483,0,0,"2025-06-18 15:00:00","2025-06-18 16:00:00","2025-10-18 06:29:36"
Nederland,WindOffshore,Hour,186807,186807,0,0,"2025-06-18 16:00:00","2025-06-18 17:00:00","2025-10-18 06:29:36"
Nederland,WindOffshore,Hour,156718,156718,0,0,"2025-06-18 17:00:00","2025-06-18 18:00:00","2025-10-18 06:29:36"
Nederland,WindOffshore,Hour,103038,103038,0,0,"2025-06-18 18:00:00","2025-06-18 19:00:00","2025-10-18 06:29:36"
Nederland,WindOffshore,Hour,120310,120310,0,0,"2025-06-18 19:00:00","2025-06-18 20:00:00","2025-10-18 06:29:36"
Nederland,WindOffshore,Hour,158511,158511,0,0,"2025-06-18 20:00:00","2025-06-18 21:00:00","2025-10-18 06:29:36"
Nederland,WindOffshore,Hour,113914,113914,0,0,"2025-06-18 21:00:00","2025-06-18 22:00:00","2025-10-18 06:29:36"
Nederland,WindOffshore,Hour,131218,131218,0,0,"2025-06-18 22:00:00","2025-06-18 23:00:00","2025-10-18 06:29:36"
Nederland,WindOffshore,Hour,147112,147112,0,0,"2025-06-18 23:00:00","2025-06-19 00:00:00","2025-10-18 06:29:36"
Nederland,WindOffshore,Hour,166073,166073,0,0,"2025-06-19 00:00:00","2025-06-19 01:00:00","2025-10-19 06:29:45"
Nederland,WindOffshore,Hour,160907,160907,0,0,"2025-06-19 01:00:00","2025-06-19 02:00:00","2025-10-19 06:29:45"
Nederland,WindOffshore,Hour,134590,134590,0,0,"2025-06-19 02:00:00","2025-06-19 03:00:00","2025-10-19 06:29:45"
Nederland,WindOffshore,Hour,234729,234729,0,0,"2025-06-19 03:00:00","2025-06-19 04:00:00","2025-10-19 06:29:45"
Nederland,WindOffshore,Hour,340562,340562,0,0,"2025-06-19 04:00:00","2025-06-19 05:00:00","2025-10-19 06:29:45"
Nederland,WindOffshore,Hour,391082,391082,0,0,"2025-06-19 05:00:00","2025-06-19 06:00:00","2025-10-19 06:29:45"
Nederland,WindOffshore,Hour,400356,400356,0,0,"2025-06-19 06:00:00","2025-06-19 07:00:00","2025-10-19 06:29:45"
Nederland,WindOffshore,Hour,426763,426763,0,0,"2025-06-19 07:00:00","2025-06-19 08:00:00","2025-10-19 06:29:45"
Nederland,WindOffshore,Hour,256106,256106,0,0,"2025-06-19 08:00:00","2025-06-19 09:00:00","2025-10-19 06:29:45"
Nederland,WindOffshore,Hour,136510,136510,0,0,"2025-06-19 09:00:00","2025-06-19 10:00:00","2025-10-19 06:29:45"
Nederland,WindOffshore,Hour,127403,127403,0,0,"2025-06-19 10:00:00","2025-06-19 11:00:00","2025-10-19 06:29:45"
Nederland,WindOffshore,Hour,219527,219527,0,0,"2025-06-19 11:00:00","2025-06-19 12:00:00","2025-10-19 06:29:45"
Nederland,WindOffshore,Hour,263318,263318,0,0,"2025-06-19 12:00:00","2025-06-19 13:00:00","2025-10-19 06:29:45"
Nederland,WindOffshore,Hour,339854,339854,0,0,"2025-06-19 13:00:00","2025-06-19 14:00:00","2025-10-19 06:29:45"
Nederland,WindOffshore,Hour,571788,571788,0,0,"2025-06-19 14:00:00","2025-06-19 15:00:00","2025-10-19 06:29:45"
Nederland,WindOffshore,Hour,1105418,1105418,0,0,"2025-06-19 15:00:00","2025-06-19 16:00:00","2025-10-19 06:29:45"
Nederland,WindOffshore,Hour,1170940,1170940,0,0,"2025-06-19 16:00:00","2025-06-19 17:00:00","2025-10-19 06:29:45"
Nederland,WindOffshore,Hour,1182396,1182396,0,0,"2025-06-19 17:00:00","2025-06-19 18:00:00","2025-10-19 06:29:45"
Nederland,WindOffshore,Hour,1007957,1007957,0,0,"2025-06-19 18:00:00","2025-06-19 19:00:00","2025-10-19 06:29:45"
Nederland,WindOffshore,Hour,860146,860146,0,0,"2025-06-19 19:00:00","2025-06-19 20:00:00","2025-10-19 06:29:45"
Nederland,WindOffshore,Hour,988957,988957,0,0,"2025-06-19 20:00:00","2025-06-19 21:00:00","2025-10-19 06:29:45"
Nederland,WindOffshore,Hour,1253995,1253995,0,0,"2025-06-19 21:00:00","2025-06-19 22:00:00","2025-10-19 06:29:45"
Nederland,WindOffshore,Hour,1206941,1206941,0,0,"2025-06-19 22:00:00","2025-06-19 23:00:00","2025-10-19 06:29:45"
Nederland,WindOffshore,Hour,1265568,1265568,0,0,"2025-06-19 23:00:00","2025-06-20 00:00:00","2025-10-19 06:29:45"
Nederland,WindOffshore,Hour,1125794,1125794,0,0,"2025-06-20 00:00:00","2025-06-20 01:00:00","2025-10-20 06:29:42"
Nederland,WindOffshore,Hour,1153912,1153912,0,0,"2025-06-20 01:00:00","2025-06-20 02:00:00","2025-10-20 06:29:42"
Nederland,WindOffshore,Hour,1359597,1359597,0,0,"2025-06-20 02:00:00","2025-06-20 03:00:00","2025-10-20 06:29:42"
Nederland,WindOffshore,Hour,1414590,1414590,0,0,"2025-06-20 03:00:00","2025-06-20 04:00:00","2025-10-20 06:29:42"
Nederland,WindOffshore,Hour,1251834,1251834,0,0,"2025-06-20 04:00:00","2025-06-20 05:00:00","2025-10-20 06:29:42"
Nederland,WindOffshore,Hour,962884,962884,0,0,"2025-06-20 05:00:00","2025-06-20 06:00:00","2025-10-20 06:29:42"
Nederland,WindOffshore,Hour,721371,721371,0,0,"2025-06-20 06:00:00","2025-06-20 07:00:00","2025-10-20 06:29:42"
Nederland,WindOffshore,Hour,637226,637226,0,0,"2025-06-20 07:00:00","2025-06-20 08:00:00","2025-10-20 06:29:42"
Nederland,WindOffshore,Hour,440622,440622,0,0,"2025-06-20 08:00:00","2025-06-20 09:00:00","2025-10-20 06:29:42"
Nederland,WindOffshore,Hour,258899,258899,0,0,"2025-06-20 09:00:00","2025-06-20 10:00:00","2025-10-20 06:29:42"
Nederland,WindOffshore,Hour,279250,279250,0,0,"2025-06-20 10:00:00","2025-06-20 11:00:00","2025-10-20 06:29:42"
Nederland,WindOffshore,Hour,218830,218830,0,0,"2025-06-20 11:00:00","2025-06-20 12:00:00","2025-10-20 06:29:42"
Nederland,WindOffshore,Hour,233414,233414,0,0,"2025-06-20 12:00:00","2025-06-20 13:00:00","2025-10-20 06:29:42"
Nederland,WindOffshore,Hour,677765,677765,0,0,"2025-06-20 13:00:00","2025-06-20 14:00:00","2025-10-20 06:29:42"
Nederland,WindOffshore,Hour,1188065,1188065,0,0,"2025-06-20 14:00:00","2025-06-20 15:00:00","2025-10-20 06:29:42"
Nederland,WindOffshore,Hour,1478932,1478932,0,0,"2025-06-20 15:00:00","2025-06-20 16:00:00","2025-10-20 06:29:42"
Nederland,WindOffshore,Hour,1444416,1444416,0,0,"2025-06-20 16:00:00","2025-06-20 17:00:00","2025-10-20 06:29:42"
Nederland,WindOffshore,Hour,1431628,1431628,0,0,"2025-06-20 17:00:00","2025-06-20 18:00:00","2025-10-20 06:29:42"
Nederland,WindOffshore,Hour,1461862,1461862,0,0,"2025-06-20 18:00:00","2025-06-20 19:00:00","2025-10-20 06:29:42"
Nederland,WindOffshore,Hour,1313643,1313643,0,0,"2025-06-20 19:00:00","2025-06-20 20:00:00","2025-10-20 06:29:42"
Nederland,WindOffshore,Hour,1288477,1288477,0,0,"2025-06-20 20:00:00","2025-06-20 21:00:00","2025-10-20 06:29:42"
Nederland,WindOffshore,Hour,1314647,1314647,0,0,"2025-06-20 21:00:00","2025-06-20 22:00:00","2025-10-20 06:29:42"
Nederland,WindOffshore,Hour,1369670,1369670,0,0,"2025-06-20 22:00:00","2025-06-20 23:00:00","2025-10-20 06:29:42"
Nederland,WindOffshore,Hour,1516072,1516072,0,0,"2025-06-20 23:00:00","2025-06-21 00:00:00","2025-10-20 06:29:42"
Nederland,WindOffshore,Hour,1642928,1642928,0,0,"2025-06-21 00:00:00","2025-06-21 01:00:00","2025-10-21 06:30:48"
Nederland,WindOffshore,Hour,1587144,1587144,0,0,"2025-06-21 01:00:00","2025-06-21 02:00:00","2025-10-21 06:30:48"
Nederland,WindOffshore,Hour,1532855,1532855,0,0,"2025-06-21 02:00:00","2025-06-21 03:00:00","2025-10-21 06:30:48"
Nederland,WindOffshore,Hour,1381367,1381367,0,0,"2025-06-21 03:00:00","2025-06-21 04:00:00","2025-10-21 06:30:48"
Nederland,WindOffshore,Hour,1087468,1087468,0,0,"2025-06-21 04:00:00","2025-06-21 05:00:00","2025-10-21 06:30:48"
Nederland,WindOffshore,Hour,1027317,1027317,0,0,"2025-06-21 05:00:00","2025-06-21 06:00:00","2025-10-21 06:30:48"
Nederland,WindOffshore,Hour,1225068,1225068,0,0,"2025-06-21 06:00:00","2025-06-21 07:00:00","2025-10-21 06:30:48"
Nederland,WindOffshore,Hour,999728,999728,0,0,"2025-06-21 07:00:00","2025-06-21 08:00:00","2025-10-21 06:30:48"
Nederland,WindOffshore,Hour,752234,752234,0,0,"2025-06-21 08:00:00","2025-06-21 09:00:00","2025-10-21 06:30:48"
Nederland,WindOffshore,Hour,401377,401377,0,0,"2025-06-21 09:00:00","2025-06-21 10:00:00","2025-10-21 06:30:48"
Nederland,WindOffshore,Hour,241060,241060,0,0,"2025-06-21 10:00:00","2025-06-21 11:00:00","2025-10-21 06:30:48"
Nederland,WindOffshore,Hour,137236,137236,0,0,"2025-06-21 11:00:00","2025-06-21 12:00:00","2025-10-21 06:30:48"
Nederland,WindOffshore,Hour,85434,85434,0,0,"2025-06-21 12:00:00","2025-06-21 13:00:00","2025-10-21 06:30:48"
Nederland,WindOffshore,Hour,76332,76332,0,0,"2025-06-21 13:00:00","2025-06-21 14:00:00","2025-10-21 06:30:48"
Nederland,WindOffshore,Hour,117860,117860,0,0,"2025-06-21 14:00:00","2025-06-21 15:00:00","2025-10-21 06:30:48"
Nederland,WindOffshore,Hour,140896,140896,0,0,"2025-06-21 15:00:00","2025-06-21 16:00:00","2025-10-21 06:30:48"
Nederland,WindOffshore,Hour,191962,191962,0,0,"2025-06-21 16:00:00","2025-06-21 17:00:00","2025-10-21 06:30:48"
Nederland,WindOffshore,Hour,218574,218574,0,0,"2025-06-21 17:00:00","2025-06-21 18:00:00","2025-10-21 06:30:48"
Nederland,WindOffshore,Hour,334624,334624,0,0,"2025-06-21 18:00:00","2025-06-21 19:00:00","2025-10-21 06:30:48"
Nederland,WindOffshore,Hour,1115618,1115618,0,0,"2025-06-21 19:00:00","2025-06-21 20:00:00","2025-10-21 06:30:48"
Nederland,WindOffshore,Hour,2050165,2050165,0,0,"2025-06-21 20:00:00","2025-06-21 21:00:00","2025-10-21 06:30:48"
Nederland,WindOffshore,Hour,2049851,2049851,0,0,"2025-06-21 21:00:00","2025-06-21 22:00:00","2025-10-21 06:30:48"
Nederland,WindOffshore,Hour,2089473,2089473,0,0,"2025-06-21 22:00:00","2025-06-21 23:00:00","2025-10-21 06:30:48"
Nederland,WindOffshore,Hour,2294857,2294857,0,0,"2025-06-21 23:00:00","2025-06-22 00:00:00","2025-10-21 06:30:48"
Nederland,WindOffshore,Hour,2417318,2417318,0,0,"2025-06-22 00:00:00","2025-06-22 01:00:00","2025-10-22 06:29:37"
Nederland,WindOffshore,Hour,2759127,2759127,0,0,"2025-06-22 01:00:00","2025-06-22 02:00:00","2025-10-22 06:29:37"
Nederland,WindOffshore,Hour,3116936,3116936,0,0,"2025-06-22 02:00:00","2025-06-22 03:00:00","2025-10-22 06:29:37"
Nederland,WindOffshore,Hour,3139255,3139255,0,0,"2025-06-22 03:00:00","2025-06-22 04:00:00","2025-10-22 06:29:37"
Nederland,WindOffshore,Hour,3117213,3117213,0,0,"2025-06-22 04:00:00","2025-06-22 05:00:00","2025-10-22 06:29:37"
Nederland,WindOffshore,Hour,3125779,3125779,0,0,"2025-06-22 05:00:00","2025-06-22 06:00:00","2025-10-22 06:29:37"
Nederland,WindOffshore,Hour,2966335,2966335,0,0,"2025-06-22 06:00:00","2025-06-22 07:00:00","2025-10-22 06:29:37"
Nederland,WindOffshore,Hour,2360596,2360596,0,0,"2025-06-22 07:00:00","2025-06-22 08:00:00","2025-10-22 06:29:37"
Nederland,WindOffshore,Hour,1624143,1624143,0,0,"2025-06-22 08:00:00","2025-06-22 09:00:00","2025-10-22 06:29:37"
Nederland,WindOffshore,Hour,608143,608143,0,0,"2025-06-22 09:00:00","2025-06-22 10:00:00","2025-10-22 06:29:37"
Nederland,WindOffshore,Hour,830744,830744,0,0,"2025-06-22 10:00:00","2025-06-22 11:00:00","2025-10-22 06:29:37"
Nederland,WindOffshore,Hour,971340,971340,0,0,"2025-06-22 11:00:00","2025-06-22 12:00:00","2025-10-22 06:29:37"
Nederland,WindOffshore,Hour,1349147,1349147,0,0,"2025-06-22 12:00:00","2025-06-22 13:00:00","2025-10-22 06:29:37"
Nederland,WindOffshore,Hour,1913296,1913296,0,0,"2025-06-22 13:00:00","2025-06-22 14:00:00","2025-10-22 06:29:37"
Nederland,WindOffshore,Hour,1869486,1869486,0,0,"2025-06-22 14:00:00","2025-06-22 15:00:00","2025-10-22 06:29:37"
Nederland,WindOffshore,Hour,2389495,2389495,0,0,"2025-06-22 15:00:00","2025-06-22 16:00:00","2025-10-22 06:29:37"
Nederland,WindOffshore,Hour,3631666,3631666,0,0,"2025-06-22 16:00:00","2025-06-22 17:00:00","2025-10-22 06:29:37"
Nederland,WindOffshore,Hour,3710155,3710155,0,0,"2025-06-22 17:00:00","2025-06-22 18:00:00","2025-10-22 06:29:37"
Nederland,WindOffshore,Hour,3665095,3665095,0,0,"2025-06-22 18:00:00","2025-06-22 19:00:00","2025-10-22 06:29:37"
Nederland,WindOffshore,Hour,3770611,3770611,0,0,"2025-06-22 19:00:00","2025-06-22 20:00:00","2025-10-22 06:29:37"
Nederland,WindOffshore,Hour,3878051,3878051,0,0,"2025-06-22 20:00:00","2025-06-22 21:00:00","2025-10-22 06:29:37"
Nederland,WindOffshore,Hour,3944946,3944946,0,0,"2025-06-22 21:00:00","2025-06-22 22:00:00","2025-10-22 06:29:37"
Nederland,WindOffshore,Hour,3996422,3996422,0,0,"2025-06-22 22:00:00","2025-06-22 23:00:00","2025-10-22 06:29:37"
Nederland,WindOffshore,Hour,4024879,4024879,0,0,"2025-06-22 23:00:00","2025-06-23 00:00:00","2025-10-22 06:29:37"
Nederland,WindOffshore,Hour,4052087,4052087,0,0,"2025-06-23 00:00:00","2025-06-23 01:00:00","2025-10-23 06:29:39"
Nederland,WindOffshore,Hour,4080306,4080306,0,0,"2025-06-23 01:00:00","2025-06-23 02:00:00","2025-10-23 06:29:39"
Nederland,WindOffshore,Hour,4085776,4085776,0,0,"2025-06-23 02:00:00","2025-06-23 03:00:00","2025-10-23 06:29:39"
Nederland,WindOffshore,Hour,4053109,4053109,0,0,"2025-06-23 03:00:00","2025-06-23 04:00:00","2025-10-23 06:29:39"
Nederland,WindOffshore,Hour,4085420,4085420,0,0,"2025-06-23 04:00:00","2025-06-23 05:00:00","2025-10-23 06:29:39"
Nederland,WindOffshore,Hour,4112015,4112015,0,0,"2025-06-23 05:00:00","2025-06-23 06:00:00","2025-10-23 06:29:39"
Nederland,WindOffshore,Hour,4126909,4126909,0,0,"2025-06-23 06:00:00","2025-06-23 07:00:00","2025-10-23 06:29:39"
Nederland,WindOffshore,Hour,4046902,4046902,0,0,"2025-06-23 07:00:00","2025-06-23 08:00:00","2025-10-23 06:29:39"
Nederland,WindOffshore,Hour,3697303,3697303,0,0,"2025-06-23 08:00:00","2025-06-23 09:00:00","2025-10-23 06:29:39"
Nederland,WindOffshore,Hour,2788675,2788675,0,0,"2025-06-23 09:00:00","2025-06-23 10:00:00","2025-10-23 06:29:39"
Nederland,WindOffshore,Hour,2220354,2220354,0,0,"2025-06-23 10:00:00","2025-06-23 11:00:00","2025-10-23 06:29:39"
Nederland,WindOffshore,Hour,2013448,2013448,0,0,"2025-06-23 11:00:00","2025-06-23 12:00:00","2025-10-23 06:29:39"
Nederland,WindOffshore,Hour,1269374,1269374,0,0,"2025-06-23 12:00:00","2025-06-23 13:00:00","2025-10-23 06:29:39"
Nederland,WindOffshore,Hour,1055235,1055235,0,0,"2025-06-23 13:00:00","2025-06-23 14:00:00","2025-10-23 06:29:39"
Nederland,WindOffshore,Hour,1265039,1265039,0,0,"2025-06-23 14:00:00","2025-06-23 15:00:00","2025-10-23 06:29:39"
Nederland,WindOffshore,Hour,1253051,1253051,0,0,"2025-06-23 15:00:00","2025-06-23 16:00:00","2025-10-23 06:29:39"
Nederland,WindOffshore,Hour,2613403,2613403,0,0,"2025-06-23 16:00:00","2025-06-23 17:00:00","2025-10-23 06:29:39"
Nederland,WindOffshore,Hour,2944265,2944265,0,0,"2025-06-23 17:00:00","2025-06-23 18:00:00","2025-10-23 06:29:39"
Nederland,WindOffshore,Hour,3125224,3125224,0,0,"2025-06-23 18:00:00","2025-06-23 19:00:00","2025-10-23 06:29:39"
Nederland,WindOffshore,Hour,3134828,3134828,0,0,"2025-06-23 19:00:00","2025-06-23 20:00:00","2025-10-23 06:29:39"
Nederland,WindOffshore,Hour,3173494,3173494,0,0,"2025-06-23 20:00:00","2025-06-23 21:00:00","2025-10-23 06:29:39"
Nederland,WindOffshore,Hour,2994020,2994020,0,0,"2025-06-23 21:00:00","2025-06-23 22:00:00","2025-10-23 06:29:39"
Nederland,WindOffshore,Hour,2789273,2789273,0,0,"2025-06-23 22:00:00","2025-06-23 23:00:00","2025-10-23 06:29:39"
Nederland,WindOffshore,Hour,2290882,2290882,0,0,"2025-06-23 23:00:00","2025-06-24 00:00:00","2025-10-23 06:29:39"
Nederland,WindOffshore,Hour,1998164,1998164,0,0,"2025-06-24 00:00:00","2025-06-24 01:00:00","2025-10-23 06:29:39"
Nederland,WindOffshore,Hour,2121453,2121453,0,0,"2025-06-24 01:00:00","2025-06-24 02:00:00","2025-10-23 06:29:39"
Nederland,WindOffshore,Hour,2348820,2348820,0,0,"2025-06-24 02:00:00","2025-06-24 03:00:00","2025-10-23 06:29:39"
Nederland,WindOffshore,Hour,2201833,2201833,0,0,"2025-06-24 03:00:00","2025-06-24 04:00:00","2025-10-23 06:29:39"
Nederland,WindOffshore,Hour,2352613,2352613,0,0,"2025-06-24 04:00:00","2025-06-24 05:00:00","2025-10-23 06:29:39"
Nederland,WindOffshore,Hour,2352829,2352829,0,0,"2025-06-24 05:00:00","2025-06-24 06:00:00","2025-10-23 06:29:39"
Nederland,WindOffshore,Hour,2471523,2471523,0,0,"2025-06-24 06:00:00","2025-06-24 07:00:00","2025-10-23 06:29:39"
Nederland,WindOffshore,Hour,3063287,3063287,0,0,"2025-06-24 07:00:00","2025-06-24 08:00:00","2025-10-23 06:29:39"
Nederland,WindOffshore,Hour,3612937,3612937,0,0,"2025-06-24 08:00:00","2025-06-24 09:00:00","2025-10-23 06:29:39"
Nederland,WindOffshore,Hour,2701658,2701658,0,0,"2025-06-24 09:00:00","2025-06-24 10:00:00","2025-10-23 06:29:39"
Nederland,WindOffshore,Hour,2875677,2875677,0,0,"2025-06-24 10:00:00","2025-06-24 11:00:00","2025-10-23 06:29:39"
Nederland,WindOffshore,Hour,2896660,2896660,0,0,"2025-06-24 11:00:00","2025-06-24 12:00:00","2025-10-23 06:29:39"
Nederland,WindOffshore,Hour,2899588,2899588,0,0,"2025-06-24 12:00:00","2025-06-24 13:00:00","2025-10-23 06:29:39"
Nederland,WindOffshore,Hour,2896049,2896049,0,0,"2025-06-24 13:00:00","2025-06-24 14:00:00","2025-10-23 06:29:39"
Nederland,WindOffshore,Hour,2896839,2896839,0,0,"2025-06-24 14:00:00","2025-06-24 15:00:00","2025-10-23 06:29:39"
Nederland,WindOffshore,Hour,4136945,4136945,0,0,"2025-06-24 15:00:00","2025-06-24 16:00:00","2025-10-23 06:29:39"
Nederland,WindOffshore,Hour,4142291,4142291,0,0,"2025-06-24 16:00:00","2025-06-24 17:00:00","2025-10-23 06:29:39"
Nederland,WindOffshore,Hour,4135071,4135071,0,0,"2025-06-24 17:00:00","2025-06-24 18:00:00","2025-10-23 06:29:39"
Nederland,WindOffshore,Hour,4136458,4136458,0,0,"2025-06-24 18:00:00","2025-06-24 19:00:00","2025-10-23 06:29:39"
Nederland,WindOffshore,Hour,4083355,4083355,0,0,"2025-06-24 19:00:00","2025-06-24 20:00:00","2025-10-23 06:29:39"
Nederland,WindOffshore,Hour,4013113,4013113,0,0,"2025-06-24 20:00:00","2025-06-24 21:00:00","2025-10-23 06:29:39"
Nederland,WindOffshore,Hour,3972477,3972477,0,0,"2025-06-24 21:00:00","2025-06-24 22:00:00","2025-10-23 06:29:39"
Nederland,WindOffshore,Hour,3895765,3895765,0,0,"2025-06-24 22:00:00","2025-06-24 23:00:00","2025-10-23 06:29:39"
Nederland,WindOffshore,Hour,3784848,3784848,0,0,"2025-06-24 23:00:00","2025-06-25 00:00:00","2025-10-23 06:29:39"
Nederland,WindOffshore,Hour,3526381,3526381,0,0,"2025-06-25 00:00:00","2025-06-25 01:00:00","2025-10-25 06:32:04"
Nederland,WindOffshore,Hour,3532357,3532357,0,0,"2025-06-25 01:00:00","2025-06-25 02:00:00","2025-10-25 06:32:04"
Nederland,WindOffshore,Hour,3603667,3603667,0,0,"2025-06-25 02:00:00","2025-06-25 03:00:00","2025-10-25 06:32:04"
Nederland,WindOffshore,Hour,3142909,3142909,0,0,"2025-06-25 03:00:00","2025-06-25 04:00:00","2025-10-25 06:32:04"
Nederland,WindOffshore,Hour,2150772,2150772,0,0,"2025-06-25 04:00:00","2025-06-25 05:00:00","2025-10-25 06:32:04"
Nederland,WindOffshore,Hour,2036758,2036758,0,0,"2025-06-25 05:00:00","2025-06-25 06:00:00","2025-10-25 06:32:04"
Nederland,WindOffshore,Hour,1640066,1640066,0,0,"2025-06-25 06:00:00","2025-06-25 07:00:00","2025-10-25 06:32:04"
Nederland,WindOffshore,Hour,1338346,1338346,0,0,"2025-06-25 07:00:00","2025-06-25 08:00:00","2025-10-25 06:32:04"
Nederland,WindOffshore,Hour,1038978,1038978,0,0,"2025-06-25 08:00:00","2025-06-25 09:00:00","2025-10-25 06:32:04"
Nederland,WindOffshore,Hour,875823,875823,0,0,"2025-06-25 09:00:00","2025-06-25 10:00:00","2025-10-25 06:32:04"
Nederland,WindOffshore,Hour,669361,669361,0,0,"2025-06-25 10:00:00","2025-06-25 11:00:00","2025-10-25 06:32:04"
Nederland,WindOffshore,Hour,490921,490921,0,0,"2025-06-25 11:00:00","2025-06-25 12:00:00","2025-10-25 06:32:04"
Nederland,WindOffshore,Hour,434322,434322,0,0,"2025-06-25 12:00:00","2025-06-25 13:00:00","2025-10-25 06:32:04"
Nederland,WindOffshore,Hour,257549,257549,0,0,"2025-06-25 13:00:00","2025-06-25 14:00:00","2025-10-25 06:32:04"
Nederland,WindOffshore,Hour,44902,44902,0,0,"2025-06-25 14:00:00","2025-06-25 15:00:00","2025-10-25 06:32:04"
Nederland,WindOffshore,Hour,8625,8625,0,0,"2025-06-25 15:00:00","2025-06-25 16:00:00","2025-10-25 06:32:04"
Nederland,WindOffshore,Hour,0,0,0,0,"2025-06-25 16:00:00","2025-06-25 17:00:00","2025-10-25 06:32:04"
Nederland,WindOffshore,Hour,985,985,0,0,"2025-06-25 17:00:00","2025-06-25 18:00:00","2025-10-25 06:32:04"
Nederland,WindOffshore,Hour,24403,24403,0,0,"2025-06-25 18:00:00","2025-06-25 19:00:00","2025-10-25 06:32:04"
Nederland,WindOffshore,Hour,70637,70637,0,0,"2025-06-25 19:00:00","2025-06-25 20:00:00","2025-10-25 06:32:04"
Nederland,WindOffshore,Hour,119156,119156,0,0,"2025-06-25 20:00:00","2025-06-25 21:00:00","2025-10-25 06:32:04"
Nederland,WindOffshore,Hour,231482,231482,0,0,"2025-06-25 21:00:00","2025-06-25 22:00:00","2025-10-25 06:32:04"
Nederland,WindOffshore,Hour,490434,490434,0,0,"2025-06-25 22:00:00","2025-06-25 23:00:00","2025-10-25 06:32:04"
Nederland,WindOffshore,Hour,682389,682389,0,0,"2025-06-25 23:00:00","2025-06-26 00:00:00","2025-10-25 06:32:04"
Nederland,WindOffshore,Hour,556051,556051,0,0,"2025-06-26 00:00:00","2025-06-26 01:00:00","2025-10-25 06:32:04"
Nederland,WindOffshore,Hour,739935,739935,0,0,"2025-06-26 01:00:00","2025-06-26 02:00:00","2025-10-25 06:32:04"
Nederland,WindOffshore,Hour,503707,503707,0,0,"2025-06-26 02:00:00","2025-06-26 03:00:00","2025-10-25 06:32:04"
Nederland,WindOffshore,Hour,245695,245695,0,0,"2025-06-26 03:00:00","2025-06-26 04:00:00","2025-10-25 06:32:04"
Nederland,WindOffshore,Hour,317872,317872,0,0,"2025-06-26 04:00:00","2025-06-26 05:00:00","2025-10-25 06:32:04"
Nederland,WindOffshore,Hour,934475,934475,0,0,"2025-06-26 05:00:00","2025-06-26 06:00:00","2025-10-25 06:32:04"
Nederland,WindOffshore,Hour,1705316,1705316,0,0,"2025-06-26 06:00:00","2025-06-26 07:00:00","2025-10-25 06:32:04"
Nederland,WindOffshore,Hour,2097511,2097511,0,0,"2025-06-26 07:00:00","2025-06-26 08:00:00","2025-10-25 06:32:04"
Nederland,WindOffshore,Hour,2689541,2689541,0,0,"2025-06-26 08:00:00","2025-06-26 09:00:00","2025-10-25 06:32:04"
Nederland,WindOffshore,Hour,3098638,3098638,0,0,"2025-06-26 09:00:00","2025-06-26 10:00:00","2025-10-25 06:32:04"
Nederland,WindOffshore,Hour,3453192,3453192,0,0,"2025-06-26 10:00:00","2025-06-26 11:00:00","2025-10-25 06:32:04"
Nederland,WindOffshore,Hour,3689559,3689559,0,0,"2025-06-26 11:00:00","2025-06-26 12:00:00","2025-10-25 06:32:04"
Nederland,WindOffshore,Hour,3924888,3924888,0,0,"2025-06-26 12:00:00","2025-06-26 13:00:00","2025-10-25 06:32:04"
Nederland,WindOffshore,Hour,4009731,4009731,0,0,"2025-06-26 13:00:00","2025-06-26 14:00:00","2025-10-25 06:32:04"
Nederland,WindOffshore,Hour,4098770,4098770,0,0,"2025-06-26 14:00:00","2025-06-26 15:00:00","2025-10-25 06:32:04"
Nederland,WindOffshore,Hour,4073387,4073387,0,0,"2025-06-26 15:00:00","2025-06-26 16:00:00","2025-10-25 06:32:04"
Nederland,WindOffshore,Hour,4108404,4108404,0,0,"2025-06-26 16:00:00","2025-06-26 17:00:00","2025-10-25 06:32:04"
Nederland,WindOffshore,Hour,4094786,4094786,0,0,"2025-06-26 17:00:00","2025-06-26 18:00:00","2025-10-25 06:32:04"
Nederland,WindOffshore,Hour,4097174,4097174,0,0,"2025-06-26 18:00:00","2025-06-26 19:00:00","2025-10-25 06:32:04"
Nederland,WindOffshore,Hour,3954660,3954660,0,0,"2025-06-26 19:00:00","2025-06-26 20:00:00","2025-10-25 06:32:04"
Nederland,WindOffshore,Hour,2904827,2904827,0,0,"2025-06-26 20:00:00","2025-06-26 21:00:00","2025-10-25 06:32:04"
Nederland,WindOffshore,Hour,1254001,1254001,0,0,"2025-06-26 21:00:00","2025-06-26 22:00:00","2025-10-25 06:32:04"
Nederland,WindOffshore,Hour,736511,736511,0,0,"2025-06-26 22:00:00","2025-06-26 23:00:00","2025-10-25 06:32:04"
Nederland,WindOffshore,Hour,528648,528648,0,0,"2025-06-26 23:00:00","2025-06-27 00:00:00","2025-10-25 06:32:04"
Nederland,WindOffshore,Hour,453367,453367,0,0,"2025-06-27 00:00:00","2025-06-27 01:00:00","2025-10-27 06:31:31"
Nederland,WindOffshore,Hour,353133,353133,0,0,"2025-06-27 01:00:00","2025-06-27 02:00:00","2025-10-27 06:31:31"
Nederland,WindOffshore,Hour,307325,307325,0,0,"2025-06-27 02:00:00","2025-06-27 03:00:00","2025-10-27 06:31:31"
Nederland,WindOffshore,Hour,305759,305759,0,0,"2025-06-27 03:00:00","2025-06-27 04:00:00","2025-10-27 06:31:31"
Nederland,WindOffshore,Hour,551017,551017,0,0,"2025-06-27 04:00:00","2025-06-27 05:00:00","2025-10-27 06:31:31"
Nederland,WindOffshore,Hour,275305,275305,0,0,"2025-06-27 05:00:00","2025-06-27 06:00:00","2025-10-27 06:31:31"
Nederland,WindOffshore,Hour,193817,193817,0,0,"2025-06-27 06:00:00","2025-06-27 07:00:00","2025-10-27 06:31:31"
Nederland,WindOffshore,Hour,492051,492051,0,0,"2025-06-27 07:00:00","2025-06-27 08:00:00","2025-10-27 06:31:31"
Nederland,WindOffshore,Hour,1030797,1030797,0,0,"2025-06-27 08:00:00","2025-06-27 09:00:00","2025-10-27 06:31:31"
Nederland,WindOffshore,Hour,1976628,1976628,0,0,"2025-06-27 09:00:00","2025-06-27 10:00:00","2025-10-27 06:31:31"
Nederland,WindOffshore,Hour,2066374,2066374,0,0,"2025-06-27 10:00:00","2025-06-27 11:00:00","2025-10-27 06:31:31"
Nederland,WindOffshore,Hour,2044677,2044677,0,0,"2025-06-27 11:00:00","2025-06-27 12:00:00","2025-10-27 06:31:31"
Nederland,WindOffshore,Hour,2034068,2034068,0,0,"2025-06-27 12:00:00","2025-06-27 13:00:00","2025-10-27 06:31:31"
Nederland,WindOffshore,Hour,1756079,1756079,0,0,"2025-06-27 13:00:00","2025-06-27 14:00:00","2025-10-27 06:31:31"
Nederland,WindOffshore,Hour,1844959,1844959,0,0,"2025-06-27 14:00:00","2025-06-27 15:00:00","2025-10-27 06:31:31"
Nederland,WindOffshore,Hour,2380243,2380243,0,0,"2025-06-27 15:00:00","2025-06-27 16:00:00","2025-10-27 06:31:31"
Nederland,WindOffshore,Hour,2290605,2290605,0,0,"2025-06-27 16:00:00","2025-06-27 17:00:00","2025-10-27 06:31:31"
Nederland,WindOffshore,Hour,2953579,2953579,0,0,"2025-06-27 17:00:00","2025-06-27 18:00:00","2025-10-27 06:31:31"
Nederland,WindOffshore,Hour,3564223,3564223,0,0,"2025-06-27 18:00:00","2025-06-27 19:00:00","2025-10-27 06:31:31"
Nederland,WindOffshore,Hour,3682846,3682846,0,0,"2025-06-27 19:00:00","2025-06-27 20:00:00","2025-10-27 06:31:31"
Nederland,WindOffshore,Hour,3729300,3729300,0,0,"2025-06-27 20:00:00","2025-06-27 21:00:00","2025-10-27 06:31:31"
Nederland,WindOffshore,Hour,3824997,3824997,0,0,"2025-06-27 21:00:00","2025-06-27 22:00:00","2025-10-27 06:31:31"
Nederland,WindOffshore,Hour,3733377,3733377,0,0,"2025-06-27 22:00:00","2025-06-27 23:00:00","2025-10-27 06:31:31"
Nederland,WindOffshore,Hour,3795546,3795546,0,0,"2025-06-27 23:00:00","2025-06-28 00:00:00","2025-10-27 06:31:31"
Nederland,WindOffshore,Hour,3961384,3961384,0,0,"2025-06-28 00:00:00","2025-06-28 01:00:00","2025-10-28 06:29:55"
Nederland,WindOffshore,Hour,3941933,3941933,0,0,"2025-06-28 01:00:00","2025-06-28 02:00:00","2025-10-28 06:29:55"
Nederland,WindOffshore,Hour,3807384,3807384,0,0,"2025-06-28 02:00:00","2025-06-28 03:00:00","2025-10-28 06:29:55"
Nederland,WindOffshore,Hour,3761559,3761559,0,0,"2025-06-28 03:00:00","2025-06-28 04:00:00","2025-10-28 06:29:55"
Nederland,WindOffshore,Hour,3472836,3472836,0,0,"2025-06-28 04:00:00","2025-06-28 05:00:00","2025-10-28 06:29:55"
Nederland,WindOffshore,Hour,3309368,3309368,0,0,"2025-06-28 05:00:00","2025-06-28 06:00:00","2025-10-28 06:29:55"
Nederland,WindOffshore,Hour,3336270,3336270,0,0,"2025-06-28 06:00:00","2025-06-28 07:00:00","2025-10-28 06:29:55"
Nederland,WindOffshore,Hour,3251889,3251889,0,0,"2025-06-28 07:00:00","2025-06-28 08:00:00","2025-10-28 06:29:55"
Nederland,WindOffshore,Hour,3360954,3360954,0,0,"2025-06-28 08:00:00","2025-06-28 09:00:00","2025-10-28 06:29:55"
Nederland,WindOffshore,Hour,2468596,2468596,0,0,"2025-06-28 09:00:00","2025-06-28 10:00:00","2025-10-28 06:29:55"
Nederland,WindOffshore,Hour,2226858,2226858,0,0,"2025-06-28 10:00:00","2025-06-28 11:00:00","2025-10-28 06:29:55"
Nederland,WindOffshore,Hour,2169706,2169706,0,0,"2025-06-28 11:00:00","2025-06-28 12:00:00","2025-10-28 06:29:55"
Nederland,WindOffshore,Hour,2302787,2302787,0,0,"2025-06-28 12:00:00","2025-06-28 13:00:00","2025-10-28 06:29:55"
Nederland,WindOffshore,Hour,2314891,2314891,0,0,"2025-06-28 13:00:00","2025-06-28 14:00:00","2025-10-28 06:29:55"
Nederland,WindOffshore,Hour,2358607,2358607,0,0,"2025-06-28 14:00:00","2025-06-28 15:00:00","2025-10-28 06:29:55"
Nederland,WindOffshore,Hour,3350661,3350661,0,0,"2025-06-28 15:00:00","2025-06-28 16:00:00","2025-10-28 06:29:55"
Nederland,WindOffshore,Hour,3596477,3596477,0,0,"2025-06-28 16:00:00","2025-06-28 17:00:00","2025-10-28 06:29:55"
Nederland,WindOffshore,Hour,3618886,3618886,0,0,"2025-06-28 17:00:00","2025-06-28 18:00:00","2025-10-28 06:29:55"
Nederland,WindOffshore,Hour,3434505,3434505,0,0,"2025-06-28 18:00:00","2025-06-28 19:00:00","2025-10-28 06:29:55"
Nederland,WindOffshore,Hour,3623510,3623510,0,0,"2025-06-28 19:00:00","2025-06-28 20:00:00","2025-10-28 06:29:55"
Nederland,WindOffshore,Hour,3711487,3711487,0,0,"2025-06-28 20:00:00","2025-06-28 21:00:00","2025-10-28 06:29:55"
Nederland,WindOffshore,Hour,3544938,3544938,0,0,"2025-06-28 21:00:00","2025-06-28 22:00:00","2025-10-28 06:29:55"
Nederland,WindOffshore,Hour,3149919,3149919,0,0,"2025-06-28 22:00:00","2025-06-28 23:00:00","2025-10-28 06:29:55"
Nederland,WindOffshore,Hour,2812098,2812098,0,0,"2025-06-28 23:00:00","2025-06-29 00:00:00","2025-10-28 06:29:55"
Nederland,WindOffshore,Hour,2429246,2429246,0,0,"2025-06-29 00:00:00","2025-06-29 01:00:00","2025-10-29 06:31:09"
Nederland,WindOffshore,Hour,2442070,2442070,0,0,"2025-06-29 01:00:00","2025-06-29 02:00:00","2025-10-29 06:31:09"
Nederland,WindOffshore,Hour,1601222,1601222,0,0,"2025-06-29 02:00:00","2025-06-29 03:00:00","2025-10-29 06:31:09"
Nederland,WindOffshore,Hour,1172529,1172529,0,0,"2025-06-29 03:00:00","2025-06-29 04:00:00","2025-10-29 06:31:09"
Nederland,WindOffshore,Hour,684294,684294,0,0,"2025-06-29 04:00:00","2025-06-29 05:00:00","2025-10-29 06:31:09"
Nederland,WindOffshore,Hour,611611,611611,0,0,"2025-06-29 05:00:00","2025-06-29 06:00:00","2025-10-29 06:31:09"
Nederland,WindOffshore,Hour,397296,397296,0,0,"2025-06-29 06:00:00","2025-06-29 07:00:00","2025-10-29 06:31:09"
Nederland,WindOffshore,Hour,346694,346694,0,0,"2025-06-29 07:00:00","2025-06-29 08:00:00","2025-10-29 06:31:09"
Nederland,WindOffshore,Hour,431490,431490,0,0,"2025-06-29 08:00:00","2025-06-29 09:00:00","2025-10-29 06:31:09"
Nederland,WindOffshore,Hour,292071,292071,0,0,"2025-06-29 09:00:00","2025-06-29 10:00:00","2025-10-29 06:31:09"
Nederland,WindOffshore,Hour,128555,128555,0,0,"2025-06-29 10:00:00","2025-06-29 11:00:00","2025-10-29 06:31:09"
Nederland,WindOffshore,Hour,80409,80409,0,0,"2025-06-29 11:00:00","2025-06-29 12:00:00","2025-10-29 06:31:09"
Nederland,WindOffshore,Hour,63444,63444,0,0,"2025-06-29 12:00:00","2025-06-29 13:00:00","2025-10-29 06:31:09"
Nederland,WindOffshore,Hour,62450,62450,0,0,"2025-06-29 13:00:00","2025-06-29 14:00:00","2025-10-29 06:31:09"
Nederland,WindOffshore,Hour,83262,83262,0,0,"2025-06-29 14:00:00","2025-06-29 15:00:00","2025-10-29 06:31:09"
Nederland,WindOffshore,Hour,132470,132470,0,0,"2025-06-29 15:00:00","2025-06-29 16:00:00","2025-10-29 06:31:09"
Nederland,WindOffshore,Hour,214383,214383,0,0,"2025-06-29 16:00:00","2025-06-29 17:00:00","2025-10-29 06:31:09"
Nederland,WindOffshore,Hour,145826,145826,0,0,"2025-06-29 17:00:00","2025-06-29 18:00:00","2025-10-29 06:31:09"
Nederland,WindOffshore,Hour,88173,88173,0,0,"2025-06-29 18:00:00","2025-06-29 19:00:00","2025-10-29 06:31:09"
Nederland,WindOffshore,Hour,97557,97557,0,0,"2025-06-29 19:00:00","2025-06-29 20:00:00","2025-10-29 06:31:09"
Nederland,WindOffshore,Hour,84377,84377,0,0,"2025-06-29 20:00:00","2025-06-29 21:00:00","2025-10-29 06:31:09"
Nederland,WindOffshore,Hour,125830,125830,0,0,"2025-06-29 21:00:00","2025-06-29 22:00:00","2025-10-29 06:31:09"
Nederland,WindOffshore,Hour,253439,253439,0,0,"2025-06-29 22:00:00","2025-06-29 23:00:00","2025-10-29 06:31:09"
Nederland,WindOffshore,Hour,252722,252722,0,0,"2025-06-29 23:00:00","2025-06-30 00:00:00","2025-10-29 06:31:09"
Nederland,WindOffshore,Hour,309454,309454,0,0,"2025-06-30 00:00:00","2025-06-30 01:00:00","2025-10-30 06:29:58"
Nederland,WindOffshore,Hour,261387,261387,0,0,"2025-06-30 01:00:00","2025-06-30 02:00:00","2025-10-30 06:29:58"
Nederland,WindOffshore,Hour,217733,217733,0,0,"2025-06-30 02:00:00","2025-06-30 03:00:00","2025-10-30 06:29:58"
Nederland,WindOffshore,Hour,221543,221543,0,0,"2025-06-30 03:00:00","2025-06-30 04:00:00","2025-10-30 06:29:58"
Nederland,WindOffshore,Hour,228382,228382,0,0,"2025-06-30 04:00:00","2025-06-30 05:00:00","2025-10-30 06:29:58"
Nederland,WindOffshore,Hour,332885,332885,0,0,"2025-06-30 05:00:00","2025-06-30 06:00:00","2025-10-30 06:29:58"
Nederland,WindOffshore,Hour,360943,360943,0,0,"2025-06-30 06:00:00","2025-06-30 07:00:00","2025-10-30 06:29:58"
Nederland,WindOffshore,Hour,345308,345308,0,0,"2025-06-30 07:00:00","2025-06-30 08:00:00","2025-10-30 06:29:58"
Nederland,WindOffshore,Hour,445960,445960,0,0,"2025-06-30 08:00:00","2025-06-30 09:00:00","2025-10-30 06:29:58"
Nederland,WindOffshore,Hour,568856,568856,0,0,"2025-06-30 09:00:00","2025-06-30 10:00:00","2025-10-30 06:29:58"
Nederland,WindOffshore,Hour,541130,541130,0,0,"2025-06-30 10:00:00","2025-06-30 11:00:00","2025-10-30 06:29:58"
Nederland,WindOffshore,Hour,495704,495704,0,0,"2025-06-30 11:00:00","2025-06-30 12:00:00","2025-10-30 06:29:58"
Nederland,WindOffshore,Hour,1007817,1007817,0,0,"2025-06-30 12:00:00","2025-06-30 13:00:00","2025-10-30 06:29:58"
Nederland,WindOffshore,Hour,1167777,1167777,0,0,"2025-06-30 13:00:00","2025-06-30 14:00:00","2025-10-30 06:29:58"
Nederland,WindOffshore,Hour,1493298,1493298,0,0,"2025-06-30 14:00:00","2025-06-30 15:00:00","2025-10-30 06:29:58"
Nederland,WindOffshore,Hour,1529735,1529735,0,0,"2025-06-30 15:00:00","2025-06-30 16:00:00","2025-10-30 06:29:58"
Nederland,WindOffshore,Hour,1447978,1447978,0,0,"2025-06-30 16:00:00","2025-06-30 17:00:00","2025-10-30 06:29:58"
Nederland,WindOffshore,Hour,1320191,1320191,0,0,"2025-06-30 17:00:00","2025-06-30 18:00:00","2025-10-30 06:29:58"
Nederland,WindOffshore,Hour,1484327,1484327,0,0,"2025-06-30 18:00:00","2025-06-30 19:00:00","2025-10-30 06:29:58"
Nederland,WindOffshore,Hour,1746494,1746494,0,0,"2025-06-30 19:00:00","2025-06-30 20:00:00","2025-10-30 06:29:58"
Nederland,WindOffshore,Hour,1421348,1421348,0,0,"2025-06-30 20:00:00","2025-06-30 21:00:00","2025-10-30 06:29:58"
Nederland,WindOffshore,Hour,1637114,1637114,0,0,"2025-06-30 21:00:00","2025-06-30 22:00:00","2025-10-30 06:29:58"
Nederland,WindOffshore,Hour,1749875,1749875,0,0,"2025-06-30 22:00:00","2025-06-30 23:00:00","2025-10-30 06:29:58"
Nederland,WindOffshore,Hour,2225617,2225617,0,0,"2025-06-30 23:00:00","2025-07-01 00:00:00","2025-10-30 06:29:58"
Nederland,WindOffshore,Hour,2570875,2570875,0,0,"2025-07-01 00:00:00","2025-07-01 01:00:00","2025-10-31 06:31:25"
Nederland,WindOffshore,Hour,2772455,2772455,0,0,"2025-07-01 01:00:00","2025-07-01 02:00:00","2025-10-31 06:31:25"
Nederland,WindOffshore,Hour,2537948,2537948,0,0,"2025-07-01 02:00:00","2025-07-01 03:00:00","2025-10-31 06:31:25"
Nederland,WindOffshore,Hour,2354230,2354230,0,0,"2025-07-01 03:00:00","2025-07-01 04:00:00","2025-10-31 06:31:25"
Nederland,WindOffshore,Hour,1900199,1900199,0,0,"2025-07-01 04:00:00","2025-07-01 05:00:00","2025-10-31 06:31:25"
Nederland,WindOffshore,Hour,1430076,1430076,0,0,"2025-07-01 05:00:00","2025-07-01 06:00:00","2025-10-31 06:31:25"
Nederland,WindOffshore,Hour,1096134,1096134,0,0,"2025-07-01 06:00:00","2025-07-01 07:00:00","2025-10-31 06:31:25"
Nederland,WindOffshore,Hour,862054,862054,0,0,"2025-07-01 07:00:00","2025-07-01 08:00:00","2025-10-31 06:31:25"
Nederland,WindOffshore,Hour,425123,425123,0,0,"2025-07-01 08:00:00","2025-07-01 09:00:00","2025-10-31 06:31:25"
Nederland,WindOffshore,Hour,307395,307395,0,0,"2025-07-01 09:00:00","2025-07-01 10:00:00","2025-10-31 06:31:25"
Nederland,WindOffshore,Hour,152530,152530,0,0,"2025-07-01 10:00:00","2025-07-01 11:00:00","2025-10-31 06:31:25"
Nederland,WindOffshore,Hour,107043,107043,0,0,"2025-07-01 11:00:00","2025-07-01 12:00:00","2025-10-31 06:31:25"
Nederland,WindOffshore,Hour,171206,171206,0,0,"2025-07-01 12:00:00","2025-07-01 13:00:00","2025-10-31 06:31:25"
Nederland,WindOffshore,Hour,136984,136984,0,0,"2025-07-01 13:00:00","2025-07-01 14:00:00","2025-10-31 06:31:25"
Nederland,WindOffshore,Hour,281614,281614,0,0,"2025-07-01 14:00:00","2025-07-01 15:00:00","2025-10-31 06:31:25"
Nederland,WindOffshore,Hour,374342,374342,0,0,"2025-07-01 15:00:00","2025-07-01 16:00:00","2025-10-31 06:31:25"
Nederland,WindOffshore,Hour,419191,419191,0,0,"2025-07-01 16:00:00","2025-07-01 17:00:00","2025-10-31 06:31:25"
Nederland,WindOffshore,Hour,635874,635874,0,0,"2025-07-01 17:00:00","2025-07-01 18:00:00","2025-10-31 06:31:25"
Nederland,WindOffshore,Hour,1131286,1131286,0,0,"2025-07-01 18:00:00","2025-07-01 19:00:00","2025-10-31 06:31:25"
Nederland,WindOffshore,Hour,1001996,1001996,0,0,"2025-07-01 19:00:00","2025-07-01 20:00:00","2025-10-31 06:31:25"
Nederland,WindOffshore,Hour,990125,990125,0,0,"2025-07-01 20:00:00","2025-07-01 21:00:00","2025-10-31 06:31:25"
Nederland,WindOffshore,Hour,730220,730220,0,0,"2025-07-01 21:00:00","2025-07-01 22:00:00","2025-10-31 06:31:25"
Nederland,WindOffshore,Hour,570828,570828,0,0,"2025-07-01 22:00:00","2025-07-01 23:00:00","2025-10-31 06:31:25"
Nederland,WindOffshore,Hour,490031,490031,0,0,"2025-07-01 23:00:00","2025-07-02 00:00:00","2025-10-31 06:31:25"
Nederland,WindOffshore,Hour,282075,282075,0,0,"2025-07-02 00:00:00","2025-07-02 01:00:00","2025-10-31 06:31:25"
Nederland,WindOffshore,Hour,425798,425798,0,0,"2025-07-02 01:00:00","2025-07-02 02:00:00","2025-10-31 06:31:25"
Nederland,WindOffshore,Hour,620325,620325,0,0,"2025-07-02 02:00:00","2025-07-02 03:00:00","2025-10-31 06:31:25"
Nederland,WindOffshore,Hour,407944,407944,0,0,"2025-07-02 03:00:00","2025-07-02 04:00:00","2025-10-31 06:31:25"
Nederland,WindOffshore,Hour,425091,425091,0,0,"2025-07-02 04:00:00","2025-07-02 05:00:00","2025-10-31 06:31:25"
Nederland,WindOffshore,Hour,137940,137940,0,0,"2025-07-02 05:00:00","2025-07-02 06:00:00","2025-10-31 06:31:25"
Nederland,WindOffshore,Hour,7351,7351,0,0,"2025-07-02 06:00:00","2025-07-02 07:00:00","2025-10-31 06:31:25"
Nederland,WindOffshore,Hour,30570,30570,0,0,"2025-07-02 07:00:00","2025-07-02 08:00:00","2025-10-31 06:31:25"
Nederland,WindOffshore,Hour,68809,68809,0,0,"2025-07-02 08:00:00","2025-07-02 09:00:00","2025-10-31 06:31:25"
Nederland,WindOffshore,Hour,188941,188941,0,0,"2025-07-02 09:00:00","2025-07-02 10:00:00","2025-10-31 06:31:25"
Nederland,WindOffshore,Hour,35791,35791,0,0,"2025-07-02 10:00:00","2025-07-02 11:00:00","2025-10-31 06:31:25"
Nederland,WindOffshore,Hour,425504,425504,0,0,"2025-07-02 11:00:00","2025-07-02 12:00:00","2025-10-31 06:31:25"
Nederland,WindOffshore,Hour,846065,846065,0,0,"2025-07-02 12:00:00","2025-07-02 13:00:00","2025-10-31 06:31:25"
Nederland,WindOffshore,Hour,612646,612646,0,0,"2025-07-02 13:00:00","2025-07-02 14:00:00","2025-10-31 06:31:25"
Nederland,WindOffshore,Hour,592637,592637,0,0,"2025-07-02 14:00:00","2025-07-02 15:00:00","2025-10-31 06:31:25"
Nederland,WindOffshore,Hour,992186,992186,0,0,"2025-07-02 15:00:00","2025-07-02 16:00:00","2025-10-31 06:31:25"
Nederland,WindOffshore,Hour,1497362,1497362,0,0,"2025-07-02 16:00:00","2025-07-02 17:00:00","2025-10-31 06:31:25"
Nederland,WindOffshore,Hour,2291569,2291569,0,0,"2025-07-02 17:00:00","2025-07-02 18:00:00","2025-10-31 06:31:25"
Nederland,WindOffshore,Hour,2488356,2488356,0,0,"2025-07-02 18:00:00","2025-07-02 19:00:00","2025-10-31 06:31:25"
Nederland,WindOffshore,Hour,1587541,1587541,0,0,"2025-07-02 19:00:00","2025-07-02 20:00:00","2025-10-31 06:31:25"
Nederland,WindOffshore,Hour,1398678,1398678,0,0,"2025-07-02 20:00:00","2025-07-02 21:00:00","2025-10-31 06:31:25"
Nederland,WindOffshore,Hour,1622522,1622522,0,0,"2025-07-02 21:00:00","2025-07-02 22:00:00","2025-10-31 06:31:25"
Nederland,WindOffshore,Hour,2701912,2701912,0,0,"2025-07-02 22:00:00","2025-07-02 23:00:00","2025-10-31 06:31:25"
Nederland,WindOffshore,Hour,3357108,3357108,0,0,"2025-07-02 23:00:00","2025-07-03 00:00:00","2025-10-31 06:31:25"
Nederland,WindOffshore,Hour,3227382,3227382,0,0,"2025-07-03 00:00:00","2025-07-03 01:00:00","2025-10-31 06:31:25"
Nederland,WindOffshore,Hour,3296314,3296314,0,0,"2025-07-03 01:00:00","2025-07-03 02:00:00","2025-10-31 06:31:25"
Nederland,WindOffshore,Hour,3227558,3227558,0,0,"2025-07-03 02:00:00","2025-07-03 03:00:00","2025-10-31 06:31:25"
Nederland,WindOffshore,Hour,3203714,3203714,0,0,"2025-07-03 03:00:00","2025-07-03 04:00:00","2025-10-31 06:31:25"
Nederland,WindOffshore,Hour,3084366,3084366,0,0,"2025-07-03 04:00:00","2025-07-03 05:00:00","2025-10-31 06:31:25"
Nederland,WindOffshore,Hour,3103069,3103069,0,0,"2025-07-03 05:00:00","2025-07-03 06:00:00","2025-10-31 06:31:25"
Nederland,WindOffshore,Hour,2904802,2904802,0,0,"2025-07-03 06:00:00","2025-07-03 07:00:00","2025-10-31 06:31:25"
Nederland,WindOffshore,Hour,2258169,2258169,0,0,"2025-07-03 07:00:00","2025-07-03 08:00:00","2025-10-31 06:31:25"
Nederland,WindOffshore,Hour,1234354,1234354,0,0,"2025-07-03 08:00:00","2025-07-03 09:00:00","2025-10-31 06:31:25"
Nederland,WindOffshore,Hour,681700,681700,0,0,"2025-07-03 09:00:00","2025-07-03 10:00:00","2025-10-31 06:31:25"
Nederland,WindOffshore,Hour,412747,412747,0,0,"2025-07-03 10:00:00","2025-07-03 11:00:00","2025-10-31 06:31:25"
Nederland,WindOffshore,Hour,276754,276754,0,0,"2025-07-03 11:00:00","2025-07-03 12:00:00","2025-10-31 06:31:25"
Nederland,WindOffshore,Hour,190214,190214,0,0,"2025-07-03 12:00:00","2025-07-03 13:00:00","2025-10-31 06:31:25"
Nederland,WindOffshore,Hour,140072,140072,0,0,"2025-07-03 13:00:00","2025-07-03 14:00:00","2025-10-31 06:31:25"
Nederland,WindOffshore,Hour,81975,81975,0,0,"2025-07-03 14:00:00","2025-07-03 15:00:00","2025-10-31 06:31:25"
Nederland,WindOffshore,Hour,32744,32744,0,0,"2025-07-03 15:00:00","2025-07-03 16:00:00","2025-10-31 06:31:25"
Nederland,WindOffshore,Hour,47946,47946,0,0,"2025-07-03 16:00:00","2025-07-03 17:00:00","2025-10-31 06:31:25"
Nederland,WindOffshore,Hour,43251,43251,0,0,"2025-07-03 17:00:00","2025-07-03 18:00:00","2025-10-31 06:31:25"
Nederland,WindOffshore,Hour,52895,52895,0,0,"2025-07-03 18:00:00","2025-07-03 19:00:00","2025-10-31 06:31:25"
Nederland,WindOffshore,Hour,23646,23646,0,0,"2025-07-03 19:00:00","2025-07-03 20:00:00","2025-10-31 06:31:25"
Nederland,WindOffshore,Hour,0,0,0,0,"2025-07-03 20:00:00","2025-07-03 21:00:00","2025-10-31 06:31:25"
Nederland,WindOffshore,Hour,4505,4505,0,0,"2025-07-03 21:00:00","2025-07-03 22:00:00","2025-10-31 06:31:25"
Nederland,WindOffshore,Hour,62583,62583,0,0,"2025-07-03 22:00:00","2025-07-03 23:00:00","2025-10-31 06:31:25"
Nederland,WindOffshore,Hour,224255,224255,0,0,"2025-07-03 23:00:00","2025-07-04 00:00:00","2025-10-31 06:31:25"
Nederland,WindOffshore,Hour,346158,346158,0,0,"2025-07-04 00:00:00","2025-07-04 01:00:00","2025-10-31 06:31:25"
Nederland,WindOffshore,Hour,421032,421032,0,0,"2025-07-04 01:00:00","2025-07-04 02:00:00","2025-10-31 06:31:25"
Nederland,WindOffshore,Hour,510093,510093,0,0,"2025-07-04 02:00:00","2025-07-04 03:00:00","2025-10-31 06:31:25"
Nederland,WindOffshore,Hour,547556,547556,0,0,"2025-07-04 03:00:00","2025-07-04 04:00:00","2025-10-31 06:31:25"
Nederland,WindOffshore,Hour,633265,633265,0,0,"2025-07-04 04:00:00","2025-07-04 05:00:00","2025-10-31 06:31:25"
Nederland,WindOffshore,Hour,1049601,1049601,0,0,"2025-07-04 05:00:00","2025-07-04 06:00:00","2025-10-31 06:31:25"
Nederland,WindOffshore,Hour,1235561,1235561,0,0,"2025-07-04 06:00:00","2025-07-04 07:00:00","2025-10-31 06:31:25"
Nederland,WindOffshore,Hour,1034807,1034807,0,0,"2025-07-04 07:00:00","2025-07-04 08:00:00","2025-10-31 06:31:25"
Nederland,WindOffshore,Hour,896326,896326,0,0,"2025-07-04 08:00:00","2025-07-04 09:00:00","2025-10-31 06:31:25"
Nederland,WindOffshore,Hour,695949,695949,0,0,"2025-07-04 09:00:00","2025-07-04 10:00:00","2025-10-31 06:31:25"
Nederland,WindOffshore,Hour,299169,299169,0,0,"2025-07-04 10:00:00","2025-07-04 11:00:00","2025-10-31 06:31:25"
Nederland,WindOffshore,Hour,202498,202498,0,0,"2025-07-04 11:00:00","2025-07-04 12:00:00","2025-10-31 06:31:25"
Nederland,WindOffshore,Hour,223900,223900,0,0,"2025-07-04 12:00:00","2025-07-04 13:00:00","2025-10-31 06:31:25"
Nederland,WindOffshore,Hour,391322,391322,0,0,"2025-07-04 13:00:00","2025-07-04 14:00:00","2025-10-31 06:31:25"
Nederland,WindOffshore,Hour,927642,927642,0,0,"2025-07-04 14:00:00","2025-07-04 15:00:00","2025-10-31 06:31:25"
Nederland,WindOffshore,Hour,1129717,1129717,0,0,"2025-07-04 15:00:00","2025-07-04 16:00:00","2025-10-31 06:31:25"
Nederland,WindOffshore,Hour,1431359,1431359,0,0,"2025-07-04 16:00:00","2025-07-04 17:00:00","2025-10-31 06:31:25"
Nederland,WindOffshore,Hour,1968590,1968590,0,0,"2025-07-04 17:00:00","2025-07-04 18:00:00","2025-10-31 06:31:25"
Nederland,WindOffshore,Hour,2504495,2504495,0,0,"2025-07-04 18:00:00","2025-07-04 19:00:00","2025-10-31 06:31:25"
Nederland,WindOffshore,Hour,3391672,3391672,0,0,"2025-07-04 19:00:00","2025-07-04 20:00:00","2025-10-31 06:31:25"
Nederland,WindOffshore,Hour,3701905,3701905,0,0,"2025-07-04 20:00:00","2025-07-04 21:00:00","2025-10-31 06:31:25"
Nederland,WindOffshore,Hour,4003242,4003242,0,0,"2025-07-04 21:00:00","2025-07-04 22:00:00","2025-10-31 06:31:25"
Nederland,WindOffshore,Hour,4009415,4009415,0,0,"2025-07-04 22:00:00","2025-07-04 23:00:00","2025-10-31 06:31:25"
Nederland,WindOffshore,Hour,3866413,3866413,0,0,"2025-07-04 23:00:00","2025-07-05 00:00:00","2025-10-31 06:31:25"
Nederland,WindOffshore,Hour,3916186,3916186,0,0,"2025-07-05 00:00:00","2025-07-05 01:00:00","2025-11-04 06:31:05"
Nederland,WindOffshore,Hour,3701274,3701274,0,0,"2025-07-05 01:00:00","2025-07-05 02:00:00","2025-11-04 06:31:05"
Nederland,WindOffshore,Hour,3330952,3330952,0,0,"2025-07-05 02:00:00","2025-07-05 03:00:00","2025-11-04 06:31:05"
Nederland,WindOffshore,Hour,3167846,3167846,0,0,"2025-07-05 03:00:00","2025-07-05 04:00:00","2025-11-04 06:31:05"
Nederland,WindOffshore,Hour,3629573,3629573,0,0,"2025-07-05 04:00:00","2025-07-05 05:00:00","2025-11-04 06:31:05"
Nederland,WindOffshore,Hour,3683717,3683717,0,0,"2025-07-05 05:00:00","2025-07-05 06:00:00","2025-11-04 06:31:05"
Nederland,WindOffshore,Hour,3703179,3703179,0,0,"2025-07-05 06:00:00","2025-07-05 07:00:00","2025-11-04 06:31:05"
Nederland,WindOffshore,Hour,3393951,3393951,0,0,"2025-07-05 07:00:00","2025-07-05 08:00:00","2025-11-04 06:31:05"
Nederland,WindOffshore,Hour,3589572,3589572,0,0,"2025-07-05 08:00:00","2025-07-05 09:00:00","2025-11-04 06:31:05"
Nederland,WindOffshore,Hour,3738535,3738535,0,0,"2025-07-05 09:00:00","2025-07-05 10:00:00","2025-11-04 06:31:05"
Nederland,WindOffshore,Hour,3727588,3727588,0,0,"2025-07-05 10:00:00","2025-07-05 11:00:00","2025-11-04 06:31:05"
Nederland,WindOffshore,Hour,3980525,3980525,0,0,"2025-07-05 11:00:00","2025-07-05 12:00:00","2025-11-04 06:31:05"
Nederland,WindOffshore,Hour,4040366,4040366,0,0,"2025-07-05 12:00:00","2025-07-05 13:00:00","2025-11-04 06:31:05"
Nederland,WindOffshore,Hour,3930208,3930208,0,0,"2025-07-05 13:00:00","2025-07-05 14:00:00","2025-11-04 06:31:05"
Nederland,WindOffshore,Hour,3969969,3969969,0,0,"2025-07-05 14:00:00","2025-07-05 15:00:00","2025-11-04 06:31:05"
Nederland,WindOffshore,Hour,4056043,4056043,0,0,"2025-07-05 15:00:00","2025-07-05 16:00:00","2025-11-04 06:31:05"
Nederland,WindOffshore,Hour,4039297,4039297,0,0,"2025-07-05 16:00:00","2025-07-05 17:00:00","2025-11-04 06:31:05"
Nederland,WindOffshore,Hour,3976491,3976491,0,0,"2025-07-05 17:00:00","2025-07-05 18:00:00","2025-11-04 06:31:05"
Nederland,WindOffshore,Hour,3929469,3929469,0,0,"2025-07-05 18:00:00","2025-07-05 19:00:00","2025-11-04 06:31:05"
Nederland,WindOffshore,Hour,4035462,4035462,0,0,"2025-07-05 19:00:00","2025-07-05 20:00:00","2025-11-04 06:31:05"
Nederland,WindOffshore,Hour,4039617,4039617,0,0,"2025-07-05 20:00:00","2025-07-05 21:00:00","2025-11-04 06:31:05"
Nederland,WindOffshore,Hour,3998195,3998195,0,0,"2025-07-05 21:00:00","2025-07-05 22:00:00","2025-11-04 06:31:05"
Nederland,WindOffshore,Hour,3947828,3947828,0,0,"2025-07-05 22:00:00","2025-07-05 23:00:00","2025-11-04 06:31:05"
Nederland,WindOffshore,Hour,3938211,3938211,0,0,"2025-07-05 23:00:00","2025-07-06 00:00:00","2025-11-04 06:31:05"
Nederland,WindOffshore,Hour,3953609,3953609,0,0,"2025-07-06 00:00:00","2025-07-06 01:00:00","2025-11-05 06:29:54"
Nederland,WindOffshore,Hour,3931976,3931976,0,0,"2025-07-06 01:00:00","2025-07-06 02:00:00","2025-11-05 06:29:54"
Nederland,WindOffshore,Hour,3623992,3623992,0,0,"2025-07-06 02:00:00","2025-07-06 03:00:00","2025-11-05 06:29:54"
Nederland,WindOffshore,Hour,3085336,3085336,0,0,"2025-07-06 03:00:00","2025-07-06 04:00:00","2025-11-05 06:29:54"
Nederland,WindOffshore,Hour,2395366,2395366,0,0,"2025-07-06 04:00:00","2025-07-06 05:00:00","2025-11-05 06:29:54"
Nederland,WindOffshore,Hour,1888742,1888742,0,0,"2025-07-06 05:00:00","2025-07-06 06:00:00","2025-11-05 06:29:54"
Nederland,WindOffshore,Hour,1124344,1124344,0,0,"2025-07-06 06:00:00","2025-07-06 07:00:00","2025-11-05 06:29:54"
Nederland,WindOffshore,Hour,472906,472906,0,0,"2025-07-06 07:00:00","2025-07-06 08:00:00","2025-11-05 06:29:54"
Nederland,WindOffshore,Hour,225971,225971,0,0,"2025-07-06 08:00:00","2025-07-06 09:00:00","2025-11-05 06:29:54"
Nederland,WindOffshore,Hour,163999,163999,0,0,"2025-07-06 09:00:00","2025-07-06 10:00:00","2025-11-05 06:29:54"
Nederland,WindOffshore,Hour,168245,168245,0,0,"2025-07-06 10:00:00","2025-07-06 11:00:00","2025-11-05 06:29:54"
Nederland,WindOffshore,Hour,80457,80457,0,0,"2025-07-06 11:00:00","2025-07-06 12:00:00","2025-11-05 06:29:54"
Nederland,WindOffshore,Hour,11201,11201,0,0,"2025-07-06 12:00:00","2025-07-06 13:00:00","2025-11-05 06:29:54"
Nederland,WindOffshore,Hour,34031,34031,0,0,"2025-07-06 13:00:00","2025-07-06 14:00:00","2025-11-05 06:29:54"
Nederland,WindOffshore,Hour,71113,71113,0,0,"2025-07-06 14:00:00","2025-07-06 15:00:00","2025-11-05 06:29:54"
Nederland,WindOffshore,Hour,70040,70040,0,0,"2025-07-06 15:00:00","2025-07-06 16:00:00","2025-11-05 06:29:54"
Nederland,WindOffshore,Hour,12360,12360,0,0,"2025-07-06 16:00:00","2025-07-06 17:00:00","2025-11-05 06:29:54"
Nederland,WindOffshore,Hour,186908,186908,0,0,"2025-07-06 17:00:00","2025-07-06 18:00:00","2025-11-05 06:29:54"
Nederland,WindOffshore,Hour,310665,310665,0,0,"2025-07-06 18:00:00","2025-07-06 19:00:00","2025-11-05 06:29:54"
Nederland,WindOffshore,Hour,309957,309957,0,0,"2025-07-06 19:00:00","2025-07-06 20:00:00","2025-11-05 06:29:54"
Nederland,WindOffshore,Hour,297761,297761,0,0,"2025-07-06 20:00:00","2025-07-06 21:00:00","2025-11-05 06:29:54"
Nederland,WindOffshore,Hour,293689,293689,0,0,"2025-07-06 21:00:00","2025-07-06 22:00:00","2025-11-05 06:29:54"
Nederland,WindOffshore,Hour,329551,329551,0,0,"2025-07-06 22:00:00","2025-07-06 23:00:00","2025-11-05 06:29:54"
Nederland,WindOffshore,Hour,302795,302795,0,0,"2025-07-06 23:00:00","2025-07-07 00:00:00","2025-11-05 06:29:54"
Nederland,WindOffshore,Hour,314372,314372,0,0,"2025-07-07 00:00:00","2025-07-07 01:00:00","2025-11-06 06:29:58"
Nederland,WindOffshore,Hour,663679,663679,0,0,"2025-07-07 01:00:00","2025-07-07 02:00:00","2025-11-06 06:29:58"
Nederland,WindOffshore,Hour,1178924,1178924,0,0,"2025-07-07 02:00:00","2025-07-07 03:00:00","2025-11-06 06:29:58"
Nederland,WindOffshore,Hour,2032575,2032575,0,0,"2025-07-07 03:00:00","2025-07-07 04:00:00","2025-11-06 06:29:58"
Nederland,WindOffshore,Hour,2340645,2340645,0,0,"2025-07-07 04:00:00","2025-07-07 05:00:00","2025-11-06 06:29:58"
Nederland,WindOffshore,Hour,2850229,2850229,0,0,"2025-07-07 05:00:00","2025-07-07 06:00:00","2025-11-06 06:29:58"
Nederland,WindOffshore,Hour,3530638,3530638,0,0,"2025-07-07 06:00:00","2025-07-07 07:00:00","2025-11-06 06:29:58"
Nederland,WindOffshore,Hour,3497491,3497491,0,0,"2025-07-07 07:00:00","2025-07-07 08:00:00","2025-11-06 06:29:58"
Nederland,WindOffshore,Hour,3851482,3851482,0,0,"2025-07-07 08:00:00","2025-07-07 09:00:00","2025-11-06 06:29:58"
Nederland,WindOffshore,Hour,3945489,3945489,0,0,"2025-07-07 09:00:00","2025-07-07 10:00:00","2025-11-06 06:29:58"
Nederland,WindOffshore,Hour,3896882,3896882,0,0,"2025-07-07 10:00:00","2025-07-07 11:00:00","2025-11-06 06:29:58"
Nederland,WindOffshore,Hour,3819401,3819401,0,0,"2025-07-07 11:00:00","2025-07-07 12:00:00","2025-11-06 06:29:58"
Nederland,WindOffshore,Hour,3888942,3888942,0,0,"2025-07-07 12:00:00","2025-07-07 13:00:00","2025-11-06 06:29:58"
Nederland,WindOffshore,Hour,3976500,3976500,0,0,"2025-07-07 13:00:00","2025-07-07 14:00:00","2025-11-06 06:29:58"
Nederland,WindOffshore,Hour,3903630,3903630,0,0,"2025-07-07 14:00:00","2025-07-07 15:00:00","2025-11-06 06:29:58"
Nederland,WindOffshore,Hour,3809084,3809084,0,0,"2025-07-07 15:00:00","2025-07-07 16:00:00","2025-11-06 06:29:58"
Nederland,WindOffshore,Hour,3694578,3694578,0,0,"2025-07-07 16:00:00","2025-07-07 17:00:00","2025-11-06 06:29:58"
Nederland,WindOffshore,Hour,3326734,3326734,0,0,"2025-07-07 17:00:00","2025-07-07 18:00:00","2025-11-06 06:29:58"
Nederland,WindOffshore,Hour,2746418,2746418,0,0,"2025-07-07 18:00:00","2025-07-07 19:00:00","2025-11-06 06:29:58"
Nederland,WindOffshore,Hour,2287236,2287236,0,0,"2025-07-07 19:00:00","2025-07-07 20:00:00","2025-11-06 06:29:58"
Nederland,WindOffshore,Hour,1416460,1416460,0,0,"2025-07-07 20:00:00","2025-07-07 21:00:00","2025-11-06 06:29:58"
Nederland,WindOffshore,Hour,1031707,1031707,0,0,"2025-07-07 21:00:00","2025-07-07 22:00:00","2025-11-06 06:29:58"
Nederland,WindOffshore,Hour,690857,690857,0,0,"2025-07-07 22:00:00","2025-07-07 23:00:00","2025-11-06 06:29:58"
Nederland,WindOffshore,Hour,789685,789685,0,0,"2025-07-07 23:00:00","2025-07-08 00:00:00","2025-11-06 06:29:58"
Nederland,WindOffshore,Hour,2064492,2064492,0,0,"2025-07-08 00:00:00","2025-07-08 01:00:00","2025-11-07 06:30:56"
Nederland,WindOffshore,Hour,1633125,1633125,0,0,"2025-07-08 01:00:00","2025-07-08 02:00:00","2025-11-07 06:30:56"
Nederland,WindOffshore,Hour,663285,663285,0,0,"2025-07-08 02:00:00","2025-07-08 03:00:00","2025-11-07 06:30:56"
Nederland,WindOffshore,Hour,1198703,1198703,0,0,"2025-07-08 03:00:00","2025-07-08 04:00:00","2025-11-07 06:30:56"
Nederland,WindOffshore,Hour,2118946,2118946,0,0,"2025-07-08 04:00:00","2025-07-08 05:00:00","2025-11-07 06:30:56"
Nederland,WindOffshore,Hour,2639662,2639662,0,0,"2025-07-08 05:00:00","2025-07-08 06:00:00","2025-11-07 06:30:56"
Nederland,WindOffshore,Hour,2613049,2613049,0,0,"2025-07-08 06:00:00","2025-07-08 07:00:00","2025-11-07 06:30:56"
Nederland,WindOffshore,Hour,2339767,2339767,0,0,"2025-07-08 07:00:00","2025-07-08 08:00:00","2025-11-07 06:30:56"
Nederland,WindOffshore,Hour,2486039,2486039,0,0,"2025-07-08 08:00:00","2025-07-08 09:00:00","2025-11-07 06:30:56"
Nederland,WindOffshore,Hour,2685225,2685225,0,0,"2025-07-08 09:00:00","2025-07-08 10:00:00","2025-11-07 06:30:56"
Nederland,WindOffshore,Hour,3128371,3128371,0,0,"2025-07-08 10:00:00","2025-07-08 11:00:00","2025-11-07 06:30:56"
Nederland,WindOffshore,Hour,3201782,3201782,0,0,"2025-07-08 11:00:00","2025-07-08 12:00:00","2025-11-07 06:30:56"
Nederland,WindOffshore,Hour,3010661,3010661,0,0,"2025-07-08 12:00:00","2025-07-08 13:00:00","2025-11-07 06:30:56"
Nederland,WindOffshore,Hour,2921055,2921055,0,0,"2025-07-08 13:00:00","2025-07-08 14:00:00","2025-11-07 06:30:56"
Nederland,WindOffshore,Hour,2734540,2734540,0,0,"2025-07-08 14:00:00","2025-07-08 15:00:00","2025-11-07 06:30:56"
Nederland,WindOffshore,Hour,2666937,2666937,0,0,"2025-07-08 15:00:00","2025-07-08 16:00:00","2025-11-07 06:30:56"
Nederland,WindOffshore,Hour,2429546,2429546,0,0,"2025-07-08 16:00:00","2025-07-08 17:00:00","2025-11-07 06:30:56"
Nederland,WindOffshore,Hour,1839184,1839184,0,0,"2025-07-08 17:00:00","2025-07-08 18:00:00","2025-11-07 06:30:56"
Nederland,WindOffshore,Hour,1236909,1236909,0,0,"2025-07-08 18:00:00","2025-07-08 19:00:00","2025-11-07 06:30:56"
Nederland,WindOffshore,Hour,783746,783746,0,0,"2025-07-08 19:00:00","2025-07-08 20:00:00","2025-11-07 06:30:56"
Nederland,WindOffshore,Hour,897039,897039,0,0,"2025-07-08 20:00:00","2025-07-08 21:00:00","2025-11-07 06:30:56"
Nederland,WindOffshore,Hour,887697,887697,0,0,"2025-07-08 21:00:00","2025-07-08 22:00:00","2025-11-07 06:30:56"
Nederland,WindOffshore,Hour,767457,767457,0,0,"2025-07-08 22:00:00","2025-07-08 23:00:00","2025-11-07 06:30:56"
Nederland,WindOffshore,Hour,638474,638474,0,0,"2025-07-08 23:00:00","2025-07-09 00:00:00","2025-11-07 06:30:56"
Nederland,WindOffshore,Hour,544680,544680,0,0,"2025-07-09 00:00:00","2025-07-09 01:00:00","2025-11-08 06:29:46"
Nederland,WindOffshore,Hour,378844,378844,0,0,"2025-07-09 01:00:00","2025-07-09 02:00:00","2025-11-08 06:29:46"
Nederland,WindOffshore,Hour,233898,233898,0,0,"2025-07-09 02:00:00","2025-07-09 03:00:00","2025-11-08 06:29:46"
Nederland,WindOffshore,Hour,192633,192633,0,0,"2025-07-09 03:00:00","2025-07-09 04:00:00","2025-11-08 06:29:46"
Nederland,WindOffshore,Hour,258660,258660,0,0,"2025-07-09 04:00:00","2025-07-09 05:00:00","2025-11-08 06:29:46"
Nederland,WindOffshore,Hour,165414,165414,0,0,"2025-07-09 05:00:00","2025-07-09 06:00:00","2025-11-08 06:29:46"
Nederland,WindOffshore,Hour,102562,102562,0,0,"2025-07-09 06:00:00","2025-07-09 07:00:00","2025-11-08 06:29:46"
Nederland,WindOffshore,Hour,102378,102378,0,0,"2025-07-09 07:00:00","2025-07-09 08:00:00","2025-11-08 06:29:46"
Nederland,WindOffshore,Hour,255821,255821,0,0,"2025-07-09 08:00:00","2025-07-09 09:00:00","2025-11-08 06:29:46"
Nederland,WindOffshore,Hour,220895,220895,0,0,"2025-07-09 09:00:00","2025-07-09 10:00:00","2025-11-08 06:29:46"
Nederland,WindOffshore,Hour,128467,128467,0,0,"2025-07-09 10:00:00","2025-07-09 11:00:00","2025-11-08 06:29:46"
Nederland,WindOffshore,Hour,95023,95023,0,0,"2025-07-09 11:00:00","2025-07-09 12:00:00","2025-11-08 06:29:46"
Nederland,WindOffshore,Hour,66569,66569,0,0,"2025-07-09 12:00:00","2025-07-09 13:00:00","2025-11-08 06:29:46"
Nederland,WindOffshore,Hour,40761,40761,0,0,"2025-07-09 13:00:00","2025-07-09 14:00:00","2025-11-08 06:29:46"
Nederland,WindOffshore,Hour,53479,53479,0,0,"2025-07-09 14:00:00","2025-07-09 15:00:00","2025-11-08 06:29:46"
Nederland,WindOffshore,Hour,89195,89195,0,0,"2025-07-09 15:00:00","2025-07-09 16:00:00","2025-11-08 06:29:46"
Nederland,WindOffshore,Hour,71261,71261,0,0,"2025-07-09 16:00:00","2025-07-09 17:00:00","2025-11-08 06:29:46"
Nederland,WindOffshore,Hour,35748,35748,0,0,"2025-07-09 17:00:00","2025-07-09 18:00:00","2025-11-08 06:29:46"
Nederland,WindOffshore,Hour,50296,50296,0,0,"2025-07-09 18:00:00","2025-07-09 19:00:00","2025-11-08 06:29:46"
Nederland,WindOffshore,Hour,38600,38600,0,0,"2025-07-09 19:00:00","2025-07-09 20:00:00","2025-11-08 06:29:46"
Nederland,WindOffshore,Hour,39385,39385,0,0,"2025-07-09 20:00:00","2025-07-09 21:00:00","2025-11-08 06:29:46"
Nederland,WindOffshore,Hour,41550,41550,0,0,"2025-07-09 21:00:00","2025-07-09 22:00:00","2025-11-08 06:29:46"
Nederland,WindOffshore,Hour,48717,48717,0,0,"2025-07-09 22:00:00","2025-07-09 23:00:00","2025-11-08 06:29:46"
Nederland,WindOffshore,Hour,96232,96232,0,0,"2025-07-09 23:00:00","2025-07-10 00:00:00","2025-11-08 06:29:46"
Nederland,WindOffshore,Hour,108715,108715,0,0,"2025-07-10 00:00:00","2025-07-10 01:00:00","2025-11-09 06:31:07"
Nederland,WindOffshore,Hour,148260,148260,0,0,"2025-07-10 01:00:00","2025-07-10 02:00:00","2025-11-09 06:31:07"
Nederland,WindOffshore,Hour,105657,105657,0,0,"2025-07-10 02:00:00","2025-07-10 03:00:00","2025-11-09 06:31:07"
Nederland,WindOffshore,Hour,147242,147242,0,0,"2025-07-10 03:00:00","2025-07-10 04:00:00","2025-11-09 06:31:07"
Nederland,WindOffshore,Hour,162078,162078,0,0,"2025-07-10 04:00:00","2025-07-10 05:00:00","2025-11-09 06:31:07"
Nederland,WindOffshore,Hour,196466,196466,0,0,"2025-07-10 05:00:00","2025-07-10 06:00:00","2025-11-09 06:31:07"
Nederland,WindOffshore,Hour,180579,180579,0,0,"2025-07-10 06:00:00","2025-07-10 07:00:00","2025-11-09 06:31:07"
Nederland,WindOffshore,Hour,65579,65579,0,0,"2025-07-10 07:00:00","2025-07-10 08:00:00","2025-11-09 06:31:07"
Nederland,WindOffshore,Hour,56657,56657,0,0,"2025-07-10 08:00:00","2025-07-10 09:00:00","2025-11-09 06:31:07"
Nederland,WindOffshore,Hour,27610,27610,0,0,"2025-07-10 09:00:00","2025-07-10 10:00:00","2025-11-09 06:31:07"
Nederland,WindOffshore,Hour,38194,38194,0,0,"2025-07-10 10:00:00","2025-07-10 11:00:00","2025-11-09 06:31:07"
Nederland,WindOffshore,Hour,53484,53484,0,0,"2025-07-10 11:00:00","2025-07-10 12:00:00","2025-11-09 06:31:07"
Nederland,WindOffshore,Hour,43803,43803,0,0,"2025-07-10 12:00:00","2025-07-10 13:00:00","2025-11-09 06:31:07"
Nederland,WindOffshore,Hour,73551,73551,0,0,"2025-07-10 13:00:00","2025-07-10 14:00:00","2025-11-09 06:31:07"
Nederland,WindOffshore,Hour,152781,152781,0,0,"2025-07-10 14:00:00","2025-07-10 15:00:00","2025-11-09 06:31:07"
Nederland,WindOffshore,Hour,174743,174743,0,0,"2025-07-10 15:00:00","2025-07-10 16:00:00","2025-11-09 06:31:07"
Nederland,WindOffshore,Hour,169910,169910,0,0,"2025-07-10 16:00:00","2025-07-10 17:00:00","2025-11-09 06:31:07"
Nederland,WindOffshore,Hour,248249,248249,0,0,"2025-07-10 17:00:00","2025-07-10 18:00:00","2025-11-09 06:31:07"
Nederland,WindOffshore,Hour,277350,277350,0,0,"2025-07-10 18:00:00","2025-07-10 19:00:00","2025-11-09 06:31:07"
Nederland,WindOffshore,Hour,270899,270899,0,0,"2025-07-10 19:00:00","2025-07-10 20:00:00","2025-11-09 06:31:07"
Nederland,WindOffshore,Hour,372828,372828,0,0,"2025-07-10 20:00:00","2025-07-10 21:00:00","2025-11-09 06:31:07"
Nederland,WindOffshore,Hour,452529,452529,0,0,"2025-07-10 21:00:00","2025-07-10 22:00:00","2025-11-09 06:31:07"
Nederland,WindOffshore,Hour,371088,371088,0,0,"2025-07-10 22:00:00","2025-07-10 23:00:00","2025-11-09 06:31:07"
Nederland,WindOffshore,Hour,200390,200390,0,0,"2025-07-10 23:00:00","2025-07-11 00:00:00","2025-11-09 06:31:07"
Nederland,WindOffshore,Hour,124845,124845,0,0,"2025-07-11 00:00:00","2025-07-11 01:00:00","2025-11-10 06:29:42"
Nederland,WindOffshore,Hour,72034,72034,0,0,"2025-07-11 01:00:00","2025-07-11 02:00:00","2025-11-10 06:29:42"
Nederland,WindOffshore,Hour,92130,92130,0,0,"2025-07-11 02:00:00","2025-07-11 03:00:00","2025-11-10 06:29:42"
Nederland,WindOffshore,Hour,194547,194547,0,0,"2025-07-11 03:00:00","2025-07-11 04:00:00","2025-11-10 06:29:42"
Nederland,WindOffshore,Hour,211736,211736,0,0,"2025-07-11 04:00:00","2025-07-11 05:00:00","2025-11-10 06:29:42"
Nederland,WindOffshore,Hour,263960,263960,0,0,"2025-07-11 05:00:00","2025-07-11 06:00:00","2025-11-10 06:29:42"
Nederland,WindOffshore,Hour,264727,264727,0,0,"2025-07-11 06:00:00","2025-07-11 07:00:00","2025-11-10 06:29:42"
Nederland,WindOffshore,Hour,226332,226332,0,0,"2025-07-11 07:00:00","2025-07-11 08:00:00","2025-11-10 06:29:42"
Nederland,WindOffshore,Hour,163088,163088,0,0,"2025-07-11 08:00:00","2025-07-11 09:00:00","2025-11-10 06:29:42"
Nederland,WindOffshore,Hour,108512,108512,0,0,"2025-07-11 09:00:00","2025-07-11 10:00:00","2025-11-10 06:29:42"
Nederland,WindOffshore,Hour,81411,81411,0,0,"2025-07-11 10:00:00","2025-07-11 11:00:00","2025-11-10 06:29:42"
Nederland,WindOffshore,Hour,81995,81995,0,0,"2025-07-11 11:00:00","2025-07-11 12:00:00","2025-11-10 06:29:42"
Nederland,WindOffshore,Hour,100503,100503,0,0,"2025-07-11 12:00:00","2025-07-11 13:00:00","2025-11-10 06:29:42"
Nederland,WindOffshore,Hour,126222,126222,0,0,"2025-07-11 13:00:00","2025-07-11 14:00:00","2025-11-10 06:29:42"
Nederland,WindOffshore,Hour,102626,102626,0,0,"2025-07-11 14:00:00","2025-07-11 15:00:00","2025-11-10 06:29:42"
Nederland,WindOffshore,Hour,104392,104392,0,0,"2025-07-11 15:00:00","2025-07-11 16:00:00","2025-11-10 06:29:42"
Nederland,WindOffshore,Hour,128163,128163,0,0,"2025-07-11 16:00:00","2025-07-11 17:00:00","2025-11-10 06:29:42"
Nederland,WindOffshore,Hour,199792,199792,0,0,"2025-07-11 17:00:00","2025-07-11 18:00:00","2025-11-10 06:29:42"
Nederland,WindOffshore,Hour,187370,187370,0,0,"2025-07-11 18:00:00","2025-07-11 19:00:00","2025-11-10 06:29:42"
Nederland,WindOffshore,Hour,171293,171293,0,0,"2025-07-11 19:00:00","2025-07-11 20:00:00","2025-11-10 06:29:42"
Nederland,WindOffshore,Hour,200547,200547,0,0,"2025-07-11 20:00:00","2025-07-11 21:00:00","2025-11-10 06:29:42"
Nederland,WindOffshore,Hour,262101,262101,0,0,"2025-07-11 21:00:00","2025-07-11 22:00:00","2025-11-10 06:29:42"
Nederland,WindOffshore,Hour,313762,313762,0,0,"2025-07-11 22:00:00","2025-07-11 23:00:00","2025-11-10 06:29:42"
Nederland,WindOffshore,Hour,441741,441741,0,0,"2025-07-11 23:00:00","2025-07-12 00:00:00","2025-11-10 06:29:42"
Nederland,WindOffshore,Hour,568552,568552,0,0,"2025-07-12 00:00:00","2025-07-12 01:00:00","2025-11-11 06:31:10"
Nederland,WindOffshore,Hour,639753,639753,0,0,"2025-07-12 01:00:00","2025-07-12 02:00:00","2025-11-11 06:31:10"
Nederland,WindOffshore,Hour,708277,708277,0,0,"2025-07-12 02:00:00","2025-07-12 03:00:00","2025-11-11 06:31:10"
Nederland,WindOffshore,Hour,814348,814348,0,0,"2025-07-12 03:00:00","2025-07-12 04:00:00","2025-11-11 06:31:10"
Nederland,WindOffshore,Hour,789829,789829,0,0,"2025-07-12 04:00:00","2025-07-12 05:00:00","2025-11-11 06:31:10"
Nederland,WindOffshore,Hour,555348,555348,0,0,"2025-07-12 05:00:00","2025-07-12 06:00:00","2025-11-11 06:31:10"
Nederland,WindOffshore,Hour,612438,612438,0,0,"2025-07-12 06:00:00","2025-07-12 07:00:00","2025-11-11 06:31:10"
Nederland,WindOffshore,Hour,670523,670523,0,0,"2025-07-12 07:00:00","2025-07-12 08:00:00","2025-11-11 06:31:10"
Nederland,WindOffshore,Hour,816337,816337,0,0,"2025-07-12 08:00:00","2025-07-12 09:00:00","2025-11-11 06:31:10"
Nederland,WindOffshore,Hour,914407,914407,0,0,"2025-07-12 09:00:00","2025-07-12 10:00:00","2025-11-11 06:31:10"
Nederland,WindOffshore,Hour,829836,829836,0,0,"2025-07-12 10:00:00","2025-07-12 11:00:00","2025-11-11 06:31:10"
Nederland,WindOffshore,Hour,738982,738982,0,0,"2025-07-12 11:00:00","2025-07-12 12:00:00","2025-11-11 06:31:10"
Nederland,WindOffshore,Hour,700211,700211,0,0,"2025-07-12 12:00:00","2025-07-12 13:00:00","2025-11-11 06:31:10"
Nederland,WindOffshore,Hour,772512,772512,0,0,"2025-07-12 13:00:00","2025-07-12 14:00:00","2025-11-11 06:31:10"
Nederland,WindOffshore,Hour,807466,807466,0,0,"2025-07-12 14:00:00","2025-07-12 15:00:00","2025-11-11 06:31:10"
Nederland,WindOffshore,Hour,1069014,1069014,0,0,"2025-07-12 15:00:00","2025-07-12 16:00:00","2025-11-11 06:31:10"
Nederland,WindOffshore,Hour,1347668,1347668,0,0,"2025-07-12 16:00:00","2025-07-12 17:00:00","2025-11-11 06:31:10"
Nederland,WindOffshore,Hour,1303774,1303774,0,0,"2025-07-12 17:00:00","2025-07-12 18:00:00","2025-11-11 06:31:10"
Nederland,WindOffshore,Hour,893307,893307,0,0,"2025-07-12 18:00:00","2025-07-12 19:00:00","2025-11-11 06:31:10"
Nederland,WindOffshore,Hour,1012176,1012176,0,0,"2025-07-12 19:00:00","2025-07-12 20:00:00","2025-11-11 06:31:10"
Nederland,WindOffshore,Hour,1326472,1326472,0,0,"2025-07-12 20:00:00","2025-07-12 21:00:00","2025-11-11 06:31:10"
Nederland,WindOffshore,Hour,926453,926453,0,0,"2025-07-12 21:00:00","2025-07-12 22:00:00","2025-11-11 06:31:10"
Nederland,WindOffshore,Hour,762917,762917,0,0,"2025-07-12 22:00:00","2025-07-12 23:00:00","2025-11-11 06:31:10"
Nederland,WindOffshore,Hour,795152,795152,0,0,"2025-07-12 23:00:00","2025-07-13 00:00:00","2025-11-11 06:31:10"
Nederland,WindOffshore,Hour,488170,488170,0,0,"2025-07-13 00:00:00","2025-07-13 01:00:00","2025-11-12 06:30:19"
Nederland,WindOffshore,Hour,226929,226929,0,0,"2025-07-13 01:00:00","2025-07-13 02:00:00","2025-11-12 06:30:19"
Nederland,WindOffshore,Hour,190552,190552,0,0,"2025-07-13 02:00:00","2025-07-13 03:00:00","2025-11-12 06:30:19"
Nederland,WindOffshore,Hour,179316,179316,0,0,"2025-07-13 03:00:00","2025-07-13 04:00:00","2025-11-12 06:30:19"
Nederland,WindOffshore,Hour,134798,134798,0,0,"2025-07-13 04:00:00","2025-07-13 05:00:00","2025-11-12 06:30:19"
Nederland,WindOffshore,Hour,148480,148480,0,0,"2025-07-13 05:00:00","2025-07-13 06:00:00","2025-11-12 06:30:19"
Nederland,WindOffshore,Hour,253204,253204,0,0,"2025-07-13 06:00:00","2025-07-13 07:00:00","2025-11-12 06:30:19"
Nederland,WindOffshore,Hour,259499,259499,0,0,"2025-07-13 07:00:00","2025-07-13 08:00:00","2025-11-12 06:30:19"
Nederland,WindOffshore,Hour,122781,122781,0,0,"2025-07-13 08:00:00","2025-07-13 09:00:00","2025-11-12 06:30:19"
Nederland,WindOffshore,Hour,52041,52041,0,0,"2025-07-13 09:00:00","2025-07-13 10:00:00","2025-11-12 06:30:19"
Nederland,WindOffshore,Hour,81136,81136,0,0,"2025-07-13 10:00:00","2025-07-13 11:00:00","2025-11-12 06:30:19"
Nederland,WindOffshore,Hour,141289,141289,0,0,"2025-07-13 11:00:00","2025-07-13 12:00:00","2025-11-12 06:30:19"
Nederland,WindOffshore,Hour,110804,110804,0,0,"2025-07-13 12:00:00","2025-07-13 13:00:00","2025-11-12 06:30:19"
Nederland,WindOffshore,Hour,106721,106721,0,0,"2025-07-13 13:00:00","2025-07-13 14:00:00","2025-11-12 06:30:19"
Nederland,WindOffshore,Hour,113447,113447,0,0,"2025-07-13 14:00:00","2025-07-13 15:00:00","2025-11-12 06:30:19"
Nederland,WindOffshore,Hour,96599,96599,0,0,"2025-07-13 15:00:00","2025-07-13 16:00:00","2025-11-12 06:30:19"
Nederland,WindOffshore,Hour,79772,79772,0,0,"2025-07-13 16:00:00","2025-07-13 17:00:00","2025-11-12 06:30:19"
Nederland,WindOffshore,Hour,96601,96601,0,0,"2025-07-13 17:00:00","2025-07-13 18:00:00","2025-11-12 06:30:19"
Nederland,WindOffshore,Hour,80663,80663,0,0,"2025-07-13 18:00:00","2025-07-13 19:00:00","2025-11-12 06:30:19"
Nederland,WindOffshore,Hour,81781,81781,0,0,"2025-07-13 19:00:00","2025-07-13 20:00:00","2025-11-12 06:30:19"
Nederland,WindOffshore,Hour,151690,151690,0,0,"2025-07-13 20:00:00","2025-07-13 21:00:00","2025-11-12 06:30:19"
Nederland,WindOffshore,Hour,66944,66944,0,0,"2025-07-13 21:00:00","2025-07-13 22:00:00","2025-11-12 06:30:19"
Nederland,WindOffshore,Hour,83856,83856,0,0,"2025-07-13 22:00:00","2025-07-13 23:00:00","2025-11-12 06:30:19"
Nederland,WindOffshore,Hour,283624,283624,0,0,"2025-07-13 23:00:00","2025-07-14 00:00:00","2025-11-12 06:30:19"
Nederland,WindOffshore,Hour,195847,195847,0,0,"2025-07-14 00:00:00","2025-07-14 01:00:00","2025-11-13 06:31:02"
Nederland,WindOffshore,Hour,42911,42911,0,0,"2025-07-14 01:00:00","2025-07-14 02:00:00","2025-11-13 06:31:02"
Nederland,WindOffshore,Hour,35565,35565,0,0,"2025-07-14 02:00:00","2025-07-14 03:00:00","2025-11-13 06:31:02"
Nederland,WindOffshore,Hour,60278,60278,0,0,"2025-07-14 03:00:00","2025-07-14 04:00:00","2025-11-13 06:31:02"
Nederland,WindOffshore,Hour,52337,52337,0,0,"2025-07-14 04:00:00","2025-07-14 05:00:00","2025-11-13 06:31:02"
Nederland,WindOffshore,Hour,16956,16956,0,0,"2025-07-14 05:00:00","2025-07-14 06:00:00","2025-11-13 06:31:02"
Nederland,WindOffshore,Hour,15006,15006,0,0,"2025-07-14 06:00:00","2025-07-14 07:00:00","2025-11-13 06:31:02"
Nederland,WindOffshore,Hour,2411,2411,0,0,"2025-07-14 07:00:00","2025-07-14 08:00:00","2025-11-13 06:31:02"
Nederland,WindOffshore,Hour,0,0,0,0,"2025-07-14 08:00:00","2025-07-14 09:00:00","2025-11-13 06:31:02"
Nederland,WindOffshore,Hour,12687,12687,0,0,"2025-07-14 09:00:00","2025-07-14 10:00:00","2025-11-13 06:31:02"
Nederland,WindOffshore,Hour,304642,304642,0,0,"2025-07-14 10:00:00","2025-07-14 11:00:00","2025-11-13 06:31:02"
Nederland,WindOffshore,Hour,929590,929590,0,0,"2025-07-14 11:00:00","2025-07-14 12:00:00","2025-11-13 06:31:02"
Nederland,WindOffshore,Hour,1332399,1332399,0,0,"2025-07-14 12:00:00","2025-07-14 13:00:00","2025-11-13 06:31:02"
Nederland,WindOffshore,Hour,2070455,2070455,0,0,"2025-07-14 13:00:00","2025-07-14 14:00:00","2025-11-13 06:31:02"
Nederland,WindOffshore,Hour,2989580,2989580,0,0,"2025-07-14 14:00:00","2025-07-14 15:00:00","2025-11-13 06:31:02"
Nederland,WindOffshore,Hour,3562246,3562246,0,0,"2025-07-14 15:00:00","2025-07-14 16:00:00","2025-11-13 06:31:02"
Nederland,WindOffshore,Hour,3590647,3590647,0,0,"2025-07-14 16:00:00","2025-07-14 17:00:00","2025-11-13 06:31:02"
Nederland,WindOffshore,Hour,3642593,3642593,0,0,"2025-07-14 17:00:00","2025-07-14 18:00:00","2025-11-13 06:31:02"
Nederland,WindOffshore,Hour,3780369,3780369,0,0,"2025-07-14 18:00:00","2025-07-14 19:00:00","2025-11-13 06:31:02"
Nederland,WindOffshore,Hour,3729657,3729657,0,0,"2025-07-14 19:00:00","2025-07-14 20:00:00","2025-11-13 06:31:02"
Nederland,WindOffshore,Hour,3783328,3783328,0,0,"2025-07-14 20:00:00","2025-07-14 21:00:00","2025-11-13 06:31:02"
Nederland,WindOffshore,Hour,3740600,3740600,0,0,"2025-07-14 21:00:00","2025-07-14 22:00:00","2025-11-13 06:31:02"
Nederland,WindOffshore,Hour,3771238,3771238,0,0,"2025-07-14 22:00:00","2025-07-14 23:00:00","2025-11-13 06:31:02"
Nederland,WindOffshore,Hour,3832968,3832968,0,0,"2025-07-14 23:00:00","2025-07-15 00:00:00","2025-11-13 06:31:02"
Nederland,WindOffshore,Hour,3792396,3792396,0,0,"2025-07-15 00:00:00","2025-07-15 01:00:00","2025-11-14 06:31:07"
Nederland,WindOffshore,Hour,3735578,3735578,0,0,"2025-07-15 01:00:00","2025-07-15 02:00:00","2025-11-14 06:31:07"
Nederland,WindOffshore,Hour,3216487,3216487,0,0,"2025-07-15 02:00:00","2025-07-15 03:00:00","2025-11-14 06:31:07"
Nederland,WindOffshore,Hour,2164027,2164027,0,0,"2025-07-15 03:00:00","2025-07-15 04:00:00","2025-11-14 06:31:07"
Nederland,WindOffshore,Hour,1229302,1229302,0,0,"2025-07-15 04:00:00","2025-07-15 05:00:00","2025-11-14 06:31:07"
Nederland,WindOffshore,Hour,1158737,1158737,0,0,"2025-07-15 05:00:00","2025-07-15 06:00:00","2025-11-14 06:31:07"
Nederland,WindOffshore,Hour,1113707,1113707,0,0,"2025-07-15 06:00:00","2025-07-15 07:00:00","2025-11-14 06:31:07"
Nederland,WindOffshore,Hour,1272101,1272101,0,0,"2025-07-15 07:00:00","2025-07-15 08:00:00","2025-11-14 06:31:07"
Nederland,WindOffshore,Hour,1240881,1240881,0,0,"2025-07-15 08:00:00","2025-07-15 09:00:00","2025-11-14 06:31:07"
Nederland,WindOffshore,Hour,1636732,1636732,0,0,"2025-07-15 09:00:00","2025-07-15 10:00:00","2025-11-14 06:31:07"
Nederland,WindOffshore,Hour,2448889,2448889,0,0,"2025-07-15 10:00:00","2025-07-15 11:00:00","2025-11-14 06:31:07"
Nederland,WindOffshore,Hour,2442530,2442530,0,0,"2025-07-15 11:00:00","2025-07-15 12:00:00","2025-11-14 06:31:07"
Nederland,WindOffshore,Hour,2747807,2747807,0,0,"2025-07-15 12:00:00","2025-07-15 13:00:00","2025-11-14 06:31:07"
Nederland,WindOffshore,Hour,3383294,3383294,0,0,"2025-07-15 13:00:00","2025-07-15 14:00:00","2025-11-14 06:31:07"
Nederland,WindOffshore,Hour,3630661,3630661,0,0,"2025-07-15 14:00:00","2025-07-15 15:00:00","2025-11-14 06:31:07"
Nederland,WindOffshore,Hour,3635014,3635014,0,0,"2025-07-15 15:00:00","2025-07-15 16:00:00","2025-11-14 06:31:07"
Nederland,WindOffshore,Hour,3761303,3761303,0,0,"2025-07-15 16:00:00","2025-07-15 17:00:00","2025-11-14 06:31:07"
Nederland,WindOffshore,Hour,3784859,3784859,0,0,"2025-07-15 17:00:00","2025-07-15 18:00:00","2025-11-14 06:31:07"
Nederland,WindOffshore,Hour,3775031,3775031,0,0,"2025-07-15 18:00:00","2025-07-15 19:00:00","2025-11-14 06:31:07"
Nederland,WindOffshore,Hour,3755520,3755520,0,0,"2025-07-15 19:00:00","2025-07-15 20:00:00","2025-11-14 06:31:07"
Nederland,WindOffshore,Hour,3701937,3701937,0,0,"2025-07-15 20:00:00","2025-07-15 21:00:00","2025-11-14 06:31:07"
Nederland,WindOffshore,Hour,3681534,3681534,0,0,"2025-07-15 21:00:00","2025-07-15 22:00:00","2025-11-14 06:31:07"
Nederland,WindOffshore,Hour,3562161,3562161,0,0,"2025-07-15 22:00:00","2025-07-15 23:00:00","2025-11-14 06:31:07"
Nederland,WindOffshore,Hour,2823314,2823314,0,0,"2025-07-15 23:00:00","2025-07-16 00:00:00","2025-11-14 06:31:07"
Nederland,WindOffshore,Hour,2620133,2620133,0,0,"2025-07-16 00:00:00","2025-07-16 01:00:00","2025-11-15 06:31:29"
Nederland,WindOffshore,Hour,1869121,1869121,0,0,"2025-07-16 01:00:00","2025-07-16 02:00:00","2025-11-15 06:31:29"
Nederland,WindOffshore,Hour,2584059,2584059,0,0,"2025-07-16 02:00:00","2025-07-16 03:00:00","2025-11-15 06:31:29"
Nederland,WindOffshore,Hour,2934968,2934968,0,0,"2025-07-16 03:00:00","2025-07-16 04:00:00","2025-11-15 06:31:29"
Nederland,WindOffshore,Hour,2950432,2950432,0,0,"2025-07-16 04:00:00","2025-07-16 05:00:00","2025-11-15 06:31:29"
Nederland,WindOffshore,Hour,2892855,2892855,0,0,"2025-07-16 05:00:00","2025-07-16 06:00:00","2025-11-15 06:31:29"
Nederland,WindOffshore,Hour,2497432,2497432,0,0,"2025-07-16 06:00:00","2025-07-16 07:00:00","2025-11-15 06:31:29"
Nederland,WindOffshore,Hour,2539298,2539298,0,0,"2025-07-16 07:00:00","2025-07-16 08:00:00","2025-11-15 06:31:29"
Nederland,WindOffshore,Hour,2511470,2511470,0,0,"2025-07-16 08:00:00","2025-07-16 09:00:00","2025-11-15 06:31:29"
Nederland,WindOffshore,Hour,2583510,2583510,0,0,"2025-07-16 09:00:00","2025-07-16 10:00:00","2025-11-15 06:31:29"
Nederland,WindOffshore,Hour,2497786,2497786,0,0,"2025-07-16 10:00:00","2025-07-16 11:00:00","2025-11-15 06:31:29"
Nederland,WindOffshore,Hour,2277967,2277967,0,0,"2025-07-16 11:00:00","2025-07-16 12:00:00","2025-11-15 06:31:29"
Nederland,WindOffshore,Hour,1934837,1934837,0,0,"2025-07-16 12:00:00","2025-07-16 13:00:00","2025-11-15 06:31:29"
Nederland,WindOffshore,Hour,1384869,1384869,0,0,"2025-07-16 13:00:00","2025-07-16 14:00:00","2025-11-15 06:31:29"
Nederland,WindOffshore,Hour,1049069,1049069,0,0,"2025-07-16 14:00:00","2025-07-16 15:00:00","2025-11-15 06:31:29"
Nederland,WindOffshore,Hour,792997,792997,0,0,"2025-07-16 15:00:00","2025-07-16 16:00:00","2025-11-15 06:31:29"
Nederland,WindOffshore,Hour,613700,613700,0,0,"2025-07-16 16:00:00","2025-07-16 17:00:00","2025-11-15 06:31:29"
Nederland,WindOffshore,Hour,509310,509310,0,0,"2025-07-16 17:00:00","2025-07-16 18:00:00","2025-11-15 06:31:29"
Nederland,WindOffshore,Hour,489437,489437,0,0,"2025-07-16 18:00:00","2025-07-16 19:00:00","2025-11-15 06:31:29"
Nederland,WindOffshore,Hour,508484,508484,0,0,"2025-07-16 19:00:00","2025-07-16 20:00:00","2025-11-15 06:31:29"
Nederland,WindOffshore,Hour,394876,394876,0,0,"2025-07-16 20:00:00","2025-07-16 21:00:00","2025-11-15 06:31:29"
Nederland,WindOffshore,Hour,417254,417254,0,0,"2025-07-16 21:00:00","2025-07-16 22:00:00","2025-11-15 06:31:29"
Nederland,WindOffshore,Hour,398336,398336,0,0,"2025-07-16 22:00:00","2025-07-16 23:00:00","2025-11-15 06:31:29"
Nederland,WindOffshore,Hour,434940,434940,0,0,"2025-07-16 23:00:00","2025-07-17 00:00:00","2025-11-15 06:31:29"
Nederland,WindOffshore,Hour,422256,422256,0,0,"2025-07-17 00:00:00","2025-07-17 01:00:00","2025-11-16 06:30:59"
Nederland,WindOffshore,Hour,408353,408353,0,0,"2025-07-17 01:00:00","2025-07-17 02:00:00","2025-11-16 06:30:59"
Nederland,WindOffshore,Hour,406693,406693,0,0,"2025-07-17 02:00:00","2025-07-17 03:00:00","2025-11-16 06:30:59"
Nederland,WindOffshore,Hour,400225,400225,0,0,"2025-07-17 03:00:00","2025-07-17 04:00:00","2025-11-16 06:30:59"
Nederland,WindOffshore,Hour,499720,499720,0,0,"2025-07-17 04:00:00","2025-07-17 05:00:00","2025-11-16 06:30:59"
Nederland,WindOffshore,Hour,514163,514163,0,0,"2025-07-17 05:00:00","2025-07-17 06:00:00","2025-11-16 06:30:59"
Nederland,WindOffshore,Hour,475064,475064,0,0,"2025-07-17 06:00:00","2025-07-17 07:00:00","2025-11-16 06:30:59"
Nederland,WindOffshore,Hour,445022,445022,0,0,"2025-07-17 07:00:00","2025-07-17 08:00:00","2025-11-16 06:30:59"
Nederland,WindOffshore,Hour,493387,493387,0,0,"2025-07-17 08:00:00","2025-07-17 09:00:00","2025-11-16 06:30:59"
Nederland,WindOffshore,Hour,494035,494035,0,0,"2025-07-17 09:00:00","2025-07-17 10:00:00","2025-11-16 06:30:59"
Nederland,WindOffshore,Hour,487480,487480,0,0,"2025-07-17 10:00:00","2025-07-17 11:00:00","2025-11-16 06:30:59"
Nederland,WindOffshore,Hour,419074,419074,0,0,"2025-07-17 11:00:00","2025-07-17 12:00:00","2025-11-16 06:30:59"
Nederland,WindOffshore,Hour,417201,417201,0,0,"2025-07-17 12:00:00","2025-07-17 13:00:00","2025-11-16 06:30:59"
Nederland,WindOffshore,Hour,408775,408775,0,0,"2025-07-17 13:00:00","2025-07-17 14:00:00","2025-11-16 06:30:59"
Nederland,WindOffshore,Hour,397823,397823,0,0,"2025-07-17 14:00:00","2025-07-17 15:00:00","2025-11-16 06:30:59"
Nederland,WindOffshore,Hour,318891,318891,0,0,"2025-07-17 15:00:00","2025-07-17 16:00:00","2025-11-16 06:30:59"
Nederland,WindOffshore,Hour,296220,296220,0,0,"2025-07-17 16:00:00","2025-07-17 17:00:00","2025-11-16 06:30:59"
Nederland,WindOffshore,Hour,246969,246969,0,0,"2025-07-17 17:00:00","2025-07-17 18:00:00","2025-11-16 06:30:59"
Nederland,WindOffshore,Hour,152739,152739,0,0,"2025-07-17 18:00:00","2025-07-17 19:00:00","2025-11-16 06:30:59"
Nederland,WindOffshore,Hour,125717,125717,0,0,"2025-07-17 19:00:00","2025-07-17 20:00:00","2025-11-16 06:30:59"
Nederland,WindOffshore,Hour,114608,114608,0,0,"2025-07-17 20:00:00","2025-07-17 21:00:00","2025-11-16 06:30:59"
Nederland,WindOffshore,Hour,107181,107181,0,0,"2025-07-17 21:00:00","2025-07-17 22:00:00","2025-11-16 06:30:59"
Nederland,WindOffshore,Hour,113764,113764,0,0,"2025-07-17 22:00:00","2025-07-17 23:00:00","2025-11-16 06:30:59"
Nederland,WindOffshore,Hour,83856,83856,0,0,"2025-07-17 23:00:00","2025-07-18 00:00:00","2025-11-16 06:30:59"
Nederland,WindOffshore,Hour,109482,109482,0,0,"2025-07-18 00:00:00","2025-07-18 01:00:00","2025-11-17 06:31:17"
Nederland,WindOffshore,Hour,147748,147748,0,0,"2025-07-18 01:00:00","2025-07-18 02:00:00","2025-11-17 06:31:17"
Nederland,WindOffshore,Hour,200694,200694,0,0,"2025-07-18 02:00:00","2025-07-18 03:00:00","2025-11-17 06:31:17"
Nederland,WindOffshore,Hour,296258,296258,0,0,"2025-07-18 03:00:00","2025-07-18 04:00:00","2025-11-17 06:31:17"
Nederland,WindOffshore,Hour,450914,450914,0,0,"2025-07-18 04:00:00","2025-07-18 05:00:00","2025-11-17 06:31:17"
Nederland,WindOffshore,Hour,457516,457516,0,0,"2025-07-18 05:00:00","2025-07-18 06:00:00","2025-11-17 06:31:17"
Nederland,WindOffshore,Hour,404550,404550,0,0,"2025-07-18 06:00:00","2025-07-18 07:00:00","2025-11-17 06:31:17"
Nederland,WindOffshore,Hour,375169,375169,0,0,"2025-07-18 07:00:00","2025-07-18 08:00:00","2025-11-17 06:31:17"
Nederland,WindOffshore,Hour,193922,193922,0,0,"2025-07-18 08:00:00","2025-07-18 09:00:00","2025-11-17 06:31:17"
Nederland,WindOffshore,Hour,80877,80877,0,0,"2025-07-18 09:00:00","2025-07-18 10:00:00","2025-11-17 06:31:17"
Nederland,WindOffshore,Hour,30787,30787,0,0,"2025-07-18 10:00:00","2025-07-18 11:00:00","2025-11-17 06:31:17"
Nederland,WindOffshore,Hour,29296,29296,0,0,"2025-07-18 11:00:00","2025-07-18 12:00:00","2025-11-17 06:31:17"
Nederland,WindOffshore,Hour,13813,13813,0,0,"2025-07-18 12:00:00","2025-07-18 13:00:00","2025-11-17 06:31:17"
Nederland,WindOffshore,Hour,0,0,0,0,"2025-07-18 13:00:00","2025-07-18 14:00:00","2025-11-17 06:31:17"
Nederland,WindOffshore,Hour,0,0,0,0,"2025-07-18 14:00:00","2025-07-18 15:00:00","2025-11-17 06:31:17"
Nederland,WindOffshore,Hour,13977,13977,0,0,"2025-07-18 15:00:00","2025-07-18 16:00:00","2025-11-17 06:31:17"
Nederland,WindOffshore,Hour,85685,85685,0,0,"2025-07-18 16:00:00","2025-07-18 17:00:00","2025-11-17 06:31:17"
Nederland,WindOffshore,Hour,168919,168919,0,0,"2025-07-18 17:00:00","2025-07-18 18:00:00","2025-11-17 06:31:17"
Nederland,WindOffshore,Hour,167587,167587,0,0,"2025-07-18 18:00:00","2025-07-18 19:00:00","2025-11-17 06:31:17"
Nederland,WindOffshore,Hour,324936,324936,0,0,"2025-07-18 19:00:00","2025-07-18 20:00:00","2025-11-17 06:31:17"
Nederland,WindOffshore,Hour,427852,427852,0,0,"2025-07-18 20:00:00","2025-07-18 21:00:00","2025-11-17 06:31:17"
Nederland,WindOffshore,Hour,655946,655946,0,0,"2025-07-18 21:00:00","2025-07-18 22:00:00","2025-11-17 06:31:17"
Nederland,WindOffshore,Hour,1289052,1289052,0,0,"2025-07-18 22:00:00","2025-07-18 23:00:00","2025-11-17 06:31:17"
Nederland,WindOffshore,Hour,1712941,1712941,0,0,"2025-07-18 23:00:00","2025-07-19 00:00:00","2025-11-17 06:31:17"
Nederland,WindOffshore,Hour,1654590,1654590,0,0,"2025-07-19 00:00:00","2025-07-19 01:00:00","2025-11-17 06:31:17"
Nederland,WindOffshore,Hour,1561307,1561307,0,0,"2025-07-19 01:00:00","2025-07-19 02:00:00","2025-11-17 06:31:17"
Nederland,WindOffshore,Hour,1545832,1545832,0,0,"2025-07-19 02:00:00","2025-07-19 03:00:00","2025-11-17 06:31:17"
Nederland,WindOffshore,Hour,1520133,1520133,0,0,"2025-07-19 03:00:00","2025-07-19 04:00:00","2025-11-17 06:31:17"
Nederland,WindOffshore,Hour,1752827,1752827,0,0,"2025-07-19 04:00:00","2025-07-19 05:00:00","2025-11-17 06:31:17"
Nederland,WindOffshore,Hour,1371222,1371222,0,0,"2025-07-19 05:00:00","2025-07-19 06:00:00","2025-11-17 06:31:17"
Nederland,WindOffshore,Hour,1058333,1058333,0,0,"2025-07-19 06:00:00","2025-07-19 07:00:00","2025-11-17 06:31:17"
Nederland,WindOffshore,Hour,956115,956115,0,0,"2025-07-19 07:00:00","2025-07-19 08:00:00","2025-11-17 06:31:17"
Nederland,WindOffshore,Hour,767723,767723,0,0,"2025-07-19 08:00:00","2025-07-19 09:00:00","2025-11-17 06:31:17"
Nederland,WindOffshore,Hour,865780,865780,0,0,"2025-07-19 09:00:00","2025-07-19 10:00:00","2025-11-17 06:31:17"
Nederland,WindOffshore,Hour,1136250,1136250,0,0,"2025-07-19 10:00:00","2025-07-19 11:00:00","2025-11-17 06:31:17"
Nederland,WindOffshore,Hour,1289931,1289931,0,0,"2025-07-19 11:00:00","2025-07-19 12:00:00","2025-11-17 06:31:17"
Nederland,WindOffshore,Hour,2247169,2247169,0,0,"2025-07-19 12:00:00","2025-07-19 13:00:00","2025-11-17 06:31:17"
Nederland,WindOffshore,Hour,2286326,2286326,0,0,"2025-07-19 13:00:00","2025-07-19 14:00:00","2025-11-17 06:31:17"
Nederland,WindOffshore,Hour,2190633,2190633,0,0,"2025-07-19 14:00:00","2025-07-19 15:00:00","2025-11-17 06:31:17"
Nederland,WindOffshore,Hour,2337083,2337083,0,0,"2025-07-19 15:00:00","2025-07-19 16:00:00","2025-11-17 06:31:17"
Nederland,WindOffshore,Hour,2758903,2758903,0,0,"2025-07-19 16:00:00","2025-07-19 17:00:00","2025-11-17 06:31:17"
Nederland,WindOffshore,Hour,2638018,2638018,0,0,"2025-07-19 17:00:00","2025-07-19 18:00:00","2025-11-17 06:31:17"
Nederland,WindOffshore,Hour,2713913,2713913,0,0,"2025-07-19 18:00:00","2025-07-19 19:00:00","2025-11-17 06:31:17"
Nederland,WindOffshore,Hour,2699194,2699194,0,0,"2025-07-19 19:00:00","2025-07-19 20:00:00","2025-11-17 06:31:17"
Nederland,WindOffshore,Hour,2671090,2671090,0,0,"2025-07-19 20:00:00","2025-07-19 21:00:00","2025-11-17 06:31:17"
Nederland,WindOffshore,Hour,2204666,2204666,0,0,"2025-07-19 21:00:00","2025-07-19 22:00:00","2025-11-17 06:31:17"
Nederland,WindOffshore,Hour,2127898,2127898,0,0,"2025-07-19 22:00:00","2025-07-19 23:00:00","2025-11-17 06:31:17"
Nederland,WindOffshore,Hour,1711888,1711888,0,0,"2025-07-19 23:00:00","2025-07-20 00:00:00","2025-11-17 06:31:17"
Nederland,WindOffshore,Hour,1176107,1176107,0,0,"2025-07-20 00:00:00","2025-07-20 01:00:00","2025-11-19 06:32:02"
Nederland,WindOffshore,Hour,1153221,1153221,0,0,"2025-07-20 01:00:00","2025-07-20 02:00:00","2025-11-19 06:32:02"
Nederland,WindOffshore,Hour,979160,979160,0,0,"2025-07-20 02:00:00","2025-07-20 03:00:00","2025-11-19 06:32:02"
Nederland,WindOffshore,Hour,361284,361284,0,0,"2025-07-20 03:00:00","2025-07-20 04:00:00","2025-11-19 06:32:02"
Nederland,WindOffshore,Hour,228769,228769,0,0,"2025-07-20 04:00:00","2025-07-20 05:00:00","2025-11-19 06:32:02"
Nederland,WindOffshore,Hour,212405,212405,0,0,"2025-07-20 05:00:00","2025-07-20 06:00:00","2025-11-19 06:32:02"
Nederland,WindOffshore,Hour,143401,143401,0,0,"2025-07-20 06:00:00","2025-07-20 07:00:00","2025-11-19 06:32:02"
Nederland,WindOffshore,Hour,129123,129123,0,0,"2025-07-20 07:00:00","2025-07-20 08:00:00","2025-11-19 06:32:02"
Nederland,WindOffshore,Hour,383343,383343,0,0,"2025-07-20 08:00:00","2025-07-20 09:00:00","2025-11-19 06:32:02"
Nederland,WindOffshore,Hour,329587,329587,0,0,"2025-07-20 09:00:00","2025-07-20 10:00:00","2025-11-19 06:32:02"
Nederland,WindOffshore,Hour,370740,370740,0,0,"2025-07-20 10:00:00","2025-07-20 11:00:00","2025-11-19 06:32:02"
Nederland,WindOffshore,Hour,353136,353136,0,0,"2025-07-20 11:00:00","2025-07-20 12:00:00","2025-11-19 06:32:02"
Nederland,WindOffshore,Hour,1243437,1243437,0,0,"2025-07-20 12:00:00","2025-07-20 13:00:00","2025-11-19 06:32:02"
Nederland,WindOffshore,Hour,1873049,1873049,0,0,"2025-07-20 13:00:00","2025-07-20 14:00:00","2025-11-19 06:32:02"
Nederland,WindOffshore,Hour,1452041,1452041,0,0,"2025-07-20 14:00:00","2025-07-20 15:00:00","2025-11-19 06:32:02"
Nederland,WindOffshore,Hour,1224731,1224731,0,0,"2025-07-20 15:00:00","2025-07-20 16:00:00","2025-11-19 06:32:02"
Nederland,WindOffshore,Hour,838574,838574,0,0,"2025-07-20 16:00:00","2025-07-20 17:00:00","2025-11-19 06:32:02"
Nederland,WindOffshore,Hour,553185,553185,0,0,"2025-07-20 17:00:00","2025-07-20 18:00:00","2025-11-19 06:32:02"
Nederland,WindOffshore,Hour,296018,296018,0,0,"2025-07-20 18:00:00","2025-07-20 19:00:00","2025-11-19 06:32:02"
Nederland,WindOffshore,Hour,218483,218483,0,0,"2025-07-20 19:00:00","2025-07-20 20:00:00","2025-11-19 06:32:02"
Nederland,WindOffshore,Hour,413161,413161,0,0,"2025-07-20 20:00:00","2025-07-20 21:00:00","2025-11-19 06:32:02"
Nederland,WindOffshore,Hour,615114,615114,0,0,"2025-07-20 21:00:00","2025-07-20 22:00:00","2025-11-19 06:32:02"
Nederland,WindOffshore,Hour,594966,594966,0,0,"2025-07-20 22:00:00","2025-07-20 23:00:00","2025-11-19 06:32:02"
Nederland,WindOffshore,Hour,684613,684613,0,0,"2025-07-20 23:00:00","2025-07-21 00:00:00","2025-11-19 06:32:02"
Nederland,WindOffshore,Hour,579481,579481,0,0,"2025-07-21 00:00:00","2025-07-21 01:00:00","2025-11-20 06:31:27"
Nederland,WindOffshore,Hour,767758,767758,0,0,"2025-07-21 01:00:00","2025-07-21 02:00:00","2025-11-20 06:31:27"
Nederland,WindOffshore,Hour,937816,937816,0,0,"2025-07-21 02:00:00","2025-07-21 03:00:00","2025-11-20 06:31:27"
Nederland,WindOffshore,Hour,1593047,1593047,0,0,"2025-07-21 03:00:00","2025-07-21 04:00:00","2025-11-20 06:31:27"
Nederland,WindOffshore,Hour,1913995,1913995,0,0,"2025-07-21 04:00:00","2025-07-21 05:00:00","2025-11-20 06:31:27"
Nederland,WindOffshore,Hour,2115642,2115642,0,0,"2025-07-21 05:00:00","2025-07-21 06:00:00","2025-11-20 06:31:27"
Nederland,WindOffshore,Hour,2403351,2403351,0,0,"2025-07-21 06:00:00","2025-07-21 07:00:00","2025-11-20 06:31:27"
Nederland,WindOffshore,Hour,2314668,2314668,0,0,"2025-07-21 07:00:00","2025-07-21 08:00:00","2025-11-20 06:31:27"
Nederland,WindOffshore,Hour,2353860,2353860,0,0,"2025-07-21 08:00:00","2025-07-21 09:00:00","2025-11-20 06:31:27"
Nederland,WindOffshore,Hour,2341469,2341469,0,0,"2025-07-21 09:00:00","2025-07-21 10:00:00","2025-11-20 06:31:27"
Nederland,WindOffshore,Hour,2393456,2393456,0,0,"2025-07-21 10:00:00","2025-07-21 11:00:00","2025-11-20 06:31:27"
Nederland,WindOffshore,Hour,1870446,1870446,0,0,"2025-07-21 11:00:00","2025-07-21 12:00:00","2025-11-20 06:31:27"
Nederland,WindOffshore,Hour,1388796,1388796,0,0,"2025-07-21 12:00:00","2025-07-21 13:00:00","2025-11-20 06:31:27"
Nederland,WindOffshore,Hour,1364451,1364451,0,0,"2025-07-21 13:00:00","2025-07-21 14:00:00","2025-11-20 06:31:27"
Nederland,WindOffshore,Hour,1186827,1186827,0,0,"2025-07-21 14:00:00","2025-07-21 15:00:00","2025-11-20 06:31:27"
Nederland,WindOffshore,Hour,923020,923020,0,0,"2025-07-21 15:00:00","2025-07-21 16:00:00","2025-11-20 06:31:27"
Nederland,WindOffshore,Hour,747949,747949,0,0,"2025-07-21 16:00:00","2025-07-21 17:00:00","2025-11-20 06:31:27"
Nederland,WindOffshore,Hour,335561,335561,0,0,"2025-07-21 17:00:00","2025-07-21 18:00:00","2025-11-20 06:31:27"
Nederland,WindOffshore,Hour,550909,550909,0,0,"2025-07-21 18:00:00","2025-07-21 19:00:00","2025-11-20 06:31:27"
Nederland,WindOffshore,Hour,478051,478051,0,0,"2025-07-21 19:00:00","2025-07-21 20:00:00","2025-11-20 06:31:27"
Nederland,WindOffshore,Hour,485071,485071,0,0,"2025-07-21 20:00:00","2025-07-21 21:00:00","2025-11-20 06:31:27"
Nederland,WindOffshore,Hour,486373,486373,0,0,"2025-07-21 21:00:00","2025-07-21 22:00:00","2025-11-20 06:31:27"
Nederland,WindOffshore,Hour,397539,397539,0,0,"2025-07-21 22:00:00","2025-07-21 23:00:00","2025-11-20 06:31:27"
Nederland,WindOffshore,Hour,235733,235733,0,0,"2025-07-21 23:00:00","2025-07-22 00:00:00","2025-11-20 06:31:27"
Nederland,WindOffshore,Hour,406937,406937,0,0,"2025-07-22 00:00:00","2025-07-22 01:00:00","2025-11-21 06:31:12"
Nederland,WindOffshore,Hour,787654,787654,0,0,"2025-07-22 01:00:00","2025-07-22 02:00:00","2025-11-21 06:31:12"
Nederland,WindOffshore,Hour,1129577,1129577,0,0,"2025-07-22 02:00:00","2025-07-22 03:00:00","2025-11-21 06:31:12"
Nederland,WindOffshore,Hour,1259947,1259947,0,0,"2025-07-22 03:00:00","2025-07-22 04:00:00","2025-11-21 06:31:12"
Nederland,WindOffshore,Hour,1081956,1081956,0,0,"2025-07-22 04:00:00","2025-07-22 05:00:00","2025-11-21 06:31:12"
Nederland,WindOffshore,Hour,1184829,1184829,0,0,"2025-07-22 05:00:00","2025-07-22 06:00:00","2025-11-21 06:31:12"
Nederland,WindOffshore,Hour,1341416,1341416,0,0,"2025-07-22 06:00:00","2025-07-22 07:00:00","2025-11-21 06:31:12"
Nederland,WindOffshore,Hour,1570316,1570316,0,0,"2025-07-22 07:00:00","2025-07-22 08:00:00","2025-11-21 06:31:12"
Nederland,WindOffshore,Hour,1403126,1403126,0,0,"2025-07-22 08:00:00","2025-07-22 09:00:00","2025-11-21 06:31:12"
Nederland,WindOffshore,Hour,984679,984679,0,0,"2025-07-22 09:00:00","2025-07-22 10:00:00","2025-11-21 06:31:12"
Nederland,WindOffshore,Hour,986903,986903,0,0,"2025-07-22 10:00:00","2025-07-22 11:00:00","2025-11-21 06:31:12"
Nederland,WindOffshore,Hour,1331987,1331987,0,0,"2025-07-22 11:00:00","2025-07-22 12:00:00","2025-11-21 06:31:12"
Nederland,WindOffshore,Hour,1449698,1449698,0,0,"2025-07-22 12:00:00","2025-07-22 13:00:00","2025-11-21 06:31:12"
Nederland,WindOffshore,Hour,1459407,1459407,0,0,"2025-07-22 13:00:00","2025-07-22 14:00:00","2025-11-21 06:31:12"
Nederland,WindOffshore,Hour,1644439,1644439,0,0,"2025-07-22 14:00:00","2025-07-22 15:00:00","2025-11-21 06:31:12"
Nederland,WindOffshore,Hour,1978048,1978048,0,0,"2025-07-22 15:00:00","2025-07-22 16:00:00","2025-11-21 06:31:12"
Nederland,WindOffshore,Hour,1560238,1560238,0,0,"2025-07-22 16:00:00","2025-07-22 17:00:00","2025-11-21 06:31:12"
Nederland,WindOffshore,Hour,1744179,1744179,0,0,"2025-07-22 17:00:00","2025-07-22 18:00:00","2025-11-21 06:31:12"
Nederland,WindOffshore,Hour,1616005,1616005,0,0,"2025-07-22 18:00:00","2025-07-22 19:00:00","2025-11-21 06:31:12"
Nederland,WindOffshore,Hour,1692590,1692590,0,0,"2025-07-22 19:00:00","2025-07-22 20:00:00","2025-11-21 06:31:12"
Nederland,WindOffshore,Hour,1678968,1678968,0,0,"2025-07-22 20:00:00","2025-07-22 21:00:00","2025-11-21 06:31:12"
Nederland,WindOffshore,Hour,1413490,1413490,0,0,"2025-07-22 21:00:00","2025-07-22 22:00:00","2025-11-21 06:31:12"
Nederland,WindOffshore,Hour,1072366,1072366,0,0,"2025-07-22 22:00:00","2025-07-22 23:00:00","2025-11-21 06:31:12"
Nederland,WindOffshore,Hour,1111699,1111699,0,0,"2025-07-22 23:00:00","2025-07-23 00:00:00","2025-11-21 06:31:12"
Nederland,WindOffshore,Hour,1300817,1300817,0,0,"2025-07-23 00:00:00","2025-07-23 01:00:00","2025-11-22 06:30:58"
Nederland,WindOffshore,Hour,1519174,1519174,0,0,"2025-07-23 01:00:00","2025-07-23 02:00:00","2025-11-22 06:30:58"
Nederland,WindOffshore,Hour,857657,857657,0,0,"2025-07-23 02:00:00","2025-07-23 03:00:00","2025-11-22 06:30:58"
Nederland,WindOffshore,Hour,650205,650205,0,0,"2025-07-23 03:00:00","2025-07-23 04:00:00","2025-11-22 06:30:58"
Nederland,WindOffshore,Hour,517822,517822,0,0,"2025-07-23 04:00:00","2025-07-23 05:00:00","2025-11-22 06:30:58"
Nederland,WindOffshore,Hour,498023,498023,0,0,"2025-07-23 05:00:00","2025-07-23 06:00:00","2025-11-22 06:30:58"
Nederland,WindOffshore,Hour,435028,435028,0,0,"2025-07-23 06:00:00","2025-07-23 07:00:00","2025-11-22 06:30:58"
Nederland,WindOffshore,Hour,380056,380056,0,0,"2025-07-23 07:00:00","2025-07-23 08:00:00","2025-11-22 06:30:58"
Nederland,WindOffshore,Hour,298494,298494,0,0,"2025-07-23 08:00:00","2025-07-23 09:00:00","2025-11-22 06:30:58"
Nederland,WindOffshore,Hour,313929,313929,0,0,"2025-07-23 09:00:00","2025-07-23 10:00:00","2025-11-22 06:30:58"
Nederland,WindOffshore,Hour,448813,448813,0,0,"2025-07-23 10:00:00","2025-07-23 11:00:00","2025-11-22 06:30:58"
Nederland,WindOffshore,Hour,550587,550587,0,0,"2025-07-23 11:00:00","2025-07-23 12:00:00","2025-11-22 06:30:58"
Nederland,WindOffshore,Hour,605684,605684,0,0,"2025-07-23 12:00:00","2025-07-23 13:00:00","2025-11-22 06:30:58"
Nederland,WindOffshore,Hour,694628,694628,0,0,"2025-07-23 13:00:00","2025-07-23 14:00:00","2025-11-22 06:30:58"
Nederland,WindOffshore,Hour,682663,682663,0,0,"2025-07-23 14:00:00","2025-07-23 15:00:00","2025-11-22 06:30:58"
Nederland,WindOffshore,Hour,563060,563060,0,0,"2025-07-23 15:00:00","2025-07-23 16:00:00","2025-11-22 06:30:58"
Nederland,WindOffshore,Hour,534403,534403,0,0,"2025-07-23 16:00:00","2025-07-23 17:00:00","2025-11-22 06:30:58"
Nederland,WindOffshore,Hour,445352,445352,0,0,"2025-07-23 17:00:00","2025-07-23 18:00:00","2025-11-22 06:30:58"
Nederland,WindOffshore,Hour,379350,379350,0,0,"2025-07-23 18:00:00","2025-07-23 19:00:00","2025-11-22 06:30:58"
Nederland,WindOffshore,Hour,307837,307837,0,0,"2025-07-23 19:00:00","2025-07-23 20:00:00","2025-11-22 06:30:58"
Nederland,WindOffshore,Hour,306278,306278,0,0,"2025-07-23 20:00:00","2025-07-23 21:00:00","2025-11-22 06:30:58"
Nederland,WindOffshore,Hour,267368,267368,0,0,"2025-07-23 21:00:00","2025-07-23 22:00:00","2025-11-22 06:30:58"
Nederland,WindOffshore,Hour,290419,290419,0,0,"2025-07-23 22:00:00","2025-07-23 23:00:00","2025-11-22 06:30:58"
Nederland,WindOffshore,Hour,221304,221304,0,0,"2025-07-23 23:00:00","2025-07-24 00:00:00","2025-11-22 06:30:58"
Nederland,WindOffshore,Hour,295963,295963,0,0,"2025-07-24 00:00:00","2025-07-24 01:00:00","2025-11-23 06:31:21"
Nederland,WindOffshore,Hour,504557,504557,0,0,"2025-07-24 01:00:00","2025-07-24 02:00:00","2025-11-23 06:31:21"
Nederland,WindOffshore,Hour,288363,288363,0,0,"2025-07-24 02:00:00","2025-07-24 03:00:00","2025-11-23 06:31:21"
Nederland,WindOffshore,Hour,152405,152405,0,0,"2025-07-24 03:00:00","2025-07-24 04:00:00","2025-11-23 06:31:21"
Nederland,WindOffshore,Hour,324853,324853,0,0,"2025-07-24 04:00:00","2025-07-24 05:00:00","2025-11-23 06:31:21"
Nederland,WindOffshore,Hour,457078,457078,0,0,"2025-07-24 05:00:00","2025-07-24 06:00:00","2025-11-23 06:31:21"
Nederland,WindOffshore,Hour,456769,456769,0,0,"2025-07-24 06:00:00","2025-07-24 07:00:00","2025-11-23 06:31:21"
Nederland,WindOffshore,Hour,295902,295902,0,0,"2025-07-24 07:00:00","2025-07-24 08:00:00","2025-11-23 06:31:21"
Nederland,WindOffshore,Hour,323849,323849,0,0,"2025-07-24 08:00:00","2025-07-24 09:00:00","2025-11-23 06:31:21"
Nederland,WindOffshore,Hour,396393,396393,0,0,"2025-07-24 09:00:00","2025-07-24 10:00:00","2025-11-23 06:31:21"
Nederland,WindOffshore,Hour,387683,387683,0,0,"2025-07-24 10:00:00","2025-07-24 11:00:00","2025-11-23 06:31:21"
Nederland,WindOffshore,Hour,417726,417726,0,0,"2025-07-24 11:00:00","2025-07-24 12:00:00","2025-11-23 06:31:21"
Nederland,WindOffshore,Hour,384541,384541,0,0,"2025-07-24 12:00:00","2025-07-24 13:00:00","2025-11-23 06:31:21"
Nederland,WindOffshore,Hour,412361,412361,0,0,"2025-07-24 13:00:00","2025-07-24 14:00:00","2025-11-23 06:31:21"
Nederland,WindOffshore,Hour,304888,304888,0,0,"2025-07-24 14:00:00","2025-07-24 15:00:00","2025-11-23 06:31:21"
Nederland,WindOffshore,Hour,158959,158959,0,0,"2025-07-24 15:00:00","2025-07-24 16:00:00","2025-11-23 06:31:21"
Nederland,WindOffshore,Hour,67507,67507,0,0,"2025-07-24 16:00:00","2025-07-24 17:00:00","2025-11-23 06:31:21"
Nederland,WindOffshore,Hour,98526,98526,0,0,"2025-07-24 17:00:00","2025-07-24 18:00:00","2025-11-23 06:31:21"
Nederland,WindOffshore,Hour,285533,285533,0,0,"2025-07-24 18:00:00","2025-07-24 19:00:00","2025-11-23 06:31:21"
Nederland,WindOffshore,Hour,395316,395316,0,0,"2025-07-24 19:00:00","2025-07-24 20:00:00","2025-11-23 06:31:21"
Nederland,WindOffshore,Hour,374821,374821,0,0,"2025-07-24 20:00:00","2025-07-24 21:00:00","2025-11-23 06:31:21"
Nederland,WindOffshore,Hour,299575,299575,0,0,"2025-07-24 21:00:00","2025-07-24 22:00:00","2025-11-23 06:31:21"
Nederland,WindOffshore,Hour,561574,561574,0,0,"2025-07-24 22:00:00","2025-07-24 23:00:00","2025-11-23 06:31:21"
Nederland,WindOffshore,Hour,975424,975424,0,0,"2025-07-24 23:00:00","2025-07-25 00:00:00","2025-11-23 06:31:21"
Nederland,WindOffshore,Hour,902650,902650,0,0,"2025-07-25 00:00:00","2025-07-25 01:00:00","2025-11-24 06:31:20"
Nederland,WindOffshore,Hour,798043,798043,0,0,"2025-07-25 01:00:00","2025-07-25 02:00:00","2025-11-24 06:31:20"
Nederland,WindOffshore,Hour,1331860,1331860,0,0,"2025-07-25 02:00:00","2025-07-25 03:00:00","2025-11-24 06:31:20"
Nederland,WindOffshore,Hour,1455789,1455789,0,0,"2025-07-25 03:00:00","2025-07-25 04:00:00","2025-11-24 06:31:20"
Nederland,WindOffshore,Hour,1191257,1191257,0,0,"2025-07-25 04:00:00","2025-07-25 05:00:00","2025-11-24 06:31:20"
Nederland,WindOffshore,Hour,836282,836282,0,0,"2025-07-25 05:00:00","2025-07-25 06:00:00","2025-11-24 06:31:20"
Nederland,WindOffshore,Hour,1057819,1057819,0,0,"2025-07-25 06:00:00","2025-07-25 07:00:00","2025-11-24 06:31:20"
Nederland,WindOffshore,Hour,677290,677290,0,0,"2025-07-25 07:00:00","2025-07-25 08:00:00","2025-11-24 06:31:20"
Nederland,WindOffshore,Hour,531493,531493,0,0,"2025-07-25 08:00:00","2025-07-25 09:00:00","2025-11-24 06:31:20"
Nederland,WindOffshore,Hour,575438,575438,0,0,"2025-07-25 09:00:00","2025-07-25 10:00:00","2025-11-24 06:31:20"
Nederland,WindOffshore,Hour,421952,421952,0,0,"2025-07-25 10:00:00","2025-07-25 11:00:00","2025-11-24 06:31:20"
Nederland,WindOffshore,Hour,262788,262788,0,0,"2025-07-25 11:00:00","2025-07-25 12:00:00","2025-11-24 06:31:20"
Nederland,WindOffshore,Hour,141032,141032,0,0,"2025-07-25 12:00:00","2025-07-25 13:00:00","2025-11-24 06:31:20"
Nederland,WindOffshore,Hour,80041,80041,0,0,"2025-07-25 13:00:00","2025-07-25 14:00:00","2025-11-24 06:31:20"
Nederland,WindOffshore,Hour,118708,118708,0,0,"2025-07-25 14:00:00","2025-07-25 15:00:00","2025-11-24 06:31:20"
Nederland,WindOffshore,Hour,181086,181086,0,0,"2025-07-25 15:00:00","2025-07-25 16:00:00","2025-11-24 06:31:20"
Nederland,WindOffshore,Hour,183285,183285,0,0,"2025-07-25 16:00:00","2025-07-25 17:00:00","2025-11-24 06:31:20"
Nederland,WindOffshore,Hour,133144,133144,0,0,"2025-07-25 17:00:00","2025-07-25 18:00:00","2025-11-24 06:31:20"
Nederland,WindOffshore,Hour,65724,65724,0,0,"2025-07-25 18:00:00","2025-07-25 19:00:00","2025-11-24 06:31:20"
Nederland,WindOffshore,Hour,45938,45938,0,0,"2025-07-25 19:00:00","2025-07-25 20:00:00","2025-11-24 06:31:20"
Nederland,WindOffshore,Hour,63133,63133,0,0,"2025-07-25 20:00:00","2025-07-25 21:00:00","2025-11-24 06:31:20"
Nederland,WindOffshore,Hour,96540,96540,0,0,"2025-07-25 21:00:00","2025-07-25 22:00:00","2025-11-24 06:31:20"
Nederland,WindOffshore,Hour,137953,137953,0,0,"2025-07-25 22:00:00","2025-07-25 23:00:00","2025-11-24 06:31:20"
Nederland,WindOffshore,Hour,172984,172984,0,0,"2025-07-25 23:00:00","2025-07-26 00:00:00","2025-11-24 06:31:20"
Nederland,WindOffshore,Hour,316277,316277,0,0,"2025-07-26 00:00:00","2025-07-26 01:00:00","2025-11-25 06:31:26"
Nederland,WindOffshore,Hour,576555,576555,0,0,"2025-07-26 01:00:00","2025-07-26 02:00:00","2025-11-25 06:31:26"
Nederland,WindOffshore,Hour,727995,727995,0,0,"2025-07-26 02:00:00","2025-07-26 03:00:00","2025-11-25 06:31:26"
Nederland,WindOffshore,Hour,973008,973008,0,0,"2025-07-26 03:00:00","2025-07-26 04:00:00","2025-11-25 06:31:26"
Nederland,WindOffshore,Hour,1078462,1078462,0,0,"2025-07-26 04:00:00","2025-07-26 05:00:00","2025-11-25 06:31:26"
Nederland,WindOffshore,Hour,1055596,1055596,0,0,"2025-07-26 05:00:00","2025-07-26 06:00:00","2025-11-25 06:31:26"
Nederland,WindOffshore,Hour,974110,974110,0,0,"2025-07-26 06:00:00","2025-07-26 07:00:00","2025-11-25 06:31:26"
Nederland,WindOffshore,Hour,1190499,1190499,0,0,"2025-07-26 07:00:00","2025-07-26 08:00:00","2025-11-25 06:31:26"
Nederland,WindOffshore,Hour,1732023,1732023,0,0,"2025-07-26 08:00:00","2025-07-26 09:00:00","2025-11-25 06:31:26"
Nederland,WindOffshore,Hour,1715838,1715838,0,0,"2025-07-26 09:00:00","2025-07-26 10:00:00","2025-11-25 06:31:26"
Nederland,WindOffshore,Hour,1683586,1683586,0,0,"2025-07-26 10:00:00","2025-07-26 11:00:00","2025-11-25 06:31:26"
Nederland,WindOffshore,Hour,1624122,1624122,0,0,"2025-07-26 11:00:00","2025-07-26 12:00:00","2025-11-25 06:31:26"
Nederland,WindOffshore,Hour,1218522,1218522,0,0,"2025-07-26 12:00:00","2025-07-26 13:00:00","2025-11-25 06:31:26"
Nederland,WindOffshore,Hour,839747,839747,0,0,"2025-07-26 13:00:00","2025-07-26 14:00:00","2025-11-25 06:31:26"
Nederland,WindOffshore,Hour,764576,764576,0,0,"2025-07-26 14:00:00","2025-07-26 15:00:00","2025-11-25 06:31:26"
Nederland,WindOffshore,Hour,603306,603306,0,0,"2025-07-26 15:00:00","2025-07-26 16:00:00","2025-11-25 06:31:26"
Nederland,WindOffshore,Hour,635832,635832,0,0,"2025-07-26 16:00:00","2025-07-26 17:00:00","2025-11-25 06:31:26"
Nederland,WindOffshore,Hour,313405,313405,0,0,"2025-07-26 17:00:00","2025-07-26 18:00:00","2025-11-25 06:31:26"
Nederland,WindOffshore,Hour,168619,168619,0,0,"2025-07-26 18:00:00","2025-07-26 19:00:00","2025-11-25 06:31:26"
Nederland,WindOffshore,Hour,201737,201737,0,0,"2025-07-26 19:00:00","2025-07-26 20:00:00","2025-11-25 06:31:26"
Nederland,WindOffshore,Hour,372420,372420,0,0,"2025-07-26 20:00:00","2025-07-26 21:00:00","2025-11-25 06:31:26"
Nederland,WindOffshore,Hour,376454,376454,0,0,"2025-07-26 21:00:00","2025-07-26 22:00:00","2025-11-25 06:31:26"
Nederland,WindOffshore,Hour,466349,466349,0,0,"2025-07-26 22:00:00","2025-07-26 23:00:00","2025-11-25 06:31:26"
Nederland,WindOffshore,Hour,540411,540411,0,0,"2025-07-26 23:00:00","2025-07-27 00:00:00","2025-11-25 06:31:26"
Nederland,WindOffshore,Hour,502453,502453,0,0,"2025-07-27 00:00:00","2025-07-27 01:00:00","2025-11-26 06:31:33"
Nederland,WindOffshore,Hour,493750,493750,0,0,"2025-07-27 01:00:00","2025-07-27 02:00:00","2025-11-26 06:31:33"
Nederland,WindOffshore,Hour,852838,852838,0,0,"2025-07-27 02:00:00","2025-07-27 03:00:00","2025-11-26 06:31:33"
Nederland,WindOffshore,Hour,716762,716762,0,0,"2025-07-27 03:00:00","2025-07-27 04:00:00","2025-11-26 06:31:33"
Nederland,WindOffshore,Hour,831398,831398,0,0,"2025-07-27 04:00:00","2025-07-27 05:00:00","2025-11-26 06:31:33"
Nederland,WindOffshore,Hour,599356,599356,0,0,"2025-07-27 05:00:00","2025-07-27 06:00:00","2025-11-26 06:31:33"
Nederland,WindOffshore,Hour,474599,474599,0,0,"2025-07-27 06:00:00","2025-07-27 07:00:00","2025-11-26 06:31:33"
Nederland,WindOffshore,Hour,303066,303066,0,0,"2025-07-27 07:00:00","2025-07-27 08:00:00","2025-11-26 06:31:33"
Nederland,WindOffshore,Hour,234093,234093,0,0,"2025-07-27 08:00:00","2025-07-27 09:00:00","2025-11-26 06:31:33"
Nederland,WindOffshore,Hour,155730,155730,0,0,"2025-07-27 09:00:00","2025-07-27 10:00:00","2025-11-26 06:31:33"
Nederland,WindOffshore,Hour,135934,135934,0,0,"2025-07-27 10:00:00","2025-07-27 11:00:00","2025-11-26 06:31:33"
Nederland,WindOffshore,Hour,181841,181841,0,0,"2025-07-27 11:00:00","2025-07-27 12:00:00","2025-11-26 06:31:33"
Nederland,WindOffshore,Hour,230642,230642,0,0,"2025-07-27 12:00:00","2025-07-27 13:00:00","2025-11-26 06:31:33"
Nederland,WindOffshore,Hour,334618,334618,0,0,"2025-07-27 13:00:00","2025-07-27 14:00:00","2025-11-26 06:31:33"
Nederland,WindOffshore,Hour,430274,430274,0,0,"2025-07-27 14:00:00","2025-07-27 15:00:00","2025-11-26 06:31:33"
Nederland,WindOffshore,Hour,751042,751042,0,0,"2025-07-27 15:00:00","2025-07-27 16:00:00","2025-11-26 06:31:33"
Nederland,WindOffshore,Hour,1234105,1234105,0,0,"2025-07-27 16:00:00","2025-07-27 17:00:00","2025-11-26 06:31:33"
Nederland,WindOffshore,Hour,1323277,1323277,0,0,"2025-07-27 17:00:00","2025-07-27 18:00:00","2025-11-26 06:31:33"
Nederland,WindOffshore,Hour,1265835,1265835,0,0,"2025-07-27 18:00:00","2025-07-27 19:00:00","2025-11-26 06:31:33"
Nederland,WindOffshore,Hour,1348112,1348112,0,0,"2025-07-27 19:00:00","2025-07-27 20:00:00","2025-11-26 06:31:33"
Nederland,WindOffshore,Hour,1007104,1007104,0,0,"2025-07-27 20:00:00","2025-07-27 21:00:00","2025-11-26 06:31:33"
Nederland,WindOffshore,Hour,1153523,1153523,0,0,"2025-07-27 21:00:00","2025-07-27 22:00:00","2025-11-26 06:31:33"
Nederland,WindOffshore,Hour,1398732,1398732,0,0,"2025-07-27 22:00:00","2025-07-27 23:00:00","2025-11-26 06:31:33"
Nederland,WindOffshore,Hour,1532942,1532942,0,0,"2025-07-27 23:00:00","2025-07-28 00:00:00","2025-11-26 06:31:33"
Nederland,WindOffshore,Hour,1728517,1728517,0,0,"2025-07-28 00:00:00","2025-07-28 01:00:00","2025-11-27 06:30:54"
Nederland,WindOffshore,Hour,1792139,1792139,0,0,"2025-07-28 01:00:00","2025-07-28 02:00:00","2025-11-27 06:30:54"
Nederland,WindOffshore,Hour,1874571,1874571,0,0,"2025-07-28 02:00:00","2025-07-28 03:00:00","2025-11-27 06:30:54"
Nederland,WindOffshore,Hour,1738199,1738199,0,0,"2025-07-28 03:00:00","2025-07-28 04:00:00","2025-11-27 06:30:54"
Nederland,WindOffshore,Hour,1655244,1655244,0,0,"2025-07-28 04:00:00","2025-07-28 05:00:00","2025-11-27 06:30:54"
Nederland,WindOffshore,Hour,1593978,1593978,0,0,"2025-07-28 05:00:00","2025-07-28 06:00:00","2025-11-27 06:30:54"
Nederland,WindOffshore,Hour,1579505,1579505,0,0,"2025-07-28 06:00:00","2025-07-28 07:00:00","2025-11-27 06:30:54"
Nederland,WindOffshore,Hour,1328495,1328495,0,0,"2025-07-28 07:00:00","2025-07-28 08:00:00","2025-11-27 06:30:54"
Nederland,WindOffshore,Hour,1319026,1319026,0,0,"2025-07-28 08:00:00","2025-07-28 09:00:00","2025-11-27 06:30:54"
Nederland,WindOffshore,Hour,1565701,1565701,0,0,"2025-07-28 09:00:00","2025-07-28 10:00:00","2025-11-27 06:30:54"
Nederland,WindOffshore,Hour,1619241,1619241,0,0,"2025-07-28 10:00:00","2025-07-28 11:00:00","2025-11-27 06:30:54"
Nederland,WindOffshore,Hour,1451748,1451748,0,0,"2025-07-28 11:00:00","2025-07-28 12:00:00","2025-11-27 06:30:54"
Nederland,WindOffshore,Hour,1376506,1376506,0,0,"2025-07-28 12:00:00","2025-07-28 13:00:00","2025-11-27 06:30:54"
Nederland,WindOffshore,Hour,1599403,1599403,0,0,"2025-07-28 13:00:00","2025-07-28 14:00:00","2025-11-27 06:30:54"
Nederland,WindOffshore,Hour,1394691,1394691,0,0,"2025-07-28 14:00:00","2025-07-28 15:00:00","2025-11-27 06:30:54"
Nederland,WindOffshore,Hour,1093894,1093894,0,0,"2025-07-28 15:00:00","2025-07-28 16:00:00","2025-11-27 06:30:54"
Nederland,WindOffshore,Hour,856913,856913,0,0,"2025-07-28 16:00:00","2025-07-28 17:00:00","2025-11-27 06:30:54"
Nederland,WindOffshore,Hour,726318,726318,0,0,"2025-07-28 17:00:00","2025-07-28 18:00:00","2025-11-27 06:30:54"
Nederland,WindOffshore,Hour,627762,627762,0,0,"2025-07-28 18:00:00","2025-07-28 19:00:00","2025-11-27 06:30:54"
Nederland,WindOffshore,Hour,461252,461252,0,0,"2025-07-28 19:00:00","2025-07-28 20:00:00","2025-11-27 06:30:54"
Nederland,WindOffshore,Hour,363247,363247,0,0,"2025-07-28 20:00:00","2025-07-28 21:00:00","2025-11-27 06:30:54"
Nederland,WindOffshore,Hour,607024,607024,0,0,"2025-07-28 21:00:00","2025-07-28 22:00:00","2025-11-27 06:30:54"
Nederland,WindOffshore,Hour,654476,654476,0,0,"2025-07-28 22:00:00","2025-07-28 23:00:00","2025-11-27 06:30:54"
Nederland,WindOffshore,Hour,586724,586724,0,0,"2025-07-28 23:00:00","2025-07-29 00:00:00","2025-11-27 06:30:54"
Nederland,WindOffshore,Hour,452758,452758,0,0,"2025-07-29 00:00:00","2025-07-29 01:00:00","2025-11-28 06:30:56"
Nederland,WindOffshore,Hour,434843,434843,0,0,"2025-07-29 01:00:00","2025-07-29 02:00:00","2025-11-28 06:30:56"
Nederland,WindOffshore,Hour,454343,454343,0,0,"2025-07-29 02:00:00","2025-07-29 03:00:00","2025-11-28 06:30:56"
Nederland,WindOffshore,Hour,458061,458061,0,0,"2025-07-29 03:00:00","2025-07-29 04:00:00","2025-11-28 06:30:56"
Nederland,WindOffshore,Hour,462805,462805,0,0,"2025-07-29 04:00:00","2025-07-29 05:00:00","2025-11-28 06:30:56"
Nederland,WindOffshore,Hour,451856,451856,0,0,"2025-07-29 05:00:00","2025-07-29 06:00:00","2025-11-28 06:30:56"
Nederland,WindOffshore,Hour,462186,462186,0,0,"2025-07-29 06:00:00","2025-07-29 07:00:00","2025-11-28 06:30:56"
Nederland,WindOffshore,Hour,442699,442699,0,0,"2025-07-29 07:00:00","2025-07-29 08:00:00","2025-11-28 06:30:56"
Nederland,WindOffshore,Hour,512810,512810,0,0,"2025-07-29 08:00:00","2025-07-29 09:00:00","2025-11-28 06:30:56"
Nederland,WindOffshore,Hour,210067,210067,0,0,"2025-07-29 09:00:00","2025-07-29 10:00:00","2025-11-28 06:30:56"
Nederland,WindOffshore,Hour,49867,49867,0,0,"2025-07-29 10:00:00","2025-07-29 11:00:00","2025-11-28 06:30:56"
Nederland,WindOffshore,Hour,229779,229779,0,0,"2025-07-29 11:00:00","2025-07-29 12:00:00","2025-11-28 06:30:56"
Nederland,WindOffshore,Hour,319058,319058,0,0,"2025-07-29 12:00:00","2025-07-29 13:00:00","2025-11-28 06:30:56"
Nederland,WindOffshore,Hour,475189,475189,0,0,"2025-07-29 13:00:00","2025-07-29 14:00:00","2025-11-28 06:30:56"
Nederland,WindOffshore,Hour,210744,210744,0,0,"2025-07-29 14:00:00","2025-07-29 15:00:00","2025-11-28 06:30:56"
Nederland,WindOffshore,Hour,276508,276508,0,0,"2025-07-29 15:00:00","2025-07-29 16:00:00","2025-11-28 06:30:56"
Nederland,WindOffshore,Hour,466681,466681,0,0,"2025-07-29 16:00:00","2025-07-29 17:00:00","2025-11-28 06:30:56"
Nederland,WindOffshore,Hour,522265,522265,0,0,"2025-07-29 17:00:00","2025-07-29 18:00:00","2025-11-28 06:30:56"
Nederland,WindOffshore,Hour,561633,561633,0,0,"2025-07-29 18:00:00","2025-07-29 19:00:00","2025-11-28 06:30:56"
Nederland,WindOffshore,Hour,636073,636073,0,0,"2025-07-29 19:00:00","2025-07-29 20:00:00","2025-11-28 06:30:56"
Nederland,WindOffshore,Hour,588368,588368,0,0,"2025-07-29 20:00:00","2025-07-29 21:00:00","2025-11-28 06:30:56"
Nederland,WindOffshore,Hour,528781,528781,0,0,"2025-07-29 21:00:00","2025-07-29 22:00:00","2025-11-28 06:30:56"
Nederland,WindOffshore,Hour,528246,528246,0,0,"2025-07-29 22:00:00","2025-07-29 23:00:00","2025-11-28 06:30:56"
Nederland,WindOffshore,Hour,539214,539214,0,0,"2025-07-29 23:00:00","2025-07-30 00:00:00","2025-11-28 06:30:56"
Nederland,WindOffshore,Hour,651810,651810,0,0,"2025-07-30 00:00:00","2025-07-30 01:00:00","2025-11-29 06:30:48"
Nederland,WindOffshore,Hour,749825,749825,0,0,"2025-07-30 01:00:00","2025-07-30 02:00:00","2025-11-29 06:30:48"
Nederland,WindOffshore,Hour,852995,852995,0,0,"2025-07-30 02:00:00","2025-07-30 03:00:00","2025-11-29 06:30:48"
Nederland,WindOffshore,Hour,940049,940049,0,0,"2025-07-30 03:00:00","2025-07-30 04:00:00","2025-11-29 06:30:48"
Nederland,WindOffshore,Hour,835641,835641,0,0,"2025-07-30 04:00:00","2025-07-30 05:00:00","2025-11-29 06:30:48"
Nederland,WindOffshore,Hour,894297,894297,0,0,"2025-07-30 05:00:00","2025-07-30 06:00:00","2025-11-29 06:30:48"
Nederland,WindOffshore,Hour,1003367,1003367,0,0,"2025-07-30 06:00:00","2025-07-30 07:00:00","2025-11-29 06:30:48"
Nederland,WindOffshore,Hour,1153313,1153313,0,0,"2025-07-30 07:00:00","2025-07-30 08:00:00","2025-11-29 06:30:48"
Nederland,WindOffshore,Hour,1197468,1197468,0,0,"2025-07-30 08:00:00","2025-07-30 09:00:00","2025-11-29 06:30:48"
Nederland,WindOffshore,Hour,1294651,1294651,0,0,"2025-07-30 09:00:00","2025-07-30 10:00:00","2025-11-29 06:30:48"
Nederland,WindOffshore,Hour,1376836,1376836,0,0,"2025-07-30 10:00:00","2025-07-30 11:00:00","2025-11-29 06:30:48"
Nederland,WindOffshore,Hour,1378726,1378726,0,0,"2025-07-30 11:00:00","2025-07-30 12:00:00","2025-11-29 06:30:48"
Nederland,WindOffshore,Hour,1225747,1225747,0,0,"2025-07-30 12:00:00","2025-07-30 13:00:00","2025-11-29 06:30:48"
Nederland,WindOffshore,Hour,1219697,1219697,0,0,"2025-07-30 13:00:00","2025-07-30 14:00:00","2025-11-29 06:30:48"
Nederland,WindOffshore,Hour,921163,921163,0,0,"2025-07-30 14:00:00","2025-07-30 15:00:00","2025-11-29 06:30:48"
Nederland,WindOffshore,Hour,697802,697802,0,0,"2025-07-30 15:00:00","2025-07-30 16:00:00","2025-11-29 06:30:48"
Nederland,WindOffshore,Hour,848967,848967,0,0,"2025-07-30 16:00:00","2025-07-30 17:00:00","2025-11-29 06:30:48"
Nederland,WindOffshore,Hour,1370132,1370132,0,0,"2025-07-30 17:00:00","2025-07-30 18:00:00","2025-11-29 06:30:48"
Nederland,WindOffshore,Hour,1576450,1576450,0,0,"2025-07-30 18:00:00","2025-07-30 19:00:00","2025-11-29 06:30:48"
Nederland,WindOffshore,Hour,1973292,1973292,0,0,"2025-07-30 19:00:00","2025-07-30 20:00:00","2025-11-29 06:30:48"
Nederland,WindOffshore,Hour,2488780,2488780,0,0,"2025-07-30 20:00:00","2025-07-30 21:00:00","2025-11-29 06:30:48"
Nederland,WindOffshore,Hour,2979648,2979648,0,0,"2025-07-30 21:00:00","2025-07-30 22:00:00","2025-11-29 06:30:48"
Nederland,WindOffshore,Hour,2893808,2893808,0,0,"2025-07-30 22:00:00","2025-07-30 23:00:00","2025-11-29 06:30:48"
Nederland,WindOffshore,Hour,2369269,2369269,0,0,"2025-07-30 23:00:00","2025-07-31 00:00:00","2025-11-29 06:30:48"
Nederland,WindOffshore,Hour,2367925,2367925,0,0,"2025-07-31 00:00:00","2025-07-31 01:00:00","2025-11-30 06:31:01"
Nederland,WindOffshore,Hour,1739273,1739273,0,0,"2025-07-31 01:00:00","2025-07-31 02:00:00","2025-11-30 06:31:01"
Nederland,WindOffshore,Hour,1023300,1023300,0,0,"2025-07-31 02:00:00","2025-07-31 03:00:00","2025-11-30 06:31:01"
Nederland,WindOffshore,Hour,731739,731739,0,0,"2025-07-31 03:00:00","2025-07-31 04:00:00","2025-11-30 06:31:01"
Nederland,WindOffshore,Hour,805511,805511,0,0,"2025-07-31 04:00:00","2025-07-31 05:00:00","2025-11-30 06:31:01"
Nederland,WindOffshore,Hour,975423,975423,0,0,"2025-07-31 05:00:00","2025-07-31 06:00:00","2025-11-30 06:31:01"
Nederland,WindOffshore,Hour,1090125,1090125,0,0,"2025-07-31 06:00:00","2025-07-31 07:00:00","2025-11-30 06:31:01"
Nederland,WindOffshore,Hour,1118948,1118948,0,0,"2025-07-31 07:00:00","2025-07-31 08:00:00","2025-11-30 06:31:01"
Nederland,WindOffshore,Hour,830755,830755,0,0,"2025-07-31 08:00:00","2025-07-31 09:00:00","2025-11-30 06:31:01"
Nederland,WindOffshore,Hour,786687,786687,0,0,"2025-07-31 09:00:00","2025-07-31 10:00:00","2025-11-30 06:31:01"
Nederland,WindOffshore,Hour,1079447,1079447,0,0,"2025-07-31 10:00:00","2025-07-31 11:00:00","2025-11-30 06:31:01"
Nederland,WindOffshore,Hour,1240466,1240466,0,0,"2025-07-31 11:00:00","2025-07-31 12:00:00","2025-11-30 06:31:01"
Nederland,WindOffshore,Hour,863823,863823,0,0,"2025-07-31 12:00:00","2025-07-31 13:00:00","2025-11-30 06:31:01"
Nederland,WindOffshore,Hour,956903,956903,0,0,"2025-07-31 13:00:00","2025-07-31 14:00:00","2025-11-30 06:31:01"
Nederland,WindOffshore,Hour,920082,920082,0,0,"2025-07-31 14:00:00","2025-07-31 15:00:00","2025-11-30 06:31:01"
Nederland,WindOffshore,Hour,867893,867893,0,0,"2025-07-31 15:00:00","2025-07-31 16:00:00","2025-11-30 06:31:01"
Nederland,WindOffshore,Hour,604791,604791,0,0,"2025-07-31 16:00:00","2025-07-31 17:00:00","2025-11-30 06:31:01"
Nederland,WindOffshore,Hour,843013,843013,0,0,"2025-07-31 17:00:00","2025-07-31 18:00:00","2025-11-30 06:31:01"
Nederland,WindOffshore,Hour,724460,724460,0,0,"2025-07-31 18:00:00","2025-07-31 19:00:00","2025-11-30 06:31:01"
Nederland,WindOffshore,Hour,753443,753443,0,0,"2025-07-31 19:00:00","2025-07-31 20:00:00","2025-11-30 06:31:01"
Nederland,WindOffshore,Hour,602118,602118,0,0,"2025-07-31 20:00:00","2025-07-31 21:00:00","2025-11-30 06:31:01"
Nederland,WindOffshore,Hour,472132,472132,0,0,"2025-07-31 21:00:00","2025-07-31 22:00:00","2025-11-30 06:31:01"
Nederland,WindOffshore,Hour,681208,681208,0,0,"2025-07-31 22:00:00","2025-07-31 23:00:00","2025-11-30 06:31:01"
Nederland,WindOffshore,Hour,909393,909393,0,0,"2025-07-31 23:00:00","2025-08-01 00:00:00","2025-11-30 06:31:01"
Nederland,WindOffshore,Hour,1424400,1424400,0,0,"2025-08-01 00:00:00","2025-08-01 01:00:00","2025-12-01 06:31:20"
Nederland,WindOffshore,Hour,1073257,1073257,0,0,"2025-08-01 01:00:00","2025-08-01 02:00:00","2025-12-01 06:31:20"
Nederland,WindOffshore,Hour,918366,918366,0,0,"2025-08-01 02:00:00","2025-08-01 03:00:00","2025-12-01 06:31:20"
Nederland,WindOffshore,Hour,945744,945744,0,0,"2025-08-01 03:00:00","2025-08-01 04:00:00","2025-12-01 06:31:20"
Nederland,WindOffshore,Hour,1414060,1414060,0,0,"2025-08-01 04:00:00","2025-08-01 05:00:00","2025-12-01 06:31:20"
Nederland,WindOffshore,Hour,1946850,1946850,0,0,"2025-08-01 05:00:00","2025-08-01 06:00:00","2025-12-01 06:31:20"
Nederland,WindOffshore,Hour,1910733,1910733,0,0,"2025-08-01 06:00:00","2025-08-01 07:00:00","2025-12-01 06:31:20"
Nederland,WindOffshore,Hour,1750127,1750127,0,0,"2025-08-01 07:00:00","2025-08-01 08:00:00","2025-12-01 06:31:20"
Nederland,WindOffshore,Hour,1706552,1706552,0,0,"2025-08-01 08:00:00","2025-08-01 09:00:00","2025-12-01 06:31:20"
Nederland,WindOffshore,Hour,1919074,1919074,0,0,"2025-08-01 09:00:00","2025-08-01 10:00:00","2025-12-01 06:31:20"
Nederland,WindOffshore,Hour,2120963,2120963,0,0,"2025-08-01 10:00:00","2025-08-01 11:00:00","2025-12-01 06:31:20"
Nederland,WindOffshore,Hour,2597024,2597024,0,0,"2025-08-01 11:00:00","2025-08-01 12:00:00","2025-12-01 06:31:20"
Nederland,WindOffshore,Hour,3180583,3180583,0,0,"2025-08-01 12:00:00","2025-08-01 13:00:00","2025-12-01 06:31:20"
Nederland,WindOffshore,Hour,3597084,3597084,0,0,"2025-08-01 13:00:00","2025-08-01 14:00:00","2025-12-01 06:31:20"
Nederland,WindOffshore,Hour,3624265,3624265,0,0,"2025-08-01 14:00:00","2025-08-01 15:00:00","2025-12-01 06:31:20"
Nederland,WindOffshore,Hour,3486006,3486006,0,0,"2025-08-01 15:00:00","2025-08-01 16:00:00","2025-12-01 06:31:20"
Nederland,WindOffshore,Hour,3460828,3460828,0,0,"2025-08-01 16:00:00","2025-08-01 17:00:00","2025-12-01 06:31:20"
Nederland,WindOffshore,Hour,3392209,3392209,0,0,"2025-08-01 17:00:00","2025-08-01 18:00:00","2025-12-01 06:31:20"
Nederland,WindOffshore,Hour,3434418,3434418,0,0,"2025-08-01 18:00:00","2025-08-01 19:00:00","2025-12-01 06:31:20"
Nederland,WindOffshore,Hour,3218051,3218051,0,0,"2025-08-01 19:00:00","2025-08-01 20:00:00","2025-12-01 06:31:20"
Nederland,WindOffshore,Hour,3083780,3083780,0,0,"2025-08-01 20:00:00","2025-08-01 21:00:00","2025-12-01 06:31:20"
Nederland,WindOffshore,Hour,3052573,3052573,0,0,"2025-08-01 21:00:00","2025-08-01 22:00:00","2025-12-01 06:31:20"
Nederland,WindOffshore,Hour,3095031,3095031,0,0,"2025-08-01 22:00:00","2025-08-01 23:00:00","2025-12-01 06:31:20"
Nederland,WindOffshore,Hour,3175641,3175641,0,0,"2025-08-01 23:00:00","2025-08-02 00:00:00","2025-12-01 06:31:20"
Nederland,WindOffshore,Hour,2994330,2994330,0,0,"2025-08-02 00:00:00","2025-08-02 01:00:00","2025-12-02 06:30:26"
Nederland,WindOffshore,Hour,3314149,3314149,0,0,"2025-08-02 01:00:00","2025-08-02 02:00:00","2025-12-02 06:30:26"
Nederland,WindOffshore,Hour,3761864,3761864,0,0,"2025-08-02 02:00:00","2025-08-02 03:00:00","2025-12-02 06:30:26"
Nederland,WindOffshore,Hour,3913601,3913601,0,0,"2025-08-02 03:00:00","2025-08-02 04:00:00","2025-12-02 06:30:26"
Nederland,WindOffshore,Hour,3956076,3956076,0,0,"2025-08-02 04:00:00","2025-08-02 05:00:00","2025-12-02 06:30:26"
Nederland,WindOffshore,Hour,4099685,4099685,0,0,"2025-08-02 05:00:00","2025-08-02 06:00:00","2025-12-02 06:30:26"
Nederland,WindOffshore,Hour,4092480,4092480,0,0,"2025-08-02 06:00:00","2025-08-02 07:00:00","2025-12-02 06:30:26"
Nederland,WindOffshore,Hour,4020832,4020832,0,0,"2025-08-02 07:00:00","2025-08-02 08:00:00","2025-12-02 06:30:26"
Nederland,WindOffshore,Hour,3816114,3816114,0,0,"2025-08-02 08:00:00","2025-08-02 09:00:00","2025-12-02 06:30:26"
Nederland,WindOffshore,Hour,3244292,3244292,0,0,"2025-08-02 09:00:00","2025-08-02 10:00:00","2025-12-02 06:30:26"
Nederland,WindOffshore,Hour,2915102,2915102,0,0,"2025-08-02 10:00:00","2025-08-02 11:00:00","2025-12-02 06:30:26"
Nederland,WindOffshore,Hour,3131435,3131435,0,0,"2025-08-02 11:00:00","2025-08-02 12:00:00","2025-12-02 06:30:26"
Nederland,WindOffshore,Hour,2941487,2941487,0,0,"2025-08-02 12:00:00","2025-08-02 13:00:00","2025-12-02 06:30:26"
Nederland,WindOffshore,Hour,3035366,3035366,0,0,"2025-08-02 13:00:00","2025-08-02 14:00:00","2025-12-02 06:30:26"
Nederland,WindOffshore,Hour,3163478,3163478,0,0,"2025-08-02 14:00:00","2025-08-02 15:00:00","2025-12-02 06:30:26"
Nederland,WindOffshore,Hour,3023179,3023179,0,0,"2025-08-02 15:00:00","2025-08-02 16:00:00","2025-12-02 06:30:26"
Nederland,WindOffshore,Hour,2675276,2675276,0,0,"2025-08-02 16:00:00","2025-08-02 17:00:00","2025-12-02 06:30:26"
Nederland,WindOffshore,Hour,2256810,2256810,0,0,"2025-08-02 17:00:00","2025-08-02 18:00:00","2025-12-02 06:30:26"
Nederland,WindOffshore,Hour,1893832,1893832,0,0,"2025-08-02 18:00:00","2025-08-02 19:00:00","2025-12-02 06:30:26"
Nederland,WindOffshore,Hour,1267545,1267545,0,0,"2025-08-02 19:00:00","2025-08-02 20:00:00","2025-12-02 06:30:26"
Nederland,WindOffshore,Hour,1056281,1056281,0,0,"2025-08-02 20:00:00","2025-08-02 21:00:00","2025-12-02 06:30:26"
Nederland,WindOffshore,Hour,1052602,1052602,0,0,"2025-08-02 21:00:00","2025-08-02 22:00:00","2025-12-02 06:30:26"
Nederland,WindOffshore,Hour,1211001,1211001,0,0,"2025-08-02 22:00:00","2025-08-02 23:00:00","2025-12-02 06:30:26"
Nederland,WindOffshore,Hour,1721888,1721888,0,0,"2025-08-02 23:00:00","2025-08-03 00:00:00","2025-12-02 06:30:26"
Nederland,WindOffshore,Hour,2607191,2607191,0,0,"2025-08-03 00:00:00","2025-08-03 01:00:00","2025-12-03 06:30:56"
Nederland,WindOffshore,Hour,3523819,3523819,0,0,"2025-08-03 01:00:00","2025-08-03 02:00:00","2025-12-03 06:30:56"
Nederland,WindOffshore,Hour,3661447,3661447,0,0,"2025-08-03 02:00:00","2025-08-03 03:00:00","2025-12-03 06:30:56"
Nederland,WindOffshore,Hour,3353064,3353064,0,0,"2025-08-03 03:00:00","2025-08-03 04:00:00","2025-12-03 06:30:56"
Nederland,WindOffshore,Hour,2794848,2794848,0,0,"2025-08-03 04:00:00","2025-08-03 05:00:00","2025-12-03 06:30:56"
Nederland,WindOffshore,Hour,2108771,2108771,0,0,"2025-08-03 05:00:00","2025-08-03 06:00:00","2025-12-03 06:30:56"
Nederland,WindOffshore,Hour,2174771,2174771,0,0,"2025-08-03 06:00:00","2025-08-03 07:00:00","2025-12-03 06:30:56"
Nederland,WindOffshore,Hour,2439287,2439287,0,0,"2025-08-03 07:00:00","2025-08-03 08:00:00","2025-12-03 06:30:56"
Nederland,WindOffshore,Hour,1624635,1624635,0,0,"2025-08-03 08:00:00","2025-08-03 09:00:00","2025-12-03 06:30:56"
Nederland,WindOffshore,Hour,1320458,1320458,0,0,"2025-08-03 09:00:00","2025-08-03 10:00:00","2025-12-03 06:30:56"
Nederland,WindOffshore,Hour,1352693,1352693,0,0,"2025-08-03 10:00:00","2025-08-03 11:00:00","2025-12-03 06:30:56"
Nederland,WindOffshore,Hour,1462312,1462312,0,0,"2025-08-03 11:00:00","2025-08-03 12:00:00","2025-12-03 06:30:56"
Nederland,WindOffshore,Hour,1590407,1590407,0,0,"2025-08-03 12:00:00","2025-08-03 13:00:00","2025-12-03 06:30:56"
Nederland,WindOffshore,Hour,2246683,2246683,0,0,"2025-08-03 13:00:00","2025-08-03 14:00:00","2025-12-03 06:30:56"
Nederland,WindOffshore,Hour,2530660,2530660,0,0,"2025-08-03 14:00:00","2025-08-03 15:00:00","2025-12-03 06:30:56"
Nederland,WindOffshore,Hour,3596065,3596065,0,0,"2025-08-03 15:00:00","2025-08-03 16:00:00","2025-12-03 06:30:56"
Nederland,WindOffshore,Hour,3627687,3627687,0,0,"2025-08-03 16:00:00","2025-08-03 17:00:00","2025-12-03 06:30:56"
Nederland,WindOffshore,Hour,3481166,3481166,0,0,"2025-08-03 17:00:00","2025-08-03 18:00:00","2025-12-03 06:30:56"
Nederland,WindOffshore,Hour,3095235,3095235,0,0,"2025-08-03 18:00:00","2025-08-03 19:00:00","2025-12-03 06:30:56"
Nederland,WindOffshore,Hour,2919165,2919165,0,0,"2025-08-03 19:00:00","2025-08-03 20:00:00","2025-12-03 06:30:56"
Nederland,WindOffshore,Hour,1986047,1986047,0,0,"2025-08-03 20:00:00","2025-08-03 21:00:00","2025-12-03 06:30:56"
Nederland,WindOffshore,Hour,1839135,1839135,0,0,"2025-08-03 21:00:00","2025-08-03 22:00:00","2025-12-03 06:30:56"
Nederland,WindOffshore,Hour,2136279,2136279,0,0,"2025-08-03 22:00:00","2025-08-03 23:00:00","2025-12-03 06:30:56"
Nederland,WindOffshore,Hour,2072802,2072802,0,0,"2025-08-03 23:00:00","2025-08-04 00:00:00","2025-12-03 06:30:56"
Nederland,WindOffshore,Hour,1811864,1811864,0,0,"2025-08-04 00:00:00","2025-08-04 01:00:00","2025-12-04 06:31:06"
Nederland,WindOffshore,Hour,1296680,1296680,0,0,"2025-08-04 01:00:00","2025-08-04 02:00:00","2025-12-04 06:31:06"
Nederland,WindOffshore,Hour,1099728,1099728,0,0,"2025-08-04 02:00:00","2025-08-04 03:00:00","2025-12-04 06:31:06"
Nederland,WindOffshore,Hour,755274,755274,0,0,"2025-08-04 03:00:00","2025-08-04 04:00:00","2025-12-04 06:31:06"
Nederland,WindOffshore,Hour,672050,672050,0,0,"2025-08-04 04:00:00","2025-08-04 05:00:00","2025-12-04 06:31:06"
Nederland,WindOffshore,Hour,750863,750863,0,0,"2025-08-04 05:00:00","2025-08-04 06:00:00","2025-12-04 06:31:06"
Nederland,WindOffshore,Hour,348495,348495,0,0,"2025-08-04 06:00:00","2025-08-04 07:00:00","2025-12-04 06:31:06"
Nederland,WindOffshore,Hour,372790,372790,0,0,"2025-08-04 07:00:00","2025-08-04 08:00:00","2025-12-04 06:31:06"
Nederland,WindOffshore,Hour,800730,800730,0,0,"2025-08-04 08:00:00","2025-08-04 09:00:00","2025-12-04 06:31:06"
Nederland,WindOffshore,Hour,1802445,1802445,0,0,"2025-08-04 09:00:00","2025-08-04 10:00:00","2025-12-04 06:31:06"
Nederland,WindOffshore,Hour,3354584,3354584,0,0,"2025-08-04 10:00:00","2025-08-04 11:00:00","2025-12-04 06:31:06"
Nederland,WindOffshore,Hour,3933821,3933821,0,0,"2025-08-04 11:00:00","2025-08-04 12:00:00","2025-12-04 06:31:06"
Nederland,WindOffshore,Hour,4043735,4043735,0,0,"2025-08-04 12:00:00","2025-08-04 13:00:00","2025-12-04 06:31:06"
Nederland,WindOffshore,Hour,4037049,4037049,0,0,"2025-08-04 13:00:00","2025-08-04 14:00:00","2025-12-04 06:31:06"
Nederland,WindOffshore,Hour,4098562,4098562,0,0,"2025-08-04 14:00:00","2025-08-04 15:00:00","2025-12-04 06:31:06"
Nederland,WindOffshore,Hour,4139814,4139814,0,0,"2025-08-04 15:00:00","2025-08-04 16:00:00","2025-12-04 06:31:06"
Nederland,WindOffshore,Hour,4143611,4143611,0,0,"2025-08-04 16:00:00","2025-08-04 17:00:00","2025-12-04 06:31:06"
Nederland,WindOffshore,Hour,4152305,4152305,0,0,"2025-08-04 17:00:00","2025-08-04 18:00:00","2025-12-04 06:31:06"
Nederland,WindOffshore,Hour,4158000,4158000,0,0,"2025-08-04 18:00:00","2025-08-04 19:00:00","2025-12-04 06:31:06"
Nederland,WindOffshore,Hour,4059398,4059398,0,0,"2025-08-04 19:00:00","2025-08-04 20:00:00","2025-12-04 06:31:06"
Nederland,WindOffshore,Hour,3178341,3178341,0,0,"2025-08-04 20:00:00","2025-08-04 21:00:00","2025-12-04 06:31:06"
Nederland,WindOffshore,Hour,1520815,1520815,0,0,"2025-08-04 21:00:00","2025-08-04 22:00:00","2025-12-04 06:31:06"
Nederland,WindOffshore,Hour,1361701,1361701,0,0,"2025-08-04 22:00:00","2025-08-04 23:00:00","2025-12-04 06:31:06"
Nederland,WindOffshore,Hour,2383957,2383957,0,0,"2025-08-04 23:00:00","2025-08-05 00:00:00","2025-12-04 06:31:06"
Nederland,WindOffshore,Hour,2779357,2779357,0,0,"2025-08-05 00:00:00","2025-08-05 01:00:00","2025-12-05 06:31:22"
Nederland,WindOffshore,Hour,3386762,3386762,0,0,"2025-08-05 01:00:00","2025-08-05 02:00:00","2025-12-05 06:31:22"
Nederland,WindOffshore,Hour,3562627,3562627,0,0,"2025-08-05 02:00:00","2025-08-05 03:00:00","2025-12-05 06:31:22"
Nederland,WindOffshore,Hour,3483258,3483258,0,0,"2025-08-05 03:00:00","2025-08-05 04:00:00","2025-12-05 06:31:22"
Nederland,WindOffshore,Hour,3559056,3559056,0,0,"2025-08-05 04:00:00","2025-08-05 05:00:00","2025-12-05 06:31:22"
Nederland,WindOffshore,Hour,3650364,3650364,0,0,"2025-08-05 05:00:00","2025-08-05 06:00:00","2025-12-05 06:31:22"
Nederland,WindOffshore,Hour,3867779,3867779,0,0,"2025-08-05 06:00:00","2025-08-05 07:00:00","2025-12-05 06:31:22"
Nederland,WindOffshore,Hour,4017058,4017058,0,0,"2025-08-05 07:00:00","2025-08-05 08:00:00","2025-12-05 06:31:22"
Nederland,WindOffshore,Hour,2830446,2830446,0,0,"2025-08-05 08:00:00","2025-08-05 09:00:00","2025-12-05 06:31:22"
Nederland,WindOffshore,Hour,2827224,2827224,0,0,"2025-08-05 09:00:00","2025-08-05 10:00:00","2025-12-05 06:31:22"
Nederland,WindOffshore,Hour,2415879,2415879,0,0,"2025-08-05 10:00:00","2025-08-05 11:00:00","2025-12-05 06:31:22"
Nederland,WindOffshore,Hour,2020960,2020960,0,0,"2025-08-05 11:00:00","2025-08-05 12:00:00","2025-12-05 06:31:22"
Nederland,WindOffshore,Hour,2373180,2373180,0,0,"2025-08-05 12:00:00","2025-08-05 13:00:00","2025-12-05 06:31:22"
Nederland,WindOffshore,Hour,2118899,2118899,0,0,"2025-08-05 13:00:00","2025-08-05 14:00:00","2025-12-05 06:31:22"
Nederland,WindOffshore,Hour,1955666,1955666,0,0,"2025-08-05 14:00:00","2025-08-05 15:00:00","2025-12-05 06:31:22"
Nederland,WindOffshore,Hour,2045843,2045843,0,0,"2025-08-05 15:00:00","2025-08-05 16:00:00","2025-12-05 06:31:22"
Nederland,WindOffshore,Hour,2324242,2324242,0,0,"2025-08-05 16:00:00","2025-08-05 17:00:00","2025-12-05 06:31:22"
Nederland,WindOffshore,Hour,1959389,1959389,0,0,"2025-08-05 17:00:00","2025-08-05 18:00:00","2025-12-05 06:31:22"
Nederland,WindOffshore,Hour,1701955,1701955,0,0,"2025-08-05 18:00:00","2025-08-05 19:00:00","2025-12-05 06:31:22"
Nederland,WindOffshore,Hour,2015396,2015396,0,0,"2025-08-05 19:00:00","2025-08-05 20:00:00","2025-12-05 06:31:22"
Nederland,WindOffshore,Hour,2345266,2345266,0,0,"2025-08-05 20:00:00","2025-08-05 21:00:00","2025-12-05 06:31:22"
Nederland,WindOffshore,Hour,2696286,2696286,0,0,"2025-08-05 21:00:00","2025-08-05 22:00:00","2025-12-05 06:31:22"
Nederland,WindOffshore,Hour,3237746,3237746,0,0,"2025-08-05 22:00:00","2025-08-05 23:00:00","2025-12-05 06:31:22"
Nederland,WindOffshore,Hour,3086804,3086804,0,0,"2025-08-05 23:00:00","2025-08-06 00:00:00","2025-12-05 06:31:22"
Nederland,WindOffshore,Hour,2803205,2803205,0,0,"2025-08-06 00:00:00","2025-08-06 01:00:00","2025-12-06 06:31:09"
Nederland,WindOffshore,Hour,2790151,2790151,0,0,"2025-08-06 01:00:00","2025-08-06 02:00:00","2025-12-06 06:31:09"
Nederland,WindOffshore,Hour,2803595,2803595,0,0,"2025-08-06 02:00:00","2025-08-06 03:00:00","2025-12-06 06:31:09"
Nederland,WindOffshore,Hour,2242848,2242848,0,0,"2025-08-06 03:00:00","2025-08-06 04:00:00","2025-12-06 06:31:09"
Nederland,WindOffshore,Hour,1801797,1801797,0,0,"2025-08-06 04:00:00","2025-08-06 05:00:00","2025-12-06 06:31:09"
Nederland,WindOffshore,Hour,1463126,1463126,0,0,"2025-08-06 05:00:00","2025-08-06 06:00:00","2025-12-06 06:31:09"
Nederland,WindOffshore,Hour,1323264,1323264,0,0,"2025-08-06 06:00:00","2025-08-06 07:00:00","2025-12-06 06:31:09"
Nederland,WindOffshore,Hour,1056291,1056291,0,0,"2025-08-06 07:00:00","2025-08-06 08:00:00","2025-12-06 06:31:09"
Nederland,WindOffshore,Hour,563717,563717,0,0,"2025-08-06 08:00:00","2025-08-06 09:00:00","2025-12-06 06:31:09"
Nederland,WindOffshore,Hour,533483,533483,0,0,"2025-08-06 09:00:00","2025-08-06 10:00:00","2025-12-06 06:31:09"
Nederland,WindOffshore,Hour,449327,449327,0,0,"2025-08-06 10:00:00","2025-08-06 11:00:00","2025-12-06 06:31:09"
Nederland,WindOffshore,Hour,366208,366208,0,0,"2025-08-06 11:00:00","2025-08-06 12:00:00","2025-12-06 06:31:09"
Nederland,WindOffshore,Hour,387829,387829,0,0,"2025-08-06 12:00:00","2025-08-06 13:00:00","2025-12-06 06:31:09"
Nederland,WindOffshore,Hour,552067,552067,0,0,"2025-08-06 13:00:00","2025-08-06 14:00:00","2025-12-06 06:31:09"
Nederland,WindOffshore,Hour,917542,917542,0,0,"2025-08-06 14:00:00","2025-08-06 15:00:00","2025-12-06 06:31:09"
Nederland,WindOffshore,Hour,666551,666551,0,0,"2025-08-06 15:00:00","2025-08-06 16:00:00","2025-12-06 06:31:09"
Nederland,WindOffshore,Hour,538239,538239,0,0,"2025-08-06 16:00:00","2025-08-06 17:00:00","2025-12-06 06:31:09"
Nederland,WindOffshore,Hour,314805,314805,0,0,"2025-08-06 17:00:00","2025-08-06 18:00:00","2025-12-06 06:31:09"
Nederland,WindOffshore,Hour,193780,193780,0,0,"2025-08-06 18:00:00","2025-08-06 19:00:00","2025-12-06 06:31:09"
Nederland,WindOffshore,Hour,114432,114432,0,0,"2025-08-06 19:00:00","2025-08-06 20:00:00","2025-12-06 06:31:09"
Nederland,WindOffshore,Hour,85601,85601,0,0,"2025-08-06 20:00:00","2025-08-06 21:00:00","2025-12-06 06:31:09"
Nederland,WindOffshore,Hour,94797,94797,0,0,"2025-08-06 21:00:00","2025-08-06 22:00:00","2025-12-06 06:31:09"
Nederland,WindOffshore,Hour,244705,244705,0,0,"2025-08-06 22:00:00","2025-08-06 23:00:00","2025-12-06 06:31:09"
Nederland,WindOffshore,Hour,794752,794752,0,0,"2025-08-06 23:00:00","2025-08-07 00:00:00","2025-12-06 06:31:09"
Nederland,WindOffshore,Hour,1323829,1323829,0,0,"2025-08-07 00:00:00","2025-08-07 01:00:00","2025-12-07 06:31:20"
Nederland,WindOffshore,Hour,1726100,1726100,0,0,"2025-08-07 01:00:00","2025-08-07 02:00:00","2025-12-07 06:31:20"
Nederland,WindOffshore,Hour,1750350,1750350,0,0,"2025-08-07 02:00:00","2025-08-07 03:00:00","2025-12-07 06:31:20"
Nederland,WindOffshore,Hour,1218999,1218999,0,0,"2025-08-07 03:00:00","2025-08-07 04:00:00","2025-12-07 06:31:20"
Nederland,WindOffshore,Hour,1103835,1103835,0,0,"2025-08-07 04:00:00","2025-08-07 05:00:00","2025-12-07 06:31:20"
Nederland,WindOffshore,Hour,1507948,1507948,0,0,"2025-08-07 05:00:00","2025-08-07 06:00:00","2025-12-07 06:31:20"
Nederland,WindOffshore,Hour,1535759,1535759,0,0,"2025-08-07 06:00:00","2025-08-07 07:00:00","2025-12-07 06:31:20"
Nederland,WindOffshore,Hour,1764915,1764915,0,0,"2025-08-07 07:00:00","2025-08-07 08:00:00","2025-12-07 06:31:20"
Nederland,WindOffshore,Hour,1691173,1691173,0,0,"2025-08-07 08:00:00","2025-08-07 09:00:00","2025-12-07 06:31:20"
Nederland,WindOffshore,Hour,1748032,1748032,0,0,"2025-08-07 09:00:00","2025-08-07 10:00:00","2025-12-07 06:31:20"
Nederland,WindOffshore,Hour,1417258,1417258,0,0,"2025-08-07 10:00:00","2025-08-07 11:00:00","2025-12-07 06:31:20"
Nederland,WindOffshore,Hour,1818817,1818817,0,0,"2025-08-07 11:00:00","2025-08-07 12:00:00","2025-12-07 06:31:20"
Nederland,WindOffshore,Hour,2232129,2232129,0,0,"2025-08-07 12:00:00","2025-08-07 13:00:00","2025-12-07 06:31:20"
Nederland,WindOffshore,Hour,2134186,2134186,0,0,"2025-08-07 13:00:00","2025-08-07 14:00:00","2025-12-07 06:31:20"
Nederland,WindOffshore,Hour,2821641,2821641,0,0,"2025-08-07 14:00:00","2025-08-07 15:00:00","2025-12-07 06:31:20"
Nederland,WindOffshore,Hour,3226705,3226705,0,0,"2025-08-07 15:00:00","2025-08-07 16:00:00","2025-12-07 06:31:20"
Nederland,WindOffshore,Hour,3692893,3692893,0,0,"2025-08-07 16:00:00","2025-08-07 17:00:00","2025-12-07 06:31:20"
Nederland,WindOffshore,Hour,3657525,3657525,0,0,"2025-08-07 17:00:00","2025-08-07 18:00:00","2025-12-07 06:31:20"
Nederland,WindOffshore,Hour,3431995,3431995,0,0,"2025-08-07 18:00:00","2025-08-07 19:00:00","2025-12-07 06:31:20"
Nederland,WindOffshore,Hour,3128130,3128130,0,0,"2025-08-07 19:00:00","2025-08-07 20:00:00","2025-12-07 06:31:20"
Nederland,WindOffshore,Hour,2696821,2696821,0,0,"2025-08-07 20:00:00","2025-08-07 21:00:00","2025-12-07 06:31:20"
Nederland,WindOffshore,Hour,3092946,3092946,0,0,"2025-08-07 21:00:00","2025-08-07 22:00:00","2025-12-07 06:31:20"
Nederland,WindOffshore,Hour,3357081,3357081,0,0,"2025-08-07 22:00:00","2025-08-07 23:00:00","2025-12-07 06:31:20"
Nederland,WindOffshore,Hour,3361074,3361074,0,0,"2025-08-07 23:00:00","2025-08-08 00:00:00","2025-12-07 06:31:20"
Nederland,WindOffshore,Hour,3176588,3176588,0,0,"2025-08-08 00:00:00","2025-08-08 01:00:00","2025-12-08 06:30:48"
Nederland,WindOffshore,Hour,2707839,2707839,0,0,"2025-08-08 01:00:00","2025-08-08 02:00:00","2025-12-08 06:30:48"
Nederland,WindOffshore,Hour,2360165,2360165,0,0,"2025-08-08 02:00:00","2025-08-08 03:00:00","2025-12-08 06:30:48"
Nederland,WindOffshore,Hour,1853527,1853527,0,0,"2025-08-08 03:00:00","2025-08-08 04:00:00","2025-12-08 06:30:48"
Nederland,WindOffshore,Hour,1497811,1497811,0,0,"2025-08-08 04:00:00","2025-08-08 05:00:00","2025-12-08 06:30:48"
Nederland,WindOffshore,Hour,1231625,1231625,0,0,"2025-08-08 05:00:00","2025-08-08 06:00:00","2025-12-08 06:30:48"
Nederland,WindOffshore,Hour,819515,819515,0,0,"2025-08-08 06:00:00","2025-08-08 07:00:00","2025-12-08 06:30:48"
Nederland,WindOffshore,Hour,528257,528257,0,0,"2025-08-08 07:00:00","2025-08-08 08:00:00","2025-12-08 06:30:48"
Nederland,WindOffshore,Hour,466298,466298,0,0,"2025-08-08 08:00:00","2025-08-08 09:00:00","2025-12-08 06:30:48"
Nederland,WindOffshore,Hour,316709,316709,0,0,"2025-08-08 09:00:00","2025-08-08 10:00:00","2025-12-08 06:30:48"
Nederland,WindOffshore,Hour,201235,201235,0,0,"2025-08-08 10:00:00","2025-08-08 11:00:00","2025-12-08 06:30:48"
Nederland,WindOffshore,Hour,128687,128687,0,0,"2025-08-08 11:00:00","2025-08-08 12:00:00","2025-12-08 06:30:48"
Nederland,WindOffshore,Hour,87198,87198,0,0,"2025-08-08 12:00:00","2025-08-08 13:00:00","2025-12-08 06:30:48"
Nederland,WindOffshore,Hour,87192,87192,0,0,"2025-08-08 13:00:00","2025-08-08 14:00:00","2025-12-08 06:30:48"
Nederland,WindOffshore,Hour,84729,84729,0,0,"2025-08-08 14:00:00","2025-08-08 15:00:00","2025-12-08 06:30:48"
Nederland,WindOffshore,Hour,86421,86421,0,0,"2025-08-08 15:00:00","2025-08-08 16:00:00","2025-12-08 06:30:48"
Nederland,WindOffshore,Hour,95749,95749,0,0,"2025-08-08 16:00:00","2025-08-08 17:00:00","2025-12-08 06:30:48"
Nederland,WindOffshore,Hour,177667,177667,0,0,"2025-08-08 17:00:00","2025-08-08 18:00:00","2025-12-08 06:30:48"
Nederland,WindOffshore,Hour,163532,163532,0,0,"2025-08-08 18:00:00","2025-08-08 19:00:00","2025-12-08 06:30:48"
Nederland,WindOffshore,Hour,157208,157208,0,0,"2025-08-08 19:00:00","2025-08-08 20:00:00","2025-12-08 06:30:48"
Nederland,WindOffshore,Hour,118739,118739,0,0,"2025-08-08 20:00:00","2025-08-08 21:00:00","2025-12-08 06:30:48"
Nederland,WindOffshore,Hour,77610,77610,0,0,"2025-08-08 21:00:00","2025-08-08 22:00:00","2025-12-08 06:30:48"
Nederland,WindOffshore,Hour,86894,86894,0,0,"2025-08-08 22:00:00","2025-08-08 23:00:00","2025-12-08 06:30:48"
Nederland,WindOffshore,Hour,124400,124400,0,0,"2025-08-08 23:00:00","2025-08-09 00:00:00","2025-12-08 06:30:48"
Nederland,WindOffshore,Hour,198631,198631,0,0,"2025-08-09 00:00:00","2025-08-09 01:00:00","2025-12-09 06:31:23"
Nederland,WindOffshore,Hour,286487,286487,0,0,"2025-08-09 01:00:00","2025-08-09 02:00:00","2025-12-09 06:31:23"
Nederland,WindOffshore,Hour,349222,349222,0,0,"2025-08-09 02:00:00","2025-08-09 03:00:00","2025-12-09 06:31:23"
Nederland,WindOffshore,Hour,373703,373703,0,0,"2025-08-09 03:00:00","2025-08-09 04:00:00","2025-12-09 06:31:23"
Nederland,WindOffshore,Hour,588809,588809,0,0,"2025-08-09 04:00:00","2025-08-09 05:00:00","2025-12-09 06:31:23"
Nederland,WindOffshore,Hour,768762,768762,0,0,"2025-08-09 05:00:00","2025-08-09 06:00:00","2025-12-09 06:31:23"
Nederland,WindOffshore,Hour,810641,810641,0,0,"2025-08-09 06:00:00","2025-08-09 07:00:00","2025-12-09 06:31:23"
Nederland,WindOffshore,Hour,700932,700932,0,0,"2025-08-09 07:00:00","2025-08-09 08:00:00","2025-12-09 06:31:23"
Nederland,WindOffshore,Hour,311945,311945,0,0,"2025-08-09 08:00:00","2025-08-09 09:00:00","2025-12-09 06:31:23"
Nederland,WindOffshore,Hour,307322,307322,0,0,"2025-08-09 09:00:00","2025-08-09 10:00:00","2025-12-09 06:31:23"
Nederland,WindOffshore,Hour,269714,269714,0,0,"2025-08-09 10:00:00","2025-08-09 11:00:00","2025-12-09 06:31:23"
Nederland,WindOffshore,Hour,385216,385216,0,0,"2025-08-09 11:00:00","2025-08-09 12:00:00","2025-12-09 06:31:23"
Nederland,WindOffshore,Hour,689340,689340,0,0,"2025-08-09 12:00:00","2025-08-09 13:00:00","2025-12-09 06:31:23"
Nederland,WindOffshore,Hour,778281,778281,0,0,"2025-08-09 13:00:00","2025-08-09 14:00:00","2025-12-09 06:31:23"
Nederland,WindOffshore,Hour,758094,758094,0,0,"2025-08-09 14:00:00","2025-08-09 15:00:00","2025-12-09 06:31:23"
Nederland,WindOffshore,Hour,1373895,1373895,0,0,"2025-08-09 15:00:00","2025-08-09 16:00:00","2025-12-09 06:31:23"
Nederland,WindOffshore,Hour,1640094,1640094,0,0,"2025-08-09 16:00:00","2025-08-09 17:00:00","2025-12-09 06:31:23"
Nederland,WindOffshore,Hour,1718859,1718859,0,0,"2025-08-09 17:00:00","2025-08-09 18:00:00","2025-12-09 06:31:23"
Nederland,WindOffshore,Hour,1830913,1830913,0,0,"2025-08-09 18:00:00","2025-08-09 19:00:00","2025-12-09 06:31:23"
Nederland,WindOffshore,Hour,1629569,1629569,0,0,"2025-08-09 19:00:00","2025-08-09 20:00:00","2025-12-09 06:31:23"
Nederland,WindOffshore,Hour,1279781,1279781,0,0,"2025-08-09 20:00:00","2025-08-09 21:00:00","2025-12-09 06:31:23"
Nederland,WindOffshore,Hour,1120689,1120689,0,0,"2025-08-09 21:00:00","2025-08-09 22:00:00","2025-12-09 06:31:23"
Nederland,WindOffshore,Hour,1071415,1071415,0,0,"2025-08-09 22:00:00","2025-08-09 23:00:00","2025-12-09 06:31:23"
Nederland,WindOffshore,Hour,1044948,1044948,0,0,"2025-08-09 23:00:00","2025-08-10 00:00:00","2025-12-09 06:31:23"
Nederland,WindOffshore,Hour,513353,513353,0,0,"2025-08-10 00:00:00","2025-08-10 01:00:00","2025-12-10 06:30:53"
Nederland,WindOffshore,Hour,243218,243218,0,0,"2025-08-10 01:00:00","2025-08-10 02:00:00","2025-12-10 06:30:53"
Nederland,WindOffshore,Hour,621209,621209,0,0,"2025-08-10 02:00:00","2025-08-10 03:00:00","2025-12-10 06:30:53"
Nederland,WindOffshore,Hour,1246543,1246543,0,0,"2025-08-10 03:00:00","2025-08-10 04:00:00","2025-12-10 06:30:53"
Nederland,WindOffshore,Hour,1018754,1018754,0,0,"2025-08-10 04:00:00","2025-08-10 05:00:00","2025-12-10 06:30:53"
Nederland,WindOffshore,Hour,719942,719942,0,0,"2025-08-10 05:00:00","2025-08-10 06:00:00","2025-12-10 06:30:53"
Nederland,WindOffshore,Hour,380646,380646,0,0,"2025-08-10 06:00:00","2025-08-10 07:00:00","2025-12-10 06:30:53"
Nederland,WindOffshore,Hour,132067,132067,0,0,"2025-08-10 07:00:00","2025-08-10 08:00:00","2025-12-10 06:30:53"
Nederland,WindOffshore,Hour,72663,72663,0,0,"2025-08-10 08:00:00","2025-08-10 09:00:00","2025-12-10 06:30:53"
Nederland,WindOffshore,Hour,27105,27105,0,0,"2025-08-10 09:00:00","2025-08-10 10:00:00","2025-12-10 06:30:53"
Nederland,WindOffshore,Hour,31821,31821,0,0,"2025-08-10 10:00:00","2025-08-10 11:00:00","2025-12-10 06:30:53"
Nederland,WindOffshore,Hour,34053,34053,0,0,"2025-08-10 11:00:00","2025-08-10 12:00:00","2025-12-10 06:30:53"
Nederland,WindOffshore,Hour,36655,36655,0,0,"2025-08-10 12:00:00","2025-08-10 13:00:00","2025-12-10 06:30:53"
Nederland,WindOffshore,Hour,49404,49404,0,0,"2025-08-10 13:00:00","2025-08-10 14:00:00","2025-12-10 06:30:53"
Nederland,WindOffshore,Hour,58967,58967,0,0,"2025-08-10 14:00:00","2025-08-10 15:00:00","2025-12-10 06:30:53"
Nederland,WindOffshore,Hour,65843,65843,0,0,"2025-08-10 15:00:00","2025-08-10 16:00:00","2025-12-10 06:30:53"
Nederland,WindOffshore,Hour,77262,77262,0,0,"2025-08-10 16:00:00","2025-08-10 17:00:00","2025-12-10 06:30:53"
Nederland,WindOffshore,Hour,95522,95522,0,0,"2025-08-10 17:00:00","2025-08-10 18:00:00","2025-12-10 06:30:53"
Nederland,WindOffshore,Hour,159678,159678,0,0,"2025-08-10 18:00:00","2025-08-10 19:00:00","2025-12-10 06:30:53"
Nederland,WindOffshore,Hour,221119,221119,0,0,"2025-08-10 19:00:00","2025-08-10 20:00:00","2025-12-10 06:30:53"
Nederland,WindOffshore,Hour,253378,253378,0,0,"2025-08-10 20:00:00","2025-08-10 21:00:00","2025-12-10 06:30:53"
Nederland,WindOffshore,Hour,308038,308038,0,0,"2025-08-10 21:00:00","2025-08-10 22:00:00","2025-12-10 06:30:53"
Nederland,WindOffshore,Hour,279975,279975,0,0,"2025-08-10 22:00:00","2025-08-10 23:00:00","2025-12-10 06:30:53"
Nederland,WindOffshore,Hour,439425,439425,0,0,"2025-08-10 23:00:00","2025-08-11 00:00:00","2025-12-10 06:30:53"
Nederland,WindOffshore,Hour,626708,626708,0,0,"2025-08-11 00:00:00","2025-08-11 01:00:00","2025-12-11 06:31:20"
Nederland,WindOffshore,Hour,663013,663013,0,0,"2025-08-11 01:00:00","2025-08-11 02:00:00","2025-12-11 06:31:20"
Nederland,WindOffshore,Hour,684770,684770,0,0,"2025-08-11 02:00:00","2025-08-11 03:00:00","2025-12-11 06:31:20"
Nederland,WindOffshore,Hour,632637,632637,0,0,"2025-08-11 03:00:00","2025-08-11 04:00:00","2025-12-11 06:31:20"
Nederland,WindOffshore,Hour,441831,441831,0,0,"2025-08-11 04:00:00","2025-08-11 05:00:00","2025-12-11 06:31:20"
Nederland,WindOffshore,Hour,252129,252129,0,0,"2025-08-11 05:00:00","2025-08-11 06:00:00","2025-12-11 06:31:20"
Nederland,WindOffshore,Hour,101594,101594,0,0,"2025-08-11 06:00:00","2025-08-11 07:00:00","2025-12-11 06:31:20"
Nederland,WindOffshore,Hour,56701,56701,0,0,"2025-08-11 07:00:00","2025-08-11 08:00:00","2025-12-11 06:31:20"
Nederland,WindOffshore,Hour,22180,22180,0,0,"2025-08-11 08:00:00","2025-08-11 09:00:00","2025-12-11 06:31:20"
Nederland,WindOffshore,Hour,4334,4334,0,0,"2025-08-11 09:00:00","2025-08-11 10:00:00","2025-12-11 06:31:20"
Nederland,WindOffshore,Hour,14973,14973,0,0,"2025-08-11 10:00:00","2025-08-11 11:00:00","2025-12-11 06:31:20"
Nederland,WindOffshore,Hour,44152,44152,0,0,"2025-08-11 11:00:00","2025-08-11 12:00:00","2025-12-11 06:31:20"
Nederland,WindOffshore,Hour,68966,68966,0,0,"2025-08-11 12:00:00","2025-08-11 13:00:00","2025-12-11 06:31:20"
Nederland,WindOffshore,Hour,118815,118815,0,0,"2025-08-11 13:00:00","2025-08-11 14:00:00","2025-12-11 06:31:20"
Nederland,WindOffshore,Hour,354656,354656,0,0,"2025-08-11 14:00:00","2025-08-11 15:00:00","2025-12-11 06:31:20"
Nederland,WindOffshore,Hour,580162,580162,0,0,"2025-08-11 15:00:00","2025-08-11 16:00:00","2025-12-11 06:31:20"
Nederland,WindOffshore,Hour,686622,686622,0,0,"2025-08-11 16:00:00","2025-08-11 17:00:00","2025-12-11 06:31:20"
Nederland,WindOffshore,Hour,940256,940256,0,0,"2025-08-11 17:00:00","2025-08-11 18:00:00","2025-12-11 06:31:20"
Nederland,WindOffshore,Hour,1242201,1242201,0,0,"2025-08-11 18:00:00","2025-08-11 19:00:00","2025-12-11 06:31:20"
Nederland,WindOffshore,Hour,1462081,1462081,0,0,"2025-08-11 19:00:00","2025-08-11 20:00:00","2025-12-11 06:31:20"
Nederland,WindOffshore,Hour,1426135,1426135,0,0,"2025-08-11 20:00:00","2025-08-11 21:00:00","2025-12-11 06:31:20"
Nederland,WindOffshore,Hour,1446328,1446328,0,0,"2025-08-11 21:00:00","2025-08-11 22:00:00","2025-12-11 06:31:20"
Nederland,WindOffshore,Hour,1557897,1557897,0,0,"2025-08-11 22:00:00","2025-08-11 23:00:00","2025-12-11 06:31:20"
Nederland,WindOffshore,Hour,2209649,2209649,0,0,"2025-08-11 23:00:00","2025-08-12 00:00:00","2025-12-11 06:31:20"
Nederland,WindOffshore,Hour,2063757,2063757,0,0,"2025-08-12 00:00:00","2025-08-12 01:00:00","2025-12-12 06:31:16"
Nederland,WindOffshore,Hour,1741637,1741637,0,0,"2025-08-12 01:00:00","2025-08-12 02:00:00","2025-12-12 06:31:16"
Nederland,WindOffshore,Hour,1613221,1613221,0,0,"2025-08-12 02:00:00","2025-08-12 03:00:00","2025-12-12 06:31:16"
Nederland,WindOffshore,Hour,1465179,1465179,0,0,"2025-08-12 03:00:00","2025-08-12 04:00:00","2025-12-12 06:31:16"
Nederland,WindOffshore,Hour,1483506,1483506,0,0,"2025-08-12 04:00:00","2025-08-12 05:00:00","2025-12-12 06:31:16"
Nederland,WindOffshore,Hour,845886,845886,0,0,"2025-08-12 05:00:00","2025-08-12 06:00:00","2025-12-12 06:31:16"
Nederland,WindOffshore,Hour,501345,501345,0,0,"2025-08-12 06:00:00","2025-08-12 07:00:00","2025-12-12 06:31:16"
Nederland,WindOffshore,Hour,517842,517842,0,0,"2025-08-12 07:00:00","2025-08-12 08:00:00","2025-12-12 06:31:16"
Nederland,WindOffshore,Hour,615993,615993,0,0,"2025-08-12 08:00:00","2025-08-12 09:00:00","2025-12-12 06:31:16"
Nederland,WindOffshore,Hour,499218,499218,0,0,"2025-08-12 09:00:00","2025-08-12 10:00:00","2025-12-12 06:31:16"
Nederland,WindOffshore,Hour,460259,460259,0,0,"2025-08-12 10:00:00","2025-08-12 11:00:00","2025-12-12 06:31:16"
Nederland,WindOffshore,Hour,684126,684126,0,0,"2025-08-12 11:00:00","2025-08-12 12:00:00","2025-12-12 06:31:16"
Nederland,WindOffshore,Hour,963288,963288,0,0,"2025-08-12 12:00:00","2025-08-12 13:00:00","2025-12-12 06:31:16"
Nederland,WindOffshore,Hour,1033690,1033690,0,0,"2025-08-12 13:00:00","2025-08-12 14:00:00","2025-12-12 06:31:16"
Nederland,WindOffshore,Hour,1006833,1006833,0,0,"2025-08-12 14:00:00","2025-08-12 15:00:00","2025-12-12 06:31:16"
Nederland,WindOffshore,Hour,1051783,1051783,0,0,"2025-08-12 15:00:00","2025-08-12 16:00:00","2025-12-12 06:31:16"
Nederland,WindOffshore,Hour,1094983,1094983,0,0,"2025-08-12 16:00:00","2025-08-12 17:00:00","2025-12-12 06:31:16"
Nederland,WindOffshore,Hour,1094488,1094488,0,0,"2025-08-12 17:00:00","2025-08-12 18:00:00","2025-12-12 06:31:16"
Nederland,WindOffshore,Hour,1143486,1143486,0,0,"2025-08-12 18:00:00","2025-08-12 19:00:00","2025-12-12 06:31:16"
Nederland,WindOffshore,Hour,1444580,1444580,0,0,"2025-08-12 19:00:00","2025-08-12 20:00:00","2025-12-12 06:31:16"
Nederland,WindOffshore,Hour,1453282,1453282,0,0,"2025-08-12 20:00:00","2025-08-12 21:00:00","2025-12-12 06:31:16"
Nederland,WindOffshore,Hour,860485,860485,0,0,"2025-08-12 21:00:00","2025-08-12 22:00:00","2025-12-12 06:31:16"
Nederland,WindOffshore,Hour,573587,573587,0,0,"2025-08-12 22:00:00","2025-08-12 23:00:00","2025-12-12 06:31:16"
Nederland,WindOffshore,Hour,529554,529554,0,0,"2025-08-12 23:00:00","2025-08-13 00:00:00","2025-12-12 06:31:16"
Nederland,WindOffshore,Hour,197927,197927,0,0,"2025-08-13 00:00:00","2025-08-13 01:00:00","2025-12-13 06:31:06"
Nederland,WindOffshore,Hour,87960,87960,0,0,"2025-08-13 01:00:00","2025-08-13 02:00:00","2025-12-13 06:31:06"
Nederland,WindOffshore,Hour,86561,86561,0,0,"2025-08-13 02:00:00","2025-08-13 03:00:00","2025-12-13 06:31:06"
Nederland,WindOffshore,Hour,78962,78962,0,0,"2025-08-13 03:00:00","2025-08-13 04:00:00","2025-12-13 06:31:06"
Nederland,WindOffshore,Hour,7028,7028,0,0,"2025-08-13 04:00:00","2025-08-13 05:00:00","2025-12-13 06:31:06"
Nederland,WindOffshore,Hour,115579,115579,0,0,"2025-08-13 05:00:00","2025-08-13 06:00:00","2025-12-13 06:31:06"
Nederland,WindOffshore,Hour,488265,488265,0,0,"2025-08-13 06:00:00","2025-08-13 07:00:00","2025-12-13 06:31:06"
Nederland,WindOffshore,Hour,233507,233507,0,0,"2025-08-13 07:00:00","2025-08-13 08:00:00","2025-12-13 06:31:06"
Nederland,WindOffshore,Hour,166887,166887,0,0,"2025-08-13 08:00:00","2025-08-13 09:00:00","2025-12-13 06:31:06"
Nederland,WindOffshore,Hour,586432,586432,0,0,"2025-08-13 09:00:00","2025-08-13 10:00:00","2025-12-13 06:31:06"
Nederland,WindOffshore,Hour,537080,537080,0,0,"2025-08-13 10:00:00","2025-08-13 11:00:00","2025-12-13 06:31:06"
Nederland,WindOffshore,Hour,233100,233100,0,0,"2025-08-13 11:00:00","2025-08-13 12:00:00","2025-12-13 06:31:06"
Nederland,WindOffshore,Hour,165914,165914,0,0,"2025-08-13 12:00:00","2025-08-13 13:00:00","2025-12-13 06:31:06"
Nederland,WindOffshore,Hour,290219,290219,0,0,"2025-08-13 13:00:00","2025-08-13 14:00:00","2025-12-13 06:31:06"
Nederland,WindOffshore,Hour,375957,375957,0,0,"2025-08-13 14:00:00","2025-08-13 15:00:00","2025-12-13 06:31:06"
Nederland,WindOffshore,Hour,67393,67393,0,0,"2025-08-13 15:00:00","2025-08-13 16:00:00","2025-12-13 06:31:06"
Nederland,WindOffshore,Hour,101042,101042,0,0,"2025-08-13 16:00:00","2025-08-13 17:00:00","2025-12-13 06:31:06"
Nederland,WindOffshore,Hour,52507,52507,0,0,"2025-08-13 17:00:00","2025-08-13 18:00:00","2025-12-13 06:31:06"
Nederland,WindOffshore,Hour,22599,22599,0,0,"2025-08-13 18:00:00","2025-08-13 19:00:00","2025-12-13 06:31:06"
Nederland,WindOffshore,Hour,67438,67438,0,0,"2025-08-13 19:00:00","2025-08-13 20:00:00","2025-12-13 06:31:06"
Nederland,WindOffshore,Hour,116199,116199,0,0,"2025-08-13 20:00:00","2025-08-13 21:00:00","2025-12-13 06:31:06"
Nederland,WindOffshore,Hour,234281,234281,0,0,"2025-08-13 21:00:00","2025-08-13 22:00:00","2025-12-13 06:31:06"
Nederland,WindOffshore,Hour,198995,198995,0,0,"2025-08-13 22:00:00","2025-08-13 23:00:00","2025-12-13 06:31:06"
Nederland,WindOffshore,Hour,240983,240983,0,0,"2025-08-13 23:00:00","2025-08-14 00:00:00","2025-12-13 06:31:06"
Nederland,WindOffshore,Hour,119365,119365,0,0,"2025-08-14 00:00:00","2025-08-14 01:00:00","2025-12-14 06:31:19"
Nederland,WindOffshore,Hour,299890,299890,0,0,"2025-08-14 01:00:00","2025-08-14 02:00:00","2025-12-14 06:31:19"
Nederland,WindOffshore,Hour,386313,386313,0,0,"2025-08-14 02:00:00","2025-08-14 03:00:00","2025-12-14 06:31:19"
Nederland,WindOffshore,Hour,621622,621622,0,0,"2025-08-14 03:00:00","2025-08-14 04:00:00","2025-12-14 06:31:19"
Nederland,WindOffshore,Hour,461172,461172,0,0,"2025-08-14 04:00:00","2025-08-14 05:00:00","2025-12-14 06:31:19"
Nederland,WindOffshore,Hour,285264,285264,0,0,"2025-08-14 05:00:00","2025-08-14 06:00:00","2025-12-14 06:31:19"
Nederland,WindOffshore,Hour,558971,558971,0,0,"2025-08-14 06:00:00","2025-08-14 07:00:00","2025-12-14 06:31:19"
Nederland,WindOffshore,Hour,860091,860091,0,0,"2025-08-14 07:00:00","2025-08-14 08:00:00","2025-12-14 06:31:19"
Nederland,WindOffshore,Hour,1110438,1110438,0,0,"2025-08-14 08:00:00","2025-08-14 09:00:00","2025-12-14 06:31:19"
Nederland,WindOffshore,Hour,881675,881675,0,0,"2025-08-14 09:00:00","2025-08-14 10:00:00","2025-12-14 06:31:19"
Nederland,WindOffshore,Hour,462087,462087,0,0,"2025-08-14 10:00:00","2025-08-14 11:00:00","2025-12-14 06:31:19"
Nederland,WindOffshore,Hour,563321,563321,0,0,"2025-08-14 11:00:00","2025-08-14 12:00:00","2025-12-14 06:31:19"
Nederland,WindOffshore,Hour,550618,550618,0,0,"2025-08-14 12:00:00","2025-08-14 13:00:00","2025-12-14 06:31:19"
Nederland,WindOffshore,Hour,760392,760392,0,0,"2025-08-14 13:00:00","2025-08-14 14:00:00","2025-12-14 06:31:19"
Nederland,WindOffshore,Hour,756507,756507,0,0,"2025-08-14 14:00:00","2025-08-14 15:00:00","2025-12-14 06:31:19"
Nederland,WindOffshore,Hour,677118,677118,0,0,"2025-08-14 15:00:00","2025-08-14 16:00:00","2025-12-14 06:31:19"
Nederland,WindOffshore,Hour,477247,477247,0,0,"2025-08-14 16:00:00","2025-08-14 17:00:00","2025-12-14 06:31:19"
Nederland,WindOffshore,Hour,325548,325548,0,0,"2025-08-14 17:00:00","2025-08-14 18:00:00","2025-12-14 06:31:19"
Nederland,WindOffshore,Hour,407021,407021,0,0,"2025-08-14 18:00:00","2025-08-14 19:00:00","2025-12-14 06:31:19"
Nederland,WindOffshore,Hour,375084,375084,0,0,"2025-08-14 19:00:00","2025-08-14 20:00:00","2025-12-14 06:31:19"
Nederland,WindOffshore,Hour,189598,189598,0,0,"2025-08-14 20:00:00","2025-08-14 21:00:00","2025-12-14 06:31:19"
Nederland,WindOffshore,Hour,210045,210045,0,0,"2025-08-14 21:00:00","2025-08-14 22:00:00","2025-12-14 06:31:19"
Nederland,WindOffshore,Hour,255269,255269,0,0,"2025-08-14 22:00:00","2025-08-14 23:00:00","2025-12-14 06:31:19"
Nederland,WindOffshore,Hour,288629,288629,0,0,"2025-08-14 23:00:00","2025-08-15 00:00:00","2025-12-14 06:31:19"
Nederland,WindOffshore,Hour,320446,320446,0,0,"2025-08-15 00:00:00","2025-08-15 01:00:00","2025-12-15 06:31:22"
Nederland,WindOffshore,Hour,298020,298020,0,0,"2025-08-15 01:00:00","2025-08-15 02:00:00","2025-12-15 06:31:22"
Nederland,WindOffshore,Hour,214421,214421,0,0,"2025-08-15 02:00:00","2025-08-15 03:00:00","2025-12-15 06:31:22"
Nederland,WindOffshore,Hour,204671,204671,0,0,"2025-08-15 03:00:00","2025-08-15 04:00:00","2025-12-15 06:31:22"
Nederland,WindOffshore,Hour,186297,186297,0,0,"2025-08-15 04:00:00","2025-08-15 05:00:00","2025-12-15 06:31:22"
Nederland,WindOffshore,Hour,178310,178310,0,0,"2025-08-15 05:00:00","2025-08-15 06:00:00","2025-12-15 06:31:22"
Nederland,WindOffshore,Hour,98575,98575,0,0,"2025-08-15 06:00:00","2025-08-15 07:00:00","2025-12-15 06:31:22"
Nederland,WindOffshore,Hour,94294,94294,0,0,"2025-08-15 07:00:00","2025-08-15 08:00:00","2025-12-15 06:31:22"
Nederland,WindOffshore,Hour,85461,85461,0,0,"2025-08-15 08:00:00","2025-08-15 09:00:00","2025-12-15 06:31:22"
Nederland,WindOffshore,Hour,195612,195612,0,0,"2025-08-15 09:00:00","2025-08-15 10:00:00","2025-12-15 06:31:22"
Nederland,WindOffshore,Hour,288988,288988,0,0,"2025-08-15 10:00:00","2025-08-15 11:00:00","2025-12-15 06:31:22"
Nederland,WindOffshore,Hour,313754,313754,0,0,"2025-08-15 11:00:00","2025-08-15 12:00:00","2025-12-15 06:31:22"
Nederland,WindOffshore,Hour,265331,265331,0,0,"2025-08-15 12:00:00","2025-08-15 13:00:00","2025-12-15 06:31:22"
Nederland,WindOffshore,Hour,584961,584961,0,0,"2025-08-15 13:00:00","2025-08-15 14:00:00","2025-12-15 06:31:22"
Nederland,WindOffshore,Hour,1141982,1141982,0,0,"2025-08-15 14:00:00","2025-08-15 15:00:00","2025-12-15 06:31:22"
Nederland,WindOffshore,Hour,1503313,1503313,0,0,"2025-08-15 15:00:00","2025-08-15 16:00:00","2025-12-15 06:31:22"
Nederland,WindOffshore,Hour,1853394,1853394,0,0,"2025-08-15 16:00:00","2025-08-15 17:00:00","2025-12-15 06:31:22"
Nederland,WindOffshore,Hour,1543558,1543558,0,0,"2025-08-15 17:00:00","2025-08-15 18:00:00","2025-12-15 06:31:22"
Nederland,WindOffshore,Hour,826430,826430,0,0,"2025-08-15 18:00:00","2025-08-15 19:00:00","2025-12-15 06:31:22"
Nederland,WindOffshore,Hour,565398,565398,0,0,"2025-08-15 19:00:00","2025-08-15 20:00:00","2025-12-15 06:31:22"
Nederland,WindOffshore,Hour,714964,714964,0,0,"2025-08-15 20:00:00","2025-08-15 21:00:00","2025-12-15 06:31:22"
Nederland,WindOffshore,Hour,1022311,1022311,0,0,"2025-08-15 21:00:00","2025-08-15 22:00:00","2025-12-15 06:31:22"
Nederland,WindOffshore,Hour,1268967,1268967,0,0,"2025-08-15 22:00:00","2025-08-15 23:00:00","2025-12-15 06:31:22"
Nederland,WindOffshore,Hour,1392979,1392979,0,0,"2025-08-15 23:00:00","2025-08-16 00:00:00","2025-12-15 06:31:22"
Nederland,WindOffshore,Hour,1323763,1323763,0,0,"2025-08-16 00:00:00","2025-08-16 01:00:00","2025-12-16 06:31:22"
Nederland,WindOffshore,Hour,1555297,1555297,0,0,"2025-08-16 01:00:00","2025-08-16 02:00:00","2025-12-16 06:31:22"
Nederland,WindOffshore,Hour,1787541,1787541,0,0,"2025-08-16 02:00:00","2025-08-16 03:00:00","2025-12-16 06:31:22"
Nederland,WindOffshore,Hour,1996269,1996269,0,0,"2025-08-16 03:00:00","2025-08-16 04:00:00","2025-12-16 06:31:22"
Nederland,WindOffshore,Hour,2234767,2234767,0,0,"2025-08-16 04:00:00","2025-08-16 05:00:00","2025-12-16 06:31:22"
Nederland,WindOffshore,Hour,1909487,1909487,0,0,"2025-08-16 05:00:00","2025-08-16 06:00:00","2025-12-16 06:31:22"
Nederland,WindOffshore,Hour,2046838,2046838,0,0,"2025-08-16 06:00:00","2025-08-16 07:00:00","2025-12-16 06:31:22"
Nederland,WindOffshore,Hour,1864856,1864856,0,0,"2025-08-16 07:00:00","2025-08-16 08:00:00","2025-12-16 06:31:22"
Nederland,WindOffshore,Hour,1726178,1726178,0,0,"2025-08-16 08:00:00","2025-08-16 09:00:00","2025-12-16 06:31:22"
Nederland,WindOffshore,Hour,1467594,1467594,0,0,"2025-08-16 09:00:00","2025-08-16 10:00:00","2025-12-16 06:31:22"
Nederland,WindOffshore,Hour,1421836,1421836,0,0,"2025-08-16 10:00:00","2025-08-16 11:00:00","2025-12-16 06:31:22"
Nederland,WindOffshore,Hour,1279504,1279504,0,0,"2025-08-16 11:00:00","2025-08-16 12:00:00","2025-12-16 06:31:22"
Nederland,WindOffshore,Hour,1226080,1226080,0,0,"2025-08-16 12:00:00","2025-08-16 13:00:00","2025-12-16 06:31:22"
Nederland,WindOffshore,Hour,1303424,1303424,0,0,"2025-08-16 13:00:00","2025-08-16 14:00:00","2025-12-16 06:31:22"
Nederland,WindOffshore,Hour,1499519,1499519,0,0,"2025-08-16 14:00:00","2025-08-16 15:00:00","2025-12-16 06:31:22"
Nederland,WindOffshore,Hour,1514946,1514946,0,0,"2025-08-16 15:00:00","2025-08-16 16:00:00","2025-12-16 06:31:22"
Nederland,WindOffshore,Hour,1680497,1680497,0,0,"2025-08-16 16:00:00","2025-08-16 17:00:00","2025-12-16 06:31:22"
Nederland,WindOffshore,Hour,1881605,1881605,0,0,"2025-08-16 17:00:00","2025-08-16 18:00:00","2025-12-16 06:31:22"
Nederland,WindOffshore,Hour,2257099,2257099,0,0,"2025-08-16 18:00:00","2025-08-16 19:00:00","2025-12-16 06:31:22"
Nederland,WindOffshore,Hour,2342490,2342490,0,0,"2025-08-16 19:00:00","2025-08-16 20:00:00","2025-12-16 06:31:22"
Nederland,WindOffshore,Hour,1891902,1891902,0,0,"2025-08-16 20:00:00","2025-08-16 21:00:00","2025-12-16 06:31:22"
Nederland,WindOffshore,Hour,1594831,1594831,0,0,"2025-08-16 21:00:00","2025-08-16 22:00:00","2025-12-16 06:31:22"
Nederland,WindOffshore,Hour,1507373,1507373,0,0,"2025-08-16 22:00:00","2025-08-16 23:00:00","2025-12-16 06:31:22"
Nederland,WindOffshore,Hour,1377814,1377814,0,0,"2025-08-16 23:00:00","2025-08-17 00:00:00","2025-12-16 06:31:22"
Nederland,WindOffshore,Hour,1322704,1322704,0,0,"2025-08-17 00:00:00","2025-08-17 01:00:00","2025-12-17 06:29:41"
Nederland,WindOffshore,Hour,1276035,1276035,0,0,"2025-08-17 01:00:00","2025-08-17 02:00:00","2025-12-17 06:29:41"
Nederland,WindOffshore,Hour,1165053,1165053,0,0,"2025-08-17 02:00:00","2025-08-17 03:00:00","2025-12-17 06:29:41"
Nederland,WindOffshore,Hour,1074381,1074381,0,0,"2025-08-17 03:00:00","2025-08-17 04:00:00","2025-12-17 06:29:41"
Nederland,WindOffshore,Hour,1025792,1025792,0,0,"2025-08-17 04:00:00","2025-08-17 05:00:00","2025-12-17 06:29:41"
Nederland,WindOffshore,Hour,820388,820388,0,0,"2025-08-17 05:00:00","2025-08-17 06:00:00","2025-12-17 06:29:41"
Nederland,WindOffshore,Hour,796651,796651,0,0,"2025-08-17 06:00:00","2025-08-17 07:00:00","2025-12-17 06:29:41"
Nederland,WindOffshore,Hour,881291,881291,0,0,"2025-08-17 07:00:00","2025-08-17 08:00:00","2025-12-17 06:29:41"
Nederland,WindOffshore,Hour,756518,756518,0,0,"2025-08-17 08:00:00","2025-08-17 09:00:00","2025-12-17 06:29:41"
Nederland,WindOffshore,Hour,517369,517369,0,0,"2025-08-17 09:00:00","2025-08-17 10:00:00","2025-12-17 06:29:41"
Nederland,WindOffshore,Hour,420837,420837,0,0,"2025-08-17 10:00:00","2025-08-17 11:00:00","2025-12-17 06:29:41"
Nederland,WindOffshore,Hour,407079,407079,0,0,"2025-08-17 11:00:00","2025-08-17 12:00:00","2025-12-17 06:29:41"
Nederland,WindOffshore,Hour,539411,539411,0,0,"2025-08-17 12:00:00","2025-08-17 13:00:00","2025-12-17 06:29:41"
Nederland,WindOffshore,Hour,683752,683752,0,0,"2025-08-17 13:00:00","2025-08-17 14:00:00","2025-12-17 06:29:41"
Nederland,WindOffshore,Hour,726972,726972,0,0,"2025-08-17 14:00:00","2025-08-17 15:00:00","2025-12-17 06:29:41"
Nederland,WindOffshore,Hour,884585,884585,0,0,"2025-08-17 15:00:00","2025-08-17 16:00:00","2025-12-17 06:29:41"
Nederland,WindOffshore,Hour,977278,977278,0,0,"2025-08-17 16:00:00","2025-08-17 17:00:00","2025-12-17 06:29:41"
Nederland,WindOffshore,Hour,1000213,1000213,0,0,"2025-08-17 17:00:00","2025-08-17 18:00:00","2025-12-17 06:29:41"
Nederland,WindOffshore,Hour,1182925,1182925,0,0,"2025-08-17 18:00:00","2025-08-17 19:00:00","2025-12-17 06:29:41"
Nederland,WindOffshore,Hour,1287446,1287446,0,0,"2025-08-17 19:00:00","2025-08-17 20:00:00","2025-12-17 06:29:41"
Nederland,WindOffshore,Hour,1135631,1135631,0,0,"2025-08-17 20:00:00","2025-08-17 21:00:00","2025-12-17 06:29:41"
Nederland,WindOffshore,Hour,932319,932319,0,0,"2025-08-17 21:00:00","2025-08-17 22:00:00","2025-12-17 06:29:41"
Nederland,WindOffshore,Hour,757493,757493,0,0,"2025-08-17 22:00:00","2025-08-17 23:00:00","2025-12-17 06:29:41"
Nederland,WindOffshore,Hour,742774,742774,0,0,"2025-08-17 23:00:00","2025-08-18 00:00:00","2025-12-17 06:29:41"
Nederland,WindOffshore,Hour,573553,573553,0,0,"2025-08-18 00:00:00","2025-08-18 01:00:00","2025-12-17 06:29:41"
Nederland,WindOffshore,Hour,505135,505135,0,0,"2025-08-18 01:00:00","2025-08-18 02:00:00","2025-12-17 06:29:41"
Nederland,WindOffshore,Hour,356181,356181,0,0,"2025-08-18 02:00:00","2025-08-18 03:00:00","2025-12-17 06:29:41"
Nederland,WindOffshore,Hour,362207,362207,0,0,"2025-08-18 03:00:00","2025-08-18 04:00:00","2025-12-17 06:29:41"
Nederland,WindOffshore,Hour,240584,240584,0,0,"2025-08-18 04:00:00","2025-08-18 05:00:00","2025-12-17 06:29:41"
Nederland,WindOffshore,Hour,194474,194474,0,0,"2025-08-18 05:00:00","2025-08-18 06:00:00","2025-12-17 06:29:41"
Nederland,WindOffshore,Hour,182442,182442,0,0,"2025-08-18 06:00:00","2025-08-18 07:00:00","2025-12-17 06:29:41"
Nederland,WindOffshore,Hour,70692,70692,0,0,"2025-08-18 07:00:00","2025-08-18 08:00:00","2025-12-17 06:29:41"
Nederland,WindOffshore,Hour,121478,121478,0,0,"2025-08-18 08:00:00","2025-08-18 09:00:00","2025-12-17 06:29:41"
Nederland,WindOffshore,Hour,143722,143722,0,0,"2025-08-18 09:00:00","2025-08-18 10:00:00","2025-12-17 06:29:41"
Nederland,WindOffshore,Hour,159711,159711,0,0,"2025-08-18 10:00:00","2025-08-18 11:00:00","2025-12-17 06:29:41"
Nederland,WindOffshore,Hour,167892,167892,0,0,"2025-08-18 11:00:00","2025-08-18 12:00:00","2025-12-17 06:29:41"
Nederland,WindOffshore,Hour,370948,370948,0,0,"2025-08-18 12:00:00","2025-08-18 13:00:00","2025-12-17 06:29:41"
Nederland,WindOffshore,Hour,659408,659408,0,0,"2025-08-18 13:00:00","2025-08-18 14:00:00","2025-12-17 06:29:41"
Nederland,WindOffshore,Hour,939237,939237,0,0,"2025-08-18 14:00:00","2025-08-18 15:00:00","2025-12-17 06:29:41"
Nederland,WindOffshore,Hour,1483892,1483892,0,0,"2025-08-18 15:00:00","2025-08-18 16:00:00","2025-12-17 06:29:41"
Nederland,WindOffshore,Hour,1637436,1637436,0,0,"2025-08-18 16:00:00","2025-08-18 17:00:00","2025-12-17 06:29:41"
Nederland,WindOffshore,Hour,1989604,1989604,0,0,"2025-08-18 17:00:00","2025-08-18 18:00:00","2025-12-17 06:29:41"
Nederland,WindOffshore,Hour,2157002,2157002,0,0,"2025-08-18 18:00:00","2025-08-18 19:00:00","2025-12-17 06:29:41"
Nederland,WindOffshore,Hour,2765341,2765341,0,0,"2025-08-18 19:00:00","2025-08-18 20:00:00","2025-12-17 06:29:41"
Nederland,WindOffshore,Hour,2913449,2913449,0,0,"2025-08-18 20:00:00","2025-08-18 21:00:00","2025-12-17 06:29:41"
Nederland,WindOffshore,Hour,2775139,2775139,0,0,"2025-08-18 21:00:00","2025-08-18 22:00:00","2025-12-17 06:29:41"
Nederland,WindOffshore,Hour,2458571,2458571,0,0,"2025-08-18 22:00:00","2025-08-18 23:00:00","2025-12-17 06:29:41"
Nederland,WindOffshore,Hour,2198052,2198052,0,0,"2025-08-18 23:00:00","2025-08-19 00:00:00","2025-12-17 06:29:41"
Nederland,WindOffshore,Hour,1602901,1602901,0,0,"2025-08-19 00:00:00","2025-08-19 01:00:00","2025-12-17 06:29:41"
Nederland,WindOffshore,Hour,1274187,1274187,0,0,"2025-08-19 01:00:00","2025-08-19 02:00:00","2025-12-17 06:29:41"
Nederland,WindOffshore,Hour,1405926,1405926,0,0,"2025-08-19 02:00:00","2025-08-19 03:00:00","2025-12-17 06:29:41"
Nederland,WindOffshore,Hour,1449455,1449455,0,0,"2025-08-19 03:00:00","2025-08-19 04:00:00","2025-12-17 06:29:41"
Nederland,WindOffshore,Hour,1580141,1580141,0,0,"2025-08-19 04:00:00","2025-08-19 05:00:00","2025-12-17 06:29:41"
Nederland,WindOffshore,Hour,1752170,1752170,0,0,"2025-08-19 05:00:00","2025-08-19 06:00:00","2025-12-17 06:29:41"
Nederland,WindOffshore,Hour,1936471,1936471,0,0,"2025-08-19 06:00:00","2025-08-19 07:00:00","2025-12-17 06:29:41"
Nederland,WindOffshore,Hour,1920293,1920293,0,0,"2025-08-19 07:00:00","2025-08-19 08:00:00","2025-12-17 06:29:41"
Nederland,WindOffshore,Hour,1909647,1909647,0,0,"2025-08-19 08:00:00","2025-08-19 09:00:00","2025-12-17 06:29:41"
Nederland,WindOffshore,Hour,1838269,1838269,0,0,"2025-08-19 09:00:00","2025-08-19 10:00:00","2025-12-17 06:29:41"
Nederland,WindOffshore,Hour,1981673,1981673,0,0,"2025-08-19 10:00:00","2025-08-19 11:00:00","2025-12-17 06:29:41"
Nederland,WindOffshore,Hour,2434863,2434863,0,0,"2025-08-19 11:00:00","2025-08-19 12:00:00","2025-12-17 06:29:41"
Nederland,WindOffshore,Hour,2877993,2877993,0,0,"2025-08-19 12:00:00","2025-08-19 13:00:00","2025-12-17 06:29:41"
Nederland,WindOffshore,Hour,3147929,3147929,0,0,"2025-08-19 13:00:00","2025-08-19 14:00:00","2025-12-17 06:29:41"
Nederland,WindOffshore,Hour,3315566,3315566,0,0,"2025-08-19 14:00:00","2025-08-19 15:00:00","2025-12-17 06:29:41"
Nederland,WindOffshore,Hour,3167924,3167924,0,0,"2025-08-19 15:00:00","2025-08-19 16:00:00","2025-12-17 06:29:41"
Nederland,WindOffshore,Hour,3041212,3041212,0,0,"2025-08-19 16:00:00","2025-08-19 17:00:00","2025-12-17 06:29:41"
Nederland,WindOffshore,Hour,3060594,3060594,0,0,"2025-08-19 17:00:00","2025-08-19 18:00:00","2025-12-17 06:29:41"
Nederland,WindOffshore,Hour,2788751,2788751,0,0,"2025-08-19 18:00:00","2025-08-19 19:00:00","2025-12-17 06:29:41"
Nederland,WindOffshore,Hour,2676957,2676957,0,0,"2025-08-19 19:00:00","2025-08-19 20:00:00","2025-12-17 06:29:41"
Nederland,WindOffshore,Hour,2685075,2685075,0,0,"2025-08-19 20:00:00","2025-08-19 21:00:00","2025-12-17 06:29:41"
Nederland,WindOffshore,Hour,2654441,2654441,0,0,"2025-08-19 21:00:00","2025-08-19 22:00:00","2025-12-17 06:29:41"
Nederland,WindOffshore,Hour,2609280,2609280,0,0,"2025-08-19 22:00:00","2025-08-19 23:00:00","2025-12-17 06:29:41"
Nederland,WindOffshore,Hour,2618641,2618641,0,0,"2025-08-19 23:00:00","2025-08-20 00:00:00","2025-12-17 06:29:41"
Nederland,WindOffshore,Hour,2697094,2697094,0,0,"2025-08-20 00:00:00","2025-08-20 01:00:00","2025-12-17 06:29:41"
Nederland,WindOffshore,Hour,2285748,2285748,0,0,"2025-08-20 01:00:00","2025-08-20 02:00:00","2025-12-17 06:29:41"
Nederland,WindOffshore,Hour,2270458,2270458,0,0,"2025-08-20 02:00:00","2025-08-20 03:00:00","2025-12-17 06:29:41"
Nederland,WindOffshore,Hour,2298119,2298119,0,0,"2025-08-20 03:00:00","2025-08-20 04:00:00","2025-12-17 06:29:41"
Nederland,WindOffshore,Hour,2302881,2302881,0,0,"2025-08-20 04:00:00","2025-08-20 05:00:00","2025-12-17 06:29:41"
Nederland,WindOffshore,Hour,2042430,2042430,0,0,"2025-08-20 05:00:00","2025-08-20 06:00:00","2025-12-17 06:29:41"
Nederland,WindOffshore,Hour,1734347,1734347,0,0,"2025-08-20 06:00:00","2025-08-20 07:00:00","2025-12-17 06:29:41"
Nederland,WindOffshore,Hour,1840589,1840589,0,0,"2025-08-20 07:00:00","2025-08-20 08:00:00","2025-12-17 06:29:41"
Nederland,WindOffshore,Hour,1689676,1689676,0,0,"2025-08-20 08:00:00","2025-08-20 09:00:00","2025-12-17 06:29:41"
Nederland,WindOffshore,Hour,1615692,1615692,0,0,"2025-08-20 09:00:00","2025-08-20 10:00:00","2025-12-17 06:29:41"
Nederland,WindOffshore,Hour,1363694,1363694,0,0,"2025-08-20 10:00:00","2025-08-20 11:00:00","2025-12-17 06:29:41"
Nederland,WindOffshore,Hour,1263665,1263665,0,0,"2025-08-20 11:00:00","2025-08-20 12:00:00","2025-12-17 06:29:41"
Nederland,WindOffshore,Hour,1084967,1084967,0,0,"2025-08-20 12:00:00","2025-08-20 13:00:00","2025-12-17 06:29:41"
Nederland,WindOffshore,Hour,1519419,1519419,0,0,"2025-08-20 13:00:00","2025-08-20 14:00:00","2025-12-17 06:29:41"
Nederland,WindOffshore,Hour,1674335,1674335,0,0,"2025-08-20 14:00:00","2025-08-20 15:00:00","2025-12-17 06:29:41"
Nederland,WindOffshore,Hour,1765344,1765344,0,0,"2025-08-20 15:00:00","2025-08-20 16:00:00","2025-12-17 06:29:41"
Nederland,WindOffshore,Hour,2243180,2243180,0,0,"2025-08-20 16:00:00","2025-08-20 17:00:00","2025-12-17 06:29:41"
Nederland,WindOffshore,Hour,3259082,3259082,0,0,"2025-08-20 17:00:00","2025-08-20 18:00:00","2025-12-17 06:29:41"
Nederland,WindOffshore,Hour,3406388,3406388,0,0,"2025-08-20 18:00:00","2025-08-20 19:00:00","2025-12-17 06:29:41"
Nederland,WindOffshore,Hour,3501972,3501972,0,0,"2025-08-20 19:00:00","2025-08-20 20:00:00","2025-12-17 06:29:41"
Nederland,WindOffshore,Hour,3250682,3250682,0,0,"2025-08-20 20:00:00","2025-08-20 21:00:00","2025-12-17 06:29:41"
Nederland,WindOffshore,Hour,3018962,3018962,0,0,"2025-08-20 21:00:00","2025-08-20 22:00:00","2025-12-17 06:29:41"
Nederland,WindOffshore,Hour,2893770,2893770,0,0,"2025-08-20 22:00:00","2025-08-20 23:00:00","2025-12-17 06:29:41"
Nederland,WindOffshore,Hour,2517793,2517793,0,0,"2025-08-20 23:00:00","2025-08-21 00:00:00","2025-12-17 06:29:41"
Nederland,WindOffshore,Hour,2382364,2382364,0,0,"2025-08-21 00:00:00","2025-08-21 01:00:00","2025-12-17 06:29:41"
Nederland,WindOffshore,Hour,2130871,2130871,0,0,"2025-08-21 01:00:00","2025-08-21 02:00:00","2025-12-17 06:29:41"
Nederland,WindOffshore,Hour,1840940,1840940,0,0,"2025-08-21 02:00:00","2025-08-21 03:00:00","2025-12-17 06:29:41"
Nederland,WindOffshore,Hour,1790328,1790328,0,0,"2025-08-21 03:00:00","2025-08-21 04:00:00","2025-12-17 06:29:41"
Nederland,WindOffshore,Hour,1943332,1943332,0,0,"2025-08-21 04:00:00","2025-08-21 05:00:00","2025-12-17 06:29:41"
Nederland,WindOffshore,Hour,2461462,2461462,0,0,"2025-08-21 05:00:00","2025-08-21 06:00:00","2025-12-17 06:29:41"
Nederland,WindOffshore,Hour,2547027,2547027,0,0,"2025-08-21 06:00:00","2025-08-21 07:00:00","2025-12-17 06:29:41"
Nederland,WindOffshore,Hour,2564959,2564959,0,0,"2025-08-21 07:00:00","2025-08-21 08:00:00","2025-12-17 06:29:41"
Nederland,WindOffshore,Hour,2309402,2309402,0,0,"2025-08-21 08:00:00","2025-08-21 09:00:00","2025-12-17 06:29:41"
Nederland,WindOffshore,Hour,2248480,2248480,0,0,"2025-08-21 09:00:00","2025-08-21 10:00:00","2025-12-17 06:29:41"
Nederland,WindOffshore,Hour,2923843,2923843,0,0,"2025-08-21 10:00:00","2025-08-21 11:00:00","2025-12-17 06:29:41"
Nederland,WindOffshore,Hour,3124313,3124313,0,0,"2025-08-21 11:00:00","2025-08-21 12:00:00","2025-12-17 06:29:41"
Nederland,WindOffshore,Hour,2961426,2961426,0,0,"2025-08-21 12:00:00","2025-08-21 13:00:00","2025-12-17 06:29:41"
Nederland,WindOffshore,Hour,2578742,2578742,0,0,"2025-08-21 13:00:00","2025-08-21 14:00:00","2025-12-17 06:29:41"
Nederland,WindOffshore,Hour,2639138,2639138,0,0,"2025-08-21 14:00:00","2025-08-21 15:00:00","2025-12-17 06:29:41"
Nederland,WindOffshore,Hour,2801539,2801539,0,0,"2025-08-21 15:00:00","2025-08-21 16:00:00","2025-12-17 06:29:41"
Nederland,WindOffshore,Hour,2788696,2788696,0,0,"2025-08-21 16:00:00","2025-08-21 17:00:00","2025-12-17 06:29:41"
Nederland,WindOffshore,Hour,2706889,2706889,0,0,"2025-08-21 17:00:00","2025-08-21 18:00:00","2025-12-17 06:29:41"
Nederland,WindOffshore,Hour,2203510,2203510,0,0,"2025-08-21 18:00:00","2025-08-21 19:00:00","2025-12-17 06:29:41"
Nederland,WindOffshore,Hour,2029929,2029929,0,0,"2025-08-21 19:00:00","2025-08-21 20:00:00","2025-12-17 06:29:41"
Nederland,WindOffshore,Hour,2030017,2030017,0,0,"2025-08-21 20:00:00","2025-08-21 21:00:00","2025-12-17 06:29:41"
Nederland,WindOffshore,Hour,1930822,1930822,0,0,"2025-08-21 21:00:00","2025-08-21 22:00:00","2025-12-17 06:29:41"
Nederland,WindOffshore,Hour,2051678,2051678,0,0,"2025-08-21 22:00:00","2025-08-21 23:00:00","2025-12-17 06:29:41"
Nederland,WindOffshore,Hour,1337910,1337910,0,0,"2025-08-21 23:00:00","2025-08-22 00:00:00","2025-12-17 06:29:41"
Nederland,WindOffshore,Hour,1154047,1154047,0,0,"2025-08-22 00:00:00","2025-08-22 01:00:00","2025-12-17 06:29:41"
Nederland,WindOffshore,Hour,1012980,1012980,0,0,"2025-08-22 01:00:00","2025-08-22 02:00:00","2025-12-17 06:29:41"
Nederland,WindOffshore,Hour,1131131,1131131,0,0,"2025-08-22 02:00:00","2025-08-22 03:00:00","2025-12-17 06:29:41"
Nederland,WindOffshore,Hour,1139220,1139220,0,0,"2025-08-22 03:00:00","2025-08-22 04:00:00","2025-12-17 06:29:41"
Nederland,WindOffshore,Hour,1194868,1194868,0,0,"2025-08-22 04:00:00","2025-08-22 05:00:00","2025-12-17 06:29:41"
Nederland,WindOffshore,Hour,830722,830722,0,0,"2025-08-22 05:00:00","2025-08-22 06:00:00","2025-12-17 06:29:41"
Nederland,WindOffshore,Hour,519187,519187,0,0,"2025-08-22 06:00:00","2025-08-22 07:00:00","2025-12-17 06:29:41"
Nederland,WindOffshore,Hour,558487,558487,0,0,"2025-08-22 07:00:00","2025-08-22 08:00:00","2025-12-17 06:29:41"
Nederland,WindOffshore,Hour,1086429,1086429,0,0,"2025-08-22 08:00:00","2025-08-22 09:00:00","2025-12-17 06:29:41"
Nederland,WindOffshore,Hour,1218091,1218091,0,0,"2025-08-22 09:00:00","2025-08-22 10:00:00","2025-12-17 06:29:41"
Nederland,WindOffshore,Hour,1059946,1059946,0,0,"2025-08-22 10:00:00","2025-08-22 11:00:00","2025-12-17 06:29:41"
Nederland,WindOffshore,Hour,814712,814712,0,0,"2025-08-22 11:00:00","2025-08-22 12:00:00","2025-12-17 06:29:41"
Nederland,WindOffshore,Hour,699381,699381,0,0,"2025-08-22 12:00:00","2025-08-22 13:00:00","2025-12-17 06:29:41"
Nederland,WindOffshore,Hour,480462,480462,0,0,"2025-08-22 13:00:00","2025-08-22 14:00:00","2025-12-17 06:29:41"
Nederland,WindOffshore,Hour,742970,742970,0,0,"2025-08-22 14:00:00","2025-08-22 15:00:00","2025-12-17 06:29:41"
Nederland,WindOffshore,Hour,789647,789647,0,0,"2025-08-22 15:00:00","2025-08-22 16:00:00","2025-12-17 06:29:41"
Nederland,WindOffshore,Hour,569666,569666,0,0,"2025-08-22 16:00:00","2025-08-22 17:00:00","2025-12-17 06:29:41"
Nederland,WindOffshore,Hour,497116,497116,0,0,"2025-08-22 17:00:00","2025-08-22 18:00:00","2025-12-17 06:29:41"
Nederland,WindOffshore,Hour,627287,627287,0,0,"2025-08-22 18:00:00","2025-08-22 19:00:00","2025-12-17 06:29:41"
Nederland,WindOffshore,Hour,861410,861410,0,0,"2025-08-22 19:00:00","2025-08-22 20:00:00","2025-12-17 06:29:41"
Nederland,WindOffshore,Hour,863315,863315,0,0,"2025-08-22 20:00:00","2025-08-22 21:00:00","2025-12-17 06:29:41"
Nederland,WindOffshore,Hour,1039630,1039630,0,0,"2025-08-22 21:00:00","2025-08-22 22:00:00","2025-12-17 06:29:41"
Nederland,WindOffshore,Hour,1143023,1143023,0,0,"2025-08-22 22:00:00","2025-08-22 23:00:00","2025-12-17 06:29:41"
Nederland,WindOffshore,Hour,1340605,1340605,0,0,"2025-08-22 23:00:00","2025-08-23 00:00:00","2025-12-17 06:29:41"
Nederland,WindOffshore,Hour,1188405,1188405,0,0,"2025-08-23 00:00:00","2025-08-23 01:00:00","2025-12-17 06:29:41"
Nederland,WindOffshore,Hour,1080022,1080022,0,0,"2025-08-23 01:00:00","2025-08-23 02:00:00","2025-12-17 06:29:41"
Nederland,WindOffshore,Hour,1048821,1048821,0,0,"2025-08-23 02:00:00","2025-08-23 03:00:00","2025-12-17 06:29:41"
Nederland,WindOffshore,Hour,1107318,1107318,0,0,"2025-08-23 03:00:00","2025-08-23 04:00:00","2025-12-17 06:29:41"
Nederland,WindOffshore,Hour,1338381,1338381,0,0,"2025-08-23 04:00:00","2025-08-23 05:00:00","2025-12-17 06:29:41"
Nederland,WindOffshore,Hour,1855397,1855397,0,0,"2025-08-23 05:00:00","2025-08-23 06:00:00","2025-12-17 06:29:41"
Nederland,WindOffshore,Hour,2131399,2131399,0,0,"2025-08-23 06:00:00","2025-08-23 07:00:00","2025-12-17 06:29:41"
Nederland,WindOffshore,Hour,2184748,2184748,0,0,"2025-08-23 07:00:00","2025-08-23 08:00:00","2025-12-17 06:29:41"
Nederland,WindOffshore,Hour,1969060,1969060,0,0,"2025-08-23 08:00:00","2025-08-23 09:00:00","2025-12-17 06:29:41"
Nederland,WindOffshore,Hour,1783469,1783469,0,0,"2025-08-23 09:00:00","2025-08-23 10:00:00","2025-12-17 06:29:41"
Nederland,WindOffshore,Hour,1188913,1188913,0,0,"2025-08-23 10:00:00","2025-08-23 11:00:00","2025-12-17 06:29:41"
Nederland,WindOffshore,Hour,1191146,1191146,0,0,"2025-08-23 11:00:00","2025-08-23 12:00:00","2025-12-17 06:29:41"
Nederland,WindOffshore,Hour,1143693,1143693,0,0,"2025-08-23 12:00:00","2025-08-23 13:00:00","2025-12-17 06:29:41"
Nederland,WindOffshore,Hour,1042905,1042905,0,0,"2025-08-23 13:00:00","2025-08-23 14:00:00","2025-12-17 06:29:41"
Nederland,WindOffshore,Hour,859776,859776,0,0,"2025-08-23 14:00:00","2025-08-23 15:00:00","2025-12-17 06:29:41"
Nederland,WindOffshore,Hour,772149,772149,0,0,"2025-08-23 15:00:00","2025-08-23 16:00:00","2025-12-17 06:29:41"
Nederland,WindOffshore,Hour,750247,750247,0,0,"2025-08-23 16:00:00","2025-08-23 17:00:00","2025-12-17 06:29:41"
Nederland,WindOffshore,Hour,563401,563401,0,0,"2025-08-23 17:00:00","2025-08-23 18:00:00","2025-12-17 06:29:41"
Nederland,WindOffshore,Hour,510683,510683,0,0,"2025-08-23 18:00:00","2025-08-23 19:00:00","2025-12-17 06:29:41"
Nederland,WindOffshore,Hour,471400,471400,0,0,"2025-08-23 19:00:00","2025-08-23 20:00:00","2025-12-17 06:29:41"
Nederland,WindOffshore,Hour,295350,295350,0,0,"2025-08-23 20:00:00","2025-08-23 21:00:00","2025-12-17 06:29:41"
Nederland,WindOffshore,Hour,192355,192355,0,0,"2025-08-23 21:00:00","2025-08-23 22:00:00","2025-12-17 06:29:41"
Nederland,WindOffshore,Hour,144954,144954,0,0,"2025-08-23 22:00:00","2025-08-23 23:00:00","2025-12-17 06:29:41"
Nederland,WindOffshore,Hour,155425,155425,0,0,"2025-08-23 23:00:00","2025-08-24 00:00:00","2025-12-17 06:29:41"
Nederland,WindOffshore,Hour,148220,148220,0,0,"2025-08-24 00:00:00","2025-08-24 01:00:00","2025-12-17 06:29:41"
Nederland,WindOffshore,Hour,76119,76119,0,0,"2025-08-24 01:00:00","2025-08-24 02:00:00","2025-12-17 06:29:41"
Nederland,WindOffshore,Hour,60641,60641,0,0,"2025-08-24 02:00:00","2025-08-24 03:00:00","2025-12-17 06:29:41"
Nederland,WindOffshore,Hour,77946,77946,0,0,"2025-08-24 03:00:00","2025-08-24 04:00:00","2025-12-17 06:29:41"
Nederland,WindOffshore,Hour,86292,86292,0,0,"2025-08-24 04:00:00","2025-08-24 05:00:00","2025-12-17 06:29:41"
Nederland,WindOffshore,Hour,79081,79081,0,0,"2025-08-24 05:00:00","2025-08-24 06:00:00","2025-12-17 06:29:41"
Nederland,WindOffshore,Hour,73290,73290,0,0,"2025-08-24 06:00:00","2025-08-24 07:00:00","2025-12-17 06:29:41"
Nederland,WindOffshore,Hour,159232,159232,0,0,"2025-08-24 07:00:00","2025-08-24 08:00:00","2025-12-17 06:29:41"
Nederland,WindOffshore,Hour,116355,116355,0,0,"2025-08-24 08:00:00","2025-08-24 09:00:00","2025-12-17 06:29:41"
Nederland,WindOffshore,Hour,108463,108463,0,0,"2025-08-24 09:00:00","2025-08-24 10:00:00","2025-12-17 06:29:41"
Nederland,WindOffshore,Hour,124533,124533,0,0,"2025-08-24 10:00:00","2025-08-24 11:00:00","2025-12-17 06:29:41"
Nederland,WindOffshore,Hour,108940,108940,0,0,"2025-08-24 11:00:00","2025-08-24 12:00:00","2025-12-17 06:29:41"
Nederland,WindOffshore,Hour,78650,78650,0,0,"2025-08-24 12:00:00","2025-08-24 13:00:00","2025-12-17 06:29:41"
Nederland,WindOffshore,Hour,35427,35427,0,0,"2025-08-24 13:00:00","2025-08-24 14:00:00","2025-12-17 06:29:41"
Nederland,WindOffshore,Hour,45142,45142,0,0,"2025-08-24 14:00:00","2025-08-24 15:00:00","2025-12-17 06:29:41"
Nederland,WindOffshore,Hour,177038,177038,0,0,"2025-08-24 15:00:00","2025-08-24 16:00:00","2025-12-17 06:29:41"
Nederland,WindOffshore,Hour,178450,178450,0,0,"2025-08-24 16:00:00","2025-08-24 17:00:00","2025-12-17 06:29:41"
Nederland,WindOffshore,Hour,97044,97044,0,0,"2025-08-24 17:00:00","2025-08-24 18:00:00","2025-12-17 06:29:41"
Nederland,WindOffshore,Hour,87267,87267,0,0,"2025-08-24 18:00:00","2025-08-24 19:00:00","2025-12-17 06:29:41"
Nederland,WindOffshore,Hour,66856,66856,0,0,"2025-08-24 19:00:00","2025-08-24 20:00:00","2025-12-17 06:29:41"
Nederland,WindOffshore,Hour,33244,33244,0,0,"2025-08-24 20:00:00","2025-08-24 21:00:00","2025-12-17 06:29:41"
Nederland,WindOffshore,Hour,0,0,0,0,"2025-08-24 21:00:00","2025-08-24 22:00:00","2025-12-17 06:29:41"
Nederland,WindOffshore,Hour,3949,3949,0,0,"2025-08-24 22:00:00","2025-08-24 23:00:00","2025-12-17 06:29:41"
Nederland,WindOffshore,Hour,33527,33527,0,0,"2025-08-24 23:00:00","2025-08-25 00:00:00","2025-12-17 06:29:41"
Nederland,WindOffshore,Hour,59328,59328,0,0,"2025-08-25 00:00:00","2025-08-25 01:00:00","2025-12-17 06:29:41"
Nederland,WindOffshore,Hour,143105,143105,0,0,"2025-08-25 01:00:00","2025-08-25 02:00:00","2025-12-17 06:29:41"
Nederland,WindOffshore,Hour,267986,267986,0,0,"2025-08-25 02:00:00","2025-08-25 03:00:00","2025-12-17 06:29:41"
Nederland,WindOffshore,Hour,314504,314504,0,0,"2025-08-25 03:00:00","2025-08-25 04:00:00","2025-12-17 06:29:41"
Nederland,WindOffshore,Hour,480471,480471,0,0,"2025-08-25 04:00:00","2025-08-25 05:00:00","2025-12-17 06:29:41"
Nederland,WindOffshore,Hour,442213,442213,0,0,"2025-08-25 05:00:00","2025-08-25 06:00:00","2025-12-17 06:29:41"
Nederland,WindOffshore,Hour,448927,448927,0,0,"2025-08-25 06:00:00","2025-08-25 07:00:00","2025-12-17 06:29:41"
Nederland,WindOffshore,Hour,540908,540908,0,0,"2025-08-25 07:00:00","2025-08-25 08:00:00","2025-12-17 06:29:41"
Nederland,WindOffshore,Hour,478020,478020,0,0,"2025-08-25 08:00:00","2025-08-25 09:00:00","2025-12-17 06:29:41"
Nederland,WindOffshore,Hour,362523,362523,0,0,"2025-08-25 09:00:00","2025-08-25 10:00:00","2025-12-17 06:29:41"
Nederland,WindOffshore,Hour,227987,227987,0,0,"2025-08-25 10:00:00","2025-08-25 11:00:00","2025-12-17 06:29:41"
Nederland,WindOffshore,Hour,165988,165988,0,0,"2025-08-25 11:00:00","2025-08-25 12:00:00","2025-12-17 06:29:41"
Nederland,WindOffshore,Hour,139008,139008,0,0,"2025-08-25 12:00:00","2025-08-25 13:00:00","2025-12-17 06:29:41"
Nederland,WindOffshore,Hour,105027,105027,0,0,"2025-08-25 13:00:00","2025-08-25 14:00:00","2025-12-17 06:29:41"
Nederland,WindOffshore,Hour,61037,61037,0,0,"2025-08-25 14:00:00","2025-08-25 15:00:00","2025-12-17 06:29:41"
Nederland,WindOffshore,Hour,62325,62325,0,0,"2025-08-25 15:00:00","2025-08-25 16:00:00","2025-12-17 06:29:41"
Nederland,WindOffshore,Hour,62617,62617,0,0,"2025-08-25 16:00:00","2025-08-25 17:00:00","2025-12-17 06:29:41"
Nederland,WindOffshore,Hour,71395,71395,0,0,"2025-08-25 17:00:00","2025-08-25 18:00:00","2025-12-17 06:29:41"
Nederland,WindOffshore,Hour,176187,176187,0,0,"2025-08-25 18:00:00","2025-08-25 19:00:00","2025-12-17 06:29:41"
Nederland,WindOffshore,Hour,315212,315212,0,0,"2025-08-25 19:00:00","2025-08-25 20:00:00","2025-12-17 06:29:41"
Nederland,WindOffshore,Hour,499511,499511,0,0,"2025-08-25 20:00:00","2025-08-25 21:00:00","2025-12-17 06:29:41"
Nederland,WindOffshore,Hour,662338,662338,0,0,"2025-08-25 21:00:00","2025-08-25 22:00:00","2025-12-17 06:29:41"
Nederland,WindOffshore,Hour,1053334,1053334,0,0,"2025-08-25 22:00:00","2025-08-25 23:00:00","2025-12-17 06:29:41"
Nederland,WindOffshore,Hour,1620270,1620270,0,0,"2025-08-25 23:00:00","2025-08-26 00:00:00","2025-12-17 06:29:41"
Nederland,WindOffshore,Hour,2282320,2282320,0,0,"2025-08-26 00:00:00","2025-08-26 01:00:00","2025-12-17 06:29:41"
Nederland,WindOffshore,Hour,2772735,2772735,0,0,"2025-08-26 01:00:00","2025-08-26 02:00:00","2025-12-17 06:29:41"
Nederland,WindOffshore,Hour,3010492,3010492,0,0,"2025-08-26 02:00:00","2025-08-26 03:00:00","2025-12-17 06:29:41"
Nederland,WindOffshore,Hour,2625115,2625115,0,0,"2025-08-26 03:00:00","2025-08-26 04:00:00","2025-12-17 06:29:41"
Nederland,WindOffshore,Hour,2406984,2406984,0,0,"2025-08-26 04:00:00","2025-08-26 05:00:00","2025-12-17 06:29:41"
Nederland,WindOffshore,Hour,2271033,2271033,0,0,"2025-08-26 05:00:00","2025-08-26 06:00:00","2025-12-17 06:29:41"
Nederland,WindOffshore,Hour,2257660,2257660,0,0,"2025-08-26 06:00:00","2025-08-26 07:00:00","2025-12-17 06:29:41"
Nederland,WindOffshore,Hour,2228183,2228183,0,0,"2025-08-26 07:00:00","2025-08-26 08:00:00","2025-12-17 06:29:41"
Nederland,WindOffshore,Hour,2202881,2202881,0,0,"2025-08-26 08:00:00","2025-08-26 09:00:00","2025-12-17 06:29:41"
Nederland,WindOffshore,Hour,2047618,2047618,0,0,"2025-08-26 09:00:00","2025-08-26 10:00:00","2025-12-17 06:29:41"
Nederland,WindOffshore,Hour,1757123,1757123,0,0,"2025-08-26 10:00:00","2025-08-26 11:00:00","2025-12-17 06:29:41"
Nederland,WindOffshore,Hour,1429769,1429769,0,0,"2025-08-26 11:00:00","2025-08-26 12:00:00","2025-12-17 06:29:41"
Nederland,WindOffshore,Hour,1215801,1215801,0,0,"2025-08-26 12:00:00","2025-08-26 13:00:00","2025-12-17 06:29:41"
Nederland,WindOffshore,Hour,1643503,1643503,0,0,"2025-08-26 13:00:00","2025-08-26 14:00:00","2025-12-17 06:29:41"
Nederland,WindOffshore,Hour,2188987,2188987,0,0,"2025-08-26 14:00:00","2025-08-26 15:00:00","2025-12-17 06:29:41"
Nederland,WindOffshore,Hour,3014335,3014335,0,0,"2025-08-26 15:00:00","2025-08-26 16:00:00","2025-12-17 06:29:41"
Nederland,WindOffshore,Hour,3525207,3525207,0,0,"2025-08-26 16:00:00","2025-08-26 17:00:00","2025-12-17 06:29:41"
Nederland,WindOffshore,Hour,3521125,3521125,0,0,"2025-08-26 17:00:00","2025-08-26 18:00:00","2025-12-17 06:29:41"
Nederland,WindOffshore,Hour,3645305,3645305,0,0,"2025-08-26 18:00:00","2025-08-26 19:00:00","2025-12-17 06:29:41"
Nederland,WindOffshore,Hour,3554229,3554229,0,0,"2025-08-26 19:00:00","2025-08-26 20:00:00","2025-12-17 06:29:41"
Nederland,WindOffshore,Hour,2842216,2842216,0,0,"2025-08-26 20:00:00","2025-08-26 21:00:00","2025-12-17 06:29:41"
Nederland,WindOffshore,Hour,2871820,2871820,0,0,"2025-08-26 21:00:00","2025-08-26 22:00:00","2025-12-17 06:29:41"
Nederland,WindOffshore,Hour,2916229,2916229,0,0,"2025-08-26 22:00:00","2025-08-26 23:00:00","2025-12-17 06:29:41"
Nederland,WindOffshore,Hour,2845870,2845870,0,0,"2025-08-26 23:00:00","2025-08-27 00:00:00","2025-12-17 06:29:41"
Nederland,WindOffshore,Hour,2651149,2651149,0,0,"2025-08-27 00:00:00","2025-08-27 01:00:00","2025-12-17 06:29:41"
Nederland,WindOffshore,Hour,2696803,2696803,0,0,"2025-08-27 01:00:00","2025-08-27 02:00:00","2025-12-17 06:29:41"
Nederland,WindOffshore,Hour,2874406,2874406,0,0,"2025-08-27 02:00:00","2025-08-27 03:00:00","2025-12-17 06:29:41"
Nederland,WindOffshore,Hour,2917195,2917195,0,0,"2025-08-27 03:00:00","2025-08-27 04:00:00","2025-12-17 06:29:41"
Nederland,WindOffshore,Hour,2791328,2791328,0,0,"2025-08-27 04:00:00","2025-08-27 05:00:00","2025-12-17 06:29:41"
Nederland,WindOffshore,Hour,2310157,2310157,0,0,"2025-08-27 05:00:00","2025-08-27 06:00:00","2025-12-17 06:29:41"
Nederland,WindOffshore,Hour,2010073,2010073,0,0,"2025-08-27 06:00:00","2025-08-27 07:00:00","2025-12-17 06:29:41"
Nederland,WindOffshore,Hour,1732905,1732905,0,0,"2025-08-27 07:00:00","2025-08-27 08:00:00","2025-12-17 06:29:41"
Nederland,WindOffshore,Hour,1644206,1644206,0,0,"2025-08-27 08:00:00","2025-08-27 09:00:00","2025-12-17 06:29:41"
Nederland,WindOffshore,Hour,1855682,1855682,0,0,"2025-08-27 09:00:00","2025-08-27 10:00:00","2025-12-17 06:29:41"
Nederland,WindOffshore,Hour,1485978,1485978,0,0,"2025-08-27 10:00:00","2025-08-27 11:00:00","2025-12-17 06:29:41"
Nederland,WindOffshore,Hour,1327731,1327731,0,0,"2025-08-27 11:00:00","2025-08-27 12:00:00","2025-12-17 06:29:41"
Nederland,WindOffshore,Hour,1128960,1128960,0,0,"2025-08-27 12:00:00","2025-08-27 13:00:00","2025-12-17 06:29:41"
Nederland,WindOffshore,Hour,819682,819682,0,0,"2025-08-27 13:00:00","2025-08-27 14:00:00","2025-12-17 06:29:41"
Nederland,WindOffshore,Hour,513425,513425,0,0,"2025-08-27 14:00:00","2025-08-27 15:00:00","2025-12-17 06:29:41"
Nederland,WindOffshore,Hour,476193,476193,0,0,"2025-08-27 15:00:00","2025-08-27 16:00:00","2025-12-17 06:29:41"
Nederland,WindOffshore,Hour,894436,894436,0,0,"2025-08-27 16:00:00","2025-08-27 17:00:00","2025-12-17 06:29:41"
Nederland,WindOffshore,Hour,1378407,1378407,0,0,"2025-08-27 17:00:00","2025-08-27 18:00:00","2025-12-17 06:29:41"
Nederland,WindOffshore,Hour,1736331,1736331,0,0,"2025-08-27 18:00:00","2025-08-27 19:00:00","2025-12-17 06:29:41"
Nederland,WindOffshore,Hour,1303167,1303167,0,0,"2025-08-27 19:00:00","2025-08-27 20:00:00","2025-12-17 06:29:41"
Nederland,WindOffshore,Hour,981372,981372,0,0,"2025-08-27 20:00:00","2025-08-27 21:00:00","2025-12-17 06:29:41"
Nederland,WindOffshore,Hour,817856,817856,0,0,"2025-08-27 21:00:00","2025-08-27 22:00:00","2025-12-17 06:29:41"
Nederland,WindOffshore,Hour,914283,914283,0,0,"2025-08-27 22:00:00","2025-08-27 23:00:00","2025-12-17 06:29:41"
Nederland,WindOffshore,Hour,713065,713065,0,0,"2025-08-27 23:00:00","2025-08-28 00:00:00","2025-12-17 06:29:41"
Nederland,WindOffshore,Hour,416004,416004,0,0,"2025-08-28 00:00:00","2025-08-28 01:00:00","2025-12-17 06:29:41"
Nederland,WindOffshore,Hour,576942,576942,0,0,"2025-08-28 01:00:00","2025-08-28 02:00:00","2025-12-17 06:29:41"
Nederland,WindOffshore,Hour,601547,601547,0,0,"2025-08-28 02:00:00","2025-08-28 03:00:00","2025-12-17 06:29:41"
Nederland,WindOffshore,Hour,818075,818075,0,0,"2025-08-28 03:00:00","2025-08-28 04:00:00","2025-12-17 06:29:41"
Nederland,WindOffshore,Hour,190201,190201,0,0,"2025-08-28 04:00:00","2025-08-28 05:00:00","2025-12-17 06:29:41"
Nederland,WindOffshore,Hour,45632,45632,0,0,"2025-08-28 05:00:00","2025-08-28 06:00:00","2025-12-17 06:29:41"
Nederland,WindOffshore,Hour,107549,107549,0,0,"2025-08-28 06:00:00","2025-08-28 07:00:00","2025-12-17 06:29:41"
Nederland,WindOffshore,Hour,101577,101577,0,0,"2025-08-28 07:00:00","2025-08-28 08:00:00","2025-12-17 06:29:41"
Nederland,WindOffshore,Hour,177067,177067,0,0,"2025-08-28 08:00:00","2025-08-28 09:00:00","2025-12-17 06:29:41"
Nederland,WindOffshore,Hour,328616,328616,0,0,"2025-08-28 09:00:00","2025-08-28 10:00:00","2025-12-17 06:29:41"
Nederland,WindOffshore,Hour,530174,530174,0,0,"2025-08-28 10:00:00","2025-08-28 11:00:00","2025-12-17 06:29:41"
Nederland,WindOffshore,Hour,348130,348130,0,0,"2025-08-28 11:00:00","2025-08-28 12:00:00","2025-12-17 06:29:41"
Nederland,WindOffshore,Hour,653008,653008,0,0,"2025-08-28 12:00:00","2025-08-28 13:00:00","2025-12-17 06:29:41"
Nederland,WindOffshore,Hour,604983,604983,0,0,"2025-08-28 13:00:00","2025-08-28 14:00:00","2025-12-17 06:29:41"
Nederland,WindOffshore,Hour,1016530,1016530,0,0,"2025-08-28 14:00:00","2025-08-28 15:00:00","2025-12-17 06:29:41"
Nederland,WindOffshore,Hour,1432958,1432958,0,0,"2025-08-28 15:00:00","2025-08-28 16:00:00","2025-12-17 06:29:41"
Nederland,WindOffshore,Hour,2682407,2682407,0,0,"2025-08-28 16:00:00","2025-08-28 17:00:00","2025-12-17 06:29:41"
Nederland,WindOffshore,Hour,3149007,3149007,0,0,"2025-08-28 17:00:00","2025-08-28 18:00:00","2025-12-17 06:29:41"
Nederland,WindOffshore,Hour,3213481,3213481,0,0,"2025-08-28 18:00:00","2025-08-28 19:00:00","2025-12-17 06:29:41"
Nederland,WindOffshore,Hour,3440328,3440328,0,0,"2025-08-28 19:00:00","2025-08-28 20:00:00","2025-12-17 06:29:41"
Nederland,WindOffshore,Hour,3662815,3662815,0,0,"2025-08-28 20:00:00","2025-08-28 21:00:00","2025-12-17 06:29:41"
Nederland,WindOffshore,Hour,3517234,3517234,0,0,"2025-08-28 21:00:00","2025-08-28 22:00:00","2025-12-17 06:29:41"
Nederland,WindOffshore,Hour,3587608,3587608,0,0,"2025-08-28 22:00:00","2025-08-28 23:00:00","2025-12-17 06:29:41"
Nederland,WindOffshore,Hour,3542898,3542898,0,0,"2025-08-28 23:00:00","2025-08-29 00:00:00","2025-12-17 06:29:41"
Nederland,WindOffshore,Hour,3386930,3386930,0,0,"2025-08-29 00:00:00","2025-08-29 01:00:00","2025-12-17 06:29:41"
Nederland,WindOffshore,Hour,3346811,3346811,0,0,"2025-08-29 01:00:00","2025-08-29 02:00:00","2025-12-17 06:29:41"
Nederland,WindOffshore,Hour,2994673,2994673,0,0,"2025-08-29 02:00:00","2025-08-29 03:00:00","2025-12-17 06:29:41"
Nederland,WindOffshore,Hour,2728429,2728429,0,0,"2025-08-29 03:00:00","2025-08-29 04:00:00","2025-12-17 06:29:41"
Nederland,WindOffshore,Hour,2717249,2717249,0,0,"2025-08-29 04:00:00","2025-08-29 05:00:00","2025-12-17 06:29:41"
Nederland,WindOffshore,Hour,2610536,2610536,0,0,"2025-08-29 05:00:00","2025-08-29 06:00:00","2025-12-17 06:29:41"
Nederland,WindOffshore,Hour,2753014,2753014,0,0,"2025-08-29 06:00:00","2025-08-29 07:00:00","2025-12-17 06:29:41"
Nederland,WindOffshore,Hour,2890315,2890315,0,0,"2025-08-29 07:00:00","2025-08-29 08:00:00","2025-12-17 06:29:41"
Nederland,WindOffshore,Hour,3070773,3070773,0,0,"2025-08-29 08:00:00","2025-08-29 09:00:00","2025-12-17 06:29:41"
Nederland,WindOffshore,Hour,3259327,3259327,0,0,"2025-08-29 09:00:00","2025-08-29 10:00:00","2025-12-17 06:29:41"
Nederland,WindOffshore,Hour,3375477,3375477,0,0,"2025-08-29 10:00:00","2025-08-29 11:00:00","2025-12-17 06:29:41"
Nederland,WindOffshore,Hour,3412861,3412861,0,0,"2025-08-29 11:00:00","2025-08-29 12:00:00","2025-12-17 06:29:41"
Nederland,WindOffshore,Hour,3252018,3252018,0,0,"2025-08-29 12:00:00","2025-08-29 13:00:00","2025-12-17 06:29:41"
Nederland,WindOffshore,Hour,3265352,3265352,0,0,"2025-08-29 13:00:00","2025-08-29 14:00:00","2025-12-17 06:29:41"
Nederland,WindOffshore,Hour,3268977,3268977,0,0,"2025-08-29 14:00:00","2025-08-29 15:00:00","2025-12-17 06:29:41"
Nederland,WindOffshore,Hour,2693997,2693997,0,0,"2025-08-29 15:00:00","2025-08-29 16:00:00","2025-12-17 06:29:41"
Nederland,WindOffshore,Hour,2502400,2502400,0,0,"2025-08-29 16:00:00","2025-08-29 17:00:00","2025-12-17 06:29:41"
Nederland,WindOffshore,Hour,2075902,2075902,0,0,"2025-08-29 17:00:00","2025-08-29 18:00:00","2025-12-17 06:29:41"
Nederland,WindOffshore,Hour,1973144,1973144,0,0,"2025-08-29 18:00:00","2025-08-29 19:00:00","2025-12-17 06:29:41"
Nederland,WindOffshore,Hour,2168067,2168067,0,0,"2025-08-29 19:00:00","2025-08-29 20:00:00","2025-12-17 06:29:41"
Nederland,WindOffshore,Hour,2117457,2117457,0,0,"2025-08-29 20:00:00","2025-08-29 21:00:00","2025-12-17 06:29:41"
Nederland,WindOffshore,Hour,1761854,1761854,0,0,"2025-08-29 21:00:00","2025-08-29 22:00:00","2025-12-17 06:29:41"
Nederland,WindOffshore,Hour,1826486,1826486,0,0,"2025-08-29 22:00:00","2025-08-29 23:00:00","2025-12-17 06:29:41"
Nederland,WindOffshore,Hour,1770509,1770509,0,0,"2025-08-29 23:00:00","2025-08-30 00:00:00","2025-12-17 06:29:41"
Nederland,WindOffshore,Hour,2075458,2075458,0,0,"2025-08-30 00:00:00","2025-08-30 01:00:00","2025-12-17 06:29:41"
Nederland,WindOffshore,Hour,1901734,1901734,0,0,"2025-08-30 01:00:00","2025-08-30 02:00:00","2025-12-17 06:29:41"
Nederland,WindOffshore,Hour,1543061,1543061,0,0,"2025-08-30 02:00:00","2025-08-30 03:00:00","2025-12-17 06:29:41"
Nederland,WindOffshore,Hour,1094465,1094465,0,0,"2025-08-30 03:00:00","2025-08-30 04:00:00","2025-12-17 06:29:41"
Nederland,WindOffshore,Hour,634783,634783,0,0,"2025-08-30 04:00:00","2025-08-30 05:00:00","2025-12-17 06:29:41"
Nederland,WindOffshore,Hour,746421,746421,0,0,"2025-08-30 05:00:00","2025-08-30 06:00:00","2025-12-17 06:29:41"
Nederland,WindOffshore,Hour,899460,899460,0,0,"2025-08-30 06:00:00","2025-08-30 07:00:00","2025-12-17 06:29:41"
Nederland,WindOffshore,Hour,924615,924615,0,0,"2025-08-30 07:00:00","2025-08-30 08:00:00","2025-12-17 06:29:41"
Nederland,WindOffshore,Hour,1427886,1427886,0,0,"2025-08-30 08:00:00","2025-08-30 09:00:00","2025-12-17 06:29:41"
Nederland,WindOffshore,Hour,2094378,2094378,0,0,"2025-08-30 09:00:00","2025-08-30 10:00:00","2025-12-17 06:29:41"
Nederland,WindOffshore,Hour,2580707,2580707,0,0,"2025-08-30 10:00:00","2025-08-30 11:00:00","2025-12-17 06:29:41"
Nederland,WindOffshore,Hour,2798575,2798575,0,0,"2025-08-30 11:00:00","2025-08-30 12:00:00","2025-12-17 06:29:41"
Nederland,WindOffshore,Hour,2862441,2862441,0,0,"2025-08-30 12:00:00","2025-08-30 13:00:00","2025-12-17 06:29:41"
Nederland,WindOffshore,Hour,2908260,2908260,0,0,"2025-08-30 13:00:00","2025-08-30 14:00:00","2025-12-17 06:29:41"
Nederland,WindOffshore,Hour,2762155,2762155,0,0,"2025-08-30 14:00:00","2025-08-30 15:00:00","2025-12-17 06:29:41"
Nederland,WindOffshore,Hour,2739324,2739324,0,0,"2025-08-30 15:00:00","2025-08-30 16:00:00","2025-12-17 06:29:41"
Nederland,WindOffshore,Hour,2665813,2665813,0,0,"2025-08-30 16:00:00","2025-08-30 17:00:00","2025-12-17 06:29:41"
Nederland,WindOffshore,Hour,2557778,2557778,0,0,"2025-08-30 17:00:00","2025-08-30 18:00:00","2025-12-17 06:29:41"
Nederland,WindOffshore,Hour,2169941,2169941,0,0,"2025-08-30 18:00:00","2025-08-30 19:00:00","2025-12-17 06:29:41"
Nederland,WindOffshore,Hour,1856573,1856573,0,0,"2025-08-30 19:00:00","2025-08-30 20:00:00","2025-12-17 06:29:41"
Nederland,WindOffshore,Hour,3074439,3074439,0,0,"2025-08-30 20:00:00","2025-08-30 21:00:00","2025-12-17 06:29:41"
Nederland,WindOffshore,Hour,3715654,3715654,0,0,"2025-08-30 21:00:00","2025-08-30 22:00:00","2025-12-17 06:29:41"
Nederland,WindOffshore,Hour,3768896,3768896,0,0,"2025-08-30 22:00:00","2025-08-30 23:00:00","2025-12-17 06:29:41"
Nederland,WindOffshore,Hour,4038181,4038181,0,0,"2025-08-30 23:00:00","2025-08-31 00:00:00","2025-12-17 06:29:41"
Nederland,WindOffshore,Hour,3995036,3995036,0,0,"2025-08-31 00:00:00","2025-08-31 01:00:00","2025-12-17 06:29:41"
Nederland,WindOffshore,Hour,4001714,4001714,0,0,"2025-08-31 01:00:00","2025-08-31 02:00:00","2025-12-17 06:29:41"
Nederland,WindOffshore,Hour,3921135,3921135,0,0,"2025-08-31 02:00:00","2025-08-31 03:00:00","2025-12-17 06:29:41"
Nederland,WindOffshore,Hour,3944220,3944220,0,0,"2025-08-31 03:00:00","2025-08-31 04:00:00","2025-12-17 06:29:41"
Nederland,WindOffshore,Hour,3875196,3875196,0,0,"2025-08-31 04:00:00","2025-08-31 05:00:00","2025-12-17 06:29:41"
Nederland,WindOffshore,Hour,3353221,3353221,0,0,"2025-08-31 05:00:00","2025-08-31 06:00:00","2025-12-17 06:29:41"
Nederland,WindOffshore,Hour,2807572,2807572,0,0,"2025-08-31 06:00:00","2025-08-31 07:00:00","2025-12-17 06:29:41"
Nederland,WindOffshore,Hour,1995924,1995924,0,0,"2025-08-31 07:00:00","2025-08-31 08:00:00","2025-12-17 06:29:41"
Nederland,WindOffshore,Hour,2348075,2348075,0,0,"2025-08-31 08:00:00","2025-08-31 09:00:00","2025-12-17 06:29:41"
Nederland,WindOffshore,Hour,2434454,2434454,0,0,"2025-08-31 09:00:00","2025-08-31 10:00:00","2025-12-17 06:29:41"
Nederland,WindOffshore,Hour,1798720,1798720,0,0,"2025-08-31 10:00:00","2025-08-31 11:00:00","2025-12-17 06:29:41"
Nederland,WindOffshore,Hour,895254,895254,0,0,"2025-08-31 11:00:00","2025-08-31 12:00:00","2025-12-17 06:29:41"
Nederland,WindOffshore,Hour,635977,635977,0,0,"2025-08-31 12:00:00","2025-08-31 13:00:00","2025-12-17 06:29:41"
Nederland,WindOffshore,Hour,934873,934873,0,0,"2025-08-31 13:00:00","2025-08-31 14:00:00","2025-12-17 06:29:41"
Nederland,WindOffshore,Hour,693008,693008,0,0,"2025-08-31 14:00:00","2025-08-31 15:00:00","2025-12-17 06:29:41"
Nederland,WindOffshore,Hour,663105,663105,0,0,"2025-08-31 15:00:00","2025-08-31 16:00:00","2025-12-17 06:29:41"
Nederland,WindOffshore,Hour,634718,634718,0,0,"2025-08-31 16:00:00","2025-08-31 17:00:00","2025-12-17 06:29:41"
Nederland,WindOffshore,Hour,1004715,1004715,0,0,"2025-08-31 17:00:00","2025-08-31 18:00:00","2025-12-17 06:29:41"
Nederland,WindOffshore,Hour,1273119,1273119,0,0,"2025-08-31 18:00:00","2025-08-31 19:00:00","2025-12-17 06:29:41"
Nederland,WindOffshore,Hour,1551005,1551005,0,0,"2025-08-31 19:00:00","2025-08-31 20:00:00","2025-12-17 06:29:41"
Nederland,WindOffshore,Hour,1104925,1104925,0,0,"2025-08-31 20:00:00","2025-08-31 21:00:00","2025-12-17 06:29:41"
Nederland,WindOffshore,Hour,625413,625413,0,0,"2025-08-31 21:00:00","2025-08-31 22:00:00","2025-12-17 06:29:41"
Nederland,WindOffshore,Hour,467285,467285,0,0,"2025-08-31 22:00:00","2025-08-31 23:00:00","2025-12-17 06:29:41"
Nederland,WindOffshore,Hour,641577,641577,0,0,"2025-08-31 23:00:00","2025-09-01 00:00:00","2025-12-17 06:29:41"
Nederland,WindOffshore,Hour,603646,603646,0,0,"2025-09-01 00:00:00","2025-09-01 01:00:00","2025-12-17 06:29:41"
Nederland,WindOffshore,Hour,849449,849449,0,0,"2025-09-01 01:00:00","2025-09-01 02:00:00","2025-12-17 06:29:41"
Nederland,WindOffshore,Hour,941184,941184,0,0,"2025-09-01 02:00:00","2025-09-01 03:00:00","2025-12-17 06:29:41"
Nederland,WindOffshore,Hour,927379,927379,0,0,"2025-09-01 03:00:00","2025-09-01 04:00:00","2025-12-17 06:29:41"
Nederland,WindOffshore,Hour,907115,907115,0,0,"2025-09-01 04:00:00","2025-09-01 05:00:00","2025-12-17 06:29:41"
Nederland,WindOffshore,Hour,848368,848368,0,0,"2025-09-01 05:00:00","2025-09-01 06:00:00","2025-12-17 06:29:41"
Nederland,WindOffshore,Hour,1317007,1317007,0,0,"2025-09-01 06:00:00","2025-09-01 07:00:00","2025-12-17 06:29:41"
Nederland,WindOffshore,Hour,2037914,2037914,0,0,"2025-09-01 07:00:00","2025-09-01 08:00:00","2025-12-17 06:29:41"
Nederland,WindOffshore,Hour,2468936,2468936,0,0,"2025-09-01 08:00:00","2025-09-01 09:00:00","2025-12-17 06:29:41"
Nederland,WindOffshore,Hour,2884115,2884115,0,0,"2025-09-01 09:00:00","2025-09-01 10:00:00","2025-12-17 06:29:41"
Nederland,WindOffshore,Hour,3016145,3016145,0,0,"2025-09-01 10:00:00","2025-09-01 11:00:00","2025-12-17 06:29:41"
Nederland,WindOffshore,Hour,3227596,3227596,0,0,"2025-09-01 11:00:00","2025-09-01 12:00:00","2025-12-17 06:29:41"
Nederland,WindOffshore,Hour,3609649,3609649,0,0,"2025-09-01 12:00:00","2025-09-01 13:00:00","2025-12-17 06:29:41"
Nederland,WindOffshore,Hour,3676918,3676918,0,0,"2025-09-01 13:00:00","2025-09-01 14:00:00","2025-12-17 06:29:41"
Nederland,WindOffshore,Hour,3156393,3156393,0,0,"2025-09-01 14:00:00","2025-09-01 15:00:00","2025-12-17 06:29:41"
Nederland,WindOffshore,Hour,2993214,2993214,0,0,"2025-09-01 15:00:00","2025-09-01 16:00:00","2025-12-17 06:29:41"
Nederland,WindOffshore,Hour,2654196,2654196,0,0,"2025-09-01 16:00:00","2025-09-01 17:00:00","2025-12-17 06:29:41"
Nederland,WindOffshore,Hour,2263566,2263566,0,0,"2025-09-01 17:00:00","2025-09-01 18:00:00","2025-12-17 06:29:41"
Nederland,WindOffshore,Hour,2036252,2036252,0,0,"2025-09-01 18:00:00","2025-09-01 19:00:00","2025-12-17 06:29:41"
Nederland,WindOffshore,Hour,2149021,2149021,0,0,"2025-09-01 19:00:00","2025-09-01 20:00:00","2025-12-17 06:29:41"
Nederland,WindOffshore,Hour,2572242,2572242,0,0,"2025-09-01 20:00:00","2025-09-01 21:00:00","2025-12-17 06:29:41"
Nederland,WindOffshore,Hour,2996684,2996684,0,0,"2025-09-01 21:00:00","2025-09-01 22:00:00","2025-12-17 06:29:41"
Nederland,WindOffshore,Hour,3236395,3236395,0,0,"2025-09-01 22:00:00","2025-09-01 23:00:00","2025-12-17 06:29:41"
Nederland,WindOffshore,Hour,3276448,3276448,0,0,"2025-09-01 23:00:00","2025-09-02 00:00:00","2025-12-17 06:29:41"
Nederland,WindOffshore,Hour,3061983,3061983,0,0,"2025-09-02 00:00:00","2025-09-02 01:00:00","2025-12-17 06:29:41"
Nederland,WindOffshore,Hour,3004918,3004918,0,0,"2025-09-02 01:00:00","2025-09-02 02:00:00","2025-12-17 06:29:41"
Nederland,WindOffshore,Hour,2635449,2635449,0,0,"2025-09-02 02:00:00","2025-09-02 03:00:00","2025-12-17 06:29:41"
Nederland,WindOffshore,Hour,2341646,2341646,0,0,"2025-09-02 03:00:00","2025-09-02 04:00:00","2025-12-17 06:29:41"
Nederland,WindOffshore,Hour,2854899,2854899,0,0,"2025-09-02 04:00:00","2025-09-02 05:00:00","2025-12-17 06:29:41"
Nederland,WindOffshore,Hour,3151871,3151871,0,0,"2025-09-02 05:00:00","2025-09-02 06:00:00","2025-12-17 06:29:41"
Nederland,WindOffshore,Hour,2615283,2615283,0,0,"2025-09-02 06:00:00","2025-09-02 07:00:00","2025-12-17 06:29:41"
Nederland,WindOffshore,Hour,2587437,2587437,0,0,"2025-09-02 07:00:00","2025-09-02 08:00:00","2025-12-17 06:29:41"
Nederland,WindOffshore,Hour,2881286,2881286,0,0,"2025-09-02 08:00:00","2025-09-02 09:00:00","2025-12-17 06:29:41"
Nederland,WindOffshore,Hour,2712236,2712236,0,0,"2025-09-02 09:00:00","2025-09-02 10:00:00","2025-12-17 06:29:41"
Nederland,WindOffshore,Hour,2689418,2689418,0,0,"2025-09-02 10:00:00","2025-09-02 11:00:00","2025-12-17 06:29:41"
Nederland,WindOffshore,Hour,3022252,3022252,0,0,"2025-09-02 11:00:00","2025-09-02 12:00:00","2025-12-17 06:29:41"
Nederland,WindOffshore,Hour,2982571,2982571,0,0,"2025-09-02 12:00:00","2025-09-02 13:00:00","2025-12-17 06:29:41"
Nederland,WindOffshore,Hour,2645727,2645727,0,0,"2025-09-02 13:00:00","2025-09-02 14:00:00","2025-12-17 06:29:41"
Nederland,WindOffshore,Hour,2238124,2238124,0,0,"2025-09-02 14:00:00","2025-09-02 15:00:00","2025-12-17 06:29:41"
Nederland,WindOffshore,Hour,2267298,2267298,0,0,"2025-09-02 15:00:00","2025-09-02 16:00:00","2025-12-17 06:29:41"
Nederland,WindOffshore,Hour,2711737,2711737,0,0,"2025-09-02 16:00:00","2025-09-02 17:00:00","2025-12-17 06:29:41"
Nederland,WindOffshore,Hour,3025450,3025450,0,0,"2025-09-02 17:00:00","2025-09-02 18:00:00","2025-12-17 06:29:41"
Nederland,WindOffshore,Hour,3228421,3228421,0,0,"2025-09-02 18:00:00","2025-09-02 19:00:00","2025-12-17 06:29:41"
Nederland,WindOffshore,Hour,3357935,3357935,0,0,"2025-09-02 19:00:00","2025-09-02 20:00:00","2025-12-17 06:29:41"
Nederland,WindOffshore,Hour,3473153,3473153,0,0,"2025-09-02 20:00:00","2025-09-02 21:00:00","2025-12-17 06:29:41"
Nederland,WindOffshore,Hour,3815663,3815663,0,0,"2025-09-02 21:00:00","2025-09-02 22:00:00","2025-12-17 06:29:41"
Nederland,WindOffshore,Hour,3915883,3915883,0,0,"2025-09-02 22:00:00","2025-09-02 23:00:00","2025-12-17 06:29:41"
Nederland,WindOffshore,Hour,3773594,3773594,0,0,"2025-09-02 23:00:00","2025-09-03 00:00:00","2025-12-17 06:29:41"
Nederland,WindOffshore,Hour,3703491,3703491,0,0,"2025-09-03 00:00:00","2025-09-03 01:00:00","2025-12-17 06:29:41"
Nederland,WindOffshore,Hour,3770776,3770776,0,0,"2025-09-03 01:00:00","2025-09-03 02:00:00","2025-12-17 06:29:41"
Nederland,WindOffshore,Hour,3868353,3868353,0,0,"2025-09-03 02:00:00","2025-09-03 03:00:00","2025-12-17 06:29:41"
Nederland,WindOffshore,Hour,3968354,3968354,0,0,"2025-09-03 03:00:00","2025-09-03 04:00:00","2025-12-17 06:29:41"
Nederland,WindOffshore,Hour,4074741,4074741,0,0,"2025-09-03 04:00:00","2025-09-03 05:00:00","2025-12-17 06:29:41"
Nederland,WindOffshore,Hour,4090857,4090857,0,0,"2025-09-03 05:00:00","2025-09-03 06:00:00","2025-12-17 06:29:41"
Nederland,WindOffshore,Hour,4133692,4133692,0,0,"2025-09-03 06:00:00","2025-09-03 07:00:00","2025-12-17 06:29:41"
Nederland,WindOffshore,Hour,4151892,4151892,0,0,"2025-09-03 07:00:00","2025-09-03 08:00:00","2025-12-17 06:29:41"
Nederland,WindOffshore,Hour,4158000,4158000,0,0,"2025-09-03 08:00:00","2025-09-03 09:00:00","2025-12-17 06:29:41"
Nederland,WindOffshore,Hour,4158000,4158000,0,0,"2025-09-03 09:00:00","2025-09-03 10:00:00","2025-12-17 06:29:41"
Nederland,WindOffshore,Hour,4158000,4158000,0,0,"2025-09-03 10:00:00","2025-09-03 11:00:00","2025-12-17 06:29:41"
Nederland,WindOffshore,Hour,4158000,4158000,0,0,"2025-09-03 11:00:00","2025-09-03 12:00:00","2025-12-17 06:29:41"
Nederland,WindOffshore,Hour,4158000,4158000,0,0,"2025-09-03 12:00:00","2025-09-03 13:00:00","2025-12-17 06:29:41"
Nederland,WindOffshore,Hour,4158000,4158000,0,0,"2025-09-03 13:00:00","2025-09-03 14:00:00","2025-12-17 06:29:41"
Nederland,WindOffshore,Hour,4155482,4155482,0,0,"2025-09-03 14:00:00","2025-09-03 15:00:00","2025-12-17 06:29:41"
Nederland,WindOffshore,Hour,4103788,4103788,0,0,"2025-09-03 15:00:00","2025-09-03 16:00:00","2025-12-17 06:29:41"
Nederland,WindOffshore,Hour,4074241,4074241,0,0,"2025-09-03 16:00:00","2025-09-03 17:00:00","2025-12-17 06:29:41"
Nederland,WindOffshore,Hour,4130945,4130945,0,0,"2025-09-03 17:00:00","2025-09-03 18:00:00","2025-12-17 06:29:41"
Nederland,WindOffshore,Hour,4158000,4158000,0,0,"2025-09-03 18:00:00","2025-09-03 19:00:00","2025-12-17 06:29:41"
Nederland,WindOffshore,Hour,4158000,4158000,0,0,"2025-09-03 19:00:00","2025-09-03 20:00:00","2025-12-17 06:29:41"
Nederland,WindOffshore,Hour,4158000,4158000,0,0,"2025-09-03 20:00:00","2025-09-03 21:00:00","2025-12-17 06:29:41"
Nederland,WindOffshore,Hour,4158000,4158000,0,0,"2025-09-03 21:00:00","2025-09-03 22:00:00","2025-12-17 06:29:41"
Nederland,WindOffshore,Hour,4157873,4157873,0,0,"2025-09-03 22:00:00","2025-09-03 23:00:00","2025-12-17 06:29:41"
Nederland,WindOffshore,Hour,4127841,4127841,0,0,"2025-09-03 23:00:00","2025-09-04 00:00:00","2025-12-17 06:29:41"
Nederland,WindOffshore,Hour,4028360,4028360,0,0,"2025-09-04 00:00:00","2025-09-04 01:00:00","2025-12-17 06:29:41"
Nederland,WindOffshore,Hour,3965370,3965370,0,0,"2025-09-04 01:00:00","2025-09-04 02:00:00","2025-12-17 06:29:41"
Nederland,WindOffshore,Hour,4022316,4022316,0,0,"2025-09-04 02:00:00","2025-09-04 03:00:00","2025-12-17 06:29:41"
Nederland,WindOffshore,Hour,4084157,4084157,0,0,"2025-09-04 03:00:00","2025-09-04 04:00:00","2025-12-17 06:29:41"
Nederland,WindOffshore,Hour,4037461,4037461,0,0,"2025-09-04 04:00:00","2025-09-04 05:00:00","2025-12-17 06:29:41"
Nederland,WindOffshore,Hour,4080884,4080884,0,0,"2025-09-04 05:00:00","2025-09-04 06:00:00","2025-12-17 06:29:41"
Nederland,WindOffshore,Hour,4093300,4093300,0,0,"2025-09-04 06:00:00","2025-09-04 07:00:00","2025-12-17 06:29:41"
Nederland,WindOffshore,Hour,4043681,4043681,0,0,"2025-09-04 07:00:00","2025-09-04 08:00:00","2025-12-17 06:29:41"
Nederland,WindOffshore,Hour,3891689,3891689,0,0,"2025-09-04 08:00:00","2025-09-04 09:00:00","2025-12-17 06:29:41"
Nederland,WindOffshore,Hour,3541386,3541386,0,0,"2025-09-04 09:00:00","2025-09-04 10:00:00","2025-12-17 06:29:41"
Nederland,WindOffshore,Hour,3661904,3661904,0,0,"2025-09-04 10:00:00","2025-09-04 11:00:00","2025-12-17 06:29:41"
Nederland,WindOffshore,Hour,3855741,3855741,0,0,"2025-09-04 11:00:00","2025-09-04 12:00:00","2025-12-17 06:29:41"
Nederland,WindOffshore,Hour,3879500,3879500,0,0,"2025-09-04 12:00:00","2025-09-04 13:00:00","2025-12-17 06:29:41"
Nederland,WindOffshore,Hour,3748369,3748369,0,0,"2025-09-04 13:00:00","2025-09-04 14:00:00","2025-12-17 06:29:41"
Nederland,WindOffshore,Hour,3568563,3568563,0,0,"2025-09-04 14:00:00","2025-09-04 15:00:00","2025-12-17 06:29:41"
Nederland,WindOffshore,Hour,3383156,3383156,0,0,"2025-09-04 15:00:00","2025-09-04 16:00:00","2025-12-17 06:29:41"
Nederland,WindOffshore,Hour,3586854,3586854,0,0,"2025-09-04 16:00:00","2025-09-04 17:00:00","2025-12-17 06:29:41"
Nederland,WindOffshore,Hour,3739242,3739242,0,0,"2025-09-04 17:00:00","2025-09-04 18:00:00","2025-12-17 06:29:41"
Nederland,WindOffshore,Hour,3922606,3922606,0,0,"2025-09-04 18:00:00","2025-09-04 19:00:00","2025-12-17 06:29:41"
Nederland,WindOffshore,Hour,3804260,3804260,0,0,"2025-09-04 19:00:00","2025-09-04 20:00:00","2025-12-17 06:29:41"
Nederland,WindOffshore,Hour,3254761,3254761,0,0,"2025-09-04 20:00:00","2025-09-04 21:00:00","2025-12-17 06:29:41"
Nederland,WindOffshore,Hour,3097627,3097627,0,0,"2025-09-04 21:00:00","2025-09-04 22:00:00","2025-12-17 06:29:41"
Nederland,WindOffshore,Hour,3431912,3431912,0,0,"2025-09-04 22:00:00","2025-09-04 23:00:00","2025-12-17 06:29:41"
Nederland,WindOffshore,Hour,3318533,3318533,0,0,"2025-09-04 23:00:00","2025-09-05 00:00:00","2025-12-17 06:29:41"
Nederland,WindOffshore,Hour,3081744,3081744,0,0,"2025-09-05 00:00:00","2025-09-05 01:00:00","2025-12-17 06:29:41"
Nederland,WindOffshore,Hour,2531440,2531440,0,0,"2025-09-05 01:00:00","2025-09-05 02:00:00","2025-12-17 06:29:41"
Nederland,WindOffshore,Hour,1985677,1985677,0,0,"2025-09-05 02:00:00","2025-09-05 03:00:00","2025-12-17 06:29:41"
Nederland,WindOffshore,Hour,1461719,1461719,0,0,"2025-09-05 03:00:00","2025-09-05 04:00:00","2025-12-17 06:29:41"
Nederland,WindOffshore,Hour,905374,905374,0,0,"2025-09-05 04:00:00","2025-09-05 05:00:00","2025-12-17 06:29:41"
Nederland,WindOffshore,Hour,858948,858948,0,0,"2025-09-05 05:00:00","2025-09-05 06:00:00","2025-12-17 06:29:41"
Nederland,WindOffshore,Hour,891047,891047,0,0,"2025-09-05 06:00:00","2025-09-05 07:00:00","2025-12-17 06:29:41"
Nederland,WindOffshore,Hour,713954,713954,0,0,"2025-09-05 07:00:00","2025-09-05 08:00:00","2025-12-17 06:29:41"
Nederland,WindOffshore,Hour,868441,868441,0,0,"2025-09-05 08:00:00","2025-09-05 09:00:00","2025-12-17 06:29:41"
Nederland,WindOffshore,Hour,1322213,1322213,0,0,"2025-09-05 09:00:00","2025-09-05 10:00:00","2025-12-17 06:29:41"
Nederland,WindOffshore,Hour,1205708,1205708,0,0,"2025-09-05 10:00:00","2025-09-05 11:00:00","2025-12-17 06:29:41"
Nederland,WindOffshore,Hour,1114330,1114330,0,0,"2025-09-05 11:00:00","2025-09-05 12:00:00","2025-12-17 06:29:41"
Nederland,WindOffshore,Hour,1110885,1110885,0,0,"2025-09-05 12:00:00","2025-09-05 13:00:00","2025-12-17 06:29:41"
Nederland,WindOffshore,Hour,888685,888685,0,0,"2025-09-05 13:00:00","2025-09-05 14:00:00","2025-12-17 06:29:41"
Nederland,WindOffshore,Hour,855479,855479,0,0,"2025-09-05 14:00:00","2025-09-05 15:00:00","2025-12-17 06:29:41"
Nederland,WindOffshore,Hour,472607,472607,0,0,"2025-09-05 15:00:00","2025-09-05 16:00:00","2025-12-17 06:29:41"
Nederland,WindOffshore,Hour,161951,161951,0,0,"2025-09-05 16:00:00","2025-09-05 17:00:00","2025-12-17 06:29:41"
Nederland,WindOffshore,Hour,168866,168866,0,0,"2025-09-05 17:00:00","2025-09-05 18:00:00","2025-12-17 06:29:41"
Nederland,WindOffshore,Hour,117870,117870,0,0,"2025-09-05 18:00:00","2025-09-05 19:00:00","2025-12-17 06:29:41"
Nederland,WindOffshore,Hour,102257,102257,0,0,"2025-09-05 19:00:00","2025-09-05 20:00:00","2025-12-17 06:29:41"
Nederland,WindOffshore,Hour,110959,110959,0,0,"2025-09-05 20:00:00","2025-09-05 21:00:00","2025-12-17 06:29:41"
Nederland,WindOffshore,Hour,81309,81309,0,0,"2025-09-05 21:00:00","2025-09-05 22:00:00","2025-12-17 06:29:41"
Nederland,WindOffshore,Hour,118456,118456,0,0,"2025-09-05 22:00:00","2025-09-05 23:00:00","2025-12-17 06:29:41"
Nederland,WindOffshore,Hour,247083,247083,0,0,"2025-09-05 23:00:00","2025-09-06 00:00:00","2025-12-17 06:29:41"
Nederland,WindOffshore,Hour,411899,411899,0,0,"2025-09-06 00:00:00","2025-09-06 01:00:00","2025-12-17 06:29:41"
Nederland,WindOffshore,Hour,500062,500062,0,0,"2025-09-06 01:00:00","2025-09-06 02:00:00","2025-12-17 06:29:41"
Nederland,WindOffshore,Hour,494767,494767,0,0,"2025-09-06 02:00:00","2025-09-06 03:00:00","2025-12-17 06:29:41"
Nederland,WindOffshore,Hour,294244,294244,0,0,"2025-09-06 03:00:00","2025-09-06 04:00:00","2025-12-17 06:29:41"
Nederland,WindOffshore,Hour,280032,280032,0,0,"2025-09-06 04:00:00","2025-09-06 05:00:00","2025-12-17 06:29:41"
Nederland,WindOffshore,Hour,316457,316457,0,0,"2025-09-06 05:00:00","2025-09-06 06:00:00","2025-12-17 06:29:41"
Nederland,WindOffshore,Hour,397616,397616,0,0,"2025-09-06 06:00:00","2025-09-06 07:00:00","2025-12-17 06:29:41"
Nederland,WindOffshore,Hour,662447,662447,0,0,"2025-09-06 07:00:00","2025-09-06 08:00:00","2025-12-17 06:29:41"
Nederland,WindOffshore,Hour,743300,743300,0,0,"2025-09-06 08:00:00","2025-09-06 09:00:00","2025-12-17 06:29:41"
Nederland,WindOffshore,Hour,649515,649515,0,0,"2025-09-06 09:00:00","2025-09-06 10:00:00","2025-12-17 06:29:41"
Nederland,WindOffshore,Hour,387081,387081,0,0,"2025-09-06 10:00:00","2025-09-06 11:00:00","2025-12-17 06:29:41"
Nederland,WindOffshore,Hour,427184,427184,0,0,"2025-09-06 11:00:00","2025-09-06 12:00:00","2025-12-17 06:29:41"
Nederland,WindOffshore,Hour,562259,562259,0,0,"2025-09-06 12:00:00","2025-09-06 13:00:00","2025-12-17 06:29:41"
Nederland,WindOffshore,Hour,477924,477924,0,0,"2025-09-06 13:00:00","2025-09-06 14:00:00","2025-12-17 06:29:41"
Nederland,WindOffshore,Hour,510351,510351,0,0,"2025-09-06 14:00:00","2025-09-06 15:00:00","2025-12-17 06:29:41"
Nederland,WindOffshore,Hour,514803,514803,0,0,"2025-09-06 15:00:00","2025-09-06 16:00:00","2025-12-17 06:29:41"
Nederland,WindOffshore,Hour,804978,804978,0,0,"2025-09-06 16:00:00","2025-09-06 17:00:00","2025-12-17 06:29:41"
Nederland,WindOffshore,Hour,1476578,1476578,0,0,"2025-09-06 17:00:00","2025-09-06 18:00:00","2025-12-17 06:29:41"
Nederland,WindOffshore,Hour,2324555,2324555,0,0,"2025-09-06 18:00:00","2025-09-06 19:00:00","2025-12-17 06:29:41"
Nederland,WindOffshore,Hour,2914868,2914868,0,0,"2025-09-06 19:00:00","2025-09-06 20:00:00","2025-12-17 06:29:41"
Nederland,WindOffshore,Hour,3106432,3106432,0,0,"2025-09-06 20:00:00","2025-09-06 21:00:00","2025-12-17 06:29:41"
Nederland,WindOffshore,Hour,3337421,3337421,0,0,"2025-09-06 21:00:00","2025-09-06 22:00:00","2025-12-17 06:29:41"
Nederland,WindOffshore,Hour,3476473,3476473,0,0,"2025-09-06 22:00:00","2025-09-06 23:00:00","2025-12-17 06:29:41"
Nederland,WindOffshore,Hour,3621259,3621259,0,0,"2025-09-06 23:00:00","2025-09-07 00:00:00","2025-12-17 06:29:41"
Nederland,WindOffshore,Hour,3677668,3677668,0,0,"2025-09-07 00:00:00","2025-09-07 01:00:00","2025-12-17 06:29:41"
Nederland,WindOffshore,Hour,3590902,3590902,0,0,"2025-09-07 01:00:00","2025-09-07 02:00:00","2025-12-17 06:29:41"
Nederland,WindOffshore,Hour,3591934,3591934,0,0,"2025-09-07 02:00:00","2025-09-07 03:00:00","2025-12-17 06:29:41"
Nederland,WindOffshore,Hour,3549442,3549442,0,0,"2025-09-07 03:00:00","2025-09-07 04:00:00","2025-12-17 06:29:41"
Nederland,WindOffshore,Hour,3643194,3643194,0,0,"2025-09-07 04:00:00","2025-09-07 05:00:00","2025-12-17 06:29:41"
Nederland,WindOffshore,Hour,3794985,3794985,0,0,"2025-09-07 05:00:00","2025-09-07 06:00:00","2025-12-17 06:29:41"
Nederland,WindOffshore,Hour,3928688,3928688,0,0,"2025-09-07 06:00:00","2025-09-07 07:00:00","2025-12-17 06:29:41"
Nederland,WindOffshore,Hour,2784206,2784206,0,0,"2025-09-07 07:00:00","2025-09-07 08:00:00","2025-12-17 06:29:41"
Nederland,WindOffshore,Hour,2700783,2700783,0,0,"2025-09-07 08:00:00","2025-09-07 09:00:00","2025-12-17 06:29:41"
Nederland,WindOffshore,Hour,2239932,2239932,0,0,"2025-09-07 09:00:00","2025-09-07 10:00:00","2025-12-17 06:29:41"
Nederland,WindOffshore,Hour,1865990,1865990,0,0,"2025-09-07 10:00:00","2025-09-07 11:00:00","2025-12-17 06:29:41"
Nederland,WindOffshore,Hour,1891366,1891366,0,0,"2025-09-07 11:00:00","2025-09-07 12:00:00","2025-12-17 06:29:41"
Nederland,WindOffshore,Hour,1879380,1879380,0,0,"2025-09-07 12:00:00","2025-09-07 13:00:00","2025-12-17 06:29:41"
Nederland,WindOffshore,Hour,2245252,2245252,0,0,"2025-09-07 13:00:00","2025-09-07 14:00:00","2025-12-17 06:29:41"
Nederland,WindOffshore,Hour,2557106,2557106,0,0,"2025-09-07 14:00:00","2025-09-07 15:00:00","2025-12-17 06:29:41"
Nederland,WindOffshore,Hour,3699318,3699318,0,0,"2025-09-07 15:00:00","2025-09-07 16:00:00","2025-12-17 06:29:41"
Nederland,WindOffshore,Hour,3901464,3901464,0,0,"2025-09-07 16:00:00","2025-09-07 17:00:00","2025-12-17 06:29:41"
Nederland,WindOffshore,Hour,3762692,3762692,0,0,"2025-09-07 17:00:00","2025-09-07 18:00:00","2025-12-17 06:29:41"
Nederland,WindOffshore,Hour,3313280,3313280,0,0,"2025-09-07 18:00:00","2025-09-07 19:00:00","2025-12-17 06:29:41"
Nederland,WindOffshore,Hour,2935890,2935890,0,0,"2025-09-07 19:00:00","2025-09-07 20:00:00","2025-12-17 06:29:41"
Nederland,WindOffshore,Hour,2654194,2654194,0,0,"2025-09-07 20:00:00","2025-09-07 21:00:00","2025-12-17 06:29:41"
Nederland,WindOffshore,Hour,1190581,1190581,0,0,"2025-09-07 21:00:00","2025-09-07 22:00:00","2025-12-17 06:29:41"
Nederland,WindOffshore,Hour,639521,639521,0,0,"2025-09-07 22:00:00","2025-09-07 23:00:00","2025-12-17 06:29:41"
Nederland,WindOffshore,Hour,701756,701756,0,0,"2025-09-07 23:00:00","2025-09-08 00:00:00","2025-12-17 06:29:41"
Nederland,WindOffshore,Hour,899160,899160,0,0,"2025-09-08 00:00:00","2025-09-08 01:00:00","2025-12-17 06:29:41"
Nederland,WindOffshore,Hour,1409496,1409496,0,0,"2025-09-08 01:00:00","2025-09-08 02:00:00","2025-12-17 06:29:41"
Nederland,WindOffshore,Hour,1515484,1515484,0,0,"2025-09-08 02:00:00","2025-09-08 03:00:00","2025-12-17 06:29:41"
Nederland,WindOffshore,Hour,1636760,1636760,0,0,"2025-09-08 03:00:00","2025-09-08 04:00:00","2025-12-17 06:29:41"
Nederland,WindOffshore,Hour,1485147,1485147,0,0,"2025-09-08 04:00:00","2025-09-08 05:00:00","2025-12-17 06:29:41"
Nederland,WindOffshore,Hour,953630,953630,0,0,"2025-09-08 05:00:00","2025-09-08 06:00:00","2025-12-17 06:29:41"
Nederland,WindOffshore,Hour,743109,743109,0,0,"2025-09-08 06:00:00","2025-09-08 07:00:00","2025-12-17 06:29:41"
Nederland,WindOffshore,Hour,958801,958801,0,0,"2025-09-08 07:00:00","2025-09-08 08:00:00","2025-12-17 06:29:41"
Nederland,WindOffshore,Hour,917233,917233,0,0,"2025-09-08 08:00:00","2025-09-08 09:00:00","2025-12-17 06:29:41"
Nederland,WindOffshore,Hour,876227,876227,0,0,"2025-09-08 09:00:00","2025-09-08 10:00:00","2025-12-17 06:29:41"
Nederland,WindOffshore,Hour,1102383,1102383,0,0,"2025-09-08 10:00:00","2025-09-08 11:00:00","2025-12-17 06:29:41"
Nederland,WindOffshore,Hour,1562357,1562357,0,0,"2025-09-08 11:00:00","2025-09-08 12:00:00","2025-12-17 06:29:41"
Nederland,WindOffshore,Hour,1326736,1326736,0,0,"2025-09-08 12:00:00","2025-09-08 13:00:00","2025-12-17 06:29:41"
Nederland,WindOffshore,Hour,1184563,1184563,0,0,"2025-09-08 13:00:00","2025-09-08 14:00:00","2025-12-17 06:29:41"
Nederland,WindOffshore,Hour,1013193,1013193,0,0,"2025-09-08 14:00:00","2025-09-08 15:00:00","2025-12-17 06:29:41"
Nederland,WindOffshore,Hour,634984,634984,0,0,"2025-09-08 15:00:00","2025-09-08 16:00:00","2025-12-17 06:29:41"
Nederland,WindOffshore,Hour,412778,412778,0,0,"2025-09-08 16:00:00","2025-09-08 17:00:00","2025-12-17 06:29:41"
Nederland,WindOffshore,Hour,259562,259562,0,0,"2025-09-08 17:00:00","2025-09-08 18:00:00","2025-12-17 06:29:41"
Nederland,WindOffshore,Hour,347004,347004,0,0,"2025-09-08 18:00:00","2025-09-08 19:00:00","2025-12-17 06:29:41"
Nederland,WindOffshore,Hour,262476,262476,0,0,"2025-09-08 19:00:00","2025-09-08 20:00:00","2025-12-17 06:29:41"
Nederland,WindOffshore,Hour,190163,190163,0,0,"2025-09-08 20:00:00","2025-09-08 21:00:00","2025-12-17 06:29:41"
Nederland,WindOffshore,Hour,210931,210931,0,0,"2025-09-08 21:00:00","2025-09-08 22:00:00","2025-12-17 06:29:41"
Nederland,WindOffshore,Hour,130020,130020,0,0,"2025-09-08 22:00:00","2025-09-08 23:00:00","2025-12-17 06:29:41"
Nederland,WindOffshore,Hour,39609,39609,0,0,"2025-09-08 23:00:00","2025-09-09 00:00:00","2025-12-17 06:29:41"
Nederland,WindOffshore,Hour,26288,26288,0,0,"2025-09-09 00:00:00","2025-09-09 01:00:00","2025-12-17 06:29:41"
Nederland,WindOffshore,Hour,0,0,0,0,"2025-09-09 01:00:00","2025-09-09 02:00:00","2025-12-17 06:29:41"
Nederland,WindOffshore,Hour,0,0,0,0,"2025-09-09 02:00:00","2025-09-09 03:00:00","2025-12-17 06:29:41"
Nederland,WindOffshore,Hour,8240,8240,0,0,"2025-09-09 03:00:00","2025-09-09 04:00:00","2025-12-17 06:29:41"
Nederland,WindOffshore,Hour,34588,34588,0,0,"2025-09-09 04:00:00","2025-09-09 05:00:00","2025-12-17 06:29:41"
Nederland,WindOffshore,Hour,51182,51182,0,0,"2025-09-09 05:00:00","2025-09-09 06:00:00","2025-12-17 06:29:41"
Nederland,WindOffshore,Hour,43955,43955,0,0,"2025-09-09 06:00:00","2025-09-09 07:00:00","2025-12-17 06:29:41"
Nederland,WindOffshore,Hour,54059,54059,0,0,"2025-09-09 07:00:00","2025-09-09 08:00:00","2025-12-17 06:29:41"
Nederland,WindOffshore,Hour,65385,65385,0,0,"2025-09-09 08:00:00","2025-09-09 09:00:00","2025-12-17 06:29:41"
Nederland,WindOffshore,Hour,112343,112343,0,0,"2025-09-09 09:00:00","2025-09-09 10:00:00","2025-12-17 06:29:41"
Nederland,WindOffshore,Hour,195651,195651,0,0,"2025-09-09 10:00:00","2025-09-09 11:00:00","2025-12-17 06:29:41"
Nederland,WindOffshore,Hour,138065,138065,0,0,"2025-09-09 11:00:00","2025-09-09 12:00:00","2025-12-17 06:29:41"
Nederland,WindOffshore,Hour,366584,366584,0,0,"2025-09-09 12:00:00","2025-09-09 13:00:00","2025-12-17 06:29:41"
Nederland,WindOffshore,Hour,327382,327382,0,0,"2025-09-09 13:00:00","2025-09-09 14:00:00","2025-12-17 06:29:41"
Nederland,WindOffshore,Hour,354743,354743,0,0,"2025-09-09 14:00:00","2025-09-09 15:00:00","2025-12-17 06:29:41"
Nederland,WindOffshore,Hour,735761,735761,0,0,"2025-09-09 15:00:00","2025-09-09 16:00:00","2025-12-17 06:29:41"
Nederland,WindOffshore,Hour,841365,841365,0,0,"2025-09-09 16:00:00","2025-09-09 17:00:00","2025-12-17 06:29:41"
Nederland,WindOffshore,Hour,1283283,1283283,0,0,"2025-09-09 17:00:00","2025-09-09 18:00:00","2025-12-17 06:29:41"
Nederland,WindOffshore,Hour,1447315,1447315,0,0,"2025-09-09 18:00:00","2025-09-09 19:00:00","2025-12-17 06:29:41"
Nederland,WindOffshore,Hour,1442850,1442850,0,0,"2025-09-09 19:00:00","2025-09-09 20:00:00","2025-12-17 06:29:41"
Nederland,WindOffshore,Hour,1340763,1340763,0,0,"2025-09-09 20:00:00","2025-09-09 21:00:00","2025-12-17 06:29:41"
Nederland,WindOffshore,Hour,1505864,1505864,0,0,"2025-09-09 21:00:00","2025-09-09 22:00:00","2025-12-17 06:29:41"
Nederland,WindOffshore,Hour,1476426,1476426,0,0,"2025-09-09 22:00:00","2025-09-09 23:00:00","2025-12-17 06:29:41"
Nederland,WindOffshore,Hour,1334329,1334329,0,0,"2025-09-09 23:00:00","2025-09-10 00:00:00","2025-12-17 06:29:41"
Nederland,WindOffshore,Hour,1012733,1012733,0,0,"2025-09-10 00:00:00","2025-09-10 01:00:00","2025-12-17 06:29:41"
Nederland,WindOffshore,Hour,944680,944680,0,0,"2025-09-10 01:00:00","2025-09-10 02:00:00","2025-12-17 06:29:41"
Nederland,WindOffshore,Hour,1011675,1011675,0,0,"2025-09-10 02:00:00","2025-09-10 03:00:00","2025-12-17 06:29:41"
Nederland,WindOffshore,Hour,918350,918350,0,0,"2025-09-10 03:00:00","2025-09-10 04:00:00","2025-12-17 06:29:41"
Nederland,WindOffshore,Hour,823044,823044,0,0,"2025-09-10 04:00:00","2025-09-10 05:00:00","2025-12-17 06:29:41"
Nederland,WindOffshore,Hour,966140,966140,0,0,"2025-09-10 05:00:00","2025-09-10 06:00:00","2025-12-17 06:29:41"
Nederland,WindOffshore,Hour,1042899,1042899,0,0,"2025-09-10 06:00:00","2025-09-10 07:00:00","2025-12-17 06:29:41"
Nederland,WindOffshore,Hour,1380710,1380710,0,0,"2025-09-10 07:00:00","2025-09-10 08:00:00","2025-12-17 06:29:41"
Nederland,WindOffshore,Hour,1825673,1825673,0,0,"2025-09-10 08:00:00","2025-09-10 09:00:00","2025-12-17 06:29:41"
Nederland,WindOffshore,Hour,2230255,2230255,0,0,"2025-09-10 09:00:00","2025-09-10 10:00:00","2025-12-17 06:29:41"
Nederland,WindOffshore,Hour,2474354,2474354,0,0,"2025-09-10 10:00:00","2025-09-10 11:00:00","2025-12-17 06:29:41"
Nederland,WindOffshore,Hour,2761585,2761585,0,0,"2025-09-10 11:00:00","2025-09-10 12:00:00","2025-12-17 06:29:41"
Nederland,WindOffshore,Hour,2574304,2574304,0,0,"2025-09-10 12:00:00","2025-09-10 13:00:00","2025-12-17 06:29:41"
Nederland,WindOffshore,Hour,2058462,2058462,0,0,"2025-09-10 13:00:00","2025-09-10 14:00:00","2025-12-17 06:29:41"
Nederland,WindOffshore,Hour,2671816,2671816,0,0,"2025-09-10 14:00:00","2025-09-10 15:00:00","2025-12-17 06:29:41"
Nederland,WindOffshore,Hour,2066416,2066416,0,0,"2025-09-10 15:00:00","2025-09-10 16:00:00","2025-12-17 06:29:41"
Nederland,WindOffshore,Hour,2062744,2062744,0,0,"2025-09-10 16:00:00","2025-09-10 17:00:00","2025-12-17 06:29:41"
Nederland,WindOffshore,Hour,1845826,1845826,0,0,"2025-09-10 17:00:00","2025-09-10 18:00:00","2025-12-17 06:29:41"
Nederland,WindOffshore,Hour,1737933,1737933,0,0,"2025-09-10 18:00:00","2025-09-10 19:00:00","2025-12-17 06:29:41"
Nederland,WindOffshore,Hour,2772210,2772210,0,0,"2025-09-10 19:00:00","2025-09-10 20:00:00","2025-12-17 06:29:41"
Nederland,WindOffshore,Hour,3221189,3221189,0,0,"2025-09-10 20:00:00","2025-09-10 21:00:00","2025-12-17 06:29:41"
Nederland,WindOffshore,Hour,3181987,3181987,0,0,"2025-09-10 21:00:00","2025-09-10 22:00:00","2025-12-17 06:29:41"
Nederland,WindOffshore,Hour,3590308,3590308,0,0,"2025-09-10 22:00:00","2025-09-10 23:00:00","2025-12-17 06:29:41"
Nederland,WindOffshore,Hour,4006587,4006587,0,0,"2025-09-10 23:00:00","2025-09-11 00:00:00","2025-12-17 06:29:41"
Nederland,WindOffshore,Hour,4006329,4006329,0,0,"2025-09-11 00:00:00","2025-09-11 01:00:00","2025-12-17 06:29:41"
Nederland,WindOffshore,Hour,3841733,3841733,0,0,"2025-09-11 01:00:00","2025-09-11 02:00:00","2025-12-17 06:29:41"
Nederland,WindOffshore,Hour,3967125,3967125,0,0,"2025-09-11 02:00:00","2025-09-11 03:00:00","2025-12-17 06:29:41"
Nederland,WindOffshore,Hour,4044687,4044687,0,0,"2025-09-11 03:00:00","2025-09-11 04:00:00","2025-12-17 06:29:41"
Nederland,WindOffshore,Hour,4045362,4045362,0,0,"2025-09-11 04:00:00","2025-09-11 05:00:00","2025-12-17 06:29:41"
Nederland,WindOffshore,Hour,3804331,3804331,0,0,"2025-09-11 05:00:00","2025-09-11 06:00:00","2025-12-17 06:29:41"
Nederland,WindOffshore,Hour,3453287,3453287,0,0,"2025-09-11 06:00:00","2025-09-11 07:00:00","2025-12-17 06:29:41"
Nederland,WindOffshore,Hour,3123711,3123711,0,0,"2025-09-11 07:00:00","2025-09-11 08:00:00","2025-12-17 06:29:41"
Nederland,WindOffshore,Hour,3604623,3604623,0,0,"2025-09-11 08:00:00","2025-09-11 09:00:00","2025-12-17 06:29:41"
Nederland,WindOffshore,Hour,3865839,3865839,0,0,"2025-09-11 09:00:00","2025-09-11 10:00:00","2025-12-17 06:29:41"
Nederland,WindOffshore,Hour,2817573,2817573,0,0,"2025-09-11 10:00:00","2025-09-11 11:00:00","2025-12-17 06:29:41"
Nederland,WindOffshore,Hour,2826199,2826199,0,0,"2025-09-11 11:00:00","2025-09-11 12:00:00","2025-12-17 06:29:41"
Nederland,WindOffshore,Hour,2783190,2783190,0,0,"2025-09-11 12:00:00","2025-09-11 13:00:00","2025-12-17 06:29:41"
Nederland,WindOffshore,Hour,2787128,2787128,0,0,"2025-09-11 13:00:00","2025-09-11 14:00:00","2025-12-17 06:29:41"
Nederland,WindOffshore,Hour,4003840,4003840,0,0,"2025-09-11 14:00:00","2025-09-11 15:00:00","2025-12-17 06:29:41"
Nederland,WindOffshore,Hour,4034611,4034611,0,0,"2025-09-11 15:00:00","2025-09-11 16:00:00","2025-12-17 06:29:41"
Nederland,WindOffshore,Hour,4059316,4059316,0,0,"2025-09-11 16:00:00","2025-09-11 17:00:00","2025-12-17 06:29:41"
Nederland,WindOffshore,Hour,4064290,4064290,0,0,"2025-09-11 17:00:00","2025-09-11 18:00:00","2025-12-17 06:29:41"
Nederland,WindOffshore,Hour,4074855,4074855,0,0,"2025-09-11 18:00:00","2025-09-11 19:00:00","2025-12-17 06:29:41"
Nederland,WindOffshore,Hour,4134945,4134945,0,0,"2025-09-11 19:00:00","2025-09-11 20:00:00","2025-12-17 06:29:41"
Nederland,WindOffshore,Hour,4099775,4099775,0,0,"2025-09-11 20:00:00","2025-09-11 21:00:00","2025-12-17 06:29:41"
Nederland,WindOffshore,Hour,4019125,4019125,0,0,"2025-09-11 21:00:00","2025-09-11 22:00:00","2025-12-17 06:29:41"
Nederland,WindOffshore,Hour,4052632,4052632,0,0,"2025-09-11 22:00:00","2025-09-11 23:00:00","2025-12-17 06:29:41"
Nederland,WindOffshore,Hour,4066246,4066246,0,0,"2025-09-11 23:00:00","2025-09-12 00:00:00","2025-12-17 06:29:41"
Nederland,WindOffshore,Hour,4103318,4103318,0,0,"2025-09-12 00:00:00","2025-09-12 01:00:00","2025-12-17 06:29:41"
Nederland,WindOffshore,Hour,4088237,4088237,0,0,"2025-09-12 01:00:00","2025-09-12 02:00:00","2025-12-17 06:29:41"
Nederland,WindOffshore,Hour,4094255,4094255,0,0,"2025-09-12 02:00:00","2025-09-12 03:00:00","2025-12-17 06:29:41"
Nederland,WindOffshore,Hour,4089265,4089265,0,0,"2025-09-12 03:00:00","2025-09-12 04:00:00","2025-12-17 06:29:41"
Nederland,WindOffshore,Hour,4145632,4145632,0,0,"2025-09-12 04:00:00","2025-09-12 05:00:00","2025-12-17 06:29:41"
Nederland,WindOffshore,Hour,4131956,4131956,0,0,"2025-09-12 05:00:00","2025-09-12 06:00:00","2025-12-17 06:29:41"
Nederland,WindOffshore,Hour,4078130,4078130,0,0,"2025-09-12 06:00:00","2025-09-12 07:00:00","2025-12-17 06:29:41"
Nederland,WindOffshore,Hour,4084963,4084963,0,0,"2025-09-12 07:00:00","2025-09-12 08:00:00","2025-12-17 06:29:41"
Nederland,WindOffshore,Hour,2872606,2872606,0,0,"2025-09-12 08:00:00","2025-09-12 09:00:00","2025-12-17 06:29:41"
Nederland,WindOffshore,Hour,2862775,2862775,0,0,"2025-09-12 09:00:00","2025-09-12 10:00:00","2025-12-17 06:29:41"
Nederland,WindOffshore,Hour,2843589,2843589,0,0,"2025-09-12 10:00:00","2025-09-12 11:00:00","2025-12-17 06:29:41"
Nederland,WindOffshore,Hour,2425024,2425024,0,0,"2025-09-12 11:00:00","2025-09-12 12:00:00","2025-12-17 06:29:41"
Nederland,WindOffshore,Hour,2853642,2853642,0,0,"2025-09-12 12:00:00","2025-09-12 13:00:00","2025-12-17 06:29:41"
Nederland,WindOffshore,Hour,2868184,2868184,0,0,"2025-09-12 13:00:00","2025-09-12 14:00:00","2025-12-17 06:29:41"
Nederland,WindOffshore,Hour,2864136,2864136,0,0,"2025-09-12 14:00:00","2025-09-12 15:00:00","2025-12-17 06:29:41"
Nederland,WindOffshore,Hour,4095671,4095671,0,0,"2025-09-12 15:00:00","2025-09-12 16:00:00","2025-12-17 06:29:41"
Nederland,WindOffshore,Hour,4070867,4070867,0,0,"2025-09-12 16:00:00","2025-09-12 17:00:00","2025-12-17 06:29:41"
Nederland,WindOffshore,Hour,4003982,4003982,0,0,"2025-09-12 17:00:00","2025-09-12 18:00:00","2025-12-17 06:29:41"
Nederland,WindOffshore,Hour,4102238,4102238,0,0,"2025-09-12 18:00:00","2025-09-12 19:00:00","2025-12-17 06:29:41"
Nederland,WindOffshore,Hour,4045292,4045292,0,0,"2025-09-12 19:00:00","2025-09-12 20:00:00","2025-12-17 06:29:41"
Nederland,WindOffshore,Hour,3745262,3745262,0,0,"2025-09-12 20:00:00","2025-09-12 21:00:00","2025-12-17 06:29:41"
Nederland,WindOffshore,Hour,4029087,4029087,0,0,"2025-09-12 21:00:00","2025-09-12 22:00:00","2025-12-17 06:29:41"
Nederland,WindOffshore,Hour,4114944,4114944,0,0,"2025-09-12 22:00:00","2025-09-12 23:00:00","2025-12-17 06:29:41"
Nederland,WindOffshore,Hour,3939169,3939169,0,0,"2025-09-12 23:00:00","2025-09-13 00:00:00","2025-12-17 06:29:41"
Nederland,WindOffshore,Hour,3987574,3987574,0,0,"2025-09-13 00:00:00","2025-09-13 01:00:00","2025-12-17 06:29:41"
Nederland,WindOffshore,Hour,4002707,4002707,0,0,"2025-09-13 01:00:00","2025-09-13 02:00:00","2025-12-17 06:29:41"
Nederland,WindOffshore,Hour,3882362,3882362,0,0,"2025-09-13 02:00:00","2025-09-13 03:00:00","2025-12-17 06:29:41"
Nederland,WindOffshore,Hour,3865766,3865766,0,0,"2025-09-13 03:00:00","2025-09-13 04:00:00","2025-12-17 06:29:41"
Nederland,WindOffshore,Hour,4088663,4088663,0,0,"2025-09-13 04:00:00","2025-09-13 05:00:00","2025-12-17 06:29:41"
Nederland,WindOffshore,Hour,4070504,4070504,0,0,"2025-09-13 05:00:00","2025-09-13 06:00:00","2025-12-17 06:29:41"
Nederland,WindOffshore,Hour,4045819,4045819,0,0,"2025-09-13 06:00:00","2025-09-13 07:00:00","2025-12-17 06:29:41"
Nederland,WindOffshore,Hour,4022258,4022258,0,0,"2025-09-13 07:00:00","2025-09-13 08:00:00","2025-12-17 06:29:41"
Nederland,WindOffshore,Hour,4058882,4058882,0,0,"2025-09-13 08:00:00","2025-09-13 09:00:00","2025-12-17 06:29:41"
Nederland,WindOffshore,Hour,4111922,4111922,0,0,"2025-09-13 09:00:00","2025-09-13 10:00:00","2025-12-17 06:29:41"
Nederland,WindOffshore,Hour,4100610,4100610,0,0,"2025-09-13 10:00:00","2025-09-13 11:00:00","2025-12-17 06:29:41"
Nederland,WindOffshore,Hour,4106759,4106759,0,0,"2025-09-13 11:00:00","2025-09-13 12:00:00","2025-12-17 06:29:41"
Nederland,WindOffshore,Hour,4147453,4147453,0,0,"2025-09-13 12:00:00","2025-09-13 13:00:00","2025-12-17 06:29:41"
Nederland,WindOffshore,Hour,4155091,4155091,0,0,"2025-09-13 13:00:00","2025-09-13 14:00:00","2025-12-17 06:29:41"
Nederland,WindOffshore,Hour,4117932,4117932,0,0,"2025-09-13 14:00:00","2025-09-13 15:00:00","2025-12-17 06:29:41"
Nederland,WindOffshore,Hour,4054468,4054468,0,0,"2025-09-13 15:00:00","2025-09-13 16:00:00","2025-12-17 06:29:41"
Nederland,WindOffshore,Hour,4046539,4046539,0,0,"2025-09-13 16:00:00","2025-09-13 17:00:00","2025-12-17 06:29:41"
Nederland,WindOffshore,Hour,3795154,3795154,0,0,"2025-09-13 17:00:00","2025-09-13 18:00:00","2025-12-17 06:29:41"
Nederland,WindOffshore,Hour,3680837,3680837,0,0,"2025-09-13 18:00:00","2025-09-13 19:00:00","2025-12-17 06:29:41"
Nederland,WindOffshore,Hour,3518563,3518563,0,0,"2025-09-13 19:00:00","2025-09-13 20:00:00","2025-12-17 06:29:41"
Nederland,WindOffshore,Hour,3636816,3636816,0,0,"2025-09-13 20:00:00","2025-09-13 21:00:00","2025-12-17 06:29:41"
Nederland,WindOffshore,Hour,3565763,3565763,0,0,"2025-09-13 21:00:00","2025-09-13 22:00:00","2025-12-17 06:29:41"
Nederland,WindOffshore,Hour,3180082,3180082,0,0,"2025-09-13 22:00:00","2025-09-13 23:00:00","2025-12-17 06:29:41"
Nederland,WindOffshore,Hour,2870419,2870419,0,0,"2025-09-13 23:00:00","2025-09-14 00:00:00","2025-12-17 06:29:41"
Nederland,WindOffshore,Hour,3409721,3409721,0,0,"2025-09-14 00:00:00","2025-09-14 01:00:00","2025-12-17 06:29:41"
Nederland,WindOffshore,Hour,2845810,2845810,0,0,"2025-09-14 01:00:00","2025-09-14 02:00:00","2025-12-17 06:29:41"
Nederland,WindOffshore,Hour,1950270,1950270,0,0,"2025-09-14 02:00:00","2025-09-14 03:00:00","2025-12-17 06:29:41"
Nederland,WindOffshore,Hour,1487829,1487829,0,0,"2025-09-14 03:00:00","2025-09-14 04:00:00","2025-12-17 06:29:41"
Nederland,WindOffshore,Hour,1192948,1192948,0,0,"2025-09-14 04:00:00","2025-09-14 05:00:00","2025-12-17 06:29:41"
Nederland,WindOffshore,Hour,1019663,1019663,0,0,"2025-09-14 05:00:00","2025-09-14 06:00:00","2025-12-17 06:29:41"
Nederland,WindOffshore,Hour,990430,990430,0,0,"2025-09-14 06:00:00","2025-09-14 07:00:00","2025-12-17 06:29:41"
Nederland,WindOffshore,Hour,978202,978202,0,0,"2025-09-14 07:00:00","2025-09-14 08:00:00","2025-12-17 06:29:41"
Nederland,WindOffshore,Hour,1228483,1228483,0,0,"2025-09-14 08:00:00","2025-09-14 09:00:00","2025-12-17 06:29:41"
Nederland,WindOffshore,Hour,1785861,1785861,0,0,"2025-09-14 09:00:00","2025-09-14 10:00:00","2025-12-17 06:29:41"
Nederland,WindOffshore,Hour,2062206,2062206,0,0,"2025-09-14 10:00:00","2025-09-14 11:00:00","2025-12-17 06:29:41"
Nederland,WindOffshore,Hour,2419566,2419566,0,0,"2025-09-14 11:00:00","2025-09-14 12:00:00","2025-12-17 06:29:41"
Nederland,WindOffshore,Hour,1691106,1691106,0,0,"2025-09-14 12:00:00","2025-09-14 13:00:00","2025-12-17 06:29:41"
Nederland,WindOffshore,Hour,2235158,2235158,0,0,"2025-09-14 13:00:00","2025-09-14 14:00:00","2025-12-17 06:29:41"
Nederland,WindOffshore,Hour,2005449,2005449,0,0,"2025-09-14 14:00:00","2025-09-14 15:00:00","2025-12-17 06:29:41"
Nederland,WindOffshore,Hour,1924821,1924821,0,0,"2025-09-14 15:00:00","2025-09-14 16:00:00","2025-12-17 06:29:41"
Nederland,WindOffshore,Hour,2604885,2604885,0,0,"2025-09-14 16:00:00","2025-09-14 17:00:00","2025-12-17 06:29:41"
Nederland,WindOffshore,Hour,2935264,2935264,0,0,"2025-09-14 17:00:00","2025-09-14 18:00:00","2025-12-17 06:29:41"
Nederland,WindOffshore,Hour,3421706,3421706,0,0,"2025-09-14 18:00:00","2025-09-14 19:00:00","2025-12-17 06:29:41"
Nederland,WindOffshore,Hour,3917374,3917374,0,0,"2025-09-14 19:00:00","2025-09-14 20:00:00","2025-12-17 06:29:41"
Nederland,WindOffshore,Hour,4068125,4068125,0,0,"2025-09-14 20:00:00","2025-09-14 21:00:00","2025-12-17 06:29:41"
Nederland,WindOffshore,Hour,4105473,4105473,0,0,"2025-09-14 21:00:00","2025-09-14 22:00:00","2025-12-17 06:29:41"
Nederland,WindOffshore,Hour,4131892,4131892,0,0,"2025-09-14 22:00:00","2025-09-14 23:00:00","2025-12-17 06:29:41"
Nederland,WindOffshore,Hour,4158000,4158000,0,0,"2025-09-14 23:00:00","2025-09-15 00:00:00","2025-12-17 06:29:41"
Nederland,WindOffshore,Hour,2910600,2910600,0,0,"2025-09-15 00:00:00","2025-09-15 01:00:00","2025-12-17 06:29:41"
Nederland,WindOffshore,Hour,2910600,2910600,0,0,"2025-09-15 01:00:00","2025-09-15 02:00:00","2025-12-17 06:29:41"
Nederland,WindOffshore,Hour,2910600,2910600,0,0,"2025-09-15 02:00:00","2025-09-15 03:00:00","2025-12-17 06:29:41"
Nederland,WindOffshore,Hour,2899051,2899051,0,0,"2025-09-15 03:00:00","2025-09-15 04:00:00","2025-12-17 06:29:41"
Nederland,WindOffshore,Hour,4125193,4125193,0,0,"2025-09-15 04:00:00","2025-09-15 05:00:00","2025-12-17 06:29:41"
Nederland,WindOffshore,Hour,4145245,4145245,0,0,"2025-09-15 05:00:00","2025-09-15 06:00:00","2025-12-17 06:29:41"
Nederland,WindOffshore,Hour,4155683,4155683,0,0,"2025-09-15 06:00:00","2025-09-15 07:00:00","2025-12-17 06:29:41"
Nederland,WindOffshore,Hour,4154674,4154674,0,0,"2025-09-15 07:00:00","2025-09-15 08:00:00","2025-12-17 06:29:41"
Nederland,WindOffshore,Hour,2910600,2910600,0,0,"2025-09-15 08:00:00","2025-09-15 09:00:00","2025-12-17 06:29:41"
Nederland,WindOffshore,Hour,2910600,2910600,0,0,"2025-09-15 09:00:00","2025-09-15 10:00:00","2025-12-17 06:29:41"
Nederland,WindOffshore,Hour,2910600,2910600,0,0,"2025-09-15 10:00:00","2025-09-15 11:00:00","2025-12-17 06:29:41"
Nederland,WindOffshore,Hour,2494800,2494800,0,0,"2025-09-15 11:00:00","2025-09-15 12:00:00","2025-12-17 06:29:41"
Nederland,WindOffshore,Hour,2910600,2910600,0,0,"2025-09-15 12:00:00","2025-09-15 13:00:00","2025-12-17 06:29:41"
Nederland,WindOffshore,Hour,2910600,2910600,0,0,"2025-09-15 13:00:00","2025-09-15 14:00:00","2025-12-17 06:29:41"
Nederland,WindOffshore,Hour,2910600,2910600,0,0,"2025-09-15 14:00:00","2025-09-15 15:00:00","2025-12-17 06:29:41"
Nederland,WindOffshore,Hour,4158000,4158000,0,0,"2025-09-15 15:00:00","2025-09-15 16:00:00","2025-12-17 06:29:41"
Nederland,WindOffshore,Hour,4158000,4158000,0,0,"2025-09-15 16:00:00","2025-09-15 17:00:00","2025-12-17 06:29:41"
Nederland,WindOffshore,Hour,4158000,4158000,0,0,"2025-09-15 17:00:00","2025-09-15 18:00:00","2025-12-17 06:29:41"
Nederland,WindOffshore,Hour,4158000,4158000,0,0,"2025-09-15 18:00:00","2025-09-15 19:00:00","2025-12-17 06:29:41"
Nederland,WindOffshore,Hour,4158000,4158000,0,0,"2025-09-15 19:00:00","2025-09-15 20:00:00","2025-12-17 06:29:41"
Nederland,WindOffshore,Hour,4158000,4158000,0,0,"2025-09-15 20:00:00","2025-09-15 21:00:00","2025-12-17 06:29:41"
Nederland,WindOffshore,Hour,4158000,4158000,0,0,"2025-09-15 21:00:00","2025-09-15 22:00:00","2025-12-17 06:29:41"
Nederland,WindOffshore,Hour,2910600,2910600,0,0,"2025-09-15 22:00:00","2025-09-15 23:00:00","2025-12-17 06:29:41"
Nederland,WindOffshore,Hour,2910600,2910600,0,0,"2025-09-15 23:00:00","2025-09-16 00:00:00","2025-12-17 06:29:41"
Nederland,WindOffshore,Hour,2910600,2910600,0,0,"2025-09-16 00:00:00","2025-09-16 01:00:00","2025-12-17 06:29:41"
Nederland,WindOffshore,Hour,2910600,2910600,0,0,"2025-09-16 01:00:00","2025-09-16 02:00:00","2025-12-17 06:29:41"
Nederland,WindOffshore,Hour,2910600,2910600,0,0,"2025-09-16 02:00:00","2025-09-16 03:00:00","2025-12-17 06:29:41"
Nederland,WindOffshore,Hour,2910600,2910600,0,0,"2025-09-16 03:00:00","2025-09-16 04:00:00","2025-12-17 06:29:41"
Nederland,WindOffshore,Hour,4158000,4158000,0,0,"2025-09-16 04:00:00","2025-09-16 05:00:00","2025-12-17 06:29:41"
Nederland,WindOffshore,Hour,4158000,4158000,0,0,"2025-09-16 05:00:00","2025-09-16 06:00:00","2025-12-17 06:29:41"
Nederland,WindOffshore,Hour,4158000,4158000,0,0,"2025-09-16 06:00:00","2025-09-16 07:00:00","2025-12-17 06:29:41"
Nederland,WindOffshore,Hour,4154027,4154027,0,0,"2025-09-16 07:00:00","2025-09-16 08:00:00","2025-12-17 06:29:41"
Nederland,WindOffshore,Hour,2909106,2909106,0,0,"2025-09-16 08:00:00","2025-09-16 09:00:00","2025-12-17 06:29:41"
Nederland,WindOffshore,Hour,2910600,2910600,0,0,"2025-09-16 09:00:00","2025-09-16 10:00:00","2025-12-17 06:29:41"
Nederland,WindOffshore,Hour,2910600,2910600,0,0,"2025-09-16 10:00:00","2025-09-16 11:00:00","2025-12-17 06:29:41"
Nederland,WindOffshore,Hour,2897738,2897738,0,0,"2025-09-16 11:00:00","2025-09-16 12:00:00","2025-12-17 06:29:41"
Nederland,WindOffshore,Hour,2849635,2849635,0,0,"2025-09-16 12:00:00","2025-09-16 13:00:00","2025-12-17 06:29:41"
Nederland,WindOffshore,Hour,2768466,2768466,0,0,"2025-09-16 13:00:00","2025-09-16 14:00:00","2025-12-17 06:29:41"
Nederland,WindOffshore,Hour,2838543,2838543,0,0,"2025-09-16 14:00:00","2025-09-16 15:00:00","2025-12-17 06:29:41"
Nederland,WindOffshore,Hour,4088677,4088677,0,0,"2025-09-16 15:00:00","2025-09-16 16:00:00","2025-12-17 06:29:41"
Nederland,WindOffshore,Hour,4117452,4117452,0,0,"2025-09-16 16:00:00","2025-09-16 17:00:00","2025-12-17 06:29:41"
Nederland,WindOffshore,Hour,4036835,4036835,0,0,"2025-09-16 17:00:00","2025-09-16 18:00:00","2025-12-17 06:29:41"
Nederland,WindOffshore,Hour,3846206,3846206,0,0,"2025-09-16 18:00:00","2025-09-16 19:00:00","2025-12-17 06:29:41"
Nederland,WindOffshore,Hour,3814883,3814883,0,0,"2025-09-16 19:00:00","2025-09-16 20:00:00","2025-12-17 06:29:41"
Nederland,WindOffshore,Hour,3819025,3819025,0,0,"2025-09-16 20:00:00","2025-09-16 21:00:00","2025-12-17 06:29:41"
Nederland,WindOffshore,Hour,3776815,3776815,0,0,"2025-09-16 21:00:00","2025-09-16 22:00:00","2025-12-17 06:29:41"
Nederland,WindOffshore,Hour,3818409,3818409,0,0,"2025-09-16 22:00:00","2025-09-16 23:00:00","2025-12-17 06:29:41"
Nederland,WindOffshore,Hour,3643169,3643169,0,0,"2025-09-16 23:00:00","2025-09-17 00:00:00","2025-12-17 06:29:41"
Nederland,WindOffshore,Hour,3420539,3420539,0,0,"2025-09-17 00:00:00","2025-09-17 01:00:00","2025-12-17 06:29:41"
Nederland,WindOffshore,Hour,2792681,2792681,0,0,"2025-09-17 01:00:00","2025-09-17 02:00:00","2025-12-17 06:29:41"
Nederland,WindOffshore,Hour,2110587,2110587,0,0,"2025-09-17 02:00:00","2025-09-17 03:00:00","2025-12-17 06:29:41"
Nederland,WindOffshore,Hour,1773038,1773038,0,0,"2025-09-17 03:00:00","2025-09-17 04:00:00","2025-12-17 06:29:41"
Nederland,WindOffshore,Hour,1655560,1655560,0,0,"2025-09-17 04:00:00","2025-09-17 05:00:00","2025-12-17 06:29:41"
Nederland,WindOffshore,Hour,1645767,1645767,0,0,"2025-09-17 05:00:00","2025-09-17 06:00:00","2025-12-17 06:29:41"
Nederland,WindOffshore,Hour,1752148,1752148,0,0,"2025-09-17 06:00:00","2025-09-17 07:00:00","2025-12-17 06:29:41"
Nederland,WindOffshore,Hour,1258570,1258570,0,0,"2025-09-17 07:00:00","2025-09-17 08:00:00","2025-12-17 06:29:41"
Nederland,WindOffshore,Hour,1315914,1315914,0,0,"2025-09-17 08:00:00","2025-09-17 09:00:00","2025-12-17 06:29:41"
Nederland,WindOffshore,Hour,1419448,1419448,0,0,"2025-09-17 09:00:00","2025-09-17 10:00:00","2025-12-17 06:29:41"
Nederland,WindOffshore,Hour,2590611,2590611,0,0,"2025-09-17 10:00:00","2025-09-17 11:00:00","2025-12-17 06:29:41"
Nederland,WindOffshore,Hour,3808381,3808381,0,0,"2025-09-17 11:00:00","2025-09-17 12:00:00","2025-12-17 06:29:41"
Nederland,WindOffshore,Hour,3950657,3950657,0,0,"2025-09-17 12:00:00","2025-09-17 13:00:00","2025-12-17 06:29:41"
Nederland,WindOffshore,Hour,4024751,4024751,0,0,"2025-09-17 13:00:00","2025-09-17 14:00:00","2025-12-17 06:29:41"
Nederland,WindOffshore,Hour,4075405,4075405,0,0,"2025-09-17 14:00:00","2025-09-17 15:00:00","2025-12-17 06:29:41"
Nederland,WindOffshore,Hour,4123313,4123313,0,0,"2025-09-17 15:00:00","2025-09-17 16:00:00","2025-12-17 06:29:41"
Nederland,WindOffshore,Hour,4153101,4153101,0,0,"2025-09-17 16:00:00","2025-09-17 17:00:00","2025-12-17 06:29:41"
Nederland,WindOffshore,Hour,4158000,4158000,0,0,"2025-09-17 17:00:00","2025-09-17 18:00:00","2025-12-17 06:29:41"
Nederland,WindOffshore,Hour,4157930,4157930,0,0,"2025-09-17 18:00:00","2025-09-17 19:00:00","2025-12-17 06:29:41"
Nederland,WindOffshore,Hour,4140127,4140127,0,0,"2025-09-17 19:00:00","2025-09-17 20:00:00","2025-12-17 06:29:41"
Nederland,WindOffshore,Hour,4079190,4079190,0,0,"2025-09-17 20:00:00","2025-09-17 21:00:00","2025-12-17 06:29:41"
Nederland,WindOffshore,Hour,4098027,4098027,0,0,"2025-09-17 21:00:00","2025-09-17 22:00:00","2025-12-17 06:29:41"
Nederland,WindOffshore,Hour,4094744,4094744,0,0,"2025-09-17 22:00:00","2025-09-17 23:00:00","2025-12-17 06:29:41"
Nederland,WindOffshore,Hour,4092501,4092501,0,0,"2025-09-17 23:00:00","2025-09-18 00:00:00","2025-12-17 06:29:41"
Nederland,WindOffshore,Hour,4096446,4096446,0,0,"2025-09-18 00:00:00","2025-09-18 01:00:00","2025-12-17 06:29:41"
Nederland,WindOffshore,Hour,4098706,4098706,0,0,"2025-09-18 01:00:00","2025-09-18 02:00:00","2025-12-17 06:29:41"
Nederland,WindOffshore,Hour,4102173,4102173,0,0,"2025-09-18 02:00:00","2025-09-18 03:00:00","2025-12-17 06:29:41"
Nederland,WindOffshore,Hour,4068733,4068733,0,0,"2025-09-18 03:00:00","2025-09-18 04:00:00","2025-12-17 06:29:41"
Nederland,WindOffshore,Hour,4039832,4039832,0,0,"2025-09-18 04:00:00","2025-09-18 05:00:00","2025-12-17 06:29:41"
Nederland,WindOffshore,Hour,3930383,3930383,0,0,"2025-09-18 05:00:00","2025-09-18 06:00:00","2025-12-17 06:29:41"
Nederland,WindOffshore,Hour,3827589,3827589,0,0,"2025-09-18 06:00:00","2025-09-18 07:00:00","2025-12-17 06:29:41"
Nederland,WindOffshore,Hour,3771564,3771564,0,0,"2025-09-18 07:00:00","2025-09-18 08:00:00","2025-12-17 06:29:41"
Nederland,WindOffshore,Hour,3802885,3802885,0,0,"2025-09-18 08:00:00","2025-09-18 09:00:00","2025-12-17 06:29:41"
Nederland,WindOffshore,Hour,3984784,3984784,0,0,"2025-09-18 09:00:00","2025-09-18 10:00:00","2025-12-17 06:29:41"
Nederland,WindOffshore,Hour,4042550,4042550,0,0,"2025-09-18 10:00:00","2025-09-18 11:00:00","2025-12-17 06:29:41"
Nederland,WindOffshore,Hour,4062879,4062879,0,0,"2025-09-18 11:00:00","2025-09-18 12:00:00","2025-12-17 06:29:41"
Nederland,WindOffshore,Hour,4107384,4107384,0,0,"2025-09-18 12:00:00","2025-09-18 13:00:00","2025-12-17 06:29:41"
Nederland,WindOffshore,Hour,4118954,4118954,0,0,"2025-09-18 13:00:00","2025-09-18 14:00:00","2025-12-17 06:29:41"
Nederland,WindOffshore,Hour,4128097,4128097,0,0,"2025-09-18 14:00:00","2025-09-18 15:00:00","2025-12-17 06:29:41"
Nederland,WindOffshore,Hour,4135238,4135238,0,0,"2025-09-18 15:00:00","2025-09-18 16:00:00","2025-12-17 06:29:41"
Nederland,WindOffshore,Hour,4119314,4119314,0,0,"2025-09-18 16:00:00","2025-09-18 17:00:00","2025-12-17 06:29:41"
Nederland,WindOffshore,Hour,4100204,4100204,0,0,"2025-09-18 17:00:00","2025-09-18 18:00:00","2025-12-17 06:29:41"
Nederland,WindOffshore,Hour,4050321,4050321,0,0,"2025-09-18 18:00:00","2025-09-18 19:00:00","2025-12-17 06:29:41"
Nederland,WindOffshore,Hour,4008797,4008797,0,0,"2025-09-18 19:00:00","2025-09-18 20:00:00","2025-12-17 06:29:41"
Nederland,WindOffshore,Hour,3968488,3968488,0,0,"2025-09-18 20:00:00","2025-09-18 21:00:00","2025-12-17 06:29:41"
Nederland,WindOffshore,Hour,3744387,3744387,0,0,"2025-09-18 21:00:00","2025-09-18 22:00:00","2025-12-17 06:29:41"
Nederland,WindOffshore,Hour,3585426,3585426,0,0,"2025-09-18 22:00:00","2025-09-18 23:00:00","2025-12-17 06:29:41"
Nederland,WindOffshore,Hour,3511576,3511576,0,0,"2025-09-18 23:00:00","2025-09-19 00:00:00","2025-12-17 06:29:41"
Nederland,WindOffshore,Hour,3495007,3495007,0,0,"2025-09-19 00:00:00","2025-09-19 01:00:00","2025-12-17 06:29:41"
Nederland,WindOffshore,Hour,3470840,3470840,0,0,"2025-09-19 01:00:00","2025-09-19 02:00:00","2025-12-17 06:29:41"
Nederland,WindOffshore,Hour,2996019,2996019,0,0,"2025-09-19 02:00:00","2025-09-19 03:00:00","2025-12-17 06:29:41"
Nederland,WindOffshore,Hour,2558809,2558809,0,0,"2025-09-19 03:00:00","2025-09-19 04:00:00","2025-12-17 06:29:41"
Nederland,WindOffshore,Hour,1995092,1995092,0,0,"2025-09-19 04:00:00","2025-09-19 05:00:00","2025-12-17 06:29:41"
Nederland,WindOffshore,Hour,1578019,1578019,0,0,"2025-09-19 05:00:00","2025-09-19 06:00:00","2025-12-17 06:29:41"
Nederland,WindOffshore,Hour,1085210,1085210,0,0,"2025-09-19 06:00:00","2025-09-19 07:00:00","2025-12-17 06:29:41"
Nederland,WindOffshore,Hour,850771,850771,0,0,"2025-09-19 07:00:00","2025-09-19 08:00:00","2025-12-17 06:29:41"
Nederland,WindOffshore,Hour,1117307,1117307,0,0,"2025-09-19 08:00:00","2025-09-19 09:00:00","2025-12-17 06:29:41"
Nederland,WindOffshore,Hour,1471569,1471569,0,0,"2025-09-19 09:00:00","2025-09-19 10:00:00","2025-12-17 06:29:41"
Nederland,WindOffshore,Hour,1886166,1886166,0,0,"2025-09-19 10:00:00","2025-09-19 11:00:00","2025-12-17 06:29:41"
Nederland,WindOffshore,Hour,1995784,1995784,0,0,"2025-09-19 11:00:00","2025-09-19 12:00:00","2025-12-17 06:29:41"
Nederland,WindOffshore,Hour,1912259,1912259,0,0,"2025-09-19 12:00:00","2025-09-19 13:00:00","2025-12-17 06:29:41"
Nederland,WindOffshore,Hour,1690703,1690703,0,0,"2025-09-19 13:00:00","2025-09-19 14:00:00","2025-12-17 06:29:41"
Nederland,WindOffshore,Hour,1288627,1288627,0,0,"2025-09-19 14:00:00","2025-09-19 15:00:00","2025-12-17 06:29:41"
Nederland,WindOffshore,Hour,1119115,1119115,0,0,"2025-09-19 15:00:00","2025-09-19 16:00:00","2025-12-17 06:29:41"
Nederland,WindOffshore,Hour,1118675,1118675,0,0,"2025-09-19 16:00:00","2025-09-19 17:00:00","2025-12-17 06:29:41"
Nederland,WindOffshore,Hour,1024544,1024544,0,0,"2025-09-19 17:00:00","2025-09-19 18:00:00","2025-12-17 06:29:41"
Nederland,WindOffshore,Hour,1417230,1417230,0,0,"2025-09-19 18:00:00","2025-09-19 19:00:00","2025-12-17 06:29:41"
Nederland,WindOffshore,Hour,1916718,1916718,0,0,"2025-09-19 19:00:00","2025-09-19 20:00:00","2025-12-17 06:29:41"
Nederland,WindOffshore,Hour,2140080,2140080,0,0,"2025-09-19 20:00:00","2025-09-19 21:00:00","2025-12-17 06:29:41"
Nederland,WindOffshore,Hour,2334524,2334524,0,0,"2025-09-19 21:00:00","2025-09-19 22:00:00","2025-12-17 06:29:41"
Nederland,WindOffshore,Hour,2407078,2407078,0,0,"2025-09-19 22:00:00","2025-09-19 23:00:00","2025-12-17 06:29:41"
Nederland,WindOffshore,Hour,2261170,2261170,0,0,"2025-09-19 23:00:00","2025-09-20 00:00:00","2025-12-17 06:29:41"
Nederland,WindOffshore,Hour,2730488,2730488,0,0,"2025-09-20 00:00:00","2025-09-20 01:00:00","2025-12-17 06:29:41"
Nederland,WindOffshore,Hour,2619920,2619920,0,0,"2025-09-20 01:00:00","2025-09-20 02:00:00","2025-12-17 06:29:41"
Nederland,WindOffshore,Hour,2307488,2307488,0,0,"2025-09-20 02:00:00","2025-09-20 03:00:00","2025-12-17 06:29:41"
Nederland,WindOffshore,Hour,2080215,2080215,0,0,"2025-09-20 03:00:00","2025-09-20 04:00:00","2025-12-17 06:29:41"
Nederland,WindOffshore,Hour,1684068,1684068,0,0,"2025-09-20 04:00:00","2025-09-20 05:00:00","2025-12-17 06:29:41"
Nederland,WindOffshore,Hour,1496551,1496551,0,0,"2025-09-20 05:00:00","2025-09-20 06:00:00","2025-12-17 06:29:41"
Nederland,WindOffshore,Hour,1237239,1237239,0,0,"2025-09-20 06:00:00","2025-09-20 07:00:00","2025-12-17 06:29:41"
Nederland,WindOffshore,Hour,1523490,1523490,0,0,"2025-09-20 07:00:00","2025-09-20 08:00:00","2025-12-17 06:29:41"
Nederland,WindOffshore,Hour,1244138,1244138,0,0,"2025-09-20 08:00:00","2025-09-20 09:00:00","2025-12-17 06:29:41"
Nederland,WindOffshore,Hour,1543310,1543310,0,0,"2025-09-20 09:00:00","2025-09-20 10:00:00","2025-12-17 06:29:41"
Nederland,WindOffshore,Hour,3091498,3091498,0,0,"2025-09-20 10:00:00","2025-09-20 11:00:00","2025-12-17 06:29:41"
Nederland,WindOffshore,Hour,2166581,2166581,0,0,"2025-09-20 11:00:00","2025-09-20 12:00:00","2025-12-17 06:29:41"
Nederland,WindOffshore,Hour,1651474,1651474,0,0,"2025-09-20 12:00:00","2025-09-20 13:00:00","2025-12-17 06:29:41"
Nederland,WindOffshore,Hour,3068699,3068699,0,0,"2025-09-20 13:00:00","2025-09-20 14:00:00","2025-12-17 06:29:41"
Nederland,WindOffshore,Hour,2930135,2930135,0,0,"2025-09-20 14:00:00","2025-09-20 15:00:00","2025-12-17 06:29:41"
Nederland,WindOffshore,Hour,2878568,2878568,0,0,"2025-09-20 15:00:00","2025-09-20 16:00:00","2025-12-17 06:29:41"
Nederland,WindOffshore,Hour,3177134,3177134,0,0,"2025-09-20 16:00:00","2025-09-20 17:00:00","2025-12-17 06:29:41"
Nederland,WindOffshore,Hour,3370739,3370739,0,0,"2025-09-20 17:00:00","2025-09-20 18:00:00","2025-12-17 06:29:41"
Nederland,WindOffshore,Hour,3648320,3648320,0,0,"2025-09-20 18:00:00","2025-09-20 19:00:00","2025-12-17 06:29:41"
Nederland,WindOffshore,Hour,3926677,3926677,0,0,"2025-09-20 19:00:00","2025-09-20 20:00:00","2025-12-17 06:29:41"
Nederland,WindOffshore,Hour,4109531,4109531,0,0,"2025-09-20 20:00:00","2025-09-20 21:00:00","2025-12-17 06:29:41"
Nederland,WindOffshore,Hour,4124746,4124746,0,0,"2025-09-20 21:00:00","2025-09-20 22:00:00","2025-12-17 06:29:41"
Nederland,WindOffshore,Hour,4147525,4147525,0,0,"2025-09-20 22:00:00","2025-09-20 23:00:00","2025-12-17 06:29:41"
Nederland,WindOffshore,Hour,4158000,4158000,0,0,"2025-09-20 23:00:00","2025-09-21 00:00:00","2025-12-17 06:29:41"
Nederland,WindOffshore,Hour,4153945,4153945,0,0,"2025-09-21 00:00:00","2025-09-21 01:00:00","2025-12-17 06:29:41"
Nederland,WindOffshore,Hour,4156758,4156758,0,0,"2025-09-21 01:00:00","2025-09-21 02:00:00","2025-12-17 06:29:41"
Nederland,WindOffshore,Hour,4158000,4158000,0,0,"2025-09-21 02:00:00","2025-09-21 03:00:00","2025-12-17 06:29:41"
Nederland,WindOffshore,Hour,4157055,4157055,0,0,"2025-09-21 03:00:00","2025-09-21 04:00:00","2025-12-17 06:29:41"
Nederland,WindOffshore,Hour,4155737,4155737,0,0,"2025-09-21 04:00:00","2025-09-21 05:00:00","2025-12-17 06:29:41"
Nederland,WindOffshore,Hour,4153273,4153273,0,0,"2025-09-21 05:00:00","2025-09-21 06:00:00","2025-12-17 06:29:41"
Nederland,WindOffshore,Hour,4110680,4110680,0,0,"2025-09-21 06:00:00","2025-09-21 07:00:00","2025-12-17 06:29:41"
Nederland,WindOffshore,Hour,4103794,4103794,0,0,"2025-09-21 07:00:00","2025-09-21 08:00:00","2025-12-17 06:29:41"
Nederland,WindOffshore,Hour,3837376,3837376,0,0,"2025-09-21 08:00:00","2025-09-21 09:00:00","2025-12-17 06:29:41"
Nederland,WindOffshore,Hour,3407823,3407823,0,0,"2025-09-21 09:00:00","2025-09-21 10:00:00","2025-12-17 06:29:41"
Nederland,WindOffshore,Hour,2921281,2921281,0,0,"2025-09-21 10:00:00","2025-09-21 11:00:00","2025-12-17 06:29:41"
Nederland,WindOffshore,Hour,2484183,2484183,0,0,"2025-09-21 11:00:00","2025-09-21 12:00:00","2025-12-17 06:29:41"
Nederland,WindOffshore,Hour,1724804,1724804,0,0,"2025-09-21 12:00:00","2025-09-21 13:00:00","2025-12-17 06:29:41"
Nederland,WindOffshore,Hour,2165197,2165197,0,0,"2025-09-21 13:00:00","2025-09-21 14:00:00","2025-12-17 06:29:41"
Nederland,WindOffshore,Hour,2539944,2539944,0,0,"2025-09-21 14:00:00","2025-09-21 15:00:00","2025-12-17 06:29:41"
Nederland,WindOffshore,Hour,2907470,2907470,0,0,"2025-09-21 15:00:00","2025-09-21 16:00:00","2025-12-17 06:29:41"
Nederland,WindOffshore,Hour,2819397,2819397,0,0,"2025-09-21 16:00:00","2025-09-21 17:00:00","2025-12-17 06:29:41"
Nederland,WindOffshore,Hour,2739246,2739246,0,0,"2025-09-21 17:00:00","2025-09-21 18:00:00","2025-12-17 06:29:41"
Nederland,WindOffshore,Hour,2602920,2602920,0,0,"2025-09-21 18:00:00","2025-09-21 19:00:00","2025-12-17 06:29:41"
Nederland,WindOffshore,Hour,2585803,2585803,0,0,"2025-09-21 19:00:00","2025-09-21 20:00:00","2025-12-17 06:29:41"
Nederland,WindOffshore,Hour,3147594,3147594,0,0,"2025-09-21 20:00:00","2025-09-21 21:00:00","2025-12-17 06:29:41"
Nederland,WindOffshore,Hour,3337042,3337042,0,0,"2025-09-21 21:00:00","2025-09-21 22:00:00","2025-12-17 06:29:41"
Nederland,WindOffshore,Hour,3071509,3071509,0,0,"2025-09-21 22:00:00","2025-09-21 23:00:00","2025-12-17 06:29:41"
Nederland,WindOffshore,Hour,2941374,2941374,0,0,"2025-09-21 23:00:00","2025-09-22 00:00:00","2025-12-17 06:29:41"
Nederland,WindOffshore,Hour,2691428,2691428,0,0,"2025-09-22 00:00:00","2025-09-22 01:00:00","2025-12-17 06:29:41"
Nederland,WindOffshore,Hour,2672349,2672349,0,0,"2025-09-22 01:00:00","2025-09-22 02:00:00","2025-12-17 06:29:41"
Nederland,WindOffshore,Hour,2891787,2891787,0,0,"2025-09-22 02:00:00","2025-09-22 03:00:00","2025-12-17 06:29:41"
Nederland,WindOffshore,Hour,3208434,3208434,0,0,"2025-09-22 03:00:00","2025-09-22 04:00:00","2025-12-17 06:29:41"
Nederland,WindOffshore,Hour,3131849,3131849,0,0,"2025-09-22 04:00:00","2025-09-22 05:00:00","2025-12-17 06:29:41"
Nederland,WindOffshore,Hour,2687183,2687183,0,0,"2025-09-22 05:00:00","2025-09-22 06:00:00","2025-12-17 06:29:41"
Nederland,WindOffshore,Hour,2911026,2911026,0,0,"2025-09-22 06:00:00","2025-09-22 07:00:00","2025-12-17 06:29:41"
Nederland,WindOffshore,Hour,3131892,3131892,0,0,"2025-09-22 07:00:00","2025-09-22 08:00:00","2025-12-17 06:29:41"
Nederland,WindOffshore,Hour,3232804,3232804,0,0,"2025-09-22 08:00:00","2025-09-22 09:00:00","2025-12-17 06:29:41"
Nederland,WindOffshore,Hour,3529729,3529729,0,0,"2025-09-22 09:00:00","2025-09-22 10:00:00","2025-12-17 06:29:41"
Nederland,WindOffshore,Hour,3203550,3203550,0,0,"2025-09-22 10:00:00","2025-09-22 11:00:00","2025-12-17 06:29:41"
Nederland,WindOffshore,Hour,2808527,2808527,0,0,"2025-09-22 11:00:00","2025-09-22 12:00:00","2025-12-17 06:29:41"
Nederland,WindOffshore,Hour,2886137,2886137,0,0,"2025-09-22 12:00:00","2025-09-22 13:00:00","2025-12-17 06:29:41"
Nederland,WindOffshore,Hour,2908021,2908021,0,0,"2025-09-22 13:00:00","2025-09-22 14:00:00","2025-12-17 06:29:41"
Nederland,WindOffshore,Hour,3064629,3064629,0,0,"2025-09-22 14:00:00","2025-09-22 15:00:00","2025-12-17 06:29:41"
Nederland,WindOffshore,Hour,2668062,2668062,0,0,"2025-09-22 15:00:00","2025-09-22 16:00:00","2025-12-17 06:29:41"
Nederland,WindOffshore,Hour,2458135,2458135,0,0,"2025-09-22 16:00:00","2025-09-22 17:00:00","2025-12-17 06:29:41"
Nederland,WindOffshore,Hour,2329634,2329634,0,0,"2025-09-22 17:00:00","2025-09-22 18:00:00","2025-12-17 06:29:41"
Nederland,WindOffshore,Hour,2733353,2733353,0,0,"2025-09-22 18:00:00","2025-09-22 19:00:00","2025-12-17 06:29:41"
Nederland,WindOffshore,Hour,2757008,2757008,0,0,"2025-09-22 19:00:00","2025-09-22 20:00:00","2025-12-17 06:29:41"
Nederland,WindOffshore,Hour,2036572,2036572,0,0,"2025-09-22 20:00:00","2025-09-22 21:00:00","2025-12-17 06:29:41"
Nederland,WindOffshore,Hour,1940012,1940012,0,0,"2025-09-22 21:00:00","2025-09-22 22:00:00","2025-12-17 06:29:41"
Nederland,WindOffshore,Hour,2144167,2144167,0,0,"2025-09-22 22:00:00","2025-09-22 23:00:00","2025-12-17 06:29:41"
Nederland,WindOffshore,Hour,1956621,1956621,0,0,"2025-09-22 23:00:00","2025-09-23 00:00:00","2025-12-17 06:29:41"
Nederland,WindOffshore,Hour,1420364,1420364,0,0,"2025-09-23 00:00:00","2025-09-23 01:00:00","2025-12-17 06:29:41"
Nederland,WindOffshore,Hour,1139267,1139267,0,0,"2025-09-23 01:00:00","2025-09-23 02:00:00","2025-12-17 06:29:41"
Nederland,WindOffshore,Hour,1352355,1352355,0,0,"2025-09-23 02:00:00","2025-09-23 03:00:00","2025-12-17 06:29:41"
Nederland,WindOffshore,Hour,1128229,1128229,0,0,"2025-09-23 03:00:00","2025-09-23 04:00:00","2025-12-17 06:29:41"
Nederland,WindOffshore,Hour,1129431,1129431,0,0,"2025-09-23 04:00:00","2025-09-23 05:00:00","2025-12-17 06:29:41"
Nederland,WindOffshore,Hour,1050601,1050601,0,0,"2025-09-23 05:00:00","2025-09-23 06:00:00","2025-12-17 06:29:41"
Nederland,WindOffshore,Hour,1048047,1048047,0,0,"2025-09-23 06:00:00","2025-09-23 07:00:00","2025-12-17 06:29:41"
Nederland,WindOffshore,Hour,1303219,1303219,0,0,"2025-09-23 07:00:00","2025-09-23 08:00:00","2025-12-17 06:29:41"
Nederland,WindOffshore,Hour,1580699,1580699,0,0,"2025-09-23 08:00:00","2025-09-23 09:00:00","2025-12-17 06:29:41"
Nederland,WindOffshore,Hour,1523854,1523854,0,0,"2025-09-23 09:00:00","2025-09-23 10:00:00","2025-12-17 06:29:41"
Nederland,WindOffshore,Hour,1945523,1945523,0,0,"2025-09-23 10:00:00","2025-09-23 11:00:00","2025-12-17 06:29:41"
Nederland,WindOffshore,Hour,1657840,1657840,0,0,"2025-09-23 11:00:00","2025-09-23 12:00:00","2025-12-17 06:29:41"
Nederland,WindOffshore,Hour,1835423,1835423,0,0,"2025-09-23 12:00:00","2025-09-23 13:00:00","2025-12-17 06:29:41"
Nederland,WindOffshore,Hour,1861556,1861556,0,0,"2025-09-23 13:00:00","2025-09-23 14:00:00","2025-12-17 06:29:41"
Nederland,WindOffshore,Hour,1908901,1908901,0,0,"2025-09-23 14:00:00","2025-09-23 15:00:00","2025-12-17 06:29:41"
Nederland,WindOffshore,Hour,2223224,2223224,0,0,"2025-09-23 15:00:00","2025-09-23 16:00:00","2025-12-17 06:29:41"
Nederland,WindOffshore,Hour,2293614,2293614,0,0,"2025-09-23 16:00:00","2025-09-23 17:00:00","2025-12-17 06:29:41"
Nederland,WindOffshore,Hour,2817469,2817469,0,0,"2025-09-23 17:00:00","2025-09-23 18:00:00","2025-12-17 06:29:41"
Nederland,WindOffshore,Hour,3321550,3321550,0,0,"2025-09-23 18:00:00","2025-09-23 19:00:00","2025-12-17 06:29:41"
Nederland,WindOffshore,Hour,3499015,3499015,0,0,"2025-09-23 19:00:00","2025-09-23 20:00:00","2025-12-17 06:29:41"
Nederland,WindOffshore,Hour,3438300,3438300,0,0,"2025-09-23 20:00:00","2025-09-23 21:00:00","2025-12-17 06:29:41"
Nederland,WindOffshore,Hour,3358189,3358189,0,0,"2025-09-23 21:00:00","2025-09-23 22:00:00","2025-12-17 06:29:41"
Nederland,WindOffshore,Hour,3059889,3059889,0,0,"2025-09-23 22:00:00","2025-09-23 23:00:00","2025-12-17 06:29:41"
Nederland,WindOffshore,Hour,2763683,2763683,0,0,"2025-09-23 23:00:00","2025-09-24 00:00:00","2025-12-17 06:29:41"
Nederland,WindOffshore,Hour,2625239,2625239,0,0,"2025-09-24 00:00:00","2025-09-24 01:00:00","2025-12-17 06:29:41"
Nederland,WindOffshore,Hour,2851451,2851451,0,0,"2025-09-24 01:00:00","2025-09-24 02:00:00","2025-12-17 06:29:41"
Nederland,WindOffshore,Hour,2852193,2852193,0,0,"2025-09-24 02:00:00","2025-09-24 03:00:00","2025-12-17 06:29:41"
Nederland,WindOffshore,Hour,2836617,2836617,0,0,"2025-09-24 03:00:00","2025-09-24 04:00:00","2025-12-17 06:29:41"
Nederland,WindOffshore,Hour,2932034,2932034,0,0,"2025-09-24 04:00:00","2025-09-24 05:00:00","2025-12-17 06:29:41"
Nederland,WindOffshore,Hour,2998214,2998214,0,0,"2025-09-24 05:00:00","2025-09-24 06:00:00","2025-12-17 06:29:41"
Nederland,WindOffshore,Hour,3030168,3030168,0,0,"2025-09-24 06:00:00","2025-09-24 07:00:00","2025-12-17 06:29:41"
Nederland,WindOffshore,Hour,3256378,3256378,0,0,"2025-09-24 07:00:00","2025-09-24 08:00:00","2025-12-17 06:29:41"
Nederland,WindOffshore,Hour,3285413,3285413,0,0,"2025-09-24 08:00:00","2025-09-24 09:00:00","2025-12-17 06:29:41"
Nederland,WindOffshore,Hour,3366385,3366385,0,0,"2025-09-24 09:00:00","2025-09-24 10:00:00","2025-12-17 06:29:41"
Nederland,WindOffshore,Hour,3470229,3470229,0,0,"2025-09-24 10:00:00","2025-09-24 11:00:00","2025-12-17 06:29:41"
Nederland,WindOffshore,Hour,3685119,3685119,0,0,"2025-09-24 11:00:00","2025-09-24 12:00:00","2025-12-17 06:29:41"
Nederland,WindOffshore,Hour,2596967,2596967,0,0,"2025-09-24 12:00:00","2025-09-24 13:00:00","2025-12-17 06:29:41"
Nederland,WindOffshore,Hour,3824897,3824897,0,0,"2025-09-24 13:00:00","2025-09-24 14:00:00","2025-12-17 06:29:41"
Nederland,WindOffshore,Hour,3970015,3970015,0,0,"2025-09-24 14:00:00","2025-09-24 15:00:00","2025-12-17 06:29:41"
Nederland,WindOffshore,Hour,3970934,3970934,0,0,"2025-09-24 15:00:00","2025-09-24 16:00:00","2025-12-17 06:29:41"
Nederland,WindOffshore,Hour,4017923,4017923,0,0,"2025-09-24 16:00:00","2025-09-24 17:00:00","2025-12-17 06:29:41"
Nederland,WindOffshore,Hour,3913620,3913620,0,0,"2025-09-24 17:00:00","2025-09-24 18:00:00","2025-12-17 06:29:41"
Nederland,WindOffshore,Hour,3892987,3892987,0,0,"2025-09-24 18:00:00","2025-09-24 19:00:00","2025-12-17 06:29:41"
Nederland,WindOffshore,Hour,3963516,3963516,0,0,"2025-09-24 19:00:00","2025-09-24 20:00:00","2025-12-17 06:29:41"
Nederland,WindOffshore,Hour,4030066,4030066,0,0,"2025-09-24 20:00:00","2025-09-24 21:00:00","2025-12-17 06:29:41"
Nederland,WindOffshore,Hour,4070503,4070503,0,0,"2025-09-24 21:00:00","2025-09-24 22:00:00","2025-12-17 06:29:41"
Nederland,WindOffshore,Hour,4015247,4015247,0,0,"2025-09-24 22:00:00","2025-09-24 23:00:00","2025-12-17 06:29:41"
Nederland,WindOffshore,Hour,3827311,3827311,0,0,"2025-09-24 23:00:00","2025-09-25 00:00:00","2025-12-17 06:29:41"
Nederland,WindOffshore,Hour,3767193,3767193,0,0,"2025-09-25 00:00:00","2025-09-25 01:00:00","2025-12-17 06:29:41"
Nederland,WindOffshore,Hour,3829681,3829681,0,0,"2025-09-25 01:00:00","2025-09-25 02:00:00","2025-12-17 06:29:41"
Nederland,WindOffshore,Hour,3868298,3868298,0,0,"2025-09-25 02:00:00","2025-09-25 03:00:00","2025-12-17 06:29:41"
Nederland,WindOffshore,Hour,3872097,3872097,0,0,"2025-09-25 03:00:00","2025-09-25 04:00:00","2025-12-17 06:29:41"
Nederland,WindOffshore,Hour,3894731,3894731,0,0,"2025-09-25 04:00:00","2025-09-25 05:00:00","2025-12-17 06:29:41"
Nederland,WindOffshore,Hour,3927647,3927647,0,0,"2025-09-25 05:00:00","2025-09-25 06:00:00","2025-12-17 06:29:41"
Nederland,WindOffshore,Hour,3989246,3989246,0,0,"2025-09-25 06:00:00","2025-09-25 07:00:00","2025-12-17 06:29:41"
Nederland,WindOffshore,Hour,4073953,4073953,0,0,"2025-09-25 07:00:00","2025-09-25 08:00:00","2025-12-17 06:29:41"
Nederland,WindOffshore,Hour,4096444,4096444,0,0,"2025-09-25 08:00:00","2025-09-25 09:00:00","2025-12-17 06:29:41"
Nederland,WindOffshore,Hour,4079761,4079761,0,0,"2025-09-25 09:00:00","2025-09-25 10:00:00","2025-12-17 06:29:41"
Nederland,WindOffshore,Hour,2860189,2860189,0,0,"2025-09-25 10:00:00","2025-09-25 11:00:00","2025-12-17 06:29:41"
Nederland,WindOffshore,Hour,4083793,4083793,0,0,"2025-09-25 11:00:00","2025-09-25 12:00:00","2025-12-17 06:29:41"
Nederland,WindOffshore,Hour,4070970,4070970,0,0,"2025-09-25 12:00:00","2025-09-25 13:00:00","2025-12-17 06:29:41"
Nederland,WindOffshore,Hour,4037865,4037865,0,0,"2025-09-25 13:00:00","2025-09-25 14:00:00","2025-12-17 06:29:41"
Nederland,WindOffshore,Hour,4097168,4097168,0,0,"2025-09-25 14:00:00","2025-09-25 15:00:00","2025-12-17 06:29:41"
Nederland,WindOffshore,Hour,4076150,4076150,0,0,"2025-09-25 15:00:00","2025-09-25 16:00:00","2025-12-17 06:29:41"
Nederland,WindOffshore,Hour,4033353,4033353,0,0,"2025-09-25 16:00:00","2025-09-25 17:00:00","2025-12-17 06:29:41"
Nederland,WindOffshore,Hour,3724094,3724094,0,0,"2025-09-25 17:00:00","2025-09-25 18:00:00","2025-12-17 06:29:41"
Nederland,WindOffshore,Hour,2923356,2923356,0,0,"2025-09-25 18:00:00","2025-09-25 19:00:00","2025-12-17 06:29:41"
Nederland,WindOffshore,Hour,3205327,3205327,0,0,"2025-09-25 19:00:00","2025-09-25 20:00:00","2025-12-17 06:29:41"
Nederland,WindOffshore,Hour,3420741,3420741,0,0,"2025-09-25 20:00:00","2025-09-25 21:00:00","2025-12-17 06:29:41"
Nederland,WindOffshore,Hour,3402105,3402105,0,0,"2025-09-25 21:00:00","2025-09-25 22:00:00","2025-12-17 06:29:41"
Nederland,WindOffshore,Hour,3460403,3460403,0,0,"2025-09-25 22:00:00","2025-09-25 23:00:00","2025-12-17 06:29:41"
Nederland,WindOffshore,Hour,3260492,3260492,0,0,"2025-09-25 23:00:00","2025-09-26 00:00:00","2025-12-17 06:29:41"
Nederland,WindOffshore,Hour,3484118,3484118,0,0,"2025-09-26 00:00:00","2025-09-26 01:00:00","2025-12-17 06:29:41"
Nederland,WindOffshore,Hour,3037747,3037747,0,0,"2025-09-26 01:00:00","2025-09-26 02:00:00","2025-12-17 06:29:41"
Nederland,WindOffshore,Hour,2990938,2990938,0,0,"2025-09-26 02:00:00","2025-09-26 03:00:00","2025-12-17 06:29:41"
Nederland,WindOffshore,Hour,3002311,3002311,0,0,"2025-09-26 03:00:00","2025-09-26 04:00:00","2025-12-17 06:29:41"
Nederland,WindOffshore,Hour,2290478,2290478,0,0,"2025-09-26 04:00:00","2025-09-26 05:00:00","2025-12-17 06:29:41"
Nederland,WindOffshore,Hour,2196473,2196473,0,0,"2025-09-26 05:00:00","2025-09-26 06:00:00","2025-12-17 06:29:41"
Nederland,WindOffshore,Hour,2209927,2209927,0,0,"2025-09-26 06:00:00","2025-09-26 07:00:00","2025-12-17 06:29:41"
Nederland,WindOffshore,Hour,1898022,1898022,0,0,"2025-09-26 07:00:00","2025-09-26 08:00:00","2025-12-17 06:29:41"
Nederland,WindOffshore,Hour,1484383,1484383,0,0,"2025-09-26 08:00:00","2025-09-26 09:00:00","2025-12-17 06:29:41"
Nederland,WindOffshore,Hour,1194921,1194921,0,0,"2025-09-26 09:00:00","2025-09-26 10:00:00","2025-12-17 06:29:41"
Nederland,WindOffshore,Hour,797993,797993,0,0,"2025-09-26 10:00:00","2025-09-26 11:00:00","2025-12-17 06:29:41"
Nederland,WindOffshore,Hour,643893,643893,0,0,"2025-09-26 11:00:00","2025-09-26 12:00:00","2025-12-17 06:29:41"
Nederland,WindOffshore,Hour,693051,693051,0,0,"2025-09-26 12:00:00","2025-09-26 13:00:00","2025-12-17 06:29:41"
Nederland,WindOffshore,Hour,785898,785898,0,0,"2025-09-26 13:00:00","2025-09-26 14:00:00","2025-12-17 06:29:41"
Nederland,WindOffshore,Hour,572008,572008,0,0,"2025-09-26 14:00:00","2025-09-26 15:00:00","2025-12-17 06:29:41"
Nederland,WindOffshore,Hour,432129,432129,0,0,"2025-09-26 15:00:00","2025-09-26 16:00:00","2025-12-17 06:29:41"
Nederland,WindOffshore,Hour,405259,405259,0,0,"2025-09-26 16:00:00","2025-09-26 17:00:00","2025-12-17 06:29:41"
Nederland,WindOffshore,Hour,372041,372041,0,0,"2025-09-26 17:00:00","2025-09-26 18:00:00","2025-12-17 06:29:41"
Nederland,WindOffshore,Hour,379270,379270,0,0,"2025-09-26 18:00:00","2025-09-26 19:00:00","2025-12-17 06:29:41"
Nederland,WindOffshore,Hour,328695,328695,0,0,"2025-09-26 19:00:00","2025-09-26 20:00:00","2025-12-17 06:29:41"
Nederland,WindOffshore,Hour,373217,373217,0,0,"2025-09-26 20:00:00","2025-09-26 21:00:00","2025-12-17 06:29:41"
Nederland,WindOffshore,Hour,339504,339504,0,0,"2025-09-26 21:00:00","2025-09-26 22:00:00","2025-12-17 06:29:41"
Nederland,WindOffshore,Hour,306281,306281,0,0,"2025-09-26 22:00:00","2025-09-26 23:00:00","2025-12-17 06:29:41"
Nederland,WindOffshore,Hour,278539,278539,0,0,"2025-09-26 23:00:00","2025-09-27 00:00:00","2025-12-17 06:29:41"
Nederland,WindOffshore,Hour,359057,359057,0,0,"2025-09-27 00:00:00","2025-09-27 01:00:00","2025-12-17 06:29:41"
Nederland,WindOffshore,Hour,199362,199362,0,0,"2025-09-27 01:00:00","2025-09-27 02:00:00","2025-12-17 06:29:41"
Nederland,WindOffshore,Hour,231896,231896,0,0,"2025-09-27 02:00:00","2025-09-27 03:00:00","2025-12-17 06:29:41"
Nederland,WindOffshore,Hour,229508,229508,0,0,"2025-09-27 03:00:00","2025-09-27 04:00:00","2025-12-17 06:29:41"
Nederland,WindOffshore,Hour,187790,187790,0,0,"2025-09-27 04:00:00","2025-09-27 05:00:00","2025-12-17 06:29:41"
Nederland,WindOffshore,Hour,277706,277706,0,0,"2025-09-27 05:00:00","2025-09-27 06:00:00","2025-12-17 06:29:41"
Nederland,WindOffshore,Hour,218120,218120,0,0,"2025-09-27 06:00:00","2025-09-27 07:00:00","2025-12-17 06:29:41"
Nederland,WindOffshore,Hour,100625,100625,0,0,"2025-09-27 07:00:00","2025-09-27 08:00:00","2025-12-17 06:29:41"
Nederland,WindOffshore,Hour,134537,134537,0,0,"2025-09-27 08:00:00","2025-09-27 09:00:00","2025-12-17 06:29:41"
Nederland,WindOffshore,Hour,115419,115419,0,0,"2025-09-27 09:00:00","2025-09-27 10:00:00","2025-12-17 06:29:41"
Nederland,WindOffshore,Hour,116423,116423,0,0,"2025-09-27 10:00:00","2025-09-27 11:00:00","2025-12-17 06:29:41"
Nederland,WindOffshore,Hour,156445,156445,0,0,"2025-09-27 11:00:00","2025-09-27 12:00:00","2025-12-17 06:29:41"
Nederland,WindOffshore,Hour,147547,147547,0,0,"2025-09-27 12:00:00","2025-09-27 13:00:00","2025-12-17 06:29:41"
Nederland,WindOffshore,Hour,123647,123647,0,0,"2025-09-27 13:00:00","2025-09-27 14:00:00","2025-12-17 06:29:41"
Nederland,WindOffshore,Hour,50195,50195,0,0,"2025-09-27 14:00:00","2025-09-27 15:00:00","2025-12-17 06:29:41"
Nederland,WindOffshore,Hour,33965,33965,0,0,"2025-09-27 15:00:00","2025-09-27 16:00:00","2025-12-17 06:29:41"
Nederland,WindOffshore,Hour,25003,25003,0,0,"2025-09-27 16:00:00","2025-09-27 17:00:00","2025-12-17 06:29:41"
Nederland,WindOffshore,Hour,119150,119150,0,0,"2025-09-27 17:00:00","2025-09-27 18:00:00","2025-12-17 06:29:41"
Nederland,WindOffshore,Hour,215026,215026,0,0,"2025-09-27 18:00:00","2025-09-27 19:00:00","2025-12-17 06:29:41"
Nederland,WindOffshore,Hour,357881,357881,0,0,"2025-09-27 19:00:00","2025-09-27 20:00:00","2025-12-17 06:29:41"
Nederland,WindOffshore,Hour,495251,495251,0,0,"2025-09-27 20:00:00","2025-09-27 21:00:00","2025-12-17 06:29:41"
Nederland,WindOffshore,Hour,633494,633494,0,0,"2025-09-27 21:00:00","2025-09-27 22:00:00","2025-12-17 06:29:41"
Nederland,WindOffshore,Hour,732567,732567,0,0,"2025-09-27 22:00:00","2025-09-27 23:00:00","2025-12-17 06:29:41"
Nederland,WindOffshore,Hour,764847,764847,0,0,"2025-09-27 23:00:00","2025-09-28 00:00:00","2025-12-17 06:29:41"
Nederland,WindOffshore,Hour,555700,555700,0,0,"2025-09-28 00:00:00","2025-09-28 01:00:00","2025-12-17 06:29:41"
Nederland,WindOffshore,Hour,370569,370569,0,0,"2025-09-28 01:00:00","2025-09-28 02:00:00","2025-12-17 06:29:41"
Nederland,WindOffshore,Hour,337949,337949,0,0,"2025-09-28 02:00:00","2025-09-28 03:00:00","2025-12-17 06:29:41"
Nederland,WindOffshore,Hour,340379,340379,0,0,"2025-09-28 03:00:00","2025-09-28 04:00:00","2025-12-17 06:29:41"
Nederland,WindOffshore,Hour,326057,326057,0,0,"2025-09-28 04:00:00","2025-09-28 05:00:00","2025-12-17 06:29:41"
Nederland,WindOffshore,Hour,362140,362140,0,0,"2025-09-28 05:00:00","2025-09-28 06:00:00","2025-12-17 06:29:41"
Nederland,WindOffshore,Hour,521364,521364,0,0,"2025-09-28 06:00:00","2025-09-28 07:00:00","2025-12-17 06:29:41"
Nederland,WindOffshore,Hour,571865,571865,0,0,"2025-09-28 07:00:00","2025-09-28 08:00:00","2025-12-17 06:29:41"
Nederland,WindOffshore,Hour,623991,623991,0,0,"2025-09-28 08:00:00","2025-09-28 09:00:00","2025-12-17 06:29:41"
Nederland,WindOffshore,Hour,584236,584236,0,0,"2025-09-28 09:00:00","2025-09-28 10:00:00","2025-12-17 06:29:41"
Nederland,WindOffshore,Hour,503335,503335,0,0,"2025-09-28 10:00:00","2025-09-28 11:00:00","2025-12-17 06:29:41"
Nederland,WindOffshore,Hour,321498,321498,0,0,"2025-09-28 11:00:00","2025-09-28 12:00:00","2025-12-17 06:29:41"
Nederland,WindOffshore,Hour,146840,146840,0,0,"2025-09-28 12:00:00","2025-09-28 13:00:00","2025-12-17 06:29:41"
Nederland,WindOffshore,Hour,52747,52747,0,0,"2025-09-28 13:00:00","2025-09-28 14:00:00","2025-12-17 06:29:41"
Nederland,WindOffshore,Hour,38861,38861,0,0,"2025-09-28 14:00:00","2025-09-28 15:00:00","2025-12-17 06:29:41"
Nederland,WindOffshore,Hour,36687,36687,0,0,"2025-09-28 15:00:00","2025-09-28 16:00:00","2025-12-17 06:29:41"
Nederland,WindOffshore,Hour,19465,19465,0,0,"2025-09-28 16:00:00","2025-09-28 17:00:00","2025-12-17 06:29:41"
Nederland,WindOffshore,Hour,0,0,0,0,"2025-09-28 17:00:00","2025-09-28 18:00:00","2025-12-17 06:29:41"
Nederland,WindOffshore,Hour,0,0,0,0,"2025-09-28 18:00:00","2025-09-28 19:00:00","2025-12-17 06:29:41"
Nederland,WindOffshore,Hour,0,0,0,0,"2025-09-28 19:00:00","2025-09-28 20:00:00","2025-12-17 06:29:41"
Nederland,WindOffshore,Hour,0,0,0,0,"2025-09-28 20:00:00","2025-09-28 21:00:00","2025-12-17 06:29:41"
Nederland,WindOffshore,Hour,0,0,0,0,"2025-09-28 21:00:00","2025-09-28 22:00:00","2025-12-17 06:29:41"
Nederland,WindOffshore,Hour,0,0,0,0,"2025-09-28 22:00:00","2025-09-28 23:00:00","2025-12-17 06:29:41"
Nederland,WindOffshore,Hour,0,0,0,0,"2025-09-28 23:00:00","2025-09-29 00:00:00","2025-12-17 06:29:41"
Nederland,WindOffshore,Hour,0,0,0,0,"2025-09-29 00:00:00","2025-09-29 01:00:00","2025-12-17 06:29:41"
Nederland,WindOffshore,Hour,0,0,0,0,"2025-09-29 01:00:00","2025-09-29 02:00:00","2025-12-17 06:29:41"
Nederland,WindOffshore,Hour,0,0,0,0,"2025-09-29 02:00:00","2025-09-29 03:00:00","2025-12-17 06:29:41"
Nederland,WindOffshore,Hour,0,0,0,0,"2025-09-29 03:00:00","2025-09-29 04:00:00","2025-12-17 06:29:41"
Nederland,WindOffshore,Hour,5448,5448,0,0,"2025-09-29 04:00:00","2025-09-29 05:00:00","2025-12-17 06:29:41"
Nederland,WindOffshore,Hour,26258,26258,0,0,"2025-09-29 05:00:00","2025-09-29 06:00:00","2025-12-17 06:29:41"
Nederland,WindOffshore,Hour,48943,48943,0,0,"2025-09-29 06:00:00","2025-09-29 07:00:00","2025-12-17 06:29:41"
Nederland,WindOffshore,Hour,36040,36040,0,0,"2025-09-29 07:00:00","2025-09-29 08:00:00","2025-12-17 06:29:41"
Nederland,WindOffshore,Hour,48010,48010,0,0,"2025-09-29 08:00:00","2025-09-29 09:00:00","2025-12-17 06:29:41"
Nederland,WindOffshore,Hour,265247,265247,0,0,"2025-09-29 09:00:00","2025-09-29 10:00:00","2025-12-17 06:29:41"
Nederland,WindOffshore,Hour,290223,290223,0,0,"2025-09-29 10:00:00","2025-09-29 11:00:00","2025-12-17 06:29:41"
Nederland,WindOffshore,Hour,287990,287990,0,0,"2025-09-29 11:00:00","2025-09-29 12:00:00","2025-12-17 06:29:41"
Nederland,WindOffshore,Hour,282425,282425,0,0,"2025-09-29 12:00:00","2025-09-29 13:00:00","2025-12-17 06:29:41"
Nederland,WindOffshore,Hour,477080,477080,0,0,"2025-09-29 13:00:00","2025-09-29 14:00:00","2025-12-17 06:29:41"
Nederland,WindOffshore,Hour,683084,683084,0,0,"2025-09-29 14:00:00","2025-09-29 15:00:00","2025-12-17 06:29:41"
Nederland,WindOffshore,Hour,626583,626583,0,0,"2025-09-29 15:00:00","2025-09-29 16:00:00","2025-12-17 06:29:41"
Nederland,WindOffshore,Hour,747717,747717,0,0,"2025-09-29 16:00:00","2025-09-29 17:00:00","2025-12-17 06:29:41"
Nederland,WindOffshore,Hour,864115,864115,0,0,"2025-09-29 17:00:00","2025-09-29 18:00:00","2025-12-17 06:29:41"
Nederland,WindOffshore,Hour,1129667,1129667,0,0,"2025-09-29 18:00:00","2025-09-29 19:00:00","2025-12-17 06:29:41"
Nederland,WindOffshore,Hour,997872,997872,0,0,"2025-09-29 19:00:00","2025-09-29 20:00:00","2025-12-17 06:29:41"
Nederland,WindOffshore,Hour,750257,750257,0,0,"2025-09-29 20:00:00","2025-09-29 21:00:00","2025-12-17 06:29:41"
Nederland,WindOffshore,Hour,760720,760720,0,0,"2025-09-29 21:00:00","2025-09-29 22:00:00","2025-12-17 06:29:41"
Nederland,WindOffshore,Hour,791677,791677,0,0,"2025-09-29 22:00:00","2025-09-29 23:00:00","2025-12-17 06:29:41"
Nederland,WindOffshore,Hour,720034,720034,0,0,"2025-09-29 23:00:00","2025-09-30 00:00:00","2025-12-17 06:29:41"
Nederland,WindOffshore,Hour,616057,616057,0,0,"2025-09-30 00:00:00","2025-09-30 01:00:00","2025-12-17 06:29:41"
Nederland,WindOffshore,Hour,563863,563863,0,0,"2025-09-30 01:00:00","2025-09-30 02:00:00","2025-12-17 06:29:41"
Nederland,WindOffshore,Hour,628104,628104,0,0,"2025-09-30 02:00:00","2025-09-30 03:00:00","2025-12-17 06:29:41"
Nederland,WindOffshore,Hour,530617,530617,0,0,"2025-09-30 03:00:00","2025-09-30 04:00:00","2025-12-17 06:29:41"
Nederland,WindOffshore,Hour,369942,369942,0,0,"2025-09-30 04:00:00","2025-09-30 05:00:00","2025-12-17 06:29:41"
Nederland,WindOffshore,Hour,476279,476279,0,0,"2025-09-30 05:00:00","2025-09-30 06:00:00","2025-12-17 06:29:41"
Nederland,WindOffshore,Hour,426488,426488,0,0,"2025-09-30 06:00:00","2025-09-30 07:00:00","2025-12-17 06:29:41"
Nederland,WindOffshore,Hour,407415,407415,0,0,"2025-09-30 07:00:00","2025-09-30 08:00:00","2025-12-17 06:29:41"
Nederland,WindOffshore,Hour,346667,346667,0,0,"2025-09-30 08:00:00","2025-09-30 09:00:00","2025-12-17 06:29:41"
Nederland,WindOffshore,Hour,265411,265411,0,0,"2025-09-30 09:00:00","2025-09-30 10:00:00","2025-12-17 06:29:41"
Nederland,WindOffshore,Hour,197795,197795,0,0,"2025-09-30 10:00:00","2025-09-30 11:00:00","2025-12-17 06:29:41"
Nederland,WindOffshore,Hour,175670,175670,0,0,"2025-09-30 11:00:00","2025-09-30 12:00:00","2025-12-17 06:29:41"
Nederland,WindOffshore,Hour,137667,137667,0,0,"2025-09-30 12:00:00","2025-09-30 13:00:00","2025-12-17 06:29:41"
Nederland,WindOffshore,Hour,142595,142595,0,0,"2025-09-30 13:00:00","2025-09-30 14:00:00","2025-12-17 06:29:41"
Nederland,WindOffshore,Hour,129938,129938,0,0,"2025-09-30 14:00:00","2025-09-30 15:00:00","2025-12-17 06:29:41"
Nederland,WindOffshore,Hour,146839,146839,0,0,"2025-09-30 15:00:00","2025-09-30 16:00:00","2025-12-17 06:29:41"
Nederland,WindOffshore,Hour,158416,158416,0,0,"2025-09-30 16:00:00","2025-09-30 17:00:00","2025-12-17 06:29:41"
Nederland,WindOffshore,Hour,89309,89309,0,0,"2025-09-30 17:00:00","2025-09-30 18:00:00","2025-12-17 06:29:41"
Nederland,WindOffshore,Hour,90968,90968,0,0,"2025-09-30 18:00:00","2025-09-30 19:00:00","2025-12-17 06:29:41"
Nederland,WindOffshore,Hour,84622,84622,0,0,"2025-09-30 19:00:00","2025-09-30 20:00:00","2025-12-17 06:29:41"
Nederland,WindOffshore,Hour,89054,89054,0,0,"2025-09-30 20:00:00","2025-09-30 21:00:00","2025-12-17 06:29:41"
Nederland,WindOffshore,Hour,96177,96177,0,0,"2025-09-30 21:00:00","2025-09-30 22:00:00","2025-12-17 06:29:41"
Nederland,WindOffshore,Hour,117528,117528,0,0,"2025-09-30 22:00:00","2025-09-30 23:00:00","2025-12-17 06:29:41"
Nederland,WindOffshore,Hour,166052,166052,0,0,"2025-09-30 23:00:00","2025-10-01 00:00:00","2025-12-17 06:29:41"
Nederland,WindOffshore,Hour,229907,229907,0,0,"2025-10-01 00:00:00","2025-10-01 01:00:00","2025-12-17 06:29:41"
Nederland,WindOffshore,Hour,268634,268634,0,0,"2025-10-01 01:00:00","2025-10-01 02:00:00","2025-12-17 06:29:41"
Nederland,WindOffshore,Hour,337851,337851,0,0,"2025-10-01 02:00:00","2025-10-01 03:00:00","2025-12-17 06:29:41"
Nederland,WindOffshore,Hour,329072,329072,0,0,"2025-10-01 03:00:00","2025-10-01 04:00:00","2025-12-17 06:29:41"
Nederland,WindOffshore,Hour,353740,353740,0,0,"2025-10-01 04:00:00","2025-10-01 05:00:00","2025-12-17 06:29:41"
Nederland,WindOffshore,Hour,401397,401397,0,0,"2025-10-01 05:00:00","2025-10-01 06:00:00","2025-12-17 06:29:41"
Nederland,WindOffshore,Hour,439162,439162,0,0,"2025-10-01 06:00:00","2025-10-01 07:00:00","2025-12-17 06:29:41"
Nederland,WindOffshore,Hour,401360,401360,0,0,"2025-10-01 07:00:00","2025-10-01 08:00:00","2025-12-17 06:29:41"
Nederland,WindOffshore,Hour,312059,312059,0,0,"2025-10-01 08:00:00","2025-10-01 09:00:00","2025-12-17 06:29:41"
Nederland,WindOffshore,Hour,291768,291768,0,0,"2025-10-01 09:00:00","2025-10-01 10:00:00","2025-12-17 06:29:41"
Nederland,WindOffshore,Hour,356334,356334,0,0,"2025-10-01 10:00:00","2025-10-01 11:00:00","2025-12-17 06:29:41"
Nederland,WindOffshore,Hour,514057,514057,0,0,"2025-10-01 11:00:00","2025-10-01 12:00:00","2025-12-17 06:29:41"
Nederland,WindOffshore,Hour,472771,472771,0,0,"2025-10-01 12:00:00","2025-10-01 13:00:00","2025-12-17 06:29:41"
Nederland,WindOffshore,Hour,335109,335109,0,0,"2025-10-01 13:00:00","2025-10-01 14:00:00","2025-12-17 06:29:41"
Nederland,WindOffshore,Hour,299223,299223,0,0,"2025-10-01 14:00:00","2025-10-01 15:00:00","2025-12-17 06:29:41"
Nederland,WindOffshore,Hour,234779,234779,0,0,"2025-10-01 15:00:00","2025-10-01 16:00:00","2025-12-17 06:29:41"
Nederland,WindOffshore,Hour,197461,197461,0,0,"2025-10-01 16:00:00","2025-10-01 17:00:00","2025-12-17 06:29:41"
Nederland,WindOffshore,Hour,210695,210695,0,0,"2025-10-01 17:00:00","2025-10-01 18:00:00","2025-12-17 06:29:41"
Nederland,WindOffshore,Hour,377355,377355,0,0,"2025-10-01 18:00:00","2025-10-01 19:00:00","2025-12-17 06:29:41"
Nederland,WindOffshore,Hour,993739,993739,0,0,"2025-10-01 19:00:00","2025-10-01 20:00:00","2025-12-17 06:29:41"
Nederland,WindOffshore,Hour,1464692,1464692,0,0,"2025-10-01 20:00:00","2025-10-01 21:00:00","2025-12-17 06:29:41"
Nederland,WindOffshore,Hour,1545886,1545886,0,0,"2025-10-01 21:00:00","2025-10-01 22:00:00","2025-12-17 06:29:41"
Nederland,WindOffshore,Hour,1790751,1790751,0,0,"2025-10-01 22:00:00","2025-10-01 23:00:00","2025-12-17 06:29:41"
Nederland,WindOffshore,Hour,1841691,1841691,0,0,"2025-10-01 23:00:00","2025-10-02 00:00:00","2025-12-17 06:29:41"
Nederland,WindOffshore,Hour,1810527,1810527,0,0,"2025-10-02 00:00:00","2025-10-02 01:00:00","2026-02-01 06:27:34"
Nederland,WindOffshore,Hour,1397295,1397295,0,0,"2025-10-02 01:00:00","2025-10-02 02:00:00","2026-02-01 06:27:34"
Nederland,WindOffshore,Hour,1139954,1139954,0,0,"2025-10-02 02:00:00","2025-10-02 03:00:00","2026-02-01 06:27:34"
Nederland,WindOffshore,Hour,1102594,1102594,0,0,"2025-10-02 03:00:00","2025-10-02 04:00:00","2026-02-01 06:27:34"
Nederland,WindOffshore,Hour,1117463,1117463,0,0,"2025-10-02 04:00:00","2025-10-02 05:00:00","2026-02-01 06:27:34"
Nederland,WindOffshore,Hour,876516,876516,0,0,"2025-10-02 05:00:00","2025-10-02 06:00:00","2026-02-01 06:27:34"
Nederland,WindOffshore,Hour,773817,773817,0,0,"2025-10-02 06:00:00","2025-10-02 07:00:00","2026-02-01 06:27:34"
Nederland,WindOffshore,Hour,930841,930841,0,0,"2025-10-02 07:00:00","2025-10-02 08:00:00","2026-02-01 06:27:34"
Nederland,WindOffshore,Hour,985605,985605,0,0,"2025-10-02 08:00:00","2025-10-02 09:00:00","2026-02-01 06:27:34"
Nederland,WindOffshore,Hour,904549,904549,0,0,"2025-10-02 09:00:00","2025-10-02 10:00:00","2026-02-01 06:27:34"
Nederland,WindOffshore,Hour,1038794,1038794,0,0,"2025-10-02 10:00:00","2025-10-02 11:00:00","2026-02-01 06:27:34"
Nederland,WindOffshore,Hour,1569709,1569709,0,0,"2025-10-02 11:00:00","2025-10-02 12:00:00","2026-02-01 06:27:34"
Nederland,WindOffshore,Hour,1933803,1933803,0,0,"2025-10-02 12:00:00","2025-10-02 13:00:00","2026-02-01 06:27:34"
Nederland,WindOffshore,Hour,1779479,1779479,0,0,"2025-10-02 13:00:00","2025-10-02 14:00:00","2026-02-01 06:27:34"
Nederland,WindOffshore,Hour,1860678,1860678,0,0,"2025-10-02 14:00:00","2025-10-02 15:00:00","2026-02-01 06:27:34"
Nederland,WindOffshore,Hour,1908547,1908547,0,0,"2025-10-02 15:00:00","2025-10-02 16:00:00","2026-02-01 06:27:34"
Nederland,WindOffshore,Hour,1954823,1954823,0,0,"2025-10-02 16:00:00","2025-10-02 17:00:00","2026-02-01 06:27:34"
Nederland,WindOffshore,Hour,2387374,2387374,0,0,"2025-10-02 17:00:00","2025-10-02 18:00:00","2026-02-01 06:27:34"
Nederland,WindOffshore,Hour,2963665,2963665,0,0,"2025-10-02 18:00:00","2025-10-02 19:00:00","2026-02-01 06:27:34"
Nederland,WindOffshore,Hour,3148143,3148143,0,0,"2025-10-02 19:00:00","2025-10-02 20:00:00","2026-02-01 06:27:34"
Nederland,WindOffshore,Hour,3276280,3276280,0,0,"2025-10-02 20:00:00","2025-10-02 21:00:00","2026-02-01 06:27:34"
Nederland,WindOffshore,Hour,3732075,3732075,0,0,"2025-10-02 21:00:00","2025-10-02 22:00:00","2026-02-01 06:27:34"
Nederland,WindOffshore,Hour,3587124,3587124,0,0,"2025-10-02 22:00:00","2025-10-02 23:00:00","2026-02-01 06:27:34"
Nederland,WindOffshore,Hour,3611265,3611265,0,0,"2025-10-02 23:00:00","2025-10-03 00:00:00","2026-02-01 06:27:34"
Nederland,WindOffshore,Hour,3804025,3804025,0,0,"2025-10-03 00:00:00","2025-10-03 01:00:00","2026-02-02 06:27:40"
Nederland,WindOffshore,Hour,3804257,3804257,0,0,"2025-10-03 01:00:00","2025-10-03 02:00:00","2026-02-02 06:27:40"
Nederland,WindOffshore,Hour,3788915,3788915,0,0,"2025-10-03 02:00:00","2025-10-03 03:00:00","2026-02-02 06:27:40"
Nederland,WindOffshore,Hour,3893133,3893133,0,0,"2025-10-03 03:00:00","2025-10-03 04:00:00","2026-02-02 06:27:40"
Nederland,WindOffshore,Hour,3935590,3935590,0,0,"2025-10-03 04:00:00","2025-10-03 05:00:00","2026-02-02 06:27:40"
Nederland,WindOffshore,Hour,4041012,4041012,0,0,"2025-10-03 05:00:00","2025-10-03 06:00:00","2026-02-02 06:27:40"
Nederland,WindOffshore,Hour,3999125,3999125,0,0,"2025-10-03 06:00:00","2025-10-03 07:00:00","2026-02-02 06:27:40"
Nederland,WindOffshore,Hour,4093984,4093984,0,0,"2025-10-03 07:00:00","2025-10-03 08:00:00","2026-02-02 06:27:40"
Nederland,WindOffshore,Hour,4051590,4051590,0,0,"2025-10-03 08:00:00","2025-10-03 09:00:00","2026-02-02 06:27:40"
Nederland,WindOffshore,Hour,4096288,4096288,0,0,"2025-10-03 09:00:00","2025-10-03 10:00:00","2026-02-02 06:27:40"
Nederland,WindOffshore,Hour,3906004,3906004,0,0,"2025-10-03 10:00:00","2025-10-03 11:00:00","2026-02-02 06:27:40"
Nederland,WindOffshore,Hour,4079911,4079911,0,0,"2025-10-03 11:00:00","2025-10-03 12:00:00","2026-02-02 06:27:40"
Nederland,WindOffshore,Hour,4237728,4237728,0,0,"2025-10-03 12:00:00","2025-10-03 13:00:00","2026-02-02 06:27:40"
Nederland,WindOffshore,Hour,4343051,4343051,0,0,"2025-10-03 13:00:00","2025-10-03 14:00:00","2026-02-02 06:27:40"
Nederland,WindOffshore,Hour,4467035,4467035,0,0,"2025-10-03 14:00:00","2025-10-03 15:00:00","2026-02-02 06:27:40"
Nederland,WindOffshore,Hour,4477256,4477256,0,0,"2025-10-03 15:00:00","2025-10-03 16:00:00","2026-02-02 06:27:40"
Nederland,WindOffshore,Hour,4477318,4477318,0,0,"2025-10-03 16:00:00","2025-10-03 17:00:00","2026-02-02 06:27:40"
Nederland,WindOffshore,Hour,4470172,4470172,0,0,"2025-10-03 17:00:00","2025-10-03 18:00:00","2026-02-02 06:27:40"
Nederland,WindOffshore,Hour,4486687,4486687,0,0,"2025-10-03 18:00:00","2025-10-03 19:00:00","2026-02-02 06:27:40"
Nederland,WindOffshore,Hour,4503486,4503486,0,0,"2025-10-03 19:00:00","2025-10-03 20:00:00","2026-02-02 06:27:40"
Nederland,WindOffshore,Hour,4503425,4503425,0,0,"2025-10-03 20:00:00","2025-10-03 21:00:00","2026-02-02 06:27:40"
Nederland,WindOffshore,Hour,4514202,4514202,0,0,"2025-10-03 21:00:00","2025-10-03 22:00:00","2026-02-02 06:27:40"
Nederland,WindOffshore,Hour,3837955,3837955,0,0,"2025-10-03 22:00:00","2025-10-03 23:00:00","2026-02-02 06:27:40"
Nederland,WindOffshore,Hour,3161718,3161718,0,0,"2025-10-03 23:00:00","2025-10-04 00:00:00","2026-02-02 06:27:40"
Nederland,WindOffshore,Hour,3167749,3167749,0,0,"2025-10-04 00:00:00","2025-10-04 01:00:00","2026-02-03 06:27:39"
Nederland,WindOffshore,Hour,3169517,3169517,0,0,"2025-10-04 01:00:00","2025-10-04 02:00:00","2026-02-03 06:27:39"
Nederland,WindOffshore,Hour,3167712,3167712,0,0,"2025-10-04 02:00:00","2025-10-04 03:00:00","2026-02-03 06:27:39"
Nederland,WindOffshore,Hour,3163773,3163773,0,0,"2025-10-04 03:00:00","2025-10-04 04:00:00","2026-02-03 06:27:39"
Nederland,WindOffshore,Hour,3094273,3094273,0,0,"2025-10-04 04:00:00","2025-10-04 05:00:00","2026-02-03 06:27:39"
Nederland,WindOffshore,Hour,3022327,3022327,0,0,"2025-10-04 05:00:00","2025-10-04 06:00:00","2026-02-03 06:27:39"
Nederland,WindOffshore,Hour,2967942,2967942,0,0,"2025-10-04 06:00:00","2025-10-04 07:00:00","2026-02-03 06:27:39"
Nederland,WindOffshore,Hour,4231727,4231727,0,0,"2025-10-04 07:00:00","2025-10-04 08:00:00","2026-02-03 06:27:39"
Nederland,WindOffshore,Hour,4106651,4106651,0,0,"2025-10-04 08:00:00","2025-10-04 09:00:00","2026-02-03 06:27:39"
Nederland,WindOffshore,Hour,3455380,3455380,0,0,"2025-10-04 09:00:00","2025-10-04 10:00:00","2026-02-03 06:27:39"
Nederland,WindOffshore,Hour,3133977,3133977,0,0,"2025-10-04 10:00:00","2025-10-04 11:00:00","2026-02-03 06:27:39"
Nederland,WindOffshore,Hour,3169477,3169477,0,0,"2025-10-04 11:00:00","2025-10-04 12:00:00","2026-02-03 06:27:39"
Nederland,WindOffshore,Hour,3092227,3092227,0,0,"2025-10-04 12:00:00","2025-10-04 13:00:00","2026-02-03 06:27:39"
Nederland,WindOffshore,Hour,3167844,3167844,0,0,"2025-10-04 13:00:00","2025-10-04 14:00:00","2026-02-03 06:27:39"
Nederland,WindOffshore,Hour,3155780,3155780,0,0,"2025-10-04 14:00:00","2025-10-04 15:00:00","2026-02-03 06:27:39"
Nederland,WindOffshore,Hour,3826999,3826999,0,0,"2025-10-04 15:00:00","2025-10-04 16:00:00","2026-02-03 06:27:39"
Nederland,WindOffshore,Hour,4061235,4061235,0,0,"2025-10-04 16:00:00","2025-10-04 17:00:00","2026-02-03 06:27:39"
Nederland,WindOffshore,Hour,4510353,4510353,0,0,"2025-10-04 17:00:00","2025-10-04 18:00:00","2026-02-03 06:27:39"
Nederland,WindOffshore,Hour,4476445,4476445,0,0,"2025-10-04 18:00:00","2025-10-04 19:00:00","2026-02-03 06:27:39"
Nederland,WindOffshore,Hour,4263634,4263634,0,0,"2025-10-04 19:00:00","2025-10-04 20:00:00","2026-02-03 06:27:39"
Nederland,WindOffshore,Hour,3799998,3799998,0,0,"2025-10-04 20:00:00","2025-10-04 21:00:00","2026-02-03 06:27:39"
Nederland,WindOffshore,Hour,3151091,3151091,0,0,"2025-10-04 21:00:00","2025-10-04 22:00:00","2026-02-03 06:27:39"
Nederland,WindOffshore,Hour,3138899,3138899,0,0,"2025-10-04 22:00:00","2025-10-04 23:00:00","2026-02-03 06:27:39"
Nederland,WindOffshore,Hour,3142039,3142039,0,0,"2025-10-04 23:00:00","2025-10-05 00:00:00","2026-02-03 06:27:39"
Nederland,WindOffshore,Hour,3141510,3141510,0,0,"2025-10-05 00:00:00","2025-10-05 01:00:00","2026-02-04 06:27:36"
Nederland,WindOffshore,Hour,3135474,3135474,0,0,"2025-10-05 01:00:00","2025-10-05 02:00:00","2026-02-04 06:27:36"
Nederland,WindOffshore,Hour,3126077,3126077,0,0,"2025-10-05 02:00:00","2025-10-05 03:00:00","2026-02-04 06:27:36"
Nederland,WindOffshore,Hour,3141940,3141940,0,0,"2025-10-05 03:00:00","2025-10-05 04:00:00","2026-02-04 06:27:36"
Nederland,WindOffshore,Hour,3124526,3124526,0,0,"2025-10-05 04:00:00","2025-10-05 05:00:00","2026-02-04 06:27:36"
Nederland,WindOffshore,Hour,3114677,3114677,0,0,"2025-10-05 05:00:00","2025-10-05 06:00:00","2026-02-04 06:27:36"
Nederland,WindOffshore,Hour,3107474,3107474,0,0,"2025-10-05 06:00:00","2025-10-05 07:00:00","2026-02-04 06:27:36"
Nederland,WindOffshore,Hour,3548669,3548669,0,0,"2025-10-05 07:00:00","2025-10-05 08:00:00","2026-02-04 06:27:36"
Nederland,WindOffshore,Hour,3104347,3104347,0,0,"2025-10-05 08:00:00","2025-10-05 09:00:00","2026-02-04 06:27:36"
Nederland,WindOffshore,Hour,3115572,3115572,0,0,"2025-10-05 09:00:00","2025-10-05 10:00:00","2026-02-04 06:27:36"
Nederland,WindOffshore,Hour,3108862,3108862,0,0,"2025-10-05 10:00:00","2025-10-05 11:00:00","2026-02-04 06:27:36"
Nederland,WindOffshore,Hour,3105746,3105746,0,0,"2025-10-05 11:00:00","2025-10-05 12:00:00","2026-02-04 06:27:36"
Nederland,WindOffshore,Hour,3112711,3112711,0,0,"2025-10-05 12:00:00","2025-10-05 13:00:00","2026-02-04 06:27:36"
Nederland,WindOffshore,Hour,3106717,3106717,0,0,"2025-10-05 13:00:00","2025-10-05 14:00:00","2026-02-04 06:27:36"
Nederland,WindOffshore,Hour,3088446,3088446,0,0,"2025-10-05 14:00:00","2025-10-05 15:00:00","2026-02-04 06:27:36"
Nederland,WindOffshore,Hour,3901923,3901923,0,0,"2025-10-05 15:00:00","2025-10-05 16:00:00","2026-02-04 06:27:36"
Nederland,WindOffshore,Hour,4099854,4099854,0,0,"2025-10-05 16:00:00","2025-10-05 17:00:00","2026-02-04 06:27:36"
Nederland,WindOffshore,Hour,3905573,3905573,0,0,"2025-10-05 17:00:00","2025-10-05 18:00:00","2026-02-04 06:27:36"
Nederland,WindOffshore,Hour,3995057,3995057,0,0,"2025-10-05 18:00:00","2025-10-05 19:00:00","2026-02-04 06:27:36"
Nederland,WindOffshore,Hour,3743286,3743286,0,0,"2025-10-05 19:00:00","2025-10-05 20:00:00","2026-02-04 06:27:36"
Nederland,WindOffshore,Hour,3775343,3775343,0,0,"2025-10-05 20:00:00","2025-10-05 21:00:00","2026-02-04 06:27:36"
Nederland,WindOffshore,Hour,4005989,4005989,0,0,"2025-10-05 21:00:00","2025-10-05 22:00:00","2026-02-04 06:27:36"
Nederland,WindOffshore,Hour,3755340,3755340,0,0,"2025-10-05 22:00:00","2025-10-05 23:00:00","2026-02-04 06:27:36"
Nederland,WindOffshore,Hour,4056874,4056874,0,0,"2025-10-05 23:00:00","2025-10-06 00:00:00","2026-02-04 06:27:36"
Nederland,WindOffshore,Hour,4065060,4065060,0,0,"2025-10-06 00:00:00","2025-10-06 01:00:00","2026-02-05 06:27:40"
Nederland,WindOffshore,Hour,4039693,4039693,0,0,"2025-10-06 01:00:00","2025-10-06 02:00:00","2026-02-05 06:27:40"
Nederland,WindOffshore,Hour,4031697,4031697,0,0,"2025-10-06 02:00:00","2025-10-06 03:00:00","2026-02-05 06:27:40"
Nederland,WindOffshore,Hour,3847894,3847894,0,0,"2025-10-06 03:00:00","2025-10-06 04:00:00","2026-02-05 06:27:40"
Nederland,WindOffshore,Hour,3690845,3690845,0,0,"2025-10-06 04:00:00","2025-10-06 05:00:00","2026-02-05 06:27:40"
Nederland,WindOffshore,Hour,3656608,3656608,0,0,"2025-10-06 05:00:00","2025-10-06 06:00:00","2026-02-05 06:27:40"
Nederland,WindOffshore,Hour,3238926,3238926,0,0,"2025-10-06 06:00:00","2025-10-06 07:00:00","2026-02-05 06:27:40"
Nederland,WindOffshore,Hour,3536541,3536541,0,0,"2025-10-06 07:00:00","2025-10-06 08:00:00","2026-02-05 06:27:40"
Nederland,WindOffshore,Hour,3610958,3610958,0,0,"2025-10-06 08:00:00","2025-10-06 09:00:00","2026-02-05 06:27:40"
Nederland,WindOffshore,Hour,3684775,3684775,0,0,"2025-10-06 09:00:00","2025-10-06 10:00:00","2026-02-05 06:27:40"
Nederland,WindOffshore,Hour,3210142,3210142,0,0,"2025-10-06 10:00:00","2025-10-06 11:00:00","2026-02-05 06:27:40"
Nederland,WindOffshore,Hour,2529394,2529394,0,0,"2025-10-06 11:00:00","2025-10-06 12:00:00","2026-02-05 06:27:40"
Nederland,WindOffshore,Hour,1903446,1903446,0,0,"2025-10-06 12:00:00","2025-10-06 13:00:00","2026-02-05 06:27:40"
Nederland,WindOffshore,Hour,1970862,1970862,0,0,"2025-10-06 13:00:00","2025-10-06 14:00:00","2026-02-05 06:27:40"
Nederland,WindOffshore,Hour,2084725,2084725,0,0,"2025-10-06 14:00:00","2025-10-06 15:00:00","2026-02-05 06:27:40"
Nederland,WindOffshore,Hour,1936975,1936975,0,0,"2025-10-06 15:00:00","2025-10-06 16:00:00","2026-02-05 06:27:40"
Nederland,WindOffshore,Hour,1524557,1524557,0,0,"2025-10-06 16:00:00","2025-10-06 17:00:00","2026-02-05 06:27:40"
Nederland,WindOffshore,Hour,865337,865337,0,0,"2025-10-06 17:00:00","2025-10-06 18:00:00","2026-02-05 06:27:40"
Nederland,WindOffshore,Hour,592895,592895,0,0,"2025-10-06 18:00:00","2025-10-06 19:00:00","2026-02-05 06:27:40"
Nederland,WindOffshore,Hour,497341,497341,0,0,"2025-10-06 19:00:00","2025-10-06 20:00:00","2026-02-05 06:27:40"
Nederland,WindOffshore,Hour,443726,443726,0,0,"2025-10-06 20:00:00","2025-10-06 21:00:00","2026-02-05 06:27:40"
Nederland,WindOffshore,Hour,396977,396977,0,0,"2025-10-06 21:00:00","2025-10-06 22:00:00","2026-02-05 06:27:40"
Nederland,WindOffshore,Hour,347129,347129,0,0,"2025-10-06 22:00:00","2025-10-06 23:00:00","2026-02-05 06:27:40"
Nederland,WindOffshore,Hour,405148,405148,0,0,"2025-10-06 23:00:00","2025-10-07 00:00:00","2026-02-05 06:27:40"
Nederland,WindOffshore,Hour,563652,563652,0,0,"2025-10-07 00:00:00","2025-10-07 01:00:00","2026-02-06 06:27:30"
Nederland,WindOffshore,Hour,648861,648861,0,0,"2025-10-07 01:00:00","2025-10-07 02:00:00","2026-02-06 06:27:30"
Nederland,WindOffshore,Hour,756887,756887,0,0,"2025-10-07 02:00:00","2025-10-07 03:00:00","2026-02-06 06:27:30"
Nederland,WindOffshore,Hour,720680,720680,0,0,"2025-10-07 03:00:00","2025-10-07 04:00:00","2026-02-06 06:27:30"
Nederland,WindOffshore,Hour,734037,734037,0,0,"2025-10-07 04:00:00","2025-10-07 05:00:00","2026-02-06 06:27:30"
Nederland,WindOffshore,Hour,668763,668763,0,0,"2025-10-07 05:00:00","2025-10-07 06:00:00","2026-02-06 06:27:30"
Nederland,WindOffshore,Hour,858623,858623,0,0,"2025-10-07 06:00:00","2025-10-07 07:00:00","2026-02-06 06:27:30"
Nederland,WindOffshore,Hour,1427846,1427846,0,0,"2025-10-07 07:00:00","2025-10-07 08:00:00","2026-02-06 06:27:30"
Nederland,WindOffshore,Hour,2200143,2200143,0,0,"2025-10-07 08:00:00","2025-10-07 09:00:00","2026-02-06 06:27:30"
Nederland,WindOffshore,Hour,2480744,2480744,0,0,"2025-10-07 09:00:00","2025-10-07 10:00:00","2026-02-06 06:27:30"
Nederland,WindOffshore,Hour,2493993,2493993,0,0,"2025-10-07 10:00:00","2025-10-07 11:00:00","2026-02-06 06:27:30"
Nederland,WindOffshore,Hour,2478104,2478104,0,0,"2025-10-07 11:00:00","2025-10-07 12:00:00","2026-02-06 06:27:30"
Nederland,WindOffshore,Hour,2100247,2100247,0,0,"2025-10-07 12:00:00","2025-10-07 13:00:00","2026-02-06 06:27:30"
Nederland,WindOffshore,Hour,2051200,2051200,0,0,"2025-10-07 13:00:00","2025-10-07 14:00:00","2026-02-06 06:27:30"
Nederland,WindOffshore,Hour,2207666,2207666,0,0,"2025-10-07 14:00:00","2025-10-07 15:00:00","2026-02-06 06:27:30"
Nederland,WindOffshore,Hour,1999297,1999297,0,0,"2025-10-07 15:00:00","2025-10-07 16:00:00","2026-02-06 06:27:30"
Nederland,WindOffshore,Hour,2415150,2415150,0,0,"2025-10-07 16:00:00","2025-10-07 17:00:00","2026-02-06 06:27:30"
Nederland,WindOffshore,Hour,2385041,2385041,0,0,"2025-10-07 17:00:00","2025-10-07 18:00:00","2026-02-06 06:27:30"
Nederland,WindOffshore,Hour,1798637,1798637,0,0,"2025-10-07 18:00:00","2025-10-07 19:00:00","2026-02-06 06:27:30"
Nederland,WindOffshore,Hour,1456576,1456576,0,0,"2025-10-07 19:00:00","2025-10-07 20:00:00","2026-02-06 06:27:30"
Nederland,WindOffshore,Hour,1316154,1316154,0,0,"2025-10-07 20:00:00","2025-10-07 21:00:00","2026-02-06 06:27:30"
Nederland,WindOffshore,Hour,992215,992215,0,0,"2025-10-07 21:00:00","2025-10-07 22:00:00","2026-02-06 06:27:30"
Nederland,WindOffshore,Hour,619464,619464,0,0,"2025-10-07 22:00:00","2025-10-07 23:00:00","2026-02-06 06:27:30"
Nederland,WindOffshore,Hour,572423,572423,0,0,"2025-10-07 23:00:00","2025-10-08 00:00:00","2026-02-06 06:27:30"
Nederland,WindOffshore,Hour,598284,598284,0,0,"2025-10-08 00:00:00","2025-10-08 01:00:00","2026-02-07 06:27:26"
Nederland,WindOffshore,Hour,624309,624309,0,0,"2025-10-08 01:00:00","2025-10-08 02:00:00","2026-02-07 06:27:26"
Nederland,WindOffshore,Hour,515206,515206,0,0,"2025-10-08 02:00:00","2025-10-08 03:00:00","2026-02-07 06:27:26"
Nederland,WindOffshore,Hour,688356,688356,0,0,"2025-10-08 03:00:00","2025-10-08 04:00:00","2026-02-07 06:27:26"
Nederland,WindOffshore,Hour,734821,734821,0,0,"2025-10-08 04:00:00","2025-10-08 05:00:00","2026-02-07 06:27:26"
Nederland,WindOffshore,Hour,611561,611561,0,0,"2025-10-08 05:00:00","2025-10-08 06:00:00","2026-02-07 06:27:26"
Nederland,WindOffshore,Hour,479601,479601,0,0,"2025-10-08 06:00:00","2025-10-08 07:00:00","2026-02-07 06:27:26"
Nederland,WindOffshore,Hour,402772,402772,0,0,"2025-10-08 07:00:00","2025-10-08 08:00:00","2026-02-07 06:27:26"
Nederland,WindOffshore,Hour,327945,327945,0,0,"2025-10-08 08:00:00","2025-10-08 09:00:00","2026-02-07 06:27:26"
Nederland,WindOffshore,Hour,177017,177017,0,0,"2025-10-08 09:00:00","2025-10-08 10:00:00","2026-02-07 06:27:26"
Nederland,WindOffshore,Hour,181442,181442,0,0,"2025-10-08 10:00:00","2025-10-08 11:00:00","2026-02-07 06:27:26"
Nederland,WindOffshore,Hour,235773,235773,0,0,"2025-10-08 11:00:00","2025-10-08 12:00:00","2026-02-07 06:27:26"
Nederland,WindOffshore,Hour,225840,225840,0,0,"2025-10-08 12:00:00","2025-10-08 13:00:00","2026-02-07 06:27:26"
Nederland,WindOffshore,Hour,449785,449785,0,0,"2025-10-08 13:00:00","2025-10-08 14:00:00","2026-02-07 06:27:26"
Nederland,WindOffshore,Hour,312752,312752,0,0,"2025-10-08 14:00:00","2025-10-08 15:00:00","2026-02-07 06:27:26"
Nederland,WindOffshore,Hour,269208,269208,0,0,"2025-10-08 15:00:00","2025-10-08 16:00:00","2026-02-07 06:27:26"
Nederland,WindOffshore,Hour,610469,610469,0,0,"2025-10-08 16:00:00","2025-10-08 17:00:00","2026-02-07 06:27:26"
Nederland,WindOffshore,Hour,1581732,1581732,0,0,"2025-10-08 17:00:00","2025-10-08 18:00:00","2026-02-07 06:27:26"
Nederland,WindOffshore,Hour,2074779,2074779,0,0,"2025-10-08 18:00:00","2025-10-08 19:00:00","2026-02-07 06:27:26"
Nederland,WindOffshore,Hour,1851710,1851710,0,0,"2025-10-08 19:00:00","2025-10-08 20:00:00","2026-02-07 06:27:26"
Nederland,WindOffshore,Hour,1197530,1197530,0,0,"2025-10-08 20:00:00","2025-10-08 21:00:00","2026-02-07 06:27:26"
Nederland,WindOffshore,Hour,1127226,1127226,0,0,"2025-10-08 21:00:00","2025-10-08 22:00:00","2026-02-07 06:27:26"
Nederland,WindOffshore,Hour,1331647,1331647,0,0,"2025-10-08 22:00:00","2025-10-08 23:00:00","2026-02-07 06:27:26"
Nederland,WindOffshore,Hour,788380,788380,0,0,"2025-10-08 23:00:00","2025-10-09 00:00:00","2026-02-07 06:27:26"
Nederland,WindOffshore,Hour,295012,295012,0,0,"2025-10-09 00:00:00","2025-10-09 01:00:00","2026-02-08 06:27:21"
Nederland,WindOffshore,Hour,420745,420745,0,0,"2025-10-09 01:00:00","2025-10-09 02:00:00","2026-02-08 06:27:21"
Nederland,WindOffshore,Hour,438875,438875,0,0,"2025-10-09 02:00:00","2025-10-09 03:00:00","2026-02-08 06:27:21"
Nederland,WindOffshore,Hour,374194,374194,0,0,"2025-10-09 03:00:00","2025-10-09 04:00:00","2026-02-08 06:27:21"
Nederland,WindOffshore,Hour,324634,324634,0,0,"2025-10-09 04:00:00","2025-10-09 05:00:00","2026-02-08 06:27:21"
Nederland,WindOffshore,Hour,248563,248563,0,0,"2025-10-09 05:00:00","2025-10-09 06:00:00","2026-02-08 06:27:21"
Nederland,WindOffshore,Hour,291620,291620,0,0,"2025-10-09 06:00:00","2025-10-09 07:00:00","2026-02-08 06:27:21"
Nederland,WindOffshore,Hour,282469,282469,0,0,"2025-10-09 07:00:00","2025-10-09 08:00:00","2026-02-08 06:27:21"
Nederland,WindOffshore,Hour,302678,302678,0,0,"2025-10-09 08:00:00","2025-10-09 09:00:00","2026-02-08 06:27:21"
Nederland,WindOffshore,Hour,592588,592588,0,0,"2025-10-09 09:00:00","2025-10-09 10:00:00","2026-02-08 06:27:21"
Nederland,WindOffshore,Hour,1146163,1146163,0,0,"2025-10-09 10:00:00","2025-10-09 11:00:00","2026-02-08 06:27:21"
Nederland,WindOffshore,Hour,1097001,1097001,0,0,"2025-10-09 11:00:00","2025-10-09 12:00:00","2026-02-08 06:27:21"
Nederland,WindOffshore,Hour,1150329,1150329,0,0,"2025-10-09 12:00:00","2025-10-09 13:00:00","2026-02-08 06:27:21"
Nederland,WindOffshore,Hour,731492,731492,0,0,"2025-10-09 13:00:00","2025-10-09 14:00:00","2026-02-08 06:27:21"
Nederland,WindOffshore,Hour,666302,666302,0,0,"2025-10-09 14:00:00","2025-10-09 15:00:00","2026-02-08 06:27:21"
Nederland,WindOffshore,Hour,949337,949337,0,0,"2025-10-09 15:00:00","2025-10-09 16:00:00","2026-02-08 06:27:21"
Nederland,WindOffshore,Hour,1161335,1161335,0,0,"2025-10-09 16:00:00","2025-10-09 17:00:00","2026-02-08 06:27:21"
Nederland,WindOffshore,Hour,1098406,1098406,0,0,"2025-10-09 17:00:00","2025-10-09 18:00:00","2026-02-08 06:27:21"
Nederland,WindOffshore,Hour,873364,873364,0,0,"2025-10-09 18:00:00","2025-10-09 19:00:00","2026-02-08 06:27:21"
Nederland,WindOffshore,Hour,803161,803161,0,0,"2025-10-09 19:00:00","2025-10-09 20:00:00","2026-02-08 06:27:21"
Nederland,WindOffshore,Hour,696030,696030,0,0,"2025-10-09 20:00:00","2025-10-09 21:00:00","2026-02-08 06:27:21"
Nederland,WindOffshore,Hour,822202,822202,0,0,"2025-10-09 21:00:00","2025-10-09 22:00:00","2026-02-08 06:27:21"
Nederland,WindOffshore,Hour,963847,963847,0,0,"2025-10-09 22:00:00","2025-10-09 23:00:00","2026-02-08 06:27:21"
Nederland,WindOffshore,Hour,1052663,1052663,0,0,"2025-10-09 23:00:00","2025-10-10 00:00:00","2026-02-08 06:27:21"
Nederland,WindOffshore,Hour,878644,878644,0,0,"2025-10-10 00:00:00","2025-10-10 01:00:00","2026-02-08 06:27:21"
Nederland,WindOffshore,Hour,604556,604556,0,0,"2025-10-10 01:00:00","2025-10-10 02:00:00","2026-02-08 06:27:21"
Nederland,WindOffshore,Hour,503565,503565,0,0,"2025-10-10 02:00:00","2025-10-10 03:00:00","2026-02-08 06:27:21"
Nederland,WindOffshore,Hour,433988,433988,0,0,"2025-10-10 03:00:00","2025-10-10 04:00:00","2026-02-08 06:27:21"
Nederland,WindOffshore,Hour,475971,475971,0,0,"2025-10-10 04:00:00","2025-10-10 05:00:00","2026-02-08 06:27:21"
Nederland,WindOffshore,Hour,631547,631547,0,0,"2025-10-10 05:00:00","2025-10-10 06:00:00","2026-02-08 06:27:21"
Nederland,WindOffshore,Hour,728208,728208,0,0,"2025-10-10 06:00:00","2025-10-10 07:00:00","2026-02-08 06:27:21"
Nederland,WindOffshore,Hour,717539,717539,0,0,"2025-10-10 07:00:00","2025-10-10 08:00:00","2026-02-08 06:27:21"
Nederland,WindOffshore,Hour,822542,822542,0,0,"2025-10-10 08:00:00","2025-10-10 09:00:00","2026-02-08 06:27:21"
Nederland,WindOffshore,Hour,813773,813773,0,0,"2025-10-10 09:00:00","2025-10-10 10:00:00","2026-02-08 06:27:21"
Nederland,WindOffshore,Hour,556685,556685,0,0,"2025-10-10 10:00:00","2025-10-10 11:00:00","2026-02-08 06:27:21"
Nederland,WindOffshore,Hour,470027,470027,0,0,"2025-10-10 11:00:00","2025-10-10 12:00:00","2026-02-08 06:27:21"
Nederland,WindOffshore,Hour,420882,420882,0,0,"2025-10-10 12:00:00","2025-10-10 13:00:00","2026-02-08 06:27:21"
Nederland,WindOffshore,Hour,546733,546733,0,0,"2025-10-10 13:00:00","2025-10-10 14:00:00","2026-02-08 06:27:21"
Nederland,WindOffshore,Hour,550932,550932,0,0,"2025-10-10 14:00:00","2025-10-10 15:00:00","2026-02-08 06:27:21"
Nederland,WindOffshore,Hour,442750,442750,0,0,"2025-10-10 15:00:00","2025-10-10 16:00:00","2026-02-08 06:27:21"
Nederland,WindOffshore,Hour,396692,396692,0,0,"2025-10-10 16:00:00","2025-10-10 17:00:00","2026-02-08 06:27:21"
Nederland,WindOffshore,Hour,410132,410132,0,0,"2025-10-10 17:00:00","2025-10-10 18:00:00","2026-02-08 06:27:21"
Nederland,WindOffshore,Hour,341382,341382,0,0,"2025-10-10 18:00:00","2025-10-10 19:00:00","2026-02-08 06:27:21"
Nederland,WindOffshore,Hour,289208,289208,0,0,"2025-10-10 19:00:00","2025-10-10 20:00:00","2026-02-08 06:27:21"
Nederland,WindOffshore,Hour,327579,327579,0,0,"2025-10-10 20:00:00","2025-10-10 21:00:00","2026-02-08 06:27:21"
Nederland,WindOffshore,Hour,329992,329992,0,0,"2025-10-10 21:00:00","2025-10-10 22:00:00","2026-02-08 06:27:21"
Nederland,WindOffshore,Hour,355402,355402,0,0,"2025-10-10 22:00:00","2025-10-10 23:00:00","2026-02-08 06:27:21"
Nederland,WindOffshore,Hour,328809,328809,0,0,"2025-10-10 23:00:00","2025-10-11 00:00:00","2026-02-08 06:27:21"
Nederland,WindOffshore,Hour,301106,301106,0,0,"2025-10-11 00:00:00","2025-10-11 01:00:00","2026-02-10 06:27:40"
Nederland,WindOffshore,Hour,280282,280282,0,0,"2025-10-11 01:00:00","2025-10-11 02:00:00","2026-02-10 06:27:40"
Nederland,WindOffshore,Hour,129858,129858,0,0,"2025-10-11 02:00:00","2025-10-11 03:00:00","2026-02-10 06:27:40"
Nederland,WindOffshore,Hour,109157,109157,0,0,"2025-10-11 03:00:00","2025-10-11 04:00:00","2026-02-10 06:27:40"
Nederland,WindOffshore,Hour,166133,166133,0,0,"2025-10-11 04:00:00","2025-10-11 05:00:00","2026-02-10 06:27:40"
Nederland,WindOffshore,Hour,184366,184366,0,0,"2025-10-11 05:00:00","2025-10-11 06:00:00","2026-02-10 06:27:40"
Nederland,WindOffshore,Hour,192866,192866,0,0,"2025-10-11 06:00:00","2025-10-11 07:00:00","2026-02-10 06:27:40"
Nederland,WindOffshore,Hour,212812,212812,0,0,"2025-10-11 07:00:00","2025-10-11 08:00:00","2026-02-10 06:27:40"
Nederland,WindOffshore,Hour,264735,264735,0,0,"2025-10-11 08:00:00","2025-10-11 09:00:00","2026-02-10 06:27:40"
Nederland,WindOffshore,Hour,318281,318281,0,0,"2025-10-11 09:00:00","2025-10-11 10:00:00","2026-02-10 06:27:40"
Nederland,WindOffshore,Hour,281480,281480,0,0,"2025-10-11 10:00:00","2025-10-11 11:00:00","2026-02-10 06:27:40"
Nederland,WindOffshore,Hour,335588,335588,0,0,"2025-10-11 11:00:00","2025-10-11 12:00:00","2026-02-10 06:27:40"
Nederland,WindOffshore,Hour,273998,273998,0,0,"2025-10-11 12:00:00","2025-10-11 13:00:00","2026-02-10 06:27:40"
Nederland,WindOffshore,Hour,243666,243666,0,0,"2025-10-11 13:00:00","2025-10-11 14:00:00","2026-02-10 06:27:40"
Nederland,WindOffshore,Hour,220254,220254,0,0,"2025-10-11 14:00:00","2025-10-11 15:00:00","2026-02-10 06:27:40"
Nederland,WindOffshore,Hour,254235,254235,0,0,"2025-10-11 15:00:00","2025-10-11 16:00:00","2026-02-10 06:27:40"
Nederland,WindOffshore,Hour,184387,184387,0,0,"2025-10-11 16:00:00","2025-10-11 17:00:00","2026-02-10 06:27:40"
Nederland,WindOffshore,Hour,108410,108410,0,0,"2025-10-11 17:00:00","2025-10-11 18:00:00","2026-02-10 06:27:40"
Nederland,WindOffshore,Hour,100705,100705,0,0,"2025-10-11 18:00:00","2025-10-11 19:00:00","2026-02-10 06:27:40"
Nederland,WindOffshore,Hour,147098,147098,0,0,"2025-10-11 19:00:00","2025-10-11 20:00:00","2026-02-10 06:27:40"
Nederland,WindOffshore,Hour,151655,151655,0,0,"2025-10-11 20:00:00","2025-10-11 21:00:00","2026-02-10 06:27:40"
Nederland,WindOffshore,Hour,121435,121435,0,0,"2025-10-11 21:00:00","2025-10-11 22:00:00","2026-02-10 06:27:40"
Nederland,WindOffshore,Hour,146571,146571,0,0,"2025-10-11 22:00:00","2025-10-11 23:00:00","2026-02-10 06:27:40"
Nederland,WindOffshore,Hour,81869,81869,0,0,"2025-10-11 23:00:00","2025-10-12 00:00:00","2026-02-10 06:27:40"
Nederland,WindOffshore,Hour,44214,44214,0,0,"2025-10-12 00:00:00","2025-10-12 01:00:00","2026-02-11 06:27:45"
Nederland,WindOffshore,Hour,25740,25740,0,0,"2025-10-12 01:00:00","2025-10-12 02:00:00","2026-02-11 06:27:45"
Nederland,WindOffshore,Hour,56167,56167,0,0,"2025-10-12 02:00:00","2025-10-12 03:00:00","2026-02-11 06:27:45"
Nederland,WindOffshore,Hour,115005,115005,0,0,"2025-10-12 03:00:00","2025-10-12 04:00:00","2026-02-11 06:27:45"
Nederland,WindOffshore,Hour,219480,219480,0,0,"2025-10-12 04:00:00","2025-10-12 05:00:00","2026-02-11 06:27:45"
Nederland,WindOffshore,Hour,233184,233184,0,0,"2025-10-12 05:00:00","2025-10-12 06:00:00","2026-02-11 06:27:45"
Nederland,WindOffshore,Hour,357767,357767,0,0,"2025-10-12 06:00:00","2025-10-12 07:00:00","2026-02-11 06:27:45"
Nederland,WindOffshore,Hour,393203,393203,0,0,"2025-10-12 07:00:00","2025-10-12 08:00:00","2026-02-11 06:27:45"
Nederland,WindOffshore,Hour,419086,419086,0,0,"2025-10-12 08:00:00","2025-10-12 09:00:00","2026-02-11 06:27:45"
Nederland,WindOffshore,Hour,512117,512117,0,0,"2025-10-12 09:00:00","2025-10-12 10:00:00","2026-02-11 06:27:45"
Nederland,WindOffshore,Hour,661912,661912,0,0,"2025-10-12 10:00:00","2025-10-12 11:00:00","2026-02-11 06:27:45"
Nederland,WindOffshore,Hour,521263,521263,0,0,"2025-10-12 11:00:00","2025-10-12 12:00:00","2026-02-11 06:27:45"
Nederland,WindOffshore,Hour,509632,509632,0,0,"2025-10-12 12:00:00","2025-10-12 13:00:00","2026-02-11 06:27:45"
Nederland,WindOffshore,Hour,692756,692756,0,0,"2025-10-12 13:00:00","2025-10-12 14:00:00","2026-02-11 06:27:45"
Nederland,WindOffshore,Hour,857560,857560,0,0,"2025-10-12 14:00:00","2025-10-12 15:00:00","2026-02-11 06:27:45"
Nederland,WindOffshore,Hour,863014,863014,0,0,"2025-10-12 15:00:00","2025-10-12 16:00:00","2026-02-11 06:27:45"
Nederland,WindOffshore,Hour,746035,746035,0,0,"2025-10-12 16:00:00","2025-10-12 17:00:00","2026-02-11 06:27:45"
Nederland,WindOffshore,Hour,724407,724407,0,0,"2025-10-12 17:00:00","2025-10-12 18:00:00","2026-02-11 06:27:45"
Nederland,WindOffshore,Hour,826745,826745,0,0,"2025-10-12 18:00:00","2025-10-12 19:00:00","2026-02-11 06:27:45"
Nederland,WindOffshore,Hour,1055854,1055854,0,0,"2025-10-12 19:00:00","2025-10-12 20:00:00","2026-02-11 06:27:45"
Nederland,WindOffshore,Hour,1363971,1363971,0,0,"2025-10-12 20:00:00","2025-10-12 21:00:00","2026-02-11 06:27:45"
Nederland,WindOffshore,Hour,1262785,1262785,0,0,"2025-10-12 21:00:00","2025-10-12 22:00:00","2026-02-11 06:27:45"
Nederland,WindOffshore,Hour,1341755,1341755,0,0,"2025-10-12 22:00:00","2025-10-12 23:00:00","2026-02-11 06:27:45"
Nederland,WindOffshore,Hour,1681034,1681034,0,0,"2025-10-12 23:00:00","2025-10-13 00:00:00","2026-02-11 06:27:45"
Nederland,WindOffshore,Hour,1749730,1749730,0,0,"2025-10-13 00:00:00","2025-10-13 01:00:00","2026-02-12 06:27:35"
Nederland,WindOffshore,Hour,1420032,1420032,0,0,"2025-10-13 01:00:00","2025-10-13 02:00:00","2026-02-12 06:27:35"
Nederland,WindOffshore,Hour,1144542,1144542,0,0,"2025-10-13 02:00:00","2025-10-13 03:00:00","2026-02-12 06:27:35"
Nederland,WindOffshore,Hour,814510,814510,0,0,"2025-10-13 03:00:00","2025-10-13 04:00:00","2026-02-12 06:27:35"
Nederland,WindOffshore,Hour,800874,800874,0,0,"2025-10-13 04:00:00","2025-10-13 05:00:00","2026-02-12 06:27:35"
Nederland,WindOffshore,Hour,621353,621353,0,0,"2025-10-13 05:00:00","2025-10-13 06:00:00","2026-02-12 06:27:35"
Nederland,WindOffshore,Hour,515302,515302,0,0,"2025-10-13 06:00:00","2025-10-13 07:00:00","2026-02-12 06:27:35"
Nederland,WindOffshore,Hour,388397,388397,0,0,"2025-10-13 07:00:00","2025-10-13 08:00:00","2026-02-12 06:27:35"
Nederland,WindOffshore,Hour,492823,492823,0,0,"2025-10-13 08:00:00","2025-10-13 09:00:00","2026-02-12 06:27:35"
Nederland,WindOffshore,Hour,513926,513926,0,0,"2025-10-13 09:00:00","2025-10-13 10:00:00","2026-02-12 06:27:35"
Nederland,WindOffshore,Hour,432429,432429,0,0,"2025-10-13 10:00:00","2025-10-13 11:00:00","2026-02-12 06:27:35"
Nederland,WindOffshore,Hour,527562,527562,0,0,"2025-10-13 11:00:00","2025-10-13 12:00:00","2026-02-12 06:27:35"
Nederland,WindOffshore,Hour,389596,389596,0,0,"2025-10-13 12:00:00","2025-10-13 13:00:00","2026-02-12 06:27:35"
Nederland,WindOffshore,Hour,263862,263862,0,0,"2025-10-13 13:00:00","2025-10-13 14:00:00","2026-02-12 06:27:35"
Nederland,WindOffshore,Hour,350331,350331,0,0,"2025-10-13 14:00:00","2025-10-13 15:00:00","2026-02-12 06:27:35"
Nederland,WindOffshore,Hour,448936,448936,0,0,"2025-10-13 15:00:00","2025-10-13 16:00:00","2026-02-12 06:27:35"
Nederland,WindOffshore,Hour,425247,425247,0,0,"2025-10-13 16:00:00","2025-10-13 17:00:00","2026-02-12 06:27:35"
Nederland,WindOffshore,Hour,466461,466461,0,0,"2025-10-13 17:00:00","2025-10-13 18:00:00","2026-02-12 06:27:35"
Nederland,WindOffshore,Hour,410371,410371,0,0,"2025-10-13 18:00:00","2025-10-13 19:00:00","2026-02-12 06:27:35"
Nederland,WindOffshore,Hour,233735,233735,0,0,"2025-10-13 19:00:00","2025-10-13 20:00:00","2026-02-12 06:27:35"
Nederland,WindOffshore,Hour,281645,281645,0,0,"2025-10-13 20:00:00","2025-10-13 21:00:00","2026-02-12 06:27:35"
Nederland,WindOffshore,Hour,407654,407654,0,0,"2025-10-13 21:00:00","2025-10-13 22:00:00","2026-02-12 06:27:35"
Nederland,WindOffshore,Hour,354133,354133,0,0,"2025-10-13 22:00:00","2025-10-13 23:00:00","2026-02-12 06:27:35"
Nederland,WindOffshore,Hour,398140,398140,0,0,"2025-10-13 23:00:00","2025-10-14 00:00:00","2026-02-12 06:27:35"
Nederland,WindOffshore,Hour,297489,297489,0,0,"2025-10-14 00:00:00","2025-10-14 01:00:00","2026-02-13 06:27:35"
Nederland,WindOffshore,Hour,292167,292167,0,0,"2025-10-14 01:00:00","2025-10-14 02:00:00","2026-02-13 06:27:35"
Nederland,WindOffshore,Hour,314932,314932,0,0,"2025-10-14 02:00:00","2025-10-14 03:00:00","2026-02-13 06:27:35"
Nederland,WindOffshore,Hour,349872,349872,0,0,"2025-10-14 03:00:00","2025-10-14 04:00:00","2026-02-13 06:27:35"
Nederland,WindOffshore,Hour,407409,407409,0,0,"2025-10-14 04:00:00","2025-10-14 05:00:00","2026-02-13 06:27:35"
Nederland,WindOffshore,Hour,374360,374360,0,0,"2025-10-14 05:00:00","2025-10-14 06:00:00","2026-02-13 06:27:35"
Nederland,WindOffshore,Hour,644641,644641,0,0,"2025-10-14 06:00:00","2025-10-14 07:00:00","2026-02-13 06:27:35"
Nederland,WindOffshore,Hour,577849,577849,0,0,"2025-10-14 07:00:00","2025-10-14 08:00:00","2026-02-13 06:27:35"
Nederland,WindOffshore,Hour,560978,560978,0,0,"2025-10-14 08:00:00","2025-10-14 09:00:00","2026-02-13 06:27:35"
Nederland,WindOffshore,Hour,685036,685036,0,0,"2025-10-14 09:00:00","2025-10-14 10:00:00","2026-02-13 06:27:35"
Nederland,WindOffshore,Hour,763760,763760,0,0,"2025-10-14 10:00:00","2025-10-14 11:00:00","2026-02-13 06:27:35"
Nederland,WindOffshore,Hour,732627,732627,0,0,"2025-10-14 11:00:00","2025-10-14 12:00:00","2026-02-13 06:27:35"
Nederland,WindOffshore,Hour,922697,922697,0,0,"2025-10-14 12:00:00","2025-10-14 13:00:00","2026-02-13 06:27:35"
Nederland,WindOffshore,Hour,1062701,1062701,0,0,"2025-10-14 13:00:00","2025-10-14 14:00:00","2026-02-13 06:27:35"
Nederland,WindOffshore,Hour,1298322,1298322,0,0,"2025-10-14 14:00:00","2025-10-14 15:00:00","2026-02-13 06:27:35"
Nederland,WindOffshore,Hour,1466924,1466924,0,0,"2025-10-14 15:00:00","2025-10-14 16:00:00","2026-02-13 06:27:35"
Nederland,WindOffshore,Hour,1445376,1445376,0,0,"2025-10-14 16:00:00","2025-10-14 17:00:00","2026-02-13 06:27:35"
Nederland,WindOffshore,Hour,1264166,1264166,0,0,"2025-10-14 17:00:00","2025-10-14 18:00:00","2026-02-13 06:27:35"
Nederland,WindOffshore,Hour,1038464,1038464,0,0,"2025-10-14 18:00:00","2025-10-14 19:00:00","2026-02-13 06:27:35"
Nederland,WindOffshore,Hour,963005,963005,0,0,"2025-10-14 19:00:00","2025-10-14 20:00:00","2026-02-13 06:27:35"
Nederland,WindOffshore,Hour,926576,926576,0,0,"2025-10-14 20:00:00","2025-10-14 21:00:00","2026-02-13 06:27:35"
Nederland,WindOffshore,Hour,957713,957713,0,0,"2025-10-14 21:00:00","2025-10-14 22:00:00","2026-02-13 06:27:35"
Nederland,WindOffshore,Hour,820846,820846,0,0,"2025-10-14 22:00:00","2025-10-14 23:00:00","2026-02-13 06:27:35"
Nederland,WindOffshore,Hour,570933,570933,0,0,"2025-10-14 23:00:00","2025-10-15 00:00:00","2026-02-13 06:27:35"
Nederland,WindOffshore,Hour,613075,613075,0,0,"2025-10-15 00:00:00","2025-10-15 01:00:00","2026-02-14 06:27:32"
Nederland,WindOffshore,Hour,731954,731954,0,0,"2025-10-15 01:00:00","2025-10-15 02:00:00","2026-02-14 06:27:32"
Nederland,WindOffshore,Hour,830627,830627,0,0,"2025-10-15 02:00:00","2025-10-15 03:00:00","2026-02-14 06:27:32"
Nederland,WindOffshore,Hour,704581,704581,0,0,"2025-10-15 03:00:00","2025-10-15 04:00:00","2026-02-14 06:27:32"
Nederland,WindOffshore,Hour,728926,728926,0,0,"2025-10-15 04:00:00","2025-10-15 05:00:00","2026-02-14 06:27:32"
Nederland,WindOffshore,Hour,825095,825095,0,0,"2025-10-15 05:00:00","2025-10-15 06:00:00","2026-02-14 06:27:32"
Nederland,WindOffshore,Hour,848775,848775,0,0,"2025-10-15 06:00:00","2025-10-15 07:00:00","2026-02-14 06:27:32"
Nederland,WindOffshore,Hour,865087,865087,0,0,"2025-10-15 07:00:00","2025-10-15 08:00:00","2026-02-14 06:27:32"
Nederland,WindOffshore,Hour,648384,648384,0,0,"2025-10-15 08:00:00","2025-10-15 09:00:00","2026-02-14 06:27:32"
Nederland,WindOffshore,Hour,671555,671555,0,0,"2025-10-15 09:00:00","2025-10-15 10:00:00","2026-02-14 06:27:32"
Nederland,WindOffshore,Hour,732462,732462,0,0,"2025-10-15 10:00:00","2025-10-15 11:00:00","2026-02-14 06:27:32"
Nederland,WindOffshore,Hour,674857,674857,0,0,"2025-10-15 11:00:00","2025-10-15 12:00:00","2026-02-14 06:27:32"
Nederland,WindOffshore,Hour,783087,783087,0,0,"2025-10-15 12:00:00","2025-10-15 13:00:00","2026-02-14 06:27:32"
Nederland,WindOffshore,Hour,783812,783812,0,0,"2025-10-15 13:00:00","2025-10-15 14:00:00","2026-02-14 06:27:32"
Nederland,WindOffshore,Hour,1176584,1176584,0,0,"2025-10-15 14:00:00","2025-10-15 15:00:00","2026-02-14 06:27:32"
Nederland,WindOffshore,Hour,1397605,1397605,0,0,"2025-10-15 15:00:00","2025-10-15 16:00:00","2026-02-14 06:27:32"
Nederland,WindOffshore,Hour,1415780,1415780,0,0,"2025-10-15 16:00:00","2025-10-15 17:00:00","2026-02-14 06:27:32"
Nederland,WindOffshore,Hour,1338311,1338311,0,0,"2025-10-15 17:00:00","2025-10-15 18:00:00","2026-02-14 06:27:32"
Nederland,WindOffshore,Hour,1091595,1091595,0,0,"2025-10-15 18:00:00","2025-10-15 19:00:00","2026-02-14 06:27:32"
Nederland,WindOffshore,Hour,720880,720880,0,0,"2025-10-15 19:00:00","2025-10-15 20:00:00","2026-02-14 06:27:32"
Nederland,WindOffshore,Hour,573583,573583,0,0,"2025-10-15 20:00:00","2025-10-15 21:00:00","2026-02-14 06:27:32"
Nederland,WindOffshore,Hour,760162,760162,0,0,"2025-10-15 21:00:00","2025-10-15 22:00:00","2026-02-14 06:27:32"
Nederland,WindOffshore,Hour,605790,605790,0,0,"2025-10-15 22:00:00","2025-10-15 23:00:00","2026-02-14 06:27:32"
Nederland,WindOffshore,Hour,350818,350818,0,0,"2025-10-15 23:00:00","2025-10-16 00:00:00","2026-02-14 06:27:32"
Nederland,WindOffshore,Hour,693901,693901,0,0,"2025-10-16 00:00:00","2025-10-16 01:00:00","2026-02-15 06:27:33"
Nederland,WindOffshore,Hour,711921,711921,0,0,"2025-10-16 01:00:00","2025-10-16 02:00:00","2026-02-15 06:27:33"
Nederland,WindOffshore,Hour,913732,913732,0,0,"2025-10-16 02:00:00","2025-10-16 03:00:00","2026-02-15 06:27:33"
Nederland,WindOffshore,Hour,1381561,1381561,0,0,"2025-10-16 03:00:00","2025-10-16 04:00:00","2026-02-15 06:27:33"
Nederland,WindOffshore,Hour,1365120,1365120,0,0,"2025-10-16 04:00:00","2025-10-16 05:00:00","2026-02-15 06:27:33"
Nederland,WindOffshore,Hour,1464505,1464505,0,0,"2025-10-16 05:00:00","2025-10-16 06:00:00","2026-02-15 06:27:33"
Nederland,WindOffshore,Hour,1441686,1441686,0,0,"2025-10-16 06:00:00","2025-10-16 07:00:00","2026-02-15 06:27:33"
Nederland,WindOffshore,Hour,1655892,1655892,0,0,"2025-10-16 07:00:00","2025-10-16 08:00:00","2026-02-15 06:27:33"
Nederland,WindOffshore,Hour,1408190,1408190,0,0,"2025-10-16 08:00:00","2025-10-16 09:00:00","2026-02-15 06:27:33"
Nederland,WindOffshore,Hour,1682640,1682640,0,0,"2025-10-16 09:00:00","2025-10-16 10:00:00","2026-02-15 06:27:33"
Nederland,WindOffshore,Hour,1842916,1842916,0,0,"2025-10-16 10:00:00","2025-10-16 11:00:00","2026-02-15 06:27:33"
Nederland,WindOffshore,Hour,1554796,1554796,0,0,"2025-10-16 11:00:00","2025-10-16 12:00:00","2026-02-15 06:27:33"
Nederland,WindOffshore,Hour,1100503,1100503,0,0,"2025-10-16 12:00:00","2025-10-16 13:00:00","2026-02-15 06:27:33"
Nederland,WindOffshore,Hour,1060897,1060897,0,0,"2025-10-16 13:00:00","2025-10-16 14:00:00","2026-02-15 06:27:33"
Nederland,WindOffshore,Hour,786485,786485,0,0,"2025-10-16 14:00:00","2025-10-16 15:00:00","2026-02-15 06:27:33"
Nederland,WindOffshore,Hour,1103803,1103803,0,0,"2025-10-16 15:00:00","2025-10-16 16:00:00","2026-02-15 06:27:33"
Nederland,WindOffshore,Hour,1821849,1821849,0,0,"2025-10-16 16:00:00","2025-10-16 17:00:00","2026-02-15 06:27:33"
Nederland,WindOffshore,Hour,1319865,1319865,0,0,"2025-10-16 17:00:00","2025-10-16 18:00:00","2026-02-15 06:27:33"
Nederland,WindOffshore,Hour,1208797,1208797,0,0,"2025-10-16 18:00:00","2025-10-16 19:00:00","2026-02-15 06:27:33"
Nederland,WindOffshore,Hour,1323747,1323747,0,0,"2025-10-16 19:00:00","2025-10-16 20:00:00","2026-02-15 06:27:33"
Nederland,WindOffshore,Hour,1241895,1241895,0,0,"2025-10-16 20:00:00","2025-10-16 21:00:00","2026-02-15 06:27:33"
Nederland,WindOffshore,Hour,975764,975764,0,0,"2025-10-16 21:00:00","2025-10-16 22:00:00","2026-02-15 06:27:33"
Nederland,WindOffshore,Hour,830266,830266,0,0,"2025-10-16 22:00:00","2025-10-16 23:00:00","2026-02-15 06:27:33"
Nederland,WindOffshore,Hour,1035053,1035053,0,0,"2025-10-16 23:00:00","2025-10-17 00:00:00","2026-02-15 06:27:33"
Nederland,WindOffshore,Hour,950635,950635,0,0,"2025-10-17 00:00:00","2025-10-17 01:00:00","2026-02-16 06:27:33"
Nederland,WindOffshore,Hour,919680,919680,0,0,"2025-10-17 01:00:00","2025-10-17 02:00:00","2026-02-16 06:27:33"
Nederland,WindOffshore,Hour,979204,979204,0,0,"2025-10-17 02:00:00","2025-10-17 03:00:00","2026-02-16 06:27:33"
Nederland,WindOffshore,Hour,1044232,1044232,0,0,"2025-10-17 03:00:00","2025-10-17 04:00:00","2026-02-16 06:27:33"
Nederland,WindOffshore,Hour,1122097,1122097,0,0,"2025-10-17 04:00:00","2025-10-17 05:00:00","2026-02-16 06:27:33"
Nederland,WindOffshore,Hour,912229,912229,0,0,"2025-10-17 05:00:00","2025-10-17 06:00:00","2026-02-16 06:27:33"
Nederland,WindOffshore,Hour,866593,866593,0,0,"2025-10-17 06:00:00","2025-10-17 07:00:00","2026-02-16 06:27:33"
Nederland,WindOffshore,Hour,778044,778044,0,0,"2025-10-17 07:00:00","2025-10-17 08:00:00","2026-02-16 06:27:33"
Nederland,WindOffshore,Hour,714721,714721,0,0,"2025-10-17 08:00:00","2025-10-17 09:00:00","2026-02-16 06:27:33"
Nederland,WindOffshore,Hour,648153,648153,0,0,"2025-10-17 09:00:00","2025-10-17 10:00:00","2026-02-16 06:27:33"
Nederland,WindOffshore,Hour,639937,639937,0,0,"2025-10-17 10:00:00","2025-10-17 11:00:00","2026-02-16 06:27:33"
Nederland,WindOffshore,Hour,546351,546351,0,0,"2025-10-17 11:00:00","2025-10-17 12:00:00","2026-02-16 06:27:33"
Nederland,WindOffshore,Hour,599105,599105,0,0,"2025-10-17 12:00:00","2025-10-17 13:00:00","2026-02-16 06:27:33"
Nederland,WindOffshore,Hour,670259,670259,0,0,"2025-10-17 13:00:00","2025-10-17 14:00:00","2026-02-16 06:27:33"
Nederland,WindOffshore,Hour,771239,771239,0,0,"2025-10-17 14:00:00","2025-10-17 15:00:00","2026-02-16 06:27:33"
Nederland,WindOffshore,Hour,814432,814432,0,0,"2025-10-17 15:00:00","2025-10-17 16:00:00","2026-02-16 06:27:33"
Nederland,WindOffshore,Hour,717291,717291,0,0,"2025-10-17 16:00:00","2025-10-17 17:00:00","2026-02-16 06:27:33"
Nederland,WindOffshore,Hour,502777,502777,0,0,"2025-10-17 17:00:00","2025-10-17 18:00:00","2026-02-16 06:27:33"
Nederland,WindOffshore,Hour,668161,668161,0,0,"2025-10-17 18:00:00","2025-10-17 19:00:00","2026-02-16 06:27:33"
Nederland,WindOffshore,Hour,699409,699409,0,0,"2025-10-17 19:00:00","2025-10-17 20:00:00","2026-02-16 06:27:33"
Nederland,WindOffshore,Hour,518817,518817,0,0,"2025-10-17 20:00:00","2025-10-17 21:00:00","2026-02-16 06:27:33"
Nederland,WindOffshore,Hour,440555,440555,0,0,"2025-10-17 21:00:00","2025-10-17 22:00:00","2026-02-16 06:27:33"
Nederland,WindOffshore,Hour,623899,623899,0,0,"2025-10-17 22:00:00","2025-10-17 23:00:00","2026-02-16 06:27:33"
Nederland,WindOffshore,Hour,432670,432670,0,0,"2025-10-17 23:00:00","2025-10-18 00:00:00","2026-02-16 06:27:33"
Nederland,WindOffshore,Hour,277278,277278,0,0,"2025-10-18 00:00:00","2025-10-18 01:00:00","2026-02-17 06:27:50"
Nederland,WindOffshore,Hour,204340,204340,0,0,"2025-10-18 01:00:00","2025-10-18 02:00:00","2026-02-17 06:27:50"
Nederland,WindOffshore,Hour,255814,255814,0,0,"2025-10-18 02:00:00","2025-10-18 03:00:00","2026-02-17 06:27:50"
Nederland,WindOffshore,Hour,302819,302819,0,0,"2025-10-18 03:00:00","2025-10-18 04:00:00","2026-02-17 06:27:50"
Nederland,WindOffshore,Hour,501863,501863,0,0,"2025-10-18 04:00:00","2025-10-18 05:00:00","2026-02-17 06:27:50"
Nederland,WindOffshore,Hour,738341,738341,0,0,"2025-10-18 05:00:00","2025-10-18 06:00:00","2026-02-17 06:27:50"
Nederland,WindOffshore,Hour,1011753,1011753,0,0,"2025-10-18 06:00:00","2025-10-18 07:00:00","2026-02-17 06:27:50"
Nederland,WindOffshore,Hour,1111667,1111667,0,0,"2025-10-18 07:00:00","2025-10-18 08:00:00","2026-02-17 06:27:50"
Nederland,WindOffshore,Hour,1154396,1154396,0,0,"2025-10-18 08:00:00","2025-10-18 09:00:00","2026-02-17 06:27:50"
Nederland,WindOffshore,Hour,1497713,1497713,0,0,"2025-10-18 09:00:00","2025-10-18 10:00:00","2026-02-17 06:27:50"
Nederland,WindOffshore,Hour,1799202,1799202,0,0,"2025-10-18 10:00:00","2025-10-18 11:00:00","2026-02-17 06:27:50"
Nederland,WindOffshore,Hour,1585100,1585100,0,0,"2025-10-18 11:00:00","2025-10-18 12:00:00","2026-02-17 06:27:50"
Nederland,WindOffshore,Hour,1275796,1275796,0,0,"2025-10-18 12:00:00","2025-10-18 13:00:00","2026-02-17 06:27:50"
Nederland,WindOffshore,Hour,939447,939447,0,0,"2025-10-18 13:00:00","2025-10-18 14:00:00","2026-02-17 06:27:50"
Nederland,WindOffshore,Hour,1022126,1022126,0,0,"2025-10-18 14:00:00","2025-10-18 15:00:00","2026-02-17 06:27:50"
Nederland,WindOffshore,Hour,1406042,1406042,0,0,"2025-10-18 15:00:00","2025-10-18 16:00:00","2026-02-17 06:27:50"
Nederland,WindOffshore,Hour,1511333,1511333,0,0,"2025-10-18 16:00:00","2025-10-18 17:00:00","2026-02-17 06:27:50"
Nederland,WindOffshore,Hour,1599616,1599616,0,0,"2025-10-18 17:00:00","2025-10-18 18:00:00","2026-02-17 06:27:50"
Nederland,WindOffshore,Hour,2346050,2346050,0,0,"2025-10-18 18:00:00","2025-10-18 19:00:00","2026-02-17 06:27:50"
Nederland,WindOffshore,Hour,2853476,2853476,0,0,"2025-10-18 19:00:00","2025-10-18 20:00:00","2026-02-17 06:27:50"
Nederland,WindOffshore,Hour,3302178,3302178,0,0,"2025-10-18 20:00:00","2025-10-18 21:00:00","2026-02-17 06:27:50"
Nederland,WindOffshore,Hour,3578239,3578239,0,0,"2025-10-18 21:00:00","2025-10-18 22:00:00","2026-02-17 06:27:50"
Nederland,WindOffshore,Hour,3407772,3407772,0,0,"2025-10-18 22:00:00","2025-10-18 23:00:00","2026-02-17 06:27:50"
Nederland,WindOffshore,Hour,2901760,2901760,0,0,"2025-10-18 23:00:00","2025-10-19 00:00:00","2026-02-17 06:27:50"
Nederland,WindOffshore,Hour,2532857,2532857,0,0,"2025-10-19 00:00:00","2025-10-19 01:00:00","2026-02-18 06:27:33"
Nederland,WindOffshore,Hour,2080363,2080363,0,0,"2025-10-19 01:00:00","2025-10-19 02:00:00","2026-02-18 06:27:33"
Nederland,WindOffshore,Hour,2324079,2324079,0,0,"2025-10-19 02:00:00","2025-10-19 03:00:00","2026-02-18 06:27:33"
Nederland,WindOffshore,Hour,2842433,2842433,0,0,"2025-10-19 03:00:00","2025-10-19 04:00:00","2026-02-18 06:27:33"
Nederland,WindOffshore,Hour,3163993,3163993,0,0,"2025-10-19 04:00:00","2025-10-19 05:00:00","2026-02-18 06:27:33"
Nederland,WindOffshore,Hour,3068792,3068792,0,0,"2025-10-19 05:00:00","2025-10-19 06:00:00","2026-02-18 06:27:33"
Nederland,WindOffshore,Hour,3007338,3007338,0,0,"2025-10-19 06:00:00","2025-10-19 07:00:00","2026-02-18 06:27:33"
Nederland,WindOffshore,Hour,3215505,3215505,0,0,"2025-10-19 07:00:00","2025-10-19 08:00:00","2026-02-18 06:27:33"
Nederland,WindOffshore,Hour,3160624,3160624,0,0,"2025-10-19 08:00:00","2025-10-19 09:00:00","2026-02-18 06:27:33"
Nederland,WindOffshore,Hour,3037728,3037728,0,0,"2025-10-19 09:00:00","2025-10-19 10:00:00","2026-02-18 06:27:33"
Nederland,WindOffshore,Hour,2836531,2836531,0,0,"2025-10-19 10:00:00","2025-10-19 11:00:00","2026-02-18 06:27:33"
Nederland,WindOffshore,Hour,2681696,2681696,0,0,"2025-10-19 11:00:00","2025-10-19 12:00:00","2026-02-18 06:27:33"
Nederland,WindOffshore,Hour,2839770,2839770,0,0,"2025-10-19 12:00:00","2025-10-19 13:00:00","2026-02-18 06:27:33"
Nederland,WindOffshore,Hour,3196560,3196560,0,0,"2025-10-19 13:00:00","2025-10-19 14:00:00","2026-02-18 06:27:33"
Nederland,WindOffshore,Hour,3231877,3231877,0,0,"2025-10-19 14:00:00","2025-10-19 15:00:00","2026-02-18 06:27:33"
Nederland,WindOffshore,Hour,3264640,3264640,0,0,"2025-10-19 15:00:00","2025-10-19 16:00:00","2026-02-18 06:27:33"
Nederland,WindOffshore,Hour,3471121,3471121,0,0,"2025-10-19 16:00:00","2025-10-19 17:00:00","2026-02-18 06:27:33"
Nederland,WindOffshore,Hour,3764137,3764137,0,0,"2025-10-19 17:00:00","2025-10-19 18:00:00","2026-02-18 06:27:33"
Nederland,WindOffshore,Hour,4005443,4005443,0,0,"2025-10-19 18:00:00","2025-10-19 19:00:00","2026-02-18 06:27:33"
Nederland,WindOffshore,Hour,4076923,4076923,0,0,"2025-10-19 19:00:00","2025-10-19 20:00:00","2026-02-18 06:27:33"
Nederland,WindOffshore,Hour,4167023,4167023,0,0,"2025-10-19 20:00:00","2025-10-19 21:00:00","2026-02-18 06:27:33"
Nederland,WindOffshore,Hour,4382180,4382180,0,0,"2025-10-19 21:00:00","2025-10-19 22:00:00","2026-02-18 06:27:33"
Nederland,WindOffshore,Hour,4423439,4423439,0,0,"2025-10-19 22:00:00","2025-10-19 23:00:00","2026-02-18 06:27:33"
Nederland,WindOffshore,Hour,4412349,4412349,0,0,"2025-10-19 23:00:00","2025-10-20 00:00:00","2026-02-18 06:27:33"
Nederland,WindOffshore,Hour,4378202,4378202,0,0,"2025-10-20 00:00:00","2025-10-20 01:00:00","2026-02-19 06:27:43"
Nederland,WindOffshore,Hour,4376700,4376700,0,0,"2025-10-20 01:00:00","2025-10-20 02:00:00","2026-02-19 06:27:43"
Nederland,WindOffshore,Hour,4352520,4352520,0,0,"2025-10-20 02:00:00","2025-10-20 03:00:00","2026-02-19 06:27:43"
Nederland,WindOffshore,Hour,4129080,4129080,0,0,"2025-10-20 03:00:00","2025-10-20 04:00:00","2026-02-19 06:27:43"
Nederland,WindOffshore,Hour,3453231,3453231,0,0,"2025-10-20 04:00:00","2025-10-20 05:00:00","2026-02-19 06:27:43"
Nederland,WindOffshore,Hour,2836911,2836911,0,0,"2025-10-20 05:00:00","2025-10-20 06:00:00","2026-02-19 06:27:43"
Nederland,WindOffshore,Hour,2696135,2696135,0,0,"2025-10-20 06:00:00","2025-10-20 07:00:00","2026-02-19 06:27:43"
Nederland,WindOffshore,Hour,2724093,2724093,0,0,"2025-10-20 07:00:00","2025-10-20 08:00:00","2026-02-19 06:27:43"
Nederland,WindOffshore,Hour,2681607,2681607,0,0,"2025-10-20 08:00:00","2025-10-20 09:00:00","2026-02-19 06:27:43"
Nederland,WindOffshore,Hour,2820913,2820913,0,0,"2025-10-20 09:00:00","2025-10-20 10:00:00","2026-02-19 06:27:43"
Nederland,WindOffshore,Hour,3178085,3178085,0,0,"2025-10-20 10:00:00","2025-10-20 11:00:00","2026-02-19 06:27:43"
Nederland,WindOffshore,Hour,3469518,3469518,0,0,"2025-10-20 11:00:00","2025-10-20 12:00:00","2026-02-19 06:27:43"
Nederland,WindOffshore,Hour,3717475,3717475,0,0,"2025-10-20 12:00:00","2025-10-20 13:00:00","2026-02-19 06:27:43"
Nederland,WindOffshore,Hour,3869829,3869829,0,0,"2025-10-20 13:00:00","2025-10-20 14:00:00","2026-02-19 06:27:43"
Nederland,WindOffshore,Hour,3933846,3933846,0,0,"2025-10-20 14:00:00","2025-10-20 15:00:00","2026-02-19 06:27:43"
Nederland,WindOffshore,Hour,3884365,3884365,0,0,"2025-10-20 15:00:00","2025-10-20 16:00:00","2026-02-19 06:27:43"
Nederland,WindOffshore,Hour,3863836,3863836,0,0,"2025-10-20 16:00:00","2025-10-20 17:00:00","2026-02-19 06:27:43"
Nederland,WindOffshore,Hour,3912175,3912175,0,0,"2025-10-20 17:00:00","2025-10-20 18:00:00","2026-02-19 06:27:43"
Nederland,WindOffshore,Hour,3878300,3878300,0,0,"2025-10-20 18:00:00","2025-10-20 19:00:00","2026-02-19 06:27:43"
Nederland,WindOffshore,Hour,4222217,4222217,0,0,"2025-10-20 19:00:00","2025-10-20 20:00:00","2026-02-19 06:27:43"
Nederland,WindOffshore,Hour,4373095,4373095,0,0,"2025-10-20 20:00:00","2025-10-20 21:00:00","2026-02-19 06:27:43"
Nederland,WindOffshore,Hour,4331931,4331931,0,0,"2025-10-20 21:00:00","2025-10-20 22:00:00","2026-02-19 06:27:43"
Nederland,WindOffshore,Hour,4221131,4221131,0,0,"2025-10-20 22:00:00","2025-10-20 23:00:00","2026-02-19 06:27:43"
Nederland,WindOffshore,Hour,4210576,4210576,0,0,"2025-10-20 23:00:00","2025-10-21 00:00:00","2026-02-19 06:27:43"
Nederland,WindOffshore,Hour,4212867,4212867,0,0,"2025-10-21 00:00:00","2025-10-21 01:00:00","2026-02-20 06:27:36"
Nederland,WindOffshore,Hour,3985219,3985219,0,0,"2025-10-21 01:00:00","2025-10-21 02:00:00","2026-02-20 06:27:36"
Nederland,WindOffshore,Hour,3959223,3959223,0,0,"2025-10-21 02:00:00","2025-10-21 03:00:00","2026-02-20 06:27:36"
Nederland,WindOffshore,Hour,4013491,4013491,0,0,"2025-10-21 03:00:00","2025-10-21 04:00:00","2026-02-20 06:27:36"
Nederland,WindOffshore,Hour,4198438,4198438,0,0,"2025-10-21 04:00:00","2025-10-21 05:00:00","2026-02-20 06:27:36"
Nederland,WindOffshore,Hour,4279830,4279830,0,0,"2025-10-21 05:00:00","2025-10-21 06:00:00","2026-02-20 06:27:36"
Nederland,WindOffshore,Hour,4297127,4297127,0,0,"2025-10-21 06:00:00","2025-10-21 07:00:00","2026-02-20 06:27:36"
Nederland,WindOffshore,Hour,4257552,4257552,0,0,"2025-10-21 07:00:00","2025-10-21 08:00:00","2026-02-20 06:27:36"
Nederland,WindOffshore,Hour,4032719,4032719,0,0,"2025-10-21 08:00:00","2025-10-21 09:00:00","2026-02-20 06:27:36"
Nederland,WindOffshore,Hour,3986398,3986398,0,0,"2025-10-21 09:00:00","2025-10-21 10:00:00","2026-02-20 06:27:36"
Nederland,WindOffshore,Hour,3837489,3837489,0,0,"2025-10-21 10:00:00","2025-10-21 11:00:00","2026-02-20 06:27:36"
Nederland,WindOffshore,Hour,3994434,3994434,0,0,"2025-10-21 11:00:00","2025-10-21 12:00:00","2026-02-20 06:27:36"
Nederland,WindOffshore,Hour,4119162,4119162,0,0,"2025-10-21 12:00:00","2025-10-21 13:00:00","2026-02-20 06:27:36"
Nederland,WindOffshore,Hour,4052620,4052620,0,0,"2025-10-21 13:00:00","2025-10-21 14:00:00","2026-02-20 06:27:36"
Nederland,WindOffshore,Hour,4065726,4065726,0,0,"2025-10-21 14:00:00","2025-10-21 15:00:00","2026-02-20 06:27:36"
Nederland,WindOffshore,Hour,4088570,4088570,0,0,"2025-10-21 15:00:00","2025-10-21 16:00:00","2026-02-20 06:27:36"
Nederland,WindOffshore,Hour,4088344,4088344,0,0,"2025-10-21 16:00:00","2025-10-21 17:00:00","2026-02-20 06:27:36"
Nederland,WindOffshore,Hour,4178623,4178623,0,0,"2025-10-21 17:00:00","2025-10-21 18:00:00","2026-02-20 06:27:36"
Nederland,WindOffshore,Hour,4221888,4221888,0,0,"2025-10-21 18:00:00","2025-10-21 19:00:00","2026-02-20 06:27:36"
Nederland,WindOffshore,Hour,4264274,4264274,0,0,"2025-10-21 19:00:00","2025-10-21 20:00:00","2026-02-20 06:27:36"
Nederland,WindOffshore,Hour,4155255,4155255,0,0,"2025-10-21 20:00:00","2025-10-21 21:00:00","2026-02-20 06:27:36"
Nederland,WindOffshore,Hour,4103676,4103676,0,0,"2025-10-21 21:00:00","2025-10-21 22:00:00","2026-02-20 06:27:36"
Nederland,WindOffshore,Hour,3703280,3703280,0,0,"2025-10-21 22:00:00","2025-10-21 23:00:00","2026-02-20 06:27:36"
Nederland,WindOffshore,Hour,3667451,3667451,0,0,"2025-10-21 23:00:00","2025-10-22 00:00:00","2026-02-20 06:27:36"
Nederland,WindOffshore,Hour,3525080,3525080,0,0,"2025-10-22 00:00:00","2025-10-22 01:00:00","2026-02-21 06:27:46"
Nederland,WindOffshore,Hour,3321924,3321924,0,0,"2025-10-22 01:00:00","2025-10-22 02:00:00","2026-02-21 06:27:46"
Nederland,WindOffshore,Hour,2715273,2715273,0,0,"2025-10-22 02:00:00","2025-10-22 03:00:00","2026-02-21 06:27:46"
Nederland,WindOffshore,Hour,2521771,2521771,0,0,"2025-10-22 03:00:00","2025-10-22 04:00:00","2026-02-21 06:27:46"
Nederland,WindOffshore,Hour,2189399,2189399,0,0,"2025-10-22 04:00:00","2025-10-22 05:00:00","2026-02-21 06:27:46"
Nederland,WindOffshore,Hour,1739153,1739153,0,0,"2025-10-22 05:00:00","2025-10-22 06:00:00","2026-02-21 06:27:46"
Nederland,WindOffshore,Hour,1629000,1629000,0,0,"2025-10-22 06:00:00","2025-10-22 07:00:00","2026-02-21 06:27:46"
Nederland,WindOffshore,Hour,1103355,1103355,0,0,"2025-10-22 07:00:00","2025-10-22 08:00:00","2026-02-21 06:27:46"
Nederland,WindOffshore,Hour,969037,969037,0,0,"2025-10-22 08:00:00","2025-10-22 09:00:00","2026-02-21 06:27:46"
Nederland,WindOffshore,Hour,759763,759763,0,0,"2025-10-22 09:00:00","2025-10-22 10:00:00","2026-02-21 06:27:46"
Nederland,WindOffshore,Hour,680663,680663,0,0,"2025-10-22 10:00:00","2025-10-22 11:00:00","2026-02-21 06:27:46"
Nederland,WindOffshore,Hour,536624,536624,0,0,"2025-10-22 11:00:00","2025-10-22 12:00:00","2026-02-21 06:27:46"
Nederland,WindOffshore,Hour,455388,455388,0,0,"2025-10-22 12:00:00","2025-10-22 13:00:00","2026-02-21 06:27:46"
Nederland,WindOffshore,Hour,280722,280722,0,0,"2025-10-22 13:00:00","2025-10-22 14:00:00","2026-02-21 06:27:46"
Nederland,WindOffshore,Hour,276025,276025,0,0,"2025-10-22 14:00:00","2025-10-22 15:00:00","2026-02-21 06:27:46"
Nederland,WindOffshore,Hour,268990,268990,0,0,"2025-10-22 15:00:00","2025-10-22 16:00:00","2026-02-21 06:27:46"
Nederland,WindOffshore,Hour,188104,188104,0,0,"2025-10-22 16:00:00","2025-10-22 17:00:00","2026-02-21 06:27:46"
Nederland,WindOffshore,Hour,118555,118555,0,0,"2025-10-22 17:00:00","2025-10-22 18:00:00","2026-02-21 06:27:46"
Nederland,WindOffshore,Hour,174702,174702,0,0,"2025-10-22 18:00:00","2025-10-22 19:00:00","2026-02-21 06:27:46"
Nederland,WindOffshore,Hour,494069,494069,0,0,"2025-10-22 19:00:00","2025-10-22 20:00:00","2026-02-21 06:27:46"
Nederland,WindOffshore,Hour,1190143,1190143,0,0,"2025-10-22 20:00:00","2025-10-22 21:00:00","2026-02-21 06:27:46"
Nederland,WindOffshore,Hour,2195743,2195743,0,0,"2025-10-22 21:00:00","2025-10-22 22:00:00","2026-02-21 06:27:46"
Nederland,WindOffshore,Hour,2889417,2889417,0,0,"2025-10-22 22:00:00","2025-10-22 23:00:00","2026-02-21 06:27:46"
Nederland,WindOffshore,Hour,3619833,3619833,0,0,"2025-10-22 23:00:00","2025-10-23 00:00:00","2026-02-21 06:27:46"
Nederland,WindOffshore,Hour,3895975,3895975,0,0,"2025-10-23 00:00:00","2025-10-23 01:00:00","2026-02-22 06:27:40"
Nederland,WindOffshore,Hour,4163398,4163398,0,0,"2025-10-23 01:00:00","2025-10-23 02:00:00","2026-02-22 06:27:40"
Nederland,WindOffshore,Hour,4332454,4332454,0,0,"2025-10-23 02:00:00","2025-10-23 03:00:00","2026-02-22 06:27:40"
Nederland,WindOffshore,Hour,4409077,4409077,0,0,"2025-10-23 03:00:00","2025-10-23 04:00:00","2026-02-22 06:27:40"
Nederland,WindOffshore,Hour,4491368,4491368,0,0,"2025-10-23 04:00:00","2025-10-23 05:00:00","2026-02-22 06:27:40"
Nederland,WindOffshore,Hour,4490741,4490741,0,0,"2025-10-23 05:00:00","2025-10-23 06:00:00","2026-02-22 06:27:40"
Nederland,WindOffshore,Hour,4460459,4460459,0,0,"2025-10-23 06:00:00","2025-10-23 07:00:00","2026-02-22 06:27:40"
Nederland,WindOffshore,Hour,4429792,4429792,0,0,"2025-10-23 07:00:00","2025-10-23 08:00:00","2026-02-22 06:27:40"
Nederland,WindOffshore,Hour,4441271,4441271,0,0,"2025-10-23 08:00:00","2025-10-23 09:00:00","2026-02-22 06:27:40"
Nederland,WindOffshore,Hour,4462865,4462865,0,0,"2025-10-23 09:00:00","2025-10-23 10:00:00","2026-02-22 06:27:40"
Nederland,WindOffshore,Hour,4241227,4241227,0,0,"2025-10-23 10:00:00","2025-10-23 11:00:00","2026-02-22 06:27:40"
Nederland,WindOffshore,Hour,3006713,3006713,0,0,"2025-10-23 11:00:00","2025-10-23 12:00:00","2026-02-22 06:27:40"
Nederland,WindOffshore,Hour,1811620,1811620,0,0,"2025-10-23 12:00:00","2025-10-23 13:00:00","2026-02-22 06:27:40"
Nederland,WindOffshore,Hour,2302752,2302752,0,0,"2025-10-23 13:00:00","2025-10-23 14:00:00","2026-02-22 06:27:40"
Nederland,WindOffshore,Hour,2855161,2855161,0,0,"2025-10-23 14:00:00","2025-10-23 15:00:00","2026-02-22 06:27:40"
Nederland,WindOffshore,Hour,4255212,4255212,0,0,"2025-10-23 15:00:00","2025-10-23 16:00:00","2026-02-22 06:27:40"
Nederland,WindOffshore,Hour,4168363,4168363,0,0,"2025-10-23 16:00:00","2025-10-23 17:00:00","2026-02-22 06:27:40"
Nederland,WindOffshore,Hour,4140592,4140592,0,0,"2025-10-23 17:00:00","2025-10-23 18:00:00","2026-02-22 06:27:40"
Nederland,WindOffshore,Hour,3967125,3967125,0,0,"2025-10-23 18:00:00","2025-10-23 19:00:00","2026-02-22 06:27:40"
Nederland,WindOffshore,Hour,4068509,4068509,0,0,"2025-10-23 19:00:00","2025-10-23 20:00:00","2026-02-22 06:27:40"
Nederland,WindOffshore,Hour,4461600,4461600,0,0,"2025-10-23 20:00:00","2025-10-23 21:00:00","2026-02-22 06:27:40"
Nederland,WindOffshore,Hour,4516441,4516441,0,0,"2025-10-23 21:00:00","2025-10-23 22:00:00","2026-02-22 06:27:40"
Nederland,WindOffshore,Hour,4514488,4514488,0,0,"2025-10-23 22:00:00","2025-10-23 23:00:00","2026-02-22 06:27:40"
Nederland,WindOffshore,Hour,4517083,4517083,0,0,"2025-10-23 23:00:00","2025-10-24 00:00:00","2026-02-22 06:27:40"
Nederland,WindOffshore,Hour,4528767,4528767,0,0,"2025-10-24 00:00:00","2025-10-24 01:00:00","2026-02-23 06:27:30"
Nederland,WindOffshore,Hour,4530856,4530856,0,0,"2025-10-24 01:00:00","2025-10-24 02:00:00","2026-02-23 06:27:30"
Nederland,WindOffshore,Hour,4530795,4530795,0,0,"2025-10-24 02:00:00","2025-10-24 03:00:00","2026-02-23 06:27:30"
Nederland,WindOffshore,Hour,4527276,4527276,0,0,"2025-10-24 03:00:00","2025-10-24 04:00:00","2026-02-23 06:27:30"
Nederland,WindOffshore,Hour,4522122,4522122,0,0,"2025-10-24 04:00:00","2025-10-24 05:00:00","2026-02-23 06:27:30"
Nederland,WindOffshore,Hour,4528595,4528595,0,0,"2025-10-24 05:00:00","2025-10-24 06:00:00","2026-02-23 06:27:30"
Nederland,WindOffshore,Hour,4524370,4524370,0,0,"2025-10-24 06:00:00","2025-10-24 07:00:00","2026-02-23 06:27:30"
Nederland,WindOffshore,Hour,4520637,4520637,0,0,"2025-10-24 07:00:00","2025-10-24 08:00:00","2026-02-23 06:27:30"
Nederland,WindOffshore,Hour,4523983,4523983,0,0,"2025-10-24 08:00:00","2025-10-24 09:00:00","2026-02-23 06:27:30"
Nederland,WindOffshore,Hour,4523948,4523948,0,0,"2025-10-24 09:00:00","2025-10-24 10:00:00","2026-02-23 06:27:30"
Nederland,WindOffshore,Hour,4524561,4524561,0,0,"2025-10-24 10:00:00","2025-10-24 11:00:00","2026-02-23 06:27:30"
Nederland,WindOffshore,Hour,3848075,3848075,0,0,"2025-10-24 11:00:00","2025-10-24 12:00:00","2026-02-23 06:27:30"
Nederland,WindOffshore,Hour,4057580,4057580,0,0,"2025-10-24 12:00:00","2025-10-24 13:00:00","2026-02-23 06:27:30"
Nederland,WindOffshore,Hour,4498899,4498899,0,0,"2025-10-24 13:00:00","2025-10-24 14:00:00","2026-02-23 06:27:30"
Nederland,WindOffshore,Hour,4506000,4506000,0,0,"2025-10-24 14:00:00","2025-10-24 15:00:00","2026-02-23 06:27:30"
Nederland,WindOffshore,Hour,4473103,4473103,0,0,"2025-10-24 15:00:00","2025-10-24 16:00:00","2026-02-23 06:27:30"
Nederland,WindOffshore,Hour,4480420,4480420,0,0,"2025-10-24 16:00:00","2025-10-24 17:00:00","2026-02-23 06:27:30"
Nederland,WindOffshore,Hour,4460911,4460911,0,0,"2025-10-24 17:00:00","2025-10-24 18:00:00","2026-02-23 06:27:30"
Nederland,WindOffshore,Hour,4439753,4439753,0,0,"2025-10-24 18:00:00","2025-10-24 19:00:00","2026-02-23 06:27:30"
Nederland,WindOffshore,Hour,4441099,4441099,0,0,"2025-10-24 19:00:00","2025-10-24 20:00:00","2026-02-23 06:27:30"
Nederland,WindOffshore,Hour,4462696,4462696,0,0,"2025-10-24 20:00:00","2025-10-24 21:00:00","2026-02-23 06:27:30"
Nederland,WindOffshore,Hour,4473535,4473535,0,0,"2025-10-24 21:00:00","2025-10-24 22:00:00","2026-02-23 06:27:30"
Nederland,WindOffshore,Hour,4477162,4477162,0,0,"2025-10-24 22:00:00","2025-10-24 23:00:00","2026-02-23 06:27:30"
Nederland,WindOffshore,Hour,3820281,3820281,0,0,"2025-10-24 23:00:00","2025-10-25 00:00:00","2026-02-23 06:27:30"
Nederland,WindOffshore,Hour,3823827,3823827,0,0,"2025-10-25 00:00:00","2025-10-25 01:00:00","2026-02-24 06:27:36"
Nederland,WindOffshore,Hour,3809623,3809623,0,0,"2025-10-25 01:00:00","2025-10-25 02:00:00","2026-02-24 06:27:36"
Nederland,WindOffshore,Hour,3109318,3109318,0,0,"2025-10-25 02:00:00","2025-10-25 03:00:00","2026-02-24 06:27:36"
Nederland,WindOffshore,Hour,3110577,3110577,0,0,"2025-10-25 03:00:00","2025-10-25 04:00:00","2026-02-24 06:27:36"
Nederland,WindOffshore,Hour,3771302,3771302,0,0,"2025-10-25 04:00:00","2025-10-25 05:00:00","2026-02-24 06:27:36"
Nederland,WindOffshore,Hour,4445551,4445551,0,0,"2025-10-25 05:00:00","2025-10-25 06:00:00","2026-02-24 06:27:36"
Nederland,WindOffshore,Hour,4441892,4441892,0,0,"2025-10-25 06:00:00","2025-10-25 07:00:00","2026-02-24 06:27:36"
Nederland,WindOffshore,Hour,4108628,4108628,0,0,"2025-10-25 07:00:00","2025-10-25 08:00:00","2026-02-24 06:27:36"
Nederland,WindOffshore,Hour,4255256,4255256,0,0,"2025-10-25 08:00:00","2025-10-25 09:00:00","2026-02-24 06:27:36"
Nederland,WindOffshore,Hour,4432205,4432205,0,0,"2025-10-25 09:00:00","2025-10-25 10:00:00","2026-02-24 06:27:36"
Nederland,WindOffshore,Hour,4395656,4395656,0,0,"2025-10-25 10:00:00","2025-10-25 11:00:00","2026-02-24 06:27:36"
Nederland,WindOffshore,Hour,4408148,4408148,0,0,"2025-10-25 11:00:00","2025-10-25 12:00:00","2026-02-24 06:27:36"
Nederland,WindOffshore,Hour,4441899,4441899,0,0,"2025-10-25 12:00:00","2025-10-25 13:00:00","2026-02-24 06:27:36"
Nederland,WindOffshore,Hour,4443881,4443881,0,0,"2025-10-25 13:00:00","2025-10-25 14:00:00","2026-02-24 06:27:36"
Nederland,WindOffshore,Hour,4467852,4467852,0,0,"2025-10-25 14:00:00","2025-10-25 15:00:00","2026-02-24 06:27:36"
Nederland,WindOffshore,Hour,4452935,4452935,0,0,"2025-10-25 15:00:00","2025-10-25 16:00:00","2026-02-24 06:27:36"
Nederland,WindOffshore,Hour,4411199,4411199,0,0,"2025-10-25 16:00:00","2025-10-25 17:00:00","2026-02-24 06:27:36"
Nederland,WindOffshore,Hour,4362095,4362095,0,0,"2025-10-25 17:00:00","2025-10-25 18:00:00","2026-02-24 06:27:36"
Nederland,WindOffshore,Hour,4380330,4380330,0,0,"2025-10-25 18:00:00","2025-10-25 19:00:00","2026-02-24 06:27:36"
Nederland,WindOffshore,Hour,4303762,4303762,0,0,"2025-10-25 19:00:00","2025-10-25 20:00:00","2026-02-24 06:27:36"
Nederland,WindOffshore,Hour,4342330,4342330,0,0,"2025-10-25 20:00:00","2025-10-25 21:00:00","2026-02-24 06:27:36"
Nederland,WindOffshore,Hour,4330326,4330326,0,0,"2025-10-25 21:00:00","2025-10-25 22:00:00","2026-02-24 06:27:36"
Nederland,WindOffshore,Hour,4306324,4306324,0,0,"2025-10-25 22:00:00","2025-10-25 23:00:00","2026-02-24 06:27:36"
Nederland,WindOffshore,Hour,4403569,4403569,0,0,"2025-10-25 23:00:00","2025-10-26 00:00:00","2026-02-24 06:27:36"
Nederland,WindOffshore,Hour,4409869,4409869,0,0,"2025-10-26 00:00:00","2025-10-26 01:00:00","2026-02-25 06:27:24"
Nederland,WindOffshore,Hour,4427614,4427614,0,0,"2025-10-26 01:00:00","2025-10-26 02:00:00","2026-02-25 06:27:24"
Nederland,WindOffshore,Hour,4459855,4459855,0,0,"2025-10-26 02:00:00","2025-10-26 03:00:00","2026-02-25 06:27:24"
Nederland,WindOffshore,Hour,4518183,4518183,0,0,"2025-10-26 03:00:00","2025-10-26 04:00:00","2026-02-25 06:27:24"
Nederland,WindOffshore,Hour,4525545,4525545,0,0,"2025-10-26 04:00:00","2025-10-26 05:00:00","2026-02-25 06:27:24"
Nederland,WindOffshore,Hour,4526780,4526780,0,0,"2025-10-26 05:00:00","2025-10-26 06:00:00","2026-02-25 06:27:24"
Nederland,WindOffshore,Hour,4527517,4527517,0,0,"2025-10-26 06:00:00","2025-10-26 07:00:00","2026-02-25 06:27:24"
Nederland,WindOffshore,Hour,4527116,4527116,0,0,"2025-10-26 07:00:00","2025-10-26 08:00:00","2026-02-25 06:27:24"
Nederland,WindOffshore,Hour,4527452,4527452,0,0,"2025-10-26 08:00:00","2025-10-26 09:00:00","2026-02-25 06:27:24"
Nederland,WindOffshore,Hour,4516268,4516268,0,0,"2025-10-26 09:00:00","2025-10-26 10:00:00","2026-02-25 06:27:24"
Nederland,WindOffshore,Hour,4512972,4512972,0,0,"2025-10-26 10:00:00","2025-10-26 11:00:00","2026-02-25 06:27:24"
Nederland,WindOffshore,Hour,4511237,4511237,0,0,"2025-10-26 11:00:00","2025-10-26 12:00:00","2026-02-25 06:27:24"
Nederland,WindOffshore,Hour,3828628,3828628,0,0,"2025-10-26 12:00:00","2025-10-26 13:00:00","2026-02-25 06:27:24"
Nederland,WindOffshore,Hour,3372737,3372737,0,0,"2025-10-26 13:00:00","2025-10-26 14:00:00","2026-02-25 06:27:24"
Nederland,WindOffshore,Hour,4027538,4027538,0,0,"2025-10-26 14:00:00","2025-10-26 15:00:00","2026-02-25 06:27:24"
Nederland,WindOffshore,Hour,4474205,4474205,0,0,"2025-10-26 15:00:00","2025-10-26 16:00:00","2026-02-25 06:27:24"
Nederland,WindOffshore,Hour,4476320,4476320,0,0,"2025-10-26 16:00:00","2025-10-26 17:00:00","2026-02-25 06:27:24"
Nederland,WindOffshore,Hour,4462303,4462303,0,0,"2025-10-26 17:00:00","2025-10-26 18:00:00","2026-02-25 06:27:24"
Nederland,WindOffshore,Hour,4452468,4452468,0,0,"2025-10-26 18:00:00","2025-10-26 19:00:00","2026-02-25 06:27:24"
Nederland,WindOffshore,Hour,4440310,4440310,0,0,"2025-10-26 19:00:00","2025-10-26 20:00:00","2026-02-25 06:27:24"
Nederland,WindOffshore,Hour,4328152,4328152,0,0,"2025-10-26 20:00:00","2025-10-26 21:00:00","2026-02-25 06:27:24"
Nederland,WindOffshore,Hour,4357295,4357295,0,0,"2025-10-26 21:00:00","2025-10-26 22:00:00","2026-02-25 06:27:24"
Nederland,WindOffshore,Hour,4413328,4413328,0,0,"2025-10-26 22:00:00","2025-10-26 23:00:00","2026-02-25 06:27:24"
Nederland,WindOffshore,Hour,3762977,3762977,0,0,"2025-10-26 23:00:00","2025-10-27 00:00:00","2026-02-25 06:27:24"
Nederland,WindOffshore,Hour,4436389,4436389,0,0,"2025-10-27 00:00:00","2025-10-27 01:00:00","2026-02-26 06:27:52"
Nederland,WindOffshore,Hour,3770273,3770273,0,0,"2025-10-27 01:00:00","2025-10-27 02:00:00","2026-02-26 06:27:52"
Nederland,WindOffshore,Hour,3105866,3105866,0,0,"2025-10-27 02:00:00","2025-10-27 03:00:00","2026-02-26 06:27:52"
Nederland,WindOffshore,Hour,3122228,3122228,0,0,"2025-10-27 03:00:00","2025-10-27 04:00:00","2026-02-26 06:27:52"
Nederland,WindOffshore,Hour,4492878,4492878,0,0,"2025-10-27 04:00:00","2025-10-27 05:00:00","2026-02-26 06:27:52"
Nederland,WindOffshore,Hour,4480562,4480562,0,0,"2025-10-27 05:00:00","2025-10-27 06:00:00","2026-02-26 06:27:52"
Nederland,WindOffshore,Hour,4498861,4498861,0,0,"2025-10-27 06:00:00","2025-10-27 07:00:00","2026-02-26 06:27:52"
Nederland,WindOffshore,Hour,4482913,4482913,0,0,"2025-10-27 07:00:00","2025-10-27 08:00:00","2026-02-26 06:27:52"
Nederland,WindOffshore,Hour,4429766,4429766,0,0,"2025-10-27 08:00:00","2025-10-27 09:00:00","2026-02-26 06:27:52"
Nederland,WindOffshore,Hour,4412728,4412728,0,0,"2025-10-27 09:00:00","2025-10-27 10:00:00","2026-02-26 06:27:52"
Nederland,WindOffshore,Hour,4403683,4403683,0,0,"2025-10-27 10:00:00","2025-10-27 11:00:00","2026-02-26 06:27:52"
Nederland,WindOffshore,Hour,4390739,4390739,0,0,"2025-10-27 11:00:00","2025-10-27 12:00:00","2026-02-26 06:27:52"
Nederland,WindOffshore,Hour,4385121,4385121,0,0,"2025-10-27 12:00:00","2025-10-27 13:00:00","2026-02-26 06:27:52"
Nederland,WindOffshore,Hour,4368321,4368321,0,0,"2025-10-27 13:00:00","2025-10-27 14:00:00","2026-02-26 06:27:52"
Nederland,WindOffshore,Hour,4389098,4389098,0,0,"2025-10-27 14:00:00","2025-10-27 15:00:00","2026-02-26 06:27:52"
Nederland,WindOffshore,Hour,4375367,4375367,0,0,"2025-10-27 15:00:00","2025-10-27 16:00:00","2026-02-26 06:27:52"
Nederland,WindOffshore,Hour,4395878,4395878,0,0,"2025-10-27 16:00:00","2025-10-27 17:00:00","2026-02-26 06:27:52"
Nederland,WindOffshore,Hour,4313539,4313539,0,0,"2025-10-27 17:00:00","2025-10-27 18:00:00","2026-02-26 06:27:52"
Nederland,WindOffshore,Hour,4166712,4166712,0,0,"2025-10-27 18:00:00","2025-10-27 19:00:00","2026-02-26 06:27:52"
Nederland,WindOffshore,Hour,3983935,3983935,0,0,"2025-10-27 19:00:00","2025-10-27 20:00:00","2026-02-26 06:27:52"
Nederland,WindOffshore,Hour,3884782,3884782,0,0,"2025-10-27 20:00:00","2025-10-27 21:00:00","2026-02-26 06:27:52"
Nederland,WindOffshore,Hour,4105325,4105325,0,0,"2025-10-27 21:00:00","2025-10-27 22:00:00","2026-02-26 06:27:52"
Nederland,WindOffshore,Hour,3763888,3763888,0,0,"2025-10-27 22:00:00","2025-10-27 23:00:00","2026-02-26 06:27:52"
Nederland,WindOffshore,Hour,3179700,3179700,0,0,"2025-10-27 23:00:00","2025-10-28 00:00:00","2026-02-26 06:27:52"
Nederland,WindOffshore,Hour,3541245,3541245,0,0,"2025-10-28 00:00:00","2025-10-28 01:00:00","2026-02-27 06:27:27"
Nederland,WindOffshore,Hour,3919109,3919109,0,0,"2025-10-28 01:00:00","2025-10-28 02:00:00","2026-02-27 06:27:27"
Nederland,WindOffshore,Hour,4029599,4029599,0,0,"2025-10-28 02:00:00","2025-10-28 03:00:00","2026-02-27 06:27:27"
Nederland,WindOffshore,Hour,4026591,4026591,0,0,"2025-10-28 03:00:00","2025-10-28 04:00:00","2026-02-27 06:27:27"
Nederland,WindOffshore,Hour,4236176,4236176,0,0,"2025-10-28 04:00:00","2025-10-28 05:00:00","2026-02-27 06:27:27"
Nederland,WindOffshore,Hour,4341165,4341165,0,0,"2025-10-28 05:00:00","2025-10-28 06:00:00","2026-02-27 06:27:27"
Nederland,WindOffshore,Hour,4385522,4385522,0,0,"2025-10-28 06:00:00","2025-10-28 07:00:00","2026-02-27 06:27:27"
Nederland,WindOffshore,Hour,4429094,4429094,0,0,"2025-10-28 07:00:00","2025-10-28 08:00:00","2026-02-27 06:27:27"
Nederland,WindOffshore,Hour,4464710,4464710,0,0,"2025-10-28 08:00:00","2025-10-28 09:00:00","2026-02-27 06:27:27"
Nederland,WindOffshore,Hour,4451735,4451735,0,0,"2025-10-28 09:00:00","2025-10-28 10:00:00","2026-02-27 06:27:27"
Nederland,WindOffshore,Hour,4463534,4463534,0,0,"2025-10-28 10:00:00","2025-10-28 11:00:00","2026-02-27 06:27:27"
Nederland,WindOffshore,Hour,4483806,4483806,0,0,"2025-10-28 11:00:00","2025-10-28 12:00:00","2026-02-27 06:27:27"
Nederland,WindOffshore,Hour,4492751,4492751,0,0,"2025-10-28 12:00:00","2025-10-28 13:00:00","2026-02-27 06:27:27"
Nederland,WindOffshore,Hour,4468934,4468934,0,0,"2025-10-28 13:00:00","2025-10-28 14:00:00","2026-02-27 06:27:27"
Nederland,WindOffshore,Hour,4440779,4440779,0,0,"2025-10-28 14:00:00","2025-10-28 15:00:00","2026-02-27 06:27:27"
Nederland,WindOffshore,Hour,4427760,4427760,0,0,"2025-10-28 15:00:00","2025-10-28 16:00:00","2026-02-27 06:27:27"
Nederland,WindOffshore,Hour,4393166,4393166,0,0,"2025-10-28 16:00:00","2025-10-28 17:00:00","2026-02-27 06:27:27"
Nederland,WindOffshore,Hour,4373289,4373289,0,0,"2025-10-28 17:00:00","2025-10-28 18:00:00","2026-02-27 06:27:27"
Nederland,WindOffshore,Hour,4364690,4364690,0,0,"2025-10-28 18:00:00","2025-10-28 19:00:00","2026-02-27 06:27:27"
Nederland,WindOffshore,Hour,4311178,4311178,0,0,"2025-10-28 19:00:00","2025-10-28 20:00:00","2026-02-27 06:27:27"
Nederland,WindOffshore,Hour,4238687,4238687,0,0,"2025-10-28 20:00:00","2025-10-28 21:00:00","2026-02-27 06:27:27"
Nederland,WindOffshore,Hour,4162302,4162302,0,0,"2025-10-28 21:00:00","2025-10-28 22:00:00","2026-02-27 06:27:27"
Nederland,WindOffshore,Hour,3949269,3949269,0,0,"2025-10-28 22:00:00","2025-10-28 23:00:00","2026-02-27 06:27:27"
Nederland,WindOffshore,Hour,4033516,4033516,0,0,"2025-10-28 23:00:00","2025-10-29 00:00:00","2026-02-27 06:27:27"
Nederland,WindOffshore,Hour,3912289,3912289,0,0,"2025-10-29 00:00:00","2025-10-29 01:00:00","2026-02-28 06:27:59"
Nederland,WindOffshore,Hour,3710273,3710273,0,0,"2025-10-29 01:00:00","2025-10-29 02:00:00","2026-02-28 06:27:59"
Nederland,WindOffshore,Hour,3614573,3614573,0,0,"2025-10-29 02:00:00","2025-10-29 03:00:00","2026-02-28 06:27:59"
Nederland,WindOffshore,Hour,3900547,3900547,0,0,"2025-10-29 03:00:00","2025-10-29 04:00:00","2026-02-28 06:27:59"
Nederland,WindOffshore,Hour,4126726,4126726,0,0,"2025-10-29 04:00:00","2025-10-29 05:00:00","2026-02-28 06:27:59"
Nederland,WindOffshore,Hour,4155441,4155441,0,0,"2025-10-29 05:00:00","2025-10-29 06:00:00","2026-02-28 06:27:59"
Nederland,WindOffshore,Hour,4226089,4226089,0,0,"2025-10-29 06:00:00","2025-10-29 07:00:00","2026-02-28 06:27:59"
Nederland,WindOffshore,Hour,4288264,4288264,0,0,"2025-10-29 07:00:00","2025-10-29 08:00:00","2026-02-28 06:27:59"
Nederland,WindOffshore,Hour,4268538,4268538,0,0,"2025-10-29 08:00:00","2025-10-29 09:00:00","2026-02-28 06:27:59"
Nederland,WindOffshore,Hour,4232124,4232124,0,0,"2025-10-29 09:00:00","2025-10-29 10:00:00","2026-02-28 06:27:59"
Nederland,WindOffshore,Hour,4238422,4238422,0,0,"2025-10-29 10:00:00","2025-10-29 11:00:00","2026-02-28 06:27:59"
Nederland,WindOffshore,Hour,4261931,4261931,0,0,"2025-10-29 11:00:00","2025-10-29 12:00:00","2026-02-28 06:27:59"
Nederland,WindOffshore,Hour,4190461,4190461,0,0,"2025-10-29 12:00:00","2025-10-29 13:00:00","2026-02-28 06:27:59"
Nederland,WindOffshore,Hour,3696380,3696380,0,0,"2025-10-29 13:00:00","2025-10-29 14:00:00","2026-02-28 06:27:59"
Nederland,WindOffshore,Hour,3260714,3260714,0,0,"2025-10-29 14:00:00","2025-10-29 15:00:00","2026-02-28 06:27:59"
Nederland,WindOffshore,Hour,2971012,2971012,0,0,"2025-10-29 15:00:00","2025-10-29 16:00:00","2026-02-28 06:27:59"
Nederland,WindOffshore,Hour,2677011,2677011,0,0,"2025-10-29 16:00:00","2025-10-29 17:00:00","2026-02-28 06:27:59"
Nederland,WindOffshore,Hour,2695962,2695962,0,0,"2025-10-29 17:00:00","2025-10-29 18:00:00","2026-02-28 06:27:59"
Nederland,WindOffshore,Hour,2263373,2263373,0,0,"2025-10-29 18:00:00","2025-10-29 19:00:00","2026-02-28 06:27:59"
Nederland,WindOffshore,Hour,1735443,1735443,0,0,"2025-10-29 19:00:00","2025-10-29 20:00:00","2026-02-28 06:27:59"
Nederland,WindOffshore,Hour,1964413,1964413,0,0,"2025-10-29 20:00:00","2025-10-29 21:00:00","2026-02-28 06:27:59"
Nederland,WindOffshore,Hour,2138051,2138051,0,0,"2025-10-29 21:00:00","2025-10-29 22:00:00","2026-02-28 06:27:59"
Nederland,WindOffshore,Hour,2786403,2786403,0,0,"2025-10-29 22:00:00","2025-10-29 23:00:00","2026-02-28 06:27:59"
Nederland,WindOffshore,Hour,3234708,3234708,0,0,"2025-10-29 23:00:00","2025-10-30 00:00:00","2026-02-28 06:27:59"
Nederland,WindOffshore,Hour,3211007,3211007,0,0,"2025-10-30 00:00:00","2025-10-30 01:00:00","2026-03-01 06:27:29"
Nederland,WindOffshore,Hour,3883013,3883013,0,0,"2025-10-30 01:00:00","2025-10-30 02:00:00","2026-03-01 06:27:29"
Nederland,WindOffshore,Hour,4266614,4266614,0,0,"2025-10-30 02:00:00","2025-10-30 03:00:00","2026-03-01 06:27:29"
Nederland,WindOffshore,Hour,4283265,4283265,0,0,"2025-10-30 03:00:00","2025-10-30 04:00:00","2026-03-01 06:27:29"
Nederland,WindOffshore,Hour,4223320,4223320,0,0,"2025-10-30 04:00:00","2025-10-30 05:00:00","2026-03-01 06:27:29"
Nederland,WindOffshore,Hour,4103104,4103104,0,0,"2025-10-30 05:00:00","2025-10-30 06:00:00","2026-03-01 06:27:29"
Nederland,WindOffshore,Hour,3995213,3995213,0,0,"2025-10-30 06:00:00","2025-10-30 07:00:00","2026-03-01 06:27:29"
Nederland,WindOffshore,Hour,3861821,3861821,0,0,"2025-10-30 07:00:00","2025-10-30 08:00:00","2026-03-01 06:27:29"
Nederland,WindOffshore,Hour,3514297,3514297,0,0,"2025-10-30 08:00:00","2025-10-30 09:00:00","2026-03-01 06:27:29"
Nederland,WindOffshore,Hour,3394411,3394411,0,0,"2025-10-30 09:00:00","2025-10-30 10:00:00","2026-03-01 06:27:29"
Nederland,WindOffshore,Hour,2912441,2912441,0,0,"2025-10-30 10:00:00","2025-10-30 11:00:00","2026-03-01 06:27:29"
Nederland,WindOffshore,Hour,2140869,2140869,0,0,"2025-10-30 11:00:00","2025-10-30 12:00:00","2026-03-01 06:27:29"
Nederland,WindOffshore,Hour,1875260,1875260,0,0,"2025-10-30 12:00:00","2025-10-30 13:00:00","2026-03-01 06:27:29"
Nederland,WindOffshore,Hour,1915957,1915957,0,0,"2025-10-30 13:00:00","2025-10-30 14:00:00","2026-03-01 06:27:29"
Nederland,WindOffshore,Hour,1722962,1722962,0,0,"2025-10-30 14:00:00","2025-10-30 15:00:00","2026-03-01 06:27:29"
Nederland,WindOffshore,Hour,1382418,1382418,0,0,"2025-10-30 15:00:00","2025-10-30 16:00:00","2026-03-01 06:27:29"
Nederland,WindOffshore,Hour,904171,904171,0,0,"2025-10-30 16:00:00","2025-10-30 17:00:00","2026-03-01 06:27:29"
Nederland,WindOffshore,Hour,1138996,1138996,0,0,"2025-10-30 17:00:00","2025-10-30 18:00:00","2026-03-01 06:27:29"
Nederland,WindOffshore,Hour,1795041,1795041,0,0,"2025-10-30 18:00:00","2025-10-30 19:00:00","2026-03-01 06:27:29"
Nederland,WindOffshore,Hour,2085079,2085079,0,0,"2025-10-30 19:00:00","2025-10-30 20:00:00","2026-03-01 06:27:29"
Nederland,WindOffshore,Hour,2704130,2704130,0,0,"2025-10-30 20:00:00","2025-10-30 21:00:00","2026-03-01 06:27:29"
Nederland,WindOffshore,Hour,2747949,2747949,0,0,"2025-10-30 21:00:00","2025-10-30 22:00:00","2026-03-01 06:27:29"
Nederland,WindOffshore,Hour,3049500,3049500,0,0,"2025-10-30 22:00:00","2025-10-30 23:00:00","2026-03-01 06:27:29"
Nederland,WindOffshore,Hour,3481513,3481513,0,0,"2025-10-30 23:00:00","2025-10-31 00:00:00","2026-03-01 06:27:29"
Nederland,WindOffshore,Hour,3724541,3724541,0,0,"2025-10-31 00:00:00","2025-10-31 01:00:00","2026-03-02 06:27:56"
Nederland,WindOffshore,Hour,3979549,3979549,0,0,"2025-10-31 01:00:00","2025-10-31 02:00:00","2026-03-02 06:27:56"
Nederland,WindOffshore,Hour,3876364,3876364,0,0,"2025-10-31 02:00:00","2025-10-31 03:00:00","2026-03-02 06:27:56"
Nederland,WindOffshore,Hour,3875022,3875022,0,0,"2025-10-31 03:00:00","2025-10-31 04:00:00","2026-03-02 06:27:56"
Nederland,WindOffshore,Hour,4091671,4091671,0,0,"2025-10-31 04:00:00","2025-10-31 05:00:00","2026-03-02 06:27:56"
Nederland,WindOffshore,Hour,4052627,4052627,0,0,"2025-10-31 05:00:00","2025-10-31 06:00:00","2026-03-02 06:27:56"
Nederland,WindOffshore,Hour,3800789,3800789,0,0,"2025-10-31 06:00:00","2025-10-31 07:00:00","2026-03-02 06:27:56"
Nederland,WindOffshore,Hour,3848462,3848462,0,0,"2025-10-31 07:00:00","2025-10-31 08:00:00","2026-03-02 06:27:56"
Nederland,WindOffshore,Hour,3831506,3831506,0,0,"2025-10-31 08:00:00","2025-10-31 09:00:00","2026-03-02 06:27:56"
Nederland,WindOffshore,Hour,3779276,3779276,0,0,"2025-10-31 09:00:00","2025-10-31 10:00:00","2026-03-02 06:27:56"
Nederland,WindOffshore,Hour,3763465,3763465,0,0,"2025-10-31 10:00:00","2025-10-31 11:00:00","2026-03-02 06:27:56"
Nederland,WindOffshore,Hour,3633042,3633042,0,0,"2025-10-31 11:00:00","2025-10-31 12:00:00","2026-03-02 06:27:56"
Nederland,WindOffshore,Hour,3769921,3769921,0,0,"2025-10-31 12:00:00","2025-10-31 13:00:00","2026-03-02 06:27:56"
Nederland,WindOffshore,Hour,3666196,3666196,0,0,"2025-10-31 13:00:00","2025-10-31 14:00:00","2026-03-02 06:27:56"
Nederland,WindOffshore,Hour,3757603,3757603,0,0,"2025-10-31 14:00:00","2025-10-31 15:00:00","2026-03-02 06:27:56"
Nederland,WindOffshore,Hour,3843310,3843310,0,0,"2025-10-31 15:00:00","2025-10-31 16:00:00","2026-03-02 06:27:56"
Nederland,WindOffshore,Hour,3853534,3853534,0,0,"2025-10-31 16:00:00","2025-10-31 17:00:00","2026-03-02 06:27:56"
Nederland,WindOffshore,Hour,3967120,3967120,0,0,"2025-10-31 17:00:00","2025-10-31 18:00:00","2026-03-02 06:27:56"
Nederland,WindOffshore,Hour,4095398,4095398,0,0,"2025-10-31 18:00:00","2025-10-31 19:00:00","2026-03-02 06:27:56"
Nederland,WindOffshore,Hour,4230595,4230595,0,0,"2025-10-31 19:00:00","2025-10-31 20:00:00","2026-03-02 06:27:56"
Nederland,WindOffshore,Hour,4232536,4232536,0,0,"2025-10-31 20:00:00","2025-10-31 21:00:00","2026-03-02 06:27:56"
Nederland,WindOffshore,Hour,4202034,4202034,0,0,"2025-10-31 21:00:00","2025-10-31 22:00:00","2026-03-02 06:27:56"
Nederland,WindOffshore,Hour,4213478,4213478,0,0,"2025-10-31 22:00:00","2025-10-31 23:00:00","2026-03-02 06:27:56"
Nederland,WindOffshore,Hour,4251942,4251942,0,0,"2025-10-31 23:00:00","2025-11-01 00:00:00","2026-03-02 06:27:56"
Nederland,WindOffshore,Hour,4329647,4329647,0,0,"2025-11-01 00:00:00","2025-11-01 01:00:00","2026-03-03 06:27:28"
Nederland,WindOffshore,Hour,4306346,4306346,0,0,"2025-11-01 01:00:00","2025-11-01 02:00:00","2026-03-03 06:27:28"
Nederland,WindOffshore,Hour,4325141,4325141,0,0,"2025-11-01 02:00:00","2025-11-01 03:00:00","2026-03-03 06:27:28"
Nederland,WindOffshore,Hour,4352710,4352710,0,0,"2025-11-01 03:00:00","2025-11-01 04:00:00","2026-03-03 06:27:28"
Nederland,WindOffshore,Hour,4366824,4366824,0,0,"2025-11-01 04:00:00","2025-11-01 05:00:00","2026-03-03 06:27:28"
Nederland,WindOffshore,Hour,4233443,4233443,0,0,"2025-11-01 05:00:00","2025-11-01 06:00:00","2026-03-03 06:27:28"
Nederland,WindOffshore,Hour,4031570,4031570,0,0,"2025-11-01 06:00:00","2025-11-01 07:00:00","2026-03-03 06:27:28"
Nederland,WindOffshore,Hour,3981025,3981025,0,0,"2025-11-01 07:00:00","2025-11-01 08:00:00","2026-03-03 06:27:28"
Nederland,WindOffshore,Hour,3845130,3845130,0,0,"2025-11-01 08:00:00","2025-11-01 09:00:00","2026-03-03 06:27:28"
Nederland,WindOffshore,Hour,3815692,3815692,0,0,"2025-11-01 09:00:00","2025-11-01 10:00:00","2026-03-03 06:27:28"
Nederland,WindOffshore,Hour,4029713,4029713,0,0,"2025-11-01 10:00:00","2025-11-01 11:00:00","2026-03-03 06:27:28"
Nederland,WindOffshore,Hour,4024952,4024952,0,0,"2025-11-01 11:00:00","2025-11-01 12:00:00","2026-03-03 06:27:28"
Nederland,WindOffshore,Hour,4133476,4133476,0,0,"2025-11-01 12:00:00","2025-11-01 13:00:00","2026-03-03 06:27:28"
Nederland,WindOffshore,Hour,4322007,4322007,0,0,"2025-11-01 13:00:00","2025-11-01 14:00:00","2026-03-03 06:27:28"
Nederland,WindOffshore,Hour,4319596,4319596,0,0,"2025-11-01 14:00:00","2025-11-01 15:00:00","2026-03-03 06:27:28"
Nederland,WindOffshore,Hour,4226895,4226895,0,0,"2025-11-01 15:00:00","2025-11-01 16:00:00","2026-03-03 06:27:28"
Nederland,WindOffshore,Hour,4199140,4199140,0,0,"2025-11-01 16:00:00","2025-11-01 17:00:00","2026-03-03 06:27:28"
Nederland,WindOffshore,Hour,4105047,4105047,0,0,"2025-11-01 17:00:00","2025-11-01 18:00:00","2026-03-03 06:27:28"
Nederland,WindOffshore,Hour,4105186,4105186,0,0,"2025-11-01 18:00:00","2025-11-01 19:00:00","2026-03-03 06:27:28"
Nederland,WindOffshore,Hour,4124324,4124324,0,0,"2025-11-01 19:00:00","2025-11-01 20:00:00","2026-03-03 06:27:28"
Nederland,WindOffshore,Hour,4270995,4270995,0,0,"2025-11-01 20:00:00","2025-11-01 21:00:00","2026-03-03 06:27:28"
Nederland,WindOffshore,Hour,4333447,4333447,0,0,"2025-11-01 21:00:00","2025-11-01 22:00:00","2026-03-03 06:27:28"
Nederland,WindOffshore,Hour,4369438,4369438,0,0,"2025-11-01 22:00:00","2025-11-01 23:00:00","2026-03-03 06:27:28"
Nederland,WindOffshore,Hour,4292442,4292442,0,0,"2025-11-01 23:00:00","2025-11-02 00:00:00","2026-03-03 06:27:28"
Nederland,WindOffshore,Hour,4316893,4316893,0,0,"2025-11-02 00:00:00","2025-11-02 01:00:00","2026-03-04 06:27:38"
Nederland,WindOffshore,Hour,4141607,4141607,0,0,"2025-11-02 01:00:00","2025-11-02 02:00:00","2026-03-04 06:27:38"
Nederland,WindOffshore,Hour,3654620,3654620,0,0,"2025-11-02 02:00:00","2025-11-02 03:00:00","2026-03-04 06:27:38"
Nederland,WindOffshore,Hour,3472401,3472401,0,0,"2025-11-02 03:00:00","2025-11-02 04:00:00","2026-03-04 06:27:38"
Nederland,WindOffshore,Hour,3208000,3208000,0,0,"2025-11-02 04:00:00","2025-11-02 05:00:00","2026-03-04 06:27:38"
Nederland,WindOffshore,Hour,2992174,2992174,0,0,"2025-11-02 05:00:00","2025-11-02 06:00:00","2026-03-04 06:27:38"
Nederland,WindOffshore,Hour,2874906,2874906,0,0,"2025-11-02 06:00:00","2025-11-02 07:00:00","2026-03-04 06:27:38"
Nederland,WindOffshore,Hour,2549517,2549517,0,0,"2025-11-02 07:00:00","2025-11-02 08:00:00","2026-03-04 06:27:38"
Nederland,WindOffshore,Hour,2685872,2685872,0,0,"2025-11-02 08:00:00","2025-11-02 09:00:00","2026-03-04 06:27:38"
Nederland,WindOffshore,Hour,2875573,2875573,0,0,"2025-11-02 09:00:00","2025-11-02 10:00:00","2026-03-04 06:27:38"
Nederland,WindOffshore,Hour,2972144,2972144,0,0,"2025-11-02 10:00:00","2025-11-02 11:00:00","2026-03-04 06:27:38"
Nederland,WindOffshore,Hour,3421519,3421519,0,0,"2025-11-02 11:00:00","2025-11-02 12:00:00","2026-03-04 06:27:38"
Nederland,WindOffshore,Hour,3283336,3283336,0,0,"2025-11-02 12:00:00","2025-11-02 13:00:00","2026-03-04 06:27:38"
Nederland,WindOffshore,Hour,2970194,2970194,0,0,"2025-11-02 13:00:00","2025-11-02 14:00:00","2026-03-04 06:27:38"
Nederland,WindOffshore,Hour,2207671,2207671,0,0,"2025-11-02 14:00:00","2025-11-02 15:00:00","2026-03-04 06:27:38"
Nederland,WindOffshore,Hour,2484627,2484627,0,0,"2025-11-02 15:00:00","2025-11-02 16:00:00","2026-03-04 06:27:38"
Nederland,WindOffshore,Hour,3245514,3245514,0,0,"2025-11-02 16:00:00","2025-11-02 17:00:00","2026-03-04 06:27:38"
Nederland,WindOffshore,Hour,3376471,3376471,0,0,"2025-11-02 17:00:00","2025-11-02 18:00:00","2026-03-04 06:27:38"
Nederland,WindOffshore,Hour,3652227,3652227,0,0,"2025-11-02 18:00:00","2025-11-02 19:00:00","2026-03-04 06:27:38"
Nederland,WindOffshore,Hour,3667148,3667148,0,0,"2025-11-02 19:00:00","2025-11-02 20:00:00","2026-03-04 06:27:38"
Nederland,WindOffshore,Hour,3230789,3230789,0,0,"2025-11-02 20:00:00","2025-11-02 21:00:00","2026-03-04 06:27:38"
Nederland,WindOffshore,Hour,2477147,2477147,0,0,"2025-11-02 21:00:00","2025-11-02 22:00:00","2026-03-04 06:27:38"
Nederland,WindOffshore,Hour,2178075,2178075,0,0,"2025-11-02 22:00:00","2025-11-02 23:00:00","2026-03-04 06:27:38"
Nederland,WindOffshore,Hour,2126471,2126471,0,0,"2025-11-02 23:00:00","2025-11-03 00:00:00","2026-03-04 06:27:38"
Nederland,WindOffshore,Hour,2055200,2055200,0,0,"2025-11-03 00:00:00","2025-11-03 01:00:00","2026-03-05 06:27:55"
Nederland,WindOffshore,Hour,2103040,2103040,0,0,"2025-11-03 01:00:00","2025-11-03 02:00:00","2026-03-05 06:27:55"
Nederland,WindOffshore,Hour,2691979,2691979,0,0,"2025-11-03 02:00:00","2025-11-03 03:00:00","2026-03-05 06:27:55"
Nederland,WindOffshore,Hour,3273007,3273007,0,0,"2025-11-03 03:00:00","2025-11-03 04:00:00","2026-03-05 06:27:55"
Nederland,WindOffshore,Hour,3902966,3902966,0,0,"2025-11-03 04:00:00","2025-11-03 05:00:00","2026-03-05 06:27:55"
Nederland,WindOffshore,Hour,4187136,4187136,0,0,"2025-11-03 05:00:00","2025-11-03 06:00:00","2026-03-05 06:27:55"
Nederland,WindOffshore,Hour,4231768,4231768,0,0,"2025-11-03 06:00:00","2025-11-03 07:00:00","2026-03-05 06:27:55"
Nederland,WindOffshore,Hour,4318187,4318187,0,0,"2025-11-03 07:00:00","2025-11-03 08:00:00","2026-03-05 06:27:55"
Nederland,WindOffshore,Hour,4358127,4358127,0,0,"2025-11-03 08:00:00","2025-11-03 09:00:00","2026-03-05 06:27:55"
Nederland,WindOffshore,Hour,4415503,4415503,0,0,"2025-11-03 09:00:00","2025-11-03 10:00:00","2026-03-05 06:27:55"
Nederland,WindOffshore,Hour,4431490,4431490,0,0,"2025-11-03 10:00:00","2025-11-03 11:00:00","2026-03-05 06:27:55"
Nederland,WindOffshore,Hour,4453171,4453171,0,0,"2025-11-03 11:00:00","2025-11-03 12:00:00","2026-03-05 06:27:55"
Nederland,WindOffshore,Hour,4467455,4467455,0,0,"2025-11-03 12:00:00","2025-11-03 13:00:00","2026-03-05 06:27:55"
Nederland,WindOffshore,Hour,4467252,4467252,0,0,"2025-11-03 13:00:00","2025-11-03 14:00:00","2026-03-05 06:27:55"
Nederland,WindOffshore,Hour,4472362,4472362,0,0,"2025-11-03 14:00:00","2025-11-03 15:00:00","2026-03-05 06:27:55"
Nederland,WindOffshore,Hour,4464110,4464110,0,0,"2025-11-03 15:00:00","2025-11-03 16:00:00","2026-03-05 06:27:55"
Nederland,WindOffshore,Hour,4466092,4466092,0,0,"2025-11-03 16:00:00","2025-11-03 17:00:00","2026-03-05 06:27:55"
Nederland,WindOffshore,Hour,4487163,4487163,0,0,"2025-11-03 17:00:00","2025-11-03 18:00:00","2026-03-05 06:27:55"
Nederland,WindOffshore,Hour,4488999,4488999,0,0,"2025-11-03 18:00:00","2025-11-03 19:00:00","2026-03-05 06:27:55"
Nederland,WindOffshore,Hour,4493243,4493243,0,0,"2025-11-03 19:00:00","2025-11-03 20:00:00","2026-03-05 06:27:55"
Nederland,WindOffshore,Hour,4483278,4483278,0,0,"2025-11-03 20:00:00","2025-11-03 21:00:00","2026-03-05 06:27:55"
Nederland,WindOffshore,Hour,4465088,4465088,0,0,"2025-11-03 21:00:00","2025-11-03 22:00:00","2026-03-05 06:27:55"
Nederland,WindOffshore,Hour,4444716,4444716,0,0,"2025-11-03 22:00:00","2025-11-03 23:00:00","2026-03-05 06:27:55"
Nederland,WindOffshore,Hour,4454619,4454619,0,0,"2025-11-03 23:00:00","2025-11-04 00:00:00","2026-03-05 06:27:55"
Nederland,WindOffshore,Hour,4456194,4456194,0,0,"2025-11-04 00:00:00","2025-11-04 01:00:00","2026-03-06 06:27:30"
Nederland,WindOffshore,Hour,4438715,4438715,0,0,"2025-11-04 01:00:00","2025-11-04 02:00:00","2026-03-06 06:27:30"
Nederland,WindOffshore,Hour,4430821,4430821,0,0,"2025-11-04 02:00:00","2025-11-04 03:00:00","2026-03-06 06:27:30"
Nederland,WindOffshore,Hour,4407878,4407878,0,0,"2025-11-04 03:00:00","2025-11-04 04:00:00","2026-03-06 06:27:30"
Nederland,WindOffshore,Hour,4379496,4379496,0,0,"2025-11-04 04:00:00","2025-11-04 05:00:00","2026-03-06 06:27:30"
Nederland,WindOffshore,Hour,4160745,4160745,0,0,"2025-11-04 05:00:00","2025-11-04 06:00:00","2026-03-06 06:27:30"
Nederland,WindOffshore,Hour,4176450,4176450,0,0,"2025-11-04 06:00:00","2025-11-04 07:00:00","2026-03-06 06:27:30"
Nederland,WindOffshore,Hour,4197251,4197251,0,0,"2025-11-04 07:00:00","2025-11-04 08:00:00","2026-03-06 06:27:30"
Nederland,WindOffshore,Hour,4147578,4147578,0,0,"2025-11-04 08:00:00","2025-11-04 09:00:00","2026-03-06 06:27:30"
Nederland,WindOffshore,Hour,4133343,4133343,0,0,"2025-11-04 09:00:00","2025-11-04 10:00:00","2026-03-06 06:27:30"
Nederland,WindOffshore,Hour,4163686,4163686,0,0,"2025-11-04 10:00:00","2025-11-04 11:00:00","2026-03-06 06:27:30"
Nederland,WindOffshore,Hour,4017403,4017403,0,0,"2025-11-04 11:00:00","2025-11-04 12:00:00","2026-03-06 06:27:30"
Nederland,WindOffshore,Hour,4196496,4196496,0,0,"2025-11-04 12:00:00","2025-11-04 13:00:00","2026-03-06 06:27:30"
Nederland,WindOffshore,Hour,4187666,4187666,0,0,"2025-11-04 13:00:00","2025-11-04 14:00:00","2026-03-06 06:27:30"
Nederland,WindOffshore,Hour,4120918,4120918,0,0,"2025-11-04 14:00:00","2025-11-04 15:00:00","2026-03-06 06:27:30"
Nederland,WindOffshore,Hour,4090896,4090896,0,0,"2025-11-04 15:00:00","2025-11-04 16:00:00","2026-03-06 06:27:30"
Nederland,WindOffshore,Hour,4230858,4230858,0,0,"2025-11-04 16:00:00","2025-11-04 17:00:00","2026-03-06 06:27:30"
Nederland,WindOffshore,Hour,4014241,4014241,0,0,"2025-11-04 17:00:00","2025-11-04 18:00:00","2026-03-06 06:27:30"
Nederland,WindOffshore,Hour,3971072,3971072,0,0,"2025-11-04 18:00:00","2025-11-04 19:00:00","2026-03-06 06:27:30"
Nederland,WindOffshore,Hour,3946722,3946722,0,0,"2025-11-04 19:00:00","2025-11-04 20:00:00","2026-03-06 06:27:30"
Nederland,WindOffshore,Hour,4127729,4127729,0,0,"2025-11-04 20:00:00","2025-11-04 21:00:00","2026-03-06 06:27:30"
Nederland,WindOffshore,Hour,4209987,4209987,0,0,"2025-11-04 21:00:00","2025-11-04 22:00:00","2026-03-06 06:27:30"
Nederland,WindOffshore,Hour,4195543,4195543,0,0,"2025-11-04 22:00:00","2025-11-04 23:00:00","2026-03-06 06:27:30"
Nederland,WindOffshore,Hour,3925144,3925144,0,0,"2025-11-04 23:00:00","2025-11-05 00:00:00","2026-03-06 06:27:30"
Nederland,WindOffshore,Hour,3956438,3956438,0,0,"2025-11-05 00:00:00","2025-11-05 01:00:00","2026-03-07 06:27:54"
Nederland,WindOffshore,Hour,3822201,3822201,0,0,"2025-11-05 01:00:00","2025-11-05 02:00:00","2026-03-07 06:27:54"
Nederland,WindOffshore,Hour,3684272,3684272,0,0,"2025-11-05 02:00:00","2025-11-05 03:00:00","2026-03-07 06:27:54"
Nederland,WindOffshore,Hour,3453140,3453140,0,0,"2025-11-05 03:00:00","2025-11-05 04:00:00","2026-03-07 06:27:54"
Nederland,WindOffshore,Hour,3212783,3212783,0,0,"2025-11-05 04:00:00","2025-11-05 05:00:00","2026-03-07 06:27:54"
Nederland,WindOffshore,Hour,2926063,2926063,0,0,"2025-11-05 05:00:00","2025-11-05 06:00:00","2026-03-07 06:27:54"
Nederland,WindOffshore,Hour,2562531,2562531,0,0,"2025-11-05 06:00:00","2025-11-05 07:00:00","2026-03-07 06:27:54"
Nederland,WindOffshore,Hour,2727684,2727684,0,0,"2025-11-05 07:00:00","2025-11-05 08:00:00","2026-03-07 06:27:54"
Nederland,WindOffshore,Hour,3042572,3042572,0,0,"2025-11-05 08:00:00","2025-11-05 09:00:00","2026-03-07 06:27:54"
Nederland,WindOffshore,Hour,3249655,3249655,0,0,"2025-11-05 09:00:00","2025-11-05 10:00:00","2026-03-07 06:27:54"
Nederland,WindOffshore,Hour,3100452,3100452,0,0,"2025-11-05 10:00:00","2025-11-05 11:00:00","2026-03-07 06:27:54"
Nederland,WindOffshore,Hour,2893974,2893974,0,0,"2025-11-05 11:00:00","2025-11-05 12:00:00","2026-03-07 06:27:54"
Nederland,WindOffshore,Hour,2500825,2500825,0,0,"2025-11-05 12:00:00","2025-11-05 13:00:00","2026-03-07 06:27:54"
Nederland,WindOffshore,Hour,2927952,2927952,0,0,"2025-11-05 13:00:00","2025-11-05 14:00:00","2026-03-07 06:27:54"
Nederland,WindOffshore,Hour,3435410,3435410,0,0,"2025-11-05 14:00:00","2025-11-05 15:00:00","2026-03-07 06:27:54"
Nederland,WindOffshore,Hour,3578995,3578995,0,0,"2025-11-05 15:00:00","2025-11-05 16:00:00","2026-03-07 06:27:54"
Nederland,WindOffshore,Hour,4090476,4090476,0,0,"2025-11-05 16:00:00","2025-11-05 17:00:00","2026-03-07 06:27:54"
Nederland,WindOffshore,Hour,4150541,4150541,0,0,"2025-11-05 17:00:00","2025-11-05 18:00:00","2026-03-07 06:27:54"
Nederland,WindOffshore,Hour,4004202,4004202,0,0,"2025-11-05 18:00:00","2025-11-05 19:00:00","2026-03-07 06:27:54"
Nederland,WindOffshore,Hour,3589163,3589163,0,0,"2025-11-05 19:00:00","2025-11-05 20:00:00","2026-03-07 06:27:54"
Nederland,WindOffshore,Hour,3277748,3277748,0,0,"2025-11-05 20:00:00","2025-11-05 21:00:00","2026-03-07 06:27:54"
Nederland,WindOffshore,Hour,3090046,3090046,0,0,"2025-11-05 21:00:00","2025-11-05 22:00:00","2026-03-07 06:27:54"
Nederland,WindOffshore,Hour,2670107,2670107,0,0,"2025-11-05 22:00:00","2025-11-05 23:00:00","2026-03-07 06:27:54"
Nederland,WindOffshore,Hour,2054486,2054486,0,0,"2025-11-05 23:00:00","2025-11-06 00:00:00","2026-03-07 06:27:54"
Nederland,WindOffshore,Hour,1755363,1755363,0,0,"2025-11-06 00:00:00","2025-11-06 01:00:00","2026-03-08 06:27:55"
Nederland,WindOffshore,Hour,2025496,2025496,0,0,"2025-11-06 01:00:00","2025-11-06 02:00:00","2026-03-08 06:27:55"
Nederland,WindOffshore,Hour,1847195,1847195,0,0,"2025-11-06 02:00:00","2025-11-06 03:00:00","2026-03-08 06:27:55"
Nederland,WindOffshore,Hour,1823985,1823985,0,0,"2025-11-06 03:00:00","2025-11-06 04:00:00","2026-03-08 06:27:55"
Nederland,WindOffshore,Hour,1729278,1729278,0,0,"2025-11-06 04:00:00","2025-11-06 05:00:00","2026-03-08 06:27:55"
Nederland,WindOffshore,Hour,1486060,1486060,0,0,"2025-11-06 05:00:00","2025-11-06 06:00:00","2026-03-08 06:27:55"
Nederland,WindOffshore,Hour,1247382,1247382,0,0,"2025-11-06 06:00:00","2025-11-06 07:00:00","2026-03-08 06:27:55"
Nederland,WindOffshore,Hour,1092702,1092702,0,0,"2025-11-06 07:00:00","2025-11-06 08:00:00","2026-03-08 06:27:55"
Nederland,WindOffshore,Hour,928600,928600,0,0,"2025-11-06 08:00:00","2025-11-06 09:00:00","2026-03-08 06:27:55"
Nederland,WindOffshore,Hour,527937,527937,0,0,"2025-11-06 09:00:00","2025-11-06 10:00:00","2026-03-08 06:27:55"
Nederland,WindOffshore,Hour,531483,531483,0,0,"2025-11-06 10:00:00","2025-11-06 11:00:00","2026-03-08 06:27:55"
Nederland,WindOffshore,Hour,322524,322524,0,0,"2025-11-06 11:00:00","2025-11-06 12:00:00","2026-03-08 06:27:55"
Nederland,WindOffshore,Hour,192312,192312,0,0,"2025-11-06 12:00:00","2025-11-06 13:00:00","2026-03-08 06:27:55"
Nederland,WindOffshore,Hour,254901,254901,0,0,"2025-11-06 13:00:00","2025-11-06 14:00:00","2026-03-08 06:27:55"
Nederland,WindOffshore,Hour,282684,282684,0,0,"2025-11-06 14:00:00","2025-11-06 15:00:00","2026-03-08 06:27:55"
Nederland,WindOffshore,Hour,443315,443315,0,0,"2025-11-06 15:00:00","2025-11-06 16:00:00","2026-03-08 06:27:55"
Nederland,WindOffshore,Hour,525660,525660,0,0,"2025-11-06 16:00:00","2025-11-06 17:00:00","2026-03-08 06:27:55"
Nederland,WindOffshore,Hour,339124,339124,0,0,"2025-11-06 17:00:00","2025-11-06 18:00:00","2026-03-08 06:27:55"
Nederland,WindOffshore,Hour,305264,305264,0,0,"2025-11-06 18:00:00","2025-11-06 19:00:00","2026-03-08 06:27:55"
Nederland,WindOffshore,Hour,726248,726248,0,0,"2025-11-06 19:00:00","2025-11-06 20:00:00","2026-03-08 06:27:55"
Nederland,WindOffshore,Hour,1009711,1009711,0,0,"2025-11-06 20:00:00","2025-11-06 21:00:00","2026-03-08 06:27:55"
Nederland,WindOffshore,Hour,761370,761370,0,0,"2025-11-06 21:00:00","2025-11-06 22:00:00","2026-03-08 06:27:55"
Nederland,WindOffshore,Hour,737660,737660,0,0,"2025-11-06 22:00:00","2025-11-06 23:00:00","2026-03-08 06:27:55"
Nederland,WindOffshore,Hour,736290,736290,0,0,"2025-11-06 23:00:00","2025-11-07 00:00:00","2026-03-08 06:27:55"
Nederland,WindOffshore,Hour,702741,702741,0,0,"2025-11-07 00:00:00","2025-11-07 01:00:00","2026-03-09 06:27:59"
Nederland,WindOffshore,Hour,724236,724236,0,0,"2025-11-07 01:00:00","2025-11-07 02:00:00","2026-03-09 06:27:59"
Nederland,WindOffshore,Hour,626334,626334,0,0,"2025-11-07 02:00:00","2025-11-07 03:00:00","2026-03-09 06:27:59"
Nederland,WindOffshore,Hour,406241,406241,0,0,"2025-11-07 03:00:00","2025-11-07 04:00:00","2026-03-09 06:27:59"
Nederland,WindOffshore,Hour,273034,273034,0,0,"2025-11-07 04:00:00","2025-11-07 05:00:00","2026-03-09 06:27:59"
Nederland,WindOffshore,Hour,347649,347649,0,0,"2025-11-07 05:00:00","2025-11-07 06:00:00","2026-03-09 06:27:59"
Nederland,WindOffshore,Hour,279395,279395,0,0,"2025-11-07 06:00:00","2025-11-07 07:00:00","2026-03-09 06:27:59"
Nederland,WindOffshore,Hour,256251,256251,0,0,"2025-11-07 07:00:00","2025-11-07 08:00:00","2026-03-09 06:27:59"
Nederland,WindOffshore,Hour,212190,212190,0,0,"2025-11-07 08:00:00","2025-11-07 09:00:00","2026-03-09 06:27:59"
Nederland,WindOffshore,Hour,237261,237261,0,0,"2025-11-07 09:00:00","2025-11-07 10:00:00","2026-03-09 06:27:59"
Nederland,WindOffshore,Hour,145788,145788,0,0,"2025-11-07 10:00:00","2025-11-07 11:00:00","2026-03-09 06:27:59"
Nederland,WindOffshore,Hour,114354,114354,0,0,"2025-11-07 11:00:00","2025-11-07 12:00:00","2026-03-09 06:27:59"
Nederland,WindOffshore,Hour,214140,214140,0,0,"2025-11-07 12:00:00","2025-11-07 13:00:00","2026-03-09 06:27:59"
Nederland,WindOffshore,Hour,485307,485307,0,0,"2025-11-07 13:00:00","2025-11-07 14:00:00","2026-03-09 06:27:59"
Nederland,WindOffshore,Hour,604989,604989,0,0,"2025-11-07 14:00:00","2025-11-07 15:00:00","2026-03-09 06:27:59"
Nederland,WindOffshore,Hour,762870,762870,0,0,"2025-11-07 15:00:00","2025-11-07 16:00:00","2026-03-09 06:27:59"
Nederland,WindOffshore,Hour,866506,866506,0,0,"2025-11-07 16:00:00","2025-11-07 17:00:00","2026-03-09 06:27:59"
Nederland,WindOffshore,Hour,1082682,1082682,0,0,"2025-11-07 17:00:00","2025-11-07 18:00:00","2026-03-09 06:27:59"
Nederland,WindOffshore,Hour,1122937,1122937,0,0,"2025-11-07 18:00:00","2025-11-07 19:00:00","2026-03-09 06:27:59"
Nederland,WindOffshore,Hour,992431,992431,0,0,"2025-11-07 19:00:00","2025-11-07 20:00:00","2026-03-09 06:27:59"
Nederland,WindOffshore,Hour,730734,730734,0,0,"2025-11-07 20:00:00","2025-11-07 21:00:00","2026-03-09 06:27:59"
Nederland,WindOffshore,Hour,712792,712792,0,0,"2025-11-07 21:00:00","2025-11-07 22:00:00","2026-03-09 06:27:59"
Nederland,WindOffshore,Hour,670055,670055,0,0,"2025-11-07 22:00:00","2025-11-07 23:00:00","2026-03-09 06:27:59"
Nederland,WindOffshore,Hour,708473,708473,0,0,"2025-11-07 23:00:00","2025-11-08 00:00:00","2026-03-09 06:27:59"
Nederland,WindOffshore,Hour,670255,670255,0,0,"2025-11-08 00:00:00","2025-11-08 01:00:00","2026-03-10 06:27:59"
Nederland,WindOffshore,Hour,560609,560609,0,0,"2025-11-08 01:00:00","2025-11-08 02:00:00","2026-03-10 06:27:59"
Nederland,WindOffshore,Hour,488043,488043,0,0,"2025-11-08 02:00:00","2025-11-08 03:00:00","2026-03-10 06:27:59"
Nederland,WindOffshore,Hour,558077,558077,0,0,"2025-11-08 03:00:00","2025-11-08 04:00:00","2026-03-10 06:27:59"
Nederland,WindOffshore,Hour,420866,420866,0,0,"2025-11-08 04:00:00","2025-11-08 05:00:00","2026-03-10 06:27:59"
Nederland,WindOffshore,Hour,284737,284737,0,0,"2025-11-08 05:00:00","2025-11-08 06:00:00","2026-03-10 06:27:59"
Nederland,WindOffshore,Hour,176294,176294,0,0,"2025-11-08 06:00:00","2025-11-08 07:00:00","2026-03-10 06:27:59"
Nederland,WindOffshore,Hour,52483,52483,0,0,"2025-11-08 07:00:00","2025-11-08 08:00:00","2026-03-10 06:27:59"
Nederland,WindOffshore,Hour,24322,24322,0,0,"2025-11-08 08:00:00","2025-11-08 09:00:00","2026-03-10 06:27:59"
Nederland,WindOffshore,Hour,69977,69977,0,0,"2025-11-08 09:00:00","2025-11-08 10:00:00","2026-03-10 06:27:59"
Nederland,WindOffshore,Hour,100741,100741,0,0,"2025-11-08 10:00:00","2025-11-08 11:00:00","2026-03-10 06:27:59"
Nederland,WindOffshore,Hour,64499,64499,0,0,"2025-11-08 11:00:00","2025-11-08 12:00:00","2026-03-10 06:27:59"
Nederland,WindOffshore,Hour,11013,11013,0,0,"2025-11-08 12:00:00","2025-11-08 13:00:00","2026-03-10 06:27:59"
Nederland,WindOffshore,Hour,2846,2846,0,0,"2025-11-08 13:00:00","2025-11-08 14:00:00","2026-03-10 06:27:59"
Nederland,WindOffshore,Hour,34365,34365,0,0,"2025-11-08 14:00:00","2025-11-08 15:00:00","2026-03-10 06:27:59"
Nederland,WindOffshore,Hour,40163,40163,0,0,"2025-11-08 15:00:00","2025-11-08 16:00:00","2026-03-10 06:27:59"
Nederland,WindOffshore,Hour,61247,61247,0,0,"2025-11-08 16:00:00","2025-11-08 17:00:00","2026-03-10 06:27:59"
Nederland,WindOffshore,Hour,67245,67245,0,0,"2025-11-08 17:00:00","2025-11-08 18:00:00","2026-03-10 06:27:59"
Nederland,WindOffshore,Hour,148091,148091,0,0,"2025-11-08 18:00:00","2025-11-08 19:00:00","2026-03-10 06:27:59"
Nederland,WindOffshore,Hour,194839,194839,0,0,"2025-11-08 19:00:00","2025-11-08 20:00:00","2026-03-10 06:27:59"
Nederland,WindOffshore,Hour,254820,254820,0,0,"2025-11-08 20:00:00","2025-11-08 21:00:00","2026-03-10 06:27:59"
Nederland,WindOffshore,Hour,243772,243772,0,0,"2025-11-08 21:00:00","2025-11-08 22:00:00","2026-03-10 06:27:59"
Nederland,WindOffshore,Hour,294071,294071,0,0,"2025-11-08 22:00:00","2025-11-08 23:00:00","2026-03-10 06:27:59"
Nederland,WindOffshore,Hour,370826,370826,0,0,"2025-11-08 23:00:00","2025-11-09 00:00:00","2026-03-10 06:27:59"
Nederland,WindOffshore,Hour,535095,535095,0,0,"2025-11-09 00:00:00","2025-11-09 01:00:00","2026-03-11 06:28:10"
Nederland,WindOffshore,Hour,616009,616009,0,0,"2025-11-09 01:00:00","2025-11-09 02:00:00","2026-03-11 06:28:10"
Nederland,WindOffshore,Hour,584723,584723,0,0,"2025-11-09 02:00:00","2025-11-09 03:00:00","2026-03-11 06:28:10"
Nederland,WindOffshore,Hour,462589,462589,0,0,"2025-11-09 03:00:00","2025-11-09 04:00:00","2026-03-11 06:28:10"
Nederland,WindOffshore,Hour,451381,451381,0,0,"2025-11-09 04:00:00","2025-11-09 05:00:00","2026-03-11 06:28:10"
Nederland,WindOffshore,Hour,319936,319936,0,0,"2025-11-09 05:00:00","2025-11-09 06:00:00","2026-03-11 06:28:10"
Nederland,WindOffshore,Hour,284136,284136,0,0,"2025-11-09 06:00:00","2025-11-09 07:00:00","2026-03-11 06:28:10"
Nederland,WindOffshore,Hour,235696,235696,0,0,"2025-11-09 07:00:00","2025-11-09 08:00:00","2026-03-11 06:28:10"
Nederland,WindOffshore,Hour,231954,231954,0,0,"2025-11-09 08:00:00","2025-11-09 09:00:00","2026-03-11 06:28:10"
Nederland,WindOffshore,Hour,327358,327358,0,0,"2025-11-09 09:00:00","2025-11-09 10:00:00","2026-03-11 06:28:10"
Nederland,WindOffshore,Hour,299186,299186,0,0,"2025-11-09 10:00:00","2025-11-09 11:00:00","2026-03-11 06:28:10"
Nederland,WindOffshore,Hour,333313,333313,0,0,"2025-11-09 11:00:00","2025-11-09 12:00:00","2026-03-11 06:28:10"
Nederland,WindOffshore,Hour,362691,362691,0,0,"2025-11-09 12:00:00","2025-11-09 13:00:00","2026-03-11 06:28:10"
Nederland,WindOffshore,Hour,559847,559847,0,0,"2025-11-09 13:00:00","2025-11-09 14:00:00","2026-03-11 06:28:10"
Nederland,WindOffshore,Hour,647942,647942,0,0,"2025-11-09 14:00:00","2025-11-09 15:00:00","2026-03-11 06:28:10"
Nederland,WindOffshore,Hour,775876,775876,0,0,"2025-11-09 15:00:00","2025-11-09 16:00:00","2026-03-11 06:28:10"
Nederland,WindOffshore,Hour,828497,828497,0,0,"2025-11-09 16:00:00","2025-11-09 17:00:00","2026-03-11 06:28:10"
Nederland,WindOffshore,Hour,965968,965968,0,0,"2025-11-09 17:00:00","2025-11-09 18:00:00","2026-03-11 06:28:10"
Nederland,WindOffshore,Hour,892903,892903,0,0,"2025-11-09 18:00:00","2025-11-09 19:00:00","2026-03-11 06:28:10"
Nederland,WindOffshore,Hour,1224664,1224664,0,0,"2025-11-09 19:00:00","2025-11-09 20:00:00","2026-03-11 06:28:10"
Nederland,WindOffshore,Hour,1878200,1878200,0,0,"2025-11-09 20:00:00","2025-11-09 21:00:00","2026-03-11 06:28:10"
Nederland,WindOffshore,Hour,2222253,2222253,0,0,"2025-11-09 21:00:00","2025-11-09 22:00:00","2026-03-11 06:28:10"
Nederland,WindOffshore,Hour,2266723,2266723,0,0,"2025-11-09 22:00:00","2025-11-09 23:00:00","2026-03-11 06:28:10"
Nederland,WindOffshore,Hour,2264803,2264803,0,0,"2025-11-09 23:00:00","2025-11-10 00:00:00","2026-03-11 06:28:10"
Nederland,WindOffshore,Hour,2275781,2275781,0,0,"2025-11-10 00:00:00","2025-11-10 01:00:00","2026-03-11 06:28:10"
Nederland,WindOffshore,Hour,2549662,2549662,0,0,"2025-11-10 01:00:00","2025-11-10 02:00:00","2026-03-11 06:28:10"
Nederland,WindOffshore,Hour,2709294,2709294,0,0,"2025-11-10 02:00:00","2025-11-10 03:00:00","2026-03-11 06:28:10"
Nederland,WindOffshore,Hour,2926234,2926234,0,0,"2025-11-10 03:00:00","2025-11-10 04:00:00","2026-03-11 06:28:10"
Nederland,WindOffshore,Hour,2944175,2944175,0,0,"2025-11-10 04:00:00","2025-11-10 05:00:00","2026-03-11 06:28:10"
Nederland,WindOffshore,Hour,3129172,3129172,0,0,"2025-11-10 05:00:00","2025-11-10 06:00:00","2026-03-11 06:28:10"
Nederland,WindOffshore,Hour,3262439,3262439,0,0,"2025-11-10 06:00:00","2025-11-10 07:00:00","2026-03-11 06:28:10"
Nederland,WindOffshore,Hour,3574886,3574886,0,0,"2025-11-10 07:00:00","2025-11-10 08:00:00","2026-03-11 06:28:10"
Nederland,WindOffshore,Hour,3680777,3680777,0,0,"2025-11-10 08:00:00","2025-11-10 09:00:00","2026-03-11 06:28:10"
Nederland,WindOffshore,Hour,3753151,3753151,0,0,"2025-11-10 09:00:00","2025-11-10 10:00:00","2026-03-11 06:28:10"
Nederland,WindOffshore,Hour,3710100,3710100,0,0,"2025-11-10 10:00:00","2025-11-10 11:00:00","2026-03-11 06:28:10"
Nederland,WindOffshore,Hour,3808282,3808282,0,0,"2025-11-10 11:00:00","2025-11-10 12:00:00","2026-03-11 06:28:10"
Nederland,WindOffshore,Hour,3967360,3967360,0,0,"2025-11-10 12:00:00","2025-11-10 13:00:00","2026-03-11 06:28:10"
Nederland,WindOffshore,Hour,3875728,3875728,0,0,"2025-11-10 13:00:00","2025-11-10 14:00:00","2026-03-11 06:28:10"
Nederland,WindOffshore,Hour,3947672,3947672,0,0,"2025-11-10 14:00:00","2025-11-10 15:00:00","2026-03-11 06:28:10"
Nederland,WindOffshore,Hour,4068867,4068867,0,0,"2025-11-10 15:00:00","2025-11-10 16:00:00","2026-03-11 06:28:10"
Nederland,WindOffshore,Hour,4153019,4153019,0,0,"2025-11-10 16:00:00","2025-11-10 17:00:00","2026-03-11 06:28:10"
Nederland,WindOffshore,Hour,4234783,4234783,0,0,"2025-11-10 17:00:00","2025-11-10 18:00:00","2026-03-11 06:28:10"
Nederland,WindOffshore,Hour,4360870,4360870,0,0,"2025-11-10 18:00:00","2025-11-10 19:00:00","2026-03-11 06:28:10"
Nederland,WindOffshore,Hour,4311077,4311077,0,0,"2025-11-10 19:00:00","2025-11-10 20:00:00","2026-03-11 06:28:10"
Nederland,WindOffshore,Hour,4094657,4094657,0,0,"2025-11-10 20:00:00","2025-11-10 21:00:00","2026-03-11 06:28:10"
Nederland,WindOffshore,Hour,4109729,4109729,0,0,"2025-11-10 21:00:00","2025-11-10 22:00:00","2026-03-11 06:28:10"
Nederland,WindOffshore,Hour,4242296,4242296,0,0,"2025-11-10 22:00:00","2025-11-10 23:00:00","2026-03-11 06:28:10"
Nederland,WindOffshore,Hour,4179941,4179941,0,0,"2025-11-10 23:00:00","2025-11-11 00:00:00","2026-03-11 06:28:10"
Nederland,WindOffshore,Hour,4173852,4173852,0,0,"2025-11-11 00:00:00","2025-11-11 01:00:00","2026-03-11 06:28:10"
Nederland,WindOffshore,Hour,3986389,3986389,0,0,"2025-11-11 01:00:00","2025-11-11 02:00:00","2026-03-11 06:28:10"
Nederland,WindOffshore,Hour,4030821,4030821,0,0,"2025-11-11 02:00:00","2025-11-11 03:00:00","2026-03-11 06:28:10"
Nederland,WindOffshore,Hour,3985444,3985444,0,0,"2025-11-11 03:00:00","2025-11-11 04:00:00","2026-03-11 06:28:10"
Nederland,WindOffshore,Hour,3986759,3986759,0,0,"2025-11-11 04:00:00","2025-11-11 05:00:00","2026-03-11 06:28:10"
Nederland,WindOffshore,Hour,3814168,3814168,0,0,"2025-11-11 05:00:00","2025-11-11 06:00:00","2026-03-11 06:28:10"
Nederland,WindOffshore,Hour,3422847,3422847,0,0,"2025-11-11 06:00:00","2025-11-11 07:00:00","2026-03-11 06:28:10"
Nederland,WindOffshore,Hour,3386719,3386719,0,0,"2025-11-11 07:00:00","2025-11-11 08:00:00","2026-03-11 06:28:10"
Nederland,WindOffshore,Hour,2938298,2938298,0,0,"2025-11-11 08:00:00","2025-11-11 09:00:00","2026-03-11 06:28:10"
Nederland,WindOffshore,Hour,2876663,2876663,0,0,"2025-11-11 09:00:00","2025-11-11 10:00:00","2026-03-11 06:28:10"
Nederland,WindOffshore,Hour,2968202,2968202,0,0,"2025-11-11 10:00:00","2025-11-11 11:00:00","2026-03-11 06:28:10"
Nederland,WindOffshore,Hour,3005238,3005238,0,0,"2025-11-11 11:00:00","2025-11-11 12:00:00","2026-03-11 06:28:10"
Nederland,WindOffshore,Hour,3264949,3264949,0,0,"2025-11-11 12:00:00","2025-11-11 13:00:00","2026-03-11 06:28:10"
Nederland,WindOffshore,Hour,3826507,3826507,0,0,"2025-11-11 13:00:00","2025-11-11 14:00:00","2026-03-11 06:28:10"
Nederland,WindOffshore,Hour,3950757,3950757,0,0,"2025-11-11 14:00:00","2025-11-11 15:00:00","2026-03-11 06:28:10"
Nederland,WindOffshore,Hour,3873425,3873425,0,0,"2025-11-11 15:00:00","2025-11-11 16:00:00","2026-03-11 06:28:10"
Nederland,WindOffshore,Hour,4022639,4022639,0,0,"2025-11-11 16:00:00","2025-11-11 17:00:00","2026-03-11 06:28:10"
Nederland,WindOffshore,Hour,4219610,4219610,0,0,"2025-11-11 17:00:00","2025-11-11 18:00:00","2026-03-11 06:28:10"
Nederland,WindOffshore,Hour,4212737,4212737,0,0,"2025-11-11 18:00:00","2025-11-11 19:00:00","2026-03-11 06:28:10"
Nederland,WindOffshore,Hour,4122265,4122265,0,0,"2025-11-11 19:00:00","2025-11-11 20:00:00","2026-03-11 06:28:10"
Nederland,WindOffshore,Hour,4111663,4111663,0,0,"2025-11-11 20:00:00","2025-11-11 21:00:00","2026-03-11 06:28:10"
Nederland,WindOffshore,Hour,4200936,4200936,0,0,"2025-11-11 21:00:00","2025-11-11 22:00:00","2026-03-11 06:28:10"
Nederland,WindOffshore,Hour,4274996,4274996,0,0,"2025-11-11 22:00:00","2025-11-11 23:00:00","2026-03-11 06:28:10"
Nederland,WindOffshore,Hour,4341158,4341158,0,0,"2025-11-11 23:00:00","2025-11-12 00:00:00","2026-03-11 06:28:10"
Nederland,WindOffshore,Hour,4338370,4338370,0,0,"2025-11-12 00:00:00","2025-11-12 01:00:00","2026-03-11 06:28:10"
Nederland,WindOffshore,Hour,4354281,4354281,0,0,"2025-11-12 01:00:00","2025-11-12 02:00:00","2026-03-11 06:28:10"
Nederland,WindOffshore,Hour,4346609,4346609,0,0,"2025-11-12 02:00:00","2025-11-12 03:00:00","2026-03-11 06:28:10"
Nederland,WindOffshore,Hour,4374222,4374222,0,0,"2025-11-12 03:00:00","2025-11-12 04:00:00","2026-03-11 06:28:10"
Nederland,WindOffshore,Hour,4387056,4387056,0,0,"2025-11-12 04:00:00","2025-11-12 05:00:00","2026-03-11 06:28:10"
Nederland,WindOffshore,Hour,4383194,4383194,0,0,"2025-11-12 05:00:00","2025-11-12 06:00:00","2026-03-11 06:28:10"
Nederland,WindOffshore,Hour,4367904,4367904,0,0,"2025-11-12 06:00:00","2025-11-12 07:00:00","2026-03-11 06:28:10"
Nederland,WindOffshore,Hour,4230851,4230851,0,0,"2025-11-12 07:00:00","2025-11-12 08:00:00","2026-03-11 06:28:10"
Nederland,WindOffshore,Hour,3959974,3959974,0,0,"2025-11-12 08:00:00","2025-11-12 09:00:00","2026-03-11 06:28:10"
Nederland,WindOffshore,Hour,3663877,3663877,0,0,"2025-11-12 09:00:00","2025-11-12 10:00:00","2026-03-11 06:28:10"
Nederland,WindOffshore,Hour,3716108,3716108,0,0,"2025-11-12 10:00:00","2025-11-12 11:00:00","2026-03-11 06:28:10"
Nederland,WindOffshore,Hour,3575431,3575431,0,0,"2025-11-12 11:00:00","2025-11-12 12:00:00","2026-03-11 06:28:10"
Nederland,WindOffshore,Hour,3600845,3600845,0,0,"2025-11-12 12:00:00","2025-11-12 13:00:00","2026-03-11 06:28:10"
Nederland,WindOffshore,Hour,3758572,3758572,0,0,"2025-11-12 13:00:00","2025-11-12 14:00:00","2026-03-11 06:28:10"
Nederland,WindOffshore,Hour,3692829,3692829,0,0,"2025-11-12 14:00:00","2025-11-12 15:00:00","2026-03-11 06:28:10"
Nederland,WindOffshore,Hour,3592469,3592469,0,0,"2025-11-12 15:00:00","2025-11-12 16:00:00","2026-03-11 06:28:10"
Nederland,WindOffshore,Hour,3438366,3438366,0,0,"2025-11-12 16:00:00","2025-11-12 17:00:00","2026-03-11 06:28:10"
Nederland,WindOffshore,Hour,3375955,3375955,0,0,"2025-11-12 17:00:00","2025-11-12 18:00:00","2026-03-11 06:28:10"
Nederland,WindOffshore,Hour,3661002,3661002,0,0,"2025-11-12 18:00:00","2025-11-12 19:00:00","2026-03-11 06:28:10"
Nederland,WindOffshore,Hour,3562984,3562984,0,0,"2025-11-12 19:00:00","2025-11-12 20:00:00","2026-03-11 06:28:10"
Nederland,WindOffshore,Hour,3871713,3871713,0,0,"2025-11-12 20:00:00","2025-11-12 21:00:00","2026-03-11 06:28:10"
Nederland,WindOffshore,Hour,3790850,3790850,0,0,"2025-11-12 21:00:00","2025-11-12 22:00:00","2026-03-11 06:28:10"
Nederland,WindOffshore,Hour,3696148,3696148,0,0,"2025-11-12 22:00:00","2025-11-12 23:00:00","2026-03-11 06:28:10"
Nederland,WindOffshore,Hour,3510587,3510587,0,0,"2025-11-12 23:00:00","2025-11-13 00:00:00","2026-03-11 06:28:10"
Nederland,WindOffshore,Hour,2975587,2975587,0,0,"2025-11-13 00:00:00","2025-11-13 01:00:00","2026-03-11 06:28:10"
Nederland,WindOffshore,Hour,2455451,2455451,0,0,"2025-11-13 01:00:00","2025-11-13 02:00:00","2026-03-11 06:28:10"
Nederland,WindOffshore,Hour,3249814,3249814,0,0,"2025-11-13 02:00:00","2025-11-13 03:00:00","2026-03-11 06:28:10"
Nederland,WindOffshore,Hour,4034997,4034997,0,0,"2025-11-13 03:00:00","2025-11-13 04:00:00","2026-03-11 06:28:10"
Nederland,WindOffshore,Hour,4221496,4221496,0,0,"2025-11-13 04:00:00","2025-11-13 05:00:00","2026-03-11 06:28:10"
Nederland,WindOffshore,Hour,4330886,4330886,0,0,"2025-11-13 05:00:00","2025-11-13 06:00:00","2026-03-11 06:28:10"
Nederland,WindOffshore,Hour,4339497,4339497,0,0,"2025-11-13 06:00:00","2025-11-13 07:00:00","2026-03-11 06:28:10"
Nederland,WindOffshore,Hour,4355568,4355568,0,0,"2025-11-13 07:00:00","2025-11-13 08:00:00","2026-03-11 06:28:10"
Nederland,WindOffshore,Hour,4223245,4223245,0,0,"2025-11-13 08:00:00","2025-11-13 09:00:00","2026-03-11 06:28:10"
Nederland,WindOffshore,Hour,4096744,4096744,0,0,"2025-11-13 09:00:00","2025-11-13 10:00:00","2026-03-11 06:28:10"
Nederland,WindOffshore,Hour,4100803,4100803,0,0,"2025-11-13 10:00:00","2025-11-13 11:00:00","2026-03-11 06:28:10"
Nederland,WindOffshore,Hour,3914205,3914205,0,0,"2025-11-13 11:00:00","2025-11-13 12:00:00","2026-03-11 06:28:10"
Nederland,WindOffshore,Hour,3187599,3187599,0,0,"2025-11-13 12:00:00","2025-11-13 13:00:00","2026-03-11 06:28:10"
Nederland,WindOffshore,Hour,2546586,2546586,0,0,"2025-11-13 13:00:00","2025-11-13 14:00:00","2026-03-11 06:28:10"
Nederland,WindOffshore,Hour,2139550,2139550,0,0,"2025-11-13 14:00:00","2025-11-13 15:00:00","2026-03-11 06:28:10"
Nederland,WindOffshore,Hour,1674887,1674887,0,0,"2025-11-13 15:00:00","2025-11-13 16:00:00","2026-03-11 06:28:10"
Nederland,WindOffshore,Hour,1055952,1055952,0,0,"2025-11-13 16:00:00","2025-11-13 17:00:00","2026-03-11 06:28:10"
Nederland,WindOffshore,Hour,873165,873165,0,0,"2025-11-13 17:00:00","2025-11-13 18:00:00","2026-03-11 06:28:10"
Nederland,WindOffshore,Hour,812671,812671,0,0,"2025-11-13 18:00:00","2025-11-13 19:00:00","2026-03-11 06:28:10"
Nederland,WindOffshore,Hour,229514,229514,0,0,"2025-11-13 19:00:00","2025-11-13 20:00:00","2026-03-11 06:28:10"
Nederland,WindOffshore,Hour,47657,47657,0,0,"2025-11-13 20:00:00","2025-11-13 21:00:00","2026-03-11 06:28:10"
Nederland,WindOffshore,Hour,20104,20104,0,0,"2025-11-13 21:00:00","2025-11-13 22:00:00","2026-03-11 06:28:10"
Nederland,WindOffshore,Hour,49247,49247,0,0,"2025-11-13 22:00:00","2025-11-13 23:00:00","2026-03-11 06:28:10"
Nederland,WindOffshore,Hour,176378,176378,0,0,"2025-11-13 23:00:00","2025-11-14 00:00:00","2026-03-11 06:28:10"
Nederland,WindOffshore,Hour,522176,522176,0,0,"2025-11-14 00:00:00","2025-11-14 01:00:00","2026-03-11 06:28:10"
Nederland,WindOffshore,Hour,873950,873950,0,0,"2025-11-14 01:00:00","2025-11-14 02:00:00","2026-03-11 06:28:10"
Nederland,WindOffshore,Hour,1055685,1055685,0,0,"2025-11-14 02:00:00","2025-11-14 03:00:00","2026-03-11 06:28:10"
Nederland,WindOffshore,Hour,1209291,1209291,0,0,"2025-11-14 03:00:00","2025-11-14 04:00:00","2026-03-11 06:28:10"
Nederland,WindOffshore,Hour,1687935,1687935,0,0,"2025-11-14 04:00:00","2025-11-14 05:00:00","2026-03-11 06:28:10"
Nederland,WindOffshore,Hour,2704425,2704425,0,0,"2025-11-14 05:00:00","2025-11-14 06:00:00","2026-03-11 06:28:10"
Nederland,WindOffshore,Hour,2876438,2876438,0,0,"2025-11-14 06:00:00","2025-11-14 07:00:00","2026-03-11 06:28:10"
Nederland,WindOffshore,Hour,2632446,2632446,0,0,"2025-11-14 07:00:00","2025-11-14 08:00:00","2026-03-11 06:28:10"
Nederland,WindOffshore,Hour,2636691,2636691,0,0,"2025-11-14 08:00:00","2025-11-14 09:00:00","2026-03-11 06:28:10"
Nederland,WindOffshore,Hour,2869473,2869473,0,0,"2025-11-14 09:00:00","2025-11-14 10:00:00","2026-03-11 06:28:10"
Nederland,WindOffshore,Hour,3174764,3174764,0,0,"2025-11-14 10:00:00","2025-11-14 11:00:00","2026-03-11 06:28:10"
Nederland,WindOffshore,Hour,3214972,3214972,0,0,"2025-11-14 11:00:00","2025-11-14 12:00:00","2026-03-11 06:28:10"
Nederland,WindOffshore,Hour,3314011,3314011,0,0,"2025-11-14 12:00:00","2025-11-14 13:00:00","2026-03-11 06:28:10"
Nederland,WindOffshore,Hour,3172546,3172546,0,0,"2025-11-14 13:00:00","2025-11-14 14:00:00","2026-03-11 06:28:10"
Nederland,WindOffshore,Hour,3200781,3200781,0,0,"2025-11-14 14:00:00","2025-11-14 15:00:00","2026-03-11 06:28:10"
Nederland,WindOffshore,Hour,3185318,3185318,0,0,"2025-11-14 15:00:00","2025-11-14 16:00:00","2026-03-11 06:28:10"
Nederland,WindOffshore,Hour,3403173,3403173,0,0,"2025-11-14 16:00:00","2025-11-14 17:00:00","2026-03-11 06:28:10"
Nederland,WindOffshore,Hour,3854075,3854075,0,0,"2025-11-14 17:00:00","2025-11-14 18:00:00","2026-03-11 06:28:10"
Nederland,WindOffshore,Hour,4066942,4066942,0,0,"2025-11-14 18:00:00","2025-11-14 19:00:00","2026-03-11 06:28:10"
Nederland,WindOffshore,Hour,4318746,4318746,0,0,"2025-11-14 19:00:00","2025-11-14 20:00:00","2026-03-11 06:28:10"
Nederland,WindOffshore,Hour,4446945,4446945,0,0,"2025-11-14 20:00:00","2025-11-14 21:00:00","2026-03-11 06:28:10"
Nederland,WindOffshore,Hour,4449529,4449529,0,0,"2025-11-14 21:00:00","2025-11-14 22:00:00","2026-03-11 06:28:10"
Nederland,WindOffshore,Hour,4463489,4463489,0,0,"2025-11-14 22:00:00","2025-11-14 23:00:00","2026-03-11 06:28:10"
Nederland,WindOffshore,Hour,4421854,4421854,0,0,"2025-11-14 23:00:00","2025-11-15 00:00:00","2026-03-11 06:28:10"
Nederland,WindOffshore,Hour,4300669,4300669,0,0,"2025-11-15 00:00:00","2025-11-15 01:00:00","2026-03-11 06:28:10"
Nederland,WindOffshore,Hour,4113312,4113312,0,0,"2025-11-15 01:00:00","2025-11-15 02:00:00","2026-03-11 06:28:10"
Nederland,WindOffshore,Hour,3787368,3787368,0,0,"2025-11-15 02:00:00","2025-11-15 03:00:00","2026-03-11 06:28:10"
Nederland,WindOffshore,Hour,3557643,3557643,0,0,"2025-11-15 03:00:00","2025-11-15 04:00:00","2026-03-11 06:28:10"
Nederland,WindOffshore,Hour,3404441,3404441,0,0,"2025-11-15 04:00:00","2025-11-15 05:00:00","2026-03-11 06:28:10"
Nederland,WindOffshore,Hour,3470753,3470753,0,0,"2025-11-15 05:00:00","2025-11-15 06:00:00","2026-03-11 06:28:10"
Nederland,WindOffshore,Hour,3529103,3529103,0,0,"2025-11-15 06:00:00","2025-11-15 07:00:00","2026-03-11 06:28:10"
Nederland,WindOffshore,Hour,3393057,3393057,0,0,"2025-11-15 07:00:00","2025-11-15 08:00:00","2026-03-11 06:28:10"
Nederland,WindOffshore,Hour,3217983,3217983,0,0,"2025-11-15 08:00:00","2025-11-15 09:00:00","2026-03-11 06:28:10"
Nederland,WindOffshore,Hour,2774953,2774953,0,0,"2025-11-15 09:00:00","2025-11-15 10:00:00","2026-03-11 06:28:10"
Nederland,WindOffshore,Hour,2039044,2039044,0,0,"2025-11-15 10:00:00","2025-11-15 11:00:00","2026-03-11 06:28:10"
Nederland,WindOffshore,Hour,2134537,2134537,0,0,"2025-11-15 11:00:00","2025-11-15 12:00:00","2026-03-11 06:28:10"
Nederland,WindOffshore,Hour,2578429,2578429,0,0,"2025-11-15 12:00:00","2025-11-15 13:00:00","2026-03-11 06:28:10"
Nederland,WindOffshore,Hour,2384940,2384940,0,0,"2025-11-15 13:00:00","2025-11-15 14:00:00","2026-03-11 06:28:10"
Nederland,WindOffshore,Hour,2112526,2112526,0,0,"2025-11-15 14:00:00","2025-11-15 15:00:00","2026-03-11 06:28:10"
Nederland,WindOffshore,Hour,1453485,1453485,0,0,"2025-11-15 15:00:00","2025-11-15 16:00:00","2026-03-11 06:28:10"
Nederland,WindOffshore,Hour,1163840,1163840,0,0,"2025-11-15 16:00:00","2025-11-15 17:00:00","2026-03-11 06:28:10"
Nederland,WindOffshore,Hour,1147232,1147232,0,0,"2025-11-15 17:00:00","2025-11-15 18:00:00","2026-03-11 06:28:10"
Nederland,WindOffshore,Hour,1392406,1392406,0,0,"2025-11-15 18:00:00","2025-11-15 19:00:00","2026-03-11 06:28:10"
Nederland,WindOffshore,Hour,1848937,1848937,0,0,"2025-11-15 19:00:00","2025-11-15 20:00:00","2026-03-11 06:28:10"
Nederland,WindOffshore,Hour,1990500,1990500,0,0,"2025-11-15 20:00:00","2025-11-15 21:00:00","2026-03-11 06:28:10"
Nederland,WindOffshore,Hour,1922382,1922382,0,0,"2025-11-15 21:00:00","2025-11-15 22:00:00","2026-03-11 06:28:10"
Nederland,WindOffshore,Hour,1756460,1756460,0,0,"2025-11-15 22:00:00","2025-11-15 23:00:00","2026-03-11 06:28:10"
Nederland,WindOffshore,Hour,1310071,1310071,0,0,"2025-11-15 23:00:00","2025-11-16 00:00:00","2026-03-11 06:28:10"
Nederland,WindOffshore,Hour,1041634,1041634,0,0,"2025-11-16 00:00:00","2025-11-16 01:00:00","2026-03-11 06:28:10"
Nederland,WindOffshore,Hour,1363044,1363044,0,0,"2025-11-16 01:00:00","2025-11-16 02:00:00","2026-03-11 06:28:10"
Nederland,WindOffshore,Hour,1702601,1702601,0,0,"2025-11-16 02:00:00","2025-11-16 03:00:00","2026-03-11 06:28:10"
Nederland,WindOffshore,Hour,1868698,1868698,0,0,"2025-11-16 03:00:00","2025-11-16 04:00:00","2026-03-11 06:28:10"
Nederland,WindOffshore,Hour,2245781,2245781,0,0,"2025-11-16 04:00:00","2025-11-16 05:00:00","2026-03-11 06:28:10"
Nederland,WindOffshore,Hour,2747486,2747486,0,0,"2025-11-16 05:00:00","2025-11-16 06:00:00","2026-03-11 06:28:10"
Nederland,WindOffshore,Hour,2767074,2767074,0,0,"2025-11-16 06:00:00","2025-11-16 07:00:00","2026-03-11 06:28:10"
Nederland,WindOffshore,Hour,2825464,2825464,0,0,"2025-11-16 07:00:00","2025-11-16 08:00:00","2026-03-11 06:28:10"
Nederland,WindOffshore,Hour,2839071,2839071,0,0,"2025-11-16 08:00:00","2025-11-16 09:00:00","2026-03-11 06:28:10"
Nederland,WindOffshore,Hour,2620795,2620795,0,0,"2025-11-16 09:00:00","2025-11-16 10:00:00","2026-03-11 06:28:10"
Nederland,WindOffshore,Hour,2392733,2392733,0,0,"2025-11-16 10:00:00","2025-11-16 11:00:00","2026-03-11 06:28:10"
Nederland,WindOffshore,Hour,2083009,2083009,0,0,"2025-11-16 11:00:00","2025-11-16 12:00:00","2026-03-11 06:28:10"
Nederland,WindOffshore,Hour,1996737,1996737,0,0,"2025-11-16 12:00:00","2025-11-16 13:00:00","2026-03-11 06:28:10"
Nederland,WindOffshore,Hour,2639630,2639630,0,0,"2025-11-16 13:00:00","2025-11-16 14:00:00","2026-03-11 06:28:10"
Nederland,WindOffshore,Hour,2759590,2759590,0,0,"2025-11-16 14:00:00","2025-11-16 15:00:00","2026-03-11 06:28:10"
Nederland,WindOffshore,Hour,2563748,2563748,0,0,"2025-11-16 15:00:00","2025-11-16 16:00:00","2026-03-11 06:28:10"
Nederland,WindOffshore,Hour,2362491,2362491,0,0,"2025-11-16 16:00:00","2025-11-16 17:00:00","2026-03-11 06:28:10"
Nederland,WindOffshore,Hour,2254149,2254149,0,0,"2025-11-16 17:00:00","2025-11-16 18:00:00","2026-03-11 06:28:10"
Nederland,WindOffshore,Hour,1938937,1938937,0,0,"2025-11-16 18:00:00","2025-11-16 19:00:00","2026-03-11 06:28:10"
Nederland,WindOffshore,Hour,1789319,1789319,0,0,"2025-11-16 19:00:00","2025-11-16 20:00:00","2026-03-11 06:28:10"
Nederland,WindOffshore,Hour,1889663,1889663,0,0,"2025-11-16 20:00:00","2025-11-16 21:00:00","2026-03-11 06:28:10"
Nederland,WindOffshore,Hour,1969417,1969417,0,0,"2025-11-16 21:00:00","2025-11-16 22:00:00","2026-03-11 06:28:10"
Nederland,WindOffshore,Hour,1858748,1858748,0,0,"2025-11-16 22:00:00","2025-11-16 23:00:00","2026-03-11 06:28:10"
Nederland,WindOffshore,Hour,2246235,2246235,0,0,"2025-11-16 23:00:00","2025-11-17 00:00:00","2026-03-11 06:28:10"
Nederland,WindOffshore,Hour,3254598,3254598,0,0,"2025-11-17 00:00:00","2025-11-17 01:00:00","2026-03-11 06:28:10"
Nederland,WindOffshore,Hour,3747048,3747048,0,0,"2025-11-17 01:00:00","2025-11-17 02:00:00","2026-03-11 06:28:10"
Nederland,WindOffshore,Hour,4146490,4146490,0,0,"2025-11-17 02:00:00","2025-11-17 03:00:00","2026-03-11 06:28:10"
Nederland,WindOffshore,Hour,4360476,4360476,0,0,"2025-11-17 03:00:00","2025-11-17 04:00:00","2026-03-11 06:28:10"
Nederland,WindOffshore,Hour,4368775,4368775,0,0,"2025-11-17 04:00:00","2025-11-17 05:00:00","2026-03-11 06:28:10"
Nederland,WindOffshore,Hour,4391787,4391787,0,0,"2025-11-17 05:00:00","2025-11-17 06:00:00","2026-03-11 06:28:10"
Nederland,WindOffshore,Hour,4444140,4444140,0,0,"2025-11-17 06:00:00","2025-11-17 07:00:00","2026-03-11 06:28:10"
Nederland,WindOffshore,Hour,4441941,4441941,0,0,"2025-11-17 07:00:00","2025-11-17 08:00:00","2026-03-11 06:28:10"
Nederland,WindOffshore,Hour,4396128,4396128,0,0,"2025-11-17 08:00:00","2025-11-17 09:00:00","2026-03-11 06:28:10"
Nederland,WindOffshore,Hour,4328255,4328255,0,0,"2025-11-17 09:00:00","2025-11-17 10:00:00","2026-03-11 06:28:10"
Nederland,WindOffshore,Hour,4276320,4276320,0,0,"2025-11-17 10:00:00","2025-11-17 11:00:00","2026-03-11 06:28:10"
Nederland,WindOffshore,Hour,4308589,4308589,0,0,"2025-11-17 11:00:00","2025-11-17 12:00:00","2026-03-11 06:28:10"
Nederland,WindOffshore,Hour,4210288,4210288,0,0,"2025-11-17 12:00:00","2025-11-17 13:00:00","2026-03-11 06:28:10"
Nederland,WindOffshore,Hour,4210258,4210258,0,0,"2025-11-17 13:00:00","2025-11-17 14:00:00","2026-03-11 06:28:10"
Nederland,WindOffshore,Hour,4188362,4188362,0,0,"2025-11-17 14:00:00","2025-11-17 15:00:00","2026-03-11 06:28:10"
Nederland,WindOffshore,Hour,3840847,3840847,0,0,"2025-11-17 15:00:00","2025-11-17 16:00:00","2026-03-11 06:28:10"
Nederland,WindOffshore,Hour,3620448,3620448,0,0,"2025-11-17 16:00:00","2025-11-17 17:00:00","2026-03-11 06:28:10"
Nederland,WindOffshore,Hour,3265239,3265239,0,0,"2025-11-17 17:00:00","2025-11-17 18:00:00","2026-03-11 06:28:10"
Nederland,WindOffshore,Hour,2330275,2330275,0,0,"2025-11-17 18:00:00","2025-11-17 19:00:00","2026-03-11 06:28:10"
Nederland,WindOffshore,Hour,2134572,2134572,0,0,"2025-11-17 19:00:00","2025-11-17 20:00:00","2026-03-11 06:28:10"
Nederland,WindOffshore,Hour,1448119,1448119,0,0,"2025-11-17 20:00:00","2025-11-17 21:00:00","2026-03-11 06:28:10"
Nederland,WindOffshore,Hour,1304592,1304592,0,0,"2025-11-17 21:00:00","2025-11-17 22:00:00","2026-03-11 06:28:10"
Nederland,WindOffshore,Hour,1772174,1772174,0,0,"2025-11-17 22:00:00","2025-11-17 23:00:00","2026-03-11 06:28:10"
Nederland,WindOffshore,Hour,1438256,1438256,0,0,"2025-11-17 23:00:00","2025-11-18 00:00:00","2026-03-11 06:28:10"
Nederland,WindOffshore,Hour,1578350,1578350,0,0,"2025-11-18 00:00:00","2025-11-18 01:00:00","2026-03-11 06:28:10"
Nederland,WindOffshore,Hour,2739085,2739085,0,0,"2025-11-18 01:00:00","2025-11-18 02:00:00","2026-03-11 06:28:10"
Nederland,WindOffshore,Hour,3126346,3126346,0,0,"2025-11-18 02:00:00","2025-11-18 03:00:00","2026-03-11 06:28:10"
Nederland,WindOffshore,Hour,2807242,2807242,0,0,"2025-11-18 03:00:00","2025-11-18 04:00:00","2026-03-11 06:28:10"
Nederland,WindOffshore,Hour,3343070,3343070,0,0,"2025-11-18 04:00:00","2025-11-18 05:00:00","2026-03-11 06:28:10"
Nederland,WindOffshore,Hour,3721750,3721750,0,0,"2025-11-18 05:00:00","2025-11-18 06:00:00","2026-03-11 06:28:10"
Nederland,WindOffshore,Hour,3692516,3692516,0,0,"2025-11-18 06:00:00","2025-11-18 07:00:00","2026-03-11 06:28:10"
Nederland,WindOffshore,Hour,4045809,4045809,0,0,"2025-11-18 07:00:00","2025-11-18 08:00:00","2026-03-11 06:28:10"
Nederland,WindOffshore,Hour,3747158,3747158,0,0,"2025-11-18 08:00:00","2025-11-18 09:00:00","2026-03-11 06:28:10"
Nederland,WindOffshore,Hour,3400451,3400451,0,0,"2025-11-18 09:00:00","2025-11-18 10:00:00","2026-03-11 06:28:10"
Nederland,WindOffshore,Hour,3277043,3277043,0,0,"2025-11-18 10:00:00","2025-11-18 11:00:00","2026-03-11 06:28:10"
Nederland,WindOffshore,Hour,3226250,3226250,0,0,"2025-11-18 11:00:00","2025-11-18 12:00:00","2026-03-11 06:28:10"
Nederland,WindOffshore,Hour,3817439,3817439,0,0,"2025-11-18 12:00:00","2025-11-18 13:00:00","2026-03-11 06:28:10"
Nederland,WindOffshore,Hour,3744434,3744434,0,0,"2025-11-18 13:00:00","2025-11-18 14:00:00","2026-03-11 06:28:10"
Nederland,WindOffshore,Hour,3664085,3664085,0,0,"2025-11-18 14:00:00","2025-11-18 15:00:00","2026-03-11 06:28:10"
Nederland,WindOffshore,Hour,3555604,3555604,0,0,"2025-11-18 15:00:00","2025-11-18 16:00:00","2026-03-11 06:28:10"
Nederland,WindOffshore,Hour,2921469,2921469,0,0,"2025-11-18 16:00:00","2025-11-18 17:00:00","2026-03-11 06:28:10"
Nederland,WindOffshore,Hour,2527892,2527892,0,0,"2025-11-18 17:00:00","2025-11-18 18:00:00","2026-03-11 06:28:10"
Nederland,WindOffshore,Hour,2556782,2556782,0,0,"2025-11-18 18:00:00","2025-11-18 19:00:00","2026-03-11 06:28:10"
Nederland,WindOffshore,Hour,2881543,2881543,0,0,"2025-11-18 19:00:00","2025-11-18 20:00:00","2026-03-11 06:28:10"
Nederland,WindOffshore,Hour,3073371,3073371,0,0,"2025-11-18 20:00:00","2025-11-18 21:00:00","2026-03-11 06:28:10"
Nederland,WindOffshore,Hour,3421435,3421435,0,0,"2025-11-18 21:00:00","2025-11-18 22:00:00","2026-03-11 06:28:10"
Nederland,WindOffshore,Hour,3352272,3352272,0,0,"2025-11-18 22:00:00","2025-11-18 23:00:00","2026-03-11 06:28:10"
Nederland,WindOffshore,Hour,3052778,3052778,0,0,"2025-11-18 23:00:00","2025-11-19 00:00:00","2026-03-11 06:28:10"
Nederland,WindOffshore,Hour,3259172,3259172,0,0,"2025-11-19 00:00:00","2025-11-19 01:00:00","2026-03-11 06:28:10"
Nederland,WindOffshore,Hour,3290038,3290038,0,0,"2025-11-19 01:00:00","2025-11-19 02:00:00","2026-03-11 06:28:10"
Nederland,WindOffshore,Hour,3298162,3298162,0,0,"2025-11-19 02:00:00","2025-11-19 03:00:00","2026-03-11 06:28:10"
Nederland,WindOffshore,Hour,2969154,2969154,0,0,"2025-11-19 03:00:00","2025-11-19 04:00:00","2026-03-11 06:28:10"
Nederland,WindOffshore,Hour,2666068,2666068,0,0,"2025-11-19 04:00:00","2025-11-19 05:00:00","2026-03-11 06:28:10"
Nederland,WindOffshore,Hour,1828973,1828973,0,0,"2025-11-19 05:00:00","2025-11-19 06:00:00","2026-03-11 06:28:10"
Nederland,WindOffshore,Hour,1055743,1055743,0,0,"2025-11-19 06:00:00","2025-11-19 07:00:00","2026-03-11 06:28:10"
Nederland,WindOffshore,Hour,822396,822396,0,0,"2025-11-19 07:00:00","2025-11-19 08:00:00","2026-03-11 06:28:10"
Nederland,WindOffshore,Hour,553057,553057,0,0,"2025-11-19 08:00:00","2025-11-19 09:00:00","2026-03-11 06:28:10"
Nederland,WindOffshore,Hour,581787,581787,0,0,"2025-11-19 09:00:00","2025-11-19 10:00:00","2026-03-11 06:28:10"
Nederland,WindOffshore,Hour,1268472,1268472,0,0,"2025-11-19 10:00:00","2025-11-19 11:00:00","2026-03-11 06:28:10"
Nederland,WindOffshore,Hour,3138744,3138744,0,0,"2025-11-19 11:00:00","2025-11-19 12:00:00","2026-03-11 06:28:10"
Nederland,WindOffshore,Hour,4044451,4044451,0,0,"2025-11-19 12:00:00","2025-11-19 13:00:00","2026-03-11 06:28:10"
Nederland,WindOffshore,Hour,4178020,4178020,0,0,"2025-11-19 13:00:00","2025-11-19 14:00:00","2026-03-11 06:28:10"
Nederland,WindOffshore,Hour,4193538,4193538,0,0,"2025-11-19 14:00:00","2025-11-19 15:00:00","2026-03-11 06:28:10"
Nederland,WindOffshore,Hour,4212650,4212650,0,0,"2025-11-19 15:00:00","2025-11-19 16:00:00","2026-03-11 06:28:10"
Nederland,WindOffshore,Hour,4264154,4264154,0,0,"2025-11-19 16:00:00","2025-11-19 17:00:00","2026-03-11 06:28:10"
Nederland,WindOffshore,Hour,4273581,4273581,0,0,"2025-11-19 17:00:00","2025-11-19 18:00:00","2026-03-11 06:28:10"
Nederland,WindOffshore,Hour,4081913,4081913,0,0,"2025-11-19 18:00:00","2025-11-19 19:00:00","2026-03-11 06:28:10"
Nederland,WindOffshore,Hour,4115348,4115348,0,0,"2025-11-19 19:00:00","2025-11-19 20:00:00","2026-03-11 06:28:10"
Nederland,WindOffshore,Hour,3683217,3683217,0,0,"2025-11-19 20:00:00","2025-11-19 21:00:00","2026-03-11 06:28:10"
Nederland,WindOffshore,Hour,3275213,3275213,0,0,"2025-11-19 21:00:00","2025-11-19 22:00:00","2026-03-11 06:28:10"
Nederland,WindOffshore,Hour,3211023,3211023,0,0,"2025-11-19 22:00:00","2025-11-19 23:00:00","2026-03-11 06:28:10"
Nederland,WindOffshore,Hour,3161200,3161200,0,0,"2025-11-19 23:00:00","2025-11-20 00:00:00","2026-03-11 06:28:10"
Nederland,WindOffshore,Hour,2139951,2139951,0,0,"2025-11-20 00:00:00","2025-11-20 01:00:00","2026-03-11 06:28:10"
Nederland,WindOffshore,Hour,2743433,2743433,0,0,"2025-11-20 01:00:00","2025-11-20 02:00:00","2026-03-11 06:28:10"
Nederland,WindOffshore,Hour,1984551,1984551,0,0,"2025-11-20 02:00:00","2025-11-20 03:00:00","2026-03-11 06:28:10"
Nederland,WindOffshore,Hour,1297998,1297998,0,0,"2025-11-20 03:00:00","2025-11-20 04:00:00","2026-03-11 06:28:10"
Nederland,WindOffshore,Hour,508012,508012,0,0,"2025-11-20 04:00:00","2025-11-20 05:00:00","2026-03-11 06:28:10"
Nederland,WindOffshore,Hour,584830,584830,0,0,"2025-11-20 05:00:00","2025-11-20 06:00:00","2026-03-11 06:28:10"
Nederland,WindOffshore,Hour,1150541,1150541,0,0,"2025-11-20 06:00:00","2025-11-20 07:00:00","2026-03-11 06:28:10"
Nederland,WindOffshore,Hour,1467318,1467318,0,0,"2025-11-20 07:00:00","2025-11-20 08:00:00","2026-03-11 06:28:10"
Nederland,WindOffshore,Hour,1257455,1257455,0,0,"2025-11-20 08:00:00","2025-11-20 09:00:00","2026-03-11 06:28:10"
Nederland,WindOffshore,Hour,1272792,1272792,0,0,"2025-11-20 09:00:00","2025-11-20 10:00:00","2026-03-11 06:28:10"
Nederland,WindOffshore,Hour,1250250,1250250,0,0,"2025-11-20 10:00:00","2025-11-20 11:00:00","2026-03-11 06:28:10"
Nederland,WindOffshore,Hour,1116908,1116908,0,0,"2025-11-20 11:00:00","2025-11-20 12:00:00","2026-03-11 06:28:10"
Nederland,WindOffshore,Hour,591118,591118,0,0,"2025-11-20 12:00:00","2025-11-20 13:00:00","2026-03-11 06:28:10"
Nederland,WindOffshore,Hour,714834,714834,0,0,"2025-11-20 13:00:00","2025-11-20 14:00:00","2026-03-11 06:28:10"
Nederland,WindOffshore,Hour,819078,819078,0,0,"2025-11-20 14:00:00","2025-11-20 15:00:00","2026-03-11 06:28:10"
Nederland,WindOffshore,Hour,242329,242329,0,0,"2025-11-20 15:00:00","2025-11-20 16:00:00","2026-03-11 06:28:10"
Nederland,WindOffshore,Hour,90043,90043,0,0,"2025-11-20 16:00:00","2025-11-20 17:00:00","2026-03-11 06:28:10"
Nederland,WindOffshore,Hour,135387,135387,0,0,"2025-11-20 17:00:00","2025-11-20 18:00:00","2026-03-11 06:28:10"
Nederland,WindOffshore,Hour,1052668,1052668,0,0,"2025-11-20 18:00:00","2025-11-20 19:00:00","2026-03-11 06:28:10"
Nederland,WindOffshore,Hour,1180044,1180044,0,0,"2025-11-20 19:00:00","2025-11-20 20:00:00","2026-03-11 06:28:10"
Nederland,WindOffshore,Hour,1193473,1193473,0,0,"2025-11-20 20:00:00","2025-11-20 21:00:00","2026-03-11 06:28:10"
Nederland,WindOffshore,Hour,542694,542694,0,0,"2025-11-20 21:00:00","2025-11-20 22:00:00","2026-03-11 06:28:10"
Nederland,WindOffshore,Hour,463484,463484,0,0,"2025-11-20 22:00:00","2025-11-20 23:00:00","2026-03-11 06:28:10"
Nederland,WindOffshore,Hour,836193,836193,0,0,"2025-11-20 23:00:00","2025-11-21 00:00:00","2026-03-11 06:28:10"
Nederland,WindOffshore,Hour,869587,869587,0,0,"2025-11-21 00:00:00","2025-11-21 01:00:00","2026-03-11 06:28:10"
Nederland,WindOffshore,Hour,1290466,1290466,0,0,"2025-11-21 01:00:00","2025-11-21 02:00:00","2026-03-11 06:28:10"
Nederland,WindOffshore,Hour,2239636,2239636,0,0,"2025-11-21 02:00:00","2025-11-21 03:00:00","2026-03-11 06:28:10"
Nederland,WindOffshore,Hour,2451702,2451702,0,0,"2025-11-21 03:00:00","2025-11-21 04:00:00","2026-03-11 06:28:10"
Nederland,WindOffshore,Hour,1909318,1909318,0,0,"2025-11-21 04:00:00","2025-11-21 05:00:00","2026-03-11 06:28:10"
Nederland,WindOffshore,Hour,1364861,1364861,0,0,"2025-11-21 05:00:00","2025-11-21 06:00:00","2026-03-11 06:28:10"
Nederland,WindOffshore,Hour,841789,841789,0,0,"2025-11-21 06:00:00","2025-11-21 07:00:00","2026-03-11 06:28:10"
Nederland,WindOffshore,Hour,677781,677781,0,0,"2025-11-21 07:00:00","2025-11-21 08:00:00","2026-03-11 06:28:10"
Nederland,WindOffshore,Hour,450136,450136,0,0,"2025-11-21 08:00:00","2025-11-21 09:00:00","2026-03-11 06:28:10"
Nederland,WindOffshore,Hour,337939,337939,0,0,"2025-11-21 09:00:00","2025-11-21 10:00:00","2026-03-11 06:28:10"
Nederland,WindOffshore,Hour,169549,169549,0,0,"2025-11-21 10:00:00","2025-11-21 11:00:00","2026-03-11 06:28:10"
Nederland,WindOffshore,Hour,185043,185043,0,0,"2025-11-21 11:00:00","2025-11-21 12:00:00","2026-03-11 06:28:10"
Nederland,WindOffshore,Hour,83227,83227,0,0,"2025-11-21 12:00:00","2025-11-21 13:00:00","2026-03-11 06:28:10"
Nederland,WindOffshore,Hour,148732,148732,0,0,"2025-11-21 13:00:00","2025-11-21 14:00:00","2026-03-11 06:28:10"
Nederland,WindOffshore,Hour,157058,157058,0,0,"2025-11-21 14:00:00","2025-11-21 15:00:00","2026-03-11 06:28:10"
Nederland,WindOffshore,Hour,191724,191724,0,0,"2025-11-21 15:00:00","2025-11-21 16:00:00","2026-03-11 06:28:10"
Nederland,WindOffshore,Hour,245532,245532,0,0,"2025-11-21 16:00:00","2025-11-21 17:00:00","2026-03-11 06:28:10"
Nederland,WindOffshore,Hour,290033,290033,0,0,"2025-11-21 17:00:00","2025-11-21 18:00:00","2026-03-11 06:28:10"
Nederland,WindOffshore,Hour,628353,628353,0,0,"2025-11-21 18:00:00","2025-11-21 19:00:00","2026-03-11 06:28:10"
Nederland,WindOffshore,Hour,683235,683235,0,0,"2025-11-21 19:00:00","2025-11-21 20:00:00","2026-03-11 06:28:10"
Nederland,WindOffshore,Hour,772575,772575,0,0,"2025-11-21 20:00:00","2025-11-21 21:00:00","2026-03-11 06:28:10"
Nederland,WindOffshore,Hour,646720,646720,0,0,"2025-11-21 21:00:00","2025-11-21 22:00:00","2026-03-11 06:28:10"
Nederland,WindOffshore,Hour,672195,672195,0,0,"2025-11-21 22:00:00","2025-11-21 23:00:00","2026-03-11 06:28:10"
Nederland,WindOffshore,Hour,1339076,1339076,0,0,"2025-11-21 23:00:00","2025-11-22 00:00:00","2026-03-11 06:28:10"
Nederland,WindOffshore,Hour,1468885,1468885,0,0,"2025-11-22 00:00:00","2025-11-22 01:00:00","2026-03-11 06:28:10"
Nederland,WindOffshore,Hour,1951863,1951863,0,0,"2025-11-22 01:00:00","2025-11-22 02:00:00","2026-03-11 06:28:10"
Nederland,WindOffshore,Hour,2615495,2615495,0,0,"2025-11-22 02:00:00","2025-11-22 03:00:00","2026-03-11 06:28:10"
Nederland,WindOffshore,Hour,3556914,3556914,0,0,"2025-11-22 03:00:00","2025-11-22 04:00:00","2026-03-11 06:28:10"
Nederland,WindOffshore,Hour,3937157,3937157,0,0,"2025-11-22 04:00:00","2025-11-22 05:00:00","2026-03-11 06:28:10"
Nederland,WindOffshore,Hour,4142770,4142770,0,0,"2025-11-22 05:00:00","2025-11-22 06:00:00","2026-03-11 06:28:10"
Nederland,WindOffshore,Hour,4266341,4266341,0,0,"2025-11-22 06:00:00","2025-11-22 07:00:00","2026-03-11 06:28:10"
Nederland,WindOffshore,Hour,4324250,4324250,0,0,"2025-11-22 07:00:00","2025-11-22 08:00:00","2026-03-11 06:28:10"
Nederland,WindOffshore,Hour,4298933,4298933,0,0,"2025-11-22 08:00:00","2025-11-22 09:00:00","2026-03-11 06:28:10"
Nederland,WindOffshore,Hour,4251271,4251271,0,0,"2025-11-22 09:00:00","2025-11-22 10:00:00","2026-03-11 06:28:10"
Nederland,WindOffshore,Hour,4375059,4375059,0,0,"2025-11-22 10:00:00","2025-11-22 11:00:00","2026-03-11 06:28:10"
Nederland,WindOffshore,Hour,4439105,4439105,0,0,"2025-11-22 11:00:00","2025-11-22 12:00:00","2026-03-11 06:28:10"
Nederland,WindOffshore,Hour,4459037,4459037,0,0,"2025-11-22 12:00:00","2025-11-22 13:00:00","2026-03-11 06:28:10"
Nederland,WindOffshore,Hour,4456524,4456524,0,0,"2025-11-22 13:00:00","2025-11-22 14:00:00","2026-03-11 06:28:10"
Nederland,WindOffshore,Hour,4452547,4452547,0,0,"2025-11-22 14:00:00","2025-11-22 15:00:00","2026-03-11 06:28:10"
Nederland,WindOffshore,Hour,4453999,4453999,0,0,"2025-11-22 15:00:00","2025-11-22 16:00:00","2026-03-11 06:28:10"
Nederland,WindOffshore,Hour,4453318,4453318,0,0,"2025-11-22 16:00:00","2025-11-22 17:00:00","2026-03-11 06:28:10"
Nederland,WindOffshore,Hour,4456004,4456004,0,0,"2025-11-22 17:00:00","2025-11-22 18:00:00","2026-03-11 06:28:10"
Nederland,WindOffshore,Hour,4461598,4461598,0,0,"2025-11-22 18:00:00","2025-11-22 19:00:00","2026-03-11 06:28:10"
Nederland,WindOffshore,Hour,4461958,4461958,0,0,"2025-11-22 19:00:00","2025-11-22 20:00:00","2026-03-11 06:28:10"
Nederland,WindOffshore,Hour,4474761,4474761,0,0,"2025-11-22 20:00:00","2025-11-22 21:00:00","2026-03-11 06:28:10"
Nederland,WindOffshore,Hour,4479136,4479136,0,0,"2025-11-22 21:00:00","2025-11-22 22:00:00","2026-03-11 06:28:10"
Nederland,WindOffshore,Hour,4473662,4473662,0,0,"2025-11-22 22:00:00","2025-11-22 23:00:00","2026-03-11 06:28:10"
Nederland,WindOffshore,Hour,4468490,4468490,0,0,"2025-11-22 23:00:00","2025-11-23 00:00:00","2026-03-11 06:28:10"
Nederland,WindOffshore,Hour,4468644,4468644,0,0,"2025-11-23 00:00:00","2025-11-23 01:00:00","2026-03-11 06:28:10"
Nederland,WindOffshore,Hour,4467212,4467212,0,0,"2025-11-23 01:00:00","2025-11-23 02:00:00","2026-03-11 06:28:10"
Nederland,WindOffshore,Hour,4476478,4476478,0,0,"2025-11-23 02:00:00","2025-11-23 03:00:00","2026-03-11 06:28:10"
Nederland,WindOffshore,Hour,4483140,4483140,0,0,"2025-11-23 03:00:00","2025-11-23 04:00:00","2026-03-11 06:28:10"
Nederland,WindOffshore,Hour,4468654,4468654,0,0,"2025-11-23 04:00:00","2025-11-23 05:00:00","2026-03-11 06:28:10"
Nederland,WindOffshore,Hour,4463510,4463510,0,0,"2025-11-23 05:00:00","2025-11-23 06:00:00","2026-03-11 06:28:10"
Nederland,WindOffshore,Hour,4491312,4491312,0,0,"2025-11-23 06:00:00","2025-11-23 07:00:00","2026-03-11 06:28:10"
Nederland,WindOffshore,Hour,4506822,4506822,0,0,"2025-11-23 07:00:00","2025-11-23 08:00:00","2026-03-11 06:28:10"
Nederland,WindOffshore,Hour,4495284,4495284,0,0,"2025-11-23 08:00:00","2025-11-23 09:00:00","2026-03-11 06:28:10"
Nederland,WindOffshore,Hour,4475083,4475083,0,0,"2025-11-23 09:00:00","2025-11-23 10:00:00","2026-03-11 06:28:10"
Nederland,WindOffshore,Hour,4479889,4479889,0,0,"2025-11-23 10:00:00","2025-11-23 11:00:00","2026-03-11 06:28:10"
Nederland,WindOffshore,Hour,4483671,4483671,0,0,"2025-11-23 11:00:00","2025-11-23 12:00:00","2026-03-11 06:28:10"
Nederland,WindOffshore,Hour,4483367,4483367,0,0,"2025-11-23 12:00:00","2025-11-23 13:00:00","2026-03-11 06:28:10"
Nederland,WindOffshore,Hour,4482763,4482763,0,0,"2025-11-23 13:00:00","2025-11-23 14:00:00","2026-03-11 06:28:10"
Nederland,WindOffshore,Hour,4486809,4486809,0,0,"2025-11-23 14:00:00","2025-11-23 15:00:00","2026-03-11 06:28:10"
Nederland,WindOffshore,Hour,4485384,4485384,0,0,"2025-11-23 15:00:00","2025-11-23 16:00:00","2026-03-11 06:28:10"
Nederland,WindOffshore,Hour,4474185,4474185,0,0,"2025-11-23 16:00:00","2025-11-23 17:00:00","2026-03-11 06:28:10"
Nederland,WindOffshore,Hour,4462551,4462551,0,0,"2025-11-23 17:00:00","2025-11-23 18:00:00","2026-03-11 06:28:10"
Nederland,WindOffshore,Hour,4433972,4433972,0,0,"2025-11-23 18:00:00","2025-11-23 19:00:00","2026-03-11 06:28:10"
Nederland,WindOffshore,Hour,4444590,4444590,0,0,"2025-11-23 19:00:00","2025-11-23 20:00:00","2026-03-11 06:28:10"
Nederland,WindOffshore,Hour,4446071,4446071,0,0,"2025-11-23 20:00:00","2025-11-23 21:00:00","2026-03-11 06:28:10"
Nederland,WindOffshore,Hour,4438122,4438122,0,0,"2025-11-23 21:00:00","2025-11-23 22:00:00","2026-03-11 06:28:10"
Nederland,WindOffshore,Hour,4390856,4390856,0,0,"2025-11-23 22:00:00","2025-11-23 23:00:00","2026-03-11 06:28:10"
Nederland,WindOffshore,Hour,4221511,4221511,0,0,"2025-11-23 23:00:00","2025-11-24 00:00:00","2026-03-11 06:28:10"
Nederland,WindOffshore,Hour,4049817,4049817,0,0,"2025-11-24 00:00:00","2025-11-24 01:00:00","2026-03-11 06:28:10"
Nederland,WindOffshore,Hour,3968875,3968875,0,0,"2025-11-24 01:00:00","2025-11-24 02:00:00","2026-03-11 06:28:10"
Nederland,WindOffshore,Hour,3719812,3719812,0,0,"2025-11-24 02:00:00","2025-11-24 03:00:00","2026-03-11 06:28:10"
Nederland,WindOffshore,Hour,3349834,3349834,0,0,"2025-11-24 03:00:00","2025-11-24 04:00:00","2026-03-11 06:28:10"
Nederland,WindOffshore,Hour,3053262,3053262,0,0,"2025-11-24 04:00:00","2025-11-24 05:00:00","2026-03-11 06:28:10"
Nederland,WindOffshore,Hour,2872259,2872259,0,0,"2025-11-24 05:00:00","2025-11-24 06:00:00","2026-03-11 06:28:10"
Nederland,WindOffshore,Hour,2275493,2275493,0,0,"2025-11-24 06:00:00","2025-11-24 07:00:00","2026-03-11 06:28:10"
Nederland,WindOffshore,Hour,2091569,2091569,0,0,"2025-11-24 07:00:00","2025-11-24 08:00:00","2026-03-11 06:28:10"
Nederland,WindOffshore,Hour,2410133,2410133,0,0,"2025-11-24 08:00:00","2025-11-24 09:00:00","2026-03-11 06:28:10"
Nederland,WindOffshore,Hour,2384357,2384357,0,0,"2025-11-24 09:00:00","2025-11-24 10:00:00","2026-03-11 06:28:10"
Nederland,WindOffshore,Hour,2432179,2432179,0,0,"2025-11-24 10:00:00","2025-11-24 11:00:00","2026-03-11 06:28:10"
Nederland,WindOffshore,Hour,2012752,2012752,0,0,"2025-11-24 11:00:00","2025-11-24 12:00:00","2026-03-11 06:28:10"
Nederland,WindOffshore,Hour,1671674,1671674,0,0,"2025-11-24 12:00:00","2025-11-24 13:00:00","2026-03-11 06:28:10"
Nederland,WindOffshore,Hour,970576,970576,0,0,"2025-11-24 13:00:00","2025-11-24 14:00:00","2026-03-11 06:28:10"
Nederland,WindOffshore,Hour,421299,421299,0,0,"2025-11-24 14:00:00","2025-11-24 15:00:00","2026-03-11 06:28:10"
Nederland,WindOffshore,Hour,257838,257838,0,0,"2025-11-24 15:00:00","2025-11-24 16:00:00","2026-03-11 06:28:10"
Nederland,WindOffshore,Hour,371293,371293,0,0,"2025-11-24 16:00:00","2025-11-24 17:00:00","2026-03-11 06:28:10"
Nederland,WindOffshore,Hour,420268,420268,0,0,"2025-11-24 17:00:00","2025-11-24 18:00:00","2026-03-11 06:28:10"
Nederland,WindOffshore,Hour,399650,399650,0,0,"2025-11-24 18:00:00","2025-11-24 19:00:00","2026-03-11 06:28:10"
Nederland,WindOffshore,Hour,434985,434985,0,0,"2025-11-24 19:00:00","2025-11-24 20:00:00","2026-03-11 06:28:10"
Nederland,WindOffshore,Hour,492535,492535,0,0,"2025-11-24 20:00:00","2025-11-24 21:00:00","2026-03-11 06:28:10"
Nederland,WindOffshore,Hour,878134,878134,0,0,"2025-11-24 21:00:00","2025-11-24 22:00:00","2026-03-11 06:28:10"
Nederland,WindOffshore,Hour,1017071,1017071,0,0,"2025-11-24 22:00:00","2025-11-24 23:00:00","2026-03-11 06:28:10"
Nederland,WindOffshore,Hour,696204,696204,0,0,"2025-11-24 23:00:00","2025-11-25 00:00:00","2026-03-11 06:28:10"
Nederland,WindOffshore,Hour,358209,358209,0,0,"2025-11-25 00:00:00","2025-11-25 01:00:00","2026-03-11 06:28:10"
Nederland,WindOffshore,Hour,224970,224970,0,0,"2025-11-25 01:00:00","2025-11-25 02:00:00","2026-03-11 06:28:10"
Nederland,WindOffshore,Hour,101983,101983,0,0,"2025-11-25 02:00:00","2025-11-25 03:00:00","2026-03-11 06:28:10"
Nederland,WindOffshore,Hour,1263940,1263940,0,0,"2025-11-25 03:00:00","2025-11-25 04:00:00","2026-03-11 06:28:10"
Nederland,WindOffshore,Hour,3173536,3173536,0,0,"2025-11-25 04:00:00","2025-11-25 05:00:00","2026-03-11 06:28:10"
Nederland,WindOffshore,Hour,4193917,4193917,0,0,"2025-11-25 05:00:00","2025-11-25 06:00:00","2026-03-11 06:28:10"
Nederland,WindOffshore,Hour,4200407,4200407,0,0,"2025-11-25 06:00:00","2025-11-25 07:00:00","2026-03-11 06:28:10"
Nederland,WindOffshore,Hour,4150971,4150971,0,0,"2025-11-25 07:00:00","2025-11-25 08:00:00","2026-03-11 06:28:10"
Nederland,WindOffshore,Hour,4107391,4107391,0,0,"2025-11-25 08:00:00","2025-11-25 09:00:00","2026-03-11 06:28:10"
Nederland,WindOffshore,Hour,4116343,4116343,0,0,"2025-11-25 09:00:00","2025-11-25 10:00:00","2026-03-11 06:28:10"
Nederland,WindOffshore,Hour,4077726,4077726,0,0,"2025-11-25 10:00:00","2025-11-25 11:00:00","2026-03-11 06:28:10"
Nederland,WindOffshore,Hour,4031140,4031140,0,0,"2025-11-25 11:00:00","2025-11-25 12:00:00","2026-03-11 06:28:10"
Nederland,WindOffshore,Hour,4109324,4109324,0,0,"2025-11-25 12:00:00","2025-11-25 13:00:00","2026-03-11 06:28:10"
Nederland,WindOffshore,Hour,4127439,4127439,0,0,"2025-11-25 13:00:00","2025-11-25 14:00:00","2026-03-11 06:28:10"
Nederland,WindOffshore,Hour,4150688,4150688,0,0,"2025-11-25 14:00:00","2025-11-25 15:00:00","2026-03-11 06:28:10"
Nederland,WindOffshore,Hour,4179376,4179376,0,0,"2025-11-25 15:00:00","2025-11-25 16:00:00","2026-03-11 06:28:10"
Nederland,WindOffshore,Hour,4073090,4073090,0,0,"2025-11-25 16:00:00","2025-11-25 17:00:00","2026-03-11 06:28:10"
Nederland,WindOffshore,Hour,4070021,4070021,0,0,"2025-11-25 17:00:00","2025-11-25 18:00:00","2026-03-11 06:28:10"
Nederland,WindOffshore,Hour,3805574,3805574,0,0,"2025-11-25 18:00:00","2025-11-25 19:00:00","2026-03-11 06:28:10"
Nederland,WindOffshore,Hour,3502023,3502023,0,0,"2025-11-25 19:00:00","2025-11-25 20:00:00","2026-03-11 06:28:10"
Nederland,WindOffshore,Hour,3395423,3395423,0,0,"2025-11-25 20:00:00","2025-11-25 21:00:00","2026-03-11 06:28:10"
Nederland,WindOffshore,Hour,3546622,3546622,0,0,"2025-11-25 21:00:00","2025-11-25 22:00:00","2026-03-11 06:28:10"
Nederland,WindOffshore,Hour,3485473,3485473,0,0,"2025-11-25 22:00:00","2025-11-25 23:00:00","2026-03-11 06:28:10"
Nederland,WindOffshore,Hour,3414938,3414938,0,0,"2025-11-25 23:00:00","2025-11-26 00:00:00","2026-03-11 06:28:10"
Nederland,WindOffshore,Hour,3049618,3049618,0,0,"2025-11-26 00:00:00","2025-11-26 01:00:00","2026-03-11 06:28:10"
Nederland,WindOffshore,Hour,2579523,2579523,0,0,"2025-11-26 01:00:00","2025-11-26 02:00:00","2026-03-11 06:28:10"
Nederland,WindOffshore,Hour,2047598,2047598,0,0,"2025-11-26 02:00:00","2025-11-26 03:00:00","2026-03-11 06:28:10"
Nederland,WindOffshore,Hour,1892898,1892898,0,0,"2025-11-26 03:00:00","2025-11-26 04:00:00","2026-03-11 06:28:10"
Nederland,WindOffshore,Hour,1663486,1663486,0,0,"2025-11-26 04:00:00","2025-11-26 05:00:00","2026-03-11 06:28:10"
Nederland,WindOffshore,Hour,1359084,1359084,0,0,"2025-11-26 05:00:00","2025-11-26 06:00:00","2026-03-11 06:28:10"
Nederland,WindOffshore,Hour,804552,804552,0,0,"2025-11-26 06:00:00","2025-11-26 07:00:00","2026-03-11 06:28:10"
Nederland,WindOffshore,Hour,570540,570540,0,0,"2025-11-26 07:00:00","2025-11-26 08:00:00","2026-03-11 06:28:10"
Nederland,WindOffshore,Hour,491556,491556,0,0,"2025-11-26 08:00:00","2025-11-26 09:00:00","2026-03-11 06:28:10"
Nederland,WindOffshore,Hour,103220,103220,0,0,"2025-11-26 09:00:00","2025-11-26 10:00:00","2026-03-11 06:28:10"
Nederland,WindOffshore,Hour,56212,56212,0,0,"2025-11-26 10:00:00","2025-11-26 11:00:00","2026-03-11 06:28:10"
Nederland,WindOffshore,Hour,14899,14899,0,0,"2025-11-26 11:00:00","2025-11-26 12:00:00","2026-03-11 06:28:10"
Nederland,WindOffshore,Hour,52080,52080,0,0,"2025-11-26 12:00:00","2025-11-26 13:00:00","2026-03-11 06:28:10"
Nederland,WindOffshore,Hour,110948,110948,0,0,"2025-11-26 13:00:00","2025-11-26 14:00:00","2026-03-11 06:28:10"
Nederland,WindOffshore,Hour,119853,119853,0,0,"2025-11-26 14:00:00","2025-11-26 15:00:00","2026-03-11 06:28:10"
Nederland,WindOffshore,Hour,223801,223801,0,0,"2025-11-26 15:00:00","2025-11-26 16:00:00","2026-03-11 06:28:10"
Nederland,WindOffshore,Hour,265935,265935,0,0,"2025-11-26 16:00:00","2025-11-26 17:00:00","2026-03-11 06:28:10"
Nederland,WindOffshore,Hour,404256,404256,0,0,"2025-11-26 17:00:00","2025-11-26 18:00:00","2026-03-11 06:28:10"
Nederland,WindOffshore,Hour,568282,568282,0,0,"2025-11-26 18:00:00","2025-11-26 19:00:00","2026-03-11 06:28:10"
Nederland,WindOffshore,Hour,1127197,1127197,0,0,"2025-11-26 19:00:00","2025-11-26 20:00:00","2026-03-11 06:28:10"
Nederland,WindOffshore,Hour,1412533,1412533,0,0,"2025-11-26 20:00:00","2025-11-26 21:00:00","2026-03-11 06:28:10"
Nederland,WindOffshore,Hour,1809291,1809291,0,0,"2025-11-26 21:00:00","2025-11-26 22:00:00","2026-03-11 06:28:10"
Nederland,WindOffshore,Hour,2999049,2999049,0,0,"2025-11-26 22:00:00","2025-11-26 23:00:00","2026-03-11 06:28:10"
Nederland,WindOffshore,Hour,3253974,3253974,0,0,"2025-11-26 23:00:00","2025-11-27 00:00:00","2026-03-11 06:28:10"
Nederland,WindOffshore,Hour,3665931,3665931,0,0,"2025-11-27 00:00:00","2025-11-27 01:00:00","2026-03-11 06:28:10"
Nederland,WindOffshore,Hour,4213398,4213398,0,0,"2025-11-27 01:00:00","2025-11-27 02:00:00","2026-03-11 06:28:10"
Nederland,WindOffshore,Hour,4386731,4386731,0,0,"2025-11-27 02:00:00","2025-11-27 03:00:00","2026-03-11 06:28:10"
Nederland,WindOffshore,Hour,4414763,4414763,0,0,"2025-11-27 03:00:00","2025-11-27 04:00:00","2026-03-11 06:28:10"
Nederland,WindOffshore,Hour,4425401,4425401,0,0,"2025-11-27 04:00:00","2025-11-27 05:00:00","2026-03-11 06:28:10"
Nederland,WindOffshore,Hour,4440531,4440531,0,0,"2025-11-27 05:00:00","2025-11-27 06:00:00","2026-03-11 06:28:10"
Nederland,WindOffshore,Hour,4453470,4453470,0,0,"2025-11-27 06:00:00","2025-11-27 07:00:00","2026-03-11 06:28:10"
Nederland,WindOffshore,Hour,4483825,4483825,0,0,"2025-11-27 07:00:00","2025-11-27 08:00:00","2026-03-11 06:28:10"
Nederland,WindOffshore,Hour,4483619,4483619,0,0,"2025-11-27 08:00:00","2025-11-27 09:00:00","2026-03-11 06:28:10"
Nederland,WindOffshore,Hour,4493502,4493502,0,0,"2025-11-27 09:00:00","2025-11-27 10:00:00","2026-03-11 06:28:10"
Nederland,WindOffshore,Hour,4462251,4462251,0,0,"2025-11-27 10:00:00","2025-11-27 11:00:00","2026-03-11 06:28:10"
Nederland,WindOffshore,Hour,4342366,4342366,0,0,"2025-11-27 11:00:00","2025-11-27 12:00:00","2026-03-11 06:28:10"
Nederland,WindOffshore,Hour,4351396,4351396,0,0,"2025-11-27 12:00:00","2025-11-27 13:00:00","2026-03-11 06:28:10"
Nederland,WindOffshore,Hour,4476084,4476084,0,0,"2025-11-27 13:00:00","2025-11-27 14:00:00","2026-03-11 06:28:10"
Nederland,WindOffshore,Hour,4462821,4462821,0,0,"2025-11-27 14:00:00","2025-11-27 15:00:00","2026-03-11 06:28:10"
Nederland,WindOffshore,Hour,4439540,4439540,0,0,"2025-11-27 15:00:00","2025-11-27 16:00:00","2026-03-11 06:28:10"
Nederland,WindOffshore,Hour,4452005,4452005,0,0,"2025-11-27 16:00:00","2025-11-27 17:00:00","2026-03-11 06:28:10"
Nederland,WindOffshore,Hour,4459437,4459437,0,0,"2025-11-27 17:00:00","2025-11-27 18:00:00","2026-03-11 06:28:10"
Nederland,WindOffshore,Hour,4466375,4466375,0,0,"2025-11-27 18:00:00","2025-11-27 19:00:00","2026-03-11 06:28:10"
Nederland,WindOffshore,Hour,4462344,4462344,0,0,"2025-11-27 19:00:00","2025-11-27 20:00:00","2026-03-11 06:28:10"
Nederland,WindOffshore,Hour,4471875,4471875,0,0,"2025-11-27 20:00:00","2025-11-27 21:00:00","2026-03-11 06:28:10"
Nederland,WindOffshore,Hour,4470129,4470129,0,0,"2025-11-27 21:00:00","2025-11-27 22:00:00","2026-03-11 06:28:10"
Nederland,WindOffshore,Hour,4486413,4486413,0,0,"2025-11-27 22:00:00","2025-11-27 23:00:00","2026-03-11 06:28:10"
Nederland,WindOffshore,Hour,4486439,4486439,0,0,"2025-11-27 23:00:00","2025-11-28 00:00:00","2026-03-11 06:28:10"
Nederland,WindOffshore,Hour,4466738,4466738,0,0,"2025-11-28 00:00:00","2025-11-28 01:00:00","2026-03-11 06:28:10"
Nederland,WindOffshore,Hour,4436716,4436716,0,0,"2025-11-28 01:00:00","2025-11-28 02:00:00","2026-03-11 06:28:10"
Nederland,WindOffshore,Hour,4435459,4435459,0,0,"2025-11-28 02:00:00","2025-11-28 03:00:00","2026-03-11 06:28:10"
Nederland,WindOffshore,Hour,4369642,4369642,0,0,"2025-11-28 03:00:00","2025-11-28 04:00:00","2026-03-11 06:28:10"
Nederland,WindOffshore,Hour,4244981,4244981,0,0,"2025-11-28 04:00:00","2025-11-28 05:00:00","2026-03-11 06:28:10"
Nederland,WindOffshore,Hour,3978058,3978058,0,0,"2025-11-28 05:00:00","2025-11-28 06:00:00","2026-03-11 06:28:10"
Nederland,WindOffshore,Hour,2897533,2897533,0,0,"2025-11-28 06:00:00","2025-11-28 07:00:00","2026-03-11 06:28:10"
Nederland,WindOffshore,Hour,1935554,1935554,0,0,"2025-11-28 07:00:00","2025-11-28 08:00:00","2026-03-11 06:28:10"
Nederland,WindOffshore,Hour,2127979,2127979,0,0,"2025-11-28 08:00:00","2025-11-28 09:00:00","2026-03-11 06:28:10"
Nederland,WindOffshore,Hour,2497623,2497623,0,0,"2025-11-28 09:00:00","2025-11-28 10:00:00","2026-03-11 06:28:10"
Nederland,WindOffshore,Hour,3206612,3206612,0,0,"2025-11-28 10:00:00","2025-11-28 11:00:00","2026-03-11 06:28:10"
Nederland,WindOffshore,Hour,3293917,3293917,0,0,"2025-11-28 11:00:00","2025-11-28 12:00:00","2026-03-11 06:28:10"
Nederland,WindOffshore,Hour,3294840,3294840,0,0,"2025-11-28 12:00:00","2025-11-28 13:00:00","2026-03-11 06:28:10"
Nederland,WindOffshore,Hour,3393072,3393072,0,0,"2025-11-28 13:00:00","2025-11-28 14:00:00","2026-03-11 06:28:10"
Nederland,WindOffshore,Hour,3778214,3778214,0,0,"2025-11-28 14:00:00","2025-11-28 15:00:00","2026-03-11 06:28:10"
Nederland,WindOffshore,Hour,4072794,4072794,0,0,"2025-11-28 15:00:00","2025-11-28 16:00:00","2026-03-11 06:28:10"
Nederland,WindOffshore,Hour,4244714,4244714,0,0,"2025-11-28 16:00:00","2025-11-28 17:00:00","2026-03-11 06:28:10"
Nederland,WindOffshore,Hour,4365810,4365810,0,0,"2025-11-28 17:00:00","2025-11-28 18:00:00","2026-03-11 06:28:10"
Nederland,WindOffshore,Hour,4425588,4425588,0,0,"2025-11-28 18:00:00","2025-11-28 19:00:00","2026-03-11 06:28:10"
Nederland,WindOffshore,Hour,4445714,4445714,0,0,"2025-11-28 19:00:00","2025-11-28 20:00:00","2026-03-11 06:28:10"
Nederland,WindOffshore,Hour,4452481,4452481,0,0,"2025-11-28 20:00:00","2025-11-28 21:00:00","2026-03-11 06:28:10"
Nederland,WindOffshore,Hour,4406824,4406824,0,0,"2025-11-28 21:00:00","2025-11-28 22:00:00","2026-03-11 06:28:10"
Nederland,WindOffshore,Hour,4181268,4181268,0,0,"2025-11-28 22:00:00","2025-11-28 23:00:00","2026-03-11 06:28:10"
Nederland,WindOffshore,Hour,3787134,3787134,0,0,"2025-11-28 23:00:00","2025-11-29 00:00:00","2026-03-11 06:28:10"
Nederland,WindOffshore,Hour,3102713,3102713,0,0,"2025-11-29 00:00:00","2025-11-29 01:00:00","2026-03-11 06:28:10"
Nederland,WindOffshore,Hour,2289000,2289000,0,0,"2025-11-29 01:00:00","2025-11-29 02:00:00","2026-03-11 06:28:10"
Nederland,WindOffshore,Hour,1435586,1435586,0,0,"2025-11-29 02:00:00","2025-11-29 03:00:00","2026-03-11 06:28:10"
Nederland,WindOffshore,Hour,2046264,2046264,0,0,"2025-11-29 03:00:00","2025-11-29 04:00:00","2026-03-11 06:28:10"
Nederland,WindOffshore,Hour,2861474,2861474,0,0,"2025-11-29 04:00:00","2025-11-29 05:00:00","2026-03-11 06:28:10"
Nederland,WindOffshore,Hour,3215494,3215494,0,0,"2025-11-29 05:00:00","2025-11-29 06:00:00","2026-03-11 06:28:10"
Nederland,WindOffshore,Hour,3384578,3384578,0,0,"2025-11-29 06:00:00","2025-11-29 07:00:00","2026-03-11 06:28:10"
Nederland,WindOffshore,Hour,3709667,3709667,0,0,"2025-11-29 07:00:00","2025-11-29 08:00:00","2026-03-11 06:28:10"
Nederland,WindOffshore,Hour,4023385,4023385,0,0,"2025-11-29 08:00:00","2025-11-29 09:00:00","2026-03-11 06:28:10"
Nederland,WindOffshore,Hour,4254472,4254472,0,0,"2025-11-29 09:00:00","2025-11-29 10:00:00","2026-03-11 06:28:10"
Nederland,WindOffshore,Hour,4361546,4361546,0,0,"2025-11-29 10:00:00","2025-11-29 11:00:00","2026-03-11 06:28:10"
Nederland,WindOffshore,Hour,4425895,4425895,0,0,"2025-11-29 11:00:00","2025-11-29 12:00:00","2026-03-11 06:28:10"
Nederland,WindOffshore,Hour,4411073,4411073,0,0,"2025-11-29 12:00:00","2025-11-29 13:00:00","2026-03-11 06:28:10"
Nederland,WindOffshore,Hour,4393688,4393688,0,0,"2025-11-29 13:00:00","2025-11-29 14:00:00","2026-03-11 06:28:10"
Nederland,WindOffshore,Hour,4344345,4344345,0,0,"2025-11-29 14:00:00","2025-11-29 15:00:00","2026-03-11 06:28:10"
Nederland,WindOffshore,Hour,4347537,4347537,0,0,"2025-11-29 15:00:00","2025-11-29 16:00:00","2026-03-11 06:28:10"
Nederland,WindOffshore,Hour,4328885,4328885,0,0,"2025-11-29 16:00:00","2025-11-29 17:00:00","2026-03-11 06:28:10"
Nederland,WindOffshore,Hour,4317780,4317780,0,0,"2025-11-29 17:00:00","2025-11-29 18:00:00","2026-03-11 06:28:10"
Nederland,WindOffshore,Hour,4379167,4379167,0,0,"2025-11-29 18:00:00","2025-11-29 19:00:00","2026-03-11 06:28:10"
Nederland,WindOffshore,Hour,4304156,4304156,0,0,"2025-11-29 19:00:00","2025-11-29 20:00:00","2026-03-11 06:28:10"
Nederland,WindOffshore,Hour,4199456,4199456,0,0,"2025-11-29 20:00:00","2025-11-29 21:00:00","2026-03-11 06:28:10"
Nederland,WindOffshore,Hour,3824275,3824275,0,0,"2025-11-29 21:00:00","2025-11-29 22:00:00","2026-03-11 06:28:10"
Nederland,WindOffshore,Hour,3869240,3869240,0,0,"2025-11-29 22:00:00","2025-11-29 23:00:00","2026-03-11 06:28:10"
Nederland,WindOffshore,Hour,4162915,4162915,0,0,"2025-11-29 23:00:00","2025-11-30 00:00:00","2026-03-11 06:28:10"
Nederland,WindOffshore,Hour,4228167,4228167,0,0,"2025-11-30 00:00:00","2025-11-30 01:00:00","2026-03-11 06:28:10"
Nederland,WindOffshore,Hour,4205311,4205311,0,0,"2025-11-30 01:00:00","2025-11-30 02:00:00","2026-03-11 06:28:10"
Nederland,WindOffshore,Hour,4225806,4225806,0,0,"2025-11-30 02:00:00","2025-11-30 03:00:00","2026-03-11 06:28:10"
Nederland,WindOffshore,Hour,4219317,4219317,0,0,"2025-11-30 03:00:00","2025-11-30 04:00:00","2026-03-11 06:28:10"
Nederland,WindOffshore,Hour,4263900,4263900,0,0,"2025-11-30 04:00:00","2025-11-30 05:00:00","2026-03-11 06:28:10"
Nederland,WindOffshore,Hour,4041780,4041780,0,0,"2025-11-30 05:00:00","2025-11-30 06:00:00","2026-03-11 06:28:10"
Nederland,WindOffshore,Hour,3813851,3813851,0,0,"2025-11-30 06:00:00","2025-11-30 07:00:00","2026-03-11 06:28:10"
Nederland,WindOffshore,Hour,3669160,3669160,0,0,"2025-11-30 07:00:00","2025-11-30 08:00:00","2026-03-11 06:28:10"
Nederland,WindOffshore,Hour,3435542,3435542,0,0,"2025-11-30 08:00:00","2025-11-30 09:00:00","2026-03-11 06:28:10"
Nederland,WindOffshore,Hour,3605175,3605175,0,0,"2025-11-30 09:00:00","2025-11-30 10:00:00","2026-03-11 06:28:10"
Nederland,WindOffshore,Hour,3873312,3873312,0,0,"2025-11-30 10:00:00","2025-11-30 11:00:00","2026-03-11 06:28:10"
Nederland,WindOffshore,Hour,3952316,3952316,0,0,"2025-11-30 11:00:00","2025-11-30 12:00:00","2026-03-11 06:28:10"
Nederland,WindOffshore,Hour,3856861,3856861,0,0,"2025-11-30 12:00:00","2025-11-30 13:00:00","2026-03-11 06:28:10"
Nederland,WindOffshore,Hour,3950411,3950411,0,0,"2025-11-30 13:00:00","2025-11-30 14:00:00","2026-03-11 06:28:10"
Nederland,WindOffshore,Hour,3814212,3814212,0,0,"2025-11-30 14:00:00","2025-11-30 15:00:00","2026-03-11 06:28:10"
Nederland,WindOffshore,Hour,3401515,3401515,0,0,"2025-11-30 15:00:00","2025-11-30 16:00:00","2026-03-11 06:28:10"
Nederland,WindOffshore,Hour,2568477,2568477,0,0,"2025-11-30 16:00:00","2025-11-30 17:00:00","2026-03-11 06:28:10"
Nederland,WindOffshore,Hour,2372748,2372748,0,0,"2025-11-30 17:00:00","2025-11-30 18:00:00","2026-03-11 06:28:10"
Nederland,WindOffshore,Hour,2122367,2122367,0,0,"2025-11-30 18:00:00","2025-11-30 19:00:00","2026-03-11 06:28:10"
Nederland,WindOffshore,Hour,2387876,2387876,0,0,"2025-11-30 19:00:00","2025-11-30 20:00:00","2026-03-11 06:28:10"
Nederland,WindOffshore,Hour,1842236,1842236,0,0,"2025-11-30 20:00:00","2025-11-30 21:00:00","2026-03-11 06:28:10"
Nederland,WindOffshore,Hour,1945390,1945390,0,0,"2025-11-30 21:00:00","2025-11-30 22:00:00","2026-03-11 06:28:10"
Nederland,WindOffshore,Hour,2248046,2248046,0,0,"2025-11-30 22:00:00","2025-11-30 23:00:00","2026-03-11 06:28:10"
Nederland,WindOffshore,Hour,3036702,3036702,0,0,"2025-11-30 23:00:00","2025-12-01 00:00:00","2026-03-11 06:28:10"
Nederland,WindOffshore,Hour,3371944,3371944,0,0,"2025-12-01 00:00:00","2025-12-01 01:00:00","2026-03-11 06:28:10"
Nederland,WindOffshore,Hour,3529490,3529490,0,0,"2025-12-01 01:00:00","2025-12-01 02:00:00","2026-03-11 06:28:10"
Nederland,WindOffshore,Hour,3926935,3926935,0,0,"2025-12-01 02:00:00","2025-12-01 03:00:00","2026-03-11 06:28:10"
Nederland,WindOffshore,Hour,4133578,4133578,0,0,"2025-12-01 03:00:00","2025-12-01 04:00:00","2026-03-11 06:28:10"
Nederland,WindOffshore,Hour,4297690,4297690,0,0,"2025-12-01 04:00:00","2025-12-01 05:00:00","2026-03-11 06:28:10"
Nederland,WindOffshore,Hour,4390077,4390077,0,0,"2025-12-01 05:00:00","2025-12-01 06:00:00","2026-03-11 06:28:10"
Nederland,WindOffshore,Hour,4401242,4401242,0,0,"2025-12-01 06:00:00","2025-12-01 07:00:00","2026-03-11 06:28:10"
Nederland,WindOffshore,Hour,4415478,4415478,0,0,"2025-12-01 07:00:00","2025-12-01 08:00:00","2026-03-11 06:28:10"
Nederland,WindOffshore,Hour,4429470,4429470,0,0,"2025-12-01 08:00:00","2025-12-01 09:00:00","2026-03-11 06:28:10"
Nederland,WindOffshore,Hour,4472032,4472032,0,0,"2025-12-01 09:00:00","2025-12-01 10:00:00","2026-03-11 06:28:10"
Nederland,WindOffshore,Hour,4500514,4500514,0,0,"2025-12-01 10:00:00","2025-12-01 11:00:00","2026-03-11 06:28:10"
Nederland,WindOffshore,Hour,4508513,4508513,0,0,"2025-12-01 11:00:00","2025-12-01 12:00:00","2026-03-11 06:28:10"
Nederland,WindOffshore,Hour,4507643,4507643,0,0,"2025-12-01 12:00:00","2025-12-01 13:00:00","2026-03-11 06:28:10"
Nederland,WindOffshore,Hour,4501699,4501699,0,0,"2025-12-01 13:00:00","2025-12-01 14:00:00","2026-03-11 06:28:10"
Nederland,WindOffshore,Hour,4500100,4500100,0,0,"2025-12-01 14:00:00","2025-12-01 15:00:00","2026-03-11 06:28:10"
Nederland,WindOffshore,Hour,4501529,4501529,0,0,"2025-12-01 15:00:00","2025-12-01 16:00:00","2026-03-11 06:28:10"
Nederland,WindOffshore,Hour,4509040,4509040,0,0,"2025-12-01 16:00:00","2025-12-01 17:00:00","2026-03-11 06:28:10"
Nederland,WindOffshore,Hour,4497632,4497632,0,0,"2025-12-01 17:00:00","2025-12-01 18:00:00","2026-03-11 06:28:10"
Nederland,WindOffshore,Hour,4498093,4498093,0,0,"2025-12-01 18:00:00","2025-12-01 19:00:00","2026-03-11 06:28:10"
Nederland,WindOffshore,Hour,4503434,4503434,0,0,"2025-12-01 19:00:00","2025-12-01 20:00:00","2026-03-11 06:28:10"
Nederland,WindOffshore,Hour,4501405,4501405,0,0,"2025-12-01 20:00:00","2025-12-01 21:00:00","2026-03-11 06:28:10"
Nederland,WindOffshore,Hour,4495417,4495417,0,0,"2025-12-01 21:00:00","2025-12-01 22:00:00","2026-03-11 06:28:10"
Nederland,WindOffshore,Hour,4478285,4478285,0,0,"2025-12-01 22:00:00","2025-12-01 23:00:00","2026-03-11 06:28:10"
Nederland,WindOffshore,Hour,4489509,4489509,0,0,"2025-12-01 23:00:00","2025-12-02 00:00:00","2026-03-11 06:28:10"
Nederland,WindOffshore,Hour,4492659,4492659,0,0,"2025-12-02 00:00:00","2025-12-02 01:00:00","2026-03-11 06:28:10"
Nederland,WindOffshore,Hour,4497670,4497670,0,0,"2025-12-02 01:00:00","2025-12-02 02:00:00","2026-03-11 06:28:10"
Nederland,WindOffshore,Hour,4497671,4497671,0,0,"2025-12-02 02:00:00","2025-12-02 03:00:00","2026-03-11 06:28:10"
Nederland,WindOffshore,Hour,4472213,4472213,0,0,"2025-12-02 03:00:00","2025-12-02 04:00:00","2026-03-11 06:28:10"
Nederland,WindOffshore,Hour,4450901,4450901,0,0,"2025-12-02 04:00:00","2025-12-02 05:00:00","2026-03-11 06:28:10"
Nederland,WindOffshore,Hour,4467487,4467487,0,0,"2025-12-02 05:00:00","2025-12-02 06:00:00","2026-03-11 06:28:10"
Nederland,WindOffshore,Hour,4463323,4463323,0,0,"2025-12-02 06:00:00","2025-12-02 07:00:00","2026-03-11 06:28:10"
Nederland,WindOffshore,Hour,4439062,4439062,0,0,"2025-12-02 07:00:00","2025-12-02 08:00:00","2026-03-11 06:28:10"
Nederland,WindOffshore,Hour,4371277,4371277,0,0,"2025-12-02 08:00:00","2025-12-02 09:00:00","2026-03-11 06:28:10"
Nederland,WindOffshore,Hour,4308599,4308599,0,0,"2025-12-02 09:00:00","2025-12-02 10:00:00","2026-03-11 06:28:10"
Nederland,WindOffshore,Hour,4179126,4179126,0,0,"2025-12-02 10:00:00","2025-12-02 11:00:00","2026-03-11 06:28:10"
Nederland,WindOffshore,Hour,3889357,3889357,0,0,"2025-12-02 11:00:00","2025-12-02 12:00:00","2026-03-11 06:28:10"
Nederland,WindOffshore,Hour,3307845,3307845,0,0,"2025-12-02 12:00:00","2025-12-02 13:00:00","2026-03-11 06:28:10"
Nederland,WindOffshore,Hour,2723022,2723022,0,0,"2025-12-02 13:00:00","2025-12-02 14:00:00","2026-03-11 06:28:10"
Nederland,WindOffshore,Hour,2445180,2445180,0,0,"2025-12-02 14:00:00","2025-12-02 15:00:00","2026-03-11 06:28:10"
Nederland,WindOffshore,Hour,2420115,2420115,0,0,"2025-12-02 15:00:00","2025-12-02 16:00:00","2026-03-11 06:28:10"
Nederland,WindOffshore,Hour,2248732,2248732,0,0,"2025-12-02 16:00:00","2025-12-02 17:00:00","2026-03-11 06:28:10"
Nederland,WindOffshore,Hour,2208624,2208624,0,0,"2025-12-02 17:00:00","2025-12-02 18:00:00","2026-03-11 06:28:10"
Nederland,WindOffshore,Hour,1717456,1717456,0,0,"2025-12-02 18:00:00","2025-12-02 19:00:00","2026-03-11 06:28:10"
Nederland,WindOffshore,Hour,1954857,1954857,0,0,"2025-12-02 19:00:00","2025-12-02 20:00:00","2026-03-11 06:28:10"
Nederland,WindOffshore,Hour,2119929,2119929,0,0,"2025-12-02 20:00:00","2025-12-02 21:00:00","2026-03-11 06:28:10"
Nederland,WindOffshore,Hour,1806354,1806354,0,0,"2025-12-02 21:00:00","2025-12-02 22:00:00","2026-03-11 06:28:10"
Nederland,WindOffshore,Hour,1660713,1660713,0,0,"2025-12-02 22:00:00","2025-12-02 23:00:00","2026-03-11 06:28:10"
Nederland,WindOffshore,Hour,1285728,1285728,0,0,"2025-12-02 23:00:00","2025-12-03 00:00:00","2026-03-11 06:28:10"
Nederland,WindOffshore,Hour,1210360,1210360,0,0,"2025-12-03 00:00:00","2025-12-03 01:00:00","2026-03-11 06:28:10"
Nederland,WindOffshore,Hour,1087851,1087851,0,0,"2025-12-03 01:00:00","2025-12-03 02:00:00","2026-03-11 06:28:10"
Nederland,WindOffshore,Hour,1301214,1301214,0,0,"2025-12-03 02:00:00","2025-12-03 03:00:00","2026-03-11 06:28:10"
Nederland,WindOffshore,Hour,987880,987880,0,0,"2025-12-03 03:00:00","2025-12-03 04:00:00","2026-03-11 06:28:10"
Nederland,WindOffshore,Hour,858792,858792,0,0,"2025-12-03 04:00:00","2025-12-03 05:00:00","2026-03-11 06:28:10"
Nederland,WindOffshore,Hour,961538,961538,0,0,"2025-12-03 05:00:00","2025-12-03 06:00:00","2026-03-11 06:28:10"
Nederland,WindOffshore,Hour,835851,835851,0,0,"2025-12-03 06:00:00","2025-12-03 07:00:00","2026-03-11 06:28:10"
Nederland,WindOffshore,Hour,863092,863092,0,0,"2025-12-03 07:00:00","2025-12-03 08:00:00","2026-03-11 06:28:10"
Nederland,WindOffshore,Hour,849333,849333,0,0,"2025-12-03 08:00:00","2025-12-03 09:00:00","2026-03-11 06:28:10"
Nederland,WindOffshore,Hour,924738,924738,0,0,"2025-12-03 09:00:00","2025-12-03 10:00:00","2026-03-11 06:28:10"
Nederland,WindOffshore,Hour,912619,912619,0,0,"2025-12-03 10:00:00","2025-12-03 11:00:00","2026-03-11 06:28:10"
Nederland,WindOffshore,Hour,894185,894185,0,0,"2025-12-03 11:00:00","2025-12-03 12:00:00","2026-03-11 06:28:10"
Nederland,WindOffshore,Hour,1139228,1139228,0,0,"2025-12-03 12:00:00","2025-12-03 13:00:00","2026-03-11 06:28:10"
Nederland,WindOffshore,Hour,985950,985950,0,0,"2025-12-03 13:00:00","2025-12-03 14:00:00","2026-03-11 06:28:10"
Nederland,WindOffshore,Hour,855945,855945,0,0,"2025-12-03 14:00:00","2025-12-03 15:00:00","2026-03-11 06:28:10"
Nederland,WindOffshore,Hour,917086,917086,0,0,"2025-12-03 15:00:00","2025-12-03 16:00:00","2026-03-11 06:28:10"
Nederland,WindOffshore,Hour,939557,939557,0,0,"2025-12-03 16:00:00","2025-12-03 17:00:00","2026-03-11 06:28:10"
Nederland,WindOffshore,Hour,909499,909499,0,0,"2025-12-03 17:00:00","2025-12-03 18:00:00","2026-03-11 06:28:10"
Nederland,WindOffshore,Hour,1042506,1042506,0,0,"2025-12-03 18:00:00","2025-12-03 19:00:00","2026-03-11 06:28:10"
Nederland,WindOffshore,Hour,1252102,1252102,0,0,"2025-12-03 19:00:00","2025-12-03 20:00:00","2026-03-11 06:28:10"
Nederland,WindOffshore,Hour,1205008,1205008,0,0,"2025-12-03 20:00:00","2025-12-03 21:00:00","2026-03-11 06:28:10"
Nederland,WindOffshore,Hour,1365856,1365856,0,0,"2025-12-03 21:00:00","2025-12-03 22:00:00","2026-03-11 06:28:10"
Nederland,WindOffshore,Hour,1477225,1477225,0,0,"2025-12-03 22:00:00","2025-12-03 23:00:00","2026-03-11 06:28:10"
Nederland,WindOffshore,Hour,1467450,1467450,0,0,"2025-12-03 23:00:00","2025-12-04 00:00:00","2026-03-11 06:28:10"
Nederland,WindOffshore,Hour,1699206,1699206,0,0,"2025-12-04 00:00:00","2025-12-04 01:00:00","2026-03-11 06:28:10"
Nederland,WindOffshore,Hour,1831752,1831752,0,0,"2025-12-04 01:00:00","2025-12-04 02:00:00","2026-03-11 06:28:10"
Nederland,WindOffshore,Hour,1872269,1872269,0,0,"2025-12-04 02:00:00","2025-12-04 03:00:00","2026-03-11 06:28:10"
Nederland,WindOffshore,Hour,1999942,1999942,0,0,"2025-12-04 03:00:00","2025-12-04 04:00:00","2026-03-11 06:28:10"
Nederland,WindOffshore,Hour,2224645,2224645,0,0,"2025-12-04 04:00:00","2025-12-04 05:00:00","2026-03-11 06:28:10"
Nederland,WindOffshore,Hour,2684665,2684665,0,0,"2025-12-04 05:00:00","2025-12-04 06:00:00","2026-03-11 06:28:10"
Nederland,WindOffshore,Hour,3009286,3009286,0,0,"2025-12-04 06:00:00","2025-12-04 07:00:00","2026-03-11 06:28:10"
Nederland,WindOffshore,Hour,3140383,3140383,0,0,"2025-12-04 07:00:00","2025-12-04 08:00:00","2026-03-11 06:28:10"
Nederland,WindOffshore,Hour,3214830,3214830,0,0,"2025-12-04 08:00:00","2025-12-04 09:00:00","2026-03-11 06:28:10"
Nederland,WindOffshore,Hour,3615800,3615800,0,0,"2025-12-04 09:00:00","2025-12-04 10:00:00","2026-03-11 06:28:10"
Nederland,WindOffshore,Hour,3926607,3926607,0,0,"2025-12-04 10:00:00","2025-12-04 11:00:00","2026-03-11 06:28:10"
Nederland,WindOffshore,Hour,3965408,3965408,0,0,"2025-12-04 11:00:00","2025-12-04 12:00:00","2026-03-11 06:28:10"
Nederland,WindOffshore,Hour,4083900,4083900,0,0,"2025-12-04 12:00:00","2025-12-04 13:00:00","2026-03-11 06:28:10"
Nederland,WindOffshore,Hour,4161272,4161272,0,0,"2025-12-04 13:00:00","2025-12-04 14:00:00","2026-03-11 06:28:10"
Nederland,WindOffshore,Hour,4211825,4211825,0,0,"2025-12-04 14:00:00","2025-12-04 15:00:00","2026-03-11 06:28:10"
Nederland,WindOffshore,Hour,4283694,4283694,0,0,"2025-12-04 15:00:00","2025-12-04 16:00:00","2026-03-11 06:28:10"
Nederland,WindOffshore,Hour,4331789,4331789,0,0,"2025-12-04 16:00:00","2025-12-04 17:00:00","2026-03-11 06:28:10"
Nederland,WindOffshore,Hour,4371989,4371989,0,0,"2025-12-04 17:00:00","2025-12-04 18:00:00","2026-03-11 06:28:10"
Nederland,WindOffshore,Hour,4400141,4400141,0,0,"2025-12-04 18:00:00","2025-12-04 19:00:00","2026-03-11 06:28:10"
Nederland,WindOffshore,Hour,4306257,4306257,0,0,"2025-12-04 19:00:00","2025-12-04 20:00:00","2026-03-11 06:28:10"
Nederland,WindOffshore,Hour,3918760,3918760,0,0,"2025-12-04 20:00:00","2025-12-04 21:00:00","2026-03-11 06:28:10"
Nederland,WindOffshore,Hour,3049575,3049575,0,0,"2025-12-04 21:00:00","2025-12-04 22:00:00","2026-03-11 06:28:10"
Nederland,WindOffshore,Hour,2425238,2425238,0,0,"2025-12-04 22:00:00","2025-12-04 23:00:00","2026-03-11 06:28:10"
Nederland,WindOffshore,Hour,1835077,1835077,0,0,"2025-12-04 23:00:00","2025-12-05 00:00:00","2026-03-11 06:28:10"
Nederland,WindOffshore,Hour,1551364,1551364,0,0,"2025-12-05 00:00:00","2025-12-05 01:00:00","2026-03-11 06:28:10"
Nederland,WindOffshore,Hour,927302,927302,0,0,"2025-12-05 01:00:00","2025-12-05 02:00:00","2026-03-11 06:28:10"
Nederland,WindOffshore,Hour,551212,551212,0,0,"2025-12-05 02:00:00","2025-12-05 03:00:00","2026-03-11 06:28:10"
Nederland,WindOffshore,Hour,468119,468119,0,0,"2025-12-05 03:00:00","2025-12-05 04:00:00","2026-03-11 06:28:10"
Nederland,WindOffshore,Hour,373304,373304,0,0,"2025-12-05 04:00:00","2025-12-05 05:00:00","2026-03-11 06:28:10"
Nederland,WindOffshore,Hour,438820,438820,0,0,"2025-12-05 05:00:00","2025-12-05 06:00:00","2026-03-11 06:28:10"
Nederland,WindOffshore,Hour,506278,506278,0,0,"2025-12-05 06:00:00","2025-12-05 07:00:00","2026-03-11 06:28:10"
Nederland,WindOffshore,Hour,418817,418817,0,0,"2025-12-05 07:00:00","2025-12-05 08:00:00","2026-03-11 06:28:10"
Nederland,WindOffshore,Hour,541187,541187,0,0,"2025-12-05 08:00:00","2025-12-05 09:00:00","2026-03-11 06:28:10"
Nederland,WindOffshore,Hour,743128,743128,0,0,"2025-12-05 09:00:00","2025-12-05 10:00:00","2026-03-11 06:28:10"
Nederland,WindOffshore,Hour,642465,642465,0,0,"2025-12-05 10:00:00","2025-12-05 11:00:00","2026-03-11 06:28:10"
Nederland,WindOffshore,Hour,774535,774535,0,0,"2025-12-05 11:00:00","2025-12-05 12:00:00","2026-03-11 06:28:10"
Nederland,WindOffshore,Hour,1012498,1012498,0,0,"2025-12-05 12:00:00","2025-12-05 13:00:00","2026-03-11 06:28:10"
Nederland,WindOffshore,Hour,1384516,1384516,0,0,"2025-12-05 13:00:00","2025-12-05 14:00:00","2026-03-11 06:28:10"
Nederland,WindOffshore,Hour,2047317,2047317,0,0,"2025-12-05 14:00:00","2025-12-05 15:00:00","2026-03-11 06:28:10"
Nederland,WindOffshore,Hour,2748673,2748673,0,0,"2025-12-05 15:00:00","2025-12-05 16:00:00","2026-03-11 06:28:10"
Nederland,WindOffshore,Hour,3373754,3373754,0,0,"2025-12-05 16:00:00","2025-12-05 17:00:00","2026-03-11 06:28:10"
Nederland,WindOffshore,Hour,3710398,3710398,0,0,"2025-12-05 17:00:00","2025-12-05 18:00:00","2026-03-11 06:28:10"
Nederland,WindOffshore,Hour,3847407,3847407,0,0,"2025-12-05 18:00:00","2025-12-05 19:00:00","2026-03-11 06:28:10"
Nederland,WindOffshore,Hour,4204751,4204751,0,0,"2025-12-05 19:00:00","2025-12-05 20:00:00","2026-03-11 06:28:10"
Nederland,WindOffshore,Hour,4369965,4369965,0,0,"2025-12-05 20:00:00","2025-12-05 21:00:00","2026-03-11 06:28:10"
Nederland,WindOffshore,Hour,4338897,4338897,0,0,"2025-12-05 21:00:00","2025-12-05 22:00:00","2026-03-11 06:28:10"
Nederland,WindOffshore,Hour,4341433,4341433,0,0,"2025-12-05 22:00:00","2025-12-05 23:00:00","2026-03-11 06:28:10"
Nederland,WindOffshore,Hour,4418307,4418307,0,0,"2025-12-05 23:00:00","2025-12-06 00:00:00","2026-03-11 06:28:10"
Nederland,WindOffshore,Hour,4415017,4415017,0,0,"2025-12-06 00:00:00","2025-12-06 01:00:00","2026-03-11 06:28:10"
Nederland,WindOffshore,Hour,4454758,4454758,0,0,"2025-12-06 01:00:00","2025-12-06 02:00:00","2026-03-11 06:28:10"
Nederland,WindOffshore,Hour,4454883,4454883,0,0,"2025-12-06 02:00:00","2025-12-06 03:00:00","2026-03-11 06:28:10"
Nederland,WindOffshore,Hour,4465301,4465301,0,0,"2025-12-06 03:00:00","2025-12-06 04:00:00","2026-03-11 06:28:10"
Nederland,WindOffshore,Hour,4493932,4493932,0,0,"2025-12-06 04:00:00","2025-12-06 05:00:00","2026-03-11 06:28:10"
Nederland,WindOffshore,Hour,4498515,4498515,0,0,"2025-12-06 05:00:00","2025-12-06 06:00:00","2026-03-11 06:28:10"
Nederland,WindOffshore,Hour,4492699,4492699,0,0,"2025-12-06 06:00:00","2025-12-06 07:00:00","2026-03-11 06:28:10"
Nederland,WindOffshore,Hour,4465933,4465933,0,0,"2025-12-06 07:00:00","2025-12-06 08:00:00","2026-03-11 06:28:10"
Nederland,WindOffshore,Hour,4390633,4390633,0,0,"2025-12-06 08:00:00","2025-12-06 09:00:00","2026-03-11 06:28:10"
Nederland,WindOffshore,Hour,4389302,4389302,0,0,"2025-12-06 09:00:00","2025-12-06 10:00:00","2026-03-11 06:28:10"
Nederland,WindOffshore,Hour,4395839,4395839,0,0,"2025-12-06 10:00:00","2025-12-06 11:00:00","2026-03-11 06:28:10"
Nederland,WindOffshore,Hour,4408249,4408249,0,0,"2025-12-06 11:00:00","2025-12-06 12:00:00","2026-03-11 06:28:10"
Nederland,WindOffshore,Hour,4402725,4402725,0,0,"2025-12-06 12:00:00","2025-12-06 13:00:00","2026-03-11 06:28:10"
Nederland,WindOffshore,Hour,4403271,4403271,0,0,"2025-12-06 13:00:00","2025-12-06 14:00:00","2026-03-11 06:28:10"
Nederland,WindOffshore,Hour,4393165,4393165,0,0,"2025-12-06 14:00:00","2025-12-06 15:00:00","2026-03-11 06:28:10"
Nederland,WindOffshore,Hour,4393689,4393689,0,0,"2025-12-06 15:00:00","2025-12-06 16:00:00","2026-03-11 06:28:10"
Nederland,WindOffshore,Hour,4407777,4407777,0,0,"2025-12-06 16:00:00","2025-12-06 17:00:00","2026-03-11 06:28:10"
Nederland,WindOffshore,Hour,4392429,4392429,0,0,"2025-12-06 17:00:00","2025-12-06 18:00:00","2026-03-11 06:28:10"
Nederland,WindOffshore,Hour,4410497,4410497,0,0,"2025-12-06 18:00:00","2025-12-06 19:00:00","2026-03-11 06:28:10"
Nederland,WindOffshore,Hour,4428575,4428575,0,0,"2025-12-06 19:00:00","2025-12-06 20:00:00","2026-03-11 06:28:10"
Nederland,WindOffshore,Hour,4392114,4392114,0,0,"2025-12-06 20:00:00","2025-12-06 21:00:00","2026-03-11 06:28:10"
Nederland,WindOffshore,Hour,4378055,4378055,0,0,"2025-12-06 21:00:00","2025-12-06 22:00:00","2026-03-11 06:28:10"
Nederland,WindOffshore,Hour,4344439,4344439,0,0,"2025-12-06 22:00:00","2025-12-06 23:00:00","2026-03-11 06:28:10"
Nederland,WindOffshore,Hour,4209020,4209020,0,0,"2025-12-06 23:00:00","2025-12-07 00:00:00","2026-03-11 06:28:10"
Nederland,WindOffshore,Hour,4009431,4009431,0,0,"2025-12-07 00:00:00","2025-12-07 01:00:00","2026-03-11 06:28:10"
Nederland,WindOffshore,Hour,3987477,3987477,0,0,"2025-12-07 01:00:00","2025-12-07 02:00:00","2026-03-11 06:28:10"
Nederland,WindOffshore,Hour,3733620,3733620,0,0,"2025-12-07 02:00:00","2025-12-07 03:00:00","2026-03-11 06:28:10"
Nederland,WindOffshore,Hour,3567548,3567548,0,0,"2025-12-07 03:00:00","2025-12-07 04:00:00","2026-03-11 06:28:10"
Nederland,WindOffshore,Hour,3317825,3317825,0,0,"2025-12-07 04:00:00","2025-12-07 05:00:00","2026-03-11 06:28:10"
Nederland,WindOffshore,Hour,2949309,2949309,0,0,"2025-12-07 05:00:00","2025-12-07 06:00:00","2026-03-11 06:28:10"
Nederland,WindOffshore,Hour,2153527,2153527,0,0,"2025-12-07 06:00:00","2025-12-07 07:00:00","2026-03-11 06:28:10"
Nederland,WindOffshore,Hour,1884921,1884921,0,0,"2025-12-07 07:00:00","2025-12-07 08:00:00","2026-03-11 06:28:10"
Nederland,WindOffshore,Hour,2189655,2189655,0,0,"2025-12-07 08:00:00","2025-12-07 09:00:00","2026-03-11 06:28:10"
Nederland,WindOffshore,Hour,2280920,2280920,0,0,"2025-12-07 09:00:00","2025-12-07 10:00:00","2026-03-11 06:28:10"
Nederland,WindOffshore,Hour,2340142,2340142,0,0,"2025-12-07 10:00:00","2025-12-07 11:00:00","2026-03-11 06:28:10"
Nederland,WindOffshore,Hour,2209695,2209695,0,0,"2025-12-07 11:00:00","2025-12-07 12:00:00","2026-03-11 06:28:10"
Nederland,WindOffshore,Hour,2411300,2411300,0,0,"2025-12-07 12:00:00","2025-12-07 13:00:00","2026-03-11 06:28:10"
Nederland,WindOffshore,Hour,2699348,2699348,0,0,"2025-12-07 13:00:00","2025-12-07 14:00:00","2026-03-11 06:28:10"
Nederland,WindOffshore,Hour,3084890,3084890,0,0,"2025-12-07 14:00:00","2025-12-07 15:00:00","2026-03-11 06:28:10"
Nederland,WindOffshore,Hour,3504106,3504106,0,0,"2025-12-07 15:00:00","2025-12-07 16:00:00","2026-03-11 06:28:10"
Nederland,WindOffshore,Hour,3962250,3962250,0,0,"2025-12-07 16:00:00","2025-12-07 17:00:00","2026-03-11 06:28:10"
Nederland,WindOffshore,Hour,4233871,4233871,0,0,"2025-12-07 17:00:00","2025-12-07 18:00:00","2026-03-11 06:28:10"
Nederland,WindOffshore,Hour,4445917,4445917,0,0,"2025-12-07 18:00:00","2025-12-07 19:00:00","2026-03-11 06:28:10"
Nederland,WindOffshore,Hour,4465936,4465936,0,0,"2025-12-07 19:00:00","2025-12-07 20:00:00","2026-03-11 06:28:10"
Nederland,WindOffshore,Hour,4464093,4464093,0,0,"2025-12-07 20:00:00","2025-12-07 21:00:00","2026-03-11 06:28:10"
Nederland,WindOffshore,Hour,4451949,4451949,0,0,"2025-12-07 21:00:00","2025-12-07 22:00:00","2026-03-11 06:28:10"
Nederland,WindOffshore,Hour,4474304,4474304,0,0,"2025-12-07 22:00:00","2025-12-07 23:00:00","2026-03-11 06:28:10"
Nederland,WindOffshore,Hour,4491451,4491451,0,0,"2025-12-07 23:00:00","2025-12-08 00:00:00","2026-03-11 06:28:10"
Nederland,WindOffshore,Hour,4483137,4483137,0,0,"2025-12-08 00:00:00","2025-12-08 01:00:00","2026-03-11 06:28:10"
Nederland,WindOffshore,Hour,4407999,4407999,0,0,"2025-12-08 01:00:00","2025-12-08 02:00:00","2026-03-11 06:28:10"
Nederland,WindOffshore,Hour,4293299,4293299,0,0,"2025-12-08 02:00:00","2025-12-08 03:00:00","2026-03-11 06:28:10"
Nederland,WindOffshore,Hour,4238047,4238047,0,0,"2025-12-08 03:00:00","2025-12-08 04:00:00","2026-03-11 06:28:10"
Nederland,WindOffshore,Hour,3928871,3928871,0,0,"2025-12-08 04:00:00","2025-12-08 05:00:00","2026-03-11 06:28:10"
Nederland,WindOffshore,Hour,3826923,3826923,0,0,"2025-12-08 05:00:00","2025-12-08 06:00:00","2026-03-11 06:28:10"
Nederland,WindOffshore,Hour,4029771,4029771,0,0,"2025-12-08 06:00:00","2025-12-08 07:00:00","2026-03-11 06:28:10"
Nederland,WindOffshore,Hour,3963716,3963716,0,0,"2025-12-08 07:00:00","2025-12-08 08:00:00","2026-03-11 06:28:10"
Nederland,WindOffshore,Hour,3918842,3918842,0,0,"2025-12-08 08:00:00","2025-12-08 09:00:00","2026-03-11 06:28:10"
Nederland,WindOffshore,Hour,3982402,3982402,0,0,"2025-12-08 09:00:00","2025-12-08 10:00:00","2026-03-11 06:28:10"
Nederland,WindOffshore,Hour,3893026,3893026,0,0,"2025-12-08 10:00:00","2025-12-08 11:00:00","2026-03-11 06:28:10"
Nederland,WindOffshore,Hour,4256606,4256606,0,0,"2025-12-08 11:00:00","2025-12-08 12:00:00","2026-03-11 06:28:10"
Nederland,WindOffshore,Hour,4310053,4310053,0,0,"2025-12-08 12:00:00","2025-12-08 13:00:00","2026-03-11 06:28:10"
Nederland,WindOffshore,Hour,4296445,4296445,0,0,"2025-12-08 13:00:00","2025-12-08 14:00:00","2026-03-11 06:28:10"
Nederland,WindOffshore,Hour,4196776,4196776,0,0,"2025-12-08 14:00:00","2025-12-08 15:00:00","2026-03-11 06:28:10"
Nederland,WindOffshore,Hour,4114533,4114533,0,0,"2025-12-08 15:00:00","2025-12-08 16:00:00","2026-03-11 06:28:10"
Nederland,WindOffshore,Hour,4152511,4152511,0,0,"2025-12-08 16:00:00","2025-12-08 17:00:00","2026-03-11 06:28:10"
Nederland,WindOffshore,Hour,4259573,4259573,0,0,"2025-12-08 17:00:00","2025-12-08 18:00:00","2026-03-11 06:28:10"
Nederland,WindOffshore,Hour,4243584,4243584,0,0,"2025-12-08 18:00:00","2025-12-08 19:00:00","2026-03-11 06:28:10"
Nederland,WindOffshore,Hour,4198427,4198427,0,0,"2025-12-08 19:00:00","2025-12-08 20:00:00","2026-03-11 06:28:10"
Nederland,WindOffshore,Hour,4106376,4106376,0,0,"2025-12-08 20:00:00","2025-12-08 21:00:00","2026-03-11 06:28:10"
Nederland,WindOffshore,Hour,4007554,4007554,0,0,"2025-12-08 21:00:00","2025-12-08 22:00:00","2026-03-11 06:28:10"
Nederland,WindOffshore,Hour,3805001,3805001,0,0,"2025-12-08 22:00:00","2025-12-08 23:00:00","2026-03-11 06:28:10"
Nederland,WindOffshore,Hour,3508003,3508003,0,0,"2025-12-08 23:00:00","2025-12-09 00:00:00","2026-03-11 06:28:10"
Nederland,WindOffshore,Hour,2923908,2923908,0,0,"2025-12-09 00:00:00","2025-12-09 01:00:00","2026-03-11 06:28:10"
Nederland,WindOffshore,Hour,2650617,2650617,0,0,"2025-12-09 01:00:00","2025-12-09 02:00:00","2026-03-11 06:28:10"
Nederland,WindOffshore,Hour,2844253,2844253,0,0,"2025-12-09 02:00:00","2025-12-09 03:00:00","2026-03-11 06:28:10"
Nederland,WindOffshore,Hour,3100885,3100885,0,0,"2025-12-09 03:00:00","2025-12-09 04:00:00","2026-03-11 06:28:10"
Nederland,WindOffshore,Hour,3379119,3379119,0,0,"2025-12-09 04:00:00","2025-12-09 05:00:00","2026-03-11 06:28:10"
Nederland,WindOffshore,Hour,3383091,3383091,0,0,"2025-12-09 05:00:00","2025-12-09 06:00:00","2026-03-11 06:28:10"
Nederland,WindOffshore,Hour,3581341,3581341,0,0,"2025-12-09 06:00:00","2025-12-09 07:00:00","2026-03-11 06:28:10"
Nederland,WindOffshore,Hour,3838556,3838556,0,0,"2025-12-09 07:00:00","2025-12-09 08:00:00","2026-03-11 06:28:10"
Nederland,WindOffshore,Hour,3615060,3615060,0,0,"2025-12-09 08:00:00","2025-12-09 09:00:00","2026-03-11 06:28:10"
Nederland,WindOffshore,Hour,3468091,3468091,0,0,"2025-12-09 09:00:00","2025-12-09 10:00:00","2026-03-11 06:28:10"
Nederland,WindOffshore,Hour,3606633,3606633,0,0,"2025-12-09 10:00:00","2025-12-09 11:00:00","2026-03-11 06:28:10"
Nederland,WindOffshore,Hour,3839305,3839305,0,0,"2025-12-09 11:00:00","2025-12-09 12:00:00","2026-03-11 06:28:10"
Nederland,WindOffshore,Hour,4077012,4077012,0,0,"2025-12-09 12:00:00","2025-12-09 13:00:00","2026-03-11 06:28:10"
Nederland,WindOffshore,Hour,4342765,4342765,0,0,"2025-12-09 13:00:00","2025-12-09 14:00:00","2026-03-11 06:28:10"
Nederland,WindOffshore,Hour,4356837,4356837,0,0,"2025-12-09 14:00:00","2025-12-09 15:00:00","2026-03-11 06:28:10"
Nederland,WindOffshore,Hour,4378079,4378079,0,0,"2025-12-09 15:00:00","2025-12-09 16:00:00","2026-03-11 06:28:10"
Nederland,WindOffshore,Hour,4332897,4332897,0,0,"2025-12-09 16:00:00","2025-12-09 17:00:00","2026-03-11 06:28:10"
Nederland,WindOffshore,Hour,4456672,4456672,0,0,"2025-12-09 17:00:00","2025-12-09 18:00:00","2026-03-11 06:28:10"
Nederland,WindOffshore,Hour,4460128,4460128,0,0,"2025-12-09 18:00:00","2025-12-09 19:00:00","2026-03-11 06:28:10"
Nederland,WindOffshore,Hour,4449207,4449207,0,0,"2025-12-09 19:00:00","2025-12-09 20:00:00","2026-03-11 06:28:10"
Nederland,WindOffshore,Hour,4451864,4451864,0,0,"2025-12-09 20:00:00","2025-12-09 21:00:00","2026-03-11 06:28:10"
Nederland,WindOffshore,Hour,4449914,4449914,0,0,"2025-12-09 21:00:00","2025-12-09 22:00:00","2026-03-11 06:28:10"
Nederland,WindOffshore,Hour,4464211,4464211,0,0,"2025-12-09 22:00:00","2025-12-09 23:00:00","2026-03-11 06:28:10"
Nederland,WindOffshore,Hour,4442542,4442542,0,0,"2025-12-09 23:00:00","2025-12-10 00:00:00","2026-03-11 06:28:10"
Nederland,WindOffshore,Hour,4320361,4320361,0,0,"2025-12-10 00:00:00","2025-12-10 01:00:00","2026-03-11 06:28:10"
Nederland,WindOffshore,Hour,4243004,4243004,0,0,"2025-12-10 01:00:00","2025-12-10 02:00:00","2026-03-11 06:28:10"
Nederland,WindOffshore,Hour,4204030,4204030,0,0,"2025-12-10 02:00:00","2025-12-10 03:00:00","2026-03-11 06:28:10"
Nederland,WindOffshore,Hour,3982467,3982467,0,0,"2025-12-10 03:00:00","2025-12-10 04:00:00","2026-03-11 06:28:10"
Nederland,WindOffshore,Hour,3866851,3866851,0,0,"2025-12-10 04:00:00","2025-12-10 05:00:00","2026-03-11 06:28:10"
Nederland,WindOffshore,Hour,4180658,4180658,0,0,"2025-12-10 05:00:00","2025-12-10 06:00:00","2026-03-11 06:28:10"
Nederland,WindOffshore,Hour,4296201,4296201,0,0,"2025-12-10 06:00:00","2025-12-10 07:00:00","2026-03-11 06:28:10"
Nederland,WindOffshore,Hour,4141204,4141204,0,0,"2025-12-10 07:00:00","2025-12-10 08:00:00","2026-03-11 06:28:10"
Nederland,WindOffshore,Hour,4120122,4120122,0,0,"2025-12-10 08:00:00","2025-12-10 09:00:00","2026-03-11 06:28:10"
Nederland,WindOffshore,Hour,4053742,4053742,0,0,"2025-12-10 09:00:00","2025-12-10 10:00:00","2026-03-11 06:28:10"
Nederland,WindOffshore,Hour,4087664,4087664,0,0,"2025-12-10 10:00:00","2025-12-10 11:00:00","2026-03-11 06:28:10"
Nederland,WindOffshore,Hour,4236804,4236804,0,0,"2025-12-10 11:00:00","2025-12-10 12:00:00","2026-03-11 06:28:10"
Nederland,WindOffshore,Hour,4292737,4292737,0,0,"2025-12-10 12:00:00","2025-12-10 13:00:00","2026-03-11 06:28:10"
Nederland,WindOffshore,Hour,4303279,4303279,0,0,"2025-12-10 13:00:00","2025-12-10 14:00:00","2026-03-11 06:28:10"
Nederland,WindOffshore,Hour,4330973,4330973,0,0,"2025-12-10 14:00:00","2025-12-10 15:00:00","2026-03-11 06:28:10"
Nederland,WindOffshore,Hour,4278637,4278637,0,0,"2025-12-10 15:00:00","2025-12-10 16:00:00","2026-03-11 06:28:10"
Nederland,WindOffshore,Hour,4215477,4215477,0,0,"2025-12-10 16:00:00","2025-12-10 17:00:00","2026-03-11 06:28:10"
Nederland,WindOffshore,Hour,4289051,4289051,0,0,"2025-12-10 17:00:00","2025-12-10 18:00:00","2026-03-11 06:28:10"
Nederland,WindOffshore,Hour,4138641,4138641,0,0,"2025-12-10 18:00:00","2025-12-10 19:00:00","2026-03-11 06:28:10"
Nederland,WindOffshore,Hour,3738713,3738713,0,0,"2025-12-10 19:00:00","2025-12-10 20:00:00","2026-03-11 06:28:10"
Nederland,WindOffshore,Hour,4014302,4014302,0,0,"2025-12-10 20:00:00","2025-12-10 21:00:00","2026-03-11 06:28:10"
Nederland,WindOffshore,Hour,4036850,4036850,0,0,"2025-12-10 21:00:00","2025-12-10 22:00:00","2026-03-11 06:28:10"
Nederland,WindOffshore,Hour,3907285,3907285,0,0,"2025-12-10 22:00:00","2025-12-10 23:00:00","2026-03-11 06:28:10"
Nederland,WindOffshore,Hour,3782598,3782598,0,0,"2025-12-10 23:00:00","2025-12-11 00:00:00","2026-03-11 06:28:10"
Nederland,WindOffshore,Hour,3392460,3392460,0,0,"2025-12-11 00:00:00","2025-12-11 01:00:00","2026-03-11 06:28:10"
Nederland,WindOffshore,Hour,3093533,3093533,0,0,"2025-12-11 01:00:00","2025-12-11 02:00:00","2026-03-11 06:28:10"
Nederland,WindOffshore,Hour,3180743,3180743,0,0,"2025-12-11 02:00:00","2025-12-11 03:00:00","2026-03-11 06:28:10"
Nederland,WindOffshore,Hour,3436203,3436203,0,0,"2025-12-11 03:00:00","2025-12-11 04:00:00","2026-03-11 06:28:10"
Nederland,WindOffshore,Hour,3266329,3266329,0,0,"2025-12-11 04:00:00","2025-12-11 05:00:00","2026-03-11 06:28:10"
Nederland,WindOffshore,Hour,3066942,3066942,0,0,"2025-12-11 05:00:00","2025-12-11 06:00:00","2026-03-11 06:28:10"
Nederland,WindOffshore,Hour,2943716,2943716,0,0,"2025-12-11 06:00:00","2025-12-11 07:00:00","2026-03-11 06:28:10"
Nederland,WindOffshore,Hour,2833945,2833945,0,0,"2025-12-11 07:00:00","2025-12-11 08:00:00","2026-03-11 06:28:10"
Nederland,WindOffshore,Hour,2975746,2975746,0,0,"2025-12-11 08:00:00","2025-12-11 09:00:00","2026-03-11 06:28:10"
Nederland,WindOffshore,Hour,3397064,3397064,0,0,"2025-12-11 09:00:00","2025-12-11 10:00:00","2026-03-11 06:28:10"
Nederland,WindOffshore,Hour,3426040,3426040,0,0,"2025-12-11 10:00:00","2025-12-11 11:00:00","2026-03-11 06:28:10"
Nederland,WindOffshore,Hour,3026188,3026188,0,0,"2025-12-11 11:00:00","2025-12-11 12:00:00","2026-03-11 06:28:10"
Nederland,WindOffshore,Hour,2354202,2354202,0,0,"2025-12-11 12:00:00","2025-12-11 13:00:00","2026-03-11 06:28:10"
Nederland,WindOffshore,Hour,1899871,1899871,0,0,"2025-12-11 13:00:00","2025-12-11 14:00:00","2026-03-11 06:28:10"
Nederland,WindOffshore,Hour,2002338,2002338,0,0,"2025-12-11 14:00:00","2025-12-11 15:00:00","2026-03-11 06:28:10"
Nederland,WindOffshore,Hour,2206946,2206946,0,0,"2025-12-11 15:00:00","2025-12-11 16:00:00","2026-03-11 06:28:10"
Nederland,WindOffshore,Hour,2531325,2531325,0,0,"2025-12-11 16:00:00","2025-12-11 17:00:00","2026-03-11 06:28:10"
Nederland,WindOffshore,Hour,2884078,2884078,0,0,"2025-12-11 17:00:00","2025-12-11 18:00:00","2026-03-11 06:28:10"
Nederland,WindOffshore,Hour,3012751,3012751,0,0,"2025-12-11 18:00:00","2025-12-11 19:00:00","2026-03-11 06:28:10"
Nederland,WindOffshore,Hour,2764490,2764490,0,0,"2025-12-11 19:00:00","2025-12-11 20:00:00","2026-03-11 06:28:10"
Nederland,WindOffshore,Hour,2333999,2333999,0,0,"2025-12-11 20:00:00","2025-12-11 21:00:00","2026-03-11 06:28:10"
Nederland,WindOffshore,Hour,2106132,2106132,0,0,"2025-12-11 21:00:00","2025-12-11 22:00:00","2026-03-11 06:28:10"
Nederland,WindOffshore,Hour,1628428,1628428,0,0,"2025-12-11 22:00:00","2025-12-11 23:00:00","2026-03-11 06:28:10"
Nederland,WindOffshore,Hour,1312610,1312610,0,0,"2025-12-11 23:00:00","2025-12-12 00:00:00","2026-03-11 06:28:10"
Nederland,WindOffshore,Hour,961753,961753,0,0,"2025-12-12 00:00:00","2025-12-12 01:00:00","2026-03-11 06:28:10"
Nederland,WindOffshore,Hour,974353,974353,0,0,"2025-12-12 01:00:00","2025-12-12 02:00:00","2026-03-11 06:28:10"
Nederland,WindOffshore,Hour,1300390,1300390,0,0,"2025-12-12 02:00:00","2025-12-12 03:00:00","2026-03-11 06:28:10"
Nederland,WindOffshore,Hour,2531353,2531353,0,0,"2025-12-12 03:00:00","2025-12-12 04:00:00","2026-03-11 06:28:10"
Nederland,WindOffshore,Hour,3006339,3006339,0,0,"2025-12-12 04:00:00","2025-12-12 05:00:00","2026-03-11 06:28:10"
Nederland,WindOffshore,Hour,2848629,2848629,0,0,"2025-12-12 05:00:00","2025-12-12 06:00:00","2026-03-11 06:28:10"
Nederland,WindOffshore,Hour,2697350,2697350,0,0,"2025-12-12 06:00:00","2025-12-12 07:00:00","2026-03-11 06:28:10"
Nederland,WindOffshore,Hour,2584949,2584949,0,0,"2025-12-12 07:00:00","2025-12-12 08:00:00","2026-03-11 06:28:10"
Nederland,WindOffshore,Hour,1873053,1873053,0,0,"2025-12-12 08:00:00","2025-12-12 09:00:00","2026-03-11 06:28:10"
Nederland,WindOffshore,Hour,1339656,1339656,0,0,"2025-12-12 09:00:00","2025-12-12 10:00:00","2026-03-11 06:28:10"
Nederland,WindOffshore,Hour,1280726,1280726,0,0,"2025-12-12 10:00:00","2025-12-12 11:00:00","2026-03-11 06:28:10"
Nederland,WindOffshore,Hour,1091050,1091050,0,0,"2025-12-12 11:00:00","2025-12-12 12:00:00","2026-03-11 06:28:10"
Nederland,WindOffshore,Hour,1323787,1323787,0,0,"2025-12-12 12:00:00","2025-12-12 13:00:00","2026-03-11 06:28:10"
Nederland,WindOffshore,Hour,1183589,1183589,0,0,"2025-12-12 13:00:00","2025-12-12 14:00:00","2026-03-11 06:28:10"
Nederland,WindOffshore,Hour,1304153,1304153,0,0,"2025-12-12 14:00:00","2025-12-12 15:00:00","2026-03-11 06:28:10"
Nederland,WindOffshore,Hour,1112877,1112877,0,0,"2025-12-12 15:00:00","2025-12-12 16:00:00","2026-03-11 06:28:10"
Nederland,WindOffshore,Hour,1163892,1163892,0,0,"2025-12-12 16:00:00","2025-12-12 17:00:00","2026-03-11 06:28:10"
Nederland,WindOffshore,Hour,1496064,1496064,0,0,"2025-12-12 17:00:00","2025-12-12 18:00:00","2026-03-11 06:28:10"
Nederland,WindOffshore,Hour,2031288,2031288,0,0,"2025-12-12 18:00:00","2025-12-12 19:00:00","2026-03-11 06:28:10"
Nederland,WindOffshore,Hour,2412618,2412618,0,0,"2025-12-12 19:00:00","2025-12-12 20:00:00","2026-03-11 06:28:10"
Nederland,WindOffshore,Hour,3023021,3023021,0,0,"2025-12-12 20:00:00","2025-12-12 21:00:00","2026-03-11 06:28:10"
Nederland,WindOffshore,Hour,3281915,3281915,0,0,"2025-12-12 21:00:00","2025-12-12 22:00:00","2026-03-11 06:28:10"
Nederland,WindOffshore,Hour,3417296,3417296,0,0,"2025-12-12 22:00:00","2025-12-12 23:00:00","2026-03-11 06:28:10"
Nederland,WindOffshore,Hour,3397213,3397213,0,0,"2025-12-12 23:00:00","2025-12-13 00:00:00","2026-03-11 06:28:10"
Nederland,WindOffshore,Hour,3202470,3202470,0,0,"2025-12-13 00:00:00","2025-12-13 01:00:00","2026-03-11 06:28:10"
Nederland,WindOffshore,Hour,2623882,2623882,0,0,"2025-12-13 01:00:00","2025-12-13 02:00:00","2026-03-11 06:28:10"
Nederland,WindOffshore,Hour,1846102,1846102,0,0,"2025-12-13 02:00:00","2025-12-13 03:00:00","2026-03-11 06:28:10"
Nederland,WindOffshore,Hour,1436393,1436393,0,0,"2025-12-13 03:00:00","2025-12-13 04:00:00","2026-03-11 06:28:10"
Nederland,WindOffshore,Hour,788549,788549,0,0,"2025-12-13 04:00:00","2025-12-13 05:00:00","2026-03-11 06:28:10"
Nederland,WindOffshore,Hour,499213,499213,0,0,"2025-12-13 05:00:00","2025-12-13 06:00:00","2026-03-11 06:28:10"
Nederland,WindOffshore,Hour,398574,398574,0,0,"2025-12-13 06:00:00","2025-12-13 07:00:00","2026-03-11 06:28:10"
Nederland,WindOffshore,Hour,276184,276184,0,0,"2025-12-13 07:00:00","2025-12-13 08:00:00","2026-03-11 06:28:10"
Nederland,WindOffshore,Hour,230654,230654,0,0,"2025-12-13 08:00:00","2025-12-13 09:00:00","2026-03-11 06:28:10"
Nederland,WindOffshore,Hour,313701,313701,0,0,"2025-12-13 09:00:00","2025-12-13 10:00:00","2026-03-11 06:28:10"
Nederland,WindOffshore,Hour,462222,462222,0,0,"2025-12-13 10:00:00","2025-12-13 11:00:00","2026-03-11 06:28:10"
Nederland,WindOffshore,Hour,472007,472007,0,0,"2025-12-13 11:00:00","2025-12-13 12:00:00","2026-03-11 06:28:10"
Nederland,WindOffshore,Hour,529656,529656,0,0,"2025-12-13 12:00:00","2025-12-13 13:00:00","2026-03-11 06:28:10"
Nederland,WindOffshore,Hour,565477,565477,0,0,"2025-12-13 13:00:00","2025-12-13 14:00:00","2026-03-11 06:28:10"
Nederland,WindOffshore,Hour,503250,503250,0,0,"2025-12-13 14:00:00","2025-12-13 15:00:00","2026-03-11 06:28:10"
Nederland,WindOffshore,Hour,475795,475795,0,0,"2025-12-13 15:00:00","2025-12-13 16:00:00","2026-03-11 06:28:10"
Nederland,WindOffshore,Hour,573057,573057,0,0,"2025-12-13 16:00:00","2025-12-13 17:00:00","2026-03-11 06:28:10"
Nederland,WindOffshore,Hour,720517,720517,0,0,"2025-12-13 17:00:00","2025-12-13 18:00:00","2026-03-11 06:28:10"
Nederland,WindOffshore,Hour,1050870,1050870,0,0,"2025-12-13 18:00:00","2025-12-13 19:00:00","2026-03-11 06:28:10"
Nederland,WindOffshore,Hour,1563004,1563004,0,0,"2025-12-13 19:00:00","2025-12-13 20:00:00","2026-03-11 06:28:10"
Nederland,WindOffshore,Hour,1899959,1899959,0,0,"2025-12-13 20:00:00","2025-12-13 21:00:00","2026-03-11 06:28:10"
Nederland,WindOffshore,Hour,2270823,2270823,0,0,"2025-12-13 21:00:00","2025-12-13 22:00:00","2026-03-11 06:28:10"
Nederland,WindOffshore,Hour,2612396,2612396,0,0,"2025-12-13 22:00:00","2025-12-13 23:00:00","2026-03-11 06:28:10"
Nederland,WindOffshore,Hour,2821438,2821438,0,0,"2025-12-13 23:00:00","2025-12-14 00:00:00","2026-03-11 06:28:10"
Nederland,WindOffshore,Hour,2959272,2959272,0,0,"2025-12-14 00:00:00","2025-12-14 01:00:00","2026-03-11 06:28:10"
Nederland,WindOffshore,Hour,2734336,2734336,0,0,"2025-12-14 01:00:00","2025-12-14 02:00:00","2026-03-11 06:28:10"
Nederland,WindOffshore,Hour,2847520,2847520,0,0,"2025-12-14 02:00:00","2025-12-14 03:00:00","2026-03-11 06:28:10"
Nederland,WindOffshore,Hour,2708832,2708832,0,0,"2025-12-14 03:00:00","2025-12-14 04:00:00","2026-03-11 06:28:10"
Nederland,WindOffshore,Hour,2617325,2617325,0,0,"2025-12-14 04:00:00","2025-12-14 05:00:00","2026-03-11 06:28:10"
Nederland,WindOffshore,Hour,2723386,2723386,0,0,"2025-12-14 05:00:00","2025-12-14 06:00:00","2026-03-11 06:28:10"
Nederland,WindOffshore,Hour,3133964,3133964,0,0,"2025-12-14 06:00:00","2025-12-14 07:00:00","2026-03-11 06:28:10"
Nederland,WindOffshore,Hour,3647143,3647143,0,0,"2025-12-14 07:00:00","2025-12-14 08:00:00","2026-03-11 06:28:10"
Nederland,WindOffshore,Hour,3944932,3944932,0,0,"2025-12-14 08:00:00","2025-12-14 09:00:00","2026-03-11 06:28:10"
Nederland,WindOffshore,Hour,4082889,4082889,0,0,"2025-12-14 09:00:00","2025-12-14 10:00:00","2026-03-11 06:28:10"
Nederland,WindOffshore,Hour,4103869,4103869,0,0,"2025-12-14 10:00:00","2025-12-14 11:00:00","2026-03-11 06:28:10"
Nederland,WindOffshore,Hour,4113555,4113555,0,0,"2025-12-14 11:00:00","2025-12-14 12:00:00","2026-03-11 06:28:10"
Nederland,WindOffshore,Hour,4037519,4037519,0,0,"2025-12-14 12:00:00","2025-12-14 13:00:00","2026-03-11 06:28:10"
Nederland,WindOffshore,Hour,3882107,3882107,0,0,"2025-12-14 13:00:00","2025-12-14 14:00:00","2026-03-11 06:28:10"
Nederland,WindOffshore,Hour,3843931,3843931,0,0,"2025-12-14 14:00:00","2025-12-14 15:00:00","2026-03-11 06:28:10"
Nederland,WindOffshore,Hour,4009826,4009826,0,0,"2025-12-14 15:00:00","2025-12-14 16:00:00","2026-03-11 06:28:10"
Nederland,WindOffshore,Hour,4079298,4079298,0,0,"2025-12-14 16:00:00","2025-12-14 17:00:00","2026-03-11 06:28:10"
Nederland,WindOffshore,Hour,3838525,3838525,0,0,"2025-12-14 17:00:00","2025-12-14 18:00:00","2026-03-11 06:28:10"
Nederland,WindOffshore,Hour,4061215,4061215,0,0,"2025-12-14 18:00:00","2025-12-14 19:00:00","2026-03-11 06:28:10"
Nederland,WindOffshore,Hour,4195675,4195675,0,0,"2025-12-14 19:00:00","2025-12-14 20:00:00","2026-03-11 06:28:10"
Nederland,WindOffshore,Hour,4300284,4300284,0,0,"2025-12-14 20:00:00","2025-12-14 21:00:00","2026-03-11 06:28:10"
Nederland,WindOffshore,Hour,4305142,4305142,0,0,"2025-12-14 21:00:00","2025-12-14 22:00:00","2026-03-11 06:28:10"
Nederland,WindOffshore,Hour,4269123,4269123,0,0,"2025-12-14 22:00:00","2025-12-14 23:00:00","2026-03-11 06:28:10"
Nederland,WindOffshore,Hour,4223281,4223281,0,0,"2025-12-14 23:00:00","2025-12-15 00:00:00","2026-03-11 06:28:10"
Nederland,WindOffshore,Hour,4267671,4267671,0,0,"2025-12-15 00:00:00","2025-12-15 01:00:00","2026-03-11 06:28:10"
Nederland,WindOffshore,Hour,4271176,4271176,0,0,"2025-12-15 01:00:00","2025-12-15 02:00:00","2026-03-11 06:28:10"
Nederland,WindOffshore,Hour,4018100,4018100,0,0,"2025-12-15 02:00:00","2025-12-15 03:00:00","2026-03-11 06:28:10"
Nederland,WindOffshore,Hour,3999977,3999977,0,0,"2025-12-15 03:00:00","2025-12-15 04:00:00","2026-03-11 06:28:10"
Nederland,WindOffshore,Hour,4016184,4016184,0,0,"2025-12-15 04:00:00","2025-12-15 05:00:00","2026-03-11 06:28:10"
Nederland,WindOffshore,Hour,3942527,3942527,0,0,"2025-12-15 05:00:00","2025-12-15 06:00:00","2026-03-11 06:28:10"
Nederland,WindOffshore,Hour,4114094,4114094,0,0,"2025-12-15 06:00:00","2025-12-15 07:00:00","2026-03-11 06:28:10"
Nederland,WindOffshore,Hour,4111401,4111401,0,0,"2025-12-15 07:00:00","2025-12-15 08:00:00","2026-03-11 06:28:10"
Nederland,WindOffshore,Hour,4055334,4055334,0,0,"2025-12-15 08:00:00","2025-12-15 09:00:00","2026-03-11 06:28:10"
Nederland,WindOffshore,Hour,4304536,4304536,0,0,"2025-12-15 09:00:00","2025-12-15 10:00:00","2026-03-11 06:28:10"
Nederland,WindOffshore,Hour,4297042,4297042,0,0,"2025-12-15 10:00:00","2025-12-15 11:00:00","2026-03-11 06:28:10"
Nederland,WindOffshore,Hour,4215528,4215528,0,0,"2025-12-15 11:00:00","2025-12-15 12:00:00","2026-03-11 06:28:10"
Nederland,WindOffshore,Hour,4098788,4098788,0,0,"2025-12-15 12:00:00","2025-12-15 13:00:00","2026-03-11 06:28:10"
Nederland,WindOffshore,Hour,3922407,3922407,0,0,"2025-12-15 13:00:00","2025-12-15 14:00:00","2026-03-11 06:28:10"
Nederland,WindOffshore,Hour,3676617,3676617,0,0,"2025-12-15 14:00:00","2025-12-15 15:00:00","2026-03-11 06:28:10"
Nederland,WindOffshore,Hour,3330266,3330266,0,0,"2025-12-15 15:00:00","2025-12-15 16:00:00","2026-03-11 06:28:10"
Nederland,WindOffshore,Hour,2582145,2582145,0,0,"2025-12-15 16:00:00","2025-12-15 17:00:00","2026-03-11 06:28:10"
Nederland,WindOffshore,Hour,2090865,2090865,0,0,"2025-12-15 17:00:00","2025-12-15 18:00:00","2026-03-11 06:28:10"
Nederland,WindOffshore,Hour,2332440,2332440,0,0,"2025-12-15 18:00:00","2025-12-15 19:00:00","2026-03-11 06:28:10"
Nederland,WindOffshore,Hour,3094194,3094194,0,0,"2025-12-15 19:00:00","2025-12-15 20:00:00","2026-03-11 06:28:10"
Nederland,WindOffshore,Hour,3220277,3220277,0,0,"2025-12-15 20:00:00","2025-12-15 21:00:00","2026-03-11 06:28:10"
Nederland,WindOffshore,Hour,3108852,3108852,0,0,"2025-12-15 21:00:00","2025-12-15 22:00:00","2026-03-11 06:28:10"
Nederland,WindOffshore,Hour,2782518,2782518,0,0,"2025-12-15 22:00:00","2025-12-15 23:00:00","2026-03-11 06:28:10"
Nederland,WindOffshore,Hour,2252728,2252728,0,0,"2025-12-15 23:00:00","2025-12-16 00:00:00","2026-03-11 06:28:10"
Nederland,WindOffshore,Hour,1939894,1939894,0,0,"2025-12-16 00:00:00","2025-12-16 01:00:00","2026-03-11 06:28:10"
Nederland,WindOffshore,Hour,2023692,2023692,0,0,"2025-12-16 01:00:00","2025-12-16 02:00:00","2026-03-11 06:28:10"
Nederland,WindOffshore,Hour,2026534,2026534,0,0,"2025-12-16 02:00:00","2025-12-16 03:00:00","2026-03-11 06:28:10"
Nederland,WindOffshore,Hour,2038527,2038527,0,0,"2025-12-16 03:00:00","2025-12-16 04:00:00","2026-03-11 06:28:10"
Nederland,WindOffshore,Hour,1960076,1960076,0,0,"2025-12-16 04:00:00","2025-12-16 05:00:00","2026-03-11 06:28:10"
Nederland,WindOffshore,Hour,1960514,1960514,0,0,"2025-12-16 05:00:00","2025-12-16 06:00:00","2026-03-11 06:28:10"
Nederland,WindOffshore,Hour,2124614,2124614,0,0,"2025-12-16 06:00:00","2025-12-16 07:00:00","2026-03-11 06:28:10"
Nederland,WindOffshore,Hour,1953372,1953372,0,0,"2025-12-16 07:00:00","2025-12-16 08:00:00","2026-03-11 06:28:10"
Nederland,WindOffshore,Hour,1733979,1733979,0,0,"2025-12-16 08:00:00","2025-12-16 09:00:00","2026-03-11 06:28:10"
Nederland,WindOffshore,Hour,2041811,2041811,0,0,"2025-12-16 09:00:00","2025-12-16 10:00:00","2026-03-11 06:28:10"
Nederland,WindOffshore,Hour,2144139,2144139,0,0,"2025-12-16 10:00:00","2025-12-16 11:00:00","2026-03-11 06:28:10"
Nederland,WindOffshore,Hour,1759207,1759207,0,0,"2025-12-16 11:00:00","2025-12-16 12:00:00","2026-03-11 06:28:10"
Nederland,WindOffshore,Hour,1503668,1503668,0,0,"2025-12-16 12:00:00","2025-12-16 13:00:00","2026-03-11 06:28:10"
Nederland,WindOffshore,Hour,1091959,1091959,0,0,"2025-12-16 13:00:00","2025-12-16 14:00:00","2026-03-11 06:28:10"
Nederland,WindOffshore,Hour,868310,868310,0,0,"2025-12-16 14:00:00","2025-12-16 15:00:00","2026-03-11 06:28:10"
Nederland,WindOffshore,Hour,573161,573161,0,0,"2025-12-16 15:00:00","2025-12-16 16:00:00","2026-03-11 06:28:10"
Nederland,WindOffshore,Hour,584812,584812,0,0,"2025-12-16 16:00:00","2025-12-16 17:00:00","2026-03-11 06:28:10"
Nederland,WindOffshore,Hour,300367,300367,0,0,"2025-12-16 17:00:00","2025-12-16 18:00:00","2026-03-11 06:28:10"
Nederland,WindOffshore,Hour,288810,288810,0,0,"2025-12-16 18:00:00","2025-12-16 19:00:00","2026-03-11 06:28:10"
Nederland,WindOffshore,Hour,156078,156078,0,0,"2025-12-16 19:00:00","2025-12-16 20:00:00","2026-03-11 06:28:10"
Nederland,WindOffshore,Hour,176236,176236,0,0,"2025-12-16 20:00:00","2025-12-16 21:00:00","2026-03-11 06:28:10"
Nederland,WindOffshore,Hour,223023,223023,0,0,"2025-12-16 21:00:00","2025-12-16 22:00:00","2026-03-11 06:28:10"
Nederland,WindOffshore,Hour,201832,201832,0,0,"2025-12-16 22:00:00","2025-12-16 23:00:00","2026-03-11 06:28:10"
Nederland,WindOffshore,Hour,283370,283370,0,0,"2025-12-16 23:00:00","2025-12-17 00:00:00","2026-03-11 06:28:10"
Nederland,WindOffshore,Hour,244030,244030,0,0,"2025-12-17 00:00:00","2025-12-17 01:00:00","2026-03-11 06:28:10"
Nederland,WindOffshore,Hour,206020,206020,0,0,"2025-12-17 01:00:00","2025-12-17 02:00:00","2026-03-11 06:28:10"
Nederland,WindOffshore,Hour,223742,223742,0,0,"2025-12-17 02:00:00","2025-12-17 03:00:00","2026-03-11 06:28:10"
Nederland,WindOffshore,Hour,64369,64369,0,0,"2025-12-17 03:00:00","2025-12-17 04:00:00","2026-03-11 06:28:10"
Nederland,WindOffshore,Hour,227152,227152,0,0,"2025-12-17 04:00:00","2025-12-17 05:00:00","2026-03-11 06:28:10"
Nederland,WindOffshore,Hour,335952,335952,0,0,"2025-12-17 05:00:00","2025-12-17 06:00:00","2026-03-11 06:28:10"
Nederland,WindOffshore,Hour,252189,252189,0,0,"2025-12-17 06:00:00","2025-12-17 07:00:00","2026-03-11 06:28:10"
Nederland,WindOffshore,Hour,90291,90291,0,0,"2025-12-17 07:00:00","2025-12-17 08:00:00","2026-03-11 06:28:10"
Nederland,WindOffshore,Hour,68506,68506,0,0,"2025-12-17 08:00:00","2025-12-17 09:00:00","2026-03-11 06:28:10"
Nederland,WindOffshore,Hour,282620,282620,0,0,"2025-12-17 09:00:00","2025-12-17 10:00:00","2026-03-11 06:28:10"
Nederland,WindOffshore,Hour,280998,280998,0,0,"2025-12-17 10:00:00","2025-12-17 11:00:00","2026-03-11 06:28:10"
Nederland,WindOffshore,Hour,252734,252734,0,0,"2025-12-17 11:00:00","2025-12-17 12:00:00","2026-03-11 06:28:10"
Nederland,WindOffshore,Hour,953466,953466,0,0,"2025-12-17 12:00:00","2025-12-17 13:00:00","2026-03-11 06:28:10"
Nederland,WindOffshore,Hour,1228359,1228359,0,0,"2025-12-17 13:00:00","2025-12-17 14:00:00","2026-03-11 06:28:10"
Nederland,WindOffshore,Hour,2016228,2016228,0,0,"2025-12-17 14:00:00","2025-12-17 15:00:00","2026-03-11 06:28:10"
Nederland,WindOffshore,Hour,2513164,2513164,0,0,"2025-12-17 15:00:00","2025-12-17 16:00:00","2026-03-11 06:28:10"
Nederland,WindOffshore,Hour,2743289,2743289,0,0,"2025-12-17 16:00:00","2025-12-17 17:00:00","2026-03-11 06:28:10"
Nederland,WindOffshore,Hour,3022702,3022702,0,0,"2025-12-17 17:00:00","2025-12-17 18:00:00","2026-03-11 06:28:10"
Nederland,WindOffshore,Hour,3335806,3335806,0,0,"2025-12-17 18:00:00","2025-12-17 19:00:00","2026-03-11 06:28:10"
Nederland,WindOffshore,Hour,3794097,3794097,0,0,"2025-12-17 19:00:00","2025-12-17 20:00:00","2026-03-11 06:28:10"
Nederland,WindOffshore,Hour,4042898,4042898,0,0,"2025-12-17 20:00:00","2025-12-17 21:00:00","2026-03-11 06:28:10"
Nederland,WindOffshore,Hour,4107170,4107170,0,0,"2025-12-17 21:00:00","2025-12-17 22:00:00","2026-03-11 06:28:10"
Nederland,WindOffshore,Hour,4225466,4225466,0,0,"2025-12-17 22:00:00","2025-12-17 23:00:00","2026-03-11 06:28:10"
Nederland,WindOffshore,Hour,4364049,4364049,0,0,"2025-12-17 23:00:00","2025-12-18 00:00:00","2026-03-11 06:28:10"
Nederland,WindOffshore,Hour,4436083,4436083,0,0,"2025-12-18 00:00:00","2025-12-18 01:00:00","2026-03-11 06:28:10"
Nederland,WindOffshore,Hour,4460425,4460425,0,0,"2025-12-18 01:00:00","2025-12-18 02:00:00","2026-03-11 06:28:10"
Nederland,WindOffshore,Hour,4462608,4462608,0,0,"2025-12-18 02:00:00","2025-12-18 03:00:00","2026-03-11 06:28:10"
Nederland,WindOffshore,Hour,4474025,4474025,0,0,"2025-12-18 03:00:00","2025-12-18 04:00:00","2026-03-11 06:28:10"
Nederland,WindOffshore,Hour,4470290,4470290,0,0,"2025-12-18 04:00:00","2025-12-18 05:00:00","2026-03-11 06:28:10"
Nederland,WindOffshore,Hour,4463929,4463929,0,0,"2025-12-18 05:00:00","2025-12-18 06:00:00","2026-03-11 06:28:10"
Nederland,WindOffshore,Hour,4464032,4464032,0,0,"2025-12-18 06:00:00","2025-12-18 07:00:00","2026-03-11 06:28:10"
Nederland,WindOffshore,Hour,4454762,4454762,0,0,"2025-12-18 07:00:00","2025-12-18 08:00:00","2026-03-11 06:28:10"
Nederland,WindOffshore,Hour,4444620,4444620,0,0,"2025-12-18 08:00:00","2025-12-18 09:00:00","2026-03-11 06:28:10"
Nederland,WindOffshore,Hour,4409489,4409489,0,0,"2025-12-18 09:00:00","2025-12-18 10:00:00","2026-03-11 06:28:10"
Nederland,WindOffshore,Hour,4302693,4302693,0,0,"2025-12-18 10:00:00","2025-12-18 11:00:00","2026-03-11 06:28:10"
Nederland,WindOffshore,Hour,4274244,4274244,0,0,"2025-12-18 11:00:00","2025-12-18 12:00:00","2026-03-11 06:28:10"
Nederland,WindOffshore,Hour,4138267,4138267,0,0,"2025-12-18 12:00:00","2025-12-18 13:00:00","2026-03-11 06:28:10"
Nederland,WindOffshore,Hour,4043993,4043993,0,0,"2025-12-18 13:00:00","2025-12-18 14:00:00","2026-03-11 06:28:10"
Nederland,WindOffshore,Hour,4150755,4150755,0,0,"2025-12-18 14:00:00","2025-12-18 15:00:00","2026-03-11 06:28:10"
Nederland,WindOffshore,Hour,4226178,4226178,0,0,"2025-12-18 15:00:00","2025-12-18 16:00:00","2026-03-11 06:28:10"
Nederland,WindOffshore,Hour,4384126,4384126,0,0,"2025-12-18 16:00:00","2025-12-18 17:00:00","2026-03-11 06:28:10"
Nederland,WindOffshore,Hour,4466662,4466662,0,0,"2025-12-18 17:00:00","2025-12-18 18:00:00","2026-03-11 06:28:10"
Nederland,WindOffshore,Hour,4478696,4478696,0,0,"2025-12-18 18:00:00","2025-12-18 19:00:00","2026-03-11 06:28:10"
Nederland,WindOffshore,Hour,4469099,4469099,0,0,"2025-12-18 19:00:00","2025-12-18 20:00:00","2026-03-11 06:28:10"
Nederland,WindOffshore,Hour,4475590,4475590,0,0,"2025-12-18 20:00:00","2025-12-18 21:00:00","2026-03-11 06:28:10"
Nederland,WindOffshore,Hour,4507259,4507259,0,0,"2025-12-18 21:00:00","2025-12-18 22:00:00","2026-03-11 06:28:10"
Nederland,WindOffshore,Hour,4513976,4513976,0,0,"2025-12-18 22:00:00","2025-12-18 23:00:00","2026-03-11 06:28:10"
Nederland,WindOffshore,Hour,4510925,4510925,0,0,"2025-12-18 23:00:00","2025-12-19 00:00:00","2026-03-11 06:28:10"
Nederland,WindOffshore,Hour,4450425,4450425,0,0,"2025-12-19 00:00:00","2025-12-19 01:00:00","2026-03-11 06:28:10"
Nederland,WindOffshore,Hour,4409758,4409758,0,0,"2025-12-19 01:00:00","2025-12-19 02:00:00","2026-03-11 06:28:10"
Nederland,WindOffshore,Hour,4252596,4252596,0,0,"2025-12-19 02:00:00","2025-12-19 03:00:00","2026-03-11 06:28:10"
Nederland,WindOffshore,Hour,4051048,4051048,0,0,"2025-12-19 03:00:00","2025-12-19 04:00:00","2026-03-11 06:28:10"
Nederland,WindOffshore,Hour,3682414,3682414,0,0,"2025-12-19 04:00:00","2025-12-19 05:00:00","2026-03-11 06:28:10"
Nederland,WindOffshore,Hour,2835636,2835636,0,0,"2025-12-19 05:00:00","2025-12-19 06:00:00","2026-03-11 06:28:10"
Nederland,WindOffshore,Hour,1877093,1877093,0,0,"2025-12-19 06:00:00","2025-12-19 07:00:00","2026-03-11 06:28:10"
Nederland,WindOffshore,Hour,1961777,1961777,0,0,"2025-12-19 07:00:00","2025-12-19 08:00:00","2026-03-11 06:28:10"
Nederland,WindOffshore,Hour,2165500,2165500,0,0,"2025-12-19 08:00:00","2025-12-19 09:00:00","2026-03-11 06:28:10"
Nederland,WindOffshore,Hour,1577067,1577067,0,0,"2025-12-19 09:00:00","2025-12-19 10:00:00","2026-03-11 06:28:10"
Nederland,WindOffshore,Hour,1621744,1621744,0,0,"2025-12-19 10:00:00","2025-12-19 11:00:00","2026-03-11 06:28:10"
Nederland,WindOffshore,Hour,2289146,2289146,0,0,"2025-12-19 11:00:00","2025-12-19 12:00:00","2026-03-11 06:28:10"
Nederland,WindOffshore,Hour,3074322,3074322,0,0,"2025-12-19 12:00:00","2025-12-19 13:00:00","2026-03-11 06:28:10"
Nederland,WindOffshore,Hour,3448582,3448582,0,0,"2025-12-19 13:00:00","2025-12-19 14:00:00","2026-03-11 06:28:10"
Nederland,WindOffshore,Hour,3666211,3666211,0,0,"2025-12-19 14:00:00","2025-12-19 15:00:00","2026-03-11 06:28:10"
Nederland,WindOffshore,Hour,3498500,3498500,0,0,"2025-12-19 15:00:00","2025-12-19 16:00:00","2026-03-11 06:28:10"
Nederland,WindOffshore,Hour,3356605,3356605,0,0,"2025-12-19 16:00:00","2025-12-19 17:00:00","2026-03-11 06:28:10"
Nederland,WindOffshore,Hour,3090316,3090316,0,0,"2025-12-19 17:00:00","2025-12-19 18:00:00","2026-03-11 06:28:10"
Nederland,WindOffshore,Hour,2559123,2559123,0,0,"2025-12-19 18:00:00","2025-12-19 19:00:00","2026-03-11 06:28:10"
Nederland,WindOffshore,Hour,2382003,2382003,0,0,"2025-12-19 19:00:00","2025-12-19 20:00:00","2026-03-11 06:28:10"
Nederland,WindOffshore,Hour,2129263,2129263,0,0,"2025-12-19 20:00:00","2025-12-19 21:00:00","2026-03-11 06:28:10"
Nederland,WindOffshore,Hour,1832308,1832308,0,0,"2025-12-19 21:00:00","2025-12-19 22:00:00","2026-03-11 06:28:10"
Nederland,WindOffshore,Hour,1291138,1291138,0,0,"2025-12-19 22:00:00","2025-12-19 23:00:00","2026-03-11 06:28:10"
Nederland,WindOffshore,Hour,768972,768972,0,0,"2025-12-19 23:00:00","2025-12-20 00:00:00","2026-03-11 06:28:10"
Nederland,WindOffshore,Hour,706792,706792,0,0,"2025-12-20 00:00:00","2025-12-20 01:00:00","2026-03-11 06:28:10"
Nederland,WindOffshore,Hour,678644,678644,0,0,"2025-12-20 01:00:00","2025-12-20 02:00:00","2026-03-11 06:28:10"
Nederland,WindOffshore,Hour,803745,803745,0,0,"2025-12-20 02:00:00","2025-12-20 03:00:00","2026-03-11 06:28:10"
Nederland,WindOffshore,Hour,642588,642588,0,0,"2025-12-20 03:00:00","2025-12-20 04:00:00","2026-03-11 06:28:10"
Nederland,WindOffshore,Hour,415283,415283,0,0,"2025-12-20 04:00:00","2025-12-20 05:00:00","2026-03-11 06:28:10"
Nederland,WindOffshore,Hour,254582,254582,0,0,"2025-12-20 05:00:00","2025-12-20 06:00:00","2026-03-11 06:28:10"
Nederland,WindOffshore,Hour,317538,317538,0,0,"2025-12-20 06:00:00","2025-12-20 07:00:00","2026-03-11 06:28:10"
Nederland,WindOffshore,Hour,289405,289405,0,0,"2025-12-20 07:00:00","2025-12-20 08:00:00","2026-03-11 06:28:10"
Nederland,WindOffshore,Hour,336376,336376,0,0,"2025-12-20 08:00:00","2025-12-20 09:00:00","2026-03-11 06:28:10"
Nederland,WindOffshore,Hour,285702,285702,0,0,"2025-12-20 09:00:00","2025-12-20 10:00:00","2026-03-11 06:28:10"
Nederland,WindOffshore,Hour,275800,275800,0,0,"2025-12-20 10:00:00","2025-12-20 11:00:00","2026-03-11 06:28:10"
Nederland,WindOffshore,Hour,267296,267296,0,0,"2025-12-20 11:00:00","2025-12-20 12:00:00","2026-03-11 06:28:10"
Nederland,WindOffshore,Hour,240394,240394,0,0,"2025-12-20 12:00:00","2025-12-20 13:00:00","2026-03-11 06:28:10"
Nederland,WindOffshore,Hour,366846,366846,0,0,"2025-12-20 13:00:00","2025-12-20 14:00:00","2026-03-11 06:28:10"
Nederland,WindOffshore,Hour,435449,435449,0,0,"2025-12-20 14:00:00","2025-12-20 15:00:00","2026-03-11 06:28:10"
Nederland,WindOffshore,Hour,664451,664451,0,0,"2025-12-20 15:00:00","2025-12-20 16:00:00","2026-03-11 06:28:10"
Nederland,WindOffshore,Hour,989722,989722,0,0,"2025-12-20 16:00:00","2025-12-20 17:00:00","2026-03-11 06:28:10"
Nederland,WindOffshore,Hour,1434381,1434381,0,0,"2025-12-20 17:00:00","2025-12-20 18:00:00","2026-03-11 06:28:10"
Nederland,WindOffshore,Hour,2293955,2293955,0,0,"2025-12-20 18:00:00","2025-12-20 19:00:00","2026-03-11 06:28:10"
Nederland,WindOffshore,Hour,2704092,2704092,0,0,"2025-12-20 19:00:00","2025-12-20 20:00:00","2026-03-11 06:28:10"
Nederland,WindOffshore,Hour,2778929,2778929,0,0,"2025-12-20 20:00:00","2025-12-20 21:00:00","2026-03-11 06:28:10"
Nederland,WindOffshore,Hour,2622590,2622590,0,0,"2025-12-20 21:00:00","2025-12-20 22:00:00","2026-03-11 06:28:10"
Nederland,WindOffshore,Hour,2663611,2663611,0,0,"2025-12-20 22:00:00","2025-12-20 23:00:00","2026-03-11 06:28:10"
Nederland,WindOffshore,Hour,2491588,2491588,0,0,"2025-12-20 23:00:00","2025-12-21 00:00:00","2026-03-11 06:28:10"
Nederland,WindOffshore,Hour,2247477,2247477,0,0,"2025-12-21 00:00:00","2025-12-21 01:00:00","2026-03-11 06:28:10"
Nederland,WindOffshore,Hour,1879529,1879529,0,0,"2025-12-21 01:00:00","2025-12-21 02:00:00","2026-03-11 06:28:10"
Nederland,WindOffshore,Hour,1563740,1563740,0,0,"2025-12-21 02:00:00","2025-12-21 03:00:00","2026-03-11 06:28:10"
Nederland,WindOffshore,Hour,1420384,1420384,0,0,"2025-12-21 03:00:00","2025-12-21 04:00:00","2026-03-11 06:28:10"
Nederland,WindOffshore,Hour,1222428,1222428,0,0,"2025-12-21 04:00:00","2025-12-21 05:00:00","2026-03-11 06:28:10"
Nederland,WindOffshore,Hour,943989,943989,0,0,"2025-12-21 05:00:00","2025-12-21 06:00:00","2026-03-11 06:28:10"
Nederland,WindOffshore,Hour,1000456,1000456,0,0,"2025-12-21 06:00:00","2025-12-21 07:00:00","2026-03-11 06:28:10"
Nederland,WindOffshore,Hour,1242476,1242476,0,0,"2025-12-21 07:00:00","2025-12-21 08:00:00","2026-03-11 06:28:10"
Nederland,WindOffshore,Hour,1188906,1188906,0,0,"2025-12-21 08:00:00","2025-12-21 09:00:00","2026-03-11 06:28:10"
Nederland,WindOffshore,Hour,1395360,1395360,0,0,"2025-12-21 09:00:00","2025-12-21 10:00:00","2026-03-11 06:28:10"
Nederland,WindOffshore,Hour,1049001,1049001,0,0,"2025-12-21 10:00:00","2025-12-21 11:00:00","2026-03-11 06:28:10"
Nederland,WindOffshore,Hour,1181018,1181018,0,0,"2025-12-21 11:00:00","2025-12-21 12:00:00","2026-03-11 06:28:10"
Nederland,WindOffshore,Hour,1088321,1088321,0,0,"2025-12-21 12:00:00","2025-12-21 13:00:00","2026-03-11 06:28:10"
Nederland,WindOffshore,Hour,819941,819941,0,0,"2025-12-21 13:00:00","2025-12-21 14:00:00","2026-03-11 06:28:10"
Nederland,WindOffshore,Hour,754025,754025,0,0,"2025-12-21 14:00:00","2025-12-21 15:00:00","2026-03-11 06:28:10"
Nederland,WindOffshore,Hour,1076024,1076024,0,0,"2025-12-21 15:00:00","2025-12-21 16:00:00","2026-03-11 06:28:10"
Nederland,WindOffshore,Hour,1445851,1445851,0,0,"2025-12-21 16:00:00","2025-12-21 17:00:00","2026-03-11 06:28:10"
Nederland,WindOffshore,Hour,1950678,1950678,0,0,"2025-12-21 17:00:00","2025-12-21 18:00:00","2026-03-11 06:28:10"
Nederland,WindOffshore,Hour,2339607,2339607,0,0,"2025-12-21 18:00:00","2025-12-21 19:00:00","2026-03-11 06:28:10"
Nederland,WindOffshore,Hour,2422134,2422134,0,0,"2025-12-21 19:00:00","2025-12-21 20:00:00","2026-03-11 06:28:10"
Nederland,WindOffshore,Hour,2901657,2901657,0,0,"2025-12-21 20:00:00","2025-12-21 21:00:00","2026-03-11 06:28:10"
Nederland,WindOffshore,Hour,3533153,3533153,0,0,"2025-12-21 21:00:00","2025-12-21 22:00:00","2026-03-11 06:28:10"
Nederland,WindOffshore,Hour,3653382,3653382,0,0,"2025-12-21 22:00:00","2025-12-21 23:00:00","2026-03-11 06:28:10"
Nederland,WindOffshore,Hour,3820596,3820596,0,0,"2025-12-21 23:00:00","2025-12-22 00:00:00","2026-03-11 06:28:10"
Nederland,WindOffshore,Hour,3620926,3620926,0,0,"2025-12-22 00:00:00","2025-12-22 01:00:00","2026-03-11 06:28:10"
Nederland,WindOffshore,Hour,3790568,3790568,0,0,"2025-12-22 01:00:00","2025-12-22 02:00:00","2026-03-11 06:28:10"
Nederland,WindOffshore,Hour,3772770,3772770,0,0,"2025-12-22 02:00:00","2025-12-22 03:00:00","2026-03-11 06:28:10"
Nederland,WindOffshore,Hour,3653870,3653870,0,0,"2025-12-22 03:00:00","2025-12-22 04:00:00","2026-03-11 06:28:10"
Nederland,WindOffshore,Hour,3522777,3522777,0,0,"2025-12-22 04:00:00","2025-12-22 05:00:00","2026-03-11 06:28:10"
Nederland,WindOffshore,Hour,3335028,3335028,0,0,"2025-12-22 05:00:00","2025-12-22 06:00:00","2026-03-11 06:28:10"
Nederland,WindOffshore,Hour,3191443,3191443,0,0,"2025-12-22 06:00:00","2025-12-22 07:00:00","2026-03-11 06:28:10"
Nederland,WindOffshore,Hour,3126668,3126668,0,0,"2025-12-22 07:00:00","2025-12-22 08:00:00","2026-03-11 06:28:10"
Nederland,WindOffshore,Hour,3077319,3077319,0,0,"2025-12-22 08:00:00","2025-12-22 09:00:00","2026-03-11 06:28:10"
Nederland,WindOffshore,Hour,3098504,3098504,0,0,"2025-12-22 09:00:00","2025-12-22 10:00:00","2026-03-11 06:28:10"
Nederland,WindOffshore,Hour,2861114,2861114,0,0,"2025-12-22 10:00:00","2025-12-22 11:00:00","2026-03-11 06:28:10"
Nederland,WindOffshore,Hour,2467388,2467388,0,0,"2025-12-22 11:00:00","2025-12-22 12:00:00","2026-03-11 06:28:10"
Nederland,WindOffshore,Hour,2489007,2489007,0,0,"2025-12-22 12:00:00","2025-12-22 13:00:00","2026-03-11 06:28:10"
Nederland,WindOffshore,Hour,2572256,2572256,0,0,"2025-12-22 13:00:00","2025-12-22 14:00:00","2026-03-11 06:28:10"
Nederland,WindOffshore,Hour,2311211,2311211,0,0,"2025-12-22 14:00:00","2025-12-22 15:00:00","2026-03-11 06:28:10"
Nederland,WindOffshore,Hour,2449482,2449482,0,0,"2025-12-22 15:00:00","2025-12-22 16:00:00","2026-03-11 06:28:10"
Nederland,WindOffshore,Hour,2745311,2745311,0,0,"2025-12-22 16:00:00","2025-12-22 17:00:00","2026-03-11 06:28:10"
Nederland,WindOffshore,Hour,3021977,3021977,0,0,"2025-12-22 17:00:00","2025-12-22 18:00:00","2026-03-11 06:28:10"
Nederland,WindOffshore,Hour,2855725,2855725,0,0,"2025-12-22 18:00:00","2025-12-22 19:00:00","2026-03-11 06:28:10"
Nederland,WindOffshore,Hour,2617127,2617127,0,0,"2025-12-22 19:00:00","2025-12-22 20:00:00","2026-03-11 06:28:10"
Nederland,WindOffshore,Hour,2816372,2816372,0,0,"2025-12-22 20:00:00","2025-12-22 21:00:00","2026-03-11 06:28:10"
Nederland,WindOffshore,Hour,3043989,3043989,0,0,"2025-12-22 21:00:00","2025-12-22 22:00:00","2026-03-11 06:28:10"
Nederland,WindOffshore,Hour,3071031,3071031,0,0,"2025-12-22 22:00:00","2025-12-22 23:00:00","2026-03-11 06:28:10"
Nederland,WindOffshore,Hour,3321624,3321624,0,0,"2025-12-22 23:00:00","2025-12-23 00:00:00","2026-03-11 06:28:10"
Nederland,WindOffshore,Hour,3457110,3457110,0,0,"2025-12-23 00:00:00","2025-12-23 01:00:00","2026-03-11 06:28:10"
Nederland,WindOffshore,Hour,3222367,3222367,0,0,"2025-12-23 01:00:00","2025-12-23 02:00:00","2026-03-11 06:28:10"
Nederland,WindOffshore,Hour,3428360,3428360,0,0,"2025-12-23 02:00:00","2025-12-23 03:00:00","2026-03-11 06:28:10"
Nederland,WindOffshore,Hour,3517144,3517144,0,0,"2025-12-23 03:00:00","2025-12-23 04:00:00","2026-03-11 06:28:10"
Nederland,WindOffshore,Hour,3415924,3415924,0,0,"2025-12-23 04:00:00","2025-12-23 05:00:00","2026-03-11 06:28:10"
Nederland,WindOffshore,Hour,3264127,3264127,0,0,"2025-12-23 05:00:00","2025-12-23 06:00:00","2026-03-11 06:28:10"
Nederland,WindOffshore,Hour,3356557,3356557,0,0,"2025-12-23 06:00:00","2025-12-23 07:00:00","2026-03-11 06:28:10"
Nederland,WindOffshore,Hour,3462074,3462074,0,0,"2025-12-23 07:00:00","2025-12-23 08:00:00","2026-03-11 06:28:10"
Nederland,WindOffshore,Hour,3416279,3416279,0,0,"2025-12-23 08:00:00","2025-12-23 09:00:00","2026-03-11 06:28:10"
Nederland,WindOffshore,Hour,3371496,3371496,0,0,"2025-12-23 09:00:00","2025-12-23 10:00:00","2026-03-11 06:28:10"
Nederland,WindOffshore,Hour,3868167,3868167,0,0,"2025-12-23 10:00:00","2025-12-23 11:00:00","2026-03-11 06:28:10"
Nederland,WindOffshore,Hour,4175316,4175316,0,0,"2025-12-23 11:00:00","2025-12-23 12:00:00","2026-03-11 06:28:10"
Nederland,WindOffshore,Hour,4280765,4280765,0,0,"2025-12-23 12:00:00","2025-12-23 13:00:00","2026-03-11 06:28:10"
Nederland,WindOffshore,Hour,4449576,4449576,0,0,"2025-12-23 13:00:00","2025-12-23 14:00:00","2026-03-11 06:28:10"
Nederland,WindOffshore,Hour,4452866,4452866,0,0,"2025-12-23 14:00:00","2025-12-23 15:00:00","2026-03-11 06:28:10"
Nederland,WindOffshore,Hour,4405353,4405353,0,0,"2025-12-23 15:00:00","2025-12-23 16:00:00","2026-03-11 06:28:10"
Nederland,WindOffshore,Hour,4476311,4476311,0,0,"2025-12-23 16:00:00","2025-12-23 17:00:00","2026-03-11 06:28:10"
Nederland,WindOffshore,Hour,4454784,4454784,0,0,"2025-12-23 17:00:00","2025-12-23 18:00:00","2026-03-11 06:28:10"
Nederland,WindOffshore,Hour,4491344,4491344,0,0,"2025-12-23 18:00:00","2025-12-23 19:00:00","2026-03-11 06:28:10"
Nederland,WindOffshore,Hour,4475403,4475403,0,0,"2025-12-23 19:00:00","2025-12-23 20:00:00","2026-03-11 06:28:10"
Nederland,WindOffshore,Hour,4486487,4486487,0,0,"2025-12-23 20:00:00","2025-12-23 21:00:00","2026-03-11 06:28:10"
Nederland,WindOffshore,Hour,4447807,4447807,0,0,"2025-12-23 21:00:00","2025-12-23 22:00:00","2026-03-11 06:28:10"
Nederland,WindOffshore,Hour,4445356,4445356,0,0,"2025-12-23 22:00:00","2025-12-23 23:00:00","2026-03-11 06:28:10"
Nederland,WindOffshore,Hour,4375277,4375277,0,0,"2025-12-23 23:00:00","2025-12-24 00:00:00","2026-03-11 06:28:10"
Nederland,WindOffshore,Hour,4424224,4424224,0,0,"2025-12-24 00:00:00","2025-12-24 01:00:00","2026-03-11 06:28:10"
Nederland,WindOffshore,Hour,4425793,4425793,0,0,"2025-12-24 01:00:00","2025-12-24 02:00:00","2026-03-11 06:28:10"
Nederland,WindOffshore,Hour,4424641,4424641,0,0,"2025-12-24 02:00:00","2025-12-24 03:00:00","2026-03-11 06:28:10"
Nederland,WindOffshore,Hour,4386712,4386712,0,0,"2025-12-24 03:00:00","2025-12-24 04:00:00","2026-03-11 06:28:10"
Nederland,WindOffshore,Hour,4248530,4248530,0,0,"2025-12-24 04:00:00","2025-12-24 05:00:00","2026-03-11 06:28:10"
Nederland,WindOffshore,Hour,4234485,4234485,0,0,"2025-12-24 05:00:00","2025-12-24 06:00:00","2026-03-11 06:28:10"
Nederland,WindOffshore,Hour,4296478,4296478,0,0,"2025-12-24 06:00:00","2025-12-24 07:00:00","2026-03-11 06:28:10"
Nederland,WindOffshore,Hour,4324560,4324560,0,0,"2025-12-24 07:00:00","2025-12-24 08:00:00","2026-03-11 06:28:10"
Nederland,WindOffshore,Hour,4320735,4320735,0,0,"2025-12-24 08:00:00","2025-12-24 09:00:00","2026-03-11 06:28:10"
Nederland,WindOffshore,Hour,4346596,4346596,0,0,"2025-12-24 09:00:00","2025-12-24 10:00:00","2026-03-11 06:28:10"
Nederland,WindOffshore,Hour,4399265,4399265,0,0,"2025-12-24 10:00:00","2025-12-24 11:00:00","2026-03-11 06:28:10"
Nederland,WindOffshore,Hour,4418849,4418849,0,0,"2025-12-24 11:00:00","2025-12-24 12:00:00","2026-03-11 06:28:10"
Nederland,WindOffshore,Hour,4443773,4443773,0,0,"2025-12-24 12:00:00","2025-12-24 13:00:00","2026-03-11 06:28:10"
Nederland,WindOffshore,Hour,4403927,4403927,0,0,"2025-12-24 13:00:00","2025-12-24 14:00:00","2026-03-11 06:28:10"
Nederland,WindOffshore,Hour,4389504,4389504,0,0,"2025-12-24 14:00:00","2025-12-24 15:00:00","2026-03-11 06:28:10"
Nederland,WindOffshore,Hour,4363059,4363059,0,0,"2025-12-24 15:00:00","2025-12-24 16:00:00","2026-03-11 06:28:10"
Nederland,WindOffshore,Hour,4313779,4313779,0,0,"2025-12-24 16:00:00","2025-12-24 17:00:00","2026-03-11 06:28:10"
Nederland,WindOffshore,Hour,4328048,4328048,0,0,"2025-12-24 17:00:00","2025-12-24 18:00:00","2026-03-11 06:28:10"
Nederland,WindOffshore,Hour,4354089,4354089,0,0,"2025-12-24 18:00:00","2025-12-24 19:00:00","2026-03-11 06:28:10"
Nederland,WindOffshore,Hour,4375981,4375981,0,0,"2025-12-24 19:00:00","2025-12-24 20:00:00","2026-03-11 06:28:10"
Nederland,WindOffshore,Hour,4427829,4427829,0,0,"2025-12-24 20:00:00","2025-12-24 21:00:00","2026-03-11 06:28:10"
Nederland,WindOffshore,Hour,4453354,4453354,0,0,"2025-12-24 21:00:00","2025-12-24 22:00:00","2026-03-11 06:28:10"
Nederland,WindOffshore,Hour,4465724,4465724,0,0,"2025-12-24 22:00:00","2025-12-24 23:00:00","2026-03-11 06:28:10"
Nederland,WindOffshore,Hour,4456218,4456218,0,0,"2025-12-24 23:00:00","2025-12-25 00:00:00","2026-03-11 06:28:10"
Nederland,WindOffshore,Hour,4438857,4438857,0,0,"2025-12-25 00:00:00","2025-12-25 01:00:00","2026-03-11 06:28:10"
Nederland,WindOffshore,Hour,4435451,4435451,0,0,"2025-12-25 01:00:00","2025-12-25 02:00:00","2026-03-11 06:28:10"
Nederland,WindOffshore,Hour,4402406,4402406,0,0,"2025-12-25 02:00:00","2025-12-25 03:00:00","2026-03-11 06:28:10"
Nederland,WindOffshore,Hour,4402251,4402251,0,0,"2025-12-25 03:00:00","2025-12-25 04:00:00","2026-03-11 06:28:10"
Nederland,WindOffshore,Hour,4414463,4414463,0,0,"2025-12-25 04:00:00","2025-12-25 05:00:00","2026-03-11 06:28:10"
Nederland,WindOffshore,Hour,4415568,4415568,0,0,"2025-12-25 05:00:00","2025-12-25 06:00:00","2026-03-11 06:28:10"
Nederland,WindOffshore,Hour,4356214,4356214,0,0,"2025-12-25 06:00:00","2025-12-25 07:00:00","2026-03-11 06:28:10"
Nederland,WindOffshore,Hour,4395592,4395592,0,0,"2025-12-25 07:00:00","2025-12-25 08:00:00","2026-03-11 06:28:10"
Nederland,WindOffshore,Hour,4421757,4421757,0,0,"2025-12-25 08:00:00","2025-12-25 09:00:00","2026-03-11 06:28:10"
Nederland,WindOffshore,Hour,4427412,4427412,0,0,"2025-12-25 09:00:00","2025-12-25 10:00:00","2026-03-11 06:28:10"
Nederland,WindOffshore,Hour,4417557,4417557,0,0,"2025-12-25 10:00:00","2025-12-25 11:00:00","2026-03-11 06:28:10"
Nederland,WindOffshore,Hour,4430325,4430325,0,0,"2025-12-25 11:00:00","2025-12-25 12:00:00","2026-03-11 06:28:10"
Nederland,WindOffshore,Hour,4462813,4462813,0,0,"2025-12-25 12:00:00","2025-12-25 13:00:00","2026-03-11 06:28:10"
Nederland,WindOffshore,Hour,4446196,4446196,0,0,"2025-12-25 13:00:00","2025-12-25 14:00:00","2026-03-11 06:28:10"
Nederland,WindOffshore,Hour,4403744,4403744,0,0,"2025-12-25 14:00:00","2025-12-25 15:00:00","2026-03-11 06:28:10"
Nederland,WindOffshore,Hour,4363034,4363034,0,0,"2025-12-25 15:00:00","2025-12-25 16:00:00","2026-03-11 06:28:10"
Nederland,WindOffshore,Hour,4361818,4361818,0,0,"2025-12-25 16:00:00","2025-12-25 17:00:00","2026-03-11 06:28:10"
Nederland,WindOffshore,Hour,4376464,4376464,0,0,"2025-12-25 17:00:00","2025-12-25 18:00:00","2026-03-11 06:28:10"
Nederland,WindOffshore,Hour,4364663,4364663,0,0,"2025-12-25 18:00:00","2025-12-25 19:00:00","2026-03-11 06:28:10"
Nederland,WindOffshore,Hour,4345608,4345608,0,0,"2025-12-25 19:00:00","2025-12-25 20:00:00","2026-03-11 06:28:10"
Nederland,WindOffshore,Hour,4302451,4302451,0,0,"2025-12-25 20:00:00","2025-12-25 21:00:00","2026-03-11 06:28:10"
Nederland,WindOffshore,Hour,4176005,4176005,0,0,"2025-12-25 21:00:00","2025-12-25 22:00:00","2026-03-11 06:28:10"
Nederland,WindOffshore,Hour,3975876,3975876,0,0,"2025-12-25 22:00:00","2025-12-25 23:00:00","2026-03-11 06:28:10"
Nederland,WindOffshore,Hour,3687323,3687323,0,0,"2025-12-25 23:00:00","2025-12-26 00:00:00","2026-03-11 06:28:10"
Nederland,WindOffshore,Hour,3084574,3084574,0,0,"2025-12-26 00:00:00","2025-12-26 01:00:00","2026-03-11 06:28:10"
Nederland,WindOffshore,Hour,3189659,3189659,0,0,"2025-12-26 01:00:00","2025-12-26 02:00:00","2026-03-11 06:28:10"
Nederland,WindOffshore,Hour,3417030,3417030,0,0,"2025-12-26 02:00:00","2025-12-26 03:00:00","2026-03-11 06:28:10"
Nederland,WindOffshore,Hour,3647045,3647045,0,0,"2025-12-26 03:00:00","2025-12-26 04:00:00","2026-03-11 06:28:10"
Nederland,WindOffshore,Hour,3631429,3631429,0,0,"2025-12-26 04:00:00","2025-12-26 05:00:00","2026-03-11 06:28:10"
Nederland,WindOffshore,Hour,3726061,3726061,0,0,"2025-12-26 05:00:00","2025-12-26 06:00:00","2026-03-11 06:28:10"
Nederland,WindOffshore,Hour,3632010,3632010,0,0,"2025-12-26 06:00:00","2025-12-26 07:00:00","2026-03-11 06:28:10"
Nederland,WindOffshore,Hour,3354616,3354616,0,0,"2025-12-26 07:00:00","2025-12-26 08:00:00","2026-03-11 06:28:10"
Nederland,WindOffshore,Hour,3314780,3314780,0,0,"2025-12-26 08:00:00","2025-12-26 09:00:00","2026-03-11 06:28:10"
Nederland,WindOffshore,Hour,2825563,2825563,0,0,"2025-12-26 09:00:00","2025-12-26 10:00:00","2026-03-11 06:28:10"
Nederland,WindOffshore,Hour,2432721,2432721,0,0,"2025-12-26 10:00:00","2025-12-26 11:00:00","2026-03-11 06:28:10"
Nederland,WindOffshore,Hour,2733800,2733800,0,0,"2025-12-26 11:00:00","2025-12-26 12:00:00","2026-03-11 06:28:10"
Nederland,WindOffshore,Hour,2994973,2994973,0,0,"2025-12-26 12:00:00","2025-12-26 13:00:00","2026-03-11 06:28:10"
Nederland,WindOffshore,Hour,2846701,2846701,0,0,"2025-12-26 13:00:00","2025-12-26 14:00:00","2026-03-11 06:28:10"
Nederland,WindOffshore,Hour,2616766,2616766,0,0,"2025-12-26 14:00:00","2025-12-26 15:00:00","2026-03-11 06:28:10"
Nederland,WindOffshore,Hour,2891217,2891217,0,0,"2025-12-26 15:00:00","2025-12-26 16:00:00","2026-03-11 06:28:10"
Nederland,WindOffshore,Hour,3312433,3312433,0,0,"2025-12-26 16:00:00","2025-12-26 17:00:00","2026-03-11 06:28:10"
Nederland,WindOffshore,Hour,3364493,3364493,0,0,"2025-12-26 17:00:00","2025-12-26 18:00:00","2026-03-11 06:28:10"
Nederland,WindOffshore,Hour,3065052,3065052,0,0,"2025-12-26 18:00:00","2025-12-26 19:00:00","2026-03-11 06:28:10"
Nederland,WindOffshore,Hour,2439299,2439299,0,0,"2025-12-26 19:00:00","2025-12-26 20:00:00","2026-03-11 06:28:10"
Nederland,WindOffshore,Hour,2206780,2206780,0,0,"2025-12-26 20:00:00","2025-12-26 21:00:00","2026-03-11 06:28:10"
Nederland,WindOffshore,Hour,2974206,2974206,0,0,"2025-12-26 21:00:00","2025-12-26 22:00:00","2026-03-11 06:28:10"
Nederland,WindOffshore,Hour,2982202,2982202,0,0,"2025-12-26 22:00:00","2025-12-26 23:00:00","2026-03-11 06:28:10"
Nederland,WindOffshore,Hour,2829779,2829779,0,0,"2025-12-26 23:00:00","2025-12-27 00:00:00","2026-03-11 06:28:10"
Nederland,WindOffshore,Hour,3241432,3241432,0,0,"2025-12-27 00:00:00","2025-12-27 01:00:00","2026-03-11 06:28:10"
Nederland,WindOffshore,Hour,3342145,3342145,0,0,"2025-12-27 01:00:00","2025-12-27 02:00:00","2026-03-11 06:28:10"
Nederland,WindOffshore,Hour,3003487,3003487,0,0,"2025-12-27 02:00:00","2025-12-27 03:00:00","2026-03-11 06:28:10"
Nederland,WindOffshore,Hour,2789478,2789478,0,0,"2025-12-27 03:00:00","2025-12-27 04:00:00","2026-03-11 06:28:10"
Nederland,WindOffshore,Hour,2836325,2836325,0,0,"2025-12-27 04:00:00","2025-12-27 05:00:00","2026-03-11 06:28:10"
Nederland,WindOffshore,Hour,2970483,2970483,0,0,"2025-12-27 05:00:00","2025-12-27 06:00:00","2026-03-11 06:28:10"
Nederland,WindOffshore,Hour,2917350,2917350,0,0,"2025-12-27 06:00:00","2025-12-27 07:00:00","2026-03-11 06:28:10"
Nederland,WindOffshore,Hour,3188000,3188000,0,0,"2025-12-27 07:00:00","2025-12-27 08:00:00","2026-03-11 06:28:10"
Nederland,WindOffshore,Hour,3247006,3247006,0,0,"2025-12-27 08:00:00","2025-12-27 09:00:00","2026-03-11 06:28:10"
Nederland,WindOffshore,Hour,2950723,2950723,0,0,"2025-12-27 09:00:00","2025-12-27 10:00:00","2026-03-11 06:28:10"
Nederland,WindOffshore,Hour,2992596,2992596,0,0,"2025-12-27 10:00:00","2025-12-27 11:00:00","2026-03-11 06:28:10"
Nederland,WindOffshore,Hour,2746421,2746421,0,0,"2025-12-27 11:00:00","2025-12-27 12:00:00","2026-03-11 06:28:10"
Nederland,WindOffshore,Hour,2796772,2796772,0,0,"2025-12-27 12:00:00","2025-12-27 13:00:00","2026-03-11 06:28:10"
Nederland,WindOffshore,Hour,2963202,2963202,0,0,"2025-12-27 13:00:00","2025-12-27 14:00:00","2026-03-11 06:28:10"
Nederland,WindOffshore,Hour,3078731,3078731,0,0,"2025-12-27 14:00:00","2025-12-27 15:00:00","2026-03-11 06:28:10"
Nederland,WindOffshore,Hour,3173658,3173658,0,0,"2025-12-27 15:00:00","2025-12-27 16:00:00","2026-03-11 06:28:10"
Nederland,WindOffshore,Hour,3321660,3321660,0,0,"2025-12-27 16:00:00","2025-12-27 17:00:00","2026-03-11 06:28:10"
Nederland,WindOffshore,Hour,3511871,3511871,0,0,"2025-12-27 17:00:00","2025-12-27 18:00:00","2026-03-11 06:28:10"
Nederland,WindOffshore,Hour,3474447,3474447,0,0,"2025-12-27 18:00:00","2025-12-27 19:00:00","2026-03-11 06:28:10"
Nederland,WindOffshore,Hour,3269086,3269086,0,0,"2025-12-27 19:00:00","2025-12-27 20:00:00","2026-03-11 06:28:10"
Nederland,WindOffshore,Hour,3003646,3003646,0,0,"2025-12-27 20:00:00","2025-12-27 21:00:00","2026-03-11 06:28:10"
Nederland,WindOffshore,Hour,3317369,3317369,0,0,"2025-12-27 21:00:00","2025-12-27 22:00:00","2026-03-11 06:28:10"
Nederland,WindOffshore,Hour,2784616,2784616,0,0,"2025-12-27 22:00:00","2025-12-27 23:00:00","2026-03-11 06:28:10"
Nederland,WindOffshore,Hour,2451232,2451232,0,0,"2025-12-27 23:00:00","2025-12-28 00:00:00","2026-03-11 06:28:10"
Nederland,WindOffshore,Hour,2201447,2201447,0,0,"2025-12-28 00:00:00","2025-12-28 01:00:00","2026-03-11 06:28:10"
Nederland,WindOffshore,Hour,2509726,2509726,0,0,"2025-12-28 01:00:00","2025-12-28 02:00:00","2026-03-11 06:28:10"
Nederland,WindOffshore,Hour,2602563,2602563,0,0,"2025-12-28 02:00:00","2025-12-28 03:00:00","2026-03-11 06:28:10"
Nederland,WindOffshore,Hour,2052916,2052916,0,0,"2025-12-28 03:00:00","2025-12-28 04:00:00","2026-03-11 06:28:10"
Nederland,WindOffshore,Hour,1445168,1445168,0,0,"2025-12-28 04:00:00","2025-12-28 05:00:00","2026-03-11 06:28:10"
Nederland,WindOffshore,Hour,956264,956264,0,0,"2025-12-28 05:00:00","2025-12-28 06:00:00","2026-03-11 06:28:10"
Nederland,WindOffshore,Hour,912272,912272,0,0,"2025-12-28 06:00:00","2025-12-28 07:00:00","2026-03-11 06:28:10"
Nederland,WindOffshore,Hour,553223,553223,0,0,"2025-12-28 07:00:00","2025-12-28 08:00:00","2026-03-11 06:28:10"
Nederland,WindOffshore,Hour,413367,413367,0,0,"2025-12-28 08:00:00","2025-12-28 09:00:00","2026-03-11 06:28:10"
Nederland,WindOffshore,Hour,427073,427073,0,0,"2025-12-28 09:00:00","2025-12-28 10:00:00","2026-03-11 06:28:10"
Nederland,WindOffshore,Hour,513125,513125,0,0,"2025-12-28 10:00:00","2025-12-28 11:00:00","2026-03-11 06:28:10"
Nederland,WindOffshore,Hour,560273,560273,0,0,"2025-12-28 11:00:00","2025-12-28 12:00:00","2026-03-11 06:28:10"
Nederland,WindOffshore,Hour,516208,516208,0,0,"2025-12-28 12:00:00","2025-12-28 13:00:00","2026-03-11 06:28:10"
Nederland,WindOffshore,Hour,927426,927426,0,0,"2025-12-28 13:00:00","2025-12-28 14:00:00","2026-03-11 06:28:10"
Nederland,WindOffshore,Hour,1177514,1177514,0,0,"2025-12-28 14:00:00","2025-12-28 15:00:00","2026-03-11 06:28:10"
Nederland,WindOffshore,Hour,1199283,1199283,0,0,"2025-12-28 15:00:00","2025-12-28 16:00:00","2026-03-11 06:28:10"
Nederland,WindOffshore,Hour,1057016,1057016,0,0,"2025-12-28 16:00:00","2025-12-28 17:00:00","2026-03-11 06:28:10"
Nederland,WindOffshore,Hour,826954,826954,0,0,"2025-12-28 17:00:00","2025-12-28 18:00:00","2026-03-11 06:28:10"
Nederland,WindOffshore,Hour,384260,384260,0,0,"2025-12-28 18:00:00","2025-12-28 19:00:00","2026-03-11 06:28:10"
Nederland,WindOffshore,Hour,296114,296114,0,0,"2025-12-28 19:00:00","2025-12-28 20:00:00","2026-03-11 06:28:10"
Nederland,WindOffshore,Hour,286190,286190,0,0,"2025-12-28 20:00:00","2025-12-28 21:00:00","2026-03-11 06:28:10"
Nederland,WindOffshore,Hour,395816,395816,0,0,"2025-12-28 21:00:00","2025-12-28 22:00:00","2026-03-11 06:28:10"
Nederland,WindOffshore,Hour,706293,706293,0,0,"2025-12-28 22:00:00","2025-12-28 23:00:00","2026-03-11 06:28:10"
Nederland,WindOffshore,Hour,489330,489330,0,0,"2025-12-28 23:00:00","2025-12-29 00:00:00","2026-03-11 06:28:10"
Nederland,WindOffshore,Hour,562607,562607,0,0,"2025-12-29 00:00:00","2025-12-29 01:00:00","2026-03-11 06:28:10"
Nederland,WindOffshore,Hour,907904,907904,0,0,"2025-12-29 01:00:00","2025-12-29 02:00:00","2026-03-11 06:28:10"
Nederland,WindOffshore,Hour,1194630,1194630,0,0,"2025-12-29 02:00:00","2025-12-29 03:00:00","2026-03-11 06:28:10"
Nederland,WindOffshore,Hour,1441001,1441001,0,0,"2025-12-29 03:00:00","2025-12-29 04:00:00","2026-03-11 06:28:10"
Nederland,WindOffshore,Hour,1747280,1747280,0,0,"2025-12-29 04:00:00","2025-12-29 05:00:00","2026-03-11 06:28:10"
Nederland,WindOffshore,Hour,1719055,1719055,0,0,"2025-12-29 05:00:00","2025-12-29 06:00:00","2026-03-11 06:28:10"
Nederland,WindOffshore,Hour,1568873,1568873,0,0,"2025-12-29 06:00:00","2025-12-29 07:00:00","2026-03-11 06:28:10"
Nederland,WindOffshore,Hour,1420380,1420380,0,0,"2025-12-29 07:00:00","2025-12-29 08:00:00","2026-03-11 06:28:10"
Nederland,WindOffshore,Hour,1220000,1220000,0,0,"2025-12-29 08:00:00","2025-12-29 09:00:00","2026-03-11 06:28:10"
Nederland,WindOffshore,Hour,951710,951710,0,0,"2025-12-29 09:00:00","2025-12-29 10:00:00","2026-03-11 06:28:10"
Nederland,WindOffshore,Hour,854832,854832,0,0,"2025-12-29 10:00:00","2025-12-29 11:00:00","2026-03-11 06:28:10"
Nederland,WindOffshore,Hour,800648,800648,0,0,"2025-12-29 11:00:00","2025-12-29 12:00:00","2026-03-11 06:28:10"
Nederland,WindOffshore,Hour,682303,682303,0,0,"2025-12-29 12:00:00","2025-12-29 13:00:00","2026-03-11 06:28:10"
Nederland,WindOffshore,Hour,1203891,1203891,0,0,"2025-12-29 13:00:00","2025-12-29 14:00:00","2026-03-11 06:28:10"
Nederland,WindOffshore,Hour,1459911,1459911,0,0,"2025-12-29 14:00:00","2025-12-29 15:00:00","2026-03-11 06:28:10"
Nederland,WindOffshore,Hour,1698646,1698646,0,0,"2025-12-29 15:00:00","2025-12-29 16:00:00","2026-03-11 06:28:10"
Nederland,WindOffshore,Hour,1798517,1798517,0,0,"2025-12-29 16:00:00","2025-12-29 17:00:00","2026-03-11 06:28:10"
Nederland,WindOffshore,Hour,2187719,2187719,0,0,"2025-12-29 17:00:00","2025-12-29 18:00:00","2026-03-11 06:28:10"
Nederland,WindOffshore,Hour,2855542,2855542,0,0,"2025-12-29 18:00:00","2025-12-29 19:00:00","2026-03-11 06:28:10"
Nederland,WindOffshore,Hour,3322115,3322115,0,0,"2025-12-29 19:00:00","2025-12-29 20:00:00","2026-03-11 06:28:10"
Nederland,WindOffshore,Hour,3298623,3298623,0,0,"2025-12-29 20:00:00","2025-12-29 21:00:00","2026-03-11 06:28:10"
Nederland,WindOffshore,Hour,3595548,3595548,0,0,"2025-12-29 21:00:00","2025-12-29 22:00:00","2026-03-11 06:28:10"
Nederland,WindOffshore,Hour,3614734,3614734,0,0,"2025-12-29 22:00:00","2025-12-29 23:00:00","2026-03-11 06:28:10"
Nederland,WindOffshore,Hour,3568463,3568463,0,0,"2025-12-29 23:00:00","2025-12-30 00:00:00","2026-03-11 06:28:10"
Nederland,WindOffshore,Hour,3273675,3273675,0,0,"2025-12-30 00:00:00","2025-12-30 01:00:00","2026-03-11 06:28:10"
Nederland,WindOffshore,Hour,3460649,3460649,0,0,"2025-12-30 01:00:00","2025-12-30 02:00:00","2026-03-11 06:28:10"
Nederland,WindOffshore,Hour,3744145,3744145,0,0,"2025-12-30 02:00:00","2025-12-30 03:00:00","2026-03-11 06:28:10"
Nederland,WindOffshore,Hour,3669828,3669828,0,0,"2025-12-30 03:00:00","2025-12-30 04:00:00","2026-03-11 06:28:10"
Nederland,WindOffshore,Hour,3516595,3516595,0,0,"2025-12-30 04:00:00","2025-12-30 05:00:00","2026-03-11 06:28:10"
Nederland,WindOffshore,Hour,3623211,3623211,0,0,"2025-12-30 05:00:00","2025-12-30 06:00:00","2026-03-11 06:28:10"
Nederland,WindOffshore,Hour,3577461,3577461,0,0,"2025-12-30 06:00:00","2025-12-30 07:00:00","2026-03-11 06:28:10"
Nederland,WindOffshore,Hour,3326407,3326407,0,0,"2025-12-30 07:00:00","2025-12-30 08:00:00","2026-03-11 06:28:10"
Nederland,WindOffshore,Hour,2935359,2935359,0,0,"2025-12-30 08:00:00","2025-12-30 09:00:00","2026-03-11 06:28:10"
Nederland,WindOffshore,Hour,2367288,2367288,0,0,"2025-12-30 09:00:00","2025-12-30 10:00:00","2026-03-11 06:28:10"
Nederland,WindOffshore,Hour,2309626,2309626,0,0,"2025-12-30 10:00:00","2025-12-30 11:00:00","2026-03-11 06:28:10"
Nederland,WindOffshore,Hour,2022674,2022674,0,0,"2025-12-30 11:00:00","2025-12-30 12:00:00","2026-03-11 06:28:10"
Nederland,WindOffshore,Hour,1815191,1815191,0,0,"2025-12-30 12:00:00","2025-12-30 13:00:00","2026-03-11 06:28:10"
Nederland,WindOffshore,Hour,1480118,1480118,0,0,"2025-12-30 13:00:00","2025-12-30 14:00:00","2026-03-11 06:28:10"
Nederland,WindOffshore,Hour,1643748,1643748,0,0,"2025-12-30 14:00:00","2025-12-30 15:00:00","2026-03-11 06:28:10"
Nederland,WindOffshore,Hour,1359683,1359683,0,0,"2025-12-30 15:00:00","2025-12-30 16:00:00","2026-03-11 06:28:10"
Nederland,WindOffshore,Hour,1301454,1301454,0,0,"2025-12-30 16:00:00","2025-12-30 17:00:00","2026-03-11 06:28:10"
Nederland,WindOffshore,Hour,1638943,1638943,0,0,"2025-12-30 17:00:00","2025-12-30 18:00:00","2026-03-11 06:28:10"
Nederland,WindOffshore,Hour,1138427,1138427,0,0,"2025-12-30 18:00:00","2025-12-30 19:00:00","2026-03-11 06:28:10"
Nederland,WindOffshore,Hour,1403757,1403757,0,0,"2025-12-30 19:00:00","2025-12-30 20:00:00","2026-03-11 06:28:10"
Nederland,WindOffshore,Hour,1122846,1122846,0,0,"2025-12-30 20:00:00","2025-12-30 21:00:00","2026-03-11 06:28:10"
Nederland,WindOffshore,Hour,1347635,1347635,0,0,"2025-12-30 21:00:00","2025-12-30 22:00:00","2026-03-11 06:28:10"
Nederland,WindOffshore,Hour,1268052,1268052,0,0,"2025-12-30 22:00:00","2025-12-30 23:00:00","2026-03-11 06:28:10"
Nederland,WindOffshore,Hour,1048486,1048486,0,0,"2025-12-30 23:00:00","2025-12-31 00:00:00","2026-03-11 06:28:10"
Nederland,WindOffshore,Hour,1103900,1103900,0,0,"2025-12-31 00:00:00","2025-12-31 01:00:00","2026-03-11 06:28:10"
Nederland,WindOffshore,Hour,874461,874461,0,0,"2025-12-31 01:00:00","2025-12-31 02:00:00","2026-03-11 06:28:10"
Nederland,WindOffshore,Hour,908803,908803,0,0,"2025-12-31 02:00:00","2025-12-31 03:00:00","2026-03-11 06:28:10"
Nederland,WindOffshore,Hour,1231648,1231648,0,0,"2025-12-31 03:00:00","2025-12-31 04:00:00","2026-03-11 06:28:10"
Nederland,WindOffshore,Hour,1534214,1534214,0,0,"2025-12-31 04:00:00","2025-12-31 05:00:00","2026-03-11 06:28:10"
Nederland,WindOffshore,Hour,1878919,1878919,0,0,"2025-12-31 05:00:00","2025-12-31 06:00:00","2026-03-11 06:28:10"
Nederland,WindOffshore,Hour,2166546,2166546,0,0,"2025-12-31 06:00:00","2025-12-31 07:00:00","2026-03-11 06:28:10"
Nederland,WindOffshore,Hour,2619476,2619476,0,0,"2025-12-31 07:00:00","2025-12-31 08:00:00","2026-03-11 06:28:10"
Nederland,WindOffshore,Hour,3093409,3093409,0,0,"2025-12-31 08:00:00","2025-12-31 09:00:00","2026-03-11 06:28:10"
Nederland,WindOffshore,Hour,3360223,3360223,0,0,"2025-12-31 09:00:00","2025-12-31 10:00:00","2026-03-11 06:28:10"
Nederland,WindOffshore,Hour,2984531,2984531,0,0,"2025-12-31 10:00:00","2025-12-31 11:00:00","2026-03-11 06:28:10"
Nederland,WindOffshore,Hour,3056518,3056518,0,0,"2025-12-31 11:00:00","2025-12-31 12:00:00","2026-03-11 06:28:10"
Nederland,WindOffshore,Hour,3309885,3309885,0,0,"2025-12-31 12:00:00","2025-12-31 13:00:00","2026-03-11 06:28:10"
Nederland,WindOffshore,Hour,3386852,3386852,0,0,"2025-12-31 13:00:00","2025-12-31 14:00:00","2026-03-11 06:28:10"
Nederland,WindOffshore,Hour,3641564,3641564,0,0,"2025-12-31 14:00:00","2025-12-31 15:00:00","2026-03-11 06:28:10"
Nederland,WindOffshore,Hour,3505620,3505620,0,0,"2025-12-31 15:00:00","2025-12-31 16:00:00","2026-03-11 06:28:10"
Nederland,WindOffshore,Hour,3352439,3352439,0,0,"2025-12-31 16:00:00","2025-12-31 17:00:00","2026-03-11 06:28:10"
Nederland,WindOffshore,Hour,3575204,3575204,0,0,"2025-12-31 17:00:00","2025-12-31 18:00:00","2026-03-11 06:28:10"
Nederland,WindOffshore,Hour,3932980,3932980,0,0,"2025-12-31 18:00:00","2025-12-31 19:00:00","2026-03-11 06:28:10"
Nederland,WindOffshore,Hour,3977861,3977861,0,0,"2025-12-31 19:00:00","2025-12-31 20:00:00","2026-03-11 06:28:10"
Nederland,WindOffshore,Hour,3802162,3802162,0,0,"2025-12-31 20:00:00","2025-12-31 21:00:00","2026-03-11 06:28:10"
Nederland,WindOffshore,Hour,4090048,4090048,0,0,"2025-12-31 21:00:00","2025-12-31 22:00:00","2026-03-11 06:28:10"
Nederland,WindOffshore,Hour,4315146,4315146,0,0,"2025-12-31 22:00:00","2025-12-31 23:00:00","2026-03-11 06:28:10"
