"validfrom (UTC)","validto (UTC)",point,type,granularity,timezone,activity,classification,"capacity (kW)","volume (kWh)",percentage,"emission (kg CO2)","emissionfactor (kg CO2/kWh)"
"2025-12-31 23:00:00","2026-01-01 00:00:00",Nederland,ElectricityMix,Hour,UTC,Providing,Current,13086820,13086820,0.2149295,1228939,0.093865575
"2026-01-01 00:00:00","2026-01-01 01:00:00",Nederland,ElectricityMix,Hour,UTC,Providing,Current,13640349,13640349,0.2240195,1078281,0.07907195
"2026-01-01 01:00:00","2026-01-01 02:00:00",Nederland,ElectricityMix,Hour,UTC,Providing,Current,14190913,14190913,0.23306125,1008487,0.0710671
"2026-01-01 02:00:00","2026-01-01 03:00:00",Nederland,ElectricityMix,Hour,UTC,Providing,Current,14074206,14074206,0.231144,977892,0.069484625
"2026-01-01 03:00:00","2026-01-01 04:00:00",Nederland,ElectricityMix,Hour,UTC,Providing,Current,14122057,14122057,0.23192925,921654,0.065263225
"2026-01-01 04:00:00","2026-01-01 05:00:00",Nederland,ElectricityMix,Hour,UTC,Providing,Current,14352473,14352473,0.23571275,970597,0.067626425
"2026-01-01 05:00:00","2026-01-01 06:00:00",Nederland,ElectricityMix,Hour,UTC,Providing,Current,14970761,14970761,0.24586625,1051134,0.070219425
"2026-01-01 06:00:00","2026-01-01 07:00:00",Nederland,ElectricityMix,Hour,UTC,Providing,Current,15384582,15384582,0.25266175,1099170,0.0714462
"2026-01-01 07:00:00","2026-01-01 08:00:00",Nederland,ElectricityMix,Hour,UTC,Providing,Current,15388384,15388384,0.25272375,1131860,0.073553
"2026-01-01 08:00:00","2026-01-01 09:00:00",Nederland,ElectricityMix,Hour,UTC,Providing,Current,15641409,15641409,0.25687875,1199770,0.076704775
"2026-01-01 09:00:00","2026-01-01 10:00:00",Nederland,ElectricityMix,Hour,UTC,Providing,Current,16191062,16191062,0.26590475,1253677,0.0774373
"2026-01-01 10:00:00","2026-01-01 11:00:00",Nederland,ElectricityMix,Hour,UTC,Providing,Current,16922608,16922608,0.27791825,1276970,0.075471275
"2026-01-01 11:00:00","2026-01-01 12:00:00",Nederland,ElectricityMix,Hour,UTC,Providing,Current,17380331,17380331,0.28543475,1250860,0.07197045
"2026-01-01 12:00:00","2026-01-01 13:00:00",Nederland,ElectricityMix,Hour,UTC,Providing,Current,17109421,17109421,0.280985,1233394,0.0720902
"2026-01-01 13:00:00","2026-01-01 14:00:00",Nederland,ElectricityMix,Hour,UTC,Providing,Current,16749745,16749745,0.27507725,1209261,0.072206025
"2026-01-01 14:00:00","2026-01-01 15:00:00",Nederland,ElectricityMix,Hour,UTC,Providing,Current,15700284,15700284,0.257842,1208227,0.076978025
"2026-01-01 15:00:00","2026-01-01 16:00:00",Nederland,ElectricityMix,Hour,UTC,Providing,Current,15531868,15531868,0.25507525,1376736,0.08860035
"2026-01-01 16:00:00","2026-01-01 17:00:00",Nederland,ElectricityMix,Hour,UTC,Providing,Current,15730617,15730617,0.2583385,1501998,0.0954769
"2026-01-01 17:00:00","2026-01-01 18:00:00",Nederland,ElectricityMix,Hour,UTC,Providing,Current,15770249,15770249,0.25898875,1502839,0.095297075
"2026-01-01 18:00:00","2026-01-01 19:00:00",Nederland,ElectricityMix,Hour,UTC,Providing,Current,15799678,15799678,0.25947125,1477313,0.0934901
"2026-01-01 19:00:00","2026-01-01 20:00:00",Nederland,ElectricityMix,Hour,UTC,Providing,Current,14964337,14964337,0.24575225,1306540,0.08731545
"2026-01-01 20:00:00","2026-01-01 21:00:00",Nederland,ElectricityMix,Hour,UTC,Providing,Current,14734198,14734198,0.24197225,1282650,0.087053
"2026-01-01 21:00:00","2026-01-01 22:00:00",Nederland,ElectricityMix,Hour,UTC,Providing,Current,14492084,14492084,0.2379955,1203597,0.083053925
"2026-01-01 22:00:00","2026-01-01 23:00:00",Nederland,ElectricityMix,Hour,UTC,Providing,Current,14175118,14175118,0.2327895,1075206,0.07585095
"2026-01-01 23:00:00","2026-01-02 00:00:00",Nederland,ElectricityMix,Hour,UTC,Providing,Current,14026840,14026840,0.23035375,997449,0.071104825
"2026-01-02 00:00:00","2026-01-02 01:00:00",Nederland,ElectricityMix,Hour,UTC,Providing,Current,14025289,14025289,0.230328,979995,0.0698719
"2026-01-02 01:00:00","2026-01-02 02:00:00",Nederland,ElectricityMix,Hour,UTC,Providing,Current,14342170,14342170,0.23553125,1034301,0.07211695
"2026-01-02 02:00:00","2026-01-02 03:00:00",Nederland,ElectricityMix,Hour,UTC,Providing,Current,14419031,14419031,0.23679275,1101090,0.0763587
"2026-01-02 03:00:00","2026-01-02 04:00:00",Nederland,ElectricityMix,Hour,UTC,Providing,Current,14784651,14784651,0.24279675,1154880,0.078112725
"2026-01-02 04:00:00","2026-01-02 05:00:00",Nederland,ElectricityMix,Hour,UTC,Providing,Current,14963011,14963011,0.24572525,1246425,0.083293975
"2026-01-02 05:00:00","2026-01-02 06:00:00",Nederland,ElectricityMix,Hour,UTC,Providing,Current,15686295,15686295,0.25760225,1543181,0.098359975
"2026-01-02 06:00:00","2026-01-02 07:00:00",Nederland,ElectricityMix,Hour,UTC,Providing,Current,15962465,15962465,0.262137,1904924,0.1193555
"2026-01-02 07:00:00","2026-01-02 08:00:00",Nederland,ElectricityMix,Hour,UTC,Providing,Current,16947184,16947184,0.2783075,2157987,0.1273505
"2026-01-02 08:00:00","2026-01-02 09:00:00",Nederland,ElectricityMix,Hour,UTC,Providing,Current,17937742,17937742,0.2945735,2358328,0.13149725
"2026-01-02 09:00:00","2026-01-02 10:00:00",Nederland,ElectricityMix,Hour,UTC,Providing,Current,19913924,19913924,0.32702575,2300801,0.11569175
"2026-01-02 10:00:00","2026-01-02 11:00:00",Nederland,ElectricityMix,Hour,UTC,Providing,Current,20870267,20870267,0.34273,2276826,0.1090805
"2026-01-02 11:00:00","2026-01-02 12:00:00",Nederland,ElectricityMix,Hour,UTC,Providing,Current,21836661,21836661,0.358599,2399382,0.10987575
"2026-01-02 12:00:00","2026-01-02 13:00:00",Nederland,ElectricityMix,Hour,UTC,Providing,Current,20164411,20164411,0.33113675,2612731,0.1297765
"2026-01-02 13:00:00","2026-01-02 14:00:00",Nederland,ElectricityMix,Hour,UTC,Providing,Current,18419272,18419272,0.3024775,2662070,0.1445715
"2026-01-02 14:00:00","2026-01-02 15:00:00",Nederland,ElectricityMix,Hour,UTC,Providing,Current,18417498,18417498,0.30244775,2798905,0.15196775
"2026-01-02 15:00:00","2026-01-02 16:00:00",Nederland,ElectricityMix,Hour,UTC,Providing,Current,18428316,18428316,0.3026245,2977764,0.1616115
"2026-01-02 16:00:00","2026-01-02 17:00:00",Nederland,ElectricityMix,Hour,UTC,Providing,Current,18673656,18673656,0.306653,3004997,0.1609485
"2026-01-02 17:00:00","2026-01-02 18:00:00",Nederland,ElectricityMix,Hour,UTC,Providing,Current,18754843,18754843,0.307985,2914615,0.15540225
"2026-01-02 18:00:00","2026-01-02 19:00:00",Nederland,ElectricityMix,Hour,UTC,Providing,Current,17677666,17677666,0.29029525,2722577,0.15401475
"2026-01-02 19:00:00","2026-01-02 20:00:00",Nederland,ElectricityMix,Hour,UTC,Providing,Current,17217993,17217993,0.28274625,2496052,0.14494475
"2026-01-02 20:00:00","2026-01-02 21:00:00",Nederland,ElectricityMix,Hour,UTC,Providing,Current,16378089,16378089,0.26895275,2283779,0.13944125
"2026-01-02 21:00:00","2026-01-02 22:00:00",Nederland,ElectricityMix,Hour,UTC,Providing,Current,15343180,15343180,0.2519575,2055347,0.13396225
"2026-01-02 22:00:00","2026-01-02 23:00:00",Nederland,ElectricityMix,Hour,UTC,Providing,Current,14991684,14991684,0.246185,2065531,0.1377965
"2026-01-02 23:00:00","2026-01-03 00:00:00",Nederland,ElectricityMix,Hour,UTC,Providing,Current,13840125,13840125,0.22727375,2032893,0.146899
"2026-01-03 00:00:00","2026-01-03 01:00:00",Nederland,ElectricityMix,Hour,UTC,Providing,Current,12937652,12937652,0.21245375,1827767,0.141259
"2026-01-03 01:00:00","2026-01-03 02:00:00",Nederland,ElectricityMix,Hour,UTC,Providing,Current,12957260,12957260,0.21277525,1690550,0.1304685
"2026-01-03 02:00:00","2026-01-03 03:00:00",Nederland,ElectricityMix,Hour,UTC,Providing,Current,13102096,13102096,0.21515275,1537490,0.11734225
"2026-01-03 03:00:00","2026-01-03 04:00:00",Nederland,ElectricityMix,Hour,UTC,Providing,Current,13616073,13616073,0.2235925,1721159,0.12640625
"2026-01-03 04:00:00","2026-01-03 05:00:00",Nederland,ElectricityMix,Hour,UTC,Providing,Current,14391822,14391822,0.23633075,1876467,0.130378
"2026-01-03 05:00:00","2026-01-03 06:00:00",Nederland,ElectricityMix,Hour,UTC,Providing,Current,14355026,14355026,0.23572575,1975353,0.1376155
"2026-01-03 06:00:00","2026-01-03 07:00:00",Nederland,ElectricityMix,Hour,UTC,Providing,Current,15396088,15396088,0.25282075,2343305,0.1521495
"2026-01-03 07:00:00","2026-01-03 08:00:00",Nederland,ElectricityMix,Hour,UTC,Providing,Current,17005888,17005888,0.27925475,3033949,0.178345
"2026-01-03 08:00:00","2026-01-03 09:00:00",Nederland,ElectricityMix,Hour,UTC,Providing,Current,18003565,18003565,0.295637,3503619,0.194642
"2026-01-03 09:00:00","2026-01-03 10:00:00",Nederland,ElectricityMix,Hour,UTC,Providing,Current,18813359,18813359,0.308934,3527141,0.1875175
"2026-01-03 10:00:00","2026-01-03 11:00:00",Nederland,ElectricityMix,Hour,UTC,Providing,Current,19986362,19986362,0.328195,3504772,0.1753685
"2026-01-03 11:00:00","2026-01-03 12:00:00",Nederland,ElectricityMix,Hour,UTC,Providing,Current,20346489,20346489,0.33410775,3526864,0.17346325
"2026-01-03 12:00:00","2026-01-03 13:00:00",Nederland,ElectricityMix,Hour,UTC,Providing,Current,20513414,20513414,0.336848,3614802,0.1762245
"2026-01-03 13:00:00","2026-01-03 14:00:00",Nederland,ElectricityMix,Hour,UTC,Providing,Current,19740114,19740114,0.32414875,3702172,0.187712
"2026-01-03 14:00:00","2026-01-03 15:00:00",Nederland,ElectricityMix,Hour,UTC,Providing,Current,19916260,19916260,0.3270405,3676417,0.18469325
"2026-01-03 15:00:00","2026-01-03 16:00:00",Nederland,ElectricityMix,Hour,UTC,Providing,Current,17786846,17786846,0.292073,3716000,0.20920575
"2026-01-03 16:00:00","2026-01-03 17:00:00",Nederland,ElectricityMix,Hour,UTC,Providing,Current,18762312,18762312,0.30809025,3934046,0.209762
"2026-01-03 17:00:00","2026-01-03 18:00:00",Nederland,ElectricityMix,Hour,UTC,Providing,Current,19733536,19733536,0.3240375,4042428,0.20485275
"2026-01-03 18:00:00","2026-01-03 19:00:00",Nederland,ElectricityMix,Hour,UTC,Providing,Current,19385084,19385084,0.31831475,4017370,0.2072485
"2026-01-03 19:00:00","2026-01-03 20:00:00",Nederland,ElectricityMix,Hour,UTC,Providing,Current,18676951,18676951,0.30668625,3979759,0.21321225
"2026-01-03 20:00:00","2026-01-03 21:00:00",Nederland,ElectricityMix,Hour,UTC,Providing,Current,17023298,17023298,0.27953175,3751323,0.220339
"2026-01-03 21:00:00","2026-01-03 22:00:00",Nederland,ElectricityMix,Hour,UTC,Providing,Current,15843007,15843007,0.26015025,3505025,0.2212845
"2026-01-03 22:00:00","2026-01-03 23:00:00",Nederland,ElectricityMix,Hour,UTC,Providing,Current,14616293,14616293,0.24000625,3170265,0.21690025
"2026-01-03 23:00:00","2026-01-04 00:00:00",Nederland,ElectricityMix,Hour,UTC,Providing,Current,14043338,14043338,0.23059725,2872417,0.20453225
"2026-01-04 00:00:00","2026-01-04 01:00:00",Nederland,ElectricityMix,Hour,UTC,Providing,Current,14431725,14431725,0.23697425,2668019,0.18488375
"2026-01-04 01:00:00","2026-01-04 02:00:00",Nederland,ElectricityMix,Hour,UTC,Providing,Current,14340507,14340507,0.235476,2623091,0.18287925
"2026-01-04 02:00:00","2026-01-04 03:00:00",Nederland,ElectricityMix,Hour,UTC,Providing,Current,15118483,15118483,0.24825,2808852,0.18579275
"2026-01-04 03:00:00","2026-01-04 04:00:00",Nederland,ElectricityMix,Hour,UTC,Providing,Current,14994002,14994002,0.246205,2776034,0.18505325
"2026-01-04 04:00:00","2026-01-04 05:00:00",Nederland,ElectricityMix,Hour,UTC,Providing,Current,15453286,15453286,0.253746,2856029,0.18483225
"2026-01-04 05:00:00","2026-01-04 06:00:00",Nederland,ElectricityMix,Hour,UTC,Providing,Current,16102928,16102928,0.26441275,2954096,0.18345175
"2026-01-04 06:00:00","2026-01-04 07:00:00",Nederland,ElectricityMix,Hour,UTC,Providing,Current,16636902,16636902,0.27317975,3228945,0.19407625
"2026-01-04 07:00:00","2026-01-04 08:00:00",Nederland,ElectricityMix,Hour,UTC,Providing,Current,17432284,17432284,0.2862395,3695991,0.21200175
"2026-01-04 08:00:00","2026-01-04 09:00:00",Nederland,ElectricityMix,Hour,UTC,Providing,Current,18628654,18628654,0.30588325,4074176,0.21870425
"2026-01-04 09:00:00","2026-01-04 10:00:00",Nederland,ElectricityMix,Hour,UTC,Providing,Current,20919254,20919254,0.3434945,4277851,0.20479075
"2026-01-04 10:00:00","2026-01-04 11:00:00",Nederland,ElectricityMix,Hour,UTC,Providing,Current,22741593,22741593,0.37341625,4368594,0.1920995
"2026-01-04 11:00:00","2026-01-04 12:00:00",Nederland,ElectricityMix,Hour,UTC,Providing,Current,24279923,24279923,0.3986745,4345776,0.1791915
"2026-01-04 12:00:00","2026-01-04 13:00:00",Nederland,ElectricityMix,Hour,UTC,Providing,Current,25030517,25030517,0.41099825,4310608,0.17221475
"2026-01-04 13:00:00","2026-01-04 14:00:00",Nederland,ElectricityMix,Hour,UTC,Providing,Current,25013454,25013454,0.41071675,4780269,0.1910865
"2026-01-04 14:00:00","2026-01-04 15:00:00",Nederland,ElectricityMix,Hour,UTC,Providing,Current,25730774,25730774,0.422494,5343669,0.20773575
"2026-01-04 15:00:00","2026-01-04 16:00:00",Nederland,ElectricityMix,Hour,UTC,Providing,Current,23469434,23469434,0.3853625,5581061,0.2380535
"2026-01-04 16:00:00","2026-01-04 17:00:00",Nederland,ElectricityMix,Hour,UTC,Providing,Current,22226676,22226676,0.364956,5783827,0.26024325
"2026-01-04 17:00:00","2026-01-04 18:00:00",Nederland,ElectricityMix,Hour,UTC,Providing,Current,22226213,22226213,0.364947,5924366,0.266551
"2026-01-04 18:00:00","2026-01-04 19:00:00",Nederland,ElectricityMix,Hour,UTC,Providing,Current,22172322,22172322,0.3640615,5966625,0.2691175
"2026-01-04 19:00:00","2026-01-04 20:00:00",Nederland,ElectricityMix,Hour,UTC,Providing,Current,21781253,21781253,0.35763925,5957475,0.27352025
"2026-01-04 20:00:00","2026-01-04 21:00:00",Nederland,ElectricityMix,Hour,UTC,Providing,Current,21359560,21359560,0.3507145,5898769,0.2761775
"2026-01-04 21:00:00","2026-01-04 22:00:00",Nederland,ElectricityMix,Hour,UTC,Providing,Current,20847258,20847258,0.34230175,5817366,0.2790505
"2026-01-04 22:00:00","2026-01-04 23:00:00",Nederland,ElectricityMix,Hour,UTC,Providing,Current,19897449,19897449,0.32670575,5594178,0.2811545
"2026-01-04 23:00:00","2026-01-05 00:00:00",Nederland,ElectricityMix,Hour,UTC,Providing,Current,19416571,19416571,0.318809,5238477,0.2698025
"2026-01-05 00:00:00","2026-01-05 01:00:00",Nederland,ElectricityMix,Hour,UTC,Providing,Current,18681749,18681749,0.306743,5081260,0.27200425
"2026-01-05 01:00:00","2026-01-05 02:00:00",Nederland,ElectricityMix,Hour,UTC,Providing,Current,18336419,18336419,0.301072,5122703,0.2793715
"2026-01-05 02:00:00","2026-01-05 03:00:00",Nederland,ElectricityMix,Hour,UTC,Providing,Current,18668249,18668249,0.30651975,5262843,0.28192625
"2026-01-05 03:00:00","2026-01-05 04:00:00",Nederland,ElectricityMix,Hour,UTC,Providing,Current,18757666,18757666,0.30798725,5264013,0.28069425
"2026-01-05 04:00:00","2026-01-05 05:00:00",Nederland,ElectricityMix,Hour,UTC,Providing,Current,18928223,18928223,0.310787,5558506,0.29364825
"2026-01-05 05:00:00","2026-01-05 06:00:00",Nederland,ElectricityMix,Hour,UTC,Providing,Current,20508981,20508981,0.336741,6197320,0.302109
"2026-01-05 06:00:00","2026-01-05 07:00:00",Nederland,ElectricityMix,Hour,UTC,Providing,Current,21475191,21475191,0.3526045,6534771,0.30430675
"2026-01-05 07:00:00","2026-01-05 08:00:00",Nederland,ElectricityMix,Hour,UTC,Providing,Current,21870006,21870006,0.359086,6596347,0.3016435
"2026-01-05 08:00:00","2026-01-05 09:00:00",Nederland,ElectricityMix,Hour,UTC,Providing,Current,22547130,22547130,0.37020275,6631817,0.29416125
"2026-01-05 09:00:00","2026-01-05 10:00:00",Nederland,ElectricityMix,Hour,UTC,Providing,Current,24301173,24301173,0.3990015,6623769,0.272772
"2026-01-05 10:00:00","2026-01-05 11:00:00",Nederland,ElectricityMix,Hour,UTC,Providing,Current,25125803,25125803,0.41254,6627941,0.26379025
"2026-01-05 11:00:00","2026-01-05 12:00:00",Nederland,ElectricityMix,Hour,UTC,Providing,Current,25248949,25248949,0.41456125,6664712,0.263965
"2026-01-05 12:00:00","2026-01-05 13:00:00",Nederland,ElectricityMix,Hour,UTC,Providing,Current,24168223,24168223,0.39681575,6131180,0.25320875
"2026-01-05 13:00:00","2026-01-05 14:00:00",Nederland,ElectricityMix,Hour,UTC,Providing,Current,25636098,25636098,0.4209155,6675860,0.2604145
"2026-01-05 14:00:00","2026-01-05 15:00:00",Nederland,ElectricityMix,Hour,UTC,Providing,Current,24155775,24155775,0.3966095,6681076,0.276781
"2026-01-05 15:00:00","2026-01-05 16:00:00",Nederland,ElectricityMix,Hour,UTC,Providing,Current,21728722,21728722,0.356759,6758347,0.31123125
"2026-01-05 16:00:00","2026-01-05 17:00:00",Nederland,ElectricityMix,Hour,UTC,Providing,Current,20961065,20961065,0.34415425,6875169,0.327998
"2026-01-05 17:00:00","2026-01-05 18:00:00",Nederland,ElectricityMix,Hour,UTC,Providing,Current,21182193,21182193,0.347784,6759670,0.3189055
"2026-01-05 18:00:00","2026-01-05 19:00:00",Nederland,ElectricityMix,Hour,UTC,Providing,Current,21280040,21280040,0.3493895,6793282,0.31892875
"2026-01-05 19:00:00","2026-01-05 20:00:00",Nederland,ElectricityMix,Hour,UTC,Providing,Current,21689394,21689394,0.35611025,6646965,0.30603775
"2026-01-05 20:00:00","2026-01-05 21:00:00",Nederland,ElectricityMix,Hour,UTC,Providing,Current,22740809,22740809,0.37337175,6879392,0.30253375
"2026-01-05 21:00:00","2026-01-05 22:00:00",Nederland,ElectricityMix,Hour,UTC,Providing,Current,22766249,22766249,0.37378825,6776822,0.2976695
"2026-01-05 22:00:00","2026-01-05 23:00:00",Nederland,ElectricityMix,Hour,UTC,Providing,Current,21253450,21253450,0.34894975,6344697,0.29853275
"2026-01-05 23:00:00","2026-01-06 00:00:00",Nederland,ElectricityMix,Hour,UTC,Providing,Current,21494360,21494360,0.352904,6670600,0.31038
"2026-01-06 00:00:00","2026-01-06 01:00:00",Nederland,ElectricityMix,Hour,UTC,Providing,Current,20673879,20673879,0.33943225,6706308,0.324431
"2026-01-06 01:00:00","2026-01-06 02:00:00",Nederland,ElectricityMix,Hour,UTC,Providing,Current,19191757,19191757,0.3150975,6440471,0.335536
"2026-01-06 02:00:00","2026-01-06 03:00:00",Nederland,ElectricityMix,Hour,UTC,Providing,Current,19444212,19444212,0.3192415,6657113,0.342501
"2026-01-06 03:00:00","2026-01-06 04:00:00",Nederland,ElectricityMix,Hour,UTC,Providing,Current,19323697,19323697,0.31726225,6787922,0.35127625
"2026-01-06 04:00:00","2026-01-06 05:00:00",Nederland,ElectricityMix,Hour,UTC,Providing,Current,18756697,18756697,0.307952,6598724,0.35165675
"2026-01-06 05:00:00","2026-01-06 06:00:00",Nederland,ElectricityMix,Hour,UTC,Providing,Current,18480352,18480352,0.3034145,6449430,0.34877375
"2026-01-06 06:00:00","2026-01-06 07:00:00",Nederland,ElectricityMix,Hour,UTC,Providing,Current,19753438,19753438,0.32431525,6800181,0.344077
"2026-01-06 07:00:00","2026-01-06 08:00:00",Nederland,ElectricityMix,Hour,UTC,Providing,Current,19759880,19759880,0.32442025,6886747,0.34824575
"2026-01-06 08:00:00","2026-01-06 09:00:00",Nederland,ElectricityMix,Hour,UTC,Providing,Current,21140791,21140791,0.34709125,7180017,0.339716
"2026-01-06 09:00:00","2026-01-06 10:00:00",Nederland,ElectricityMix,Hour,UTC,Providing,Current,22477532,22477532,0.369037,6890060,0.306833
"2026-01-06 10:00:00","2026-01-06 11:00:00",Nederland,ElectricityMix,Hour,UTC,Providing,Current,24818039,24818039,0.40746275,7165811,0.28898025
"2026-01-06 11:00:00","2026-01-06 12:00:00",Nederland,ElectricityMix,Hour,UTC,Providing,Current,26837507,26837507,0.44061725,6860175,0.25534175
"2026-01-06 12:00:00","2026-01-06 13:00:00",Nederland,ElectricityMix,Hour,UTC,Providing,Current,27772477,27772477,0.45596625,7077067,0.2548235
"2026-01-06 13:00:00","2026-01-06 14:00:00",Nederland,ElectricityMix,Hour,UTC,Providing,Current,27912518,27912518,0.45826425,7080051,0.253664
"2026-01-06 14:00:00","2026-01-06 15:00:00",Nederland,ElectricityMix,Hour,UTC,Providing,Current,26719659,26719659,0.43867925,7081663,0.26517925
"2026-01-06 15:00:00","2026-01-06 16:00:00",Nederland,ElectricityMix,Hour,UTC,Providing,Current,23312972,23312972,0.38274775,7044551,0.30278375
"2026-01-06 16:00:00","2026-01-06 17:00:00",Nederland,ElectricityMix,Hour,UTC,Providing,Current,22324521,22324521,0.3665185,7129670,0.31936925
"2026-01-06 17:00:00","2026-01-06 18:00:00",Nederland,ElectricityMix,Hour,UTC,Providing,Current,22741903,22741903,0.3733705,7108055,0.31255375
"2026-01-06 18:00:00","2026-01-06 19:00:00",Nederland,ElectricityMix,Hour,UTC,Providing,Current,23132513,23132513,0.37978225,7085065,0.30635425
"2026-01-06 19:00:00","2026-01-06 20:00:00",Nederland,ElectricityMix,Hour,UTC,Providing,Current,23710826,23710826,0.3892755,6931869,0.292352
"2026-01-06 20:00:00","2026-01-06 21:00:00",Nederland,ElectricityMix,Hour,UTC,Providing,Current,23612768,23612768,0.387665,6525099,0.2763155
"2026-01-06 21:00:00","2026-01-06 22:00:00",Nederland,ElectricityMix,Hour,UTC,Providing,Current,22198324,22198324,0.36444225,5558516,0.25033475
"2026-01-06 22:00:00","2026-01-06 23:00:00",Nederland,ElectricityMix,Hour,UTC,Providing,Current,20470888,20470888,0.336081,4511825,0.22029575
"2026-01-06 23:00:00","2026-01-07 00:00:00",Nederland,ElectricityMix,Hour,UTC,Providing,Current,20182509,20182509,0.33134575,4022099,0.1988665
"2026-01-07 00:00:00","2026-01-07 01:00:00",Nederland,ElectricityMix,Hour,UTC,Providing,Current,19613521,19613521,0.32200375,3558286,0.1811825
"2026-01-07 01:00:00","2026-01-07 02:00:00",Nederland,ElectricityMix,Hour,UTC,Providing,Current,20266782,20266782,0.33272775,3712093,0.18277925
"2026-01-07 02:00:00","2026-01-07 03:00:00",Nederland,ElectricityMix,Hour,UTC,Providing,Current,20348077,20348077,0.3340615,3609992,0.17718025
"2026-01-07 03:00:00","2026-01-07 04:00:00",Nederland,ElectricityMix,Hour,UTC,Providing,Current,21044644,21044644,0.34549675,3820436,0.1812085
"2026-01-07 04:00:00","2026-01-07 05:00:00",Nederland,ElectricityMix,Hour,UTC,Providing,Current,21664258,21664258,0.35566825,3940269,0.18154325
"2026-01-07 05:00:00","2026-01-07 06:00:00",Nederland,ElectricityMix,Hour,UTC,Providing,Current,23273402,23273402,0.38208475,4607778,0.1975075
"2026-01-07 06:00:00","2026-01-07 07:00:00",Nederland,ElectricityMix,Hour,UTC,Providing,Current,25940674,25940674,0.425873,5797734,0.223424
"2026-01-07 07:00:00","2026-01-07 08:00:00",Nederland,ElectricityMix,Hour,UTC,Providing,Current,26357430,26357430,0.43271375,5878439,0.22292225
"2026-01-07 08:00:00","2026-01-07 09:00:00",Nederland,ElectricityMix,Hour,UTC,Providing,Current,26934626,26934626,0.44218875,6053539,0.22463625
"2026-01-07 09:00:00","2026-01-07 10:00:00",Nederland,ElectricityMix,Hour,UTC,Providing,Current,27833536,27833536,0.456945,6191958,0.22247175
"2026-01-07 10:00:00","2026-01-07 11:00:00",Nederland,ElectricityMix,Hour,UTC,Providing,Current,28222660,28222660,0.463332,6113370,0.21661725
"2026-01-07 11:00:00","2026-01-07 12:00:00",Nederland,ElectricityMix,Hour,UTC,Providing,Current,27665961,27665961,0.45419175,5749848,0.20783025
"2026-01-07 12:00:00","2026-01-07 13:00:00",Nederland,ElectricityMix,Hour,UTC,Providing,Current,27904889,27904889,0.458113,5770900,0.206807
"2026-01-07 13:00:00","2026-01-07 14:00:00",Nederland,ElectricityMix,Hour,UTC,Providing,Current,27576742,27576742,0.452725,5700595,0.20671975
"2026-01-07 14:00:00","2026-01-07 15:00:00",Nederland,ElectricityMix,Hour,UTC,Providing,Current,27049720,27049720,0.4440715,5809656,0.21479325
"2026-01-07 15:00:00","2026-01-07 16:00:00",Nederland,ElectricityMix,Hour,UTC,Providing,Current,26245310,26245310,0.4308645,5977452,0.2277725
"2026-01-07 16:00:00","2026-01-07 17:00:00",Nederland,ElectricityMix,Hour,UTC,Providing,Current,25932422,25932422,0.42572675,5940069,0.229059
"2026-01-07 17:00:00","2026-01-07 18:00:00",Nederland,ElectricityMix,Hour,UTC,Providing,Current,25307438,25307438,0.41546575,5671454,0.224101
"2026-01-07 18:00:00","2026-01-07 19:00:00",Nederland,ElectricityMix,Hour,UTC,Providing,Current,24736326,24736326,0.406089,5564775,0.224957
"2026-01-07 19:00:00","2026-01-07 20:00:00",Nederland,ElectricityMix,Hour,UTC,Providing,Current,23725668,23725668,0.38949625,5321069,0.22427375
"2026-01-07 20:00:00","2026-01-07 21:00:00",Nederland,ElectricityMix,Hour,UTC,Providing,Current,23481981,23481981,0.38549475,5290178,0.22528375
"2026-01-07 21:00:00","2026-01-07 22:00:00",Nederland,ElectricityMix,Hour,UTC,Providing,Current,21912756,21912756,0.3597325,4843775,0.221027
"2026-01-07 22:00:00","2026-01-07 23:00:00",Nederland,ElectricityMix,Hour,UTC,Providing,Current,19110904,19110904,0.313735,4181965,0.218842
"2026-01-07 23:00:00","2026-01-08 00:00:00",Nederland,ElectricityMix,Hour,UTC,Providing,Current,19195176,19195176,0.3151175,4601109,0.2397105
"2026-01-08 00:00:00","2026-01-08 01:00:00",Nederland,ElectricityMix,Hour,UTC,Providing,Current,18852870,18852870,0.30949725,4642639,0.24627125
"2026-01-08 01:00:00","2026-01-08 02:00:00",Nederland,ElectricityMix,Hour,UTC,Providing,Current,18649198,18649198,0.30615325,4798684,0.25734125
"2026-01-08 02:00:00","2026-01-08 03:00:00",Nederland,ElectricityMix,Hour,UTC,Providing,Current,18069908,18069908,0.29664225,4825899,0.26709675
"2026-01-08 03:00:00","2026-01-08 04:00:00",Nederland,ElectricityMix,Hour,UTC,Providing,Current,17663568,17663568,0.28997075,4922666,0.27869
"2026-01-08 04:00:00","2026-01-08 05:00:00",Nederland,ElectricityMix,Hour,UTC,Providing,Current,18969047,18969047,0.31140175,5648264,0.2976015
"2026-01-08 05:00:00","2026-01-08 06:00:00",Nederland,ElectricityMix,Hour,UTC,Providing,Current,21093702,21093702,0.3462795,6820967,0.32324475
"2026-01-08 06:00:00","2026-01-08 07:00:00",Nederland,ElectricityMix,Hour,UTC,Providing,Current,22367410,22367410,0.367188,7468245,0.33388075
"2026-01-08 07:00:00","2026-01-08 08:00:00",Nederland,ElectricityMix,Hour,UTC,Providing,Current,22658851,22658851,0.3719715,7694076,0.339562
"2026-01-08 08:00:00","2026-01-08 09:00:00",Nederland,ElectricityMix,Hour,UTC,Providing,Current,22798424,22798424,0.374262,7798271,0.3420595
"2026-01-08 09:00:00","2026-01-08 10:00:00",Nederland,ElectricityMix,Hour,UTC,Providing,Current,23659933,23659933,0.38840375,7818499,0.33053475
"2026-01-08 10:00:00","2026-01-08 11:00:00",Nederland,ElectricityMix,Hour,UTC,Providing,Current,24822147,24822147,0.4074815,7724442,0.31129625
"2026-01-08 11:00:00","2026-01-08 12:00:00",Nederland,ElectricityMix,Hour,UTC,Providing,Current,26022681,26022681,0.42718875,7784171,0.2991355
"2026-01-08 12:00:00","2026-01-08 13:00:00",Nederland,ElectricityMix,Hour,UTC,Providing,Current,24829662,24829662,0.40760275,7781442,0.3134965
"2026-01-08 13:00:00","2026-01-08 14:00:00",Nederland,ElectricityMix,Hour,UTC,Providing,Current,23343914,23343914,0.383212,7735757,0.33150925
"2026-01-08 14:00:00","2026-01-08 15:00:00",Nederland,ElectricityMix,Hour,UTC,Providing,Current,21984342,21984342,0.36089225,7764007,0.3532365
"2026-01-08 15:00:00","2026-01-08 16:00:00",Nederland,ElectricityMix,Hour,UTC,Providing,Current,21096369,21096369,0.346315,7801063,0.36979475
"2026-01-08 16:00:00","2026-01-08 17:00:00",Nederland,ElectricityMix,Hour,UTC,Providing,Current,21602105,21602105,0.35461575,7823415,0.3621945
"2026-01-08 17:00:00","2026-01-08 18:00:00",Nederland,ElectricityMix,Hour,UTC,Providing,Current,22616474,22616474,0.37126675,7828924,0.346223
"2026-01-08 18:00:00","2026-01-08 19:00:00",Nederland,ElectricityMix,Hour,UTC,Providing,Current,23304175,23304175,0.38255475,7692841,0.3301365
"2026-01-08 19:00:00","2026-01-08 20:00:00",Nederland,ElectricityMix,Hour,UTC,Providing,Current,23009227,23009227,0.37771225,7190651,0.3124235
"2026-01-08 20:00:00","2026-01-08 21:00:00",Nederland,ElectricityMix,Hour,UTC,Providing,Current,20256641,20256641,0.33252575,5365713,0.26412675
"2026-01-08 21:00:00","2026-01-08 22:00:00",Nederland,ElectricityMix,Hour,UTC,Providing,Current,16859064,16859064,0.2767515,3315408,0.196293
"2026-01-08 22:00:00","2026-01-08 23:00:00",Nederland,ElectricityMix,Hour,UTC,Providing,Current,16203122,16203122,0.2659835,2601798,0.16059925
"2026-01-08 23:00:00","2026-01-09 00:00:00",Nederland,ElectricityMix,Hour,UTC,Providing,Current,15089223,15089223,0.24769725,1910699,0.12650375
"2026-01-09 00:00:00","2026-01-09 01:00:00",Nederland,ElectricityMix,Hour,UTC,Providing,Current,14781705,14781705,0.2426485,1886069,0.12760075
"2026-01-09 01:00:00","2026-01-09 02:00:00",Nederland,ElectricityMix,Hour,UTC,Providing,Current,15057374,15057374,0.2471735,1842957,0.12241475
"2026-01-09 02:00:00","2026-01-09 03:00:00",Nederland,ElectricityMix,Hour,UTC,Providing,Current,15008935,15008935,0.24637775,1790231,0.1192755
"2026-01-09 03:00:00","2026-01-09 04:00:00",Nederland,ElectricityMix,Hour,UTC,Providing,Current,15143835,15143835,0.2485915,1779870,0.11753275
"2026-01-09 04:00:00","2026-01-09 05:00:00",Nederland,ElectricityMix,Hour,UTC,Providing,Current,15207878,15207878,0.249642,1833768,0.1205875
"2026-01-09 05:00:00","2026-01-09 06:00:00",Nederland,ElectricityMix,Hour,UTC,Providing,Current,15815199,15815199,0.2596105,2190285,0.13825875
"2026-01-09 06:00:00","2026-01-09 07:00:00",Nederland,ElectricityMix,Hour,UTC,Providing,Current,18218776,18218776,0.2990655,3378693,0.185205
"2026-01-09 07:00:00","2026-01-09 08:00:00",Nederland,ElectricityMix,Hour,UTC,Providing,Current,20067551,20067551,0.3294125,4309813,0.21472675
"2026-01-09 08:00:00","2026-01-09 09:00:00",Nederland,ElectricityMix,Hour,UTC,Providing,Current,20284716,20284716,0.3329765,4620714,0.22778725
"2026-01-09 09:00:00","2026-01-09 10:00:00",Nederland,ElectricityMix,Hour,UTC,Providing,Current,20982872,20982872,0.34443625,4826470,0.23004325
"2026-01-09 10:00:00","2026-01-09 11:00:00",Nederland,ElectricityMix,Hour,UTC,Providing,Current,21351189,21351189,0.35048125,4660472,0.21829125
"2026-01-09 11:00:00","2026-01-09 12:00:00",Nederland,ElectricityMix,Hour,UTC,Providing,Current,21983558,21983558,0.36086075,4451126,0.2025085
"2026-01-09 12:00:00","2026-01-09 13:00:00",Nederland,ElectricityMix,Hour,UTC,Providing,Current,21704808,21704808,0.35628425,4212066,0.1940635
"2026-01-09 13:00:00","2026-01-09 14:00:00",Nederland,ElectricityMix,Hour,UTC,Providing,Current,21421152,21421152,0.351627,4197405,0.19594775
"2026-01-09 14:00:00","2026-01-09 15:00:00",Nederland,ElectricityMix,Hour,UTC,Providing,Current,21427585,21427585,0.35173175,4428670,0.206694
"2026-01-09 15:00:00","2026-01-09 16:00:00",Nederland,ElectricityMix,Hour,UTC,Providing,Current,21341493,21341493,0.35031775,4676451,0.21912425
"2026-01-09 16:00:00","2026-01-09 17:00:00",Nederland,ElectricityMix,Hour,UTC,Providing,Current,21313097,21313097,0.34985075,4884174,0.22916575
"2026-01-09 17:00:00","2026-01-09 18:00:00",Nederland,ElectricityMix,Hour,UTC,Providing,Current,20907776,20907776,0.343197,4681353,0.2238685
"2026-01-09 18:00:00","2026-01-09 19:00:00",Nederland,ElectricityMix,Hour,UTC,Providing,Current,19737327,19737327,0.32398325,3973724,0.2012995
"2026-01-09 19:00:00","2026-01-09 20:00:00",Nederland,ElectricityMix,Hour,UTC,Providing,Current,19226364,19226364,0.315595,3595208,0.18696125
"2026-01-09 20:00:00","2026-01-09 21:00:00",Nederland,ElectricityMix,Hour,UTC,Providing,Current,18064221,18064221,0.29651825,3011180,0.16667025
"2026-01-09 21:00:00","2026-01-09 22:00:00",Nederland,ElectricityMix,Hour,UTC,Providing,Current,17076274,17076274,0.2803005,2629951,0.15400425
"2026-01-09 22:00:00","2026-01-09 23:00:00",Nederland,ElectricityMix,Hour,UTC,Providing,Current,16703191,16703191,0.27417575,2511091,0.1503365
"2026-01-09 23:00:00","2026-01-10 00:00:00",Nederland,ElectricityMix,Hour,UTC,Providing,Current,16296841,16296841,0.26750525,2376667,0.14583425
"2026-01-10 00:00:00","2026-01-10 01:00:00",Nederland,ElectricityMix,Hour,UTC,Providing,Current,15984368,15984368,0.2623755,2274559,0.1423025
"2026-01-10 01:00:00","2026-01-10 02:00:00",Nederland,ElectricityMix,Hour,UTC,Providing,Current,15862794,15862794,0.260379,2279312,0.14369025
"2026-01-10 02:00:00","2026-01-10 03:00:00",Nederland,ElectricityMix,Hour,UTC,Providing,Current,15959168,15959168,0.26196075,2272500,0.1423965
"2026-01-10 03:00:00","2026-01-10 04:00:00",Nederland,ElectricityMix,Hour,UTC,Providing,Current,15855745,15855745,0.26026225,2293407,0.144634
"2026-01-10 04:00:00","2026-01-10 05:00:00",Nederland,ElectricityMix,Hour,UTC,Providing,Current,16082711,16082711,0.263987,2364831,0.14703525
"2026-01-10 05:00:00","2026-01-10 06:00:00",Nederland,ElectricityMix,Hour,UTC,Providing,Current,16757458,16757458,0.275062,2520212,0.15040125
"2026-01-10 06:00:00","2026-01-10 07:00:00",Nederland,ElectricityMix,Hour,UTC,Providing,Current,17889857,17889857,0.29364875,2824269,0.15782175
"2026-01-10 07:00:00","2026-01-10 08:00:00",Nederland,ElectricityMix,Hour,UTC,Providing,Current,19995291,19995291,0.32820675,3796195,0.189637
"2026-01-10 08:00:00","2026-01-10 09:00:00",Nederland,ElectricityMix,Hour,UTC,Providing,Current,22144229,22144229,0.36347925,4714211,0.21279375
"2026-01-10 09:00:00","2026-01-10 10:00:00",Nederland,ElectricityMix,Hour,UTC,Providing,Current,24371011,24371011,0.400029,5252214,0.215595
"2026-01-10 10:00:00","2026-01-10 11:00:00",Nederland,ElectricityMix,Hour,UTC,Providing,Current,27257975,27257975,0.447415,5833989,0.21399425
"2026-01-10 11:00:00","2026-01-10 12:00:00",Nederland,ElectricityMix,Hour,UTC,Providing,Current,28864228,28864228,0.473779,6382972,0.2211265
"2026-01-10 12:00:00","2026-01-10 13:00:00",Nederland,ElectricityMix,Hour,UTC,Providing,Current,29458992,29458992,0.48354025,6694434,0.22724275
"2026-01-10 13:00:00","2026-01-10 14:00:00",Nederland,ElectricityMix,Hour,UTC,Providing,Current,28335414,28335414,0.46509675,6942858,0.24520825
"2026-01-10 14:00:00","2026-01-10 15:00:00",Nederland,ElectricityMix,Hour,UTC,Providing,Current,25760453,25760453,0.42283025,7217565,0.2803845
"2026-01-10 15:00:00","2026-01-10 16:00:00",Nederland,ElectricityMix,Hour,UTC,Providing,Current,23640812,23640812,0.38803775,7370987,0.3120085
"2026-01-10 16:00:00","2026-01-10 17:00:00",Nederland,ElectricityMix,Hour,UTC,Providing,Current,22531502,22531502,0.36982875,7454807,0.3308705
"2026-01-10 17:00:00","2026-01-10 18:00:00",Nederland,ElectricityMix,Hour,UTC,Providing,Current,22611511,22611511,0.371141,7557878,0.3342525
"2026-01-10 18:00:00","2026-01-10 19:00:00",Nederland,ElectricityMix,Hour,UTC,Providing,Current,22063274,22063274,0.3621415,7563498,0.34282075
"2026-01-10 19:00:00","2026-01-10 20:00:00",Nederland,ElectricityMix,Hour,UTC,Providing,Current,21196698,21196698,0.347917,7385591,0.34843925
"2026-01-10 20:00:00","2026-01-10 21:00:00",Nederland,ElectricityMix,Hour,UTC,Providing,Current,20593106,20593106,0.33800875,7331857,0.35605925
"2026-01-10 21:00:00","2026-01-10 22:00:00",Nederland,ElectricityMix,Hour,UTC,Providing,Current,19882755,19882755,0.32634875,7235602,0.36392775
"2026-01-10 22:00:00","2026-01-10 23:00:00",Nederland,ElectricityMix,Hour,UTC,Providing,Current,19038027,19038027,0.3124825,7043311,0.3699555
"2026-01-10 23:00:00","2026-01-11 00:00:00",Nederland,ElectricityMix,Hour,UTC,Providing,Current,17762159,17762159,0.29154,6506598,0.36631775
"2026-01-11 00:00:00","2026-01-11 01:00:00",Nederland,ElectricityMix,Hour,UTC,Providing,Current,15785388,15785388,0.25909375,5735740,0.3633055
"2026-01-11 01:00:00","2026-01-11 02:00:00",Nederland,ElectricityMix,Hour,UTC,Providing,Current,14958223,14958223,0.24551675,5417796,0.36220525
"2026-01-11 02:00:00","2026-01-11 03:00:00",Nederland,ElectricityMix,Hour,UTC,Providing,Current,14402990,14402990,0.2364025,5121215,0.35555175
"2026-01-11 03:00:00","2026-01-11 04:00:00",Nederland,ElectricityMix,Hour,UTC,Providing,Current,14216710,14216710,0.2333445,4898872,0.34458525
"2026-01-11 04:00:00","2026-01-11 05:00:00",Nederland,ElectricityMix,Hour,UTC,Providing,Current,15024958,15024958,0.24661025,5113757,0.34035725
"2026-01-11 05:00:00","2026-01-11 06:00:00",Nederland,ElectricityMix,Hour,UTC,Providing,Current,15664122,15664122,0.25710025,5339015,0.34086
"2026-01-11 06:00:00","2026-01-11 07:00:00",Nederland,ElectricityMix,Hour,UTC,Providing,Current,16637272,16637272,0.273072,5637010,0.33881775
"2026-01-11 07:00:00","2026-01-11 08:00:00",Nederland,ElectricityMix,Hour,UTC,Providing,Current,18076162,18076162,0.2966885,6216326,0.343841
"2026-01-11 08:00:00","2026-01-11 09:00:00",Nederland,ElectricityMix,Hour,UTC,Providing,Current,20724071,20724071,0.34014825,6443595,0.31289875
"2026-01-11 09:00:00","2026-01-11 10:00:00",Nederland,ElectricityMix,Hour,UTC,Providing,Current,23970935,23970935,0.39343875,6682052,0.27875625
"2026-01-11 10:00:00","2026-01-11 11:00:00",Nederland,ElectricityMix,Hour,UTC,Providing,Current,24606103,24606103,0.40386275,6744744,0.274187
"2026-01-11 11:00:00","2026-01-11 12:00:00",Nederland,ElectricityMix,Hour,UTC,Providing,Current,27131671,27131671,0.44531425,6666410,0.2459205
"2026-01-11 12:00:00","2026-01-11 13:00:00",Nederland,ElectricityMix,Hour,UTC,Providing,Current,27602220,27602220,0.45303625,6610904,0.23955275
"2026-01-11 13:00:00","2026-01-11 14:00:00",Nederland,ElectricityMix,Hour,UTC,Providing,Current,26433283,26433283,0.43384925,6623349,0.250586
"2026-01-11 14:00:00","2026-01-11 15:00:00",Nederland,ElectricityMix,Hour,UTC,Providing,Current,25757621,25757621,0.4227585,6839990,0.2655925
"2026-01-11 15:00:00","2026-01-11 16:00:00",Nederland,ElectricityMix,Hour,UTC,Providing,Current,24813009,24813009,0.40725375,6805874,0.2742895
"2026-01-11 16:00:00","2026-01-11 17:00:00",Nederland,ElectricityMix,Hour,UTC,Providing,Current,24857874,24857874,0.407989,6753861,0.27170475
"2026-01-11 17:00:00","2026-01-11 18:00:00",Nederland,ElectricityMix,Hour,UTC,Providing,Current,25430682,25430682,0.4173895,6754071,0.2655915
"2026-01-11 18:00:00","2026-01-11 19:00:00",Nederland,ElectricityMix,Hour,UTC,Providing,Current,25277290,25277290,0.41487075,6315031,0.249805
"2026-01-11 19:00:00","2026-01-11 20:00:00",Nederland,ElectricityMix,Hour,UTC,Providing,Current,24177527,24177527,0.39681975,5621704,0.2324795
"2026-01-11 20:00:00","2026-01-11 21:00:00",Nederland,ElectricityMix,Hour,UTC,Providing,Current,22171707,22171707,0.363898,4688464,0.21141375
"2026-01-11 21:00:00","2026-01-11 22:00:00",Nederland,ElectricityMix,Hour,UTC,Providing,Current,20665723,20665723,0.3391795,3963007,0.191673
"2026-01-11 22:00:00","2026-01-11 23:00:00",Nederland,ElectricityMix,Hour,UTC,Providing,Current,19280759,19280759,0.316448,3230276,0.16752375
"2026-01-11 23:00:00","2026-01-12 00:00:00",Nederland,ElectricityMix,Hour,UTC,Providing,Current,18831372,18831372,0.3090715,2936411,0.1559175
"2026-01-12 00:00:00","2026-01-12 01:00:00",Nederland,ElectricityMix,Hour,UTC,Providing,Current,18606124,18606124,0.305374,2829443,0.15206825
"2026-01-12 01:00:00","2026-01-12 02:00:00",Nederland,ElectricityMix,Hour,UTC,Providing,Current,18495533,18495533,0.303558,2798380,0.15129425
"2026-01-12 02:00:00","2026-01-12 03:00:00",Nederland,ElectricityMix,Hour,UTC,Providing,Current,18521043,18521043,0.303976,2773119,0.14972275
"2026-01-12 03:00:00","2026-01-12 04:00:00",Nederland,ElectricityMix,Hour,UTC,Providing,Current,18878143,18878143,0.309836,2911199,0.1542025
"2026-01-12 04:00:00","2026-01-12 05:00:00",Nederland,ElectricityMix,Hour,UTC,Providing,Current,19512956,19512956,0.320254,3198442,0.1638925
"2026-01-12 05:00:00","2026-01-12 06:00:00",Nederland,ElectricityMix,Hour,UTC,Providing,Current,21206130,21206130,0.34804225,3980105,0.18754525
"2026-01-12 06:00:00","2026-01-12 07:00:00",Nederland,ElectricityMix,Hour,UTC,Providing,Current,24184909,24184909,0.39693,5409970,0.223451
"2026-01-12 07:00:00","2026-01-12 08:00:00",Nederland,ElectricityMix,Hour,UTC,Providing,Current,26094049,26094049,0.42826225,6550284,0.250994
"2026-01-12 08:00:00","2026-01-12 09:00:00",Nederland,ElectricityMix,Hour,UTC,Providing,Current,25924751,25924751,0.42548275,6780633,0.2615485
"2026-01-12 09:00:00","2026-01-12 10:00:00",Nederland,ElectricityMix,Hour,UTC,Providing,Current,26093474,26093474,0.428251,6732529,0.2580165
"2026-01-12 10:00:00","2026-01-12 11:00:00",Nederland,ElectricityMix,Hour,UTC,Providing,Current,27095833,27095833,0.44470075,7028262,0.25938725
"2026-01-12 11:00:00","2026-01-12 12:00:00",Nederland,ElectricityMix,Hour,UTC,Providing,Current,27005788,27005788,0.44322175,6979875,0.258458
"2026-01-12 12:00:00","2026-01-12 13:00:00",Nederland,ElectricityMix,Hour,UTC,Providing,Current,26635275,26635275,0.43714,6965747,0.26152825
"2026-01-12 13:00:00","2026-01-12 14:00:00",Nederland,ElectricityMix,Hour,UTC,Providing,Current,25456271,25456271,0.41778875,6851711,0.26920875
"2026-01-12 14:00:00","2026-01-12 15:00:00",Nederland,ElectricityMix,Hour,UTC,Providing,Current,24325457,24325457,0.399229,6852048,0.2817215
"2026-01-12 15:00:00","2026-01-12 16:00:00",Nederland,ElectricityMix,Hour,UTC,Providing,Current,23372056,23372056,0.38358075,6885015,0.2945825
"2026-01-12 16:00:00","2026-01-12 17:00:00",Nederland,ElectricityMix,Hour,UTC,Providing,Current,23366116,23366116,0.38348225,7041250,0.3013555
"2026-01-12 17:00:00","2026-01-12 18:00:00",Nederland,ElectricityMix,Hour,UTC,Providing,Current,22969643,22969643,0.37697475,6997736,0.30465325
"2026-01-12 18:00:00","2026-01-12 19:00:00",Nederland,ElectricityMix,Hour,UTC,Providing,Current,22602221,22602221,0.3709435,6852778,0.303179
"2026-01-12 19:00:00","2026-01-12 20:00:00",Nederland,ElectricityMix,Hour,UTC,Providing,Current,21669109,21669109,0.3556285,6318037,0.291464
"2026-01-12 20:00:00","2026-01-12 21:00:00",Nederland,ElectricityMix,Hour,UTC,Providing,Current,19433036,19433036,0.31892975,5100448,0.2623285
"2026-01-12 21:00:00","2026-01-12 22:00:00",Nederland,ElectricityMix,Hour,UTC,Providing,Current,18146188,18146188,0.2978095,4362335,0.2403715
"2026-01-12 22:00:00","2026-01-12 23:00:00",Nederland,ElectricityMix,Hour,UTC,Providing,Current,17284683,17284683,0.28367,3952101,0.2286265
"2026-01-12 23:00:00","2026-01-13 00:00:00",Nederland,ElectricityMix,Hour,UTC,Providing,Current,16687169,16687169,0.27386325,3767842,0.225794
"2026-01-13 00:00:00","2026-01-13 01:00:00",Nederland,ElectricityMix,Hour,UTC,Providing,Current,16623585,16623585,0.27281925,3816288,0.229575
"2026-01-13 01:00:00","2026-01-13 02:00:00",Nederland,ElectricityMix,Hour,UTC,Providing,Current,16185932,16185932,0.265636,3789520,0.2341435
"2026-01-13 02:00:00","2026-01-13 03:00:00",Nederland,ElectricityMix,Hour,UTC,Providing,Current,15862086,15862086,0.26032025,3783840,0.2385665
"2026-01-13 03:00:00","2026-01-13 04:00:00",Nederland,ElectricityMix,Hour,UTC,Providing,Current,15643708,15643708,0.25673575,3913138,0.25014775
"2026-01-13 04:00:00","2026-01-13 05:00:00",Nederland,ElectricityMix,Hour,UTC,Providing,Current,15878801,15878801,0.2605935,4237899,0.26684125
"2026-01-13 05:00:00","2026-01-13 06:00:00",Nederland,ElectricityMix,Hour,UTC,Providing,Current,18160507,18160507,0.29803875,5583488,0.30695175
"2026-01-13 06:00:00","2026-01-13 07:00:00",Nederland,ElectricityMix,Hour,UTC,Providing,Current,20048112,20048112,0.32901625,6723519,0.33532525
"2026-01-13 07:00:00","2026-01-13 08:00:00",Nederland,ElectricityMix,Hour,UTC,Providing,Current,20381007,20381007,0.33447825,7124423,0.34957125
"2026-01-13 08:00:00","2026-01-13 09:00:00",Nederland,ElectricityMix,Hour,UTC,Providing,Current,20530982,20530982,0.33693875,7128743,0.347243
"2026-01-13 09:00:00","2026-01-13 10:00:00",Nederland,ElectricityMix,Hour,UTC,Providing,Current,21172671,21172671,0.347469,7054378,0.33323975
"2026-01-13 10:00:00","2026-01-13 11:00:00",Nederland,ElectricityMix,Hour,UTC,Providing,Current,22385085,22385085,0.367365,6984802,0.3122295
"2026-01-13 11:00:00","2026-01-13 12:00:00",Nederland,ElectricityMix,Hour,UTC,Providing,Current,23734522,23734522,0.38951,6820590,0.28745075
"2026-01-13 12:00:00","2026-01-13 13:00:00",Nederland,ElectricityMix,Hour,UTC,Providing,Current,23844559,23844559,0.391315,6778566,0.2843085
"2026-01-13 13:00:00","2026-01-13 14:00:00",Nederland,ElectricityMix,Hour,UTC,Providing,Current,24069723,24069723,0.395009,6945479,0.288557
"2026-01-13 14:00:00","2026-01-13 15:00:00",Nederland,ElectricityMix,Hour,UTC,Providing,Current,23631846,23631846,0.38782225,6955374,0.294332
"2026-01-13 15:00:00","2026-01-13 16:00:00",Nederland,ElectricityMix,Hour,UTC,Providing,Current,23076647,23076647,0.37870975,6940080,0.3007495
"2026-01-13 16:00:00","2026-01-13 17:00:00",Nederland,ElectricityMix,Hour,UTC,Providing,Current,23154710,23154710,0.37999025,6849231,0.29581475
"2026-01-13 17:00:00","2026-01-13 18:00:00",Nederland,ElectricityMix,Hour,UTC,Providing,Current,23288916,23288916,0.3821915,6737716,0.2893
"2026-01-13 18:00:00","2026-01-13 19:00:00",Nederland,ElectricityMix,Hour,UTC,Providing,Current,22485026,22485026,0.368998,6133428,0.272706
"2026-01-13 19:00:00","2026-01-13 20:00:00",Nederland,ElectricityMix,Hour,UTC,Providing,Current,20385000,20385000,0.33453425,5137063,0.25176125
"2026-01-13 20:00:00","2026-01-13 21:00:00",Nederland,ElectricityMix,Hour,UTC,Providing,Current,17612600,17612600,0.28903625,3858389,0.2187855
"2026-01-13 21:00:00","2026-01-13 22:00:00",Nederland,ElectricityMix,Hour,UTC,Providing,Current,15466384,15466384,0.25381425,3030595,0.19593875
"2026-01-13 22:00:00","2026-01-13 23:00:00",Nederland,ElectricityMix,Hour,UTC,Providing,Current,14392950,14392950,0.236198,2890859,0.2009075
"2026-01-13 23:00:00","2026-01-14 00:00:00",Nederland,ElectricityMix,Hour,UTC,Providing,Current,13702198,13702198,0.22486175,3226198,0.23586125
"2026-01-14 00:00:00","2026-01-14 01:00:00",Nederland,ElectricityMix,Hour,UTC,Providing,Current,12060249,12060249,0.19791575,3281947,0.27217025
"2026-01-14 01:00:00","2026-01-14 02:00:00",Nederland,ElectricityMix,Hour,UTC,Providing,Current,12268179,12268179,0.2013275,3363552,0.274166
"2026-01-14 02:00:00","2026-01-14 03:00:00",Nederland,ElectricityMix,Hour,UTC,Providing,Current,11831672,11831672,0.19416375,3349578,0.28313225
"2026-01-14 03:00:00","2026-01-14 04:00:00",Nederland,ElectricityMix,Hour,UTC,Providing,Current,11899085,11899085,0.19526975,3486192,0.29300975
"2026-01-14 04:00:00","2026-01-14 05:00:00",Nederland,ElectricityMix,Hour,UTC,Providing,Current,12876440,12876440,0.211308,4077297,0.316387
"2026-01-14 05:00:00","2026-01-14 06:00:00",Nederland,ElectricityMix,Hour,UTC,Providing,Current,15284897,15284897,0.25083125,5291651,0.345958
"2026-01-14 06:00:00","2026-01-14 07:00:00",Nederland,ElectricityMix,Hour,UTC,Providing,Current,18443126,18443126,0.302658,6859158,0.37167625
"2026-01-14 07:00:00","2026-01-14 08:00:00",Nederland,ElectricityMix,Hour,UTC,Providing,Current,19506531,19506531,0.320108,7492978,0.38412475
"2026-01-14 08:00:00","2026-01-14 09:00:00",Nederland,ElectricityMix,Hour,UTC,Providing,Current,19991578,19991578,0.32806725,7597451,0.38022575
"2026-01-14 09:00:00","2026-01-14 10:00:00",Nederland,ElectricityMix,Hour,UTC,Providing,Current,22800436,22800436,0.37416025,7371888,0.3238785
"2026-01-14 10:00:00","2026-01-14 11:00:00",Nederland,ElectricityMix,Hour,UTC,Providing,Current,23818552,23818552,0.39086675,6845550,0.28748025
"2026-01-14 11:00:00","2026-01-14 12:00:00",Nederland,ElectricityMix,Hour,UTC,Providing,Current,25743253,25743253,0.42245025,6979277,0.27114325
"2026-01-14 12:00:00","2026-01-14 13:00:00",Nederland,ElectricityMix,Hour,UTC,Providing,Current,25240099,25240099,0.41419225,6850491,0.27142225
"2026-01-14 13:00:00","2026-01-14 14:00:00",Nederland,ElectricityMix,Hour,UTC,Providing,Current,25026480,25026480,0.410686,6840198,0.273363
"2026-01-14 14:00:00","2026-01-14 15:00:00",Nederland,ElectricityMix,Hour,UTC,Providing,Current,23572591,23572591,0.38682675,7199070,0.306137
"2026-01-14 15:00:00","2026-01-14 16:00:00",Nederland,ElectricityMix,Hour,UTC,Providing,Current,20559570,20559570,0.3373825,7492803,0.36540975
"2026-01-14 16:00:00","2026-01-14 17:00:00",Nederland,ElectricityMix,Hour,UTC,Providing,Current,19607716,19607716,0.32176125,7586724,0.386925
"2026-01-14 17:00:00","2026-01-14 18:00:00",Nederland,ElectricityMix,Hour,UTC,Providing,Current,19800205,19800205,0.324919,7643348,0.38602925
"2026-01-14 18:00:00","2026-01-14 19:00:00",Nederland,ElectricityMix,Hour,UTC,Providing,Current,19862676,19862676,0.3259435,7595113,0.3823825
"2026-01-14 19:00:00","2026-01-14 20:00:00",Nederland,ElectricityMix,Hour,UTC,Providing,Current,19775546,19775546,0.32451275,7460575,0.3772625
"2026-01-14 20:00:00","2026-01-14 21:00:00",Nederland,ElectricityMix,Hour,UTC,Providing,Current,19495843,19495843,0.3199225,7144008,0.366409
"2026-01-14 21:00:00","2026-01-14 22:00:00",Nederland,ElectricityMix,Hour,UTC,Providing,Current,18500072,18500072,0.3035815,6500921,0.35133625
"2026-01-14 22:00:00","2026-01-14 23:00:00",Nederland,ElectricityMix,Hour,UTC,Providing,Current,16062532,16062532,0.26358125,5281225,0.3286595
"2026-01-14 23:00:00","2026-01-15 00:00:00",Nederland,ElectricityMix,Hour,UTC,Providing,Current,15578095,15578095,0.255631,4730932,0.303514
"2026-01-15 00:00:00","2026-01-15 01:00:00",Nederland,ElectricityMix,Hour,UTC,Providing,Current,14750859,14750859,0.24205575,3738707,0.25338075
"2026-01-15 01:00:00","2026-01-15 02:00:00",Nederland,ElectricityMix,Hour,UTC,Providing,Current,14766082,14766082,0.24230475,3225246,0.21843075
"2026-01-15 02:00:00","2026-01-15 03:00:00",Nederland,ElectricityMix,Hour,UTC,Providing,Current,14768639,14768639,0.24234625,2999903,0.2031425
"2026-01-15 03:00:00","2026-01-15 04:00:00",Nederland,ElectricityMix,Hour,UTC,Providing,Current,15274969,15274969,0.2506545,3010201,0.19706975
"2026-01-15 04:00:00","2026-01-15 05:00:00",Nederland,ElectricityMix,Hour,UTC,Providing,Current,15965646,15965646,0.2619875,3190750,0.1998295
"2026-01-15 05:00:00","2026-01-15 06:00:00",Nederland,ElectricityMix,Hour,UTC,Providing,Current,17857822,17857822,0.2930365,4045793,0.22615375
"2026-01-15 06:00:00","2026-01-15 07:00:00",Nederland,ElectricityMix,Hour,UTC,Providing,Current,20471789,20471789,0.335929,5487782,0.267806
"2026-01-15 07:00:00","2026-01-15 08:00:00",Nederland,ElectricityMix,Hour,UTC,Providing,Current,22032330,22032330,0.36153575,6325415,0.28710725
"2026-01-15 08:00:00","2026-01-15 09:00:00",Nederland,ElectricityMix,Hour,UTC,Providing,Current,21965967,21965967,0.36044575,6406952,0.29168725
"2026-01-15 09:00:00","2026-01-15 10:00:00",Nederland,ElectricityMix,Hour,UTC,Providing,Current,21938794,21938794,0.35999875,6412874,0.29230525
"2026-01-15 10:00:00","2026-01-15 11:00:00",Nederland,ElectricityMix,Hour,UTC,Providing,Current,22007440,22007440,0.36112475,6230873,0.28312325
"2026-01-15 11:00:00","2026-01-15 12:00:00",Nederland,ElectricityMix,Hour,UTC,Providing,Current,22048335,22048335,0.36179475,5875253,0.2664735
"2026-01-15 12:00:00","2026-01-15 13:00:00",Nederland,ElectricityMix,Hour,UTC,Providing,Current,22374619,22374619,0.367148,5995020,0.26794225
"2026-01-15 13:00:00","2026-01-15 14:00:00",Nederland,ElectricityMix,Hour,UTC,Providing,Current,23412631,23412631,0.38417975,6291133,0.26872175
"2026-01-15 14:00:00","2026-01-15 15:00:00",Nederland,ElectricityMix,Hour,UTC,Providing,Current,23654121,23654121,0.3881415,6653951,0.2813
"2026-01-15 15:00:00","2026-01-15 16:00:00",Nederland,ElectricityMix,Hour,UTC,Providing,Current,23551680,23551680,0.38645975,6713759,0.285136
"2026-01-15 16:00:00","2026-01-15 17:00:00",Nederland,ElectricityMix,Hour,UTC,Providing,Current,22719404,22719404,0.37280175,6713791,0.295524
"2026-01-15 17:00:00","2026-01-15 18:00:00",Nederland,ElectricityMix,Hour,UTC,Providing,Current,22511950,22511950,0.36939675,6625725,0.29431975
"2026-01-15 18:00:00","2026-01-15 19:00:00",Nederland,ElectricityMix,Hour,UTC,Providing,Current,21412774,21412774,0.3513595,5731704,0.267397
"2026-01-15 19:00:00","2026-01-15 20:00:00",Nederland,ElectricityMix,Hour,UTC,Providing,Current,17778290,17778290,0.29172125,3867407,0.21713575
"2026-01-15 20:00:00","2026-01-15 21:00:00",Nederland,ElectricityMix,Hour,UTC,Providing,Current,16048690,16048690,0.26334,2823579,0.17581875
"2026-01-15 21:00:00","2026-01-15 22:00:00",Nederland,ElectricityMix,Hour,UTC,Providing,Current,15750518,15750518,0.2584465,2443229,0.15512825
"2026-01-15 22:00:00","2026-01-15 23:00:00",Nederland,ElectricityMix,Hour,UTC,Providing,Current,15297164,15297164,0.251007,2034434,0.13299825
"2026-01-15 23:00:00","2026-01-16 00:00:00",Nederland,ElectricityMix,Hour,UTC,Providing,Current,15010412,15010412,0.24630075,1813000,0.120756
"2026-01-16 00:00:00","2026-01-16 01:00:00",Nederland,ElectricityMix,Hour,UTC,Providing,Current,14805574,14805574,0.242939,1700724,0.11486925
"2026-01-16 01:00:00","2026-01-16 02:00:00",Nederland,ElectricityMix,Hour,UTC,Providing,Current,14727150,14727150,0.24165175,1609658,0.1092995
"2026-01-16 02:00:00","2026-01-16 03:00:00",Nederland,ElectricityMix,Hour,UTC,Providing,Current,14569250,14569250,0.2390605,1616257,0.110939
"2026-01-16 03:00:00","2026-01-16 04:00:00",Nederland,ElectricityMix,Hour,UTC,Providing,Current,14938765,14938765,0.245123,1636929,0.10958625
"2026-01-16 04:00:00","2026-01-16 05:00:00",Nederland,ElectricityMix,Hour,UTC,Providing,Current,15238300,15238300,0.25003725,1815253,0.11913575
"2026-01-16 05:00:00","2026-01-16 06:00:00",Nederland,ElectricityMix,Hour,UTC,Providing,Current,15835104,15835104,0.25982925,2315882,0.1459095
"2026-01-16 06:00:00","2026-01-16 07:00:00",Nederland,ElectricityMix,Hour,UTC,Providing,Current,18562388,18562388,0.304579,3889708,0.208824
"2026-01-16 07:00:00","2026-01-16 08:00:00",Nederland,ElectricityMix,Hour,UTC,Providing,Current,20666173,20666173,0.33909775,5461736,0.26418
"2026-01-16 08:00:00","2026-01-16 09:00:00",Nederland,ElectricityMix,Hour,UTC,Providing,Current,20817553,20817553,0.34158075,6021143,0.2892525
"2026-01-16 09:00:00","2026-01-16 10:00:00",Nederland,ElectricityMix,Hour,UTC,Providing,Current,20296771,20296771,0.333035,5938680,0.29260375
"2026-01-16 10:00:00","2026-01-16 11:00:00",Nederland,ElectricityMix,Hour,UTC,Providing,Current,20685569,20685569,0.3394135,5730386,0.27703925
"2026-01-16 11:00:00","2026-01-16 12:00:00",Nederland,ElectricityMix,Hour,UTC,Providing,Current,20993515,20993515,0.3444655,5449658,0.25960075
"2026-01-16 12:00:00","2026-01-16 13:00:00",Nederland,ElectricityMix,Hour,UTC,Providing,Current,22129585,22129585,0.36310525,5616318,0.25368925
"2026-01-16 13:00:00","2026-01-16 14:00:00",Nederland,ElectricityMix,Hour,UTC,Providing,Current,23550262,23550262,0.38641525,6467532,0.274637
"2026-01-16 14:00:00","2026-01-16 15:00:00",Nederland,ElectricityMix,Hour,UTC,Providing,Current,21548912,21548912,0.353576,6738169,0.3130945
"2026-01-16 15:00:00","2026-01-16 16:00:00",Nederland,ElectricityMix,Hour,UTC,Providing,Current,19405867,19405867,0.318412,7002564,0.36129825
"2026-01-16 16:00:00","2026-01-16 17:00:00",Nederland,ElectricityMix,Hour,UTC,Providing,Current,18487920,18487920,0.30334975,7090520,0.38352275
"2026-01-16 17:00:00","2026-01-16 18:00:00",Nederland,ElectricityMix,Hour,UTC,Providing,Current,18549717,18549717,0.30436275,7155074,0.3857245
"2026-01-16 18:00:00","2026-01-16 19:00:00",Nederland,ElectricityMix,Hour,UTC,Providing,Current,18519842,18519842,0.30387175,7181733,0.387786
"2026-01-16 19:00:00","2026-01-16 20:00:00",Nederland,ElectricityMix,Hour,UTC,Providing,Current,18375222,18375222,0.301498,7139900,0.38856175
"2026-01-16 20:00:00","2026-01-16 21:00:00",Nederland,ElectricityMix,Hour,UTC,Providing,Current,18407626,18407626,0.302029,7080917,0.38467625
"2026-01-16 21:00:00","2026-01-16 22:00:00",Nederland,ElectricityMix,Hour,UTC,Providing,Current,18377916,18377916,0.301541,6978811,0.379742
"2026-01-16 22:00:00","2026-01-16 23:00:00",Nederland,ElectricityMix,Hour,UTC,Providing,Current,17505128,17505128,0.2872195,6762193,0.386329
"2026-01-16 23:00:00","2026-01-17 00:00:00",Nederland,ElectricityMix,Hour,UTC,Providing,Current,16766969,16766969,0.27510725,6569818,0.39183825
"2026-01-17 00:00:00","2026-01-17 01:00:00",Nederland,ElectricityMix,Hour,UTC,Providing,Current,15539283,15539283,0.25496325,6058041,0.3898455
"2026-01-17 01:00:00","2026-01-17 02:00:00",Nederland,ElectricityMix,Hour,UTC,Providing,Current,15029079,15029079,0.2465915,5831051,0.38798875
"2026-01-17 02:00:00","2026-01-17 03:00:00",Nederland,ElectricityMix,Hour,UTC,Providing,Current,14876359,14876359,0.244085,5842466,0.39273725
"2026-01-17 03:00:00","2026-01-17 04:00:00",Nederland,ElectricityMix,Hour,UTC,Providing,Current,15334628,15334628,0.2516035,5807820,0.37879575
"2026-01-17 04:00:00","2026-01-17 05:00:00",Nederland,ElectricityMix,Hour,UTC,Providing,Current,15582374,15582374,0.25566775,5852541,0.37558975
"2026-01-17 05:00:00","2026-01-17 06:00:00",Nederland,ElectricityMix,Hour,UTC,Providing,Current,16464610,16464610,0.27014225,6112243,0.37127625
"2026-01-17 06:00:00","2026-01-17 07:00:00",Nederland,ElectricityMix,Hour,UTC,Providing,Current,17151988,17151988,0.28142,6211183,0.3621265
"2026-01-17 07:00:00","2026-01-17 08:00:00",Nederland,ElectricityMix,Hour,UTC,Providing,Current,17324628,17324628,0.2842515,6360769,0.367152
"2026-01-17 08:00:00","2026-01-17 09:00:00",Nederland,ElectricityMix,Hour,UTC,Providing,Current,17976858,17976858,0.29495225,6445971,0.35873025
"2026-01-17 09:00:00","2026-01-17 10:00:00",Nederland,ElectricityMix,Hour,UTC,Providing,Current,20125812,20125812,0.33021,6344375,0.315645
"2026-01-17 10:00:00","2026-01-17 11:00:00",Nederland,ElectricityMix,Hour,UTC,Providing,Current,22276818,22276818,0.36550125,6057916,0.2723125
"2026-01-17 11:00:00","2026-01-17 12:00:00",Nederland,ElectricityMix,Hour,UTC,Providing,Current,23163732,23163732,0.38005225,5629455,0.243032
"2026-01-17 12:00:00","2026-01-17 13:00:00",Nederland,ElectricityMix,Hour,UTC,Providing,Current,24066319,24066319,0.39486,5931733,0.246442
"2026-01-17 13:00:00","2026-01-17 14:00:00",Nederland,ElectricityMix,Hour,UTC,Providing,Current,23951093,23951093,0.39296875,6674938,0.27881325
"2026-01-17 14:00:00","2026-01-17 15:00:00",Nederland,ElectricityMix,Hour,UTC,Providing,Current,21836885,21836885,0.35827975,6812820,0.31250425
"2026-01-17 15:00:00","2026-01-17 16:00:00",Nederland,ElectricityMix,Hour,UTC,Providing,Current,18428864,18428864,0.30236325,6909274,0.37586775
"2026-01-17 16:00:00","2026-01-17 17:00:00",Nederland,ElectricityMix,Hour,UTC,Providing,Current,17444626,17444626,0.286214,6935028,0.39754675
"2026-01-17 17:00:00","2026-01-17 18:00:00",Nederland,ElectricityMix,Hour,UTC,Providing,Current,17590531,17590531,0.288607,6933377,0.3941535
"2026-01-17 18:00:00","2026-01-17 19:00:00",Nederland,ElectricityMix,Hour,UTC,Providing,Current,17679191,17679191,0.29006125,6905443,0.39059775
"2026-01-17 19:00:00","2026-01-17 20:00:00",Nederland,ElectricityMix,Hour,UTC,Providing,Current,17549557,17549557,0.2879335,6852661,0.39047325
"2026-01-17 20:00:00","2026-01-17 21:00:00",Nederland,ElectricityMix,Hour,UTC,Providing,Current,17363954,17363954,0.28488775,6752740,0.38889325
"2026-01-17 21:00:00","2026-01-17 22:00:00",Nederland,ElectricityMix,Hour,UTC,Providing,Current,16315999,16315999,0.26769325,6312598,0.386848
"2026-01-17 22:00:00","2026-01-17 23:00:00",Nederland,ElectricityMix,Hour,UTC,Providing,Current,13994288,13994288,0.229601,5377103,0.38421225
"2026-01-17 23:00:00","2026-01-18 00:00:00",Nederland,ElectricityMix,Hour,UTC,Providing,Current,13004180,13004180,0.213356,5041444,0.38774175
"2026-01-18 00:00:00","2026-01-18 01:00:00",Nederland,ElectricityMix,Hour,UTC,Providing,Current,12302259,12302259,0.20183925,4856667,0.3947805
"2026-01-18 01:00:00","2026-01-18 02:00:00",Nederland,ElectricityMix,Hour,UTC,Providing,Current,12476544,12476544,0.20469825,4877514,0.390937
"2026-01-18 02:00:00","2026-01-18 03:00:00",Nederland,ElectricityMix,Hour,UTC,Providing,Current,12237296,12237296,0.2007725,4721269,0.385808
"2026-01-18 03:00:00","2026-01-18 04:00:00",Nederland,ElectricityMix,Hour,UTC,Providing,Current,12358184,12358184,0.202755,4752505,0.38456625
"2026-01-18 04:00:00","2026-01-18 05:00:00",Nederland,ElectricityMix,Hour,UTC,Providing,Current,12656961,12656961,0.2076565,4799545,0.37920325
"2026-01-18 05:00:00","2026-01-18 06:00:00",Nederland,ElectricityMix,Hour,UTC,Providing,Current,12987893,12987893,0.2130855,4866262,0.37469775
"2026-01-18 06:00:00","2026-01-18 07:00:00",Nederland,ElectricityMix,Hour,UTC,Providing,Current,13388427,13388427,0.21965625,4884241,0.3648115
"2026-01-18 07:00:00","2026-01-18 08:00:00",Nederland,ElectricityMix,Hour,UTC,Providing,Current,13764146,13764146,0.22582,5072504,0.36853
"2026-01-18 08:00:00","2026-01-18 09:00:00",Nederland,ElectricityMix,Hour,UTC,Providing,Current,14688279,14688279,0.240981,5144258,0.3506565
"2026-01-18 09:00:00","2026-01-18 10:00:00",Nederland,ElectricityMix,Hour,UTC,Providing,Current,17259795,17259795,0.28316975,5103827,0.2963535
"2026-01-18 10:00:00","2026-01-18 11:00:00",Nederland,ElectricityMix,Hour,UTC,Providing,Current,18956112,18956112,0.310999,5066771,0.26739675
"2026-01-18 11:00:00","2026-01-18 12:00:00",Nederland,ElectricityMix,Hour,UTC,Providing,Current,20010028,20010028,0.328289,5128585,0.25631025
"2026-01-18 12:00:00","2026-01-18 13:00:00",Nederland,ElectricityMix,Hour,UTC,Providing,Current,20030685,20030685,0.32862725,5079693,0.253597
"2026-01-18 13:00:00","2026-01-18 14:00:00",Nederland,ElectricityMix,Hour,UTC,Providing,Current,19609391,19609391,0.3217145,5157771,0.2631145
"2026-01-18 14:00:00","2026-01-18 15:00:00",Nederland,ElectricityMix,Hour,UTC,Providing,Current,18817391,18817391,0.30872025,5564390,0.295993
"2026-01-18 15:00:00","2026-01-18 16:00:00",Nederland,ElectricityMix,Hour,UTC,Providing,Current,17782414,17782414,0.29173975,6124954,0.3448185
"2026-01-18 16:00:00","2026-01-18 17:00:00",Nederland,ElectricityMix,Hour,UTC,Providing,Current,17423393,17423393,0.2858485,6322423,0.36287725
"2026-01-18 17:00:00","2026-01-18 18:00:00",Nederland,ElectricityMix,Hour,UTC,Providing,Current,17853862,17853862,0.2929105,6339874,0.3551225
"2026-01-18 18:00:00","2026-01-18 19:00:00",Nederland,ElectricityMix,Hour,UTC,Providing,Current,17922159,17922159,0.29403,6210960,0.34654975
"2026-01-18 19:00:00","2026-01-18 20:00:00",Nederland,ElectricityMix,Hour,UTC,Providing,Current,17909596,17909596,0.29382325,6129376,0.3422405
"2026-01-18 20:00:00","2026-01-18 21:00:00",Nederland,ElectricityMix,Hour,UTC,Providing,Current,17407423,17407423,0.28558375,6008095,0.34515575
"2026-01-18 21:00:00","2026-01-18 22:00:00",Nederland,ElectricityMix,Hour,UTC,Providing,Current,16862851,16862851,0.276649,5867799,0.34793825
"2026-01-18 22:00:00","2026-01-18 23:00:00",Nederland,ElectricityMix,Hour,UTC,Providing,Current,14786710,14786710,0.2425875,4952441,0.33490525
"2026-01-18 23:00:00","2026-01-19 00:00:00",Nederland,ElectricityMix,Hour,UTC,Providing,Current,14521420,14521420,0.23823475,4913921,0.338449
"2026-01-19 00:00:00","2026-01-19 01:00:00",Nederland,ElectricityMix,Hour,UTC,Providing,Current,14370520,14370520,0.2357585,4994920,0.34759
"2026-01-19 01:00:00","2026-01-19 02:00:00",Nederland,ElectricityMix,Hour,UTC,Providing,Current,14207006,14207006,0.23307525,4955573,0.34884725
"2026-01-19 02:00:00","2026-01-19 03:00:00",Nederland,ElectricityMix,Hour,UTC,Providing,Current,14192817,14192817,0.232842,5045166,0.35547225
"2026-01-19 03:00:00","2026-01-19 04:00:00",Nederland,ElectricityMix,Hour,UTC,Providing,Current,14102925,14102925,0.2313665,5179957,0.36728925
"2026-01-19 04:00:00","2026-01-19 05:00:00",Nederland,ElectricityMix,Hour,UTC,Providing,Current,15636480,15636480,0.256525,5798657,0.37083425
"2026-01-19 05:00:00","2026-01-19 06:00:00",Nederland,ElectricityMix,Hour,UTC,Providing,Current,18759439,18759439,0.307758,6990486,0.3726005
"2026-01-19 06:00:00","2026-01-19 07:00:00",Nederland,ElectricityMix,Hour,UTC,Providing,Current,19948401,19948401,0.3272625,7465484,0.374241
"2026-01-19 07:00:00","2026-01-19 08:00:00",Nederland,ElectricityMix,Hour,UTC,Providing,Current,20127384,20127384,0.33019825,7593355,0.377268
"2026-01-19 08:00:00","2026-01-19 09:00:00",Nederland,ElectricityMix,Hour,UTC,Providing,Current,20695978,20695978,0.3395255,7537338,0.36441925
"2026-01-19 09:00:00","2026-01-19 10:00:00",Nederland,ElectricityMix,Hour,UTC,Providing,Current,23003032,23003032,0.3773725,7390599,0.32172975
"2026-01-19 10:00:00","2026-01-19 11:00:00",Nederland,ElectricityMix,Hour,UTC,Providing,Current,24825810,24825810,0.40727475,7259122,0.2924075
"2026-01-19 11:00:00","2026-01-19 12:00:00",Nederland,ElectricityMix,Hour,UTC,Providing,Current,24589221,24589221,0.4033925,7294813,0.296668
"2026-01-19 12:00:00","2026-01-19 13:00:00",Nederland,ElectricityMix,Hour,UTC,Providing,Current,24217917,24217917,0.3973,7026865,0.29019025
"2026-01-19 13:00:00","2026-01-19 14:00:00",Nederland,ElectricityMix,Hour,UTC,Providing,Current,24041953,24041953,0.3944125,7250050,0.30167525
"2026-01-19 14:00:00","2026-01-19 15:00:00",Nederland,ElectricityMix,Hour,UTC,Providing,Current,22667485,22667485,0.37186325,7401346,0.326887
"2026-01-19 15:00:00","2026-01-19 16:00:00",Nederland,ElectricityMix,Hour,UTC,Providing,Current,20462950,20462950,0.3356965,7417494,0.36272175
"2026-01-19 16:00:00","2026-01-19 17:00:00",Nederland,ElectricityMix,Hour,UTC,Providing,Current,19890201,19890201,0.32629975,7492803,0.376718
"2026-01-19 17:00:00","2026-01-19 18:00:00",Nederland,ElectricityMix,Hour,UTC,Providing,Current,20320789,20320789,0.33336275,7486598,0.3684265
"2026-01-19 18:00:00","2026-01-19 19:00:00",Nederland,ElectricityMix,Hour,UTC,Providing,Current,20247282,20247282,0.332156,7484783,0.369672
"2026-01-19 19:00:00","2026-01-19 20:00:00",Nederland,ElectricityMix,Hour,UTC,Providing,Current,20005860,20005860,0.32819475,7426139,0.37119825
"2026-01-19 20:00:00","2026-01-19 21:00:00",Nederland,ElectricityMix,Hour,UTC,Providing,Current,19841662,19841662,0.32550025,7367691,0.37132425
"2026-01-19 21:00:00","2026-01-19 22:00:00",Nederland,ElectricityMix,Hour,UTC,Providing,Current,19299022,19299022,0.31659775,7177164,0.37189125
"2026-01-19 22:00:00","2026-01-19 23:00:00",Nederland,ElectricityMix,Hour,UTC,Providing,Current,18468796,18468796,0.302977,6921130,0.37474925
"2026-01-19 23:00:00","2026-01-20 00:00:00",Nederland,ElectricityMix,Hour,UTC,Providing,Current,17757728,17757728,0.29131125,6736656,0.37937575
"2026-01-20 00:00:00","2026-01-20 01:00:00",Nederland,ElectricityMix,Hour,UTC,Providing,Current,17744964,17744964,0.2911015,6711197,0.3782005
"2026-01-20 01:00:00","2026-01-20 02:00:00",Nederland,ElectricityMix,Hour,UTC,Providing,Current,17752769,17752769,0.29122875,6678239,0.37617825
"2026-01-20 02:00:00","2026-01-20 03:00:00",Nederland,ElectricityMix,Hour,UTC,Providing,Current,17698020,17698020,0.29032975,6655212,0.3760425
"2026-01-20 03:00:00","2026-01-20 04:00:00",Nederland,ElectricityMix,Hour,UTC,Providing,Current,18176722,18176722,0.29818175,6815862,0.3749795
"2026-01-20 04:00:00","2026-01-20 05:00:00",Nederland,ElectricityMix,Hour,UTC,Providing,Current,19091630,19091630,0.31318975,7117046,0.37276925
"2026-01-20 05:00:00","2026-01-20 06:00:00",Nederland,ElectricityMix,Hour,UTC,Providing,Current,19982808,19982808,0.3278085,7482269,0.3744355
"2026-01-20 06:00:00","2026-01-20 07:00:00",Nederland,ElectricityMix,Hour,UTC,Providing,Current,20579410,20579410,0.3375945,7698608,0.37409275
"2026-01-20 07:00:00","2026-01-20 08:00:00",Nederland,ElectricityMix,Hour,UTC,Providing,Current,20927282,20927282,0.34330025,7719659,0.36888625
"2026-01-20 08:00:00","2026-01-20 09:00:00",Nederland,ElectricityMix,Hour,UTC,Providing,Current,21734794,21734794,0.35654625,7645115,0.35197275
"2026-01-20 09:00:00","2026-01-20 10:00:00",Nederland,ElectricityMix,Hour,UTC,Providing,Current,23743204,23743204,0.389492,7476757,0.31517025
"2026-01-20 10:00:00","2026-01-20 11:00:00",Nederland,ElectricityMix,Hour,UTC,Providing,Current,25252480,25252480,0.41424975,7293768,0.28891175
"2026-01-20 11:00:00","2026-01-20 12:00:00",Nederland,ElectricityMix,Hour,UTC,Providing,Current,25867208,25867208,0.424333,7039659,0.2721695
"2026-01-20 12:00:00","2026-01-20 13:00:00",Nederland,ElectricityMix,Hour,UTC,Providing,Current,26047434,26047434,0.42728825,6992464,0.26845075
"2026-01-20 13:00:00","2026-01-20 14:00:00",Nederland,ElectricityMix,Hour,UTC,Providing,Current,25725929,25725929,0.42201325,7099703,0.27598375
"2026-01-20 14:00:00","2026-01-20 15:00:00",Nederland,ElectricityMix,Hour,UTC,Providing,Current,24354949,24354949,0.3995225,7277266,0.29910975
"2026-01-20 15:00:00","2026-01-20 16:00:00",Nederland,ElectricityMix,Hour,UTC,Providing,Current,22404760,22404760,0.36753,7407752,0.330842
"2026-01-20 16:00:00","2026-01-20 17:00:00",Nederland,ElectricityMix,Hour,UTC,Providing,Current,21874777,21874777,0.35883525,7473842,0.3416725
"2026-01-20 17:00:00","2026-01-20 18:00:00",Nederland,ElectricityMix,Hour,UTC,Providing,Current,21921408,21921408,0.3595995,7441972,0.3395045
"2026-01-20 18:00:00","2026-01-20 19:00:00",Nederland,ElectricityMix,Hour,UTC,Providing,Current,22087961,22087961,0.36233075,7380007,0.334125
"2026-01-20 19:00:00","2026-01-20 20:00:00",Nederland,ElectricityMix,Hour,UTC,Providing,Current,21738459,21738459,0.3565965,7274147,0.33462375
"2026-01-20 20:00:00","2026-01-20 21:00:00",Nederland,ElectricityMix,Hour,UTC,Providing,Current,21594363,21594363,0.354232,7050879,0.32651075
"2026-01-20 21:00:00","2026-01-20 22:00:00",Nederland,ElectricityMix,Hour,UTC,Providing,Current,19934389,19934389,0.327001,6408151,0.321455
"2026-01-20 22:00:00","2026-01-20 23:00:00",Nederland,ElectricityMix,Hour,UTC,Providing,Current,17809433,17809433,0.292143,5568711,0.31265575
"2026-01-20 23:00:00","2026-01-21 00:00:00",Nederland,ElectricityMix,Hour,UTC,Providing,Current,15492855,15492855,0.25414125,4785176,0.308843
"2026-01-21 00:00:00","2026-01-21 01:00:00",Nederland,ElectricityMix,Hour,UTC,Providing,Current,15130784,15130784,0.24820175,4500081,0.29746775
"2026-01-21 01:00:00","2026-01-21 02:00:00",Nederland,ElectricityMix,Hour,UTC,Providing,Current,15662531,15662531,0.25692375,4419798,0.28221625
"2026-01-21 02:00:00","2026-01-21 03:00:00",Nederland,ElectricityMix,Hour,UTC,Providing,Current,16397519,16397519,0.26897925,4499468,0.27441125
"2026-01-21 03:00:00","2026-01-21 04:00:00",Nederland,ElectricityMix,Hour,UTC,Providing,Current,16914081,16914081,0.2774525,4541332,0.268499
"2026-01-21 04:00:00","2026-01-21 05:00:00",Nederland,ElectricityMix,Hour,UTC,Providing,Current,17502794,17502794,0.2871085,4755931,0.271727
"2026-01-21 05:00:00","2026-01-21 06:00:00",Nederland,ElectricityMix,Hour,UTC,Providing,Current,19063376,19063376,0.312707,5240580,0.27477475
"2026-01-21 06:00:00","2026-01-21 07:00:00",Nederland,ElectricityMix,Hour,UTC,Providing,Current,21430512,21430512,0.3515355,6171054,0.28794625
"2026-01-21 07:00:00","2026-01-21 08:00:00",Nederland,ElectricityMix,Hour,UTC,Providing,Current,22042003,22042003,0.361565,6379781,0.28943825
"2026-01-21 08:00:00","2026-01-21 09:00:00",Nederland,ElectricityMix,Hour,UTC,Providing,Current,22432197,22432197,0.36796475,6361443,0.283613
"2026-01-21 09:00:00","2026-01-21 10:00:00",Nederland,ElectricityMix,Hour,UTC,Providing,Current,21822513,21822513,0.357963,5806233,0.26596325
"2026-01-21 10:00:00","2026-01-21 11:00:00",Nederland,ElectricityMix,Hour,UTC,Providing,Current,21346614,21346614,0.35015575,5272747,0.24705
"2026-01-21 11:00:00","2026-01-21 12:00:00",Nederland,ElectricityMix,Hour,UTC,Providing,Current,22070936,22070936,0.36203625,4965691,0.22504625
"2026-01-21 12:00:00","2026-01-21 13:00:00",Nederland,ElectricityMix,Hour,UTC,Providing,Current,22906686,22906686,0.37574475,4818256,0.21037325
"2026-01-21 13:00:00","2026-01-21 14:00:00",Nederland,ElectricityMix,Hour,UTC,Providing,Current,23538544,23538544,0.386108,4883703,0.20747125
"2026-01-21 14:00:00","2026-01-21 15:00:00",Nederland,ElectricityMix,Hour,UTC,Providing,Current,24145534,24145534,0.39606375,5149262,0.21324925
"2026-01-21 15:00:00","2026-01-21 16:00:00",Nederland,ElectricityMix,Hour,UTC,Providing,Current,22924731,22924731,0.3760375,5497622,0.240776
"2026-01-21 16:00:00","2026-01-21 17:00:00",Nederland,ElectricityMix,Hour,UTC,Providing,Current,20777425,20777425,0.34081425,5546637,0.266962
"2026-01-21 17:00:00","2026-01-21 18:00:00",Nederland,ElectricityMix,Hour,UTC,Providing,Current,21011669,21011669,0.344656,5562449,0.2647315
"2026-01-21 18:00:00","2026-01-21 19:00:00",Nederland,ElectricityMix,Hour,UTC,Providing,Current,20038178,20038178,0.3286865,5190766,0.25900375
"2026-01-21 19:00:00","2026-01-21 20:00:00",Nederland,ElectricityMix,Hour,UTC,Providing,Current,18747927,18747927,0.30752175,4649102,0.2479285
"2026-01-21 20:00:00","2026-01-21 21:00:00",Nederland,ElectricityMix,Hour,UTC,Providing,Current,16905679,16905679,0.277303,3934508,0.23258225
"2026-01-21 21:00:00","2026-01-21 22:00:00",Nederland,ElectricityMix,Hour,UTC,Providing,Current,14599943,14599943,0.23948125,3136706,0.21484375
"2026-01-21 22:00:00","2026-01-21 23:00:00",Nederland,ElectricityMix,Hour,UTC,Providing,Current,13702650,13702650,0.22476275,2899426,0.211566
"2026-01-21 23:00:00","2026-01-22 00:00:00",Nederland,ElectricityMix,Hour,UTC,Providing,Current,12086712,12086712,0.19825625,2357390,0.1949495
"2026-01-22 00:00:00","2026-01-22 01:00:00",Nederland,ElectricityMix,Hour,UTC,Providing,Current,11071166,11071166,0.18159775,2101857,0.18981075
"2026-01-22 01:00:00","2026-01-22 02:00:00",Nederland,ElectricityMix,Hour,UTC,Providing,Current,11102302,11102302,0.182108,2003539,0.180481
"2026-01-22 02:00:00","2026-01-22 03:00:00",Nederland,ElectricityMix,Hour,UTC,Providing,Current,11578998,11578998,0.1899265,2054175,0.1774385
"2026-01-22 03:00:00","2026-01-22 04:00:00",Nederland,ElectricityMix,Hour,UTC,Providing,Current,12592454,12592454,0.2065495,2152039,0.17092
"2026-01-22 04:00:00","2026-01-22 05:00:00",Nederland,ElectricityMix,Hour,UTC,Providing,Current,13622346,13622346,0.223442,2507350,0.183986
"2026-01-22 05:00:00","2026-01-22 06:00:00",Nederland,ElectricityMix,Hour,UTC,Providing,Current,16223959,16223959,0.2661145,3446951,0.21218075
"2026-01-22 06:00:00","2026-01-22 07:00:00",Nederland,ElectricityMix,Hour,UTC,Providing,Current,18831141,18831141,0.30887825,4392503,0.23314925
"2026-01-22 07:00:00","2026-01-22 08:00:00",Nederland,ElectricityMix,Hour,UTC,Providing,Current,20080359,20080359,0.32936775,4919371,0.2449685
"2026-01-22 08:00:00","2026-01-22 09:00:00",Nederland,ElectricityMix,Hour,UTC,Providing,Current,21390707,21390707,0.35085975,4867321,0.2279585
"2026-01-22 09:00:00","2026-01-22 10:00:00",Nederland,ElectricityMix,Hour,UTC,Providing,Current,24880315,24880315,0.40809725,4804094,0.19339525
"2026-01-22 10:00:00","2026-01-22 11:00:00",Nederland,ElectricityMix,Hour,UTC,Providing,Current,26766814,26766814,0.439039,4606687,0.172149
"2026-01-22 11:00:00","2026-01-22 12:00:00",Nederland,ElectricityMix,Hour,UTC,Providing,Current,27355785,27355785,0.44869825,4479489,0.163756
"2026-01-22 12:00:00","2026-01-22 13:00:00",Nederland,ElectricityMix,Hour,UTC,Providing,Current,26148085,26148085,0.42888825,4494806,0.17192775
"2026-01-22 13:00:00","2026-01-22 14:00:00",Nederland,ElectricityMix,Hour,UTC,Providing,Current,25372483,25372483,0.41616575,4755315,0.18740425
"2026-01-22 14:00:00","2026-01-22 15:00:00",Nederland,ElectricityMix,Hour,UTC,Providing,Current,24475354,24475354,0.40144975,5135763,0.210019
"2026-01-22 15:00:00","2026-01-22 16:00:00",Nederland,ElectricityMix,Hour,UTC,Providing,Current,21902490,21902490,0.35924825,5427496,0.2480045
"2026-01-22 16:00:00","2026-01-22 17:00:00",Nederland,ElectricityMix,Hour,UTC,Providing,Current,21344313,21344313,0.350092,5434867,0.254638
"2026-01-22 17:00:00","2026-01-22 18:00:00",Nederland,ElectricityMix,Hour,UTC,Providing,Current,21761953,21761953,0.35694125,5463656,0.251065
"2026-01-22 18:00:00","2026-01-22 19:00:00",Nederland,ElectricityMix,Hour,UTC,Providing,Current,21621809,21621809,0.354642,5417451,0.2505555
"2026-01-22 19:00:00","2026-01-22 20:00:00",Nederland,ElectricityMix,Hour,UTC,Providing,Current,20474122,20474122,0.3358165,5117434,0.249928
"2026-01-22 20:00:00","2026-01-22 21:00:00",Nederland,ElectricityMix,Hour,UTC,Providing,Current,18560883,18560883,0.304435,4588039,0.247207
"2026-01-22 21:00:00","2026-01-22 22:00:00",Nederland,ElectricityMix,Hour,UTC,Providing,Current,17125593,17125593,0.2808925,4211693,0.24594625
"2026-01-22 22:00:00","2026-01-22 23:00:00",Nederland,ElectricityMix,Hour,UTC,Providing,Current,14801651,14801651,0.242775,3556020,0.24023525
"2026-01-22 23:00:00","2026-01-23 00:00:00",Nederland,ElectricityMix,Hour,UTC,Providing,Current,14141369,14141369,0.23194475,3469377,0.2453435
"2026-01-23 00:00:00","2026-01-23 01:00:00",Nederland,ElectricityMix,Hour,UTC,Providing,Current,13884749,13884749,0.22773475,3504571,0.25241275
"2026-01-23 01:00:00","2026-01-23 02:00:00",Nederland,ElectricityMix,Hour,UTC,Providing,Current,13542960,13542960,0.22212825,3449980,0.254746
"2026-01-23 02:00:00","2026-01-23 03:00:00",Nederland,ElectricityMix,Hour,UTC,Providing,Current,12767261,12767261,0.209405,3265508,0.25576925
"2026-01-23 03:00:00","2026-01-23 04:00:00",Nederland,ElectricityMix,Hour,UTC,Providing,Current,12694910,12694910,0.20821775,3242860,0.25544275
"2026-01-23 04:00:00","2026-01-23 05:00:00",Nederland,ElectricityMix,Hour,UTC,Providing,Current,13827852,13827852,0.22679925,3543515,0.2561945
"2026-01-23 05:00:00","2026-01-23 06:00:00",Nederland,ElectricityMix,Hour,UTC,Providing,Current,15954121,15954121,0.261673,4318013,0.27056875
"2026-01-23 06:00:00","2026-01-23 07:00:00",Nederland,ElectricityMix,Hour,UTC,Providing,Current,18533999,18533999,0.30398625,5181305,0.2795725
"2026-01-23 07:00:00","2026-01-23 08:00:00",Nederland,ElectricityMix,Hour,UTC,Providing,Current,19780180,19780180,0.32442475,5439830,0.275025
"2026-01-23 08:00:00","2026-01-23 09:00:00",Nederland,ElectricityMix,Hour,UTC,Providing,Current,20775524,20775524,0.340749,5464860,0.26322275
"2026-01-23 09:00:00","2026-01-23 10:00:00",Nederland,ElectricityMix,Hour,UTC,Providing,Current,22666440,22666440,0.371762,5198748,0.229498
"2026-01-23 10:00:00","2026-01-23 11:00:00",Nederland,ElectricityMix,Hour,UTC,Providing,Current,23439702,23439702,0.38444375,4639479,0.19816075
"2026-01-23 11:00:00","2026-01-23 12:00:00",Nederland,ElectricityMix,Hour,UTC,Providing,Current,24136398,24136398,0.3958695,4387647,0.1817915
"2026-01-23 12:00:00","2026-01-23 13:00:00",Nederland,ElectricityMix,Hour,UTC,Providing,Current,23673980,23673980,0.388284,4447932,0.18788025
"2026-01-23 13:00:00","2026-01-23 14:00:00",Nederland,ElectricityMix,Hour,UTC,Providing,Current,23418068,23418068,0.38408575,4492713,0.19184875
"2026-01-23 14:00:00","2026-01-23 15:00:00",Nederland,ElectricityMix,Hour,UTC,Providing,Current,21846906,21846906,0.358316,4659195,0.21354875
"2026-01-23 15:00:00","2026-01-23 16:00:00",Nederland,ElectricityMix,Hour,UTC,Providing,Current,20533000,20533000,0.3367655,4757172,0.23172425
"2026-01-23 16:00:00","2026-01-23 17:00:00",Nederland,ElectricityMix,Hour,UTC,Providing,Current,19683859,19683859,0.32283775,4731098,0.240354
"2026-01-23 17:00:00","2026-01-23 18:00:00",Nederland,ElectricityMix,Hour,UTC,Providing,Current,19828579,19828579,0.32521075,4812402,0.24270125
"2026-01-23 18:00:00","2026-01-23 19:00:00",Nederland,ElectricityMix,Hour,UTC,Providing,Current,19907656,19907656,0.3265065,4759933,0.2390995
"2026-01-23 19:00:00","2026-01-23 20:00:00",Nederland,ElectricityMix,Hour,UTC,Providing,Current,18342939,18342939,0.300843,4265886,0.23253175
"2026-01-23 20:00:00","2026-01-23 21:00:00",Nederland,ElectricityMix,Hour,UTC,Providing,Current,17112145,17112145,0.28065625,3833871,0.224056
"2026-01-23 21:00:00","2026-01-23 22:00:00",Nederland,ElectricityMix,Hour,UTC,Providing,Current,16257380,16257380,0.26663625,3614234,0.22230375
"2026-01-23 22:00:00","2026-01-23 23:00:00",Nederland,ElectricityMix,Hour,UTC,Providing,Current,15126932,15126932,0.2480955,3242876,0.214406
"2026-01-23 23:00:00","2026-01-24 00:00:00",Nederland,ElectricityMix,Hour,UTC,Providing,Current,14292660,14292660,0.234412,3137995,0.2195585
"2026-01-24 00:00:00","2026-01-24 01:00:00",Nederland,ElectricityMix,Hour,UTC,Providing,Current,13973828,13973828,0.22918225,3109285,0.22251825
"2026-01-24 01:00:00","2026-01-24 02:00:00",Nederland,ElectricityMix,Hour,UTC,Providing,Current,13408462,13408462,0.21990925,2923677,0.21804275
"2026-01-24 02:00:00","2026-01-24 03:00:00",Nederland,ElectricityMix,Hour,UTC,Providing,Current,13386400,13386400,0.21954675,2855923,0.213371
"2026-01-24 03:00:00","2026-01-24 04:00:00",Nederland,ElectricityMix,Hour,UTC,Providing,Current,12765505,12765505,0.20936325,2772816,0.2172165
"2026-01-24 04:00:00","2026-01-24 05:00:00",Nederland,ElectricityMix,Hour,UTC,Providing,Current,12632783,12632783,0.207186,2887649,0.22862225
"2026-01-24 05:00:00","2026-01-24 06:00:00",Nederland,ElectricityMix,Hour,UTC,Providing,Current,13181020,13181020,0.216177,3314550,0.25139725
"2026-01-24 06:00:00","2026-01-24 07:00:00",Nederland,ElectricityMix,Hour,UTC,Providing,Current,14277125,14277125,0.23415325,3841204,0.26900025
"2026-01-24 07:00:00","2026-01-24 08:00:00",Nederland,ElectricityMix,Hour,UTC,Providing,Current,16285769,16285769,0.2670955,4702952,0.28868075
"2026-01-24 08:00:00","2026-01-24 09:00:00",Nederland,ElectricityMix,Hour,UTC,Providing,Current,17147420,17147420,0.281226,4945933,0.288589
"2026-01-24 09:00:00","2026-01-24 10:00:00",Nederland,ElectricityMix,Hour,UTC,Providing,Current,19152769,19152769,0.31411425,4782273,0.25011225
"2026-01-24 10:00:00","2026-01-24 11:00:00",Nederland,ElectricityMix,Hour,UTC,Providing,Current,21255470,21255470,0.3485985,4643824,0.2186555
"2026-01-24 11:00:00","2026-01-24 12:00:00",Nederland,ElectricityMix,Hour,UTC,Providing,Current,22459060,22459060,0.36833675,4541712,0.20223875
"2026-01-24 12:00:00","2026-01-24 13:00:00",Nederland,ElectricityMix,Hour,UTC,Providing,Current,22573061,22573061,0.37020575,4238608,0.1877655
"2026-01-24 13:00:00","2026-01-24 14:00:00",Nederland,ElectricityMix,Hour,UTC,Providing,Current,22298537,22298537,0.3657025,4460724,0.2000605
"2026-01-24 14:00:00","2026-01-24 15:00:00",Nederland,ElectricityMix,Hour,UTC,Providing,Current,20650675,20650675,0.3386765,4733858,0.22956475
"2026-01-24 15:00:00","2026-01-24 16:00:00",Nederland,ElectricityMix,Hour,UTC,Providing,Current,18976258,18976258,0.311215,5020920,0.26505475
"2026-01-24 16:00:00","2026-01-24 17:00:00",Nederland,ElectricityMix,Hour,UTC,Providing,Current,17949097,17949097,0.29436825,5169560,0.2880285
"2026-01-24 17:00:00","2026-01-24 18:00:00",Nederland,ElectricityMix,Hour,UTC,Providing,Current,18639755,18639755,0.3056945,5212064,0.27963875
"2026-01-24 18:00:00","2026-01-24 19:00:00",Nederland,ElectricityMix,Hour,UTC,Providing,Current,18849162,18849162,0.309128,5174503,0.2745225
"2026-01-24 19:00:00","2026-01-24 20:00:00",Nederland,ElectricityMix,Hour,UTC,Providing,Current,18150036,18150036,0.2976615,4959046,0.273187
"2026-01-24 20:00:00","2026-01-24 21:00:00",Nederland,ElectricityMix,Hour,UTC,Providing,Current,16798360,16798360,0.27549325,4509561,0.26844925
"2026-01-24 21:00:00","2026-01-24 22:00:00",Nederland,ElectricityMix,Hour,UTC,Providing,Current,15997809,15997809,0.26236325,4226598,0.2642085
"2026-01-24 22:00:00","2026-01-24 23:00:00",Nederland,ElectricityMix,Hour,UTC,Providing,Current,14256093,14256093,0.233799,3902749,0.27381775
"2026-01-24 23:00:00","2026-01-25 00:00:00",Nederland,ElectricityMix,Hour,UTC,Providing,Current,13247403,13247403,0.21725575,3642938,0.27498225
"2026-01-25 00:00:00","2026-01-25 01:00:00",Nederland,ElectricityMix,Hour,UTC,Providing,Current,12833818,12833818,0.21047275,3567712,0.278024
"2026-01-25 01:00:00","2026-01-25 02:00:00",Nederland,ElectricityMix,Hour,UTC,Providing,Current,12553455,12553455,0.20587425,3538116,0.28184725
"2026-01-25 02:00:00","2026-01-25 03:00:00",Nederland,ElectricityMix,Hour,UTC,Providing,Current,12952959,12952959,0.21242525,3510799,0.271114
"2026-01-25 03:00:00","2026-01-25 04:00:00",Nederland,ElectricityMix,Hour,UTC,Providing,Current,13216233,13216233,0.2167425,3483791,0.26359875
"2026-01-25 04:00:00","2026-01-25 05:00:00",Nederland,ElectricityMix,Hour,UTC,Providing,Current,13278961,13278961,0.2177705,3443255,0.2592995
"2026-01-25 05:00:00","2026-01-25 06:00:00",Nederland,ElectricityMix,Hour,UTC,Providing,Current,14518618,14518618,0.23810025,3693501,0.2544405
"2026-01-25 06:00:00","2026-01-25 07:00:00",Nederland,ElectricityMix,Hour,UTC,Providing,Current,15515601,15515601,0.25444975,3890006,0.250696
"2026-01-25 07:00:00","2026-01-25 08:00:00",Nederland,ElectricityMix,Hour,UTC,Providing,Current,17016403,17016403,0.27906125,4483220,0.2634285
"2026-01-25 08:00:00","2026-01-25 09:00:00",Nederland,ElectricityMix,Hour,UTC,Providing,Current,18455183,18455183,0.302656,4786745,0.259503
"2026-01-25 09:00:00","2026-01-25 10:00:00",Nederland,ElectricityMix,Hour,UTC,Providing,Current,20469814,20469814,0.335694,4762763,0.23281725
"2026-01-25 10:00:00","2026-01-25 11:00:00",Nederland,ElectricityMix,Hour,UTC,Providing,Current,22103824,22103824,0.3624905,4742798,0.21465325
"2026-01-25 11:00:00","2026-01-25 12:00:00",Nederland,ElectricityMix,Hour,UTC,Providing,Current,23025906,23025906,0.377611,4779620,0.207577
"2026-01-25 12:00:00","2026-01-25 13:00:00",Nederland,ElectricityMix,Hour,UTC,Providing,Current,22541405,22541405,0.3696645,4772470,0.21174575
"2026-01-25 13:00:00","2026-01-25 14:00:00",Nederland,ElectricityMix,Hour,UTC,Providing,Current,21253010,21253010,0.34853475,4743050,0.223243
"2026-01-25 14:00:00","2026-01-25 15:00:00",Nederland,ElectricityMix,Hour,UTC,Providing,Current,19815660,19815660,0.3249625,4705716,0.23753725
"2026-01-25 15:00:00","2026-01-25 16:00:00",Nederland,ElectricityMix,Hour,UTC,Providing,Current,19342790,19342790,0.317207,5152647,0.26663475
"2026-01-25 16:00:00","2026-01-25 17:00:00",Nederland,ElectricityMix,Hour,UTC,Providing,Current,18249326,18249326,0.29927425,5601992,0.30697875
"2026-01-25 17:00:00","2026-01-25 18:00:00",Nederland,ElectricityMix,Hour,UTC,Providing,Current,18186832,18186832,0.29824875,5561646,0.30581
"2026-01-25 18:00:00","2026-01-25 19:00:00",Nederland,ElectricityMix,Hour,UTC,Providing,Current,18014062,18014062,0.29541475,5608165,0.3113555
"2026-01-25 19:00:00","2026-01-25 20:00:00",Nederland,ElectricityMix,Hour,UTC,Providing,Current,17174769,17174769,0.28165025,5620870,0.32732375
"2026-01-25 20:00:00","2026-01-25 21:00:00",Nederland,ElectricityMix,Hour,UTC,Providing,Current,15936924,15936924,0.26135,5391633,0.3383305
"2026-01-25 21:00:00","2026-01-25 22:00:00",Nederland,ElectricityMix,Hour,UTC,Providing,Current,14901918,14901918,0.2443765,5057485,0.33939475
"2026-01-25 22:00:00","2026-01-25 23:00:00",Nederland,ElectricityMix,Hour,UTC,Providing,Current,13622733,13622733,0.2233985,4679171,0.34350275
"2026-01-25 23:00:00","2026-01-26 00:00:00",Nederland,ElectricityMix,Hour,UTC,Providing,Current,12346110,12346110,0.20246275,4271854,0.34601525
"2026-01-26 00:00:00","2026-01-26 01:00:00",Nederland,ElectricityMix,Hour,UTC,Providing,Current,12212367,12212367,0.20026925,4180447,0.34231075
"2026-01-26 01:00:00","2026-01-26 02:00:00",Nederland,ElectricityMix,Hour,UTC,Providing,Current,12202915,12202915,0.20011375,4172563,0.341936
"2026-01-26 02:00:00","2026-01-26 03:00:00",Nederland,ElectricityMix,Hour,UTC,Providing,Current,12080884,12080884,0.19811175,4079325,0.33766425
"2026-01-26 03:00:00","2026-01-26 04:00:00",Nederland,ElectricityMix,Hour,UTC,Providing,Current,12332557,12332557,0.2022385,4200929,0.34063325
"2026-01-26 04:00:00","2026-01-26 05:00:00",Nederland,ElectricityMix,Hour,UTC,Providing,Current,13535534,13535534,0.22196525,4631793,0.34214925
"2026-01-26 05:00:00","2026-01-26 06:00:00",Nederland,ElectricityMix,Hour,UTC,Providing,Current,16222160,16222160,0.2660215,5695612,0.3509475
"2026-01-26 06:00:00","2026-01-26 07:00:00",Nederland,ElectricityMix,Hour,UTC,Providing,Current,19111449,19111449,0.3134015,6737398,0.3525595
"2026-01-26 07:00:00","2026-01-26 08:00:00",Nederland,ElectricityMix,Hour,UTC,Providing,Current,19289520,19289520,0.316321,6743991,0.349618
"2026-01-26 08:00:00","2026-01-26 09:00:00",Nederland,ElectricityMix,Hour,UTC,Providing,Current,19478494,19478494,0.31941875,6624414,0.340102
"2026-01-26 09:00:00","2026-01-26 10:00:00",Nederland,ElectricityMix,Hour,UTC,Providing,Current,20080976,20080976,0.329298,6503796,0.32395425
"2026-01-26 10:00:00","2026-01-26 11:00:00",Nederland,ElectricityMix,Hour,UTC,Providing,Current,21190911,21190911,0.34749825,6516869,0.307558
"2026-01-26 11:00:00","2026-01-26 12:00:00",Nederland,ElectricityMix,Hour,UTC,Providing,Current,21828805,21828805,0.357958,6493496,0.297501
"2026-01-26 12:00:00","2026-01-26 13:00:00",Nederland,ElectricityMix,Hour,UTC,Providing,Current,21689944,21689944,0.35568,6314676,0.29113725
"2026-01-26 13:00:00","2026-01-26 14:00:00",Nederland,ElectricityMix,Hour,UTC,Providing,Current,21178645,21178645,0.3472945,6374186,0.30102575
"2026-01-26 14:00:00","2026-01-26 15:00:00",Nederland,ElectricityMix,Hour,UTC,Providing,Current,20164047,20164047,0.33065625,6470048,0.320928
"2026-01-26 15:00:00","2026-01-26 16:00:00",Nederland,ElectricityMix,Hour,UTC,Providing,Current,19261310,19261310,0.315852,6629848,0.34421975
"2026-01-26 16:00:00","2026-01-26 17:00:00",Nederland,ElectricityMix,Hour,UTC,Providing,Current,18195347,18195347,0.29837125,6367554,0.3499785
"2026-01-26 17:00:00","2026-01-26 18:00:00",Nederland,ElectricityMix,Hour,UTC,Providing,Current,18004218,18004218,0.29523625,6490024,0.36046325
"2026-01-26 18:00:00","2026-01-26 19:00:00",Nederland,ElectricityMix,Hour,UTC,Providing,Current,18445095,18445095,0.30246525,6759830,0.36648475
"2026-01-26 19:00:00","2026-01-26 20:00:00",Nederland,ElectricityMix,Hour,UTC,Providing,Current,18358533,18358533,0.301045,6835059,0.3723085
"2026-01-26 20:00:00","2026-01-26 21:00:00",Nederland,ElectricityMix,Hour,UTC,Providing,Current,18376139,18376139,0.301333,6897866,0.37537375
"2026-01-26 21:00:00","2026-01-26 22:00:00",Nederland,ElectricityMix,Hour,UTC,Providing,Current,18159618,18159618,0.29778175,6750488,0.37171875
"2026-01-26 22:00:00","2026-01-26 23:00:00",Nederland,ElectricityMix,Hour,UTC,Providing,Current,16021193,16021193,0.26271525,5804098,0.36219
"2026-01-26 23:00:00","2026-01-27 00:00:00",Nederland,ElectricityMix,Hour,UTC,Providing,Current,14121306,14121306,0.23156025,4976497,0.35239625
"2026-01-27 00:00:00","2026-01-27 01:00:00",Nederland,ElectricityMix,Hour,UTC,Providing,Current,13871885,13871885,0.22746975,4761444,0.3432775
"2026-01-27 01:00:00","2026-01-27 02:00:00",Nederland,ElectricityMix,Hour,UTC,Providing,Current,14544340,14544340,0.238496,4730434,0.32527775
"2026-01-27 02:00:00","2026-01-27 03:00:00",Nederland,ElectricityMix,Hour,UTC,Providing,Current,14966206,14966206,0.245413,4579316,0.30601325
"2026-01-27 03:00:00","2026-01-27 04:00:00",Nederland,ElectricityMix,Hour,UTC,Providing,Current,15730153,15730153,0.2579395,4569297,0.290554
"2026-01-27 04:00:00","2026-01-27 05:00:00",Nederland,ElectricityMix,Hour,UTC,Providing,Current,17338694,17338694,0.284315,4708299,0.271677
"2026-01-27 05:00:00","2026-01-27 06:00:00",Nederland,ElectricityMix,Hour,UTC,Providing,Current,20908963,20908963,0.3428585,5625856,0.26906425
"2026-01-27 06:00:00","2026-01-27 07:00:00",Nederland,ElectricityMix,Hour,UTC,Providing,Current,22344204,22344204,0.3663925,5982013,0.2677205
"2026-01-27 07:00:00","2026-01-27 08:00:00",Nederland,ElectricityMix,Hour,UTC,Providing,Current,23646455,23646455,0.387745,6152260,0.2601825
"2026-01-27 08:00:00","2026-01-27 09:00:00",Nederland,ElectricityMix,Hour,UTC,Providing,Current,24632759,24632759,0.4039175,6331783,0.257072
"2026-01-27 09:00:00","2026-01-27 10:00:00",Nederland,ElectricityMix,Hour,UTC,Providing,Current,25521103,25521103,0.418483,6372063,0.24969875
"2026-01-27 10:00:00","2026-01-27 11:00:00",Nederland,ElectricityMix,Hour,UTC,Providing,Current,26211072,26211072,0.4297955,6249195,0.23844825
"2026-01-27 11:00:00","2026-01-27 12:00:00",Nederland,ElectricityMix,Hour,UTC,Providing,Current,26600976,26600976,0.436188,5876822,0.22093575
"2026-01-27 12:00:00","2026-01-27 13:00:00",Nederland,ElectricityMix,Hour,UTC,Providing,Current,26839124,26839124,0.440092,5649062,0.21048475
"2026-01-27 13:00:00","2026-01-27 14:00:00",Nederland,ElectricityMix,Hour,UTC,Providing,Current,26822999,26822999,0.4398265,5539338,0.20652425
"2026-01-27 14:00:00","2026-01-27 15:00:00",Nederland,ElectricityMix,Hour,UTC,Providing,Current,25621258,25621258,0.42012025,5880889,0.229663
"2026-01-27 15:00:00","2026-01-27 16:00:00",Nederland,ElectricityMix,Hour,UTC,Providing,Current,24552631,24552631,0.40259625,6127440,0.24962275
"2026-01-27 16:00:00","2026-01-27 17:00:00",Nederland,ElectricityMix,Hour,UTC,Providing,Current,23579478,23579478,0.3866385,6133097,0.26010325
"2026-01-27 17:00:00","2026-01-27 18:00:00",Nederland,ElectricityMix,Hour,UTC,Providing,Current,23091410,23091410,0.3786345,6134429,0.265676
"2026-01-27 18:00:00","2026-01-27 19:00:00",Nederland,ElectricityMix,Hour,UTC,Providing,Current,21892135,21892135,0.358969,6006746,0.27443575
"2026-01-27 19:00:00","2026-01-27 20:00:00",Nederland,ElectricityMix,Hour,UTC,Providing,Current,19919578,19919578,0.32662375,5620830,0.28220625
"2026-01-27 20:00:00","2026-01-27 21:00:00",Nederland,ElectricityMix,Hour,UTC,Providing,Current,18421905,18421905,0.3020655,5445556,0.29567425
"2026-01-27 21:00:00","2026-01-27 22:00:00",Nederland,ElectricityMix,Hour,UTC,Providing,Current,17369284,17369284,0.28480475,5365298,0.30890875
"2026-01-27 22:00:00","2026-01-27 23:00:00",Nederland,ElectricityMix,Hour,UTC,Providing,Current,15622964,15622964,0.25617,4851529,0.31056475
"2026-01-27 23:00:00","2026-01-28 00:00:00",Nederland,ElectricityMix,Hour,UTC,Providing,Current,14950860,14950860,0.2451485,4900658,0.327845
"2026-01-28 00:00:00","2026-01-28 01:00:00",Nederland,ElectricityMix,Hour,UTC,Providing,Current,14471384,14471384,0.237286,4900331,0.33862525
"2026-01-28 01:00:00","2026-01-28 02:00:00",Nederland,ElectricityMix,Hour,UTC,Providing,Current,14436093,14436093,0.23670675,4967141,0.344081
"2026-01-28 02:00:00","2026-01-28 03:00:00",Nederland,ElectricityMix,Hour,UTC,Providing,Current,14344859,14344859,0.23521025,4939114,0.3443125
"2026-01-28 03:00:00","2026-01-28 04:00:00",Nederland,ElectricityMix,Hour,UTC,Providing,Current,14485971,14485971,0.2375235,5058498,0.349194
"2026-01-28 04:00:00","2026-01-28 05:00:00",Nederland,ElectricityMix,Hour,UTC,Providing,Current,15260901,15260901,0.25022925,5428302,0.355641
"2026-01-28 05:00:00","2026-01-28 06:00:00",Nederland,ElectricityMix,Hour,UTC,Providing,Current,17927617,17927617,0.293954,6461008,0.360387
"2026-01-28 06:00:00","2026-01-28 07:00:00",Nederland,ElectricityMix,Hour,UTC,Providing,Current,19108602,19108602,0.31331725,6813580,0.35658075
"2026-01-28 07:00:00","2026-01-28 08:00:00",Nederland,ElectricityMix,Hour,UTC,Providing,Current,20009444,20009444,0.3280875,7077076,0.35368825
"2026-01-28 08:00:00","2026-01-28 09:00:00",Nederland,ElectricityMix,Hour,UTC,Providing,Current,20459053,20459053,0.3354585,7100105,0.34709175
"2026-01-28 09:00:00","2026-01-28 10:00:00",Nederland,ElectricityMix,Hour,UTC,Providing,Current,21353566,21353566,0.35012475,7051454,0.3302845
"2026-01-28 10:00:00","2026-01-28 11:00:00",Nederland,ElectricityMix,Hour,UTC,Providing,Current,21996021,21996021,0.36065775,7049490,0.32049525
"2026-01-28 11:00:00","2026-01-28 12:00:00",Nederland,ElectricityMix,Hour,UTC,Providing,Current,21866855,21866855,0.358539,7006538,0.32042525
"2026-01-28 12:00:00","2026-01-28 13:00:00",Nederland,ElectricityMix,Hour,UTC,Providing,Current,21838592,21838592,0.358075,7013296,0.32114375
"2026-01-28 13:00:00","2026-01-28 14:00:00",Nederland,ElectricityMix,Hour,UTC,Providing,Current,21907336,21907336,0.35920125,6973645,0.31834325
"2026-01-28 14:00:00","2026-01-28 15:00:00",Nederland,ElectricityMix,Hour,UTC,Providing,Current,22180355,22180355,0.36367675,6952295,0.31345475
"2026-01-28 15:00:00","2026-01-28 16:00:00",Nederland,ElectricityMix,Hour,UTC,Providing,Current,21616675,21616675,0.35443375,6992098,0.323477
"2026-01-28 16:00:00","2026-01-28 17:00:00",Nederland,ElectricityMix,Hour,UTC,Providing,Current,21812075,21812075,0.35763675,7131271,0.3269415
"2026-01-28 17:00:00","2026-01-28 18:00:00",Nederland,ElectricityMix,Hour,UTC,Providing,Current,21959792,21959792,0.36005775,7103673,0.32349125
"2026-01-28 18:00:00","2026-01-28 19:00:00",Nederland,ElectricityMix,Hour,UTC,Providing,Current,22103448,22103448,0.362412,7090403,0.3207835
"2026-01-28 19:00:00","2026-01-28 20:00:00",Nederland,ElectricityMix,Hour,UTC,Providing,Current,22192148,22192148,0.36386575,7009693,0.3158685
"2026-01-28 20:00:00","2026-01-28 21:00:00",Nederland,ElectricityMix,Hour,UTC,Providing,Current,21413558,21413558,0.35109875,6707880,0.313263
"2026-01-28 21:00:00","2026-01-28 22:00:00",Nederland,ElectricityMix,Hour,UTC,Providing,Current,20213849,20213849,0.3314275,6348534,0.3140505
"2026-01-28 22:00:00","2026-01-28 23:00:00",Nederland,ElectricityMix,Hour,UTC,Providing,Current,19437652,19437652,0.31870025,5985461,0.3079245
"2026-01-28 23:00:00","2026-01-29 00:00:00",Nederland,ElectricityMix,Hour,UTC,Providing,Current,18421150,18421150,0.30203275,5716093,0.310334
"2026-01-29 00:00:00","2026-01-29 01:00:00",Nederland,ElectricityMix,Hour,UTC,Providing,Current,17546201,17546201,0.2876865,5589642,0.31857925
"2026-01-29 01:00:00","2026-01-29 02:00:00",Nederland,ElectricityMix,Hour,UTC,Providing,Current,17415919,17415919,0.28554975,5604451,0.3218065
"2026-01-29 02:00:00","2026-01-29 03:00:00",Nederland,ElectricityMix,Hour,UTC,Providing,Current,17264775,17264775,0.283071,5656399,0.327627
"2026-01-29 03:00:00","2026-01-29 04:00:00",Nederland,ElectricityMix,Hour,UTC,Providing,Current,17250022,17250022,0.28282825,5704436,0.3306945
"2026-01-29 04:00:00","2026-01-29 05:00:00",Nederland,ElectricityMix,Hour,UTC,Providing,Current,17451481,17451481,0.28613075,5808690,0.33284575
"2026-01-29 05:00:00","2026-01-29 06:00:00",Nederland,ElectricityMix,Hour,UTC,Providing,Current,19393696,19393696,0.31797375,6577582,0.33906525
"2026-01-29 06:00:00","2026-01-29 07:00:00",Nederland,ElectricityMix,Hour,UTC,Providing,Current,20716127,20716127,0.33965525,7098174,0.34264025
"2026-01-29 07:00:00","2026-01-29 08:00:00",Nederland,ElectricityMix,Hour,UTC,Providing,Current,20855942,20855942,0.341947,7161751,0.34339175
"2026-01-29 08:00:00","2026-01-29 09:00:00",Nederland,ElectricityMix,Hour,UTC,Providing,Current,21337386,21337386,0.3498395,7182053,0.33666925
"2026-01-29 09:00:00","2026-01-29 10:00:00",Nederland,ElectricityMix,Hour,UTC,Providing,Current,22470427,22470427,0.36841575,7132468,0.31747275
"2026-01-29 10:00:00","2026-01-29 11:00:00",Nederland,ElectricityMix,Hour,UTC,Providing,Current,23366432,23366432,0.38310525,7152575,0.306122
"2026-01-29 11:00:00","2026-01-29 12:00:00",Nederland,ElectricityMix,Hour,UTC,Providing,Current,23425431,23425431,0.3840715,7134016,0.30454825
"2026-01-29 12:00:00","2026-01-29 13:00:00",Nederland,ElectricityMix,Hour,UTC,Providing,Current,23058545,23058545,0.3780555,7201293,0.312316
"2026-01-29 13:00:00","2026-01-29 14:00:00",Nederland,ElectricityMix,Hour,UTC,Providing,Current,22474449,22474449,0.36847775,7180330,0.31950775
"2026-01-29 14:00:00","2026-01-29 15:00:00",Nederland,ElectricityMix,Hour,UTC,Providing,Current,21826992,21826992,0.3578615,7183312,0.32912675
"2026-01-29 15:00:00","2026-01-29 16:00:00",Nederland,ElectricityMix,Hour,UTC,Providing,Current,21132928,21132928,0.3464815,7181110,0.3398345
"2026-01-29 16:00:00","2026-01-29 17:00:00",Nederland,ElectricityMix,Hour,UTC,Providing,Current,20727614,20727614,0.33983525,7259014,0.3502105
"2026-01-29 17:00:00","2026-01-29 18:00:00",Nederland,ElectricityMix,Hour,UTC,Providing,Current,20923986,20923986,0.343054,7287506,0.3482865
"2026-01-29 18:00:00","2026-01-29 19:00:00",Nederland,ElectricityMix,Hour,UTC,Providing,Current,20744759,20744759,0.34011475,7180104,0.346118
"2026-01-29 19:00:00","2026-01-29 20:00:00",Nederland,ElectricityMix,Hour,UTC,Providing,Current,19973044,19973044,0.32746125,6735173,0.337137
"2026-01-29 20:00:00","2026-01-29 21:00:00",Nederland,ElectricityMix,Hour,UTC,Providing,Current,19545680,19545680,0.320454,6437653,0.32935425
"2026-01-29 21:00:00","2026-01-29 22:00:00",Nederland,ElectricityMix,Hour,UTC,Providing,Current,18564564,18564564,0.3043675,5959228,0.32089575
"2026-01-29 22:00:00","2026-01-29 23:00:00",Nederland,ElectricityMix,Hour,UTC,Providing,Current,16689184,16689184,0.27362,5149563,0.30855075
"2026-01-29 23:00:00","2026-01-30 00:00:00",Nederland,ElectricityMix,Hour,UTC,Providing,Current,16123711,16123711,0.26434825,4975261,0.30857225
"2026-01-30 00:00:00","2026-01-30 01:00:00",Nederland,ElectricityMix,Hour,UTC,Providing,Current,15624584,15624584,0.25616425,4831447,0.309222
"2026-01-30 01:00:00","2026-01-30 02:00:00",Nederland,ElectricityMix,Hour,UTC,Providing,Current,15558359,15558359,0.255078,4789148,0.30781775
"2026-01-30 02:00:00","2026-01-30 03:00:00",Nederland,ElectricityMix,Hour,UTC,Providing,Current,15731446,15731446,0.257915,4753184,0.3021475
"2026-01-30 03:00:00","2026-01-30 04:00:00",Nederland,ElectricityMix,Hour,UTC,Providing,Current,15873578,15873578,0.26024475,4809799,0.30300625
"2026-01-30 04:00:00","2026-01-30 05:00:00",Nederland,ElectricityMix,Hour,UTC,Providing,Current,16775878,16775878,0.275037,4947757,0.29496975
"2026-01-30 05:00:00","2026-01-30 06:00:00",Nederland,ElectricityMix,Hour,UTC,Providing,Current,19169242,19169242,0.314275,5633023,0.29380775
"2026-01-30 06:00:00","2026-01-30 07:00:00",Nederland,ElectricityMix,Hour,UTC,Providing,Current,21497728,21497728,0.352449,6365311,0.296096
"2026-01-30 07:00:00","2026-01-30 08:00:00",Nederland,ElectricityMix,Hour,UTC,Providing,Current,22049910,22049910,0.36150125,6429958,0.29161575
"2026-01-30 08:00:00","2026-01-30 09:00:00",Nederland,ElectricityMix,Hour,UTC,Providing,Current,23447869,23447869,0.384419,6498540,0.2773185
"2026-01-30 09:00:00","2026-01-30 10:00:00",Nederland,ElectricityMix,Hour,UTC,Providing,Current,26038709,26038709,0.42689425,6447906,0.24778875
"2026-01-30 10:00:00","2026-01-30 11:00:00",Nederland,ElectricityMix,Hour,UTC,Providing,Current,28105556,28105556,0.460778,6279330,0.22355
"2026-01-30 11:00:00","2026-01-30 12:00:00",Nederland,ElectricityMix,Hour,UTC,Providing,Current,28692965,28692965,0.4704075,5920699,0.20634475
"2026-01-30 12:00:00","2026-01-30 13:00:00",Nederland,ElectricityMix,Hour,UTC,Providing,Current,27660751,27660751,0.4534835,5450389,0.19703675
"2026-01-30 13:00:00","2026-01-30 14:00:00",Nederland,ElectricityMix,Hour,UTC,Providing,Current,26840704,26840704,0.440038,5294832,0.19726875
"2026-01-30 14:00:00","2026-01-30 15:00:00",Nederland,ElectricityMix,Hour,UTC,Providing,Current,25118702,25118702,0.41180575,5680997,0.22680975
"2026-01-30 15:00:00","2026-01-30 16:00:00",Nederland,ElectricityMix,Hour,UTC,Providing,Current,22938772,22938772,0.37606625,5916754,0.258005
"2026-01-30 16:00:00","2026-01-30 17:00:00",Nederland,ElectricityMix,Hour,UTC,Providing,Current,21860895,21860895,0.3583945,6087487,0.27849875
"2026-01-30 17:00:00","2026-01-30 18:00:00",Nederland,ElectricityMix,Hour,UTC,Providing,Current,21352499,21352499,0.35005875,6017773,0.2818255
"2026-01-30 18:00:00","2026-01-30 19:00:00",Nederland,ElectricityMix,Hour,UTC,Providing,Current,20073451,20073451,0.329089,5370536,0.26750975
"2026-01-30 19:00:00","2026-01-30 20:00:00",Nederland,ElectricityMix,Hour,UTC,Providing,Current,18308772,18308772,0.3001575,4595443,0.25090775
"2026-01-30 20:00:00","2026-01-30 21:00:00",Nederland,ElectricityMix,Hour,UTC,Providing,Current,16464211,16464211,0.26991675,3946678,0.239698
"2026-01-30 21:00:00","2026-01-30 22:00:00",Nederland,ElectricityMix,Hour,UTC,Providing,Current,15767550,15767550,0.258495,3612079,0.229079
"2026-01-30 22:00:00","2026-01-30 23:00:00",Nederland,ElectricityMix,Hour,UTC,Providing,Current,15091961,15091961,0.2474185,3325707,0.2203635
"2026-01-30 23:00:00","2026-01-31 00:00:00",Nederland,ElectricityMix,Hour,UTC,Providing,Current,15099224,15099224,0.247537,3366565,0.22297075
"2026-01-31 00:00:00","2026-01-31 01:00:00",Nederland,ElectricityMix,Hour,UTC,Providing,Current,15122828,15122828,0.2479235,3402768,0.22500875
"2026-01-31 01:00:00","2026-01-31 02:00:00",Nederland,ElectricityMix,Hour,UTC,Providing,Current,14623596,14623596,0.2397385,3358504,0.229706
"2026-01-31 02:00:00","2026-01-31 03:00:00",Nederland,ElectricityMix,Hour,UTC,Providing,Current,14108662,14108662,0.231296,3353441,0.23769425
"2026-01-31 03:00:00","2026-01-31 04:00:00",Nederland,ElectricityMix,Hour,UTC,Providing,Current,14026860,14026860,0.2299545,3407171,0.24291825
"2026-01-31 04:00:00","2026-01-31 05:00:00",Nederland,ElectricityMix,Hour,UTC,Providing,Current,13958269,13958269,0.2288295,3611287,0.25877475
"2026-01-31 05:00:00","2026-01-31 06:00:00",Nederland,ElectricityMix,Hour,UTC,Providing,Current,13944011,13944011,0.228595,3893902,0.2792525
"2026-01-31 06:00:00","2026-01-31 07:00:00",Nederland,ElectricityMix,Hour,UTC,Providing,Current,14679576,14679576,0.24065325,4287449,0.29206375
"2026-01-31 07:00:00","2026-01-31 08:00:00",Nederland,ElectricityMix,Hour,UTC,Providing,Current,15978322,15978322,0.26194375,4913260,0.30743
"2026-01-31 08:00:00","2026-01-31 09:00:00",Nederland,ElectricityMix,Hour,UTC,Providing,Current,16957434,16957434,0.27799425,5242764,0.3092045
"2026-01-31 09:00:00","2026-01-31 10:00:00",Nederland,ElectricityMix,Hour,UTC,Providing,Current,17406807,17406807,0.28536075,5293681,0.30412625
"2026-01-31 10:00:00","2026-01-31 11:00:00",Nederland,ElectricityMix,Hour,UTC,Providing,Current,17926627,17926627,0.29388175,5247779,0.29281725
"2026-01-31 11:00:00","2026-01-31 12:00:00",Nederland,ElectricityMix,Hour,UTC,Providing,Current,18090235,18090235,0.296563,5033804,0.27826575
"2026-01-31 12:00:00","2026-01-31 13:00:00",Nederland,ElectricityMix,Hour,UTC,Providing,Current,18649565,18649565,0.3057315,5021225,0.26930775
"2026-01-31 13:00:00","2026-01-31 14:00:00",Nederland,ElectricityMix,Hour,UTC,Providing,Current,18868048,18868048,0.30931275,5069343,0.2688395
"2026-01-31 14:00:00","2026-01-31 15:00:00",Nederland,ElectricityMix,Hour,UTC,Providing,Current,17705341,17705341,0.290251,5362067,0.302849
"2026-01-31 15:00:00","2026-01-31 16:00:00",Nederland,ElectricityMix,Hour,UTC,Providing,Current,17398251,17398251,0.28521625,5791568,0.33294975
"2026-01-31 16:00:00","2026-01-31 17:00:00",Nederland,ElectricityMix,Hour,UTC,Providing,Current,16775065,16775065,0.27499925,5888929,0.3510555
"2026-01-31 17:00:00","2026-01-31 18:00:00",Nederland,ElectricityMix,Hour,UTC,Providing,Current,16875275,16875275,0.2766415,5880742,0.3484845
"2026-01-31 18:00:00","2026-01-31 19:00:00",Nederland,ElectricityMix,Hour,UTC,Providing,Current,16793362,16793362,0.275298,5808357,0.34587075
"2026-01-31 19:00:00","2026-01-31 20:00:00",Nederland,ElectricityMix,Hour,UTC,Providing,Current,16661233,16661233,0.2731315,5715985,0.34306775
"2026-01-31 20:00:00","2026-01-31 21:00:00",Nederland,ElectricityMix,Hour,UTC,Providing,Current,15105862,15105862,0.24763325,5146810,0.340706
"2026-01-31 21:00:00","2026-01-31 22:00:00",Nederland,ElectricityMix,Hour,UTC,Providing,Current,14158283,14158283,0.2320985,4881776,0.34480975
"2026-01-31 22:00:00","2026-01-31 23:00:00",Nederland,ElectricityMix,Hour,UTC,Providing,Current,13315870,13315870,0.2182885,4664758,0.3503265
"2026-01-31 23:00:00","2026-02-01 00:00:00",Nederland,ElectricityMix,Hour,UTC,Providing,Current,13111889,13111889,0.214944,4619233,0.352295
"2026-02-01 00:00:00","2026-02-01 01:00:00",Nederland,ElectricityMix,Hour,UTC,Providing,Current,12509450,12509450,0.2050675,4413200,0.35278
"2026-02-01 01:00:00","2026-02-01 02:00:00",Nederland,ElectricityMix,Hour,UTC,Providing,Current,12517001,12517001,0.20519075,4343433,0.34700275
"2026-02-01 02:00:00","2026-02-01 03:00:00",Nederland,ElectricityMix,Hour,UTC,Providing,Current,12865063,12865063,0.21089625,4386542,0.34097125
"2026-02-01 03:00:00","2026-02-01 04:00:00",Nederland,ElectricityMix,Hour,UTC,Providing,Current,12970200,12970200,0.212619,4382393,0.3378835
"2026-02-01 04:00:00","2026-02-01 05:00:00",Nederland,ElectricityMix,Hour,UTC,Providing,Current,13024487,13024487,0.2135085,4368178,0.3353825
"2026-02-01 05:00:00","2026-02-01 06:00:00",Nederland,ElectricityMix,Hour,UTC,Providing,Current,13419945,13419945,0.21999075,4495506,0.334985
"2026-02-01 06:00:00","2026-02-01 07:00:00",Nederland,ElectricityMix,Hour,UTC,Providing,Current,14193629,14193629,0.23267275,4617119,0.325334
"2026-02-01 07:00:00","2026-02-01 08:00:00",Nederland,ElectricityMix,Hour,UTC,Providing,Current,15080954,15080954,0.247218,4846979,0.3214025
"2026-02-01 08:00:00","2026-02-01 09:00:00",Nederland,ElectricityMix,Hour,UTC,Providing,Current,16310716,16310716,0.2673765,4951326,0.30387375
"2026-02-01 09:00:00","2026-02-01 10:00:00",Nederland,ElectricityMix,Hour,UTC,Providing,Current,18152940,18152940,0.2975745,4876323,0.26879875
"2026-02-01 10:00:00","2026-02-01 11:00:00",Nederland,ElectricityMix,Hour,UTC,Providing,Current,19193372,19193372,0.31462925,4710907,0.245562
"2026-02-01 11:00:00","2026-02-01 12:00:00",Nederland,ElectricityMix,Hour,UTC,Providing,Current,19922295,19922295,0.3265775,4778230,0.23984775
"2026-02-01 12:00:00","2026-02-01 13:00:00",Nederland,ElectricityMix,Hour,UTC,Providing,Current,19414151,19414151,0.31824725,4750053,0.24475175
"2026-02-01 13:00:00","2026-02-01 14:00:00",Nederland,ElectricityMix,Hour,UTC,Providing,Current,18081533,18081533,0.29640125,4719060,0.26102
"2026-02-01 14:00:00","2026-02-01 15:00:00",Nederland,ElectricityMix,Hour,UTC,Providing,Current,17130623,17130623,0.28081275,4719054,0.275572
"2026-02-01 15:00:00","2026-02-01 16:00:00",Nederland,ElectricityMix,Hour,UTC,Providing,Current,17264879,17264879,0.28301275,5364214,0.3107265
"2026-02-01 16:00:00","2026-02-01 17:00:00",Nederland,ElectricityMix,Hour,UTC,Providing,Current,16932403,16932403,0.277562,5610425,0.33134075
"2026-02-01 17:00:00","2026-02-01 18:00:00",Nederland,ElectricityMix,Hour,UTC,Providing,Current,17111985,17111985,0.28050525,5646963,0.330016
"2026-02-01 18:00:00","2026-02-01 19:00:00",Nederland,ElectricityMix,Hour,UTC,Providing,Current,17725545,17725545,0.290562,5599040,0.31592125
"2026-02-01 19:00:00","2026-02-01 20:00:00",Nederland,ElectricityMix,Hour,UTC,Providing,Current,16954139,16954139,0.27791625,5160971,0.30441675
"2026-02-01 20:00:00","2026-02-01 21:00:00",Nederland,ElectricityMix,Hour,UTC,Providing,Current,16420340,16420340,0.26916575,5048147,0.3074375
"2026-02-01 21:00:00","2026-02-01 22:00:00",Nederland,ElectricityMix,Hour,UTC,Providing,Current,15480876,15480876,0.25376525,4741423,0.306203
"2026-02-01 22:00:00","2026-02-01 23:00:00",Nederland,ElectricityMix,Hour,UTC,Providing,Current,14704997,14704997,0.241046,4347933,0.29566325
"2026-02-01 23:00:00","2026-02-02 00:00:00",Nederland,ElectricityMix,Hour,UTC,Providing,Current,14225967,14225967,0.23319325,4042577,0.28415925
"2026-02-02 00:00:00","2026-02-02 01:00:00",Nederland,ElectricityMix,Hour,UTC,Providing,Current,14382534,14382534,0.23575875,3842076,0.2671565
"2026-02-02 01:00:00","2026-02-02 02:00:00",Nederland,ElectricityMix,Hour,UTC,Providing,Current,14653456,14653456,0.24019925,3842601,0.26223275
"2026-02-02 02:00:00","2026-02-02 03:00:00",Nederland,ElectricityMix,Hour,UTC,Providing,Current,14888384,14888384,0.24404975,3828402,0.257151
"2026-02-02 03:00:00","2026-02-02 04:00:00",Nederland,ElectricityMix,Hour,UTC,Providing,Current,15263584,15263584,0.2501995,3839626,0.2515585
"2026-02-02 04:00:00","2026-02-02 05:00:00",Nederland,ElectricityMix,Hour,UTC,Providing,Current,15821954,15821954,0.25935175,3912801,0.24730375
"2026-02-02 05:00:00","2026-02-02 06:00:00",Nederland,ElectricityMix,Hour,UTC,Providing,Current,17653100,17653100,0.28936675,4534595,0.2567895
"2026-02-02 06:00:00","2026-02-02 07:00:00",Nederland,ElectricityMix,Hour,UTC,Providing,Current,19953608,19953608,0.3270755,5309960,0.2660825
"2026-02-02 07:00:00","2026-02-02 08:00:00",Nederland,ElectricityMix,Hour,UTC,Providing,Current,20779722,20779722,0.34061625,5536463,0.2664375
"2026-02-02 08:00:00","2026-02-02 09:00:00",Nederland,ElectricityMix,Hour,UTC,Providing,Current,21344470,21344470,0.3498725,5406381,0.253463
"2026-02-02 09:00:00","2026-02-02 10:00:00",Nederland,ElectricityMix,Hour,UTC,Providing,Current,22695317,22695317,0.37201425,4842089,0.21348475
"2026-02-02 10:00:00","2026-02-02 11:00:00",Nederland,ElectricityMix,Hour,UTC,Providing,Current,24006175,24006175,0.39350025,4446030,0.185245
"2026-02-02 11:00:00","2026-02-02 12:00:00",Nederland,ElectricityMix,Hour,UTC,Providing,Current,24345063,24345063,0.39905425,4011089,0.16475075
"2026-02-02 12:00:00","2026-02-02 13:00:00",Nederland,ElectricityMix,Hour,UTC,Providing,Current,23681897,23681897,0.38818325,3844981,0.16236275
"2026-02-02 13:00:00","2026-02-02 14:00:00",Nederland,ElectricityMix,Hour,UTC,Providing,Current,24404635,24404635,0.4000285,3983365,0.1632185
"2026-02-02 14:00:00","2026-02-02 15:00:00",Nederland,ElectricityMix,Hour,UTC,Providing,Current,24315216,24315216,0.398562,4268137,0.175623
"2026-02-02 15:00:00","2026-02-02 16:00:00",Nederland,ElectricityMix,Hour,UTC,Providing,Current,22257871,22257871,0.36483825,4421459,0.19882
"2026-02-02 16:00:00","2026-02-02 17:00:00",Nederland,ElectricityMix,Hour,UTC,Providing,Current,20262828,20262828,0.33213575,4620394,0.2280315
"2026-02-02 17:00:00","2026-02-02 18:00:00",Nederland,ElectricityMix,Hour,UTC,Providing,Current,20556533,20556533,0.33694925,4632259,0.22535325
"2026-02-02 18:00:00","2026-02-02 19:00:00",Nederland,ElectricityMix,Hour,UTC,Providing,Current,20638369,20638369,0.33829,4504001,0.21823925
"2026-02-02 19:00:00","2026-02-02 20:00:00",Nederland,ElectricityMix,Hour,UTC,Providing,Current,20576962,20576962,0.33728225,4364517,0.21208375
"2026-02-02 20:00:00","2026-02-02 21:00:00",Nederland,ElectricityMix,Hour,UTC,Providing,Current,19787388,19787388,0.3243395,4058025,0.2050795
"2026-02-02 21:00:00","2026-02-02 22:00:00",Nederland,ElectricityMix,Hour,UTC,Providing,Current,18758834,18758834,0.3074795,3739125,0.19929575
"2026-02-02 22:00:00","2026-02-02 23:00:00",Nederland,ElectricityMix,Hour,UTC,Providing,Current,17804541,17804541,0.291837,3324497,0.18670625
"2026-02-02 23:00:00","2026-02-03 00:00:00",Nederland,ElectricityMix,Hour,UTC,Providing,Current,16103179,16103179,0.263949,2559210,0.15870225
"2026-02-03 00:00:00","2026-02-03 01:00:00",Nederland,ElectricityMix,Hour,UTC,Providing,Current,15351113,15351113,0.251621,1993143,0.1297955
"2026-02-03 01:00:00","2026-02-03 02:00:00",Nederland,ElectricityMix,Hour,UTC,Providing,Current,15402066,15402066,0.2524555,1758119,0.114153
"2026-02-03 02:00:00","2026-02-03 03:00:00",Nederland,ElectricityMix,Hour,UTC,Providing,Current,15644040,15644040,0.25642075,1746892,0.111665
"2026-02-03 03:00:00","2026-02-03 04:00:00",Nederland,ElectricityMix,Hour,UTC,Providing,Current,15907994,15907994,0.260747,1825774,0.11477
"2026-02-03 04:00:00","2026-02-03 05:00:00",Nederland,ElectricityMix,Hour,UTC,Providing,Current,16530075,16530075,0.27094275,2061245,0.12463775
"2026-02-03 05:00:00","2026-02-03 06:00:00",Nederland,ElectricityMix,Hour,UTC,Providing,Current,18404012,18404012,0.30165775,2913370,0.158128
"2026-02-03 06:00:00","2026-02-03 07:00:00",Nederland,ElectricityMix,Hour,UTC,Providing,Current,20510088,20510088,0.33617725,3925967,0.1912485
"2026-02-03 07:00:00","2026-02-03 08:00:00",Nederland,ElectricityMix,Hour,UTC,Providing,Current,21592911,21592911,0.35392475,4388541,0.20324075
"2026-02-03 08:00:00","2026-02-03 09:00:00",Nederland,ElectricityMix,Hour,UTC,Providing,Current,22523339,22523339,0.36917425,4337085,0.1926375
"2026-02-03 09:00:00","2026-02-03 10:00:00",Nederland,ElectricityMix,Hour,UTC,Providing,Current,24356888,24356888,0.3992265,4242923,0.17430725
"2026-02-03 10:00:00","2026-02-03 11:00:00",Nederland,ElectricityMix,Hour,UTC,Providing,Current,24395494,24395494,0.3998585,4027454,0.1650945
"2026-02-03 11:00:00","2026-02-03 12:00:00",Nederland,ElectricityMix,Hour,UTC,Providing,Current,24407544,24407544,0.40005475,3944982,0.16163575
"2026-02-03 12:00:00","2026-02-03 13:00:00",Nederland,ElectricityMix,Hour,UTC,Providing,Current,23961083,23961083,0.392736,4120395,0.1719905
"2026-02-03 13:00:00","2026-02-03 14:00:00",Nederland,ElectricityMix,Hour,UTC,Providing,Current,23161531,23161531,0.37962975,4393384,0.1897295
"2026-02-03 14:00:00","2026-02-03 15:00:00",Nederland,ElectricityMix,Hour,UTC,Providing,Current,23195694,23195694,0.38018875,4698720,0.202559
"2026-02-03 15:00:00","2026-02-03 16:00:00",Nederland,ElectricityMix,Hour,UTC,Providing,Current,22945465,22945465,0.37608675,5146415,0.22434825
"2026-02-03 16:00:00","2026-02-03 17:00:00",Nederland,ElectricityMix,Hour,UTC,Providing,Current,22749519,22749519,0.372874,5496117,0.2415975
"2026-02-03 17:00:00","2026-02-03 18:00:00",Nederland,ElectricityMix,Hour,UTC,Providing,Current,21942678,21942678,0.3596485,5424978,0.2472505
"2026-02-03 18:00:00","2026-02-03 19:00:00",Nederland,ElectricityMix,Hour,UTC,Providing,Current,21052652,21052652,0.34506,5353700,0.2543095
"2026-02-03 19:00:00","2026-02-03 20:00:00",Nederland,ElectricityMix,Hour,UTC,Providing,Current,20256879,20256879,0.332016,5236228,0.2584965
"2026-02-03 20:00:00","2026-02-03 21:00:00",Nederland,ElectricityMix,Hour,UTC,Providing,Current,19051609,19051609,0.3122605,5059864,0.2656275
"2026-02-03 21:00:00","2026-02-03 22:00:00",Nederland,ElectricityMix,Hour,UTC,Providing,Current,17001671,17001671,0.27866125,4688486,0.275822
"2026-02-03 22:00:00","2026-02-03 23:00:00",Nederland,ElectricityMix,Hour,UTC,Providing,Current,15765414,15765414,0.258398,4454643,0.28257975
"2026-02-03 23:00:00","2026-02-04 00:00:00",Nederland,ElectricityMix,Hour,UTC,Providing,Current,15324385,15324385,0.2511685,4453010,0.2906005
"2026-02-04 00:00:00","2026-02-04 01:00:00",Nederland,ElectricityMix,Hour,UTC,Providing,Current,14870530,14870530,0.2437295,4475638,0.300979
"2026-02-04 01:00:00","2026-02-04 02:00:00",Nederland,ElectricityMix,Hour,UTC,Providing,Current,15069157,15069157,0.24698425,4481597,0.29743025
"2026-02-04 02:00:00","2026-02-04 03:00:00",Nederland,ElectricityMix,Hour,UTC,Providing,Current,15243021,15243021,0.249833,4522886,0.2967285
"2026-02-04 03:00:00","2026-02-04 04:00:00",Nederland,ElectricityMix,Hour,UTC,Providing,Current,15595674,15595674,0.2556125,4839195,0.3102925
"2026-02-04 04:00:00","2026-02-04 05:00:00",Nederland,ElectricityMix,Hour,UTC,Providing,Current,15583656,15583656,0.255415,5051724,0.32418
"2026-02-04 05:00:00","2026-02-04 06:00:00",Nederland,ElectricityMix,Hour,UTC,Providing,Current,16834976,16834976,0.27592325,5678821,0.33726875
"2026-02-04 06:00:00","2026-02-04 07:00:00",Nederland,ElectricityMix,Hour,UTC,Providing,Current,17982888,17982888,0.2947365,6080397,0.3381215
"2026-02-04 07:00:00","2026-02-04 08:00:00",Nederland,ElectricityMix,Hour,UTC,Providing,Current,18526865,18526865,0.3036515,6183650,0.33379625
"2026-02-04 08:00:00","2026-02-04 09:00:00",Nederland,ElectricityMix,Hour,UTC,Providing,Current,20162026,20162026,0.33045075,6137861,0.30484675
"2026-02-04 09:00:00","2026-02-04 10:00:00",Nederland,ElectricityMix,Hour,UTC,Providing,Current,22563231,22563231,0.369805,6111895,0.271115
"2026-02-04 10:00:00","2026-02-04 11:00:00",Nederland,ElectricityMix,Hour,UTC,Providing,Current,24858268,24858268,0.40741925,6008283,0.2419025
"2026-02-04 11:00:00","2026-02-04 12:00:00",Nederland,ElectricityMix,Hour,UTC,Providing,Current,26987579,26987579,0.44231675,5782185,0.21444
"2026-02-04 12:00:00","2026-02-04 13:00:00",Nederland,ElectricityMix,Hour,UTC,Providing,Current,28179118,28179118,0.4618445,5784033,0.205264
"2026-02-04 13:00:00","2026-02-04 14:00:00",Nederland,ElectricityMix,Hour,UTC,Providing,Current,27849465,27849465,0.4564405,5856758,0.21036825
"2026-02-04 14:00:00","2026-02-04 15:00:00",Nederland,ElectricityMix,Hour,UTC,Providing,Current,25978600,25978600,0.425777,5883623,0.226646
"2026-02-04 15:00:00","2026-02-04 16:00:00",Nederland,ElectricityMix,Hour,UTC,Providing,Current,23109637,23109637,0.378755,6005980,0.2600935
"2026-02-04 16:00:00","2026-02-04 17:00:00",Nederland,ElectricityMix,Hour,UTC,Providing,Current,22303783,22303783,0.3655465,6164632,0.276399
"2026-02-04 17:00:00","2026-02-04 18:00:00",Nederland,ElectricityMix,Hour,UTC,Providing,Current,22853436,22853436,0.374554,6202633,0.2714555
"2026-02-04 18:00:00","2026-02-04 19:00:00",Nederland,ElectricityMix,Hour,UTC,Providing,Current,23493153,23493153,0.3850375,5945126,0.25307475
"2026-02-04 19:00:00","2026-02-04 20:00:00",Nederland,ElectricityMix,Hour,UTC,Providing,Current,23140779,23140779,0.37926175,5602865,0.24209325
"2026-02-04 20:00:00","2026-02-04 21:00:00",Nederland,ElectricityMix,Hour,UTC,Providing,Current,21263252,21263252,0.34848925,4795439,0.22546825
"2026-02-04 21:00:00","2026-02-04 22:00:00",Nederland,ElectricityMix,Hour,UTC,Providing,Current,20756983,20756983,0.340191,4573498,0.22032025
"2026-02-04 22:00:00","2026-02-04 23:00:00",Nederland,ElectricityMix,Hour,UTC,Providing,Current,19390781,19390781,0.31779925,3965955,0.20449125
"2026-02-04 23:00:00","2026-02-05 00:00:00",Nederland,ElectricityMix,Hour,UTC,Providing,Current,18431442,18431442,0.30207575,3483516,0.188918
"2026-02-05 00:00:00","2026-02-05 01:00:00",Nederland,ElectricityMix,Hour,UTC,Providing,Current,17870819,17870819,0.292887,3027240,0.16938075
"2026-02-05 01:00:00","2026-02-05 02:00:00",Nederland,ElectricityMix,Hour,UTC,Providing,Current,17701695,17701695,0.2901145,2809889,0.15873
"2026-02-05 02:00:00","2026-02-05 03:00:00",Nederland,ElectricityMix,Hour,UTC,Providing,Current,17744164,17744164,0.29080975,2846318,0.16040625
"2026-02-05 03:00:00","2026-02-05 04:00:00",Nederland,ElectricityMix,Hour,UTC,Providing,Current,17905577,17905577,0.29345425,2909559,0.16249325
"2026-02-05 04:00:00","2026-02-05 05:00:00",Nederland,ElectricityMix,Hour,UTC,Providing,Current,18797748,18797748,0.30807525,3248911,0.17261275
"2026-02-05 05:00:00","2026-02-05 06:00:00",Nederland,ElectricityMix,Hour,UTC,Providing,Current,21621662,21621662,0.35435525,4520506,0.2088245
"2026-02-05 06:00:00","2026-02-05 07:00:00",Nederland,ElectricityMix,Hour,UTC,Providing,Current,24402298,24402298,0.39992625,5779510,0.23667825
"2026-02-05 07:00:00","2026-02-05 08:00:00",Nederland,ElectricityMix,Hour,UTC,Providing,Current,26027595,26027595,0.426562,6485745,0.24918725
"2026-02-05 08:00:00","2026-02-05 09:00:00",Nederland,ElectricityMix,Hour,UTC,Providing,Current,26696875,26696875,0.43752975,6532560,0.244725
"2026-02-05 09:00:00","2026-02-05 10:00:00",Nederland,ElectricityMix,Hour,UTC,Providing,Current,28094473,28094473,0.46043325,6612934,0.23541975
"2026-02-05 10:00:00","2026-02-05 11:00:00",Nederland,ElectricityMix,Hour,UTC,Providing,Current,29031377,29031377,0.47578675,6639278,0.22869525
"2026-02-05 11:00:00","2026-02-05 12:00:00",Nederland,ElectricityMix,Hour,UTC,Providing,Current,29645512,29645512,0.4858505,6546375,0.22085225
"2026-02-05 12:00:00","2026-02-05 13:00:00",Nederland,ElectricityMix,Hour,UTC,Providing,Current,29613421,29613421,0.4853235,6509570,0.21986475
"2026-02-05 13:00:00","2026-02-05 14:00:00",Nederland,ElectricityMix,Hour,UTC,Providing,Current,28384044,28384044,0.46517425,6594856,0.2323845
"2026-02-05 14:00:00","2026-02-05 15:00:00",Nederland,ElectricityMix,Hour,UTC,Providing,Current,27046331,27046331,0.44325,6642833,0.24561925
"2026-02-05 15:00:00","2026-02-05 16:00:00",Nederland,ElectricityMix,Hour,UTC,Providing,Current,25777068,25777068,0.4224475,6674295,0.25903575
"2026-02-05 16:00:00","2026-02-05 17:00:00",Nederland,ElectricityMix,Hour,UTC,Providing,Current,24561394,24561394,0.4025235,6730931,0.2740545
"2026-02-05 17:00:00","2026-02-05 18:00:00",Nederland,ElectricityMix,Hour,UTC,Providing,Current,24139904,24139904,0.39561475,6761225,0.2800995
"2026-02-05 18:00:00","2026-02-05 19:00:00",Nederland,ElectricityMix,Hour,UTC,Providing,Current,23741545,23741545,0.38908575,6722160,0.2831395
"2026-02-05 19:00:00","2026-02-05 20:00:00",Nederland,ElectricityMix,Hour,UTC,Providing,Current,23390032,23390032,0.38332375,6635650,0.2836955
"2026-02-05 20:00:00","2026-02-05 21:00:00",Nederland,ElectricityMix,Hour,UTC,Providing,Current,22835997,22835997,0.37424325,6527723,0.2858555
"2026-02-05 21:00:00","2026-02-05 22:00:00",Nederland,ElectricityMix,Hour,UTC,Providing,Current,21364634,21364634,0.350129,6166813,0.28869125
"2026-02-05 22:00:00","2026-02-05 23:00:00",Nederland,ElectricityMix,Hour,UTC,Providing,Current,19377733,19377733,0.31756675,5730200,0.295719
"2026-02-05 23:00:00","2026-02-06 00:00:00",Nederland,ElectricityMix,Hour,UTC,Providing,Current,19182151,19182151,0.3143605,5769556,0.3007735
"2026-02-06 00:00:00","2026-02-06 01:00:00",Nederland,ElectricityMix,Hour,UTC,Providing,Current,18751427,18751427,0.307301,5732912,0.30574975
"2026-02-06 01:00:00","2026-02-06 02:00:00",Nederland,ElectricityMix,Hour,UTC,Providing,Current,18291557,18291557,0.29976375,5584979,0.305324
"2026-02-06 02:00:00","2026-02-06 03:00:00",Nederland,ElectricityMix,Hour,UTC,Providing,Current,18532343,18532343,0.303709,5495447,0.29653575
"2026-02-06 03:00:00","2026-02-06 04:00:00",Nederland,ElectricityMix,Hour,UTC,Providing,Current,18989648,18989648,0.3112025,5683457,0.2992895
"2026-02-06 04:00:00","2026-02-06 05:00:00",Nederland,ElectricityMix,Hour,UTC,Providing,Current,19730721,19730721,0.32334675,6073906,0.30782575
"2026-02-06 05:00:00","2026-02-06 06:00:00",Nederland,ElectricityMix,Hour,UTC,Providing,Current,21007872,21007872,0.34427575,6632230,0.31567575
"2026-02-06 06:00:00","2026-02-06 07:00:00",Nederland,ElectricityMix,Hour,UTC,Providing,Current,22583082,22583082,0.37008925,7248100,0.3209475
"2026-02-06 07:00:00","2026-02-06 08:00:00",Nederland,ElectricityMix,Hour,UTC,Providing,Current,22794480,22794480,0.3735525,7334030,0.321746
"2026-02-06 08:00:00","2026-02-06 09:00:00",Nederland,ElectricityMix,Hour,UTC,Providing,Current,23355316,23355316,0.3827425,7309448,0.31299875
"2026-02-06 09:00:00","2026-02-06 10:00:00",Nederland,ElectricityMix,Hour,UTC,Providing,Current,24137639,24137639,0.395562,7255869,0.3006665
"2026-02-06 10:00:00","2026-02-06 11:00:00",Nederland,ElectricityMix,Hour,UTC,Providing,Current,25166832,25166832,0.41242725,7233076,0.287426
"2026-02-06 11:00:00","2026-02-06 12:00:00",Nederland,ElectricityMix,Hour,UTC,Providing,Current,25456267,25456267,0.4171695,7070244,0.27775475
"2026-02-06 12:00:00","2026-02-06 13:00:00",Nederland,ElectricityMix,Hour,UTC,Providing,Current,24610943,24610943,0.4033155,7021627,0.2853805
"2026-02-06 13:00:00","2026-02-06 14:00:00",Nederland,ElectricityMix,Hour,UTC,Providing,Current,23925352,23925352,0.3920795,7012805,0.29311575
"2026-02-06 14:00:00","2026-02-06 15:00:00",Nederland,ElectricityMix,Hour,UTC,Providing,Current,23163810,23163810,0.3795985,7110798,0.307046
"2026-02-06 15:00:00","2026-02-06 16:00:00",Nederland,ElectricityMix,Hour,UTC,Providing,Current,22405349,22405349,0.36716825,7261299,0.3241175
"2026-02-06 16:00:00","2026-02-06 17:00:00",Nederland,ElectricityMix,Hour,UTC,Providing,Current,21715155,21715155,0.355857,7169245,0.3301505
"2026-02-06 17:00:00","2026-02-06 18:00:00",Nederland,ElectricityMix,Hour,UTC,Providing,Current,21618270,21618270,0.3542685,7182330,0.33223425
"2026-02-06 18:00:00","2026-02-06 19:00:00",Nederland,ElectricityMix,Hour,UTC,Providing,Current,21596920,21596920,0.35391775,7125219,0.32991975
"2026-02-06 19:00:00","2026-02-06 20:00:00",Nederland,ElectricityMix,Hour,UTC,Providing,Current,20810891,20810891,0.34103575,6905882,0.33184525
"2026-02-06 20:00:00","2026-02-06 21:00:00",Nederland,ElectricityMix,Hour,UTC,Providing,Current,20175856,20175856,0.3306285,6655350,0.329861
"2026-02-06 21:00:00","2026-02-06 22:00:00",Nederland,ElectricityMix,Hour,UTC,Providing,Current,19064811,19064811,0.3124205,6201872,0.32529475
"2026-02-06 22:00:00","2026-02-06 23:00:00",Nederland,ElectricityMix,Hour,UTC,Providing,Current,18155399,18155399,0.297517,5838058,0.3215595
"2026-02-06 23:00:00","2026-02-07 00:00:00",Nederland,ElectricityMix,Hour,UTC,Providing,Current,16560506,16560506,0.2713805,5230350,0.315801
"2026-02-07 00:00:00","2026-02-07 01:00:00",Nederland,ElectricityMix,Hour,UTC,Providing,Current,16185869,16185869,0.26524025,4977383,0.30751175
"2026-02-07 01:00:00","2026-02-07 02:00:00",Nederland,ElectricityMix,Hour,UTC,Providing,Current,15883967,15883967,0.2602925,4845962,0.3050885
"2026-02-07 02:00:00","2026-02-07 03:00:00",Nederland,ElectricityMix,Hour,UTC,Providing,Current,15687409,15687409,0.257071,4895634,0.3121045
"2026-02-07 03:00:00","2026-02-07 04:00:00",Nederland,ElectricityMix,Hour,UTC,Providing,Current,15099144,15099144,0.2474305,4999483,0.331179
"2026-02-07 04:00:00","2026-02-07 05:00:00",Nederland,ElectricityMix,Hour,UTC,Providing,Current,14813950,14813950,0.24275625,5114410,0.34526975
"2026-02-07 05:00:00","2026-02-07 06:00:00",Nederland,ElectricityMix,Hour,UTC,Providing,Current,14690547,14690547,0.24073325,5153514,0.350805
"2026-02-07 06:00:00","2026-02-07 07:00:00",Nederland,ElectricityMix,Hour,UTC,Providing,Current,15212452,15212452,0.24928525,5358833,0.3522625
"2026-02-07 07:00:00","2026-02-07 08:00:00",Nederland,ElectricityMix,Hour,UTC,Providing,Current,15664573,15664573,0.25669375,5429765,0.34665
"2026-02-07 08:00:00","2026-02-07 09:00:00",Nederland,ElectricityMix,Hour,UTC,Providing,Current,17604443,17604443,0.28848125,5304077,0.302059
"2026-02-07 09:00:00","2026-02-07 10:00:00",Nederland,ElectricityMix,Hour,UTC,Providing,Current,19961958,19961958,0.3271125,5110876,0.25649825
"2026-02-07 10:00:00","2026-02-07 11:00:00",Nederland,ElectricityMix,Hour,UTC,Providing,Current,22684690,22684690,0.3717285,4990641,0.22010775
"2026-02-07 11:00:00","2026-02-07 12:00:00",Nederland,ElectricityMix,Hour,UTC,Providing,Current,23148199,23148199,0.379323,4878647,0.21083575
"2026-02-07 12:00:00","2026-02-07 13:00:00",Nederland,ElectricityMix,Hour,UTC,Providing,Current,23006829,23006829,0.37700525,4919723,0.21395675
"2026-02-07 13:00:00","2026-02-07 14:00:00",Nederland,ElectricityMix,Hour,UTC,Providing,Current,22241476,22241476,0.364463,4937587,0.221984
"2026-02-07 14:00:00","2026-02-07 15:00:00",Nederland,ElectricityMix,Hour,UTC,Providing,Current,22278050,22278050,0.36506125,5423482,0.24344125
"2026-02-07 15:00:00","2026-02-07 16:00:00",Nederland,ElectricityMix,Hour,UTC,Providing,Current,20790667,20790667,0.34068725,5816472,0.28036475
"2026-02-07 16:00:00","2026-02-07 17:00:00",Nederland,ElectricityMix,Hour,UTC,Providing,Current,18517389,18517389,0.3034355,5950366,0.321446
"2026-02-07 17:00:00","2026-02-07 18:00:00",Nederland,ElectricityMix,Hour,UTC,Providing,Current,18319368,18319368,0.30018975,6015742,0.32838625
"2026-02-07 18:00:00","2026-02-07 19:00:00",Nederland,ElectricityMix,Hour,UTC,Providing,Current,18420187,18420187,0.301841,6005837,0.3260505
"2026-02-07 19:00:00","2026-02-07 20:00:00",Nederland,ElectricityMix,Hour,UTC,Providing,Current,18224494,18224494,0.29863375,5825678,0.31966325
"2026-02-07 20:00:00","2026-02-07 21:00:00",Nederland,ElectricityMix,Hour,UTC,Providing,Current,17724252,17724252,0.290436,5780797,0.32616225
"2026-02-07 21:00:00","2026-02-07 22:00:00",Nederland,ElectricityMix,Hour,UTC,Providing,Current,17167305,17167305,0.281309,5706377,0.332373
"2026-02-07 22:00:00","2026-02-07 23:00:00",Nederland,ElectricityMix,Hour,UTC,Providing,Current,15888845,15888845,0.26035875,5204631,0.3275575
"2026-02-07 23:00:00","2026-02-08 00:00:00",Nederland,ElectricityMix,Hour,UTC,Providing,Current,15399684,15399684,0.25234275,5103419,0.33139675
"2026-02-08 00:00:00","2026-02-08 01:00:00",Nederland,ElectricityMix,Hour,UTC,Providing,Current,14904417,14904417,0.2442265,5057816,0.33937025
"2026-02-08 01:00:00","2026-02-08 02:00:00",Nederland,ElectricityMix,Hour,UTC,Providing,Current,14546612,14546612,0.23836275,5015771,0.344817
"2026-02-08 02:00:00","2026-02-08 03:00:00",Nederland,ElectricityMix,Hour,UTC,Providing,Current,14012418,14012418,0.229609,4830068,0.344699
"2026-02-08 03:00:00","2026-02-08 04:00:00",Nederland,ElectricityMix,Hour,UTC,Providing,Current,14159017,14159017,0.23201075,4832256,0.3412955
"2026-02-08 04:00:00","2026-02-08 05:00:00",Nederland,ElectricityMix,Hour,UTC,Providing,Current,14188639,14188639,0.23249525,4855673,0.34222625
"2026-02-08 05:00:00","2026-02-08 06:00:00",Nederland,ElectricityMix,Hour,UTC,Providing,Current,14278970,14278970,0.23397525,4940968,0.346032
"2026-02-08 06:00:00","2026-02-08 07:00:00",Nederland,ElectricityMix,Hour,UTC,Providing,Current,15004657,15004657,0.2458655,5189690,0.345859
"2026-02-08 07:00:00","2026-02-08 08:00:00",Nederland,ElectricityMix,Hour,UTC,Providing,Current,15669208,15669208,0.25675425,5463141,0.34867675
"2026-02-08 08:00:00","2026-02-08 09:00:00",Nederland,ElectricityMix,Hour,UTC,Providing,Current,17456958,17456958,0.2860475,5457593,0.3132345
"2026-02-08 09:00:00","2026-02-08 10:00:00",Nederland,ElectricityMix,Hour,UTC,Providing,Current,19732138,19732138,0.32332725,5380137,0.27285875
"2026-02-08 10:00:00","2026-02-08 11:00:00",Nederland,ElectricityMix,Hour,UTC,Providing,Current,20879395,20879395,0.34212525,5319159,0.25478875
"2026-02-08 11:00:00","2026-02-08 12:00:00",Nederland,ElectricityMix,Hour,UTC,Providing,Current,21729125,21729125,0.35604775,5312928,0.2445095
"2026-02-08 12:00:00","2026-02-08 13:00:00",Nederland,ElectricityMix,Hour,UTC,Providing,Current,21512406,21512406,0.35249575,5288742,0.24587425
"2026-02-08 13:00:00","2026-02-08 14:00:00",Nederland,ElectricityMix,Hour,UTC,Providing,Current,20189254,20189254,0.33081425,5317111,0.26342125
"2026-02-08 14:00:00","2026-02-08 15:00:00",Nederland,ElectricityMix,Hour,UTC,Providing,Current,19463573,19463573,0.3189225,5452585,0.28015575
"2026-02-08 15:00:00","2026-02-08 16:00:00",Nederland,ElectricityMix,Hour,UTC,Providing,Current,18915613,18915613,0.30994325,5744470,0.303865
"2026-02-08 16:00:00","2026-02-08 17:00:00",Nederland,ElectricityMix,Hour,UTC,Providing,Current,18613114,18613114,0.30498575,6218974,0.3341115
"2026-02-08 17:00:00","2026-02-08 18:00:00",Nederland,ElectricityMix,Hour,UTC,Providing,Current,18907222,18907222,0.30980425,6400187,0.33850175
"2026-02-08 18:00:00","2026-02-08 19:00:00",Nederland,ElectricityMix,Hour,UTC,Providing,Current,19210714,19210714,0.31477625,6473720,0.33699125
"2026-02-08 19:00:00","2026-02-08 20:00:00",Nederland,ElectricityMix,Hour,UTC,Providing,Current,19306896,19306896,0.31635175,6398077,0.331394
"2026-02-08 20:00:00","2026-02-08 21:00:00",Nederland,ElectricityMix,Hour,UTC,Providing,Current,19242795,19242795,0.3153005,6264751,0.32556425
"2026-02-08 21:00:00","2026-02-08 22:00:00",Nederland,ElectricityMix,Hour,UTC,Providing,Current,18668385,18668385,0.305888,6098608,0.326678
"2026-02-08 22:00:00","2026-02-08 23:00:00",Nederland,ElectricityMix,Hour,UTC,Providing,Current,17654119,17654119,0.28926775,5777625,0.32727425
"2026-02-08 23:00:00","2026-02-09 00:00:00",Nederland,ElectricityMix,Hour,UTC,Providing,Current,17256557,17256557,0.282753,5704193,0.33055025
"2026-02-09 00:00:00","2026-02-09 01:00:00",Nederland,ElectricityMix,Hour,UTC,Providing,Current,17524551,17524551,0.2871435,5624224,0.32094325
"2026-02-09 01:00:00","2026-02-09 02:00:00",Nederland,ElectricityMix,Hour,UTC,Providing,Current,17586781,17586781,0.2881625,5621804,0.31966325
"2026-02-09 02:00:00","2026-02-09 03:00:00",Nederland,ElectricityMix,Hour,UTC,Providing,Current,17634077,17634077,0.2889365,5780020,0.32779625
"2026-02-09 03:00:00","2026-02-09 04:00:00",Nederland,ElectricityMix,Hour,UTC,Providing,Current,17797312,17797312,0.2916105,5892829,0.331115
"2026-02-09 04:00:00","2026-02-09 05:00:00",Nederland,ElectricityMix,Hour,UTC,Providing,Current,18934744,18934744,0.3102465,6265544,0.3308815
"2026-02-09 05:00:00","2026-02-09 06:00:00",Nederland,ElectricityMix,Hour,UTC,Providing,Current,20559182,20559182,0.33686225,6795238,0.33052025
"2026-02-09 06:00:00","2026-02-09 07:00:00",Nederland,ElectricityMix,Hour,UTC,Providing,Current,21365947,21365947,0.3500805,7063666,0.3305955
"2026-02-09 07:00:00","2026-02-09 08:00:00",Nederland,ElectricityMix,Hour,UTC,Providing,Current,22086626,22086626,0.36188775,7338963,0.3323
"2026-02-09 08:00:00","2026-02-09 09:00:00",Nederland,ElectricityMix,Hour,UTC,Providing,Current,22835024,22835024,0.37414925,7339212,0.32144375
"2026-02-09 09:00:00","2026-02-09 10:00:00",Nederland,ElectricityMix,Hour,UTC,Providing,Current,23883236,23883236,0.39132325,7288826,0.30524975
"2026-02-09 10:00:00","2026-02-09 11:00:00",Nederland,ElectricityMix,Hour,UTC,Providing,Current,24734293,24734293,0.4052665,7229243,0.29229
"2026-02-09 11:00:00","2026-02-09 12:00:00",Nederland,ElectricityMix,Hour,UTC,Providing,Current,24982005,24982005,0.40932425,7225286,0.28922875
"2026-02-09 12:00:00","2026-02-09 13:00:00",Nederland,ElectricityMix,Hour,UTC,Providing,Current,24953068,24953068,0.40884925,7150840,0.28657575
"2026-02-09 13:00:00","2026-02-09 14:00:00",Nederland,ElectricityMix,Hour,UTC,Providing,Current,24441578,24441578,0.4004675,7090998,0.29017125
"2026-02-09 14:00:00","2026-02-09 15:00:00",Nederland,ElectricityMix,Hour,UTC,Providing,Current,24066965,24066965,0.39432875,7093099,0.29472475
"2026-02-09 15:00:00","2026-02-09 16:00:00",Nederland,ElectricityMix,Hour,UTC,Providing,Current,23098526,23098526,0.37846,7117254,0.3082985
"2026-02-09 16:00:00","2026-02-09 17:00:00",Nederland,ElectricityMix,Hour,UTC,Providing,Current,20957642,20957642,0.34338175,7163605,0.342054
"2026-02-09 17:00:00","2026-02-09 18:00:00",Nederland,ElectricityMix,Hour,UTC,Providing,Current,20106130,20106130,0.32942925,7194143,0.357812
"2026-02-09 18:00:00","2026-02-09 19:00:00",Nederland,ElectricityMix,Hour,UTC,Providing,Current,20154195,20154195,0.33021625,7209026,0.35769675
"2026-02-09 19:00:00","2026-02-09 20:00:00",Nederland,ElectricityMix,Hour,UTC,Providing,Current,20005193,20005193,0.32777375,7142780,0.3570495
"2026-02-09 20:00:00","2026-02-09 21:00:00",Nederland,ElectricityMix,Hour,UTC,Providing,Current,20355075,20355075,0.33350575,7103671,0.34900375
"2026-02-09 21:00:00","2026-02-09 22:00:00",Nederland,ElectricityMix,Hour,UTC,Providing,Current,20171855,20171855,0.330503,7001499,0.347093
"2026-02-09 22:00:00","2026-02-09 23:00:00",Nederland,ElectricityMix,Hour,UTC,Providing,Current,19467440,19467440,0.318961,6806056,0.3496165
"2026-02-09 23:00:00","2026-02-10 00:00:00",Nederland,ElectricityMix,Hour,UTC,Providing,Current,18833678,18833678,0.30857625,6622057,0.35160975
"2026-02-10 00:00:00","2026-02-10 01:00:00",Nederland,ElectricityMix,Hour,UTC,Providing,Current,18590794,18590794,0.304596,6545995,0.35211025
"2026-02-10 01:00:00","2026-02-10 02:00:00",Nederland,ElectricityMix,Hour,UTC,Providing,Current,18669581,18669581,0.30588625,6496409,0.34796775
"2026-02-10 02:00:00","2026-02-10 03:00:00",Nederland,ElectricityMix,Hour,UTC,Providing,Current,18375780,18375780,0.30107175,6222517,0.338622
"2026-02-10 03:00:00","2026-02-10 04:00:00",Nederland,ElectricityMix,Hour,UTC,Providing,Current,18238209,18238209,0.298817,6073130,0.33299075
"2026-02-10 04:00:00","2026-02-10 05:00:00",Nederland,ElectricityMix,Hour,UTC,Providing,Current,18877251,18877251,0.3092865,6438948,0.34107525
"2026-02-10 05:00:00","2026-02-10 06:00:00",Nederland,ElectricityMix,Hour,UTC,Providing,Current,20341901,20341901,0.33328225,7133304,0.35066525
"2026-02-10 06:00:00","2026-02-10 07:00:00",Nederland,ElectricityMix,Hour,UTC,Providing,Current,21277926,21277926,0.3486175,7438335,0.34958575
"2026-02-10 07:00:00","2026-02-10 08:00:00",Nederland,ElectricityMix,Hour,UTC,Providing,Current,21650098,21650098,0.35471425,7461471,0.34466
"2026-02-10 08:00:00","2026-02-10 09:00:00",Nederland,ElectricityMix,Hour,UTC,Providing,Current,22556834,22556834,0.36956925,7386143,0.327496
"2026-02-10 09:00:00","2026-02-10 10:00:00",Nederland,ElectricityMix,Hour,UTC,Providing,Current,22859960,22859960,0.37453475,7355893,0.32179825
"2026-02-10 10:00:00","2026-02-10 11:00:00",Nederland,ElectricityMix,Hour,UTC,Providing,Current,23063319,23063319,0.3778655,7132312,0.309238
"2026-02-10 11:00:00","2026-02-10 12:00:00",Nederland,ElectricityMix,Hour,UTC,Providing,Current,22967841,22967841,0.3763005,7039730,0.30651
"2026-02-10 12:00:00","2026-02-10 13:00:00",Nederland,ElectricityMix,Hour,UTC,Providing,Current,22203375,22203375,0.36377475,7059765,0.31804425
"2026-02-10 13:00:00","2026-02-10 14:00:00",Nederland,ElectricityMix,Hour,UTC,Providing,Current,21118750,21118750,0.34600325,7179241,0.339997
"2026-02-10 14:00:00","2026-02-10 15:00:00",Nederland,ElectricityMix,Hour,UTC,Providing,Current,20507063,20507063,0.335981,7232944,0.3527105
"2026-02-10 15:00:00","2026-02-10 16:00:00",Nederland,ElectricityMix,Hour,UTC,Providing,Current,20085754,20085754,0.329078,7244887,0.36072725
"2026-02-10 16:00:00","2026-02-10 17:00:00",Nederland,ElectricityMix,Hour,UTC,Providing,Current,19385601,19385601,0.31760575,7287651,0.37597575
"2026-02-10 17:00:00","2026-02-10 18:00:00",Nederland,ElectricityMix,Hour,UTC,Providing,Current,18982926,18982926,0.31100775,7256870,0.382284
"2026-02-10 18:00:00","2026-02-10 19:00:00",Nederland,ElectricityMix,Hour,UTC,Providing,Current,18776164,18776164,0.3076195,7221722,0.384623
"2026-02-10 19:00:00","2026-02-10 20:00:00",Nederland,ElectricityMix,Hour,UTC,Providing,Current,18268292,18268292,0.299298,7074702,0.38727
"2026-02-10 20:00:00","2026-02-10 21:00:00",Nederland,ElectricityMix,Hour,UTC,Providing,Current,17690357,17690357,0.289829,6923028,0.39135225
"2026-02-10 21:00:00","2026-02-10 22:00:00",Nederland,ElectricityMix,Hour,UTC,Providing,Current,16417182,16417182,0.268969,6465150,0.39379775
"2026-02-10 22:00:00","2026-02-10 23:00:00",Nederland,ElectricityMix,Hour,UTC,Providing,Current,15253311,15253311,0.24990025,6037012,0.39577975
"2026-02-10 23:00:00","2026-02-11 00:00:00",Nederland,ElectricityMix,Hour,UTC,Providing,Current,14197283,14197283,0.2325985,5507868,0.38792475
"2026-02-11 00:00:00","2026-02-11 01:00:00",Nederland,ElectricityMix,Hour,UTC,Providing,Current,13605847,13605847,0.22290825,5203803,0.38243975
"2026-02-11 01:00:00","2026-02-11 02:00:00",Nederland,ElectricityMix,Hour,UTC,Providing,Current,13079391,13079391,0.2142825,4934714,0.3772855
"2026-02-11 02:00:00","2026-02-11 03:00:00",Nederland,ElectricityMix,Hour,UTC,Providing,Current,12883485,12883485,0.21107275,4889954,0.37955325
"2026-02-11 03:00:00","2026-02-11 04:00:00",Nederland,ElectricityMix,Hour,UTC,Providing,Current,13129376,13129376,0.21510025,4958517,0.3776695
"2026-02-11 04:00:00","2026-02-11 05:00:00",Nederland,ElectricityMix,Hour,UTC,Providing,Current,14434175,14434175,0.2364765,5501145,0.3810825
"2026-02-11 05:00:00","2026-02-11 06:00:00",Nederland,ElectricityMix,Hour,UTC,Providing,Current,16830742,16830742,0.275739,6511115,0.3868075
"2026-02-11 06:00:00","2026-02-11 07:00:00",Nederland,ElectricityMix,Hour,UTC,Providing,Current,18039975,18039975,0.2955495,6950861,0.3853095
"2026-02-11 07:00:00","2026-02-11 08:00:00",Nederland,ElectricityMix,Hour,UTC,Providing,Current,18303158,18303158,0.2998605,7054343,0.385416
"2026-02-11 08:00:00","2026-02-11 09:00:00",Nederland,ElectricityMix,Hour,UTC,Providing,Current,18341503,18341503,0.30048775,6904140,0.37646675
"2026-02-11 09:00:00","2026-02-11 10:00:00",Nederland,ElectricityMix,Hour,UTC,Providing,Current,19095474,19095474,0.31283925,6862176,0.35942
"2026-02-11 10:00:00","2026-02-11 11:00:00",Nederland,ElectricityMix,Hour,UTC,Providing,Current,19937914,19937914,0.32664,6789428,0.340601
"2026-02-11 11:00:00","2026-02-11 12:00:00",Nederland,ElectricityMix,Hour,UTC,Providing,Current,20611133,20611133,0.33766875,6778551,0.32890025
"2026-02-11 12:00:00","2026-02-11 13:00:00",Nederland,ElectricityMix,Hour,UTC,Providing,Current,21082516,21082516,0.34539,6784099,0.32178825
"2026-02-11 13:00:00","2026-02-11 14:00:00",Nederland,ElectricityMix,Hour,UTC,Providing,Current,20820064,20820064,0.34108975,6773110,0.3253245
"2026-02-11 14:00:00","2026-02-11 15:00:00",Nederland,ElectricityMix,Hour,UTC,Providing,Current,20960195,20960195,0.3433845,6673267,0.3184275
"2026-02-11 15:00:00","2026-02-11 16:00:00",Nederland,ElectricityMix,Hour,UTC,Providing,Current,21738244,21738244,0.3561305,6699317,0.3081835
"2026-02-11 16:00:00","2026-02-11 17:00:00",Nederland,ElectricityMix,Hour,UTC,Providing,Current,22061735,22061735,0.36142875,6758807,0.3063585
"2026-02-11 17:00:00","2026-02-11 18:00:00",Nederland,ElectricityMix,Hour,UTC,Providing,Current,22665765,22665765,0.3713235,6937412,0.30607575
"2026-02-11 18:00:00","2026-02-11 19:00:00",Nederland,ElectricityMix,Hour,UTC,Providing,Current,21863542,21863542,0.35818025,6585232,0.301164
"2026-02-11 19:00:00","2026-02-11 20:00:00",Nederland,ElectricityMix,Hour,UTC,Providing,Current,20044900,20044900,0.32838575,5965762,0.297575
"2026-02-11 20:00:00","2026-02-11 21:00:00",Nederland,ElectricityMix,Hour,UTC,Providing,Current,17599378,17599378,0.288321,5282886,0.3003295
"2026-02-11 21:00:00","2026-02-11 22:00:00",Nederland,ElectricityMix,Hour,UTC,Providing,Current,15856900,15856900,0.2597745,5083592,0.320712
"2026-02-11 22:00:00","2026-02-11 23:00:00",Nederland,ElectricityMix,Hour,UTC,Providing,Current,14209011,14209011,0.232777,4938236,0.34781375
"2026-02-11 23:00:00","2026-02-12 00:00:00",Nederland,ElectricityMix,Hour,UTC,Providing,Current,12939109,12939109,0.21197275,4937797,0.3816875
"2026-02-12 00:00:00","2026-02-12 01:00:00",Nederland,ElectricityMix,Hour,UTC,Providing,Current,12531332,12531332,0.205292,4848632,0.386934
"2026-02-12 01:00:00","2026-02-12 02:00:00",Nederland,ElectricityMix,Hour,UTC,Providing,Current,12243031,12243031,0.2005685,4881097,0.398688
"2026-02-12 02:00:00","2026-02-12 03:00:00",Nederland,ElectricityMix,Hour,UTC,Providing,Current,11956000,11956000,0.19586575,4810150,0.40233225
"2026-02-12 03:00:00","2026-02-12 04:00:00",Nederland,ElectricityMix,Hour,UTC,Providing,Current,11753356,11753356,0.1925455,4796364,0.40807725
"2026-02-12 04:00:00","2026-02-12 05:00:00",Nederland,ElectricityMix,Hour,UTC,Providing,Current,12492833,12492833,0.2046595,5087401,0.4072395
"2026-02-12 05:00:00","2026-02-12 06:00:00",Nederland,ElectricityMix,Hour,UTC,Providing,Current,14022247,14022247,0.22971375,5618902,0.40073975
"2026-02-12 06:00:00","2026-02-12 07:00:00",Nederland,ElectricityMix,Hour,UTC,Providing,Current,15794078,15794078,0.2587395,6215862,0.393591
"2026-02-12 07:00:00","2026-02-12 08:00:00",Nederland,ElectricityMix,Hour,UTC,Providing,Current,16024524,16024524,0.262514,6220464,0.3881885
"2026-02-12 08:00:00","2026-02-12 09:00:00",Nederland,ElectricityMix,Hour,UTC,Providing,Current,16797189,16797189,0.27517075,6121617,0.36461025
"2026-02-12 09:00:00","2026-02-12 10:00:00",Nederland,ElectricityMix,Hour,UTC,Providing,Current,18460569,18460569,0.30242,6143914,0.33309975
"2026-02-12 10:00:00","2026-02-12 11:00:00",Nederland,ElectricityMix,Hour,UTC,Providing,Current,19907864,19907864,0.32612825,6127800,0.30782625
"2026-02-12 11:00:00","2026-02-12 12:00:00",Nederland,ElectricityMix,Hour,UTC,Providing,Current,20187848,20187848,0.33071425,5738693,0.284315
"2026-02-12 12:00:00","2026-02-12 13:00:00",Nederland,ElectricityMix,Hour,UTC,Providing,Current,20580160,20580160,0.33714,5662027,0.2751175
"2026-02-12 13:00:00","2026-02-12 14:00:00",Nederland,ElectricityMix,Hour,UTC,Providing,Current,21066277,21066277,0.34510275,5721807,0.27161725
"2026-02-12 14:00:00","2026-02-12 15:00:00",Nederland,ElectricityMix,Hour,UTC,Providing,Current,21190219,21190219,0.34713225,5898147,0.27835125
"2026-02-12 15:00:00","2026-02-12 16:00:00",Nederland,ElectricityMix,Hour,UTC,Providing,Current,21207213,21207213,0.34740975,6164544,0.290668
"2026-02-12 16:00:00","2026-02-12 17:00:00",Nederland,ElectricityMix,Hour,UTC,Providing,Current,21154503,21154503,0.34654525,6324443,0.29895975
"2026-02-12 17:00:00","2026-02-12 18:00:00",Nederland,ElectricityMix,Hour,UTC,Providing,Current,21185831,21185831,0.347058,6378554,0.3010805
"2026-02-12 18:00:00","2026-02-12 19:00:00",Nederland,ElectricityMix,Hour,UTC,Providing,Current,20714045,20714045,0.33932825,6358046,0.30694425
"2026-02-12 19:00:00","2026-02-12 20:00:00",Nederland,ElectricityMix,Hour,UTC,Providing,Current,20047971,20047971,0.328416,6068858,0.30270275
"2026-02-12 20:00:00","2026-02-12 21:00:00",Nederland,ElectricityMix,Hour,UTC,Providing,Current,18084108,18084108,0.2962445,5468525,0.3024245
"2026-02-12 21:00:00","2026-02-12 22:00:00",Nederland,ElectricityMix,Hour,UTC,Providing,Current,17116702,17116702,0.2803965,5050519,0.2949545
"2026-02-12 22:00:00","2026-02-12 23:00:00",Nederland,ElectricityMix,Hour,UTC,Providing,Current,15063143,15063143,0.24675525,4294266,0.2850895
"2026-02-12 23:00:00","2026-02-13 00:00:00",Nederland,ElectricityMix,Hour,UTC,Providing,Current,14848816,14848816,0.24324375,4404851,0.2966915
"2026-02-13 00:00:00","2026-02-13 01:00:00",Nederland,ElectricityMix,Hour,UTC,Providing,Current,14241850,14241850,0.2333005,4397614,0.30880975
"2026-02-13 01:00:00","2026-02-13 02:00:00",Nederland,ElectricityMix,Hour,UTC,Providing,Current,13424906,13424906,0.219917,4330365,0.32265825
"2026-02-13 02:00:00","2026-02-13 03:00:00",Nederland,ElectricityMix,Hour,UTC,Providing,Current,12943996,12943996,0.21203875,4356258,0.33659525
"2026-02-13 03:00:00","2026-02-13 04:00:00",Nederland,ElectricityMix,Hour,UTC,Providing,Current,12664738,12664738,0.2074635,4413064,0.348445
"2026-02-13 04:00:00","2026-02-13 05:00:00",Nederland,ElectricityMix,Hour,UTC,Providing,Current,13413908,13413908,0.21973525,4892111,0.3645775
"2026-02-13 05:00:00","2026-02-13 06:00:00",Nederland,ElectricityMix,Hour,UTC,Providing,Current,16241111,16241111,0.2660475,6107559,0.375897
"2026-02-13 06:00:00","2026-02-13 07:00:00",Nederland,ElectricityMix,Hour,UTC,Providing,Current,18886432,18886432,0.30938,7126106,0.377319
"2026-02-13 07:00:00","2026-02-13 08:00:00",Nederland,ElectricityMix,Hour,UTC,Providing,Current,19604177,19604177,0.32113675,7233522,0.36901775
"2026-02-13 08:00:00","2026-02-13 09:00:00",Nederland,ElectricityMix,Hour,UTC,Providing,Current,21049499,21049499,0.34481175,7213153,0.342841
"2026-02-13 09:00:00","2026-02-13 10:00:00",Nederland,ElectricityMix,Hour,UTC,Providing,Current,22651569,22651569,0.3710545,7183761,0.31728725
"2026-02-13 10:00:00","2026-02-13 11:00:00",Nederland,ElectricityMix,Hour,UTC,Providing,Current,24190857,24190857,0.39626825,7185352,0.2971245
"2026-02-13 11:00:00","2026-02-13 12:00:00",Nederland,ElectricityMix,Hour,UTC,Providing,Current,25054572,25054572,0.41041575,7091145,0.28306225
"2026-02-13 12:00:00","2026-02-13 13:00:00",Nederland,ElectricityMix,Hour,UTC,Providing,Current,26182537,26182537,0.42889175,7106425,0.2714195
"2026-02-13 13:00:00","2026-02-13 14:00:00",Nederland,ElectricityMix,Hour,UTC,Providing,Current,25714245,25714245,0.4212195,7250528,0.281992
"2026-02-13 14:00:00","2026-02-13 15:00:00",Nederland,ElectricityMix,Hour,UTC,Providing,Current,25636823,25636823,0.41995025,7302042,0.28482875
"2026-02-13 15:00:00","2026-02-13 16:00:00",Nederland,ElectricityMix,Hour,UTC,Providing,Current,25230049,25230049,0.413286,7298586,0.2892915
"2026-02-13 16:00:00","2026-02-13 17:00:00",Nederland,ElectricityMix,Hour,UTC,Providing,Current,24799430,24799430,0.40623125,7048354,0.28421525
"2026-02-13 17:00:00","2026-02-13 18:00:00",Nederland,ElectricityMix,Hour,UTC,Providing,Current,25749888,25749888,0.4217995,7293040,0.2832295
"2026-02-13 18:00:00","2026-02-13 19:00:00",Nederland,ElectricityMix,Hour,UTC,Providing,Current,25323639,25323639,0.41481625,7121221,0.2812145
"2026-02-13 19:00:00","2026-02-13 20:00:00",Nederland,ElectricityMix,Hour,UTC,Providing,Current,24867430,24867430,0.40734225,6935296,0.27888725
"2026-02-13 20:00:00","2026-02-13 21:00:00",Nederland,ElectricityMix,Hour,UTC,Providing,Current,23708644,23708644,0.3883595,6614594,0.27900375
"2026-02-13 21:00:00","2026-02-13 22:00:00",Nederland,ElectricityMix,Hour,UTC,Providing,Current,21991031,21991031,0.3602235,6051383,0.2751435
"2026-02-13 22:00:00","2026-02-13 23:00:00",Nederland,ElectricityMix,Hour,UTC,Providing,Current,20971346,20971346,0.3435195,5769644,0.2751155
"2026-02-13 23:00:00","2026-02-14 00:00:00",Nederland,ElectricityMix,Hour,UTC,Providing,Current,18951459,18951459,0.3104325,4906681,0.25878675
"2026-02-14 00:00:00","2026-02-14 01:00:00",Nederland,ElectricityMix,Hour,UTC,Providing,Current,17635900,17635900,0.288882,4370152,0.24779025
"2026-02-14 01:00:00","2026-02-14 02:00:00",Nederland,ElectricityMix,Hour,UTC,Providing,Current,17635804,17635804,0.28888,4248592,0.24090875
"2026-02-14 02:00:00","2026-02-14 03:00:00",Nederland,ElectricityMix,Hour,UTC,Providing,Current,17405332,17405332,0.28510375,3966760,0.2279105
"2026-02-14 03:00:00","2026-02-14 04:00:00",Nederland,ElectricityMix,Hour,UTC,Providing,Current,16915322,16915322,0.2770765,3658392,0.216275
"2026-02-14 04:00:00","2026-02-14 05:00:00",Nederland,ElectricityMix,Hour,UTC,Providing,Current,17872975,17872975,0.29276275,3949485,0.22097525
"2026-02-14 05:00:00","2026-02-14 06:00:00",Nederland,ElectricityMix,Hour,UTC,Providing,Current,18894421,18894421,0.30949325,4271505,0.226073
"2026-02-14 06:00:00","2026-02-14 07:00:00",Nederland,ElectricityMix,Hour,UTC,Providing,Current,20125140,20125140,0.32965175,4799585,0.238408
"2026-02-14 07:00:00","2026-02-14 08:00:00",Nederland,ElectricityMix,Hour,UTC,Providing,Current,21143815,21143815,0.34633675,5613825,0.26550725
"2026-02-14 08:00:00","2026-02-14 09:00:00",Nederland,ElectricityMix,Hour,UTC,Providing,Current,21972230,21972230,0.3599055,5759491,0.26227075
"2026-02-14 09:00:00","2026-02-14 10:00:00",Nederland,ElectricityMix,Hour,UTC,Providing,Current,24351750,24351750,0.398881,5610303,0.23062425
"2026-02-14 10:00:00","2026-02-14 11:00:00",Nederland,ElectricityMix,Hour,UTC,Providing,Current,24845481,24845481,0.4069675,5283962,0.21281875
"2026-02-14 11:00:00","2026-02-14 12:00:00",Nederland,ElectricityMix,Hour,UTC,Providing,Current,26380759,26380759,0.432114,5031399,0.190745
"2026-02-14 12:00:00","2026-02-14 13:00:00",Nederland,ElectricityMix,Hour,UTC,Providing,Current,26538841,26538841,0.4347025,4985388,0.18785525
"2026-02-14 13:00:00","2026-02-14 14:00:00",Nederland,ElectricityMix,Hour,UTC,Providing,Current,24657028,24657028,0.4038775,4901401,0.1989005
"2026-02-14 14:00:00","2026-02-14 15:00:00",Nederland,ElectricityMix,Hour,UTC,Providing,Current,23505142,23505142,0.385009,5232804,0.22270225
"2026-02-14 15:00:00","2026-02-14 16:00:00",Nederland,ElectricityMix,Hour,UTC,Providing,Current,22922807,22922807,0.3754695,6371892,0.2783765
"2026-02-14 16:00:00","2026-02-14 17:00:00",Nederland,ElectricityMix,Hour,UTC,Providing,Current,19202549,19202549,0.31453175,6811928,0.35739275
"2026-02-14 17:00:00","2026-02-14 18:00:00",Nederland,ElectricityMix,Hour,UTC,Providing,Current,17449761,17449761,0.28582125,7012860,0.4018895
"2026-02-14 18:00:00","2026-02-14 19:00:00",Nederland,ElectricityMix,Hour,UTC,Providing,Current,17459588,17459588,0.2859815,7083368,0.40569975
"2026-02-14 19:00:00","2026-02-14 20:00:00",Nederland,ElectricityMix,Hour,UTC,Providing,Current,17412429,17412429,0.28520825,7084823,0.406883
"2026-02-14 20:00:00","2026-02-14 21:00:00",Nederland,ElectricityMix,Hour,UTC,Providing,Current,17357520,17357520,0.28430825,7041761,0.40568925
"2026-02-14 21:00:00","2026-02-14 22:00:00",Nederland,ElectricityMix,Hour,UTC,Providing,Current,17148535,17148535,0.28088425,6950722,0.40532525
"2026-02-14 22:00:00","2026-02-14 23:00:00",Nederland,ElectricityMix,Hour,UTC,Providing,Current,16928077,16928077,0.27727275,6813267,0.40248575
"2026-02-14 23:00:00","2026-02-15 00:00:00",Nederland,ElectricityMix,Hour,UTC,Providing,Current,16729310,16729310,0.27401625,6614063,0.39532975
"2026-02-15 00:00:00","2026-02-15 01:00:00",Nederland,ElectricityMix,Hour,UTC,Providing,Current,15855520,15855520,0.2597035,6113026,0.3854735
"2026-02-15 01:00:00","2026-02-15 02:00:00",Nederland,ElectricityMix,Hour,UTC,Providing,Current,11948752,11948752,0.1957125,4392278,0.3669325
"2026-02-15 02:00:00","2026-02-15 03:00:00",Nederland,ElectricityMix,Hour,UTC,Providing,Current,11262664,11262664,0.1844745,3856271,0.3424285
"2026-02-15 03:00:00","2026-02-15 04:00:00",Nederland,ElectricityMix,Hour,UTC,Providing,Current,11558846,11558846,0.18932525,3647250,0.31562525
"2026-02-15 04:00:00","2026-02-15 05:00:00",Nederland,ElectricityMix,Hour,UTC,Providing,Current,12550790,12550790,0.20557225,3623190,0.28882175
"2026-02-15 05:00:00","2026-02-15 06:00:00",Nederland,ElectricityMix,Hour,UTC,Providing,Current,13316528,13316528,0.21811375,3602602,0.27052925
"2026-02-15 06:00:00","2026-02-15 07:00:00",Nederland,ElectricityMix,Hour,UTC,Providing,Current,14155617,14155617,0.23185675,3636521,0.25699075
"2026-02-15 07:00:00","2026-02-15 08:00:00",Nederland,ElectricityMix,Hour,UTC,Providing,Current,16441841,16441841,0.26930225,3577370,0.219324
"2026-02-15 08:00:00","2026-02-15 09:00:00",Nederland,ElectricityMix,Hour,UTC,Providing,Current,21178424,21178424,0.346882,3236076,0.15315975
"2026-02-15 09:00:00","2026-02-15 10:00:00",Nederland,ElectricityMix,Hour,UTC,Providing,Current,23547675,23547675,0.38568725,2378524,0.1018346
"2026-02-15 10:00:00","2026-02-15 11:00:00",Nederland,ElectricityMix,Hour,UTC,Providing,Current,25930811,25930811,0.42472,1694655,0.065341475
"2026-02-15 11:00:00","2026-02-15 12:00:00",Nederland,ElectricityMix,Hour,UTC,Providing,Current,26073349,26073349,0.42705375,1542400,0.05915785
"2026-02-15 12:00:00","2026-02-15 13:00:00",Nederland,ElectricityMix,Hour,UTC,Providing,Current,24949265,24949265,0.408641,1556857,0.0625265
"2026-02-15 13:00:00","2026-02-15 14:00:00",Nederland,ElectricityMix,Hour,UTC,Providing,Current,20686073,20686073,0.33881375,1703965,0.082755275
"2026-02-15 14:00:00","2026-02-15 15:00:00",Nederland,ElectricityMix,Hour,UTC,Providing,Current,18249849,18249849,0.2989105,2183342,0.11972725
"2026-02-15 15:00:00","2026-02-15 16:00:00",Nederland,ElectricityMix,Hour,UTC,Providing,Current,18099337,18099337,0.29644475,2906878,0.16056875
"2026-02-15 16:00:00","2026-02-15 17:00:00",Nederland,ElectricityMix,Hour,UTC,Providing,Current,18100199,18100199,0.296458,3438893,0.190002
"2026-02-15 17:00:00","2026-02-15 18:00:00",Nederland,ElectricityMix,Hour,UTC,Providing,Current,18244697,18244697,0.298824,3557711,0.19500225
"2026-02-15 18:00:00","2026-02-15 19:00:00",Nederland,ElectricityMix,Hour,UTC,Providing,Current,17596197,17596197,0.2882015,3555857,0.20212275
"2026-02-15 19:00:00","2026-02-15 20:00:00",Nederland,ElectricityMix,Hour,UTC,Providing,Current,16699848,16699848,0.27352,3536319,0.21177675
"2026-02-15 20:00:00","2026-02-15 21:00:00",Nederland,ElectricityMix,Hour,UTC,Providing,Current,15580341,15580341,0.2551835,3269983,0.20987325
"2026-02-15 21:00:00","2026-02-15 22:00:00",Nederland,ElectricityMix,Hour,UTC,Providing,Current,14413603,14413603,0.2360735,2935909,0.2036435
"2026-02-15 22:00:00","2026-02-15 23:00:00",Nederland,ElectricityMix,Hour,UTC,Providing,Current,13222551,13222551,0.21656525,2586630,0.1955945
"2026-02-15 23:00:00","2026-02-16 00:00:00",Nederland,ElectricityMix,Hour,UTC,Providing,Current,12574051,12574051,0.20594325,2550285,0.202863
"2026-02-16 00:00:00","2026-02-16 01:00:00",Nederland,ElectricityMix,Hour,UTC,Providing,Current,11884693,11884693,0.19465225,2454647,0.20653475
"2026-02-16 01:00:00","2026-02-16 02:00:00",Nederland,ElectricityMix,Hour,UTC,Providing,Current,11923465,11923465,0.19528675,2299116,0.19282075
"2026-02-16 02:00:00","2026-02-16 03:00:00",Nederland,ElectricityMix,Hour,UTC,Providing,Current,12121093,12121093,0.198523,2281605,0.18823425
"2026-02-16 03:00:00","2026-02-16 04:00:00",Nederland,ElectricityMix,Hour,UTC,Providing,Current,12342499,12342499,0.202149,2423243,0.196338
"2026-02-16 04:00:00","2026-02-16 05:00:00",Nederland,ElectricityMix,Hour,UTC,Providing,Current,12586267,12586267,0.20614075,2755390,0.218763
"2026-02-16 05:00:00","2026-02-16 06:00:00",Nederland,ElectricityMix,Hour,UTC,Providing,Current,14114913,14114913,0.2311765,3535029,0.25027175
"2026-02-16 06:00:00","2026-02-16 07:00:00",Nederland,ElectricityMix,Hour,UTC,Providing,Current,15443906,15443906,0.2529425,4290755,0.27777375
"2026-02-16 07:00:00","2026-02-16 08:00:00",Nederland,ElectricityMix,Hour,UTC,Providing,Current,16140110,16140110,0.2643445,4502203,0.278978
"2026-02-16 08:00:00","2026-02-16 09:00:00",Nederland,ElectricityMix,Hour,UTC,Providing,Current,17678831,17678831,0.28954525,4527182,0.256248
"2026-02-16 09:00:00","2026-02-16 10:00:00",Nederland,ElectricityMix,Hour,UTC,Providing,Current,19507772,19507772,0.319499,4363134,0.22380575
"2026-02-16 10:00:00","2026-02-16 11:00:00",Nederland,ElectricityMix,Hour,UTC,Providing,Current,19750831,19750831,0.323479,4407548,0.2231745
"2026-02-16 11:00:00","2026-02-16 12:00:00",Nederland,ElectricityMix,Hour,UTC,Providing,Current,19704132,19704132,0.32271325,4293840,0.21793225
"2026-02-16 12:00:00","2026-02-16 13:00:00",Nederland,ElectricityMix,Hour,UTC,Providing,Current,19906277,19906277,0.326023,3972686,0.19961325
"2026-02-16 13:00:00","2026-02-16 14:00:00",Nederland,ElectricityMix,Hour,UTC,Providing,Current,20117048,20117048,0.3294745,4155491,0.2065495
"2026-02-16 14:00:00","2026-02-16 15:00:00",Nederland,ElectricityMix,Hour,UTC,Providing,Current,19636184,19636184,0.32159825,4199119,0.2138605
"2026-02-16 15:00:00","2026-02-16 16:00:00",Nederland,ElectricityMix,Hour,UTC,Providing,Current,18844678,18844678,0.30863425,4565401,0.2425625
"2026-02-16 16:00:00","2026-02-16 17:00:00",Nederland,ElectricityMix,Hour,UTC,Providing,Current,17349573,17349573,0.284147,5023621,0.28986325
"2026-02-16 17:00:00","2026-02-16 18:00:00",Nederland,ElectricityMix,Hour,UTC,Providing,Current,16388564,16388564,0.268407,5224049,0.31878525
"2026-02-16 18:00:00","2026-02-16 19:00:00",Nederland,ElectricityMix,Hour,UTC,Providing,Current,16626708,16626708,0.27230675,5215841,0.3137195
"2026-02-16 19:00:00","2026-02-16 20:00:00",Nederland,ElectricityMix,Hour,UTC,Providing,Current,16356604,16356604,0.26788225,5132371,0.31379525
"2026-02-16 20:00:00","2026-02-16 21:00:00",Nederland,ElectricityMix,Hour,UTC,Providing,Current,16239406,16239406,0.2659625,5082719,0.31296025
"2026-02-16 21:00:00","2026-02-16 22:00:00",Nederland,ElectricityMix,Hour,UTC,Providing,Current,14180387,14180387,0.23224,4242655,0.29914475
"2026-02-16 22:00:00","2026-02-16 23:00:00",Nederland,ElectricityMix,Hour,UTC,Providing,Current,13197863,13197863,0.21614825,3838518,0.290818
"2026-02-16 23:00:00","2026-02-17 00:00:00",Nederland,ElectricityMix,Hour,UTC,Providing,Current,12250473,12250473,0.20063175,3542087,0.2891485
"2026-02-17 00:00:00","2026-02-17 01:00:00",Nederland,ElectricityMix,Hour,UTC,Providing,Current,11998872,11998872,0.19651075,3510073,0.29253875
"2026-02-17 01:00:00","2026-02-17 02:00:00",Nederland,ElectricityMix,Hour,UTC,Providing,Current,12652082,12652082,0.207208,3538720,0.279697
"2026-02-17 02:00:00","2026-02-17 03:00:00",Nederland,ElectricityMix,Hour,UTC,Providing,Current,12517949,12517949,0.2050105,3453749,0.27590575
"2026-02-17 03:00:00","2026-02-17 04:00:00",Nederland,ElectricityMix,Hour,UTC,Providing,Current,12815510,12815510,0.2098835,3548376,0.27689475
"2026-02-17 04:00:00","2026-02-17 05:00:00",Nederland,ElectricityMix,Hour,UTC,Providing,Current,13341968,13341968,0.218505,3705012,0.2776575
"2026-02-17 05:00:00","2026-02-17 06:00:00",Nederland,ElectricityMix,Hour,UTC,Providing,Current,16682436,16682436,0.27321175,4747711,0.28457675
"2026-02-17 06:00:00","2026-02-17 07:00:00",Nederland,ElectricityMix,Hour,UTC,Providing,Current,19220328,19220328,0.31477475,5491598,0.28573425
"2026-02-17 07:00:00","2026-02-17 08:00:00",Nederland,ElectricityMix,Hour,UTC,Providing,Current,20321129,20321129,0.332802,5701107,0.28059425
"2026-02-17 08:00:00","2026-02-17 09:00:00",Nederland,ElectricityMix,Hour,UTC,Providing,Current,21733124,21733124,0.3559255,5583287,0.25713775
"2026-02-17 09:00:00","2026-02-17 10:00:00",Nederland,ElectricityMix,Hour,UTC,Providing,Current,23234747,23234747,0.38051675,4980756,0.21450775
"2026-02-17 10:00:00","2026-02-17 11:00:00",Nederland,ElectricityMix,Hour,UTC,Providing,Current,24688672,24688672,0.404327,3999345,0.16237675
"2026-02-17 11:00:00","2026-02-17 12:00:00",Nederland,ElectricityMix,Hour,UTC,Providing,Current,26073727,26073727,0.42700875,3667398,0.140729
"2026-02-17 12:00:00","2026-02-17 13:00:00",Nederland,ElectricityMix,Hour,UTC,Providing,Current,27098136,27098136,0.4437845,3140268,0.11591975
"2026-02-17 13:00:00","2026-02-17 14:00:00",Nederland,ElectricityMix,Hour,UTC,Providing,Current,25784343,25784343,0.4222675,3280691,0.12728475
"2026-02-17 14:00:00","2026-02-17 15:00:00",Nederland,ElectricityMix,Hour,UTC,Providing,Current,25741881,25741881,0.42157125,3934644,0.15279075
"2026-02-17 15:00:00","2026-02-17 16:00:00",Nederland,ElectricityMix,Hour,UTC,Providing,Current,25897644,25897644,0.424121,5148824,0.19910775
"2026-02-17 16:00:00","2026-02-17 17:00:00",Nederland,ElectricityMix,Hour,UTC,Providing,Current,24273121,24273121,0.39751525,5737140,0.236437
"2026-02-17 17:00:00","2026-02-17 18:00:00",Nederland,ElectricityMix,Hour,UTC,Providing,Current,23992512,23992512,0.392919,6018875,0.25087425
"2026-02-17 18:00:00","2026-02-17 19:00:00",Nederland,ElectricityMix,Hour,UTC,Providing,Current,23434670,23434670,0.38378225,5904457,0.2519415
"2026-02-17 19:00:00","2026-02-17 20:00:00",Nederland,ElectricityMix,Hour,UTC,Providing,Current,22504985,22504985,0.36855625,5642221,0.250754
"2026-02-17 20:00:00","2026-02-17 21:00:00",Nederland,ElectricityMix,Hour,UTC,Providing,Current,21010679,21010679,0.344084,5439249,0.25891975
"2026-02-17 21:00:00","2026-02-17 22:00:00",Nederland,ElectricityMix,Hour,UTC,Providing,Current,19520500,19520500,0.31967875,5165764,0.26467025
"2026-02-17 22:00:00","2026-02-17 23:00:00",Nederland,ElectricityMix,Hour,UTC,Providing,Current,17567835,17567835,0.2877005,4850534,0.2761915
"2026-02-17 23:00:00","2026-02-18 00:00:00",Nederland,ElectricityMix,Hour,UTC,Providing,Current,17127602,17127602,0.28049,5256337,0.306987
"2026-02-18 00:00:00","2026-02-18 01:00:00",Nederland,ElectricityMix,Hour,UTC,Providing,Current,15959398,15959398,0.2613585,5440582,0.34110775
"2026-02-18 01:00:00","2026-02-18 02:00:00",Nederland,ElectricityMix,Hour,UTC,Providing,Current,15193356,15193356,0.24881275,5415502,0.356456
"2026-02-18 02:00:00","2026-02-18 03:00:00",Nederland,ElectricityMix,Hour,UTC,Providing,Current,15112502,15112502,0.247488,5563155,0.368117
"2026-02-18 03:00:00","2026-02-18 04:00:00",Nederland,ElectricityMix,Hour,UTC,Providing,Current,15027280,15027280,0.24609175,5677748,0.37783475
"2026-02-18 04:00:00","2026-02-18 05:00:00",Nederland,ElectricityMix,Hour,UTC,Providing,Current,16182069,16182069,0.26500225,6135677,0.37913625
"2026-02-18 05:00:00","2026-02-18 06:00:00",Nederland,ElectricityMix,Hour,UTC,Providing,Current,17938494,17938494,0.29376525,6700999,0.37356725
"2026-02-18 06:00:00","2026-02-18 07:00:00",Nederland,ElectricityMix,Hour,UTC,Providing,Current,19031900,19031900,0.31167025,6985426,0.36705375
"2026-02-18 07:00:00","2026-02-18 08:00:00",Nederland,ElectricityMix,Hour,UTC,Providing,Current,19976043,19976043,0.327131,6982665,0.349776
"2026-02-18 08:00:00","2026-02-18 09:00:00",Nederland,ElectricityMix,Hour,UTC,Providing,Current,22501080,22501080,0.3684805,6812205,0.30327275
"2026-02-18 09:00:00","2026-02-18 10:00:00",Nederland,ElectricityMix,Hour,UTC,Providing,Current,25562079,25562079,0.4186065,6590188,0.25818075
"2026-02-18 10:00:00","2026-02-18 11:00:00",Nederland,ElectricityMix,Hour,UTC,Providing,Current,27486945,27486945,0.45012775,5875007,0.21388525
"2026-02-18 11:00:00","2026-02-18 12:00:00",Nederland,ElectricityMix,Hour,UTC,Providing,Current,28673072,28673072,0.46955025,4850658,0.1694235
"2026-02-18 12:00:00","2026-02-18 13:00:00",Nederland,ElectricityMix,Hour,UTC,Providing,Current,30865905,30865905,0.50545875,4445389,0.14402075
"2026-02-18 13:00:00","2026-02-18 14:00:00",Nederland,ElectricityMix,Hour,UTC,Providing,Current,30737441,30737441,0.50335375,4619608,0.150296
"2026-02-18 14:00:00","2026-02-18 15:00:00",Nederland,ElectricityMix,Hour,UTC,Providing,Current,30231103,30231103,0.49506125,5188798,0.17184725
"2026-02-18 15:00:00","2026-02-18 16:00:00",Nederland,ElectricityMix,Hour,UTC,Providing,Current,27338294,27338294,0.4476875,5843503,0.21407675
"2026-02-18 16:00:00","2026-02-18 17:00:00",Nederland,ElectricityMix,Hour,UTC,Providing,Current,24786774,24786774,0.405903,6060234,0.244588
"2026-02-18 17:00:00","2026-02-18 18:00:00",Nederland,ElectricityMix,Hour,UTC,Providing,Current,24629591,24629591,0.40332825,6114730,0.248272
"2026-02-18 18:00:00","2026-02-18 19:00:00",Nederland,ElectricityMix,Hour,UTC,Providing,Current,24581265,24581265,0.402536,5960087,0.24244925
"2026-02-18 19:00:00","2026-02-18 20:00:00",Nederland,ElectricityMix,Hour,UTC,Providing,Current,23146978,23146978,0.37904725,5317498,0.2297135
"2026-02-18 20:00:00","2026-02-18 21:00:00",Nederland,ElectricityMix,Hour,UTC,Providing,Current,22536627,22536627,0.3690515,5081031,0.22545325
"2026-02-18 21:00:00","2026-02-18 22:00:00",Nederland,ElectricityMix,Hour,UTC,Providing,Current,21599621,21599621,0.35370675,4647129,0.2151005
"2026-02-18 22:00:00","2026-02-18 23:00:00",Nederland,ElectricityMix,Hour,UTC,Providing,Current,20060449,20060449,0.328501,3860792,0.19241975
"2026-02-18 23:00:00","2026-02-19 00:00:00",Nederland,ElectricityMix,Hour,UTC,Providing,Current,18126284,18126284,0.29682725,2936916,0.1617915
"2026-02-19 00:00:00","2026-02-19 01:00:00",Nederland,ElectricityMix,Hour,UTC,Providing,Current,17275954,17275954,0.28290175,2514569,0.14554575
"2026-02-19 01:00:00","2026-02-19 02:00:00",Nederland,ElectricityMix,Hour,UTC,Providing,Current,17227956,17227956,0.282115,2417021,0.14029575
"2026-02-19 02:00:00","2026-02-19 03:00:00",Nederland,ElectricityMix,Hour,UTC,Providing,Current,17245349,17245349,0.2823995,2418605,0.1402465
"2026-02-19 03:00:00","2026-02-19 04:00:00",Nederland,ElectricityMix,Hour,UTC,Providing,Current,17552065,17552065,0.28742125,2509271,0.14296175
"2026-02-19 04:00:00","2026-02-19 05:00:00",Nederland,ElectricityMix,Hour,UTC,Providing,Current,18114170,18114170,0.2966255,2764329,0.15260175
"2026-02-19 05:00:00","2026-02-19 06:00:00",Nederland,ElectricityMix,Hour,UTC,Providing,Current,19761236,19761236,0.32359575,3446992,0.17430925
"2026-02-19 06:00:00","2026-02-19 07:00:00",Nederland,ElectricityMix,Hour,UTC,Providing,Current,21469799,21469799,0.35157275,4206718,0.195798
"2026-02-19 07:00:00","2026-02-19 08:00:00",Nederland,ElectricityMix,Hour,UTC,Providing,Current,22697182,22697182,0.37167075,4770193,0.21015975
"2026-02-19 08:00:00","2026-02-19 09:00:00",Nederland,ElectricityMix,Hour,UTC,Providing,Current,23707834,23707834,0.3882195,4847980,0.204525
"2026-02-19 09:00:00","2026-02-19 10:00:00",Nederland,ElectricityMix,Hour,UTC,Providing,Current,24628217,24628217,0.40328975,4739012,0.192474
"2026-02-19 10:00:00","2026-02-19 11:00:00",Nederland,ElectricityMix,Hour,UTC,Providing,Current,25968686,25968686,0.425239,4548433,0.17522875
"2026-02-19 11:00:00","2026-02-19 12:00:00",Nederland,ElectricityMix,Hour,UTC,Providing,Current,26477460,26477460,0.43356925,4076473,0.153956
"2026-02-19 12:00:00","2026-02-19 13:00:00",Nederland,ElectricityMix,Hour,UTC,Providing,Current,26001849,26001849,0.42578,3780789,0.14541225
"2026-02-19 13:00:00","2026-02-19 14:00:00",Nederland,ElectricityMix,Hour,UTC,Providing,Current,24931533,24931533,0.4082525,3881462,0.15573425
"2026-02-19 14:00:00","2026-02-19 15:00:00",Nederland,ElectricityMix,Hour,UTC,Providing,Current,24875913,24875913,0.407341,4428698,0.17798475
"2026-02-19 15:00:00","2026-02-19 16:00:00",Nederland,ElectricityMix,Hour,UTC,Providing,Current,24397788,24397788,0.39951075,5242263,0.2150875
"2026-02-19 16:00:00","2026-02-19 17:00:00",Nederland,ElectricityMix,Hour,UTC,Providing,Current,22784038,22784038,0.3730845,5735391,0.25191975
"2026-02-19 17:00:00","2026-02-19 18:00:00",Nederland,ElectricityMix,Hour,UTC,Providing,Current,21630407,21630407,0.3541935,5870141,0.2713965
"2026-02-19 18:00:00","2026-02-19 19:00:00",Nederland,ElectricityMix,Hour,UTC,Providing,Current,21369829,21369829,0.3499255,5942355,0.2780725
"2026-02-19 19:00:00","2026-02-19 20:00:00",Nederland,ElectricityMix,Hour,UTC,Providing,Current,20628113,20628113,0.33777925,5848221,0.28351025
"2026-02-19 20:00:00","2026-02-19 21:00:00",Nederland,ElectricityMix,Hour,UTC,Providing,Current,19837989,19837989,0.3248405,5660771,0.2853435
"2026-02-19 21:00:00","2026-02-19 22:00:00",Nederland,ElectricityMix,Hour,UTC,Providing,Current,18014885,18014885,0.294987,5110927,0.283742
"2026-02-19 22:00:00","2026-02-19 23:00:00",Nederland,ElectricityMix,Hour,UTC,Providing,Current,16557118,16557118,0.27111575,4783859,0.28893975
"2026-02-19 23:00:00","2026-02-20 00:00:00",Nederland,ElectricityMix,Hour,UTC,Providing,Current,15631403,15631403,0.255957,4619133,0.29560925
"2026-02-20 00:00:00","2026-02-20 01:00:00",Nederland,ElectricityMix,Hour,UTC,Providing,Current,14544990,14544990,0.238167,4461216,0.3067185
"2026-02-20 01:00:00","2026-02-20 02:00:00",Nederland,ElectricityMix,Hour,UTC,Providing,Current,13955587,13955587,0.228515,4146858,0.2971355
"2026-02-20 02:00:00","2026-02-20 03:00:00",Nederland,ElectricityMix,Hour,UTC,Providing,Current,13824349,13824349,0.22636575,4050328,0.29298525
"2026-02-20 03:00:00","2026-02-20 04:00:00",Nederland,ElectricityMix,Hour,UTC,Providing,Current,13740314,13740314,0.224989,4092656,0.2978615
"2026-02-20 04:00:00","2026-02-20 05:00:00",Nederland,ElectricityMix,Hour,UTC,Providing,Current,14492357,14492357,0.23730275,4340197,0.2993805
"2026-02-20 05:00:00","2026-02-20 06:00:00",Nederland,ElectricityMix,Hour,UTC,Providing,Current,15831129,15831129,0.25922375,4996172,0.31558125
"2026-02-20 06:00:00","2026-02-20 07:00:00",Nederland,ElectricityMix,Hour,UTC,Providing,Current,15906573,15906573,0.26045825,5240677,0.32947825
"2026-02-20 07:00:00","2026-02-20 08:00:00",Nederland,ElectricityMix,Hour,UTC,Providing,Current,16649271,16649271,0.27261875,5338976,0.32080975
"2026-02-20 08:00:00","2026-02-20 09:00:00",Nederland,ElectricityMix,Hour,UTC,Providing,Current,17459353,17459353,0.2858825,5263289,0.30150875
"2026-02-20 09:00:00","2026-02-20 10:00:00",Nederland,ElectricityMix,Hour,UTC,Providing,Current,18393997,18393997,0.3011855,5156732,0.2804075
"2026-02-20 10:00:00","2026-02-20 11:00:00",Nederland,ElectricityMix,Hour,UTC,Providing,Current,18324576,18324576,0.30004825,4527234,0.247089
"2026-02-20 11:00:00","2026-02-20 12:00:00",Nederland,ElectricityMix,Hour,UTC,Providing,Current,18232484,18232484,0.29853975,3758849,0.2062095
"2026-02-20 12:00:00","2026-02-20 13:00:00",Nederland,ElectricityMix,Hour,UTC,Providing,Current,19456251,19456251,0.31857675,3395272,0.1746
"2026-02-20 13:00:00","2026-02-20 14:00:00",Nederland,ElectricityMix,Hour,UTC,Providing,Current,20225507,20225507,0.331172,3236182,0.15998
"2026-02-20 14:00:00","2026-02-20 15:00:00",Nederland,ElectricityMix,Hour,UTC,Providing,Current,19397013,19397013,0.3176055,3124208,0.16108425
"2026-02-20 15:00:00","2026-02-20 16:00:00",Nederland,ElectricityMix,Hour,UTC,Providing,Current,18231607,18231607,0.2985225,3061099,0.16796875
"2026-02-20 16:00:00","2026-02-20 17:00:00",Nederland,ElectricityMix,Hour,UTC,Providing,Current,17556168,17556168,0.28746225,3170925,0.18062325
"2026-02-20 17:00:00","2026-02-20 18:00:00",Nederland,ElectricityMix,Hour,UTC,Providing,Current,17376235,17376235,0.28451525,3123124,0.179722
"2026-02-20 18:00:00","2026-02-20 19:00:00",Nederland,ElectricityMix,Hour,UTC,Providing,Current,17663142,17663142,0.28921225,2887130,0.16350175
"2026-02-20 19:00:00","2026-02-20 20:00:00",Nederland,ElectricityMix,Hour,UTC,Providing,Current,16485765,16485765,0.2699335,2087955,0.1265885
"2026-02-20 20:00:00","2026-02-20 21:00:00",Nederland,ElectricityMix,Hour,UTC,Providing,Current,15556254,15556254,0.25471325,1556083,0.0999713
"2026-02-20 21:00:00","2026-02-20 22:00:00",Nederland,ElectricityMix,Hour,UTC,Providing,Current,15102168,15102168,0.24727775,1267848,0.08394605
"2026-02-20 22:00:00","2026-02-20 23:00:00",Nederland,ElectricityMix,Hour,UTC,Providing,Current,14495295,14495295,0.23734025,968466,0.0667589
"2026-02-20 23:00:00","2026-02-21 00:00:00",Nederland,ElectricityMix,Hour,UTC,Providing,Current,14096662,14096662,0.2308125,911893,0.0646924
"2026-02-21 00:00:00","2026-02-21 01:00:00",Nederland,ElectricityMix,Hour,UTC,Providing,Current,13844718,13844718,0.22668675,891396,0.0643842
"2026-02-21 01:00:00","2026-02-21 02:00:00",Nederland,ElectricityMix,Hour,UTC,Providing,Current,13531181,13531181,0.2215525,821714,0.06072745
"2026-02-21 02:00:00","2026-02-21 03:00:00",Nederland,ElectricityMix,Hour,UTC,Providing,Current,13272094,13272094,0.21731,823246,0.0620317
"2026-02-21 03:00:00","2026-02-21 04:00:00",Nederland,ElectricityMix,Hour,UTC,Providing,Current,13162381,13162381,0.215513,837675,0.063646675
"2026-02-21 04:00:00","2026-02-21 05:00:00",Nederland,ElectricityMix,Hour,UTC,Providing,Current,12409844,12409844,0.203191,868645,0.070011475
"2026-02-21 05:00:00","2026-02-21 06:00:00",Nederland,ElectricityMix,Hour,UTC,Providing,Current,12523094,12523094,0.20504475,1014516,0.081013075
"2026-02-21 06:00:00","2026-02-21 07:00:00",Nederland,ElectricityMix,Hour,UTC,Providing,Current,12264801,12264801,0.20081525,1099239,0.089636625
"2026-02-21 07:00:00","2026-02-21 08:00:00",Nederland,ElectricityMix,Hour,UTC,Providing,Current,12566759,12566759,0.2057585,1217159,0.096887625
"2026-02-21 08:00:00","2026-02-21 09:00:00",Nederland,ElectricityMix,Hour,UTC,Providing,Current,14254110,14254110,0.23338525,1201977,0.084607675
"2026-02-21 09:00:00","2026-02-21 10:00:00",Nederland,ElectricityMix,Hour,UTC,Providing,Current,16896028,16896028,0.2766415,1121294,0.066464
"2026-02-21 10:00:00","2026-02-21 11:00:00",Nederland,ElectricityMix,Hour,UTC,Providing,Current,18703532,18703532,0.30623525,1105114,0.05908805
"2026-02-21 11:00:00","2026-02-21 12:00:00",Nederland,ElectricityMix,Hour,UTC,Providing,Current,18489143,18489143,0.30272425,1175601,0.0636303
"2026-02-21 12:00:00","2026-02-21 13:00:00",Nederland,ElectricityMix,Hour,UTC,Providing,Current,17158250,17158250,0.28093275,1322894,0.077193375
"2026-02-21 13:00:00","2026-02-21 14:00:00",Nederland,ElectricityMix,Hour,UTC,Providing,Current,15890690,15890690,0.26017825,1463655,0.092199575
"2026-02-21 14:00:00","2026-02-21 15:00:00",Nederland,ElectricityMix,Hour,UTC,Providing,Current,15324689,15324689,0.2509105,1688785,0.11020525
"2026-02-21 15:00:00","2026-02-21 16:00:00",Nederland,ElectricityMix,Hour,UTC,Providing,Current,14527098,14527098,0.23785125,1838786,0.1266275
"2026-02-21 16:00:00","2026-02-21 17:00:00",Nederland,ElectricityMix,Hour,UTC,Providing,Current,14051782,14051782,0.230068,1914149,0.1362245
"2026-02-21 17:00:00","2026-02-21 18:00:00",Nederland,ElectricityMix,Hour,UTC,Providing,Current,13355725,13355725,0.218671,1946959,0.14583025
"2026-02-21 18:00:00","2026-02-21 19:00:00",Nederland,ElectricityMix,Hour,UTC,Providing,Current,12741796,12741796,0.20861875,1925315,0.15110375
"2026-02-21 19:00:00","2026-02-21 20:00:00",Nederland,ElectricityMix,Hour,UTC,Providing,Current,12667930,12667930,0.20740875,1772468,0.13991025
"2026-02-21 20:00:00","2026-02-21 21:00:00",Nederland,ElectricityMix,Hour,UTC,Providing,Current,12524085,12524085,0.2050535,1533094,0.12242175
"2026-02-21 21:00:00","2026-02-21 22:00:00",Nederland,ElectricityMix,Hour,UTC,Providing,Current,12102154,12102154,0.19814475,1369835,0.113197
"2026-02-21 22:00:00","2026-02-21 23:00:00",Nederland,ElectricityMix,Hour,UTC,Providing,Current,11602076,11602076,0.1899565,1088012,0.093763
"2026-02-21 23:00:00","2026-02-22 00:00:00",Nederland,ElectricityMix,Hour,UTC,Providing,Current,11851044,11851044,0.1940325,847136,0.0715117
"2026-02-22 00:00:00","2026-02-22 01:00:00",Nederland,ElectricityMix,Hour,UTC,Providing,Current,12411847,12411847,0.203214,867756,0.06991035
"2026-02-22 01:00:00","2026-02-22 02:00:00",Nederland,ElectricityMix,Hour,UTC,Providing,Current,12511758,12511758,0.20484875,817662,0.0653675
"2026-02-22 02:00:00","2026-02-22 03:00:00",Nederland,ElectricityMix,Hour,UTC,Providing,Current,13151976,13151976,0.21533025,830836,0.06317335
"2026-02-22 03:00:00","2026-02-22 04:00:00",Nederland,ElectricityMix,Hour,UTC,Providing,Current,12979392,12979392,0.212504,760640,0.0585816
"2026-02-22 04:00:00","2026-02-22 05:00:00",Nederland,ElectricityMix,Hour,UTC,Providing,Current,13028129,13028129,0.2133015,752109,0.05772965
"2026-02-22 05:00:00","2026-02-22 06:00:00",Nederland,ElectricityMix,Hour,UTC,Providing,Current,13324605,13324605,0.218155,790709,0.0593424
"2026-02-22 06:00:00","2026-02-22 07:00:00",Nederland,ElectricityMix,Hour,UTC,Providing,Current,13459767,13459767,0.2203675,860353,0.063923525
"2026-02-22 07:00:00","2026-02-22 08:00:00",Nederland,ElectricityMix,Hour,UTC,Providing,Current,13673471,13673471,0.223866,972628,0.0711326
"2026-02-22 08:00:00","2026-02-22 09:00:00",Nederland,ElectricityMix,Hour,UTC,Providing,Current,14158815,14158815,0.23181125,1008707,0.07126565
"2026-02-22 09:00:00","2026-02-22 10:00:00",Nederland,ElectricityMix,Hour,UTC,Providing,Current,15072741,15072741,0.246774,996887,0.066152475
"2026-02-22 10:00:00","2026-02-22 11:00:00",Nederland,ElectricityMix,Hour,UTC,Providing,Current,15447455,15447455,0.252908,963366,0.062364275
"2026-02-22 11:00:00","2026-02-22 12:00:00",Nederland,ElectricityMix,Hour,UTC,Providing,Current,15924800,15924800,0.2607225,972617,0.0610841
"2026-02-22 12:00:00","2026-02-22 13:00:00",Nederland,ElectricityMix,Hour,UTC,Providing,Current,16427500,16427500,0.268952,909730,0.055388175
"2026-02-22 13:00:00","2026-02-22 14:00:00",Nederland,ElectricityMix,Hour,UTC,Providing,Current,16558235,16558235,0.271092,877355,0.052985975
"2026-02-22 14:00:00","2026-02-22 15:00:00",Nederland,ElectricityMix,Hour,UTC,Providing,Current,16528833,16528833,0.27060975,1030811,0.06240195
"2026-02-22 15:00:00","2026-02-22 16:00:00",Nederland,ElectricityMix,Hour,UTC,Providing,Current,15833919,15833919,0.259232,1215999,0.07685335
"2026-02-22 16:00:00","2026-02-22 17:00:00",Nederland,ElectricityMix,Hour,UTC,Providing,Current,14916638,14916638,0.24421375,1410127,0.094735225
"2026-02-22 17:00:00","2026-02-22 18:00:00",Nederland,ElectricityMix,Hour,UTC,Providing,Current,13355362,13355362,0.218652,1552868,0.11633275
"2026-02-22 18:00:00","2026-02-22 19:00:00",Nederland,ElectricityMix,Hour,UTC,Providing,Current,12686569,12686569,0.20770225,1475224,0.1162715
"2026-02-22 19:00:00","2026-02-22 20:00:00",Nederland,ElectricityMix,Hour,UTC,Providing,Current,11986041,11986041,0.19623275,1220156,0.101799225
"2026-02-22 20:00:00","2026-02-22 21:00:00",Nederland,ElectricityMix,Hour,UTC,Providing,Current,11785560,11785560,0.19295,1063250,0.09021695
"2026-02-22 21:00:00","2026-02-22 22:00:00",Nederland,ElectricityMix,Hour,UTC,Providing,Current,11374700,11374700,0.18622325,945988,0.083167825
"2026-02-22 22:00:00","2026-02-22 23:00:00",Nederland,ElectricityMix,Hour,UTC,Providing,Current,11463364,11463364,0.1876745,903509,0.0788202
"2026-02-22 23:00:00","2026-02-23 00:00:00",Nederland,ElectricityMix,Hour,UTC,Providing,Current,11536695,11536695,0.18887425,801948,0.069515525
"2026-02-23 00:00:00","2026-02-23 01:00:00",Nederland,ElectricityMix,Hour,UTC,Providing,Current,11890571,11890571,0.19466725,789881,0.0664379
"2026-02-23 01:00:00","2026-02-23 02:00:00",Nederland,ElectricityMix,Hour,UTC,Providing,Current,11931917,11931917,0.19534375,782113,0.065551625
"2026-02-23 02:00:00","2026-02-23 03:00:00",Nederland,ElectricityMix,Hour,UTC,Providing,Current,11828327,11828327,0.19364725,805817,0.0681303
"2026-02-23 03:00:00","2026-02-23 04:00:00",Nederland,ElectricityMix,Hour,UTC,Providing,Current,12608792,12608792,0.20642425,825577,0.065500325
"2026-02-23 04:00:00","2026-02-23 05:00:00",Nederland,ElectricityMix,Hour,UTC,Providing,Current,13345312,13345312,0.21848175,898972,0.067352575
"2026-02-23 05:00:00","2026-02-23 06:00:00",Nederland,ElectricityMix,Hour,UTC,Providing,Current,14113270,14113270,0.2310535,1146316,0.081211875
"2026-02-23 06:00:00","2026-02-23 07:00:00",Nederland,ElectricityMix,Hour,UTC,Providing,Current,14545861,14545861,0.23813525,1277468,0.087823075
"2026-02-23 07:00:00","2026-02-23 08:00:00",Nederland,ElectricityMix,Hour,UTC,Providing,Current,14947466,14947466,0.2447095,1304672,0.087331825
"2026-02-23 08:00:00","2026-02-23 09:00:00",Nederland,ElectricityMix,Hour,UTC,Providing,Current,16329546,16329546,0.267335,1276489,0.0782279
"2026-02-23 09:00:00","2026-02-23 10:00:00",Nederland,ElectricityMix,Hour,UTC,Providing,Current,17976716,17976716,0.29430075,1154083,0.064297775
"2026-02-23 10:00:00","2026-02-23 11:00:00",Nederland,ElectricityMix,Hour,UTC,Providing,Current,19857576,19857576,0.32509175,1089452,0.05487275
"2026-02-23 11:00:00","2026-02-23 12:00:00",Nederland,ElectricityMix,Hour,UTC,Providing,Current,19825722,19825722,0.32456975,1055357,0.053241325
"2026-02-23 12:00:00","2026-02-23 13:00:00",Nederland,ElectricityMix,Hour,UTC,Providing,Current,20293139,20293139,0.33222075,1014365,0.049993925
"2026-02-23 13:00:00","2026-02-23 14:00:00",Nederland,ElectricityMix,Hour,UTC,Providing,Current,19852764,19852764,0.325011,1017882,0.05128265
"2026-02-23 14:00:00","2026-02-23 15:00:00",Nederland,ElectricityMix,Hour,UTC,Providing,Current,19219996,19219996,0.314651,1187407,0.061933825
"2026-02-23 15:00:00","2026-02-23 16:00:00",Nederland,ElectricityMix,Hour,UTC,Providing,Current,18531266,18531266,0.30337475,1788423,0.0965989
"2026-02-23 16:00:00","2026-02-23 17:00:00",Nederland,ElectricityMix,Hour,UTC,Providing,Current,18808649,18808649,0.307915,2545529,0.1353815
"2026-02-23 17:00:00","2026-02-23 18:00:00",Nederland,ElectricityMix,Hour,UTC,Providing,Current,18068737,18068737,0.2958015,2657111,0.14705525
"2026-02-23 18:00:00","2026-02-23 19:00:00",Nederland,ElectricityMix,Hour,UTC,Providing,Current,17054802,17054802,0.2792015,2554576,0.149803
"2026-02-23 19:00:00","2026-02-23 20:00:00",Nederland,ElectricityMix,Hour,UTC,Providing,Current,16187276,16187276,0.264999,2593250,0.1602145
"2026-02-23 20:00:00","2026-02-23 21:00:00",Nederland,ElectricityMix,Hour,UTC,Providing,Current,15423003,15423003,0.2524865,2647092,0.171706
"2026-02-23 21:00:00","2026-02-23 22:00:00",Nederland,ElectricityMix,Hour,UTC,Providing,Current,13930997,13930997,0.22806075,2722644,0.19566775
"2026-02-23 22:00:00","2026-02-23 23:00:00",Nederland,ElectricityMix,Hour,UTC,Providing,Current,12669478,12669478,0.207408,2734627,0.2159655
"2026-02-23 23:00:00","2026-02-24 00:00:00",Nederland,ElectricityMix,Hour,UTC,Providing,Current,11613320,11613320,0.19011775,2791938,0.24066825
"2026-02-24 00:00:00","2026-02-24 01:00:00",Nederland,ElectricityMix,Hour,UTC,Providing,Current,10533383,10533383,0.172438,2866989,0.27238525
"2026-02-24 01:00:00","2026-02-24 02:00:00",Nederland,ElectricityMix,Hour,UTC,Providing,Current,9771629,9771629,0.159967,2980581,0.3051075
"2026-02-24 02:00:00","2026-02-24 03:00:00",Nederland,ElectricityMix,Hour,UTC,Providing,Current,9785218,9785218,0.16018925,3138539,0.320717
"2026-02-24 03:00:00","2026-02-24 04:00:00",Nederland,ElectricityMix,Hour,UTC,Providing,Current,10352382,10352382,0.16947375,3495938,0.337605
"2026-02-24 04:00:00","2026-02-24 05:00:00",Nederland,ElectricityMix,Hour,UTC,Providing,Current,11189369,11189369,0.183175,4024210,0.3595435
"2026-02-24 05:00:00","2026-02-24 06:00:00",Nederland,ElectricityMix,Hour,UTC,Providing,Current,12430784,12430784,0.203497,4649530,0.3739745
"2026-02-24 06:00:00","2026-02-24 07:00:00",Nederland,ElectricityMix,Hour,UTC,Providing,Current,13408461,13408461,0.21950175,5015343,0.3740435
"2026-02-24 07:00:00","2026-02-24 08:00:00",Nederland,ElectricityMix,Hour,UTC,Providing,Current,14096188,14096188,0.230759,5080244,0.360566
"2026-02-24 08:00:00","2026-02-24 09:00:00",Nederland,ElectricityMix,Hour,UTC,Providing,Current,15249813,15249813,0.24964375,5042287,0.330817
"2026-02-24 09:00:00","2026-02-24 10:00:00",Nederland,ElectricityMix,Hour,UTC,Providing,Current,16267794,16267794,0.26630775,4946069,0.3041775
"2026-02-24 10:00:00","2026-02-24 11:00:00",Nederland,ElectricityMix,Hour,UTC,Providing,Current,17473179,17473179,0.28603975,4907729,0.281003
"2026-02-24 11:00:00","2026-02-24 12:00:00",Nederland,ElectricityMix,Hour,UTC,Providing,Current,17899509,17899509,0.293018,4786539,0.2674395
"2026-02-24 12:00:00","2026-02-24 13:00:00",Nederland,ElectricityMix,Hour,UTC,Providing,Current,18190750,18190750,0.29778475,4837198,0.265919
"2026-02-24 13:00:00","2026-02-24 14:00:00",Nederland,ElectricityMix,Hour,UTC,Providing,Current,17713676,17713676,0.28997425,4864327,0.27466
"2026-02-24 14:00:00","2026-02-24 15:00:00",Nederland,ElectricityMix,Hour,UTC,Providing,Current,16614410,16614410,0.27197875,4918459,0.29630125
"2026-02-24 15:00:00","2026-02-24 16:00:00",Nederland,ElectricityMix,Hour,UTC,Providing,Current,15385167,15385167,0.251855,4934981,0.32079225
"2026-02-24 16:00:00","2026-02-24 17:00:00",Nederland,ElectricityMix,Hour,UTC,Providing,Current,14624407,14624407,0.23940075,5001242,0.34212625
"2026-02-24 17:00:00","2026-02-24 18:00:00",Nederland,ElectricityMix,Hour,UTC,Providing,Current,14042296,14042296,0.2298715,4938009,0.351648
"2026-02-24 18:00:00","2026-02-24 19:00:00",Nederland,ElectricityMix,Hour,UTC,Providing,Current,14242676,14242676,0.23315075,4828439,0.33906575
"2026-02-24 19:00:00","2026-02-24 20:00:00",Nederland,ElectricityMix,Hour,UTC,Providing,Current,14806119,14806119,0.242374,4847450,0.3274155
"2026-02-24 20:00:00","2026-02-24 21:00:00",Nederland,ElectricityMix,Hour,UTC,Providing,Current,15193975,15193975,0.24872225,4791431,0.31536375
"2026-02-24 21:00:00","2026-02-24 22:00:00",Nederland,ElectricityMix,Hour,UTC,Providing,Current,14830621,14830621,0.24277375,4522958,0.30497125
"2026-02-24 22:00:00","2026-02-24 23:00:00",Nederland,ElectricityMix,Hour,UTC,Providing,Current,14379244,14379244,0.23538425,4321281,0.30051975
"2026-02-24 23:00:00","2026-02-25 00:00:00",Nederland,ElectricityMix,Hour,UTC,Providing,Current,13267735,13267735,0.2171885,3836681,0.289156
"2026-02-25 00:00:00","2026-02-25 01:00:00",Nederland,ElectricityMix,Hour,UTC,Providing,Current,12718003,12718003,0.208189,3703306,0.29119125
"2026-02-25 01:00:00","2026-02-25 02:00:00",Nederland,ElectricityMix,Hour,UTC,Providing,Current,12082285,12082285,0.197782,3550304,0.29384175
"2026-02-25 02:00:00","2026-02-25 03:00:00",Nederland,ElectricityMix,Hour,UTC,Providing,Current,12126490,12126490,0.19850525,3688080,0.30416475
"2026-02-25 03:00:00","2026-02-25 04:00:00",Nederland,ElectricityMix,Hour,UTC,Providing,Current,11845811,11845811,0.19391025,3729803,0.31486275
"2026-02-25 04:00:00","2026-02-25 05:00:00",Nederland,ElectricityMix,Hour,UTC,Providing,Current,12110568,12110568,0.19824375,3798802,0.313695
"2026-02-25 05:00:00","2026-02-25 06:00:00",Nederland,ElectricityMix,Hour,UTC,Providing,Current,12951422,12951422,0.2120075,3925705,0.3031365
"2026-02-25 06:00:00","2026-02-25 07:00:00",Nederland,ElectricityMix,Hour,UTC,Providing,Current,13653774,13653774,0.223504,4051206,0.29673675
"2026-02-25 07:00:00","2026-02-25 08:00:00",Nederland,ElectricityMix,Hour,UTC,Providing,Current,14811840,14811840,0.24246025,3956646,0.267899
"2026-02-25 08:00:00","2026-02-25 09:00:00",Nederland,ElectricityMix,Hour,UTC,Providing,Current,17381593,17381593,0.28452475,3587822,0.206945
"2026-02-25 09:00:00","2026-02-25 10:00:00",Nederland,ElectricityMix,Hour,UTC,Providing,Current,19386840,19386840,0.3173485,2568001,0.1330345
"2026-02-25 10:00:00","2026-02-25 11:00:00",Nederland,ElectricityMix,Hour,UTC,Providing,Current,21511201,21511201,0.35212175,1928340,0.089799275
"2026-02-25 11:00:00","2026-02-25 12:00:00",Nederland,ElectricityMix,Hour,UTC,Providing,Current,22435364,22435364,0.3672485,1468680,0.06548525
"2026-02-25 12:00:00","2026-02-25 13:00:00",Nederland,ElectricityMix,Hour,UTC,Providing,Current,22924260,22924260,0.3752505,1325667,0.057828175
"2026-02-25 13:00:00","2026-02-25 14:00:00",Nederland,ElectricityMix,Hour,UTC,Providing,Current,21770060,21770060,0.3563565,1401844,0.064518
"2026-02-25 14:00:00","2026-02-25 15:00:00",Nederland,ElectricityMix,Hour,UTC,Providing,Current,19486439,19486439,0.31897475,1782797,0.091799125
"2026-02-25 15:00:00","2026-02-25 16:00:00",Nederland,ElectricityMix,Hour,UTC,Providing,Current,17832705,17832705,0.291904,2747652,0.1548505
"2026-02-25 16:00:00","2026-02-25 17:00:00",Nederland,ElectricityMix,Hour,UTC,Providing,Current,13954286,13954286,0.22841775,3234751,0.234628
"2026-02-25 17:00:00","2026-02-25 18:00:00",Nederland,ElectricityMix,Hour,UTC,Providing,Current,11119676,11119676,0.1820175,3304631,0.29719525
"2026-02-25 18:00:00","2026-02-25 19:00:00",Nederland,ElectricityMix,Hour,UTC,Providing,Current,10873572,10873572,0.1779885,3167232,0.29122925
"2026-02-25 19:00:00","2026-02-25 20:00:00",Nederland,ElectricityMix,Hour,UTC,Providing,Current,10980316,10980316,0.17973525,3018315,0.27487025
"2026-02-25 20:00:00","2026-02-25 21:00:00",Nederland,ElectricityMix,Hour,UTC,Providing,Current,10282270,10282270,0.16830875,2467442,0.23984025
"2026-02-25 21:00:00","2026-02-25 22:00:00",Nederland,ElectricityMix,Hour,UTC,Providing,Current,10281642,10281642,0.168298,2137886,0.2078455
"2026-02-25 22:00:00","2026-02-25 23:00:00",Nederland,ElectricityMix,Hour,UTC,Providing,Current,9816860,9816860,0.16068975,1844288,0.18786275
"2026-02-25 23:00:00","2026-02-26 00:00:00",Nederland,ElectricityMix,Hour,UTC,Providing,Current,9227302,9227302,0.15103925,1557006,0.16868575
"2026-02-26 00:00:00","2026-02-26 01:00:00",Nederland,ElectricityMix,Hour,UTC,Providing,Current,8982514,8982514,0.14703175,1379944,0.15362075
"2026-02-26 01:00:00","2026-02-26 02:00:00",Nederland,ElectricityMix,Hour,UTC,Providing,Current,8643969,8643969,0.14149,1270482,0.1469865
"2026-02-26 02:00:00","2026-02-26 03:00:00",Nederland,ElectricityMix,Hour,UTC,Providing,Current,8360796,8360796,0.13685425,1347798,0.161231
"2026-02-26 03:00:00","2026-02-26 04:00:00",Nederland,ElectricityMix,Hour,UTC,Providing,Current,8310342,8310342,0.13602825,1351544,0.16262225
"2026-02-26 04:00:00","2026-02-26 05:00:00",Nederland,ElectricityMix,Hour,UTC,Providing,Current,8664862,8664862,0.14183075,1466928,0.16928
"2026-02-26 05:00:00","2026-02-26 06:00:00",Nederland,ElectricityMix,Hour,UTC,Providing,Current,9894922,9894922,0.16196475,1919833,0.19385125
"2026-02-26 06:00:00","2026-02-26 07:00:00",Nederland,ElectricityMix,Hour,UTC,Providing,Current,11042796,11042796,0.18075325,2158391,0.195517
"2026-02-26 07:00:00","2026-02-26 08:00:00",Nederland,ElectricityMix,Hour,UTC,Providing,Current,11771840,11771840,0.192686,2056048,0.1749455
"2026-02-26 08:00:00","2026-02-26 09:00:00",Nederland,ElectricityMix,Hour,UTC,Providing,Current,14509686,14509686,0.23749925,1941560,0.1348275
"2026-02-26 09:00:00","2026-02-26 10:00:00",Nederland,ElectricityMix,Hour,UTC,Providing,Current,17250116,17250116,0.28235525,1381913,0.0807876
"2026-02-26 10:00:00","2026-02-26 11:00:00",Nederland,ElectricityMix,Hour,UTC,Providing,Current,20601901,20601901,0.3372175,1068766,0.0521333
"2026-02-26 11:00:00","2026-02-26 12:00:00",Nederland,ElectricityMix,Hour,UTC,Providing,Current,23331333,23331333,0.38189275,877197,0.0376049
"2026-02-26 12:00:00","2026-02-26 13:00:00",Nederland,ElectricityMix,Hour,UTC,Providing,Current,23209806,23209806,0.3799025,850535,0.036645425
"2026-02-26 13:00:00","2026-02-26 14:00:00",Nederland,ElectricityMix,Hour,UTC,Providing,Current,22507868,22507868,0.368412,841512,0.037401775
"2026-02-26 14:00:00","2026-02-26 15:00:00",Nederland,ElectricityMix,Hour,UTC,Providing,Current,20737612,20737612,0.33943525,875885,0.042322075
"2026-02-26 15:00:00","2026-02-26 16:00:00",Nederland,ElectricityMix,Hour,UTC,Providing,Current,17835874,17835874,0.2919385,1246747,0.070290075
"2026-02-26 16:00:00","2026-02-26 17:00:00",Nederland,ElectricityMix,Hour,UTC,Providing,Current,15450255,15450255,0.25289025,1682230,0.109483675
"2026-02-26 17:00:00","2026-02-26 18:00:00",Nederland,ElectricityMix,Hour,UTC,Providing,Current,13510600,13510600,0.221141,1829936,0.13542725
"2026-02-26 18:00:00","2026-02-26 19:00:00",Nederland,ElectricityMix,Hour,UTC,Providing,Current,14295270,14295270,0.233984,1832488,0.1282665
"2026-02-26 19:00:00","2026-02-26 20:00:00",Nederland,ElectricityMix,Hour,UTC,Providing,Current,14958823,14958823,0.2448445,1859473,0.12429675
"2026-02-26 20:00:00","2026-02-26 21:00:00",Nederland,ElectricityMix,Hour,UTC,Providing,Current,13337661,13337661,0.21830875,1477924,0.11073325
"2026-02-26 21:00:00","2026-02-26 22:00:00",Nederland,ElectricityMix,Hour,UTC,Providing,Current,11842798,11842798,0.193841,1079112,0.0910825
"2026-02-26 22:00:00","2026-02-26 23:00:00",Nederland,ElectricityMix,Hour,UTC,Providing,Current,11074774,11074774,0.18126925,949615,0.085746875
"2026-02-26 23:00:00","2026-02-27 00:00:00",Nederland,ElectricityMix,Hour,UTC,Providing,Current,10881509,10881509,0.1781055,875291,0.080438275
"2026-02-27 00:00:00","2026-02-27 01:00:00",Nederland,ElectricityMix,Hour,UTC,Providing,Current,11121246,11121246,0.182029,865936,0.077878325
"2026-02-27 01:00:00","2026-02-27 02:00:00",Nederland,ElectricityMix,Hour,UTC,Providing,Current,11671380,11671380,0.191033,869547,0.074514975
"2026-02-27 02:00:00","2026-02-27 03:00:00",Nederland,ElectricityMix,Hour,UTC,Providing,Current,11683721,11683721,0.1912345,878456,0.075190725
"2026-02-27 03:00:00","2026-02-27 04:00:00",Nederland,ElectricityMix,Hour,UTC,Providing,Current,11504971,11504971,0.18830825,905704,0.078730625
"2026-02-27 04:00:00","2026-02-27 05:00:00",Nederland,ElectricityMix,Hour,UTC,Providing,Current,11038863,11038863,0.180679,958035,0.086824875
"2026-02-27 05:00:00","2026-02-27 06:00:00",Nederland,ElectricityMix,Hour,UTC,Providing,Current,11196206,11196206,0.18325375,1202366,0.10737075
"2026-02-27 06:00:00","2026-02-27 07:00:00",Nederland,ElectricityMix,Hour,UTC,Providing,Current,11944553,11944553,0.195502,1538555,0.12880775
"2026-02-27 07:00:00","2026-02-27 08:00:00",Nederland,ElectricityMix,Hour,UTC,Providing,Current,12659144,12659144,0.20719725,1445507,0.1147065
"2026-02-27 08:00:00","2026-02-27 09:00:00",Nederland,ElectricityMix,Hour,UTC,Providing,Current,15555137,15555137,0.2545965,1193418,0.077104225
"2026-02-27 09:00:00","2026-02-27 10:00:00",Nederland,ElectricityMix,Hour,UTC,Providing,Current,18263877,18263877,0.29893075,937840,0.051431975
"2026-02-27 10:00:00","2026-02-27 11:00:00",Nederland,ElectricityMix,Hour,UTC,Providing,Current,20928620,20928620,0.34254475,896716,0.042863975
"2026-02-27 11:00:00","2026-02-27 12:00:00",Nederland,ElectricityMix,Hour,UTC,Providing,Current,20383647,20383647,0.333624,920711,0.0452137
"2026-02-27 12:00:00","2026-02-27 13:00:00",Nederland,ElectricityMix,Hour,UTC,Providing,Current,18586716,18586716,0.3042125,1072529,0.057834175
"2026-02-27 13:00:00","2026-02-27 14:00:00",Nederland,ElectricityMix,Hour,UTC,Providing,Current,16553768,16553768,0.2709385,1367819,0.082868475
"2026-02-27 14:00:00","2026-02-27 15:00:00",Nederland,ElectricityMix,Hour,UTC,Providing,Current,16342896,16342896,0.26748625,1882915,0.1149885
"2026-02-27 15:00:00","2026-02-27 16:00:00",Nederland,ElectricityMix,Hour,UTC,Providing,Current,16546148,16546148,0.270812,2721332,0.164774
"2026-02-27 16:00:00","2026-02-27 17:00:00",Nederland,ElectricityMix,Hour,UTC,Providing,Current,15690201,15690201,0.25680225,3163622,0.20170725
"2026-02-27 17:00:00","2026-02-27 18:00:00",Nederland,ElectricityMix,Hour,UTC,Providing,Current,15073933,15073933,0.24671525,3099563,0.20562175
"2026-02-27 18:00:00","2026-02-27 19:00:00",Nederland,ElectricityMix,Hour,UTC,Providing,Current,15131542,15131542,0.24765725,3114556,0.2058295
"2026-02-27 19:00:00","2026-02-27 20:00:00",Nederland,ElectricityMix,Hour,UTC,Providing,Current,14144724,14144724,0.23150575,2800656,0.19793325
"2026-02-27 20:00:00","2026-02-27 21:00:00",Nederland,ElectricityMix,Hour,UTC,Providing,Current,13269444,13269444,0.2171795,2517712,0.18971725
"2026-02-27 21:00:00","2026-02-27 22:00:00",Nederland,ElectricityMix,Hour,UTC,Providing,Current,12105642,12105642,0.198131,2189350,0.18084025
"2026-02-27 22:00:00","2026-02-27 23:00:00",Nederland,ElectricityMix,Hour,UTC,Providing,Current,10492401,10492401,0.17172725,1624753,0.1545225
"2026-02-27 23:00:00","2026-02-28 00:00:00",Nederland,ElectricityMix,Hour,UTC,Providing,Current,9178343,9178343,0.15021975,1142439,0.124403
"2026-02-28 00:00:00","2026-02-28 01:00:00",Nederland,ElectricityMix,Hour,UTC,Providing,Current,9063257,9063257,0.148336,1047713,0.1156065
"2026-02-28 01:00:00","2026-02-28 02:00:00",Nederland,ElectricityMix,Hour,UTC,Providing,Current,9269615,9269615,0.15171275,1035107,0.1116665
"2026-02-28 02:00:00","2026-02-28 03:00:00",Nederland,ElectricityMix,Hour,UTC,Providing,Current,9304346,9304346,0.15228075,923403,0.099278075
"2026-02-28 03:00:00","2026-02-28 04:00:00",Nederland,ElectricityMix,Hour,UTC,Providing,Current,9856960,9856960,0.161325,892408,0.090594275
"2026-02-28 04:00:00","2026-02-28 05:00:00",Nederland,ElectricityMix,Hour,UTC,Providing,Current,10163297,10163297,0.16633825,872347,0.0858278
"2026-02-28 05:00:00","2026-02-28 06:00:00",Nederland,ElectricityMix,Hour,UTC,Providing,Current,10753283,10753283,0.17599375,948617,0.08823685
"2026-02-28 06:00:00","2026-02-28 07:00:00",Nederland,ElectricityMix,Hour,UTC,Providing,Current,11555332,11555332,0.18912,1001778,0.08670545
"2026-02-28 07:00:00","2026-02-28 08:00:00",Nederland,ElectricityMix,Hour,UTC,Providing,Current,12552067,12552067,0.2054325,1038775,0.082918575
"2026-02-28 08:00:00","2026-02-28 09:00:00",Nederland,ElectricityMix,Hour,UTC,Providing,Current,13838265,13838265,0.2264825,940550,0.06796255
"2026-02-28 09:00:00","2026-02-28 10:00:00",Nederland,ElectricityMix,Hour,UTC,Providing,Current,14996466,14996466,0.2454375,838104,0.056005325
"2026-02-28 10:00:00","2026-02-28 11:00:00",Nederland,ElectricityMix,Hour,UTC,Providing,Current,16609123,16609123,0.27183,827716,0.049837625
"2026-02-28 11:00:00","2026-02-28 12:00:00",Nederland,ElectricityMix,Hour,UTC,Providing,Current,17519346,17519346,0.28672625,814752,0.046521675
"2026-02-28 12:00:00","2026-02-28 13:00:00",Nederland,ElectricityMix,Hour,UTC,Providing,Current,17272385,17272385,0.282684,821342,0.047600075
"2026-02-28 13:00:00","2026-02-28 14:00:00",Nederland,ElectricityMix,Hour,UTC,Providing,Current,16855205,16855205,0.2758555,843245,0.050028325
"2026-02-28 14:00:00","2026-02-28 15:00:00",Nederland,ElectricityMix,Hour,UTC,Providing,Current,16537626,16537626,0.27065725,920440,0.05567735
"2026-02-28 15:00:00","2026-02-28 16:00:00",Nederland,ElectricityMix,Hour,UTC,Providing,Current,15952063,15952063,0.26107325,1123258,0.07042905
"2026-02-28 16:00:00","2026-02-28 17:00:00",Nederland,ElectricityMix,Hour,UTC,Providing,Current,15590480,15590480,0.255155,1416384,0.090918625
"2026-02-28 17:00:00","2026-02-28 18:00:00",Nederland,ElectricityMix,Hour,UTC,Providing,Current,14945923,14945923,0.2446055,1626446,0.108848
"2026-02-28 18:00:00","2026-02-28 19:00:00",Nederland,ElectricityMix,Hour,UTC,Providing,Current,13983472,13983472,0.2288535,1638174,0.11720775
"2026-02-28 19:00:00","2026-02-28 20:00:00",Nederland,ElectricityMix,Hour,UTC,Providing,Current,12558277,12558277,0.20552825,1655659,0.131993
"2026-02-28 20:00:00","2026-02-28 21:00:00",Nederland,ElectricityMix,Hour,UTC,Providing,Current,10822580,10822580,0.177121,1669015,0.154551
"2026-02-28 21:00:00","2026-02-28 22:00:00",Nederland,ElectricityMix,Hour,UTC,Providing,Current,9129463,9129463,0.1494115,1512255,0.16568625
"2026-02-28 22:00:00","2026-02-28 23:00:00",Nederland,ElectricityMix,Hour,UTC,Providing,Current,8448344,8448344,0.138264,1426590,0.16886275
"2026-02-28 23:00:00","2026-03-01 00:00:00",Nederland,ElectricityMix,Hour,UTC,Providing,Current,7619036,7619036,0.12469175,1243772,0.163028
"2026-03-01 00:00:00","2026-03-01 01:00:00",Nederland,ElectricityMix,Hour,UTC,Providing,Current,7218052,7218052,0.1181285,1090608,0.151112
"2026-03-01 01:00:00","2026-03-01 02:00:00",Nederland,ElectricityMix,Hour,UTC,Providing,Current,6812175,6812175,0.11148625,1030284,0.1512605
"2026-03-01 02:00:00","2026-03-01 03:00:00",Nederland,ElectricityMix,Hour,UTC,Providing,Current,6382970,6382970,0.1044615,949247,0.148711
"2026-03-01 03:00:00","2026-03-01 04:00:00",Nederland,ElectricityMix,Hour,UTC,Providing,Current,6295735,6295735,0.10303375,959676,0.152446
"2026-03-01 04:00:00","2026-03-01 05:00:00",Nederland,ElectricityMix,Hour,UTC,Providing,Current,7036989,7036989,0.1151645,1046945,0.14877925
"2026-03-01 05:00:00","2026-03-01 06:00:00",Nederland,ElectricityMix,Hour,UTC,Providing,Current,7552628,7552628,0.123603,1096911,0.1452865
"2026-03-01 06:00:00","2026-03-01 07:00:00",Nederland,ElectricityMix,Hour,UTC,Providing,Current,8095260,8095260,0.13248275,1159766,0.143311
"2026-03-01 07:00:00","2026-03-01 08:00:00",Nederland,ElectricityMix,Hour,UTC,Providing,Current,9808567,9808567,0.16052175,1121964,0.1155209
"2026-03-01 08:00:00","2026-03-01 09:00:00",Nederland,ElectricityMix,Hour,UTC,Providing,Current,13777162,13777162,0.22546875,1007734,0.07386085
"2026-03-01 09:00:00","2026-03-01 10:00:00",Nederland,ElectricityMix,Hour,UTC,Providing,Current,17748779,17748779,0.2904655,892717,0.0505207
"2026-03-01 10:00:00","2026-03-01 11:00:00",Nederland,ElectricityMix,Hour,UTC,Providing,Current,20897439,20897439,0.341994,806068,0.038655175
"2026-03-01 11:00:00","2026-03-01 12:00:00",Nederland,ElectricityMix,Hour,UTC,Providing,Current,23287548,23287548,0.381108,748223,0.03214225
"2026-03-01 12:00:00","2026-03-01 13:00:00",Nederland,ElectricityMix,Hour,UTC,Providing,Current,23283408,23283408,0.38103875,727138,0.031260975
"2026-03-01 13:00:00","2026-03-01 14:00:00",Nederland,ElectricityMix,Hour,UTC,Providing,Current,21410623,21410623,0.35038975,730170,0.034161825
"2026-03-01 14:00:00","2026-03-01 15:00:00",Nederland,ElectricityMix,Hour,UTC,Providing,Current,19057949,19057949,0.31188675,781210,0.04105045
"2026-03-01 15:00:00","2026-03-01 16:00:00",Nederland,ElectricityMix,Hour,UTC,Providing,Current,16676160,16676160,0.27290775,1045007,0.062988925
"2026-03-01 16:00:00","2026-03-01 17:00:00",Nederland,ElectricityMix,Hour,UTC,Providing,Current,15135224,15135224,0.2476895,1386403,0.091769975
"2026-03-01 17:00:00","2026-03-01 18:00:00",Nederland,ElectricityMix,Hour,UTC,Providing,Current,13264664,13264664,0.217077,1422845,0.10729275
"2026-03-01 18:00:00","2026-03-01 19:00:00",Nederland,ElectricityMix,Hour,UTC,Providing,Current,12655512,12655512,0.2071075,1391194,0.109928
"2026-03-01 19:00:00","2026-03-01 20:00:00",Nederland,ElectricityMix,Hour,UTC,Providing,Current,12651346,12651346,0.20703875,1302759,0.1029584
"2026-03-01 20:00:00","2026-03-01 21:00:00",Nederland,ElectricityMix,Hour,UTC,Providing,Current,12055004,12055004,0.1972795,1064708,0.0883254
"2026-03-01 21:00:00","2026-03-01 22:00:00",Nederland,ElectricityMix,Hour,UTC,Providing,Current,11655375,11655375,0.190739,999926,0.085851975
"2026-03-01 22:00:00","2026-03-01 23:00:00",Nederland,ElectricityMix,Hour,UTC,Providing,Current,10563053,10563053,0.17286275,938631,0.088874425
"2026-03-01 23:00:00","2026-03-02 00:00:00",Nederland,ElectricityMix,Hour,UTC,Providing,Current,9591142,9591142,0.1569575,838371,0.087440925
"2026-03-02 00:00:00","2026-03-02 01:00:00",Nederland,ElectricityMix,Hour,UTC,Providing,Current,8907554,8907554,0.14577,908519,0.102081225
"2026-03-02 01:00:00","2026-03-02 02:00:00",Nederland,ElectricityMix,Hour,UTC,Providing,Current,8465038,8465038,0.13852825,995467,0.11764075
"2026-03-02 02:00:00","2026-03-02 03:00:00",Nederland,ElectricityMix,Hour,UTC,Providing,Current,8080447,8080447,0.132234,1029125,0.127368
"2026-03-02 03:00:00","2026-03-02 04:00:00",Nederland,ElectricityMix,Hour,UTC,Providing,Current,8385815,8385815,0.137231,1195184,0.14246775
"2026-03-02 04:00:00","2026-03-02 05:00:00",Nederland,ElectricityMix,Hour,UTC,Providing,Current,9406307,9406307,0.1539305,1579212,0.16772175
"2026-03-02 05:00:00","2026-03-02 06:00:00",Nederland,ElectricityMix,Hour,UTC,Providing,Current,11104429,11104429,0.181719,2124210,0.19118675
"2026-03-02 06:00:00","2026-03-02 07:00:00",Nederland,ElectricityMix,Hour,UTC,Providing,Current,11998379,11998379,0.196348,2436871,0.20309125
"2026-03-02 07:00:00","2026-03-02 08:00:00",Nederland,ElectricityMix,Hour,UTC,Providing,Current,14431400,14431400,0.2361625,2468169,0.172225
"2026-03-02 08:00:00","2026-03-02 09:00:00",Nederland,ElectricityMix,Hour,UTC,Providing,Current,17213264,17213264,0.2816855,1934658,0.112854175
"2026-03-02 09:00:00","2026-03-02 10:00:00",Nederland,ElectricityMix,Hour,UTC,Providing,Current,19108452,19108452,0.31269875,1465185,0.076900725
"2026-03-02 10:00:00","2026-03-02 11:00:00",Nederland,ElectricityMix,Hour,UTC,Providing,Current,21558466,21558466,0.35279075,1232551,0.057240175
"2026-03-02 11:00:00","2026-03-02 12:00:00",Nederland,ElectricityMix,Hour,UTC,Providing,Current,22253430,22253430,0.36416275,1093944,0.04916325
"2026-03-02 12:00:00","2026-03-02 13:00:00",Nederland,ElectricityMix,Hour,UTC,Providing,Current,22285410,22285410,0.36468475,1131201,0.050746075
"2026-03-02 13:00:00","2026-03-02 14:00:00",Nederland,ElectricityMix,Hour,UTC,Providing,Current,22483542,22483542,0.3679265,1327575,0.0590981
"2026-03-02 14:00:00","2026-03-02 15:00:00",Nederland,ElectricityMix,Hour,UTC,Providing,Current,20646643,20646643,0.337866,1696469,0.082514825
"2026-03-02 15:00:00","2026-03-02 16:00:00",Nederland,ElectricityMix,Hour,UTC,Providing,Current,18329908,18329908,0.2999535,2522318,0.13826825
"2026-03-02 16:00:00","2026-03-02 17:00:00",Nederland,ElectricityMix,Hour,UTC,Providing,Current,15577012,15577012,0.254904,3559619,0.23066425
"2026-03-02 17:00:00","2026-03-02 18:00:00",Nederland,ElectricityMix,Hour,UTC,Providing,Current,12083691,12083691,0.19773875,3804820,0.314985
"2026-03-02 18:00:00","2026-03-02 19:00:00",Nederland,ElectricityMix,Hour,UTC,Providing,Current,11844573,11844573,0.19382525,3827618,0.3231545
"2026-03-02 19:00:00","2026-03-02 20:00:00",Nederland,ElectricityMix,Hour,UTC,Providing,Current,11455910,11455910,0.1874645,3635046,0.31718975
"2026-03-02 20:00:00","2026-03-02 21:00:00",Nederland,ElectricityMix,Hour,UTC,Providing,Current,10003376,10003376,0.16369475,3007059,0.300552
"2026-03-02 21:00:00","2026-03-02 22:00:00",Nederland,ElectricityMix,Hour,UTC,Providing,Current,9327647,9327647,0.152637,2607527,0.27949875
"2026-03-02 22:00:00","2026-03-02 23:00:00",Nederland,ElectricityMix,Hour,UTC,Providing,Current,8286530,8286530,0.1356,2264736,0.273357
"2026-03-02 23:00:00","2026-03-03 00:00:00",Nederland,ElectricityMix,Hour,UTC,Providing,Current,8383147,8383147,0.1371805,2352958,0.28068
"2026-03-03 00:00:00","2026-03-03 01:00:00",Nederland,ElectricityMix,Hour,UTC,Providing,Current,8542207,8542207,0.139783,2396357,0.2805305
"2026-03-03 01:00:00","2026-03-03 02:00:00",Nederland,ElectricityMix,Hour,UTC,Providing,Current,8490379,8490379,0.1389345,2471628,0.29115
"2026-03-03 02:00:00","2026-03-03 03:00:00",Nederland,ElectricityMix,Hour,UTC,Providing,Current,8615754,8615754,0.1409855,2710231,0.314511
"2026-03-03 03:00:00","2026-03-03 04:00:00",Nederland,ElectricityMix,Hour,UTC,Providing,Current,8951460,8951460,0.14647875,2980254,0.3328925
"2026-03-03 04:00:00","2026-03-03 05:00:00",Nederland,ElectricityMix,Hour,UTC,Providing,Current,9459797,9459797,0.154797,3321368,0.35105175
"2026-03-03 05:00:00","2026-03-03 06:00:00",Nederland,ElectricityMix,Hour,UTC,Providing,Current,10810794,10810794,0.17690325,3894716,0.3602065
"2026-03-03 06:00:00","2026-03-03 07:00:00",Nederland,ElectricityMix,Hour,UTC,Providing,Current,11515402,11515402,0.188433,4119944,0.357791
"2026-03-03 07:00:00","2026-03-03 08:00:00",Nederland,ElectricityMix,Hour,UTC,Providing,Current,13172183,13172183,0.215543,3904979,0.29873325
"2026-03-03 08:00:00","2026-03-03 09:00:00",Nederland,ElectricityMix,Hour,UTC,Providing,Current,14528991,14528991,0.237745,2743207,0.18941925
"2026-03-03 09:00:00","2026-03-03 10:00:00",Nederland,ElectricityMix,Hour,UTC,Providing,Current,15900293,15900293,0.26018375,1716445,0.108500125
"2026-03-03 10:00:00","2026-03-03 11:00:00",Nederland,ElectricityMix,Hour,UTC,Providing,Current,17898495,17898495,0.29288025,1326268,0.0742731
"2026-03-03 11:00:00","2026-03-03 12:00:00",Nederland,ElectricityMix,Hour,UTC,Providing,Current,19296114,19296114,0.31574925,1198380,0.0621278
"2026-03-03 12:00:00","2026-03-03 13:00:00",Nederland,ElectricityMix,Hour,UTC,Providing,Current,19562524,19562524,0.32010775,1154977,0.0590387
"2026-03-03 13:00:00","2026-03-03 14:00:00",Nederland,ElectricityMix,Hour,UTC,Providing,Current,19574064,19574064,0.32029575,1317874,0.0673783
"2026-03-03 14:00:00","2026-03-03 15:00:00",Nederland,ElectricityMix,Hour,UTC,Providing,Current,18590190,18590190,0.30419575,1959328,0.10565975
"2026-03-03 15:00:00","2026-03-03 16:00:00",Nederland,ElectricityMix,Hour,UTC,Providing,Current,17298490,17298490,0.2830585,2797597,0.16189075
"2026-03-03 16:00:00","2026-03-03 17:00:00",Nederland,ElectricityMix,Hour,UTC,Providing,Current,15854931,15854931,0.25943675,3815442,0.24170175
"2026-03-03 17:00:00","2026-03-03 18:00:00",Nederland,ElectricityMix,Hour,UTC,Providing,Current,13288443,13288443,0.21744025,4084660,0.307471
"2026-03-03 18:00:00","2026-03-03 19:00:00",Nederland,ElectricityMix,Hour,UTC,Providing,Current,13111343,13111343,0.214542,4043872,0.3084195
"2026-03-03 19:00:00","2026-03-03 20:00:00",Nederland,ElectricityMix,Hour,UTC,Providing,Current,13065201,13065201,0.2137865,3884436,0.29730425
"2026-03-03 20:00:00","2026-03-03 21:00:00",Nederland,ElectricityMix,Hour,UTC,Providing,Current,12553631,12553631,0.20541475,3600954,0.286831
"2026-03-03 21:00:00","2026-03-03 22:00:00",Nederland,ElectricityMix,Hour,UTC,Providing,Current,12001733,12001733,0.19638375,3425562,0.28542875
"2026-03-03 22:00:00","2026-03-03 23:00:00",Nederland,ElectricityMix,Hour,UTC,Providing,Current,10892034,10892034,0.17822525,3088562,0.28353225
"2026-03-03 23:00:00","2026-03-04 00:00:00",Nederland,ElectricityMix,Hour,UTC,Providing,Current,9103146,9103146,0.14895375,2519468,0.27678975
"2026-03-04 00:00:00","2026-03-04 01:00:00",Nederland,ElectricityMix,Hour,UTC,Providing,Current,8314628,8314628,0.136051,2368839,0.2849685
"2026-03-04 01:00:00","2026-03-04 02:00:00",Nederland,ElectricityMix,Hour,UTC,Providing,Current,8077750,8077750,0.1321745,2374446,0.29393
"2026-03-04 02:00:00","2026-03-04 03:00:00",Nederland,ElectricityMix,Hour,UTC,Providing,Current,8026593,8026593,0.13133725,2461810,0.306728
"2026-03-04 03:00:00","2026-03-04 04:00:00",Nederland,ElectricityMix,Hour,UTC,Providing,Current,8090268,8090268,0.13237875,2547071,0.3148305
"2026-03-04 04:00:00","2026-03-04 05:00:00",Nederland,ElectricityMix,Hour,UTC,Providing,Current,8990620,8990620,0.1471105,2950134,0.32789
"2026-03-04 05:00:00","2026-03-04 06:00:00",Nederland,ElectricityMix,Hour,UTC,Providing,Current,11197127,11197127,0.1832145,3868888,0.3454745
"2026-03-04 06:00:00","2026-03-04 07:00:00",Nederland,ElectricityMix,Hour,UTC,Providing,Current,11825472,11825472,0.1934955,4111650,0.3476995
"2026-03-04 07:00:00","2026-03-04 08:00:00",Nederland,ElectricityMix,Hour,UTC,Providing,Current,13394761,13394761,0.2191725,3992173,0.2994185
"2026-03-04 08:00:00","2026-03-04 09:00:00",Nederland,ElectricityMix,Hour,UTC,Providing,Current,15593000,15593000,0.2551405,3370119,0.21683
"2026-03-04 09:00:00","2026-03-04 10:00:00",Nederland,ElectricityMix,Hour,UTC,Providing,Current,16688564,16688564,0.27306625,2129530,0.128139
"2026-03-04 10:00:00","2026-03-04 11:00:00",Nederland,ElectricityMix,Hour,UTC,Providing,Current,18574566,18574566,0.30392475,1749084,0.09425825
"2026-03-04 11:00:00","2026-03-04 12:00:00",Nederland,ElectricityMix,Hour,UTC,Providing,Current,19316765,19316765,0.3160685,1396012,0.072309925
"2026-03-04 12:00:00","2026-03-04 13:00:00",Nederland,ElectricityMix,Hour,UTC,Providing,Current,19495471,19495471,0.31899175,1337933,0.068639925
"2026-03-04 13:00:00","2026-03-04 14:00:00",Nederland,ElectricityMix,Hour,UTC,Providing,Current,18178105,18178105,0.29743575,1508083,0.0831195
"2026-03-04 14:00:00","2026-03-04 15:00:00",Nederland,ElectricityMix,Hour,UTC,Providing,Current,16737402,16737402,0.27386175,1998938,0.1199195
"2026-03-04 15:00:00","2026-03-04 16:00:00",Nederland,ElectricityMix,Hour,UTC,Providing,Current,15382456,15382456,0.25169125,2980386,0.1939975
"2026-03-04 16:00:00","2026-03-04 17:00:00",Nederland,ElectricityMix,Hour,UTC,Providing,Current,13725513,13725513,0.22457925,3857986,0.28271
"2026-03-04 17:00:00","2026-03-04 18:00:00",Nederland,ElectricityMix,Hour,UTC,Providing,Current,11401232,11401232,0.1865485,4066288,0.356724
"2026-03-04 18:00:00","2026-03-04 19:00:00",Nederland,ElectricityMix,Hour,UTC,Providing,Current,11571923,11571923,0.18934125,4146650,0.35834425
"2026-03-04 19:00:00","2026-03-04 20:00:00",Nederland,ElectricityMix,Hour,UTC,Providing,Current,11594187,11594187,0.18970475,4062102,0.350356
"2026-03-04 20:00:00","2026-03-04 21:00:00",Nederland,ElectricityMix,Hour,UTC,Providing,Current,11048680,11048680,0.18077875,3710842,0.3357765
"2026-03-04 21:00:00","2026-03-04 22:00:00",Nederland,ElectricityMix,Hour,UTC,Providing,Current,9285958,9285958,0.15193675,2883552,0.3102935
"2026-03-04 22:00:00","2026-03-04 23:00:00",Nederland,ElectricityMix,Hour,UTC,Providing,Current,8439362,8439362,0.1380845,2455674,0.29097825
"2026-03-04 23:00:00","2026-03-05 00:00:00",Nederland,ElectricityMix,Hour,UTC,Providing,Current,7838484,7838484,0.1282525,2274657,0.29012575
"2026-03-05 00:00:00","2026-03-05 01:00:00",Nederland,ElectricityMix,Hour,UTC,Providing,Current,7367815,7367815,0.12055125,2090515,0.283715
"2026-03-05 01:00:00","2026-03-05 02:00:00",Nederland,ElectricityMix,Hour,UTC,Providing,Current,7371433,7371433,0.12061,2028891,0.2752495
"2026-03-05 02:00:00","2026-03-05 03:00:00",Nederland,ElectricityMix,Hour,UTC,Providing,Current,7254701,7254701,0.1187,2092825,0.28852575
"2026-03-05 03:00:00","2026-03-05 04:00:00",Nederland,ElectricityMix,Hour,UTC,Providing,Current,7124127,7124127,0.116563,2103634,0.29529975
"2026-03-05 04:00:00","2026-03-05 05:00:00",Nederland,ElectricityMix,Hour,UTC,Providing,Current,7877926,7877926,0.12889625,2386531,0.30274725
"2026-03-05 05:00:00","2026-03-05 06:00:00",Nederland,ElectricityMix,Hour,UTC,Providing,Current,10259191,10259191,0.1678575,3174110,0.30941675
"2026-03-05 06:00:00","2026-03-05 07:00:00",Nederland,ElectricityMix,Hour,UTC,Providing,Current,11155121,11155121,0.182516,3351891,0.30051075
"2026-03-05 07:00:00","2026-03-05 08:00:00",Nederland,ElectricityMix,Hour,UTC,Providing,Current,13117408,13117408,0.2146215,3167705,0.24358425
"2026-03-05 08:00:00","2026-03-05 09:00:00",Nederland,ElectricityMix,Hour,UTC,Providing,Current,15071373,15071373,0.246591,2027942,0.13569725
"2026-03-05 09:00:00","2026-03-05 10:00:00",Nederland,ElectricityMix,Hour,UTC,Providing,Current,18122266,18122266,0.2965075,1372499,0.076211375
"2026-03-05 10:00:00","2026-03-05 11:00:00",Nederland,ElectricityMix,Hour,UTC,Providing,Current,20707775,20707775,0.33880925,1156944,0.055918825
"2026-03-05 11:00:00","2026-03-05 12:00:00",Nederland,ElectricityMix,Hour,UTC,Providing,Current,22141923,22141923,0.36227325,1132826,0.051167425
"2026-03-05 12:00:00","2026-03-05 13:00:00",Nederland,ElectricityMix,Hour,UTC,Providing,Current,22170104,22170104,0.36273325,1128061,0.050886425
"2026-03-05 13:00:00","2026-03-05 14:00:00",Nederland,ElectricityMix,Hour,UTC,Providing,Current,20817272,20817272,0.34059825,1172596,0.056415325
"2026-03-05 14:00:00","2026-03-05 15:00:00",Nederland,ElectricityMix,Hour,UTC,Providing,Current,18939545,18939545,0.3098755,1517139,0.080355775
"2026-03-05 15:00:00","2026-03-05 16:00:00",Nederland,ElectricityMix,Hour,UTC,Providing,Current,17947033,17947033,0.293636,2596577,0.14510225
"2026-03-05 16:00:00","2026-03-05 17:00:00",Nederland,ElectricityMix,Hour,UTC,Providing,Current,15365951,15365951,0.2514055,3471875,0.227894
"2026-03-05 17:00:00","2026-03-05 18:00:00",Nederland,ElectricityMix,Hour,UTC,Providing,Current,11897426,11897426,0.19465575,3656133,0.3075085
"2026-03-05 18:00:00","2026-03-05 19:00:00",Nederland,ElectricityMix,Hour,UTC,Providing,Current,11551174,11551174,0.1889905,3639893,0.31511125
"2026-03-05 19:00:00","2026-03-05 20:00:00",Nederland,ElectricityMix,Hour,UTC,Providing,Current,10396022,10396022,0.17009025,3225128,0.3102245
"2026-03-05 20:00:00","2026-03-05 21:00:00",Nederland,ElectricityMix,Hour,UTC,Providing,Current,9594360,9594360,0.15697375,2898246,0.3020335
"2026-03-05 21:00:00","2026-03-05 22:00:00",Nederland,ElectricityMix,Hour,UTC,Providing,Current,8798396,8798396,0.14395075,2711773,0.30824375
"2026-03-05 22:00:00","2026-03-05 23:00:00",Nederland,ElectricityMix,Hour,UTC,Providing,Current,7754466,7754466,0.1268705,2435927,0.31414075
"2026-03-05 23:00:00","2026-03-06 00:00:00",Nederland,ElectricityMix,Hour,UTC,Providing,Current,7579244,7579244,0.1240035,2429979,0.320613
"2026-03-06 00:00:00","2026-03-06 01:00:00",Nederland,ElectricityMix,Hour,UTC,Providing,Current,7354779,7354779,0.12033075,2478503,0.33707125
"2026-03-06 01:00:00","2026-03-06 02:00:00",Nederland,ElectricityMix,Hour,UTC,Providing,Current,7067711,7067711,0.11563375,2466434,0.34899325
"2026-03-06 02:00:00","2026-03-06 03:00:00",Nederland,ElectricityMix,Hour,UTC,Providing,Current,7169377,7169377,0.11729675,2552140,0.3559175
"2026-03-06 03:00:00","2026-03-06 04:00:00",Nederland,ElectricityMix,Hour,UTC,Providing,Current,8134221,8134221,0.133082,2965993,0.36451825
"2026-03-06 04:00:00","2026-03-06 05:00:00",Nederland,ElectricityMix,Hour,UTC,Providing,Current,9227027,9227027,0.15096075,3411558,0.369701
"2026-03-06 05:00:00","2026-03-06 06:00:00",Nederland,ElectricityMix,Hour,UTC,Providing,Current,10086061,10086061,0.165015,3751758,0.371967
"2026-03-06 06:00:00","2026-03-06 07:00:00",Nederland,ElectricityMix,Hour,UTC,Providing,Current,10536954,10536954,0.17239125,3892414,0.36942675
"2026-03-06 07:00:00","2026-03-06 08:00:00",Nederland,ElectricityMix,Hour,UTC,Providing,Current,12046468,12046468,0.1970875,3730505,0.31101625
"2026-03-06 08:00:00","2026-03-06 09:00:00",Nederland,ElectricityMix,Hour,UTC,Providing,Current,12836433,12836433,0.21001125,2714380,0.21228075
"2026-03-06 09:00:00","2026-03-06 10:00:00",Nederland,ElectricityMix,Hour,UTC,Providing,Current,14202871,14202871,0.23236625,1961679,0.138636
"2026-03-06 10:00:00","2026-03-06 11:00:00",Nederland,ElectricityMix,Hour,UTC,Providing,Current,15731905,15731905,0.2573815,1533190,0.097540075
"2026-03-06 11:00:00","2026-03-06 12:00:00",Nederland,ElectricityMix,Hour,UTC,Providing,Current,16536627,16536627,0.2705465,1396734,0.08446785
"2026-03-06 12:00:00","2026-03-06 13:00:00",Nederland,ElectricityMix,Hour,UTC,Providing,Current,16722860,16722860,0.2735925,1299309,0.07772005
"2026-03-06 13:00:00","2026-03-06 14:00:00",Nederland,ElectricityMix,Hour,UTC,Providing,Current,15500347,15500347,0.25359125,1519444,0.098255525
"2026-03-06 14:00:00","2026-03-06 15:00:00",Nederland,ElectricityMix,Hour,UTC,Providing,Current,14383701,14383701,0.235322,2203759,0.15362975
"2026-03-06 15:00:00","2026-03-06 16:00:00",Nederland,ElectricityMix,Hour,UTC,Providing,Current,13499824,13499824,0.22086075,3284681,0.24431225
"2026-03-06 16:00:00","2026-03-06 17:00:00",Nederland,ElectricityMix,Hour,UTC,Providing,Current,12092113,12092113,0.19783,4044500,0.33527975
"2026-03-06 17:00:00","2026-03-06 18:00:00",Nederland,ElectricityMix,Hour,UTC,Providing,Current,11139969,11139969,0.182252,4140713,0.371724
"2026-03-06 18:00:00","2026-03-06 19:00:00",Nederland,ElectricityMix,Hour,UTC,Providing,Current,11106935,11106935,0.181711,4106590,0.36973675
"2026-03-06 19:00:00","2026-03-06 20:00:00",Nederland,ElectricityMix,Hour,UTC,Providing,Current,10993965,10993965,0.1798625,4154712,0.37789875
"2026-03-06 20:00:00","2026-03-06 21:00:00",Nederland,ElectricityMix,Hour,UTC,Providing,Current,11052359,11052359,0.18081775,4220713,0.38188675
"2026-03-06 21:00:00","2026-03-06 22:00:00",Nederland,ElectricityMix,Hour,UTC,Providing,Current,10637905,10637905,0.1740365,4054859,0.3811805
"2026-03-06 22:00:00","2026-03-06 23:00:00",Nederland,ElectricityMix,Hour,UTC,Providing,Current,9272536,9272536,0.1516985,3516244,0.37918725
"2026-03-06 23:00:00","2026-03-07 00:00:00",Nederland,ElectricityMix,Hour,UTC,Providing,Current,8748882,8748882,0.14313125,3353584,0.38331975
"2026-03-07 00:00:00","2026-03-07 01:00:00",Nederland,ElectricityMix,Hour,UTC,Providing,Current,8534495,8534495,0.13962375,3275967,0.38385375
"2026-03-07 01:00:00","2026-03-07 02:00:00",Nederland,ElectricityMix,Hour,UTC,Providing,Current,8519695,8519695,0.139381,3273172,0.38418975
"2026-03-07 02:00:00","2026-03-07 03:00:00",Nederland,ElectricityMix,Hour,UTC,Providing,Current,8762636,8762636,0.14335525,3355950,0.38298
"2026-03-07 03:00:00","2026-03-07 04:00:00",Nederland,ElectricityMix,Hour,UTC,Providing,Current,9101429,9101429,0.1488975,3453797,0.379486
"2026-03-07 04:00:00","2026-03-07 05:00:00",Nederland,ElectricityMix,Hour,UTC,Providing,Current,9172654,9172654,0.1500625,3483617,0.379786
"2026-03-07 05:00:00","2026-03-07 06:00:00",Nederland,ElectricityMix,Hour,UTC,Providing,Current,9476461,9476461,0.155032,3518480,0.371308
"2026-03-07 06:00:00","2026-03-07 07:00:00",Nederland,ElectricityMix,Hour,UTC,Providing,Current,9770137,9770137,0.15983625,3513616,0.3596195
"2026-03-07 07:00:00","2026-03-07 08:00:00",Nederland,ElectricityMix,Hour,UTC,Providing,Current,9965460,9965460,0.16303125,3060977,0.307419
"2026-03-07 08:00:00","2026-03-07 09:00:00",Nederland,ElectricityMix,Hour,UTC,Providing,Current,9964811,9964811,0.16302025,2250127,0.22620275
"2026-03-07 09:00:00","2026-03-07 10:00:00",Nederland,ElectricityMix,Hour,UTC,Providing,Current,11162208,11162208,0.18260875,1911090,0.171611
"2026-03-07 10:00:00","2026-03-07 11:00:00",Nederland,ElectricityMix,Hour,UTC,Providing,Current,11966707,11966707,0.1957695,1576167,0.13193
"2026-03-07 11:00:00","2026-03-07 12:00:00",Nederland,ElectricityMix,Hour,UTC,Providing,Current,13196158,13196158,0.21588225,1397984,0.10598475
"2026-03-07 12:00:00","2026-03-07 13:00:00",Nederland,ElectricityMix,Hour,UTC,Providing,Current,13724532,13724532,0.2245255,1433940,0.10449975
"2026-03-07 13:00:00","2026-03-07 14:00:00",Nederland,ElectricityMix,Hour,UTC,Providing,Current,13945310,13945310,0.22813675,1584475,0.113654
"2026-03-07 14:00:00","2026-03-07 15:00:00",Nederland,ElectricityMix,Hour,UTC,Providing,Current,12690589,12690589,0.20760975,1920785,0.15221525
"2026-03-07 15:00:00","2026-03-07 16:00:00",Nederland,ElectricityMix,Hour,UTC,Providing,Current,12651991,12651991,0.20697775,3017581,0.2381415
"2026-03-07 16:00:00","2026-03-07 17:00:00",Nederland,ElectricityMix,Hour,UTC,Providing,Current,12585976,12585976,0.20589725,3799756,0.3024725
"2026-03-07 17:00:00","2026-03-07 18:00:00",Nederland,ElectricityMix,Hour,UTC,Providing,Current,11353053,11353053,0.18572725,3902346,0.34381225
"2026-03-07 18:00:00","2026-03-07 19:00:00",Nederland,ElectricityMix,Hour,UTC,Providing,Current,11006141,11006141,0.1800515,3869191,0.3515575
"2026-03-07 19:00:00","2026-03-07 20:00:00",Nederland,ElectricityMix,Hour,UTC,Providing,Current,10593394,10593394,0.17329875,3751963,0.35418
"2026-03-07 20:00:00","2026-03-07 21:00:00",Nederland,ElectricityMix,Hour,UTC,Providing,Current,10611397,10611397,0.17359275,3758261,0.35417075
"2026-03-07 21:00:00","2026-03-07 22:00:00",Nederland,ElectricityMix,Hour,UTC,Providing,Current,10736819,10736819,0.1756445,3853352,0.3588915
"2026-03-07 22:00:00","2026-03-07 23:00:00",Nederland,ElectricityMix,Hour,UTC,Providing,Current,10485271,10485271,0.17152875,3742843,0.3569585
"2026-03-07 23:00:00","2026-03-08 00:00:00",Nederland,ElectricityMix,Hour,UTC,Providing,Current,9784530,9784530,0.16006475,3411861,0.34867075
"2026-03-08 00:00:00","2026-03-08 01:00:00",Nederland,ElectricityMix,Hour,UTC,Providing,Current,9499094,9499094,0.155395,3266470,0.3438705
"2026-03-08 01:00:00","2026-03-08 02:00:00",Nederland,ElectricityMix,Hour,UTC,Providing,Current,9564001,9564001,0.1564565,3273964,0.342319
"2026-03-08 02:00:00","2026-03-08 03:00:00",Nederland,ElectricityMix,Hour,UTC,Providing,Current,9674504,9674504,0.158264,3355833,0.34687425
"2026-03-08 03:00:00","2026-03-08 04:00:00",Nederland,ElectricityMix,Hour,UTC,Providing,Current,9722050,9722050,0.159041,3405206,0.350261
"2026-03-08 04:00:00","2026-03-08 05:00:00",Nederland,ElectricityMix,Hour,UTC,Providing,Current,9690018,9690018,0.158517,3417366,0.352668
"2026-03-08 05:00:00","2026-03-08 06:00:00",Nederland,ElectricityMix,Hour,UTC,Providing,Current,9522932,9522932,0.15578325,3384844,0.3554545
"2026-03-08 06:00:00","2026-03-08 07:00:00",Nederland,ElectricityMix,Hour,UTC,Providing,Current,9368173,9368173,0.15325125,3329793,0.35540875
"2026-03-08 07:00:00","2026-03-08 08:00:00",Nederland,ElectricityMix,Hour,UTC,Providing,Current,9844590,9844590,0.16104425,3163348,0.3217775
"2026-03-08 08:00:00","2026-03-08 09:00:00",Nederland,ElectricityMix,Hour,UTC,Providing,Current,10654541,10654541,0.1742935,2612321,0.24563575
"2026-03-08 09:00:00","2026-03-08 10:00:00",Nederland,ElectricityMix,Hour,UTC,Providing,Current,11721510,11721510,0.19174725,2051709,0.175586
"2026-03-08 10:00:00","2026-03-08 11:00:00",Nederland,ElectricityMix,Hour,UTC,Providing,Current,13640092,13640092,0.22313225,1734717,0.127693
"2026-03-08 11:00:00","2026-03-08 12:00:00",Nederland,ElectricityMix,Hour,UTC,Providing,Current,16602221,16602221,0.2715875,1600489,0.0968035
"2026-03-08 12:00:00","2026-03-08 13:00:00",Nederland,ElectricityMix,Hour,UTC,Providing,Current,17854097,17854097,0.29206575,1585626,0.0888194
"2026-03-08 13:00:00","2026-03-08 14:00:00",Nederland,ElectricityMix,Hour,UTC,Providing,Current,17230889,17230889,0.28187025,1609047,0.09338885
"2026-03-08 14:00:00","2026-03-08 15:00:00",Nederland,ElectricityMix,Hour,UTC,Providing,Current,15729355,15729355,0.25730675,1875778,0.119824
"2026-03-08 15:00:00","2026-03-08 16:00:00",Nederland,ElectricityMix,Hour,UTC,Providing,Current,13941824,13941824,0.228065,2716129,0.1955355
"2026-03-08 16:00:00","2026-03-08 17:00:00",Nederland,ElectricityMix,Hour,UTC,Providing,Current,12057947,12057947,0.19724725,3498181,0.29187275
"2026-03-08 17:00:00","2026-03-08 18:00:00",Nederland,ElectricityMix,Hour,UTC,Providing,Current,9708532,9708532,0.1588145,3628081,0.37403325
"2026-03-08 18:00:00","2026-03-08 19:00:00",Nederland,ElectricityMix,Hour,UTC,Providing,Current,9513080,9513080,0.155617,3670869,0.38587875
"2026-03-08 19:00:00","2026-03-08 20:00:00",Nederland,ElectricityMix,Hour,UTC,Providing,Current,9177414,9177414,0.15012575,3535089,0.3851935
"2026-03-08 20:00:00","2026-03-08 21:00:00",Nederland,ElectricityMix,Hour,UTC,Providing,Current,8949024,8949024,0.14638925,3457309,0.38633525
"2026-03-08 21:00:00","2026-03-08 22:00:00",Nederland,ElectricityMix,Hour,UTC,Providing,Current,8752190,8752190,0.14316925,3398742,0.388332
"2026-03-08 22:00:00","2026-03-08 23:00:00",Nederland,ElectricityMix,Hour,UTC,Providing,Current,8201726,8201726,0.13416425,3195771,0.389661
"2026-03-08 23:00:00","2026-03-09 00:00:00",Nederland,ElectricityMix,Hour,UTC,Providing,Current,7805027,7805027,0.1276745,3069560,0.393284
"2026-03-09 00:00:00","2026-03-09 01:00:00",Nederland,ElectricityMix,Hour,UTC,Providing,Current,7574213,7574213,0.12389875,2997037,0.39568925
"2026-03-09 01:00:00","2026-03-09 02:00:00",Nederland,ElectricityMix,Hour,UTC,Providing,Current,7556126,7556126,0.1236025,2985274,0.39508125
"2026-03-09 02:00:00","2026-03-09 03:00:00",Nederland,ElectricityMix,Hour,UTC,Providing,Current,7482137,7482137,0.12239175,2947415,0.393927
"2026-03-09 03:00:00","2026-03-09 04:00:00",Nederland,ElectricityMix,Hour,UTC,Providing,Current,7730125,7730125,0.12644825,3045479,0.3939755
"2026-03-09 04:00:00","2026-03-09 05:00:00",Nederland,ElectricityMix,Hour,UTC,Providing,Current,8735870,8735870,0.14289975,3419678,0.39145025
"2026-03-09 05:00:00","2026-03-09 06:00:00",Nederland,ElectricityMix,Hour,UTC,Providing,Current,10139216,10139216,0.165855,3919606,0.38658075
"2026-03-09 06:00:00","2026-03-09 07:00:00",Nederland,ElectricityMix,Hour,UTC,Providing,Current,10871842,10871842,0.1778385,4133915,0.380354
"2026-03-09 07:00:00","2026-03-09 08:00:00",Nederland,ElectricityMix,Hour,UTC,Providing,Current,12635325,12635325,0.2066845,4023708,0.3197965
"2026-03-09 08:00:00","2026-03-09 09:00:00",Nederland,ElectricityMix,Hour,UTC,Providing,Current,13971657,13971657,0.22854325,3245288,0.23315775
"2026-03-09 09:00:00","2026-03-09 10:00:00",Nederland,ElectricityMix,Hour,UTC,Providing,Current,15237817,15237817,0.249254,2401285,0.1580495
"2026-03-09 10:00:00","2026-03-09 11:00:00",Nederland,ElectricityMix,Hour,UTC,Providing,Current,17112408,17112408,0.2799175,1938876,0.11352295
"2026-03-09 11:00:00","2026-03-09 12:00:00",Nederland,ElectricityMix,Hour,UTC,Providing,Current,18367605,18367605,0.3004485,1722202,0.09377975
"2026-03-09 12:00:00","2026-03-09 13:00:00",Nederland,ElectricityMix,Hour,UTC,Providing,Current,18397271,18397271,0.300933,1683027,0.09149595
"2026-03-09 13:00:00","2026-03-09 14:00:00",Nederland,ElectricityMix,Hour,UTC,Providing,Current,17763805,17763805,0.2905705,2037394,0.11477625
"2026-03-09 14:00:00","2026-03-09 15:00:00",Nederland,ElectricityMix,Hour,UTC,Providing,Current,17004101,17004101,0.278143,2804612,0.1652325
"2026-03-09 15:00:00","2026-03-09 16:00:00",Nederland,ElectricityMix,Hour,UTC,Providing,Current,15990608,15990608,0.26156425,3797465,0.2380725
"2026-03-09 16:00:00","2026-03-09 17:00:00",Nederland,ElectricityMix,Hour,UTC,Providing,Current,14253503,14253503,0.2331495,4454547,0.3136885
"2026-03-09 17:00:00","2026-03-09 18:00:00",Nederland,ElectricityMix,Hour,UTC,Providing,Current,12231439,12231439,0.200073,4676018,0.3824725
"2026-03-09 18:00:00","2026-03-09 19:00:00",Nederland,ElectricityMix,Hour,UTC,Providing,Current,12023350,12023350,0.19666875,4687313,0.3898515
"2026-03-09 19:00:00","2026-03-09 20:00:00",Nederland,ElectricityMix,Hour,UTC,Providing,Current,11834617,11834617,0.19358125,4633716,0.39153975
"2026-03-09 20:00:00","2026-03-09 21:00:00",Nederland,ElectricityMix,Hour,UTC,Providing,Current,11270018,11270018,0.18434575,4423002,0.3924505
"2026-03-09 21:00:00","2026-03-09 22:00:00",Nederland,ElectricityMix,Hour,UTC,Providing,Current,10916149,10916149,0.1785565,4303373,0.394221
"2026-03-09 22:00:00","2026-03-09 23:00:00",Nederland,ElectricityMix,Hour,UTC,Providing,Current,10019159,10019159,0.16388425,3961071,0.3953635
"2026-03-09 23:00:00","2026-03-10 00:00:00",Nederland,ElectricityMix,Hour,UTC,Providing,Current,8883463,8883463,0.145307,3525154,0.39682275
"2026-03-10 00:00:00","2026-03-10 01:00:00",Nederland,ElectricityMix,Hour,UTC,Providing,Current,8899575,8899575,0.14557025,3528342,0.39646225
"2026-03-10 01:00:00","2026-03-10 02:00:00",Nederland,ElectricityMix,Hour,UTC,Providing,Current,8946433,8946433,0.1463365,3528355,0.39438875
"2026-03-10 02:00:00","2026-03-10 03:00:00",Nederland,ElectricityMix,Hour,UTC,Providing,Current,8680686,8680686,0.1419895,3392338,0.39079125
"2026-03-10 03:00:00","2026-03-10 04:00:00",Nederland,ElectricityMix,Hour,UTC,Providing,Current,8779925,8779925,0.14361225,3392602,0.38642575
"2026-03-10 04:00:00","2026-03-10 05:00:00",Nederland,ElectricityMix,Hour,UTC,Providing,Current,9780047,9780047,0.15997075,3718015,0.38019475
"2026-03-10 05:00:00","2026-03-10 06:00:00",Nederland,ElectricityMix,Hour,UTC,Providing,Current,11241192,11241192,0.18387025,4236867,0.3769105
"2026-03-10 06:00:00","2026-03-10 07:00:00",Nederland,ElectricityMix,Hour,UTC,Providing,Current,11978739,11978739,0.19593325,4371148,0.36500275
"2026-03-10 07:00:00","2026-03-10 08:00:00",Nederland,ElectricityMix,Hour,UTC,Providing,Current,13056619,13056619,0.2135635,4322121,0.331475
"2026-03-10 08:00:00","2026-03-10 09:00:00",Nederland,ElectricityMix,Hour,UTC,Providing,Current,14007306,14007306,0.22911275,4145529,0.2960655
"2026-03-10 09:00:00","2026-03-10 10:00:00",Nederland,ElectricityMix,Hour,UTC,Providing,Current,13173385,13173385,0.21547225,3522971,0.2673775
"2026-03-10 10:00:00","2026-03-10 11:00:00",Nederland,ElectricityMix,Hour,UTC,Providing,Current,12812336,12812336,0.20956625,2756715,0.2152595
"2026-03-10 11:00:00","2026-03-10 12:00:00",Nederland,ElectricityMix,Hour,UTC,Providing,Current,14147851,14147851,0.23141025,2479108,0.17559625
"2026-03-10 12:00:00","2026-03-10 13:00:00",Nederland,ElectricityMix,Hour,UTC,Providing,Current,14237251,14237251,0.232872,2547488,0.1793825
"2026-03-10 13:00:00","2026-03-10 14:00:00",Nederland,ElectricityMix,Hour,UTC,Providing,Current,13452386,13452386,0.22003375,2640882,0.19634625
"2026-03-10 14:00:00","2026-03-10 15:00:00",Nederland,ElectricityMix,Hour,UTC,Providing,Current,13584018,13584018,0.222186,2975353,0.21882375
"2026-03-10 15:00:00","2026-03-10 16:00:00",Nederland,ElectricityMix,Hour,UTC,Providing,Current,15007862,15007862,0.2454745,4059473,0.270323
"2026-03-10 16:00:00","2026-03-10 17:00:00",Nederland,ElectricityMix,Hour,UTC,Providing,Current,16153899,16153899,0.264219,4572613,0.283448
"2026-03-10 17:00:00","2026-03-10 18:00:00",Nederland,ElectricityMix,Hour,UTC,Providing,Current,14627231,14627231,0.23924725,4689574,0.320658
"2026-03-10 18:00:00","2026-03-10 19:00:00",Nederland,ElectricityMix,Hour,UTC,Providing,Current,14488163,14488163,0.2369725,4637276,0.32007725
"2026-03-10 19:00:00","2026-03-10 20:00:00",Nederland,ElectricityMix,Hour,UTC,Providing,Current,14754188,14754188,0.24132275,4501254,0.30507225
"2026-03-10 20:00:00","2026-03-10 21:00:00",Nederland,ElectricityMix,Hour,UTC,Providing,Current,12636967,12636967,0.20669275,3381893,0.26692975
"2026-03-10 21:00:00","2026-03-10 22:00:00",Nederland,ElectricityMix,Hour,UTC,Providing,Current,10813648,10813648,0.17686975,2476130,0.2290465
"2026-03-10 22:00:00","2026-03-10 23:00:00",Nederland,ElectricityMix,Hour,UTC,Providing,Current,10761563,10761563,0.17601725,2063808,0.19185525
"2026-03-10 23:00:00","2026-03-11 00:00:00",Nederland,ElectricityMix,Hour,UTC,Providing,Current,10396272,10396272,0.170042,1529763,0.14707925
"2026-03-11 00:00:00","2026-03-11 01:00:00",Nederland,ElectricityMix,Hour,UTC,Providing,Current,10660685,10660685,0.17436625,1227298,0.115118
"2026-03-11 01:00:00","2026-03-11 02:00:00",Nederland,ElectricityMix,Hour,UTC,Providing,Current,10657689,10657689,0.17431725,1091184,0.1023835
"2026-03-11 02:00:00","2026-03-11 03:00:00",Nederland,ElectricityMix,Hour,UTC,Providing,Current,10902222,10902222,0.17831625,1105233,0.10137925
"2026-03-11 03:00:00","2026-03-11 04:00:00",Nederland,ElectricityMix,Hour,UTC,Providing,Current,11176182,11176182,0.18279675,1058882,0.09475485
"2026-03-11 04:00:00","2026-03-11 05:00:00",Nederland,ElectricityMix,Hour,UTC,Providing,Current,12096519,12096519,0.19784925,1253061,0.103573
"2026-03-11 05:00:00","2026-03-11 06:00:00",Nederland,ElectricityMix,Hour,UTC,Providing,Current,13185608,13185608,0.2156615,1511423,0.11463225
"2026-03-11 06:00:00","2026-03-11 07:00:00",Nederland,ElectricityMix,Hour,UTC,Providing,Current,14019057,14019057,0.22929275,1528899,0.10910525
"2026-03-11 07:00:00","2026-03-11 08:00:00",Nederland,ElectricityMix,Hour,UTC,Providing,Current,15116607,15116607,0.24724325,1538942,0.101842
"2026-03-11 08:00:00","2026-03-11 09:00:00",Nederland,ElectricityMix,Hour,UTC,Providing,Current,15876795,15876795,0.259676,1507667,0.094975775
"2026-03-11 09:00:00","2026-03-11 10:00:00",Nederland,ElectricityMix,Hour,UTC,Providing,Current,16592029,16592029,0.27137375,1478685,0.0891307
"2026-03-11 10:00:00","2026-03-11 11:00:00",Nederland,ElectricityMix,Hour,UTC,Providing,Current,16693260,16693260,0.27302875,1370634,0.08210885
"2026-03-11 11:00:00","2026-03-11 12:00:00",Nederland,ElectricityMix,Hour,UTC,Providing,Current,16828132,16828132,0.275234,1363119,0.0810035
"2026-03-11 12:00:00","2026-03-11 13:00:00",Nederland,ElectricityMix,Hour,UTC,Providing,Current,16906395,16906395,0.27651325,1340055,0.079266475
"2026-03-11 13:00:00","2026-03-11 14:00:00",Nederland,ElectricityMix,Hour,UTC,Providing,Current,16939690,16939690,0.2770575,1357926,0.080164275
"2026-03-11 14:00:00","2026-03-11 15:00:00",Nederland,ElectricityMix,Hour,UTC,Providing,Current,17379660,17379660,0.28425225,1612606,0.09272445
"2026-03-11 15:00:00","2026-03-11 16:00:00",Nederland,ElectricityMix,Hour,UTC,Providing,Current,17482194,17482194,0.28592875,2015988,0.11545525
"2026-03-11 16:00:00","2026-03-11 17:00:00",Nederland,ElectricityMix,Hour,UTC,Providing,Current,17258154,17258154,0.2822635,3089129,0.179105
"2026-03-11 17:00:00","2026-03-11 18:00:00",Nederland,ElectricityMix,Hour,UTC,Providing,Current,14538531,14538531,0.2377825,3806626,0.26364275
"2026-03-11 18:00:00","2026-03-11 19:00:00",Nederland,ElectricityMix,Hour,UTC,Providing,Current,12570409,12570409,0.205593,3856492,0.30689675
"2026-03-11 19:00:00","2026-03-11 20:00:00",Nederland,ElectricityMix,Hour,UTC,Providing,Current,11555950,11555950,0.1890005,3607750,0.31217725
"2026-03-11 20:00:00","2026-03-11 21:00:00",Nederland,ElectricityMix,Hour,UTC,Providing,Current,10254742,10254742,0.16771875,3121944,0.304223
"2026-03-11 21:00:00","2026-03-11 22:00:00",Nederland,ElectricityMix,Hour,UTC,Providing,Current,8713496,8713496,0.14251075,2467768,0.2830485
"2026-03-11 22:00:00","2026-03-11 23:00:00",Nederland,ElectricityMix,Hour,UTC,Providing,Current,8255611,8255611,0.13502175,2239839,0.2713225
"2026-03-11 23:00:00","2026-03-12 00:00:00",Nederland,ElectricityMix,Hour,UTC,Providing,Current,8008572,8008572,0.130981,2019723,0.252165
"2026-03-12 00:00:00","2026-03-12 01:00:00",Nederland,ElectricityMix,Hour,UTC,Providing,Current,7698752,7698752,0.1259135,1767391,0.229476
"2026-03-12 01:00:00","2026-03-12 02:00:00",Nederland,ElectricityMix,Hour,UTC,Providing,Current,7483206,7483206,0.12238825,1486365,0.198704
"2026-03-12 02:00:00","2026-03-12 03:00:00",Nederland,ElectricityMix,Hour,UTC,Providing,Current,7814725,7814725,0.12780975,1329260,0.17035875
"2026-03-12 03:00:00","2026-03-12 04:00:00",Nederland,ElectricityMix,Hour,UTC,Providing,Current,9115308,9115308,0.1490805,1228661,0.13488775
"2026-03-12 04:00:00","2026-03-12 05:00:00",Nederland,ElectricityMix,Hour,UTC,Providing,Current,10493834,10493834,0.1716255,1502971,0.14316825
"2026-03-12 05:00:00","2026-03-12 06:00:00",Nederland,ElectricityMix,Hour,UTC,Providing,Current,11718228,11718228,0.19165,1836439,0.15674975
"2026-03-12 06:00:00","2026-03-12 07:00:00",Nederland,ElectricityMix,Hour,UTC,Providing,Current,13299124,13299124,0.21750475,2037636,0.15346475
"2026-03-12 07:00:00","2026-03-12 08:00:00",Nederland,ElectricityMix,Hour,UTC,Providing,Current,16337267,16337267,0.267192,1713520,0.105830625
"2026-03-12 08:00:00","2026-03-12 09:00:00",Nederland,ElectricityMix,Hour,UTC,Providing,Current,20705600,20705600,0.3386345,1304051,0.0635033
"2026-03-12 09:00:00","2026-03-12 10:00:00",Nederland,ElectricityMix,Hour,UTC,Providing,Current,24323967,24323967,0.39781125,1032478,0.0424846
"2026-03-12 10:00:00","2026-03-12 11:00:00",Nederland,ElectricityMix,Hour,UTC,Providing,Current,25217931,25217931,0.4124305,983697,0.039015175
"2026-03-12 11:00:00","2026-03-12 12:00:00",Nederland,ElectricityMix,Hour,UTC,Providing,Current,23997944,23997944,0.39247725,974866,0.040650275
"2026-03-12 12:00:00","2026-03-12 13:00:00",Nederland,ElectricityMix,Hour,UTC,Providing,Current,22746394,22746394,0.37200775,986790,0.0433973
"2026-03-12 13:00:00","2026-03-12 14:00:00",Nederland,ElectricityMix,Hour,UTC,Providing,Current,22587379,22587379,0.36940625,976789,0.043245325
"2026-03-12 14:00:00","2026-03-12 15:00:00",Nederland,ElectricityMix,Hour,UTC,Providing,Current,22161060,22161060,0.362433,891639,0.040252725
"2026-03-12 15:00:00","2026-03-12 16:00:00",Nederland,ElectricityMix,Hour,UTC,Providing,Current,20767064,20767064,0.339634,922867,0.04452505
"2026-03-12 16:00:00","2026-03-12 17:00:00",Nederland,ElectricityMix,Hour,UTC,Providing,Current,18430174,18430174,0.30141475,1115930,0.060796775
"2026-03-12 17:00:00","2026-03-12 18:00:00",Nederland,ElectricityMix,Hour,UTC,Providing,Current,15381273,15381273,0.251551,1179336,0.07672995
"2026-03-12 18:00:00","2026-03-12 19:00:00",Nederland,ElectricityMix,Hour,UTC,Providing,Current,14757606,14757606,0.2413505,1161827,0.07872785
"2026-03-12 19:00:00","2026-03-12 20:00:00",Nederland,ElectricityMix,Hour,UTC,Providing,Current,14332419,14332419,0.2343965,1040023,0.072543475
"2026-03-12 20:00:00","2026-03-12 21:00:00",Nederland,ElectricityMix,Hour,UTC,Providing,Current,14216287,14216287,0.23249675,917886,0.06456665
"2026-03-12 21:00:00","2026-03-12 22:00:00",Nederland,ElectricityMix,Hour,UTC,Providing,Current,14113350,14113350,0.23081275,843200,0.059744375
"2026-03-12 22:00:00","2026-03-12 23:00:00",Nederland,ElectricityMix,Hour,UTC,Providing,Current,14097506,14097506,0.23055275,835357,0.059240325
"2026-03-12 23:00:00","2026-03-13 00:00:00",Nederland,ElectricityMix,Hour,UTC,Providing,Current,14034227,14034227,0.2295175,850329,0.060589675
"2026-03-13 00:00:00","2026-03-13 01:00:00",Nederland,ElectricityMix,Hour,UTC,Providing,Current,14081624,14081624,0.230292,848489,0.060255125
"2026-03-13 01:00:00","2026-03-13 02:00:00",Nederland,ElectricityMix,Hour,UTC,Providing,Current,13674964,13674964,0.22364125,860032,0.06289605
"2026-03-13 02:00:00","2026-03-13 03:00:00",Nederland,ElectricityMix,Hour,UTC,Providing,Current,13488472,13488472,0.2205905,864112,0.064089375
"2026-03-13 03:00:00","2026-03-13 04:00:00",Nederland,ElectricityMix,Hour,UTC,Providing,Current,14082116,14082116,0.23029875,870101,0.06178725
"2026-03-13 04:00:00","2026-03-13 05:00:00",Nederland,ElectricityMix,Hour,UTC,Providing,Current,14085826,14085826,0.2303585,926576,0.0657822
"2026-03-13 05:00:00","2026-03-13 06:00:00",Nederland,ElectricityMix,Hour,UTC,Providing,Current,14583864,14583864,0.23850275,1033424,0.0708611
"2026-03-13 06:00:00","2026-03-13 07:00:00",Nederland,ElectricityMix,Hour,UTC,Providing,Current,14568620,14568620,0.238253,1216781,0.083535975
"2026-03-13 07:00:00","2026-03-13 08:00:00",Nederland,ElectricityMix,Hour,UTC,Providing,Current,15162813,15162813,0.24796975,1530158,0.10090265
"2026-03-13 08:00:00","2026-03-13 09:00:00",Nederland,ElectricityMix,Hour,UTC,Providing,Current,15454637,15454637,0.25274125,1526703,0.098804325
"2026-03-13 09:00:00","2026-03-13 10:00:00",Nederland,ElectricityMix,Hour,UTC,Providing,Current,14948221,14948221,0.24445925,1515467,0.1014594
"2026-03-13 10:00:00","2026-03-13 11:00:00",Nederland,ElectricityMix,Hour,UTC,Providing,Current,14774352,14774352,0.241615,1521663,0.103123475
"2026-03-13 11:00:00","2026-03-13 12:00:00",Nederland,ElectricityMix,Hour,UTC,Providing,Current,15960615,15960615,0.26101425,1381842,0.0866129
"2026-03-13 12:00:00","2026-03-13 13:00:00",Nederland,ElectricityMix,Hour,UTC,Providing,Current,16203706,16203706,0.264989,1408824,0.086934975
"2026-03-13 13:00:00","2026-03-13 14:00:00",Nederland,ElectricityMix,Hour,UTC,Providing,Current,16198518,16198518,0.2649035,1547957,0.09560565
"2026-03-13 14:00:00","2026-03-13 15:00:00",Nederland,ElectricityMix,Hour,UTC,Providing,Current,16247570,16247570,0.265705,1916822,0.117832
"2026-03-13 15:00:00","2026-03-13 16:00:00",Nederland,ElectricityMix,Hour,UTC,Providing,Current,16909523,16909523,0.2765295,2596899,0.1534835
"2026-03-13 16:00:00","2026-03-13 17:00:00",Nederland,ElectricityMix,Hour,UTC,Providing,Current,16730609,16730609,0.273603,3388770,0.20279075
"2026-03-13 17:00:00","2026-03-13 18:00:00",Nederland,ElectricityMix,Hour,UTC,Providing,Current,15168675,15168675,0.24805975,3786763,0.25000825
"2026-03-13 18:00:00","2026-03-13 19:00:00",Nederland,ElectricityMix,Hour,UTC,Providing,Current,14448845,14448845,0.23628725,4013152,0.2778695
"2026-03-13 19:00:00","2026-03-13 20:00:00",Nederland,ElectricityMix,Hour,UTC,Providing,Current,14346966,14346966,0.2346205,4117035,0.28696225
"2026-03-13 20:00:00","2026-03-13 21:00:00",Nederland,ElectricityMix,Hour,UTC,Providing,Current,14023224,14023224,0.2293255,3837123,0.27361575
"2026-03-13 21:00:00","2026-03-13 22:00:00",Nederland,ElectricityMix,Hour,UTC,Providing,Current,13091695,13091695,0.21409175,3684072,0.28143775
"2026-03-13 22:00:00","2026-03-13 23:00:00",Nederland,ElectricityMix,Hour,UTC,Providing,Current,11297938,11297938,0.1847575,3147937,0.27863775
"2026-03-13 23:00:00","2026-03-14 00:00:00",Nederland,ElectricityMix,Hour,UTC,Providing,Current,10416088,10416088,0.17033575,3032401,0.291533
"2026-03-14 00:00:00","2026-03-14 01:00:00",Nederland,ElectricityMix,Hour,UTC,Providing,Current,9287940,9287940,0.15188675,3024126,0.32583425
"2026-03-14 01:00:00","2026-03-14 02:00:00",Nederland,ElectricityMix,Hour,UTC,Providing,Current,8842585,8842585,0.1446035,3096595,0.35019325
"2026-03-14 02:00:00","2026-03-14 03:00:00",Nederland,ElectricityMix,Hour,UTC,Providing,Current,8621230,8621230,0.14098325,3124838,0.36247175
"2026-03-14 03:00:00","2026-03-14 04:00:00",Nederland,ElectricityMix,Hour,UTC,Providing,Current,8538457,8538457,0.13962925,3175847,0.37196225
"2026-03-14 04:00:00","2026-03-14 05:00:00",Nederland,ElectricityMix,Hour,UTC,Providing,Current,8738696,8738696,0.1429035,3238585,0.37060675
"2026-03-14 05:00:00","2026-03-14 06:00:00",Nederland,ElectricityMix,Hour,UTC,Providing,Current,9450804,9450804,0.15454825,3496689,0.369986
"2026-03-14 06:00:00","2026-03-14 07:00:00",Nederland,ElectricityMix,Hour,UTC,Providing,Current,10854318,10854318,0.1774995,4027636,0.371074
"2026-03-14 07:00:00","2026-03-14 08:00:00",Nederland,ElectricityMix,Hour,UTC,Providing,Current,12190015,12190015,0.1993415,4248695,0.34872575
"2026-03-14 08:00:00","2026-03-14 09:00:00",Nederland,ElectricityMix,Hour,UTC,Providing,Current,13304649,13304649,0.217568,4243804,0.31915725
"2026-03-14 09:00:00","2026-03-14 10:00:00",Nederland,ElectricityMix,Hour,UTC,Providing,Current,14572373,14572373,0.2382985,4038157,0.277763
"2026-03-14 10:00:00","2026-03-14 11:00:00",Nederland,ElectricityMix,Hour,UTC,Providing,Current,16842432,16842432,0.2754195,3938178,0.234354
"2026-03-14 11:00:00","2026-03-14 12:00:00",Nederland,ElectricityMix,Hour,UTC,Providing,Current,17346658,17346658,0.28366425,3711106,0.21407075
"2026-03-14 12:00:00","2026-03-14 13:00:00",Nederland,ElectricityMix,Hour,UTC,Providing,Current,18307367,18307367,0.29937375,3433205,0.18799075
"2026-03-14 13:00:00","2026-03-14 14:00:00",Nederland,ElectricityMix,Hour,UTC,Providing,Current,19998266,19998266,0.32702325,3329922,0.16692725
"2026-03-14 14:00:00","2026-03-14 15:00:00",Nederland,ElectricityMix,Hour,UTC,Providing,Current,17592710,17592710,0.28768575,3373009,0.193181
"2026-03-14 15:00:00","2026-03-14 16:00:00",Nederland,ElectricityMix,Hour,UTC,Providing,Current,16452444,16452444,0.26903875,3693866,0.22450125
"2026-03-14 16:00:00","2026-03-14 17:00:00",Nederland,ElectricityMix,Hour,UTC,Providing,Current,15183885,15183885,0.248294,4022077,0.26543075
"2026-03-14 17:00:00","2026-03-14 18:00:00",Nederland,ElectricityMix,Hour,UTC,Providing,Current,13041365,13041365,0.213258,4206445,0.32357725
"2026-03-14 18:00:00","2026-03-14 19:00:00",Nederland,ElectricityMix,Hour,UTC,Providing,Current,11897404,11897404,0.194551,4217345,0.354478
"2026-03-14 19:00:00","2026-03-14 20:00:00",Nederland,ElectricityMix,Hour,UTC,Providing,Current,11545030,11545030,0.1887885,4137309,0.3584015
"2026-03-14 20:00:00","2026-03-14 21:00:00",Nederland,ElectricityMix,Hour,UTC,Providing,Current,11297015,11297015,0.18473225,4129026,0.36550075
"2026-03-14 21:00:00","2026-03-14 22:00:00",Nederland,ElectricityMix,Hour,UTC,Providing,Current,10989068,10989068,0.17969625,4071957,0.3705515
"2026-03-14 22:00:00","2026-03-14 23:00:00",Nederland,ElectricityMix,Hour,UTC,Providing,Current,10575047,10575047,0.1729255,3941778,0.372766
"2026-03-14 23:00:00","2026-03-15 00:00:00",Nederland,ElectricityMix,Hour,UTC,Providing,Current,9220840,9220840,0.150781,3478159,0.37721325
"2026-03-15 00:00:00","2026-03-15 01:00:00",Nederland,ElectricityMix,Hour,UTC,Providing,Current,8446493,8446493,0.13811825,3203269,0.37929475
"2026-03-15 01:00:00","2026-03-15 02:00:00",Nederland,ElectricityMix,Hour,UTC,Providing,Current,7938465,7938465,0.1298105,3048375,0.38400725
"2026-03-15 02:00:00","2026-03-15 03:00:00",Nederland,ElectricityMix,Hour,UTC,Providing,Current,8084025,8084025,0.1321905,3098578,0.38329525
"2026-03-15 03:00:00","2026-03-15 04:00:00",Nederland,ElectricityMix,Hour,UTC,Providing,Current,7799613,7799613,0.1275395,3004524,0.38521975
"2026-03-15 04:00:00","2026-03-15 05:00:00",Nederland,ElectricityMix,Hour,UTC,Providing,Current,7845766,7845766,0.128294,3012451,0.3839535
"2026-03-15 05:00:00","2026-03-15 06:00:00",Nederland,ElectricityMix,Hour,UTC,Providing,Current,7902373,7902373,0.129219,2934193,0.3713315
"2026-03-15 06:00:00","2026-03-15 07:00:00",Nederland,ElectricityMix,Hour,UTC,Providing,Current,8523188,8523188,0.1393705,2822032,0.33273
"2026-03-15 07:00:00","2026-03-15 08:00:00",Nederland,ElectricityMix,Hour,UTC,Providing,Current,12360625,12360625,0.20211925,2606036,0.21334175
"2026-03-15 08:00:00","2026-03-15 09:00:00",Nederland,ElectricityMix,Hour,UTC,Providing,Current,15430712,15430712,0.25232025,2154212,0.140902
"2026-03-15 09:00:00","2026-03-15 10:00:00",Nederland,ElectricityMix,Hour,UTC,Providing,Current,19628864,19628864,0.32096675,1560451,0.079946525
"2026-03-15 10:00:00","2026-03-15 11:00:00",Nederland,ElectricityMix,Hour,UTC,Providing,Current,22541341,22541341,0.3685905,1354327,0.060333825
"2026-03-15 11:00:00","2026-03-15 12:00:00",Nederland,ElectricityMix,Hour,UTC,Providing,Current,23885677,23885677,0.3905715,1268809,0.053122975
"2026-03-15 12:00:00","2026-03-15 13:00:00",Nederland,ElectricityMix,Hour,UTC,Providing,Current,24399614,24399614,0.39897425,1215492,0.049819275
"2026-03-15 13:00:00","2026-03-15 14:00:00",Nederland,ElectricityMix,Hour,UTC,Providing,Current,24463886,24463886,0.400024,1187398,0.04856665
"2026-03-15 14:00:00","2026-03-15 15:00:00",Nederland,ElectricityMix,Hour,UTC,Providing,Current,24583049,24583049,0.401972,1183159,0.048232075
"2026-03-15 15:00:00","2026-03-15 16:00:00",Nederland,ElectricityMix,Hour,UTC,Providing,Current,22286538,22286538,0.36441925,1609662,0.0724567
"2026-03-15 16:00:00","2026-03-15 17:00:00",Nederland,ElectricityMix,Hour,UTC,Providing,Current,19119606,19119606,0.3126345,1897050,0.09991625
"2026-03-15 17:00:00","2026-03-15 18:00:00",Nederland,ElectricityMix,Hour,UTC,Providing,Current,14824127,14824127,0.242396,2102786,0.142264
"2026-03-15 18:00:00","2026-03-15 19:00:00",Nederland,ElectricityMix,Hour,UTC,Providing,Current,13624014,13624014,0.222772,2122021,0.155758
"2026-03-15 19:00:00","2026-03-15 20:00:00",Nederland,ElectricityMix,Hour,UTC,Providing,Current,14068622,14068622,0.2300415,2002141,0.142399
"2026-03-15 20:00:00","2026-03-15 21:00:00",Nederland,ElectricityMix,Hour,UTC,Providing,Current,14345678,14345678,0.234571,1612508,0.11242525
"2026-03-15 21:00:00","2026-03-15 22:00:00",Nederland,ElectricityMix,Hour,UTC,Providing,Current,14277598,14277598,0.233457,1221001,0.085534025
"2026-03-15 22:00:00","2026-03-15 23:00:00",Nederland,ElectricityMix,Hour,UTC,Providing,Current,13928650,13928650,0.227751,949212,0.068147975
"2026-03-15 23:00:00","2026-03-16 00:00:00",Nederland,ElectricityMix,Hour,UTC,Providing,Current,13658450,13658450,0.2233325,982788,0.071945925
"2026-03-16 00:00:00","2026-03-16 01:00:00",Nederland,ElectricityMix,Hour,UTC,Providing,Current,13336196,13336196,0.2180625,1047955,0.078625025
"2026-03-16 01:00:00","2026-03-16 02:00:00",Nederland,ElectricityMix,Hour,UTC,Providing,Current,12170433,12170433,0.1990005,1100377,0.090552825
"2026-03-16 02:00:00","2026-03-16 03:00:00",Nederland,ElectricityMix,Hour,UTC,Providing,Current,11736839,11736839,0.19191025,1132556,0.096502025
"2026-03-16 03:00:00","2026-03-16 04:00:00",Nederland,ElectricityMix,Hour,UTC,Providing,Current,11940456,11940456,0.195239,1213995,0.101683
"2026-03-16 04:00:00","2026-03-16 05:00:00",Nederland,ElectricityMix,Hour,UTC,Providing,Current,12356800,12356800,0.202046,1270430,0.1028205
"2026-03-16 05:00:00","2026-03-16 06:00:00",Nederland,ElectricityMix,Hour,UTC,Providing,Current,13227422,13227422,0.21628125,1530184,0.1156705
"2026-03-16 06:00:00","2026-03-16 07:00:00",Nederland,ElectricityMix,Hour,UTC,Providing,Current,14279910,14279910,0.23348975,1781503,0.12483675
"2026-03-16 07:00:00","2026-03-16 08:00:00",Nederland,ElectricityMix,Hour,UTC,Providing,Current,16949380,16949380,0.2771375,1919575,0.1136405
"2026-03-16 08:00:00","2026-03-16 09:00:00",Nederland,ElectricityMix,Hour,UTC,Providing,Current,20954139,20954139,0.342618,1692760,0.0812207
"2026-03-16 09:00:00","2026-03-16 10:00:00",Nederland,ElectricityMix,Hour,UTC,Providing,Current,22467501,22467501,0.367362,1350760,0.060206
"2026-03-16 10:00:00","2026-03-16 11:00:00",Nederland,ElectricityMix,Hour,UTC,Providing,Current,26031431,26031431,0.42563375,1226115,0.047123575
"2026-03-16 11:00:00","2026-03-16 12:00:00",Nederland,ElectricityMix,Hour,UTC,Providing,Current,26264905,26264905,0.4294505,1110535,0.042289575
"2026-03-16 12:00:00","2026-03-16 13:00:00",Nederland,ElectricityMix,Hour,UTC,Providing,Current,26244045,26244045,0.42910825,1034351,0.039487475
"2026-03-16 13:00:00","2026-03-16 14:00:00",Nederland,ElectricityMix,Hour,UTC,Providing,Current,23197257,23197257,0.37929025,1302866,0.0563881
"2026-03-16 14:00:00","2026-03-16 15:00:00",Nederland,ElectricityMix,Hour,UTC,Providing,Current,20824439,20824439,0.34049225,1927071,0.092630175
"2026-03-16 15:00:00","2026-03-16 16:00:00",Nederland,ElectricityMix,Hour,UTC,Providing,Current,20697865,20697865,0.33842225,3094997,0.14942875
"2026-03-16 16:00:00","2026-03-16 17:00:00",Nederland,ElectricityMix,Hour,UTC,Providing,Current,18525048,18525048,0.3028945,3994054,0.217068
"2026-03-16 17:00:00","2026-03-16 18:00:00",Nederland,ElectricityMix,Hour,UTC,Providing,Current,15436152,15436152,0.2523885,4654875,0.30238525
"2026-03-16 18:00:00","2026-03-16 19:00:00",Nederland,ElectricityMix,Hour,UTC,Providing,Current,14565406,14565406,0.238151,4873516,0.33459775
"2026-03-16 19:00:00","2026-03-16 20:00:00",Nederland,ElectricityMix,Hour,UTC,Providing,Current,14478085,14478085,0.2367225,4810603,0.33227925
"2026-03-16 20:00:00","2026-03-16 21:00:00",Nederland,ElectricityMix,Hour,UTC,Providing,Current,13989342,13989342,0.228731,4578041,0.3272205
"2026-03-16 21:00:00","2026-03-16 22:00:00",Nederland,ElectricityMix,Hour,UTC,Providing,Current,12095333,12095333,0.19776275,3729700,0.30826425
"2026-03-16 22:00:00","2026-03-16 23:00:00",Nederland,ElectricityMix,Hour,UTC,Providing,Current,11423829,11423829,0.186783,3269042,0.286159
"2026-03-16 23:00:00","2026-03-17 00:00:00",Nederland,ElectricityMix,Hour,UTC,Providing,Current,11132979,11132979,0.182027,2979779,0.26766175
"2026-03-17 00:00:00","2026-03-17 01:00:00",Nederland,ElectricityMix,Hour,UTC,Providing,Current,11396051,11396051,0.18632775,2992605,0.26259375
"2026-03-17 01:00:00","2026-03-17 02:00:00",Nederland,ElectricityMix,Hour,UTC,Providing,Current,11553046,11553046,0.18889425,2961084,0.2563125
"2026-03-17 02:00:00","2026-03-17 03:00:00",Nederland,ElectricityMix,Hour,UTC,Providing,Current,11628946,11628946,0.19013475,2915093,0.25067725
"2026-03-17 03:00:00","2026-03-17 04:00:00",Nederland,ElectricityMix,Hour,UTC,Providing,Current,11657564,11657564,0.19060225,3017898,0.258909
"2026-03-17 04:00:00","2026-03-17 05:00:00",Nederland,ElectricityMix,Hour,UTC,Providing,Current,12697979,12697979,0.2076125,3580601,0.2818835
"2026-03-17 05:00:00","2026-03-17 06:00:00",Nederland,ElectricityMix,Hour,UTC,Providing,Current,13784048,13784048,0.22536925,4085518,0.29639475
"2026-03-17 06:00:00","2026-03-17 07:00:00",Nederland,ElectricityMix,Hour,UTC,Providing,Current,14447414,14447414,0.2362145,4221455,0.29224625
"2026-03-17 07:00:00","2026-03-17 08:00:00",Nederland,ElectricityMix,Hour,UTC,Providing,Current,15413178,15413178,0.2520045,4201642,0.272726
"2026-03-17 08:00:00","2026-03-17 09:00:00",Nederland,ElectricityMix,Hour,UTC,Providing,Current,16372977,16372977,0.26769625,4096243,0.25025975
"2026-03-17 09:00:00","2026-03-17 10:00:00",Nederland,ElectricityMix,Hour,UTC,Providing,Current,16120447,16120447,0.263567,3560141,0.2209525
"2026-03-17 10:00:00","2026-03-17 11:00:00",Nederland,ElectricityMix,Hour,UTC,Providing,Current,17315814,17315814,0.28311,3222447,0.18631925
"2026-03-17 11:00:00","2026-03-17 12:00:00",Nederland,ElectricityMix,Hour,UTC,Providing,Current,17825709,17825709,0.291446,2897776,0.16256525
"2026-03-17 12:00:00","2026-03-17 13:00:00",Nederland,ElectricityMix,Hour,UTC,Providing,Current,18638414,18638414,0.30473275,2753438,0.14794075
"2026-03-17 13:00:00","2026-03-17 14:00:00",Nederland,ElectricityMix,Hour,UTC,Providing,Current,18935013,18935013,0.30958125,2754266,0.14547475
"2026-03-17 14:00:00","2026-03-17 15:00:00",Nederland,ElectricityMix,Hour,UTC,Providing,Current,18644553,18644553,0.30483175,3072502,0.164842
"2026-03-17 15:00:00","2026-03-17 16:00:00",Nederland,ElectricityMix,Hour,UTC,Providing,Current,17836556,17836556,0.29162075,3756500,0.2108465
"2026-03-17 16:00:00","2026-03-17 17:00:00",Nederland,ElectricityMix,Hour,UTC,Providing,Current,16368244,16368244,0.26761375,4575032,0.28032675
"2026-03-17 17:00:00","2026-03-17 18:00:00",Nederland,ElectricityMix,Hour,UTC,Providing,Current,14095392,14095392,0.230453,4904753,0.3484275
"2026-03-17 18:00:00","2026-03-17 19:00:00",Nederland,ElectricityMix,Hour,UTC,Providing,Current,13178312,13178312,0.2154585,4857806,0.368622
"2026-03-17 19:00:00","2026-03-17 20:00:00",Nederland,ElectricityMix,Hour,UTC,Providing,Current,13139439,13139439,0.2148225,4762166,0.3624265
"2026-03-17 20:00:00","2026-03-17 21:00:00",Nederland,ElectricityMix,Hour,UTC,Providing,Current,11483341,11483341,0.1877455,4059029,0.35333
"2026-03-17 21:00:00","2026-03-17 22:00:00",Nederland,ElectricityMix,Hour,UTC,Providing,Current,9737794,9737794,0.1592065,3318016,0.34068425
"2026-03-17 22:00:00","2026-03-17 23:00:00",Nederland,ElectricityMix,Hour,UTC,Providing,Current,9011815,9011815,0.14733725,2990602,0.33185075
"2026-03-17 23:00:00","2026-03-18 00:00:00",Nederland,ElectricityMix,Hour,UTC,Providing,Current,8806490,8806490,0.14398,2868754,0.3257635
"2026-03-18 00:00:00","2026-03-18 01:00:00",Nederland,ElectricityMix,Hour,UTC,Providing,Current,8661370,8661370,0.14160675,2837422,0.32761
"2026-03-18 01:00:00","2026-03-18 02:00:00",Nederland,ElectricityMix,Hour,UTC,Providing,Current,8485667,8485667,0.13873375,2777327,0.327297
"2026-03-18 02:00:00","2026-03-18 03:00:00",Nederland,ElectricityMix,Hour,UTC,Providing,Current,8310534,8310534,0.13587025,2782656,0.33486675
"2026-03-18 03:00:00","2026-03-18 04:00:00",Nederland,ElectricityMix,Hour,UTC,Providing,Current,8245450,8245450,0.13480575,2806394,0.3403645
"2026-03-18 04:00:00","2026-03-18 05:00:00",Nederland,ElectricityMix,Hour,UTC,Providing,Current,8742713,8742713,0.14293525,3001346,0.34333675
"2026-03-18 05:00:00","2026-03-18 06:00:00",Nederland,ElectricityMix,Hour,UTC,Providing,Current,10797923,10797923,0.1765355,3140324,0.29100775
"2026-03-18 06:00:00","2026-03-18 07:00:00",Nederland,ElectricityMix,Hour,UTC,Providing,Current,12198236,12198236,0.19942925,3199253,0.26349375
"2026-03-18 07:00:00","2026-03-18 08:00:00",Nederland,ElectricityMix,Hour,UTC,Providing,Current,15185975,15185975,0.24827475,2455482,0.16339575
"2026-03-18 08:00:00","2026-03-18 09:00:00",Nederland,ElectricityMix,Hour,UTC,Providing,Current,19117061,19117061,0.31254325,1581873,0.0835158
"2026-03-18 09:00:00","2026-03-18 10:00:00",Nederland,ElectricityMix,Hour,UTC,Providing,Current,21459486,21459486,0.35083825,1271924,0.059276375
"2026-03-18 10:00:00","2026-03-18 11:00:00",Nederland,ElectricityMix,Hour,UTC,Providing,Current,23226334,23226334,0.3797235,1206865,0.051970675
"2026-03-18 11:00:00","2026-03-18 12:00:00",Nederland,ElectricityMix,Hour,UTC,Providing,Current,23752377,23752377,0.3883225,1193904,0.050264625
"2026-03-18 12:00:00","2026-03-18 13:00:00",Nederland,ElectricityMix,Hour,UTC,Providing,Current,23318664,23318664,0.38123125,1161536,0.04982725
"2026-03-18 13:00:00","2026-03-18 14:00:00",Nederland,ElectricityMix,Hour,UTC,Providing,Current,21933410,21933410,0.35858275,1183360,0.053953975
"2026-03-18 14:00:00","2026-03-18 15:00:00",Nederland,ElectricityMix,Hour,UTC,Providing,Current,20425651,20425651,0.333932,1417830,0.069661325
"2026-03-18 15:00:00","2026-03-18 16:00:00",Nederland,ElectricityMix,Hour,UTC,Providing,Current,18428905,18428905,0.3012875,2386178,0.13001375
"2026-03-18 16:00:00","2026-03-18 17:00:00",Nederland,ElectricityMix,Hour,UTC,Providing,Current,17759469,17759469,0.2903425,4066795,0.22959225
"2026-03-18 17:00:00","2026-03-18 18:00:00",Nederland,ElectricityMix,Hour,UTC,Providing,Current,15377394,15377394,0.251398,4814269,0.314553
"2026-03-18 18:00:00","2026-03-18 19:00:00",Nederland,ElectricityMix,Hour,UTC,Providing,Current,13956385,13956385,0.22816625,4898370,0.35098075
"2026-03-18 19:00:00","2026-03-18 20:00:00",Nederland,ElectricityMix,Hour,UTC,Providing,Current,13043183,13043183,0.21323625,4491700,0.344252
"2026-03-18 20:00:00","2026-03-18 21:00:00",Nederland,ElectricityMix,Hour,UTC,Providing,Current,11655493,11655493,0.190549,3681907,0.31581625
"2026-03-18 21:00:00","2026-03-18 22:00:00",Nederland,ElectricityMix,Hour,UTC,Providing,Current,11160879,11160879,0.1824625,3387974,0.30355025
"2026-03-18 22:00:00","2026-03-18 23:00:00",Nederland,ElectricityMix,Hour,UTC,Providing,Current,10150532,10150532,0.16594475,3085390,0.30400475
"2026-03-18 23:00:00","2026-03-19 00:00:00",Nederland,ElectricityMix,Hour,UTC,Providing,Current,9043533,9043533,0.1478465,2985583,0.33049275
"2026-03-19 00:00:00","2026-03-19 01:00:00",Nederland,ElectricityMix,Hour,UTC,Providing,Current,8604304,8604304,0.1406655,3092865,0.35947725
"2026-03-19 01:00:00","2026-03-19 02:00:00",Nederland,ElectricityMix,Hour,UTC,Providing,Current,8432472,8432472,0.137856,3124275,0.370563
"2026-03-19 02:00:00","2026-03-19 03:00:00",Nederland,ElectricityMix,Hour,UTC,Providing,Current,8027385,8027385,0.131233,3134230,0.390487
"2026-03-19 03:00:00","2026-03-19 04:00:00",Nederland,ElectricityMix,Hour,UTC,Providing,Current,7982226,7982226,0.130495,3240020,0.40588275
"2026-03-19 04:00:00","2026-03-19 05:00:00",Nederland,ElectricityMix,Hour,UTC,Providing,Current,9172154,9172154,0.14994725,3770319,0.41102175
"2026-03-19 05:00:00","2026-03-19 06:00:00",Nederland,ElectricityMix,Hour,UTC,Providing,Current,10500257,10500257,0.171659,4280123,0.4076165
"2026-03-19 06:00:00","2026-03-19 07:00:00",Nederland,ElectricityMix,Hour,UTC,Providing,Current,11636475,11636475,0.1902335,4390757,0.378643
"2026-03-19 07:00:00","2026-03-19 08:00:00",Nederland,ElectricityMix,Hour,UTC,Providing,Current,15111773,15111773,0.247047,4270226,0.28424925
"2026-03-19 08:00:00","2026-03-19 09:00:00",Nederland,ElectricityMix,Hour,UTC,Providing,Current,16666560,16666560,0.27246375,3044362,0.18323125
"2026-03-19 09:00:00","2026-03-19 10:00:00",Nederland,ElectricityMix,Hour,UTC,Providing,Current,18222830,18222830,0.29790525,1997404,0.110048675
"2026-03-19 10:00:00","2026-03-19 11:00:00",Nederland,ElectricityMix,Hour,UTC,Providing,Current,20117590,20117590,0.32887925,1522057,0.075751
"2026-03-19 11:00:00","2026-03-19 12:00:00",Nederland,ElectricityMix,Hour,UTC,Providing,Current,21171705,21171705,0.34611125,1388666,0.065607325
"2026-03-19 12:00:00","2026-03-19 13:00:00",Nederland,ElectricityMix,Hour,UTC,Providing,Current,21285702,21285702,0.347974,1326476,0.062326575
"2026-03-19 13:00:00","2026-03-19 14:00:00",Nederland,ElectricityMix,Hour,UTC,Providing,Current,20389455,20389455,0.33332175,1581791,0.077703525
"2026-03-19 14:00:00","2026-03-19 15:00:00",Nederland,ElectricityMix,Hour,UTC,Providing,Current,19140720,19140720,0.31290675,2265072,0.118594
"2026-03-19 15:00:00","2026-03-19 16:00:00",Nederland,ElectricityMix,Hour,UTC,Providing,Current,18563163,18563163,0.30346425,3496517,0.1880025
"2026-03-19 16:00:00","2026-03-19 17:00:00",Nederland,ElectricityMix,Hour,UTC,Providing,Current,18515692,18515692,0.3026875,5019224,0.27188375
"2026-03-19 17:00:00","2026-03-19 18:00:00",Nederland,ElectricityMix,Hour,UTC,Providing,Current,15910369,15910369,0.260096,5555073,0.35002275
"2026-03-19 18:00:00","2026-03-19 19:00:00",Nederland,ElectricityMix,Hour,UTC,Providing,Current,15033543,15033543,0.2457615,5598462,0.37239975
"2026-03-19 19:00:00","2026-03-19 20:00:00",Nederland,ElectricityMix,Hour,UTC,Providing,Current,14715790,14715790,0.24056625,5506730,0.37422525
"2026-03-19 20:00:00","2026-03-19 21:00:00",Nederland,ElectricityMix,Hour,UTC,Providing,Current,13134674,13134674,0.21471825,4892476,0.37237125
"2026-03-19 21:00:00","2026-03-19 22:00:00",Nederland,ElectricityMix,Hour,UTC,Providing,Current,11450094,11450094,0.1871795,4107610,0.35864525
"2026-03-19 22:00:00","2026-03-19 23:00:00",Nederland,ElectricityMix,Hour,UTC,Providing,Current,10250559,10250559,0.1675695,3599626,0.351173
"2026-03-19 23:00:00","2026-03-20 00:00:00",Nederland,ElectricityMix,Hour,UTC,Providing,Current,10113805,10113805,0.16533375,3657949,0.361674
"2026-03-20 00:00:00","2026-03-20 01:00:00",Nederland,ElectricityMix,Hour,UTC,Providing,Current,10132739,10132739,0.165643,3657937,0.3610025
"2026-03-20 01:00:00","2026-03-20 02:00:00",Nederland,ElectricityMix,Hour,UTC,Providing,Current,9923061,9923061,0.162215,3648566,0.3676865
"2026-03-20 02:00:00","2026-03-20 03:00:00",Nederland,ElectricityMix,Hour,UTC,Providing,Current,9906731,9906731,0.1619475,3650091,0.3684465
"2026-03-20 03:00:00","2026-03-20 04:00:00",Nederland,ElectricityMix,Hour,UTC,Providing,Current,10161138,10161138,0.16610575,3693110,0.363464
"2026-03-20 04:00:00","2026-03-20 05:00:00",Nederland,ElectricityMix,Hour,UTC,Providing,Current,11011987,11011987,0.18001475,4019550,0.36500475
"2026-03-20 05:00:00","2026-03-20 06:00:00",Nederland,ElectricityMix,Hour,UTC,Providing,Current,11878075,11878075,0.19417175,4287822,0.3609935
"2026-03-20 06:00:00","2026-03-20 07:00:00",Nederland,ElectricityMix,Hour,UTC,Providing,Current,13072741,13072741,0.21370075,4343112,0.3331095
"2026-03-20 07:00:00","2026-03-20 08:00:00",Nederland,ElectricityMix,Hour,UTC,Providing,Current,16291616,16291616,0.26631925,4190310,0.25828625
"2026-03-20 08:00:00","2026-03-20 09:00:00",Nederland,ElectricityMix,Hour,UTC,Providing,Current,18150722,18150722,0.2967095,3300266,0.182385
"2026-03-20 09:00:00","2026-03-20 10:00:00",Nederland,ElectricityMix,Hour,UTC,Providing,Current,20224427,20224427,0.3306075,2585622,0.12851825
"2026-03-20 10:00:00","2026-03-20 11:00:00",Nederland,ElectricityMix,Hour,UTC,Providing,Current,21600115,21600115,0.35309475,1779904,0.08242415
"2026-03-20 11:00:00","2026-03-20 12:00:00",Nederland,ElectricityMix,Hour,UTC,Providing,Current,22760373,22760373,0.3720605,1337311,0.058786275
"2026-03-20 12:00:00","2026-03-20 13:00:00",Nederland,ElectricityMix,Hour,UTC,Providing,Current,23286491,23286491,0.38065975,1368441,0.058772575
"2026-03-20 13:00:00","2026-03-20 14:00:00",Nederland,ElectricityMix,Hour,UTC,Providing,Current,22976882,22976882,0.3755975,1718131,0.074716875
"2026-03-20 14:00:00","2026-03-20 15:00:00",Nederland,ElectricityMix,Hour,UTC,Providing,Current,22523428,22523428,0.3681845,2688640,0.11964225
"2026-03-20 15:00:00","2026-03-20 16:00:00",Nederland,ElectricityMix,Hour,UTC,Providing,Current,20852232,20852232,0.340865,3378844,0.16235575
"2026-03-20 16:00:00","2026-03-20 17:00:00",Nederland,ElectricityMix,Hour,UTC,Providing,Current,19251345,19251345,0.31469525,4206201,0.21898625
"2026-03-20 17:00:00","2026-03-20 18:00:00",Nederland,ElectricityMix,Hour,UTC,Providing,Current,15942286,15942286,0.2606025,4494282,0.28316825
"2026-03-20 18:00:00","2026-03-20 19:00:00",Nederland,ElectricityMix,Hour,UTC,Providing,Current,14327788,14327788,0.23421025,4559132,0.3182255
"2026-03-20 19:00:00","2026-03-20 20:00:00",Nederland,ElectricityMix,Hour,UTC,Providing,Current,13446745,13446745,0.21980775,4480586,0.3333185
"2026-03-20 20:00:00","2026-03-20 21:00:00",Nederland,ElectricityMix,Hour,UTC,Providing,Current,12654084,12654084,0.20684975,4295931,0.33949125
"2026-03-20 21:00:00","2026-03-20 22:00:00",Nederland,ElectricityMix,Hour,UTC,Providing,Current,11521649,11521649,0.188338,3958195,0.34355525
"2026-03-20 22:00:00","2026-03-20 23:00:00",Nederland,ElectricityMix,Hour,UTC,Providing,Current,10477386,10477386,0.1712675,3716813,0.35488725
"2026-03-20 23:00:00","2026-03-21 00:00:00",Nederland,ElectricityMix,Hour,UTC,Providing,Current,9043472,9043472,0.14782775,3266453,0.36123225
"2026-03-21 00:00:00","2026-03-21 01:00:00",Nederland,ElectricityMix,Hour,UTC,Providing,Current,8589261,8589261,0.14040275,3127959,0.3641725
"2026-03-21 01:00:00","2026-03-21 02:00:00",Nederland,ElectricityMix,Hour,UTC,Providing,Current,8528305,8528305,0.139406,3143163,0.36855825
"2026-03-21 02:00:00","2026-03-21 03:00:00",Nederland,ElectricityMix,Hour,UTC,Providing,Current,8611964,8611964,0.14077325,3162750,0.36726575
"2026-03-21 03:00:00","2026-03-21 04:00:00",Nederland,ElectricityMix,Hour,UTC,Providing,Current,8377711,8377711,0.13694375,3162515,0.377516
"2026-03-21 04:00:00","2026-03-21 05:00:00",Nederland,ElectricityMix,Hour,UTC,Providing,Current,8322283,8322283,0.1360375,3204776,0.38508575
"2026-03-21 05:00:00","2026-03-21 06:00:00",Nederland,ElectricityMix,Hour,UTC,Providing,Current,8752463,8752463,0.14306875,3321543,0.37952275
"2026-03-21 06:00:00","2026-03-21 07:00:00",Nederland,ElectricityMix,Hour,UTC,Providing,Current,9846905,9846905,0.16095825,3484053,0.35425075
"2026-03-21 07:00:00","2026-03-21 08:00:00",Nederland,ElectricityMix,Hour,UTC,Providing,Current,11735429,11735429,0.191828,3556709,0.30375275
"2026-03-21 08:00:00","2026-03-21 09:00:00",Nederland,ElectricityMix,Hour,UTC,Providing,Current,13219128,13219128,0.21608025,3234871,0.24506175
"2026-03-21 09:00:00","2026-03-21 10:00:00",Nederland,ElectricityMix,Hour,UTC,Providing,Current,14713023,14713023,0.2404985,2509303,0.1712935
"2026-03-21 10:00:00","2026-03-21 11:00:00",Nederland,ElectricityMix,Hour,UTC,Providing,Current,17103906,17103906,0.279579,1872878,0.11060015
"2026-03-21 11:00:00","2026-03-21 12:00:00",Nederland,ElectricityMix,Hour,UTC,Providing,Current,19910603,19910603,0.3254565,1533750,0.077049525
"2026-03-21 12:00:00","2026-03-21 13:00:00",Nederland,ElectricityMix,Hour,UTC,Providing,Current,20512617,20512617,0.335296,1695813,0.082635625
"2026-03-21 13:00:00","2026-03-21 14:00:00",Nederland,ElectricityMix,Hour,UTC,Providing,Current,20579877,20579877,0.3363945,2045674,0.099472425
"2026-03-21 14:00:00","2026-03-21 15:00:00",Nederland,ElectricityMix,Hour,UTC,Providing,Current,19840547,19840547,0.32430875,2625819,0.132535
"2026-03-21 15:00:00","2026-03-21 16:00:00",Nederland,ElectricityMix,Hour,UTC,Providing,Current,17672348,17672348,0.28886725,3212235,0.1822955
"2026-03-21 16:00:00","2026-03-21 17:00:00",Nederland,ElectricityMix,Hour,UTC,Providing,Current,15093746,15093746,0.2467175,3518566,0.2338415
"2026-03-21 17:00:00","2026-03-21 18:00:00",Nederland,ElectricityMix,Hour,UTC,Providing,Current,12598702,12598702,0.20593375,3621702,0.28861075
"2026-03-21 18:00:00","2026-03-21 19:00:00",Nederland,ElectricityMix,Hour,UTC,Providing,Current,11461465,11461465,0.18734475,3671278,0.32035325
"2026-03-21 19:00:00","2026-03-21 20:00:00",Nederland,ElectricityMix,Hour,UTC,Providing,Current,10328858,10328858,0.16883075,3326704,0.3220945
"2026-03-21 20:00:00","2026-03-21 21:00:00",Nederland,ElectricityMix,Hour,UTC,Providing,Current,9440460,9440460,0.15430925,3116016,0.33013675
"2026-03-21 21:00:00","2026-03-21 22:00:00",Nederland,ElectricityMix,Hour,UTC,Providing,Current,9387607,9387607,0.15344475,3053140,0.32530375
"2026-03-21 22:00:00","2026-03-21 23:00:00",Nederland,ElectricityMix,Hour,UTC,Providing,Current,9505032,9505032,0.155364,2935443,0.308851
"2026-03-21 23:00:00","2026-03-22 00:00:00",Nederland,ElectricityMix,Hour,UTC,Providing,Current,8915349,8915349,0.14572525,2821909,0.31658725
"2026-03-22 00:00:00","2026-03-22 01:00:00",Nederland,ElectricityMix,Hour,UTC,Providing,Current,8809148,8809148,0.1439885,2845624,0.323041
"2026-03-22 01:00:00","2026-03-22 02:00:00",Nederland,ElectricityMix,Hour,UTC,Providing,Current,8930583,8930583,0.1459735,2876942,0.32221875
"2026-03-22 02:00:00","2026-03-22 03:00:00",Nederland,ElectricityMix,Hour,UTC,Providing,Current,8411492,8411492,0.137488,2883818,0.3428355
"2026-03-22 03:00:00","2026-03-22 04:00:00",Nederland,ElectricityMix,Hour,UTC,Providing,Current,8627058,8627058,0.14101125,3031693,0.3514645
"2026-03-22 04:00:00","2026-03-22 05:00:00",Nederland,ElectricityMix,Hour,UTC,Providing,Current,8248959,8248959,0.13483075,3045649,0.36924075
"2026-03-22 05:00:00","2026-03-22 06:00:00",Nederland,ElectricityMix,Hour,UTC,Providing,Current,8238003,8238003,0.1346515,2971553,0.36058425
"2026-03-22 06:00:00","2026-03-22 07:00:00",Nederland,ElectricityMix,Hour,UTC,Providing,Current,8616478,8616478,0.1408375,2386003,0.27847575
"2026-03-22 07:00:00","2026-03-22 08:00:00",Nederland,ElectricityMix,Hour,UTC,Providing,Current,11260667,11260667,0.18405625,1777034,0.159867
"2026-03-22 08:00:00","2026-03-22 09:00:00",Nederland,ElectricityMix,Hour,UTC,Providing,Current,15371287,15371287,0.251244,1586794,0.103683475
"2026-03-22 09:00:00","2026-03-22 10:00:00",Nederland,ElectricityMix,Hour,UTC,Providing,Current,17806643,17806643,0.2910495,1499427,0.084336075
"2026-03-22 10:00:00","2026-03-22 11:00:00",Nederland,ElectricityMix,Hour,UTC,Providing,Current,19663435,19663435,0.321398,1440671,0.0733034
"2026-03-22 11:00:00","2026-03-22 12:00:00",Nederland,ElectricityMix,Hour,UTC,Providing,Current,20504218,20504218,0.3351395,1410378,0.0687863
"2026-03-22 12:00:00","2026-03-22 13:00:00",Nederland,ElectricityMix,Hour,UTC,Providing,Current,20248754,20248754,0.3309635,1383165,0.068314425
"2026-03-22 13:00:00","2026-03-22 14:00:00",Nederland,ElectricityMix,Hour,UTC,Providing,Current,19381593,19381593,0.316789,1357450,0.07004355
"2026-03-22 14:00:00","2026-03-22 15:00:00",Nederland,ElectricityMix,Hour,UTC,Providing,Current,17743568,17743568,0.290015,1514478,0.08552425
"2026-03-22 15:00:00","2026-03-22 16:00:00",Nederland,ElectricityMix,Hour,UTC,Providing,Current,15628746,15628746,0.255448,2169241,0.1394765
"2026-03-22 16:00:00","2026-03-22 17:00:00",Nederland,ElectricityMix,Hour,UTC,Providing,Current,14696115,14696115,0.24020375,3537295,0.24163875
"2026-03-22 17:00:00","2026-03-22 18:00:00",Nederland,ElectricityMix,Hour,UTC,Providing,Current,12604495,12604495,0.206016,4379775,0.34909725
"2026-03-22 18:00:00","2026-03-22 19:00:00",Nederland,ElectricityMix,Hour,UTC,Providing,Current,11650462,11650462,0.1904225,4544258,0.390054
"2026-03-22 19:00:00","2026-03-22 20:00:00",Nederland,ElectricityMix,Hour,UTC,Providing,Current,11582143,11582143,0.18930525,4604943,0.39759
"2026-03-22 20:00:00","2026-03-22 21:00:00",Nederland,ElectricityMix,Hour,UTC,Providing,Current,11350246,11350246,0.18551475,4574171,0.4030115
"2026-03-22 21:00:00","2026-03-22 22:00:00",Nederland,ElectricityMix,Hour,UTC,Providing,Current,10743316,10743316,0.17559425,4413630,0.4108295
"2026-03-22 22:00:00","2026-03-22 23:00:00",Nederland,ElectricityMix,Hour,UTC,Providing,Current,10552770,10552770,0.17247925,4353341,0.4125315
"2026-03-22 23:00:00","2026-03-23 00:00:00",Nederland,ElectricityMix,Hour,UTC,Providing,Current,10215057,10215057,0.16695925,4241358,0.41521675
"2026-03-23 00:00:00","2026-03-23 01:00:00",Nederland,ElectricityMix,Hour,UTC,Providing,Current,10187213,10187213,0.16650375,4199975,0.412282
"2026-03-23 01:00:00","2026-03-23 02:00:00",Nederland,ElectricityMix,Hour,UTC,Providing,Current,10263926,10263926,0.167757,4187358,0.40797
"2026-03-23 02:00:00","2026-03-23 03:00:00",Nederland,ElectricityMix,Hour,UTC,Providing,Current,9992503,9992503,0.1633205,4131046,0.4134075
"2026-03-23 03:00:00","2026-03-23 04:00:00",Nederland,ElectricityMix,Hour,UTC,Providing,Current,10330709,10330709,0.168848,4302177,0.41644725
"2026-03-23 04:00:00","2026-03-23 05:00:00",Nederland,ElectricityMix,Hour,UTC,Providing,Current,11306723,11306723,0.1847995,4657713,0.4119555
"2026-03-23 05:00:00","2026-03-23 06:00:00",Nederland,ElectricityMix,Hour,UTC,Providing,Current,12427829,12427829,0.20312275,4998286,0.402192
"2026-03-23 06:00:00","2026-03-23 07:00:00",Nederland,ElectricityMix,Hour,UTC,Providing,Current,13760794,13760794,0.22490825,5081296,0.3703375
"2026-03-23 07:00:00","2026-03-23 08:00:00",Nederland,ElectricityMix,Hour,UTC,Providing,Current,16503089,16503089,0.269728,4711551,0.28632925
"2026-03-23 08:00:00","2026-03-23 09:00:00",Nederland,ElectricityMix,Hour,UTC,Providing,Current,17408992,17408992,0.28453375,3373291,0.1937645
"2026-03-23 09:00:00","2026-03-23 10:00:00",Nederland,ElectricityMix,Hour,UTC,Providing,Current,17584329,17584329,0.287399,2440167,0.13886075
"2026-03-23 10:00:00","2026-03-23 11:00:00",Nederland,ElectricityMix,Hour,UTC,Providing,Current,17670310,17670310,0.28880325,2158670,0.12216575
"2026-03-23 11:00:00","2026-03-23 12:00:00",Nederland,ElectricityMix,Hour,UTC,Providing,Current,17319206,17319206,0.28306425,2177220,0.12571825
"2026-03-23 12:00:00","2026-03-23 13:00:00",Nederland,ElectricityMix,Hour,UTC,Providing,Current,17873983,17873983,0.2921305,2330880,0.1304115
"2026-03-23 13:00:00","2026-03-23 14:00:00",Nederland,ElectricityMix,Hour,UTC,Providing,Current,17879655,17879655,0.29222275,2643786,0.14804275
"2026-03-23 14:00:00","2026-03-23 15:00:00",Nederland,ElectricityMix,Hour,UTC,Providing,Current,18192106,18192106,0.29732875,3211151,0.17643775
"2026-03-23 15:00:00","2026-03-23 16:00:00",Nederland,ElectricityMix,Hour,UTC,Providing,Current,19109425,19109425,0.3123205,4248384,0.222523
"2026-03-23 16:00:00","2026-03-23 17:00:00",Nederland,ElectricityMix,Hour,UTC,Providing,Current,17440051,17440051,0.2850355,5312106,0.30541775
"2026-03-23 17:00:00","2026-03-23 18:00:00",Nederland,ElectricityMix,Hour,UTC,Providing,Current,15547147,15547147,0.25409775,5793534,0.37327675
"2026-03-23 18:00:00","2026-03-23 19:00:00",Nederland,ElectricityMix,Hour,UTC,Providing,Current,14903494,14903494,0.24357775,5910398,0.3965785
"2026-03-23 19:00:00","2026-03-23 20:00:00",Nederland,ElectricityMix,Hour,UTC,Providing,Current,14696090,14696090,0.24018725,5807230,0.395156
"2026-03-23 20:00:00","2026-03-23 21:00:00",Nederland,ElectricityMix,Hour,UTC,Providing,Current,14145154,14145154,0.2311825,5671507,0.4009275
"2026-03-23 21:00:00","2026-03-23 22:00:00",Nederland,ElectricityMix,Hour,UTC,Providing,Current,13681419,13681419,0.223603,5441935,0.397756
"2026-03-23 22:00:00","2026-03-23 23:00:00",Nederland,ElectricityMix,Hour,UTC,Providing,Current,12075626,12075626,0.197358,4805637,0.397886
"2026-03-23 23:00:00","2026-03-24 00:00:00",Nederland,ElectricityMix,Hour,UTC,Providing,Current,9537662,9537662,0.1558785,3741879,0.39206325
"2026-03-24 00:00:00","2026-03-24 01:00:00",Nederland,ElectricityMix,Hour,UTC,Providing,Current,8182148,8182148,0.13372425,3050116,0.37287175
"2026-03-24 01:00:00","2026-03-24 02:00:00",Nederland,ElectricityMix,Hour,UTC,Providing,Current,8643589,8643589,0.14126525,3032915,0.35092775
"2026-03-24 02:00:00","2026-03-24 03:00:00",Nederland,ElectricityMix,Hour,UTC,Providing,Current,9098829,9098829,0.148705,2969009,0.3263705
"2026-03-24 03:00:00","2026-03-24 04:00:00",Nederland,ElectricityMix,Hour,UTC,Providing,Current,9230101,9230101,0.15085025,2622097,0.2841745
"2026-03-24 04:00:00","2026-03-24 05:00:00",Nederland,ElectricityMix,Hour,UTC,Providing,Current,9740009,9740009,0.15918325,2558480,0.26268075
"2026-03-24 05:00:00","2026-03-24 06:00:00",Nederland,ElectricityMix,Hour,UTC,Providing,Current,13126448,13126448,0.2145285,2681275,0.20452675
"2026-03-24 06:00:00","2026-03-24 07:00:00",Nederland,ElectricityMix,Hour,UTC,Providing,Current,14467383,14467383,0.236443,2557954,0.1773015
"2026-03-24 07:00:00","2026-03-24 08:00:00",Nederland,ElectricityMix,Hour,UTC,Providing,Current,16391558,16391558,0.26788925,2055411,0.125732
"2026-03-24 08:00:00","2026-03-24 09:00:00",Nederland,ElectricityMix,Hour,UTC,Providing,Current,17848536,17848536,0.29170025,1238904,0.069773225
"2026-03-24 09:00:00","2026-03-24 10:00:00",Nederland,ElectricityMix,Hour,UTC,Providing,Current,20340082,20340082,0.332419,965363,0.0475524
"2026-03-24 10:00:00","2026-03-24 11:00:00",Nederland,ElectricityMix,Hour,UTC,Providing,Current,21941993,21941993,0.35859825,853767,0.03892495
"2026-03-24 11:00:00","2026-03-24 12:00:00",Nederland,ElectricityMix,Hour,UTC,Providing,Current,22850337,22850337,0.3734425,813615,0.03560985
"2026-03-24 12:00:00","2026-03-24 13:00:00",Nederland,ElectricityMix,Hour,UTC,Providing,Current,21087913,21087913,0.3446385,817092,0.0387824
"2026-03-24 13:00:00","2026-03-24 14:00:00",Nederland,ElectricityMix,Hour,UTC,Providing,Current,18942858,18942858,0.30958125,811476,0.042857175
"2026-03-24 14:00:00","2026-03-24 15:00:00",Nederland,ElectricityMix,Hour,UTC,Providing,Current,18124007,18124007,0.296198,951323,0.0525707
"2026-03-24 15:00:00","2026-03-24 16:00:00",Nederland,ElectricityMix,Hour,UTC,Providing,Current,17367807,17367807,0.28383875,1189016,0.068500375
"2026-03-24 16:00:00","2026-03-24 17:00:00",Nederland,ElectricityMix,Hour,UTC,Providing,Current,17260173,17260173,0.282079,1530650,0.08870365
"2026-03-24 17:00:00","2026-03-24 18:00:00",Nederland,ElectricityMix,Hour,UTC,Providing,Current,16383816,16383816,0.26775625,1599456,0.097660125
"2026-03-24 18:00:00","2026-03-24 19:00:00",Nederland,ElectricityMix,Hour,UTC,Providing,Current,15406023,15406023,0.25177575,1605715,0.10423
"2026-03-24 19:00:00","2026-03-24 20:00:00",Nederland,ElectricityMix,Hour,UTC,Providing,Current,15061745,15061745,0.24614875,1539380,0.1022065
"2026-03-24 20:00:00","2026-03-24 21:00:00",Nederland,ElectricityMix,Hour,UTC,Providing,Current,14573505,14573505,0.23816925,1379606,0.094663875
"2026-03-24 21:00:00","2026-03-24 22:00:00",Nederland,ElectricityMix,Hour,UTC,Providing,Current,13381661,13381661,0.2186905,994904,0.074314275
"2026-03-24 22:00:00","2026-03-24 23:00:00",Nederland,ElectricityMix,Hour,UTC,Providing,Current,12703066,12703066,0.20760025,780045,0.0614687
"2026-03-24 23:00:00","2026-03-25 00:00:00",Nederland,ElectricityMix,Hour,UTC,Providing,Current,12341499,12341499,0.201691,546600,0.04430055
"2026-03-25 00:00:00","2026-03-25 01:00:00",Nederland,ElectricityMix,Hour,UTC,Providing,Current,12056171,12056171,0.1970275,573479,0.0475711
"2026-03-25 01:00:00","2026-03-25 02:00:00",Nederland,ElectricityMix,Hour,UTC,Providing,Current,12541164,12541164,0.20495275,581450,0.046387975
"2026-03-25 02:00:00","2026-03-25 03:00:00",Nederland,ElectricityMix,Hour,UTC,Providing,Current,12566716,12566716,0.20537,558045,0.044407225
"2026-03-25 03:00:00","2026-03-25 04:00:00",Nederland,ElectricityMix,Hour,UTC,Providing,Current,13034410,13034410,0.21301275,587316,0.0450607
"2026-03-25 04:00:00","2026-03-25 05:00:00",Nederland,ElectricityMix,Hour,UTC,Providing,Current,13247509,13247509,0.2164945,652281,0.049240875
"2026-03-25 05:00:00","2026-03-25 06:00:00",Nederland,ElectricityMix,Hour,UTC,Providing,Current,13617465,13617465,0.22253975,754075,0.055439675
"2026-03-25 06:00:00","2026-03-25 07:00:00",Nederland,ElectricityMix,Hour,UTC,Providing,Current,15201682,15201682,0.248429,862776,0.056771775
"2026-03-25 07:00:00","2026-03-25 08:00:00",Nederland,ElectricityMix,Hour,UTC,Providing,Current,15597385,15597385,0.254895,899070,0.057654875
"2026-03-25 08:00:00","2026-03-25 09:00:00",Nederland,ElectricityMix,Hour,UTC,Providing,Current,16468241,16468241,0.269126,874311,0.0530938
"2026-03-25 09:00:00","2026-03-25 10:00:00",Nederland,ElectricityMix,Hour,UTC,Providing,Current,17416563,17416563,0.28462275,834837,0.0479422
"2026-03-25 10:00:00","2026-03-25 11:00:00",Nederland,ElectricityMix,Hour,UTC,Providing,Current,19522912,19522912,0.31904425,761759,0.039140925
"2026-03-25 11:00:00","2026-03-25 12:00:00",Nederland,ElectricityMix,Hour,UTC,Providing,Current,23312676,23312676,0.38097575,695170,0.029862925
"2026-03-25 12:00:00","2026-03-25 13:00:00",Nederland,ElectricityMix,Hour,UTC,Providing,Current,24315454,24315454,0.39736225,673621,0.027705575
"2026-03-25 13:00:00","2026-03-25 14:00:00",Nederland,ElectricityMix,Hour,UTC,Providing,Current,23957842,23957842,0.3915175,678100,0.028345725
"2026-03-25 14:00:00","2026-03-25 15:00:00",Nederland,ElectricityMix,Hour,UTC,Providing,Current,21834614,21834614,0.35681875,817899,0.0375177
"2026-03-25 15:00:00","2026-03-25 16:00:00",Nederland,ElectricityMix,Hour,UTC,Providing,Current,19479455,19479455,0.31833025,1061094,0.054922275
"2026-03-25 16:00:00","2026-03-25 17:00:00",Nederland,ElectricityMix,Hour,UTC,Providing,Current,17083126,17083126,0.27916925,1585508,0.092922375
"2026-03-25 17:00:00","2026-03-25 18:00:00",Nederland,ElectricityMix,Hour,UTC,Providing,Current,16084516,16084516,0.2628495,1961146,0.12205525
"2026-03-25 18:00:00","2026-03-25 19:00:00",Nederland,ElectricityMix,Hour,UTC,Providing,Current,15206816,15206816,0.2485055,2389301,0.15712725
"2026-03-25 19:00:00","2026-03-25 20:00:00",Nederland,ElectricityMix,Hour,UTC,Providing,Current,14216797,14216797,0.23232625,2468272,0.1737695
"2026-03-25 20:00:00","2026-03-25 21:00:00",Nederland,ElectricityMix,Hour,UTC,Providing,Current,12358473,12358473,0.20195775,2371310,0.1924725
"2026-03-25 21:00:00","2026-03-25 22:00:00",Nederland,ElectricityMix,Hour,UTC,Providing,Current,11363799,11363799,0.1857025,2051320,0.1804625
"2026-03-25 22:00:00","2026-03-25 23:00:00",Nederland,ElectricityMix,Hour,UTC,Providing,Current,11184303,11184303,0.182769,1805958,0.16148225
"2026-03-25 23:00:00","2026-03-26 00:00:00",Nederland,ElectricityMix,Hour,UTC,Providing,Current,11260680,11260680,0.18401675,1683078,0.14946075
"2026-03-26 00:00:00","2026-03-26 01:00:00",Nederland,ElectricityMix,Hour,UTC,Providing,Current,11966394,11966394,0.1955485,1683400,0.140695
"2026-03-26 01:00:00","2026-03-26 02:00:00",Nederland,ElectricityMix,Hour,UTC,Providing,Current,11915184,11915184,0.1947115,1691595,0.141975
"2026-03-26 02:00:00","2026-03-26 03:00:00",Nederland,ElectricityMix,Hour,UTC,Providing,Current,12569698,12569698,0.20540625,1704715,0.1356495
"2026-03-26 03:00:00","2026-03-26 04:00:00",Nederland,ElectricityMix,Hour,UTC,Providing,Current,12732917,12732917,0.2080735,1754487,0.1378125
"2026-03-26 04:00:00","2026-03-26 05:00:00",Nederland,ElectricityMix,Hour,UTC,Providing,Current,12995621,12995621,0.2123655,1835018,0.14121025
"2026-03-26 05:00:00","2026-03-26 06:00:00",Nederland,ElectricityMix,Hour,UTC,Providing,Current,13096463,13096463,0.214013,2035804,0.15546075
"2026-03-26 06:00:00","2026-03-26 07:00:00",Nederland,ElectricityMix,Hour,UTC,Providing,Current,15047386,15047386,0.245893,2087120,0.13914875
"2026-03-26 07:00:00","2026-03-26 08:00:00",Nederland,ElectricityMix,Hour,UTC,Providing,Current,17278674,17278674,0.282354,1787370,0.10376385
"2026-03-26 08:00:00","2026-03-26 09:00:00",Nederland,ElectricityMix,Hour,UTC,Providing,Current,20007836,20007836,0.326951,1399133,0.070106475
"2026-03-26 09:00:00","2026-03-26 10:00:00",Nederland,ElectricityMix,Hour,UTC,Providing,Current,22478480,22478480,0.36732325,1138142,0.0506851
"2026-03-26 10:00:00","2026-03-26 11:00:00",Nederland,ElectricityMix,Hour,UTC,Providing,Current,23906029,23906029,0.39065025,1073118,0.04493035
"2026-03-26 11:00:00","2026-03-26 12:00:00",Nederland,ElectricityMix,Hour,UTC,Providing,Current,25574518,25574518,0.41791425,1024451,0.040073
"2026-03-26 12:00:00","2026-03-26 13:00:00",Nederland,ElectricityMix,Hour,UTC,Providing,Current,26343324,26343324,0.43047625,1052126,0.039936475
"2026-03-26 13:00:00","2026-03-26 14:00:00",Nederland,ElectricityMix,Hour,UTC,Providing,Current,25226337,25226337,0.4122225,1103319,0.043752525
"2026-03-26 14:00:00","2026-03-26 15:00:00",Nederland,ElectricityMix,Hour,UTC,Providing,Current,22317459,22317459,0.364688,1323786,0.059496825
"2026-03-26 15:00:00","2026-03-26 16:00:00",Nederland,ElectricityMix,Hour,UTC,Providing,Current,21199649,21199649,0.34642075,1805842,0.085260475
"2026-03-26 16:00:00","2026-03-26 17:00:00",Nederland,ElectricityMix,Hour,UTC,Providing,Current,19980432,19980432,0.326497,2602710,0.1305225
"2026-03-26 17:00:00","2026-03-26 18:00:00",Nederland,ElectricityMix,Hour,UTC,Providing,Current,17819943,17819943,0.29119225,3305937,0.1861655
"2026-03-26 18:00:00","2026-03-26 19:00:00",Nederland,ElectricityMix,Hour,UTC,Providing,Current,15467066,15467066,0.2527435,3785143,0.24508925
"2026-03-26 19:00:00","2026-03-26 20:00:00",Nederland,ElectricityMix,Hour,UTC,Providing,Current,15011843,15011843,0.24530425,3952964,0.26331525
"2026-03-26 20:00:00","2026-03-26 21:00:00",Nederland,ElectricityMix,Hour,UTC,Providing,Current,13671035,13671035,0.22339375,3850778,0.281782
"2026-03-26 21:00:00","2026-03-26 22:00:00",Nederland,ElectricityMix,Hour,UTC,Providing,Current,12022678,12022678,0.196458,3641238,0.30329875
"2026-03-26 22:00:00","2026-03-26 23:00:00",Nederland,ElectricityMix,Hour,UTC,Providing,Current,10283381,10283381,0.16803625,3501044,0.34062125
"2026-03-26 23:00:00","2026-03-27 00:00:00",Nederland,ElectricityMix,Hour,UTC,Providing,Current,9449599,9449599,0.1544115,3397121,0.359611
"2026-03-27 00:00:00","2026-03-27 01:00:00",Nederland,ElectricityMix,Hour,UTC,Providing,Current,9091833,9091833,0.14856525,3390396,0.37290525
"2026-03-27 01:00:00","2026-03-27 02:00:00",Nederland,ElectricityMix,Hour,UTC,Providing,Current,9120873,9120873,0.14903925,3411060,0.374
"2026-03-27 02:00:00","2026-03-27 03:00:00",Nederland,ElectricityMix,Hour,UTC,Providing,Current,8992234,8992234,0.146937,3425616,0.38095275
"2026-03-27 03:00:00","2026-03-27 04:00:00",Nederland,ElectricityMix,Hour,UTC,Providing,Current,9264428,9264428,0.1513845,3517353,0.37966175
"2026-03-27 04:00:00","2026-03-27 05:00:00",Nederland,ElectricityMix,Hour,UTC,Providing,Current,10384790,10384790,0.169691,3912707,0.3767795
"2026-03-27 05:00:00","2026-03-27 06:00:00",Nederland,ElectricityMix,Hour,UTC,Providing,Current,12374304,12374304,0.2022,4050913,0.327482
"2026-03-27 06:00:00","2026-03-27 07:00:00",Nederland,ElectricityMix,Hour,UTC,Providing,Current,15632552,15632552,0.25544025,4068791,0.262501
"2026-03-27 07:00:00","2026-03-27 08:00:00",Nederland,ElectricityMix,Hour,UTC,Providing,Current,19695533,19695533,0.32182975,3851563,0.19592
"2026-03-27 08:00:00","2026-03-27 09:00:00",Nederland,ElectricityMix,Hour,UTC,Providing,Current,22136113,22136113,0.36170825,3017424,0.13689625
"2026-03-27 09:00:00","2026-03-27 10:00:00",Nederland,ElectricityMix,Hour,UTC,Providing,Current,24654609,24654609,0.40286025,2176389,0.0885461
"2026-03-27 10:00:00","2026-03-27 11:00:00",Nederland,ElectricityMix,Hour,UTC,Providing,Current,26374300,26374300,0.43095875,1601829,0.060807675
"2026-03-27 11:00:00","2026-03-27 12:00:00",Nederland,ElectricityMix,Hour,UTC,Providing,Current,26775790,26775790,0.43751825,1351502,0.050483175
"2026-03-27 12:00:00","2026-03-27 13:00:00",Nederland,ElectricityMix,Hour,UTC,Providing,Current,24452113,24452113,0.39954825,1324612,0.054192175
"2026-03-27 13:00:00","2026-03-27 14:00:00",Nederland,ElectricityMix,Hour,UTC,Providing,Current,23877255,23877255,0.39015425,1545258,0.064790125
"2026-03-27 14:00:00","2026-03-27 15:00:00",Nederland,ElectricityMix,Hour,UTC,Providing,Current,21810277,21810277,0.35637875,2166084,0.099517625
"2026-03-27 15:00:00","2026-03-27 16:00:00",Nederland,ElectricityMix,Hour,UTC,Providing,Current,19877039,19877039,0.324789,2517236,0.12676225
"2026-03-27 16:00:00","2026-03-27 17:00:00",Nederland,ElectricityMix,Hour,UTC,Providing,Current,18444723,18444723,0.30138425,2831993,0.153677
"2026-03-27 17:00:00","2026-03-27 18:00:00",Nederland,ElectricityMix,Hour,UTC,Providing,Current,17580724,17580724,0.287266,3196170,0.1818815
"2026-03-27 18:00:00","2026-03-27 19:00:00",Nederland,ElectricityMix,Hour,UTC,Providing,Current,16816220,16816220,0.2747735,3144672,0.18700225
"2026-03-27 19:00:00","2026-03-27 20:00:00",Nederland,ElectricityMix,Hour,UTC,Providing,Current,16662682,16662682,0.272264,3058233,0.183529
"2026-03-27 20:00:00","2026-03-27 21:00:00",Nederland,ElectricityMix,Hour,UTC,Providing,Current,16043276,16043276,0.26214225,2744221,0.171047
"2026-03-27 21:00:00","2026-03-27 22:00:00",Nederland,ElectricityMix,Hour,UTC,Providing,Current,15137594,15137594,0.24734325,2479328,0.1637805
"2026-03-27 22:00:00","2026-03-27 23:00:00",Nederland,ElectricityMix,Hour,UTC,Providing,Current,13367703,13367703,0.218423,2443535,0.183349
"2026-03-27 23:00:00","2026-03-28 00:00:00",Nederland,ElectricityMix,Hour,UTC,Providing,Current,11784983,11784983,0.192562,2360712,0.200326
"2026-03-28 00:00:00","2026-03-28 01:00:00",Nederland,ElectricityMix,Hour,UTC,Providing,Current,10796847,10796847,0.1764155,2121612,0.19641375
"2026-03-28 01:00:00","2026-03-28 02:00:00",Nederland,ElectricityMix,Hour,UTC,Providing,Current,9999153,9999153,0.16338125,1679334,0.16787025
"2026-03-28 02:00:00","2026-03-28 03:00:00",Nederland,ElectricityMix,Hour,UTC,Providing,Current,9369377,9369377,0.1530905,1467457,0.15659075
"2026-03-28 03:00:00","2026-03-28 04:00:00",Nederland,ElectricityMix,Hour,UTC,Providing,Current,9214477,9214477,0.15055925,1312619,0.1424225
"2026-03-28 04:00:00","2026-03-28 05:00:00",Nederland,ElectricityMix,Hour,UTC,Providing,Current,8937973,8937973,0.146041,1291302,0.144482
"2026-03-28 05:00:00","2026-03-28 06:00:00",Nederland,ElectricityMix,Hour,UTC,Providing,Current,9610612,9610612,0.15703125,1374262,0.14302225
"2026-03-28 06:00:00","2026-03-28 07:00:00",Nederland,ElectricityMix,Hour,UTC,Providing,Current,10919843,10919843,0.1784225,1503857,0.13800775
"2026-03-28 07:00:00","2026-03-28 08:00:00",Nederland,ElectricityMix,Hour,UTC,Providing,Current,12884513,12884513,0.21052325,1444136,0.1125285
"2026-03-28 08:00:00","2026-03-28 09:00:00",Nederland,ElectricityMix,Hour,UTC,Providing,Current,16275789,16275789,0.26593375,1364441,0.084121675
"2026-03-28 09:00:00","2026-03-28 10:00:00",Nederland,ElectricityMix,Hour,UTC,Providing,Current,19696259,19696259,0.32182075,1281998,0.0652643
"2026-03-28 10:00:00","2026-03-28 11:00:00",Nederland,ElectricityMix,Hour,UTC,Providing,Current,22636833,22636833,0.3698665,1214913,0.053730025
"2026-03-28 11:00:00","2026-03-28 12:00:00",Nederland,ElectricityMix,Hour,UTC,Providing,Current,24726821,24726821,0.404014,1208337,0.0489182
"2026-03-28 12:00:00","2026-03-28 13:00:00",Nederland,ElectricityMix,Hour,UTC,Providing,Current,26045003,26045003,0.42555075,1177771,0.045232275
"2026-03-28 13:00:00","2026-03-28 14:00:00",Nederland,ElectricityMix,Hour,UTC,Providing,Current,25443915,25443915,0.4157285,1156483,0.045458525
"2026-03-28 14:00:00","2026-03-28 15:00:00",Nederland,ElectricityMix,Hour,UTC,Providing,Current,24875502,24875502,0.40644025,1310450,0.052707825
"2026-03-28 15:00:00","2026-03-28 16:00:00",Nederland,ElectricityMix,Hour,UTC,Providing,Current,22550497,22550497,0.368451,1717232,0.076694925
"2026-03-28 16:00:00","2026-03-28 17:00:00",Nederland,ElectricityMix,Hour,UTC,Providing,Current,18117845,18117845,0.29602575,2431907,0.13510225
"2026-03-28 17:00:00","2026-03-28 18:00:00",Nederland,ElectricityMix,Hour,UTC,Providing,Current,15260831,15260831,0.2493445,3239219,0.213207
"2026-03-28 18:00:00","2026-03-28 19:00:00",Nederland,ElectricityMix,Hour,UTC,Providing,Current,12953892,12953892,0.211651,3391725,0.26219175
"2026-03-28 19:00:00","2026-03-28 20:00:00",Nederland,ElectricityMix,Hour,UTC,Providing,Current,13171457,13171457,0.2152055,3277551,0.2490165
"2026-03-28 20:00:00","2026-03-28 21:00:00",Nederland,ElectricityMix,Hour,UTC,Providing,Current,12559531,12559531,0.205207,3016399,0.240191
"2026-03-28 21:00:00","2026-03-28 22:00:00",Nederland,ElectricityMix,Hour,UTC,Providing,Current,11893491,11893491,0.194324,2932472,0.24659475
"2026-03-28 22:00:00","2026-03-28 23:00:00",Nederland,ElectricityMix,Hour,UTC,Providing,Current,10642731,10642731,0.17388775,2594551,0.24382
"2026-03-28 23:00:00","2026-03-29 00:00:00",Nederland,ElectricityMix,Hour,UTC,Providing,Current,10199166,10199166,0.16664,2580766,0.25300875
"2026-03-29 00:00:00","2026-03-29 01:00:00",Nederland,ElectricityMix,Hour,UTC,Providing,Current,9290809,9290809,0.1517985,2449270,0.26393925
"2026-03-29 01:00:00","2026-03-29 02:00:00",Nederland,ElectricityMix,Hour,UTC,Providing,Current,8576521,8576521,0.14012775,2555645,0.2981835
"2026-03-29 02:00:00","2026-03-29 03:00:00",Nederland,ElectricityMix,Hour,UTC,Providing,Current,8023259,8023259,0.131088,2667536,0.332542
"2026-03-29 03:00:00","2026-03-29 04:00:00",Nederland,ElectricityMix,Hour,UTC,Providing,Current,7872287,7872287,0.12862075,2739667,0.3480225
"2026-03-29 04:00:00","2026-03-29 05:00:00",Nederland,ElectricityMix,Hour,UTC,Providing,Current,8046880,8046880,0.13147325,2807502,0.34890225
"2026-03-29 05:00:00","2026-03-29 06:00:00",Nederland,ElectricityMix,Hour,UTC,Providing,Current,8065133,8065133,0.131771,2847112,0.35304125
"2026-03-29 06:00:00","2026-03-29 07:00:00",Nederland,ElectricityMix,Hour,UTC,Providing,Current,10495481,10495481,0.1714785,2857002,0.2758415
"2026-03-29 07:00:00","2026-03-29 08:00:00",Nederland,ElectricityMix,Hour,UTC,Providing,Current,13106973,13106973,0.2141455,2160615,0.1665475
"2026-03-29 08:00:00","2026-03-29 09:00:00",Nederland,ElectricityMix,Hour,UTC,Providing,Current,16963128,16963128,0.277148,1476844,0.0880938
"2026-03-29 09:00:00","2026-03-29 10:00:00",Nederland,ElectricityMix,Hour,UTC,Providing,Current,19621735,19621735,0.32058425,931519,0.0476241
"2026-03-29 10:00:00","2026-03-29 11:00:00",Nederland,ElectricityMix,Hour,UTC,Providing,Current,24197471,24197471,0.3953425,885801,0.036698125
"2026-03-29 11:00:00","2026-03-29 12:00:00",Nederland,ElectricityMix,Hour,UTC,Providing,Current,24447892,24447892,0.39943275,849269,0.034748275
"2026-03-29 12:00:00","2026-03-29 13:00:00",Nederland,ElectricityMix,Hour,UTC,Providing,Current,22131085,22131085,0.36157975,833289,0.037654425
"2026-03-29 13:00:00","2026-03-29 14:00:00",Nederland,ElectricityMix,Hour,UTC,Providing,Current,20307292,20307292,0.3317815,871728,0.043037
"2026-03-29 14:00:00","2026-03-29 15:00:00",Nederland,ElectricityMix,Hour,UTC,Providing,Current,18605370,18605370,0.30397475,956811,0.051512575
"2026-03-29 15:00:00","2026-03-29 16:00:00",Nederland,ElectricityMix,Hour,UTC,Providing,Current,16982328,16982328,0.27745675,1049020,0.06177105
"2026-03-29 16:00:00","2026-03-29 17:00:00",Nederland,ElectricityMix,Hour,UTC,Providing,Current,16257648,16257648,0.26561625,1202078,0.0740235
"2026-03-29 17:00:00","2026-03-29 18:00:00",Nederland,ElectricityMix,Hour,UTC,Providing,Current,15521132,15521132,0.25358225,1472095,0.094864825
"2026-03-29 18:00:00","2026-03-29 19:00:00",Nederland,ElectricityMix,Hour,UTC,Providing,Current,15379215,15379215,0.25126325,1452703,0.094444575
"2026-03-29 19:00:00","2026-03-29 20:00:00",Nederland,ElectricityMix,Hour,UTC,Providing,Current,14920872,14920872,0.24377425,1188443,0.0796395
"2026-03-29 20:00:00","2026-03-29 21:00:00",Nederland,ElectricityMix,Hour,UTC,Providing,Current,14530171,14530171,0.23739025,950643,0.065418075
"2026-03-29 21:00:00","2026-03-29 22:00:00",Nederland,ElectricityMix,Hour,UTC,Providing,Current,14173920,14173920,0.23156975,853766,0.060233625
"2026-03-29 22:00:00","2026-03-29 23:00:00",Nederland,ElectricityMix,Hour,UTC,Providing,Current,14006004,14006004,0.22882575,850617,0.0607325
"2026-03-29 23:00:00","2026-03-30 00:00:00",Nederland,ElectricityMix,Hour,UTC,Providing,Current,13445602,13445602,0.2196695,834216,0.062063125
"2026-03-30 00:00:00","2026-03-30 01:00:00",Nederland,ElectricityMix,Hour,UTC,Providing,Current,12245747,12245747,0.200066,863996,0.0705725
"2026-03-30 01:00:00","2026-03-30 02:00:00",Nederland,ElectricityMix,Hour,UTC,Providing,Current,13019521,13019521,0.2127075,934616,0.071794475
"2026-03-30 02:00:00","2026-03-30 03:00:00",Nederland,ElectricityMix,Hour,UTC,Providing,Current,13409911,13409911,0.21908475,966152,0.072052575
"2026-03-30 03:00:00","2026-03-30 04:00:00",Nederland,ElectricityMix,Hour,UTC,Providing,Current,13968476,13968476,0.22821,1061307,0.075978525
"2026-03-30 04:00:00","2026-03-30 05:00:00",Nederland,ElectricityMix,Hour,UTC,Providing,Current,14094916,14094916,0.230275,1220818,0.086732125
"2026-03-30 05:00:00","2026-03-30 06:00:00",Nederland,ElectricityMix,Hour,UTC,Providing,Current,14183230,14183230,0.23171725,1548527,0.109204
"2026-03-30 06:00:00","2026-03-30 07:00:00",Nederland,ElectricityMix,Hour,UTC,Providing,Current,15569505,15569505,0.2543645,1762193,0.1135315
"2026-03-30 07:00:00","2026-03-30 08:00:00",Nederland,ElectricityMix,Hour,UTC,Providing,Current,18372587,18372587,0.30015875,1542697,0.08424445
"2026-03-30 08:00:00","2026-03-30 09:00:00",Nederland,ElectricityMix,Hour,UTC,Providing,Current,21745445,21745445,0.35526125,1242585,0.057346125
"2026-03-30 09:00:00","2026-03-30 10:00:00",Nederland,ElectricityMix,Hour,UTC,Providing,Current,23688031,23688031,0.386997,1084198,0.0458127
"2026-03-30 10:00:00","2026-03-30 11:00:00",Nederland,ElectricityMix,Hour,UTC,Providing,Current,24595776,24595776,0.40182575,951518,0.0386913
"2026-03-30 11:00:00","2026-03-30 12:00:00",Nederland,ElectricityMix,Hour,UTC,Providing,Current,24294131,24294131,0.39689675,905077,0.037256525
"2026-03-30 12:00:00","2026-03-30 13:00:00",Nederland,ElectricityMix,Hour,UTC,Providing,Current,24594482,24594482,0.40180275,858149,0.0349009
"2026-03-30 13:00:00","2026-03-30 14:00:00",Nederland,ElectricityMix,Hour,UTC,Providing,Current,24046261,24046261,0.392846,878590,0.0365669
"2026-03-30 14:00:00","2026-03-30 15:00:00",Nederland,ElectricityMix,Hour,UTC,Providing,Current,23621132,23621132,0.3858995,1007955,0.0427725
"2026-03-30 15:00:00","2026-03-30 16:00:00",Nederland,ElectricityMix,Hour,UTC,Providing,Current,21491934,21491934,0.35111375,1431873,0.066744575
"2026-03-30 16:00:00","2026-03-30 17:00:00",Nederland,ElectricityMix,Hour,UTC,Providing,Current,20187288,20187288,0.32979875,1988213,0.09881995
"2026-03-30 17:00:00","2026-03-30 18:00:00",Nederland,ElectricityMix,Hour,UTC,Providing,Current,16565744,16565744,0.27063325,2407715,0.14612025
"2026-03-30 18:00:00","2026-03-30 19:00:00",Nederland,ElectricityMix,Hour,UTC,Providing,Current,14244057,14244057,0.23270325,2589454,0.1819045
"2026-03-30 19:00:00","2026-03-30 20:00:00",Nederland,ElectricityMix,Hour,UTC,Providing,Current,12799375,12799375,0.2091015,2682610,0.209805
"2026-03-30 20:00:00","2026-03-30 21:00:00",Nederland,ElectricityMix,Hour,UTC,Providing,Current,11379026,11379026,0.185897,2875545,0.2530825
"2026-03-30 21:00:00","2026-03-30 22:00:00",Nederland,ElectricityMix,Hour,UTC,Providing,Current,9902995,9902995,0.161783,2838816,0.28695925
"2026-03-30 22:00:00","2026-03-30 23:00:00",Nederland,ElectricityMix,Hour,UTC,Providing,Current,9342576,9342576,0.152627,2900316,0.31045525
"2026-03-30 23:00:00","2026-03-31 00:00:00",Nederland,ElectricityMix,Hour,UTC,Providing,Current,9412810,9412810,0.153774,2928268,0.31110725
"2026-03-31 00:00:00","2026-03-31 01:00:00",Nederland,ElectricityMix,Hour,UTC,Providing,Current,9726438,9726438,0.15889725,2969133,0.30526975
"2026-03-31 01:00:00","2026-03-31 02:00:00",Nederland,ElectricityMix,Hour,UTC,Providing,Current,9918039,9918039,0.162027,2957858,0.2982305
"2026-03-31 02:00:00","2026-03-31 03:00:00",Nederland,ElectricityMix,Hour,UTC,Providing,Current,10004432,10004432,0.16343775,2995138,0.2993825
"2026-03-31 03:00:00","2026-03-31 04:00:00",Nederland,ElectricityMix,Hour,UTC,Providing,Current,9912004,9912004,0.1619275,3060216,0.3087215
"2026-03-31 04:00:00","2026-03-31 05:00:00",Nederland,ElectricityMix,Hour,UTC,Providing,Current,11057650,11057650,0.18064325,3594822,0.32503025
"2026-03-31 05:00:00","2026-03-31 06:00:00",Nederland,ElectricityMix,Hour,UTC,Providing,Current,11906875,11906875,0.194516,3950765,0.3318255
"2026-03-31 06:00:00","2026-03-31 07:00:00",Nederland,ElectricityMix,Hour,UTC,Providing,Current,13166596,13166596,0.21509475,3952594,0.300826
"2026-03-31 07:00:00","2026-03-31 08:00:00",Nederland,ElectricityMix,Hour,UTC,Providing,Current,14885191,14885191,0.24316975,3880809,0.26102425
"2026-03-31 08:00:00","2026-03-31 09:00:00",Nederland,ElectricityMix,Hour,UTC,Providing,Current,16207812,16207812,0.264776,3573543,0.2208915
"2026-03-31 09:00:00","2026-03-31 10:00:00",Nederland,ElectricityMix,Hour,UTC,Providing,Current,17828550,17828550,0.29125225,3312348,0.18592275
"2026-03-31 10:00:00","2026-03-31 11:00:00",Nederland,ElectricityMix,Hour,UTC,Providing,Current,18323654,18323654,0.2993395,2969483,0.162229
"2026-03-31 11:00:00","2026-03-31 12:00:00",Nederland,ElectricityMix,Hour,UTC,Providing,Current,20011680,20011680,0.32691475,2584265,0.12920825
"2026-03-31 12:00:00","2026-03-31 13:00:00",Nederland,ElectricityMix,Hour,UTC,Providing,Current,20393951,20393951,0.33315875,2487497,0.12207175
"2026-03-31 13:00:00","2026-03-31 14:00:00",Nederland,ElectricityMix,Hour,UTC,Providing,Current,19440357,19440357,0.31757975,2409090,0.1242105
"2026-03-31 14:00:00","2026-03-31 15:00:00",Nederland,ElectricityMix,Hour,UTC,Providing,Current,19022034,19022034,0.31074525,2714815,0.1426665
"2026-03-31 15:00:00","2026-03-31 16:00:00",Nederland,ElectricityMix,Hour,UTC,Providing,Current,19419463,19419463,0.31723675,3412184,0.17599975
"2026-03-31 16:00:00","2026-03-31 17:00:00",Nederland,ElectricityMix,Hour,UTC,Providing,Current,18360335,18360335,0.29993425,4446788,0.24273525
"2026-03-31 17:00:00","2026-03-31 18:00:00",Nederland,ElectricityMix,Hour,UTC,Providing,Current,15393027,15393027,0.25146,4945086,0.32296175
"2026-03-31 18:00:00","2026-03-31 19:00:00",Nederland,ElectricityMix,Hour,UTC,Providing,Current,13284646,13284646,0.217017,5125493,0.38588
"2026-03-31 19:00:00","2026-03-31 20:00:00",Nederland,ElectricityMix,Hour,UTC,Providing,Current,12910757,12910757,0.2109085,5171483,0.4005745
"2026-03-31 20:00:00","2026-03-31 21:00:00",Nederland,ElectricityMix,Hour,UTC,Providing,Current,12616635,12616635,0.20610325,5122943,0.40604675
"2026-03-31 21:00:00","2026-03-31 22:00:00",Nederland,ElectricityMix,Hour,UTC,Providing,Current,12304001,12304001,0.20099575,5019762,0.40797725
"2026-03-31 22:00:00","2026-03-31 23:00:00",Nederland,ElectricityMix,Hour,UTC,Providing,Current,12085982,12085982,0.1974335,4950619,0.4096155
"2026-03-31 23:00:00","2026-04-01 00:00:00",Nederland,ElectricityMix,Hour,UTC,Providing,Current,12255445,12255445,0.2002015,5025444,0.41005825
"2026-04-01 00:00:00","2026-04-01 01:00:00",Nederland,ElectricityMix,Hour,UTC,Providing,Current,12372123,12372123,0.202107,5072393,0.40998625
"2026-04-01 01:00:00","2026-04-01 02:00:00",Nederland,ElectricityMix,Hour,UTC,Providing,Current,12641102,12641102,0.20650025,5176061,0.40946275
"2026-04-01 02:00:00","2026-04-01 03:00:00",Nederland,ElectricityMix,Hour,UTC,Providing,Current,12531403,12531403,0.20470775,5067679,0.4043755
"2026-04-01 03:00:00","2026-04-01 04:00:00",Nederland,ElectricityMix,Hour,UTC,Providing,Current,12571252,12571252,0.20535825,4991975,0.39709475
"2026-04-01 04:00:00","2026-04-01 05:00:00",Nederland,ElectricityMix,Hour,UTC,Providing,Current,12978178,12978178,0.21200525,5094929,0.39257675
"2026-04-01 05:00:00","2026-04-01 06:00:00",Nederland,ElectricityMix,Hour,UTC,Providing,Current,13515446,13515446,0.22078125,5229550,0.38696825
"2026-04-01 06:00:00","2026-04-01 07:00:00",Nederland,ElectricityMix,Hour,UTC,Providing,Current,15132091,15132091,0.24718925,5149522,0.3411525
"2026-04-01 07:00:00","2026-04-01 08:00:00",Nederland,ElectricityMix,Hour,UTC,Providing,Current,17024730,17024730,0.2781055,4783537,0.28154475
"2026-04-01 08:00:00","2026-04-01 09:00:00",Nederland,ElectricityMix,Hour,UTC,Providing,Current,18906878,18906878,0.3088505,3807844,0.20206675
"2026-04-01 09:00:00","2026-04-01 10:00:00",Nederland,ElectricityMix,Hour,UTC,Providing,Current,19487883,19487883,0.3183405,2482790,0.12784425
"2026-04-01 10:00:00","2026-04-01 11:00:00",Nederland,ElectricityMix,Hour,UTC,Providing,Current,20970836,20970836,0.34256425,1794784,0.085677625
"2026-04-01 11:00:00","2026-04-01 12:00:00",Nederland,ElectricityMix,Hour,UTC,Providing,Current,21903291,21903291,0.357795,1597332,0.072928375
"2026-04-01 12:00:00","2026-04-01 13:00:00",Nederland,ElectricityMix,Hour,UTC,Providing,Current,21888583,21888583,0.35755375,1566007,0.071553675
"2026-04-01 13:00:00","2026-04-01 14:00:00",Nederland,ElectricityMix,Hour,UTC,Providing,Current,20465957,20465957,0.33431425,1800003,0.088233225
"2026-04-01 14:00:00","2026-04-01 15:00:00",Nederland,ElectricityMix,Hour,UTC,Providing,Current,19086656,19086656,0.3117825,2418675,0.126918
"2026-04-01 15:00:00","2026-04-01 16:00:00",Nederland,ElectricityMix,Hour,UTC,Providing,Current,18993446,18993446,0.31025925,3711280,0.19510775
"2026-04-01 16:00:00","2026-04-01 17:00:00",Nederland,ElectricityMix,Hour,UTC,Providing,Current,17887252,17887252,0.2921885,4809901,0.26991525
"2026-04-01 17:00:00","2026-04-01 18:00:00",Nederland,ElectricityMix,Hour,UTC,Providing,Current,14209366,14209366,0.23210975,4897090,0.3458975
"2026-04-01 18:00:00","2026-04-01 19:00:00",Nederland,ElectricityMix,Hour,UTC,Providing,Current,12629066,12629066,0.206295,4960361,0.39277375
"2026-04-01 19:00:00","2026-04-01 20:00:00",Nederland,ElectricityMix,Hour,UTC,Providing,Current,12522091,12522091,0.20454725,4929883,0.393695
"2026-04-01 20:00:00","2026-04-01 21:00:00",Nederland,ElectricityMix,Hour,UTC,Providing,Current,12338885,12338885,0.201554,4865058,0.3942865
"2026-04-01 21:00:00","2026-04-01 22:00:00",Nederland,ElectricityMix,Hour,UTC,Providing,Current,12150729,12150729,0.19847975,4762702,0.391969
"2026-04-01 22:00:00","2026-04-01 23:00:00",Nederland,ElectricityMix,Hour,UTC,Providing,Current,11070355,11070355,0.18083175,4341512,0.3921905
"2026-04-01 23:00:00","2026-04-02 00:00:00",Nederland,ElectricityMix,Hour,UTC,Providing,Current,9882525,9882525,0.1614285,3864476,0.39104
"2026-04-02 00:00:00","2026-04-02 01:00:00",Nederland,ElectricityMix,Hour,UTC,Providing,Current,10016190,10016190,0.16361125,3853425,0.38472375
"2026-04-02 01:00:00","2026-04-02 02:00:00",Nederland,ElectricityMix,Hour,UTC,Providing,Current,10174579,10174579,0.16619825,3808384,0.37431525
"2026-04-02 02:00:00","2026-04-02 03:00:00",Nederland,ElectricityMix,Hour,UTC,Providing,Current,10220254,10220254,0.16694375,3878285,0.3794685
"2026-04-02 03:00:00","2026-04-02 04:00:00",Nederland,ElectricityMix,Hour,UTC,Providing,Current,11188731,11188731,0.18276325,4193088,0.37478425
"2026-04-02 04:00:00","2026-04-02 05:00:00",Nederland,ElectricityMix,Hour,UTC,Providing,Current,13015221,13015221,0.2125975,4817448,0.3701785
"2026-04-02 05:00:00","2026-04-02 06:00:00",Nederland,ElectricityMix,Hour,UTC,Providing,Current,14248407,14248407,0.2327405,5008757,0.35156625
"2026-04-02 06:00:00","2026-04-02 07:00:00",Nederland,ElectricityMix,Hour,UTC,Providing,Current,14930979,14930979,0.24388925,5000765,0.3350705
"2026-04-02 07:00:00","2026-04-02 08:00:00",Nederland,ElectricityMix,Hour,UTC,Providing,Current,15740758,15740758,0.25711625,4658858,0.296218
"2026-04-02 08:00:00","2026-04-02 09:00:00",Nederland,ElectricityMix,Hour,UTC,Providing,Current,15620016,15620016,0.255143,3802485,0.2433775
"2026-04-02 09:00:00","2026-04-02 10:00:00",Nederland,ElectricityMix,Hour,UTC,Providing,Current,16184790,16184790,0.264368,3210202,0.1984255
"2026-04-02 10:00:00","2026-04-02 11:00:00",Nederland,ElectricityMix,Hour,UTC,Providing,Current,16947955,16947955,0.276833,2854612,0.168566
"2026-04-02 11:00:00","2026-04-02 12:00:00",Nederland,ElectricityMix,Hour,UTC,Providing,Current,17120746,17120746,0.27965475,2477787,0.14473825
"2026-04-02 12:00:00","2026-04-02 13:00:00",Nederland,ElectricityMix,Hour,UTC,Providing,Current,17884140,17884140,0.29212325,2656943,0.14853875
"2026-04-02 13:00:00","2026-04-02 14:00:00",Nederland,ElectricityMix,Hour,UTC,Providing,Current,17783125,17783125,0.2904725,2791897,0.15700675
"2026-04-02 14:00:00","2026-04-02 15:00:00",Nederland,ElectricityMix,Hour,UTC,Providing,Current,17574388,17574388,0.28706275,2949941,0.16800525
"2026-04-02 15:00:00","2026-04-02 16:00:00",Nederland,ElectricityMix,Hour,UTC,Providing,Current,17531432,17531432,0.28636,3584536,0.20433775
"2026-04-02 16:00:00","2026-04-02 17:00:00",Nederland,ElectricityMix,Hour,UTC,Providing,Current,18044457,18044457,0.29473875,4470720,0.2478855
"2026-04-02 17:00:00","2026-04-02 18:00:00",Nederland,ElectricityMix,Hour,UTC,Providing,Current,16414877,16414877,0.26812075,4909134,0.2997745
"2026-04-02 18:00:00","2026-04-02 19:00:00",Nederland,ElectricityMix,Hour,UTC,Providing,Current,14228545,14228545,0.2324085,4980810,0.3502925
"2026-04-02 19:00:00","2026-04-02 20:00:00",Nederland,ElectricityMix,Hour,UTC,Providing,Current,13073643,13073643,0.213544,4869896,0.372555
"2026-04-02 20:00:00","2026-04-02 21:00:00",Nederland,ElectricityMix,Hour,UTC,Providing,Current,12314712,12314712,0.201147,4753379,0.38603775
"2026-04-02 21:00:00","2026-04-02 22:00:00",Nederland,ElectricityMix,Hour,UTC,Providing,Current,11026262,11026262,0.18010125,4320816,0.391895
"2026-04-02 22:00:00","2026-04-02 23:00:00",Nederland,ElectricityMix,Hour,UTC,Providing,Current,9554515,9554515,0.1560615,3769070,0.3944445
"2026-04-02 23:00:00","2026-04-03 00:00:00",Nederland,ElectricityMix,Hour,UTC,Providing,Current,8725134,8725134,0.1425145,3440674,0.3943375
"2026-04-03 00:00:00","2026-04-03 01:00:00",Nederland,ElectricityMix,Hour,UTC,Providing,Current,8997717,8997717,0.14696625,3477659,0.38648175
"2026-04-03 01:00:00","2026-04-03 02:00:00",Nederland,ElectricityMix,Hour,UTC,Providing,Current,8982197,8982197,0.14671225,3320128,0.369691
"2026-04-03 02:00:00","2026-04-03 03:00:00",Nederland,ElectricityMix,Hour,UTC,Providing,Current,9348655,9348655,0.1526975,3284230,0.35137775
"2026-04-03 03:00:00","2026-04-03 04:00:00",Nederland,ElectricityMix,Hour,UTC,Providing,Current,10483835,10483835,0.17123875,3453436,0.32958475
"2026-04-03 04:00:00","2026-04-03 05:00:00",Nederland,ElectricityMix,Hour,UTC,Providing,Current,11890293,11890293,0.19421075,3608932,0.30364775
"2026-04-03 05:00:00","2026-04-03 06:00:00",Nederland,ElectricityMix,Hour,UTC,Providing,Current,13252092,13252092,0.21645325,3682930,0.278073
"2026-04-03 06:00:00","2026-04-03 07:00:00",Nederland,ElectricityMix,Hour,UTC,Providing,Current,15302147,15302147,0.24993725,3624574,0.23749025
"2026-04-03 07:00:00","2026-04-03 08:00:00",Nederland,ElectricityMix,Hour,UTC,Providing,Current,15973392,15973392,0.26090075,2590629,0.162406
"2026-04-03 08:00:00","2026-04-03 09:00:00",Nederland,ElectricityMix,Hour,UTC,Providing,Current,17981680,17981680,0.29370225,1790091,0.100204075
"2026-04-03 09:00:00","2026-04-03 10:00:00",Nederland,ElectricityMix,Hour,UTC,Providing,Current,22341501,22341501,0.364912,1165947,0.052651625
"2026-04-03 10:00:00","2026-04-03 11:00:00",Nederland,ElectricityMix,Hour,UTC,Providing,Current,24999254,24999254,0.408321,849752,0.03399175
"2026-04-03 11:00:00","2026-04-03 12:00:00",Nederland,ElectricityMix,Hour,UTC,Providing,Current,24593878,24593878,0.40169875,813633,0.033082675
"2026-04-03 12:00:00","2026-04-03 13:00:00",Nederland,ElectricityMix,Hour,UTC,Providing,Current,23317505,23317505,0.3808505,813020,0.0348928
"2026-04-03 13:00:00","2026-04-03 14:00:00",Nederland,ElectricityMix,Hour,UTC,Providing,Current,21243572,21243572,0.3469755,850034,0.0400198
"2026-04-03 14:00:00","2026-04-03 15:00:00",Nederland,ElectricityMix,Hour,UTC,Providing,Current,18637261,18637261,0.3044055,881984,0.047372275
"2026-04-03 15:00:00","2026-04-03 16:00:00",Nederland,ElectricityMix,Hour,UTC,Providing,Current,16800595,16800595,0.27440625,1044298,0.062369025
"2026-04-03 16:00:00","2026-04-03 17:00:00",Nederland,ElectricityMix,Hour,UTC,Providing,Current,15299535,15299535,0.2498885,1181320,0.077232625
"2026-04-03 17:00:00","2026-04-03 18:00:00",Nederland,ElectricityMix,Hour,UTC,Providing,Current,14161634,14161634,0.2313025,1147262,0.081015475
"2026-04-03 18:00:00","2026-04-03 19:00:00",Nederland,ElectricityMix,Hour,UTC,Providing,Current,14134258,14134258,0.230855,1118158,0.07910955
"2026-04-03 19:00:00","2026-04-03 20:00:00",Nederland,ElectricityMix,Hour,UTC,Providing,Current,13909444,13909444,0.22718225,1068098,0.076788675
"2026-04-03 20:00:00","2026-04-03 21:00:00",Nederland,ElectricityMix,Hour,UTC,Providing,Current,13749918,13749918,0.22457625,1045331,0.07602285
"2026-04-03 21:00:00","2026-04-03 22:00:00",Nederland,ElectricityMix,Hour,UTC,Providing,Current,13557453,13557453,0.22143225,1012049,0.074652825
"2026-04-03 22:00:00","2026-04-03 23:00:00",Nederland,ElectricityMix,Hour,UTC,Providing,Current,13436686,13436686,0.21945925,959769,0.07142825
"2026-04-03 23:00:00","2026-04-04 00:00:00",Nederland,ElectricityMix,Hour,UTC,Providing,Current,13217786,13217786,0.2158835,998921,0.0755723
"2026-04-04 00:00:00","2026-04-04 01:00:00",Nederland,ElectricityMix,Hour,UTC,Providing,Current,12012207,12012207,0.1961925,992357,0.08280815
"2026-04-04 01:00:00","2026-04-04 02:00:00",Nederland,ElectricityMix,Hour,UTC,Providing,Current,10397690,10397690,0.16982275,1012680,0.09755555
"2026-04-04 02:00:00","2026-04-04 03:00:00",Nederland,ElectricityMix,Hour,UTC,Providing,Current,9173920,9173920,0.14983475,1044426,0.11389425
"2026-04-04 03:00:00","2026-04-04 04:00:00",Nederland,ElectricityMix,Hour,UTC,Providing,Current,8085914,8085914,0.13206425,1097836,0.1360895
"2026-04-04 04:00:00","2026-04-04 05:00:00",Nederland,ElectricityMix,Hour,UTC,Providing,Current,7264408,7264408,0.1186465,1333519,0.183956
"2026-04-04 05:00:00","2026-04-04 06:00:00",Nederland,ElectricityMix,Hour,UTC,Providing,Current,6938089,6938089,0.11331675,1576124,0.22720375
"2026-04-04 06:00:00","2026-04-04 07:00:00",Nederland,ElectricityMix,Hour,UTC,Providing,Current,8604139,8604139,0.140527,1643148,0.1926655
"2026-04-04 07:00:00","2026-04-04 08:00:00",Nederland,ElectricityMix,Hour,UTC,Providing,Current,11798680,11798680,0.19270175,1524691,0.130368
"2026-04-04 08:00:00","2026-04-04 09:00:00",Nederland,ElectricityMix,Hour,UTC,Providing,Current,14208222,14208222,0.232055,1004322,0.071100775
"2026-04-04 09:00:00","2026-04-04 10:00:00",Nederland,ElectricityMix,Hour,UTC,Providing,Current,17461387,17461387,0.28518625,921002,0.05289915
"2026-04-04 10:00:00","2026-04-04 11:00:00",Nederland,ElectricityMix,Hour,UTC,Providing,Current,18564122,18564122,0.303196,864846,0.046597325
"2026-04-04 11:00:00","2026-04-04 12:00:00",Nederland,ElectricityMix,Hour,UTC,Providing,Current,18721502,18721502,0.30576525,857190,0.045807975
"2026-04-04 12:00:00","2026-04-04 13:00:00",Nederland,ElectricityMix,Hour,UTC,Providing,Current,18985310,18985310,0.31007325,830607,0.04375855
"2026-04-04 13:00:00","2026-04-04 14:00:00",Nederland,ElectricityMix,Hour,UTC,Providing,Current,18745444,18745444,0.306155,843305,0.04503045
"2026-04-04 14:00:00","2026-04-04 15:00:00",Nederland,ElectricityMix,Hour,UTC,Providing,Current,18576356,18576356,0.30339275,863370,0.046486125
"2026-04-04 15:00:00","2026-04-04 16:00:00",Nederland,ElectricityMix,Hour,UTC,Providing,Current,17267424,17267424,0.28201425,895700,0.0519989
"2026-04-04 16:00:00","2026-04-04 17:00:00",Nederland,ElectricityMix,Hour,UTC,Providing,Current,14848505,14848505,0.24250725,1189776,0.080612975
"2026-04-04 17:00:00","2026-04-04 18:00:00",Nederland,ElectricityMix,Hour,UTC,Providing,Current,13142844,13142844,0.21465,1442589,0.10985725
"2026-04-04 18:00:00","2026-04-04 19:00:00",Nederland,ElectricityMix,Hour,UTC,Providing,Current,11745846,11745846,0.1918335,1425951,0.12140275
"2026-04-04 19:00:00","2026-04-04 20:00:00",Nederland,ElectricityMix,Hour,UTC,Providing,Current,10949454,10949454,0.1788265,1182518,0.108036
"2026-04-04 20:00:00","2026-04-04 21:00:00",Nederland,ElectricityMix,Hour,UTC,Providing,Current,11742711,11742711,0.19178125,1050384,0.089576875
"2026-04-04 21:00:00","2026-04-04 22:00:00",Nederland,ElectricityMix,Hour,UTC,Providing,Current,12782439,12782439,0.20876175,966168,0.0756176
"2026-04-04 22:00:00","2026-04-04 23:00:00",Nederland,ElectricityMix,Hour,UTC,Providing,Current,12766199,12766199,0.208496,743267,0.058223225
"2026-04-04 23:00:00","2026-04-05 00:00:00",Nederland,ElectricityMix,Hour,UTC,Providing,Current,12791830,12791830,0.20891425,690828,0.054023125
"2026-04-05 00:00:00","2026-04-05 01:00:00",Nederland,ElectricityMix,Hour,UTC,Providing,Current,13042243,13042243,0.21300325,687055,0.0526774
"2026-04-05 01:00:00","2026-04-05 02:00:00",Nederland,ElectricityMix,Hour,UTC,Providing,Current,13130175,13130175,0.21443875,710024,0.054075175
"2026-04-05 02:00:00","2026-04-05 03:00:00",Nederland,ElectricityMix,Hour,UTC,Providing,Current,12879718,12879718,0.21034775,713440,0.0554064
"2026-04-05 03:00:00","2026-04-05 04:00:00",Nederland,ElectricityMix,Hour,UTC,Providing,Current,12788008,12788008,0.2088495,739766,0.0578524
"2026-04-05 04:00:00","2026-04-05 05:00:00",Nederland,ElectricityMix,Hour,UTC,Providing,Current,12634242,12634242,0.206338,762295,0.060334325
"2026-04-05 05:00:00","2026-04-05 06:00:00",Nederland,ElectricityMix,Hour,UTC,Providing,Current,13561010,13561010,0.22147275,843432,0.0621958
"2026-04-05 06:00:00","2026-04-05 07:00:00",Nederland,ElectricityMix,Hour,UTC,Providing,Current,14063378,14063378,0.2296765,902518,0.0643048
"2026-04-05 07:00:00","2026-04-05 08:00:00",Nederland,ElectricityMix,Hour,UTC,Providing,Current,16272558,16272558,0.26575575,909153,0.055905675
"2026-04-05 08:00:00","2026-04-05 09:00:00",Nederland,ElectricityMix,Hour,UTC,Providing,Current,16913041,16913041,0.27621475,881934,0.052161625
"2026-04-05 09:00:00","2026-04-05 10:00:00",Nederland,ElectricityMix,Hour,UTC,Providing,Current,18255987,18255987,0.29814625,836312,0.0458712
"2026-04-05 10:00:00","2026-04-05 11:00:00",Nederland,ElectricityMix,Hour,UTC,Providing,Current,19860858,19860858,0.32435525,799180,0.0402731
"2026-04-05 11:00:00","2026-04-05 12:00:00",Nederland,ElectricityMix,Hour,UTC,Providing,Current,21279349,21279349,0.3475205,760331,0.035730875
"2026-04-05 12:00:00","2026-04-05 13:00:00",Nederland,ElectricityMix,Hour,UTC,Providing,Current,22374517,22374517,0.365405,727354,0.03252345
"2026-04-05 13:00:00","2026-04-05 14:00:00",Nederland,ElectricityMix,Hour,UTC,Providing,Current,20454206,20454206,0.3340435,734308,0.035937725
"2026-04-05 14:00:00","2026-04-05 15:00:00",Nederland,ElectricityMix,Hour,UTC,Providing,Current,18596825,18596825,0.303709,755938,0.040718025
"2026-04-05 15:00:00","2026-04-05 16:00:00",Nederland,ElectricityMix,Hour,UTC,Providing,Current,17237733,17237733,0.28151275,771554,0.0447769
"2026-04-05 16:00:00","2026-04-05 17:00:00",Nederland,ElectricityMix,Hour,UTC,Providing,Current,16400936,16400936,0.267846,791211,0.048352775
"2026-04-05 17:00:00","2026-04-05 18:00:00",Nederland,ElectricityMix,Hour,UTC,Providing,Current,12821955,12821955,0.20939675,906019,0.07142595
"2026-04-05 18:00:00","2026-04-05 19:00:00",Nederland,ElectricityMix,Hour,UTC,Providing,Current,9927171,9927171,0.1621215,1101914,0.1115286
"2026-04-05 19:00:00","2026-04-05 20:00:00",Nederland,ElectricityMix,Hour,UTC,Providing,Current,8219564,8219564,0.134234,1261820,0.15390225
"2026-04-05 20:00:00","2026-04-05 21:00:00",Nederland,ElectricityMix,Hour,UTC,Providing,Current,7865198,7865198,0.1284465,1322485,0.1681395
"2026-04-05 21:00:00","2026-04-05 22:00:00",Nederland,ElectricityMix,Hour,UTC,Providing,Current,8129656,8129656,0.132765,1420338,0.17469825
"2026-04-05 22:00:00","2026-04-05 23:00:00",Nederland,ElectricityMix,Hour,UTC,Providing,Current,7798821,7798821,0.12736175,1414059,0.18133175
"2026-04-05 23:00:00","2026-04-06 00:00:00",Nederland,ElectricityMix,Hour,UTC,Providing,Current,7415064,7415064,0.1210945,1397798,0.18853325
"2026-04-06 00:00:00","2026-04-06 01:00:00",Nederland,ElectricityMix,Hour,UTC,Providing,Current,7175295,7175295,0.1171785,1433543,0.199802
"2026-04-06 01:00:00","2026-04-06 02:00:00",Nederland,ElectricityMix,Hour,UTC,Providing,Current,6964975,6964975,0.11374375,1496530,0.214938
"2026-04-06 02:00:00","2026-04-06 03:00:00",Nederland,ElectricityMix,Hour,UTC,Providing,Current,7021462,7021462,0.1146655,1563205,0.22263
"2026-04-06 03:00:00","2026-04-06 04:00:00",Nederland,ElectricityMix,Hour,UTC,Providing,Current,7068037,7068037,0.115426,1646230,0.23291075
"2026-04-06 04:00:00","2026-04-06 05:00:00",Nederland,ElectricityMix,Hour,UTC,Providing,Current,7481485,7481485,0.12217775,1840214,0.2459635
"2026-04-06 05:00:00","2026-04-06 06:00:00",Nederland,ElectricityMix,Hour,UTC,Providing,Current,7962557,7962557,0.1300335,1943387,0.2443555
"2026-04-06 06:00:00","2026-04-06 07:00:00",Nederland,ElectricityMix,Hour,UTC,Providing,Current,10206571,10206571,0.166679,1842412,0.181851
"2026-04-06 07:00:00","2026-04-06 08:00:00",Nederland,ElectricityMix,Hour,UTC,Providing,Current,12656671,12656671,0.20669025,1252518,0.100242375
"2026-04-06 08:00:00","2026-04-06 09:00:00",Nederland,ElectricityMix,Hour,UTC,Providing,Current,15762509,15762509,0.2574095,1019717,0.064752
"2026-04-06 09:00:00","2026-04-06 10:00:00",Nederland,ElectricityMix,Hour,UTC,Providing,Current,18368565,18368565,0.299967,952867,0.0519989
"2026-04-06 10:00:00","2026-04-06 11:00:00",Nederland,ElectricityMix,Hour,UTC,Providing,Current,20309045,20309045,0.33165525,907546,0.0447025
"2026-04-06 11:00:00","2026-04-06 12:00:00",Nederland,ElectricityMix,Hour,UTC,Providing,Current,20145281,20145281,0.32898,870310,0.0432135
"2026-04-06 12:00:00","2026-04-06 13:00:00",Nederland,ElectricityMix,Hour,UTC,Providing,Current,19925596,19925596,0.32539175,854493,0.042913225
"2026-04-06 13:00:00","2026-04-06 14:00:00",Nederland,ElectricityMix,Hour,UTC,Providing,Current,18932255,18932255,0.3091695,861621,0.045519825
"2026-04-06 14:00:00","2026-04-06 15:00:00",Nederland,ElectricityMix,Hour,UTC,Providing,Current,17173353,17173353,0.2804455,880531,0.051343175
"2026-04-06 15:00:00","2026-04-06 16:00:00",Nederland,ElectricityMix,Hour,UTC,Providing,Current,14942628,14942628,0.24401625,1185371,0.079860975
"2026-04-06 16:00:00","2026-04-06 17:00:00",Nederland,ElectricityMix,Hour,UTC,Providing,Current,11903477,11903477,0.19438575,1827325,0.15520325
"2026-04-06 17:00:00","2026-04-06 18:00:00",Nederland,ElectricityMix,Hour,UTC,Providing,Current,9328364,9328364,0.1523335,2486874,0.26900975
"2026-04-06 18:00:00","2026-04-06 19:00:00",Nederland,ElectricityMix,Hour,UTC,Providing,Current,7521250,7521250,0.12282275,2821781,0.37560525
"2026-04-06 19:00:00","2026-04-06 20:00:00",Nederland,ElectricityMix,Hour,UTC,Providing,Current,7315607,7315607,0.1194645,2888658,0.39485725
"2026-04-06 20:00:00","2026-04-06 21:00:00",Nederland,ElectricityMix,Hour,UTC,Providing,Current,7246000,7246000,0.11832725,2794108,0.38558525
"2026-04-06 21:00:00","2026-04-06 22:00:00",Nederland,ElectricityMix,Hour,UTC,Providing,Current,6518390,6518390,0.106445,2389757,0.36650475
"2026-04-06 22:00:00","2026-04-06 23:00:00",Nederland,ElectricityMix,Hour,UTC,Providing,Current,6163804,6163804,0.100654425,2112523,0.34268475
"2026-04-06 23:00:00","2026-04-07 00:00:00",Nederland,ElectricityMix,Hour,UTC,Providing,Current,5815226,5815226,0.09496205,1978099,0.340169
"2026-04-07 00:00:00","2026-04-07 01:00:00",Nederland,ElectricityMix,Hour,UTC,Providing,Current,5992776,5992776,0.097861175,2067712,0.345047
"2026-04-07 01:00:00","2026-04-07 02:00:00",Nederland,ElectricityMix,Hour,UTC,Providing,Current,6028616,6028616,0.0984462,2032951,0.3372185
"2026-04-07 02:00:00","2026-04-07 03:00:00",Nederland,ElectricityMix,Hour,UTC,Providing,Current,6441704,6441704,0.10519175,2206056,0.3424525
"2026-04-07 03:00:00","2026-04-07 04:00:00",Nederland,ElectricityMix,Hour,UTC,Providing,Current,7143273,7143273,0.11664775,2487205,0.3482205
"2026-04-07 04:00:00","2026-04-07 05:00:00",Nederland,ElectricityMix,Hour,UTC,Providing,Current,8690781,8690781,0.1419175,2997091,0.34482125
"2026-04-07 05:00:00","2026-04-07 06:00:00",Nederland,ElectricityMix,Hour,UTC,Providing,Current,10038639,10038639,0.1639275,3319770,0.331349
"2026-04-07 06:00:00","2026-04-07 07:00:00",Nederland,ElectricityMix,Hour,UTC,Providing,Current,12653312,12653312,0.20662375,3096504,0.2464935
"2026-04-07 07:00:00","2026-04-07 08:00:00",Nederland,ElectricityMix,Hour,UTC,Providing,Current,14939163,14939163,0.24395,2114042,0.1425355
"2026-04-07 08:00:00","2026-04-07 09:00:00",Nederland,ElectricityMix,Hour,UTC,Providing,Current,17284954,17284954,0.282255,1231983,0.071548125
"2026-04-07 09:00:00","2026-04-07 10:00:00",Nederland,ElectricityMix,Hour,UTC,Providing,Current,19572274,19572274,0.3196055,1031914,0.05277415
"2026-04-07 10:00:00","2026-04-07 11:00:00",Nederland,ElectricityMix,Hour,UTC,Providing,Current,21849796,21849796,0.35679525,989959,0.045334125
"2026-04-07 11:00:00","2026-04-07 12:00:00",Nederland,ElectricityMix,Hour,UTC,Providing,Current,22895519,22895519,0.3738705,976497,0.042651225
"2026-04-07 12:00:00","2026-04-07 13:00:00",Nederland,ElectricityMix,Hour,UTC,Providing,Current,22778330,22778330,0.37195575,978655,0.04297195
"2026-04-07 13:00:00","2026-04-07 14:00:00",Nederland,ElectricityMix,Hour,UTC,Providing,Current,21555588,21555588,0.3519885,1000768,0.0464674
"2026-04-07 14:00:00","2026-04-07 15:00:00",Nederland,ElectricityMix,Hour,UTC,Providing,Current,20295220,20295220,0.33140675,1135094,0.055932275
"2026-04-07 15:00:00","2026-04-07 16:00:00",Nederland,ElectricityMix,Hour,UTC,Providing,Current,18675982,18675982,0.304965,1458339,0.078294225
"2026-04-07 16:00:00","2026-04-07 17:00:00",Nederland,ElectricityMix,Hour,UTC,Providing,Current,17292883,17292883,0.282379,2416924,0.1403785
"2026-04-07 17:00:00","2026-04-07 18:00:00",Nederland,ElectricityMix,Hour,UTC,Providing,Current,15233545,15233545,0.24875125,3367659,0.2221975
"2026-04-07 18:00:00","2026-04-07 19:00:00",Nederland,ElectricityMix,Hour,UTC,Providing,Current,12504760,12504760,0.204192,3442855,0.27546975
"2026-04-07 19:00:00","2026-04-07 20:00:00",Nederland,ElectricityMix,Hour,UTC,Providing,Current,11808818,11808818,0.19282725,3233563,0.273814
"2026-04-07 20:00:00","2026-04-07 21:00:00",Nederland,ElectricityMix,Hour,UTC,Providing,Current,10881479,10881479,0.17768425,2882014,0.264801
"2026-04-07 21:00:00","2026-04-07 22:00:00",Nederland,ElectricityMix,Hour,UTC,Providing,Current,9618467,9618467,0.15706,2390630,0.2485235
"2026-04-07 22:00:00","2026-04-07 23:00:00",Nederland,ElectricityMix,Hour,UTC,Providing,Current,9467254,9467254,0.1545905,2321764,0.2452485
"2026-04-07 23:00:00","2026-04-08 00:00:00",Nederland,ElectricityMix,Hour,UTC,Providing,Current,9292049,9292049,0.1517295,2313338,0.2490225
"2026-04-08 00:00:00","2026-04-08 01:00:00",Nederland,ElectricityMix,Hour,UTC,Providing,Current,9170198,9170198,0.149739,2396253,0.26129175
"2026-04-08 01:00:00","2026-04-08 02:00:00",Nederland,ElectricityMix,Hour,UTC,Providing,Current,8774463,8774463,0.143277,2296768,0.261782
"2026-04-08 02:00:00","2026-04-08 03:00:00",Nederland,ElectricityMix,Hour,UTC,Providing,Current,8589037,8589037,0.14024875,2384418,0.27765825
"2026-04-08 03:00:00","2026-04-08 04:00:00",Nederland,ElectricityMix,Hour,UTC,Providing,Current,9002790,9002790,0.1470045,2707449,0.30056025
"2026-04-08 04:00:00","2026-04-08 05:00:00",Nederland,ElectricityMix,Hour,UTC,Providing,Current,10154633,10154633,0.16581225,3292464,0.3242695
"2026-04-08 05:00:00","2026-04-08 06:00:00",Nederland,ElectricityMix,Hour,UTC,Providing,Current,10533412,10533412,0.17199675,3423913,0.32539825
"2026-04-08 06:00:00","2026-04-08 07:00:00",Nederland,ElectricityMix,Hour,UTC,Providing,Current,13034478,13034478,0.2128355,3213888,0.248607
"2026-04-08 07:00:00","2026-04-08 08:00:00",Nederland,ElectricityMix,Hour,UTC,Providing,Current,15527707,15527707,0.25354575,2328197,0.150852
"2026-04-08 08:00:00","2026-04-08 09:00:00",Nederland,ElectricityMix,Hour,UTC,Providing,Current,17221539,17221539,0.281203,1418649,0.0825506
"2026-04-08 09:00:00","2026-04-08 10:00:00",Nederland,ElectricityMix,Hour,UTC,Providing,Current,18846324,18846324,0.307733,1086155,0.0576672
"2026-04-08 10:00:00","2026-04-08 11:00:00",Nederland,ElectricityMix,Hour,UTC,Providing,Current,20496335,20496335,0.334674,1034257,0.050498225
"2026-04-08 11:00:00","2026-04-08 12:00:00",Nederland,ElectricityMix,Hour,UTC,Providing,Current,21063923,21063923,0.34394125,905052,0.04296685
"2026-04-08 12:00:00","2026-04-08 13:00:00",Nederland,ElectricityMix,Hour,UTC,Providing,Current,20763727,20763727,0.3390385,911883,0.04393365
"2026-04-08 13:00:00","2026-04-08 14:00:00",Nederland,ElectricityMix,Hour,UTC,Providing,Current,19461251,19461251,0.3177705,995943,0.051214975
"2026-04-08 14:00:00","2026-04-08 15:00:00",Nederland,ElectricityMix,Hour,UTC,Providing,Current,18039246,18039246,0.29455075,1143136,0.063429775
"2026-04-08 15:00:00","2026-04-08 16:00:00",Nederland,ElectricityMix,Hour,UTC,Providing,Current,16540159,16540159,0.2700725,1849052,0.1119316
"2026-04-08 16:00:00","2026-04-08 17:00:00",Nederland,ElectricityMix,Hour,UTC,Providing,Current,15526856,15526856,0.25352625,3028933,0.1955035
"2026-04-08 17:00:00","2026-04-08 18:00:00",Nederland,ElectricityMix,Hour,UTC,Providing,Current,12965422,12965422,0.21170175,3535443,0.274327
"2026-04-08 18:00:00","2026-04-08 19:00:00",Nederland,ElectricityMix,Hour,UTC,Providing,Current,10813334,10813334,0.17656175,3735293,0.3456525
"2026-04-08 19:00:00","2026-04-08 20:00:00",Nederland,ElectricityMix,Hour,UTC,Providing,Current,10793003,10793003,0.17622925,3729354,0.34555825
"2026-04-08 20:00:00","2026-04-08 21:00:00",Nederland,ElectricityMix,Hour,UTC,Providing,Current,10899674,10899674,0.177971,3496410,0.32078525
"2026-04-08 21:00:00","2026-04-08 22:00:00",Nederland,ElectricityMix,Hour,UTC,Providing,Current,10005163,10005163,0.16336475,2928983,0.29249575
"2026-04-08 22:00:00","2026-04-08 23:00:00",Nederland,ElectricityMix,Hour,UTC,Providing,Current,8621664,8621664,0.1407745,2234093,0.258966
"2026-04-08 23:00:00","2026-04-09 00:00:00",Nederland,ElectricityMix,Hour,UTC,Providing,Current,8069552,8069552,0.13175925,2059436,0.25538725
"2026-04-09 00:00:00","2026-04-09 01:00:00",Nederland,ElectricityMix,Hour,UTC,Providing,Current,7406797,7406797,0.12093775,2093575,0.28281225
"2026-04-09 01:00:00","2026-04-09 02:00:00",Nederland,ElectricityMix,Hour,UTC,Providing,Current,7241594,7241594,0.11823975,2196254,0.3032955
"2026-04-09 02:00:00","2026-04-09 03:00:00",Nederland,ElectricityMix,Hour,UTC,Providing,Current,7097338,7097338,0.115884,2198192,0.309709
"2026-04-09 03:00:00","2026-04-09 04:00:00",Nederland,ElectricityMix,Hour,UTC,Providing,Current,8070435,8070435,0.1317725,2546262,0.315369
"2026-04-09 04:00:00","2026-04-09 05:00:00",Nederland,ElectricityMix,Hour,UTC,Providing,Current,9319829,9319829,0.152172,3041186,0.3262785
"2026-04-09 05:00:00","2026-04-09 06:00:00",Nederland,ElectricityMix,Hour,UTC,Providing,Current,9893842,9893842,0.161544,3213632,0.32503075
"2026-04-09 06:00:00","2026-04-09 07:00:00",Nederland,ElectricityMix,Hour,UTC,Providing,Current,11782746,11782746,0.192385,3137595,0.26742425
"2026-04-09 07:00:00","2026-04-09 08:00:00",Nederland,ElectricityMix,Hour,UTC,Providing,Current,13112027,13112027,0.2140885,2386745,0.182568
"2026-04-09 08:00:00","2026-04-09 09:00:00",Nederland,ElectricityMix,Hour,UTC,Providing,Current,15521957,15521957,0.2534365,1424421,0.092506975
"2026-04-09 09:00:00","2026-04-09 10:00:00",Nederland,ElectricityMix,Hour,UTC,Providing,Current,17513080,17513080,0.285946,1138308,0.065054925
"2026-04-09 10:00:00","2026-04-09 11:00:00",Nederland,ElectricityMix,Hour,UTC,Providing,Current,19247490,19247490,0.31426375,1060793,0.0551292
"2026-04-09 11:00:00","2026-04-09 12:00:00",Nederland,ElectricityMix,Hour,UTC,Providing,Current,19538687,19538687,0.31901725,1134184,0.05806835
"2026-04-09 12:00:00","2026-04-09 13:00:00",Nederland,ElectricityMix,Hour,UTC,Providing,Current,18617261,18617261,0.30397225,1189875,0.06394555
"2026-04-09 13:00:00","2026-04-09 14:00:00",Nederland,ElectricityMix,Hour,UTC,Providing,Current,16817658,16817658,0.2745885,1471839,0.087698275
"2026-04-09 14:00:00","2026-04-09 15:00:00",Nederland,ElectricityMix,Hour,UTC,Providing,Current,16532236,16532236,0.26992775,1643793,0.099710775
"2026-04-09 15:00:00","2026-04-09 16:00:00",Nederland,ElectricityMix,Hour,UTC,Providing,Current,14584841,14584841,0.23813125,2138963,0.14728275
"2026-04-09 16:00:00","2026-04-09 17:00:00",Nederland,ElectricityMix,Hour,UTC,Providing,Current,13298796,13298796,0.217133,2753377,0.20755375
"2026-04-09 17:00:00","2026-04-09 18:00:00",Nederland,ElectricityMix,Hour,UTC,Providing,Current,11147135,11147135,0.18200175,2768531,0.24863125
"2026-04-09 18:00:00","2026-04-09 19:00:00",Nederland,ElectricityMix,Hour,UTC,Providing,Current,10500049,10500049,0.17143625,2666524,0.25395875
"2026-04-09 19:00:00","2026-04-09 20:00:00",Nederland,ElectricityMix,Hour,UTC,Providing,Current,12240093,12240093,0.199846,2852104,0.23326075
"2026-04-09 20:00:00","2026-04-09 21:00:00",Nederland,ElectricityMix,Hour,UTC,Providing,Current,11792048,11792048,0.19253025,2129486,0.18059975
"2026-04-09 21:00:00","2026-04-09 22:00:00",Nederland,ElectricityMix,Hour,UTC,Providing,Current,11787121,11787121,0.19244925,1701373,0.144595
"2026-04-09 22:00:00","2026-04-09 23:00:00",Nederland,ElectricityMix,Hour,UTC,Providing,Current,12604673,12604673,0.20579675,1553073,0.12322725
"2026-04-09 23:00:00","2026-04-10 00:00:00",Nederland,ElectricityMix,Hour,UTC,Providing,Current,12768197,12768197,0.20846625,1389381,0.108807
"2026-04-10 00:00:00","2026-04-10 01:00:00",Nederland,ElectricityMix,Hour,UTC,Providing,Current,12383153,12383153,0.20217925,1253523,0.101231475
"2026-04-10 01:00:00","2026-04-10 02:00:00",Nederland,ElectricityMix,Hour,UTC,Providing,Current,12616989,12616989,0.2059965,1218019,0.0965399
"2026-04-10 02:00:00","2026-04-10 03:00:00",Nederland,ElectricityMix,Hour,UTC,Providing,Current,12568587,12568587,0.2052055,1270115,0.10106415
"2026-04-10 03:00:00","2026-04-10 04:00:00",Nederland,ElectricityMix,Hour,UTC,Providing,Current,12731415,12731415,0.20786375,1464677,0.11503375
"2026-04-10 04:00:00","2026-04-10 05:00:00",Nederland,ElectricityMix,Hour,UTC,Providing,Current,13890918,13890918,0.22679425,1862903,0.13402675
"2026-04-10 05:00:00","2026-04-10 06:00:00",Nederland,ElectricityMix,Hour,UTC,Providing,Current,15052384,15052384,0.2457565,2230492,0.14817425
"2026-04-10 06:00:00","2026-04-10 07:00:00",Nederland,ElectricityMix,Hour,UTC,Providing,Current,16004094,16004094,0.26129425,2422015,0.1513595
"2026-04-10 07:00:00","2026-04-10 08:00:00",Nederland,ElectricityMix,Hour,UTC,Providing,Current,16939219,16939219,0.276561,2362346,0.13950875
"2026-04-10 08:00:00","2026-04-10 09:00:00",Nederland,ElectricityMix,Hour,UTC,Providing,Current,17625693,17625693,0.28776825,2419039,0.13728025
"2026-04-10 09:00:00","2026-04-10 10:00:00",Nederland,ElectricityMix,Hour,UTC,Providing,Current,18115120,18115120,0.295758,2302157,0.12711925
"2026-04-10 10:00:00","2026-04-10 11:00:00",Nederland,ElectricityMix,Hour,UTC,Providing,Current,19029455,19029455,0.31068525,2282135,0.120006
"2026-04-10 11:00:00","2026-04-10 12:00:00",Nederland,ElectricityMix,Hour,UTC,Providing,Current,20693782,20693782,0.3378575,2213617,0.1069935
"2026-04-10 12:00:00","2026-04-10 13:00:00",Nederland,ElectricityMix,Hour,UTC,Providing,Current,20310998,20310998,0.331607,2177583,0.10734325
"2026-04-10 13:00:00","2026-04-10 14:00:00",Nederland,ElectricityMix,Hour,UTC,Providing,Current,18461031,18461031,0.30140275,2059250,0.11154925
"2026-04-10 14:00:00","2026-04-10 15:00:00",Nederland,ElectricityMix,Hour,UTC,Providing,Current,18690876,18690876,0.30515475,2363854,0.12668
"2026-04-10 15:00:00","2026-04-10 16:00:00",Nederland,ElectricityMix,Hour,UTC,Providing,Current,17159494,17159494,0.280152,2976416,0.17356425
"2026-04-10 16:00:00","2026-04-10 17:00:00",Nederland,ElectricityMix,Hour,UTC,Providing,Current,15713537,15713537,0.25654425,3698688,0.236383
"2026-04-10 17:00:00","2026-04-10 18:00:00",Nederland,ElectricityMix,Hour,UTC,Providing,Current,12460191,12460191,0.2034285,3945476,0.31812075
"2026-04-10 18:00:00","2026-04-10 19:00:00",Nederland,ElectricityMix,Hour,UTC,Providing,Current,10720130,10720130,0.1750195,4040373,0.37704625
"2026-04-10 19:00:00","2026-04-10 20:00:00",Nederland,ElectricityMix,Hour,UTC,Providing,Current,10370886,10370886,0.169317,3954992,0.38136725
"2026-04-10 20:00:00","2026-04-10 21:00:00",Nederland,ElectricityMix,Hour,UTC,Providing,Current,10555211,10555211,0.172326,3843205,0.3641245
"2026-04-10 21:00:00","2026-04-10 22:00:00",Nederland,ElectricityMix,Hour,UTC,Providing,Current,10709072,10709072,0.1748375,3685432,0.34413
"2026-04-10 22:00:00","2026-04-10 23:00:00",Nederland,ElectricityMix,Hour,UTC,Providing,Current,10237125,10237125,0.167132,3176386,0.31018775
"2026-04-10 23:00:00","2026-04-11 00:00:00",Nederland,ElectricityMix,Hour,UTC,Providing,Current,9271758,9271758,0.15137075,2475090,0.26667575
"2026-04-11 00:00:00","2026-04-11 01:00:00",Nederland,ElectricityMix,Hour,UTC,Providing,Current,8403834,8403834,0.13720075,1982049,0.23576525
"2026-04-11 01:00:00","2026-04-11 02:00:00",Nederland,ElectricityMix,Hour,UTC,Providing,Current,8137989,8137989,0.13286025,1849564,0.2272735
"2026-04-11 02:00:00","2026-04-11 03:00:00",Nederland,ElectricityMix,Hour,UTC,Providing,Current,8903923,8903923,0.1453645,1814088,0.20396425
"2026-04-11 03:00:00","2026-04-11 04:00:00",Nederland,ElectricityMix,Hour,UTC,Providing,Current,9730142,9730142,0.158853,1703007,0.1751295
"2026-04-11 04:00:00","2026-04-11 05:00:00",Nederland,ElectricityMix,Hour,UTC,Providing,Current,10464481,10464481,0.17084125,1729780,0.16533825
"2026-04-11 05:00:00","2026-04-11 06:00:00",Nederland,ElectricityMix,Hour,UTC,Providing,Current,11292591,11292591,0.1843605,1643283,0.14575375
"2026-04-11 06:00:00","2026-04-11 07:00:00",Nederland,ElectricityMix,Hour,UTC,Providing,Current,13122026,13122026,0.21422675,1275081,0.097916425
"2026-04-11 07:00:00","2026-04-11 08:00:00",Nederland,ElectricityMix,Hour,UTC,Providing,Current,15829887,15829887,0.25843425,1129415,0.0715227
"2026-04-11 08:00:00","2026-04-11 09:00:00",Nederland,ElectricityMix,Hour,UTC,Providing,Current,17446765,17446765,0.28482975,870054,0.049872425
"2026-04-11 09:00:00","2026-04-11 10:00:00",Nederland,ElectricityMix,Hour,UTC,Providing,Current,18304177,18304177,0.29882725,858078,0.046915625
"2026-04-11 10:00:00","2026-04-11 11:00:00",Nederland,ElectricityMix,Hour,UTC,Providing,Current,20288299,20288299,0.33121825,818183,0.040362025
"2026-04-11 11:00:00","2026-04-11 12:00:00",Nederland,ElectricityMix,Hour,UTC,Providing,Current,21207161,21207161,0.3462185,784276,0.036997675
"2026-04-11 12:00:00","2026-04-11 13:00:00",Nederland,ElectricityMix,Hour,UTC,Providing,Current,19251174,19251174,0.314285,797980,0.041459725
"2026-04-11 13:00:00","2026-04-11 14:00:00",Nederland,ElectricityMix,Hour,UTC,Providing,Current,16933207,16933207,0.2764425,809946,0.04781335
"2026-04-11 14:00:00","2026-04-11 15:00:00",Nederland,ElectricityMix,Hour,UTC,Providing,Current,15053730,15053730,0.24575825,817036,0.054428925
"2026-04-11 15:00:00","2026-04-11 16:00:00",Nederland,ElectricityMix,Hour,UTC,Providing,Current,12224132,12224132,0.19956375,909792,0.0748984
"2026-04-11 16:00:00","2026-04-11 17:00:00",Nederland,ElectricityMix,Hour,UTC,Providing,Current,11726222,11726222,0.1914345,1090317,0.09301805
"2026-04-11 17:00:00","2026-04-11 18:00:00",Nederland,ElectricityMix,Hour,UTC,Providing,Current,11102267,11102267,0.181248,1058408,0.09538585
"2026-04-11 18:00:00","2026-04-11 19:00:00",Nederland,ElectricityMix,Hour,UTC,Providing,Current,9725038,9725038,0.158764,1039645,0.1070505
"2026-04-11 19:00:00","2026-04-11 20:00:00",Nederland,ElectricityMix,Hour,UTC,Providing,Current,9168001,9168001,0.14966975,1110179,0.12118725
"2026-04-11 20:00:00","2026-04-11 21:00:00",Nederland,ElectricityMix,Hour,UTC,Providing,Current,8972876,8972876,0.14648375,1091016,0.12156575
"2026-04-11 21:00:00","2026-04-11 22:00:00",Nederland,ElectricityMix,Hour,UTC,Providing,Current,8347501,8347501,0.13627425,970926,0.11630775
"2026-04-11 22:00:00","2026-04-11 23:00:00",Nederland,ElectricityMix,Hour,UTC,Providing,Current,8361998,8361998,0.1365105,988985,0.1182715
"2026-04-11 23:00:00","2026-04-12 00:00:00",Nederland,ElectricityMix,Hour,UTC,Providing,Current,8186682,8186682,0.13364825,932364,0.113891
"2026-04-12 00:00:00","2026-04-12 01:00:00",Nederland,ElectricityMix,Hour,UTC,Providing,Current,7974301,7974301,0.1301805,942590,0.1182645
"2026-04-12 01:00:00","2026-04-12 02:00:00",Nederland,ElectricityMix,Hour,UTC,Providing,Current,7567085,7567085,0.1235325,963111,0.12727875
"2026-04-12 02:00:00","2026-04-12 03:00:00",Nederland,ElectricityMix,Hour,UTC,Providing,Current,7893789,7893789,0.12886575,1018762,0.12905875
"2026-04-12 03:00:00","2026-04-12 04:00:00",Nederland,ElectricityMix,Hour,UTC,Providing,Current,8212501,8212501,0.1340685,1062198,0.12933375
"2026-04-12 04:00:00","2026-04-12 05:00:00",Nederland,ElectricityMix,Hour,UTC,Providing,Current,9268735,9268735,0.151311,1198385,0.12926575
"2026-04-12 05:00:00","2026-04-12 06:00:00",Nederland,ElectricityMix,Hour,UTC,Providing,Current,10200723,10200723,0.16652475,1295763,0.1274245
"2026-04-12 06:00:00","2026-04-12 07:00:00",Nederland,ElectricityMix,Hour,UTC,Providing,Current,13299504,13299504,0.2171115,1181134,0.089516275
"2026-04-12 07:00:00","2026-04-12 08:00:00",Nederland,ElectricityMix,Hour,UTC,Providing,Current,18159292,18159292,0.2964455,1115581,0.0620313
"2026-04-12 08:00:00","2026-04-12 09:00:00",Nederland,ElectricityMix,Hour,UTC,Providing,Current,22103053,22103053,0.3608255,1039235,0.047042575
"2026-04-12 09:00:00","2026-04-12 10:00:00",Nederland,ElectricityMix,Hour,UTC,Providing,Current,23382061,23382061,0.38170425,1008684,0.043158375
"2026-04-12 10:00:00","2026-04-12 11:00:00",Nederland,ElectricityMix,Hour,UTC,Providing,Current,25078148,25078148,0.40939125,997875,0.03979105
"2026-04-12 11:00:00","2026-04-12 12:00:00",Nederland,ElectricityMix,Hour,UTC,Providing,Current,25182375,25182375,0.41109175,980093,0.038924425
"2026-04-12 12:00:00","2026-04-12 13:00:00",Nederland,ElectricityMix,Hour,UTC,Providing,Current,24774132,24774132,0.40442625,978161,0.0395096
"2026-04-12 13:00:00","2026-04-12 14:00:00",Nederland,ElectricityMix,Hour,UTC,Providing,Current,22097497,22097497,0.3607305,974125,0.04413245
"2026-04-12 14:00:00","2026-04-12 15:00:00",Nederland,ElectricityMix,Hour,UTC,Providing,Current,20244539,20244539,0.330481,1107533,0.0548564
"2026-04-12 15:00:00","2026-04-12 16:00:00",Nederland,ElectricityMix,Hour,UTC,Providing,Current,17376630,17376630,0.28366325,1688852,0.0977659
"2026-04-12 16:00:00","2026-04-12 17:00:00",Nederland,ElectricityMix,Hour,UTC,Providing,Current,14848005,14848005,0.24238425,2430345,0.16493425
"2026-04-12 17:00:00","2026-04-12 18:00:00",Nederland,ElectricityMix,Hour,UTC,Providing,Current,11924652,11924652,0.19466225,2898256,0.2444325
"2026-04-12 18:00:00","2026-04-12 19:00:00",Nederland,ElectricityMix,Hour,UTC,Providing,Current,9694834,9694834,0.158261,3058165,0.3159085
"2026-04-12 19:00:00","2026-04-12 20:00:00",Nederland,ElectricityMix,Hour,UTC,Providing,Current,9042702,9042702,0.14761525,3064096,0.33887475
"2026-04-12 20:00:00","2026-04-12 21:00:00",Nederland,ElectricityMix,Hour,UTC,Providing,Current,8829350,8829350,0.14413225,3050618,0.345523
"2026-04-12 21:00:00","2026-04-12 22:00:00",Nederland,ElectricityMix,Hour,UTC,Providing,Current,8495980,8495980,0.13868975,2995129,0.352535
"2026-04-12 22:00:00","2026-04-12 23:00:00",Nederland,ElectricityMix,Hour,UTC,Providing,Current,7996833,7996833,0.13054125,2844516,0.355741
"2026-04-12 23:00:00","2026-04-13 00:00:00",Nederland,ElectricityMix,Hour,UTC,Providing,Current,7715600,7715600,0.12595,2763136,0.35811925
"2026-04-13 00:00:00","2026-04-13 01:00:00",Nederland,ElectricityMix,Hour,UTC,Providing,Current,7720817,7720817,0.126035,2759567,0.3574195
"2026-04-13 01:00:00","2026-04-13 02:00:00",Nederland,ElectricityMix,Hour,UTC,Providing,Current,7800968,7800968,0.127343,2808588,0.3600355
"2026-04-13 02:00:00","2026-04-13 03:00:00",Nederland,ElectricityMix,Hour,UTC,Providing,Current,8019041,8019041,0.1309025,2930935,0.365478
"2026-04-13 03:00:00","2026-04-13 04:00:00",Nederland,ElectricityMix,Hour,UTC,Providing,Current,9038356,9038356,0.1475415,3333036,0.36873
"2026-04-13 04:00:00","2026-04-13 05:00:00",Nederland,ElectricityMix,Hour,UTC,Providing,Current,10272506,10272506,0.167687,3830581,0.372872
"2026-04-13 05:00:00","2026-04-13 06:00:00",Nederland,ElectricityMix,Hour,UTC,Providing,Current,11254071,11254071,0.18370975,4097475,0.36429625
"2026-04-13 06:00:00","2026-04-13 07:00:00",Nederland,ElectricityMix,Hour,UTC,Providing,Current,12778008,12778008,0.20858575,4076115,0.3195295
"2026-04-13 07:00:00","2026-04-13 08:00:00",Nederland,ElectricityMix,Hour,UTC,Providing,Current,14224230,14224230,0.23219325,3983183,0.280266
"2026-04-13 08:00:00","2026-04-13 09:00:00",Nederland,ElectricityMix,Hour,UTC,Providing,Current,15689848,15689848,0.256117,3930506,0.2507605
"2026-04-13 09:00:00","2026-04-13 10:00:00",Nederland,ElectricityMix,Hour,UTC,Providing,Current,16949315,16949315,0.27667525,3730833,0.220272
"2026-04-13 10:00:00","2026-04-13 11:00:00",Nederland,ElectricityMix,Hour,UTC,Providing,Current,19274436,19274436,0.31462925,4006304,0.20788875
"2026-04-13 11:00:00","2026-04-13 12:00:00",Nederland,ElectricityMix,Hour,UTC,Providing,Current,18452483,18452483,0.301211,3585897,0.19431025
"2026-04-13 12:00:00","2026-04-13 13:00:00",Nederland,ElectricityMix,Hour,UTC,Providing,Current,17711198,17711198,0.28911,3294436,0.1860145
"2026-04-13 13:00:00","2026-04-13 14:00:00",Nederland,ElectricityMix,Hour,UTC,Providing,Current,16854172,16854172,0.2751195,3324206,0.1974565
"2026-04-13 14:00:00","2026-04-13 15:00:00",Nederland,ElectricityMix,Hour,UTC,Providing,Current,16407616,16407616,0.2678295,3783897,0.2303425
"2026-04-13 15:00:00","2026-04-13 16:00:00",Nederland,ElectricityMix,Hour,UTC,Providing,Current,15885028,15885028,0.2592985,4043395,0.254841
"2026-04-13 16:00:00","2026-04-13 17:00:00",Nederland,ElectricityMix,Hour,UTC,Providing,Current,14276229,14276229,0.23303675,4126297,0.28919625
"2026-04-13 17:00:00","2026-04-13 18:00:00",Nederland,ElectricityMix,Hour,UTC,Providing,Current,12986029,12986029,0.21197575,4229028,0.326114
"2026-04-13 18:00:00","2026-04-13 19:00:00",Nederland,ElectricityMix,Hour,UTC,Providing,Current,11916431,11916431,0.19451575,4312721,0.362016
"2026-04-13 19:00:00","2026-04-13 20:00:00",Nederland,ElectricityMix,Hour,UTC,Providing,Current,11482269,11482269,0.1874285,4339416,0.3779495
"2026-04-13 20:00:00","2026-04-13 21:00:00",Nederland,ElectricityMix,Hour,UTC,Providing,Current,11015807,11015807,0.17981375,4230611,0.3840535
"2026-04-13 21:00:00","2026-04-13 22:00:00",Nederland,ElectricityMix,Hour,UTC,Providing,Current,10017212,10017212,0.163513,3865787,0.38591575
"2026-04-13 22:00:00","2026-04-13 23:00:00",Nederland,ElectricityMix,Hour,UTC,Providing,Current,9889038,9889038,0.1614205,3836432,0.38794775
"2026-04-13 23:00:00","2026-04-14 00:00:00",Nederland,ElectricityMix,Hour,UTC,Providing,Current,9711710,9711710,0.1585255,3773698,0.38857175
"2026-04-14 00:00:00","2026-04-14 01:00:00",Nederland,ElectricityMix,Hour,UTC,Providing,Current,9634087,9634087,0.15725825,3724161,0.3865655
"2026-04-14 01:00:00","2026-04-14 02:00:00",Nederland,ElectricityMix,Hour,UTC,Providing,Current,9705393,9705393,0.15842175,3703948,0.381639
"2026-04-14 02:00:00","2026-04-14 03:00:00",Nederland,ElectricityMix,Hour,UTC,Providing,Current,9786832,9786832,0.15975025,3722862,0.3803955
"2026-04-14 03:00:00","2026-04-14 04:00:00",Nederland,ElectricityMix,Hour,UTC,Providing,Current,10368450,10368450,0.16924375,4000705,0.38580225
"2026-04-14 04:00:00","2026-04-14 05:00:00",Nederland,ElectricityMix,Hour,UTC,Providing,Current,11829891,11829891,0.1930985,4508064,0.38107525
"2026-04-14 05:00:00","2026-04-14 06:00:00",Nederland,ElectricityMix,Hour,UTC,Providing,Current,10507598,10507598,0.171514225,3682728,0.32516625
"2026-04-14 06:00:00","2026-04-14 07:00:00",Nederland,ElectricityMix,Hour,UTC,Providing,Current,13105232,13105232,0.213914675,3595872,0.25480625
"2026-04-14 07:00:00","2026-04-14 08:00:00",Nederland,ElectricityMix,Hour,UTC,Providing,Current,18626834,18626834,0.30404225,4368922,0.2353395
"2026-04-14 08:00:00","2026-04-14 09:00:00",Nederland,ElectricityMix,Hour,UTC,Providing,Current,20064802,20064802,0.32751275,3270945,0.163381
"2026-04-14 09:00:00","2026-04-14 10:00:00",Nederland,ElectricityMix,Hour,UTC,Providing,Current,21013578,21013578,0.342999,2096115,0.100142575
"2026-04-14 10:00:00","2026-04-14 11:00:00",Nederland,ElectricityMix,Hour,UTC,Providing,Current,21553677,21553677,0.35181375,1681796,0.0780063
"2026-04-14 11:00:00","2026-04-14 12:00:00",Nederland,ElectricityMix,Hour,UTC,Providing,Current,21988988,21988988,0.3589185,1396374,0.0635071
"2026-04-14 12:00:00","2026-04-14 13:00:00",Nederland,ElectricityMix,Hour,UTC,Providing,Current,20829650,20829650,0.33999425,1320520,0.063490875
"2026-04-14 13:00:00","2026-04-14 14:00:00",Nederland,ElectricityMix,Hour,UTC,Providing,Current,20016915,20016915,0.32672725,1486989,0.074336175
"2026-04-14 14:00:00","2026-04-14 15:00:00",Nederland,ElectricityMix,Hour,UTC,Providing,Current,20458291,20458291,0.333931,1890811,0.09341265
"2026-04-14 15:00:00","2026-04-14 16:00:00",Nederland,ElectricityMix,Hour,UTC,Providing,Current,18521297,18521297,0.3023135,3191507,0.17263725
"2026-04-14 16:00:00","2026-04-14 17:00:00",Nederland,ElectricityMix,Hour,UTC,Providing,Current,16648575,16648575,0.2717455,4041226,0.24338
"2026-04-14 17:00:00","2026-04-14 18:00:00",Nederland,ElectricityMix,Hour,UTC,Providing,Current,14046080,14046080,0.2292655,4327747,0.309256
"2026-04-14 18:00:00","2026-04-14 19:00:00",Nederland,ElectricityMix,Hour,UTC,Providing,Current,11985824,11985824,0.195637,4437489,0.370453
"2026-04-14 19:00:00","2026-04-14 20:00:00",Nederland,ElectricityMix,Hour,UTC,Providing,Current,11343203,11343203,0.1851475,4231120,0.37301875
"2026-04-14 20:00:00","2026-04-14 21:00:00",Nederland,ElectricityMix,Hour,UTC,Providing,Current,11348113,11348113,0.185227,4147356,0.365467
"2026-04-14 21:00:00","2026-04-14 22:00:00",Nederland,ElectricityMix,Hour,UTC,Providing,Current,11488046,11488046,0.1875105,4053223,0.35288925
"2026-04-14 22:00:00","2026-04-14 23:00:00",Nederland,ElectricityMix,Hour,UTC,Providing,Current,10967015,10967015,0.17900575,3650527,0.33265675
"2026-04-14 23:00:00","2026-04-15 00:00:00",Nederland,ElectricityMix,Hour,UTC,Providing,Current,9965810,9965810,0.1626635,3178603,0.31894825
"2026-04-15 00:00:00","2026-04-15 01:00:00",Nederland,ElectricityMix,Hour,UTC,Providing,Current,9729539,9729539,0.15880675,3127205,0.32141375
"2026-04-15 01:00:00","2026-04-15 02:00:00",Nederland,ElectricityMix,Hour,UTC,Providing,Current,9720872,9720872,0.15866475,3073634,0.3162015
"2026-04-15 02:00:00","2026-04-15 03:00:00",Nederland,ElectricityMix,Hour,UTC,Providing,Current,10086691,10086691,0.1646355,3144601,0.311759
"2026-04-15 03:00:00","2026-04-15 04:00:00",Nederland,ElectricityMix,Hour,UTC,Providing,Current,10429808,10429808,0.17023525,3252454,0.3118375
"2026-04-15 04:00:00","2026-04-15 05:00:00",Nederland,ElectricityMix,Hour,UTC,Providing,Current,11714682,11714682,0.19120675,3753542,0.3203845
"2026-04-15 05:00:00","2026-04-15 06:00:00",Nederland,ElectricityMix,Hour,UTC,Providing,Current,13093266,13093266,0.213707,3881202,0.29728875
"2026-04-15 06:00:00","2026-04-15 07:00:00",Nederland,ElectricityMix,Hour,UTC,Providing,Current,15979394,15979394,0.2608135,3745460,0.235292
"2026-04-15 07:00:00","2026-04-15 08:00:00",Nederland,ElectricityMix,Hour,UTC,Providing,Current,17576797,17576797,0.2868855,2709376,0.154699
"2026-04-15 08:00:00","2026-04-15 09:00:00",Nederland,ElectricityMix,Hour,UTC,Providing,Current,19288970,19288970,0.3148305,1524924,0.07955415
"2026-04-15 09:00:00","2026-04-15 10:00:00",Nederland,ElectricityMix,Hour,UTC,Providing,Current,21751728,21751728,0.35502625,1072035,0.04938905
"2026-04-15 10:00:00","2026-04-15 11:00:00",Nederland,ElectricityMix,Hour,UTC,Providing,Current,23275803,23275803,0.379901,945599,0.040630825
"2026-04-15 11:00:00","2026-04-15 12:00:00",Nederland,ElectricityMix,Hour,UTC,Providing,Current,23907683,23907683,0.3902135,927342,0.038789525
"2026-04-15 12:00:00","2026-04-15 13:00:00",Nederland,ElectricityMix,Hour,UTC,Providing,Current,24134996,24134996,0.3939225,929149,0.038506075
"2026-04-15 13:00:00","2026-04-15 14:00:00",Nederland,ElectricityMix,Hour,UTC,Providing,Current,22624168,22624168,0.3692625,1008569,0.04464575
"2026-04-15 14:00:00","2026-04-15 15:00:00",Nederland,ElectricityMix,Hour,UTC,Providing,Current,21778095,21778095,0.35545225,1367331,0.062849275
"2026-04-15 15:00:00","2026-04-15 16:00:00",Nederland,ElectricityMix,Hour,UTC,Providing,Current,19545803,19545803,0.31901725,2375392,0.122603725
"2026-04-15 16:00:00","2026-04-15 17:00:00",Nederland,ElectricityMix,Hour,UTC,Providing,Current,17003605,17003605,0.277524,3501238,0.2067535
"2026-04-15 17:00:00","2026-04-15 18:00:00",Nederland,ElectricityMix,Hour,UTC,Providing,Current,14565739,14565739,0.2377335,3849233,0.26456475
"2026-04-15 18:00:00","2026-04-15 19:00:00",Nederland,ElectricityMix,Hour,UTC,Providing,Current,13396896,13396896,0.218656,4040092,0.30170575
"2026-04-15 19:00:00","2026-04-15 20:00:00",Nederland,ElectricityMix,Hour,UTC,Providing,Current,13167020,13167020,0.2149035,4127090,0.313439
"2026-04-15 20:00:00","2026-04-15 21:00:00",Nederland,ElectricityMix,Hour,UTC,Providing,Current,13224150,13224150,0.2158355,4110888,0.31094475
"2026-04-15 21:00:00","2026-04-15 22:00:00",Nederland,ElectricityMix,Hour,UTC,Providing,Current,11686376,11686376,0.1907365,3551693,0.3038355
"2026-04-15 22:00:00","2026-04-15 23:00:00",Nederland,ElectricityMix,Hour,UTC,Providing,Current,11385113,11385113,0.18581925,3370040,0.2960025
"2026-04-15 23:00:00","2026-04-16 00:00:00",Nederland,ElectricityMix,Hour,UTC,Providing,Current,11574447,11574447,0.1889085,3392808,0.293133
"2026-04-16 00:00:00","2026-04-16 01:00:00",Nederland,ElectricityMix,Hour,UTC,Providing,Current,11625740,11625740,0.1897455,3378861,0.29064075
"2026-04-16 01:00:00","2026-04-16 02:00:00",Nederland,ElectricityMix,Hour,UTC,Providing,Current,11663758,11663758,0.1903655,3337452,0.2861415
"2026-04-16 02:00:00","2026-04-16 03:00:00",Nederland,ElectricityMix,Hour,UTC,Providing,Current,11892819,11892819,0.1941035,3533115,0.29708225
"2026-04-16 03:00:00","2026-04-16 04:00:00",Nederland,ElectricityMix,Hour,UTC,Providing,Current,11873755,11873755,0.193792,3669187,0.30902175
"2026-04-16 04:00:00","2026-04-16 05:00:00",Nederland,ElectricityMix,Hour,UTC,Providing,Current,12031533,12031533,0.1963665,3839973,0.3191655
"2026-04-16 05:00:00","2026-04-16 06:00:00",Nederland,ElectricityMix,Hour,UTC,Providing,Current,12837224,12837224,0.2095155,3892788,0.30377775
"2026-04-16 06:00:00","2026-04-16 07:00:00",Nederland,ElectricityMix,Hour,UTC,Providing,Current,15554757,15554757,0.25386775,3716461,0.23993
"2026-04-16 07:00:00","2026-04-16 08:00:00",Nederland,ElectricityMix,Hour,UTC,Providing,Current,18038568,18038568,0.294405,3090532,0.17200925
"2026-04-16 08:00:00","2026-04-16 09:00:00",Nederland,ElectricityMix,Hour,UTC,Providing,Current,20577872,20577872,0.335848,1765585,0.086561125
"2026-04-16 09:00:00","2026-04-16 10:00:00",Nederland,ElectricityMix,Hour,UTC,Providing,Current,22715689,22715689,0.37073775,1185017,0.052203475
"2026-04-16 10:00:00","2026-04-16 11:00:00",Nederland,ElectricityMix,Hour,UTC,Providing,Current,24432702,24432702,0.39876,1148558,0.0470213
"2026-04-16 11:00:00","2026-04-16 12:00:00",Nederland,ElectricityMix,Hour,UTC,Providing,Current,24093582,24093582,0.39322425,1144525,0.047496575
"2026-04-16 12:00:00","2026-04-16 13:00:00",Nederland,ElectricityMix,Hour,UTC,Providing,Current,24548805,24548805,0.400653,1089283,0.0443735
"2026-04-16 13:00:00","2026-04-16 14:00:00",Nederland,ElectricityMix,Hour,UTC,Providing,Current,23695418,23695418,0.38672425,1164397,0.0491803
"2026-04-16 14:00:00","2026-04-16 15:00:00",Nederland,ElectricityMix,Hour,UTC,Providing,Current,21773384,21773384,0.3553545,1617104,0.07443495
"2026-04-16 15:00:00","2026-04-16 16:00:00",Nederland,ElectricityMix,Hour,UTC,Providing,Current,20135321,20135321,0.3286195,2766959,0.1380615
"2026-04-16 16:00:00","2026-04-16 17:00:00",Nederland,ElectricityMix,Hour,UTC,Providing,Current,18830881,18830881,0.3073295,4038848,0.215017
"2026-04-16 17:00:00","2026-04-16 18:00:00",Nederland,ElectricityMix,Hour,UTC,Providing,Current,15875896,15875896,0.259102,4610371,0.292076
"2026-04-16 18:00:00","2026-04-16 19:00:00",Nederland,ElectricityMix,Hour,UTC,Providing,Current,12854441,12854441,0.20979,4698917,0.3660615
"2026-04-16 19:00:00","2026-04-16 20:00:00",Nederland,ElectricityMix,Hour,UTC,Providing,Current,12037853,12037853,0.1964625,4724294,0.3924565
"2026-04-16 20:00:00","2026-04-16 21:00:00",Nederland,ElectricityMix,Hour,UTC,Providing,Current,11676967,11676967,0.190572,4653683,0.398541
"2026-04-16 21:00:00","2026-04-16 22:00:00",Nederland,ElectricityMix,Hour,UTC,Providing,Current,11216713,11216713,0.18306025,4560723,0.40660775
"2026-04-16 22:00:00","2026-04-16 23:00:00",Nederland,ElectricityMix,Hour,UTC,Providing,Current,11006509,11006509,0.179629,4481326,0.407146
"2026-04-16 23:00:00","2026-04-17 00:00:00",Nederland,ElectricityMix,Hour,UTC,Providing,Current,10923441,10923441,0.17827325,4421970,0.404815
"2026-04-17 00:00:00","2026-04-17 01:00:00",Nederland,ElectricityMix,Hour,UTC,Providing,Current,10917334,10917334,0.178173,4366575,0.39996825
"2026-04-17 01:00:00","2026-04-17 02:00:00",Nederland,ElectricityMix,Hour,UTC,Providing,Current,11080882,11080882,0.18084175,4387101,0.395918
"2026-04-17 02:00:00","2026-04-17 03:00:00",Nederland,ElectricityMix,Hour,UTC,Providing,Current,11008778,11008778,0.17966425,4313173,0.39179275
"2026-04-17 03:00:00","2026-04-17 04:00:00",Nederland,ElectricityMix,Hour,UTC,Providing,Current,11324713,11324713,0.18482025,4458660,0.39370825
"2026-04-17 04:00:00","2026-04-17 05:00:00",Nederland,ElectricityMix,Hour,UTC,Providing,Current,11614275,11614275,0.18954525,4543672,0.391217
"2026-04-17 05:00:00","2026-04-17 06:00:00",Nederland,ElectricityMix,Hour,UTC,Providing,Current,12358509,12358509,0.20169075,4582021,0.37133775
"2026-04-17 06:00:00","2026-04-17 07:00:00",Nederland,ElectricityMix,Hour,UTC,Providing,Current,14465149,14465149,0.2360705,4301150,0.29806025
"2026-04-17 07:00:00","2026-04-17 08:00:00",Nederland,ElectricityMix,Hour,UTC,Providing,Current,14083373,14083373,0.229839,2589272,0.1842265
"2026-04-17 08:00:00","2026-04-17 09:00:00",Nederland,ElectricityMix,Hour,UTC,Providing,Current,15355278,15355278,0.250596,1564510,0.102599375
"2026-04-17 09:00:00","2026-04-17 10:00:00",Nederland,ElectricityMix,Hour,UTC,Providing,Current,18266734,18266734,0.29810975,1156428,0.063387875
"2026-04-17 10:00:00","2026-04-17 11:00:00",Nederland,ElectricityMix,Hour,UTC,Providing,Current,19370672,19370672,0.316125,1080778,0.055801725
"2026-04-17 11:00:00","2026-04-17 12:00:00",Nederland,ElectricityMix,Hour,UTC,Providing,Current,19102794,19102794,0.31175275,1279708,0.066613
"2026-04-17 12:00:00","2026-04-17 13:00:00",Nederland,ElectricityMix,Hour,UTC,Providing,Current,17644256,17644256,0.287949,1068970,0.060587
"2026-04-17 13:00:00","2026-04-17 14:00:00",Nederland,ElectricityMix,Hour,UTC,Providing,Current,15723469,15723469,0.2566015,1199917,0.076491725
"2026-04-17 14:00:00","2026-04-17 15:00:00",Nederland,ElectricityMix,Hour,UTC,Providing,Current,15306047,15306047,0.24978875,1498889,0.098054225
"2026-04-17 15:00:00","2026-04-17 16:00:00",Nederland,ElectricityMix,Hour,UTC,Providing,Current,14166997,14166997,0.23119925,2457352,0.17390775
"2026-04-17 16:00:00","2026-04-17 17:00:00",Nederland,ElectricityMix,Hour,UTC,Providing,Current,14602669,14602669,0.238309,3913810,0.26783025
"2026-04-17 17:00:00","2026-04-17 18:00:00",Nederland,ElectricityMix,Hour,UTC,Providing,Current,13715674,13715674,0.223833,4530199,0.331018
"2026-04-17 18:00:00","2026-04-17 19:00:00",Nederland,ElectricityMix,Hour,UTC,Providing,Current,11820162,11820162,0.19289875,4561168,0.3862385
"2026-04-17 19:00:00","2026-04-17 20:00:00",Nederland,ElectricityMix,Hour,UTC,Providing,Current,11185872,11185872,0.182547,4570281,0.40859825
"2026-04-17 20:00:00","2026-04-17 21:00:00",Nederland,ElectricityMix,Hour,UTC,Providing,Current,11067891,11067891,0.180621,4541902,0.4103705
"2026-04-17 21:00:00","2026-04-17 22:00:00",Nederland,ElectricityMix,Hour,UTC,Providing,Current,9573260,9573260,0.15622925,3964246,0.414199
"2026-04-17 22:00:00","2026-04-17 23:00:00",Nederland,ElectricityMix,Hour,UTC,Providing,Current,7332595,7332595,0.11966275,3081899,0.42029775
"2026-04-17 23:00:00","2026-04-18 00:00:00",Nederland,ElectricityMix,Hour,UTC,Providing,Current,7243879,7243879,0.1182145,3017399,0.416553
"2026-04-18 00:00:00","2026-04-18 01:00:00",Nederland,ElectricityMix,Hour,UTC,Providing,Current,7453666,7453666,0.121638,3012368,0.40415825
"2026-04-18 01:00:00","2026-04-18 02:00:00",Nederland,ElectricityMix,Hour,UTC,Providing,Current,7391813,7391813,0.12062825,2960083,0.40045525
"2026-04-18 02:00:00","2026-04-18 03:00:00",Nederland,ElectricityMix,Hour,UTC,Providing,Current,7406614,7406614,0.1208695,2945722,0.3977195
"2026-04-18 03:00:00","2026-04-18 04:00:00",Nederland,ElectricityMix,Hour,UTC,Providing,Current,7496982,7496982,0.12234375,2926692,0.3903815
"2026-04-18 04:00:00","2026-04-18 05:00:00",Nederland,ElectricityMix,Hour,UTC,Providing,Current,7636277,7636277,0.124617,2813092,0.368415
"2026-04-18 05:00:00","2026-04-18 06:00:00",Nederland,ElectricityMix,Hour,UTC,Providing,Current,7418421,7418421,0.1210615,2610607,0.3520285
"2026-04-18 06:00:00","2026-04-18 07:00:00",Nederland,ElectricityMix,Hour,UTC,Providing,Current,7632041,7632041,0.12454725,1930713,0.253927
"2026-04-18 07:00:00","2026-04-18 08:00:00",Nederland,ElectricityMix,Hour,UTC,Providing,Current,9032233,9032233,0.14739625,1358838,0.15179825
"2026-04-18 08:00:00","2026-04-18 09:00:00",Nederland,ElectricityMix,Hour,UTC,Providing,Current,11486731,11486731,0.18745075,1058454,0.092826975
"2026-04-18 09:00:00","2026-04-18 10:00:00",Nederland,ElectricityMix,Hour,UTC,Providing,Current,12568791,12568791,0.20510825,1022560,0.0813574
"2026-04-18 10:00:00","2026-04-18 11:00:00",Nederland,ElectricityMix,Hour,UTC,Providing,Current,13003318,13003318,0.21219875,935994,0.0719442
"2026-04-18 11:00:00","2026-04-18 12:00:00",Nederland,ElectricityMix,Hour,UTC,Providing,Current,12200274,12200274,0.19909325,944944,0.07752245
"2026-04-18 12:00:00","2026-04-18 13:00:00",Nederland,ElectricityMix,Hour,UTC,Providing,Current,11608939,11608939,0.189443,1011463,0.0871031
"2026-04-18 13:00:00","2026-04-18 14:00:00",Nederland,ElectricityMix,Hour,UTC,Providing,Current,11705226,11705226,0.19101375,1253499,0.1071292
"2026-04-18 14:00:00","2026-04-18 15:00:00",Nederland,ElectricityMix,Hour,UTC,Providing,Current,12381087,12381087,0.20204275,1697473,0.136989
"2026-04-18 15:00:00","2026-04-18 16:00:00",Nederland,ElectricityMix,Hour,UTC,Providing,Current,12672573,12672573,0.20679875,2433893,0.191665
"2026-04-18 16:00:00","2026-04-18 17:00:00",Nederland,ElectricityMix,Hour,UTC,Providing,Current,14331540,14331540,0.2338705,3842220,0.26829625
"2026-04-18 17:00:00","2026-04-18 18:00:00",Nederland,ElectricityMix,Hour,UTC,Providing,Current,13439934,13439934,0.21931975,4274630,0.31821275
"2026-04-18 18:00:00","2026-04-18 19:00:00",Nederland,ElectricityMix,Hour,UTC,Providing,Current,11526090,11526090,0.18808875,4267842,0.37119675
"2026-04-18 19:00:00","2026-04-18 20:00:00",Nederland,ElectricityMix,Hour,UTC,Providing,Current,10419768,10419768,0.1700345,4343332,0.416925
"2026-04-18 20:00:00","2026-04-18 21:00:00",Nederland,ElectricityMix,Hour,UTC,Providing,Current,10104447,10104447,0.1648885,4318230,0.42736075
"2026-04-18 21:00:00","2026-04-18 22:00:00",Nederland,ElectricityMix,Hour,UTC,Providing,Current,9435585,9435585,0.15397325,4015628,0.425553
"2026-04-18 22:00:00","2026-04-18 23:00:00",Nederland,ElectricityMix,Hour,UTC,Providing,Current,8685001,8685001,0.14172475,3692110,0.425111
"2026-04-18 23:00:00","2026-04-19 00:00:00",Nederland,ElectricityMix,Hour,UTC,Providing,Current,8000045,8000045,0.130547,3406186,0.425766
"2026-04-19 00:00:00","2026-04-19 01:00:00",Nederland,ElectricityMix,Hour,UTC,Providing,Current,6815765,6815765,0.11122125,2906875,0.426479
"2026-04-19 01:00:00","2026-04-19 02:00:00",Nederland,ElectricityMix,Hour,UTC,Providing,Current,6776734,6776734,0.110584,2777252,0.410084
"2026-04-19 02:00:00","2026-04-19 03:00:00",Nederland,ElectricityMix,Hour,UTC,Providing,Current,6755892,6755892,0.110244,2620319,0.38783925
"2026-04-19 03:00:00","2026-04-19 04:00:00",Nederland,ElectricityMix,Hour,UTC,Providing,Current,6664740,6664740,0.108756,2411214,0.3617285
"2026-04-19 04:00:00","2026-04-19 05:00:00",Nederland,ElectricityMix,Hour,UTC,Providing,Current,6593509,6593509,0.1075935,2305273,0.34964
"2026-04-19 05:00:00","2026-04-19 06:00:00",Nederland,ElectricityMix,Hour,UTC,Providing,Current,6898023,6898023,0.11256225,1880697,0.27491025
"2026-04-19 06:00:00","2026-04-19 07:00:00",Nederland,ElectricityMix,Hour,UTC,Providing,Current,9839752,9839752,0.16056525,1494153,0.15486525
"2026-04-19 07:00:00","2026-04-19 08:00:00",Nederland,ElectricityMix,Hour,UTC,Providing,Current,13458742,13458742,0.2196195,1054509,0.0795917
"2026-04-19 08:00:00","2026-04-19 09:00:00",Nederland,ElectricityMix,Hour,UTC,Providing,Current,16145423,16145423,0.2634595,854462,0.0530183
"2026-04-19 09:00:00","2026-04-19 10:00:00",Nederland,ElectricityMix,Hour,UTC,Providing,Current,17450140,17450140,0.2847495,840371,0.048202925
"2026-04-19 10:00:00","2026-04-19 11:00:00",Nederland,ElectricityMix,Hour,UTC,Providing,Current,18734861,18734861,0.3057125,822944,0.043943825
"2026-04-19 11:00:00","2026-04-19 12:00:00",Nederland,ElectricityMix,Hour,UTC,Providing,Current,18915199,18915199,0.3086545,803424,0.042491075
"2026-04-19 12:00:00","2026-04-19 13:00:00",Nederland,ElectricityMix,Hour,UTC,Providing,Current,19588761,19588761,0.31964475,796296,0.0406566
"2026-04-19 13:00:00","2026-04-19 14:00:00",Nederland,ElectricityMix,Hour,UTC,Providing,Current,18446688,18446688,0.301008,780241,0.0423005
"2026-04-19 14:00:00","2026-04-19 15:00:00",Nederland,ElectricityMix,Hour,UTC,Providing,Current,18389046,18389046,0.3000665,789253,0.042923
"2026-04-19 15:00:00","2026-04-19 16:00:00",Nederland,ElectricityMix,Hour,UTC,Providing,Current,17687890,17687890,0.28862475,943458,0.053716475
"2026-04-19 16:00:00","2026-04-19 17:00:00",Nederland,ElectricityMix,Hour,UTC,Providing,Current,14946222,14946222,0.2438865,1683587,0.1139064
"2026-04-19 17:00:00","2026-04-19 18:00:00",Nederland,ElectricityMix,Hour,UTC,Providing,Current,13146431,13146431,0.21451775,2472828,0.18876625
"2026-04-19 18:00:00","2026-04-19 19:00:00",Nederland,ElectricityMix,Hour,UTC,Providing,Current,10698583,10698583,0.1745745,2647898,0.2485755
"2026-04-19 19:00:00","2026-04-19 20:00:00",Nederland,ElectricityMix,Hour,UTC,Providing,Current,9329669,9329669,0.1522365,2631961,0.28229875
"2026-04-19 20:00:00","2026-04-19 21:00:00",Nederland,ElectricityMix,Hour,UTC,Providing,Current,8497971,8497971,0.138665,2690753,0.3166995
"2026-04-19 21:00:00","2026-04-19 22:00:00",Nederland,ElectricityMix,Hour,UTC,Providing,Current,7827257,7827257,0.12772075,2640584,0.3374885
"2026-04-19 22:00:00","2026-04-19 23:00:00",Nederland,ElectricityMix,Hour,UTC,Providing,Current,6993656,6993656,0.114118,2394989,0.34239575
"2026-04-19 23:00:00","2026-04-20 00:00:00",Nederland,ElectricityMix,Hour,UTC,Providing,Current,6641758,6641758,0.108376,2271964,0.3420945
"2026-04-20 00:00:00","2026-04-20 01:00:00",Nederland,ElectricityMix,Hour,UTC,Providing,Current,6449420,6449420,0.105237,2276251,0.352993
"2026-04-20 01:00:00","2026-04-20 02:00:00",Nederland,ElectricityMix,Hour,UTC,Providing,Current,6124486,6124486,0.099934625,2221355,0.36269675
"2026-04-20 02:00:00","2026-04-20 03:00:00",Nederland,ElectricityMix,Hour,UTC,Providing,Current,6180076,6180076,0.100841475,2308018,0.37345825
"2026-04-20 03:00:00","2026-04-20 04:00:00",Nederland,ElectricityMix,Hour,UTC,Providing,Current,6709976,6709976,0.109488,2546134,0.37943125
"2026-04-20 04:00:00","2026-04-20 05:00:00",Nederland,ElectricityMix,Hour,UTC,Providing,Current,7908539,7908539,0.1290445,2996495,0.3788695
"2026-04-20 05:00:00","2026-04-20 06:00:00",Nederland,ElectricityMix,Hour,UTC,Providing,Current,9239074,9239074,0.15075475,3053340,0.3326545
"2026-04-20 06:00:00","2026-04-20 07:00:00",Nederland,ElectricityMix,Hour,UTC,Providing,Current,12399251,12399251,0.202319,2932935,0.2379525
"2026-04-20 07:00:00","2026-04-20 08:00:00",Nederland,ElectricityMix,Hour,UTC,Providing,Current,14296211,14296211,0.23327125,2319087,0.162928
"2026-04-20 08:00:00","2026-04-20 09:00:00",Nederland,ElectricityMix,Hour,UTC,Providing,Current,15398692,15398692,0.25126,1635023,0.106143525
"2026-04-20 09:00:00","2026-04-20 10:00:00",Nederland,ElectricityMix,Hour,UTC,Providing,Current,16659750,16659750,0.271836,1244990,0.074894325
"2026-04-20 10:00:00","2026-04-20 11:00:00",Nederland,ElectricityMix,Hour,UTC,Providing,Current,16980440,16980440,0.27706775,1238017,0.072921825
"2026-04-20 11:00:00","2026-04-20 12:00:00",Nederland,ElectricityMix,Hour,UTC,Providing,Current,16962883,16962883,0.27678075,1211131,0.071405875
"2026-04-20 12:00:00","2026-04-20 13:00:00",Nederland,ElectricityMix,Hour,UTC,Providing,Current,16660077,16660077,0.271839,1192116,0.07155665
"2026-04-20 13:00:00","2026-04-20 14:00:00",Nederland,ElectricityMix,Hour,UTC,Providing,Current,16140365,16140365,0.26335825,1288971,0.080057775
"2026-04-20 14:00:00","2026-04-20 15:00:00",Nederland,ElectricityMix,Hour,UTC,Providing,Current,15081445,15081445,0.2460795,1529980,0.1014375
"2026-04-20 15:00:00","2026-04-20 16:00:00",Nederland,ElectricityMix,Hour,UTC,Providing,Current,15789880,15789880,0.25763825,2308421,0.1460915
"2026-04-20 16:00:00","2026-04-20 17:00:00",Nederland,ElectricityMix,Hour,UTC,Providing,Current,15529669,15529669,0.253392,2825829,0.1819535
"2026-04-20 17:00:00","2026-04-20 18:00:00",Nederland,ElectricityMix,Hour,UTC,Providing,Current,14595189,14595189,0.238144,2875466,0.19731475
"2026-04-20 18:00:00","2026-04-20 19:00:00",Nederland,ElectricityMix,Hour,UTC,Providing,Current,12166061,12166061,0.19850825,2706592,0.2225465
"2026-04-20 19:00:00","2026-04-20 20:00:00",Nederland,ElectricityMix,Hour,UTC,Providing,Current,11399075,11399075,0.18599325,2652232,0.23276425
"2026-04-20 20:00:00","2026-04-20 21:00:00",Nederland,ElectricityMix,Hour,UTC,Providing,Current,10793603,10793603,0.17611375,2499478,0.231566
"2026-04-20 21:00:00","2026-04-20 22:00:00",Nederland,ElectricityMix,Hour,UTC,Providing,Current,10659759,10659759,0.1739295,2308627,0.216615
"2026-04-20 22:00:00","2026-04-20 23:00:00",Nederland,ElectricityMix,Hour,UTC,Providing,Current,10337479,10337479,0.1686705,2188562,0.21169225
"2026-04-20 23:00:00","2026-04-21 00:00:00",Nederland,ElectricityMix,Hour,UTC,Providing,Current,10030300,10030300,0.163658,2097399,0.20910675
"2026-04-21 00:00:00","2026-04-21 01:00:00",Nederland,ElectricityMix,Hour,UTC,Providing,Current,9787122,9787122,0.15968975,2082795,0.2128445
"2026-04-21 01:00:00","2026-04-21 02:00:00",Nederland,ElectricityMix,Hour,UTC,Providing,Current,9607434,9607434,0.1567575,2148364,0.223652
"2026-04-21 02:00:00","2026-04-21 03:00:00",Nederland,ElectricityMix,Hour,UTC,Providing,Current,9464628,9464628,0.15442725,2233582,0.23601575
"2026-04-21 03:00:00","2026-04-21 04:00:00",Nederland,ElectricityMix,Hour,UTC,Providing,Current,9750016,9750016,0.15908325,2397762,0.2459075
"2026-04-21 04:00:00","2026-04-21 05:00:00",Nederland,ElectricityMix,Hour,UTC,Providing,Current,10273889,10273889,0.1676305,2667766,0.25966725
"2026-04-21 05:00:00","2026-04-21 06:00:00",Nederland,ElectricityMix,Hour,UTC,Providing,Current,11700680,11700680,0.1909095,2745326,0.23552975
"2026-04-21 06:00:00","2026-04-21 07:00:00",Nederland,ElectricityMix,Hour,UTC,Providing,Current,15516676,15516676,0.25317125,2532966,0.16501325
"2026-04-21 07:00:00","2026-04-21 08:00:00",Nederland,ElectricityMix,Hour,UTC,Providing,Current,19875835,19875835,0.32429475,1875668,0.0951259
"2026-04-21 08:00:00","2026-04-21 09:00:00",Nederland,ElectricityMix,Hour,UTC,Providing,Current,23234366,23234366,0.37909175,1119053,0.04843355
"2026-04-21 09:00:00","2026-04-21 10:00:00",Nederland,ElectricityMix,Hour,UTC,Providing,Current,26166078,26166078,0.4269245,914848,0.0350004
"2026-04-21 10:00:00","2026-04-21 11:00:00",Nederland,ElectricityMix,Hour,UTC,Providing,Current,26284530,26284530,0.428856,915361,0.0348218
"2026-04-21 11:00:00","2026-04-21 12:00:00",Nederland,ElectricityMix,Hour,UTC,Providing,Current,26853436,26853436,0.43813725,900666,0.033540325
"2026-04-21 12:00:00","2026-04-21 13:00:00",Nederland,ElectricityMix,Hour,UTC,Providing,Current,26180467,26180467,0.42715625,852452,0.032566325
"2026-04-21 13:00:00","2026-04-21 14:00:00",Nederland,ElectricityMix,Hour,UTC,Providing,Current,25768490,25768490,0.42043325,849057,0.032954025
"2026-04-21 14:00:00","2026-04-21 15:00:00",Nederland,ElectricityMix,Hour,UTC,Providing,Current,24567233,24567233,0.400833,870449,0.035432825
"2026-04-21 15:00:00","2026-04-21 16:00:00",Nederland,ElectricityMix,Hour,UTC,Providing,Current,23120345,23120345,0.37722475,1009534,0.043865825
"2026-04-21 16:00:00","2026-04-21 17:00:00",Nederland,ElectricityMix,Hour,UTC,Providing,Current,20269827,20269827,0.330716,1684797,0.08366625
"2026-04-21 17:00:00","2026-04-21 18:00:00",Nederland,ElectricityMix,Hour,UTC,Providing,Current,17312699,17312699,0.28246775,2303332,0.1336185
"2026-04-21 18:00:00","2026-04-21 19:00:00",Nederland,ElectricityMix,Hour,UTC,Providing,Current,13690186,13690186,0.2233635,2376478,0.174558
"2026-04-21 19:00:00","2026-04-21 20:00:00",Nederland,ElectricityMix,Hour,UTC,Providing,Current,11792242,11792242,0.192397,2341340,0.19856825
"2026-04-21 20:00:00","2026-04-21 21:00:00",Nederland,ElectricityMix,Hour,UTC,Providing,Current,11116684,11116684,0.18137425,2287262,0.205779
"2026-04-21 21:00:00","2026-04-21 22:00:00",Nederland,ElectricityMix,Hour,UTC,Providing,Current,10290190,10290190,0.16788925,2143453,0.20829725
"2026-04-21 22:00:00","2026-04-21 23:00:00",Nederland,ElectricityMix,Hour,UTC,Providing,Current,9254298,9254298,0.15098775,1903651,0.2057065
"2026-04-21 23:00:00","2026-04-22 00:00:00",Nederland,ElectricityMix,Hour,UTC,Providing,Current,8235899,8235899,0.134372,1711174,0.2077955
"2026-04-22 00:00:00","2026-04-22 01:00:00",Nederland,ElectricityMix,Hour,UTC,Providing,Current,7551761,7551761,0.1232095,1670764,0.22137675
"2026-04-22 01:00:00","2026-04-22 02:00:00",Nederland,ElectricityMix,Hour,UTC,Providing,Current,7216856,7216856,0.11774525,1722031,0.2387575
"2026-04-22 02:00:00","2026-04-22 03:00:00",Nederland,ElectricityMix,Hour,UTC,Providing,Current,7224119,7224119,0.11786325,1797817,0.248826
"2026-04-22 03:00:00","2026-04-22 04:00:00",Nederland,ElectricityMix,Hour,UTC,Providing,Current,8369503,8369503,0.1365505,2246913,0.26845075
"2026-04-22 04:00:00","2026-04-22 05:00:00",Nederland,ElectricityMix,Hour,UTC,Providing,Current,9597186,9597186,0.1565795,2752562,0.28680925
"2026-04-22 05:00:00","2026-04-22 06:00:00",Nederland,ElectricityMix,Hour,UTC,Providing,Current,10927219,10927219,0.178279,2900546,0.26681375
"2026-04-22 06:00:00","2026-04-22 07:00:00",Nederland,ElectricityMix,Hour,UTC,Providing,Current,13950952,13950952,0.22761125,2611744,0.18871975
"2026-04-22 07:00:00","2026-04-22 08:00:00",Nederland,ElectricityMix,Hour,UTC,Providing,Current,15771510,15771510,0.257313,1434624,0.091751325
"2026-04-22 08:00:00","2026-04-22 09:00:00",Nederland,ElectricityMix,Hour,UTC,Providing,Current,18066636,18066636,0.2947575,862516,0.04782535
"2026-04-22 09:00:00","2026-04-22 10:00:00",Nederland,ElectricityMix,Hour,UTC,Providing,Current,19845681,19845681,0.323782,803636,0.04056585
"2026-04-22 10:00:00","2026-04-22 11:00:00",Nederland,ElectricityMix,Hour,UTC,Providing,Current,22386545,22386545,0.3652355,783169,0.03500305
"2026-04-22 11:00:00","2026-04-22 12:00:00",Nederland,ElectricityMix,Hour,UTC,Providing,Current,23136731,23136731,0.3774735,777165,0.033597
"2026-04-22 12:00:00","2026-04-22 13:00:00",Nederland,ElectricityMix,Hour,UTC,Providing,Current,22938391,22938391,0.374237,770255,0.033579525
"2026-04-22 13:00:00","2026-04-22 14:00:00",Nederland,ElectricityMix,Hour,UTC,Providing,Current,22373341,22373341,0.36501725,755609,0.033772825
"2026-04-22 14:00:00","2026-04-22 15:00:00",Nederland,ElectricityMix,Hour,UTC,Providing,Current,21907830,21907830,0.35742125,769356,0.035123825
"2026-04-22 15:00:00","2026-04-22 16:00:00",Nederland,ElectricityMix,Hour,UTC,Providing,Current,21512499,21512499,0.35097075,896081,0.041742175
"2026-04-22 16:00:00","2026-04-22 17:00:00",Nederland,ElectricityMix,Hour,UTC,Providing,Current,19292190,19292190,0.3147465,1512922,0.078922325
"2026-04-22 17:00:00","2026-04-22 18:00:00",Nederland,ElectricityMix,Hour,UTC,Providing,Current,16862476,16862476,0.27510575,2395475,0.1428855
"2026-04-22 18:00:00","2026-04-22 19:00:00",Nederland,ElectricityMix,Hour,UTC,Providing,Current,13757617,13757617,0.22445025,2544665,0.1856845
"2026-04-22 19:00:00","2026-04-22 20:00:00",Nederland,ElectricityMix,Hour,UTC,Providing,Current,11349166,11349166,0.18515675,2499608,0.2205275
"2026-04-22 20:00:00","2026-04-22 21:00:00",Nederland,ElectricityMix,Hour,UTC,Providing,Current,10038547,10038547,0.16377425,2442650,0.24337925
"2026-04-22 21:00:00","2026-04-22 22:00:00",Nederland,ElectricityMix,Hour,UTC,Providing,Current,9013280,9013280,0.14704725,2244462,0.24903425
"2026-04-22 22:00:00","2026-04-22 23:00:00",Nederland,ElectricityMix,Hour,UTC,Providing,Current,8564039,8564039,0.1397175,2235162,0.2610505
"2026-04-22 23:00:00","2026-04-23 00:00:00",Nederland,ElectricityMix,Hour,UTC,Providing,Current,7807940,7807940,0.12738225,2143262,0.27451875
"2026-04-23 00:00:00","2026-04-23 01:00:00",Nederland,ElectricityMix,Hour,UTC,Providing,Current,8075366,8075366,0.13174475,2279686,0.2822985
"2026-04-23 01:00:00","2026-04-23 02:00:00",Nederland,ElectricityMix,Hour,UTC,Providing,Current,8060026,8060026,0.13149425,2316814,0.2874545
"2026-04-23 02:00:00","2026-04-23 03:00:00",Nederland,ElectricityMix,Hour,UTC,Providing,Current,8016710,8016710,0.13078725,2424680,0.3025255
"2026-04-23 03:00:00","2026-04-23 04:00:00",Nederland,ElectricityMix,Hour,UTC,Providing,Current,8232823,8232823,0.13431225,2567368,0.31185325
"2026-04-23 04:00:00","2026-04-23 05:00:00",Nederland,ElectricityMix,Hour,UTC,Providing,Current,9164166,9164166,0.14950625,2833920,0.30923375
"2026-04-23 05:00:00","2026-04-23 06:00:00",Nederland,ElectricityMix,Hour,UTC,Providing,Current,10328241,10328241,0.168497,2916086,0.2831855
"2026-04-23 06:00:00","2026-04-23 07:00:00",Nederland,ElectricityMix,Hour,UTC,Providing,Current,12765992,12765992,0.20826625,2647924,0.20882975
"2026-04-23 07:00:00","2026-04-23 08:00:00",Nederland,ElectricityMix,Hour,UTC,Providing,Current,14201431,14201431,0.23168375,1400950,0.100067225
"2026-04-23 08:00:00","2026-04-23 09:00:00",Nederland,ElectricityMix,Hour,UTC,Providing,Current,18548786,18548786,0.30260625,864577,0.047036275
"2026-04-23 09:00:00","2026-04-23 10:00:00",Nederland,ElectricityMix,Hour,UTC,Providing,Current,21071866,21071866,0.34376675,809596,0.038433375
"2026-04-23 10:00:00","2026-04-23 11:00:00",Nederland,ElectricityMix,Hour,UTC,Providing,Current,22427375,22427375,0.36587975,784604,0.035007525
"2026-04-23 11:00:00","2026-04-23 12:00:00",Nederland,ElectricityMix,Hour,UTC,Providing,Current,23892565,23892565,0.38978175,762462,0.031915375
"2026-04-23 12:00:00","2026-04-23 13:00:00",Nederland,ElectricityMix,Hour,UTC,Providing,Current,24133553,24133553,0.3937125,751120,0.0311235
"2026-04-23 13:00:00","2026-04-23 14:00:00",Nederland,ElectricityMix,Hour,UTC,Providing,Current,23242633,23242633,0.37917725,742583,0.0319547
"2026-04-23 14:00:00","2026-04-23 15:00:00",Nederland,ElectricityMix,Hour,UTC,Providing,Current,21522381,21522381,0.35111225,749818,0.034866025
"2026-04-23 15:00:00","2026-04-23 16:00:00",Nederland,ElectricityMix,Hour,UTC,Providing,Current,20339342,20339342,0.3318115,870930,0.042935
"2026-04-23 16:00:00","2026-04-23 17:00:00",Nederland,ElectricityMix,Hour,UTC,Providing,Current,18288263,18288263,0.29835025,1826862,0.10055125
"2026-04-23 17:00:00","2026-04-23 18:00:00",Nederland,ElectricityMix,Hour,UTC,Providing,Current,15879643,15879643,0.25905575,2817456,0.17861775
"2026-04-23 18:00:00","2026-04-23 19:00:00",Nederland,ElectricityMix,Hour,UTC,Providing,Current,12715649,12715649,0.20743875,3174601,0.250948
"2026-04-23 19:00:00","2026-04-23 20:00:00",Nederland,ElectricityMix,Hour,UTC,Providing,Current,11167938,11167938,0.1821895,3329320,0.2982445
"2026-04-23 20:00:00","2026-04-23 21:00:00",Nederland,ElectricityMix,Hour,UTC,Providing,Current,10760790,10760790,0.175547,3472766,0.32279725
"2026-04-23 21:00:00","2026-04-23 22:00:00",Nederland,ElectricityMix,Hour,UTC,Providing,Current,10394708,10394708,0.16957475,3454419,0.332373
