"validfrom (UTC)","validto (UTC)",point,type,granularity,timezone,activity,classification,"capacity (kW)","volume (kWh)",percentage,"emission (kg CO2)","emissionfactor (kg CO2/kWh)"
"2025-12-31 23:00:00","2026-01-01 00:00:00",Nederland,Wind,Hour,UTC,Providing,Current,4152110,4152111,0.6391345,0,0
"2026-01-01 00:00:00","2026-01-01 01:00:00",Nederland,Wind,Hour,UTC,Providing,Current,4849301,4849298,0.74645016666667,0,0
"2026-01-01 01:00:00","2026-01-01 02:00:00",Nederland,Wind,Hour,UTC,Providing,Current,5563526,5563524,0.85638666666667,0,0
"2026-01-01 02:00:00","2026-01-01 03:00:00",Nederland,Wind,Hour,UTC,Providing,Current,5540995,5540993,0.852915,0,0
"2026-01-01 03:00:00","2026-01-01 04:00:00",Nederland,Wind,Hour,UTC,Providing,Current,5849789,5849786,0.9004435,0,0
"2026-01-01 04:00:00","2026-01-01 05:00:00",Nederland,Wind,Hour,UTC,Providing,Current,5916274,5916276,0.91067366666667,0,0
"2026-01-01 05:00:00","2026-01-01 06:00:00",Nederland,Wind,Hour,UTC,Providing,Current,6180052,6180052,0.95127216666667,0,0
"2026-01-01 06:00:00","2026-01-01 07:00:00",Nederland,Wind,Hour,UTC,Providing,Current,6369452,6369456,0.9804215,0,0
"2026-01-01 07:00:00","2026-01-01 08:00:00",Nederland,Wind,Hour,UTC,Providing,Current,6360904,6360905,0.979102,0,0
"2026-01-01 08:00:00","2026-01-01 09:00:00",Nederland,Wind,Hour,UTC,Providing,Current,6381596,6381596,0.98228266666667,0,0
"2026-01-01 09:00:00","2026-01-01 10:00:00",Nederland,Wind,Hour,UTC,Providing,Current,6439569,6439569,0.991202,0,0
"2026-01-01 10:00:00","2026-01-01 11:00:00",Nederland,Wind,Hour,UTC,Providing,Current,6441038,6441043,0.99142416666667,0,0
"2026-01-01 11:00:00","2026-01-01 12:00:00",Nederland,Wind,Hour,UTC,Providing,Current,6302633,6302636,0.97011633333333,0,0
"2026-01-01 12:00:00","2026-01-01 13:00:00",Nederland,Wind,Hour,UTC,Providing,Current,6210277,6210275,0.95589666666667,0,0
"2026-01-01 13:00:00","2026-01-01 14:00:00",Nederland,Wind,Hour,UTC,Providing,Current,5877744,5877745,0.904709,0,0
"2026-01-01 14:00:00","2026-01-01 15:00:00",Nederland,Wind,Hour,UTC,Providing,Current,5501547,5501546,0.84680066666667,0,0
"2026-01-01 15:00:00","2026-01-01 16:00:00",Nederland,Wind,Hour,UTC,Providing,Current,5595549,5595550,0.86126583333333,0,0
"2026-01-01 16:00:00","2026-01-01 17:00:00",Nederland,Wind,Hour,UTC,Providing,Current,5566840,5566844,0.85684333333333,0,0
"2026-01-01 17:00:00","2026-01-01 18:00:00",Nederland,Wind,Hour,UTC,Providing,Current,5615348,5615350,0.86430616666667,0,0
"2026-01-01 18:00:00","2026-01-01 19:00:00",Nederland,Wind,Hour,UTC,Providing,Current,5767854,5767856,0.887776,0,0
"2026-01-01 19:00:00","2026-01-01 20:00:00",Nederland,Wind,Hour,UTC,Providing,Current,5419502,5419501,0.834155,0,0
"2026-01-01 20:00:00","2026-01-01 21:00:00",Nederland,Wind,Hour,UTC,Providing,Current,5318657,5318656,0.81862933333333,0,0
"2026-01-01 21:00:00","2026-01-01 22:00:00",Nederland,Wind,Hour,UTC,Providing,Current,5342324,5342323,0.822269,0,0
"2026-01-01 22:00:00","2026-01-01 23:00:00",Nederland,Wind,Hour,UTC,Providing,Current,5420732,5420730,0.8343335,0,0
"2026-01-01 23:00:00","2026-01-02 00:00:00",Nederland,Wind,Hour,UTC,Providing,Current,5514822,5514824,0.848812,0,0
"2026-01-02 00:00:00","2026-01-02 01:00:00",Nederland,Wind,Hour,UTC,Providing,Current,5552070,5552071,0.85454116666667,0,0
"2026-01-02 01:00:00","2026-01-02 02:00:00",Nederland,Wind,Hour,UTC,Providing,Current,5741146,5741149,0.883639,0,0
"2026-01-02 02:00:00","2026-01-02 03:00:00",Nederland,Wind,Hour,UTC,Providing,Current,5633821,5633824,0.86711666666667,0,0
"2026-01-02 03:00:00","2026-01-02 04:00:00",Nederland,Wind,Hour,UTC,Providing,Current,5777812,5777815,0.88927533333333,0,0
"2026-01-02 04:00:00","2026-01-02 05:00:00",Nederland,Wind,Hour,UTC,Providing,Current,5738721,5738722,0.88325516666667,0,0
"2026-01-02 05:00:00","2026-01-02 06:00:00",Nederland,Wind,Hour,UTC,Providing,Current,5536430,5536431,0.85211683333333,0,0
"2026-01-02 06:00:00","2026-01-02 07:00:00",Nederland,Wind,Hour,UTC,Providing,Current,4780224,4780224,0.73572533333333,0,0
"2026-01-02 07:00:00","2026-01-02 08:00:00",Nederland,Wind,Hour,UTC,Providing,Current,5023280,5023282,0.773131,0,0
"2026-01-02 08:00:00","2026-01-02 09:00:00",Nederland,Wind,Hour,UTC,Providing,Current,5113605,5113605,0.78702966666667,0,0
"2026-01-02 09:00:00","2026-01-02 10:00:00",Nederland,Wind,Hour,UTC,Providing,Current,5422244,5422244,0.8345285,0,0
"2026-01-02 10:00:00","2026-01-02 11:00:00",Nederland,Wind,Hour,UTC,Providing,Current,5770229,5770227,0.88808266666667,0,0
"2026-01-02 11:00:00","2026-01-02 12:00:00",Nederland,Wind,Hour,UTC,Providing,Current,5799822,5799822,0.8926335,0,0
"2026-01-02 12:00:00","2026-01-02 13:00:00",Nederland,Wind,Hour,UTC,Providing,Current,4689638,4689639,0.72176533333333,0,0
"2026-01-02 13:00:00","2026-01-02 14:00:00",Nederland,Wind,Hour,UTC,Providing,Current,3580144,3580145,0.55100466666667,0,0
"2026-01-02 14:00:00","2026-01-02 15:00:00",Nederland,Wind,Hour,UTC,Providing,Current,3906687,3906688,0.601259,0,0
"2026-01-02 15:00:00","2026-01-02 16:00:00",Nederland,Wind,Hour,UTC,Providing,Current,4356575,4356577,0.6704965,0,0
"2026-01-02 16:00:00","2026-01-02 17:00:00",Nederland,Wind,Hour,UTC,Providing,Current,4644686,4644686,0.71483483333333,0,0
"2026-01-02 17:00:00","2026-01-02 18:00:00",Nederland,Wind,Hour,UTC,Providing,Current,4966349,4966350,0.76433666666667,0,0
"2026-01-02 18:00:00","2026-01-02 19:00:00",Nederland,Wind,Hour,UTC,Providing,Current,4611308,4611311,0.709692,0,0
"2026-01-02 19:00:00","2026-01-02 20:00:00",Nederland,Wind,Hour,UTC,Providing,Current,4868149,4868150,0.7492175,0,0
"2026-01-02 20:00:00","2026-01-02 21:00:00",Nederland,Wind,Hour,UTC,Providing,Current,4739575,4739576,0.7294265,0,0
"2026-01-02 21:00:00","2026-01-02 22:00:00",Nederland,Wind,Hour,UTC,Providing,Current,4677939,4677936,0.71993766666667,0,0
"2026-01-02 22:00:00","2026-01-02 23:00:00",Nederland,Wind,Hour,UTC,Providing,Current,4149779,4149779,0.63865083333333,0,0
"2026-01-02 23:00:00","2026-01-03 00:00:00",Nederland,Wind,Hour,UTC,Providing,Current,2986165,2986164,0.45956883333333,0,0
"2026-01-03 00:00:00","2026-01-03 01:00:00",Nederland,Wind,Hour,UTC,Providing,Current,2776697,2776695,0.42733,0,0
"2026-01-03 01:00:00","2026-01-03 02:00:00",Nederland,Wind,Hour,UTC,Providing,Current,2897156,2897158,0.445867,0,0
"2026-01-03 02:00:00","2026-01-03 03:00:00",Nederland,Wind,Hour,UTC,Providing,Current,3549266,3549265,0.546223,0,0
"2026-01-03 03:00:00","2026-01-03 04:00:00",Nederland,Wind,Hour,UTC,Providing,Current,3720390,3720389,0.57255616666667,0,0
"2026-01-03 04:00:00","2026-01-03 05:00:00",Nederland,Wind,Hour,UTC,Providing,Current,4041539,4041535,0.62197733333333,0,0
"2026-01-03 05:00:00","2026-01-03 06:00:00",Nederland,Wind,Hour,UTC,Providing,Current,3665565,3665567,0.56411366666667,0,0
"2026-01-03 06:00:00","2026-01-03 07:00:00",Nederland,Wind,Hour,UTC,Providing,Current,3694771,3694773,0.56860616666667,0,0
"2026-01-03 07:00:00","2026-01-03 08:00:00",Nederland,Wind,Hour,UTC,Providing,Current,3571309,3571310,0.54960383333333,0,0
"2026-01-03 08:00:00","2026-01-03 09:00:00",Nederland,Wind,Hour,UTC,Providing,Current,3276774,3276769,0.5042745,0,0
"2026-01-03 09:00:00","2026-01-03 10:00:00",Nederland,Wind,Hour,UTC,Providing,Current,2947713,2947711,0.45363233333333,0,0
"2026-01-03 10:00:00","2026-01-03 11:00:00",Nederland,Wind,Hour,UTC,Providing,Current,2984744,2984743,0.45932916666667,0,0
"2026-01-03 11:00:00","2026-01-03 12:00:00",Nederland,Wind,Hour,UTC,Providing,Current,2673507,2673507,0.41143033333333,0,0
"2026-01-03 12:00:00","2026-01-03 13:00:00",Nederland,Wind,Hour,UTC,Providing,Current,2358764,2358763,0.3629925,0,0
"2026-01-03 13:00:00","2026-01-03 14:00:00",Nederland,Wind,Hour,UTC,Providing,Current,2209956,2209955,0.340091,0,0
"2026-01-03 14:00:00","2026-01-03 15:00:00",Nederland,Wind,Hour,UTC,Providing,Current,2024261,2024264,0.311513,0,0
"2026-01-03 15:00:00","2026-01-03 16:00:00",Nederland,Wind,Hour,UTC,Providing,Current,1964927,1964930,0.30238083333333,0,0
"2026-01-03 16:00:00","2026-01-03 17:00:00",Nederland,Wind,Hour,UTC,Providing,Current,2961943,2961943,0.45580883333333,0,0
"2026-01-03 17:00:00","2026-01-03 18:00:00",Nederland,Wind,Hour,UTC,Providing,Current,3700618,3700619,0.56948016666667,0,0
"2026-01-03 18:00:00","2026-01-03 19:00:00",Nederland,Wind,Hour,UTC,Providing,Current,3638615,3638615,0.55993633333333,0,0
"2026-01-03 19:00:00","2026-01-03 20:00:00",Nederland,Wind,Hour,UTC,Providing,Current,3316361,3316359,0.51034333333333,0,0
"2026-01-03 20:00:00","2026-01-03 21:00:00",Nederland,Wind,Hour,UTC,Providing,Current,2717702,2717700,0.418216,0,0
"2026-01-03 21:00:00","2026-01-03 22:00:00",Nederland,Wind,Hour,UTC,Providing,Current,2024113,2024111,0.31148116666667,0,0
"2026-01-03 22:00:00","2026-01-03 23:00:00",Nederland,Wind,Hour,UTC,Providing,Current,1834281,1834281,0.28226766666667,0,0
"2026-01-03 23:00:00","2026-01-04 00:00:00",Nederland,Wind,Hour,UTC,Providing,Current,2129456,2129456,0.32768883333333,0,0
"2026-01-04 00:00:00","2026-01-04 01:00:00",Nederland,Wind,Hour,UTC,Providing,Current,2029441,2029442,0.31229716666667,0,0
"2026-01-04 01:00:00","2026-01-04 02:00:00",Nederland,Wind,Hour,UTC,Providing,Current,2307802,2307808,0.35513083333333,0,0
"2026-01-04 02:00:00","2026-01-04 03:00:00",Nederland,Wind,Hour,UTC,Providing,Current,2753059,2753059,0.42364633333333,0,0
"2026-01-04 03:00:00","2026-01-04 04:00:00",Nederland,Wind,Hour,UTC,Providing,Current,2791420,2791418,0.4295475,0,0
"2026-01-04 04:00:00","2026-01-04 05:00:00",Nederland,Wind,Hour,UTC,Providing,Current,3000457,3000459,0.46171283333333,0,0
"2026-01-04 05:00:00","2026-01-04 06:00:00",Nederland,Wind,Hour,UTC,Providing,Current,3153793,3153796,0.48530616666667,0,0
"2026-01-04 06:00:00","2026-01-04 07:00:00",Nederland,Wind,Hour,UTC,Providing,Current,3072911,3072911,0.47285783333333,0,0
"2026-01-04 07:00:00","2026-01-04 08:00:00",Nederland,Wind,Hour,UTC,Providing,Current,2863095,2863093,0.44056983333333,0,0
"2026-01-04 08:00:00","2026-01-04 09:00:00",Nederland,Wind,Hour,UTC,Providing,Current,2687031,2687033,0.4134755,0,0
"2026-01-04 09:00:00","2026-01-04 10:00:00",Nederland,Wind,Hour,UTC,Providing,Current,2810832,2810833,0.43252383333333,0,0
"2026-01-04 10:00:00","2026-01-04 11:00:00",Nederland,Wind,Hour,UTC,Providing,Current,2929339,2929342,0.45075783333333,0,0
"2026-01-04 11:00:00","2026-01-04 12:00:00",Nederland,Wind,Hour,UTC,Providing,Current,2818632,2818633,0.43372066666667,0,0
"2026-01-04 12:00:00","2026-01-04 13:00:00",Nederland,Wind,Hour,UTC,Providing,Current,3193188,3193191,0.491354,0,0
"2026-01-04 13:00:00","2026-01-04 14:00:00",Nederland,Wind,Hour,UTC,Providing,Current,3569131,3569129,0.5492,0,0
"2026-01-04 14:00:00","2026-01-04 15:00:00",Nederland,Wind,Hour,UTC,Providing,Current,3926192,3926193,0.60414016666667,0,0
"2026-01-04 15:00:00","2026-01-04 16:00:00",Nederland,Wind,Hour,UTC,Providing,Current,3460478,3460474,0.53247666666667,0,0
"2026-01-04 16:00:00","2026-01-04 17:00:00",Nederland,Wind,Hour,UTC,Providing,Current,2765566,2765568,0.42554616666667,0,0
"2026-01-04 17:00:00","2026-01-04 18:00:00",Nederland,Wind,Hour,UTC,Providing,Current,2637898,2637897,0.40589983333333,0,0
"2026-01-04 18:00:00","2026-01-04 19:00:00",Nederland,Wind,Hour,UTC,Providing,Current,2312966,2312966,0.35590016666667,0,0
"2026-01-04 19:00:00","2026-01-04 20:00:00",Nederland,Wind,Hour,UTC,Providing,Current,2233773,2233770,0.343713,0,0
"2026-01-04 20:00:00","2026-01-04 21:00:00",Nederland,Wind,Hour,UTC,Providing,Current,2240802,2240803,0.34479333333333,0,0
"2026-01-04 21:00:00","2026-01-04 22:00:00",Nederland,Wind,Hour,UTC,Providing,Current,2184306,2184306,0.33609883333333,0,0
"2026-01-04 22:00:00","2026-01-04 23:00:00",Nederland,Wind,Hour,UTC,Providing,Current,2184781,2184782,0.33617066666667,0,0
"2026-01-04 23:00:00","2026-01-05 00:00:00",Nederland,Wind,Hour,UTC,Providing,Current,2338088,2338088,0.35975816666667,0,0
"2026-01-05 00:00:00","2026-01-05 01:00:00",Nederland,Wind,Hour,UTC,Providing,Current,2002469,2002466,0.30811583333333,0,0
"2026-01-05 01:00:00","2026-01-05 02:00:00",Nederland,Wind,Hour,UTC,Providing,Current,1699255,1699257,0.26145966666667,0,0
"2026-01-05 02:00:00","2026-01-05 03:00:00",Nederland,Wind,Hour,UTC,Providing,Current,1678164,1678167,0.25821366666667,0,0
"2026-01-05 03:00:00","2026-01-05 04:00:00",Nederland,Wind,Hour,UTC,Providing,Current,1639577,1639580,0.25227516666667,0,0
"2026-01-05 04:00:00","2026-01-05 05:00:00",Nederland,Wind,Hour,UTC,Providing,Current,1608419,1608421,0.24748,0,0
"2026-01-05 05:00:00","2026-01-05 06:00:00",Nederland,Wind,Hour,UTC,Providing,Current,1692255,1692254,0.2603785,0,0
"2026-01-05 06:00:00","2026-01-05 07:00:00",Nederland,Wind,Hour,UTC,Providing,Current,1850241,1850242,0.28468583333333,0,0
"2026-01-05 07:00:00","2026-01-05 08:00:00",Nederland,Wind,Hour,UTC,Providing,Current,2150989,2150987,0.33095833333333,0,0
"2026-01-05 08:00:00","2026-01-05 09:00:00",Nederland,Wind,Hour,UTC,Providing,Current,2504634,2504635,0.38537016666667,0,0
"2026-01-05 09:00:00","2026-01-05 10:00:00",Nederland,Wind,Hour,UTC,Providing,Current,2336138,2336137,0.35944316666667,0,0
"2026-01-05 10:00:00","2026-01-05 11:00:00",Nederland,Wind,Hour,UTC,Providing,Current,2013686,2013688,0.309829,0,0
"2026-01-05 11:00:00","2026-01-05 12:00:00",Nederland,Wind,Hour,UTC,Providing,Current,2017264,2017267,0.31037816666667,0,0
"2026-01-05 12:00:00","2026-01-05 13:00:00",Nederland,Wind,Hour,UTC,Providing,Current,2002300,2002302,0.30807433333333,0,0
"2026-01-05 13:00:00","2026-01-05 14:00:00",Nederland,Wind,Hour,UTC,Providing,Current,2140769,2140766,0.32937783333333,0,0
"2026-01-05 14:00:00","2026-01-05 15:00:00",Nederland,Wind,Hour,UTC,Providing,Current,1902212,1902210,0.29267233333333,0,0
"2026-01-05 15:00:00","2026-01-05 16:00:00",Nederland,Wind,Hour,UTC,Providing,Current,1802208,1802206,0.2772845,0,0
"2026-01-05 16:00:00","2026-01-05 17:00:00",Nederland,Wind,Hour,UTC,Providing,Current,1467851,1467849,0.22584,0,0
"2026-01-05 17:00:00","2026-01-05 18:00:00",Nederland,Wind,Hour,UTC,Providing,Current,1274151,1274151,0.19603716666667,0,0
"2026-01-05 18:00:00","2026-01-05 19:00:00",Nederland,Wind,Hour,UTC,Providing,Current,948376,948377,0.145914,0,0
"2026-01-05 19:00:00","2026-01-05 20:00:00",Nederland,Wind,Hour,UTC,Providing,Current,903198,903203,0.13896233333333,0,0
"2026-01-05 20:00:00","2026-01-05 21:00:00",Nederland,Wind,Hour,UTC,Providing,Current,984059,984060,0.15140233333333,0,0
"2026-01-05 21:00:00","2026-01-05 22:00:00",Nederland,Wind,Hour,UTC,Providing,Current,902150,902153,0.13880016666667,0,0
"2026-01-05 22:00:00","2026-01-05 23:00:00",Nederland,Wind,Hour,UTC,Providing,Current,914536,914536,0.14070483333333,0,0
"2026-01-05 23:00:00","2026-01-06 00:00:00",Nederland,Wind,Hour,UTC,Providing,Current,762337,762337,0.117288,0,0
"2026-01-06 00:00:00","2026-01-06 01:00:00",Nederland,Wind,Hour,UTC,Providing,Current,614012,614015,0.0944674,0,0
"2026-01-06 01:00:00","2026-01-06 02:00:00",Nederland,Wind,Hour,UTC,Providing,Current,352716,352712,0.054266116666667,0,0
"2026-01-06 02:00:00","2026-01-06 03:00:00",Nederland,Wind,Hour,UTC,Providing,Current,248146,248149,0.038177716666667,0,0
"2026-01-06 03:00:00","2026-01-06 04:00:00",Nederland,Wind,Hour,UTC,Providing,Current,257522,257525,0.039619983333333,0,0
"2026-01-06 04:00:00","2026-01-06 05:00:00",Nederland,Wind,Hour,UTC,Providing,Current,140011,140012,0.0215407,0,0
"2026-01-06 05:00:00","2026-01-06 06:00:00",Nederland,Wind,Hour,UTC,Providing,Current,84318,84317,0.012972366666667,0,0
"2026-01-06 06:00:00","2026-01-06 07:00:00",Nederland,Wind,Hour,UTC,Providing,Current,68290,68290,0.010506446666667,0,0
"2026-01-06 07:00:00","2026-01-06 08:00:00",Nederland,Wind,Hour,UTC,Providing,Current,213350,213350,0.0328236,0,0
"2026-01-06 08:00:00","2026-01-06 09:00:00",Nederland,Wind,Hour,UTC,Providing,Current,373082,373083,0.057397783333333,0,0
"2026-01-06 09:00:00","2026-01-06 10:00:00",Nederland,Wind,Hour,UTC,Providing,Current,404057,404058,0.062162966666667,0,0
"2026-01-06 10:00:00","2026-01-06 11:00:00",Nederland,Wind,Hour,UTC,Providing,Current,484193,484194,0.07449135,0,0
"2026-01-06 11:00:00","2026-01-06 12:00:00",Nederland,Wind,Hour,UTC,Providing,Current,872894,872891,0.13429116666667,0,0
"2026-01-06 12:00:00","2026-01-06 13:00:00",Nederland,Wind,Hour,UTC,Providing,Current,1336520,1336521,0.2056165,0,0
"2026-01-06 13:00:00","2026-01-06 14:00:00",Nederland,Wind,Hour,UTC,Providing,Current,1712410,1712412,0.26344433333333,0,0
"2026-01-06 14:00:00","2026-01-06 15:00:00",Nederland,Wind,Hour,UTC,Providing,Current,1741556,1741559,0.26792733333333,0,0
"2026-01-06 15:00:00","2026-01-06 16:00:00",Nederland,Wind,Hour,UTC,Providing,Current,1765436,1765436,0.2716,0,0
"2026-01-06 16:00:00","2026-01-06 17:00:00",Nederland,Wind,Hour,UTC,Providing,Current,1596346,1596345,0.24558566666667,0,0
"2026-01-06 17:00:00","2026-01-06 18:00:00",Nederland,Wind,Hour,UTC,Providing,Current,1668441,1668440,0.25667583333333,0,0
"2026-01-06 18:00:00","2026-01-06 19:00:00",Nederland,Wind,Hour,UTC,Providing,Current,1898063,1898062,0.29200016666667,0,0
"2026-01-06 19:00:00","2026-01-06 20:00:00",Nederland,Wind,Hour,UTC,Providing,Current,2200373,2200374,0.33850633333333,0,0
"2026-01-06 20:00:00","2026-01-06 21:00:00",Nederland,Wind,Hour,UTC,Providing,Current,2531643,2531645,0.3894675,0,0
"2026-01-06 21:00:00","2026-01-06 22:00:00",Nederland,Wind,Hour,UTC,Providing,Current,3067149,3067149,0.47184716666667,0,0
"2026-01-06 22:00:00","2026-01-06 23:00:00",Nederland,Wind,Hour,UTC,Providing,Current,3604594,3604595,0.55452516666667,0,0
"2026-01-06 23:00:00","2026-01-07 00:00:00",Nederland,Wind,Hour,UTC,Providing,Current,4336984,4336981,0.66719216666667,0,0
"2026-01-07 00:00:00","2026-01-07 01:00:00",Nederland,Wind,Hour,UTC,Providing,Current,4758901,4758902,0.73209583333333,0,0
"2026-01-07 01:00:00","2026-01-07 02:00:00",Nederland,Wind,Hour,UTC,Providing,Current,5043824,5043826,0.7759245,0,0
"2026-01-07 02:00:00","2026-01-07 03:00:00",Nederland,Wind,Hour,UTC,Providing,Current,5361303,5361301,0.82476083333333,0,0
"2026-01-07 03:00:00","2026-01-07 04:00:00",Nederland,Wind,Hour,UTC,Providing,Current,5491286,5491285,0.84475333333333,0,0
"2026-01-07 04:00:00","2026-01-07 05:00:00",Nederland,Wind,Hour,UTC,Providing,Current,5786380,5786380,0.89014533333333,0,0
"2026-01-07 05:00:00","2026-01-07 06:00:00",Nederland,Wind,Hour,UTC,Providing,Current,5868115,5868111,0.90271566666667,0,0
"2026-01-07 06:00:00","2026-01-07 07:00:00",Nederland,Wind,Hour,UTC,Providing,Current,5978638,5978635,0.919714,0,0
"2026-01-07 07:00:00","2026-01-07 08:00:00",Nederland,Wind,Hour,UTC,Providing,Current,6231154,6231152,0.95855533333333,0,0
"2026-01-07 08:00:00","2026-01-07 09:00:00",Nederland,Wind,Hour,UTC,Providing,Current,6349642,6349644,0.97677883333333,0,0
"2026-01-07 09:00:00","2026-01-07 10:00:00",Nederland,Wind,Hour,UTC,Providing,Current,6409699,6409698,0.98601333333333,0,0
"2026-01-07 10:00:00","2026-01-07 11:00:00",Nederland,Wind,Hour,UTC,Providing,Current,6409178,6409176,0.985929,0,0
"2026-01-07 11:00:00","2026-01-07 12:00:00",Nederland,Wind,Hour,UTC,Providing,Current,6420363,6420366,0.98764533333333,0,0
"2026-01-07 12:00:00","2026-01-07 13:00:00",Nederland,Wind,Hour,UTC,Providing,Current,6404822,6404822,0.9852505,0,0
"2026-01-07 13:00:00","2026-01-07 14:00:00",Nederland,Wind,Hour,UTC,Providing,Current,6363482,6363480,0.97888716666667,0,0
"2026-01-07 14:00:00","2026-01-07 15:00:00",Nederland,Wind,Hour,UTC,Providing,Current,6227170,6227167,0.95791466666667,0,0
"2026-01-07 15:00:00","2026-01-07 16:00:00",Nederland,Wind,Hour,UTC,Providing,Current,5896944,5896945,0.90711266666667,0,0
"2026-01-07 16:00:00","2026-01-07 17:00:00",Nederland,Wind,Hour,UTC,Providing,Current,5627317,5627317,0.8656335,0,0
"2026-01-07 17:00:00","2026-01-07 18:00:00",Nederland,Wind,Hour,UTC,Providing,Current,5512909,5512908,0.84803083333333,0,0
"2026-01-07 18:00:00","2026-01-07 19:00:00",Nederland,Wind,Hour,UTC,Providing,Current,5183721,5183724,0.79738966666667,0,0
"2026-01-07 19:00:00","2026-01-07 20:00:00",Nederland,Wind,Hour,UTC,Providing,Current,4790282,4790282,0.7368655,0,0
"2026-01-07 20:00:00","2026-01-07 21:00:00",Nederland,Wind,Hour,UTC,Providing,Current,4668443,4668444,0.71812033333333,0,0
"2026-01-07 21:00:00","2026-01-07 22:00:00",Nederland,Wind,Hour,UTC,Providing,Current,4305356,4305354,0.662266,0,0
"2026-01-07 22:00:00","2026-01-07 23:00:00",Nederland,Wind,Hour,UTC,Providing,Current,3726122,3726122,0.57316383333333,0,0
"2026-01-07 23:00:00","2026-01-08 00:00:00",Nederland,Wind,Hour,UTC,Providing,Current,3378164,3378162,0.51963733333333,0,0
"2026-01-08 00:00:00","2026-01-08 01:00:00",Nederland,Wind,Hour,UTC,Providing,Current,3190398,3190400,0.49075283333333,0,0
"2026-01-08 01:00:00","2026-01-08 02:00:00",Nederland,Wind,Hour,UTC,Providing,Current,3121231,3121228,0.4801115,0,0
"2026-01-08 02:00:00","2026-01-08 03:00:00",Nederland,Wind,Hour,UTC,Providing,Current,2965466,2965461,0.45614983333333,0,0
"2026-01-08 03:00:00","2026-01-08 04:00:00",Nederland,Wind,Hour,UTC,Providing,Current,2734650,2734654,0.42064383333333,0,0
"2026-01-08 04:00:00","2026-01-08 05:00:00",Nederland,Wind,Hour,UTC,Providing,Current,2750135,2750135,0.42302383333333,0,0
"2026-01-08 05:00:00","2026-01-08 06:00:00",Nederland,Wind,Hour,UTC,Providing,Current,2452660,2452659,0.37726466666667,0,0
"2026-01-08 06:00:00","2026-01-08 07:00:00",Nederland,Wind,Hour,UTC,Providing,Current,2250174,2250173,0.34611716666667,0,0
"2026-01-08 07:00:00","2026-01-08 08:00:00",Nederland,Wind,Hour,UTC,Providing,Current,2297591,2297594,0.3534095,0,0
"2026-01-08 08:00:00","2026-01-08 09:00:00",Nederland,Wind,Hour,UTC,Providing,Current,2021936,2021936,0.31100783333333,0,0
"2026-01-08 09:00:00","2026-01-08 10:00:00",Nederland,Wind,Hour,UTC,Providing,Current,1751966,1751962,0.2694805,0,0
"2026-01-08 10:00:00","2026-01-08 11:00:00",Nederland,Wind,Hour,UTC,Providing,Current,1732804,1732805,0.266532,0,0
"2026-01-08 11:00:00","2026-01-08 12:00:00",Nederland,Wind,Hour,UTC,Providing,Current,1707014,1707012,0.26256383333333,0,0
"2026-01-08 12:00:00","2026-01-08 13:00:00",Nederland,Wind,Hour,UTC,Providing,Current,1210011,1210013,0.186117,0,0
"2026-01-08 13:00:00","2026-01-08 14:00:00",Nederland,Wind,Hour,UTC,Providing,Current,952370,952367,0.1464875,0,0
"2026-01-08 14:00:00","2026-01-08 15:00:00",Nederland,Wind,Hour,UTC,Providing,Current,707618,707622,0.10884075,0,0
"2026-01-08 15:00:00","2026-01-08 16:00:00",Nederland,Wind,Hour,UTC,Providing,Current,634290,634291,0.09756145,0,0
"2026-01-08 16:00:00","2026-01-08 17:00:00",Nederland,Wind,Hour,UTC,Providing,Current,838273,838272,0.128936,0,0
"2026-01-08 17:00:00","2026-01-08 18:00:00",Nederland,Wind,Hour,UTC,Providing,Current,1101438,1101438,0.16941316666667,0,0
"2026-01-08 18:00:00","2026-01-08 19:00:00",Nederland,Wind,Hour,UTC,Providing,Current,1519306,1519303,0.233685,0,0
"2026-01-08 19:00:00","2026-01-08 20:00:00",Nederland,Wind,Hour,UTC,Providing,Current,1677315,1677316,0.25798733333333,0,0
"2026-01-08 20:00:00","2026-01-08 21:00:00",Nederland,Wind,Hour,UTC,Providing,Current,2140731,2140731,0.32926383333333,0,0
"2026-01-08 21:00:00","2026-01-08 22:00:00",Nederland,Wind,Hour,UTC,Providing,Current,3162553,3162556,0.48642716666667,0,0
"2026-01-08 22:00:00","2026-01-08 23:00:00",Nederland,Wind,Hour,UTC,Providing,Current,4145800,4145800,0.637656,0,0
"2026-01-08 23:00:00","2026-01-09 00:00:00",Nederland,Wind,Hour,UTC,Providing,Current,4951946,4951947,0.7616445,0,0
"2026-01-09 00:00:00","2026-01-09 01:00:00",Nederland,Wind,Hour,UTC,Providing,Current,5402059,5402055,0.8308715,0,0
"2026-01-09 01:00:00","2026-01-09 02:00:00",Nederland,Wind,Hour,UTC,Providing,Current,5491464,5491465,0.84461916666667,0,0
"2026-01-09 02:00:00","2026-01-09 03:00:00",Nederland,Wind,Hour,UTC,Providing,Current,5272537,5272538,0.81094366666667,0,0
"2026-01-09 03:00:00","2026-01-09 04:00:00",Nederland,Wind,Hour,UTC,Providing,Current,5224757,5224758,0.80359133333333,0,0
"2026-01-09 04:00:00","2026-01-09 05:00:00",Nederland,Wind,Hour,UTC,Providing,Current,5345051,5345049,0.82208983333333,0,0
"2026-01-09 05:00:00","2026-01-09 06:00:00",Nederland,Wind,Hour,UTC,Providing,Current,5254684,5254683,0.80818783333333,0,0
"2026-01-09 06:00:00","2026-01-09 07:00:00",Nederland,Wind,Hour,UTC,Providing,Current,4948351,4948349,0.76106933333333,0,0
"2026-01-09 07:00:00","2026-01-09 08:00:00",Nederland,Wind,Hour,UTC,Providing,Current,5094654,5094657,0.78356783333333,0,0
"2026-01-09 08:00:00","2026-01-09 09:00:00",Nederland,Wind,Hour,UTC,Providing,Current,5165381,5165381,0.79444233333333,0,0
"2026-01-09 09:00:00","2026-01-09 10:00:00",Nederland,Wind,Hour,UTC,Providing,Current,5198023,5198020,0.7994595,0,0
"2026-01-09 10:00:00","2026-01-09 11:00:00",Nederland,Wind,Hour,UTC,Providing,Current,5160944,5160948,0.7937535,0,0
"2026-01-09 11:00:00","2026-01-09 12:00:00",Nederland,Wind,Hour,UTC,Providing,Current,5190573,5190578,0.798307,0,0
"2026-01-09 12:00:00","2026-01-09 13:00:00",Nederland,Wind,Hour,UTC,Providing,Current,5361620,5361622,0.82461083333333,0,0
"2026-01-09 13:00:00","2026-01-09 14:00:00",Nederland,Wind,Hour,UTC,Providing,Current,5463864,5463867,0.84033233333333,0,0
"2026-01-09 14:00:00","2026-01-09 15:00:00",Nederland,Wind,Hour,UTC,Providing,Current,5547542,5547544,0.85319816666667,0,0
"2026-01-09 15:00:00","2026-01-09 16:00:00",Nederland,Wind,Hour,UTC,Providing,Current,5553660,5553660,0.8541355,0,0
"2026-01-09 16:00:00","2026-01-09 17:00:00",Nederland,Wind,Hour,UTC,Providing,Current,5418851,5418850,0.833399,0,0
"2026-01-09 17:00:00","2026-01-09 18:00:00",Nederland,Wind,Hour,UTC,Providing,Current,5331332,5331335,0.8199355,0,0
"2026-01-09 18:00:00","2026-01-09 19:00:00",Nederland,Wind,Hour,UTC,Providing,Current,5281635,5281633,0.81228883333333,0,0
"2026-01-09 19:00:00","2026-01-09 20:00:00",Nederland,Wind,Hour,UTC,Providing,Current,5378885,5378885,0.82724233333333,0,0
"2026-01-09 20:00:00","2026-01-09 21:00:00",Nederland,Wind,Hour,UTC,Providing,Current,5521306,5521307,0.849142,0,0
"2026-01-09 21:00:00","2026-01-09 22:00:00",Nederland,Wind,Hour,UTC,Providing,Current,5526251,5526249,0.849899,0,0
"2026-01-09 22:00:00","2026-01-09 23:00:00",Nederland,Wind,Hour,UTC,Providing,Current,5466879,5466877,0.84076416666667,0,0
"2026-01-09 23:00:00","2026-01-10 00:00:00",Nederland,Wind,Hour,UTC,Providing,Current,5423509,5423506,0.83409133333333,0,0
"2026-01-10 00:00:00","2026-01-10 01:00:00",Nederland,Wind,Hour,UTC,Providing,Current,5359017,5359017,0.82416933333333,0,0
"2026-01-10 01:00:00","2026-01-10 02:00:00",Nederland,Wind,Hour,UTC,Providing,Current,5272428,5272423,0.81084916666667,0,0
"2026-01-10 02:00:00","2026-01-10 03:00:00",Nederland,Wind,Hour,UTC,Providing,Current,5238624,5238623,0.80564716666667,0,0
"2026-01-10 03:00:00","2026-01-10 04:00:00",Nederland,Wind,Hour,UTC,Providing,Current,5080825,5080829,0.78137616666667,0,0
"2026-01-10 04:00:00","2026-01-10 05:00:00",Nederland,Wind,Hour,UTC,Providing,Current,5088428,5088431,0.78254216666667,0,0
"2026-01-10 05:00:00","2026-01-10 06:00:00",Nederland,Wind,Hour,UTC,Providing,Current,5157607,5157608,0.79317766666667,0,0
"2026-01-10 06:00:00","2026-01-10 07:00:00",Nederland,Wind,Hour,UTC,Providing,Current,5302195,5302198,0.81541033333333,0,0
"2026-01-10 07:00:00","2026-01-10 08:00:00",Nederland,Wind,Hour,UTC,Providing,Current,5195788,5195786,0.79904316666667,0,0
"2026-01-10 08:00:00","2026-01-10 09:00:00",Nederland,Wind,Hour,UTC,Providing,Current,5059017,5059019,0.778006,0,0
"2026-01-10 09:00:00","2026-01-10 10:00:00",Nederland,Wind,Hour,UTC,Providing,Current,5016283,5016281,0.77143066666667,0,0
"2026-01-10 10:00:00","2026-01-10 11:00:00",Nederland,Wind,Hour,UTC,Providing,Current,4993653,4993651,0.76794733333333,0,0
"2026-01-10 11:00:00","2026-01-10 12:00:00",Nederland,Wind,Hour,UTC,Providing,Current,4816485,4816484,0.7406985,0,0
"2026-01-10 12:00:00","2026-01-10 13:00:00",Nederland,Wind,Hour,UTC,Providing,Current,4518654,4518656,0.69489416666667,0,0
"2026-01-10 13:00:00","2026-01-10 14:00:00",Nederland,Wind,Hour,UTC,Providing,Current,3925489,3925486,0.60367283333333,0,0
"2026-01-10 14:00:00","2026-01-10 15:00:00",Nederland,Wind,Hour,UTC,Providing,Current,2983278,2983276,0.45877516666667,0,0
"2026-01-10 15:00:00","2026-01-10 16:00:00",Nederland,Wind,Hour,UTC,Providing,Current,2336796,2336796,0.359356,0,0
"2026-01-10 16:00:00","2026-01-10 17:00:00",Nederland,Wind,Hour,UTC,Providing,Current,1708681,1708681,0.26276233333333,0,0
"2026-01-10 17:00:00","2026-01-10 18:00:00",Nederland,Wind,Hour,UTC,Providing,Current,1655836,1655837,0.254635,0,0
"2026-01-10 18:00:00","2026-01-10 19:00:00",Nederland,Wind,Hour,UTC,Providing,Current,1491120,1491120,0.22930383333333,0,0
"2026-01-10 19:00:00","2026-01-10 20:00:00",Nederland,Wind,Hour,UTC,Providing,Current,1304398,1304396,0.200589,0,0
"2026-01-10 20:00:00","2026-01-10 21:00:00",Nederland,Wind,Hour,UTC,Providing,Current,909634,909634,0.139882,0,0
"2026-01-10 21:00:00","2026-01-10 22:00:00",Nederland,Wind,Hour,UTC,Providing,Current,530227,530224,0.081537133333333,0,0
"2026-01-10 22:00:00","2026-01-10 23:00:00",Nederland,Wind,Hour,UTC,Providing,Current,405500,405502,0.06235665,0,0
"2026-01-10 23:00:00","2026-01-11 00:00:00",Nederland,Wind,Hour,UTC,Providing,Current,229200,229203,0.03524565,0,0
"2026-01-11 00:00:00","2026-01-11 01:00:00",Nederland,Wind,Hour,UTC,Providing,Current,188106,188109,0.028926266666667,0,0
"2026-01-11 01:00:00","2026-01-11 02:00:00",Nederland,Wind,Hour,UTC,Providing,Current,145323,145323,0.022347066666667,0,0
"2026-01-11 02:00:00","2026-01-11 03:00:00",Nederland,Wind,Hour,UTC,Providing,Current,98268,98271,0.01511125,0,0
"2026-01-11 03:00:00","2026-01-11 04:00:00",Nederland,Wind,Hour,UTC,Providing,Current,93464,93462,0.01437235,0,0
"2026-01-11 04:00:00","2026-01-11 05:00:00",Nederland,Wind,Hour,UTC,Providing,Current,138105,138105,0.021236933333333,0,0
"2026-01-11 05:00:00","2026-01-11 06:00:00",Nederland,Wind,Hour,UTC,Providing,Current,221603,221606,0.034076516666667,0,0
"2026-01-11 06:00:00","2026-01-11 07:00:00",Nederland,Wind,Hour,UTC,Providing,Current,342684,342685,0.052695233333333,0,0
"2026-01-11 07:00:00","2026-01-11 08:00:00",Nederland,Wind,Hour,UTC,Providing,Current,597268,597267,0.091842716666667,0,0
"2026-01-11 08:00:00","2026-01-11 09:00:00",Nederland,Wind,Hour,UTC,Providing,Current,717915,717917,0.11039433333333,0,0
"2026-01-11 09:00:00","2026-01-11 10:00:00",Nederland,Wind,Hour,UTC,Providing,Current,1084008,1084011,0.16668816666667,0,0
"2026-01-11 10:00:00","2026-01-11 11:00:00",Nederland,Wind,Hour,UTC,Providing,Current,1520080,1520079,0.23374183333333,0,0
"2026-01-11 11:00:00","2026-01-11 12:00:00",Nederland,Wind,Hour,UTC,Providing,Current,2152179,2152182,0.33093783333333,0,0
"2026-01-11 12:00:00","2026-01-11 13:00:00",Nederland,Wind,Hour,UTC,Providing,Current,2589254,2589255,0.39814483333333,0,0
"2026-01-11 13:00:00","2026-01-11 14:00:00",Nederland,Wind,Hour,UTC,Providing,Current,3123019,3123016,0.4802185,0,0
"2026-01-11 14:00:00","2026-01-11 15:00:00",Nederland,Wind,Hour,UTC,Providing,Current,3216972,3216970,0.4946635,0,0
"2026-01-11 15:00:00","2026-01-11 16:00:00",Nederland,Wind,Hour,UTC,Providing,Current,3122184,3122183,0.48008616666667,0,0
"2026-01-11 16:00:00","2026-01-11 17:00:00",Nederland,Wind,Hour,UTC,Providing,Current,3364747,3364747,0.51738216666667,0,0
"2026-01-11 17:00:00","2026-01-11 18:00:00",Nederland,Wind,Hour,UTC,Providing,Current,3906447,3906447,0.60067433333333,0,0
"2026-01-11 18:00:00","2026-01-11 19:00:00",Nederland,Wind,Hour,UTC,Providing,Current,4622678,4622677,0.71080283333333,0,0
"2026-01-11 19:00:00","2026-01-11 20:00:00",Nederland,Wind,Hour,UTC,Providing,Current,4992359,4992357,0.767643,0,0
"2026-01-11 20:00:00","2026-01-11 21:00:00",Nederland,Wind,Hour,UTC,Providing,Current,5236844,5236846,0.80523283333333,0,0
"2026-01-11 21:00:00","2026-01-11 22:00:00",Nederland,Wind,Hour,UTC,Providing,Current,5475537,5475538,0.84193133333333,0,0
"2026-01-11 22:00:00","2026-01-11 23:00:00",Nederland,Wind,Hour,UTC,Providing,Current,5777008,5777010,0.88828233333333,0,0
"2026-01-11 23:00:00","2026-01-12 00:00:00",Nederland,Wind,Hour,UTC,Providing,Current,5950096,5950097,0.91489333333333,0,0
"2026-01-12 00:00:00","2026-01-12 01:00:00",Nederland,Wind,Hour,UTC,Providing,Current,5996361,5996356,0.92200266666667,0,0
"2026-01-12 01:00:00","2026-01-12 02:00:00",Nederland,Wind,Hour,UTC,Providing,Current,5986461,5986461,0.92047666666667,0,0
"2026-01-12 02:00:00","2026-01-12 03:00:00",Nederland,Wind,Hour,UTC,Providing,Current,6041872,6041868,0.928993,0,0
"2026-01-12 03:00:00","2026-01-12 04:00:00",Nederland,Wind,Hour,UTC,Providing,Current,6021139,6021138,0.92580166666667,0,0
"2026-01-12 04:00:00","2026-01-12 05:00:00",Nederland,Wind,Hour,UTC,Providing,Current,5831496,5831496,0.89663833333333,0,0
"2026-01-12 05:00:00","2026-01-12 06:00:00",Nederland,Wind,Hour,UTC,Providing,Current,5558210,5558212,0.85461483333333,0,0
"2026-01-12 06:00:00","2026-01-12 07:00:00",Nederland,Wind,Hour,UTC,Providing,Current,5203780,5203782,0.80011533333333,0,0
"2026-01-12 07:00:00","2026-01-12 08:00:00",Nederland,Wind,Hour,UTC,Providing,Current,4817198,4817200,0.74067283333333,0,0
"2026-01-12 08:00:00","2026-01-12 09:00:00",Nederland,Wind,Hour,UTC,Providing,Current,4252226,4252224,0.65380216666667,0,0
"2026-01-12 09:00:00","2026-01-12 10:00:00",Nederland,Wind,Hour,UTC,Providing,Current,3997519,3997518,0.614637,0,0
"2026-01-12 10:00:00","2026-01-12 11:00:00",Nederland,Wind,Hour,UTC,Providing,Current,3805891,3805886,0.58517083333333,0,0
"2026-01-12 11:00:00","2026-01-12 12:00:00",Nederland,Wind,Hour,UTC,Providing,Current,3408329,3408328,0.52404233333333,0,0
"2026-01-12 12:00:00","2026-01-12 13:00:00",Nederland,Wind,Hour,UTC,Providing,Current,3285366,3285368,0.50513433333333,0,0
"2026-01-12 13:00:00","2026-01-12 14:00:00",Nederland,Wind,Hour,UTC,Providing,Current,2915595,2915599,0.448279,0,0
"2026-01-12 14:00:00","2026-01-12 15:00:00",Nederland,Wind,Hour,UTC,Providing,Current,2503441,2503442,0.38490766666667,0,0
"2026-01-12 15:00:00","2026-01-12 16:00:00",Nederland,Wind,Hour,UTC,Providing,Current,2332878,2332875,0.35868183333333,0,0
"2026-01-12 16:00:00","2026-01-12 17:00:00",Nederland,Wind,Hour,UTC,Providing,Current,2216312,2216313,0.34075833333333,0,0
"2026-01-12 17:00:00","2026-01-12 18:00:00",Nederland,Wind,Hour,UTC,Providing,Current,1798135,1798138,0.2764625,0,0
"2026-01-12 18:00:00","2026-01-12 19:00:00",Nederland,Wind,Hour,UTC,Providing,Current,1580917,1580919,0.24306433333333,0,0
"2026-01-12 19:00:00","2026-01-12 20:00:00",Nederland,Wind,Hour,UTC,Providing,Current,1494650,1494648,0.22979983333333,0,0
"2026-01-12 20:00:00","2026-01-12 21:00:00",Nederland,Wind,Hour,UTC,Providing,Current,1742510,1742509,0.26790683333333,0,0
"2026-01-12 21:00:00","2026-01-12 22:00:00",Nederland,Wind,Hour,UTC,Providing,Current,2043197,2043195,0.31413566666667,0,0
"2026-01-12 22:00:00","2026-01-12 23:00:00",Nederland,Wind,Hour,UTC,Providing,Current,2113391,2113389,0.32492616666667,0,0
"2026-01-12 23:00:00","2026-01-13 00:00:00",Nederland,Wind,Hour,UTC,Providing,Current,2006645,2006646,0.30851316666667,0,0
"2026-01-13 00:00:00","2026-01-13 01:00:00",Nederland,Wind,Hour,UTC,Providing,Current,1936623,1936628,0.29774633333333,0,0
"2026-01-13 01:00:00","2026-01-13 02:00:00",Nederland,Wind,Hour,UTC,Providing,Current,2097145,2097147,0.32242433333333,0,0
"2026-01-13 02:00:00","2026-01-13 03:00:00",Nederland,Wind,Hour,UTC,Providing,Current,1986372,1986373,0.3053925,0,0
"2026-01-13 03:00:00","2026-01-13 04:00:00",Nederland,Wind,Hour,UTC,Providing,Current,1655436,1655438,0.254512,0,0
"2026-01-13 04:00:00","2026-01-13 05:00:00",Nederland,Wind,Hour,UTC,Providing,Current,1372735,1372736,0.21104766666667,0,0
"2026-01-13 05:00:00","2026-01-13 06:00:00",Nederland,Wind,Hour,UTC,Providing,Current,1185304,1185305,0.182231,0,0
"2026-01-13 06:00:00","2026-01-13 07:00:00",Nederland,Wind,Hour,UTC,Providing,Current,996882,996880,0.153262,0,0
"2026-01-13 07:00:00","2026-01-13 08:00:00",Nederland,Wind,Hour,UTC,Providing,Current,883094,883095,0.13576733333333,0,0
"2026-01-13 08:00:00","2026-01-13 09:00:00",Nederland,Wind,Hour,UTC,Providing,Current,854838,854837,0.131423,0,0
"2026-01-13 09:00:00","2026-01-13 10:00:00",Nederland,Wind,Hour,UTC,Providing,Current,1070010,1070009,0.16450266666667,0,0
"2026-01-13 10:00:00","2026-01-13 11:00:00",Nederland,Wind,Hour,UTC,Providing,Current,1479720,1479720,0.22749016666667,0,0
"2026-01-13 11:00:00","2026-01-13 12:00:00",Nederland,Wind,Hour,UTC,Providing,Current,1954303,1954302,0.300451,0,0
"2026-01-13 12:00:00","2026-01-13 13:00:00",Nederland,Wind,Hour,UTC,Providing,Current,2324002,2324003,0.357286,0,0
"2026-01-13 13:00:00","2026-01-13 14:00:00",Nederland,Wind,Hour,UTC,Providing,Current,2197142,2197143,0.33778183333333,0,0
"2026-01-13 14:00:00","2026-01-13 15:00:00",Nederland,Wind,Hour,UTC,Providing,Current,1908139,1908140,0.29334983333333,0,0
"2026-01-13 15:00:00","2026-01-13 16:00:00",Nederland,Wind,Hour,UTC,Providing,Current,1852409,1852413,0.284781,0,0
"2026-01-13 16:00:00","2026-01-13 17:00:00",Nederland,Wind,Hour,UTC,Providing,Current,1982294,1982295,0.30474783333333,0,0
"2026-01-13 17:00:00","2026-01-13 18:00:00",Nederland,Wind,Hour,UTC,Providing,Current,2567518,2567518,0.39471533333333,0,0
"2026-01-13 18:00:00","2026-01-13 19:00:00",Nederland,Wind,Hour,UTC,Providing,Current,3053018,3053020,0.4693515,0,0
"2026-01-13 19:00:00","2026-01-13 20:00:00",Nederland,Wind,Hour,UTC,Providing,Current,3058743,3058742,0.47022966666667,0,0
"2026-01-13 20:00:00","2026-01-13 21:00:00",Nederland,Wind,Hour,UTC,Providing,Current,3148168,3148170,0.4839755,0,0
"2026-01-13 21:00:00","2026-01-13 22:00:00",Nederland,Wind,Hour,UTC,Providing,Current,3037327,3037326,0.4669335,0,0
"2026-01-13 22:00:00","2026-01-13 23:00:00",Nederland,Wind,Hour,UTC,Providing,Current,2868278,2868280,0.44094333333333,0,0
"2026-01-13 23:00:00","2026-01-14 00:00:00",Nederland,Wind,Hour,UTC,Providing,Current,2361366,2361371,0.36301383333333,0,0
"2026-01-14 00:00:00","2026-01-14 01:00:00",Nederland,Wind,Hour,UTC,Providing,Current,1940883,1940882,0.29837166666667,0,0
"2026-01-14 01:00:00","2026-01-14 02:00:00",Nederland,Wind,Hour,UTC,Providing,Current,1793944,1793942,0.2757815,0,0
"2026-01-14 02:00:00","2026-01-14 03:00:00",Nederland,Wind,Hour,UTC,Providing,Current,1421276,1421276,0.21849066666667,0,0
"2026-01-14 03:00:00","2026-01-14 04:00:00",Nederland,Wind,Hour,UTC,Providing,Current,1308910,1308910,0.20121583333333,0,0
"2026-01-14 04:00:00","2026-01-14 05:00:00",Nederland,Wind,Hour,UTC,Providing,Current,755667,755667,0.11616656666667,0,0
"2026-01-14 05:00:00","2026-01-14 06:00:00",Nederland,Wind,Hour,UTC,Providing,Current,417829,417828,0.064231516666667,0,0
"2026-01-14 06:00:00","2026-01-14 07:00:00",Nederland,Wind,Hour,UTC,Providing,Current,311247,311246,0.047846733333333,0,0
"2026-01-14 07:00:00","2026-01-14 08:00:00",Nederland,Wind,Hour,UTC,Providing,Current,196405,196405,0.03019245,0,0
"2026-01-14 08:00:00","2026-01-14 09:00:00",Nederland,Wind,Hour,UTC,Providing,Current,128217,128218,0.019710183333333,0,0
"2026-01-14 09:00:00","2026-01-14 10:00:00",Nederland,Wind,Hour,UTC,Providing,Current,107435,107437,0.016515366666667,0,0
"2026-01-14 10:00:00","2026-01-14 11:00:00",Nederland,Wind,Hour,UTC,Providing,Current,175484,175485,0.0269761,0,0
"2026-01-14 11:00:00","2026-01-14 12:00:00",Nederland,Wind,Hour,UTC,Providing,Current,358134,358136,0.05505335,0,0
"2026-01-14 12:00:00","2026-01-14 13:00:00",Nederland,Wind,Hour,UTC,Providing,Current,502487,502490,0.07724345,0,0
"2026-01-14 13:00:00","2026-01-14 14:00:00",Nederland,Wind,Hour,UTC,Providing,Current,476068,476066,0.073181883333333,0,0
"2026-01-14 14:00:00","2026-01-14 15:00:00",Nederland,Wind,Hour,UTC,Providing,Current,310421,310421,0.04771825,0,0
"2026-01-14 15:00:00","2026-01-14 16:00:00",Nederland,Wind,Hour,UTC,Providing,Current,106907,106906,0.01643375,0,0
"2026-01-14 16:00:00","2026-01-14 17:00:00",Nederland,Wind,Hour,UTC,Providing,Current,63346,63345,0.00973754,0,0
"2026-01-14 17:00:00","2026-01-14 18:00:00",Nederland,Wind,Hour,UTC,Providing,Current,64419,64419,0.0099024266666667,0,0
"2026-01-14 18:00:00","2026-01-14 19:00:00",Nederland,Wind,Hour,UTC,Providing,Current,83349,83349,0.012812236666667,0,0
"2026-01-14 19:00:00","2026-01-14 20:00:00",Nederland,Wind,Hour,UTC,Providing,Current,208850,208851,0.032103966666667,0,0
"2026-01-14 20:00:00","2026-01-14 21:00:00",Nederland,Wind,Hour,UTC,Providing,Current,355999,355997,0.054723083333333,0,0
"2026-01-14 21:00:00","2026-01-14 22:00:00",Nederland,Wind,Hour,UTC,Providing,Current,511491,511488,0.0786245,0,0
"2026-01-14 22:00:00","2026-01-14 23:00:00",Nederland,Wind,Hour,UTC,Providing,Current,718074,718075,0.11037938333333,0,0
"2026-01-14 23:00:00","2026-01-15 00:00:00",Nederland,Wind,Hour,UTC,Providing,Current,916394,916398,0.14086366666667,0,0
"2026-01-15 00:00:00","2026-01-15 01:00:00",Nederland,Wind,Hour,UTC,Providing,Current,1313642,1313642,0.20192583333333,0,0
"2026-01-15 01:00:00","2026-01-15 02:00:00",Nederland,Wind,Hour,UTC,Providing,Current,1865273,1865271,0.286718,0,0
"2026-01-15 02:00:00","2026-01-15 03:00:00",Nederland,Wind,Hour,UTC,Providing,Current,2234487,2234487,0.34347016666667,0,0
"2026-01-15 03:00:00","2026-01-15 04:00:00",Nederland,Wind,Hour,UTC,Providing,Current,2546438,2546438,0.39141933333333,0,0
"2026-01-15 04:00:00","2026-01-15 05:00:00",Nederland,Wind,Hour,UTC,Providing,Current,2744460,2744460,0.421856,0,0
"2026-01-15 05:00:00","2026-01-15 06:00:00",Nederland,Wind,Hour,UTC,Providing,Current,2651706,2651710,0.40759666666667,0,0
"2026-01-15 06:00:00","2026-01-15 07:00:00",Nederland,Wind,Hour,UTC,Providing,Current,2756621,2756622,0.42372183333333,0,0
"2026-01-15 07:00:00","2026-01-15 08:00:00",Nederland,Wind,Hour,UTC,Providing,Current,3033959,3033967,0.46634966666667,0,0
"2026-01-15 08:00:00","2026-01-15 09:00:00",Nederland,Wind,Hour,UTC,Providing,Current,3092326,3092324,0.4753195,0,0
"2026-01-15 09:00:00","2026-01-15 10:00:00",Nederland,Wind,Hour,UTC,Providing,Current,2585509,2585506,0.39741483333333,0,0
"2026-01-15 10:00:00","2026-01-15 11:00:00",Nederland,Wind,Hour,UTC,Providing,Current,2384893,2384897,0.36657683333333,0,0
"2026-01-15 11:00:00","2026-01-15 12:00:00",Nederland,Wind,Hour,UTC,Providing,Current,2403937,2403940,0.36950283333333,0,0
"2026-01-15 12:00:00","2026-01-15 13:00:00",Nederland,Wind,Hour,UTC,Providing,Current,2556347,2556348,0.39292766666667,0,0
"2026-01-15 13:00:00","2026-01-15 14:00:00",Nederland,Wind,Hour,UTC,Providing,Current,2872372,2872369,0.44150116666667,0,0
"2026-01-15 14:00:00","2026-01-15 15:00:00",Nederland,Wind,Hour,UTC,Providing,Current,3039147,3039145,0.46713333333333,0,0
"2026-01-15 15:00:00","2026-01-15 16:00:00",Nederland,Wind,Hour,UTC,Providing,Current,2440276,2440281,0.37508233333333,0,0
"2026-01-15 16:00:00","2026-01-15 17:00:00",Nederland,Wind,Hour,UTC,Providing,Current,2015872,2015875,0.309848,0,0
"2026-01-15 17:00:00","2026-01-15 18:00:00",Nederland,Wind,Hour,UTC,Providing,Current,1983837,1983835,0.3049225,0,0
"2026-01-15 18:00:00","2026-01-15 19:00:00",Nederland,Wind,Hour,UTC,Providing,Current,2581598,2581600,0.396799,0,0
"2026-01-15 19:00:00","2026-01-15 20:00:00",Nederland,Wind,Hour,UTC,Providing,Current,3257895,3257896,0.500746,0,0
"2026-01-15 20:00:00","2026-01-15 21:00:00",Nederland,Wind,Hour,UTC,Providing,Current,3760654,3760655,0.5780185,0,0
"2026-01-15 21:00:00","2026-01-15 22:00:00",Nederland,Wind,Hour,UTC,Providing,Current,4368151,4368156,0.671389,0,0
"2026-01-15 22:00:00","2026-01-15 23:00:00",Nederland,Wind,Hour,UTC,Providing,Current,4956582,4956584,0.76182816666667,0,0
"2026-01-15 23:00:00","2026-01-16 00:00:00",Nederland,Wind,Hour,UTC,Providing,Current,5286231,5286233,0.81249216666667,0,0
"2026-01-16 00:00:00","2026-01-16 01:00:00",Nederland,Wind,Hour,UTC,Providing,Current,5289474,5289476,0.81298716666667,0,0
"2026-01-16 01:00:00","2026-01-16 02:00:00",Nederland,Wind,Hour,UTC,Providing,Current,5473465,5473465,0.841263,0,0
"2026-01-16 02:00:00","2026-01-16 03:00:00",Nederland,Wind,Hour,UTC,Providing,Current,5328820,5328822,0.81902783333333,0,0
"2026-01-16 03:00:00","2026-01-16 04:00:00",Nederland,Wind,Hour,UTC,Providing,Current,5738617,5738617,0.88200883333333,0,0
"2026-01-16 04:00:00","2026-01-16 05:00:00",Nederland,Wind,Hour,UTC,Providing,Current,6004201,6004200,0.92282483333333,0,0
"2026-01-16 05:00:00","2026-01-16 06:00:00",Nederland,Wind,Hour,UTC,Providing,Current,5827099,5827098,0.89560083333333,0,0
"2026-01-16 06:00:00","2026-01-16 07:00:00",Nederland,Wind,Hour,UTC,Providing,Current,5534485,5534482,0.85062383333333,0,0
"2026-01-16 07:00:00","2026-01-16 08:00:00",Nederland,Wind,Hour,UTC,Providing,Current,4798244,4798242,0.737464,0,0
"2026-01-16 08:00:00","2026-01-16 09:00:00",Nederland,Wind,Hour,UTC,Providing,Current,3374775,3374772,0.51868233333333,0,0
"2026-01-16 09:00:00","2026-01-16 10:00:00",Nederland,Wind,Hour,UTC,Providing,Current,1926356,1926355,0.296068,0,0
"2026-01-16 10:00:00","2026-01-16 11:00:00",Nederland,Wind,Hour,UTC,Providing,Current,1201287,1201288,0.18462883333333,0,0
"2026-01-16 11:00:00","2026-01-16 12:00:00",Nederland,Wind,Hour,UTC,Providing,Current,776790,776790,0.11938633333333,0,0
"2026-01-16 12:00:00","2026-01-16 13:00:00",Nederland,Wind,Hour,UTC,Providing,Current,596198,596200,0.091630483333333,0,0
"2026-01-16 13:00:00","2026-01-16 14:00:00",Nederland,Wind,Hour,UTC,Providing,Current,653982,653982,0.100511,0,0
"2026-01-16 14:00:00","2026-01-16 15:00:00",Nederland,Wind,Hour,UTC,Providing,Current,701480,701480,0.10781066666667,0,0
"2026-01-16 15:00:00","2026-01-16 16:00:00",Nederland,Wind,Hour,UTC,Providing,Current,490973,490976,0.0754575,0,0
"2026-01-16 16:00:00","2026-01-16 17:00:00",Nederland,Wind,Hour,UTC,Providing,Current,305841,305844,0.04700445,0,0
"2026-01-16 17:00:00","2026-01-16 18:00:00",Nederland,Wind,Hour,UTC,Providing,Current,204204,204203,0.03138385,0,0
"2026-01-16 18:00:00","2026-01-16 19:00:00",Nederland,Wind,Hour,UTC,Providing,Current,193388,193387,0.0297214,0,0
"2026-01-16 19:00:00","2026-01-16 20:00:00",Nederland,Wind,Hour,UTC,Providing,Current,177996,177999,0.02735565,0,0
"2026-01-16 20:00:00","2026-01-16 21:00:00",Nederland,Wind,Hour,UTC,Providing,Current,291946,291947,0.044868066666667,0,0
"2026-01-16 21:00:00","2026-01-16 22:00:00",Nederland,Wind,Hour,UTC,Providing,Current,295457,295458,0.04540755,0,0
"2026-01-16 22:00:00","2026-01-16 23:00:00",Nederland,Wind,Hour,UTC,Providing,Current,188396,188395,0.028953766666667,0,0
"2026-01-16 23:00:00","2026-01-17 00:00:00",Nederland,Wind,Hour,UTC,Providing,Current,124502,124503,0.0191341,0,0
"2026-01-17 00:00:00","2026-01-17 01:00:00",Nederland,Wind,Hour,UTC,Providing,Current,157221,157219,0.024162383333333,0,0
"2026-01-17 01:00:00","2026-01-17 02:00:00",Nederland,Wind,Hour,UTC,Providing,Current,178176,178179,0.027382766666667,0,0
"2026-01-17 02:00:00","2026-01-17 03:00:00",Nederland,Wind,Hour,UTC,Providing,Current,193933,193932,0.029804233333333,0,0
"2026-01-17 03:00:00","2026-01-17 04:00:00",Nederland,Wind,Hour,UTC,Providing,Current,396289,396290,0.060902433333333,0,0
"2026-01-17 04:00:00","2026-01-17 05:00:00",Nederland,Wind,Hour,UTC,Providing,Current,465443,465444,0.071529883333333,0,0
"2026-01-17 05:00:00","2026-01-17 06:00:00",Nederland,Wind,Hour,UTC,Providing,Current,558817,558818,0.085879383333333,0,0
"2026-01-17 06:00:00","2026-01-17 07:00:00",Nederland,Wind,Hour,UTC,Providing,Current,618107,618106,0.094990616666667,0,0
"2026-01-17 07:00:00","2026-01-17 08:00:00",Nederland,Wind,Hour,UTC,Providing,Current,521444,521441,0.080135183333333,0,0
"2026-01-17 08:00:00","2026-01-17 09:00:00",Nederland,Wind,Hour,UTC,Providing,Current,648092,648091,0.09959785,0,0
"2026-01-17 09:00:00","2026-01-17 10:00:00",Nederland,Wind,Hour,UTC,Providing,Current,516603,516605,0.079390533333333,0,0
"2026-01-17 10:00:00","2026-01-17 11:00:00",Nederland,Wind,Hour,UTC,Providing,Current,474586,474584,0.072933166666667,0,0
"2026-01-17 11:00:00","2026-01-17 12:00:00",Nederland,Wind,Hour,UTC,Providing,Current,442761,442759,0.068042116666667,0,0
"2026-01-17 12:00:00","2026-01-17 13:00:00",Nederland,Wind,Hour,UTC,Providing,Current,376966,376964,0.057930666666667,0,0
"2026-01-17 13:00:00","2026-01-17 14:00:00",Nederland,Wind,Hour,UTC,Providing,Current,223238,223237,0.0343062,0,0
"2026-01-17 14:00:00","2026-01-17 15:00:00",Nederland,Wind,Hour,UTC,Providing,Current,95301,95301,0.014645488333333,0,0
"2026-01-17 15:00:00","2026-01-17 16:00:00",Nederland,Wind,Hour,UTC,Providing,Current,37939,37942,0.0058303483333333,0,0
"2026-01-17 16:00:00","2026-01-17 17:00:00",Nederland,Wind,Hour,UTC,Providing,Current,16686,16686,0.002564295,0,0
"2026-01-17 17:00:00","2026-01-17 18:00:00",Nederland,Wind,Hour,UTC,Providing,Current,84047,84048,0.01291575,0,0
"2026-01-17 18:00:00","2026-01-17 19:00:00",Nederland,Wind,Hour,UTC,Providing,Current,106843,106844,0.016418816666667,0,0
"2026-01-17 19:00:00","2026-01-17 20:00:00",Nederland,Wind,Hour,UTC,Providing,Current,129525,129524,0.019904366666667,0,0
"2026-01-17 20:00:00","2026-01-17 21:00:00",Nederland,Wind,Hour,UTC,Providing,Current,80785,80784,0.0124144,0,0
"2026-01-17 21:00:00","2026-01-17 22:00:00",Nederland,Wind,Hour,UTC,Providing,Current,64440,64439,0.00990262,0,0
"2026-01-17 22:00:00","2026-01-17 23:00:00",Nederland,Wind,Hour,UTC,Providing,Current,86621,86621,0.0133111,0,0
"2026-01-17 23:00:00","2026-01-18 00:00:00",Nederland,Wind,Hour,UTC,Providing,Current,152268,152271,0.023398916666667,0,0
"2026-01-18 00:00:00","2026-01-18 01:00:00",Nederland,Wind,Hour,UTC,Providing,Current,177771,177774,0.027317866666667,0,0
"2026-01-18 01:00:00","2026-01-18 02:00:00",Nederland,Wind,Hour,UTC,Providing,Current,260260,260263,0.03999355,0,0
"2026-01-18 02:00:00","2026-01-18 03:00:00",Nederland,Wind,Hour,UTC,Providing,Current,302248,302250,0.046445633333333,0,0
"2026-01-18 03:00:00","2026-01-18 04:00:00",Nederland,Wind,Hour,UTC,Providing,Current,250056,250055,0.038425233333333,0,0
"2026-01-18 04:00:00","2026-01-18 05:00:00",Nederland,Wind,Hour,UTC,Providing,Current,349500,349500,0.053706333333333,0,0
"2026-01-18 05:00:00","2026-01-18 06:00:00",Nederland,Wind,Hour,UTC,Providing,Current,383964,383963,0.059002033333333,0,0
"2026-01-18 06:00:00","2026-01-18 07:00:00",Nederland,Wind,Hour,UTC,Providing,Current,412980,412980,0.063460366666667,0,0
"2026-01-18 07:00:00","2026-01-18 08:00:00",Nederland,Wind,Hour,UTC,Providing,Current,400603,400606,0.061558216666667,0,0
"2026-01-18 08:00:00","2026-01-18 09:00:00",Nederland,Wind,Hour,UTC,Providing,Current,429355,429356,0.0659761,0,0
"2026-01-18 09:00:00","2026-01-18 10:00:00",Nederland,Wind,Hour,UTC,Providing,Current,490972,490968,0.075444066666667,0,0
"2026-01-18 10:00:00","2026-01-18 11:00:00",Nederland,Wind,Hour,UTC,Providing,Current,603855,603855,0.092789683333333,0,0
"2026-01-18 11:00:00","2026-01-18 12:00:00",Nederland,Wind,Hour,UTC,Providing,Current,567887,567884,0.08726235,0,0
"2026-01-18 12:00:00","2026-01-18 13:00:00",Nederland,Wind,Hour,UTC,Providing,Current,806656,806653,0.12395116666667,0,0
"2026-01-18 13:00:00","2026-01-18 14:00:00",Nederland,Wind,Hour,UTC,Providing,Current,1074032,1074028,0.16503583333333,0,0
"2026-01-18 14:00:00","2026-01-18 15:00:00",Nederland,Wind,Hour,UTC,Providing,Current,1145309,1145310,0.17598766666667,0,0
"2026-01-18 15:00:00","2026-01-18 16:00:00",Nederland,Wind,Hour,UTC,Providing,Current,1013262,1013260,0.15569683333333,0,0
"2026-01-18 16:00:00","2026-01-18 17:00:00",Nederland,Wind,Hour,UTC,Providing,Current,766094,766094,0.11771683333333,0,0
"2026-01-18 17:00:00","2026-01-18 18:00:00",Nederland,Wind,Hour,UTC,Providing,Current,922179,922179,0.1417,0,0
"2026-01-18 18:00:00","2026-01-18 19:00:00",Nederland,Wind,Hour,UTC,Providing,Current,1123717,1123718,0.17266716666667,0,0
"2026-01-18 19:00:00","2026-01-18 20:00:00",Nederland,Wind,Hour,UTC,Providing,Current,1247744,1247742,0.19172366666667,0,0
"2026-01-18 20:00:00","2026-01-18 21:00:00",Nederland,Wind,Hour,UTC,Providing,Current,1118611,1118612,0.171881,0,0
"2026-01-18 21:00:00","2026-01-18 22:00:00",Nederland,Wind,Hour,UTC,Providing,Current,1099132,1099130,0.16888716666667,0,0
"2026-01-18 22:00:00","2026-01-18 23:00:00",Nederland,Wind,Hour,UTC,Providing,Current,1130604,1130607,0.17372233333333,0,0
"2026-01-18 23:00:00","2026-01-19 00:00:00",Nederland,Wind,Hour,UTC,Providing,Current,1064937,1064935,0.1636315,0,0
"2026-01-19 00:00:00","2026-01-19 01:00:00",Nederland,Wind,Hour,UTC,Providing,Current,883157,883157,0.13569983333333,0,0
"2026-01-19 01:00:00","2026-01-19 02:00:00",Nederland,Wind,Hour,UTC,Providing,Current,731164,731165,0.1123453,0,0
"2026-01-19 02:00:00","2026-01-19 03:00:00",Nederland,Wind,Hour,UTC,Providing,Current,648713,648713,0.099676016666667,0,0
"2026-01-19 03:00:00","2026-01-19 04:00:00",Nederland,Wind,Hour,UTC,Providing,Current,469975,469977,0.072212316666667,0,0
"2026-01-19 04:00:00","2026-01-19 05:00:00",Nederland,Wind,Hour,UTC,Providing,Current,506812,506814,0.077872,0,0
"2026-01-19 05:00:00","2026-01-19 06:00:00",Nederland,Wind,Hour,UTC,Providing,Current,578535,578533,0.0888918,0,0
"2026-01-19 06:00:00","2026-01-19 07:00:00",Nederland,Wind,Hour,UTC,Providing,Current,491169,491168,0.07546775,0,0
"2026-01-19 07:00:00","2026-01-19 08:00:00",Nederland,Wind,Hour,UTC,Providing,Current,390728,390728,0.060034916666667,0,0
"2026-01-19 08:00:00","2026-01-19 09:00:00",Nederland,Wind,Hour,UTC,Providing,Current,320768,320766,0.049285366666667,0,0
"2026-01-19 09:00:00","2026-01-19 10:00:00",Nederland,Wind,Hour,UTC,Providing,Current,319142,319142,0.049035333333333,0,0
"2026-01-19 10:00:00","2026-01-19 11:00:00",Nederland,Wind,Hour,UTC,Providing,Current,420090,420090,0.0645455,0,0
"2026-01-19 11:00:00","2026-01-19 12:00:00",Nederland,Wind,Hour,UTC,Providing,Current,464871,464872,0.071425566666667,0,0
"2026-01-19 12:00:00","2026-01-19 13:00:00",Nederland,Wind,Hour,UTC,Providing,Current,425034,425036,0.065304516666667,0,0
"2026-01-19 13:00:00","2026-01-19 14:00:00",Nederland,Wind,Hour,UTC,Providing,Current,389219,389219,0.059801533333333,0,0
"2026-01-19 14:00:00","2026-01-19 15:00:00",Nederland,Wind,Hour,UTC,Providing,Current,372664,372662,0.05725765,0,0
"2026-01-19 15:00:00","2026-01-19 16:00:00",Nederland,Wind,Hour,UTC,Providing,Current,323649,323646,0.04972655,0,0
"2026-01-19 16:00:00","2026-01-19 17:00:00",Nederland,Wind,Hour,UTC,Providing,Current,331905,331905,0.05099485,0,0
"2026-01-19 17:00:00","2026-01-19 18:00:00",Nederland,Wind,Hour,UTC,Providing,Current,343843,343843,0.052828883333333,0,0
"2026-01-19 18:00:00","2026-01-19 19:00:00",Nederland,Wind,Hour,UTC,Providing,Current,330644,330647,0.050800733333333,0,0
"2026-01-19 19:00:00","2026-01-19 20:00:00",Nederland,Wind,Hour,UTC,Providing,Current,350851,350855,0.05390515,0,0
"2026-01-19 20:00:00","2026-01-19 21:00:00",Nederland,Wind,Hour,UTC,Providing,Current,401196,401198,0.061640016666667,0,0
"2026-01-19 21:00:00","2026-01-19 22:00:00",Nederland,Wind,Hour,UTC,Providing,Current,362704,362705,0.055725716666667,0,0
"2026-01-19 22:00:00","2026-01-19 23:00:00",Nederland,Wind,Hour,UTC,Providing,Current,323309,323312,0.049672866666667,0,0
"2026-01-19 23:00:00","2026-01-20 00:00:00",Nederland,Wind,Hour,UTC,Providing,Current,220385,220383,0.033859583333333,0,0
"2026-01-20 00:00:00","2026-01-20 01:00:00",Nederland,Wind,Hour,UTC,Providing,Current,175713,175712,0.02699625,0,0
"2026-01-20 01:00:00","2026-01-20 02:00:00",Nederland,Wind,Hour,UTC,Providing,Current,193502,193505,0.0297292,0,0
"2026-01-20 02:00:00","2026-01-20 03:00:00",Nederland,Wind,Hour,UTC,Providing,Current,162330,162332,0.024939883333333,0,0
"2026-01-20 03:00:00","2026-01-20 04:00:00",Nederland,Wind,Hour,UTC,Providing,Current,171759,171759,0.02638845,0,0
"2026-01-20 04:00:00","2026-01-20 05:00:00",Nederland,Wind,Hour,UTC,Providing,Current,176279,176280,0.027082683333333,0,0
"2026-01-20 05:00:00","2026-01-20 06:00:00",Nederland,Wind,Hour,UTC,Providing,Current,168073,168075,0.02582185,0,0
"2026-01-20 06:00:00","2026-01-20 07:00:00",Nederland,Wind,Hour,UTC,Providing,Current,176431,176430,0.027105783333333,0,0
"2026-01-20 07:00:00","2026-01-20 08:00:00",Nederland,Wind,Hour,UTC,Providing,Current,220485,220487,0.0338739,0,0
"2026-01-20 08:00:00","2026-01-20 09:00:00",Nederland,Wind,Hour,UTC,Providing,Current,214022,214020,0.03288075,0,0
"2026-01-20 09:00:00","2026-01-20 10:00:00",Nederland,Wind,Hour,UTC,Providing,Current,176398,176400,0.027100416666667,0,0
"2026-01-20 10:00:00","2026-01-20 11:00:00",Nederland,Wind,Hour,UTC,Providing,Current,244441,244442,0.037553816666667,0,0
"2026-01-20 11:00:00","2026-01-20 12:00:00",Nederland,Wind,Hour,UTC,Providing,Current,321965,321965,0.049463783333333,0,0
"2026-01-20 12:00:00","2026-01-20 13:00:00",Nederland,Wind,Hour,UTC,Providing,Current,556667,556666,0.085520816666667,0,0
"2026-01-20 13:00:00","2026-01-20 14:00:00",Nederland,Wind,Hour,UTC,Providing,Current,578992,578990,0.088950183333333,0,0
"2026-01-20 14:00:00","2026-01-20 15:00:00",Nederland,Wind,Hour,UTC,Providing,Current,737990,737990,0.11337675,0,0
"2026-01-20 15:00:00","2026-01-20 16:00:00",Nederland,Wind,Hour,UTC,Providing,Current,961929,961929,0.1477795,0,0
"2026-01-20 16:00:00","2026-01-20 17:00:00",Nederland,Wind,Hour,UTC,Providing,Current,910691,910696,0.13990733333333,0,0
"2026-01-20 17:00:00","2026-01-20 18:00:00",Nederland,Wind,Hour,UTC,Providing,Current,835438,835441,0.12834583333333,0,0
"2026-01-20 18:00:00","2026-01-20 19:00:00",Nederland,Wind,Hour,UTC,Providing,Current,676739,676737,0.10396495,0,0
"2026-01-20 19:00:00","2026-01-20 20:00:00",Nederland,Wind,Hour,UTC,Providing,Current,736939,736937,0.11321283333333,0,0
"2026-01-20 20:00:00","2026-01-20 21:00:00",Nederland,Wind,Hour,UTC,Providing,Current,981005,981005,0.15070683333333,0,0
"2026-01-20 21:00:00","2026-01-20 22:00:00",Nederland,Wind,Hour,UTC,Providing,Current,991585,991584,0.1523315,0,0
"2026-01-20 22:00:00","2026-01-20 23:00:00",Nederland,Wind,Hour,UTC,Providing,Current,988254,988256,0.15181933333333,0,0
"2026-01-20 23:00:00","2026-01-21 00:00:00",Nederland,Wind,Hour,UTC,Providing,Current,917623,917623,0.14096816666667,0,0
"2026-01-21 00:00:00","2026-01-21 01:00:00",Nederland,Wind,Hour,UTC,Providing,Current,992198,992200,0.152424,0,0
"2026-01-21 01:00:00","2026-01-21 02:00:00",Nederland,Wind,Hour,UTC,Providing,Current,1192819,1192819,0.183243,0,0
"2026-01-21 02:00:00","2026-01-21 03:00:00",Nederland,Wind,Hour,UTC,Providing,Current,1383913,1383919,0.2125985,0,0
"2026-01-21 03:00:00","2026-01-21 04:00:00",Nederland,Wind,Hour,UTC,Providing,Current,1640366,1640367,0.25199383333333,0,0
"2026-01-21 04:00:00","2026-01-21 05:00:00",Nederland,Wind,Hour,UTC,Providing,Current,1704270,1704278,0.26180966666667,0,0
"2026-01-21 05:00:00","2026-01-21 06:00:00",Nederland,Wind,Hour,UTC,Providing,Current,1820292,1820297,0.27963183333333,0,0
"2026-01-21 06:00:00","2026-01-21 07:00:00",Nederland,Wind,Hour,UTC,Providing,Current,1817492,1817489,0.2792005,0,0
"2026-01-21 07:00:00","2026-01-21 08:00:00",Nederland,Wind,Hour,UTC,Providing,Current,1884572,1884571,0.28950416666667,0,0
"2026-01-21 08:00:00","2026-01-21 09:00:00",Nederland,Wind,Hour,UTC,Providing,Current,1921041,1921043,0.2951055,0,0
"2026-01-21 09:00:00","2026-01-21 10:00:00",Nederland,Wind,Hour,UTC,Providing,Current,1844623,1844624,0.283365,0,0
"2026-01-21 10:00:00","2026-01-21 11:00:00",Nederland,Wind,Hour,UTC,Providing,Current,1886677,1886677,0.289824,0,0
"2026-01-21 11:00:00","2026-01-21 12:00:00",Nederland,Wind,Hour,UTC,Providing,Current,1956750,1956751,0.30058683333333,0,0
"2026-01-21 12:00:00","2026-01-21 13:00:00",Nederland,Wind,Hour,UTC,Providing,Current,1890569,1890570,0.29041933333333,0,0
"2026-01-21 13:00:00","2026-01-21 14:00:00",Nederland,Wind,Hour,UTC,Providing,Current,1996029,1996029,0.30661816666667,0,0
"2026-01-21 14:00:00","2026-01-21 15:00:00",Nederland,Wind,Hour,UTC,Providing,Current,2167792,2167794,0.33300216666667,0,0
"2026-01-21 15:00:00","2026-01-21 16:00:00",Nederland,Wind,Hour,UTC,Providing,Current,2232203,2232202,0.34289516666667,0,0
"2026-01-21 16:00:00","2026-01-21 17:00:00",Nederland,Wind,Hour,UTC,Providing,Current,2200012,2200013,0.3379485,0,0
"2026-01-21 17:00:00","2026-01-21 18:00:00",Nederland,Wind,Hour,UTC,Providing,Current,2301318,2301318,0.353509,0,0
"2026-01-21 18:00:00","2026-01-21 19:00:00",Nederland,Wind,Hour,UTC,Providing,Current,2222056,2222056,0.341332,0,0
"2026-01-21 19:00:00","2026-01-21 20:00:00",Nederland,Wind,Hour,UTC,Providing,Current,2317506,2317504,0.35599266666667,0,0
"2026-01-21 20:00:00","2026-01-21 21:00:00",Nederland,Wind,Hour,UTC,Providing,Current,2377546,2377545,0.36521383333333,0,0
"2026-01-21 21:00:00","2026-01-21 22:00:00",Nederland,Wind,Hour,UTC,Providing,Current,2330695,2330699,0.35801583333333,0,0
"2026-01-21 22:00:00","2026-01-21 23:00:00",Nederland,Wind,Hour,UTC,Providing,Current,2242663,2242667,0.34449183333333,0,0
"2026-01-21 23:00:00","2026-01-22 00:00:00",Nederland,Wind,Hour,UTC,Providing,Current,2193469,2193469,0.336934,0,0
"2026-01-22 00:00:00","2026-01-22 01:00:00",Nederland,Wind,Hour,UTC,Providing,Current,2037006,2037008,0.31289866666667,0,0
"2026-01-22 01:00:00","2026-01-22 02:00:00",Nederland,Wind,Hour,UTC,Providing,Current,2216691,2216689,0.340498,0,0
"2026-01-22 02:00:00","2026-01-22 03:00:00",Nederland,Wind,Hour,UTC,Providing,Current,2538322,2538324,0.38990116666667,0,0
"2026-01-22 03:00:00","2026-01-22 04:00:00",Nederland,Wind,Hour,UTC,Providing,Current,2925189,2925191,0.44932416666667,0,0
"2026-01-22 04:00:00","2026-01-22 05:00:00",Nederland,Wind,Hour,UTC,Providing,Current,3023243,3023244,0.464384,0,0
"2026-01-22 05:00:00","2026-01-22 06:00:00",Nederland,Wind,Hour,UTC,Providing,Current,3055041,3055043,0.469266,0,0
"2026-01-22 06:00:00","2026-01-22 07:00:00",Nederland,Wind,Hour,UTC,Providing,Current,3282096,3282094,0.50414083333333,0,0
"2026-01-22 07:00:00","2026-01-22 08:00:00",Nederland,Wind,Hour,UTC,Providing,Current,3352993,3352995,0.51502833333333,0,0
"2026-01-22 08:00:00","2026-01-22 09:00:00",Nederland,Wind,Hour,UTC,Providing,Current,3642553,3642552,0.5595035,0,0
"2026-01-22 09:00:00","2026-01-22 10:00:00",Nederland,Wind,Hour,UTC,Providing,Current,4028134,4028128,0.61872683333333,0,0
"2026-01-22 10:00:00","2026-01-22 11:00:00",Nederland,Wind,Hour,UTC,Providing,Current,3958327,3958328,0.608002,0,0
"2026-01-22 11:00:00","2026-01-22 12:00:00",Nederland,Wind,Hour,UTC,Providing,Current,3924584,3924581,0.60281633333333,0,0
"2026-01-22 12:00:00","2026-01-22 13:00:00",Nederland,Wind,Hour,UTC,Providing,Current,4046549,4046551,0.62154766666667,0,0
"2026-01-22 13:00:00","2026-01-22 14:00:00",Nederland,Wind,Hour,UTC,Providing,Current,3918146,3918147,0.60182283333333,0,0
"2026-01-22 14:00:00","2026-01-22 15:00:00",Nederland,Wind,Hour,UTC,Providing,Current,4067737,4067739,0.62479716666667,0,0
"2026-01-22 15:00:00","2026-01-22 16:00:00",Nederland,Wind,Hour,UTC,Providing,Current,3698104,3698102,0.56801966666667,0,0
"2026-01-22 16:00:00","2026-01-22 17:00:00",Nederland,Wind,Hour,UTC,Providing,Current,3637010,3637010,0.55863316666667,0,0
"2026-01-22 17:00:00","2026-01-22 18:00:00",Nederland,Wind,Hour,UTC,Providing,Current,3699758,3699756,0.568269,0,0
"2026-01-22 18:00:00","2026-01-22 19:00:00",Nederland,Wind,Hour,UTC,Providing,Current,3599603,3599602,0.55288333333333,0,0
"2026-01-22 19:00:00","2026-01-22 20:00:00",Nederland,Wind,Hour,UTC,Providing,Current,3438693,3438692,0.528166,0,0
"2026-01-22 20:00:00","2026-01-22 21:00:00",Nederland,Wind,Hour,UTC,Providing,Current,3195685,3195688,0.490839,0,0
"2026-01-22 21:00:00","2026-01-22 22:00:00",Nederland,Wind,Hour,UTC,Providing,Current,3117227,3117228,0.4787865,0,0
"2026-01-22 22:00:00","2026-01-22 23:00:00",Nederland,Wind,Hour,UTC,Providing,Current,2842933,2842937,0.43665483333333,0,0
"2026-01-22 23:00:00","2026-01-23 00:00:00",Nederland,Wind,Hour,UTC,Providing,Current,2663942,2663940,0.40916133333333,0,0
"2026-01-23 00:00:00","2026-01-23 01:00:00",Nederland,Wind,Hour,UTC,Providing,Current,2525993,2525994,0.3879715,0,0
"2026-01-23 01:00:00","2026-01-23 02:00:00",Nederland,Wind,Hour,UTC,Providing,Current,2314949,2314949,0.3555555,0,0
"2026-01-23 02:00:00","2026-01-23 03:00:00",Nederland,Wind,Hour,UTC,Providing,Current,2067364,2067367,0.31752766666667,0,0
"2026-01-23 03:00:00","2026-01-23 04:00:00",Nederland,Wind,Hour,UTC,Providing,Current,2025851,2025851,0.31115033333333,0,0
"2026-01-23 04:00:00","2026-01-23 05:00:00",Nederland,Wind,Hour,UTC,Providing,Current,2103603,2103609,0.32309066666667,0,0
"2026-01-23 05:00:00","2026-01-23 06:00:00",Nederland,Wind,Hour,UTC,Providing,Current,2138275,2138275,0.3284145,0,0
"2026-01-23 06:00:00","2026-01-23 07:00:00",Nederland,Wind,Hour,UTC,Providing,Current,2227502,2227503,0.34211733333333,0,0
"2026-01-23 07:00:00","2026-01-23 08:00:00",Nederland,Wind,Hour,UTC,Providing,Current,2461110,2461110,0.37799533333333,0,0
"2026-01-23 08:00:00","2026-01-23 09:00:00",Nederland,Wind,Hour,UTC,Providing,Current,2721703,2721701,0.41801716666667,0,0
"2026-01-23 09:00:00","2026-01-23 10:00:00",Nederland,Wind,Hour,UTC,Providing,Current,2934357,2934362,0.450676,0,0
"2026-01-23 10:00:00","2026-01-23 11:00:00",Nederland,Wind,Hour,UTC,Providing,Current,3256231,3256234,0.50010933333333,0,0
"2026-01-23 11:00:00","2026-01-23 12:00:00",Nederland,Wind,Hour,UTC,Providing,Current,3619000,3619002,0.55582333333333,0,0
"2026-01-23 12:00:00","2026-01-23 13:00:00",Nederland,Wind,Hour,UTC,Providing,Current,3954672,3954667,0.60737483333333,0,0
"2026-01-23 13:00:00","2026-01-23 14:00:00",Nederland,Wind,Hour,UTC,Providing,Current,4026496,4026494,0.61840333333333,0,0
"2026-01-23 14:00:00","2026-01-23 15:00:00",Nederland,Wind,Hour,UTC,Providing,Current,4098095,4098095,0.629397,0,0
"2026-01-23 15:00:00","2026-01-23 16:00:00",Nederland,Wind,Hour,UTC,Providing,Current,4037055,4037057,0.62001966666667,0,0
"2026-01-23 16:00:00","2026-01-23 17:00:00",Nederland,Wind,Hour,UTC,Providing,Current,4018533,4018534,0.61717283333333,0,0
"2026-01-23 17:00:00","2026-01-23 18:00:00",Nederland,Wind,Hour,UTC,Providing,Current,3871865,3871865,0.59464483333333,0,0
"2026-01-23 18:00:00","2026-01-23 19:00:00",Nederland,Wind,Hour,UTC,Providing,Current,3837067,3837068,0.589298,0,0
"2026-01-23 19:00:00","2026-01-23 20:00:00",Nederland,Wind,Hour,UTC,Providing,Current,3728798,3728797,0.57266733333333,0,0
"2026-01-23 20:00:00","2026-01-23 21:00:00",Nederland,Wind,Hour,UTC,Providing,Current,3584017,3584017,0.55043,0,0
"2026-01-23 21:00:00","2026-01-23 22:00:00",Nederland,Wind,Hour,UTC,Providing,Current,3589715,3589717,0.5513025,0,0
"2026-01-23 22:00:00","2026-01-23 23:00:00",Nederland,Wind,Hour,UTC,Providing,Current,3671725,3671722,0.56389516666667,0,0
"2026-01-23 23:00:00","2026-01-24 00:00:00",Nederland,Wind,Hour,UTC,Providing,Current,3485273,3485270,0.53525816666667,0,0
"2026-01-24 00:00:00","2026-01-24 01:00:00",Nederland,Wind,Hour,UTC,Providing,Current,3473044,3473042,0.533378,0,0
"2026-01-24 01:00:00","2026-01-24 02:00:00",Nederland,Wind,Hour,UTC,Providing,Current,3283833,3283834,0.50431716666667,0,0
"2026-01-24 02:00:00","2026-01-24 03:00:00",Nederland,Wind,Hour,UTC,Providing,Current,3238559,3238561,0.49736233333333,0,0
"2026-01-24 03:00:00","2026-01-24 04:00:00",Nederland,Wind,Hour,UTC,Providing,Current,2988899,2988898,0.45901916666667,0,0
"2026-01-24 04:00:00","2026-01-24 05:00:00",Nederland,Wind,Hour,UTC,Providing,Current,2655741,2655740,0.4078525,0,0
"2026-01-24 05:00:00","2026-01-24 06:00:00",Nederland,Wind,Hour,UTC,Providing,Current,2454762,2454761,0.37698583333333,0,0
"2026-01-24 06:00:00","2026-01-24 07:00:00",Nederland,Wind,Hour,UTC,Providing,Current,2346581,2346583,0.36037066666667,0,0
"2026-01-24 07:00:00","2026-01-24 08:00:00",Nederland,Wind,Hour,UTC,Providing,Current,2199261,2199261,0.337745,0,0
"2026-01-24 08:00:00","2026-01-24 09:00:00",Nederland,Wind,Hour,UTC,Providing,Current,1995196,1995196,0.306405,0,0
"2026-01-24 09:00:00","2026-01-24 10:00:00",Nederland,Wind,Hour,UTC,Providing,Current,1942715,1942716,0.29834416666667,0,0
"2026-01-24 10:00:00","2026-01-24 11:00:00",Nederland,Wind,Hour,UTC,Providing,Current,1948386,1948387,0.29921383333333,0,0
"2026-01-24 11:00:00","2026-01-24 12:00:00",Nederland,Wind,Hour,UTC,Providing,Current,2002532,2002531,0.30752783333333,0,0
"2026-01-24 12:00:00","2026-01-24 13:00:00",Nederland,Wind,Hour,UTC,Providing,Current,2013390,2013388,0.309194,0,0
"2026-01-24 13:00:00","2026-01-24 14:00:00",Nederland,Wind,Hour,UTC,Providing,Current,1852247,1852246,0.28444616666667,0,0
"2026-01-24 14:00:00","2026-01-24 15:00:00",Nederland,Wind,Hour,UTC,Providing,Current,2012613,2012613,0.30907216666667,0,0
"2026-01-24 15:00:00","2026-01-24 16:00:00",Nederland,Wind,Hour,UTC,Providing,Current,2064368,2064365,0.31701866666667,0,0
"2026-01-24 16:00:00","2026-01-24 17:00:00",Nederland,Wind,Hour,UTC,Providing,Current,1844157,1844157,0.2832005,0,0
"2026-01-24 17:00:00","2026-01-24 18:00:00",Nederland,Wind,Hour,UTC,Providing,Current,2164347,2164343,0.33236916666667,0,0
"2026-01-24 18:00:00","2026-01-24 19:00:00",Nederland,Wind,Hour,UTC,Providing,Current,2341763,2341766,0.35961266666667,0,0
"2026-01-24 19:00:00","2026-01-24 20:00:00",Nederland,Wind,Hour,UTC,Providing,Current,2111448,2111450,0.32424333333333,0,0
"2026-01-24 20:00:00","2026-01-24 21:00:00",Nederland,Wind,Hour,UTC,Providing,Current,1959137,1959137,0.3008525,0,0
"2026-01-24 21:00:00","2026-01-24 22:00:00",Nederland,Wind,Hour,UTC,Providing,Current,1927515,1927512,0.295995,0,0
"2026-01-24 22:00:00","2026-01-24 23:00:00",Nederland,Wind,Hour,UTC,Providing,Current,1774661,1774658,0.27252133333333,0,0
"2026-01-24 23:00:00","2026-01-25 00:00:00",Nederland,Wind,Hour,UTC,Providing,Current,1897172,1897172,0.29133316666667,0,0
"2026-01-25 00:00:00","2026-01-25 01:00:00",Nederland,Wind,Hour,UTC,Providing,Current,1893777,1893777,0.29081066666667,0,0
"2026-01-25 01:00:00","2026-01-25 02:00:00",Nederland,Wind,Hour,UTC,Providing,Current,1653228,1653229,0.25387066666667,0,0
"2026-01-25 02:00:00","2026-01-25 03:00:00",Nederland,Wind,Hour,UTC,Providing,Current,1796231,1796232,0.275829,0,0
"2026-01-25 03:00:00","2026-01-25 04:00:00",Nederland,Wind,Hour,UTC,Providing,Current,2024772,2024771,0.3109225,0,0
"2026-01-25 04:00:00","2026-01-25 05:00:00",Nederland,Wind,Hour,UTC,Providing,Current,2267987,2267992,0.34826883333333,0,0
"2026-01-25 05:00:00","2026-01-25 06:00:00",Nederland,Wind,Hour,UTC,Providing,Current,2652475,2652481,0.40730866666667,0,0
"2026-01-25 06:00:00","2026-01-25 07:00:00",Nederland,Wind,Hour,UTC,Providing,Current,2801271,2801274,0.4301555,0,0
"2026-01-25 07:00:00","2026-01-25 08:00:00",Nederland,Wind,Hour,UTC,Providing,Current,2838537,2838537,0.4358765,0,0
"2026-01-25 08:00:00","2026-01-25 09:00:00",Nederland,Wind,Hour,UTC,Providing,Current,2990584,2990590,0.45922216666667,0,0
"2026-01-25 09:00:00","2026-01-25 10:00:00",Nederland,Wind,Hour,UTC,Providing,Current,3418823,3418821,0.52497883333333,0,0
"2026-01-25 10:00:00","2026-01-25 11:00:00",Nederland,Wind,Hour,UTC,Providing,Current,3573340,3573338,0.54870316666667,0,0
"2026-01-25 11:00:00","2026-01-25 12:00:00",Nederland,Wind,Hour,UTC,Providing,Current,3311182,3311183,0.50844583333333,0,0
"2026-01-25 12:00:00","2026-01-25 13:00:00",Nederland,Wind,Hour,UTC,Providing,Current,2954154,2954158,0.45362066666667,0,0
"2026-01-25 13:00:00","2026-01-25 14:00:00",Nederland,Wind,Hour,UTC,Providing,Current,2724811,2724812,0.4184025,0,0
"2026-01-25 14:00:00","2026-01-25 15:00:00",Nederland,Wind,Hour,UTC,Providing,Current,2445586,2445583,0.375525,0,0
"2026-01-25 15:00:00","2026-01-25 16:00:00",Nederland,Wind,Hour,UTC,Providing,Current,2356603,2356605,0.36186016666667,0,0
"2026-01-25 16:00:00","2026-01-25 17:00:00",Nederland,Wind,Hour,UTC,Providing,Current,2082896,2082898,0.31983066666667,0,0
"2026-01-25 17:00:00","2026-01-25 18:00:00",Nederland,Wind,Hour,UTC,Providing,Current,2027254,2027255,0.31128566666667,0,0
"2026-01-25 18:00:00","2026-01-25 19:00:00",Nederland,Wind,Hour,UTC,Providing,Current,1793851,1793855,0.27544533333333,0,0
"2026-01-25 19:00:00","2026-01-25 20:00:00",Nederland,Wind,Hour,UTC,Providing,Current,1272455,1272457,0.195384,0,0
"2026-01-25 20:00:00","2026-01-25 21:00:00",Nederland,Wind,Hour,UTC,Providing,Current,1135236,1135237,0.17431366666667,0,0
"2026-01-25 21:00:00","2026-01-25 22:00:00",Nederland,Wind,Hour,UTC,Providing,Current,1261811,1261815,0.19374816666667,0,0
"2026-01-25 22:00:00","2026-01-25 23:00:00",Nederland,Wind,Hour,UTC,Providing,Current,1192453,1192450,0.18309766666667,0,0
"2026-01-25 23:00:00","2026-01-26 00:00:00",Nederland,Wind,Hour,UTC,Providing,Current,1071996,1071994,0.16460116666667,0,0
"2026-01-26 00:00:00","2026-01-26 01:00:00",Nederland,Wind,Hour,UTC,Providing,Current,996437,996438,0.15299883333333,0,0
"2026-01-26 01:00:00","2026-01-26 02:00:00",Nederland,Wind,Hour,UTC,Providing,Current,975800,975795,0.14982933333333,0,0
"2026-01-26 02:00:00","2026-01-26 03:00:00",Nederland,Wind,Hour,UTC,Providing,Current,742610,742613,0.11402376666667,0,0
"2026-01-26 03:00:00","2026-01-26 04:00:00",Nederland,Wind,Hour,UTC,Providing,Current,565576,565576,0.0868408,0,0
"2026-01-26 04:00:00","2026-01-26 05:00:00",Nederland,Wind,Hour,UTC,Providing,Current,546846,546849,0.083964666666667,0,0
"2026-01-26 05:00:00","2026-01-26 06:00:00",Nederland,Wind,Hour,UTC,Providing,Current,398572,398572,0.061197916666667,0,0
"2026-01-26 06:00:00","2026-01-26 07:00:00",Nederland,Wind,Hour,UTC,Providing,Current,480171,480168,0.07372655,0,0
"2026-01-26 07:00:00","2026-01-26 08:00:00",Nederland,Wind,Hour,UTC,Providing,Current,486503,486503,0.074698433333333,0,0
"2026-01-26 08:00:00","2026-01-26 09:00:00",Nederland,Wind,Hour,UTC,Providing,Current,767219,767221,0.11779951666667,0,0
"2026-01-26 09:00:00","2026-01-26 10:00:00",Nederland,Wind,Hour,UTC,Providing,Current,983096,983096,0.15094466666667,0,0
"2026-01-26 10:00:00","2026-01-26 11:00:00",Nederland,Wind,Hour,UTC,Providing,Current,1244080,1244077,0.19101516666667,0,0
"2026-01-26 11:00:00","2026-01-26 12:00:00",Nederland,Wind,Hour,UTC,Providing,Current,1587002,1587002,0.24366666666667,0,0
"2026-01-26 12:00:00","2026-01-26 13:00:00",Nederland,Wind,Hour,UTC,Providing,Current,1732598,1732599,0.26601983333333,0,0
"2026-01-26 13:00:00","2026-01-26 14:00:00",Nederland,Wind,Hour,UTC,Providing,Current,1580552,1580553,0.24267433333333,0,0
"2026-01-26 14:00:00","2026-01-26 15:00:00",Nederland,Wind,Hour,UTC,Providing,Current,1194424,1194422,0.18338816666667,0,0
"2026-01-26 15:00:00","2026-01-26 16:00:00",Nederland,Wind,Hour,UTC,Providing,Current,701965,701966,0.10777715,0,0
"2026-01-26 16:00:00","2026-01-26 17:00:00",Nederland,Wind,Hour,UTC,Providing,Current,345630,345629,0.053066633333333,0,0
"2026-01-26 17:00:00","2026-01-26 18:00:00",Nederland,Wind,Hour,UTC,Providing,Current,181011,181010,0.027791566666667,0,0
"2026-01-26 18:00:00","2026-01-26 19:00:00",Nederland,Wind,Hour,UTC,Providing,Current,81129,81128,0.012456156666667,0,0
"2026-01-26 19:00:00","2026-01-26 20:00:00",Nederland,Wind,Hour,UTC,Providing,Current,14058,14059,0.0021584833333333,0,0
"2026-01-26 20:00:00","2026-01-26 21:00:00",Nederland,Wind,Hour,UTC,Providing,Current,35095,35096,0.00538837,0,0
"2026-01-26 21:00:00","2026-01-26 22:00:00",Nederland,Wind,Hour,UTC,Providing,Current,77664,77665,0.011924066666667,0,0
"2026-01-26 22:00:00","2026-01-26 23:00:00",Nederland,Wind,Hour,UTC,Providing,Current,143483,143484,0.0220293,0,0
"2026-01-26 23:00:00","2026-01-27 00:00:00",Nederland,Wind,Hour,UTC,Providing,Current,224188,224188,0.034419916666667,0,0
"2026-01-27 00:00:00","2026-01-27 01:00:00",Nederland,Wind,Hour,UTC,Providing,Current,280823,280823,0.04311495,0,0
"2026-01-27 01:00:00","2026-01-27 02:00:00",Nederland,Wind,Hour,UTC,Providing,Current,447368,447369,0.068684433333333,0,0
"2026-01-27 02:00:00","2026-01-27 03:00:00",Nederland,Wind,Hour,UTC,Providing,Current,796620,796621,0.12230466666667,0,0
"2026-01-27 03:00:00","2026-01-27 04:00:00",Nederland,Wind,Hour,UTC,Providing,Current,1032599,1032601,0.15853333333333,0,0
"2026-01-27 04:00:00","2026-01-27 05:00:00",Nederland,Wind,Hour,UTC,Providing,Current,1746481,1746482,0.268134,0,0
"2026-01-27 05:00:00","2026-01-27 06:00:00",Nederland,Wind,Hour,UTC,Providing,Current,2570392,2570393,0.39462533333333,0,0
"2026-01-27 06:00:00","2026-01-27 07:00:00",Nederland,Wind,Hour,UTC,Providing,Current,2847528,2847527,0.43717166666667,0,0
"2026-01-27 07:00:00","2026-01-27 08:00:00",Nederland,Wind,Hour,UTC,Providing,Current,3222713,3222719,0.4947705,0,0
"2026-01-27 08:00:00","2026-01-27 09:00:00",Nederland,Wind,Hour,UTC,Providing,Current,3401058,3401061,0.52214916666667,0,0
"2026-01-27 09:00:00","2026-01-27 10:00:00",Nederland,Wind,Hour,UTC,Providing,Current,3319678,3319676,0.50965316666667,0,0
"2026-01-27 10:00:00","2026-01-27 11:00:00",Nederland,Wind,Hour,UTC,Providing,Current,3560588,3560586,0.54663633333333,0,0
"2026-01-27 11:00:00","2026-01-27 12:00:00",Nederland,Wind,Hour,UTC,Providing,Current,4112747,4112747,0.63140333333333,0,0
"2026-01-27 12:00:00","2026-01-27 13:00:00",Nederland,Wind,Hour,UTC,Providing,Current,4565848,4565852,0.70096216666667,0,0
"2026-01-27 13:00:00","2026-01-27 14:00:00",Nederland,Wind,Hour,UTC,Providing,Current,4881667,4881661,0.7494445,0,0
"2026-01-27 14:00:00","2026-01-27 15:00:00",Nederland,Wind,Hour,UTC,Providing,Current,4731021,4731022,0.72631383333333,0,0
"2026-01-27 15:00:00","2026-01-27 16:00:00",Nederland,Wind,Hour,UTC,Providing,Current,4739001,4739006,0.72753583333333,0,0
"2026-01-27 16:00:00","2026-01-27 17:00:00",Nederland,Wind,Hour,UTC,Providing,Current,4323804,4323803,0.6637915,0,0
"2026-01-27 17:00:00","2026-01-27 18:00:00",Nederland,Wind,Hour,UTC,Providing,Current,4041344,4041343,0.62042583333333,0,0
"2026-01-27 18:00:00","2026-01-27 19:00:00",Nederland,Wind,Hour,UTC,Providing,Current,3500984,3500988,0.53746766666667,0,0
"2026-01-27 19:00:00","2026-01-27 20:00:00",Nederland,Wind,Hour,UTC,Providing,Current,3027147,3027148,0.46472283333333,0,0
"2026-01-27 20:00:00","2026-01-27 21:00:00",Nederland,Wind,Hour,UTC,Providing,Current,2548943,2548942,0.39130816666667,0,0
"2026-01-27 21:00:00","2026-01-27 22:00:00",Nederland,Wind,Hour,UTC,Providing,Current,2128733,2128736,0.32679683333333,0,0
"2026-01-27 22:00:00","2026-01-27 23:00:00",Nederland,Wind,Hour,UTC,Providing,Current,1848440,1848442,0.283766,0,0
"2026-01-27 23:00:00","2026-01-28 00:00:00",Nederland,Wind,Hour,UTC,Providing,Current,1482476,1482472,0.22758366666667,0,0
"2026-01-28 00:00:00","2026-01-28 01:00:00",Nederland,Wind,Hour,UTC,Providing,Current,1282622,1282625,0.1969025,0,0
"2026-01-28 01:00:00","2026-01-28 02:00:00",Nederland,Wind,Hour,UTC,Providing,Current,1211471,1211470,0.1859785,0,0
"2026-01-28 02:00:00","2026-01-28 03:00:00",Nederland,Wind,Hour,UTC,Providing,Current,1178496,1178496,0.1809155,0,0
"2026-01-28 03:00:00","2026-01-28 04:00:00",Nederland,Wind,Hour,UTC,Providing,Current,1070490,1070489,0.1643345,0,0
"2026-01-28 04:00:00","2026-01-28 05:00:00",Nederland,Wind,Hour,UTC,Providing,Current,840412,840410,0.12901383333333,0,0
"2026-01-28 05:00:00","2026-01-28 06:00:00",Nederland,Wind,Hour,UTC,Providing,Current,820510,820510,0.125958,0,0
"2026-01-28 06:00:00","2026-01-28 07:00:00",Nederland,Wind,Hour,UTC,Providing,Current,925081,925083,0.1420105,0,0
"2026-01-28 07:00:00","2026-01-28 08:00:00",Nederland,Wind,Hour,UTC,Providing,Current,1057975,1057976,0.16241083333333,0,0
"2026-01-28 08:00:00","2026-01-28 09:00:00",Nederland,Wind,Hour,UTC,Providing,Current,1223675,1223677,0.1878465,0,0
"2026-01-28 09:00:00","2026-01-28 10:00:00",Nederland,Wind,Hour,UTC,Providing,Current,1535480,1535478,0.23571083333333,0,0
"2026-01-28 10:00:00","2026-01-28 11:00:00",Nederland,Wind,Hour,UTC,Providing,Current,1677923,1677927,0.25757633333333,0,0
"2026-01-28 11:00:00","2026-01-28 12:00:00",Nederland,Wind,Hour,UTC,Providing,Current,1529677,1529680,0.234818,0,0
"2026-01-28 12:00:00","2026-01-28 13:00:00",Nederland,Wind,Hour,UTC,Providing,Current,1462346,1462344,0.22448116666667,0,0
"2026-01-28 13:00:00","2026-01-28 14:00:00",Nederland,Wind,Hour,UTC,Providing,Current,1868693,1868694,0.2868575,0,0
"2026-01-28 14:00:00","2026-01-28 15:00:00",Nederland,Wind,Hour,UTC,Providing,Current,2377446,2377449,0.364953,0,0
"2026-01-28 15:00:00","2026-01-28 16:00:00",Nederland,Wind,Hour,UTC,Providing,Current,2234255,2234257,0.34297083333333,0,0
"2026-01-28 16:00:00","2026-01-28 17:00:00",Nederland,Wind,Hour,UTC,Providing,Current,2225737,2225735,0.34166183333333,0,0
"2026-01-28 17:00:00","2026-01-28 18:00:00",Nederland,Wind,Hour,UTC,Providing,Current,2207628,2207627,0.33888066666667,0,0
"2026-01-28 18:00:00","2026-01-28 19:00:00",Nederland,Wind,Hour,UTC,Providing,Current,2478844,2478847,0.380512,0,0
"2026-01-28 19:00:00","2026-01-28 20:00:00",Nederland,Wind,Hour,UTC,Providing,Current,2562082,2562085,0.39328766666667,0,0
"2026-01-28 20:00:00","2026-01-28 21:00:00",Nederland,Wind,Hour,UTC,Providing,Current,2582093,2582092,0.39635783333333,0,0
"2026-01-28 21:00:00","2026-01-28 22:00:00",Nederland,Wind,Hour,UTC,Providing,Current,2638727,2638729,0.4050495,0,0
"2026-01-28 22:00:00","2026-01-28 23:00:00",Nederland,Wind,Hour,UTC,Providing,Current,2790178,2790175,0.428296,0,0
"2026-01-28 23:00:00","2026-01-29 00:00:00",Nederland,Wind,Hour,UTC,Providing,Current,2414068,2414070,0.37056083333333,0,0
"2026-01-29 00:00:00","2026-01-29 01:00:00",Nederland,Wind,Hour,UTC,Providing,Current,1915028,1915029,0.29395683333333,0,0
"2026-01-29 01:00:00","2026-01-29 02:00:00",Nederland,Wind,Hour,UTC,Providing,Current,1628630,1628630,0.2499935,0,0
"2026-01-29 02:00:00","2026-01-29 03:00:00",Nederland,Wind,Hour,UTC,Providing,Current,1608790,1608791,0.246947,0,0
"2026-01-29 03:00:00","2026-01-29 04:00:00",Nederland,Wind,Hour,UTC,Providing,Current,1635455,1635455,0.251039,0,0
"2026-01-29 04:00:00","2026-01-29 05:00:00",Nederland,Wind,Hour,UTC,Providing,Current,1514871,1514874,0.23252866666667,0,0
"2026-01-29 05:00:00","2026-01-29 06:00:00",Nederland,Wind,Hour,UTC,Providing,Current,1382302,1382306,0.212179,0,0
"2026-01-29 06:00:00","2026-01-29 07:00:00",Nederland,Wind,Hour,UTC,Providing,Current,1165392,1165393,0.17888316666667,0,0
"2026-01-29 07:00:00","2026-01-29 08:00:00",Nederland,Wind,Hour,UTC,Providing,Current,1096690,1096691,0.16833716666667,0,0
"2026-01-29 08:00:00","2026-01-29 09:00:00",Nederland,Wind,Hour,UTC,Providing,Current,1283324,1283322,0.19698366666667,0,0
"2026-01-29 09:00:00","2026-01-29 10:00:00",Nederland,Wind,Hour,UTC,Providing,Current,1539322,1539324,0.236277,0,0
"2026-01-29 10:00:00","2026-01-29 11:00:00",Nederland,Wind,Hour,UTC,Providing,Current,1828267,1828268,0.280627,0,0
"2026-01-29 11:00:00","2026-01-29 12:00:00",Nederland,Wind,Hour,UTC,Providing,Current,1748440,1748443,0.26837316666667,0,0
"2026-01-29 12:00:00","2026-01-29 13:00:00",Nederland,Wind,Hour,UTC,Providing,Current,1416291,1416291,0.21738966666667,0,0
"2026-01-29 13:00:00","2026-01-29 14:00:00",Nederland,Wind,Hour,UTC,Providing,Current,1297109,1297112,0.1990955,0,0
"2026-01-29 14:00:00","2026-01-29 15:00:00",Nederland,Wind,Hour,UTC,Providing,Current,1243067,1243073,0.19079966666667,0,0
"2026-01-29 15:00:00","2026-01-29 16:00:00",Nederland,Wind,Hour,UTC,Providing,Current,1236728,1236724,0.18982616666667,0,0
"2026-01-29 16:00:00","2026-01-29 17:00:00",Nederland,Wind,Hour,UTC,Providing,Current,1124423,1124422,0.1725875,0,0
"2026-01-29 17:00:00","2026-01-29 18:00:00",Nederland,Wind,Hour,UTC,Providing,Current,1181298,1181300,0.18131633333333,0,0
"2026-01-29 18:00:00","2026-01-29 19:00:00",Nederland,Wind,Hour,UTC,Providing,Current,1179493,1179492,0.1810385,0,0
"2026-01-29 19:00:00","2026-01-29 20:00:00",Nederland,Wind,Hour,UTC,Providing,Current,1176786,1176786,0.18062233333333,0,0
"2026-01-29 20:00:00","2026-01-29 21:00:00",Nederland,Wind,Hour,UTC,Providing,Current,1399909,1399910,0.21486816666667,0,0
"2026-01-29 21:00:00","2026-01-29 22:00:00",Nederland,Wind,Hour,UTC,Providing,Current,1628081,1628077,0.24988866666667,0,0
"2026-01-29 22:00:00","2026-01-29 23:00:00",Nederland,Wind,Hour,UTC,Providing,Current,1867589,1867588,0.28664883333333,0,0
"2026-01-29 23:00:00","2026-01-30 00:00:00",Nederland,Wind,Hour,UTC,Providing,Current,1782058,1782058,0.27351966666667,0,0
"2026-01-30 00:00:00","2026-01-30 01:00:00",Nederland,Wind,Hour,UTC,Providing,Current,1772548,1772547,0.27205883333333,0,0
"2026-01-30 01:00:00","2026-01-30 02:00:00",Nederland,Wind,Hour,UTC,Providing,Current,1654388,1654387,0.253922,0,0
"2026-01-30 02:00:00","2026-01-30 03:00:00",Nederland,Wind,Hour,UTC,Providing,Current,1506154,1506159,0.2311695,0,0
"2026-01-30 03:00:00","2026-01-30 04:00:00",Nederland,Wind,Hour,UTC,Providing,Current,1628913,1628915,0.25001033333333,0,0
"2026-01-30 04:00:00","2026-01-30 05:00:00",Nederland,Wind,Hour,UTC,Providing,Current,1880372,1880377,0.28860333333333,0,0
"2026-01-30 05:00:00","2026-01-30 06:00:00",Nederland,Wind,Hour,UTC,Providing,Current,2057423,2057422,0.3157765,0,0
"2026-01-30 06:00:00","2026-01-30 07:00:00",Nederland,Wind,Hour,UTC,Providing,Current,2241603,2241605,0.344043,0,0
"2026-01-30 07:00:00","2026-01-30 08:00:00",Nederland,Wind,Hour,UTC,Providing,Current,2494268,2494267,0.38282083333333,0,0
"2026-01-30 08:00:00","2026-01-30 09:00:00",Nederland,Wind,Hour,UTC,Providing,Current,2793744,2793744,0.4287825,0,0
"2026-01-30 09:00:00","2026-01-30 10:00:00",Nederland,Wind,Hour,UTC,Providing,Current,3140356,3140357,0.4819785,0,0
"2026-01-30 10:00:00","2026-01-30 11:00:00",Nederland,Wind,Hour,UTC,Providing,Current,3389218,3389217,0.5201715,0,0
"2026-01-30 11:00:00","2026-01-30 12:00:00",Nederland,Wind,Hour,UTC,Providing,Current,3138666,3138667,0.48171533333333,0,0
"2026-01-30 12:00:00","2026-01-30 13:00:00",Nederland,Wind,Hour,UTC,Providing,Current,2945728,2945729,0.4521015,0,0
"2026-01-30 13:00:00","2026-01-30 14:00:00",Nederland,Wind,Hour,UTC,Providing,Current,3315193,3315192,0.5088035,0,0
"2026-01-30 14:00:00","2026-01-30 15:00:00",Nederland,Wind,Hour,UTC,Providing,Current,3311592,3311588,0.50824883333333,0,0
"2026-01-30 15:00:00","2026-01-30 16:00:00",Nederland,Wind,Hour,UTC,Providing,Current,3294240,3294241,0.50558383333333,0,0
"2026-01-30 16:00:00","2026-01-30 17:00:00",Nederland,Wind,Hour,UTC,Providing,Current,3307367,3307365,0.5075965,0,0
"2026-01-30 17:00:00","2026-01-30 18:00:00",Nederland,Wind,Hour,UTC,Providing,Current,3057016,3057016,0.46917183333333,0,0
"2026-01-30 18:00:00","2026-01-30 19:00:00",Nederland,Wind,Hour,UTC,Providing,Current,3019241,3019243,0.4633725,0,0
"2026-01-30 19:00:00","2026-01-30 20:00:00",Nederland,Wind,Hour,UTC,Providing,Current,2982632,2982633,0.45775216666667,0,0
"2026-01-30 20:00:00","2026-01-30 21:00:00",Nederland,Wind,Hour,UTC,Providing,Current,2834973,2834974,0.43508866666667,0,0
"2026-01-30 21:00:00","2026-01-30 22:00:00",Nederland,Wind,Hour,UTC,Providing,Current,2936804,2936803,0.45071516666667,0,0
"2026-01-30 22:00:00","2026-01-30 23:00:00",Nederland,Wind,Hour,UTC,Providing,Current,3062444,3062441,0.46999516666667,0,0
"2026-01-30 23:00:00","2026-01-31 00:00:00",Nederland,Wind,Hour,UTC,Providing,Current,3113261,3113262,0.47779216666667,0,0
"2026-01-31 00:00:00","2026-01-31 01:00:00",Nederland,Wind,Hour,UTC,Providing,Current,3311270,3311275,0.5081785,0,0
"2026-01-31 01:00:00","2026-01-31 02:00:00",Nederland,Wind,Hour,UTC,Providing,Current,3261202,3261202,0.5004925,0,0
"2026-01-31 02:00:00","2026-01-31 03:00:00",Nederland,Wind,Hour,UTC,Providing,Current,3083827,3083825,0.473269,0,0
"2026-01-31 03:00:00","2026-01-31 04:00:00",Nederland,Wind,Hour,UTC,Providing,Current,3114440,3114439,0.47796516666667,0,0
"2026-01-31 04:00:00","2026-01-31 05:00:00",Nederland,Wind,Hour,UTC,Providing,Current,2995508,2995507,0.459711,0,0
"2026-01-31 05:00:00","2026-01-31 06:00:00",Nederland,Wind,Hour,UTC,Providing,Current,2751844,2751842,0.42231483333333,0,0
"2026-01-31 06:00:00","2026-01-31 07:00:00",Nederland,Wind,Hour,UTC,Providing,Current,2651450,2651448,0.40690633333333,0,0
"2026-01-31 07:00:00","2026-01-31 08:00:00",Nederland,Wind,Hour,UTC,Providing,Current,2515833,2515835,0.38609216666667,0,0
"2026-01-31 08:00:00","2026-01-31 09:00:00",Nederland,Wind,Hour,UTC,Providing,Current,2341501,2341497,0.3593365,0,0
"2026-01-31 09:00:00","2026-01-31 10:00:00",Nederland,Wind,Hour,UTC,Providing,Current,2143121,2143118,0.32889116666667,0,0
"2026-01-31 10:00:00","2026-01-31 11:00:00",Nederland,Wind,Hour,UTC,Providing,Current,2004459,2004456,0.30761016666667,0,0
"2026-01-31 11:00:00","2026-01-31 12:00:00",Nederland,Wind,Hour,UTC,Providing,Current,1699983,1699986,0.2608835,0,0
"2026-01-31 12:00:00","2026-01-31 13:00:00",Nederland,Wind,Hour,UTC,Providing,Current,1603355,1603359,0.24605366666667,0,0
"2026-01-31 13:00:00","2026-01-31 14:00:00",Nederland,Wind,Hour,UTC,Providing,Current,1456291,1456289,0.223484,0,0
"2026-01-31 14:00:00","2026-01-31 15:00:00",Nederland,Wind,Hour,UTC,Providing,Current,1394074,1394073,0.21393533333333,0,0
"2026-01-31 15:00:00","2026-01-31 16:00:00",Nederland,Wind,Hour,UTC,Providing,Current,1335203,1335205,0.2049,0,0
"2026-01-31 16:00:00","2026-01-31 17:00:00",Nederland,Wind,Hour,UTC,Providing,Current,1158928,1158926,0.17784816666667,0,0
"2026-01-31 17:00:00","2026-01-31 18:00:00",Nederland,Wind,Hour,UTC,Providing,Current,1206907,1206905,0.18521033333333,0,0
"2026-01-31 18:00:00","2026-01-31 19:00:00",Nederland,Wind,Hour,UTC,Providing,Current,1040325,1040324,0.15964633333333,0,0
"2026-01-31 19:00:00","2026-01-31 20:00:00",Nederland,Wind,Hour,UTC,Providing,Current,1025282,1025281,0.15733716666667,0,0
"2026-01-31 20:00:00","2026-01-31 21:00:00",Nederland,Wind,Hour,UTC,Providing,Current,994504,994506,0.15261333333333,0,0
"2026-01-31 21:00:00","2026-01-31 22:00:00",Nederland,Wind,Hour,UTC,Providing,Current,910853,910853,0.13977583333333,0,0
"2026-01-31 22:00:00","2026-01-31 23:00:00",Nederland,Wind,Hour,UTC,Providing,Current,808795,808797,0.124114,0,0
"2026-01-31 23:00:00","2026-02-01 00:00:00",Nederland,Wind,Hour,UTC,Providing,Current,833014,833016,0.12783,0,0
"2026-02-01 00:00:00","2026-02-01 01:00:00",Nederland,Wind,Hour,UTC,Providing,Current,850074,850073,0.13044733333333,0,0
"2026-02-01 01:00:00","2026-02-01 02:00:00",Nederland,Wind,Hour,UTC,Providing,Current,913018,913020,0.14010583333333,0,0
"2026-02-01 02:00:00","2026-02-01 03:00:00",Nederland,Wind,Hour,UTC,Providing,Current,1024277,1024278,0.15717833333333,0,0
"2026-02-01 03:00:00","2026-02-01 04:00:00",Nederland,Wind,Hour,UTC,Providing,Current,1042444,1042444,0.15996533333333,0,0
"2026-02-01 04:00:00","2026-02-01 05:00:00",Nederland,Wind,Hour,UTC,Providing,Current,1039198,1039200,0.15946666666667,0,0
"2026-02-01 05:00:00","2026-02-01 06:00:00",Nederland,Wind,Hour,UTC,Providing,Current,921088,921088,0.14134183333333,0,0
"2026-02-01 06:00:00","2026-02-01 07:00:00",Nederland,Wind,Hour,UTC,Providing,Current,1194262,1194263,0.18325966666667,0,0
"2026-02-01 07:00:00","2026-02-01 08:00:00",Nederland,Wind,Hour,UTC,Providing,Current,1356361,1356359,0.208133,0,0
"2026-02-01 08:00:00","2026-02-01 09:00:00",Nederland,Wind,Hour,UTC,Providing,Current,1504253,1504252,0.230826,0,0
"2026-02-01 09:00:00","2026-02-01 10:00:00",Nederland,Wind,Hour,UTC,Providing,Current,1781829,1781826,0.27341866666667,0,0
"2026-02-01 10:00:00","2026-02-01 11:00:00",Nederland,Wind,Hour,UTC,Providing,Current,2004315,2004317,0.3075575,0,0
"2026-02-01 11:00:00","2026-02-01 12:00:00",Nederland,Wind,Hour,UTC,Providing,Current,2090967,2090969,0.32085266666667,0,0
"2026-02-01 12:00:00","2026-02-01 13:00:00",Nederland,Wind,Hour,UTC,Providing,Current,2136303,2136303,0.32780833333333,0,0
"2026-02-01 13:00:00","2026-02-01 14:00:00",Nederland,Wind,Hour,UTC,Providing,Current,1898365,1898365,0.29129616666667,0,0
"2026-02-01 14:00:00","2026-02-01 15:00:00",Nederland,Wind,Hour,UTC,Providing,Current,1979567,1979565,0.30375516666667,0,0
"2026-02-01 15:00:00","2026-02-01 16:00:00",Nederland,Wind,Hour,UTC,Providing,Current,1926536,1926538,0.2956165,0,0
"2026-02-01 16:00:00","2026-02-01 17:00:00",Nederland,Wind,Hour,UTC,Providing,Current,1783508,1783512,0.2736685,0,0
"2026-02-01 17:00:00","2026-02-01 18:00:00",Nederland,Wind,Hour,UTC,Providing,Current,1895622,1895621,0.29087066666667,0,0
"2026-02-01 18:00:00","2026-02-01 19:00:00",Nederland,Wind,Hour,UTC,Providing,Current,2214123,2214120,0.33974066666667,0,0
"2026-02-01 19:00:00","2026-02-01 20:00:00",Nederland,Wind,Hour,UTC,Providing,Current,2321779,2321778,0.35625833333333,0,0
"2026-02-01 20:00:00","2026-02-01 21:00:00",Nederland,Wind,Hour,UTC,Providing,Current,2415033,2415034,0.37056583333333,0,0
"2026-02-01 21:00:00","2026-02-01 22:00:00",Nederland,Wind,Hour,UTC,Providing,Current,2557761,2557763,0.39246466666667,0,0
"2026-02-01 22:00:00","2026-02-01 23:00:00",Nederland,Wind,Hour,UTC,Providing,Current,2557245,2557244,0.39238366666667,0,0
"2026-02-01 23:00:00","2026-02-02 00:00:00",Nederland,Wind,Hour,UTC,Providing,Current,2626965,2626968,0.40308016666667,0,0
"2026-02-02 00:00:00","2026-02-02 01:00:00",Nederland,Wind,Hour,UTC,Providing,Current,3036326,3036328,0.4658905,0,0
"2026-02-02 01:00:00","2026-02-02 02:00:00",Nederland,Wind,Hour,UTC,Providing,Current,3094669,3094670,0.47484033333333,0,0
"2026-02-02 02:00:00","2026-02-02 03:00:00",Nederland,Wind,Hour,UTC,Providing,Current,3344004,3344003,0.51309583333333,0,0
"2026-02-02 03:00:00","2026-02-02 04:00:00",Nederland,Wind,Hour,UTC,Providing,Current,3488414,3488416,0.53525133333333,0,0
"2026-02-02 04:00:00","2026-02-02 05:00:00",Nederland,Wind,Hour,UTC,Providing,Current,3569772,3569774,0.5477325,0,0
"2026-02-02 05:00:00","2026-02-02 06:00:00",Nederland,Wind,Hour,UTC,Providing,Current,3744446,3744448,0.57453133333333,0,0
"2026-02-02 06:00:00","2026-02-02 07:00:00",Nederland,Wind,Hour,UTC,Providing,Current,3820776,3820777,0.5862405,0,0
"2026-02-02 07:00:00","2026-02-02 08:00:00",Nederland,Wind,Hour,UTC,Providing,Current,3965695,3965693,0.608474,0,0
"2026-02-02 08:00:00","2026-02-02 09:00:00",Nederland,Wind,Hour,UTC,Providing,Current,3955070,3955071,0.60684116666667,0,0
"2026-02-02 09:00:00","2026-02-02 10:00:00",Nederland,Wind,Hour,UTC,Providing,Current,4056346,4056348,0.6223775,0,0
"2026-02-02 10:00:00","2026-02-02 11:00:00",Nederland,Wind,Hour,UTC,Providing,Current,4178585,4178586,0.64113016666667,0,0
"2026-02-02 11:00:00","2026-02-02 12:00:00",Nederland,Wind,Hour,UTC,Providing,Current,4348639,4348637,0.6672195,0,0
"2026-02-02 12:00:00","2026-02-02 13:00:00",Nederland,Wind,Hour,UTC,Providing,Current,4532375,4532380,0.69540766666667,0,0
"2026-02-02 13:00:00","2026-02-02 14:00:00",Nederland,Wind,Hour,UTC,Providing,Current,5081612,5081611,0.7796745,0,0
"2026-02-02 14:00:00","2026-02-02 15:00:00",Nederland,Wind,Hour,UTC,Providing,Current,5204103,5204096,0.798465,0,0
"2026-02-02 15:00:00","2026-02-02 16:00:00",Nederland,Wind,Hour,UTC,Providing,Current,5170247,5170250,0.79326733333333,0,0
"2026-02-02 16:00:00","2026-02-02 17:00:00",Nederland,Wind,Hour,UTC,Providing,Current,5012203,5012205,0.76901533333333,0,0
"2026-02-02 17:00:00","2026-02-02 18:00:00",Nederland,Wind,Hour,UTC,Providing,Current,5046600,5046601,0.77428966666667,0,0
"2026-02-02 18:00:00","2026-02-02 19:00:00",Nederland,Wind,Hour,UTC,Providing,Current,5195449,5195450,0.79712366666667,0,0
"2026-02-02 19:00:00","2026-02-02 20:00:00",Nederland,Wind,Hour,UTC,Providing,Current,5489472,5489474,0.84223133333333,0,0
"2026-02-02 20:00:00","2026-02-02 21:00:00",Nederland,Wind,Hour,UTC,Providing,Current,5494973,5494974,0.843072,0,0
"2026-02-02 21:00:00","2026-02-02 22:00:00",Nederland,Wind,Hour,UTC,Providing,Current,5370233,5370234,0.82393016666667,0,0
"2026-02-02 22:00:00","2026-02-02 23:00:00",Nederland,Wind,Hour,UTC,Providing,Current,5323828,5323830,0.81680733333333,0,0
"2026-02-02 23:00:00","2026-02-03 00:00:00",Nederland,Wind,Hour,UTC,Providing,Current,5145035,5145039,0.78937266666667,0,0
"2026-02-03 00:00:00","2026-02-03 01:00:00",Nederland,Wind,Hour,UTC,Providing,Current,5243385,5243380,0.80445833333333,0,0
"2026-02-03 01:00:00","2026-02-03 02:00:00",Nederland,Wind,Hour,UTC,Providing,Current,5592322,5592320,0.85799016666667,0,0
"2026-02-03 02:00:00","2026-02-03 03:00:00",Nederland,Wind,Hour,UTC,Providing,Current,5811118,5811119,0.89155483333333,0,0
"2026-02-03 03:00:00","2026-02-03 04:00:00",Nederland,Wind,Hour,UTC,Providing,Current,5852004,5852003,0.89782383333333,0,0
"2026-02-03 04:00:00","2026-02-03 05:00:00",Nederland,Wind,Hour,UTC,Providing,Current,5852470,5852468,0.89789166666667,0,0
"2026-02-03 05:00:00","2026-02-03 06:00:00",Nederland,Wind,Hour,UTC,Providing,Current,5903939,5903943,0.90578416666667,0,0
"2026-02-03 06:00:00","2026-02-03 07:00:00",Nederland,Wind,Hour,UTC,Providing,Current,5936800,5936803,0.91082183333333,0,0
"2026-02-03 07:00:00","2026-02-03 08:00:00",Nederland,Wind,Hour,UTC,Providing,Current,6027606,6027601,0.9247495,0,0
"2026-02-03 08:00:00","2026-02-03 09:00:00",Nederland,Wind,Hour,UTC,Providing,Current,6077468,6077469,0.93239516666667,0,0
"2026-02-03 09:00:00","2026-02-03 10:00:00",Nederland,Wind,Hour,UTC,Providing,Current,6089826,6089830,0.93428766666667,0,0
"2026-02-03 10:00:00","2026-02-03 11:00:00",Nederland,Wind,Hour,UTC,Providing,Current,5521801,5521795,0.84713866666667,0,0
"2026-02-03 11:00:00","2026-02-03 12:00:00",Nederland,Wind,Hour,UTC,Providing,Current,5384229,5384229,0.8260295,0,0
"2026-02-03 12:00:00","2026-02-03 13:00:00",Nederland,Wind,Hour,UTC,Providing,Current,5252388,5252388,0.80579966666667,0,0
"2026-02-03 13:00:00","2026-02-03 14:00:00",Nederland,Wind,Hour,UTC,Providing,Current,5172446,5172443,0.79353183333333,0,0
"2026-02-03 14:00:00","2026-02-03 15:00:00",Nederland,Wind,Hour,UTC,Providing,Current,5178814,5178812,0.7945055,0,0
"2026-02-03 15:00:00","2026-02-03 16:00:00",Nederland,Wind,Hour,UTC,Providing,Current,5086525,5086525,0.78034383333333,0,0
"2026-02-03 16:00:00","2026-02-03 17:00:00",Nederland,Wind,Hour,UTC,Providing,Current,5067865,5067864,0.777478,0,0
"2026-02-03 17:00:00","2026-02-03 18:00:00",Nederland,Wind,Hour,UTC,Providing,Current,4789252,4789255,0.734732,0,0
"2026-02-03 18:00:00","2026-02-03 19:00:00",Nederland,Wind,Hour,UTC,Providing,Current,4282500,4282502,0.656987,0,0
"2026-02-03 19:00:00","2026-02-03 20:00:00",Nederland,Wind,Hour,UTC,Providing,Current,4225081,4225085,0.64817566666667,0,0
"2026-02-03 20:00:00","2026-02-03 21:00:00",Nederland,Wind,Hour,UTC,Providing,Current,3787016,3787018,0.58096916666667,0,0
"2026-02-03 21:00:00","2026-02-03 22:00:00",Nederland,Wind,Hour,UTC,Providing,Current,3354856,3354853,0.514669,0,0
"2026-02-03 22:00:00","2026-02-03 23:00:00",Nederland,Wind,Hour,UTC,Providing,Current,3138098,3138101,0.48141416666667,0,0
"2026-02-03 23:00:00","2026-02-04 00:00:00",Nederland,Wind,Hour,UTC,Providing,Current,2769513,2769515,0.42486766666667,0,0
"2026-02-04 00:00:00","2026-02-04 01:00:00",Nederland,Wind,Hour,UTC,Providing,Current,2384912,2384909,0.36586516666667,0,0
"2026-02-04 01:00:00","2026-02-04 02:00:00",Nederland,Wind,Hour,UTC,Providing,Current,2446448,2446454,0.37530366666667,0,0
"2026-02-04 02:00:00","2026-02-04 03:00:00",Nederland,Wind,Hour,UTC,Providing,Current,2147400,2147399,0.32942616666667,0,0
"2026-02-04 03:00:00","2026-02-04 04:00:00",Nederland,Wind,Hour,UTC,Providing,Current,1844280,1844282,0.28292433333333,0,0
"2026-02-04 04:00:00","2026-02-04 05:00:00",Nederland,Wind,Hour,UTC,Providing,Current,1602986,1602982,0.24590716666667,0,0
"2026-02-04 05:00:00","2026-02-04 06:00:00",Nederland,Wind,Hour,UTC,Providing,Current,1441586,1441585,0.22114666666667,0,0
"2026-02-04 06:00:00","2026-02-04 07:00:00",Nederland,Wind,Hour,UTC,Providing,Current,1396322,1396318,0.21420183333333,0,0
"2026-02-04 07:00:00","2026-02-04 08:00:00",Nederland,Wind,Hour,UTC,Providing,Current,1511764,1511767,0.23191033333333,0,0
"2026-02-04 08:00:00","2026-02-04 09:00:00",Nederland,Wind,Hour,UTC,Providing,Current,1628590,1628588,0.2498305,0,0
"2026-02-04 09:00:00","2026-02-04 10:00:00",Nederland,Wind,Hour,UTC,Providing,Current,1578783,1578782,0.24218933333333,0,0
"2026-02-04 10:00:00","2026-02-04 11:00:00",Nederland,Wind,Hour,UTC,Providing,Current,1666180,1666180,0.25559533333333,0,0
"2026-02-04 11:00:00","2026-02-04 12:00:00",Nederland,Wind,Hour,UTC,Providing,Current,2353546,2353548,0.36103683333333,0,0
"2026-02-04 12:00:00","2026-02-04 13:00:00",Nederland,Wind,Hour,UTC,Providing,Current,2814580,2814578,0.43175816666667,0,0
"2026-02-04 13:00:00","2026-02-04 14:00:00",Nederland,Wind,Hour,UTC,Providing,Current,3443239,3443243,0.52819283333333,0,0
"2026-02-04 14:00:00","2026-02-04 15:00:00",Nederland,Wind,Hour,UTC,Providing,Current,3853761,3853763,0.59116416666667,0,0
"2026-02-04 15:00:00","2026-02-04 16:00:00",Nederland,Wind,Hour,UTC,Providing,Current,3867368,3867372,0.59324933333333,0,0
"2026-02-04 16:00:00","2026-02-04 17:00:00",Nederland,Wind,Hour,UTC,Providing,Current,3955133,3955131,0.60670966666667,0,0
"2026-02-04 17:00:00","2026-02-04 18:00:00",Nederland,Wind,Hour,UTC,Providing,Current,4187835,4187838,0.642403,0,0
"2026-02-04 18:00:00","2026-02-04 19:00:00",Nederland,Wind,Hour,UTC,Providing,Current,4874240,4874239,0.747693,0,0
"2026-02-04 19:00:00","2026-02-04 20:00:00",Nederland,Wind,Hour,UTC,Providing,Current,5135474,5135471,0.78776183333333,0,0
"2026-02-04 20:00:00","2026-02-04 21:00:00",Nederland,Wind,Hour,UTC,Providing,Current,5247398,5247400,0.804927,0,0
"2026-02-04 21:00:00","2026-02-04 22:00:00",Nederland,Wind,Hour,UTC,Providing,Current,5157742,5157744,0.79117133333333,0,0
"2026-02-04 22:00:00","2026-02-04 23:00:00",Nederland,Wind,Hour,UTC,Providing,Current,5201954,5201954,0.79794966666667,0,0
"2026-02-04 23:00:00","2026-02-05 00:00:00",Nederland,Wind,Hour,UTC,Providing,Current,5327847,5327846,0.81725783333333,0,0
"2026-02-05 00:00:00","2026-02-05 01:00:00",Nederland,Wind,Hour,UTC,Providing,Current,5421689,5421691,0.83164866666667,0,0
"2026-02-05 01:00:00","2026-02-05 02:00:00",Nederland,Wind,Hour,UTC,Providing,Current,5575474,5575475,0.855235,0,0
"2026-02-05 02:00:00","2026-02-05 03:00:00",Nederland,Wind,Hour,UTC,Providing,Current,5507486,5507488,0.84480216666667,0,0
"2026-02-05 03:00:00","2026-02-05 04:00:00",Nederland,Wind,Hour,UTC,Providing,Current,5490510,5490508,0.842195,0,0
"2026-02-05 04:00:00","2026-02-05 05:00:00",Nederland,Wind,Hour,UTC,Providing,Current,5536402,5536404,0.84923066666667,0,0
"2026-02-05 05:00:00","2026-02-05 06:00:00",Nederland,Wind,Hour,UTC,Providing,Current,5523007,5523007,0.84717266666667,0,0
"2026-02-05 06:00:00","2026-02-05 07:00:00",Nederland,Wind,Hour,UTC,Providing,Current,5350552,5350556,0.8207165,0,0
"2026-02-05 07:00:00","2026-02-05 08:00:00",Nederland,Wind,Hour,UTC,Providing,Current,5202126,5202128,0.7979465,0,0
"2026-02-05 08:00:00","2026-02-05 09:00:00",Nederland,Wind,Hour,UTC,Providing,Current,5117668,5117669,0.78498833333333,0,0
"2026-02-05 09:00:00","2026-02-05 10:00:00",Nederland,Wind,Hour,UTC,Providing,Current,5053158,5053159,0.77508966666667,0,0
"2026-02-05 10:00:00","2026-02-05 11:00:00",Nederland,Wind,Hour,UTC,Providing,Current,5138932,5138933,0.788243,0,0
"2026-02-05 11:00:00","2026-02-05 12:00:00",Nederland,Wind,Hour,UTC,Providing,Current,4925686,4925688,0.755531,0,0
"2026-02-05 12:00:00","2026-02-05 13:00:00",Nederland,Wind,Hour,UTC,Providing,Current,4780604,4780603,0.73327433333333,0,0
"2026-02-05 13:00:00","2026-02-05 14:00:00",Nederland,Wind,Hour,UTC,Providing,Current,4688239,4688242,0.719104,0,0
"2026-02-05 14:00:00","2026-02-05 15:00:00",Nederland,Wind,Hour,UTC,Providing,Current,4545107,4545104,0.69714683333333,0,0
"2026-02-05 15:00:00","2026-02-05 16:00:00",Nederland,Wind,Hour,UTC,Providing,Current,4416278,4416277,0.67738366666667,0,0
"2026-02-05 16:00:00","2026-02-05 17:00:00",Nederland,Wind,Hour,UTC,Providing,Current,4272467,4272468,0.655323,0,0
"2026-02-05 17:00:00","2026-02-05 18:00:00",Nederland,Wind,Hour,UTC,Providing,Current,3989361,3989363,0.61189666666667,0,0
"2026-02-05 18:00:00","2026-02-05 19:00:00",Nederland,Wind,Hour,UTC,Providing,Current,3733625,3733625,0.57266866666667,0,0
"2026-02-05 19:00:00","2026-02-05 20:00:00",Nederland,Wind,Hour,UTC,Providing,Current,3736554,3736552,0.5731155,0,0
"2026-02-05 20:00:00","2026-02-05 21:00:00",Nederland,Wind,Hour,UTC,Providing,Current,3751274,3751276,0.57537116666667,0,0
"2026-02-05 21:00:00","2026-02-05 22:00:00",Nederland,Wind,Hour,UTC,Providing,Current,3560771,3560768,0.54614966666667,0,0
"2026-02-05 22:00:00","2026-02-05 23:00:00",Nederland,Wind,Hour,UTC,Providing,Current,3018085,3018086,0.46291083333333,0,0
"2026-02-05 23:00:00","2026-02-06 00:00:00",Nederland,Wind,Hour,UTC,Providing,Current,3015620,3015617,0.46253066666667,0,0
"2026-02-06 00:00:00","2026-02-06 01:00:00",Nederland,Wind,Hour,UTC,Providing,Current,2729910,2729910,0.4187075,0,0
"2026-02-06 01:00:00","2026-02-06 02:00:00",Nederland,Wind,Hour,UTC,Providing,Current,2571418,2571418,0.39439666666667,0,0
"2026-02-06 02:00:00","2026-02-06 03:00:00",Nederland,Wind,Hour,UTC,Providing,Current,2860565,2860566,0.43874316666667,0,0
"2026-02-06 03:00:00","2026-02-06 04:00:00",Nederland,Wind,Hour,UTC,Providing,Current,2832247,2832248,0.43439816666667,0,0
"2026-02-06 04:00:00","2026-02-06 05:00:00",Nederland,Wind,Hour,UTC,Providing,Current,2613812,2613814,0.400894,0,0
"2026-02-06 05:00:00","2026-02-06 06:00:00",Nederland,Wind,Hour,UTC,Providing,Current,2366133,2366136,0.3629045,0,0
"2026-02-06 06:00:00","2026-02-06 07:00:00",Nederland,Wind,Hour,UTC,Providing,Current,2309449,2309450,0.35420916666667,0,0
"2026-02-06 07:00:00","2026-02-06 08:00:00",Nederland,Wind,Hour,UTC,Providing,Current,2178755,2178756,0.33416266666667,0,0
"2026-02-06 08:00:00","2026-02-06 09:00:00",Nederland,Wind,Hour,UTC,Providing,Current,2252061,2252062,0.34540433333333,0,0
"2026-02-06 09:00:00","2026-02-06 10:00:00",Nederland,Wind,Hour,UTC,Providing,Current,2116562,2116559,0.32462133333333,0,0
"2026-02-06 10:00:00","2026-02-06 11:00:00",Nederland,Wind,Hour,UTC,Providing,Current,2270467,2270469,0.34822466666667,0,0
"2026-02-06 11:00:00","2026-02-06 12:00:00",Nederland,Wind,Hour,UTC,Providing,Current,2457066,2457065,0.376842,0,0
"2026-02-06 12:00:00","2026-02-06 13:00:00",Nederland,Wind,Hour,UTC,Providing,Current,2243924,2243922,0.34415083333333,0,0
"2026-02-06 13:00:00","2026-02-06 14:00:00",Nederland,Wind,Hour,UTC,Providing,Current,1942100,1942100,0.29785866666667,0,0
"2026-02-06 14:00:00","2026-02-06 15:00:00",Nederland,Wind,Hour,UTC,Providing,Current,1747186,1747190,0.26796366666667,0,0
"2026-02-06 15:00:00","2026-02-06 16:00:00",Nederland,Wind,Hour,UTC,Providing,Current,1485552,1485556,0.22783633333333,0,0
"2026-02-06 16:00:00","2026-02-06 17:00:00",Nederland,Wind,Hour,UTC,Providing,Current,1528944,1528946,0.23449016666667,0,0
"2026-02-06 17:00:00","2026-02-06 18:00:00",Nederland,Wind,Hour,UTC,Providing,Current,1465238,1465237,0.224719,0,0
"2026-02-06 18:00:00","2026-02-06 19:00:00",Nederland,Wind,Hour,UTC,Providing,Current,1550450,1550454,0.237787,0,0
"2026-02-06 19:00:00","2026-02-06 20:00:00",Nederland,Wind,Hour,UTC,Providing,Current,1364563,1364559,0.20927683333333,0,0
"2026-02-06 20:00:00","2026-02-06 21:00:00",Nederland,Wind,Hour,UTC,Providing,Current,1100472,1100471,0.168774,0,0
"2026-02-06 21:00:00","2026-02-06 22:00:00",Nederland,Wind,Hour,UTC,Providing,Current,928376,928377,0.14237983333333,0,0
"2026-02-06 22:00:00","2026-02-06 23:00:00",Nederland,Wind,Hour,UTC,Providing,Current,894258,894259,0.13714666666667,0,0
"2026-02-06 23:00:00","2026-02-07 00:00:00",Nederland,Wind,Hour,UTC,Providing,Current,958681,958682,0.14702616666667,0,0
"2026-02-07 00:00:00","2026-02-07 01:00:00",Nederland,Wind,Hour,UTC,Providing,Current,1088887,1088889,0.16699433333333,0,0
"2026-02-07 01:00:00","2026-02-07 02:00:00",Nederland,Wind,Hour,UTC,Providing,Current,907843,907842,0.13922866666667,0,0
"2026-02-07 02:00:00","2026-02-07 03:00:00",Nederland,Wind,Hour,UTC,Providing,Current,753216,753216,0.11551433333333,0,0
"2026-02-07 03:00:00","2026-02-07 04:00:00",Nederland,Wind,Hour,UTC,Providing,Current,563397,563396,0.086402933333333,0,0
"2026-02-07 04:00:00","2026-02-07 05:00:00",Nederland,Wind,Hour,UTC,Providing,Current,499991,499992,0.076678666666667,0,0
"2026-02-07 05:00:00","2026-02-07 06:00:00",Nederland,Wind,Hour,UTC,Providing,Current,410823,410823,0.063003633333333,0,0
"2026-02-07 06:00:00","2026-02-07 07:00:00",Nederland,Wind,Hour,UTC,Providing,Current,367591,367589,0.05637335,0,0
"2026-02-07 07:00:00","2026-02-07 08:00:00",Nederland,Wind,Hour,UTC,Providing,Current,357822,357826,0.05487485,0,0
"2026-02-07 08:00:00","2026-02-07 09:00:00",Nederland,Wind,Hour,UTC,Providing,Current,395615,395616,0.060670516666667,0,0
"2026-02-07 09:00:00","2026-02-07 10:00:00",Nederland,Wind,Hour,UTC,Providing,Current,458016,458017,0.07023985,0,0
"2026-02-07 10:00:00","2026-02-07 11:00:00",Nederland,Wind,Hour,UTC,Providing,Current,609737,609741,0.093507016666667,0,0
"2026-02-07 11:00:00","2026-02-07 12:00:00",Nederland,Wind,Hour,UTC,Providing,Current,707747,707749,0.10853666666667,0,0
"2026-02-07 12:00:00","2026-02-07 13:00:00",Nederland,Wind,Hour,UTC,Providing,Current,777782,777779,0.1192765,0,0
"2026-02-07 13:00:00","2026-02-07 14:00:00",Nederland,Wind,Hour,UTC,Providing,Current,923425,923425,0.141611,0,0
"2026-02-07 14:00:00","2026-02-07 15:00:00",Nederland,Wind,Hour,UTC,Providing,Current,1272460,1272459,0.19513616666667,0,0
"2026-02-07 15:00:00","2026-02-07 16:00:00",Nederland,Wind,Hour,UTC,Providing,Current,1225370,1225369,0.187914,0,0
"2026-02-07 16:00:00","2026-02-07 17:00:00",Nederland,Wind,Hour,UTC,Providing,Current,904150,904146,0.13865333333333,0,0
"2026-02-07 17:00:00","2026-02-07 18:00:00",Nederland,Wind,Hour,UTC,Providing,Current,762014,762011,0.116856,0,0
"2026-02-07 18:00:00","2026-02-07 19:00:00",Nederland,Wind,Hour,UTC,Providing,Current,713606,713605,0.10943216666667,0,0
"2026-02-07 19:00:00","2026-02-07 20:00:00",Nederland,Wind,Hour,UTC,Providing,Current,815041,815038,0.12498666666667,0,0
"2026-02-07 20:00:00","2026-02-07 21:00:00",Nederland,Wind,Hour,UTC,Providing,Current,886657,886656,0.13596833333333,0,0
"2026-02-07 21:00:00","2026-02-07 22:00:00",Nederland,Wind,Hour,UTC,Providing,Current,886794,886793,0.135989,0,0
"2026-02-07 22:00:00","2026-02-07 23:00:00",Nederland,Wind,Hour,UTC,Providing,Current,871183,871184,0.1335945,0,0
"2026-02-07 23:00:00","2026-02-08 00:00:00",Nederland,Wind,Hour,UTC,Providing,Current,728034,728038,0.1116425,0,0
"2026-02-08 00:00:00","2026-02-08 01:00:00",Nederland,Wind,Hour,UTC,Providing,Current,614161,614161,0.094179866666667,0,0
"2026-02-08 01:00:00","2026-02-08 02:00:00",Nederland,Wind,Hour,UTC,Providing,Current,513052,513052,0.078674866666667,0,0
"2026-02-08 02:00:00","2026-02-08 03:00:00",Nederland,Wind,Hour,UTC,Providing,Current,483128,483126,0.074085733333333,0,0
"2026-02-08 03:00:00","2026-02-08 04:00:00",Nederland,Wind,Hour,UTC,Providing,Current,674336,674337,0.10340616666667,0,0
"2026-02-08 04:00:00","2026-02-08 05:00:00",Nederland,Wind,Hour,UTC,Providing,Current,686763,686763,0.1053115,0,0
"2026-02-08 05:00:00","2026-02-08 06:00:00",Nederland,Wind,Hour,UTC,Providing,Current,672145,672144,0.1030696,0,0
"2026-02-08 06:00:00","2026-02-08 07:00:00",Nederland,Wind,Hour,UTC,Providing,Current,775469,775472,0.118913,0,0
"2026-02-08 07:00:00","2026-02-08 08:00:00",Nederland,Wind,Hour,UTC,Providing,Current,826467,826466,0.12673266666667,0,0
"2026-02-08 08:00:00","2026-02-08 09:00:00",Nederland,Wind,Hour,UTC,Providing,Current,970913,970915,0.14888183333333,0,0
"2026-02-08 09:00:00","2026-02-08 10:00:00",Nederland,Wind,Hour,UTC,Providing,Current,1067492,1067496,0.16369083333333,0,0
"2026-02-08 10:00:00","2026-02-08 11:00:00",Nederland,Wind,Hour,UTC,Providing,Current,1340042,1340040,0.20548316666667,0,0
"2026-02-08 11:00:00","2026-02-08 12:00:00",Nederland,Wind,Hour,UTC,Providing,Current,1549480,1549479,0.23759766666667,0,0
"2026-02-08 12:00:00","2026-02-08 13:00:00",Nederland,Wind,Hour,UTC,Providing,Current,1756137,1756141,0.26928516666667,0,0
"2026-02-08 13:00:00","2026-02-08 14:00:00",Nederland,Wind,Hour,UTC,Providing,Current,1779826,1779828,0.27291666666667,0,0
"2026-02-08 14:00:00","2026-02-08 15:00:00",Nederland,Wind,Hour,UTC,Providing,Current,1822000,1822000,0.2793825,0,0
"2026-02-08 15:00:00","2026-02-08 16:00:00",Nederland,Wind,Hour,UTC,Providing,Current,1932328,1932325,0.2962985,0,0
"2026-02-08 16:00:00","2026-02-08 17:00:00",Nederland,Wind,Hour,UTC,Providing,Current,1789208,1789208,0.27435183333333,0,0
"2026-02-08 17:00:00","2026-02-08 18:00:00",Nederland,Wind,Hour,UTC,Providing,Current,1748559,1748561,0.26811783333333,0,0
"2026-02-08 18:00:00","2026-02-08 19:00:00",Nederland,Wind,Hour,UTC,Providing,Current,1821435,1821434,0.27929083333333,0,0
"2026-02-08 19:00:00","2026-02-08 20:00:00",Nederland,Wind,Hour,UTC,Providing,Current,1957631,1957628,0.30017333333333,0,0
"2026-02-08 20:00:00","2026-02-08 21:00:00",Nederland,Wind,Hour,UTC,Providing,Current,1978335,1978333,0.30334683333333,0,0
"2026-02-08 21:00:00","2026-02-08 22:00:00",Nederland,Wind,Hour,UTC,Providing,Current,1731932,1731932,0.26556383333333,0,0
"2026-02-08 22:00:00","2026-02-08 23:00:00",Nederland,Wind,Hour,UTC,Providing,Current,1650465,1650466,0.25307116666667,0,0
"2026-02-08 23:00:00","2026-02-09 00:00:00",Nederland,Wind,Hour,UTC,Providing,Current,1636887,1636888,0.25098783333333,0,0
"2026-02-09 00:00:00","2026-02-09 01:00:00",Nederland,Wind,Hour,UTC,Providing,Current,1770409,1770412,0.27146033333333,0,0
"2026-02-09 01:00:00","2026-02-09 02:00:00",Nederland,Wind,Hour,UTC,Providing,Current,1883186,1883186,0.288751,0,0
"2026-02-09 02:00:00","2026-02-09 03:00:00",Nederland,Wind,Hour,UTC,Providing,Current,1802949,1802947,0.27644716666667,0,0
"2026-02-09 03:00:00","2026-02-09 04:00:00",Nederland,Wind,Hour,UTC,Providing,Current,1858186,1858188,0.28491566666667,0,0
"2026-02-09 04:00:00","2026-02-09 05:00:00",Nederland,Wind,Hour,UTC,Providing,Current,1864959,1864962,0.28595283333333,0,0
"2026-02-09 05:00:00","2026-02-09 06:00:00",Nederland,Wind,Hour,UTC,Providing,Current,2080468,2080470,0.31899533333333,0,0
"2026-02-09 06:00:00","2026-02-09 07:00:00",Nederland,Wind,Hour,UTC,Providing,Current,2032626,2032626,0.3116585,0,0
"2026-02-09 07:00:00","2026-02-09 08:00:00",Nederland,Wind,Hour,UTC,Providing,Current,2040277,2040276,0.31283033333333,0,0
"2026-02-09 08:00:00","2026-02-09 09:00:00",Nederland,Wind,Hour,UTC,Providing,Current,1946386,1946386,0.29843333333333,0,0
"2026-02-09 09:00:00","2026-02-09 10:00:00",Nederland,Wind,Hour,UTC,Providing,Current,1840969,1840967,0.28226883333333,0,0
"2026-02-09 10:00:00","2026-02-09 11:00:00",Nederland,Wind,Hour,UTC,Providing,Current,1744773,1744778,0.26751833333333,0,0
"2026-02-09 11:00:00","2026-02-09 12:00:00",Nederland,Wind,Hour,UTC,Providing,Current,1710553,1710558,0.26227033333333,0,0
"2026-02-09 12:00:00","2026-02-09 13:00:00",Nederland,Wind,Hour,UTC,Providing,Current,1534227,1534227,0.23523416666667,0,0
"2026-02-09 13:00:00","2026-02-09 14:00:00",Nederland,Wind,Hour,UTC,Providing,Current,1332083,1332086,0.20424,0,0
"2026-02-09 14:00:00","2026-02-09 15:00:00",Nederland,Wind,Hour,UTC,Providing,Current,1513818,1513822,0.23210283333333,0,0
"2026-02-09 15:00:00","2026-02-09 16:00:00",Nederland,Wind,Hour,UTC,Providing,Current,1358529,1358533,0.20829283333333,0,0
"2026-02-09 16:00:00","2026-02-09 17:00:00",Nederland,Wind,Hour,UTC,Providing,Current,908246,908247,0.13925366666667,0,0
"2026-02-09 17:00:00","2026-02-09 18:00:00",Nederland,Wind,Hour,UTC,Providing,Current,812080,812080,0.124509,0,0
"2026-02-09 18:00:00","2026-02-09 19:00:00",Nederland,Wind,Hour,UTC,Providing,Current,890804,890801,0.1365785,0,0
"2026-02-09 19:00:00","2026-02-09 20:00:00",Nederland,Wind,Hour,UTC,Providing,Current,1013168,1013169,0.15533866666667,0,0
"2026-02-09 20:00:00","2026-02-09 21:00:00",Nederland,Wind,Hour,UTC,Providing,Current,1260673,1260672,0.19328516666667,0,0
"2026-02-09 21:00:00","2026-02-09 22:00:00",Nederland,Wind,Hour,UTC,Providing,Current,1344252,1344253,0.20609883333333,0,0
"2026-02-09 22:00:00","2026-02-09 23:00:00",Nederland,Wind,Hour,UTC,Providing,Current,1318679,1318679,0.20217683333333,0,0
"2026-02-09 23:00:00","2026-02-10 00:00:00",Nederland,Wind,Hour,UTC,Providing,Current,1254973,1254974,0.192409,0,0
"2026-02-10 00:00:00","2026-02-10 01:00:00",Nederland,Wind,Hour,UTC,Providing,Current,1208498,1208503,0.18528283333333,0,0
"2026-02-10 01:00:00","2026-02-10 02:00:00",Nederland,Wind,Hour,UTC,Providing,Current,1189258,1189257,0.18233233333333,0,0
"2026-02-10 02:00:00","2026-02-10 03:00:00",Nederland,Wind,Hour,UTC,Providing,Current,1220279,1220281,0.18708766666667,0,0
"2026-02-10 03:00:00","2026-02-10 04:00:00",Nederland,Wind,Hour,UTC,Providing,Current,1283823,1283824,0.196829,0,0
"2026-02-10 04:00:00","2026-02-10 05:00:00",Nederland,Wind,Hour,UTC,Providing,Current,1213353,1213353,0.186024,0,0
"2026-02-10 05:00:00","2026-02-10 06:00:00",Nederland,Wind,Hour,UTC,Providing,Current,1145742,1145739,0.1756575,0,0
"2026-02-10 06:00:00","2026-02-10 07:00:00",Nederland,Wind,Hour,UTC,Providing,Current,1279048,1279049,0.19609433333333,0,0
"2026-02-10 07:00:00","2026-02-10 08:00:00",Nederland,Wind,Hour,UTC,Providing,Current,1484383,1484387,0.22757416666667,0,0
"2026-02-10 08:00:00","2026-02-10 09:00:00",Nederland,Wind,Hour,UTC,Providing,Current,1599959,1599958,0.24529233333333,0,0
"2026-02-10 09:00:00","2026-02-10 10:00:00",Nederland,Wind,Hour,UTC,Providing,Current,1465762,1465765,0.22471733333333,0,0
"2026-02-10 10:00:00","2026-02-10 11:00:00",Nederland,Wind,Hour,UTC,Providing,Current,1311301,1311304,0.201036,0,0
"2026-02-10 11:00:00","2026-02-10 12:00:00",Nederland,Wind,Hour,UTC,Providing,Current,1326149,1326150,0.2033115,0,0
"2026-02-10 12:00:00","2026-02-10 13:00:00",Nederland,Wind,Hour,UTC,Providing,Current,1281767,1281764,0.19650633333333,0,0
"2026-02-10 13:00:00","2026-02-10 14:00:00",Nederland,Wind,Hour,UTC,Providing,Current,1036822,1036822,0.1589535,0,0
"2026-02-10 14:00:00","2026-02-10 15:00:00",Nederland,Wind,Hour,UTC,Providing,Current,696696,696699,0.10680895,0,0
"2026-02-10 15:00:00","2026-02-10 16:00:00",Nederland,Wind,Hour,UTC,Providing,Current,608719,608722,0.093320966666667,0,0
"2026-02-10 16:00:00","2026-02-10 17:00:00",Nederland,Wind,Hour,UTC,Providing,Current,492580,492579,0.0755158,0,0
"2026-02-10 17:00:00","2026-02-10 18:00:00",Nederland,Wind,Hour,UTC,Providing,Current,440122,440119,0.067473283333333,0,0
"2026-02-10 18:00:00","2026-02-10 19:00:00",Nederland,Wind,Hour,UTC,Providing,Current,432112,432111,0.0662451,0,0
"2026-02-10 19:00:00","2026-02-10 20:00:00",Nederland,Wind,Hour,UTC,Providing,Current,403405,403405,0.061843833333333,0,0
"2026-02-10 20:00:00","2026-02-10 21:00:00",Nederland,Wind,Hour,UTC,Providing,Current,362685,362688,0.055601116666667,0,0
"2026-02-10 21:00:00","2026-02-10 22:00:00",Nederland,Wind,Hour,UTC,Providing,Current,361154,361157,0.0553661,0,0
"2026-02-10 22:00:00","2026-02-10 23:00:00",Nederland,Wind,Hour,UTC,Providing,Current,269293,269296,0.041283383333333,0,0
"2026-02-10 23:00:00","2026-02-11 00:00:00",Nederland,Wind,Hour,UTC,Providing,Current,314201,314203,0.04816765,0,0
"2026-02-11 00:00:00","2026-02-11 01:00:00",Nederland,Wind,Hour,UTC,Providing,Current,323070,323069,0.04952705,0,0
"2026-02-11 01:00:00","2026-02-11 02:00:00",Nederland,Wind,Hour,UTC,Providing,Current,254274,254274,0.038980416666667,0,0
"2026-02-11 02:00:00","2026-02-11 03:00:00",Nederland,Wind,Hour,UTC,Providing,Current,202604,202607,0.03105925,0,0
"2026-02-11 03:00:00","2026-02-11 04:00:00",Nederland,Wind,Hour,UTC,Providing,Current,182357,182360,0.027955283333333,0,0
"2026-02-11 04:00:00","2026-02-11 05:00:00",Nederland,Wind,Hour,UTC,Providing,Current,223976,223975,0.034335366666667,0,0
"2026-02-11 05:00:00","2026-02-11 06:00:00",Nederland,Wind,Hour,UTC,Providing,Current,354842,354841,0.054396683333333,0,0
"2026-02-11 06:00:00","2026-02-11 07:00:00",Nederland,Wind,Hour,UTC,Providing,Current,370300,370299,0.056766116666667,0,0
"2026-02-11 07:00:00","2026-02-11 08:00:00",Nederland,Wind,Hour,UTC,Providing,Current,455589,455589,0.069840433333333,0,0
"2026-02-11 08:00:00","2026-02-11 09:00:00",Nederland,Wind,Hour,UTC,Providing,Current,608858,608857,0.093335616666667,0,0
"2026-02-11 09:00:00","2026-02-11 10:00:00",Nederland,Wind,Hour,UTC,Providing,Current,774122,774122,0.1186695,0,0
"2026-02-11 10:00:00","2026-02-11 11:00:00",Nederland,Wind,Hour,UTC,Providing,Current,846152,846156,0.12971083333333,0,0
"2026-02-11 11:00:00","2026-02-11 12:00:00",Nederland,Wind,Hour,UTC,Providing,Current,907127,907125,0.1390575,0,0
"2026-02-11 12:00:00","2026-02-11 13:00:00",Nederland,Wind,Hour,UTC,Providing,Current,1062476,1062474,0.162871,0,0
"2026-02-11 13:00:00","2026-02-11 14:00:00",Nederland,Wind,Hour,UTC,Providing,Current,1084709,1084705,0.16627833333333,0,0
"2026-02-11 14:00:00","2026-02-11 15:00:00",Nederland,Wind,Hour,UTC,Providing,Current,1150749,1150751,0.17640116666667,0,0
"2026-02-11 15:00:00","2026-02-11 16:00:00",Nederland,Wind,Hour,UTC,Providing,Current,1349824,1349824,0.20691683333333,0,0
"2026-02-11 16:00:00","2026-02-11 17:00:00",Nederland,Wind,Hour,UTC,Providing,Current,1632780,1632784,0.250291,0,0
"2026-02-11 17:00:00","2026-02-11 18:00:00",Nederland,Wind,Hour,UTC,Providing,Current,1710990,1710989,0.26227883333333,0,0
"2026-02-11 18:00:00","2026-02-11 19:00:00",Nederland,Wind,Hour,UTC,Providing,Current,1825575,1825578,0.27984233333333,0,0
"2026-02-11 19:00:00","2026-02-11 20:00:00",Nederland,Wind,Hour,UTC,Providing,Current,2123145,2123148,0.32545533333333,0,0
"2026-02-11 20:00:00","2026-02-11 21:00:00",Nederland,Wind,Hour,UTC,Providing,Current,2053987,2053991,0.31485316666667,0,0
"2026-02-11 21:00:00","2026-02-11 22:00:00",Nederland,Wind,Hour,UTC,Providing,Current,1398336,1398337,0.21434816666667,0,0
"2026-02-11 22:00:00","2026-02-11 23:00:00",Nederland,Wind,Hour,UTC,Providing,Current,996863,996862,0.15280666666667,0,0
"2026-02-11 23:00:00","2026-02-12 00:00:00",Nederland,Wind,Hour,UTC,Providing,Current,569294,569295,0.087265316666667,0,0
"2026-02-12 00:00:00","2026-02-12 01:00:00",Nederland,Wind,Hour,UTC,Providing,Current,524125,524127,0.0803411,0,0
"2026-02-12 01:00:00","2026-02-12 02:00:00",Nederland,Wind,Hour,UTC,Providing,Current,401033,401031,0.0614726,0,0
"2026-02-12 02:00:00","2026-02-12 03:00:00",Nederland,Wind,Hour,UTC,Providing,Current,363975,363976,0.055791933333333,0,0
"2026-02-12 03:00:00","2026-02-12 04:00:00",Nederland,Wind,Hour,UTC,Providing,Current,260365,260365,0.039909916666667,0,0
"2026-02-12 04:00:00","2026-02-12 05:00:00",Nederland,Wind,Hour,UTC,Providing,Current,253953,253953,0.038926833333333,0,0
"2026-02-12 05:00:00","2026-02-12 06:00:00",Nederland,Wind,Hour,UTC,Providing,Current,230643,230645,0.03535375,0,0
"2026-02-12 06:00:00","2026-02-12 07:00:00",Nederland,Wind,Hour,UTC,Providing,Current,198383,198385,0.0304087,0,0
"2026-02-12 07:00:00","2026-02-12 08:00:00",Nederland,Wind,Hour,UTC,Providing,Current,283276,283274,0.043421033333333,0,0
"2026-02-12 08:00:00","2026-02-12 09:00:00",Nederland,Wind,Hour,UTC,Providing,Current,354734,354735,0.054374033333333,0,0
"2026-02-12 09:00:00","2026-02-12 10:00:00",Nederland,Wind,Hour,UTC,Providing,Current,428809,428812,0.065728016666667,0,0
"2026-02-12 10:00:00","2026-02-12 11:00:00",Nederland,Wind,Hour,UTC,Providing,Current,634395,634398,0.097239816666667,0,0
"2026-02-12 11:00:00","2026-02-12 12:00:00",Nederland,Wind,Hour,UTC,Providing,Current,887308,887312,0.13600583333333,0,0
"2026-02-12 12:00:00","2026-02-12 13:00:00",Nederland,Wind,Hour,UTC,Providing,Current,1425792,1425789,0.21854333333333,0,0
"2026-02-12 13:00:00","2026-02-12 14:00:00",Nederland,Wind,Hour,UTC,Providing,Current,1828513,1828514,0.28027066666667,0,0
"2026-02-12 14:00:00","2026-02-12 15:00:00",Nederland,Wind,Hour,UTC,Providing,Current,1957703,1957704,0.30007133333333,0,0
"2026-02-12 15:00:00","2026-02-12 16:00:00",Nederland,Wind,Hour,UTC,Providing,Current,2209124,2209127,0.338607,0,0
"2026-02-12 16:00:00","2026-02-12 17:00:00",Nederland,Wind,Hour,UTC,Providing,Current,2785197,2785197,0.42690366666667,0,0
"2026-02-12 17:00:00","2026-02-12 18:00:00",Nederland,Wind,Hour,UTC,Providing,Current,3057698,3057703,0.46866966666667,0,0
"2026-02-12 18:00:00","2026-02-12 19:00:00",Nederland,Wind,Hour,UTC,Providing,Current,2823203,2823202,0.43272533333333,0,0
"2026-02-12 19:00:00","2026-02-12 20:00:00",Nederland,Wind,Hour,UTC,Providing,Current,2922955,2922951,0.44801316666667,0,0
"2026-02-12 20:00:00","2026-02-12 21:00:00",Nederland,Wind,Hour,UTC,Providing,Current,2833344,2833343,0.43427616666667,0,0
"2026-02-12 21:00:00","2026-02-12 22:00:00",Nederland,Wind,Hour,UTC,Providing,Current,3261431,3261429,0.49988866666667,0,0
"2026-02-12 22:00:00","2026-02-12 23:00:00",Nederland,Wind,Hour,UTC,Providing,Current,3340989,3340992,0.51208033333333,0,0
"2026-02-12 23:00:00","2026-02-13 00:00:00",Nederland,Wind,Hour,UTC,Providing,Current,3166397,3166400,0.4853185,0,0
"2026-02-13 00:00:00","2026-02-13 01:00:00",Nederland,Wind,Hour,UTC,Providing,Current,2866775,2866771,0.439393,0,0
"2026-02-13 01:00:00","2026-02-13 02:00:00",Nederland,Wind,Hour,UTC,Providing,Current,2427373,2427371,0.372044,0,0
"2026-02-13 02:00:00","2026-02-13 03:00:00",Nederland,Wind,Hour,UTC,Providing,Current,2018117,2018116,0.309316,0,0
"2026-02-13 03:00:00","2026-02-13 04:00:00",Nederland,Wind,Hour,UTC,Providing,Current,1617890,1617892,0.24797233333333,0,0
"2026-02-13 04:00:00","2026-02-13 05:00:00",Nederland,Wind,Hour,UTC,Providing,Current,1234461,1234465,0.18920366666667,0,0
"2026-02-13 05:00:00","2026-02-13 06:00:00",Nederland,Wind,Hour,UTC,Providing,Current,916224,916221,0.14042766666667,0,0
"2026-02-13 06:00:00","2026-02-13 07:00:00",Nederland,Wind,Hour,UTC,Providing,Current,844686,844688,0.1294625,0,0
"2026-02-13 07:00:00","2026-02-13 08:00:00",Nederland,Wind,Hour,UTC,Providing,Current,881372,881371,0.1350845,0,0
"2026-02-13 08:00:00","2026-02-13 09:00:00",Nederland,Wind,Hour,UTC,Providing,Current,1113411,1113415,0.17064783333333,0,0
"2026-02-13 09:00:00","2026-02-13 10:00:00",Nederland,Wind,Hour,UTC,Providing,Current,1569893,1569890,0.24060983333333,0,0
"2026-02-13 10:00:00","2026-02-13 11:00:00",Nederland,Wind,Hour,UTC,Providing,Current,1929350,1929351,0.29570083333333,0,0
"2026-02-13 11:00:00","2026-02-13 12:00:00",Nederland,Wind,Hour,UTC,Providing,Current,2012776,2012775,0.308486,0,0
"2026-02-13 12:00:00","2026-02-13 13:00:00",Nederland,Wind,Hour,UTC,Providing,Current,2405786,2405788,0.3687185,0,0
"2026-02-13 13:00:00","2026-02-13 14:00:00",Nederland,Wind,Hour,UTC,Providing,Current,3010906,3010906,0.4614595,0,0
"2026-02-13 14:00:00","2026-02-13 15:00:00",Nederland,Wind,Hour,UTC,Providing,Current,3422468,3422469,0.524534,0,0
"2026-02-13 15:00:00","2026-02-13 16:00:00",Nederland,Wind,Hour,UTC,Providing,Current,3531157,3531157,0.54118983333333,0,0
"2026-02-13 16:00:00","2026-02-13 17:00:00",Nederland,Wind,Hour,UTC,Providing,Current,3823158,3823156,0.58593983333333,0,0
"2026-02-13 17:00:00","2026-02-13 18:00:00",Nederland,Wind,Hour,UTC,Providing,Current,4237239,4237243,0.64939916666667,0,0
"2026-02-13 18:00:00","2026-02-13 19:00:00",Nederland,Wind,Hour,UTC,Providing,Current,4017307,4017309,0.61569016666667,0,0
"2026-02-13 19:00:00","2026-02-13 20:00:00",Nederland,Wind,Hour,UTC,Providing,Current,3823327,3823325,0.58595833333333,0,0
"2026-02-13 20:00:00","2026-02-13 21:00:00",Nederland,Wind,Hour,UTC,Providing,Current,3580834,3580833,0.54879183333333,0,0
"2026-02-13 21:00:00","2026-02-13 22:00:00",Nederland,Wind,Hour,UTC,Providing,Current,3332245,3332247,0.51069166666667,0,0
"2026-02-13 22:00:00","2026-02-13 23:00:00",Nederland,Wind,Hour,UTC,Providing,Current,3203897,3203896,0.49101933333333,0,0
"2026-02-13 23:00:00","2026-02-14 00:00:00",Nederland,Wind,Hour,UTC,Providing,Current,3409489,3409486,0.52252533333333,0,0
"2026-02-14 00:00:00","2026-02-14 01:00:00",Nederland,Wind,Hour,UTC,Providing,Current,3161615,3161617,0.48453533333333,0,0
"2026-02-14 01:00:00","2026-02-14 02:00:00",Nederland,Wind,Hour,UTC,Providing,Current,3241848,3241847,0.49682933333333,0,0
"2026-02-14 02:00:00","2026-02-14 03:00:00",Nederland,Wind,Hour,UTC,Providing,Current,3631938,3631939,0.55661016666667,0,0
"2026-02-14 03:00:00","2026-02-14 04:00:00",Nederland,Wind,Hour,UTC,Providing,Current,3709057,3709059,0.56842683333333,0,0
"2026-02-14 04:00:00","2026-02-14 05:00:00",Nederland,Wind,Hour,UTC,Providing,Current,3933222,3933224,0.60277833333333,0,0
"2026-02-14 05:00:00","2026-02-14 06:00:00",Nederland,Wind,Hour,UTC,Providing,Current,4284569,4284566,0.6566205,0,0
"2026-02-14 06:00:00","2026-02-14 07:00:00",Nederland,Wind,Hour,UTC,Providing,Current,4497743,4497749,0.689287,0,0
"2026-02-14 07:00:00","2026-02-14 08:00:00",Nederland,Wind,Hour,UTC,Providing,Current,4045372,4045374,0.61995816666667,0,0
"2026-02-14 08:00:00","2026-02-14 09:00:00",Nederland,Wind,Hour,UTC,Providing,Current,3435347,3435350,0.52646866666667,0,0
"2026-02-14 09:00:00","2026-02-14 10:00:00",Nederland,Wind,Hour,UTC,Providing,Current,3740266,3740268,0.57319516666667,0,0
"2026-02-14 10:00:00","2026-02-14 11:00:00",Nederland,Wind,Hour,UTC,Providing,Current,3663759,3663765,0.56146833333333,0,0
"2026-02-14 11:00:00","2026-02-14 12:00:00",Nederland,Wind,Hour,UTC,Providing,Current,3068019,3068012,0.47016983333333,0,0
"2026-02-14 12:00:00","2026-02-14 13:00:00",Nederland,Wind,Hour,UTC,Providing,Current,2417822,2417825,0.37052633333333,0,0
"2026-02-14 13:00:00","2026-02-14 14:00:00",Nederland,Wind,Hour,UTC,Providing,Current,1849574,1849577,0.28344216666667,0,0
"2026-02-14 14:00:00","2026-02-14 15:00:00",Nederland,Wind,Hour,UTC,Providing,Current,1570331,1570327,0.24064816666667,0,0
"2026-02-14 15:00:00","2026-02-14 16:00:00",Nederland,Wind,Hour,UTC,Providing,Current,1117714,1117715,0.1712855,0,0
"2026-02-14 16:00:00","2026-02-14 17:00:00",Nederland,Wind,Hour,UTC,Providing,Current,522554,522555,0.08007915,0,0
"2026-02-14 17:00:00","2026-02-14 18:00:00",Nederland,Wind,Hour,UTC,Providing,Current,113570,113570,0.017404048333333,0,0
"2026-02-14 18:00:00","2026-02-14 19:00:00",Nederland,Wind,Hour,UTC,Providing,Current,21180,21179,0.00324574,0,0
"2026-02-14 19:00:00","2026-02-14 20:00:00",Nederland,Wind,Hour,UTC,Providing,Current,2528,2529,0.00038752666666667,0,0
"2026-02-14 20:00:00","2026-02-14 21:00:00",Nederland,Wind,Hour,UTC,Providing,Current,20030,20031,0.0030695833333333,0,0
"2026-02-14 21:00:00","2026-02-14 22:00:00",Nederland,Wind,Hour,UTC,Providing,Current,28830,28832,0.0044181,0,0
"2026-02-14 22:00:00","2026-02-14 23:00:00",Nederland,Wind,Hour,UTC,Providing,Current,50000,49999,0.0076621316666667,0,0
"2026-02-14 23:00:00","2026-02-15 00:00:00",Nederland,Wind,Hour,UTC,Providing,Current,126475,126475,0.019381216666667,0,0
"2026-02-15 00:00:00","2026-02-15 01:00:00",Nederland,Wind,Hour,UTC,Providing,Current,271956,271960,0.041674766666667,0,0
"2026-02-15 01:00:00","2026-02-15 02:00:00",Nederland,Wind,Hour,UTC,Providing,Current,361376,361375,0.055377266666667,0,0
"2026-02-15 02:00:00","2026-02-15 03:00:00",Nederland,Wind,Hour,UTC,Providing,Current,483472,483475,0.0740869,0,0
"2026-02-15 03:00:00","2026-02-15 04:00:00",Nederland,Wind,Hour,UTC,Providing,Current,607900,607903,0.0931538,0,0
"2026-02-15 04:00:00","2026-02-15 05:00:00",Nederland,Wind,Hour,UTC,Providing,Current,824314,824313,0.126316,0,0
"2026-02-15 05:00:00","2026-02-15 06:00:00",Nederland,Wind,Hour,UTC,Providing,Current,1148922,1148921,0.17605783333333,0,0
"2026-02-15 06:00:00","2026-02-15 07:00:00",Nederland,Wind,Hour,UTC,Providing,Current,1415359,1415362,0.21688466666667,0,0
"2026-02-15 07:00:00","2026-02-15 08:00:00",Nederland,Wind,Hour,UTC,Providing,Current,1920943,1920943,0.29435733333333,0,0
"2026-02-15 08:00:00","2026-02-15 09:00:00",Nederland,Wind,Hour,UTC,Providing,Current,2744015,2744015,0.42048,0,0
"2026-02-15 09:00:00","2026-02-15 10:00:00",Nederland,Wind,Hour,UTC,Providing,Current,3546989,3546989,0.5435215,0,0
"2026-02-15 10:00:00","2026-02-15 11:00:00",Nederland,Wind,Hour,UTC,Providing,Current,4403753,4403751,0.67480466666667,0,0
"2026-02-15 11:00:00","2026-02-15 12:00:00",Nederland,Wind,Hour,UTC,Providing,Current,5513722,5513717,0.84488616666667,0,0
"2026-02-15 12:00:00","2026-02-15 13:00:00",Nederland,Wind,Hour,UTC,Providing,Current,5736325,5736328,0.87899283333333,0,0
"2026-02-15 13:00:00","2026-02-15 14:00:00",Nederland,Wind,Hour,UTC,Providing,Current,5765645,5765641,0.88348216666667,0,0
"2026-02-15 14:00:00","2026-02-15 15:00:00",Nederland,Wind,Hour,UTC,Providing,Current,5615749,5615758,0.86050966666667,0,0
"2026-02-15 15:00:00","2026-02-15 16:00:00",Nederland,Wind,Hour,UTC,Providing,Current,5204144,5204141,0.79743533333333,0,0
"2026-02-15 16:00:00","2026-02-15 17:00:00",Nederland,Wind,Hour,UTC,Providing,Current,4659523,4659521,0.71397966666667,0,0
"2026-02-15 17:00:00","2026-02-15 18:00:00",Nederland,Wind,Hour,UTC,Providing,Current,4674421,4674424,0.7162595,0,0
"2026-02-15 18:00:00","2026-02-15 19:00:00",Nederland,Wind,Hour,UTC,Providing,Current,4279771,4279775,0.655785,0,0
"2026-02-15 19:00:00","2026-02-15 20:00:00",Nederland,Wind,Hour,UTC,Providing,Current,3996646,3996645,0.61239933333333,0,0
"2026-02-15 20:00:00","2026-02-15 21:00:00",Nederland,Wind,Hour,UTC,Providing,Current,3862011,3862012,0.59176716666667,0,0
"2026-02-15 21:00:00","2026-02-15 22:00:00",Nederland,Wind,Hour,UTC,Providing,Current,3697036,3697038,0.56648583333333,0,0
"2026-02-15 22:00:00","2026-02-15 23:00:00",Nederland,Wind,Hour,UTC,Providing,Current,3439205,3439206,0.52697733333333,0,0
"2026-02-15 23:00:00","2026-02-16 00:00:00",Nederland,Wind,Hour,UTC,Providing,Current,2829706,2829709,0.43358383333333,0,0
"2026-02-16 00:00:00","2026-02-16 01:00:00",Nederland,Wind,Hour,UTC,Providing,Current,2375946,2375946,0.3640545,0,0
"2026-02-16 01:00:00","2026-02-16 02:00:00",Nederland,Wind,Hour,UTC,Providing,Current,2101297,2101295,0.32197016666667,0,0
"2026-02-16 02:00:00","2026-02-16 03:00:00",Nederland,Wind,Hour,UTC,Providing,Current,1959063,1959066,0.30017516666667,0,0
"2026-02-16 03:00:00","2026-02-16 04:00:00",Nederland,Wind,Hour,UTC,Providing,Current,1789808,1789805,0.27424033333333,0,0
"2026-02-16 04:00:00","2026-02-16 05:00:00",Nederland,Wind,Hour,UTC,Providing,Current,1435587,1435585,0.2199645,0,0
"2026-02-16 05:00:00","2026-02-16 06:00:00",Nederland,Wind,Hour,UTC,Providing,Current,1295027,1295029,0.19842666666667,0,0
"2026-02-16 06:00:00","2026-02-16 07:00:00",Nederland,Wind,Hour,UTC,Providing,Current,1286599,1286599,0.1971345,0,0
"2026-02-16 07:00:00","2026-02-16 08:00:00",Nederland,Wind,Hour,UTC,Providing,Current,1322875,1322877,0.202692,0,0
"2026-02-16 08:00:00","2026-02-16 09:00:00",Nederland,Wind,Hour,UTC,Providing,Current,1256793,1256796,0.192566,0,0
"2026-02-16 09:00:00","2026-02-16 10:00:00",Nederland,Wind,Hour,UTC,Providing,Current,1676438,1676436,0.25686283333333,0,0
"2026-02-16 10:00:00","2026-02-16 11:00:00",Nederland,Wind,Hour,UTC,Providing,Current,1961810,1961809,0.300586,0,0
"2026-02-16 11:00:00","2026-02-16 12:00:00",Nederland,Wind,Hour,UTC,Providing,Current,2113948,2113949,0.323895,0,0
"2026-02-16 12:00:00","2026-02-16 13:00:00",Nederland,Wind,Hour,UTC,Providing,Current,2458153,2458155,0.37663216666667,0,0
"2026-02-16 13:00:00","2026-02-16 14:00:00",Nederland,Wind,Hour,UTC,Providing,Current,2567079,2567080,0.39332,0,0
"2026-02-16 14:00:00","2026-02-16 15:00:00",Nederland,Wind,Hour,UTC,Providing,Current,2609636,2609636,0.39983866666667,0,0
"2026-02-16 15:00:00","2026-02-16 16:00:00",Nederland,Wind,Hour,UTC,Providing,Current,2436726,2436729,0.37334466666667,0,0
"2026-02-16 16:00:00","2026-02-16 17:00:00",Nederland,Wind,Hour,UTC,Providing,Current,1655318,1655315,0.25361933333333,0,0
"2026-02-16 17:00:00","2026-02-16 18:00:00",Nederland,Wind,Hour,UTC,Providing,Current,1081534,1081532,0.1657065,0,0
"2026-02-16 18:00:00","2026-02-16 19:00:00",Nederland,Wind,Hour,UTC,Providing,Current,710899,710898,0.10891953333333,0,0
"2026-02-16 19:00:00","2026-02-16 20:00:00",Nederland,Wind,Hour,UTC,Providing,Current,689915,689915,0.10570416666667,0,0
"2026-02-16 20:00:00","2026-02-16 21:00:00",Nederland,Wind,Hour,UTC,Providing,Current,757649,757651,0.11608116666667,0,0
"2026-02-16 21:00:00","2026-02-16 22:00:00",Nederland,Wind,Hour,UTC,Providing,Current,639624,639630,0.097998066666667,0,0
"2026-02-16 22:00:00","2026-02-16 23:00:00",Nederland,Wind,Hour,UTC,Providing,Current,747355,747356,0.11450313333333,0,0
"2026-02-16 23:00:00","2026-02-17 00:00:00",Nederland,Wind,Hour,UTC,Providing,Current,843777,843777,0.1292755,0,0
"2026-02-17 00:00:00","2026-02-17 01:00:00",Nederland,Wind,Hour,UTC,Providing,Current,866110,866104,0.13269666666667,0,0
"2026-02-17 01:00:00","2026-02-17 02:00:00",Nederland,Wind,Hour,UTC,Providing,Current,914991,914996,0.14018516666667,0,0
"2026-02-17 02:00:00","2026-02-17 03:00:00",Nederland,Wind,Hour,UTC,Providing,Current,970601,970602,0.14870466666667,0,0
"2026-02-17 03:00:00","2026-02-17 04:00:00",Nederland,Wind,Hour,UTC,Providing,Current,1023403,1023402,0.15679366666667,0,0
"2026-02-17 04:00:00","2026-02-17 05:00:00",Nederland,Wind,Hour,UTC,Providing,Current,1081881,1081884,0.16575216666667,0,0
"2026-02-17 05:00:00","2026-02-17 06:00:00",Nederland,Wind,Hour,UTC,Providing,Current,1435801,1435799,0.2199745,0,0
"2026-02-17 06:00:00","2026-02-17 07:00:00",Nederland,Wind,Hour,UTC,Providing,Current,1641344,1641347,0.251464,0,0
"2026-02-17 07:00:00","2026-02-17 08:00:00",Nederland,Wind,Hour,UTC,Providing,Current,2060432,2060429,0.3156695,0,0
"2026-02-17 08:00:00","2026-02-17 09:00:00",Nederland,Wind,Hour,UTC,Providing,Current,2406538,2406537,0.36869316666667,0,0
"2026-02-17 09:00:00","2026-02-17 10:00:00",Nederland,Wind,Hour,UTC,Providing,Current,2949008,2949005,0.45180033333333,0,0
"2026-02-17 10:00:00","2026-02-17 11:00:00",Nederland,Wind,Hour,UTC,Providing,Current,4045908,4045907,0.61984733333333,0,0
"2026-02-17 11:00:00","2026-02-17 12:00:00",Nederland,Wind,Hour,UTC,Providing,Current,5078883,5078885,0.7780995,0,0
"2026-02-17 12:00:00","2026-02-17 13:00:00",Nederland,Wind,Hour,UTC,Providing,Current,5836259,5836262,0.894128,0,0
"2026-02-17 13:00:00","2026-02-17 14:00:00",Nederland,Wind,Hour,UTC,Providing,Current,6107817,6107818,0.93572733333333,0,0
"2026-02-17 14:00:00","2026-02-17 15:00:00",Nederland,Wind,Hour,UTC,Providing,Current,6126075,6126076,0.93852066666667,0,0
"2026-02-17 15:00:00","2026-02-17 16:00:00",Nederland,Wind,Hour,UTC,Providing,Current,5912650,5912646,0.90582,0,0
"2026-02-17 16:00:00","2026-02-17 17:00:00",Nederland,Wind,Hour,UTC,Providing,Current,5394809,5394812,0.826483,0,0
"2026-02-17 17:00:00","2026-02-17 18:00:00",Nederland,Wind,Hour,UTC,Providing,Current,5139113,5139114,0.78730733333333,0,0
"2026-02-17 18:00:00","2026-02-17 19:00:00",Nederland,Wind,Hour,UTC,Providing,Current,5085003,5085003,0.77901466666667,0,0
"2026-02-17 19:00:00","2026-02-17 20:00:00",Nederland,Wind,Hour,UTC,Providing,Current,4919568,4919565,0.753667,0,0
"2026-02-17 20:00:00","2026-02-17 21:00:00",Nederland,Wind,Hour,UTC,Providing,Current,4567652,4567650,0.69975116666667,0,0
"2026-02-17 21:00:00","2026-02-17 22:00:00",Nederland,Wind,Hour,UTC,Providing,Current,4277756,4277753,0.6553375,0,0
"2026-02-17 22:00:00","2026-02-17 23:00:00",Nederland,Wind,Hour,UTC,Providing,Current,3885141,3885144,0.59518766666667,0,0
"2026-02-17 23:00:00","2026-02-18 00:00:00",Nederland,Wind,Hour,UTC,Providing,Current,3046006,3046010,0.46663383333333,0,0
"2026-02-18 00:00:00","2026-02-18 01:00:00",Nederland,Wind,Hour,UTC,Providing,Current,1958672,1958672,0.300058,0,0
"2026-02-18 01:00:00","2026-02-18 02:00:00",Nederland,Wind,Hour,UTC,Providing,Current,1546506,1546508,0.2369155,0,0
"2026-02-18 02:00:00","2026-02-18 03:00:00",Nederland,Wind,Hour,UTC,Providing,Current,1094287,1094287,0.16763783333333,0,0
"2026-02-18 03:00:00","2026-02-18 04:00:00",Nederland,Wind,Hour,UTC,Providing,Current,655866,655864,0.10047388333333,0,0
"2026-02-18 04:00:00","2026-02-18 05:00:00",Nederland,Wind,Hour,UTC,Providing,Current,406048,406048,0.062203383333333,0,0
"2026-02-18 05:00:00","2026-02-18 06:00:00",Nederland,Wind,Hour,UTC,Providing,Current,300817,300817,0.046082616666667,0,0
"2026-02-18 06:00:00","2026-02-18 07:00:00",Nederland,Wind,Hour,UTC,Providing,Current,282310,282311,0.043247383333333,0,0
"2026-02-18 07:00:00","2026-02-18 08:00:00",Nederland,Wind,Hour,UTC,Providing,Current,479230,479231,0.0734134,0,0
"2026-02-18 08:00:00","2026-02-18 09:00:00",Nederland,Wind,Hour,UTC,Providing,Current,1003942,1003945,0.15379366666667,0,0
"2026-02-18 09:00:00","2026-02-18 10:00:00",Nederland,Wind,Hour,UTC,Providing,Current,2014251,2014248,0.308561,0,0
"2026-02-18 10:00:00","2026-02-18 11:00:00",Nederland,Wind,Hour,UTC,Providing,Current,3097773,3097772,0.47454233333333,0,0
"2026-02-18 11:00:00","2026-02-18 12:00:00",Nederland,Wind,Hour,UTC,Providing,Current,3466460,3466464,0.531019,0,0
"2026-02-18 12:00:00","2026-02-18 13:00:00",Nederland,Wind,Hour,UTC,Providing,Current,3955043,3955044,0.60586116666667,0,0
"2026-02-18 13:00:00","2026-02-18 14:00:00",Nederland,Wind,Hour,UTC,Providing,Current,4592296,4592296,0.70347716666667,0,0
"2026-02-18 14:00:00","2026-02-18 15:00:00",Nederland,Wind,Hour,UTC,Providing,Current,5020963,5020959,0.7691395,0,0
"2026-02-18 15:00:00","2026-02-18 16:00:00",Nederland,Wind,Hour,UTC,Providing,Current,5310812,5310815,0.81353716666667,0,0
"2026-02-18 16:00:00","2026-02-18 17:00:00",Nederland,Wind,Hour,UTC,Providing,Current,5112277,5112276,0.78312116666667,0,0
"2026-02-18 17:00:00","2026-02-18 18:00:00",Nederland,Wind,Hour,UTC,Providing,Current,5311030,5311030,0.81356366666667,0,0
"2026-02-18 18:00:00","2026-02-18 19:00:00",Nederland,Wind,Hour,UTC,Providing,Current,5615819,5615820,0.86024916666667,0,0
"2026-02-18 19:00:00","2026-02-18 20:00:00",Nederland,Wind,Hour,UTC,Providing,Current,5804616,5804614,0.88916616666667,0,0
"2026-02-18 20:00:00","2026-02-18 21:00:00",Nederland,Wind,Hour,UTC,Providing,Current,5844944,5844945,0.89533983333333,0,0
"2026-02-18 21:00:00","2026-02-18 22:00:00",Nederland,Wind,Hour,UTC,Providing,Current,5867539,5867534,0.89879716666667,0,0
"2026-02-18 22:00:00","2026-02-18 23:00:00",Nederland,Wind,Hour,UTC,Providing,Current,5998743,5998740,0.91889133333333,0,0
"2026-02-18 23:00:00","2026-02-19 00:00:00",Nederland,Wind,Hour,UTC,Providing,Current,6050617,6050625,0.926834,0,0
"2026-02-19 00:00:00","2026-02-19 01:00:00",Nederland,Wind,Hour,UTC,Providing,Current,6087195,6087195,0.932433,0,0
"2026-02-19 01:00:00","2026-02-19 02:00:00",Nederland,Wind,Hour,UTC,Providing,Current,6147013,6147016,0.941592,0,0
"2026-02-19 02:00:00","2026-02-19 03:00:00",Nederland,Wind,Hour,UTC,Providing,Current,6128807,6128805,0.93879933333333,0,0
"2026-02-19 03:00:00","2026-02-19 04:00:00",Nederland,Wind,Hour,UTC,Providing,Current,6196995,6196992,0.94924016666667,0,0
"2026-02-19 04:00:00","2026-02-19 05:00:00",Nederland,Wind,Hour,UTC,Providing,Current,6201694,6201693,0.94995616666667,0,0
"2026-02-19 05:00:00","2026-02-19 06:00:00",Nederland,Wind,Hour,UTC,Providing,Current,6208875,6208874,0.95105216666667,0,0
"2026-02-19 06:00:00","2026-02-19 07:00:00",Nederland,Wind,Hour,UTC,Providing,Current,6223036,6223036,0.95321716666667,0,0
"2026-02-19 07:00:00","2026-02-19 08:00:00",Nederland,Wind,Hour,UTC,Providing,Current,6136171,6136170,0.93990766666667,0,0
"2026-02-19 08:00:00","2026-02-19 09:00:00",Nederland,Wind,Hour,UTC,Providing,Current,6134825,6134824,0.93969766666667,0,0
"2026-02-19 09:00:00","2026-02-19 10:00:00",Nederland,Wind,Hour,UTC,Providing,Current,6178640,6178639,0.94640533333333,0,0
"2026-02-19 10:00:00","2026-02-19 11:00:00",Nederland,Wind,Hour,UTC,Providing,Current,6230642,6230643,0.95436666666667,0,0
"2026-02-19 11:00:00","2026-02-19 12:00:00",Nederland,Wind,Hour,UTC,Providing,Current,6251026,6251029,0.95748483333333,0,0
"2026-02-19 12:00:00","2026-02-19 13:00:00",Nederland,Wind,Hour,UTC,Providing,Current,6152744,6152746,0.942427,0,0
"2026-02-19 13:00:00","2026-02-19 14:00:00",Nederland,Wind,Hour,UTC,Providing,Current,5932233,5932234,0.908647,0,0
"2026-02-19 14:00:00","2026-02-19 15:00:00",Nederland,Wind,Hour,UTC,Providing,Current,5833614,5833610,0.89353816666667,0,0
"2026-02-19 15:00:00","2026-02-19 16:00:00",Nederland,Wind,Hour,UTC,Providing,Current,5656938,5656940,0.8664725,0,0
"2026-02-19 16:00:00","2026-02-19 17:00:00",Nederland,Wind,Hour,UTC,Providing,Current,5230452,5230453,0.80114466666667,0,0
"2026-02-19 17:00:00","2026-02-19 18:00:00",Nederland,Wind,Hour,UTC,Providing,Current,4617479,4617484,0.70725283333333,0,0
"2026-02-19 18:00:00","2026-02-19 19:00:00",Nederland,Wind,Hour,UTC,Providing,Current,4347941,4347940,0.6659655,0,0
"2026-02-19 19:00:00","2026-02-19 20:00:00",Nederland,Wind,Hour,UTC,Providing,Current,4282376,4282378,0.65592033333333,0,0
"2026-02-19 20:00:00","2026-02-19 21:00:00",Nederland,Wind,Hour,UTC,Providing,Current,3866936,3866936,0.5922855,0,0
"2026-02-19 21:00:00","2026-02-19 22:00:00",Nederland,Wind,Hour,UTC,Providing,Current,3518345,3518344,0.53889116666667,0,0
"2026-02-19 22:00:00","2026-02-19 23:00:00",Nederland,Wind,Hour,UTC,Providing,Current,3298127,3298126,0.50515916666667,0,0
"2026-02-19 23:00:00","2026-02-20 00:00:00",Nederland,Wind,Hour,UTC,Providing,Current,3143746,3143745,0.48151116666667,0,0
"2026-02-20 00:00:00","2026-02-20 01:00:00",Nederland,Wind,Hour,UTC,Providing,Current,2451496,2451496,0.37548133333333,0,0
"2026-02-20 01:00:00","2026-02-20 02:00:00",Nederland,Wind,Hour,UTC,Providing,Current,2225159,2225157,0.34081316666667,0,0
"2026-02-20 02:00:00","2026-02-20 03:00:00",Nederland,Wind,Hour,UTC,Providing,Current,2056357,2056358,0.3149575,0,0
"2026-02-20 03:00:00","2026-02-20 04:00:00",Nederland,Wind,Hour,UTC,Providing,Current,1758198,1758201,0.26928966666667,0,0
"2026-02-20 04:00:00","2026-02-20 05:00:00",Nederland,Wind,Hour,UTC,Providing,Current,1909003,1909000,0.292386,0,0
"2026-02-20 05:00:00","2026-02-20 06:00:00",Nederland,Wind,Hour,UTC,Providing,Current,1871675,1871679,0.28666766666667,0,0
"2026-02-20 06:00:00","2026-02-20 07:00:00",Nederland,Wind,Hour,UTC,Providing,Current,1602584,1602588,0.24545233333333,0,0
"2026-02-20 07:00:00","2026-02-20 08:00:00",Nederland,Wind,Hour,UTC,Providing,Current,1733987,1733988,0.26557716666667,0,0
"2026-02-20 08:00:00","2026-02-20 09:00:00",Nederland,Wind,Hour,UTC,Providing,Current,1852542,1852539,0.28373366666667,0,0
"2026-02-20 09:00:00","2026-02-20 10:00:00",Nederland,Wind,Hour,UTC,Providing,Current,1966603,1966602,0.30120166666667,0,0
"2026-02-20 10:00:00","2026-02-20 11:00:00",Nederland,Wind,Hour,UTC,Providing,Current,2257213,2257216,0.34570966666667,0,0
"2026-02-20 11:00:00","2026-02-20 12:00:00",Nederland,Wind,Hour,UTC,Providing,Current,2592032,2592031,0.39698816666667,0,0
"2026-02-20 12:00:00","2026-02-20 13:00:00",Nederland,Wind,Hour,UTC,Providing,Current,3322223,3322222,0.50882,0,0
"2026-02-20 13:00:00","2026-02-20 14:00:00",Nederland,Wind,Hour,UTC,Providing,Current,4119869,4119870,0.6309825,0,0
"2026-02-20 14:00:00","2026-02-20 15:00:00",Nederland,Wind,Hour,UTC,Providing,Current,4243500,4243503,0.6499145,0,0
"2026-02-20 15:00:00","2026-02-20 16:00:00",Nederland,Wind,Hour,UTC,Providing,Current,4136119,4136118,0.633466,0,0
"2026-02-20 16:00:00","2026-02-20 17:00:00",Nederland,Wind,Hour,UTC,Providing,Current,3913237,3913233,0.59932783333333,0,0
"2026-02-20 17:00:00","2026-02-20 18:00:00",Nederland,Wind,Hour,UTC,Providing,Current,4097638,4097636,0.62756716666667,0,0
"2026-02-20 18:00:00","2026-02-20 19:00:00",Nederland,Wind,Hour,UTC,Providing,Current,4924298,4924294,0.75416983333333,0,0
"2026-02-20 19:00:00","2026-02-20 20:00:00",Nederland,Wind,Hour,UTC,Providing,Current,5774039,5774038,0.88430633333333,0,0
"2026-02-20 20:00:00","2026-02-20 21:00:00",Nederland,Wind,Hour,UTC,Providing,Current,6134787,6134786,0.939552,0,0
"2026-02-20 21:00:00","2026-02-20 22:00:00",Nederland,Wind,Hour,UTC,Providing,Current,6316655,6316651,0.96740116666667,0,0
"2026-02-20 22:00:00","2026-02-20 23:00:00",Nederland,Wind,Hour,UTC,Providing,Current,6354797,6354799,0.973239,0,0
"2026-02-20 23:00:00","2026-02-21 00:00:00",Nederland,Wind,Hour,UTC,Providing,Current,6119394,6119395,0.93718266666667,0,0
"2026-02-21 00:00:00","2026-02-21 01:00:00",Nederland,Wind,Hour,UTC,Providing,Current,5921554,5921554,0.90688,0,0
"2026-02-21 01:00:00","2026-02-21 02:00:00",Nederland,Wind,Hour,UTC,Providing,Current,5773566,5773562,0.88421183333333,0,0
"2026-02-21 02:00:00","2026-02-21 03:00:00",Nederland,Wind,Hour,UTC,Providing,Current,5533721,5533723,0.84747666666667,0,0
"2026-02-21 03:00:00","2026-02-21 04:00:00",Nederland,Wind,Hour,UTC,Providing,Current,5402643,5402644,0.82739883333333,0,0
"2026-02-21 04:00:00","2026-02-21 05:00:00",Nederland,Wind,Hour,UTC,Providing,Current,4763131,4763130,0.7294565,0,0
"2026-02-21 05:00:00","2026-02-21 06:00:00",Nederland,Wind,Hour,UTC,Providing,Current,4517471,4517471,0.69183166666667,0,0
"2026-02-21 06:00:00","2026-02-21 07:00:00",Nederland,Wind,Hour,UTC,Providing,Current,4367829,4367833,0.668912,0,0
"2026-02-21 07:00:00","2026-02-21 08:00:00",Nederland,Wind,Hour,UTC,Providing,Current,4079145,4079145,0.62469866666667,0,0
"2026-02-21 08:00:00","2026-02-21 09:00:00",Nederland,Wind,Hour,UTC,Providing,Current,3923130,3923128,0.60080333333333,0,0
"2026-02-21 09:00:00","2026-02-21 10:00:00",Nederland,Wind,Hour,UTC,Providing,Current,4140374,4140371,0.63407016666667,0,0
"2026-02-21 10:00:00","2026-02-21 11:00:00",Nederland,Wind,Hour,UTC,Providing,Current,4453955,4453953,0.68209033333333,0,0
"2026-02-21 11:00:00","2026-02-21 12:00:00",Nederland,Wind,Hour,UTC,Providing,Current,5047633,5047635,0.7730045,0,0
"2026-02-21 12:00:00","2026-02-21 13:00:00",Nederland,Wind,Hour,UTC,Providing,Current,5100061,5100062,0.78103033333333,0,0
"2026-02-21 13:00:00","2026-02-21 14:00:00",Nederland,Wind,Hour,UTC,Providing,Current,4303012,4303010,0.65896633333333,0,0
"2026-02-21 14:00:00","2026-02-21 15:00:00",Nederland,Wind,Hour,UTC,Providing,Current,3829567,3829567,0.58646,0,0
"2026-02-21 15:00:00","2026-02-21 16:00:00",Nederland,Wind,Hour,UTC,Providing,Current,3579668,3579668,0.54818833333333,0,0
"2026-02-21 16:00:00","2026-02-21 17:00:00",Nederland,Wind,Hour,UTC,Providing,Current,3415579,3415578,0.52305783333333,0,0
"2026-02-21 17:00:00","2026-02-21 18:00:00",Nederland,Wind,Hour,UTC,Providing,Current,2915289,2915288,0.446442,0,0
"2026-02-21 18:00:00","2026-02-21 19:00:00",Nederland,Wind,Hour,UTC,Providing,Current,2454109,2454108,0.375816,0,0
"2026-02-21 19:00:00","2026-02-21 20:00:00",Nederland,Wind,Hour,UTC,Providing,Current,2804154,2804156,0.4294195,0,0
"2026-02-21 20:00:00","2026-02-21 21:00:00",Nederland,Wind,Hour,UTC,Providing,Current,3158524,3158524,0.48368466666667,0,0
"2026-02-21 21:00:00","2026-02-21 22:00:00",Nederland,Wind,Hour,UTC,Providing,Current,3268766,3268763,0.50056433333333,0,0
"2026-02-21 22:00:00","2026-02-21 23:00:00",Nederland,Wind,Hour,UTC,Providing,Current,3470610,3470611,0.53147183333333,0,0
"2026-02-21 23:00:00","2026-02-22 00:00:00",Nederland,Wind,Hour,UTC,Providing,Current,4203122,4203124,0.64364233333333,0,0
"2026-02-22 00:00:00","2026-02-22 01:00:00",Nederland,Wind,Hour,UTC,Providing,Current,4751339,4751342,0.72759016666667,0,0
"2026-02-22 01:00:00","2026-02-22 02:00:00",Nederland,Wind,Hour,UTC,Providing,Current,4915742,4915743,0.75276233333333,0,0
"2026-02-22 02:00:00","2026-02-22 03:00:00",Nederland,Wind,Hour,UTC,Providing,Current,5494088,5494087,0.84132316666667,0,0
"2026-02-22 03:00:00","2026-02-22 04:00:00",Nederland,Wind,Hour,UTC,Providing,Current,5555953,5555949,0.850793,0,0
"2026-02-22 04:00:00","2026-02-22 05:00:00",Nederland,Wind,Hour,UTC,Providing,Current,5638812,5638812,0.86347783333333,0,0
"2026-02-22 05:00:00","2026-02-22 06:00:00",Nederland,Wind,Hour,UTC,Providing,Current,5784294,5784294,0.885752,0,0
"2026-02-22 06:00:00","2026-02-22 07:00:00",Nederland,Wind,Hour,UTC,Providing,Current,5680854,5680858,0.8699085,0,0
"2026-02-22 07:00:00","2026-02-22 08:00:00",Nederland,Wind,Hour,UTC,Providing,Current,5566368,5566367,0.85237383333333,0,0
"2026-02-22 08:00:00","2026-02-22 09:00:00",Nederland,Wind,Hour,UTC,Providing,Current,5536996,5536999,0.8478725,0,0
"2026-02-22 09:00:00","2026-02-22 10:00:00",Nederland,Wind,Hour,UTC,Providing,Current,5955030,5955030,0.91188183333333,0,0
"2026-02-22 10:00:00","2026-02-22 11:00:00",Nederland,Wind,Hour,UTC,Providing,Current,6056003,6056002,0.92733983333333,0,0
"2026-02-22 11:00:00","2026-02-22 12:00:00",Nederland,Wind,Hour,UTC,Providing,Current,6109648,6109648,0.93555066666667,0,0
"2026-02-22 12:00:00","2026-02-22 13:00:00",Nederland,Wind,Hour,UTC,Providing,Current,6158965,6158962,0.94309816666667,0,0
"2026-02-22 13:00:00","2026-02-22 14:00:00",Nederland,Wind,Hour,UTC,Providing,Current,6120484,6120485,0.93720216666667,0,0
"2026-02-22 14:00:00","2026-02-22 15:00:00",Nederland,Wind,Hour,UTC,Providing,Current,6139240,6139241,0.94007,0,0
"2026-02-22 15:00:00","2026-02-22 16:00:00",Nederland,Wind,Hour,UTC,Providing,Current,5966093,5966098,0.91355333333333,0,0
"2026-02-22 16:00:00","2026-02-22 17:00:00",Nederland,Wind,Hour,UTC,Providing,Current,5146258,5146256,0.7880135,0,0
"2026-02-22 17:00:00","2026-02-22 18:00:00",Nederland,Wind,Hour,UTC,Providing,Current,3826168,3826167,0.58587433333333,0,0
"2026-02-22 18:00:00","2026-02-22 19:00:00",Nederland,Wind,Hour,UTC,Providing,Current,3226718,3226720,0.49408266666667,0,0
"2026-02-22 19:00:00","2026-02-22 20:00:00",Nederland,Wind,Hour,UTC,Providing,Current,3252543,3252543,0.49803483333333,0,0
"2026-02-22 20:00:00","2026-02-22 21:00:00",Nederland,Wind,Hour,UTC,Providing,Current,3487110,3487109,0.53395,0,0
"2026-02-22 21:00:00","2026-02-22 22:00:00",Nederland,Wind,Hour,UTC,Providing,Current,3444739,3444736,0.52745983333333,0,0
"2026-02-22 22:00:00","2026-02-22 23:00:00",Nederland,Wind,Hour,UTC,Providing,Current,3787435,3787435,0.579931,0,0
"2026-02-22 23:00:00","2026-02-23 00:00:00",Nederland,Wind,Hour,UTC,Providing,Current,4068090,4068090,0.6229025,0,0
"2026-02-23 00:00:00","2026-02-23 01:00:00",Nederland,Wind,Hour,UTC,Providing,Current,4466027,4466023,0.6838315,0,0
"2026-02-23 01:00:00","2026-02-23 02:00:00",Nederland,Wind,Hour,UTC,Providing,Current,4479076,4479079,0.68582666666667,0,0
"2026-02-23 02:00:00","2026-02-23 03:00:00",Nederland,Wind,Hour,UTC,Providing,Current,4303015,4303016,0.65886583333333,0,0
"2026-02-23 03:00:00","2026-02-23 04:00:00",Nederland,Wind,Hour,UTC,Providing,Current,4910024,4910024,0.75180616666667,0,0
"2026-02-23 04:00:00","2026-02-23 05:00:00",Nederland,Wind,Hour,UTC,Providing,Current,5391770,5391771,0.82556583333333,0,0
"2026-02-23 05:00:00","2026-02-23 06:00:00",Nederland,Wind,Hour,UTC,Providing,Current,5432458,5432458,0.8317925,0,0
"2026-02-23 06:00:00","2026-02-23 07:00:00",Nederland,Wind,Hour,UTC,Providing,Current,5431584,5431590,0.8316555,0,0
"2026-02-23 07:00:00","2026-02-23 08:00:00",Nederland,Wind,Hour,UTC,Providing,Current,5460090,5460091,0.83601633333333,0,0
"2026-02-23 08:00:00","2026-02-23 09:00:00",Nederland,Wind,Hour,UTC,Providing,Current,5637526,5637529,0.86318083333333,0,0
"2026-02-23 09:00:00","2026-02-23 10:00:00",Nederland,Wind,Hour,UTC,Providing,Current,6030388,6030387,0.92332933333333,0,0
"2026-02-23 10:00:00","2026-02-23 11:00:00",Nederland,Wind,Hour,UTC,Providing,Current,6267840,6267845,0.95968266666667,0,0
"2026-02-23 11:00:00","2026-02-23 12:00:00",Nederland,Wind,Hour,UTC,Providing,Current,6390873,6390876,0.97851633333333,0,0
"2026-02-23 12:00:00","2026-02-23 13:00:00",Nederland,Wind,Hour,UTC,Providing,Current,6409126,6409130,0.98130666666667,0,0
"2026-02-23 13:00:00","2026-02-23 14:00:00",Nederland,Wind,Hour,UTC,Providing,Current,6438045,6438046,0.9857305,0,0
"2026-02-23 14:00:00","2026-02-23 15:00:00",Nederland,Wind,Hour,UTC,Providing,Current,6405507,6405508,0.98074483333333,0,0
"2026-02-23 15:00:00","2026-02-23 16:00:00",Nederland,Wind,Hour,UTC,Providing,Current,6244832,6244830,0.95613983333333,0,0
"2026-02-23 16:00:00","2026-02-23 17:00:00",Nederland,Wind,Hour,UTC,Providing,Current,5903855,5903857,0.9039295,0,0
"2026-02-23 17:00:00","2026-02-23 18:00:00",Nederland,Wind,Hour,UTC,Providing,Current,5556867,5556868,0.85079883333333,0,0
"2026-02-23 18:00:00","2026-02-23 19:00:00",Nederland,Wind,Hour,UTC,Providing,Current,4957919,4957919,0.7590925,0,0
"2026-02-23 19:00:00","2026-02-23 20:00:00",Nederland,Wind,Hour,UTC,Providing,Current,4365815,4365816,0.6684345,0,0
"2026-02-23 20:00:00","2026-02-23 21:00:00",Nederland,Wind,Hour,UTC,Providing,Current,3990528,3990525,0.61097316666667,0,0
"2026-02-23 21:00:00","2026-02-23 22:00:00",Nederland,Wind,Hour,UTC,Providing,Current,2997790,2997785,0.458977,0,0
"2026-02-23 22:00:00","2026-02-23 23:00:00",Nederland,Wind,Hour,UTC,Providing,Current,2214957,2214956,0.33912016666667,0,0
"2026-02-23 23:00:00","2026-02-24 00:00:00",Nederland,Wind,Hour,UTC,Providing,Current,1528794,1528795,0.2340645,0,0
"2026-02-24 00:00:00","2026-02-24 01:00:00",Nederland,Wind,Hour,UTC,Providing,Current,845629,845630,0.12946883333333,0,0
"2026-02-24 01:00:00","2026-02-24 02:00:00",Nederland,Wind,Hour,UTC,Providing,Current,501821,501822,0.076830233333333,0,0
"2026-02-24 02:00:00","2026-02-24 03:00:00",Nederland,Wind,Hour,UTC,Providing,Current,289444,289444,0.044314516666667,0,0
"2026-02-24 03:00:00","2026-02-24 04:00:00",Nederland,Wind,Hour,UTC,Providing,Current,270095,270093,0.0413519,0,0
"2026-02-24 04:00:00","2026-02-24 05:00:00",Nederland,Wind,Hour,UTC,Providing,Current,232600,232603,0.035611233333333,0,0
"2026-02-24 05:00:00","2026-02-24 06:00:00",Nederland,Wind,Hour,UTC,Providing,Current,165041,165043,0.025267866666667,0,0
"2026-02-24 06:00:00","2026-02-24 07:00:00",Nederland,Wind,Hour,UTC,Providing,Current,127625,127627,0.0195394,0,0
"2026-02-24 07:00:00","2026-02-24 08:00:00",Nederland,Wind,Hour,UTC,Providing,Current,117303,117304,0.01795905,0,0
"2026-02-24 08:00:00","2026-02-24 09:00:00",Nederland,Wind,Hour,UTC,Providing,Current,70214,70215,0.010749733333333,0,0
"2026-02-24 09:00:00","2026-02-24 10:00:00",Nederland,Wind,Hour,UTC,Providing,Current,142988,142988,0.021891105,0,0
"2026-02-24 10:00:00","2026-02-24 11:00:00",Nederland,Wind,Hour,UTC,Providing,Current,428670,428671,0.065628116666667,0,0
"2026-02-24 11:00:00","2026-02-24 12:00:00",Nederland,Wind,Hour,UTC,Providing,Current,714927,714930,0.10945285,0,0
"2026-02-24 12:00:00","2026-02-24 13:00:00",Nederland,Wind,Hour,UTC,Providing,Current,852663,852662,0.130539,0,0
"2026-02-24 13:00:00","2026-02-24 14:00:00",Nederland,Wind,Hour,UTC,Providing,Current,853329,853328,0.1306405,0,0
"2026-02-24 14:00:00","2026-02-24 15:00:00",Nederland,Wind,Hour,UTC,Providing,Current,667018,667021,0.10211658333333,0,0
"2026-02-24 15:00:00","2026-02-24 16:00:00",Nederland,Wind,Hour,UTC,Providing,Current,465110,465111,0.07120555,0,0
"2026-02-24 16:00:00","2026-02-24 17:00:00",Nederland,Wind,Hour,UTC,Providing,Current,276433,276436,0.042320066666667,0,0
"2026-02-24 17:00:00","2026-02-24 18:00:00",Nederland,Wind,Hour,UTC,Providing,Current,323328,323327,0.049499133333333,0,0
"2026-02-24 18:00:00","2026-02-24 19:00:00",Nederland,Wind,Hour,UTC,Providing,Current,483983,483984,0.07409385,0,0
"2026-02-24 19:00:00","2026-02-24 20:00:00",Nederland,Wind,Hour,UTC,Providing,Current,542338,542341,0.0830273,0,0
"2026-02-24 20:00:00","2026-02-24 21:00:00",Nederland,Wind,Hour,UTC,Providing,Current,549013,549017,0.084048816666667,0,0
"2026-02-24 21:00:00","2026-02-24 22:00:00",Nederland,Wind,Hour,UTC,Providing,Current,555927,555928,0.0851069,0,0
"2026-02-24 22:00:00","2026-02-24 23:00:00",Nederland,Wind,Hour,UTC,Providing,Current,594651,594653,0.091034783333333,0,0
"2026-02-24 23:00:00","2026-02-25 00:00:00",Nederland,Wind,Hour,UTC,Providing,Current,596446,596449,0.091309116666667,0,0
"2026-02-25 00:00:00","2026-02-25 01:00:00",Nederland,Wind,Hour,UTC,Providing,Current,582046,582046,0.089104383333333,0,0
"2026-02-25 01:00:00","2026-02-25 02:00:00",Nederland,Wind,Hour,UTC,Providing,Current,542271,542270,0.083014866666667,0,0
"2026-02-25 02:00:00","2026-02-25 03:00:00",Nederland,Wind,Hour,UTC,Providing,Current,424401,424403,0.06497025,0,0
"2026-02-25 03:00:00","2026-02-25 04:00:00",Nederland,Wind,Hour,UTC,Providing,Current,273294,273298,0.041837616666667,0,0
"2026-02-25 04:00:00","2026-02-25 05:00:00",Nederland,Wind,Hour,UTC,Providing,Current,257011,257013,0.039344666666667,0,0
"2026-02-25 05:00:00","2026-02-25 06:00:00",Nederland,Wind,Hour,UTC,Providing,Current,380320,380322,0.05822135,0,0
"2026-02-25 06:00:00","2026-02-25 07:00:00",Nederland,Wind,Hour,UTC,Providing,Current,480648,480648,0.073579716666667,0,0
"2026-02-25 07:00:00","2026-02-25 08:00:00",Nederland,Wind,Hour,UTC,Providing,Current,549605,549607,0.0841355,0,0
"2026-02-25 08:00:00","2026-02-25 09:00:00",Nederland,Wind,Hour,UTC,Providing,Current,873985,873984,0.13379216666667,0,0
"2026-02-25 09:00:00","2026-02-25 10:00:00",Nederland,Wind,Hour,UTC,Providing,Current,1391262,1391265,0.21297766666667,0,0
"2026-02-25 10:00:00","2026-02-25 11:00:00",Nederland,Wind,Hour,UTC,Providing,Current,2017548,2017548,0.30884983333333,0,0
"2026-02-25 11:00:00","2026-02-25 12:00:00",Nederland,Wind,Hour,UTC,Providing,Current,2772551,2772556,0.42442516666667,0,0
"2026-02-25 12:00:00","2026-02-25 13:00:00",Nederland,Wind,Hour,UTC,Providing,Current,3022647,3022650,0.46270816666667,0,0
"2026-02-25 13:00:00","2026-02-25 14:00:00",Nederland,Wind,Hour,UTC,Providing,Current,2775589,2775589,0.4248865,0,0
"2026-02-25 14:00:00","2026-02-25 15:00:00",Nederland,Wind,Hour,UTC,Providing,Current,2534314,2534310,0.38795066666667,0,0
"2026-02-25 15:00:00","2026-02-25 16:00:00",Nederland,Wind,Hour,UTC,Providing,Current,2109523,2109520,0.32292266666667,0,0
"2026-02-25 16:00:00","2026-02-25 17:00:00",Nederland,Wind,Hour,UTC,Providing,Current,1285819,1285821,0.1968305,0,0
"2026-02-25 17:00:00","2026-02-25 18:00:00",Nederland,Wind,Hour,UTC,Providing,Current,634515,634511,0.09712985,0,0
"2026-02-25 18:00:00","2026-02-25 19:00:00",Nederland,Wind,Hour,UTC,Providing,Current,412655,412657,0.063167933333333,0,0
"2026-02-25 19:00:00","2026-02-25 20:00:00",Nederland,Wind,Hour,UTC,Providing,Current,616720,616717,0.09440515,0,0
"2026-02-25 20:00:00","2026-02-25 21:00:00",Nederland,Wind,Hour,UTC,Providing,Current,1029140,1029142,0.157536,0,0
"2026-02-25 21:00:00","2026-02-25 22:00:00",Nederland,Wind,Hour,UTC,Providing,Current,1257267,1257264,0.19245583333333,0,0
"2026-02-25 22:00:00","2026-02-25 23:00:00",Nederland,Wind,Hour,UTC,Providing,Current,1136587,1136586,0.173982,0,0
"2026-02-25 23:00:00","2026-02-26 00:00:00",Nederland,Wind,Hour,UTC,Providing,Current,1245848,1245848,0.1907065,0,0
"2026-02-26 00:00:00","2026-02-26 01:00:00",Nederland,Wind,Hour,UTC,Providing,Current,1344443,1344445,0.20579783333333,0,0
"2026-02-26 01:00:00","2026-02-26 02:00:00",Nederland,Wind,Hour,UTC,Providing,Current,1469020,1469021,0.22486616666667,0,0
"2026-02-26 02:00:00","2026-02-26 03:00:00",Nederland,Wind,Hour,UTC,Providing,Current,1461619,1461620,0.2237325,0,0
"2026-02-26 03:00:00","2026-02-26 04:00:00",Nederland,Wind,Hour,UTC,Providing,Current,1354121,1354122,0.20727683333333,0,0
"2026-02-26 04:00:00","2026-02-26 05:00:00",Nederland,Wind,Hour,UTC,Providing,Current,1389001,1389007,0.212615,0,0
"2026-02-26 05:00:00","2026-02-26 06:00:00",Nederland,Wind,Hour,UTC,Providing,Current,1293710,1293707,0.19802783333333,0,0
"2026-02-26 06:00:00","2026-02-26 07:00:00",Nederland,Wind,Hour,UTC,Providing,Current,1214336,1214339,0.18587733333333,0,0
"2026-02-26 07:00:00","2026-02-26 08:00:00",Nederland,Wind,Hour,UTC,Providing,Current,1240075,1240076,0.18981616666667,0,0
"2026-02-26 08:00:00","2026-02-26 09:00:00",Nederland,Wind,Hour,UTC,Providing,Current,1460769,1460768,0.223597,0,0
"2026-02-26 09:00:00","2026-02-26 10:00:00",Nederland,Wind,Hour,UTC,Providing,Current,2361197,2361197,0.36142166666667,0,0
"2026-02-26 10:00:00","2026-02-26 11:00:00",Nederland,Wind,Hour,UTC,Providing,Current,3311455,3311453,0.50687283333333,0,0
"2026-02-26 11:00:00","2026-02-26 12:00:00",Nederland,Wind,Hour,UTC,Providing,Current,4340214,4340216,0.66433866666667,0,0
"2026-02-26 12:00:00","2026-02-26 13:00:00",Nederland,Wind,Hour,UTC,Providing,Current,4637806,4637808,0.70988716666667,0,0
"2026-02-26 13:00:00","2026-02-26 14:00:00",Nederland,Wind,Hour,UTC,Providing,Current,4731584,4731582,0.724238,0,0
"2026-02-26 14:00:00","2026-02-26 15:00:00",Nederland,Wind,Hour,UTC,Providing,Current,4698301,4698298,0.71914066666667,0,0
"2026-02-26 15:00:00","2026-02-26 16:00:00",Nederland,Wind,Hour,UTC,Providing,Current,3799513,3799511,0.58156616666667,0,0
"2026-02-26 16:00:00","2026-02-26 17:00:00",Nederland,Wind,Hour,UTC,Providing,Current,3172318,3172322,0.48556366666667,0,0
"2026-02-26 17:00:00","2026-02-26 18:00:00",Nederland,Wind,Hour,UTC,Providing,Current,3067361,3067360,0.46949666666667,0,0
"2026-02-26 18:00:00","2026-02-26 19:00:00",Nederland,Wind,Hour,UTC,Providing,Current,3863747,3863749,0.59139066666667,0,0
"2026-02-26 19:00:00","2026-02-26 20:00:00",Nederland,Wind,Hour,UTC,Providing,Current,4498831,4498832,0.6885945,0,0
"2026-02-26 20:00:00","2026-02-26 21:00:00",Nederland,Wind,Hour,UTC,Providing,Current,4023270,4023269,0.6158025,0,0
"2026-02-26 21:00:00","2026-02-26 22:00:00",Nederland,Wind,Hour,UTC,Providing,Current,3486020,3486016,0.53356883333333,0,0
"2026-02-26 22:00:00","2026-02-26 23:00:00",Nederland,Wind,Hour,UTC,Providing,Current,3092954,3092949,0.47340433333333,0,0
"2026-02-26 23:00:00","2026-02-27 00:00:00",Nederland,Wind,Hour,UTC,Providing,Current,3093098,3093100,0.47342433333333,0,0
"2026-02-27 00:00:00","2026-02-27 01:00:00",Nederland,Wind,Hour,UTC,Providing,Current,3414472,3414476,0.522611,0,0
"2026-02-27 01:00:00","2026-02-27 02:00:00",Nederland,Wind,Hour,UTC,Providing,Current,4004843,4004847,0.61296933333333,0,0
"2026-02-27 02:00:00","2026-02-27 03:00:00",Nederland,Wind,Hour,UTC,Providing,Current,4117417,4117417,0.630197,0,0
"2026-02-27 03:00:00","2026-02-27 04:00:00",Nederland,Wind,Hour,UTC,Providing,Current,3704974,3704975,0.5670675,0,0
"2026-02-27 04:00:00","2026-02-27 05:00:00",Nederland,Wind,Hour,UTC,Providing,Current,3075540,3075538,0.47072716666667,0,0
"2026-02-27 05:00:00","2026-02-27 06:00:00",Nederland,Wind,Hour,UTC,Providing,Current,2707782,2707779,0.41443816666667,0,0
"2026-02-27 06:00:00","2026-02-27 07:00:00",Nederland,Wind,Hour,UTC,Providing,Current,2621444,2621443,0.40122216666667,0,0
"2026-02-27 07:00:00","2026-02-27 08:00:00",Nederland,Wind,Hour,UTC,Providing,Current,2153673,2153673,0.32962666666667,0,0
"2026-02-27 08:00:00","2026-02-27 09:00:00",Nederland,Wind,Hour,UTC,Providing,Current,2514817,2514817,0.384899,0,0
"2026-02-27 09:00:00","2026-02-27 10:00:00",Nederland,Wind,Hour,UTC,Providing,Current,3287077,3287074,0.5030935,0,0
"2026-02-27 10:00:00","2026-02-27 11:00:00",Nederland,Wind,Hour,UTC,Providing,Current,4315849,4315849,0.66054616666667,0,0
"2026-02-27 11:00:00","2026-02-27 12:00:00",Nederland,Wind,Hour,UTC,Providing,Current,4849728,4849731,0.74225416666667,0,0
"2026-02-27 12:00:00","2026-02-27 13:00:00",Nederland,Wind,Hour,UTC,Providing,Current,4225726,4225724,0.64674733333333,0,0
"2026-02-27 13:00:00","2026-02-27 14:00:00",Nederland,Wind,Hour,UTC,Providing,Current,3339645,3339643,0.51113083333333,0,0
"2026-02-27 14:00:00","2026-02-27 15:00:00",Nederland,Wind,Hour,UTC,Providing,Current,2991134,2991133,0.4577895,0,0
"2026-02-27 15:00:00","2026-02-27 16:00:00",Nederland,Wind,Hour,UTC,Providing,Current,2579025,2579027,0.39471516666667,0,0
"2026-02-27 16:00:00","2026-02-27 17:00:00",Nederland,Wind,Hour,UTC,Providing,Current,1915340,1915343,0.29313816666667,0,0
"2026-02-27 17:00:00","2026-02-27 18:00:00",Nederland,Wind,Hour,UTC,Providing,Current,2030201,2030203,0.310716,0,0
"2026-02-27 18:00:00","2026-02-27 19:00:00",Nederland,Wind,Hour,UTC,Providing,Current,2312806,2312801,0.35396616666667,0,0
"2026-02-27 19:00:00","2026-02-27 20:00:00",Nederland,Wind,Hour,UTC,Providing,Current,2154408,2154409,0.32972266666667,0,0
"2026-02-27 20:00:00","2026-02-27 21:00:00",Nederland,Wind,Hour,UTC,Providing,Current,1995453,1995452,0.30539383333333,0,0
"2026-02-27 21:00:00","2026-02-27 22:00:00",Nederland,Wind,Hour,UTC,Providing,Current,1865189,1865190,0.28545683333333,0,0
"2026-02-27 22:00:00","2026-02-27 23:00:00",Nederland,Wind,Hour,UTC,Providing,Current,1861867,1861867,0.28494716666667,0,0
"2026-02-27 23:00:00","2026-02-28 00:00:00",Nederland,Wind,Hour,UTC,Providing,Current,1753845,1753848,0.268414,0,0
"2026-02-28 00:00:00","2026-02-28 01:00:00",Nederland,Wind,Hour,UTC,Providing,Current,1738855,1738855,0.26611883333333,0,0
"2026-02-28 01:00:00","2026-02-28 02:00:00",Nederland,Wind,Hour,UTC,Providing,Current,1887125,1887123,0.28880916666667,0,0
"2026-02-28 02:00:00","2026-02-28 03:00:00",Nederland,Wind,Hour,UTC,Providing,Current,2057049,2057052,0.31481316666667,0,0
"2026-02-28 03:00:00","2026-02-28 04:00:00",Nederland,Wind,Hour,UTC,Providing,Current,2325133,2325133,0.3558395,0,0
"2026-02-28 04:00:00","2026-02-28 05:00:00",Nederland,Wind,Hour,UTC,Providing,Current,2699069,2699066,0.41306533333333,0,0
"2026-02-28 05:00:00","2026-02-28 06:00:00",Nederland,Wind,Hour,UTC,Providing,Current,3157431,3157433,0.48321116666667,0,0
"2026-02-28 06:00:00","2026-02-28 07:00:00",Nederland,Wind,Hour,UTC,Providing,Current,3677451,3677450,0.562792,0,0
"2026-02-28 07:00:00","2026-02-28 08:00:00",Nederland,Wind,Hour,UTC,Providing,Current,3879048,3879049,0.59364183333333,0,0
"2026-02-28 08:00:00","2026-02-28 09:00:00",Nederland,Wind,Hour,UTC,Providing,Current,4312273,4312273,0.65993883333333,0,0
"2026-02-28 09:00:00","2026-02-28 10:00:00",Nederland,Wind,Hour,UTC,Providing,Current,5070884,5070884,0.77603133333333,0,0
"2026-02-28 10:00:00","2026-02-28 11:00:00",Nederland,Wind,Hour,UTC,Providing,Current,5866832,5866836,0.897837,0,0
"2026-02-28 11:00:00","2026-02-28 12:00:00",Nederland,Wind,Hour,UTC,Providing,Current,6286319,6286318,0.96202966666667,0,0
"2026-02-28 12:00:00","2026-02-28 13:00:00",Nederland,Wind,Hour,UTC,Providing,Current,6416686,6416685,0.98197633333333,0,0
"2026-02-28 13:00:00","2026-02-28 14:00:00",Nederland,Wind,Hour,UTC,Providing,Current,6435555,6435555,0.98486,0,0
"2026-02-28 14:00:00","2026-02-28 15:00:00",Nederland,Wind,Hour,UTC,Providing,Current,6509699,6509704,0.99620233333333,0,0
"2026-02-28 15:00:00","2026-02-28 16:00:00",Nederland,Wind,Hour,UTC,Providing,Current,6509623,6509625,0.9961865,0,0
"2026-02-28 16:00:00","2026-02-28 17:00:00",Nederland,Wind,Hour,UTC,Providing,Current,6443338,6443335,0.98603883333333,0,0
"2026-02-28 17:00:00","2026-02-28 18:00:00",Nederland,Wind,Hour,UTC,Providing,Current,6242673,6242673,0.95532666666667,0,0
"2026-02-28 18:00:00","2026-02-28 19:00:00",Nederland,Wind,Hour,UTC,Providing,Current,5703637,5703638,0.8728335,0,0
"2026-02-28 19:00:00","2026-02-28 20:00:00",Nederland,Wind,Hour,UTC,Providing,Current,5068580,5068579,0.77564683333333,0,0
"2026-02-28 20:00:00","2026-02-28 21:00:00",Nederland,Wind,Hour,UTC,Providing,Current,4015253,4015255,0.61445316666667,0,0
"2026-02-28 21:00:00","2026-02-28 22:00:00",Nederland,Wind,Hour,UTC,Providing,Current,2648006,2648005,0.405222,0,0
"2026-02-28 22:00:00","2026-02-28 23:00:00",Nederland,Wind,Hour,UTC,Providing,Current,1900843,1900846,0.290883,0,0
"2026-02-28 23:00:00","2026-03-01 00:00:00",Nederland,Wind,Hour,UTC,Providing,Current,1392664,1392660,0.2131165,0,0
"2026-03-01 00:00:00","2026-03-01 01:00:00",Nederland,Wind,Hour,UTC,Providing,Current,1123732,1123724,0.17196183333333,0,0
"2026-03-01 01:00:00","2026-03-01 02:00:00",Nederland,Wind,Hour,UTC,Providing,Current,1251005,1251007,0.191437,0,0
"2026-03-01 02:00:00","2026-03-01 03:00:00",Nederland,Wind,Hour,UTC,Providing,Current,1256320,1256323,0.19224966666667,0,0
"2026-03-01 03:00:00","2026-03-01 04:00:00",Nederland,Wind,Hour,UTC,Providing,Current,1152247,1152252,0.176323,0,0
"2026-03-01 04:00:00","2026-03-01 05:00:00",Nederland,Wind,Hour,UTC,Providing,Current,1197268,1197271,0.18321166666667,0,0
"2026-03-01 05:00:00","2026-03-01 06:00:00",Nederland,Wind,Hour,UTC,Providing,Current,1183245,1183247,0.181065,0,0
"2026-03-01 06:00:00","2026-03-01 07:00:00",Nederland,Wind,Hour,UTC,Providing,Current,1167705,1167705,0.17868633333333,0,0
"2026-03-01 07:00:00","2026-03-01 08:00:00",Nederland,Wind,Hour,UTC,Providing,Current,1366953,1366952,0.20917516666667,0,0
"2026-03-01 08:00:00","2026-03-01 09:00:00",Nederland,Wind,Hour,UTC,Providing,Current,2023066,2023064,0.30957383333333,0,0
"2026-03-01 09:00:00","2026-03-01 10:00:00",Nederland,Wind,Hour,UTC,Providing,Current,2837387,2837390,0.43418133333333,0,0
"2026-03-01 10:00:00","2026-03-01 11:00:00",Nederland,Wind,Hour,UTC,Providing,Current,4025568,4025570,0.61599583333333,0,0
"2026-03-01 11:00:00","2026-03-01 12:00:00",Nederland,Wind,Hour,UTC,Providing,Current,5212620,5212619,0.79763633333333,0,0
"2026-03-01 12:00:00","2026-03-01 13:00:00",Nederland,Wind,Hour,UTC,Providing,Current,6164852,6164853,0.94334316666667,0,0
"2026-03-01 13:00:00","2026-03-01 14:00:00",Nederland,Wind,Hour,UTC,Providing,Current,6283924,6283922,0.96155933333333,0,0
"2026-03-01 14:00:00","2026-03-01 15:00:00",Nederland,Wind,Hour,UTC,Providing,Current,6112510,6112512,0.93532616666667,0,0
"2026-03-01 15:00:00","2026-03-01 16:00:00",Nederland,Wind,Hour,UTC,Providing,Current,5698931,5698935,0.87203733333333,0,0
"2026-03-01 16:00:00","2026-03-01 17:00:00",Nederland,Wind,Hour,UTC,Providing,Current,5011129,5011132,0.76678833333333,0,0
"2026-03-01 17:00:00","2026-03-01 18:00:00",Nederland,Wind,Hour,UTC,Providing,Current,3972569,3972573,0.6078685,0,0
"2026-03-01 18:00:00","2026-03-01 19:00:00",Nederland,Wind,Hour,UTC,Providing,Current,3609646,3609644,0.552333,0,0
"2026-03-01 19:00:00","2026-03-01 20:00:00",Nederland,Wind,Hour,UTC,Providing,Current,3980747,3980747,0.60911483333333,0,0
"2026-03-01 20:00:00","2026-03-01 21:00:00",Nederland,Wind,Hour,UTC,Providing,Current,4010055,4010055,0.61359683333333,0,0
"2026-03-01 21:00:00","2026-03-01 22:00:00",Nederland,Wind,Hour,UTC,Providing,Current,3851731,3851730,0.58936866666667,0,0
"2026-03-01 22:00:00","2026-03-01 23:00:00",Nederland,Wind,Hour,UTC,Providing,Current,3127604,3127607,0.47856516666667,0,0
"2026-03-01 23:00:00","2026-03-02 00:00:00",Nederland,Wind,Hour,UTC,Providing,Current,2460589,2460584,0.37650133333333,0,0
"2026-03-02 00:00:00","2026-03-02 01:00:00",Nederland,Wind,Hour,UTC,Providing,Current,1743709,1743707,0.26680866666667,0,0
"2026-03-02 01:00:00","2026-03-02 02:00:00",Nederland,Wind,Hour,UTC,Providing,Current,1429819,1429817,0.21877866666667,0,0
"2026-03-02 02:00:00","2026-03-02 03:00:00",Nederland,Wind,Hour,UTC,Providing,Current,1117796,1117792,0.171035,0,0
"2026-03-02 03:00:00","2026-03-02 04:00:00",Nederland,Wind,Hour,UTC,Providing,Current,1202819,1202818,0.1840435,0,0
"2026-03-02 04:00:00","2026-03-02 05:00:00",Nederland,Wind,Hour,UTC,Providing,Current,1304762,1304764,0.19964083333333,0,0
"2026-03-02 05:00:00","2026-03-02 06:00:00",Nederland,Wind,Hour,UTC,Providing,Current,1572213,1572215,0.24056233333333,0,0
"2026-03-02 06:00:00","2026-03-02 07:00:00",Nederland,Wind,Hour,UTC,Providing,Current,1598705,1598703,0.24461516666667,0,0
"2026-03-02 07:00:00","2026-03-02 08:00:00",Nederland,Wind,Hour,UTC,Providing,Current,2019414,2019412,0.30898566666667,0,0
"2026-03-02 08:00:00","2026-03-02 09:00:00",Nederland,Wind,Hour,UTC,Providing,Current,2272715,2272716,0.34774116666667,0,0
"2026-03-02 09:00:00","2026-03-02 10:00:00",Nederland,Wind,Hour,UTC,Providing,Current,2444545,2444545,0.374031,0,0
"2026-03-02 10:00:00","2026-03-02 11:00:00",Nederland,Wind,Hour,UTC,Providing,Current,2593619,2593622,0.3968385,0,0
"2026-03-02 11:00:00","2026-03-02 12:00:00",Nederland,Wind,Hour,UTC,Providing,Current,2850254,2850258,0.43610333333333,0,0
"2026-03-02 12:00:00","2026-03-02 13:00:00",Nederland,Wind,Hour,UTC,Providing,Current,3072906,3072907,0.47016816666667,0,0
"2026-03-02 13:00:00","2026-03-02 14:00:00",Nederland,Wind,Hour,UTC,Providing,Current,3662212,3662212,0.5603325,0,0
"2026-03-02 14:00:00","2026-03-02 15:00:00",Nederland,Wind,Hour,UTC,Providing,Current,3572002,3572002,0.54652783333333,0,0
"2026-03-02 15:00:00","2026-03-02 16:00:00",Nederland,Wind,Hour,UTC,Providing,Current,2846102,2846105,0.43546083333333,0,0
"2026-03-02 16:00:00","2026-03-02 17:00:00",Nederland,Wind,Hour,UTC,Providing,Current,1572657,1572664,0.24061966666667,0,0
"2026-03-02 17:00:00","2026-03-02 18:00:00",Nederland,Wind,Hour,UTC,Providing,Current,559171,559174,0.085553816666667,0,0
"2026-03-02 18:00:00","2026-03-02 19:00:00",Nederland,Wind,Hour,UTC,Providing,Current,273825,273827,0.041895433333333,0,0
"2026-03-02 19:00:00","2026-03-02 20:00:00",Nederland,Wind,Hour,UTC,Providing,Current,199381,199383,0.030505416666667,0,0
"2026-03-02 20:00:00","2026-03-02 21:00:00",Nederland,Wind,Hour,UTC,Providing,Current,203440,203444,0.03112625,0,0
"2026-03-02 21:00:00","2026-03-02 22:00:00",Nederland,Wind,Hour,UTC,Providing,Current,324293,324294,0.049616533333333,0,0
"2026-03-02 22:00:00","2026-03-02 23:00:00",Nederland,Wind,Hour,UTC,Providing,Current,352332,352332,0.0539062,0,0
"2026-03-02 23:00:00","2026-03-03 00:00:00",Nederland,Wind,Hour,UTC,Providing,Current,163680,163683,0.02504275,0,0
"2026-03-03 00:00:00","2026-03-03 01:00:00",Nederland,Wind,Hour,UTC,Providing,Current,137831,137830,0.021087716666667,0,0
"2026-03-03 01:00:00","2026-03-03 02:00:00",Nederland,Wind,Hour,UTC,Providing,Current,137897,137898,0.021097783333333,0,0
"2026-03-03 02:00:00","2026-03-03 03:00:00",Nederland,Wind,Hour,UTC,Providing,Current,142004,142002,0.021726066666667,0,0
"2026-03-03 03:00:00","2026-03-03 04:00:00",Nederland,Wind,Hour,UTC,Providing,Current,123560,123560,0.0189041,0,0
"2026-03-03 04:00:00","2026-03-03 05:00:00",Nederland,Wind,Hour,UTC,Providing,Current,113365,113364,0.017344183333333,0,0
"2026-03-03 05:00:00","2026-03-03 06:00:00",Nederland,Wind,Hour,UTC,Providing,Current,67864,67864,0.010382805,0,0
"2026-03-03 06:00:00","2026-03-03 07:00:00",Nederland,Wind,Hour,UTC,Providing,Current,25822,25821,0.0039505866666667,0,0
"2026-03-03 07:00:00","2026-03-03 08:00:00",Nederland,Wind,Hour,UTC,Providing,Current,26682,26682,0.0040821683333333,0,0
"2026-03-03 08:00:00","2026-03-03 09:00:00",Nederland,Wind,Hour,UTC,Providing,Current,32582,32583,0.0049848533333333,0,0
"2026-03-03 09:00:00","2026-03-03 10:00:00",Nederland,Wind,Hour,UTC,Providing,Current,24659,24660,0.0037727366666667,0,0
"2026-03-03 10:00:00","2026-03-03 11:00:00",Nederland,Wind,Hour,UTC,Providing,Current,55524,55525,0.008494635,0,0
"2026-03-03 11:00:00","2026-03-03 12:00:00",Nederland,Wind,Hour,UTC,Providing,Current,218333,218333,0.033402733333333,0,0
"2026-03-03 12:00:00","2026-03-03 13:00:00",Nederland,Wind,Hour,UTC,Providing,Current,439679,439678,0.067266133333333,0,0
"2026-03-03 13:00:00","2026-03-03 14:00:00",Nederland,Wind,Hour,UTC,Providing,Current,935676,935673,0.14314766666667,0,0
"2026-03-03 14:00:00","2026-03-03 15:00:00",Nederland,Wind,Hour,UTC,Providing,Current,1131348,1131350,0.17308266666667,0,0
"2026-03-03 15:00:00","2026-03-03 16:00:00",Nederland,Wind,Hour,UTC,Providing,Current,1430673,1430672,0.218875,0,0
"2026-03-03 16:00:00","2026-03-03 17:00:00",Nederland,Wind,Hour,UTC,Providing,Current,1408647,1408649,0.21550433333333,0,0
"2026-03-03 17:00:00","2026-03-03 18:00:00",Nederland,Wind,Hour,UTC,Providing,Current,1058226,1058226,0.16189383333333,0,0
"2026-03-03 18:00:00","2026-03-03 19:00:00",Nederland,Wind,Hour,UTC,Providing,Current,968609,968606,0.14818333333333,0,0
"2026-03-03 19:00:00","2026-03-03 20:00:00",Nederland,Wind,Hour,UTC,Providing,Current,1180953,1180956,0.18066816666667,0,0
"2026-03-03 20:00:00","2026-03-03 21:00:00",Nederland,Wind,Hour,UTC,Providing,Current,1208856,1208856,0.18493583333333,0,0
"2026-03-03 21:00:00","2026-03-03 22:00:00",Nederland,Wind,Hour,UTC,Providing,Current,1108090,1108093,0.16951966666667,0,0
"2026-03-03 22:00:00","2026-03-03 23:00:00",Nederland,Wind,Hour,UTC,Providing,Current,1033065,1033067,0.15804133333333,0,0
"2026-03-03 23:00:00","2026-03-04 00:00:00",Nederland,Wind,Hour,UTC,Providing,Current,881324,881323,0.13482716666667,0,0
"2026-03-04 00:00:00","2026-03-04 01:00:00",Nederland,Wind,Hour,UTC,Providing,Current,696053,696056,0.10648343333333,0,0
"2026-03-04 01:00:00","2026-03-04 02:00:00",Nederland,Wind,Hour,UTC,Providing,Current,562503,562503,0.086052416666667,0,0
"2026-03-04 02:00:00","2026-03-04 03:00:00",Nederland,Wind,Hour,UTC,Providing,Current,502386,502383,0.076855266666667,0,0
"2026-03-04 03:00:00","2026-03-04 04:00:00",Nederland,Wind,Hour,UTC,Providing,Current,360925,360923,0.055214283333333,0,0
"2026-03-04 04:00:00","2026-03-04 05:00:00",Nederland,Wind,Hour,UTC,Providing,Current,331476,331476,0.05070895,0,0
"2026-03-04 05:00:00","2026-03-04 06:00:00",Nederland,Wind,Hour,UTC,Providing,Current,415185,415186,0.0635145,0,0
"2026-03-04 06:00:00","2026-03-04 07:00:00",Nederland,Wind,Hour,UTC,Providing,Current,495558,495561,0.07580945,0,0
"2026-03-04 07:00:00","2026-03-04 08:00:00",Nederland,Wind,Hour,UTC,Providing,Current,496113,496116,0.075893966666667,0,0
"2026-03-04 08:00:00","2026-03-04 09:00:00",Nederland,Wind,Hour,UTC,Providing,Current,633554,633555,0.096918866666667,0,0
"2026-03-04 09:00:00","2026-03-04 10:00:00",Nederland,Wind,Hour,UTC,Providing,Current,820151,820153,0.1254635,0,0
"2026-03-04 10:00:00","2026-03-04 11:00:00",Nederland,Wind,Hour,UTC,Providing,Current,725238,725237,0.1109437,0,0
"2026-03-04 11:00:00","2026-03-04 12:00:00",Nederland,Wind,Hour,UTC,Providing,Current,481208,481208,0.073612666666667,0,0
"2026-03-04 12:00:00","2026-03-04 13:00:00",Nederland,Wind,Hour,UTC,Providing,Current,430315,430315,0.065827116666667,0,0
"2026-03-04 13:00:00","2026-03-04 14:00:00",Nederland,Wind,Hour,UTC,Providing,Current,452730,452729,0.06925575,0,0
"2026-03-04 14:00:00","2026-03-04 15:00:00",Nederland,Wind,Hour,UTC,Providing,Current,464089,464087,0.070992966666667,0,0
"2026-03-04 15:00:00","2026-03-04 16:00:00",Nederland,Wind,Hour,UTC,Providing,Current,415711,415716,0.0635923,0,0
"2026-03-04 16:00:00","2026-03-04 17:00:00",Nederland,Wind,Hour,UTC,Providing,Current,408352,408354,0.062466233333333,0,0
"2026-03-04 17:00:00","2026-03-04 18:00:00",Nederland,Wind,Hour,UTC,Providing,Current,298050,298051,0.045593066666667,0,0
"2026-03-04 18:00:00","2026-03-04 19:00:00",Nederland,Wind,Hour,UTC,Providing,Current,239385,239386,0.0366188,0,0
"2026-03-04 19:00:00","2026-03-04 20:00:00",Nederland,Wind,Hour,UTC,Providing,Current,244231,244231,0.0373599,0,0
"2026-03-04 20:00:00","2026-03-04 21:00:00",Nederland,Wind,Hour,UTC,Providing,Current,253861,253859,0.0388329,0,0
"2026-03-04 21:00:00","2026-03-04 22:00:00",Nederland,Wind,Hour,UTC,Providing,Current,301166,301163,0.046068933333333,0,0
"2026-03-04 22:00:00","2026-03-04 23:00:00",Nederland,Wind,Hour,UTC,Providing,Current,291567,291570,0.044600383333333,0,0
"2026-03-04 23:00:00","2026-03-05 00:00:00",Nederland,Wind,Hour,UTC,Providing,Current,330783,330785,0.050598983333333,0,0
"2026-03-05 00:00:00","2026-03-05 01:00:00",Nederland,Wind,Hour,UTC,Providing,Current,296632,296631,0.045374733333333,0,0
"2026-03-05 01:00:00","2026-03-05 02:00:00",Nederland,Wind,Hour,UTC,Providing,Current,328203,328204,0.05020385,0,0
"2026-03-05 02:00:00","2026-03-05 03:00:00",Nederland,Wind,Hour,UTC,Providing,Current,259034,259035,0.0396232,0,0
"2026-03-05 03:00:00","2026-03-05 04:00:00",Nederland,Wind,Hour,UTC,Providing,Current,267739,267743,0.040954666666667,0,0
"2026-03-05 04:00:00","2026-03-05 05:00:00",Nederland,Wind,Hour,UTC,Providing,Current,304073,304074,0.046512216666667,0,0
"2026-03-05 05:00:00","2026-03-05 06:00:00",Nederland,Wind,Hour,UTC,Providing,Current,352589,352591,0.0539332,0,0
"2026-03-05 06:00:00","2026-03-05 07:00:00",Nederland,Wind,Hour,UTC,Providing,Current,460294,460297,0.070407866666667,0,0
"2026-03-05 07:00:00","2026-03-05 08:00:00",Nederland,Wind,Hour,UTC,Providing,Current,485431,485434,0.074252566666667,0,0
"2026-03-05 08:00:00","2026-03-05 09:00:00",Nederland,Wind,Hour,UTC,Providing,Current,632617,632614,0.09676595,0,0
"2026-03-05 09:00:00","2026-03-05 10:00:00",Nederland,Wind,Hour,UTC,Providing,Current,1125783,1125784,0.1722005,0,0
"2026-03-05 10:00:00","2026-03-05 11:00:00",Nederland,Wind,Hour,UTC,Providing,Current,1636742,1636745,0.25035633333333,0,0
"2026-03-05 11:00:00","2026-03-05 12:00:00",Nederland,Wind,Hour,UTC,Providing,Current,1996293,1996294,0.30535183333333,0,0
"2026-03-05 12:00:00","2026-03-05 13:00:00",Nederland,Wind,Hour,UTC,Providing,Current,2262547,2262551,0.34607666666667,0,0
"2026-03-05 13:00:00","2026-03-05 14:00:00",Nederland,Wind,Hour,UTC,Providing,Current,2229989,2229991,0.34109516666667,0,0
"2026-03-05 14:00:00","2026-03-05 15:00:00",Nederland,Wind,Hour,UTC,Providing,Current,2191038,2191042,0.335136,0,0
"2026-03-05 15:00:00","2026-03-05 16:00:00",Nederland,Wind,Hour,UTC,Providing,Current,1985728,1985730,0.303731,0,0
"2026-03-05 16:00:00","2026-03-05 17:00:00",Nederland,Wind,Hour,UTC,Providing,Current,1291948,1291948,0.197612,0,0
"2026-03-05 17:00:00","2026-03-05 18:00:00",Nederland,Wind,Hour,UTC,Providing,Current,576348,576349,0.088155866666667,0,0
"2026-03-05 18:00:00","2026-03-05 19:00:00",Nederland,Wind,Hour,UTC,Providing,Current,388892,388890,0.059483,0,0
"2026-03-05 19:00:00","2026-03-05 20:00:00",Nederland,Wind,Hour,UTC,Providing,Current,325019,325018,0.049713116666667,0,0
"2026-03-05 20:00:00","2026-03-05 21:00:00",Nederland,Wind,Hour,UTC,Providing,Current,333721,333719,0.05104395,0,0
"2026-03-05 21:00:00","2026-03-05 22:00:00",Nederland,Wind,Hour,UTC,Providing,Current,299797,299795,0.045854916666667,0,0
"2026-03-05 22:00:00","2026-03-05 23:00:00",Nederland,Wind,Hour,UTC,Providing,Current,231783,231785,0.035451916666667,0,0
"2026-03-05 23:00:00","2026-03-06 00:00:00",Nederland,Wind,Hour,UTC,Providing,Current,155374,155374,0.023764866666667,0,0
"2026-03-06 00:00:00","2026-03-06 01:00:00",Nederland,Wind,Hour,UTC,Providing,Current,58248,58248,0.0089091333333333,0,0
"2026-03-06 01:00:00","2026-03-06 02:00:00",Nederland,Wind,Hour,UTC,Providing,Current,89635,89635,0.013709833333333,0,0
"2026-03-06 02:00:00","2026-03-06 03:00:00",Nederland,Wind,Hour,UTC,Providing,Current,99264,99264,0.01518245,0,0
"2026-03-06 03:00:00","2026-03-06 04:00:00",Nederland,Wind,Hour,UTC,Providing,Current,86982,86982,0.013303866666667,0,0
"2026-03-06 04:00:00","2026-03-06 05:00:00",Nederland,Wind,Hour,UTC,Providing,Current,86982,86982,0.013303916666667,0,0
"2026-03-06 05:00:00","2026-03-06 06:00:00",Nederland,Wind,Hour,UTC,Providing,Current,66108,66108,0.010111175,0,0
"2026-03-06 06:00:00","2026-03-06 07:00:00",Nederland,Wind,Hour,UTC,Providing,Current,54116,54117,0.0082769066666667,0,0
"2026-03-06 07:00:00","2026-03-06 08:00:00",Nederland,Wind,Hour,UTC,Providing,Current,45877,45877,0.0070167916666667,0,0
"2026-03-06 08:00:00","2026-03-06 09:00:00",Nederland,Wind,Hour,UTC,Providing,Current,39529,39527,0.00604581,0,0
"2026-03-06 09:00:00","2026-03-06 10:00:00",Nederland,Wind,Hour,UTC,Providing,Current,56418,56419,0.00862896,0,0
"2026-03-06 10:00:00","2026-03-06 11:00:00",Nederland,Wind,Hour,UTC,Providing,Current,112916,112914,0.017269916666667,0,0
"2026-03-06 11:00:00","2026-03-06 12:00:00",Nederland,Wind,Hour,UTC,Providing,Current,111045,111046,0.016983816666667,0,0
"2026-03-06 12:00:00","2026-03-06 13:00:00",Nederland,Wind,Hour,UTC,Providing,Current,150095,150094,0.022956133333333,0,0
"2026-03-06 13:00:00","2026-03-06 14:00:00",Nederland,Wind,Hour,UTC,Providing,Current,95722,95722,0.014640116666667,0,0
"2026-03-06 14:00:00","2026-03-06 15:00:00",Nederland,Wind,Hour,UTC,Providing,Current,140394,140395,0.021472266666667,0,0
"2026-03-06 15:00:00","2026-03-06 16:00:00",Nederland,Wind,Hour,UTC,Providing,Current,36219,36220,0.0055394216666667,0,0
"2026-03-06 16:00:00","2026-03-06 17:00:00",Nederland,Wind,Hour,UTC,Providing,Current,45117,45117,0.006900365,0,0
"2026-03-06 17:00:00","2026-03-06 18:00:00",Nederland,Wind,Hour,UTC,Providing,Current,0,0,0,0,0
"2026-03-06 18:00:00","2026-03-06 19:00:00",Nederland,Wind,Hour,UTC,Providing,Current,9388,9388,0.0014359016666667,0,0
"2026-03-06 19:00:00","2026-03-06 20:00:00",Nederland,Wind,Hour,UTC,Providing,Current,21172,21173,0.0032381566666667,0,0
"2026-03-06 20:00:00","2026-03-06 21:00:00",Nederland,Wind,Hour,UTC,Providing,Current,34179,34180,0.0052272866666667,0,0
"2026-03-06 21:00:00","2026-03-06 22:00:00",Nederland,Wind,Hour,UTC,Providing,Current,74279,74279,0.011360228333333,0,0
"2026-03-06 22:00:00","2026-03-06 23:00:00",Nederland,Wind,Hour,UTC,Providing,Current,88634,88635,0.01355545,0,0
"2026-03-06 23:00:00","2026-03-07 00:00:00",Nederland,Wind,Hour,UTC,Providing,Current,71979,71977,0.0110083,0,0
"2026-03-07 00:00:00","2026-03-07 01:00:00",Nederland,Wind,Hour,UTC,Providing,Current,90928,90932,0.013906316666667,0,0
"2026-03-07 01:00:00","2026-03-07 02:00:00",Nederland,Wind,Hour,UTC,Providing,Current,64727,64728,0.0098991683333333,0,0
"2026-03-07 02:00:00","2026-03-07 03:00:00",Nederland,Wind,Hour,UTC,Providing,Current,69680,69681,0.010656583333333,0,0
"2026-03-07 03:00:00","2026-03-07 04:00:00",Nederland,Wind,Hour,UTC,Providing,Current,93249,93249,0.014261016666667,0,0
"2026-03-07 04:00:00","2026-03-07 05:00:00",Nederland,Wind,Hour,UTC,Providing,Current,80896,80895,0.012371813333333,0,0
"2026-03-07 05:00:00","2026-03-07 06:00:00",Nederland,Wind,Hour,UTC,Providing,Current,159510,159511,0.024394433333333,0,0
"2026-03-07 06:00:00","2026-03-07 07:00:00",Nederland,Wind,Hour,UTC,Providing,Current,197193,197196,0.030157266666667,0,0
"2026-03-07 07:00:00","2026-03-07 08:00:00",Nederland,Wind,Hour,UTC,Providing,Current,336412,336410,0.0514481,0,0
"2026-03-07 08:00:00","2026-03-07 09:00:00",Nederland,Wind,Hour,UTC,Providing,Current,465182,465179,0.071140783333333,0,0
"2026-03-07 09:00:00","2026-03-07 10:00:00",Nederland,Wind,Hour,UTC,Providing,Current,526327,526326,0.080491516666667,0,0
"2026-03-07 10:00:00","2026-03-07 11:00:00",Nederland,Wind,Hour,UTC,Providing,Current,515900,515902,0.078896566666667,0,0
"2026-03-07 11:00:00","2026-03-07 12:00:00",Nederland,Wind,Hour,UTC,Providing,Current,420455,420457,0.064299933333333,0,0
"2026-03-07 12:00:00","2026-03-07 13:00:00",Nederland,Wind,Hour,UTC,Providing,Current,394339,394341,0.060305733333333,0,0
"2026-03-07 13:00:00","2026-03-07 14:00:00",Nederland,Wind,Hour,UTC,Providing,Current,484435,484437,0.0740836,0,0
"2026-03-07 14:00:00","2026-03-07 15:00:00",Nederland,Wind,Hour,UTC,Providing,Current,628103,628100,0.09605405,0,0
"2026-03-07 15:00:00","2026-03-07 16:00:00",Nederland,Wind,Hour,UTC,Providing,Current,857743,857742,0.13117166666667,0,0
"2026-03-07 16:00:00","2026-03-07 17:00:00",Nederland,Wind,Hour,UTC,Providing,Current,865144,865146,0.13230283333333,0,0
"2026-03-07 17:00:00","2026-03-07 18:00:00",Nederland,Wind,Hour,UTC,Providing,Current,736641,736645,0.112651,0,0
"2026-03-07 18:00:00","2026-03-07 19:00:00",Nederland,Wind,Hour,UTC,Providing,Current,605756,605757,0.09263515,0,0
"2026-03-07 19:00:00","2026-03-07 20:00:00",Nederland,Wind,Hour,UTC,Providing,Current,514526,514526,0.078683483333333,0,0
"2026-03-07 20:00:00","2026-03-07 21:00:00",Nederland,Wind,Hour,UTC,Providing,Current,585196,585197,0.089490233333333,0,0
"2026-03-07 21:00:00","2026-03-07 22:00:00",Nederland,Wind,Hour,UTC,Providing,Current,542960,542959,0.083031083333333,0,0
"2026-03-07 22:00:00","2026-03-07 23:00:00",Nederland,Wind,Hour,UTC,Providing,Current,528808,528812,0.080866583333333,0,0
"2026-03-07 23:00:00","2026-03-08 00:00:00",Nederland,Wind,Hour,UTC,Providing,Current,607504,607510,0.09290045,0,0
"2026-03-08 00:00:00","2026-03-08 01:00:00",Nederland,Wind,Hour,UTC,Providing,Current,711418,711418,0.10879048333333,0,0
"2026-03-08 01:00:00","2026-03-08 02:00:00",Nederland,Wind,Hour,UTC,Providing,Current,754684,754682,0.1154065,0,0
"2026-03-08 02:00:00","2026-03-08 03:00:00",Nederland,Wind,Hour,UTC,Providing,Current,708964,708965,0.10841466666667,0,0
"2026-03-08 03:00:00","2026-03-08 04:00:00",Nederland,Wind,Hour,UTC,Providing,Current,642309,642308,0.098221366666667,0,0
"2026-03-08 04:00:00","2026-03-08 05:00:00",Nederland,Wind,Hour,UTC,Providing,Current,557458,557458,0.085245683333333,0,0
"2026-03-08 05:00:00","2026-03-08 06:00:00",Nederland,Wind,Hour,UTC,Providing,Current,515948,515948,0.078897683333333,0,0
"2026-03-08 06:00:00","2026-03-08 07:00:00",Nederland,Wind,Hour,UTC,Providing,Current,493834,493833,0.075515683333333,0,0
"2026-03-08 07:00:00","2026-03-08 08:00:00",Nederland,Wind,Hour,UTC,Providing,Current,482476,482474,0.073778633333333,0,0
"2026-03-08 08:00:00","2026-03-08 09:00:00",Nederland,Wind,Hour,UTC,Providing,Current,469340,469341,0.071769583333333,0,0
"2026-03-08 09:00:00","2026-03-08 10:00:00",Nederland,Wind,Hour,UTC,Providing,Current,293558,293558,0.044889583333333,0,0
"2026-03-08 10:00:00","2026-03-08 11:00:00",Nederland,Wind,Hour,UTC,Providing,Current,255283,255284,0.039036483333333,0,0
"2026-03-08 11:00:00","2026-03-08 12:00:00",Nederland,Wind,Hour,UTC,Providing,Current,224004,224006,0.034253416666667,0,0
"2026-03-08 12:00:00","2026-03-08 13:00:00",Nederland,Wind,Hour,UTC,Providing,Current,162774,162771,0.024890383333333,0,0
"2026-03-08 13:00:00","2026-03-08 14:00:00",Nederland,Wind,Hour,UTC,Providing,Current,126224,126223,0.01930125,0,0
"2026-03-08 14:00:00","2026-03-08 15:00:00",Nederland,Wind,Hour,UTC,Providing,Current,112379,112379,0.01718415,0,0
"2026-03-08 15:00:00","2026-03-08 16:00:00",Nederland,Wind,Hour,UTC,Providing,Current,115036,115040,0.01759045,0,0
"2026-03-08 16:00:00","2026-03-08 17:00:00",Nederland,Wind,Hour,UTC,Providing,Current,90144,90143,0.013784,0,0
"2026-03-08 17:00:00","2026-03-08 18:00:00",Nederland,Wind,Hour,UTC,Providing,Current,86470,86470,0.013222133333333,0,0
"2026-03-08 18:00:00","2026-03-08 19:00:00",Nederland,Wind,Hour,UTC,Providing,Current,72593,72594,0.011100273333333,0,0
"2026-03-08 19:00:00","2026-03-08 20:00:00",Nederland,Wind,Hour,UTC,Providing,Current,46502,46503,0.0071106416666667,0,0
"2026-03-08 20:00:00","2026-03-08 21:00:00",Nederland,Wind,Hour,UTC,Providing,Current,43856,43854,0.006705945,0,0
"2026-03-08 21:00:00","2026-03-08 22:00:00",Nederland,Wind,Hour,UTC,Providing,Current,30650,30651,0.0046866933333333,0,0
"2026-03-08 22:00:00","2026-03-08 23:00:00",Nederland,Wind,Hour,UTC,Providing,Current,19573,19574,0.0029928466666667,0,0
"2026-03-08 23:00:00","2026-03-09 00:00:00",Nederland,Wind,Hour,UTC,Providing,Current,16705,16704,0.0025543,0,0
"2026-03-09 00:00:00","2026-03-09 01:00:00",Nederland,Wind,Hour,UTC,Providing,Current,15907,15908,0.0024323983333333,0,0
"2026-03-09 01:00:00","2026-03-09 02:00:00",Nederland,Wind,Hour,UTC,Providing,Current,10893,10894,0.0016656975,0,0
"2026-03-09 02:00:00","2026-03-09 03:00:00",Nederland,Wind,Hour,UTC,Providing,Current,3498,3499,0.00053491083333333,0,0
"2026-03-09 03:00:00","2026-03-09 04:00:00",Nederland,Wind,Hour,UTC,Providing,Current,3626,3626,0.00055450566666667,0,0
"2026-03-09 04:00:00","2026-03-09 05:00:00",Nederland,Wind,Hour,UTC,Providing,Current,962,963,0.0001472205,0,0
"2026-03-09 05:00:00","2026-03-09 06:00:00",Nederland,Wind,Hour,UTC,Providing,Current,2493,2494,0.000381186,0,0
"2026-03-09 06:00:00","2026-03-09 07:00:00",Nederland,Wind,Hour,UTC,Providing,Current,462,462,7.0691833333333E-5,0,0
"2026-03-09 07:00:00","2026-03-09 08:00:00",Nederland,Wind,Hour,UTC,Providing,Current,0,0,0,0,0
"2026-03-09 08:00:00","2026-03-09 09:00:00",Nederland,Wind,Hour,UTC,Providing,Current,0,0,0,0,0
"2026-03-09 09:00:00","2026-03-09 10:00:00",Nederland,Wind,Hour,UTC,Providing,Current,0,0,0,0,0
"2026-03-09 10:00:00","2026-03-09 11:00:00",Nederland,Wind,Hour,UTC,Providing,Current,932,933,0.000142604,0,0
"2026-03-09 11:00:00","2026-03-09 12:00:00",Nederland,Wind,Hour,UTC,Providing,Current,0,0,0,0,0
"2026-03-09 12:00:00","2026-03-09 13:00:00",Nederland,Wind,Hour,UTC,Providing,Current,16364,16364,0.0025021016666667,0,0
"2026-03-09 13:00:00","2026-03-09 14:00:00",Nederland,Wind,Hour,UTC,Providing,Current,28785,28785,0.0044012816666667,0,0
"2026-03-09 14:00:00","2026-03-09 15:00:00",Nederland,Wind,Hour,UTC,Providing,Current,62049,62050,0.0094871266666667,0,0
"2026-03-09 15:00:00","2026-03-09 16:00:00",Nederland,Wind,Hour,UTC,Providing,Current,36622,36621,0.0055993916666667,0,0
"2026-03-09 16:00:00","2026-03-09 17:00:00",Nederland,Wind,Hour,UTC,Providing,Current,41144,41146,0.0062907333333333,0,0
"2026-03-09 17:00:00","2026-03-09 18:00:00",Nederland,Wind,Hour,UTC,Providing,Current,1010,1010,0.00015450066666667,0,0
"2026-03-09 18:00:00","2026-03-09 19:00:00",Nederland,Wind,Hour,UTC,Providing,Current,0,0,0,0,0
"2026-03-09 19:00:00","2026-03-09 20:00:00",Nederland,Wind,Hour,UTC,Providing,Current,0,0,0,0,0
"2026-03-09 20:00:00","2026-03-09 21:00:00",Nederland,Wind,Hour,UTC,Providing,Current,0,0,0,0,0
"2026-03-09 21:00:00","2026-03-09 22:00:00",Nederland,Wind,Hour,UTC,Providing,Current,0,0,0,0,0
"2026-03-09 22:00:00","2026-03-09 23:00:00",Nederland,Wind,Hour,UTC,Providing,Current,0,0,0,0,0
"2026-03-09 23:00:00","2026-03-10 00:00:00",Nederland,Wind,Hour,UTC,Providing,Current,0,0,0,0,0
"2026-03-10 00:00:00","2026-03-10 01:00:00",Nederland,Wind,Hour,UTC,Providing,Current,451,451,6.8979166666667E-5,0,0
"2026-03-10 01:00:00","2026-03-10 02:00:00",Nederland,Wind,Hour,UTC,Providing,Current,0,0,0,0,0
"2026-03-10 02:00:00","2026-03-10 03:00:00",Nederland,Wind,Hour,UTC,Providing,Current,0,0,0,0,0
"2026-03-10 03:00:00","2026-03-10 04:00:00",Nederland,Wind,Hour,UTC,Providing,Current,0,0,0,0,0
"2026-03-10 04:00:00","2026-03-10 05:00:00",Nederland,Wind,Hour,UTC,Providing,Current,8701,8702,0.001330355,0,0
"2026-03-10 05:00:00","2026-03-10 06:00:00",Nederland,Wind,Hour,UTC,Providing,Current,5817,5817,0.00088942166666667,0,0
"2026-03-10 06:00:00","2026-03-10 07:00:00",Nederland,Wind,Hour,UTC,Providing,Current,23772,23774,0.003634525,0,0
"2026-03-10 07:00:00","2026-03-10 08:00:00",Nederland,Wind,Hour,UTC,Providing,Current,20304,20306,0.00310425,0,0
"2026-03-10 08:00:00","2026-03-10 09:00:00",Nederland,Wind,Hour,UTC,Providing,Current,116777,116781,0.017853618333333,0,0
"2026-03-10 09:00:00","2026-03-10 10:00:00",Nederland,Wind,Hour,UTC,Providing,Current,301297,301294,0.046063816666667,0,0
"2026-03-10 10:00:00","2026-03-10 11:00:00",Nederland,Wind,Hour,UTC,Providing,Current,528447,528452,0.0807913,0,0
"2026-03-10 11:00:00","2026-03-10 12:00:00",Nederland,Wind,Hour,UTC,Providing,Current,750976,750978,0.1148118,0,0
"2026-03-10 12:00:00","2026-03-10 13:00:00",Nederland,Wind,Hour,UTC,Providing,Current,700882,700880,0.10715293333333,0,0
"2026-03-10 13:00:00","2026-03-10 14:00:00",Nederland,Wind,Hour,UTC,Providing,Current,1132667,1132667,0.17316483333333,0,0
"2026-03-10 14:00:00","2026-03-10 15:00:00",Nederland,Wind,Hour,UTC,Providing,Current,1191388,1191386,0.18214133333333,0,0
"2026-03-10 15:00:00","2026-03-10 16:00:00",Nederland,Wind,Hour,UTC,Providing,Current,1075271,1075274,0.1643885,0,0
"2026-03-10 16:00:00","2026-03-10 17:00:00",Nederland,Wind,Hour,UTC,Providing,Current,806776,806774,0.12334033333333,0,0
"2026-03-10 17:00:00","2026-03-10 18:00:00",Nederland,Wind,Hour,UTC,Providing,Current,817106,817105,0.124919,0,0
"2026-03-10 18:00:00","2026-03-10 19:00:00",Nederland,Wind,Hour,UTC,Providing,Current,570611,570613,0.087234633333333,0,0
"2026-03-10 19:00:00","2026-03-10 20:00:00",Nederland,Wind,Hour,UTC,Providing,Current,700084,700084,0.10702798333333,0,0
"2026-03-10 20:00:00","2026-03-10 21:00:00",Nederland,Wind,Hour,UTC,Providing,Current,781346,781344,0.11945066666667,0,0
"2026-03-10 21:00:00","2026-03-10 22:00:00",Nederland,Wind,Hour,UTC,Providing,Current,1017183,1017184,0.155504,0,0
"2026-03-10 22:00:00","2026-03-10 23:00:00",Nederland,Wind,Hour,UTC,Providing,Current,1631769,1631768,0.24945933333333,0,0
"2026-03-10 23:00:00","2026-03-11 00:00:00",Nederland,Wind,Hour,UTC,Providing,Current,2132877,2132875,0.326066,0,0
"2026-03-11 00:00:00","2026-03-11 01:00:00",Nederland,Wind,Hour,UTC,Providing,Current,2442039,2442041,0.37332766666667,0,0
"2026-03-11 01:00:00","2026-03-11 02:00:00",Nederland,Wind,Hour,UTC,Providing,Current,2544197,2544194,0.38894366666667,0,0
"2026-03-11 02:00:00","2026-03-11 03:00:00",Nederland,Wind,Hour,UTC,Providing,Current,2693079,2693081,0.411702,0,0
"2026-03-11 03:00:00","2026-03-11 04:00:00",Nederland,Wind,Hour,UTC,Providing,Current,3062601,3062598,0.46819033333333,0,0
"2026-03-11 04:00:00","2026-03-11 05:00:00",Nederland,Wind,Hour,UTC,Providing,Current,3463853,3463852,0.52952916666667,0,0
"2026-03-11 05:00:00","2026-03-11 06:00:00",Nederland,Wind,Hour,UTC,Providing,Current,3850232,3850232,0.58859366666667,0,0
"2026-03-11 06:00:00","2026-03-11 07:00:00",Nederland,Wind,Hour,UTC,Providing,Current,4462657,4462654,0.68221333333333,0,0
"2026-03-11 07:00:00","2026-03-11 08:00:00",Nederland,Wind,Hour,UTC,Providing,Current,4924399,4924398,0.75279733333333,0,0
"2026-03-11 08:00:00","2026-03-11 09:00:00",Nederland,Wind,Hour,UTC,Providing,Current,5146673,5146674,0.7867735,0,0
"2026-03-11 09:00:00","2026-03-11 10:00:00",Nederland,Wind,Hour,UTC,Providing,Current,5689680,5689680,0.86977933333333,0,0
"2026-03-11 10:00:00","2026-03-11 11:00:00",Nederland,Wind,Hour,UTC,Providing,Current,5848646,5848644,0.8940765,0,0
"2026-03-11 11:00:00","2026-03-11 12:00:00",Nederland,Wind,Hour,UTC,Providing,Current,5973722,5973721,0.913193,0,0
"2026-03-11 12:00:00","2026-03-11 13:00:00",Nederland,Wind,Hour,UTC,Providing,Current,5666196,5666195,0.86617866666667,0,0
"2026-03-11 13:00:00","2026-03-11 14:00:00",Nederland,Wind,Hour,UTC,Providing,Current,5439513,5439515,0.831523,0,0
"2026-03-11 14:00:00","2026-03-11 15:00:00",Nederland,Wind,Hour,UTC,Providing,Current,5117329,5117327,0.782268,0,0
"2026-03-11 15:00:00","2026-03-11 16:00:00",Nederland,Wind,Hour,UTC,Providing,Current,4760148,4760145,0.727664,0,0
"2026-03-11 16:00:00","2026-03-11 17:00:00",Nederland,Wind,Hour,UTC,Providing,Current,4079118,4079117,0.62355566666667,0,0
"2026-03-11 17:00:00","2026-03-11 18:00:00",Nederland,Wind,Hour,UTC,Providing,Current,2566875,2566879,0.3923845,0,0
"2026-03-11 18:00:00","2026-03-11 19:00:00",Nederland,Wind,Hour,UTC,Providing,Current,1231308,1231307,0.18822283333333,0,0
"2026-03-11 19:00:00","2026-03-11 20:00:00",Nederland,Wind,Hour,UTC,Providing,Current,843731,843730,0.1289755,0,0
"2026-03-11 20:00:00","2026-03-11 21:00:00",Nederland,Wind,Hour,UTC,Providing,Current,833800,833802,0.127457,0,0
"2026-03-11 21:00:00","2026-03-11 22:00:00",Nederland,Wind,Hour,UTC,Providing,Current,835606,835609,0.1277325,0,0
"2026-03-11 22:00:00","2026-03-11 23:00:00",Nederland,Wind,Hour,UTC,Providing,Current,882579,882577,0.13491233333333,0,0
"2026-03-11 23:00:00","2026-03-12 00:00:00",Nederland,Wind,Hour,UTC,Providing,Current,807908,807913,0.12349766666667,0,0
"2026-03-12 00:00:00","2026-03-12 01:00:00",Nederland,Wind,Hour,UTC,Providing,Current,810311,810311,0.12386466666667,0,0
"2026-03-12 01:00:00","2026-03-12 02:00:00",Nederland,Wind,Hour,UTC,Providing,Current,802304,802308,0.12264,0,0
"2026-03-12 02:00:00","2026-03-12 03:00:00",Nederland,Wind,Hour,UTC,Providing,Current,1038816,1038816,0.15879233333333,0,0
"2026-03-12 03:00:00","2026-03-12 04:00:00",Nederland,Wind,Hour,UTC,Providing,Current,1438315,1438312,0.21985833333333,0,0
"2026-03-12 04:00:00","2026-03-12 05:00:00",Nederland,Wind,Hour,UTC,Providing,Current,1908602,1908603,0.2917445,0,0
"2026-03-12 05:00:00","2026-03-12 06:00:00",Nederland,Wind,Hour,UTC,Providing,Current,2147805,2147804,0.328307,0,0
"2026-03-12 06:00:00","2026-03-12 07:00:00",Nederland,Wind,Hour,UTC,Providing,Current,2606359,2606362,0.39839866666667,0,0
"2026-03-12 07:00:00","2026-03-12 08:00:00",Nederland,Wind,Hour,UTC,Providing,Current,3289406,3289407,0.50280466666667,0,0
"2026-03-12 08:00:00","2026-03-12 09:00:00",Nederland,Wind,Hour,UTC,Providing,Current,4764757,4764755,0.72831733333333,0,0
"2026-03-12 09:00:00","2026-03-12 10:00:00",Nederland,Wind,Hour,UTC,Providing,Current,5928284,5928286,0.906165,0,0
"2026-03-12 10:00:00","2026-03-12 11:00:00",Nederland,Wind,Hour,UTC,Providing,Current,6359433,6359434,0.97206366666667,0,0
"2026-03-12 11:00:00","2026-03-12 12:00:00",Nederland,Wind,Hour,UTC,Providing,Current,6499230,6499230,0.99342833333333,0,0
"2026-03-12 12:00:00","2026-03-12 13:00:00",Nederland,Wind,Hour,UTC,Providing,Current,6525970,6525969,0.99751116666667,0,0
"2026-03-12 13:00:00","2026-03-12 14:00:00",Nederland,Wind,Hour,UTC,Providing,Current,6521690,6521689,0.99685266666667,0,0
"2026-03-12 14:00:00","2026-03-12 15:00:00",Nederland,Wind,Hour,UTC,Providing,Current,6513275,6513267,0.9955625,0,0
"2026-03-12 15:00:00","2026-03-12 16:00:00",Nederland,Wind,Hour,UTC,Providing,Current,6518299,6518294,0.99632666666667,0,0
"2026-03-12 16:00:00","2026-03-12 17:00:00",Nederland,Wind,Hour,UTC,Providing,Current,6510412,6510409,0.995117,0,0
"2026-03-12 17:00:00","2026-03-12 18:00:00",Nederland,Wind,Hour,UTC,Providing,Current,6352371,6352365,0.97095633333333,0,0
"2026-03-12 18:00:00","2026-03-12 19:00:00",Nederland,Wind,Hour,UTC,Providing,Current,6056629,6056624,0.9257485,0,0
"2026-03-12 19:00:00","2026-03-12 20:00:00",Nederland,Wind,Hour,UTC,Providing,Current,5972747,5972741,0.91292333333333,0,0
"2026-03-12 20:00:00","2026-03-12 21:00:00",Nederland,Wind,Hour,UTC,Providing,Current,6230502,6230497,0.952317,0,0
"2026-03-12 21:00:00","2026-03-12 22:00:00",Nederland,Wind,Hour,UTC,Providing,Current,6367196,6367199,0.97320633333333,0,0
"2026-03-12 22:00:00","2026-03-12 23:00:00",Nederland,Wind,Hour,UTC,Providing,Current,6432515,6432519,0.98318616666667,0,0
"2026-03-12 23:00:00","2026-03-13 00:00:00",Nederland,Wind,Hour,UTC,Providing,Current,6439379,6439382,0.98423116666667,0,0
"2026-03-13 00:00:00","2026-03-13 01:00:00",Nederland,Wind,Hour,UTC,Providing,Current,6457817,6457817,0.98704533333333,0,0
"2026-03-13 01:00:00","2026-03-13 02:00:00",Nederland,Wind,Hour,UTC,Providing,Current,6484771,6484772,0.991161,0,0
"2026-03-13 02:00:00","2026-03-13 03:00:00",Nederland,Wind,Hour,UTC,Providing,Current,6488226,6488229,0.99168466666667,0,0
"2026-03-13 03:00:00","2026-03-13 04:00:00",Nederland,Wind,Hour,UTC,Providing,Current,6504064,6504066,0.9941015,0,0
"2026-03-13 04:00:00","2026-03-13 05:00:00",Nederland,Wind,Hour,UTC,Providing,Current,6516738,6516737,0.9960345,0,0
"2026-03-13 05:00:00","2026-03-13 06:00:00",Nederland,Wind,Hour,UTC,Providing,Current,6523844,6523847,0.9971165,0,0
"2026-03-13 06:00:00","2026-03-13 07:00:00",Nederland,Wind,Hour,UTC,Providing,Current,6529209,6529214,0.99793216666667,0,0
"2026-03-13 07:00:00","2026-03-13 08:00:00",Nederland,Wind,Hour,UTC,Providing,Current,6526931,6526929,0.99758016666667,0,0
"2026-03-13 08:00:00","2026-03-13 09:00:00",Nederland,Wind,Hour,UTC,Providing,Current,6249160,6249157,0.9551215,0,0
"2026-03-13 09:00:00","2026-03-13 10:00:00",Nederland,Wind,Hour,UTC,Providing,Current,4219967,4219970,0.64497733333333,0,0
"2026-03-13 10:00:00","2026-03-13 11:00:00",Nederland,Wind,Hour,UTC,Providing,Current,2859606,2859610,0.43705866666667,0,0
"2026-03-13 11:00:00","2026-03-13 12:00:00",Nederland,Wind,Hour,UTC,Providing,Current,3692752,3692752,0.56439316666667,0,0
"2026-03-13 12:00:00","2026-03-13 13:00:00",Nederland,Wind,Hour,UTC,Providing,Current,4287212,4287213,0.65524666666667,0,0
"2026-03-13 13:00:00","2026-03-13 14:00:00",Nederland,Wind,Hour,UTC,Providing,Current,4444905,4444904,0.67934516666667,0,0
"2026-03-13 14:00:00","2026-03-13 15:00:00",Nederland,Wind,Hour,UTC,Providing,Current,4029021,4029020,0.61578016666667,0,0
"2026-03-13 15:00:00","2026-03-13 16:00:00",Nederland,Wind,Hour,UTC,Providing,Current,3845667,3845664,0.58775483333333,0,0
"2026-03-13 16:00:00","2026-03-13 17:00:00",Nederland,Wind,Hour,UTC,Providing,Current,3238298,3238300,0.494925,0,0
"2026-03-13 17:00:00","2026-03-13 18:00:00",Nederland,Wind,Hour,UTC,Providing,Current,2438574,2438577,0.37269783333333,0,0
"2026-03-13 18:00:00","2026-03-13 19:00:00",Nederland,Wind,Hour,UTC,Providing,Current,1855174,1855176,0.28353316666667,0,0
"2026-03-13 19:00:00","2026-03-13 20:00:00",Nederland,Wind,Hour,UTC,Providing,Current,1771722,1771720,0.27077783333333,0,0
"2026-03-13 20:00:00","2026-03-13 21:00:00",Nederland,Wind,Hour,UTC,Providing,Current,1619075,1619076,0.24744716666667,0,0
"2026-03-13 21:00:00","2026-03-13 22:00:00",Nederland,Wind,Hour,UTC,Providing,Current,1246052,1246053,0.19043616666667,0,0
"2026-03-13 22:00:00","2026-03-13 23:00:00",Nederland,Wind,Hour,UTC,Providing,Current,1209393,1209395,0.18483283333333,0,0
"2026-03-13 23:00:00","2026-03-14 00:00:00",Nederland,Wind,Hour,UTC,Providing,Current,1175676,1175680,0.17967916666667,0,0
"2026-03-14 00:00:00","2026-03-14 01:00:00",Nederland,Wind,Hour,UTC,Providing,Current,798071,798070,0.12196916666667,0,0
"2026-03-14 01:00:00","2026-03-14 02:00:00",Nederland,Wind,Hour,UTC,Providing,Current,599970,599972,0.091693133333333,0,0
"2026-03-14 02:00:00","2026-03-14 03:00:00",Nederland,Wind,Hour,UTC,Providing,Current,368076,368077,0.056252566666667,0,0
"2026-03-14 03:00:00","2026-03-14 04:00:00",Nederland,Wind,Hour,UTC,Providing,Current,153929,153932,0.023524683333333,0,0
"2026-03-14 04:00:00","2026-03-14 05:00:00",Nederland,Wind,Hour,UTC,Providing,Current,171910,171908,0.026272566666667,0,0
"2026-03-14 05:00:00","2026-03-14 06:00:00",Nederland,Wind,Hour,UTC,Providing,Current,160815,160817,0.024576966666667,0,0
"2026-03-14 06:00:00","2026-03-14 07:00:00",Nederland,Wind,Hour,UTC,Providing,Current,123124,123125,0.018816666666667,0,0
"2026-03-14 07:00:00","2026-03-14 08:00:00",Nederland,Wind,Hour,UTC,Providing,Current,189800,189803,0.029006316666667,0,0
"2026-03-14 08:00:00","2026-03-14 09:00:00",Nederland,Wind,Hour,UTC,Providing,Current,242969,242968,0.03713175,0,0
"2026-03-14 09:00:00","2026-03-14 10:00:00",Nederland,Wind,Hour,UTC,Providing,Current,366750,366747,0.056048383333333,0,0
"2026-03-14 10:00:00","2026-03-14 11:00:00",Nederland,Wind,Hour,UTC,Providing,Current,673025,673031,0.10285398333333,0,0
"2026-03-14 11:00:00","2026-03-14 12:00:00",Nederland,Wind,Hour,UTC,Providing,Current,988013,988014,0.150991,0,0
"2026-03-14 12:00:00","2026-03-14 13:00:00",Nederland,Wind,Hour,UTC,Providing,Current,1181877,1181878,0.180617,0,0
"2026-03-14 13:00:00","2026-03-14 14:00:00",Nederland,Wind,Hour,UTC,Providing,Current,1889295,1889293,0.28872516666667,0,0
"2026-03-14 14:00:00","2026-03-14 15:00:00",Nederland,Wind,Hour,UTC,Providing,Current,2112841,2112837,0.32288666666667,0,0
"2026-03-14 15:00:00","2026-03-14 16:00:00",Nederland,Wind,Hour,UTC,Providing,Current,1614402,1614402,0.24671366666667,0,0
"2026-03-14 16:00:00","2026-03-14 17:00:00",Nederland,Wind,Hour,UTC,Providing,Current,1326960,1326959,0.20278583333333,0,0
"2026-03-14 17:00:00","2026-03-14 18:00:00",Nederland,Wind,Hour,UTC,Providing,Current,714451,714454,0.1091817,0,0
"2026-03-14 18:00:00","2026-03-14 19:00:00",Nederland,Wind,Hour,UTC,Providing,Current,301912,301915,0.04613785,0,0
"2026-03-14 19:00:00","2026-03-14 20:00:00",Nederland,Wind,Hour,UTC,Providing,Current,168667,168671,0.025775433333333,0,0
"2026-03-14 20:00:00","2026-03-14 21:00:00",Nederland,Wind,Hour,UTC,Providing,Current,90192,90195,0.013782983333333,0,0
"2026-03-14 21:00:00","2026-03-14 22:00:00",Nederland,Wind,Hour,UTC,Providing,Current,67352,67353,0.010292586666667,0,0
"2026-03-14 22:00:00","2026-03-14 23:00:00",Nederland,Wind,Hour,UTC,Providing,Current,61841,61844,0.0094503666666667,0,0
"2026-03-14 23:00:00","2026-03-15 00:00:00",Nederland,Wind,Hour,UTC,Providing,Current,78166,78168,0.011945083333333,0,0
"2026-03-15 00:00:00","2026-03-15 01:00:00",Nederland,Wind,Hour,UTC,Providing,Current,76099,76100,0.0116291,0,0
"2026-03-15 01:00:00","2026-03-15 02:00:00",Nederland,Wind,Hour,UTC,Providing,Current,31106,31107,0.004753565,0,0
"2026-03-15 02:00:00","2026-03-15 03:00:00",Nederland,Wind,Hour,UTC,Providing,Current,23257,23257,0.0035540333333333,0,0
"2026-03-15 03:00:00","2026-03-15 04:00:00",Nederland,Wind,Hour,UTC,Providing,Current,20881,20881,0.003190985,0,0
"2026-03-15 04:00:00","2026-03-15 05:00:00",Nederland,Wind,Hour,UTC,Providing,Current,21634,21634,0.003305965,0,0
"2026-03-15 05:00:00","2026-03-15 06:00:00",Nederland,Wind,Hour,UTC,Providing,Current,9451,9451,0.0014442483333333,0,0
"2026-03-15 06:00:00","2026-03-15 07:00:00",Nederland,Wind,Hour,UTC,Providing,Current,20232,20231,0.00309172,0,0
"2026-03-15 07:00:00","2026-03-15 08:00:00",Nederland,Wind,Hour,UTC,Providing,Current,53077,53078,0.0081107083333333,0,0
"2026-03-15 08:00:00","2026-03-15 09:00:00",Nederland,Wind,Hour,UTC,Providing,Current,216821,216823,0.0331323,0,0
"2026-03-15 09:00:00","2026-03-15 10:00:00",Nederland,Wind,Hour,UTC,Providing,Current,969359,969361,0.14812681666667,0,0
"2026-03-15 10:00:00","2026-03-15 11:00:00",Nederland,Wind,Hour,UTC,Providing,Current,2193219,2193224,0.33514216666667,0,0
"2026-03-15 11:00:00","2026-03-15 12:00:00",Nederland,Wind,Hour,UTC,Providing,Current,3190131,3190131,0.48747683333333,0,0
"2026-03-15 12:00:00","2026-03-15 13:00:00",Nederland,Wind,Hour,UTC,Providing,Current,3632335,3632332,0.5550465,0,0
"2026-03-15 13:00:00","2026-03-15 14:00:00",Nederland,Wind,Hour,UTC,Providing,Current,4149742,4149740,0.63410716666667,0,0
"2026-03-15 14:00:00","2026-03-15 15:00:00",Nederland,Wind,Hour,UTC,Providing,Current,4638396,4638391,0.708774,0,0
"2026-03-15 15:00:00","2026-03-15 16:00:00",Nederland,Wind,Hour,UTC,Providing,Current,4912848,4912849,0.75070866666667,0,0
"2026-03-15 16:00:00","2026-03-15 17:00:00",Nederland,Wind,Hour,UTC,Providing,Current,4892808,4892807,0.74764333333333,0,0
"2026-03-15 17:00:00","2026-03-15 18:00:00",Nederland,Wind,Hour,UTC,Providing,Current,4249218,4249219,0.64929733333333,0,0
"2026-03-15 18:00:00","2026-03-15 19:00:00",Nederland,Wind,Hour,UTC,Providing,Current,3485754,3485750,0.53263483333333,0,0
"2026-03-15 19:00:00","2026-03-15 20:00:00",Nederland,Wind,Hour,UTC,Providing,Current,4220397,4220393,0.644888,0,0
"2026-03-15 20:00:00","2026-03-15 21:00:00",Nederland,Wind,Hour,UTC,Providing,Current,5172618,5172621,0.7903865,0,0
"2026-03-15 21:00:00","2026-03-15 22:00:00",Nederland,Wind,Hour,UTC,Providing,Current,5829416,5829413,0.890743,0,0
"2026-03-15 22:00:00","2026-03-15 23:00:00",Nederland,Wind,Hour,UTC,Providing,Current,6315394,6315398,0.96499733333333,0,0
"2026-03-15 23:00:00","2026-03-16 00:00:00",Nederland,Wind,Hour,UTC,Providing,Current,6374320,6374318,0.97399716666667,0,0
"2026-03-16 00:00:00","2026-03-16 01:00:00",Nederland,Wind,Hour,UTC,Providing,Current,5759684,5759684,0.88007716666667,0,0
"2026-03-16 01:00:00","2026-03-16 02:00:00",Nederland,Wind,Hour,UTC,Providing,Current,4327959,4327956,0.6613075,0,0
"2026-03-16 02:00:00","2026-03-16 03:00:00",Nederland,Wind,Hour,UTC,Providing,Current,3707697,3707694,0.56652966666667,0,0
"2026-03-16 03:00:00","2026-03-16 04:00:00",Nederland,Wind,Hour,UTC,Providing,Current,3622448,3622454,0.55350166666667,0,0
"2026-03-16 04:00:00","2026-03-16 05:00:00",Nederland,Wind,Hour,UTC,Providing,Current,3845348,3845349,0.5875575,0,0
"2026-03-16 05:00:00","2026-03-16 06:00:00",Nederland,Wind,Hour,UTC,Providing,Current,3968853,3968854,0.60642616666667,0,0
"2026-03-16 06:00:00","2026-03-16 07:00:00",Nederland,Wind,Hour,UTC,Providing,Current,4121926,4121924,0.62981266666667,0,0
"2026-03-16 07:00:00","2026-03-16 08:00:00",Nederland,Wind,Hour,UTC,Providing,Current,4018864,4018870,0.61406266666667,0,0
"2026-03-16 08:00:00","2026-03-16 09:00:00",Nederland,Wind,Hour,UTC,Providing,Current,4517480,4517478,0.690246,0,0
"2026-03-16 09:00:00","2026-03-16 10:00:00",Nederland,Wind,Hour,UTC,Providing,Current,5185422,5185424,0.79230066666667,0,0
"2026-03-16 10:00:00","2026-03-16 11:00:00",Nederland,Wind,Hour,UTC,Providing,Current,5636821,5636823,0.86126833333333,0,0
"2026-03-16 11:00:00","2026-03-16 12:00:00",Nederland,Wind,Hour,UTC,Providing,Current,5717815,5717817,0.87363983333333,0,0
"2026-03-16 12:00:00","2026-03-16 13:00:00",Nederland,Wind,Hour,UTC,Providing,Current,5630234,5630233,0.86025433333333,0,0
"2026-03-16 13:00:00","2026-03-16 14:00:00",Nederland,Wind,Hour,UTC,Providing,Current,5281370,5281370,0.80694766666667,0,0
"2026-03-16 14:00:00","2026-03-16 15:00:00",Nederland,Wind,Hour,UTC,Providing,Current,4813195,4813200,0.73541133333333,0,0
"2026-03-16 15:00:00","2026-03-16 16:00:00",Nederland,Wind,Hour,UTC,Providing,Current,4135607,4135606,0.63187966666667,0,0
"2026-03-16 16:00:00","2026-03-16 17:00:00",Nederland,Wind,Hour,UTC,Providing,Current,3214655,3214656,0.49116533333333,0,0
"2026-03-16 17:00:00","2026-03-16 18:00:00",Nederland,Wind,Hour,UTC,Providing,Current,1615779,1615781,0.24687316666667,0,0
"2026-03-16 18:00:00","2026-03-16 19:00:00",Nederland,Wind,Hour,UTC,Providing,Current,661142,661143,0.10101475,0,0
"2026-03-16 19:00:00","2026-03-16 20:00:00",Nederland,Wind,Hour,UTC,Providing,Current,666826,666824,0.10188263333333,0,0
"2026-03-16 20:00:00","2026-03-16 21:00:00",Nederland,Wind,Hour,UTC,Providing,Current,762181,762181,0.11645133333333,0,0
"2026-03-16 21:00:00","2026-03-16 22:00:00",Nederland,Wind,Hour,UTC,Providing,Current,950157,950157,0.14517116666667,0,0
"2026-03-16 22:00:00","2026-03-16 23:00:00",Nederland,Wind,Hour,UTC,Providing,Current,1040810,1040809,0.15902083333333,0,0
"2026-03-16 23:00:00","2026-03-17 00:00:00",Nederland,Wind,Hour,UTC,Providing,Current,1207014,1207011,0.18441366666667,0,0
"2026-03-17 00:00:00","2026-03-17 01:00:00",Nederland,Wind,Hour,UTC,Providing,Current,1353871,1353874,0.20685033333333,0,0
"2026-03-17 01:00:00","2026-03-17 02:00:00",Nederland,Wind,Hour,UTC,Providing,Current,1383893,1383892,0.21143633333333,0,0
"2026-03-17 02:00:00","2026-03-17 03:00:00",Nederland,Wind,Hour,UTC,Providing,Current,1411706,1411710,0.21568483333333,0,0
"2026-03-17 03:00:00","2026-03-17 04:00:00",Nederland,Wind,Hour,UTC,Providing,Current,1406581,1406585,0.21490083333333,0,0
"2026-03-17 04:00:00","2026-03-17 05:00:00",Nederland,Wind,Hour,UTC,Providing,Current,1448707,1448710,0.22133616666667,0,0
"2026-03-17 05:00:00","2026-03-17 06:00:00",Nederland,Wind,Hour,UTC,Providing,Current,1375472,1375474,0.21014633333333,0,0
"2026-03-17 06:00:00","2026-03-17 07:00:00",Nederland,Wind,Hour,UTC,Providing,Current,1416731,1416729,0.21644883333333,0,0
"2026-03-17 07:00:00","2026-03-17 08:00:00",Nederland,Wind,Hour,UTC,Providing,Current,1646363,1646361,0.25153133333333,0,0
"2026-03-17 08:00:00","2026-03-17 09:00:00",Nederland,Wind,Hour,UTC,Providing,Current,1913658,1913653,0.2923675,0,0
"2026-03-17 09:00:00","2026-03-17 10:00:00",Nederland,Wind,Hour,UTC,Providing,Current,2089303,2089304,0.319201,0,0
"2026-03-17 10:00:00","2026-03-17 11:00:00",Nederland,Wind,Hour,UTC,Providing,Current,2356950,2356952,0.36009033333333,0,0
"2026-03-17 11:00:00","2026-03-17 12:00:00",Nederland,Wind,Hour,UTC,Providing,Current,2319305,2319309,0.35433766666667,0,0
"2026-03-17 12:00:00","2026-03-17 13:00:00",Nederland,Wind,Hour,UTC,Providing,Current,2154654,2154647,0.32918133333333,0,0
"2026-03-17 13:00:00","2026-03-17 14:00:00",Nederland,Wind,Hour,UTC,Providing,Current,1995743,1995743,0.30490216666667,0,0
"2026-03-17 14:00:00","2026-03-17 15:00:00",Nederland,Wind,Hour,UTC,Providing,Current,2066497,2066493,0.31571016666667,0,0
"2026-03-17 15:00:00","2026-03-17 16:00:00",Nederland,Wind,Hour,UTC,Providing,Current,1959886,1959887,0.2994215,0,0
"2026-03-17 16:00:00","2026-03-17 17:00:00",Nederland,Wind,Hour,UTC,Providing,Current,1619962,1619962,0.24748866666667,0,0
"2026-03-17 17:00:00","2026-03-17 18:00:00",Nederland,Wind,Hour,UTC,Providing,Current,1174991,1174995,0.17950766666667,0,0
"2026-03-17 18:00:00","2026-03-17 19:00:00",Nederland,Wind,Hour,UTC,Providing,Current,892404,892407,0.13633533333333,0,0
"2026-03-17 19:00:00","2026-03-17 20:00:00",Nederland,Wind,Hour,UTC,Providing,Current,1075105,1075103,0.1642465,0,0
"2026-03-17 20:00:00","2026-03-17 21:00:00",Nederland,Wind,Hour,UTC,Providing,Current,1161786,1161786,0.177488,0,0
"2026-03-17 21:00:00","2026-03-17 22:00:00",Nederland,Wind,Hour,UTC,Providing,Current,1309681,1309679,0.20008166666667,0,0
"2026-03-17 22:00:00","2026-03-17 23:00:00",Nederland,Wind,Hour,UTC,Providing,Current,1416911,1416907,0.21646216666667,0,0
"2026-03-17 23:00:00","2026-03-18 00:00:00",Nederland,Wind,Hour,UTC,Providing,Current,1498190,1498192,0.22887833333333,0,0
"2026-03-18 00:00:00","2026-03-18 01:00:00",Nederland,Wind,Hour,UTC,Providing,Current,1524262,1524264,0.23286016666667,0,0
"2026-03-18 01:00:00","2026-03-18 02:00:00",Nederland,Wind,Hour,UTC,Providing,Current,1438066,1438064,0.21969133333333,0,0
"2026-03-18 02:00:00","2026-03-18 03:00:00",Nederland,Wind,Hour,UTC,Providing,Current,1155224,1155225,0.17648133333333,0,0
"2026-03-18 03:00:00","2026-03-18 04:00:00",Nederland,Wind,Hour,UTC,Providing,Current,1012472,1012476,0.15467266666667,0,0
"2026-03-18 04:00:00","2026-03-18 05:00:00",Nederland,Wind,Hour,UTC,Providing,Current,1068538,1068539,0.163237,0,0
"2026-03-18 05:00:00","2026-03-18 06:00:00",Nederland,Wind,Hour,UTC,Providing,Current,1176478,1176477,0.17972583333333,0,0
"2026-03-18 06:00:00","2026-03-18 07:00:00",Nederland,Wind,Hour,UTC,Providing,Current,1362542,1362544,0.20814933333333,0,0
"2026-03-18 07:00:00","2026-03-18 08:00:00",Nederland,Wind,Hour,UTC,Providing,Current,1767259,1767262,0.26997516666667,0,0
"2026-03-18 08:00:00","2026-03-18 09:00:00",Nederland,Wind,Hour,UTC,Providing,Current,2648384,2648383,0.40457816666667,0,0
"2026-03-18 09:00:00","2026-03-18 10:00:00",Nederland,Wind,Hour,UTC,Providing,Current,3059282,3059280,0.46734683333333,0,0
"2026-03-18 10:00:00","2026-03-18 11:00:00",Nederland,Wind,Hour,UTC,Providing,Current,3504701,3504700,0.53538833333333,0,0
"2026-03-18 11:00:00","2026-03-18 12:00:00",Nederland,Wind,Hour,UTC,Providing,Current,3238763,3238768,0.49476083333333,0,0
"2026-03-18 12:00:00","2026-03-18 13:00:00",Nederland,Wind,Hour,UTC,Providing,Current,2623450,2623450,0.40076266666667,0,0
"2026-03-18 13:00:00","2026-03-18 14:00:00",Nederland,Wind,Hour,UTC,Providing,Current,2141903,2141903,0.32719933333333,0,0
"2026-03-18 14:00:00","2026-03-18 15:00:00",Nederland,Wind,Hour,UTC,Providing,Current,1910063,1910064,0.291782,0,0
"2026-03-18 15:00:00","2026-03-18 16:00:00",Nederland,Wind,Hour,UTC,Providing,Current,1848262,1848264,0.28234,0,0
"2026-03-18 16:00:00","2026-03-18 17:00:00",Nederland,Wind,Hour,UTC,Providing,Current,1746122,1746123,0.26673616666667,0,0
"2026-03-18 17:00:00","2026-03-18 18:00:00",Nederland,Wind,Hour,UTC,Providing,Current,1194800,1194799,0.182516,0,0
"2026-03-18 18:00:00","2026-03-18 19:00:00",Nederland,Wind,Hour,UTC,Providing,Current,608373,608373,0.092933683333333,0,0
"2026-03-18 19:00:00","2026-03-18 20:00:00",Nederland,Wind,Hour,UTC,Providing,Current,475491,475492,0.072634783333333,0,0
"2026-03-18 20:00:00","2026-03-18 21:00:00",Nederland,Wind,Hour,UTC,Providing,Current,485421,485422,0.074151366666667,0,0
"2026-03-18 21:00:00","2026-03-18 22:00:00",Nederland,Wind,Hour,UTC,Providing,Current,552190,552193,0.084350416666667,0,0
"2026-03-18 22:00:00","2026-03-18 23:00:00",Nederland,Wind,Hour,UTC,Providing,Current,580445,580448,0.088666066666667,0,0
"2026-03-18 23:00:00","2026-03-19 00:00:00",Nederland,Wind,Hour,UTC,Providing,Current,484461,484458,0.074003733333333,0,0
"2026-03-19 00:00:00","2026-03-19 01:00:00",Nederland,Wind,Hour,UTC,Providing,Current,245377,245379,0.03748245,0,0
"2026-03-19 01:00:00","2026-03-19 02:00:00",Nederland,Wind,Hour,UTC,Providing,Current,155068,155066,0.0236872,0,0
"2026-03-19 02:00:00","2026-03-19 03:00:00",Nederland,Wind,Hour,UTC,Providing,Current,75392,75391,0.011516455,0,0
"2026-03-19 03:00:00","2026-03-19 04:00:00",Nederland,Wind,Hour,UTC,Providing,Current,28247,28248,0.0043148933333333,0,0
"2026-03-19 04:00:00","2026-03-19 05:00:00",Nederland,Wind,Hour,UTC,Providing,Current,20090,20090,0.0030689033333333,0,0
"2026-03-19 05:00:00","2026-03-19 06:00:00",Nederland,Wind,Hour,UTC,Providing,Current,10839,10838,0.0016556683333333,0,0
"2026-03-19 06:00:00","2026-03-19 07:00:00",Nederland,Wind,Hour,UTC,Providing,Current,19548,19549,0.0029860133333333,0,0
"2026-03-19 07:00:00","2026-03-19 08:00:00",Nederland,Wind,Hour,UTC,Providing,Current,21172,21172,0.0032340683333333,0,0
"2026-03-19 08:00:00","2026-03-19 09:00:00",Nederland,Wind,Hour,UTC,Providing,Current,20805,20805,0.0031779933333333,0,0
"2026-03-19 09:00:00","2026-03-19 10:00:00",Nederland,Wind,Hour,UTC,Providing,Current,24884,24887,0.003801065,0,0
"2026-03-19 10:00:00","2026-03-19 11:00:00",Nederland,Wind,Hour,UTC,Providing,Current,26140,26140,0.003992825,0,0
"2026-03-19 11:00:00","2026-03-19 12:00:00",Nederland,Wind,Hour,UTC,Providing,Current,110265,110263,0.016842733333333,0,0
"2026-03-19 12:00:00","2026-03-19 13:00:00",Nederland,Wind,Hour,UTC,Providing,Current,227600,227600,0.0347652,0,0
"2026-03-19 13:00:00","2026-03-19 14:00:00",Nederland,Wind,Hour,UTC,Providing,Current,264653,264652,0.040424716666667,0,0
"2026-03-19 14:00:00","2026-03-19 15:00:00",Nederland,Wind,Hour,UTC,Providing,Current,356202,356205,0.054408183333333,0,0
"2026-03-19 15:00:00","2026-03-19 16:00:00",Nederland,Wind,Hour,UTC,Providing,Current,885937,885938,0.1353219,0,0
"2026-03-19 16:00:00","2026-03-19 17:00:00",Nederland,Wind,Hour,UTC,Providing,Current,1015718,1015721,0.155145,0,0
"2026-03-19 17:00:00","2026-03-19 18:00:00",Nederland,Wind,Hour,UTC,Providing,Current,682392,682395,0.10423105,0,0
"2026-03-19 18:00:00","2026-03-19 19:00:00",Nederland,Wind,Hour,UTC,Providing,Current,502346,502349,0.076729816666667,0,0
"2026-03-19 19:00:00","2026-03-19 20:00:00",Nederland,Wind,Hour,UTC,Providing,Current,347343,347343,0.053054016666667,0,0
"2026-03-19 20:00:00","2026-03-19 21:00:00",Nederland,Wind,Hour,UTC,Providing,Current,302781,302779,0.046247183333333,0,0
"2026-03-19 21:00:00","2026-03-19 22:00:00",Nederland,Wind,Hour,UTC,Providing,Current,417862,417861,0.063824566666667,0,0
"2026-03-19 22:00:00","2026-03-19 23:00:00",Nederland,Wind,Hour,UTC,Providing,Current,475344,475346,0.072604266666667,0,0
"2026-03-19 23:00:00","2026-03-20 00:00:00",Nederland,Wind,Hour,UTC,Providing,Current,440021,440024,0.0672086,0,0
"2026-03-20 00:00:00","2026-03-20 01:00:00",Nederland,Wind,Hour,UTC,Providing,Current,513626,513627,0.078450766666667,0,0
"2026-03-20 01:00:00","2026-03-20 02:00:00",Nederland,Wind,Hour,UTC,Providing,Current,462469,462470,0.070636816666667,0,0
"2026-03-20 02:00:00","2026-03-20 03:00:00",Nederland,Wind,Hour,UTC,Providing,Current,452299,452298,0.0690831,0,0
"2026-03-20 03:00:00","2026-03-20 04:00:00",Nederland,Wind,Hour,UTC,Providing,Current,531571,531572,0.081190683333333,0,0
"2026-03-20 04:00:00","2026-03-20 05:00:00",Nederland,Wind,Hour,UTC,Providing,Current,541552,541554,0.082714783333333,0,0
"2026-03-20 05:00:00","2026-03-20 06:00:00",Nederland,Wind,Hour,UTC,Providing,Current,543469,543467,0.083007216666667,0,0
"2026-03-20 06:00:00","2026-03-20 07:00:00",Nederland,Wind,Hour,UTC,Providing,Current,495850,495849,0.075733833333333,0,0
"2026-03-20 07:00:00","2026-03-20 08:00:00",Nederland,Wind,Hour,UTC,Providing,Current,747868,747867,0.11422516666667,0,0
"2026-03-20 08:00:00","2026-03-20 09:00:00",Nederland,Wind,Hour,UTC,Providing,Current,1383223,1383222,0.21126483333333,0,0
"2026-03-20 09:00:00","2026-03-20 10:00:00",Nederland,Wind,Hour,UTC,Providing,Current,1678282,1678282,0.25632966666667,0,0
"2026-03-20 10:00:00","2026-03-20 11:00:00",Nederland,Wind,Hour,UTC,Providing,Current,1456596,1456592,0.22246966666667,0,0
"2026-03-20 11:00:00","2026-03-20 12:00:00",Nederland,Wind,Hour,UTC,Providing,Current,1397056,1397058,0.21337516666667,0,0
"2026-03-20 12:00:00","2026-03-20 13:00:00",Nederland,Wind,Hour,UTC,Providing,Current,1476234,1476239,0.22546733333333,0,0
"2026-03-20 13:00:00","2026-03-20 14:00:00",Nederland,Wind,Hour,UTC,Providing,Current,1653403,1653406,0.2525255,0,0
"2026-03-20 14:00:00","2026-03-20 15:00:00",Nederland,Wind,Hour,UTC,Providing,Current,2008875,2008878,0.30681566666667,0,0
"2026-03-20 15:00:00","2026-03-20 16:00:00",Nederland,Wind,Hour,UTC,Providing,Current,2159647,2159649,0.32984166666667,0,0
"2026-03-20 16:00:00","2026-03-20 17:00:00",Nederland,Wind,Hour,UTC,Providing,Current,2476912,2476913,0.378296,0,0
"2026-03-20 17:00:00","2026-03-20 18:00:00",Nederland,Wind,Hour,UTC,Providing,Current,2321060,2321059,0.35449133333333,0,0
"2026-03-20 18:00:00","2026-03-20 19:00:00",Nederland,Wind,Hour,UTC,Providing,Current,1784376,1784380,0.2725235,0,0
"2026-03-20 19:00:00","2026-03-20 20:00:00",Nederland,Wind,Hour,UTC,Providing,Current,1363144,1363144,0.20818883333333,0,0
"2026-03-20 20:00:00","2026-03-20 21:00:00",Nederland,Wind,Hour,UTC,Providing,Current,1160957,1160959,0.17730866666667,0,0
"2026-03-20 21:00:00","2026-03-20 22:00:00",Nederland,Wind,Hour,UTC,Providing,Current,1082313,1082315,0.165297,0,0
"2026-03-20 22:00:00","2026-03-20 23:00:00",Nederland,Wind,Hour,UTC,Providing,Current,978444,978444,0.149433,0,0
"2026-03-20 23:00:00","2026-03-21 00:00:00",Nederland,Wind,Hour,UTC,Providing,Current,786804,786804,0.12016433333333,0,0
"2026-03-21 00:00:00","2026-03-21 01:00:00",Nederland,Wind,Hour,UTC,Providing,Current,744129,744128,0.11364633333333,0,0
"2026-03-21 01:00:00","2026-03-21 02:00:00",Nederland,Wind,Hour,UTC,Providing,Current,781205,781201,0.11930816666667,0,0
"2026-03-21 02:00:00","2026-03-21 03:00:00",Nederland,Wind,Hour,UTC,Providing,Current,844991,844993,0.12904916666667,0,0
"2026-03-21 03:00:00","2026-03-21 04:00:00",Nederland,Wind,Hour,UTC,Providing,Current,672561,672564,0.10271505,0,0
"2026-03-21 04:00:00","2026-03-21 05:00:00",Nederland,Wind,Hour,UTC,Providing,Current,526090,526094,0.08034525,0,0
"2026-03-21 05:00:00","2026-03-21 06:00:00",Nederland,Wind,Hour,UTC,Providing,Current,510146,510147,0.07790995,0,0
"2026-03-21 06:00:00","2026-03-21 07:00:00",Nederland,Wind,Hour,UTC,Providing,Current,552306,552307,0.084348266666667,0,0
"2026-03-21 07:00:00","2026-03-21 08:00:00",Nederland,Wind,Hour,UTC,Providing,Current,640931,640931,0.0978828,0,0
"2026-03-21 08:00:00","2026-03-21 09:00:00",Nederland,Wind,Hour,UTC,Providing,Current,784485,784489,0.1198055,0,0
"2026-03-21 09:00:00","2026-03-21 10:00:00",Nederland,Wind,Hour,UTC,Providing,Current,795094,795095,0.12142516666667,0,0
"2026-03-21 10:00:00","2026-03-21 11:00:00",Nederland,Wind,Hour,UTC,Providing,Current,842377,842373,0.12864583333333,0,0
"2026-03-21 11:00:00","2026-03-21 12:00:00",Nederland,Wind,Hour,UTC,Providing,Current,1029901,1029901,0.1572835,0,0
"2026-03-21 12:00:00","2026-03-21 13:00:00",Nederland,Wind,Hour,UTC,Providing,Current,1155750,1155753,0.17650166666667,0,0
"2026-03-21 13:00:00","2026-03-21 14:00:00",Nederland,Wind,Hour,UTC,Providing,Current,1309391,1309390,0.1999645,0,0
"2026-03-21 14:00:00","2026-03-21 15:00:00",Nederland,Wind,Hour,UTC,Providing,Current,1573787,1573789,0.24034083333333,0,0
"2026-03-21 15:00:00","2026-03-21 16:00:00",Nederland,Wind,Hour,UTC,Providing,Current,1778421,1778426,0.2715905,0,0
"2026-03-21 16:00:00","2026-03-21 17:00:00",Nederland,Wind,Hour,UTC,Providing,Current,2016150,2016151,0.3078935,0,0
"2026-03-21 17:00:00","2026-03-21 18:00:00",Nederland,Wind,Hour,UTC,Providing,Current,2135107,2135109,0.32605866666667,0,0
"2026-03-21 18:00:00","2026-03-21 19:00:00",Nederland,Wind,Hour,UTC,Providing,Current,1758940,1758938,0.268612,0,0
"2026-03-21 19:00:00","2026-03-21 20:00:00",Nederland,Wind,Hour,UTC,Providing,Current,1252653,1252652,0.191295,0,0
"2026-03-21 20:00:00","2026-03-21 21:00:00",Nederland,Wind,Hour,UTC,Providing,Current,969036,969037,0.14798283333333,0,0
"2026-03-21 21:00:00","2026-03-21 22:00:00",Nederland,Wind,Hour,UTC,Providing,Current,988359,988353,0.15093283333333,0,0
"2026-03-21 22:00:00","2026-03-21 23:00:00",Nederland,Wind,Hour,UTC,Providing,Current,1226675,1226676,0.1873255,0,0
"2026-03-21 23:00:00","2026-03-22 00:00:00",Nederland,Wind,Hour,UTC,Providing,Current,1211948,1211948,0.18507566666667,0,0
"2026-03-22 00:00:00","2026-03-22 01:00:00",Nederland,Wind,Hour,UTC,Providing,Current,1186831,1186834,0.18123933333333,0,0
"2026-03-22 01:00:00","2026-03-22 02:00:00",Nederland,Wind,Hour,UTC,Providing,Current,1097244,1097243,0.167558,0,0
"2026-03-22 02:00:00","2026-03-22 03:00:00",Nederland,Wind,Hour,UTC,Providing,Current,1040001,1040007,0.158816,0,0
"2026-03-22 03:00:00","2026-03-22 04:00:00",Nederland,Wind,Hour,UTC,Providing,Current,923031,923030,0.14095316666667,0,0
"2026-03-22 04:00:00","2026-03-22 05:00:00",Nederland,Wind,Hour,UTC,Providing,Current,661865,661868,0.10107091666667,0,0
"2026-03-22 05:00:00","2026-03-22 06:00:00",Nederland,Wind,Hour,UTC,Providing,Current,582610,582612,0.088967816666667,0,0
"2026-03-22 06:00:00","2026-03-22 07:00:00",Nederland,Wind,Hour,UTC,Providing,Current,488075,488071,0.074531483333333,0,0
"2026-03-22 07:00:00","2026-03-22 08:00:00",Nederland,Wind,Hour,UTC,Providing,Current,427317,427316,0.0652531,0,0
"2026-03-22 08:00:00","2026-03-22 09:00:00",Nederland,Wind,Hour,UTC,Providing,Current,870640,870641,0.13294988333333,0,0
"2026-03-22 09:00:00","2026-03-22 10:00:00",Nederland,Wind,Hour,UTC,Providing,Current,813490,813492,0.12422233333333,0,0
"2026-03-22 10:00:00","2026-03-22 11:00:00",Nederland,Wind,Hour,UTC,Providing,Current,532042,532043,0.08124405,0,0
"2026-03-22 11:00:00","2026-03-22 12:00:00",Nederland,Wind,Hour,UTC,Providing,Current,464214,464219,0.070886333333333,0,0
"2026-03-22 12:00:00","2026-03-22 13:00:00",Nederland,Wind,Hour,UTC,Providing,Current,446500,446500,0.068181116666667,0,0
"2026-03-22 13:00:00","2026-03-22 14:00:00",Nederland,Wind,Hour,UTC,Providing,Current,503248,503247,0.076846283333333,0,0
"2026-03-22 14:00:00","2026-03-22 15:00:00",Nederland,Wind,Hour,UTC,Providing,Current,514904,514907,0.078625816666667,0,0
"2026-03-22 15:00:00","2026-03-22 16:00:00",Nederland,Wind,Hour,UTC,Providing,Current,607365,607364,0.092744166666667,0,0
"2026-03-22 16:00:00","2026-03-22 17:00:00",Nederland,Wind,Hour,UTC,Providing,Current,689614,689615,0.10530333333333,0,0
"2026-03-22 17:00:00","2026-03-22 18:00:00",Nederland,Wind,Hour,UTC,Providing,Current,514464,514464,0.078557733333333,0,0
"2026-03-22 18:00:00","2026-03-22 19:00:00",Nederland,Wind,Hour,UTC,Providing,Current,267353,267355,0.040824083333333,0,0
"2026-03-22 19:00:00","2026-03-22 20:00:00",Nederland,Wind,Hour,UTC,Providing,Current,152445,152445,0.023277883333333,0,0
"2026-03-22 20:00:00","2026-03-22 21:00:00",Nederland,Wind,Hour,UTC,Providing,Current,129016,129021,0.0197003,0,0
"2026-03-22 21:00:00","2026-03-22 22:00:00",Nederland,Wind,Hour,UTC,Providing,Current,80111,80114,0.012232703333333,0,0
"2026-03-22 22:00:00","2026-03-22 23:00:00",Nederland,Wind,Hour,UTC,Providing,Current,76635,76635,0.011701878333333,0,0
"2026-03-22 23:00:00","2026-03-23 00:00:00",Nederland,Wind,Hour,UTC,Providing,Current,54456,54457,0.0083151516666667,0,0
"2026-03-23 00:00:00","2026-03-23 01:00:00",Nederland,Wind,Hour,UTC,Providing,Current,45630,45629,0.006967405,0,0
"2026-03-23 01:00:00","2026-03-23 02:00:00",Nederland,Wind,Hour,UTC,Providing,Current,28227,28227,0.0043100583333333,0,0
"2026-03-23 02:00:00","2026-03-23 03:00:00",Nederland,Wind,Hour,UTC,Providing,Current,31570,31570,0.0048205483333333,0,0
"2026-03-23 03:00:00","2026-03-23 04:00:00",Nederland,Wind,Hour,UTC,Providing,Current,0,0,0,0,0
"2026-03-23 04:00:00","2026-03-23 05:00:00",Nederland,Wind,Hour,UTC,Providing,Current,0,0,0,0,0
"2026-03-23 05:00:00","2026-03-23 06:00:00",Nederland,Wind,Hour,UTC,Providing,Current,7467,7467,0.0011401633333333,0,0
"2026-03-23 06:00:00","2026-03-23 07:00:00",Nederland,Wind,Hour,UTC,Providing,Current,67854,67854,0.010360675,0,0
"2026-03-23 07:00:00","2026-03-23 08:00:00",Nederland,Wind,Hour,UTC,Providing,Current,61966,61965,0.00946153,0,0
"2026-03-23 08:00:00","2026-03-23 09:00:00",Nederland,Wind,Hour,UTC,Providing,Current,92968,92969,0.014195216666667,0,0
"2026-03-23 09:00:00","2026-03-23 10:00:00",Nederland,Wind,Hour,UTC,Providing,Current,125561,125561,0.019171683333333,0,0
"2026-03-23 10:00:00","2026-03-23 11:00:00",Nederland,Wind,Hour,UTC,Providing,Current,21306,21307,0.0032531833333333,0,0
"2026-03-23 11:00:00","2026-03-23 12:00:00",Nederland,Wind,Hour,UTC,Providing,Current,0,0,0,0,0
"2026-03-23 12:00:00","2026-03-23 13:00:00",Nederland,Wind,Hour,UTC,Providing,Current,49500,49501,0.0075580216666667,0,0
"2026-03-23 13:00:00","2026-03-23 14:00:00",Nederland,Wind,Hour,UTC,Providing,Current,142666,142670,0.0217831,0,0
"2026-03-23 14:00:00","2026-03-23 15:00:00",Nederland,Wind,Hour,UTC,Providing,Current,269212,269212,0.0411046,0,0
"2026-03-23 15:00:00","2026-03-23 16:00:00",Nederland,Wind,Hour,UTC,Providing,Current,386008,386006,0.05893725,0,0
"2026-03-23 16:00:00","2026-03-23 17:00:00",Nederland,Wind,Hour,UTC,Providing,Current,464116,464117,0.070862933333333,0,0
"2026-03-23 17:00:00","2026-03-23 18:00:00",Nederland,Wind,Hour,UTC,Providing,Current,280879,280878,0.04288555,0,0
"2026-03-23 18:00:00","2026-03-23 19:00:00",Nederland,Wind,Hour,UTC,Providing,Current,62607,62607,0.0095589766666667,0,0
"2026-03-23 19:00:00","2026-03-23 20:00:00",Nederland,Wind,Hour,UTC,Providing,Current,46880,46880,0.0071577366666667,0,0
"2026-03-23 20:00:00","2026-03-23 21:00:00",Nederland,Wind,Hour,UTC,Providing,Current,65297,65298,0.0099696883333333,0,0
"2026-03-23 21:00:00","2026-03-23 22:00:00",Nederland,Wind,Hour,UTC,Providing,Current,124047,124048,0.018939583333333,0,0
"2026-03-23 22:00:00","2026-03-23 23:00:00",Nederland,Wind,Hour,UTC,Providing,Current,193288,193290,0.02951115,0,0
"2026-03-23 23:00:00","2026-03-24 00:00:00",Nederland,Wind,Hour,UTC,Providing,Current,301415,301418,0.046019833333333,0,0
"2026-03-24 00:00:00","2026-03-24 01:00:00",Nederland,Wind,Hour,UTC,Providing,Current,551116,551115,0.084143666666667,0,0
"2026-03-24 01:00:00","2026-03-24 02:00:00",Nederland,Wind,Hour,UTC,Providing,Current,997598,997597,0.15231116666667,0,0
"2026-03-24 02:00:00","2026-03-24 03:00:00",Nederland,Wind,Hour,UTC,Providing,Current,1486467,1486469,0.22694966666667,0,0
"2026-03-24 03:00:00","2026-03-24 04:00:00",Nederland,Wind,Hour,UTC,Providing,Current,2204694,2204697,0.336605,0,0
"2026-03-24 04:00:00","2026-03-24 05:00:00",Nederland,Wind,Hour,UTC,Providing,Current,2669239,2669243,0.4075285,0,0
"2026-03-24 05:00:00","2026-03-24 06:00:00",Nederland,Wind,Hour,UTC,Providing,Current,2910036,2910039,0.4442905,0,0
"2026-03-24 06:00:00","2026-03-24 07:00:00",Nederland,Wind,Hour,UTC,Providing,Current,3338808,3338810,0.50975116666667,0,0
"2026-03-24 07:00:00","2026-03-24 08:00:00",Nederland,Wind,Hour,UTC,Providing,Current,4160694,4160692,0.63522983333333,0,0
"2026-03-24 08:00:00","2026-03-24 09:00:00",Nederland,Wind,Hour,UTC,Providing,Current,4792578,4792573,0.731699,0,0
"2026-03-24 09:00:00","2026-03-24 10:00:00",Nederland,Wind,Hour,UTC,Providing,Current,5556796,5556798,0.84837116666667,0,0
"2026-03-24 10:00:00","2026-03-24 11:00:00",Nederland,Wind,Hour,UTC,Providing,Current,5996419,5996418,0.91548583333333,0,0
"2026-03-24 11:00:00","2026-03-24 12:00:00",Nederland,Wind,Hour,UTC,Providing,Current,6243325,6243325,0.9531775,0,0
"2026-03-24 12:00:00","2026-03-24 13:00:00",Nederland,Wind,Hour,UTC,Providing,Current,6004040,6004039,0.916642,0,0
"2026-03-24 13:00:00","2026-03-24 14:00:00",Nederland,Wind,Hour,UTC,Providing,Current,5959551,5959549,0.90984583333333,0,0
"2026-03-24 14:00:00","2026-03-24 15:00:00",Nederland,Wind,Hour,UTC,Providing,Current,5966061,5966060,0.910836,0,0
"2026-03-24 15:00:00","2026-03-24 16:00:00",Nederland,Wind,Hour,UTC,Providing,Current,5922596,5922596,0.90419616666667,0,0
"2026-03-24 16:00:00","2026-03-24 17:00:00",Nederland,Wind,Hour,UTC,Providing,Current,6138599,6138595,0.93716933333333,0,0
"2026-03-24 17:00:00","2026-03-24 18:00:00",Nederland,Wind,Hour,UTC,Providing,Current,6121134,6121130,0.93449933333333,0,0
"2026-03-24 18:00:00","2026-03-24 19:00:00",Nederland,Wind,Hour,UTC,Providing,Current,6009845,6009844,0.91750516666667,0,0
"2026-03-24 19:00:00","2026-03-24 20:00:00",Nederland,Wind,Hour,UTC,Providing,Current,6064523,6064519,0.92584866666667,0,0
"2026-03-24 20:00:00","2026-03-24 21:00:00",Nederland,Wind,Hour,UTC,Providing,Current,5958478,5958477,0.9096555,0,0
"2026-03-24 21:00:00","2026-03-24 22:00:00",Nederland,Wind,Hour,UTC,Providing,Current,5727922,5727921,0.87445416666667,0,0
"2026-03-24 22:00:00","2026-03-24 23:00:00",Nederland,Wind,Hour,UTC,Providing,Current,5799928,5799929,0.885443,0,0
"2026-03-24 23:00:00","2026-03-25 00:00:00",Nederland,Wind,Hour,UTC,Providing,Current,5793725,5793724,0.8844925,0,0
"2026-03-25 00:00:00","2026-03-25 01:00:00",Nederland,Wind,Hour,UTC,Providing,Current,5444502,5444504,0.83117516666667,0,0
"2026-03-25 01:00:00","2026-03-25 02:00:00",Nederland,Wind,Hour,UTC,Providing,Current,5885031,5885029,0.89842416666667,0,0
"2026-03-25 02:00:00","2026-03-25 03:00:00",Nederland,Wind,Hour,UTC,Providing,Current,5991923,5991925,0.91473883333333,0,0
"2026-03-25 03:00:00","2026-03-25 04:00:00",Nederland,Wind,Hour,UTC,Providing,Current,5984647,5984646,0.91362433333333,0,0
"2026-03-25 04:00:00","2026-03-25 05:00:00",Nederland,Wind,Hour,UTC,Providing,Current,5955727,5955726,0.9092055,0,0
"2026-03-25 05:00:00","2026-03-25 06:00:00",Nederland,Wind,Hour,UTC,Providing,Current,6114084,6114082,0.9333765,0,0
"2026-03-25 06:00:00","2026-03-25 07:00:00",Nederland,Wind,Hour,UTC,Providing,Current,6452952,6452952,0.98510433333333,0,0
"2026-03-25 07:00:00","2026-03-25 08:00:00",Nederland,Wind,Hour,UTC,Providing,Current,5879355,5879355,0.89753566666667,0,0
"2026-03-25 08:00:00","2026-03-25 09:00:00",Nederland,Wind,Hour,UTC,Providing,Current,5408833,5408832,0.82570266666667,0,0
"2026-03-25 09:00:00","2026-03-25 10:00:00",Nederland,Wind,Hour,UTC,Providing,Current,5329767,5329771,0.81362933333333,0,0
"2026-03-25 10:00:00","2026-03-25 11:00:00",Nederland,Wind,Hour,UTC,Providing,Current,5523391,5523393,0.84318383333333,0,0
"2026-03-25 11:00:00","2026-03-25 12:00:00",Nederland,Wind,Hour,UTC,Providing,Current,5756287,5756285,0.8787335,0,0
"2026-03-25 12:00:00","2026-03-25 13:00:00",Nederland,Wind,Hour,UTC,Providing,Current,5907960,5907962,0.90188366666667,0,0
"2026-03-25 13:00:00","2026-03-25 14:00:00",Nederland,Wind,Hour,UTC,Providing,Current,6018889,6018893,0.918814,0,0
"2026-03-25 14:00:00","2026-03-25 15:00:00",Nederland,Wind,Hour,UTC,Providing,Current,5881374,5881373,0.89781766666667,0,0
"2026-03-25 15:00:00","2026-03-25 16:00:00",Nederland,Wind,Hour,UTC,Providing,Current,5861496,5861496,0.89477966666667,0,0
"2026-03-25 16:00:00","2026-03-25 17:00:00",Nederland,Wind,Hour,UTC,Providing,Current,5225984,5225986,0.797763,0,0
"2026-03-25 17:00:00","2026-03-25 18:00:00",Nederland,Wind,Hour,UTC,Providing,Current,4848396,4848397,0.74011983333333,0,0
"2026-03-25 18:00:00","2026-03-25 19:00:00",Nederland,Wind,Hour,UTC,Providing,Current,4061509,4061508,0.61999716666667,0,0
"2026-03-25 19:00:00","2026-03-25 20:00:00",Nederland,Wind,Hour,UTC,Providing,Current,3783030,3783036,0.5774845,0,0
"2026-03-25 20:00:00","2026-03-25 21:00:00",Nederland,Wind,Hour,UTC,Providing,Current,2366506,2366507,0.36124866666667,0,0
"2026-03-25 21:00:00","2026-03-25 22:00:00",Nederland,Wind,Hour,UTC,Providing,Current,1602235,1602239,0.24458116666667,0,0
"2026-03-25 22:00:00","2026-03-25 23:00:00",Nederland,Wind,Hour,UTC,Providing,Current,1620947,1620945,0.24743666666667,0,0
"2026-03-25 23:00:00","2026-03-26 00:00:00",Nederland,Wind,Hour,UTC,Providing,Current,2013312,2013313,0.3073295,0,0
"2026-03-26 00:00:00","2026-03-26 01:00:00",Nederland,Wind,Hour,UTC,Providing,Current,2654037,2654036,0.405134,0,0
"2026-03-26 01:00:00","2026-03-26 02:00:00",Nederland,Wind,Hour,UTC,Providing,Current,2580710,2580710,0.39393883333333,0,0
"2026-03-26 02:00:00","2026-03-26 03:00:00",Nederland,Wind,Hour,UTC,Providing,Current,3009109,3009113,0.459331,0,0
"2026-03-26 03:00:00","2026-03-26 04:00:00",Nederland,Wind,Hour,UTC,Providing,Current,2973158,2973157,0.45384133333333,0,0
"2026-03-26 04:00:00","2026-03-26 05:00:00",Nederland,Wind,Hour,UTC,Providing,Current,2866665,2866661,0.437584,0,0
"2026-03-26 05:00:00","2026-03-26 06:00:00",Nederland,Wind,Hour,UTC,Providing,Current,2506054,2506058,0.3825365,0,0
"2026-03-26 06:00:00","2026-03-26 07:00:00",Nederland,Wind,Hour,UTC,Providing,Current,3050912,3050912,0.4657045,0,0
"2026-03-26 07:00:00","2026-03-26 08:00:00",Nederland,Wind,Hour,UTC,Providing,Current,3027388,3027389,0.46211166666667,0,0
"2026-03-26 08:00:00","2026-03-26 09:00:00",Nederland,Wind,Hour,UTC,Providing,Current,3560955,3560959,0.54355516666667,0,0
"2026-03-26 09:00:00","2026-03-26 10:00:00",Nederland,Wind,Hour,UTC,Providing,Current,4407717,4407717,0.67280466666667,0,0
"2026-03-26 10:00:00","2026-03-26 11:00:00",Nederland,Wind,Hour,UTC,Providing,Current,4913729,4913733,0.75004033333333,0,0
"2026-03-26 11:00:00","2026-03-26 12:00:00",Nederland,Wind,Hour,UTC,Providing,Current,5307181,5307184,0.81009416666667,0,0
"2026-03-26 12:00:00","2026-03-26 13:00:00",Nederland,Wind,Hour,UTC,Providing,Current,5680438,5680437,0.867065,0,0
"2026-03-26 13:00:00","2026-03-26 14:00:00",Nederland,Wind,Hour,UTC,Providing,Current,5583664,5583665,0.85229,0,0
"2026-03-26 14:00:00","2026-03-26 15:00:00",Nederland,Wind,Hour,UTC,Providing,Current,5185940,5185944,0.79157816666667,0,0
"2026-03-26 15:00:00","2026-03-26 16:00:00",Nederland,Wind,Hour,UTC,Providing,Current,5215548,5215548,0.79609433333333,0,0
"2026-03-26 16:00:00","2026-03-26 17:00:00",Nederland,Wind,Hour,UTC,Providing,Current,4989751,4989752,0.76162566666667,0,0
"2026-03-26 17:00:00","2026-03-26 18:00:00",Nederland,Wind,Hour,UTC,Providing,Current,4055962,4055962,0.61909166666667,0,0
"2026-03-26 18:00:00","2026-03-26 19:00:00",Nederland,Wind,Hour,UTC,Providing,Current,2168943,2168943,0.33106066666667,0,0
"2026-03-26 19:00:00","2026-03-26 20:00:00",Nederland,Wind,Hour,UTC,Providing,Current,1944563,1944565,0.2968105,0,0
"2026-03-26 20:00:00","2026-03-26 21:00:00",Nederland,Wind,Hour,UTC,Providing,Current,1444159,1444157,0.22042983333333,0,0
"2026-03-26 21:00:00","2026-03-26 22:00:00",Nederland,Wind,Hour,UTC,Providing,Current,880822,880825,0.13444416666667,0,0
"2026-03-26 22:00:00","2026-03-26 23:00:00",Nederland,Wind,Hour,UTC,Providing,Current,551932,551932,0.08424375,0,0
"2026-03-26 23:00:00","2026-03-27 00:00:00",Nederland,Wind,Hour,UTC,Providing,Current,398392,398389,0.060808,0,0
"2026-03-27 00:00:00","2026-03-27 01:00:00",Nederland,Wind,Hour,UTC,Providing,Current,221653,221650,0.033831566666667,0,0
"2026-03-27 01:00:00","2026-03-27 02:00:00",Nederland,Wind,Hour,UTC,Providing,Current,164734,164733,0.025143833333333,0,0
"2026-03-27 02:00:00","2026-03-27 03:00:00",Nederland,Wind,Hour,UTC,Providing,Current,148757,148756,0.022705133333333,0,0
"2026-03-27 03:00:00","2026-03-27 04:00:00",Nederland,Wind,Hour,UTC,Providing,Current,170333,170334,0.025998183333333,0,0
"2026-03-27 04:00:00","2026-03-27 05:00:00",Nederland,Wind,Hour,UTC,Providing,Current,217056,217054,0.033129366666667,0,0
"2026-03-27 05:00:00","2026-03-27 06:00:00",Nederland,Wind,Hour,UTC,Providing,Current,308724,308724,0.0471205,0,0
"2026-03-27 06:00:00","2026-03-27 07:00:00",Nederland,Wind,Hour,UTC,Providing,Current,453100,453103,0.0691563,0,0
"2026-03-27 07:00:00","2026-03-27 08:00:00",Nederland,Wind,Hour,UTC,Providing,Current,866171,866172,0.13220245,0,0
"2026-03-27 08:00:00","2026-03-27 09:00:00",Nederland,Wind,Hour,UTC,Providing,Current,1820955,1820952,0.2779285,0,0
"2026-03-27 09:00:00","2026-03-27 10:00:00",Nederland,Wind,Hour,UTC,Providing,Current,3674762,3674759,0.560869,0,0
"2026-03-27 10:00:00","2026-03-27 11:00:00",Nederland,Wind,Hour,UTC,Providing,Current,4900522,4900523,0.74795033333333,0,0
"2026-03-27 11:00:00","2026-03-27 12:00:00",Nederland,Wind,Hour,UTC,Providing,Current,5303440,5303437,0.80944316666667,0,0
"2026-03-27 12:00:00","2026-03-27 13:00:00",Nederland,Wind,Hour,UTC,Providing,Current,5579674,5579672,0.85160016666667,0,0
"2026-03-27 13:00:00","2026-03-27 14:00:00",Nederland,Wind,Hour,UTC,Providing,Current,5543832,5543835,0.84612633333333,0,0
"2026-03-27 14:00:00","2026-03-27 15:00:00",Nederland,Wind,Hour,UTC,Providing,Current,5580578,5580580,0.85173116666667,0,0
"2026-03-27 15:00:00","2026-03-27 16:00:00",Nederland,Wind,Hour,UTC,Providing,Current,5454669,5454666,0.832511,0,0
"2026-03-27 16:00:00","2026-03-27 17:00:00",Nederland,Wind,Hour,UTC,Providing,Current,5028825,5028822,0.767514,0,0
"2026-03-27 17:00:00","2026-03-27 18:00:00",Nederland,Wind,Hour,UTC,Providing,Current,4798314,4798306,0.7323295,0,0
"2026-03-27 18:00:00","2026-03-27 19:00:00",Nederland,Wind,Hour,UTC,Providing,Current,4517646,4517647,0.6894905,0,0
"2026-03-27 19:00:00","2026-03-27 20:00:00",Nederland,Wind,Hour,UTC,Providing,Current,4626457,4626455,0.70609466666667,0,0
"2026-03-27 20:00:00","2026-03-27 21:00:00",Nederland,Wind,Hour,UTC,Providing,Current,5048225,5048227,0.77046216666667,0,0
"2026-03-27 21:00:00","2026-03-27 22:00:00",Nederland,Wind,Hour,UTC,Providing,Current,5419893,5419893,0.827183,0,0
"2026-03-27 22:00:00","2026-03-27 23:00:00",Nederland,Wind,Hour,UTC,Providing,Current,5749698,5749696,0.87751383333333,0,0
"2026-03-27 23:00:00","2026-03-28 00:00:00",Nederland,Wind,Hour,UTC,Providing,Current,5441913,5441913,0.83053683333333,0,0
"2026-03-28 00:00:00","2026-03-28 01:00:00",Nederland,Wind,Hour,UTC,Providing,Current,4165701,4165704,0.63576066666667,0,0
"2026-03-28 01:00:00","2026-03-28 02:00:00",Nederland,Wind,Hour,UTC,Providing,Current,2980678,2980680,0.45490316666667,0,0
"2026-03-28 02:00:00","2026-03-28 03:00:00",Nederland,Wind,Hour,UTC,Providing,Current,2204924,2204928,0.336508,0,0
"2026-03-28 03:00:00","2026-03-28 04:00:00",Nederland,Wind,Hour,UTC,Providing,Current,1469316,1469318,0.2242415,0,0
"2026-03-28 04:00:00","2026-03-28 05:00:00",Nederland,Wind,Hour,UTC,Providing,Current,1229587,1229587,0.18765366666667,0,0
"2026-03-28 05:00:00","2026-03-28 06:00:00",Nederland,Wind,Hour,UTC,Providing,Current,1489381,1489381,0.2273015,0,0
"2026-03-28 06:00:00","2026-03-28 07:00:00",Nederland,Wind,Hour,UTC,Providing,Current,1655392,1655388,0.252636,0,0
"2026-03-28 07:00:00","2026-03-28 08:00:00",Nederland,Wind,Hour,UTC,Providing,Current,2043749,2043750,0.3119035,0,0
"2026-03-28 08:00:00","2026-03-28 09:00:00",Nederland,Wind,Hour,UTC,Providing,Current,2750968,2750967,0.419833,0,0
"2026-03-28 09:00:00","2026-03-28 10:00:00",Nederland,Wind,Hour,UTC,Providing,Current,3982360,3982361,0.60775666666667,0,0
"2026-03-28 10:00:00","2026-03-28 11:00:00",Nederland,Wind,Hour,UTC,Providing,Current,4992478,4992480,0.7619095,0,0
"2026-03-28 11:00:00","2026-03-28 12:00:00",Nederland,Wind,Hour,UTC,Providing,Current,5569502,5569508,0.849967,0,0
"2026-03-28 12:00:00","2026-03-28 13:00:00",Nederland,Wind,Hour,UTC,Providing,Current,5625623,5625627,0.85852783333333,0,0
"2026-03-28 13:00:00","2026-03-28 14:00:00",Nederland,Wind,Hour,UTC,Providing,Current,5829290,5829290,0.88960616666667,0,0
"2026-03-28 14:00:00","2026-03-28 15:00:00",Nederland,Wind,Hour,UTC,Providing,Current,5923961,5923958,0.90405016666667,0,0
"2026-03-28 15:00:00","2026-03-28 16:00:00",Nederland,Wind,Hour,UTC,Providing,Current,5486270,5486270,0.83725083333333,0,0
"2026-03-28 16:00:00","2026-03-28 17:00:00",Nederland,Wind,Hour,UTC,Providing,Current,4674375,4674373,0.713346,0,0
"2026-03-28 17:00:00","2026-03-28 18:00:00",Nederland,Wind,Hour,UTC,Providing,Current,3462891,3462889,0.52846183333333,0,0
"2026-03-28 18:00:00","2026-03-28 19:00:00",Nederland,Wind,Hour,UTC,Providing,Current,2227500,2227498,0.33993133333333,0,0
"2026-03-28 19:00:00","2026-03-28 20:00:00",Nederland,Wind,Hour,UTC,Providing,Current,1716553,1716555,0.26195616666667,0,0
"2026-03-28 20:00:00","2026-03-28 21:00:00",Nederland,Wind,Hour,UTC,Providing,Current,1608436,1608433,0.245456,0,0
"2026-03-28 21:00:00","2026-03-28 22:00:00",Nederland,Wind,Hour,UTC,Providing,Current,1085224,1085227,0.16561033333333,0,0
"2026-03-28 22:00:00","2026-03-28 23:00:00",Nederland,Wind,Hour,UTC,Providing,Current,1032320,1032321,0.15753616666667,0,0
"2026-03-28 23:00:00","2026-03-29 00:00:00",Nederland,Wind,Hour,UTC,Providing,Current,933353,933356,0.14243266666667,0,0
"2026-03-29 00:00:00","2026-03-29 01:00:00",Nederland,Wind,Hour,UTC,Providing,Current,750452,750454,0.11452113333333,0,0
"2026-03-29 01:00:00","2026-03-29 02:00:00",Nederland,Wind,Hour,UTC,Providing,Current,534113,534113,0.081506783333333,0,0
"2026-03-29 02:00:00","2026-03-29 03:00:00",Nederland,Wind,Hour,UTC,Providing,Current,420042,420043,0.06409905,0,0
"2026-03-29 03:00:00","2026-03-29 04:00:00",Nederland,Wind,Hour,UTC,Providing,Current,352554,352554,0.053800066666667,0,0
"2026-03-29 04:00:00","2026-03-29 05:00:00",Nederland,Wind,Hour,UTC,Providing,Current,267368,267371,0.040800466666667,0,0
"2026-03-29 05:00:00","2026-03-29 06:00:00",Nederland,Wind,Hour,UTC,Providing,Current,235176,235175,0.035887783333333,0,0
"2026-03-29 06:00:00","2026-03-29 07:00:00",Nederland,Wind,Hour,UTC,Providing,Current,238463,238463,0.0363892,0,0
"2026-03-29 07:00:00","2026-03-29 08:00:00",Nederland,Wind,Hour,UTC,Providing,Current,232234,232234,0.035438583333333,0,0
"2026-03-29 08:00:00","2026-03-29 09:00:00",Nederland,Wind,Hour,UTC,Providing,Current,651271,651269,0.099382433333333,0,0
"2026-03-29 09:00:00","2026-03-29 10:00:00",Nederland,Wind,Hour,UTC,Providing,Current,1553957,1553960,0.2371295,0,0
"2026-03-29 10:00:00","2026-03-29 11:00:00",Nederland,Wind,Hour,UTC,Providing,Current,2604737,2604734,0.39747383333333,0,0
"2026-03-29 11:00:00","2026-03-29 12:00:00",Nederland,Wind,Hour,UTC,Providing,Current,3955865,3955864,0.6036485,0,0
"2026-03-29 12:00:00","2026-03-29 13:00:00",Nederland,Wind,Hour,UTC,Providing,Current,5270067,5270068,0.80418683333333,0,0
"2026-03-29 13:00:00","2026-03-29 14:00:00",Nederland,Wind,Hour,UTC,Providing,Current,5844948,5844949,0.89190716666667,0,0
"2026-03-29 14:00:00","2026-03-29 15:00:00",Nederland,Wind,Hour,UTC,Providing,Current,6033711,6033708,0.92070783333333,0,0
"2026-03-29 15:00:00","2026-03-29 16:00:00",Nederland,Wind,Hour,UTC,Providing,Current,5821913,5821907,0.88838466666667,0,0
"2026-03-29 16:00:00","2026-03-29 17:00:00",Nederland,Wind,Hour,UTC,Providing,Current,5977299,5977299,0.91209183333333,0,0
"2026-03-29 17:00:00","2026-03-29 18:00:00",Nederland,Wind,Hour,UTC,Providing,Current,5864972,5864974,0.894948,0,0
"2026-03-29 18:00:00","2026-03-29 19:00:00",Nederland,Wind,Hour,UTC,Providing,Current,6233414,6233415,0.9511655,0,0
"2026-03-29 19:00:00","2026-03-29 20:00:00",Nederland,Wind,Hour,UTC,Providing,Current,6398201,6398202,0.9763065,0,0
"2026-03-29 20:00:00","2026-03-29 21:00:00",Nederland,Wind,Hour,UTC,Providing,Current,6472457,6472460,0.98763333333333,0,0
"2026-03-29 21:00:00","2026-03-29 22:00:00",Nederland,Wind,Hour,UTC,Providing,Current,6423093,6423097,0.98009666666667,0,0
"2026-03-29 22:00:00","2026-03-29 23:00:00",Nederland,Wind,Hour,UTC,Providing,Current,6334863,6334865,0.96662966666667,0,0
"2026-03-29 23:00:00","2026-03-30 00:00:00",Nederland,Wind,Hour,UTC,Providing,Current,5929635,5929641,0.90479266666667,0,0
"2026-03-30 00:00:00","2026-03-30 01:00:00",Nederland,Wind,Hour,UTC,Providing,Current,4563814,4563814,0.6963815,0,0
"2026-03-30 01:00:00","2026-03-30 02:00:00",Nederland,Wind,Hour,UTC,Providing,Current,5070996,5070997,0.7737685,0,0
"2026-03-30 02:00:00","2026-03-30 03:00:00",Nederland,Wind,Hour,UTC,Providing,Current,5411839,5411843,0.82577283333333,0,0
"2026-03-30 03:00:00","2026-03-30 04:00:00",Nederland,Wind,Hour,UTC,Providing,Current,5647232,5647234,0.861687,0,0
"2026-03-30 04:00:00","2026-03-30 05:00:00",Nederland,Wind,Hour,UTC,Providing,Current,5585279,5585279,0.85223016666667,0,0
"2026-03-30 05:00:00","2026-03-30 06:00:00",Nederland,Wind,Hour,UTC,Providing,Current,4824181,4824181,0.73609533333333,0,0
"2026-03-30 06:00:00","2026-03-30 07:00:00",Nederland,Wind,Hour,UTC,Providing,Current,4289974,4289974,0.65458066666667,0,0
"2026-03-30 07:00:00","2026-03-30 08:00:00",Nederland,Wind,Hour,UTC,Providing,Current,4442288,4442285,0.6778185,0,0
"2026-03-30 08:00:00","2026-03-30 09:00:00",Nederland,Wind,Hour,UTC,Providing,Current,5227600,5227603,0.79764066666667,0,0
"2026-03-30 09:00:00","2026-03-30 10:00:00",Nederland,Wind,Hour,UTC,Providing,Current,5932650,5932653,0.9052155,0,0
"2026-03-30 10:00:00","2026-03-30 11:00:00",Nederland,Wind,Hour,UTC,Providing,Current,5938899,5938898,0.90616533333333,0,0
"2026-03-30 11:00:00","2026-03-30 12:00:00",Nederland,Wind,Hour,UTC,Providing,Current,5981549,5981553,0.91266866666667,0,0
"2026-03-30 12:00:00","2026-03-30 13:00:00",Nederland,Wind,Hour,UTC,Providing,Current,6055938,6055936,0.92401566666667,0,0
"2026-03-30 13:00:00","2026-03-30 14:00:00",Nederland,Wind,Hour,UTC,Providing,Current,6149404,6149403,0.9382725,0,0
"2026-03-30 14:00:00","2026-03-30 15:00:00",Nederland,Wind,Hour,UTC,Providing,Current,6203937,6203939,0.94658933333333,0,0
"2026-03-30 15:00:00","2026-03-30 16:00:00",Nederland,Wind,Hour,UTC,Providing,Current,6125669,6125672,0.93464333333333,0,0
"2026-03-30 16:00:00","2026-03-30 17:00:00",Nederland,Wind,Hour,UTC,Providing,Current,5828272,5828274,0.88926333333333,0,0
"2026-03-30 17:00:00","2026-03-30 18:00:00",Nederland,Wind,Hour,UTC,Providing,Current,4571866,4571863,0.6975615,0,0
"2026-03-30 18:00:00","2026-03-30 19:00:00",Nederland,Wind,Hour,UTC,Providing,Current,3483991,3483989,0.5315745,0,0
"2026-03-30 19:00:00","2026-03-30 20:00:00",Nederland,Wind,Hour,UTC,Providing,Current,2572106,2572107,0.39244083333333,0,0
"2026-03-30 20:00:00","2026-03-30 21:00:00",Nederland,Wind,Hour,UTC,Providing,Current,1889806,1889806,0.28833716666667,0,0
"2026-03-30 21:00:00","2026-03-30 22:00:00",Nederland,Wind,Hour,UTC,Providing,Current,1223161,1223163,0.18662316666667,0,0
"2026-03-30 22:00:00","2026-03-30 23:00:00",Nederland,Wind,Hour,UTC,Providing,Current,872691,872690,0.13314983333333,0,0
"2026-03-30 23:00:00","2026-03-31 00:00:00",Nederland,Wind,Hour,UTC,Providing,Current,661280,661283,0.10089363333333,0,0
"2026-03-31 00:00:00","2026-03-31 01:00:00",Nederland,Wind,Hour,UTC,Providing,Current,696307,696309,0.10623733333333,0,0
"2026-03-31 01:00:00","2026-03-31 02:00:00",Nederland,Wind,Hour,UTC,Providing,Current,846380,846385,0.12913383333333,0,0
"2026-03-31 02:00:00","2026-03-31 03:00:00",Nederland,Wind,Hour,UTC,Providing,Current,803769,803768,0.12263233333333,0,0
"2026-03-31 03:00:00","2026-03-31 04:00:00",Nederland,Wind,Hour,UTC,Providing,Current,699549,699547,0.10673076666667,0,0
"2026-03-31 04:00:00","2026-03-31 05:00:00",Nederland,Wind,Hour,UTC,Providing,Current,595736,595736,0.09089155,0,0
"2026-03-31 05:00:00","2026-03-31 06:00:00",Nederland,Wind,Hour,UTC,Providing,Current,467497,467496,0.07132575,0,0
"2026-03-31 06:00:00","2026-03-31 07:00:00",Nederland,Wind,Hour,UTC,Providing,Current,434797,434798,0.06633655,0,0
"2026-03-31 07:00:00","2026-03-31 08:00:00",Nederland,Wind,Hour,UTC,Providing,Current,568287,568290,0.086702616666667,0,0
"2026-03-31 08:00:00","2026-03-31 09:00:00",Nederland,Wind,Hour,UTC,Providing,Current,967116,967119,0.14755033333333,0,0
"2026-03-31 09:00:00","2026-03-31 10:00:00",Nederland,Wind,Hour,UTC,Providing,Current,1351078,1351081,0.20612966666667,0,0
"2026-03-31 10:00:00","2026-03-31 11:00:00",Nederland,Wind,Hour,UTC,Providing,Current,1552361,1552363,0.23683783333333,0,0
"2026-03-31 11:00:00","2026-03-31 12:00:00",Nederland,Wind,Hour,UTC,Providing,Current,1985714,1985714,0.30295183333333,0,0
"2026-03-31 12:00:00","2026-03-31 13:00:00",Nederland,Wind,Hour,UTC,Providing,Current,2465200,2465203,0.37610316666667,0,0
"2026-03-31 13:00:00","2026-03-31 14:00:00",Nederland,Wind,Hour,UTC,Providing,Current,2534496,2534495,0.38667366666667,0,0
"2026-03-31 14:00:00","2026-03-31 15:00:00",Nederland,Wind,Hour,UTC,Providing,Current,2349700,2349698,0.358479,0,0
"2026-03-31 15:00:00","2026-03-31 16:00:00",Nederland,Wind,Hour,UTC,Providing,Current,2210955,2210954,0.33731033333333,0,0
"2026-03-31 16:00:00","2026-03-31 17:00:00",Nederland,Wind,Hour,UTC,Providing,Current,1935586,1935588,0.295298,0,0
"2026-03-31 17:00:00","2026-03-31 18:00:00",Nederland,Wind,Hour,UTC,Providing,Current,1242565,1242564,0.189568,0,0
"2026-03-31 18:00:00","2026-03-31 19:00:00",Nederland,Wind,Hour,UTC,Providing,Current,450174,450175,0.0686792,0,0
"2026-03-31 19:00:00","2026-03-31 20:00:00",Nederland,Wind,Hour,UTC,Providing,Current,129315,129317,0.019728496666667,0,0
"2026-03-31 20:00:00","2026-03-31 21:00:00",Nederland,Wind,Hour,UTC,Providing,Current,16575,16576,0.00252876,0,0
"2026-03-31 21:00:00","2026-03-31 22:00:00",Nederland,Wind,Hour,UTC,Providing,Current,0,0,0,0,0
"2026-03-31 22:00:00","2026-03-31 23:00:00",Nederland,Wind,Hour,UTC,Providing,Current,0,0,0,0,0
"2026-03-31 23:00:00","2026-04-01 00:00:00",Nederland,Wind,Hour,UTC,Providing,Current,0,0,0,0,0
"2026-04-01 00:00:00","2026-04-01 01:00:00",Nederland,Wind,Hour,UTC,Providing,Current,0,0,0,0,0
"2026-04-01 01:00:00","2026-04-01 02:00:00",Nederland,Wind,Hour,UTC,Providing,Current,0,0,0,0,0
"2026-04-01 02:00:00","2026-04-01 03:00:00",Nederland,Wind,Hour,UTC,Providing,Current,0,0,0,0,0
"2026-04-01 03:00:00","2026-04-01 04:00:00",Nederland,Wind,Hour,UTC,Providing,Current,0,0,0,0,0
"2026-04-01 04:00:00","2026-04-01 05:00:00",Nederland,Wind,Hour,UTC,Providing,Current,0,0,0,0,0
"2026-04-01 05:00:00","2026-04-01 06:00:00",Nederland,Wind,Hour,UTC,Providing,Current,0,0,0,0,0
"2026-04-01 06:00:00","2026-04-01 07:00:00",Nederland,Wind,Hour,UTC,Providing,Current,2210,2210,0.00033719333333333,0,0
"2026-04-01 07:00:00","2026-04-01 08:00:00",Nederland,Wind,Hour,UTC,Providing,Current,88984,88985,0.013574811666667,0,0
"2026-04-01 08:00:00","2026-04-01 09:00:00",Nederland,Wind,Hour,UTC,Providing,Current,239625,239627,0.036555433333333,0,0
"2026-04-01 09:00:00","2026-04-01 10:00:00",Nederland,Wind,Hour,UTC,Providing,Current,449535,449533,0.068577316666667,0,0
"2026-04-01 10:00:00","2026-04-01 11:00:00",Nederland,Wind,Hour,UTC,Providing,Current,576487,576490,0.08794385,0,0
"2026-04-01 11:00:00","2026-04-01 12:00:00",Nederland,Wind,Hour,UTC,Providing,Current,642710,642711,0.09804565,0,0
"2026-04-01 12:00:00","2026-04-01 13:00:00",Nederland,Wind,Hour,UTC,Providing,Current,594220,594221,0.0906483,0,0
"2026-04-01 13:00:00","2026-04-01 14:00:00",Nederland,Wind,Hour,UTC,Providing,Current,456143,456142,0.069584283333333,0,0
"2026-04-01 14:00:00","2026-04-01 15:00:00",Nederland,Wind,Hour,UTC,Providing,Current,334709,334711,0.05105945,0,0
"2026-04-01 15:00:00","2026-04-01 16:00:00",Nederland,Wind,Hour,UTC,Providing,Current,314466,314467,0.047971216666667,0,0
"2026-04-01 16:00:00","2026-04-01 17:00:00",Nederland,Wind,Hour,UTC,Providing,Current,261539,261539,0.039897066666667,0,0
"2026-04-01 17:00:00","2026-04-01 18:00:00",Nederland,Wind,Hour,UTC,Providing,Current,94620,94621,0.014434088333333,0,0
"2026-04-01 18:00:00","2026-04-01 19:00:00",Nederland,Wind,Hour,UTC,Providing,Current,1123,1123,0.000171335,0,0
"2026-04-01 19:00:00","2026-04-01 20:00:00",Nederland,Wind,Hour,UTC,Providing,Current,0,0,0,0,0
"2026-04-01 20:00:00","2026-04-01 21:00:00",Nederland,Wind,Hour,UTC,Providing,Current,0,0,0,0,0
"2026-04-01 21:00:00","2026-04-01 22:00:00",Nederland,Wind,Hour,UTC,Providing,Current,8777,8777,0.001338955,0,0
"2026-04-01 22:00:00","2026-04-01 23:00:00",Nederland,Wind,Hour,UTC,Providing,Current,0,0,0,0,0
"2026-04-01 23:00:00","2026-04-02 00:00:00",Nederland,Wind,Hour,UTC,Providing,Current,80854,80856,0.012333798333333,0,0
"2026-04-02 00:00:00","2026-04-02 01:00:00",Nederland,Wind,Hour,UTC,Providing,Current,219005,219003,0.033407633333333,0,0
"2026-04-02 01:00:00","2026-04-02 02:00:00",Nederland,Wind,Hour,UTC,Providing,Current,269279,269282,0.0410763,0,0
"2026-04-02 02:00:00","2026-04-02 03:00:00",Nederland,Wind,Hour,UTC,Providing,Current,147523,147524,0.022503366666667,0,0
"2026-04-02 03:00:00","2026-04-02 04:00:00",Nederland,Wind,Hour,UTC,Providing,Current,192955,192957,0.02943355,0,0
"2026-04-02 04:00:00","2026-04-02 05:00:00",Nederland,Wind,Hour,UTC,Providing,Current,246555,246555,0.037609566666667,0,0
"2026-04-02 05:00:00","2026-04-02 06:00:00",Nederland,Wind,Hour,UTC,Providing,Current,307331,307332,0.046880033333333,0,0
"2026-04-02 06:00:00","2026-04-02 07:00:00",Nederland,Wind,Hour,UTC,Providing,Current,271915,271917,0.041477566666667,0,0
"2026-04-02 07:00:00","2026-04-02 08:00:00",Nederland,Wind,Hour,UTC,Providing,Current,390270,390270,0.05953105,0,0
"2026-04-02 08:00:00","2026-04-02 09:00:00",Nederland,Wind,Hour,UTC,Providing,Current,881185,881185,0.13441355,0,0
"2026-04-02 09:00:00","2026-04-02 10:00:00",Nederland,Wind,Hour,UTC,Providing,Current,1598194,1598196,0.24378316666667,0,0
"2026-04-02 10:00:00","2026-04-02 11:00:00",Nederland,Wind,Hour,UTC,Providing,Current,2554516,2554514,0.38965566666667,0,0
"2026-04-02 11:00:00","2026-04-02 12:00:00",Nederland,Wind,Hour,UTC,Providing,Current,3101470,3101473,0.47308383333333,0,0
"2026-04-02 12:00:00","2026-04-02 13:00:00",Nederland,Wind,Hour,UTC,Providing,Current,3657518,3657516,0.55789866666667,0,0
"2026-04-02 13:00:00","2026-04-02 14:00:00",Nederland,Wind,Hour,UTC,Providing,Current,3975211,3975213,0.6063555,0,0
"2026-04-02 14:00:00","2026-04-02 15:00:00",Nederland,Wind,Hour,UTC,Providing,Current,3980606,3980603,0.60717566666667,0,0
"2026-04-02 15:00:00","2026-04-02 16:00:00",Nederland,Wind,Hour,UTC,Providing,Current,3805591,3805590,0.5804775,0,0
"2026-04-02 16:00:00","2026-04-02 17:00:00",Nederland,Wind,Hour,UTC,Providing,Current,3554901,3554902,0.542237,0,0
"2026-04-02 17:00:00","2026-04-02 18:00:00",Nederland,Wind,Hour,UTC,Providing,Current,2414201,2414198,0.36824183333333,0,0
"2026-04-02 18:00:00","2026-04-02 19:00:00",Nederland,Wind,Hour,UTC,Providing,Current,1094380,1094384,0.166927,0,0
"2026-04-02 19:00:00","2026-04-02 20:00:00",Nederland,Wind,Hour,UTC,Providing,Current,513689,513689,0.078353266666667,0,0
"2026-04-02 20:00:00","2026-04-02 21:00:00",Nederland,Wind,Hour,UTC,Providing,Current,174548,174547,0.026623758333333,0,0
"2026-04-02 21:00:00","2026-04-02 22:00:00",Nederland,Wind,Hour,UTC,Providing,Current,40647,40647,0.006199925,0,0
"2026-04-02 22:00:00","2026-04-02 23:00:00",Nederland,Wind,Hour,UTC,Providing,Current,41203,41203,0.0062846516666667,0,0
"2026-04-02 23:00:00","2026-04-03 00:00:00",Nederland,Wind,Hour,UTC,Providing,Current,43506,43507,0.00663598,0,0
"2026-04-03 00:00:00","2026-04-03 01:00:00",Nederland,Wind,Hour,UTC,Providing,Current,55396,55395,0.008449395,0,0
"2026-04-03 01:00:00","2026-04-03 02:00:00",Nederland,Wind,Hour,UTC,Providing,Current,63709,63708,0.0097173383333333,0,0
"2026-04-03 02:00:00","2026-04-03 03:00:00",Nederland,Wind,Hour,UTC,Providing,Current,143076,143076,0.02182285,0,0
"2026-04-03 03:00:00","2026-04-03 04:00:00",Nederland,Wind,Hour,UTC,Providing,Current,305243,305242,0.046557383333333,0,0
"2026-04-03 04:00:00","2026-04-03 05:00:00",Nederland,Wind,Hour,UTC,Providing,Current,551012,551009,0.084042933333333,0,0
"2026-04-03 05:00:00","2026-04-03 06:00:00",Nederland,Wind,Hour,UTC,Providing,Current,788376,788376,0.12024633333333,0,0
"2026-04-03 06:00:00","2026-04-03 07:00:00",Nederland,Wind,Hour,UTC,Providing,Current,1167165,1167167,0.17801983333333,0,0
"2026-04-03 07:00:00","2026-04-03 08:00:00",Nederland,Wind,Hour,UTC,Providing,Current,1989562,1989564,0.3034535,0,0
"2026-04-03 08:00:00","2026-04-03 09:00:00",Nederland,Wind,Hour,UTC,Providing,Current,3207631,3207631,0.48923466666667,0,0
"2026-04-03 09:00:00","2026-04-03 10:00:00",Nederland,Wind,Hour,UTC,Providing,Current,4861518,4861520,0.741486,0,0
"2026-04-03 10:00:00","2026-04-03 11:00:00",Nederland,Wind,Hour,UTC,Providing,Current,5913064,5913063,0.90186566666667,0,0
"2026-04-03 11:00:00","2026-04-03 12:00:00",Nederland,Wind,Hour,UTC,Providing,Current,6180163,6180168,0.94260016666667,0,0
"2026-04-03 12:00:00","2026-04-03 13:00:00",Nederland,Wind,Hour,UTC,Providing,Current,6214154,6214154,0.94778016666667,0,0
"2026-04-03 13:00:00","2026-04-03 14:00:00",Nederland,Wind,Hour,UTC,Providing,Current,6276181,6276181,0.95723666666667,0,0
"2026-04-03 14:00:00","2026-04-03 15:00:00",Nederland,Wind,Hour,UTC,Providing,Current,6348843,6348842,0.96831516666667,0,0
"2026-04-03 15:00:00","2026-04-03 16:00:00",Nederland,Wind,Hour,UTC,Providing,Current,6358630,6358633,0.96980383333333,0,0
"2026-04-03 16:00:00","2026-04-03 17:00:00",Nederland,Wind,Hour,UTC,Providing,Current,6355061,6355058,0.96925566666667,0,0
"2026-04-03 17:00:00","2026-04-03 18:00:00",Nederland,Wind,Hour,UTC,Providing,Current,6284530,6284532,0.95849466666667,0,0
"2026-04-03 18:00:00","2026-04-03 19:00:00",Nederland,Wind,Hour,UTC,Providing,Current,6296170,6296172,0.96026583333333,0,0
"2026-04-03 19:00:00","2026-04-03 20:00:00",Nederland,Wind,Hour,UTC,Providing,Current,6316102,6316100,0.96330183333333,0,0
"2026-04-03 20:00:00","2026-04-03 21:00:00",Nederland,Wind,Hour,UTC,Providing,Current,6404411,6404418,0.9767665,0,0
"2026-04-03 21:00:00","2026-04-03 22:00:00",Nederland,Wind,Hour,UTC,Providing,Current,6289703,6289700,0.95926766666667,0,0
"2026-04-03 22:00:00","2026-04-03 23:00:00",Nederland,Wind,Hour,UTC,Providing,Current,6127513,6127518,0.93452766666667,0,0
"2026-04-03 23:00:00","2026-04-04 00:00:00",Nederland,Wind,Hour,UTC,Providing,Current,5977901,5977902,0.91170616666667,0,0
"2026-04-04 00:00:00","2026-04-04 01:00:00",Nederland,Wind,Hour,UTC,Providing,Current,5116828,5116833,0.7803785,0,0
"2026-04-04 01:00:00","2026-04-04 02:00:00",Nederland,Wind,Hour,UTC,Providing,Current,4121460,4121462,0.62856983333333,0,0
"2026-04-04 02:00:00","2026-04-04 03:00:00",Nederland,Wind,Hour,UTC,Providing,Current,3483664,3483666,0.5312965,0,0
"2026-04-04 03:00:00","2026-04-04 04:00:00",Nederland,Wind,Hour,UTC,Providing,Current,2602663,2602662,0.39693283333333,0,0
"2026-04-04 04:00:00","2026-04-04 05:00:00",Nederland,Wind,Hour,UTC,Providing,Current,1621020,1621024,0.24722116666667,0,0
"2026-04-04 05:00:00","2026-04-04 06:00:00",Nederland,Wind,Hour,UTC,Providing,Current,961407,961409,0.14662316666667,0,0
"2026-04-04 06:00:00","2026-04-04 07:00:00",Nederland,Wind,Hour,UTC,Providing,Current,738465,738470,0.11262183333333,0,0
"2026-04-04 07:00:00","2026-04-04 08:00:00",Nederland,Wind,Hour,UTC,Providing,Current,1001866,1001863,0.15279233333333,0,0
"2026-04-04 08:00:00","2026-04-04 09:00:00",Nederland,Wind,Hour,UTC,Providing,Current,1849288,1849289,0.28202966666667,0,0
"2026-04-04 09:00:00","2026-04-04 10:00:00",Nederland,Wind,Hour,UTC,Providing,Current,1942377,1942377,0.296225,0,0
"2026-04-04 10:00:00","2026-04-04 11:00:00",Nederland,Wind,Hour,UTC,Providing,Current,1913777,1913777,0.291862,0,0
"2026-04-04 11:00:00","2026-04-04 12:00:00",Nederland,Wind,Hour,UTC,Providing,Current,2486735,2486737,0.37923983333333,0,0
"2026-04-04 12:00:00","2026-04-04 13:00:00",Nederland,Wind,Hour,UTC,Providing,Current,3122259,3122262,0.47615883333333,0,0
"2026-04-04 13:00:00","2026-04-04 14:00:00",Nederland,Wind,Hour,UTC,Providing,Current,3460552,3460554,0.527748,0,0
"2026-04-04 14:00:00","2026-04-04 15:00:00",Nederland,Wind,Hour,UTC,Providing,Current,4380074,4380071,0.66797566666667,0,0
"2026-04-04 15:00:00","2026-04-04 16:00:00",Nederland,Wind,Hour,UTC,Providing,Current,4810477,4810479,0.7336105,0,0
"2026-04-04 16:00:00","2026-04-04 17:00:00",Nederland,Wind,Hour,UTC,Providing,Current,4367173,4367176,0.66600266666667,0,0
"2026-04-04 17:00:00","2026-04-04 18:00:00",Nederland,Wind,Hour,UTC,Providing,Current,3764794,3764795,0.57413633333333,0,0
"2026-04-04 18:00:00","2026-04-04 19:00:00",Nederland,Wind,Hour,UTC,Providing,Current,3046556,3046557,0.46460216666667,0,0
"2026-04-04 19:00:00","2026-04-04 20:00:00",Nederland,Wind,Hour,UTC,Providing,Current,2920404,2920404,0.445362,0,0
"2026-04-04 20:00:00","2026-04-04 21:00:00",Nederland,Wind,Hour,UTC,Providing,Current,4084181,4084182,0.6228355,0,0
"2026-04-04 21:00:00","2026-04-04 22:00:00",Nederland,Wind,Hour,UTC,Providing,Current,5396534,5396536,0.8229655,0,0
"2026-04-04 22:00:00","2026-04-04 23:00:00",Nederland,Wind,Hour,UTC,Providing,Current,6021862,6021859,0.91832366666667,0,0
"2026-04-04 23:00:00","2026-04-05 00:00:00",Nederland,Wind,Hour,UTC,Providing,Current,6277073,6277072,0.9572385,0,0
"2026-04-05 00:00:00","2026-04-05 01:00:00",Nederland,Wind,Hour,UTC,Providing,Current,6403309,6403306,0.9764855,0,0
"2026-04-05 01:00:00","2026-04-05 02:00:00",Nederland,Wind,Hour,UTC,Providing,Current,6432459,6432460,0.98092666666667,0,0
"2026-04-05 02:00:00","2026-04-05 03:00:00",Nederland,Wind,Hour,UTC,Providing,Current,6208095,6208095,0.94670816666667,0,0
"2026-04-05 03:00:00","2026-04-05 04:00:00",Nederland,Wind,Hour,UTC,Providing,Current,6033650,6033650,0.920102,0,0
"2026-04-05 04:00:00","2026-04-05 05:00:00",Nederland,Wind,Hour,UTC,Providing,Current,5941239,5941237,0.90600616666667,0,0
"2026-04-05 05:00:00","2026-04-05 06:00:00",Nederland,Wind,Hour,UTC,Providing,Current,6493243,6493240,0.99017983333333,0,0
"2026-04-05 06:00:00","2026-04-05 07:00:00",Nederland,Wind,Hour,UTC,Providing,Current,6450584,6450584,0.98367016666667,0,0
"2026-04-05 07:00:00","2026-04-05 08:00:00",Nederland,Wind,Hour,UTC,Providing,Current,6415607,6415608,0.9783325,0,0
"2026-04-05 08:00:00","2026-04-05 09:00:00",Nederland,Wind,Hour,UTC,Providing,Current,6388461,6388460,0.97418866666667,0,0
"2026-04-05 09:00:00","2026-04-05 10:00:00",Nederland,Wind,Hour,UTC,Providing,Current,6385751,6385748,0.97377183333333,0,0
"2026-04-05 10:00:00","2026-04-05 11:00:00",Nederland,Wind,Hour,UTC,Providing,Current,6371916,6371917,0.971658,0,0
"2026-04-05 11:00:00","2026-04-05 12:00:00",Nederland,Wind,Hour,UTC,Providing,Current,6379712,6379714,0.97284316666667,0,0
"2026-04-05 12:00:00","2026-04-05 13:00:00",Nederland,Wind,Hour,UTC,Providing,Current,6411404,6411407,0.97767133333333,0,0
"2026-04-05 13:00:00","2026-04-05 14:00:00",Nederland,Wind,Hour,UTC,Providing,Current,6362637,6362639,0.97023116666667,0,0
"2026-04-05 14:00:00","2026-04-05 15:00:00",Nederland,Wind,Hour,UTC,Providing,Current,6362144,6362141,0.970152,0,0
"2026-04-05 15:00:00","2026-04-05 16:00:00",Nederland,Wind,Hour,UTC,Providing,Current,6333678,6333680,0.96580716666667,0,0
"2026-04-05 16:00:00","2026-04-05 17:00:00",Nederland,Wind,Hour,UTC,Providing,Current,6326095,6326092,0.96464683333333,0,0
"2026-04-05 17:00:00","2026-04-05 18:00:00",Nederland,Wind,Hour,UTC,Providing,Current,5668972,5668975,0.86444066666667,0,0
"2026-04-05 18:00:00","2026-04-05 19:00:00",Nederland,Wind,Hour,UTC,Providing,Current,4251242,4251245,0.6482535,0,0
"2026-04-05 19:00:00","2026-04-05 20:00:00",Nederland,Wind,Hour,UTC,Providing,Current,2826774,2826773,0.431041,0,0
"2026-04-05 20:00:00","2026-04-05 21:00:00",Nederland,Wind,Hour,UTC,Providing,Current,2190911,2190915,0.33407983333333,0,0
"2026-04-05 21:00:00","2026-04-05 22:00:00",Nederland,Wind,Hour,UTC,Providing,Current,1838473,1838474,0.28033733333333,0,0
"2026-04-05 22:00:00","2026-04-05 23:00:00",Nederland,Wind,Hour,UTC,Providing,Current,1653069,1653070,0.25206516666667,0,0
"2026-04-05 23:00:00","2026-04-06 00:00:00",Nederland,Wind,Hour,UTC,Providing,Current,1630925,1630926,0.2486875,0,0
"2026-04-06 00:00:00","2026-04-06 01:00:00",Nederland,Wind,Hour,UTC,Providing,Current,1397566,1397563,0.2131035,0,0
"2026-04-06 01:00:00","2026-04-06 02:00:00",Nederland,Wind,Hour,UTC,Providing,Current,1153301,1153302,0.17585683333333,0,0
"2026-04-06 02:00:00","2026-04-06 03:00:00",Nederland,Wind,Hour,UTC,Providing,Current,999020,999018,0.15233133333333,0,0
"2026-04-06 03:00:00","2026-04-06 04:00:00",Nederland,Wind,Hour,UTC,Providing,Current,923280,923277,0.14078183333333,0,0
"2026-04-06 04:00:00","2026-04-06 05:00:00",Nederland,Wind,Hour,UTC,Providing,Current,835836,835835,0.127448,0,0
"2026-04-06 05:00:00","2026-04-06 06:00:00",Nederland,Wind,Hour,UTC,Providing,Current,697476,697475,0.1063505,0,0
"2026-04-06 06:00:00","2026-04-06 07:00:00",Nederland,Wind,Hour,UTC,Providing,Current,763437,763434,0.1164075,0,0
"2026-04-06 07:00:00","2026-04-06 08:00:00",Nederland,Wind,Hour,UTC,Providing,Current,1050082,1050083,0.16011383333333,0,0
"2026-04-06 08:00:00","2026-04-06 09:00:00",Nederland,Wind,Hour,UTC,Providing,Current,1563858,1563857,0.238452,0,0
"2026-04-06 09:00:00","2026-04-06 10:00:00",Nederland,Wind,Hour,UTC,Providing,Current,1539001,1539001,0.23466133333333,0,0
"2026-04-06 10:00:00","2026-04-06 11:00:00",Nederland,Wind,Hour,UTC,Providing,Current,1480512,1480512,0.22574183333333,0,0
"2026-04-06 11:00:00","2026-04-06 12:00:00",Nederland,Wind,Hour,UTC,Providing,Current,1347522,1347522,0.20546333333333,0,0
"2026-04-06 12:00:00","2026-04-06 13:00:00",Nederland,Wind,Hour,UTC,Providing,Current,1147680,1147680,0.17499183333333,0,0
"2026-04-06 13:00:00","2026-04-06 14:00:00",Nederland,Wind,Hour,UTC,Providing,Current,1316411,1316414,0.20071816666667,0,0
"2026-04-06 14:00:00","2026-04-06 15:00:00",Nederland,Wind,Hour,UTC,Providing,Current,1268247,1268247,0.19337366666667,0,0
"2026-04-06 15:00:00","2026-04-06 16:00:00",Nederland,Wind,Hour,UTC,Providing,Current,936088,936091,0.142728,0,0
"2026-04-06 16:00:00","2026-04-06 17:00:00",Nederland,Wind,Hour,UTC,Providing,Current,798628,798628,0.12176833333333,0,0
"2026-04-06 17:00:00","2026-04-06 18:00:00",Nederland,Wind,Hour,UTC,Providing,Current,685739,685739,0.10455548333333,0,0
"2026-04-06 18:00:00","2026-04-06 19:00:00",Nederland,Wind,Hour,UTC,Providing,Current,341585,341586,0.052081783333333,0,0
"2026-04-06 19:00:00","2026-04-06 20:00:00",Nederland,Wind,Hour,UTC,Providing,Current,119137,119137,0.0181648,0,0
"2026-04-06 20:00:00","2026-04-06 21:00:00",Nederland,Wind,Hour,UTC,Providing,Current,101538,101538,0.015481433333333,0,0
"2026-04-06 21:00:00","2026-04-06 22:00:00",Nederland,Wind,Hour,UTC,Providing,Current,108451,108451,0.016535483333333,0,0
"2026-04-06 22:00:00","2026-04-06 23:00:00",Nederland,Wind,Hour,UTC,Providing,Current,128689,128691,0.019621066666667,0,0
"2026-04-06 23:00:00","2026-04-07 00:00:00",Nederland,Wind,Hour,UTC,Providing,Current,218157,218155,0.0332619,0,0
"2026-04-07 00:00:00","2026-04-07 01:00:00",Nederland,Wind,Hour,UTC,Providing,Current,244569,244570,0.037288716666667,0,0
"2026-04-07 01:00:00","2026-04-07 02:00:00",Nederland,Wind,Hour,UTC,Providing,Current,245410,245411,0.037416866666667,0,0
"2026-04-07 02:00:00","2026-04-07 03:00:00",Nederland,Wind,Hour,UTC,Providing,Current,285698,285699,0.04355915,0,0
"2026-04-07 03:00:00","2026-04-07 04:00:00",Nederland,Wind,Hour,UTC,Providing,Current,287766,287767,0.0438743,0,0
"2026-04-07 04:00:00","2026-04-07 05:00:00",Nederland,Wind,Hour,UTC,Providing,Current,255730,255728,0.038989683333333,0,0
"2026-04-07 05:00:00","2026-04-07 06:00:00",Nederland,Wind,Hour,UTC,Providing,Current,285895,285897,0.043588666666667,0,0
"2026-04-07 06:00:00","2026-04-07 07:00:00",Nederland,Wind,Hour,UTC,Providing,Current,397425,397426,0.060592733333333,0,0
"2026-04-07 07:00:00","2026-04-07 08:00:00",Nederland,Wind,Hour,UTC,Providing,Current,633132,633133,0.09652885,0,0
"2026-04-07 08:00:00","2026-04-07 09:00:00",Nederland,Wind,Hour,UTC,Providing,Current,1029413,1029413,0.15694616666667,0,0
"2026-04-07 09:00:00","2026-04-07 10:00:00",Nederland,Wind,Hour,UTC,Providing,Current,1458396,1458395,0.22234916666667,0,0
"2026-04-07 10:00:00","2026-04-07 11:00:00",Nederland,Wind,Hour,UTC,Providing,Current,1941314,1941312,0.29597383333333,0,0
"2026-04-07 11:00:00","2026-04-07 12:00:00",Nederland,Wind,Hour,UTC,Providing,Current,2193838,2193842,0.3344725,0,0
"2026-04-07 12:00:00","2026-04-07 13:00:00",Nederland,Wind,Hour,UTC,Providing,Current,2256845,2256848,0.34407683333333,0,0
"2026-04-07 13:00:00","2026-04-07 14:00:00",Nederland,Wind,Hour,UTC,Providing,Current,2446404,2446404,0.3729755,0,0
"2026-04-07 14:00:00","2026-04-07 15:00:00",Nederland,Wind,Hour,UTC,Providing,Current,2455028,2455028,0.37428883333333,0,0
"2026-04-07 15:00:00","2026-04-07 16:00:00",Nederland,Wind,Hour,UTC,Providing,Current,2487406,2487407,0.37922333333333,0,0
"2026-04-07 16:00:00","2026-04-07 17:00:00",Nederland,Wind,Hour,UTC,Providing,Current,2873223,2873224,0.4380425,0,0
"2026-04-07 17:00:00","2026-04-07 18:00:00",Nederland,Wind,Hour,UTC,Providing,Current,2609410,2609409,0.3978205,0,0
"2026-04-07 18:00:00","2026-04-07 19:00:00",Nederland,Wind,Hour,UTC,Providing,Current,1694966,1694965,0.258407,0,0
"2026-04-07 19:00:00","2026-04-07 20:00:00",Nederland,Wind,Hour,UTC,Providing,Current,1229289,1229286,0.18741116666667,0,0
"2026-04-07 20:00:00","2026-04-07 21:00:00",Nederland,Wind,Hour,UTC,Providing,Current,1255014,1255014,0.19133233333333,0,0
"2026-04-07 21:00:00","2026-04-07 22:00:00",Nederland,Wind,Hour,UTC,Providing,Current,1288565,1288565,0.19644633333333,0,0
"2026-04-07 22:00:00","2026-04-07 23:00:00",Nederland,Wind,Hour,UTC,Providing,Current,1323431,1323433,0.201761,0,0
"2026-04-07 23:00:00","2026-04-08 00:00:00",Nederland,Wind,Hour,UTC,Providing,Current,1455390,1455390,0.22187783333333,0,0
"2026-04-08 00:00:00","2026-04-08 01:00:00",Nederland,Wind,Hour,UTC,Providing,Current,1410688,1410686,0.21506183333333,0,0
"2026-04-08 01:00:00","2026-04-08 02:00:00",Nederland,Wind,Hour,UTC,Providing,Current,1298645,1298650,0.19797966666667,0,0
"2026-04-08 02:00:00","2026-04-08 03:00:00",Nederland,Wind,Hour,UTC,Providing,Current,1156761,1156760,0.17634883333333,0,0
"2026-04-08 03:00:00","2026-04-08 04:00:00",Nederland,Wind,Hour,UTC,Providing,Current,912186,912190,0.13906266666667,0,0
"2026-04-08 04:00:00","2026-04-08 05:00:00",Nederland,Wind,Hour,UTC,Providing,Current,775714,775715,0.11825683333333,0,0
"2026-04-08 05:00:00","2026-04-08 06:00:00",Nederland,Wind,Hour,UTC,Providing,Current,764865,764866,0.11660283333333,0,0
"2026-04-08 06:00:00","2026-04-08 07:00:00",Nederland,Wind,Hour,UTC,Providing,Current,965320,965317,0.14716133333333,0,0
"2026-04-08 07:00:00","2026-04-08 08:00:00",Nederland,Wind,Hour,UTC,Providing,Current,1206362,1206366,0.1839065,0,0
"2026-04-08 08:00:00","2026-04-08 09:00:00",Nederland,Wind,Hour,UTC,Providing,Current,1167114,1167109,0.17792283333333,0,0
"2026-04-08 09:00:00","2026-04-08 10:00:00",Nederland,Wind,Hour,UTC,Providing,Current,1084294,1084294,0.16529633333333,0,0
"2026-04-08 10:00:00","2026-04-08 11:00:00",Nederland,Wind,Hour,UTC,Providing,Current,1334421,1334422,0.2034265,0,0
"2026-04-08 11:00:00","2026-04-08 12:00:00",Nederland,Wind,Hour,UTC,Providing,Current,1433218,1433221,0.21848666666667,0,0
"2026-04-08 12:00:00","2026-04-08 13:00:00",Nederland,Wind,Hour,UTC,Providing,Current,1615509,1615507,0.24627483333333,0,0
"2026-04-08 13:00:00","2026-04-08 14:00:00",Nederland,Wind,Hour,UTC,Providing,Current,1729482,1729483,0.26364833333333,0,0
"2026-04-08 14:00:00","2026-04-08 15:00:00",Nederland,Wind,Hour,UTC,Providing,Current,1685436,1685437,0.25693283333333,0,0
"2026-04-08 15:00:00","2026-04-08 16:00:00",Nederland,Wind,Hour,UTC,Providing,Current,1490834,1490834,0.22726616666667,0,0
"2026-04-08 16:00:00","2026-04-08 17:00:00",Nederland,Wind,Hour,UTC,Providing,Current,1692545,1692546,0.2580145,0,0
"2026-04-08 17:00:00","2026-04-08 18:00:00",Nederland,Wind,Hour,UTC,Providing,Current,1391695,1391698,0.21215166666667,0,0
"2026-04-08 18:00:00","2026-04-08 19:00:00",Nederland,Wind,Hour,UTC,Providing,Current,762489,762491,0.11623406666667,0,0
"2026-04-08 19:00:00","2026-04-08 20:00:00",Nederland,Wind,Hour,UTC,Providing,Current,622408,622402,0.094879733333333,0,0
"2026-04-08 20:00:00","2026-04-08 21:00:00",Nederland,Wind,Hour,UTC,Providing,Current,751250,751250,0.11451986666667,0,0
"2026-04-08 21:00:00","2026-04-08 22:00:00",Nederland,Wind,Hour,UTC,Providing,Current,1013933,1013937,0.15456233333333,0,0
"2026-04-08 22:00:00","2026-04-08 23:00:00",Nederland,Wind,Hour,UTC,Providing,Current,1097080,1097080,0.1672365,0,0
"2026-04-08 23:00:00","2026-04-09 00:00:00",Nederland,Wind,Hour,UTC,Providing,Current,889421,889426,0.135581,0,0
"2026-04-09 00:00:00","2026-04-09 01:00:00",Nederland,Wind,Hour,UTC,Providing,Current,690993,690993,0.10533266666667,0,0
"2026-04-09 01:00:00","2026-04-09 02:00:00",Nederland,Wind,Hour,UTC,Providing,Current,734431,734428,0.11195383333333,0,0
"2026-04-09 02:00:00","2026-04-09 03:00:00",Nederland,Wind,Hour,UTC,Providing,Current,827312,827315,0.1261115,0,0
"2026-04-09 03:00:00","2026-04-09 04:00:00",Nederland,Wind,Hour,UTC,Providing,Current,987229,987229,0.15048816666667,0,0
"2026-04-09 04:00:00","2026-04-09 05:00:00",Nederland,Wind,Hour,UTC,Providing,Current,914921,914923,0.13946516666667,0,0
"2026-04-09 05:00:00","2026-04-09 06:00:00",Nederland,Wind,Hour,UTC,Providing,Current,779424,779423,0.1188105,0,0
"2026-04-09 06:00:00","2026-04-09 07:00:00",Nederland,Wind,Hour,UTC,Providing,Current,810608,810609,0.1235635,0,0
"2026-04-09 07:00:00","2026-04-09 08:00:00",Nederland,Wind,Hour,UTC,Providing,Current,1008376,1008375,0.153709,0,0
"2026-04-09 08:00:00","2026-04-09 09:00:00",Nederland,Wind,Hour,UTC,Providing,Current,1418718,1418716,0.21625766666667,0,0
"2026-04-09 09:00:00","2026-04-09 10:00:00",Nederland,Wind,Hour,UTC,Providing,Current,1544717,1544721,0.23546266666667,0,0
"2026-04-09 10:00:00","2026-04-09 11:00:00",Nederland,Wind,Hour,UTC,Providing,Current,1596708,1596710,0.243387,0,0
"2026-04-09 11:00:00","2026-04-09 12:00:00",Nederland,Wind,Hour,UTC,Providing,Current,1783468,1783470,0.27185366666667,0,0
"2026-04-09 12:00:00","2026-04-09 13:00:00",Nederland,Wind,Hour,UTC,Providing,Current,1929573,1929577,0.29412316666667,0,0
"2026-04-09 13:00:00","2026-04-09 14:00:00",Nederland,Wind,Hour,UTC,Providing,Current,2196681,2196682,0.33483666666667,0,0
"2026-04-09 14:00:00","2026-04-09 15:00:00",Nederland,Wind,Hour,UTC,Providing,Current,2494546,2494550,0.38023833333333,0,0
"2026-04-09 15:00:00","2026-04-09 16:00:00",Nederland,Wind,Hour,UTC,Providing,Current,2018508,2018504,0.30767533333333,0,0
"2026-04-09 16:00:00","2026-04-09 17:00:00",Nederland,Wind,Hour,UTC,Providing,Current,1445233,1445231,0.220292,0,0
"2026-04-09 17:00:00","2026-04-09 18:00:00",Nederland,Wind,Hour,UTC,Providing,Current,1034575,1034579,0.15769616666667,0,0
"2026-04-09 18:00:00","2026-04-09 19:00:00",Nederland,Wind,Hour,UTC,Providing,Current,930409,930408,0.14181766666667,0,0
"2026-04-09 19:00:00","2026-04-09 20:00:00",Nederland,Wind,Hour,UTC,Providing,Current,1402189,1402192,0.21372833333333,0,0
"2026-04-09 20:00:00","2026-04-09 21:00:00",Nederland,Wind,Hour,UTC,Providing,Current,2534644,2534643,0.38634066666667,0,0
"2026-04-09 21:00:00","2026-04-09 22:00:00",Nederland,Wind,Hour,UTC,Providing,Current,3720669,3720671,0.567117,0,0
"2026-04-09 22:00:00","2026-04-09 23:00:00",Nederland,Wind,Hour,UTC,Providing,Current,4936723,4936725,0.752469,0,0
"2026-04-09 23:00:00","2026-04-10 00:00:00",Nederland,Wind,Hour,UTC,Providing,Current,5159854,5159851,0.78647616666667,0,0
"2026-04-10 00:00:00","2026-04-10 01:00:00",Nederland,Wind,Hour,UTC,Providing,Current,5153896,5153900,0.785565,0,0
"2026-04-10 01:00:00","2026-04-10 02:00:00",Nederland,Wind,Hour,UTC,Providing,Current,5472168,5472169,0.83407283333333,0,0
"2026-04-10 02:00:00","2026-04-10 03:00:00",Nederland,Wind,Hour,UTC,Providing,Current,5338019,5338015,0.8136225,0,0
"2026-04-10 03:00:00","2026-04-10 04:00:00",Nederland,Wind,Hour,UTC,Providing,Current,5000781,5000781,0.76221716666667,0,0
"2026-04-10 04:00:00","2026-04-10 05:00:00",Nederland,Wind,Hour,UTC,Providing,Current,4990893,4990890,0.76070716666667,0,0
"2026-04-10 05:00:00","2026-04-10 06:00:00",Nederland,Wind,Hour,UTC,Providing,Current,5277158,5277157,0.80433616666667,0,0
"2026-04-10 06:00:00","2026-04-10 07:00:00",Nederland,Wind,Hour,UTC,Providing,Current,4702493,4702493,0.71674333333333,0,0
"2026-04-10 07:00:00","2026-04-10 08:00:00",Nederland,Wind,Hour,UTC,Providing,Current,3843663,3843663,0.58584033333333,0,0
"2026-04-10 08:00:00","2026-04-10 09:00:00",Nederland,Wind,Hour,UTC,Providing,Current,3012170,3012170,0.45910466666667,0,0
"2026-04-10 09:00:00","2026-04-10 10:00:00",Nederland,Wind,Hour,UTC,Providing,Current,2017167,2017167,0.3074485,0,0
"2026-04-10 10:00:00","2026-04-10 11:00:00",Nederland,Wind,Hour,UTC,Providing,Current,1376515,1376514,0.20980183333333,0,0
"2026-04-10 11:00:00","2026-04-10 12:00:00",Nederland,Wind,Hour,UTC,Providing,Current,1214589,1214587,0.18512116666667,0,0
"2026-04-10 12:00:00","2026-04-10 13:00:00",Nederland,Wind,Hour,UTC,Providing,Current,1319423,1319423,0.2010985,0,0
"2026-04-10 13:00:00","2026-04-10 14:00:00",Nederland,Wind,Hour,UTC,Providing,Current,1227464,1227467,0.187082,0,0
"2026-04-10 14:00:00","2026-04-10 15:00:00",Nederland,Wind,Hour,UTC,Providing,Current,1305712,1305712,0.19900716666667,0,0
"2026-04-10 15:00:00","2026-04-10 16:00:00",Nederland,Wind,Hour,UTC,Providing,Current,1199194,1199193,0.18277183333333,0,0
"2026-04-10 16:00:00","2026-04-10 17:00:00",Nederland,Wind,Hour,UTC,Providing,Current,906325,906326,0.1381345,0,0
"2026-04-10 17:00:00","2026-04-10 18:00:00",Nederland,Wind,Hour,UTC,Providing,Current,694243,694245,0.10581038333333,0,0
"2026-04-10 18:00:00","2026-04-10 19:00:00",Nederland,Wind,Hour,UTC,Providing,Current,287976,287975,0.043890566666667,0,0
"2026-04-10 19:00:00","2026-04-10 20:00:00",Nederland,Wind,Hour,UTC,Providing,Current,49088,49088,0.0074815083333333,0,0
"2026-04-10 20:00:00","2026-04-10 21:00:00",Nederland,Wind,Hour,UTC,Providing,Current,192452,192453,0.029331466666667,0,0
"2026-04-10 21:00:00","2026-04-10 22:00:00",Nederland,Wind,Hour,UTC,Providing,Current,518421,518425,0.079011633333333,0,0
"2026-04-10 22:00:00","2026-04-10 23:00:00",Nederland,Wind,Hour,UTC,Providing,Current,899317,899315,0.137063,0,0
"2026-04-10 23:00:00","2026-04-11 00:00:00",Nederland,Wind,Hour,UTC,Providing,Current,1510168,1510171,0.23016033333333,0,0
"2026-04-11 00:00:00","2026-04-11 01:00:00",Nederland,Wind,Hour,UTC,Providing,Current,1536826,1536829,0.23422233333333,0,0
"2026-04-11 01:00:00","2026-04-11 02:00:00",Nederland,Wind,Hour,UTC,Providing,Current,1314185,1314188,0.20028966666667,0,0
"2026-04-11 02:00:00","2026-04-11 03:00:00",Nederland,Wind,Hour,UTC,Providing,Current,1437023,1437022,0.21900966666667,0,0
"2026-04-11 03:00:00","2026-04-11 04:00:00",Nederland,Wind,Hour,UTC,Providing,Current,1762488,1762489,0.26861133333333,0,0
"2026-04-11 04:00:00","2026-04-11 05:00:00",Nederland,Wind,Hour,UTC,Providing,Current,2024029,2024029,0.30847016666667,0,0
"2026-04-11 05:00:00","2026-04-11 06:00:00",Nederland,Wind,Hour,UTC,Providing,Current,2533613,2533614,0.386131,0,0
"2026-04-11 06:00:00","2026-04-11 07:00:00",Nederland,Wind,Hour,UTC,Providing,Current,3107487,3107488,0.47358966666667,0,0
"2026-04-11 07:00:00","2026-04-11 08:00:00",Nederland,Wind,Hour,UTC,Providing,Current,3725783,3725786,0.56781716666667,0,0
"2026-04-11 08:00:00","2026-04-11 09:00:00",Nederland,Wind,Hour,UTC,Providing,Current,4278441,4278442,0.65204066666667,0,0
"2026-04-11 09:00:00","2026-04-11 10:00:00",Nederland,Wind,Hour,UTC,Providing,Current,4984121,4984124,0.75958416666667,0,0
"2026-04-11 10:00:00","2026-04-11 11:00:00",Nederland,Wind,Hour,UTC,Providing,Current,5342269,5342270,0.814163,0,0
"2026-04-11 11:00:00","2026-04-11 12:00:00",Nederland,Wind,Hour,UTC,Providing,Current,5681572,5681572,0.865869,0,0
"2026-04-11 12:00:00","2026-04-11 13:00:00",Nederland,Wind,Hour,UTC,Providing,Current,5840462,5840458,0.89008,0,0
"2026-04-11 13:00:00","2026-04-11 14:00:00",Nederland,Wind,Hour,UTC,Providing,Current,5819199,5819199,0.88683616666667,0,0
"2026-04-11 14:00:00","2026-04-11 15:00:00",Nederland,Wind,Hour,UTC,Providing,Current,5433951,5433949,0.82812166666667,0,0
"2026-04-11 15:00:00","2026-04-11 16:00:00",Nederland,Wind,Hour,UTC,Providing,Current,4918785,4918790,0.74960866666667,0,0
"2026-04-11 16:00:00","2026-04-11 17:00:00",Nederland,Wind,Hour,UTC,Providing,Current,4986955,4986955,0.75999416666667,0,0
"2026-04-11 17:00:00","2026-04-11 18:00:00",Nederland,Wind,Hour,UTC,Providing,Current,5111617,5111613,0.77898883333333,0,0
"2026-04-11 18:00:00","2026-04-11 19:00:00",Nederland,Wind,Hour,UTC,Providing,Current,3670966,3670966,0.55943766666667,0,0
"2026-04-11 19:00:00","2026-04-11 20:00:00",Nederland,Wind,Hour,UTC,Providing,Current,2472707,2472711,0.37682716666667,0,0
"2026-04-11 20:00:00","2026-04-11 21:00:00",Nederland,Wind,Hour,UTC,Providing,Current,1878877,1878882,0.28632966666667,0,0
"2026-04-11 21:00:00","2026-04-11 22:00:00",Nederland,Wind,Hour,UTC,Providing,Current,1437257,1437259,0.21902833333333,0,0
"2026-04-11 22:00:00","2026-04-11 23:00:00",Nederland,Wind,Hour,UTC,Providing,Current,1470078,1470079,0.22402916666667,0,0
"2026-04-11 23:00:00","2026-04-12 00:00:00",Nederland,Wind,Hour,UTC,Providing,Current,1535953,1535952,0.234067,0,0
"2026-04-12 00:00:00","2026-04-12 01:00:00",Nederland,Wind,Hour,UTC,Providing,Current,1506483,1506487,0.229575,0,0
"2026-04-12 01:00:00","2026-04-12 02:00:00",Nederland,Wind,Hour,UTC,Providing,Current,1343578,1343580,0.20474916666667,0,0
"2026-04-12 02:00:00","2026-04-12 03:00:00",Nederland,Wind,Hour,UTC,Providing,Current,1443680,1443684,0.2200025,0,0
"2026-04-12 03:00:00","2026-04-12 04:00:00",Nederland,Wind,Hour,UTC,Providing,Current,1522173,1522174,0.23196333333333,0,0
"2026-04-12 04:00:00","2026-04-12 05:00:00",Nederland,Wind,Hour,UTC,Providing,Current,1808865,1808871,0.27565116666667,0,0
"2026-04-12 05:00:00","2026-04-12 06:00:00",Nederland,Wind,Hour,UTC,Providing,Current,1821103,1821098,0.27751466666667,0,0
"2026-04-12 06:00:00","2026-04-12 07:00:00",Nederland,Wind,Hour,UTC,Providing,Current,2280684,2280683,0.34754783333333,0,0
"2026-04-12 07:00:00","2026-04-12 08:00:00",Nederland,Wind,Hour,UTC,Providing,Current,3221029,3221031,0.49084283333333,0,0
"2026-04-12 08:00:00","2026-04-12 09:00:00",Nederland,Wind,Hour,UTC,Providing,Current,4001170,4001174,0.60972366666667,0,0
"2026-04-12 09:00:00","2026-04-12 10:00:00",Nederland,Wind,Hour,UTC,Providing,Current,4082845,4082845,0.6221675,0,0
"2026-04-12 10:00:00","2026-04-12 11:00:00",Nederland,Wind,Hour,UTC,Providing,Current,4128952,4128953,0.62919066666667,0,0
"2026-04-12 11:00:00","2026-04-12 12:00:00",Nederland,Wind,Hour,UTC,Providing,Current,4050553,4050552,0.61724116666667,0,0
"2026-04-12 12:00:00","2026-04-12 13:00:00",Nederland,Wind,Hour,UTC,Providing,Current,4071390,4071391,0.62041416666667,0,0
"2026-04-12 13:00:00","2026-04-12 14:00:00",Nederland,Wind,Hour,UTC,Providing,Current,3746710,3746712,0.57093583333333,0,0
"2026-04-12 14:00:00","2026-04-12 15:00:00",Nederland,Wind,Hour,UTC,Providing,Current,3254825,3254822,0.49597883333333,0,0
"2026-04-12 15:00:00","2026-04-12 16:00:00",Nederland,Wind,Hour,UTC,Providing,Current,2817801,2817801,0.42938233333333,0,0
"2026-04-12 16:00:00","2026-04-12 17:00:00",Nederland,Wind,Hour,UTC,Providing,Current,2051256,2051252,0.312573,0,0
"2026-04-12 17:00:00","2026-04-12 18:00:00",Nederland,Wind,Hour,UTC,Providing,Current,1318198,1318200,0.20086816666667,0,0
"2026-04-12 18:00:00","2026-04-12 19:00:00",Nederland,Wind,Hour,UTC,Providing,Current,596468,596467,0.09089005,0,0
"2026-04-12 19:00:00","2026-04-12 20:00:00",Nederland,Wind,Hour,UTC,Providing,Current,263587,263586,0.040165316666667,0,0
"2026-04-12 20:00:00","2026-04-12 21:00:00",Nederland,Wind,Hour,UTC,Providing,Current,154307,154308,0.023513266666667,0,0
"2026-04-12 21:00:00","2026-04-12 22:00:00",Nederland,Wind,Hour,UTC,Providing,Current,126659,126660,0.0193002,0,0
"2026-04-12 22:00:00","2026-04-12 23:00:00",Nederland,Wind,Hour,UTC,Providing,Current,107377,107376,0.01636192,0,0
"2026-04-12 23:00:00","2026-04-13 00:00:00",Nederland,Wind,Hour,UTC,Providing,Current,37298,37299,0.0056834333333333,0,0
"2026-04-13 00:00:00","2026-04-13 01:00:00",Nederland,Wind,Hour,UTC,Providing,Current,42784,42785,0.00651937,0,0
"2026-04-13 01:00:00","2026-04-13 02:00:00",Nederland,Wind,Hour,UTC,Providing,Current,45454,45455,0.0069261116666667,0,0
"2026-04-13 02:00:00","2026-04-13 03:00:00",Nederland,Wind,Hour,UTC,Providing,Current,27911,27912,0.0042530416666667,0,0
"2026-04-13 03:00:00","2026-04-13 04:00:00",Nederland,Wind,Hour,UTC,Providing,Current,26973,26973,0.004109995,0,0
"2026-04-13 04:00:00","2026-04-13 05:00:00",Nederland,Wind,Hour,UTC,Providing,Current,26023,26024,0.00396535,0,0
"2026-04-13 05:00:00","2026-04-13 06:00:00",Nederland,Wind,Hour,UTC,Providing,Current,17966,17966,0.0027375616666667,0,0
"2026-04-13 06:00:00","2026-04-13 07:00:00",Nederland,Wind,Hour,UTC,Providing,Current,0,0,0,0,0
"2026-04-13 07:00:00","2026-04-13 08:00:00",Nederland,Wind,Hour,UTC,Providing,Current,7014,7013,0.0010687366666667,0,0
"2026-04-13 08:00:00","2026-04-13 09:00:00",Nederland,Wind,Hour,UTC,Providing,Current,35625,35624,0.00542822,0,0
"2026-04-13 09:00:00","2026-04-13 10:00:00",Nederland,Wind,Hour,UTC,Providing,Current,93645,93647,0.014268866666667,0,0
"2026-04-13 10:00:00","2026-04-13 11:00:00",Nederland,Wind,Hour,UTC,Providing,Current,248558,248559,0.03787275,0,0
"2026-04-13 11:00:00","2026-04-13 12:00:00",Nederland,Wind,Hour,UTC,Providing,Current,260901,260901,0.039753433333333,0,0
"2026-04-13 12:00:00","2026-04-13 13:00:00",Nederland,Wind,Hour,UTC,Providing,Current,185621,185618,0.028282883333333,0,0
"2026-04-13 13:00:00","2026-04-13 14:00:00",Nederland,Wind,Hour,UTC,Providing,Current,211639,211639,0.0322471,0,0
"2026-04-13 14:00:00","2026-04-13 15:00:00",Nederland,Wind,Hour,UTC,Providing,Current,449617,449615,0.068507116666667,0,0
"2026-04-13 15:00:00","2026-04-13 16:00:00",Nederland,Wind,Hour,UTC,Providing,Current,617459,617458,0.09408045,0,0
"2026-04-13 16:00:00","2026-04-13 17:00:00",Nederland,Wind,Hour,UTC,Providing,Current,780538,780539,0.1189275,0,0
"2026-04-13 17:00:00","2026-04-13 18:00:00",Nederland,Wind,Hour,UTC,Providing,Current,843617,843616,0.1285385,0,0
"2026-04-13 18:00:00","2026-04-13 19:00:00",Nederland,Wind,Hour,UTC,Providing,Current,502846,502846,0.076616283333333,0,0
"2026-04-13 19:00:00","2026-04-13 20:00:00",Nederland,Wind,Hour,UTC,Providing,Current,177398,177397,0.027029283333333,0,0
"2026-04-13 20:00:00","2026-04-13 21:00:00",Nederland,Wind,Hour,UTC,Providing,Current,39447,39448,0.0060103016666667,0,0
"2026-04-13 21:00:00","2026-04-13 22:00:00",Nederland,Wind,Hour,UTC,Providing,Current,11765,11766,0.0017925535,0,0
"2026-04-13 22:00:00","2026-04-13 23:00:00",Nederland,Wind,Hour,UTC,Providing,Current,933,932,0.00014217966666667,0,0
"2026-04-13 23:00:00","2026-04-14 00:00:00",Nederland,Wind,Hour,UTC,Providing,Current,5764,5764,0.00087826333333333,0,0
"2026-04-14 00:00:00","2026-04-14 01:00:00",Nederland,Wind,Hour,UTC,Providing,Current,71269,71270,0.010858681666667,0,0
"2026-04-14 01:00:00","2026-04-14 02:00:00",Nederland,Wind,Hour,UTC,Providing,Current,75480,75480,0.011500233333333,0,0
"2026-04-14 02:00:00","2026-04-14 03:00:00",Nederland,Wind,Hour,UTC,Providing,Current,80149,80151,0.012211566666667,0,0
"2026-04-14 03:00:00","2026-04-14 04:00:00",Nederland,Wind,Hour,UTC,Providing,Current,15816,15816,0.0024097183333333,0,0
"2026-04-14 04:00:00","2026-04-14 05:00:00",Nederland,Wind,Hour,UTC,Providing,Current,0,0,0,0,0
"2026-04-14 05:00:00","2026-04-14 06:00:00",Nederland,Wind,Hour,UTC,Providing,Current,0,0,0,0,0
"2026-04-14 06:00:00","2026-04-14 07:00:00",Nederland,Wind,Hour,UTC,Providing,Current,0,0,0,0,0
"2026-04-14 07:00:00","2026-04-14 08:00:00",Nederland,Wind,Hour,UTC,Providing,Current,21864,21863,0.0033311516666667,0,0
"2026-04-14 08:00:00","2026-04-14 09:00:00",Nederland,Wind,Hour,UTC,Providing,Current,78096,78095,0.011898483333333,0,0
"2026-04-14 09:00:00","2026-04-14 10:00:00",Nederland,Wind,Hour,UTC,Providing,Current,187113,187114,0.028507733333333,0,0
"2026-04-14 10:00:00","2026-04-14 11:00:00",Nederland,Wind,Hour,UTC,Providing,Current,452765,452762,0.068981,0,0
"2026-04-14 11:00:00","2026-04-14 12:00:00",Nederland,Wind,Hour,UTC,Providing,Current,507502,507502,0.0773201,0,0
"2026-04-14 12:00:00","2026-04-14 13:00:00",Nederland,Wind,Hour,UTC,Providing,Current,407942,407942,0.0621516,0,0
"2026-04-14 13:00:00","2026-04-14 14:00:00",Nederland,Wind,Hour,UTC,Providing,Current,455369,455365,0.069376916666667,0,0
"2026-04-14 14:00:00","2026-04-14 15:00:00",Nederland,Wind,Hour,UTC,Providing,Current,528592,528590,0.080532283333333,0,0
"2026-04-14 15:00:00","2026-04-14 16:00:00",Nederland,Wind,Hour,UTC,Providing,Current,467872,467876,0.07128125,0,0
"2026-04-14 16:00:00","2026-04-14 17:00:00",Nederland,Wind,Hour,UTC,Providing,Current,266614,266616,0.040619016666667,0,0
"2026-04-14 17:00:00","2026-04-14 18:00:00",Nederland,Wind,Hour,UTC,Providing,Current,120037,120038,0.01828785,0,0
"2026-04-14 18:00:00","2026-04-14 19:00:00",Nederland,Wind,Hour,UTC,Providing,Current,69709,69709,0.010620261666667,0,0
"2026-04-14 19:00:00","2026-04-14 20:00:00",Nederland,Wind,Hour,UTC,Providing,Current,60402,60403,0.0092022333333333,0,0
"2026-04-14 20:00:00","2026-04-14 21:00:00",Nederland,Wind,Hour,UTC,Providing,Current,13044,13044,0.0019873133333333,0,0
"2026-04-14 21:00:00","2026-04-14 22:00:00",Nederland,Wind,Hour,UTC,Providing,Current,107772,107772,0.016418898333333,0,0
"2026-04-14 22:00:00","2026-04-14 23:00:00",Nederland,Wind,Hour,UTC,Providing,Current,203790,203792,0.031046966666667,0,0
"2026-04-14 23:00:00","2026-04-15 00:00:00",Nederland,Wind,Hour,UTC,Providing,Current,252064,252064,0.0384012,0,0
"2026-04-15 00:00:00","2026-04-15 01:00:00",Nederland,Wind,Hour,UTC,Providing,Current,343848,343848,0.052383966666667,0,0
"2026-04-15 01:00:00","2026-04-15 02:00:00",Nederland,Wind,Hour,UTC,Providing,Current,433666,433666,0.0660671,0,0
"2026-04-15 02:00:00","2026-04-15 03:00:00",Nederland,Wind,Hour,UTC,Providing,Current,425227,425227,0.064781166666667,0,0
"2026-04-15 03:00:00","2026-04-15 04:00:00",Nederland,Wind,Hour,UTC,Providing,Current,343465,343466,0.052325016666667,0,0
"2026-04-15 04:00:00","2026-04-15 05:00:00",Nederland,Wind,Hour,UTC,Providing,Current,336745,336746,0.051301016666667,0,0
"2026-04-15 05:00:00","2026-04-15 06:00:00",Nederland,Wind,Hour,UTC,Providing,Current,326836,326839,0.049791283333333,0,0
"2026-04-15 06:00:00","2026-04-15 07:00:00",Nederland,Wind,Hour,UTC,Providing,Current,436860,436860,0.066552383333333,0,0
"2026-04-15 07:00:00","2026-04-15 08:00:00",Nederland,Wind,Hour,UTC,Providing,Current,821371,821371,0.12512931666667,0,0
"2026-04-15 08:00:00","2026-04-15 09:00:00",Nederland,Wind,Hour,UTC,Providing,Current,1300080,1300087,0.1980555,0,0
"2026-04-15 09:00:00","2026-04-15 10:00:00",Nederland,Wind,Hour,UTC,Providing,Current,1833959,1833961,0.27938633333333,0,0
"2026-04-15 10:00:00","2026-04-15 11:00:00",Nederland,Wind,Hour,UTC,Providing,Current,2617095,2617095,0.398688,0,0
"2026-04-15 11:00:00","2026-04-15 12:00:00",Nederland,Wind,Hour,UTC,Providing,Current,3121777,3121774,0.4755695,0,0
"2026-04-15 12:00:00","2026-04-15 13:00:00",Nederland,Wind,Hour,UTC,Providing,Current,3710049,3710051,0.56518383333333,0,0
"2026-04-15 13:00:00","2026-04-15 14:00:00",Nederland,Wind,Hour,UTC,Providing,Current,3844207,3844207,0.585619,0,0
"2026-04-15 14:00:00","2026-04-15 15:00:00",Nederland,Wind,Hour,UTC,Providing,Current,3761766,3761768,0.57305733333333,0,0
"2026-04-15 15:00:00","2026-04-15 16:00:00",Nederland,Wind,Hour,UTC,Providing,Current,3288728,3288726,0.500994,0,0
"2026-04-15 16:00:00","2026-04-15 17:00:00",Nederland,Wind,Hour,UTC,Providing,Current,2565748,2565745,0.39085616666667,0,0
"2026-04-15 17:00:00","2026-04-15 18:00:00",Nederland,Wind,Hour,UTC,Providing,Current,1329471,1329468,0.20252566666667,0,0
"2026-04-15 18:00:00","2026-04-15 19:00:00",Nederland,Wind,Hour,UTC,Providing,Current,756748,756748,0.11527898333333,0,0
"2026-04-15 19:00:00","2026-04-15 20:00:00",Nederland,Wind,Hour,UTC,Providing,Current,587913,587916,0.0895593,0,0
"2026-04-15 20:00:00","2026-04-15 21:00:00",Nederland,Wind,Hour,UTC,Providing,Current,545735,545735,0.08313395,0,0
"2026-04-15 21:00:00","2026-04-15 22:00:00",Nederland,Wind,Hour,UTC,Providing,Current,373981,373983,0.056969633333333,0,0
"2026-04-15 22:00:00","2026-04-15 23:00:00",Nederland,Wind,Hour,UTC,Providing,Current,481130,481130,0.073291733333333,0,0
"2026-04-15 23:00:00","2026-04-16 00:00:00",Nederland,Wind,Hour,UTC,Providing,Current,708770,708772,0.10796815,0,0
"2026-04-16 00:00:00","2026-04-16 01:00:00",Nederland,Wind,Hour,UTC,Providing,Current,903928,903929,0.13769616666667,0,0
"2026-04-16 01:00:00","2026-04-16 02:00:00",Nederland,Wind,Hour,UTC,Providing,Current,1014171,1014171,0.15448916666667,0,0
"2026-04-16 02:00:00","2026-04-16 03:00:00",Nederland,Wind,Hour,UTC,Providing,Current,1078387,1078388,0.16427066666667,0,0
"2026-04-16 03:00:00","2026-04-16 04:00:00",Nederland,Wind,Hour,UTC,Providing,Current,879069,879066,0.133908,0,0
"2026-04-16 04:00:00","2026-04-16 05:00:00",Nederland,Wind,Hour,UTC,Providing,Current,792917,792918,0.12078416666667,0,0
"2026-04-16 05:00:00","2026-04-16 06:00:00",Nederland,Wind,Hour,UTC,Providing,Current,582084,582087,0.0886678,0,0
"2026-04-16 06:00:00","2026-04-16 07:00:00",Nederland,Wind,Hour,UTC,Providing,Current,807457,807461,0.12299776666667,0,0
"2026-04-16 07:00:00","2026-04-16 08:00:00",Nederland,Wind,Hour,UTC,Providing,Current,1622616,1622616,0.24716766666667,0,0
"2026-04-16 08:00:00","2026-04-16 09:00:00",Nederland,Wind,Hour,UTC,Providing,Current,2438479,2438476,0.37144383333333,0,0
"2026-04-16 09:00:00","2026-04-16 10:00:00",Nederland,Wind,Hour,UTC,Providing,Current,3398608,3398607,0.5176945,0,0
"2026-04-16 10:00:00","2026-04-16 11:00:00",Nederland,Wind,Hour,UTC,Providing,Current,3921486,3921491,0.59733983333333,0,0
"2026-04-16 11:00:00","2026-04-16 12:00:00",Nederland,Wind,Hour,UTC,Providing,Current,4216367,4216366,0.64225466666667,0,0
"2026-04-16 12:00:00","2026-04-16 13:00:00",Nederland,Wind,Hour,UTC,Providing,Current,3991478,3991479,0.6079965,0,0
"2026-04-16 13:00:00","2026-04-16 14:00:00",Nederland,Wind,Hour,UTC,Providing,Current,3669991,3669992,0.559024,0,0
"2026-04-16 14:00:00","2026-04-16 15:00:00",Nederland,Wind,Hour,UTC,Providing,Current,3540911,3540907,0.53935983333333,0,0
"2026-04-16 15:00:00","2026-04-16 16:00:00",Nederland,Wind,Hour,UTC,Providing,Current,2837626,2837623,0.432232,0,0
"2026-04-16 16:00:00","2026-04-16 17:00:00",Nederland,Wind,Hour,UTC,Providing,Current,2055727,2055727,0.31313033333333,0,0
"2026-04-16 17:00:00","2026-04-16 18:00:00",Nederland,Wind,Hour,UTC,Providing,Current,1199317,1199315,0.18268083333333,0,0
"2026-04-16 18:00:00","2026-04-16 19:00:00",Nederland,Wind,Hour,UTC,Providing,Current,457458,457458,0.06968,0,0
"2026-04-16 19:00:00","2026-04-16 20:00:00",Nederland,Wind,Hour,UTC,Providing,Current,66793,66794,0.010173883333333,0,0
"2026-04-16 20:00:00","2026-04-16 21:00:00",Nederland,Wind,Hour,UTC,Providing,Current,10466,10465,0.001594195,0,0
"2026-04-16 21:00:00","2026-04-16 22:00:00",Nederland,Wind,Hour,UTC,Providing,Current,0,0,0,0,0
"2026-04-16 22:00:00","2026-04-16 23:00:00",Nederland,Wind,Hour,UTC,Providing,Current,28431,28432,0.0043306066666667,0,0
"2026-04-16 23:00:00","2026-04-17 00:00:00",Nederland,Wind,Hour,UTC,Providing,Current,44671,44673,0.0068042133333333,0,0
"2026-04-17 00:00:00","2026-04-17 01:00:00",Nederland,Wind,Hour,UTC,Providing,Current,82409,82410,0.012552315,0,0
"2026-04-17 01:00:00","2026-04-17 02:00:00",Nederland,Wind,Hour,UTC,Providing,Current,127574,127573,0.0194315,0,0
"2026-04-17 02:00:00","2026-04-17 03:00:00",Nederland,Wind,Hour,UTC,Providing,Current,137838,137838,0.020994833333333,0,0
"2026-04-17 03:00:00","2026-04-17 04:00:00",Nederland,Wind,Hour,UTC,Providing,Current,96307,96308,0.0146689,0,0
"2026-04-17 04:00:00","2026-04-17 05:00:00",Nederland,Wind,Hour,UTC,Providing,Current,101163,101164,0.015408616666667,0,0
"2026-04-17 05:00:00","2026-04-17 06:00:00",Nederland,Wind,Hour,UTC,Providing,Current,104534,104534,0.015921916666667,0,0
"2026-04-17 06:00:00","2026-04-17 07:00:00",Nederland,Wind,Hour,UTC,Providing,Current,103507,103507,0.015765383333333,0,0
"2026-04-17 07:00:00","2026-04-17 08:00:00",Nederland,Wind,Hour,UTC,Providing,Current,158620,158621,0.0241598,0,0
"2026-04-17 08:00:00","2026-04-17 09:00:00",Nederland,Wind,Hour,UTC,Providing,Current,343202,343207,0.052273533333333,0,0
"2026-04-17 09:00:00","2026-04-17 10:00:00",Nederland,Wind,Hour,UTC,Providing,Current,671982,671982,0.10234996666667,0,0
"2026-04-17 10:00:00","2026-04-17 11:00:00",Nederland,Wind,Hour,UTC,Providing,Current,762855,762856,0.1161905,0,0
"2026-04-17 11:00:00","2026-04-17 12:00:00",Nederland,Wind,Hour,UTC,Providing,Current,690822,690823,0.10521866666667,0,0
"2026-04-17 12:00:00","2026-04-17 13:00:00",Nederland,Wind,Hour,UTC,Providing,Current,654205,654205,0.099640966666667,0,0
"2026-04-17 13:00:00","2026-04-17 14:00:00",Nederland,Wind,Hour,UTC,Providing,Current,605256,605254,0.092185266666667,0,0
"2026-04-17 14:00:00","2026-04-17 15:00:00",Nederland,Wind,Hour,UTC,Providing,Current,549673,549674,0.083719316666667,0,0
"2026-04-17 15:00:00","2026-04-17 16:00:00",Nederland,Wind,Hour,UTC,Providing,Current,428398,428395,0.065247966666667,0,0
"2026-04-17 16:00:00","2026-04-17 17:00:00",Nederland,Wind,Hour,UTC,Providing,Current,244653,244654,0.037262216666667,0,0
"2026-04-17 17:00:00","2026-04-17 18:00:00",Nederland,Wind,Hour,UTC,Providing,Current,188781,188780,0.028752383333333,0,0
"2026-04-17 18:00:00","2026-04-17 19:00:00",Nederland,Wind,Hour,UTC,Providing,Current,143353,143354,0.021833383333333,0,0
"2026-04-17 19:00:00","2026-04-17 20:00:00",Nederland,Wind,Hour,UTC,Providing,Current,71145,71146,0.010835698333333,0,0
"2026-04-17 20:00:00","2026-04-17 21:00:00",Nederland,Wind,Hour,UTC,Providing,Current,323,323,4.92195E-5,0,0
"2026-04-17 21:00:00","2026-04-17 22:00:00",Nederland,Wind,Hour,UTC,Providing,Current,0,0,0,0,0
"2026-04-17 22:00:00","2026-04-17 23:00:00",Nederland,Wind,Hour,UTC,Providing,Current,0,0,0,0,0
"2026-04-17 23:00:00","2026-04-18 00:00:00",Nederland,Wind,Hour,UTC,Providing,Current,0,0,0,0,0
"2026-04-18 00:00:00","2026-04-18 01:00:00",Nederland,Wind,Hour,UTC,Providing,Current,5706,5707,0.00086907833333333,0,0
"2026-04-18 01:00:00","2026-04-18 02:00:00",Nederland,Wind,Hour,UTC,Providing,Current,40413,40414,0.00615499,0,0
"2026-04-18 02:00:00","2026-04-18 03:00:00",Nederland,Wind,Hour,UTC,Providing,Current,70594,70594,0.010751438333333,0,0
"2026-04-18 03:00:00","2026-04-18 04:00:00",Nederland,Wind,Hour,UTC,Providing,Current,123913,123913,0.018871966666667,0,0
"2026-04-18 04:00:00","2026-04-18 05:00:00",Nederland,Wind,Hour,UTC,Providing,Current,143465,143464,0.021849633333333,0,0
"2026-04-18 05:00:00","2026-04-18 06:00:00",Nederland,Wind,Hour,UTC,Providing,Current,181226,181228,0.027600433333333,0,0
"2026-04-18 06:00:00","2026-04-18 07:00:00",Nederland,Wind,Hour,UTC,Providing,Current,213171,213170,0.0324654,0,0
"2026-04-18 07:00:00","2026-04-18 08:00:00",Nederland,Wind,Hour,UTC,Providing,Current,340962,340965,0.051927366666667,0,0
"2026-04-18 08:00:00","2026-04-18 09:00:00",Nederland,Wind,Hour,UTC,Providing,Current,686760,686762,0.10459078333333,0,0
"2026-04-18 09:00:00","2026-04-18 10:00:00",Nederland,Wind,Hour,UTC,Providing,Current,1294364,1294365,0.19712566666667,0,0
"2026-04-18 10:00:00","2026-04-18 11:00:00",Nederland,Wind,Hour,UTC,Providing,Current,1879018,1879016,0.2861645,0,0
"2026-04-18 11:00:00","2026-04-18 12:00:00",Nederland,Wind,Hour,UTC,Providing,Current,1933870,1933869,0.294517,0,0
"2026-04-18 12:00:00","2026-04-18 13:00:00",Nederland,Wind,Hour,UTC,Providing,Current,1850442,1850443,0.28181033333333,0,0
"2026-04-18 13:00:00","2026-04-18 14:00:00",Nederland,Wind,Hour,UTC,Providing,Current,2139419,2139418,0.32581816666667,0,0
"2026-04-18 14:00:00","2026-04-18 15:00:00",Nederland,Wind,Hour,UTC,Providing,Current,1768959,1768962,0.26939866666667,0,0
"2026-04-18 15:00:00","2026-04-18 16:00:00",Nederland,Wind,Hour,UTC,Providing,Current,1245415,1245416,0.1896665,0,0
"2026-04-18 16:00:00","2026-04-18 17:00:00",Nederland,Wind,Hour,UTC,Providing,Current,1054258,1054259,0.16055416666667,0,0
"2026-04-18 17:00:00","2026-04-18 18:00:00",Nederland,Wind,Hour,UTC,Providing,Current,1260631,1260630,0.19198183333333,0,0
"2026-04-18 18:00:00","2026-04-18 19:00:00",Nederland,Wind,Hour,UTC,Providing,Current,1082595,1082594,0.16486816666667,0,0
"2026-04-18 19:00:00","2026-04-18 20:00:00",Nederland,Wind,Hour,UTC,Providing,Current,355367,355368,0.0541186,0,0
"2026-04-18 20:00:00","2026-04-18 21:00:00",Nederland,Wind,Hour,UTC,Providing,Current,84247,84244,0.012829873333333,0,0
"2026-04-18 21:00:00","2026-04-18 22:00:00",Nederland,Wind,Hour,UTC,Providing,Current,73047,73046,0.011124168333333,0,0
"2026-04-18 22:00:00","2026-04-18 23:00:00",Nederland,Wind,Hour,UTC,Providing,Current,71565,71564,0.010898473333333,0,0
"2026-04-18 23:00:00","2026-04-19 00:00:00",Nederland,Wind,Hour,UTC,Providing,Current,77389,77391,0.011785316666667,0,0
"2026-04-19 00:00:00","2026-04-19 01:00:00",Nederland,Wind,Hour,UTC,Providing,Current,94046,94046,0.014322,0,0
"2026-04-19 01:00:00","2026-04-19 02:00:00",Nederland,Wind,Hour,UTC,Providing,Current,119064,119063,0.0181318,0,0
"2026-04-19 02:00:00","2026-04-19 03:00:00",Nederland,Wind,Hour,UTC,Providing,Current,112214,112213,0.017088583333333,0,0
"2026-04-19 03:00:00","2026-04-19 04:00:00",Nederland,Wind,Hour,UTC,Providing,Current,199136,199137,0.030325233333333,0,0
"2026-04-19 04:00:00","2026-04-19 05:00:00",Nederland,Wind,Hour,UTC,Providing,Current,271076,271075,0.0412804,0,0
"2026-04-19 05:00:00","2026-04-19 06:00:00",Nederland,Wind,Hour,UTC,Providing,Current,376981,376981,0.057407783333333,0,0
"2026-04-19 06:00:00","2026-04-19 07:00:00",Nederland,Wind,Hour,UTC,Providing,Current,893550,893549,0.13607183333333,0,0
"2026-04-19 07:00:00","2026-04-19 08:00:00",Nederland,Wind,Hour,UTC,Providing,Current,2293029,2293029,0.34918583333333,0,0
"2026-04-19 08:00:00","2026-04-19 09:00:00",Nederland,Wind,Hour,UTC,Providing,Current,2741332,2741333,0.4174525,0,0
"2026-04-19 09:00:00","2026-04-19 10:00:00",Nederland,Wind,Hour,UTC,Providing,Current,2810455,2810457,0.42797683333333,0,0
"2026-04-19 10:00:00","2026-04-19 11:00:00",Nederland,Wind,Hour,UTC,Providing,Current,3234314,3234316,0.49252016666667,0,0
"2026-04-19 11:00:00","2026-04-19 12:00:00",Nederland,Wind,Hour,UTC,Providing,Current,3497334,3497330,0.53257066666667,0,0
"2026-04-19 12:00:00","2026-04-19 13:00:00",Nederland,Wind,Hour,UTC,Providing,Current,4026825,4026828,0.61319866666667,0,0
"2026-04-19 13:00:00","2026-04-19 14:00:00",Nederland,Wind,Hour,UTC,Providing,Current,4224038,4224041,0.6432275,0,0
"2026-04-19 14:00:00","2026-04-19 15:00:00",Nederland,Wind,Hour,UTC,Providing,Current,4437581,4437581,0.675742,0,0
"2026-04-19 15:00:00","2026-04-19 16:00:00",Nederland,Wind,Hour,UTC,Providing,Current,4227748,4227748,0.64378666666667,0,0
"2026-04-19 16:00:00","2026-04-19 17:00:00",Nederland,Wind,Hour,UTC,Providing,Current,3580765,3580766,0.54526416666667,0,0
"2026-04-19 17:00:00","2026-04-19 18:00:00",Nederland,Wind,Hour,UTC,Providing,Current,3518439,3518444,0.53577116666667,0,0
"2026-04-19 18:00:00","2026-04-19 19:00:00",Nederland,Wind,Hour,UTC,Providing,Current,2615152,2615149,0.39822116666667,0,0
"2026-04-19 19:00:00","2026-04-19 20:00:00",Nederland,Wind,Hour,UTC,Providing,Current,1566057,1566066,0.23846983333333,0,0
"2026-04-19 20:00:00","2026-04-19 21:00:00",Nederland,Wind,Hour,UTC,Providing,Current,753900,753905,0.11479888333333,0,0
"2026-04-19 21:00:00","2026-04-19 22:00:00",Nederland,Wind,Hour,UTC,Providing,Current,401170,401169,0.0610874,0,0
"2026-04-19 22:00:00","2026-04-19 23:00:00",Nederland,Wind,Hour,UTC,Providing,Current,311977,311978,0.047505466666667,0,0
"2026-04-19 23:00:00","2026-04-20 00:00:00",Nederland,Wind,Hour,UTC,Providing,Current,353598,353599,0.053842916666667,0,0
"2026-04-20 00:00:00","2026-04-20 01:00:00",Nederland,Wind,Hour,UTC,Providing,Current,286114,286113,0.043566833333333,0,0
"2026-04-20 01:00:00","2026-04-20 02:00:00",Nederland,Wind,Hour,UTC,Providing,Current,248707,248707,0.037870733333333,0,0
"2026-04-20 02:00:00","2026-04-20 03:00:00",Nederland,Wind,Hour,UTC,Providing,Current,164319,164319,0.025020866666667,0,0
"2026-04-20 03:00:00","2026-04-20 04:00:00",Nederland,Wind,Hour,UTC,Providing,Current,96213,96214,0.01465035,0,0
"2026-04-20 04:00:00","2026-04-20 05:00:00",Nederland,Wind,Hour,UTC,Providing,Current,37433,37432,0.0056998716666667,0,0
"2026-04-20 05:00:00","2026-04-20 06:00:00",Nederland,Wind,Hour,UTC,Providing,Current,8623,8623,0.00131303,0,0
"2026-04-20 06:00:00","2026-04-20 07:00:00",Nederland,Wind,Hour,UTC,Providing,Current,100521,100522,0.015306041666667,0,0
"2026-04-20 07:00:00","2026-04-20 08:00:00",Nederland,Wind,Hour,UTC,Providing,Current,456470,456472,0.069505166666667,0,0
"2026-04-20 08:00:00","2026-04-20 09:00:00",Nederland,Wind,Hour,UTC,Providing,Current,794226,794222,0.1209335,0,0
"2026-04-20 09:00:00","2026-04-20 10:00:00",Nederland,Wind,Hour,UTC,Providing,Current,931386,931386,0.14181766666667,0,0
"2026-04-20 10:00:00","2026-04-20 11:00:00",Nederland,Wind,Hour,UTC,Providing,Current,1015223,1015225,0.15458266666667,0,0
"2026-04-20 11:00:00","2026-04-20 12:00:00",Nederland,Wind,Hour,UTC,Providing,Current,906583,906583,0.13804016666667,0,0
"2026-04-20 12:00:00","2026-04-20 13:00:00",Nederland,Wind,Hour,UTC,Providing,Current,1044335,1044331,0.15901416666667,0,0
"2026-04-20 13:00:00","2026-04-20 14:00:00",Nederland,Wind,Hour,UTC,Providing,Current,1325111,1325117,0.201765,0,0
"2026-04-20 14:00:00","2026-04-20 15:00:00",Nederland,Wind,Hour,UTC,Providing,Current,1713820,1713823,0.26094983333333,0,0
"2026-04-20 15:00:00","2026-04-20 16:00:00",Nederland,Wind,Hour,UTC,Providing,Current,2143855,2143855,0.32642666666667,0,0
"2026-04-20 16:00:00","2026-04-20 17:00:00",Nederland,Wind,Hour,UTC,Providing,Current,3211516,3211517,0.48898833333333,0,0
"2026-04-20 17:00:00","2026-04-20 18:00:00",Nederland,Wind,Hour,UTC,Providing,Current,3258785,3258786,0.4961835,0,0
"2026-04-20 18:00:00","2026-04-20 19:00:00",Nederland,Wind,Hour,UTC,Providing,Current,2782978,2782978,0.423735,0,0
"2026-04-20 19:00:00","2026-04-20 20:00:00",Nederland,Wind,Hour,UTC,Providing,Current,2282395,2282395,0.34751516666667,0,0
"2026-04-20 20:00:00","2026-04-20 21:00:00",Nederland,Wind,Hour,UTC,Providing,Current,1605248,1605246,0.24441216666667,0,0
"2026-04-20 21:00:00","2026-04-20 22:00:00",Nederland,Wind,Hour,UTC,Providing,Current,1979600,1979603,0.30140933333333,0,0
"2026-04-20 22:00:00","2026-04-20 23:00:00",Nederland,Wind,Hour,UTC,Providing,Current,1832235,1832237,0.27897083333333,0,0
"2026-04-20 23:00:00","2026-04-21 00:00:00",Nederland,Wind,Hour,UTC,Providing,Current,1851255,1851259,0.28186566666667,0,0
"2026-04-21 00:00:00","2026-04-21 01:00:00",Nederland,Wind,Hour,UTC,Providing,Current,1839732,1839734,0.28011016666667,0,0
"2026-04-21 01:00:00","2026-04-21 02:00:00",Nederland,Wind,Hour,UTC,Providing,Current,1911667,1911665,0.29106133333333,0,0
"2026-04-21 02:00:00","2026-04-21 03:00:00",Nederland,Wind,Hour,UTC,Providing,Current,1754804,1754808,0.267177,0,0
"2026-04-21 03:00:00","2026-04-21 04:00:00",Nederland,Wind,Hour,UTC,Providing,Current,1655966,1655969,0.25212733333333,0,0
"2026-04-21 04:00:00","2026-04-21 05:00:00",Nederland,Wind,Hour,UTC,Providing,Current,1479106,1479106,0.22519883333333,0,0
"2026-04-21 05:00:00","2026-04-21 06:00:00",Nederland,Wind,Hour,UTC,Providing,Current,1419995,1419993,0.216198,0,0
"2026-04-21 06:00:00","2026-04-21 07:00:00",Nederland,Wind,Hour,UTC,Providing,Current,2401017,2401017,0.36555966666667,0,0
"2026-04-21 07:00:00","2026-04-21 08:00:00",Nederland,Wind,Hour,UTC,Providing,Current,4127797,4127799,0.628463,0,0
"2026-04-21 08:00:00","2026-04-21 09:00:00",Nederland,Wind,Hour,UTC,Providing,Current,4272468,4272472,0.65048683333333,0,0
"2026-04-21 09:00:00","2026-04-21 10:00:00",Nederland,Wind,Hour,UTC,Providing,Current,4587241,4587242,0.69840816666667,0,0
"2026-04-21 10:00:00","2026-04-21 11:00:00",Nederland,Wind,Hour,UTC,Providing,Current,4996133,4996134,0.76065866666667,0,0
"2026-04-21 11:00:00","2026-04-21 12:00:00",Nederland,Wind,Hour,UTC,Providing,Current,4838576,4838574,0.73666783333333,0,0
"2026-04-21 12:00:00","2026-04-21 13:00:00",Nederland,Wind,Hour,UTC,Providing,Current,4858510,4858511,0.73969983333333,0,0
"2026-04-21 13:00:00","2026-04-21 14:00:00",Nederland,Wind,Hour,UTC,Providing,Current,4948837,4948841,0.753449,0,0
"2026-04-21 14:00:00","2026-04-21 15:00:00",Nederland,Wind,Hour,UTC,Providing,Current,4722677,4722674,0.71901333333333,0,0
"2026-04-21 15:00:00","2026-04-21 16:00:00",Nederland,Wind,Hour,UTC,Providing,Current,4793801,4793804,0.729839,0,0
"2026-04-21 16:00:00","2026-04-21 17:00:00",Nederland,Wind,Hour,UTC,Providing,Current,4704951,4704951,0.716309,0,0
"2026-04-21 17:00:00","2026-04-21 18:00:00",Nederland,Wind,Hour,UTC,Providing,Current,4358001,4357998,0.66348466666667,0,0
"2026-04-21 18:00:00","2026-04-21 19:00:00",Nederland,Wind,Hour,UTC,Providing,Current,3295408,3295404,0.50170783333333,0,0
"2026-04-21 19:00:00","2026-04-21 20:00:00",Nederland,Wind,Hour,UTC,Providing,Current,2188659,2188662,0.33320983333333,0,0
"2026-04-21 20:00:00","2026-04-21 21:00:00",Nederland,Wind,Hour,UTC,Providing,Current,1632886,1632887,0.248596,0,0
"2026-04-21 21:00:00","2026-04-21 22:00:00",Nederland,Wind,Hour,UTC,Providing,Current,1248291,1248291,0.19004333333333,0,0
"2026-04-21 22:00:00","2026-04-21 23:00:00",Nederland,Wind,Hour,UTC,Providing,Current,1077959,1077960,0.1641105,0,0
"2026-04-21 23:00:00","2026-04-22 00:00:00",Nederland,Wind,Hour,UTC,Providing,Current,922800,922799,0.14048833333333,0,0
"2026-04-22 00:00:00","2026-04-22 01:00:00",Nederland,Wind,Hour,UTC,Providing,Current,804023,804026,0.12240533333333,0,0
"2026-04-22 01:00:00","2026-04-22 02:00:00",Nederland,Wind,Hour,UTC,Providing,Current,765094,765096,0.11647816666667,0,0
"2026-04-22 02:00:00","2026-04-22 03:00:00",Nederland,Wind,Hour,UTC,Providing,Current,660549,660550,0.10056185,0,0
"2026-04-22 03:00:00","2026-04-22 04:00:00",Nederland,Wind,Hour,UTC,Providing,Current,542685,542687,0.0826178,0,0
"2026-04-22 04:00:00","2026-04-22 05:00:00",Nederland,Wind,Hour,UTC,Providing,Current,682215,682216,0.10385935,0,0
"2026-04-22 05:00:00","2026-04-22 06:00:00",Nederland,Wind,Hour,UTC,Providing,Current,450290,450288,0.068551216666667,0,0
"2026-04-22 06:00:00","2026-04-22 07:00:00",Nederland,Wind,Hour,UTC,Providing,Current,537008,537005,0.081752616666667,0,0
"2026-04-22 07:00:00","2026-04-22 08:00:00",Nederland,Wind,Hour,UTC,Providing,Current,841033,841030,0.12803566666667,0,0
"2026-04-22 08:00:00","2026-04-22 09:00:00",Nederland,Wind,Hour,UTC,Providing,Current,866230,866230,0.13187133333333,0,0
"2026-04-22 09:00:00","2026-04-22 10:00:00",Nederland,Wind,Hour,UTC,Providing,Current,1102263,1102264,0.16780316666667,0,0
"2026-04-22 10:00:00","2026-04-22 11:00:00",Nederland,Wind,Hour,UTC,Providing,Current,1635457,1635458,0.248973,0,0
"2026-04-22 11:00:00","2026-04-22 12:00:00",Nederland,Wind,Hour,UTC,Providing,Current,1797085,1797080,0.27357716666667,0,0
"2026-04-22 12:00:00","2026-04-22 13:00:00",Nederland,Wind,Hour,UTC,Providing,Current,2041809,2041809,0.31083116666667,0,0
"2026-04-22 13:00:00","2026-04-22 14:00:00",Nederland,Wind,Hour,UTC,Providing,Current,2434069,2434073,0.3705445,0,0
"2026-04-22 14:00:00","2026-04-22 15:00:00",Nederland,Wind,Hour,UTC,Providing,Current,2795588,2795593,0.425578,0,0
"2026-04-22 15:00:00","2026-04-22 16:00:00",Nederland,Wind,Hour,UTC,Providing,Current,3440328,3440332,0.52372583333333,0,0
"2026-04-22 16:00:00","2026-04-22 17:00:00",Nederland,Wind,Hour,UTC,Providing,Current,3867922,3867923,0.58881683333333,0,0
"2026-04-22 17:00:00","2026-04-22 18:00:00",Nederland,Wind,Hour,UTC,Providing,Current,3722458,3722460,0.56667033333333,0,0
"2026-04-22 18:00:00","2026-04-22 19:00:00",Nederland,Wind,Hour,UTC,Providing,Current,3179635,3179636,0.4840345,0,0
"2026-04-22 19:00:00","2026-04-22 20:00:00",Nederland,Wind,Hour,UTC,Providing,Current,1901606,1901604,0.28947916666667,0,0
"2026-04-22 20:00:00","2026-04-22 21:00:00",Nederland,Wind,Hour,UTC,Providing,Current,1108266,1108271,0.16870966666667,0,0
"2026-04-22 21:00:00","2026-04-22 22:00:00",Nederland,Wind,Hour,UTC,Providing,Current,854006,854005,0.13000366666667,0,0
"2026-04-22 22:00:00","2026-04-22 23:00:00",Nederland,Wind,Hour,UTC,Providing,Current,670212,670214,0.10202446666667,0,0
"2026-04-22 23:00:00","2026-04-23 00:00:00",Nederland,Wind,Hour,UTC,Providing,Current,554132,554135,0.084353616666667,0,0
"2026-04-23 00:00:00","2026-04-23 01:00:00",Nederland,Wind,Hour,UTC,Providing,Current,708464,708468,0.10784633333333,0,0
"2026-04-23 01:00:00","2026-04-23 02:00:00",Nederland,Wind,Hour,UTC,Providing,Current,661694,661693,0.10072655,0,0
"2026-04-23 02:00:00","2026-04-23 03:00:00",Nederland,Wind,Hour,UTC,Providing,Current,619043,619043,0.094233616666667,0,0
"2026-04-23 03:00:00","2026-04-23 04:00:00",Nederland,Wind,Hour,UTC,Providing,Current,646819,646814,0.098461483333333,0,0
"2026-04-23 04:00:00","2026-04-23 05:00:00",Nederland,Wind,Hour,UTC,Providing,Current,597439,597438,0.090944233333333,0,0
"2026-04-23 05:00:00","2026-04-23 06:00:00",Nederland,Wind,Hour,UTC,Providing,Current,470363,470362,0.0715999,0,0
"2026-04-23 06:00:00","2026-04-23 07:00:00",Nederland,Wind,Hour,UTC,Providing,Current,697005,697005,0.1060995,0,0
"2026-04-23 07:00:00","2026-04-23 08:00:00",Nederland,Wind,Hour,UTC,Providing,Current,1113898,1113896,0.169559,0,0
"2026-04-23 08:00:00","2026-04-23 09:00:00",Nederland,Wind,Hour,UTC,Providing,Current,1258924,1258923,0.19163433333333,0,0
"2026-04-23 09:00:00","2026-04-23 10:00:00",Nederland,Wind,Hour,UTC,Providing,Current,1214113,1214110,0.18481233333333,0,0
"2026-04-23 10:00:00","2026-04-23 11:00:00",Nederland,Wind,Hour,UTC,Providing,Current,1575481,1575484,0.23981883333333,0,0
"2026-04-23 11:00:00","2026-04-23 12:00:00",Nederland,Wind,Hour,UTC,Providing,Current,2088487,2088481,0.31790716666667,0,0
"2026-04-23 12:00:00","2026-04-23 13:00:00",Nederland,Wind,Hour,UTC,Providing,Current,2630839,2630838,0.40046166666667,0,0
"2026-04-23 13:00:00","2026-04-23 14:00:00",Nederland,Wind,Hour,UTC,Providing,Current,3090114,3090114,0.47036966666667,0,0
"2026-04-23 14:00:00","2026-04-23 15:00:00",Nederland,Wind,Hour,UTC,Providing,Current,3531455,3531451,0.53754733333333,0,0
"2026-04-23 15:00:00","2026-04-23 16:00:00",Nederland,Wind,Hour,UTC,Providing,Current,3919554,3919555,0.59662016666667,0,0
"2026-04-23 16:00:00","2026-04-23 17:00:00",Nederland,Wind,Hour,UTC,Providing,Current,3815368,3815368,0.58075883333333,0,0
"2026-04-23 17:00:00","2026-04-23 18:00:00",Nederland,Wind,Hour,UTC,Providing,Current,3501103,3501107,0.532921,0,0
"2026-04-23 18:00:00","2026-04-23 19:00:00",Nederland,Wind,Hour,UTC,Providing,Current,2542774,2542772,0.38704716666667,0,0
"2026-04-23 19:00:00","2026-04-23 20:00:00",Nederland,Wind,Hour,UTC,Providing,Current,1602026,1602027,0.24385083333333,0,0
"2026-04-23 20:00:00","2026-04-23 21:00:00",Nederland,Wind,Hour,UTC,Providing,Current,1099259,1099260,0.16732183333333,0,0
"2026-04-23 21:00:00","2026-04-23 22:00:00",Nederland,Wind,Hour,UTC,Providing,Current,784506,784508,0.11941183333333,0,0
